$MeshFormat
4.1 0 8
$EndMeshFormat
$PhysicalNames
6
1 1 "bottom"
1 2 "outflow"
1 3 "top"
1 4 "inflow"
1 5 "airfoil"
2 6 "domain"
$EndPhysicalNames
$Entities
244 6 1 0
1 0 -1 0 0 
2 3 -1 0 0 
3 3 1 0 0 
4 0 1 0 0 
100 1.6 0 0 0 
101 1.59989679592 1.58431597724e-05 0 0 
102 1.5995872544 6.3361804614e-05 0 0 
103 1.59907158763 0.000142523580108 0 0 
104 1.59835014914 0.000253275057563 0 0 
105 1.5974234337 0.000395542472256 0 0 
106 1.5962920771 0.000569232747481 0 0 
107 1.59495685591 0.000774234795 0 0 
108 1.59341868721 0.00101042107991 0 0 
109 1.59167862815 0.00127764943546 0 0 
110 1.58973787559 0.00157576511097 0 0 
111 1.58759776558 0.00190460303379 0 0 
112 1.58525977278 0.00226399026394 0 0 
113 1.58272550987 0.0026537486184 0 0 
114 1.5799967268 0.00307369743992 0 0 
115 1.57707531005 0.00352365648377 0 0 
116 1.57396328174 0.00400344889445 0 0 
117 1.57066279872 0.00451290424292 0 0 
118 1.56717614434 0.00505181426286 0 0 
119 1.56350568392 0.0056196481798 0 0 
120 1.5596538764 0.0062156412211 0 0 
121 1.55562328528 0.00683887853164 0 0 
122 1.55141657494 0.00748828314727 0 0 
123 1.54703650695 0.008162604249019999 0 0 
124 1.54248593634 0.008860406051920001 0 0 
125 1.53776781461 0.00958010247225 0 0 
126 1.5328853188 0.010320842095 0 0 
127 1.52784187031 0.0110826512531 0 0 
128 1.52264103172 0.0118657534266 0 0 
129 1.51728650151 0.012670550513 0 0 
130 1.51178211276 0.0134976309922 0 0 
131 1.50613177207 0.0143473564504 0 0 
132 1.50033898898 0.0152165603149 0 0 
133 1.49440704747 0.0160997765341 0 0 
134 1.48833923127 0.0169908487372 0 0 
135 1.4821388224 0.0178829402382 0 0 
136 1.47580918708 0.0187691438704 0 0 
137 1.46935453652 0.0196477283414 0 0 
138 1.46277964588 0.0205202293453 0 0 
139 1.45608943953 0.0213886221929 0 0 
140 1.44928898235 0.0222552845648 0 0 
141 1.44238324698 0.0231213491451 0 0 
142 1.4353767321 0.0239839872725 0 0 
143 1.42827390274 0.024839596914 0 0 
144 1.42107927271 0.0256844208261 0 0 
145 1.41379745122 0.0265148993465 0 0 
146 1.40643336582 0.0273292580027 0 0 
147 1.3989921008 0.0281264041701 0 0 
148 1.39147880598 0.0289053175093 0 0 
149 1.38389867816 0.0296649098588 0 0 
150 1.37625687446 0.030403224812 0 0 
151 1.36855856121 0.0311179532417 0 0 
152 1.36080894803 0.0318068054353 0 0 
153 1.35301329492 0.0324675477897 0 0 
154 1.34517695238 0.0330981211601 0 0 
155 1.33730532299 0.0336965638691 0 0 
156 1.32940384069 0.0342609789184 0 0 
157 1.32147797456 0.0347894251932 0 0 
158 1.31353324145 0.0352796752774 0 0 
159 1.3055751823 0.0357295171642 0 0 
160 1.29760935332 0.0361368342119 0 0 
161 1.28964134346 0.0364994020131 0 0 
162 1.28167678569 0.0368147454354 0 0 
163 1.27372131779 0.0370804909504 0 0 
164 1.2657805798 0.0372943825135 0 0 
165 1.25786033576 0.0374535497011 0 0 
166 1.2499664611 0.0375545671936 0 0 
167 1.24210481118 0.0375942143695 0 0 
168 1.23428120585 0.0375699880416 0 0 
169 1.22650139071 0.0374843920733 0 0 
170 1.21877104668 0.0373428348406 0 0 
171 1.21109580572 0.0371507488528 0 0 
172 1.20348123708 0.0369131696028 0 0 
173 1.19593279135 0.0366325464113 0 0 
174 1.1884558316 0.0363102822314 0 0 
175 1.18105565556 0.0359478828571 0 0 
176 1.17373749487 0.0355469286822 0 0 
177 1.16650653461 0.0351088843761 0 0 
178 1.15936789183 0.03463522757 0 0 
179 1.15232659772 0.0341275496663 0 0 
180 1.1453876019 0.0335874947938 0 0 
181 1.13855589232 0.0330159090711 0 0 
182 1.13183645159 0.0324131094594 0 0 
183 1.12523414063 0.0317796502315 0 0 
184 1.11875369171 0.0311163432409 0 0 
185 1.11239970318 0.0304243592151 0 0 
186 1.10617663301 0.029705420055 0 0 
187 1.10008880159 0.0289614973133 0 0 
188 1.09414039089 0.0281947375127 0 0 
189 1.08833544339 0.0274074499416 0 0 
190 1.08267810072 0.0266011168736 0 0 
191 1.0771729067 0.0257751415344 0 0 
192 1.07182422111 0.0249292254306 0 0 
193 1.06663612264 0.0240637498466 0 0 
194 1.06161241372 0.0231797424533 0 0 
195 1.05675663445 0.0222788516035 0 0 
196 1.05207222686 0.0213635386922 0 0 
197 1.04756249629 0.0204369640079 0 0 
198 1.04323044448 0.0195026568767 0 0 
199 1.03907922676 0.0185622820294 0 0 
200 1.03511247569 0.0176141016187 0 0 
201 1.03133333161 0.0166576921767 0 0 
202 1.02774442883 0.0156942705928 0 0 
203 1.02434999346 0.0147234071909 0 0 
204 1.02115550256 0.0137434106709 0 0 
205 1.01816477307 0.0127555839024 0 0 
206 1.01538000169 0.0117640339702 0 0 
207 1.01280250861 0.0107741397714 0 0 
208 1.01043921482 0.00977926359685 0 0 
209 1.00829765128 0.008770978746010001 0 0 
210 1.00638002755 0.00775161569723 0 0 
211 1.00469615978 0.00673472602056 0 0 
212 1.00326285147 0.00573623999721 0 0 
213 1.00207325292 0.00467511475357 0 0 
214 1.00115175194 0.00355622146734 0 0 
215 1.00052905584 0.00250850688852 0 0 
216 1.00017377065 0.00161157684186 0 0 
217 1.00001753434 0.000904187225807 0 0 
218 0.999980393428 0.000399926370506 0 0 
219 0.999990794364 9.9571431932e-05 0 0 
220 1 0 0 0 
221 1.00001202706 -9.843403392080001e-05 0 0 
222 1.00006496961 -0.000391536813762 0 0 
223 1.00020617941 -0.000871781642635 0 0 
224 1.00050383224 -0.00152353721278 0 0 
225 1.00103091911 -0.0023184686728 0 0 
226 1.00184304706 -0.00320916146324 0 0 
227 1.00295026071 -0.00412102972235 0 0 
228 1.00429215354 -0.00495130227078 0 0 
229 1.00585279882 -0.00570387536294 0 0 
230 1.00766016506 -0.00644109803095 0 0 
231 1.00969128603 -0.00715825841547 0 0 
232 1.01193465589 -0.007849370072179999 0 0 
233 1.0143884954 -0.00851370891244 0 0 
234 1.0170483057 -0.00916018331007 0 0 
235 1.01991016083 -0.00979427401037 0 0 
236 1.02297211794 -0.0104125021861 0 0 
237 1.0262313353 -0.0110133984124 0 0 
238 1.02968378239 -0.0115985050252 0 0 
239 1.03332435146 -0.0121722290296 0 0 
240 1.03714944406 -0.0127358811145 0 0 
241 1.04115660732 -0.0132886440893 0 0 
242 1.04534317191 -0.0138308841584 0 0 
243 1.04970623642 -0.0143637112507 0 0 
244 1.05424273166 -0.0148859920821 0 0 
245 1.05894937522 -0.0153959402555 0 0 
246 1.06382265649 -0.0158921699248 0 0 
247 1.06885906558 -0.0163736558083 0 0 
248 1.07405507828 -0.0168397708026 0 0 
249 1.07940700183 -0.0172903670931 0 0 
250 1.0849109703 -0.0177258049106 0 0 
251 1.09056294429 -0.0181469767617 0 0 
252 1.09635877485 -0.0185547869726 0 0 
253 1.10229444158 -0.0189481496088 0 0 
254 1.1083658868 -0.0193254244063 0 0 
255 1.11456894556 -0.0196850378899 0 0 
256 1.12089934817 -0.0200254892758 0 0 
257 1.12735271725 -0.0203455333432 0 0 
258 1.13392455477 -0.0206446885428 0 0 
259 1.14061025873 -0.0209228042652 0 0 
260 1.14740513079 -0.0211799248045 0 0 
261 1.15430438245 -0.0214162399935 0 0 
262 1.16130319285 -0.0216311342864 0 0 
263 1.1683967133 -0.0218231713327 0 0 
264 1.17558002431 -0.0219909142528 0 0 
265 1.18284813741 -0.0221329655838 0 0 
266 1.19019599967 -0.0222481826163 0 0 
267 1.19761849806 -0.022335828115 0 0 
268 1.20511046222 -0.0223952794448 0 0 
269 1.21266666768 -0.0224259793486 0 0 
270 1.22028179479 -0.0224258128822 0 0 
271 1.22795039829 -0.0223898684969 0 0 
272 1.23566697936 -0.0223128753855 0 0 
273 1.24342599869 -0.0221895877838 0 0 
274 1.25122191071 -0.0220181530246 0 0 
275 1.25904917804 -0.0218012120387 0 0 
276 1.26690224187 -0.021541893602 0 0 
277 1.27477553144 -0.0212434861059 0 0 
278 1.28266357309 -0.0209090374057 0 0 
279 1.29056097377 -0.0205414096388 0 0 
280 1.29846233966 -0.0201435689673 0 0 
281 1.30636227518 -0.0197184421407 0 0 
282 1.31425537314 -0.0192680500934 0 0 
283 1.322136227 -0.0187940392871 0 0 
284 1.32999944153 -0.0182981096976 0 0 
285 1.33783965613 -0.0177821706589 0 0 
286 1.34565160451 -0.0172487963806 0 0 
287 1.35343005879 -0.0167007225028 0 0 
288 1.36116981357 -0.0161406742738 0 0 
289 1.368865678 -0.0155710727878 0 0 
290 1.37651246409 -0.0149936437999 0 0 
291 1.38410501269 -0.0144100016143 0 0 
292 1.39163820083 -0.0138217446351 0 0 
293 1.39910696417 -0.0132306745017 0 0 
294 1.40650631686 -0.0126389838082 0 0 
295 1.41383131921 -0.0120488375564 0 0 
296 1.42107707612 -0.0114623122555 0 0 
297 1.42823875498 -0.0108814617961 0 0 
298 1.43531160601 -0.0103083958957 0 0 
299 1.4422909332 -0.00974511540086 0 0 
300 1.44917209208 -0.009193480692910001 0 0 
301 1.45595052107 -0.008655761876370001 0 0 
302 1.46262184956 -0.00813667365437 0 0 
303 1.46918179109 -0.00764124665074 0 0 
304 1.47562610116 -0.00717395049771 0 0 
305 1.48195057383 -0.00673859521873 0 0 
306 1.4881507994 -0.00633466604078 0 0 
307 1.49422211871 -0.00595659456582 0 0 
308 1.50015997729 -0.0055990064167 0 0 
309 1.50595995434 -0.00525711120472 0 0 
310 1.51161776784 -0.00492673531385 0 0 
311 1.51712938795 -0.00460588438579 0 0 
312 1.52249106163 -0.00429505378855 0 0 
313 1.52769914552 -0.00399483205961 0 0 
314 1.53275009542 -0.00370571697517 0 0 
315 1.53764046898 -0.00342811900307 0 0 
316 1.54236692678 -0.00316234115205 0 0 
317 1.5469262117 -0.00290822841819 0 0 
318 1.55131516227 -0.00266533815515 0 0 
319 1.55553073853 -0.00243330019285 0 0 
320 1.55957002447 -0.00221182229881 0 0 
321 1.56343022962 -0.00200068449924 0 0 
322 1.56710869069 -0.00179973308866 0 0 
323 1.57060287293 -0.00160887472607 0 0 
324 1.57391037456 -0.00142811959806 0 0 
325 1.5770289298 -0.00125760467487 0 0 
326 1.57995640298 -0.00109747096061 0 0 
327 1.58269078912 -0.000947848248874 0 0 
328 1.58523021533 -0.00080885547822 0 0 
329 1.58757294211 -0.000680601085524 0 0 
330 1.58971736457 -0.000563183352768 0 0 
331 1.59166201359 -0.000456690743072 0 0 
332 1.5934055568 -0.000361202221974 0 0 
333 1.59494679956 -0.000276787560192 0 0 
334 1.59628468578 -0.000203507614391 0 0 
335 1.59741829868 -0.000141414582752 0 0 
336 1.59834686142 -9.05522324813e-05 0 0 
337 1.59906973765 -5.09560967142e-05 0 0 
338 1.59958643197 -2.26536386459e-05 0 0 
339 1.59989659027 -5.66438108299e-06 0 0 
1 0 -1 0 3 -1 0 1 1 2 1 -2 
2 3 -1 0 3 1 0 1 2 2 2 -3 
3 0 1 0 3 1 0 1 3 2 3 -4 
4 0 -1 0 0 1 0 1 4 2 4 -1 
5 0.999980393428 0 0 1.6 0.03751707039807737 0 1 5 2 100 -218 
6 0.999980393428 -0.02228951447844143 0 1.6 0.0003999263705059992 0 1 5 2 218 -100 
1 0 -1 0 3 1 0 1 6 6 1 2 3 4 -6 -5 
$EndEntities
$Nodes
13 2728 1 2728
0 1 0 1
1
0 -1 0
0 2 0 1
2
3 -1 0
0 3 0 1
3
3 1 0
0 4 0 1
4
0 1 0
0 100 0 1
5
1.6 0 0
0 218 0 1
6
0.999980393428 0.000399926370506 0
1 1 0 29
7
8
9
10
11
12
13
14
15
16
17
18
19
20
21
22
23
24
25
26
27
28
29
30
31
32
33
34
35
0.09999999999955492 -1 0
0.1999999999991203 -1 0
0.2999999999987617 -1 0
0.3999999999983593 -1 0
0.4999999999978253 -1 0
0.5999999999974546 -1 0
0.6999999999970983 -1 0
0.799999999996742 -1 0
0.8999999999963859 -1 0
0.9999999999960294 -1 0
1.099999999995673 -1 0
1.199999999995317 -1 0
1.299999999994961 -1 0
1.399999999994604 -1 0
1.499999999994291 -1 0
1.599999999994632 -1 0
1.699999999995016 -1 0
1.799999999995399 -1 0
1.899999999995782 -1 0
1.999999999996166 -1 0
2.099999999996549 -1 0
2.199999999996932 -1 0
2.299999999997316 -1 0
2.3999999999977 -1 0
2.499999999998083 -1 0
2.599999999998466 -1 0
2.69999999999885 -1 0
2.799999999999233 -1 0
2.899999999999617 -1 0
1 2 0 19
36
37
38
39
40
41
42
43
44
45
46
47
48
49
50
51
52
53
54
3 -0.9000000000002774 0
3 -0.8000000000005547 0
3 -0.7000000000008322 0
3 -0.6000000000011096 0
3 -0.500000000001387 0
3 -0.4000000000016644 0
3 -0.3000000000019418 0
3 -0.2000000000022192 0
3 -0.1000000000024964 0
3 -2.752242878045763e-12 0
3 0.09999999999750342 0
3 0.1999999999977808 0
3 0.2999999999980583 0
3 0.3999999999983355 0
3 0.4999999999986129 0
3 0.5999999999988903 0
3 0.699999999999168 0
3 0.7999999999994454 0
3 0.8999999999997226 0
1 3 0 29
55
56
57
58
59
60
61
62
63
64
65
66
67
68
69
70
71
72
73
74
75
76
77
78
79
80
81
82
83
2.900000000001199 1 0
2.800000000002174 1 0
2.700000000001933 1 0
2.600000000002023 1 0
2.500000000003165 1 0
2.400000000003 1 0
2.300000000002719 1 0
2.200000000002438 1 0
2.100000000002157 1 0
2.000000000001934 1 0
1.900000000002364 1 0
1.800000000002824 1 0
1.700000000003284 1 0
1.600000000003743 1 0
1.500000000004159 1 0
1.400000000003922 1 0
1.300000000003642 1 0
1.200000000003361 1 0
1.100000000003082 1 0
1.000000000002801 1 0
0.900000000002521 1 0
0.8000000000022411 1 0
0.7000000000019608 1 0
0.600000000001681 1 0
0.5000000000014007 1 0
0.4000000000011208 1 0
0.30000000000084 1 0
0.2000000000005602 1 0
0.1000000000002803 1 0
1 4 0 19
84
85
86
87
88
89
90
91
92
93
94
95
96
97
98
99
100
101
102
0 0.9000000000002774 0
0 0.8000000000005547 0
0 0.7000000000008322 0
0 0.6000000000011096 0
0 0.500000000001387 0
0 0.4000000000016644 0
0 0.3000000000019418 0
0 0.2000000000022192 0
0 0.1000000000024964 0
0 2.752242878045763e-12 0
0 -0.09999999999750342 0
0 -0.1999999999977808 0
0 -0.2999999999980583 0
0 -0.3999999999983355 0
0 -0.4999999999986129 0
0 -0.5999999999988903 0
0 -0.699999999999168 0
0 -0.7999999999994454 0
0 -0.8999999999997226 0
1 5 0 67
103
104
105
106
107
108
109
110
111
112
113
114
115
116
117
118
119
120
121
122
123
124
125
126
127
128
129
130
131
132
133
134
135
136
137
138
139
140
141
142
143
144
145
146
147
148
149
150
151
152
153
154
155
156
157
158
159
160
161
162
163
164
165
166
167
168
169
1.59763503177588 0.0003630578951790412 0
1.595270067804217 0.00072614418354839 0
1.592905112763614 0.001089288037224823 0
1.590540169652407 0.001452516103689752 0
1.588175244140568 0.001815858244712403 0
1.585810341739652 0.002179342612622143 0
1.583445464641193 0.002542997811612435 0
1.580983791390717 0.00292175491142627 0
1.577669256957327 0.003432140656346147 0
1.573009774189891 0.004150566205205913 0
1.566459600150179 0.005162633472177739 0
1.557250910341227 0.006587300048605013 0
1.545547302887255 0.008391301296145369 0
1.533720590190222 0.01019436166095009 0
1.521891015558659 0.01197855788498547 0
1.510060505179148 0.01375654689879145 0
1.49822956162083 0.01553164077788388 0
1.486393608308142 0.01727294888036728 0
1.474547379539878 0.01894281128749986 0
1.462690048177842 0.02053198600061468 0
1.450824776511369 0.02206081461179777 0
1.438953926505229 0.02354573117095681 0
1.427077057696426 0.02498167234048895 0
1.415193099798351 0.0263576788350082 0
1.403301706109859 0.0276678691423867 0
1.391403324455063 0.02891301027055915 0
1.379498355672589 0.03009349992308034 0
1.367586844191138 0.03120601301762124 0
1.355668799686681 0.03224618386250318 0
1.343744311528264 0.03320965326341718 0
1.331813607092516 0.03409278967222676 0
1.3198769507637 0.03489141968173056 0
1.307934647750296 0.03560056864348081 0
1.2959870664129 0.03621432581349065 0
1.284034702560292 0.03672645296325771 0
1.272078153175703 0.03712901705362924 0
1.260118230071715 0.03741395389289801 0
1.248155932535541 0.03756916688755874 0
1.236192647286811 0.03758164882375693 0
1.224230087177644 0.03744852995021149 0
1.212269713387277 0.0371832302338391 0
1.200312501607204 0.03680084378945505 0
1.188359421340209 0.03630584153675211 0
1.176411530330636 0.03569834827547071 0
1.164469915489543 0.03497795936272941 0
1.152535750889368 0.03414320698641096 0
1.140610300469909 0.03319207449942787 0
1.128695398516072 0.03211694225477946 0
1.116793407207591 0.03090732774297298 0
1.1049069484117 0.02955364261819729 0
1.09303874235882 0.02804836531821409 0
1.081192050429795 0.02638233927483694 0
1.06937371544611 0.02452618103102455 0
1.057594300447338 0.0224376234759531 0
1.045866535054782 0.02007660612716192 0
1.034888734033419 0.01755899532088093 0
1.026912628867494 0.01546218144299483 0
1.021290301953106 0.01378622825976407 0
1.0173309936379 0.01246652039701849 0
1.014541330143422 0.01145069062531475 0
1.012308754185389 0.01057412930463489 0
1.010109726619411 0.009631522845626725 0
1.007952640489651 0.008596724160839142 0
1.005854003599034 0.007448264296156996 0
1.003837702107614 0.006161118144229201 0
1.002016210100102 0.004615579093292772 0
1.000618622074032 0.002682537051656147 0
1 6 0 67
170
171
172
173
174
175
176
177
178
179
180
181
182
183
184
185
186
187
188
189
190
191
192
193
194
195
196
197
198
199
200
201
202
203
204
205
206
207
208
209
210
211
212
213
214
215
216
217
218
219
220
221
222
223
224
225
226
227
228
229
230
231
232
233
234
235
236
1.000691680764761 -0.001838061025828772 0
1.002281542080965 -0.00360017260275307 0
1.004253215333366 -0.004930001288874847 0
1.006408410868526 -0.005943003569531543 0
1.008632222337329 -0.006796816337110337 0
1.010895373536001 -0.007540534256817857 0
1.013185217569611 -0.008197734914177293 0
1.015492824987985 -0.008790083150785038 0
1.018267266483332 -0.009437448142860875 0
1.022181365123799 -0.0102582123898162 0
1.027703657174174 -0.01126860008896136 0
1.03548845649858 -0.01249571801757509 0
1.046304816358148 -0.01395102771643933 0
1.058138861335212 -0.01531035040131612 0
1.069993404559192 -0.01647796471173367 0
1.08186245619022 -0.0174879228408368 0
1.093741459286878 -0.01837358479133015 0
1.105627558878007 -0.01915838941948459 0
1.117519619942633 -0.01984702365314232 0
1.129416720678401 -0.02044232665986877 0
1.141317855045834 -0.02095075765012659 0
1.153222084663941 -0.02138079814082886 0
1.165128724977148 -0.02173794371307816 0
1.177037341603279 -0.02202161331256457 0
1.188947502286424 -0.02223061798406899 0
1.200858738182451 -0.0223650978061698 0
1.212770576888464 -0.02242618602040486 0
1.224682554841564 -0.02240989943305504 0
1.236594031028055 -0.02230056182806028 0
1.248504015995975 -0.02208310533486214 0
1.260411589212829 -0.02175916498697004 0
1.272316219870225 -0.02134060139524178 0
1.284217657252348 -0.02083924033005601 0
1.296115789235638 -0.02026465809099731 0
1.308010683201664 -0.01962647728669909 0
1.319902353371506 -0.01893077475816349 0
1.331790806246415 -0.018182076476206 0
1.343676138305635 -0.0173853379823811 0
1.355558689167323 -0.01654811022767292 0
1.367438846907036 -0.01567756418843321 0
1.379316936092317 -0.01477921934168875 0
1.391193173869734 -0.01385671737310974 0
1.403067871717303 -0.01291458992001941 0
1.414941505390831 -0.01195913501020725 0
1.426814596064123 -0.01099694987041081 0
1.43868774990714 -0.01003554877866629 0
1.450561593927317 -0.009082714411642706 0
1.462437097760416 -0.00815084727945329 0
1.474316270133347 -0.00726709567748958 0
1.486200859283516 -0.006459609307807191 0
1.49809004195578 -0.005722617282676199 0
1.509981439024714 -0.005022115845551031 0
1.521873374409213 -0.004330777187602765 0
1.533765796430254 -0.003647863911630537 0
1.5456589979609 -0.002978664300601381 0
1.557375522176471 -0.002332059111951687 0
1.566482353955105 -0.001833944603043736 0
1.572970422711503 -0.001479497231980717 0
1.577592572858261 -0.001226778345228288 0
1.580885385588996 -0.001046643455344016 0
1.58334812963367 -0.0009118729658262597 0
1.585726971274469 -0.0007816624679648057 0
1.588105811611406 -0.0006514256293262883 0
1.590484652038021 -0.0005211667407409322 0
1.592863489741212 -0.0003908903319700859 0
1.595242326805331 -0.0002606009400873409 0
1.597621167720389 -0.0001303024301815952 0
2 1 0 2492
237
238
239
240
241
242
243
244
245
246
247
248
249
250
251
252
253
254
255
256
257
258
259
260
261
262
263
264
265
266
267
268
269
270
271
272
273
274
275
276
277
278
279
280
281
282
283
284
285
286
287
288
289
290
291
292
293
294
295
296
297
298
299
300
301
302
303
304
305
306
307
308
309
310
311
312
313
314
315
316
317
318
319
320
321
322
323
324
325
326
327
328
329
330
331
332
333
334
335
336
337
338
339
340
341
342
343
344
345
346
347
348
349
350
351
352
353
354
355
356
357
358
359
360
361
362
363
364
365
366
367
368
369
370
371
372
373
374
375
376
377
378
379
380
381
382
383
384
385
386
387
388
389
390
391
392
393
394
395
396
397
398
399
400
401
402
403
404
405
406
407
408
409
410
411
412
413
414
415
416
417
418
419
420
421
422
423
424
425
426
427
428
429
430
431
432
433
434
435
436
437
438
439
440
441
442
443
444
445
446
447
448
449
450
451
452
453
454
455
456
457
458
459
460
461
462
463
464
465
466
467
468
469
470
471
472
473
474
475
476
477
478
479
480
481
482
483
484
485
486
487
488
489
490
491
492
493
494
495
496
497
498
499
500
501
502
503
504
505
506
507
508
509
510
511
512
513
514
515
516
517
518
519
520
521
522
523
524
525
526
527
528
529
530
531
532
533
534
535
536
537
538
539
540
541
542
543
544
545
546
547
548
549
550
551
552
553
554
555
556
557
558
559
560
561
562
563
564
565
566
567
568
569
570
571
572
573
574
575
576
577
578
579
580
581
582
583
584
585
586
587
588
589
590
591
592
593
594
595
596
597
598
599
600
601
602
603
604
605
606
607
608
609
610
611
612
613
614
615
616
617
618
619
620
621
622
623
624
625
626
627
628
629
630
631
632
633
634
635
636
637
638
639
640
641
642
643
644
645
646
647
648
649
650
651
652
653
654
655
656
657
658
659
660
661
662
663
664
665
666
667
668
669
670
671
672
673
674
675
676
677
678
679
680
681
682
683
684
685
686
687
688
689
690
691
692
693
694
695
696
697
698
699
700
701
702
703
704
705
706
707
708
709
710
711
712
713
714
715
716
717
718
719
720
721
722
723
724
725
726
727
728
729
730
731
732
733
734
735
736
737
738
739
740
741
742
743
744
745
746
747
748
749
750
751
752
753
754
755
756
757
758
759
760
761
762
763
764
765
766
767
768
769
770
771
772
773
774
775
776
777
778
779
780
781
782
783
784
785
786
787
788
789
790
791
792
793
794
795
796
797
798
799
800
801
802
803
804
805
806
807
808
809
810
811
812
813
814
815
816
817
818
819
820
821
822
823
824
825
826
827
828
829
830
831
832
833
834
835
836
837
838
839
840
841
842
843
844
845
846
847
848
849
850
851
852
853
854
855
856
857
858
859
860
861
862
863
864
865
866
867
868
869
870
871
872
873
874
875
876
877
878
879
880
881
882
883
884
885
886
887
888
889
890
891
892
893
894
895
896
897
898
899
900
901
902
903
904
905
906
907
908
909
910
911
912
913
914
915
916
917
918
919
920
921
922
923
924
925
926
927
928
929
930
931
932
933
934
935
936
937
938
939
940
941
942
943
944
945
946
947
948
949
950
951
952
953
954
955
956
957
958
959
960
961
962
963
964
965
966
967
968
969
970
971
972
973
974
975
976
977
978
979
980
981
982
983
984
985
986
987
988
989
990
991
992
993
994
995
996
997
998
999
1000
1001
1002
1003
1004
1005
1006
1007
1008
1009
1010
1011
1012
1013
1014
1015
1016
1017
1018
1019
1020
1021
1022
1023
1024
1025
1026
1027
1028
1029
1030
1031
1032
1033
1034
1035
1036
1037
1038
1039
1040
1041
1042
1043
1044
1045
1046
1047
1048
1049
1050
1051
1052
1053
1054
1055
1056
1057
1058
1059
1060
1061
1062
1063
1064
1065
1066
1067
1068
1069
1070
1071
1072
1073
1074
1075
1076
1077
1078
1079
1080
1081
1082
1083
1084
1085
1086
1087
1088
1089
1090
1091
1092
1093
1094
1095
1096
1097
1098
1099
1100
1101
1102
1103
1104
1105
1106
1107
1108
1109
1110
1111
1112
1113
1114
1115
1116
1117
1118
1119
1120
1121
1122
1123
1124
1125
1126
1127
1128
1129
1130
1131
1132
1133
1134
1135
1136
1137
1138
1139
1140
1141
1142
1143
1144
1145
1146
1147
1148
1149
1150
1151
1152
1153
1154
1155
1156
1157
1158
1159
1160
1161
1162
1163
1164
1165
1166
1167
1168
1169
1170
1171
1172
1173
1174
1175
1176
1177
1178
1179
1180
1181
1182
1183
1184
1185
1186
1187
1188
1189
1190
1191
1192
1193
1194
1195
1196
1197
1198
1199
1200
1201
1202
1203
1204
1205
1206
1207
1208
1209
1210
1211
1212
1213
1214
1215
1216
1217
1218
1219
1220
1221
1222
1223
1224
1225
1226
1227
1228
1229
1230
1231
1232
1233
1234
1235
1236
1237
1238
1239
1240
1241
1242
1243
1244
1245
1246
1247
1248
1249
1250
1251
1252
1253
1254
1255
1256
1257
1258
1259
1260
1261
1262
1263
1264
1265
1266
1267
1268
1269
1270
1271
1272
1273
1274
1275
1276
1277
1278
1279
1280
1281
1282
1283
1284
1285
1286
1287
1288
1289
1290
1291
1292
1293
1294
1295
1296
1297
1298
1299
1300
1301
1302
1303
1304
1305
1306
1307
1308
1309
1310
1311
1312
1313
1314
1315
1316
1317
1318
1319
1320
1321
1322
1323
1324
1325
1326
1327
1328
1329
1330
1331
1332
1333
1334
1335
1336
1337
1338
1339
1340
1341
1342
1343
1344
1345
1346
1347
1348
1349
1350
1351
1352
1353
1354
1355
1356
1357
1358
1359
1360
1361
1362
1363
1364
1365
1366
1367
1368
1369
1370
1371
1372
1373
1374
1375
1376
1377
1378
1379
1380
1381
1382
1383
1384
1385
1386
1387
1388
1389
1390
1391
1392
1393
1394
1395
1396
1397
1398
1399
1400
1401
1402
1403
1404
1405
1406
1407
1408
1409
1410
1411
1412
1413
1414
1415
1416
1417
1418
1419
1420
1421
1422
1423
1424
1425
1426
1427
1428
1429
1430
1431
1432
1433
1434
1435
1436
1437
1438
1439
1440
1441
1442
1443
1444
1445
1446
1447
1448
1449
1450
1451
1452
1453
1454
1455
1456
1457
1458
1459
1460
1461
1462
1463
1464
1465
1466
1467
1468
1469
1470
1471
1472
1473
1474
1475
1476
1477
1478
1479
1480
1481
1482
1483
1484
1485
1486
1487
1488
1489
1490
1491
1492
1493
1494
1495
1496
1497
1498
1499
1500
1501
1502
1503
1504
1505
1506
1507
1508
1509
1510
1511
1512
1513
1514
1515
1516
1517
1518
1519
1520
1521
1522
1523
1524
1525
1526
1527
1528
1529
1530
1531
1532
1533
1534
1535
1536
1537
1538
1539
1540
1541
1542
1543
1544
1545
1546
1547
1548
1549
1550
1551
1552
1553
1554
1555
1556
1557
1558
1559
1560
1561
1562
1563
1564
1565
1566
1567
1568
1569
1570
1571
1572
1573
1574
1575
1576
1577
1578
1579
1580
1581
1582
1583
1584
1585
1586
1587
1588
1589
1590
1591
1592
1593
1594
1595
1596
1597
1598
1599
1600
1601
1602
1603
1604
1605
1606
1607
1608
1609
1610
1611
1612
1613
1614
1615
1616
1617
1618
1619
1620
1621
1622
1623
1624
1625
1626
1627
1628
1629
1630
1631
1632
1633
1634
1635
1636
1637
1638
1639
1640
1641
1642
1643
1644
1645
1646
1647
1648
1649
1650
1651
1652
1653
1654
1655
1656
1657
1658
1659
1660
1661
1662
1663
1664
1665
1666
1667
1668
1669
1670
1671
1672
1673
1674
1675
1676
1677
1678
1679
1680
1681
1682
1683
1684
1685
1686
1687
1688
1689
1690
1691
1692
1693
1694
1695
1696
1697
1698
1699
1700
1701
1702
1703
1704
1705
1706
1707
1708
1709
1710
1711
1712
1713
1714
1715
1716
1717
1718
1719
1720
1721
1722
1723
1724
1725
1726
1727
1728
1729
1730
1731
1732
1733
1734
1735
1736
1737
1738
1739
1740
1741
1742
1743
1744
1745
1746
1747
1748
1749
1750
1751
1752
1753
1754
1755
1756
1757
1758
1759
1760
1761
1762
1763
1764
1765
1766
1767
1768
1769
1770
1771
1772
1773
1774
1775
1776
1777
1778
1779
1780
1781
1782
1783
1784
1785
1786
1787
1788
1789
1790
1791
1792
1793
1794
1795
1796
1797
1798
1799
1800
1801
1802
1803
1804
1805
1806
1807
1808
1809
1810
1811
1812
1813
1814
1815
1816
1817
1818
1819
1820
1821
1822
1823
1824
1825
1826
1827
1828
1829
1830
1831
1832
1833
1834
1835
1836
1837
1838
1839
1840
1841
1842
1843
1844
1845
1846
1847
1848
1849
1850
1851
1852
1853
1854
1855
1856
1857
1858
1859
1860
1861
1862
1863
1864
1865
1866
1867
1868
1869
1870
1871
1872
1873
1874
1875
1876
1877
1878
1879
1880
1881
1882
1883
1884
1885
1886
1887
1888
1889
1890
1891
1892
1893
1894
1895
1896
1897
1898
1899
1900
1901
1902
1903
1904
1905
1906
1907
1908
1909
1910
1911
1912
1913
1914
1915
1916
1917
1918
1919
1920
1921
1922
1923
1924
1925
1926
1927
1928
1929
1930
1931
1932
1933
1934
1935
1936
1937
1938
1939
1940
1941
1942
1943
1944
1945
1946
1947
1948
1949
1950
1951
1952
1953
1954
1955
1956
1957
1958
1959
1960
1961
1962
1963
1964
1965
1966
1967
1968
1969
1970
1971
1972
1973
1974
1975
1976
1977
1978
1979
1980
1981
1982
1983
1984
1985
1986
1987
1988
1989
1990
1991
1992
1993
1994
1995
1996
1997
1998
1999
2000
2001
2002
2003
2004
2005
2006
2007
2008
2009
2010
2011
2012
2013
2014
2015
2016
2017
2018
2019
2020
2021
2022
2023
2024
2025
2026
2027
2028
2029
2030
2031
2032
2033
2034
2035
2036
2037
2038
2039
2040
2041
2042
2043
2044
2045
2046
2047
2048
2049
2050
2051
2052
2053
2054
2055
2056
2057
2058
2059
2060
2061
2062
2063
2064
2065
2066
2067
2068
2069
2070
2071
2072
2073
2074
2075
2076
2077
2078
2079
2080
2081
2082
2083
2084
2085
2086
2087
2088
2089
2090
2091
2092
2093
2094
2095
2096
2097
2098
2099
2100
2101
2102
2103
2104
2105
2106
2107
2108
2109
2110
2111
2112
2113
2114
2115
2116
2117
2118
2119
2120
2121
2122
2123
2124
2125
2126
2127
2128
2129
2130
2131
2132
2133
2134
2135
2136
2137
2138
2139
2140
2141
2142
2143
2144
2145
2146
2147
2148
2149
2150
2151
2152
2153
2154
2155
2156
2157
2158
2159
2160
2161
2162
2163
2164
2165
2166
2167
2168
2169
2170
2171
2172
2173
2174
2175
2176
2177
2178
2179
2180
2181
2182
2183
2184
2185
2186
2187
2188
2189
2190
2191
2192
2193
2194
2195
2196
2197
2198
2199
2200
2201
2202
2203
2204
2205
2206
2207
2208
2209
2210
2211
2212
2213
2214
2215
2216
2217
2218
2219
2220
2221
2222
2223
2224
2225
2226
2227
2228
2229
2230
2231
2232
2233
2234
2235
2236
2237
2238
2239
2240
2241
2242
2243
2244
2245
2246
2247
2248
2249
2250
2251
2252
2253
2254
2255
2256
2257
2258
2259
2260
2261
2262
2263
2264
2265
2266
2267
2268
2269
2270
2271
2272
2273
2274
2275
2276
2277
2278
2279
2280
2281
2282
2283
2284
2285
2286
2287
2288
2289
2290
2291
2292
2293
2294
2295
2296
2297
2298
2299
2300
2301
2302
2303
2304
2305
2306
2307
2308
2309
2310
2311
2312
2313
2314
2315
2316
2317
2318
2319
2320
2321
2322
2323
2324
2325
2326
2327
2328
2329
2330
2331
2332
2333
2334
2335
2336
2337
2338
2339
2340
2341
2342
2343
2344
2345
2346
2347
2348
2349
2350
2351
2352
2353
2354
2355
2356
2357
2358
2359
2360
2361
2362
2363
2364
2365
2366
2367
2368
2369
2370
2371
2372
2373
2374
2375
2376
2377
2378
2379
2380
2381
2382
2383
2384
2385
2386
2387
2388
2389
2390
2391
2392
2393
2394
2395
2396
2397
2398
2399
2400
2401
2402
2403
2404
2405
2406
2407
2408
2409
2410
2411
2412
2413
2414
2415
2416
2417
2418
2419
2420
2421
2422
2423
2424
2425
2426
2427
2428
2429
2430
2431
2432
2433
2434
2435
2436
2437
2438
2439
2440
2441
2442
2443
2444
2445
2446
2447
2448
2449
2450
2451
2452
2453
2454
2455
2456
2457
2458
2459
2460
2461
2462
2463
2464
2465
2466
2467
2468
2469
2470
2471
2472
2473
2474
2475
2476
2477
2478
2479
2480
2481
2482
2483
2484
2485
2486
2487
2488
2489
2490
2491
2492
2493
2494
2495
2496
2497
2498
2499
2500
2501
2502
2503
2504
2505
2506
2507
2508
2509
2510
2511
2512
2513
2514
2515
2516
2517
2518
2519
2520
2521
2522
2523
2524
2525
2526
2527
2528
2529
2530
2531
2532
2533
2534
2535
2536
2537
2538
2539
2540
2541
2542
2543
2544
2545
2546
2547
2548
2549
2550
2551
2552
2553
2554
2555
2556
2557
2558
2559
2560
2561
2562
2563
2564
2565
2566
2567
2568
2569
2570
2571
2572
2573
2574
2575
2576
2577
2578
2579
2580
2581
2582
2583
2584
2585
2586
2587
2588
2589
2590
2591
2592
2593
2594
2595
2596
2597
2598
2599
2600
2601
2602
2603
2604
2605
2606
2607
2608
2609
2610
2611
2612
2613
2614
2615
2616
2617
2618
2619
2620
2621
2622
2623
2624
2625
2626
2627
2628
2629
2630
2631
2632
2633
2634
2635
2636
2637
2638
2639
2640
2641
2642
2643
2644
2645
2646
2647
2648
2649
2650
2651
2652
2653
2654
2655
2656
2657
2658
2659
2660
2661
2662
2663
2664
2665
2666
2667
2668
2669
2670
2671
2672
2673
2674
2675
2676
2677
2678
2679
2680
2681
2682
2683
2684
2685
2686
2687
2688
2689
2690
2691
2692
2693
2694
2695
2696
2697
2698
2699
2700
2701
2702
2703
2704
2705
2706
2707
2708
2709
2710
2711
2712
2713
2714
2715
2716
2717
2718
2719
2720
2721
2722
2723
2724
2725
2726
2727
2728
1.561202639292268 -0.01215578762114514 0
1.055836278849514 -0.02941750886806483 0
1.556251245904125 0.02514841926878033 0
1.03481011080288 0.03250411252139117 0
1.392411841154428 -0.04041134242902038 0
1.22538757818873 -0.04671698997560092 0
1.43754774770255 0.04949009704025894 0
1.15183642669092 0.05625660656125345 0
1.299013799283299 0.060122505748387 0
2.800448749406582 -0.1909213204191669 0
0.1653197959785993 -0.1520726362720697 0
0.1962900287307477 0.3739498547276361 0
1.76790448253361 0.7660658676588272 0
1.989185239540102 -0.8157520708159623 0
0.8001931174020593 -0.8180307657566338 0
0.8031043006218125 0.8058671156987021 0
1.621649321581242 -0.7704414071772903 0
1.210203736657151 0.822958073629201 0
2.801929444808279 0.2031585714421677 0
1.144626851516771 -0.04634594005322771 0
1.322182733885852 -0.04116680652060568 0
2.399562511347236 0.8007967775865538 0
2.588742467324477 -0.7895478390091196 0
0.2035017512020482 0.7934804611151586 0
2.800331009175906 0.6004885776320024 0
1.200561131775752 0.05894723036345784 0
1.382239381658511 0.05662190545872519 0
1.51206092335696 0.0366613774487854 0
1.081427546695612 0.05188243816581609 0
1.581401011832365 0.0131731426189579 0
1.404746773432742 -0.7900179949936952 0
1.183988025811566 -0.7687129815368174 0
0.614697612437373 -0.8083124002260528 0
0.217306090426278 -0.5853698059838806 0
1.997777469926201 0.7951501243958741 0
1.387619260075802 0.8274919904937408 0
0.2035415235977245 0.1317416929663417 0
2.599955456915699 0.8004248134504024 0
0.4166220114830811 -0.7951646964364024 0
2.796658423848466 -0.7960447200300803 0
2.795240256170304 -0.5916967664105266 0
2.376277890408766 -0.7874751252348576 0
0.4094381249317512 0.7925343043821471 0
0.2086590215797506 -0.7943971792421618 0
2.80006213704949 0.8001778595450961 0
1.438594625115262 -0.03514699642570181 0
1.486800964067476 -0.03207631724862595 0
1.276500309993611 -0.04499624819961786 0
1.34774279656795 0.05231807856984657 0
1.57660417195049 -0.01266521054072268 0
0.3903692599166522 0.1862849293225024 0
1.833607930909057 0.5858382525348016 0
0.6482657152491578 -0.6268899491429891 0
1.415692364453734 -0.591258150754442 0
1.373240763656394 0.6685487129717121 0
1.535457553601375 -0.03105290399690888 0
1.578033964185809 -0.02705929582344554 0
0.4503476635561066 -0.5628857436938899 0
1.016960169475105 0.7805879696801608 0
1.567134091699804 0.8169971529256275 0
0.9806713793270958 -0.8125257153912039 0
1.812262159030647 -0.8149064598314073 0
0.6095809156970861 0.8032692757544116 0
0.2386643182579382 -0.3543749541785752 0
0.2029407390018375 0.5832645380244165 0
2.199301887472878 0.8007607131184461 0
2.174987307458576 -0.8020443447194635 0
2.582382886811811 -0.5739619645727356 0
2.801027049496907 0.4013198968253494 0
2.80209271315039 0.006030204114228607 0
2.797240269593469 -0.3894341713848418 0
2.600356084236649 0.6009891270398884 0
1.365086281190628 0.04638564006908499 0
1.411741543050042 0.05255450006250633 0
0.1195608711584041 -0.01389324886633198 0
1.574738741919201 0.02981859415309212 0
2.603869066467122 -0.172074634452449 0
1.253834560126908 -0.6090595805439819 0
0.9552449168437445 0.6160071600689366 0
1.819076589948378 -0.6622639826573249 0
0.6320788832252779 0.6189545745976154 0
1.651710530639048 0.6467663169067981 0
1.220732207851634 0.6737101894631433 0
1.538486798436389 0.05381999543812701 0
1.569848250696915 -0.60099205160749 0
0.3712813509284733 0.3569116017735302 0
0.3121079272772107 -0.06579965324998488 0
1.591877886346639 -0.007232748098459274 0
0.5822107531749561 -0.4155400966305539 0
0.8106777844646731 -0.6512419329639496 0
1.510947938113976 -0.03084509764697789 0
2.006173784057966 0.6074315985877144 0
2.399035471630509 0.6012613707985406 0
2.124917597561849 -0.612017294947373 0
0.3928346829275561 -0.4121472301924188 0
0.431796080990621 0.5537391144729042 0
1.597032271775451 -0.005619181696310083 0
2.327257409751866 -0.5332517425115131 0
2.602481265049831 0.4028955111221998 0
2.608033335457413 0.01755224569501362 0
2.592512920996929 -0.3662125236171804 0
1.531315244947787 0.6610750626586279 0
1.571151952924631 0.01806438843305202 0
1.089901372540046 -0.6244861841339807 0
2.417185957100462 -0.1382084545674061 0
1.561003178811259 -0.4832964908100221 0
1.068573721902145 -0.5113013756425011 0
1.205400267174564 0.544268359899635 0
0.4723606037504953 0.01264961901965468 0
1.67462749559795 0.5211820483372658 0
2.403080046748958 0.4026228700819612 0
0.482982476090921 -0.3268407306958747 0
1.366700959645564 -0.4627683434460122 0
1.859153350656875 0.4525198941297843 0
0.5152963903140975 0.2359690054038316 0
0.8012505257219991 0.6345307879031972 0
1.588983652973847 0.02605499337939082 0
1.513265100957815 0.5253504647280881 0
1.963818436769973 -0.6474611985750036 0
1.511633518804254 -0.05611400951422085 0
2.197596009050914 0.6039390702649854 0
2.152411605798797 -0.369105332133815 0
2.392047081140643 -0.3162964663372025 0
0.3927933738510572 -0.2175962256114325 0
2.606292849410052 0.2083413947904731 0
1.585703796616883 -0.009925143337909153 0
1.659697669496942 -0.455951572770623 0
0.9605093813813457 -0.6513055874006087 0
1.535430560586988 0.03150595031070361 0
1.11140204733456 0.6705054591791813 0
0.5518043838473043 0.4078207551689635 0
0.7054727066969372 -0.4773154649080514 0
1.437386586215051 0.07708055604182189 0
2.220187867022133 -0.2395129210740856 0
0.9365744575897603 0.489186876949739 0
0.5759466465824352 0.1176745717520412 0
2.042342431383199 -0.4549217064013152 0
2.183926435799103 0.3914520373346569 0
2.416334783117112 0.2136067450251185 0
0.9583977496533229 -0.5176607844154166 0
1.48835889498584 -0.05811455763469532 0
1.535868440182578 -0.05732807748299676 0
1.595994786686401 0.004533709265525652 0
1.261998381799873 -0.4919015050334954 0
0.5134855647892252 -0.1412456476145197 0
2.003036268696912 0.4470870783213932 0
1.352860701125512 0.5077945270256408 0
1.082778765477622 0.576080229322474 0
2.423665339740881 0.03561250564931144 0
0.66652706918863 -0.3105996016144574 0
0.8353323860818357 -0.5088496897139407 0
0.8088357728711058 0.4944142683589382 0
1.515103852937341 0.06036942632937579 0
0.477963372520264 0.3364393132020465 0
1.758269251376325 0.4411161533881716 0
1.918330154136964 -0.5040112004922467 0
1.687409208375349 -0.5665751194965518 0
1.541205939736983 0.07260452382882077 0
2.034673222604123 -0.2660746645439678 0
0.9724697044192308 -0.4036704263001196 0
1.053533849556322 0.4621886433266464 0
1.255563509052937 -0.3932933547472907 0
1.335656086529315 0.3792616089995463 0
1.547814441854659 -0.388247031390287 0
2.085163661233699 0.2994659737994412 0
1.356028210822347 0.07331202393279755 0
2.250439013904846 -0.09373733344519641 0
1.4906754097808 0.06602256145254426 0
0.6181891584645707 0.2956004791625233 0
1.726623266601667 0.3421755478941468 0
1.760886023777126 -0.4210699363159093 0
1.462987056706911 0.04582770492309041 0
2.243252006639721 0.2112492137647628 0
0.7637805547182193 -0.3617116789801452 0
1.592210368801974 0.01515162747571868 0
1.592964838279231 0.006702330509205757 0
1.462543628518488 -0.03388465470282298 0
1.511865656382447 -0.07609818252008796 0
1.562213947201825 -0.05610449523862835 0
1.798291526560619 -0.5359084767483424 0
0.6349306545796571 0.02471415402767959 0
1.612963779602606 0.3939524533472409 0
1.715040647793703 -0.6599239493082412 0
1.164952000295812 -0.5010650519107824 0
1.397232280094285 0.4016693661298886 0
1.985950216505549 0.3196373261964233 0
2.257287792516594 0.0562898772448624 0
1.983302843292721 0.2038870467572519 0
1.397604616556083 0.3247165719897295 0
1.652182596305851 0.2851400992507113 0
1.494275748767843 -0.08451389161348138 0
0.7341574380946314 -0.2283681364780754 0
1.073431873951336 -0.4044793140960349 0
1.170511683347685 0.4133713960618661 0
1.329249481973253 0.08172106003177197 0
1.958461945928288 -0.3371495230213484 0
0.930233172076205 0.3832566256477069 0
1.388355652306924 0.07902625903534667 0
1.342204698717663 -0.3666915629088673 0
2.113853084904981 0.07521407682025165 0
1.465230115153528 0.07254698345887181 0
0.6892866104666704 0.1808157266162396 0
1.860510181360189 0.3331925623888517 0
0.7205734440271589 0.3513888454559911 0
1.631842204791877 -0.360295624022648 0
1.589994201248962 0.05031888039645258 0
1.167079326863978 -0.4027787019597235 0
0.8678772785662573 -0.3919747927675949 0
0.5761109765201874 -0.02439883920162563 0
1.532823216646838 -0.09024758073875989 0
1.564240427875289 0.04667539444453364 0
1.588165243929692 0.009448121684288411 0
2.104192084032588 0.2019017495260871 0
1.463051131861986 -0.06174455503958341 0
1.521833616978928 0.08960610427393634 0
1.863524709945594 -0.3847996470673006 0
1.483907560932254 -0.4929885670013627 0
1.487844189386507 0.04141543750990063 0
1.166886044742105 -0.5837454993299784 0
1.499531766105801 0.410435822025896 0
1.597684105285834 0.01209469209369492 0
1.559272183336494 -0.03120936951429403 0
2.084236224837211 -0.1680204849634756 0
1.590298524556746 -0.04802705222303198 0
1.474645326093101 0.105199904309033 0
0.989655551631261 -0.3072685864163662 0
1.108845512732018 0.333081207989661 0
0.7142455099145341 0.0701327070833883 0
1.17585671883551 -0.3152483617110821 0
1.329518566482791 0.3244262629448171 0
1.55396734735808 0.1060426596829294 0
1.537078878116504 -0.3014892565825231 0
1.815157111161617 -0.2849327224262006 0
0.7670301464589682 0.2593449405920885 0
1.467273565611362 -0.09433209359414831 0
1.749545123719397 0.2339408424439503 0
1.567433354888093 0.2883301858495879 0
0.6820955967953283 -0.04982470138688107 0
1.368118250027383 -0.2757067869921175 0
0.813917251606338 -0.2715296848095116 0
1.611592359265654 0.01944360467518259 0
1.715554330900712 -0.3084394474547766 0
1.853517371581789 0.2020229374682367 0
0.5820487577186867 -0.2388476799633706 0
1.588803539583631 0.07874789853744389 0
1.436451712991417 -0.06205233898476404 0
1.324074888996817 0.05724311927612913 0
1.494988485807673 0.08640540198889662 0
1.371166059926286 0.1031975934550451 0
0.8260847680526165 0.3816763335601663 0
1.565623285467404 -0.08723160883609853 0
1.280015929833767 0.4050551999009597 0
1.508242081420628 -0.1122361671745344 0
1.409651241922842 0.07906298710388945 0
1.947156374928858 -0.1954424943881435 0
1.561061399750882 0.07635370810179518 0
1.99001773471125 0.08964534019052139 0
1.028010182188184 0.3633390426004913 0
1.460955487194156 -0.4176499563077413 0
2.108638834932339 -0.05097230378617617 0
0.6747743997931561 0.4687627969271262 0
1.476346268544902 0.3193407359517285 0
1.596813846851952 -0.08409522913808319 0
1.152886952630354 0.3047168076347615 0
1.333856298828563 0.1106370235385527 0
1.845450757783374 -0.1766986601609893 0
1.090926583147609 0.2643690344346431 0
1.587803275477239 0.1120188166454989 0
1.601950903092287 -0.00473261634152636 0
1.749732676365273 0.1741240051636246 0
1.446028391326836 0.2479493439076856 0
1.585442467288314 0.2090991721179063 0
0.9289455001462391 0.2975054243184584 0
1.988608533023522 -0.01951847455405264 0
0.7894340678379894 -0.1636369524836137 0
1.508123591988023 0.1246219749803517 0
1.610266464621253 -0.0255632391889896 0
1.264229491260249 0.3277185790454166 0
1.250166563010332 -0.3124215235787599 0
1.090897765632603 -0.2964547143623636 0
1.609161658303657 -0.2862641183954939 0
1.435974696793332 -0.3013669278608474 0
0.8999866299552797 -0.2979856582207304 0
1.428141439392607 -0.1012827920545796 0
1.976803606207914 -0.118252331526831 0
1.41582493944691 -0.03684695417994729 0
1.615976393993468 0.04778708598954497 0
1.4986593934815 0.2242324175491013 0
1.301846566514542 0.08564031867872923 0
0.847691986165935 0.2922084979646666 0
1.543507838300992 -0.1181706966426407 0
1.663947269475709 0.2103755695650171 0
1.714897034640186 -0.2182159838598494 0
1.407471483373496 0.1093279046913069 0
0.6087513146830704 -0.09556482138629697 0
1.439233854662763 0.1078690257979166 0
1.886202548422298 0.09308426204409012 0
1.480460480446568 -0.131327704037891 0
0.7482271481902671 -0.006545433472186803 0
0.7681414511321952 0.1580105737841093 0
1.644142691350686 0.04307949852525467 0
1.001338991955847 -0.2315644090157586 0
1.304489169100057 0.1128648739638838 0
1.249716854851647 -0.2456452638089431 0
1.149505064146768 0.2563091841002426 0
1.260522755313606 0.2603736214037503 0
1.605907879204588 0.0003320085263632746 0
1.468878202078314 0.1346354724634147 0
1.707582074840616 0.1505018615132089 0
1.53588779792001 -0.2198636360987865 0
1.617792730150458 0.0767718960268446 0
1.416997800771967 -0.2194743294986333 0
1.384368813931541 0.2563912658117872 0
1.370683759475152 0.1483459896485127 0
1.501928963213677 -0.1707795590154227 0
1.140606971385249 -0.2432101946412905 0
1.594569392504347 -0.01384792590303363 0
1.544642705761445 0.1426269771059869 0
0.8559939707617571 -0.200865204266048 0
1.875990173505755 -0.002152658317760229 0
1.011796215650383 0.2706039936379632 0
1.618116227927522 -0.04766984017156195 0
0.7875807029831741 -0.06679541647640876 0
1.417254114022245 -0.057220186350793 0
1.463108053274221 0.1781959175129961 0
1.529664194188139 0.1845428758773523 0
0.6644394236003588 -0.169635781100698 0
1.274545350481088 0.08760055022100667 0
1.567202019527475 -0.1216592050380664 0
1.445100156418065 0.1412235615607461 0
1.786888414011464 0.1372061023649044 0
0.7968074988311952 0.09614031740560261 0
1.633645878397203 0.1470496356800098 0
1.781293571483329 -0.2031291340451842 0
0.8110892519921911 0.1938831038103021 0
0.846257739811447 0.1411824183030538 0
1.62975549372572 -0.0780270252213386 0
1.089785813634512 0.2014859148713897 0
1.276357371716367 0.11610244463011 0
1.752917482293842 -0.1393946981005668 0
1.391849553938181 -0.1258158926950907 0
0.931676763836755 0.2333624116175496 0
1.601896141498713 -0.2236308685562695 0
1.601857769712145 -0.1224840600071347 0
1.364169264433254 -0.2305302485171529 0
1.599384455423978 -0.011043606759358 0
0.9279211535827216 -0.2237427671409301 0
1.600276572790956 0.006132262128057844 0
0.8349848421097302 -0.1130438784325335 0
1.07035544009033 -0.2221617805591601 0
0.8711448716697207 0.2224664925478008 0
1.422623690935794 0.1921844008768718 0
1.618764905177822 0.004531645583880845 0
1.624834040485139 -0.021180891706091 0
1.606718953801699 -0.004010819468799991 0
1.396348854113355 -0.07328713467390843 0
1.890215772451129 -0.09616270747111449 0
1.27365888387617 0.06155955320473922 0
1.647327378778804 0.07271465094571511 0
1.58816697654775 0.1535738157379819 0
1.813661134496252 0.0807058599111191 0
1.331887747827501 0.144473558195466 0
1.621333780691909 0.1084404301134042 0
1.491030638314587 0.1550839323852164 0
1.482510136706181 -0.2368049821943393 0
1.203441233633725 0.2583592501929601 0
1.645580326996701 0.09913030438210593 0
0.8095545880001591 0.02221516639044549 0
1.410501647223969 0.1470230437741034 0
1.52900285534984 -0.1406733134936788 0
1.736905250419661 0.1021864245558788 0
0.7312520626126789 -0.1129120246414551 0
1.32151190028495 0.2585398495856468 0
1.444754260386991 -0.1500419453530514 0
0.8373905114999576 -0.03337001631031356 0
0.8888014300813349 -0.01132495150693565 0
1.013536138569469 -0.1738758194869262 0
1.668334487319323 0.0389652413061958 0
1.150533416884327 0.1905247729959809 0
1.10370182934279 -0.1661771151472522 0
1.60730387475762 0.00637789168329675 0
1.641305158443183 -0.1177608586632524 0
1.248394105208341 0.06165803656008086 0
1.760890013239646 0.05805832799752346 0
1.344205258143437 -0.04153793129708418 0
1.204836478163975 0.2021161096911567 0
1.609682849100194 -0.0005765025909843861 0
1.640039484737139 0.01688695472276295 0
1.603994170351009 -0.00962332565895428 0
1.0358076226646 0.2013154755568845 0
1.008361649626294 0.01424603886774951 0
1.802647857444983 -0.03189262417610943 0
1.700653262475638 -0.1568627695336687 0
0.8907835497119485 -0.145107901947071 0
1.560258024249591 -0.1616735423462344 0
1.367693547869291 -0.0419644526013026 0
1.38248965755517 -0.1002066597627028 0
0.8945684713036656 0.1664908445151818 0
1.403503653756085 -0.1678447815348882 0
1.373462863398526 0.1970342224159222 0
1.597983188317724 -0.01875395730536349 0
1.246557549745646 0.08761716238552388 0
1.588737869429723 -0.01955493443177149 0
1.306786461652696 0.1357927359651343 0
1.639423761019849 -0.03711375736940347 0
1.808425469498704 -0.1018540642670346 0
1.656364740609259 -0.220445743425578 0
1.309265111608449 -0.2390729043562006 0
1.255082129659622 0.202061938258645 0
1.198130257630975 0.3219343825453676 0
0.8465212028931595 0.07726974550611099 0
1.893322784205313 -0.1553001875926571 0
1.463345257765613 -0.1968370481922963 0
1.01043601484687 -0.01088573086094501 0
0.9977758894224907 -0.001845178229351963 0
1.307865612336125 -0.1854085300937351 0
1.089360810209097 0.1506745085485404 0
1.206936039537246 0.1570207863768518 0
0.8965423473374643 -0.0533835761505156 0
1.654715385407444 -0.01837031719379839 0
1.244395114106494 0.1181019612054496 0
1.355400072507434 -0.1356947222030153 0
0.9525354544499033 -0.1643790741220433 0
1.3241288896972 -0.05830201463063357 0
1.284762899092099 0.1475058172519707 0
1.650349914727464 -0.1655350482767696 0
1.365157092588341 -0.06996769197490338 0
1.313080636721526 0.1898398449110496 0
1.610069335004362 -0.003155832994512668 0
1.602632986801152 -0.01669407054022179 0
1.223844358067579 0.06032026513072566 0
0.9434563159728281 0.1813673147541585 0
1.759606310627142 -0.07744525821118792 0
1.357974314686505 -0.1796319242050339 0
1.687410187808655 0.07018922853755319 0
1.602967830431614 -0.1683766452066764 0
1.666799299591339 -0.06155903386039894 0
0.8720025834630153 -0.07550668934734248 0
1.01259139110058 0.01488657672416136 0
0.8596377458216503 0.03955259393460219 0
0.8756790798213779 0.09859540914453976 0
1.319176109321988 -0.2971240874054711 0
1.891691711668745 -0.2483811776010514 0
1.001329948481682 0.1444402177625757 0
1.674482185994859 0.009949879412343609 0
1.668052739656979 0.11799124310973 0
1.014597844215206 0.01973823368789953 0
1.657271460569557 -0.2688066010175881 0
1.596848802408092 -0.02713628947391752 0
1.007218527727277 0.02246276987935018 0
0.9340593988716688 -0.06355556825335189 0
0.8980813873687695 0.059804427168728 0
1.252790608198683 -0.1881551591029186 0
1.031214487426564 -0.1280235514656618 0
1.312834509668398 -0.137790979435207 0
1.132342780987409 0.1427456463932054 0
1.751713161436211 -0.04348037307428461 0
1.697331864612654 -0.02132777084237929 0
1.71605524685822 0.03259712786131035 0
0.9306541109157314 -0.02732553303582693 0
1.72751390501068 -0.09326551739456046 0
1.358412213220776 -0.1000532142949064 0
1.20046635311233 0.07666797416401415 0
1.60897785567814 -0.008671481021133255 0
1.605772404559206 -0.01385783389167032 0
1.247693840639167 0.1553674498096107 0
1.307964993659357 -0.06545063024717421 0
0.916727785379565 -0.1012669368688744 0
1.219203339955213 0.08368556813108538 0
1.340817383860499 -0.06540520091049415 0
1.018374610742252 0.03212102718345339 0
1.684167468455077 -0.1075718442098276 0
1.672696607313416 -0.03247601845785342 0
1.613327896261931 0.001602492071441735 0
0.9157422725064169 0.1196251181093884 0
0.9206266775289614 0.02443440418460289 0
1.001688018214537 0.04046285976691411 0
0.9627115949395703 -0.04695062676939513 0
0.9444170713405751 -6.20706579171922e-05 0
0.9335692340977169 0.07941326989418154 0
1.128408681173205 0.1030055582570066 0
0.9989193911858377 0.01710371711797809 0
0.9654313494081431 -0.07934703497591232 0
1.615570221438223 -0.006221011192375701 0
0.9497053888518558 0.04603453260348001 0
1.300275301912973 -0.04293717409566611 0
1.322444583295968 -0.09360324806386124 0
1.176406231768669 0.05862536428325208 0
1.61694523997427 -0.01382618538689316 0
1.71079457040474 -0.05499301048835475 0
1.735977226757233 -0.003949741735465008 0
1.075794909889843 -0.1340788259990438 0
1.203938404495899 0.1150305114929104 0
1.610716666314893 -0.01478272388114365 0
0.958132776138404 0.1344897040117541 0
1.195543078682743 -0.1907350512939528 0
1.781628243473967 0.0160608012002821 0
1.17625809199957 0.15644796156901 0
1.026193446982352 0.05734979022390253 0
1.258262527306991 -0.1320986665328021 0
0.976829480544378 -0.1099595012332787 0
0.9839093723765331 -0.06179111966620973 0
1.200211361128366 -0.1419582293304378 0
1.054155549154152 -0.09213209919596015 0
1.087759505171295 0.1109749241063412 0
1.282787474344748 -0.06951242144408556 0
1.003769843241535 0.06274772508453667 0
1.129532235523042 0.05360020405764494 0
0.9678511288613875 0.01970166246875236 0
1.176775722285819 0.08667898646949597 0
1.050671237514956 0.04824497721310245 0
1.003073624950145 0.01169850272964061 0
0.9775957606010074 0.05952404331635906 0
1.000537630390581 0.02887400460310101 0
1.283650792964517 -0.0961833274001252 0
0.9987523896384783 0.00789735364745579 0
1.15869951039063 0.1077400601499153 0
1.188329944462102 -0.2469646050509666 0
0.9889947482723593 0.1915214026455253 0
1.06731005600909 -0.1730752187538402 0
1.820960385137078 0.03545824611298157 0
0.969886914844493 0.09293458786899716 0
0.9522262860265936 -0.03155000070789615 0
1.631123468010863 -0.005038492954386277 0
1.071061734299942 -0.03631915979505471 0
1.032232436276894 0.07693527469140182 0
1.236117449836422 -0.09788781932823773 0
1.153510736742143 -0.1419947632315753 0
0.9818635565737573 -0.01433297694503536 0
1.018535913464382 -0.07300589964802645 0
0.993644162980681 0.01156740499905035 0
1.10710198977421 0.05292353038643973 0
0.9959747290344625 0.003653114950581347 0
1.251313582464584 -0.04604856481333348 0
1.050617410371111 0.1103347408826399 0
0.9849948659825338 0.0365040104608283 0
1.132889039695087 -0.1931000774030996 0
1.259462101361022 -0.08919389576101985 0
1.129775749091877 0.07001395945339894 0
0.9778051100895173 -0.03193406333186181 0
1.084274717589677 0.07943603545717597 0
0.992567421128584 0.02410139565989566 0
1.090140837398919 -0.09994235746117318 0
1.012104548275037 0.09726402716706767 0
1.167216256369201 0.1306724453227261 0
0.9756331505249418 0.2307227293902476 0
1.146403368029001 0.07775963431755156 0
1.092998494451735 -0.04154404440177663 0
0.9981318076160708 -0.03843858303733116 0
0.9946335159566763 -0.0006799433556925508 0
0.9853972641170415 0.01536039327899141 0
1.052194251980254 -0.05361322826038391 0
1.25571678070155 -0.06998764435471364 0
1.104975292691575 -0.0704901993573268 0
1.044787160616338 0.1510238550853611 0
1.054002298600427 0.07902429368226765 0
1.112560976664634 0.07611971608027387 0
1.161542558561395 -0.1050348541901972 0
1.114420057149185 -0.1371517890446119 0
0.9841667074444189 0.006704123340780494 0
0.9948775074881694 -0.005966542603169108 0
1.034904722022412 -0.03440332062715811 0
1.118053198492049 -0.04461700217553985 0
1.135472580595195 -0.07322994969509219 0
1.006453682278772 -0.01540788475129033 0
1.07609657432039 -0.06473563882100089 0
1.171725989883517 -0.04714282692271454 0
1.017345766891275 -0.04870800738725183 0
1.22817537058823 -0.07171477402951254 0
1.125479219731166 -0.1034616867737654 0
0.9749444232409048 0.001332378369185818 0
0.9895829418963061 -0.005610902457233986 0
1.013013655485449 -0.02179225500604254 0
1.005440118274902 -0.01155974854993489 0
0.9998095702488776 -0.005882545103615352 0
0.9933719968721472 -0.02264899419523977 0
1.198824645259524 -0.04719919523057511 0
0.9909793079241908 0.006016582638533478 0
1.166716063252964 -0.074231459073757 0
0.9658830290839699 -0.01590675743038036 0
1.198165545888669 -0.073726622004698 0
1.003236696578652 -0.01514628651434769 0
0.985810788211521 0.002143004925178649 0
1.199519968951516 -0.103939303397935 0
1.001150541446751 -0.01130843121223454 0
1.003788868109615 -0.007686661919381732 0
0.9966236302497766 -0.01224575599071055 0
0.9905104844979926 -0.01349387538467424 0
0.9829671058888153 -0.004255935411622123 0
1.000826110054833 -0.01851846520194014 0
0.9900576913232378 0.0009113987424518868 0
0.9846234328242285 -0.02300505445790613 0
1.011035388527348 0.02759724287652988 0
1.011649516499148 0.02120735301195293 0
1.016059501599166 0.0244268878220412 0
1.013096671093012 0.0245312370742268 0
1.017376533424292 0.01782543138933126 0
1.021680025514764 0.02289466584123484 0
1.018277762207406 0.02173795965464609 0
1.008084673128125 -0.008531755799630272 0
1.010736676582276 -0.008829557530444473 0
1.009184933667241 -0.008085753796864513 0
1.013303887883112 -0.01047310697039778 0
1.012361204931101 -0.009142910804682741 0
1.567536277708839 -0.00705184936268396 0
1.557969762591251 -0.006271504772948707 0
1.563959263365371 -0.005156597047238962 0
1.548739109558895 -0.01105544707100286 0
1.5508001475378 -0.00651734360975912 0
0.9883809154729993 0.02008711197251664 0
0.9888624225731333 0.02923383956023166 0
0.9765269547388802 0.03054284464204181 0
0.9790249744956028 0.01736514385524754 0
0.9830103810979935 0.02414885704366103 0
1.109363044252882 0.4426530583540866 0
1.188934108035523 0.4825854696395206 0
1.142709233790333 0.5588806443008256 0
1.067853718719693 0.5182964504521652 0
1.127581808969152 0.4998310112319364 0
1.022379277971021 -0.02820864777594106 0
1.007467631544778 -0.03068860097196996 0
1.009501845669168 -0.04516659494114414 0
1.024384635714883 -0.04351717288519964 0
1.015932608128742 -0.03657563111729226 0
0.8300300860559565 0.08319076646146834 0
0.8002083668502918 0.05452160867979928 0
0.8364057149285621 0.03117348600446574 0
0.8511485376397009 0.06155680904433287 0
0.8289466916029764 0.05808674581116675 0
1.489023697095903 0.05371253083433901 0
1.478320903236222 0.06927643981691309 0
1.463746161270458 0.05893866577964309 0
1.475542095241132 0.04370687333365679 0
1.476611069972859 0.05640563756856071 0
0.989790567836738 -0.009423283948601119 0
0.9864657363515563 -0.005172606522709755 0
0.981896723550718 -0.009047696297587615 0
0.9865736119511551 -0.01392114988909328 0
0.9861952905616058 -0.009395839836882554 0
0.9849811581769531 0.003874914583353342 0
0.9798184949181683 0.005047521197822524 0
0.9790942594986244 -0.00235975548391291 0
0.9845298834469027 -0.0003936881110945695 0
0.9820581082164961 0.001563797215979483 0
1.858635817938836 0.2721041809014854 0
1.798427446136336 0.3383190218094075 0
1.743688309557804 0.280242097022652 0
1.795050256868884 0.2268444996614856 0
1.798456678539867 0.2792601510136914 0
0.9646692273204699 -0.2296374823114757 0
1.00688794409408 -0.2009231743091739 0
0.9835454229016592 -0.1703423020892008 0
0.9404412308850549 -0.1925637203378071 0
0.9739303556120295 -0.1983751041860982 0
1.398976092598638 0.1957813758699065 0
1.432975221967761 0.2184754949595104 0
1.41566002240825 0.2535934378435919 0
1.378027155583923 0.2255010448047662 0
1.40639654463776 0.223304836641814 0
1.067321057542134 0.05061660368335141 0
1.082548914623821 0.0653658559642529 0
1.068837645918977 0.07953457663096314 0
1.053393660304677 0.06481642601600311 0
1.067876302698659 0.06492307104871396 0
0.8102302389974969 -0.09165432176726628 0
0.7604571321264249 -0.08835546644353219 0
0.7591486315887708 -0.1398797261313448 0
0.8133058051453218 -0.1366620200890767 0
0.7857877178175411 -0.11414771358118 0
2.194173490937581 0.5047601295196705 0
2.100108806940053 0.6070188909994025 0
2.007512382732057 0.5231444720729865 0
2.083850936624264 0.4308918542795301 0
2.096785537118369 0.5150106548382161 0
0.9817491600050545 0.2142766884234772 0
0.9578964890921503 0.2329186430198437 0
0.9365897149524736 0.2064589447144509 0
0.966556851138384 0.1864677966435858 0
0.960497848273507 0.2098074811838843 0
1.584327248078844 -0.02339560456767286 0
1.586697700433748 -0.014755433953629 0
1.581692423798591 -0.01144132014054019 0
1.576432250398503 -0.01941020835818278 0
1.582276782383997 -0.01723993805916815 0
1.887050118900077 0.04769237588749665 0
1.93425545195585 -0.009572366643433458 0
1.990827560294376 0.03408134944385071 0
1.934987847567239 0.09307197250463385 0
1.936069188708496 0.04117453280660688 0
1.245247925321775 0.1358429655935068 0
1.227169011960068 0.1567374603520409 0
1.206284904393604 0.1374244901487346 0
1.226368095053294 0.1176249934178615 0
1.226048569269362 0.1366120091684047 0
1.605146324904076 -0.02021946106026219 0
1.611093708260123 -0.01890444184226302 0
1.60770742608739 -0.01440912983870749 0
1.604635137780715 -0.01512411847304702 0
1.607200500248807 -0.01735245061801427 0
1.012150019210668 -0.014813171293905 0
1.019554838103337 -0.01610139353116224 0
1.015630741871329 -0.01280242314617998 0
1.63825036619997 -0.2768649642909922 0
1.618890315270507 -0.3211089957919788 0
1.672207454640102 -0.3408982742690971 0
1.675830515840696 -0.2824743245031492 0
1.652122400693264 -0.305376142527513 0
1.686022509320535 0.1336667705283531 0
1.679410186443855 0.09739320663215223 0
1.713040185406262 0.08694125458558126 0
1.722806171339741 0.12588285284679 0
1.700207964980128 0.1105284987411518 0
0.8153999453004128 -0.3795087929790503 0
0.8843179053619933 -0.3423903957987992 0
0.8563381653077387 -0.2869962289645263 0
0.7898482181994918 -0.3139774881467589 0
0.836496563172126 -0.3306378629450648 0
0.5293094269125245 -0.4787741883312033 0
0.5302145023967512 -0.3731394663041154 0
0.4314648352910462 -0.375063438286644 0
0.4092313691532464 -0.465990583415067 0
0.4757479325514035 -0.4254635541949792 0
1.199561594549792 -0.5966484066346842 0
1.138017960120155 -0.6019309628879851 0
1.121677759678109 -0.6860321588237391 0
1.232538820562548 -0.6764268487418968 0
1.172814961034427 -0.6429613226030972 0
1.998748059814635 -0.3918132334463753 0
2.100917693510727 -0.4180400102257816 0
2.089306705852769 -0.3129681027646761 0
1.999561858766249 -0.3051871590083218 0
2.047188166031283 -0.3568534077428147 0
0.4226083817668477 0.102229088390148 0
0.5260254408425376 0.07755602909144883 0
0.5442917296970823 0.1751837354065269 0
0.4578013050265853 0.2102969699049139 0
0.4878610515655141 0.1400086955867804 0
1.877094190846609 0.1410048547975452 0
1.98707243075599 0.1461386307990307 0
1.922899958539262 0.2051359661834011 0
1.92954666316307 0.1468167535468272 0
1.001248563398132 0.01425732338556232 0
0.9959556072543964 0.01441788092166027 0
0.9964725208727577 0.009712880496254465 0
1.000724836561163 0.009896119410718383 0
0.998606282640447 0.01206640859953618 0
2.253388659626114 0.1329673879639419 0
2.337857373998454 0.0460808186074434 0
2.42168782468587 0.1238091729815306 0
2.32651269042858 0.2141717483007802 0
2.334777008380798 0.1291051400450909 0
1.555347234928098 0.1985542131732336 0
1.579494349128882 0.2427212182527197 0
1.525424149873929 0.2517979359785888 0
1.516946390371063 0.2053515563110063 0
1.544637016148928 0.2256024809602732 0
0.9328065339209174 0.01070882668724204 0
0.9057972054515525 0.01000394891496617 0
0.9138429793284503 -0.02111955813393768 0
0.9360049825291303 -0.01266000945629809 0
0.9216465178830441 -0.003471804747994747 0
1.984373379343459 -0.07108132764650628 0
2.027527708717353 -0.1402213132713712 0
2.099312791842858 -0.1113044078192887 0
2.046495651563643 -0.03370731365991469 0
2.039363475485963 -0.08897176925737128 0
1.244105154827741 -0.1124544927761393 0
1.275474475824522 -0.1112440657968003 0
1.269797549003373 -0.09303057735929975 0
1.250537639558288 -0.09321049929451607 0
1.259956571231887 -0.1030245914665181 0
0.6520786918582474 0.5388785404581432 0
0.5420062612614402 0.5966499064799728 0
0.5060705710537846 0.4690215982560578 0
0.6101646277102021 0.4424535766845668 0
0.5755365394844196 0.5120814255441795 0
1.118074861986081 0.1978143421563831 0
1.149078154385341 0.2259729794238116 0
1.121551976980989 0.2594475103151177 0
1.089548323178483 0.2318553381203964 0
1.119765357078927 0.2283994351759674 0
1.002515974011785 0.05041323803743734 0
0.9910359972495992 0.06253055800540364 0
0.9811868419242151 0.04662101819426018 0
0.9934413092616362 0.03978575925860467 0
0.992048134178096 0.04983088355598556 0
1.808880899353585 -0.0622689897255538 0
1.775399148468629 -0.03831426991889333 0
1.75703377873056 -0.06314549983552759 0
1.775777147417918 -0.0852029286704817 0
1.779686887130538 -0.06264491986519724 0
1.11313531724854 -0.175687795784255 0
1.089174353617218 -0.1696792858952571 0
1.067362448262595 -0.1957595848712468 0
1.100593740290218 -0.2107283400512808 0
1.092979834878368 -0.1881140956508978 0
0.9250012898502553 0.09873476766118421 0
0.8951636287600523 0.1097980323087365 0
0.8873640588679493 0.07911524364352346 0
0.9157963559694173 0.07018474517560438 0
0.9058507471652502 0.08941399927852851 0
1.408811713335612 -0.6928075704994017 0
1.505985730752472 -0.7862297342272029 0
1.583848996145855 -0.6743793740051041 0
1.500651949208348 -0.6065112653921426 0
1.500909706156112 -0.6893902435837015 0
1.364444629273142 0.5928612869772024 0
1.294755785599692 0.6718894089808836 0
1.2168385055317 0.6079725246498255 0
1.272446705629582 0.530666079529776 0
1.287459750870407 0.5997552429410764 0
1.445304878896064 0.409139057934631 0
1.507114880178815 0.4647226859693206 0
1.439763983329408 0.521870309495695 0
1.384449030077911 0.4463046771863217 0
1.442879875458845 0.4607427076105978 0
1.038831457434101 -0.06262220835656883 0
1.043263954059044 -0.04536075866759178 0
1.017849194247741 -0.05681130777710962 0
1.030996877195931 -0.05232331662396514 0
1.288376593084409 -0.1367128710837185 0
1.25516851928047 -0.1614422163034125 0
1.280889280463171 -0.1870551607517532 0
1.309421013684961 -0.1608276641780643 0
1.283300318699832 -0.1611800468022513 0
0.8829799480685075 0.1930282945042853 0
0.9192030438675741 0.1749334785251292 0
0.9020320698721628 0.2298969013749698 0
0.9102461846090818 0.2011068565503366 0
1.315078052775208 0.3911206460727694 0
1.35910055515158 0.3896166107147616 0
1.30443028515782 0.4490968058443561 0
1.340907470015807 0.4206929706217988 0
1.089766642853109 0.1746150468562998 0
1.111530111761758 0.1476351779073816 0
1.138096857010205 0.1637552822578453 0
1.114776816647252 0.170977676962236 0
1.657597380504699 0.2563967003183975 0
1.621701930285033 0.2888757889279006 0
1.619917887670633 0.2131332626523544 0
1.618797409869731 0.2499836557581729 0
1.770623579064962 -0.2985878372530051 0
1.74011287910029 -0.3671949250487234 0
1.812450674540203 -0.4037276680696208 0
1.837667320797584 -0.3329012186518747 0
1.789705473843025 -0.3500654821103107 0
1.063177176437182 -0.05988982981019166 0
1.036410491936274 -0.08481229193633473 0
1.065609745086024 -0.07754159075367235 0
1.050760333781854 -0.07118716266386349 0
0.7421460213687689 0.4857461843167263 0
0.8035144673827154 0.5606077026054047 0
0.7182659888107136 0.6310158167091817 0
0.7289193683820091 0.554186590440347 0
0.9548287404053045 0.01071089792519468 0
0.9580273489780823 0.0323527253757314 0
0.9353068890204177 0.03630605256453422 0
0.9453677876042585 0.0224823678303145 0
1.642212725210256 0.0296582579249276 0
1.6545688157588 0.01368119059959173 0
1.671338418744092 0.02888028954383923 0
1.658042673119958 0.04083565113426296 0
1.656595197397303 0.02776930362888611 0
0.8700039199294837 0.1552721732523424 0
0.8403785238008449 0.2102556997571677 0
0.8294950638216879 0.1662756864373453 0
0.8557327042719304 0.1812445869441213 0
2.062985381360888 -0.2202259438131131 0
2.192051593306862 -0.3081511555826631 0
2.14822510395505 -0.2015620224874256 0
2.123063100614925 -0.2606886217643001 0
1.136934208933462 -0.3107046149932718 0
1.18246866175099 -0.2789543662558056 0
1.160194518163673 -0.2454697860335416 0
1.124260947955599 -0.2613401387798292 0
1.15021933570292 -0.2744458301851953 0
1.85160315025981 -0.09684378247746875 0
1.886449429236526 -0.0545826261823479 0
1.834333629623808 -0.02224104431617102 0
1.84487873259451 -0.05840744984240859 0
1.994266287905966 0.3800429395786305 0
1.928245812496461 0.4531220429486242 0
1.861830765026418 0.3923773983477417 0
1.923534716965995 0.3269321206876007 0
1.926902525900066 0.3882522582656144 0
0.8927006137773776 -0.03865174304167522 0
0.8612575922692203 -0.02135855138473885 0
0.8537848736432312 -0.0564229926702085 0
0.886841727553053 -0.06179758944848411 0
0.8735901893568585 -0.04423594432005931 0
1.987434678189479 -0.2272880246774344 0
1.922656798545684 -0.2245539190678415 0
1.922568711223962 -0.2899542464146477 0
1.957999619411978 -0.261658025537032 0
1.007781546845885 -0.01160494984996664 0
1.006252526850508 -0.0139145867225718 0
1.00933229700493 -0.01820556075644024 0
1.008871647035895 -0.01474401583958595 0
2.085681143894414 -0.5282625032998635 0
1.980245326473017 -0.4828646513249384 0
1.943022000971708 -0.5727062372102755 0
2.041889660652535 -0.6330071864302285 0
2.012888077255484 -0.5541694689017561 0
1.302941266360847 -0.7865379158274413 0
1.324911002089617 -0.6090489925659934 0
1.316097564086082 -0.6910196767823227 0
1.143290130904993 -0.1045510370445167 0
1.120082419034799 -0.1200743811266043 0
1.133215538637677 -0.1397391837620169 0
1.15817518264678 -0.122698293706065 0
1.138725824125682 -0.1217105104303079 0
0.6740619938778628 0.05015138687455056 0
0.6993667587201369 0.1167845193065255 0
0.6276492564749988 0.1504956444291633 0
0.607164925830661 0.06796043168397473 0
0.6525399283118332 0.09702243105674951 0
1.602999148056849 -0.02800652355851673 0
1.595073392950372 -0.03509057182096061 0
1.605617841533433 -0.04943509810786305 0
1.613949767248972 -0.0360415350537368 0
1.604178079033635 -0.03709943722777337 0
1.150758601048061 0.1369920484009141 0
1.12929479948687 0.1237185715035564 0
1.147628999703685 0.106583199501381 0
1.162257705969707 0.1170295205821898 0
1.147207947073545 0.1209829177717241 0
0.6690637288033647 0.3255954124228554 0
0.6981174229177041 0.4066680406869838 0
0.5873909973274035 0.3509988064704289 0
0.6410294675036788 0.3813691256331322 0
0.9917289299968056 -0.01783267386434157 0
0.9977258461340928 -0.02085149425116364 0
0.9982738183226144 -0.01545370005240565 0
0.9938357858268521 -0.01293063980486821 0
0.9953768539044138 -0.01675939417232325 0
1.352960369607846 0.2577383339924857 0
1.317473053659529 0.2260811861302717 0
1.346327865300107 0.1958718026308844 0
1.348404613172285 0.2259168913047336 0
0.7707913993810356 -0.4964606619346176 0
0.6753103309003873 -0.5474568526830255 0
0.7314521031836309 -0.6423561508453846 0
0.8215356301397616 -0.5768678908628073 0
0.7497232626560379 -0.5657777642481125 0
1.056266354759344 0.2693317011059417 0
1.027878588110495 0.2309576423655359 0
1.062153636347418 0.2029981370947977 0
1.058293302274606 0.2339421328553372 0
0.7156095871327532 -0.02678177437255589 0
0.7308466783089581 0.02948884070806175 0
0.6592264106902099 -0.0137524978266854 0
0.6948991241430861 0.009598760778506727 0
0.9900629675147267 0.01345537346791307 0
0.9841148785903888 0.01062372250222798 0
0.9878590645367392 0.006724763859642469 0
0.9920041707955426 0.008707631713739955 0
0.9885203486061536 0.009890543745667243 0
1.502284225216921 -0.2326337019391458 0
1.469805348288908 -0.2574750530914973 0
1.494812457676574 -0.3056960569239348 0
1.536223420023335 -0.2621649533393287 0
1.4999042922894 -0.2646630798670686 0
1.58378596989929 0.01888147841323941 0
1.585202009419377 0.01122019651202997 0
1.590221696582689 0.01285097380807793 0
1.591671450270469 0.01852947964867358 0
1.587662936226324 0.01555451706245057 0
0.8511975091815397 -0.4475010161813427 0
0.7355028260886421 -0.4160096958468368 0
0.7931990511302212 -0.4347876045116737 0
1.382683720558137 -0.5190350285968436 0
1.314441186911765 -0.4807776676037996 0
1.262023409433191 -0.5474521431294187 0
1.322175766938967 -0.5393299217231045 0
0.8872479484466015 -0.6543750924617528 0
0.9568906973822815 -0.5816971330209864 0
0.89821163248184 -0.515781962091386 0
0.8909569088645082 -0.5821275090219564 0
1.019036771270311 0.3187844054055596 0
0.980198093907046 0.3752576349805246 0
0.9292361053259679 0.3375561842031827 0
0.9683864982525264 0.2897599366944795 0
0.9744668199046829 0.3297899774810749 0
0.9323781229895333 0.4336870118452873 0
1.039643895842469 0.4107395795964931 0
0.9961811879892964 0.4778674498383292 0
0.9871697228467409 0.4244215489622246 0
0.9514514017370503 -0.05442478071458486 0
0.9559427716018548 -0.03817195393453149 0
0.9440559781015636 -0.03033392708145805 0
0.9301349571181304 -0.04312238139339664 0
0.9451353259640177 -0.0420492830908703 0
1.978791318807237 -0.7289659358318459 0
2.080308412505543 -0.8102040241588895 0
2.154144116124214 -0.7047209651990198 0
2.063920366844024 -0.7191522897828181 0
1.731215910315461 0.164976257438523 0
1.750506676539053 0.1966017568962858 0
1.708328926345054 0.227402784507614 0
1.690476456313578 0.1768666683529728 0
1.719222547485267 0.191981973598188 0
1.520327538291779 0.5915357642187024 0
1.453275402913037 0.6657886253769406 0
1.443770715537096 0.591950042970888 0
1.8499330973621 0.5156679951585097 0
1.757519221112093 0.5603037563494231 0
1.729787962040479 0.4701924310788079 0
1.799089299003222 0.4468948491105593 0
1.783005183929573 0.4991105295438018 0
0.9107146914980748 -0.05784700800743433 0
0.9119757881728761 -0.03996439505627521 0
1.325666952748442 0.2915025047405236 0
1.297328524806684 0.3260888028492169 0
1.262351502745201 0.2930088961403142 0
1.290702552088297 0.2597706784357062 0
1.293919522222235 0.2925754415821715 0
1.036243833520228 -0.3053952696559523 0
1.076299348344269 -0.2538393360776786 0
1.03687763817552 -0.2292645600537916 0
0.9958606892485102 -0.2668959165665679 0
1.037021508205701 -0.2639391396102844 0
1.739379370272564 -0.1146445004142213 0
1.706236609153747 -0.1010119943908642 0
1.692483569760649 -0.1311507571318754 0
1.726748818941168 -0.1496835693803674 0
1.716208437733001 -0.1240812200476394 0
1.023694141160082 -0.4048364216582386 0
0.9642366392372091 -0.4586702526893693 0
1.015596661375826 -0.5159186635495614 0
1.06929543759955 -0.4572425210721801 0
1.018105014839672 -0.459072667116639 0
1.890939418388007 -0.4419747619220399 0
1.912561492057093 -0.3635548222755793 0
1.945753386093593 -0.4198999465921857 0
0.9814525852983194 -0.3532868158315814 0
1.080249907903367 -0.3533034488530747 0
1.030875537568606 -0.3535977172024157 0
0.8618526959957632 0.1187681365124808 0
0.8232117978152 0.1233615799303441 0
0.8582792845831357 0.08665163623201738 0
0.8426252835977901 0.1031536902038544 0
0.5597997465458862 -0.6037593173121397 0
0.6415541134890915 -0.4506960642789021 0
0.5996225837662533 -0.5202619256822067 0
1.08614322897467 0.09443915319904503 0
1.068999946373025 0.1116652790508313 0
1.052882766311025 0.09378799861239237 0
1.06922000072145 0.09487140704238033 0
1.718720709114069 -0.2562064087368956 0
1.684384677851902 -0.220055252040429 0
1.657469973025017 -0.2483944958710682 0
1.684819816997117 -0.2524139422409212 0
0.6497987326653754 0.2404629330046346 0
0.729019670208412 0.229872221915038 0
0.7437771450118883 0.301775924135913 0
0.6980378583197182 0.2736005222829884 0
1.021790707652111 0.596590050241786 0
0.9435834737247265 0.5498539208998393 0
1.007293427183092 0.5356582996724346 0
0.891454111710073 -0.2141369835591392 0
0.9211853359708378 -0.1560637786420071 0
0.8742304060161039 -0.1713406584766032 0
0.9068824465715243 -0.1835471561330004 0
1.574913561810372 -0.2948181028719139 0
1.603680484288484 -0.2543134396826707 0
1.572121055921467 -0.224119252165138 0
1.571529392980155 -0.258460309886493 0
1.088709657786079 0.1297047585765124 0
1.106731832455264 0.1085054002112869 0
1.109241795461043 0.1271195530244172 0
1.746675712541612 -0.0847264806593976 0
1.730774788820905 -0.04920309467197089 0
1.718258026260413 -0.07372033889142404 0
1.73782648696463 -0.06751336564095753 0
0.7729483264918526 -0.2520519022829885 0
0.8358181519311804 -0.2341532519571016 0
0.8217707684836495 -0.1840086718202713 0
0.7630763333828805 -0.1941430949018905 0
0.7984522397171151 -0.2160408717286876 0
0.9144131716578741 -0.2587176419957211 0
0.9443135643995473 -0.3049210360614816 0
0.9548530380486895 -0.2650114695574168 0
1.461182480500669 0.2813518298643031 0
1.435662376476777 0.323758779290868 0
1.39154873773914 0.2896472296971978 0
1.426031636723605 0.2870641831084663 0
0.4370257239993754 -0.2764205113803765 0
0.3250852861479976 -0.2719987056871387 0
0.3380699733333464 -0.3950830934625135 0
0.3807344304772023 -0.3290951915417465 0
0.7137574087335222 -0.3388926867307047 0
0.7019991321654275 -0.2670975716366566 0
0.7446994680355892 -0.2929130629656474 0
1.691078033325324 0.6872446532214576 0
1.661574230090771 0.5997755879547337 0
1.810472002667601 0.6646746360855383 0
1.730773870516793 0.6287370801609524 0
1.072191609611428 -0.09686156338233107 0
1.097674013382138 -0.08468221487852669 0
1.090174800687632 -0.06811059458251301 0
1.081412239854855 -0.08181180540858823 0
1.212322902573723 -0.4971828700598639 0
1.259170875221946 -0.4402340533778198 0
1.211683427954069 -0.3996367274758883 0
1.165427261954253 -0.4514121020285638 0
1.212176859004918 -0.4471653079551504 0
1.590286686734755 -0.3756170926345734 0
1.540986448718954 -0.3439324973658442 0
1.581364794898511 -0.3337710007952179 0
1.409853817941242 -0.1924497868775088 0
1.381231851737151 -0.1746738321869006 0
1.360780655140387 -0.2044849467679536 0
1.390778782753892 -0.2261846421525101 0
1.385743396352225 -0.1994032219088731 0
0.7422263856586053 0.16529327011822 0
0.7854708772278131 0.1741598174282321 0
0.790277915583361 0.2238355793792627 0
0.7605775813716672 0.1983251575072042 0
1.415470282539416 -0.4395316747725921 0
1.462702363401016 -0.5259340993868535 0
1.473258162895706 -0.4622949216592173 0
1.432911486581687 -0.4883741813680006 0
1.354324899531601 -0.4115545453847711 0
1.299032884748972 -0.3827751955877839 0
1.306734818021492 -0.4287921526758415 0
2.113440153915402 0.01137265706347571 0
2.050062226331669 0.08306506677412719 0
2.050078835864348 0.02381402935816205 0
1.329630945008814 -0.3291913326932176 0
1.384848847484502 -0.3436084984325742 0
1.388286686965202 -0.2852629081590005 0
1.348612384698141 -0.2855754798147319 0
1.36424237760805 -0.3106274285905491 0
2.256490235379474 -0.01911960231818847 0
2.330889889874023 -0.1164658805744755 0
2.422482591989403 -0.05114122597290267 0
2.336868054661745 -0.03526435167182482 0
2.001705522861939 0.6983115466030626 0
1.893052300889737 0.7860343724781852 0
1.917033989154803 0.6010974415461003 0
1.90395724143601 0.6879941077290976 0
1.166001429620403 -0.5484676275111261 0
1.118229554638712 -0.5058188679577567 0
1.074576586654925 -0.566844937375477 0
1.123327668444759 -0.5556818359203037 0
1.252355024884696 -0.350858449847218 0
1.21353308079391 -0.3156221635709178 0
1.170559562064288 -0.3570975816161008 0
1.212061519356722 -0.3557518798848164 0
0.9723105025033134 -0.05465217804296296 0
0.9917265375321263 -0.05064684426399089 0
0.9859203708968595 -0.03623044798206868 0
0.9713539331837211 -0.03900416167236449 0
0.9804608080845799 -0.04509189307357179 0
1.224134252079703 -0.1896444837476349 0
1.226241992149046 -0.1391459241408683 0
1.198330763777118 -0.1653442570769117 0
1.226258332056399 -0.1635061045640211 0
1.200349312579694 -0.1217517135475113 0
1.180323923955837 -0.1050896430806458 0
1.175900489535603 -0.14309357494539 0
1.178704183255409 -0.1230560573624968 0
1.600394633751177 0.003111929217499471 0
1.603265412342592 0.000404770329901818 0
1.606358881102887 0.002967027840384783 0
1.603686774539725 0.006757467949748744 0
1.603388772806469 0.003279744225398613 0
1.120095440190684 -0.07216917133957962 0
1.140136970512494 -0.05948926224900528 0
1.131221796119001 -0.04564879114652672 0
1.11175603271968 -0.05725701639636915 0
1.125807157575273 -0.05861690064913133 0
1.231483466056033 0.2600863796288372 0
1.204013525530453 0.2292216099285566 0
1.229713408494993 0.2032173421089384 0
1.258299563023114 0.2300756618231935 0
1.23084794606407 0.2305549062960288 0
1.593652300487554 -0.06670080751709885 0
1.613115968105088 -0.08175100108541992 0
1.623627657395547 -0.06165168043930844 0
1.608872638810368 -0.06469899346761647 0
0.9550045720949023 -0.008394271643025156 0
0.9700938669217211 -0.005093705309825436 0
0.9709694950190907 0.007814666852514668 0
0.9629042056981498 0.001245497578439624 0
0.1390150008257256 -0.07010633558000332 0
0.0695432906303525 -0.007302434637720577 0
0.08464736680401468 -0.180102028521523 0
0.07279629578185307 -0.09037415115268256 0
0.8739997919691798 0.4950568149752502 0
0.8810678250408951 0.6294084123672894 0
0.8755106061096487 0.5587142322368394 0
1.071723276445782 0.3491850575363218 0
1.130045498402306 0.3691187712227663 0
1.088700379605723 0.3928693183903245 0
1.054319097881816 -0.1319639966633337 0
1.082623019486256 -0.1164525257064409 0
1.042338740561614 -0.1088249033608375 0
1.062884256247662 -0.113533092306273 0
1.79681983779948 -0.2419103855968092 0
1.74774786905114 -0.2129325861272423 0
1.757834925760762 -0.2526847084863005 0
0.9054794241555247 0.142090571770094 0
0.8831455709821681 0.1315199727188574 0
2.238937309007231 -0.1672930959545612 0
2.301344070615013 -0.2792436499306392 0
2.407566564090942 -0.2256119856241045 0
2.319722990225729 -0.1972565746502479 0
0.8038471894009109 -0.7320348965442306 0
0.6283341087485245 -0.7151589167748469 0
0.7088599682526777 -0.8146090204004651 0
0.7180468265611929 -0.725984568472583 0
1.564667586984755 -0.537914054913048 0
1.515785883336515 -0.4906070099942256 0
1.509687551701643 -0.5409606782215518 0
1.888858390193061 -0.6573931199747967 0
1.857071037788291 -0.5214392092761782 0
1.811885614259696 -0.5974684150475609 0
1.87528014976083 -0.5870348216860026 0
0.9637762519963373 0.05390197216258266 0
0.9699392113587602 0.04068559907277249 0
1.592091580057738 -0.02404086815484908 0
1.581881267286207 -0.03600232951245412 0
1.58837956589004 -0.02988206352183216 0
0.8019336639552572 0.7163225824022067 0
0.7065722225360638 0.8068133591134261 0
0.6184684584419262 0.7081407527143343 0
0.7112726543965873 0.7156382441929308 0
2.224644911920088 0.2927593183720985 0
2.409517422665255 0.306573153012409 0
2.301413170992035 0.400069532576395 0
2.313918387755952 0.3038020805624569 0
1.047842409166722 0.1294571180917625 0
1.022935697591298 0.1483673511883727 0
1.006500304550372 0.121779708073857 0
1.03239844752995 0.1064901594002345 0
1.027388824265762 0.1262321516504455 0
1.362460416144517 0.3243582763175838 0
1.358156775915546 0.2907993681768068 0
1.899854810248172 -0.8180357374326774 0
1.818004860600126 -0.7341908950253622 0
1.896452894038009 -0.7346035161148573 0
0.2226130894476935 -0.4795900344082757 0
0.3252050487507229 -0.579082419815517 0
0.3241372102479207 -0.4795000427473377 0
1.46275864763793 0.03309163744433372 0
1.450364146755016 0.04779189236793158 0
1.438187851328312 0.03643134038844668 0
1.45052064638552 0.03483338687612558 0
1.746235977731306 0.4036505698541373 0
1.801232195122338 0.394583803250014 0
0.7798825865875975 0.009890389041396462 0
0.7670773025288583 -0.03844340383338363 0
0.8132103940611347 -0.04841049725308205 0
0.8225656066520942 -0.006981522911321514 0
0.7956081184374584 -0.02102406652263301 0
2.176668513789157 -0.07144466381998534 0
2.182979068144362 0.06612494536287464 0
2.182310369806518 -0.003252625368080043 0
0.7773649583585752 0.1337241201607321 0
0.8044441439376412 0.1487251297762124 0
1.0214876144467 -0.1496739924555848 0
1.006273799580943 -0.1213971946226033 0
0.9641840726738953 -0.1380618003098817 0
0.9938013696203728 -0.1446163939612761 0
1.609951118558484 -0.4714166049446143 0
1.631378828740538 -0.5850689240996811 0
1.673373431655795 -0.5104773727322804 0
1.619689534158999 -0.5262411926272285 0
1.756964617135129 -0.6629343752476857 0
1.685370373384172 -0.697149507594569 0
1.724273346449586 -0.8034395047285688 0
1.744690014806717 -0.7251603005920816 0
1.218848800926285 -0.2472058121077782 0
1.249376442824229 -0.2777085968030243 0
1.216025047807769 -0.2798067330665226 0
0.908995348586572 0.04125408137430186 0
0.8797383006098948 0.04922754396114208 0
0.8715992143491151 0.01586352633056437 0
0.8915894387285158 0.02868864483173808 0
1.424443874626243 -0.2504678950101059 0
1.366850033433881 -0.2563624911730866 0
1.39411117445535 -0.2553488613943601 0
0.3099347471747129 0.1628042963063398 0
0.3728203780451743 0.2716233164611019 0
0.2891629009822957 0.3654218218963467 0
0.1975786947971643 0.2650431289963189 0
0.2915688513638305 0.2647668004264653 0
1.04161113293636 -0.1747509739247648 0
1.038226409883872 -0.2001269988539958 0
1.42487872418842 -0.05977723680068554 0
1.410319501448768 -0.06326484647219915 0
1.410721923054063 -0.08684232729410443 0
1.433500930216112 -0.0781588031476326 0
1.419750544716711 -0.07249676673969661 0
1.453503538313564 -0.1731834644208172 0
1.424568236911652 -0.1594176388280025 0
1.441073631248692 -0.2090429825527724 0
1.432313527186946 -0.1835232849604589 0
1.166797198854483 -0.1921000581846127 0
1.146321729631482 -0.1640790434398791 0
1.171388745651477 -0.1662843569577186 0
1.099170120622819 0.0783510915952579 0
1.11807399637324 0.08797323492806515 0
1.102847262395976 0.09236522188024705 0
1.040953334300767 0.1749867623203145 0
1.066876858075653 0.1519785571399042 0
1.064959631219073 0.1760562735923881 0
1.233977067582668 0.4137037573061677 0
1.189489034472159 0.3592474116158702 0
1.230554156749261 0.32695473063064 0
1.268869592914704 0.3648323362037021 0
1.229694535758948 0.3665572518189094 0
1.20048216296843 0.04795122789464878 0
1.188680672098082 0.05882943197114077 0
1.176430386935345 0.04703207418033838 0
1.188488030055951 0.04753666089579291 0
2.165730051245413 -0.13791450773079 0
1.473720122640934 -0.2198268710731311 0
1.451536938159073 -0.235804226471463 0
1.333535930548599 -0.1831737944302858 0
1.356078128862209 -0.1566805167899638 0
1.334976346836863 -0.1374932642815314 0
1.333517253855249 -0.1595172955036548 0
0.6268813389384766 -0.3599594241605719 0
0.6794749398884573 -0.3912498481066835 0
1.629448879664391 -0.2219468533386381 0
1.653805550540636 -0.1924328441235815 0
1.626313233775141 -0.1677911699065226 0
1.602219945207816 -0.1949241062220816 0
1.627931873648251 -0.1942561024080521 0
1.666959887479587 0.3745974087146203 0
1.590377595257624 0.343115365322791 0
1.67708465739201 0.305274602808627 0
1.639409043015623 0.3283311321246178 0
0.9367176386411198 0.1278273561955251 0
0.9514775357367166 0.08711428420947714 0
0.9645212214471778 0.1128898700263434 0
0.9444505210038624 0.1066316709833736 0
2.213429057368595 -0.5825634005982192 0
2.225493631478379 -0.4368096348771717 0
2.158663007877772 -0.4917919043021191 0
0.5108845932578664 0.7973214827325931 0
0.4175632232909513 0.6836631122702992 0
0.5214871131397356 0.6949379390172928 0
0.9952363900051604 -0.02855723453758525 0
0.9883836223261174 -0.02321070811150573 0
0.9821904029004688 -0.0262826861249809 0
0.9881647912308691 -0.028758772590827 0
1.697190747625387 0.2680656346802602 0
0.8618744222125051 -0.1307867939070813 0
0.9050722104675957 -0.1216827865895591 0
0.8929738483736441 -0.09014399664964928 0
0.8546043979380754 -0.09252625554838598 0
0.8786485000783779 -0.1088587647707352 0
1.107817364396284 -0.1020727774040354 0
1.130579937678376 -0.08795827877224323 0
1.11404809490193 -0.08669216357855052 0
1.155514063526397 0.673436085569166 0
1.098322663062132 0.6314622076225218 0
1.153936342350415 0.6170865283267004 0
0.7733221762393006 0.3700813557160176 0
0.8070644194791835 0.2792804507508432 0
0.8366521689142106 0.3339483307272775 0
0.7901163127835941 0.3214465878949437 0
1.372571813827173 -0.1003346474105657 0
1.388089038296982 -0.09062161674657859 0
1.378854118105381 -0.07138675535127267 0
1.361832730572787 -0.08464620776939633 0
1.375468497998259 -0.0864040828672029 0
0.9203664770658948 -0.4000211894575458 0
0.9326177509821527 -0.3500389257980192 0
1.708396312513427 -0.1858405899011263 0
1.675142685969305 -0.1621549090483555 0
1.680483838181087 -0.1900400573515342 0
1.218514643306037 -0.1016857583048588 0
1.222771968965162 -0.1187646466148719 0
1.337148589779402 -0.2347628410710582 0
1.307890398791827 -0.2117067139617964 0
1.334825577292822 -0.208520108092154 0
1.444338611544831 0.186380106061499 0
1.478481873509951 0.1997066730081188 0
1.474453906057796 0.2383086096909851 0
1.45748883011465 0.2107046513992459 0
0.9695555035817536 -0.7279344804432393 0
0.8906175188817983 -0.8178406340314391 0
0.8877229415821603 -0.7330921374210881 0
2.198922169626174 0.7021547860095568 0
2.099129656237138 0.7992772231401479 0
2.09999282443707 0.7017694802698206 0
1.121285868017694 -0.4042217403897687 0
1.12707021106261 -0.3556073695545043 0
1.761368641057968 0.1185226374226537 0
1.766256300167123 0.1601027282393383 0
1.745520338570087 0.1418129936737428 0
1.619886374480874 -0.01636557830564931 0
1.614211437976549 -0.01449242278379851 0
1.61869893372609 -0.02474694019275379 0
1.615861461816041 -0.01870242014226995 0
1.410723207280755 0.06570738297358507 0
1.397153731270163 0.07927206867433696 0
1.385893799821379 0.07067461307290686 0
1.398445071240315 0.05430354519795454 0
1.397982698489782 0.06722840097594179 0
1.925490172533834 0.5233465156298271 0
2.3683938877825 -0.4122284946014915 0
2.272361190937426 -0.3612726264856532 0
2.399990165201391 0.5014858627923839 0
2.297970371438044 0.601991797495634 0
2.297364248978762 0.5011850927839361 0
1.534401591310964 0.02076631435811948 0
1.523892060297698 0.03417010131144194 0
1.510995711314129 0.02516391533721098 0
1.522802338749152 0.02301791740493066 0
0.5421205910212903 -0.01252287616889507 0
0.6000308546769295 -0.002530358500959692 0
0.5671724608841759 0.03240065295422665 0
1.172274012558447 0.1454873594366929 0
1.167894220825976 0.1680354127831953 0
1.156992852070457 0.1540083656643277 0
0.9016958391640929 0.7989969791809876 0
0.9749371302100734 0.6885892952049815 0
0.8914469529122202 0.7086575798915398 0
1.814203061011754 -0.1906080861150712 0
1.855581303042936 -0.2685081557353774 0
1.866175172199355 -0.2114853828651584 0
1.833227050675965 -0.2280342599148678 0
1.813800239895917 0.162088961481209 0
1.782848299874152 0.1866745194332576 0
0.8428342265085746 -0.1557051219198471 0
0.351818667195608 -0.1464393758768834 0
0.2393274752674951 -0.1109241238668521 0
0.1942595813476824 -0.2426438065836517 0
0.2777402994438194 -0.1949939748592971 0
1.690872253632162 -0.05972570145713119 0
1.70452539650678 -0.03745220931963792 0
1.682434337453906 -0.0282495690017397 0
1.671291732320145 -0.04257188585051015 0
1.68703636210946 -0.04224513586829932 0
0.9508100553304504 0.1573478747962925 0
0.9280951788027477 0.1505543770009757 0
1.029683138564371 -0.6413419343163523 0
1.073583659926626 -0.7995641637849743 0
1.050206138054875 -0.7140208614564822 0
0.9416417502010836 0.06181381799022963 0
0.9254612416065181 0.05236899107968025 0
1.180047053757716 0.1990581229524514 0
1.176412331092324 0.2566456103011837 0
1.177226892871295 0.2272489687715543 0
1.586500175764549 0.5251751111796346 0
1.602275377597536 0.6541999322330383 0
1.592737182808085 0.5910902033875305 0
1.267439654782404 0.1525145838555744 0
1.294602096994719 0.1654066836069132 0
1.281699458022113 0.1986353452450546 0
1.251354976131027 0.1774148777027737 0
1.274221558577856 0.1735139024031171 0
1.436624237639416 -0.1272678540557948 0
1.463448036974324 -0.1407204437738783 0
1.472684860147406 -0.112503449179888 0
1.450555041958989 -0.09855538673496603 0
1.455610001440168 -0.119515486219667 0
1.206273773001015 0.1783787507281266 0
1.228571051682685 0.1788934263702153 0
1.285700849711336 -0.3063064001266053 0
1.291698207876147 -0.3422997131661811 0
1.312708589529196 -0.2675389127985032 0
1.280108544744804 -0.2429977097028816 0
1.281943810261501 -0.2735699294431598 0
1.393925235440956 0.912583344034568 0
1.204246551546898 0.9092593301680105 0
1.298702754123842 0.8274364445342024 0
1.299269696700787 0.9123293386079065 0
1.778999626412585 -0.1254748113716841 0
1.760844670659331 -0.1025763057185102 0
1.658726604142926 0.8017107780715722 0
1.547846029285058 0.7356392058999423 0
1.626693733730972 0.7206939384432858 0
1.164245946855833 -0.08915457572001176 0
1.151020809189361 -0.07400475767577198 0
1.147291165480707 -0.0888578160544702 0
0.5677311549383811 0.2647826449567097 0
0.5980919241077166 0.207624098119968 0
1.584573477998828 0.906373362535242 0
1.477055209284256 0.8245660480432349 0
1.488840688305948 0.9109049200135477 0
1.737638791318723 0.04527979936110553 0
1.726487810014427 0.01465436328461216 0
1.758323479448255 0.005688898989127328 0
1.771298557493575 0.03698534267115128 0
1.748414716644523 0.02569041506775012 0
1.931555770753103 -0.1035159188726729 0
1.933582586740883 -0.0592089576570826 0
0.9572423196448463 -0.02503143332109296 0
0.9480766881054727 -0.0190490863549883 0
1.597622698445751 0.005218731788106992 0
1.595694937113471 0.002924614528277484 0
1.597844272591074 0.002883100585571423 0
0.9911504996971676 -0.904363010579765 0
1.193183961643762 -0.8916963842263876 0
1.089970588699437 -0.8976492586125762 0
1.217285235388765 0.7448772106441474 0
1.380863508684212 0.7465658399413272 0
1.297857092201654 0.7476413032466648 0
1.09660549015439 0.2985791853174448 0
1.151108790889826 0.2845816459014724 0
1.136551892477322 0.3167772208200588 0
1.126140854413646 0.2896488290365034 0
1.749626089150324 0.07986266246201161 0
1.786026483834659 0.07015528706234377 0
1.802737865479319 0.1097065283606775 0
1.774941838692602 0.09445737718698162 0
1.609949079508552 -0.001889986334132713 0
1.611822847388478 -0.0041040132640757 0
1.615210995913705 -0.001839578854312952 0
1.611012757016229 0.0002399033971606089 0
1.612056765932423 -0.001966976316746687 0
1.402062969739753 -0.8932759368336557 0
1.608604864979296 -0.8923139581252914 0
1.505048027238139 -0.8919250402425944 0
1.298595204062854 -0.8917789949799358 0
0.5342005699331351 -0.2803127425446174 0
0.5453802120520589 -0.1939050661385793 0
0.4555310207791115 -0.1740437059662394 0
0.4930342302477601 -0.2313391321477603 0
1.006465250532228 0.8973727911978603 0
1.1212832259145 0.8116255885224488 0
1.10749951958397 0.9031469383584463 0
1.169193647210603 -0.06039402010094692 0
1.158150302887864 -0.04689469022765599 0
1.154623739319762 -0.06015406481142832 0
0.9532486350218086 -0.07484439908625981 0
0.9740190853788188 -0.07197785516955159 0
0.9623136132550811 -0.06385034204742837 0
1.744660580723254 -0.02345044160714668 0
1.792710160102439 -0.006446316765925801 0
1.767766587892414 -0.01560724406626585 0
1.386377892341034 -0.1100918863675059 0
1.408771906044252 -0.1163511383056669 0
1.398970599181745 -0.1006217572700846 0
0.7995740336075886 -0.9080403946169769 0
0.8951958829500306 -0.9075756981932075 0
0.9430519117827438 -0.108231178529008 0
0.9337462221768635 -0.1308017138578224 0
1.786611043914864 0.8914472386030069 0
1.682977436641627 0.8983765397307948 0
1.449432163864072 -0.3672803317980561 0
1.401344649161664 -0.3891919129788817 0
1.040119992063719 0.03791537806011158 0
1.03542617106346 0.02627546967605431 0
1.055307087784804 0.03408663331070667 0
1.044290791150158 0.02981828328949 0
1.715633427708322 -0.0130297996692309 0
1.723808091070712 -0.03081922910479315 0
1.645826458760301 -0.4058699766610316 0
1.709909998022257 -0.4391854436326933 0
1.692028005285743 -0.3873407370568022 0
0.9292812264340408 0.2629306020475057 0
0.9867826279770787 0.2444842784809409 0
0.9611644972081829 0.2578093051236703 0
2.50875843576114 -0.156635497943306 0
2.606931416274961 -0.07682737398380318 0
2.51433484998206 0.02627992362999631 0
2.513043449196382 -0.06479428758706042 0
1.464807904020919 0.7431051811872625 0
1.011508186035988 0.1969047214063115 0
0.9954201308636996 0.1677763158236973 0
1.017776017599757 0.1720161062172203 0
1.213508325153505 -0.07288910414090315 0
1.226444396341157 -0.05914687287046321 0
1.212230329280751 -0.04702906267674938 0
1.198293563814372 -0.06020442319332026 0
1.212583412093478 -0.05978563636167358 0
1.400475987366397 0.3619117551589602 0
1.333120545227435 0.3560085536520363 0
1.364207513030743 0.3577757643938123 0
0.8023545134499561 0.9014782684877375 0
0.9034934520379602 0.8983816300496397 0
2.607816019433199 0.1128065534163498 0
2.510472896303913 0.2115047905358849 0
2.513439520908212 0.1184494119647054 0
1.415386474983207 0.1686063931260287 0
1.428776744228836 0.1446679402370625 0
1.452311360246471 0.1589676453779663 0
1.435120733011979 0.1646158025838668 0
0.6062904081131887 -0.9038405128359017 0
0.7035879096883336 -0.9065822259473176 0
1.580615543812795 -0.1667420300379958 0
1.551833377574921 -0.1862203110483036 0
1.576227821411512 -0.1932040358537848 0
1.997609173798436 0.8964939140512251 0
1.893253953886931 0.8923505261326505 0
2.490462158135621 -0.3450392503487986 0
2.599000616685941 -0.2675147254415606 0
2.501400761749317 -0.248885577611084 0
2.604435799299473 0.3052044182809252 0
2.503270022473707 0.403382872782814 0
2.506823485806146 0.3066106492947989 0
1.882135600363525 -0.3135923405635341 0
1.805704533669861 -0.9051038069705406 0
1.709237841817721 -0.8987567289720407 0
0.9890305317559416 0.09659017182312132 0
0.9795597776025707 0.1398783826371923 0
0.9851392540883044 0.1176048051673291 0
1.371441971400173 0.1715169427056497 0
1.391106745100512 0.1482943770677778 0
1.394155311881029 0.1710250488185656 0
0.5883860324348674 -0.05489280276127313 0
0.6470020577607692 -0.07289495005889342 0
0.6243392051998999 -0.0365193811657064 0
0.4296416526356969 -0.6884936931135934 0
0.5176537646246888 -0.8010755101737856 0
0.5331831742254817 -0.7006540167722184 0
1.325936391909415 0.1636963000797396 0
1.298488403189556 0.1410601243601647 0
1.316482583175782 0.1398421792398069 0
1.308944971820605 0.1532029533398916 0
1.080899495544854 0.707982463952425 0
1.142216889443809 0.7352091962685716 0
0.9687308660313455 -0.08918377740517745 0
0.9255291292275046 -0.08265492960876854 0
0.947889065459086 -0.08891317438749458 0
0.3881673244145937 0.4444894583566739 0
0.3079698734537755 0.5724689836422577 0
0.1991834676321575 0.4786212620197978 0
0.297632269082687 0.4660077122921856 0
2.2731121469488 -0.7933625423443074 0
2.357663083983069 -0.6735795246595081 0
2.250410483483983 -0.6868445784373718 0
1.555796994273142 0.0158535786215989 0
1.546404918155604 0.02855304801413537 0
1.545579604055922 0.01837859546097424 0
1.213593422605102 0.09689100497359897 0
1.232433716254747 0.08630112287313145 0
1.245128974281938 0.1021679993717134 0
1.229102356110695 0.100834639505812 0
0.3065536025385873 0.7915088177866225 0
0.2043794132004266 0.6884656398040414 0
0.3100387670704674 0.6829310290181322 0
1.676032756352634 -0.08546861900353767 0
1.697574185858624 -0.07973068958427409 0
1.504661549484519 -0.4013318125077217 0
1.496852728264753 -0.3535658422341664 0
1.598127201196132 -0.008352281272075334 0
1.594531057311805 -0.006326586659338698 0
1.593039671378686 -0.01065227942408432 0
1.59703490872861 -0.01223290035657475 0
1.595675379418601 -0.009360382476921926 0
0.2676308474984914 0.02260852060608402 0
0.1484499765913061 0.03767330618153911 0
0.1994588274548865 -0.02863916847201133 0
1.00494730515907 -0.0211144959207606 0
1.001367641159398 -0.02534777466147107 0
1.631877016046019 -0.2500361939702967 0
1.828194813907929 -0.1422938268629025 0
1.873801867286474 -0.1641532761580986 0
1.892480488403061 -0.131908297002606 0
1.8606463672793 -0.133178586086183 0
1.470923101210017 0.1238538596310427 0
1.459422864559501 0.1375051587367286 0
1.441369438917947 0.1243620573366559 0
1.45534676332954 0.1065520689299599 0
1.456701061901345 0.1227265228376348 0
0.816798621993987 0.4347281261572311 0
0.7574407931441207 0.4243963360633179 0
0.9731274856261215 0.1629048176711935 0
1.59724077769426 -0.02210263874022927 0
1.600084705061588 -0.01804172839067746 0
1.601548489444883 -0.02203194804213742 0
2.110916747274561 0.1391648527816604 0
2.043385812962184 0.2016063186971718 0
2.047649061785789 0.1426554473996855 0
1.51882394802411 0.3090182709798016 0
1.55638715493422 0.4053293988945269 0
1.489328279235267 0.3621700883498949 0
1.538927157808851 0.3544583322939587 0
0.9084874563808158 -0.4553724912875099 0
0.5061037840220195 0.3676463597625827 0
0.492309065411375 0.2942756605023181 0
0.5390774439609475 0.3193279465738316 0
1.585510864067464 -0.005311349892983701 0
1.578205155033769 -0.006683289565106746 0
1.582200647546299 -0.006079698425159139 0
1.105216414089276 -0.04327109501249032 0
1.123853043409505 -0.03242180492427289 0
1.099614912254313 -0.03030975301367958 0
1.111558944662667 -0.03146283016675532 0
1.58011257882958 0.0290685663325302 0
1.57278946401037 0.02489813856099709 0
1.57683291340056 0.01549577763415444 0
1.578562742602241 0.0219240273298209 0
0.9959786073122125 0.02031034954656974 0
0.9926071853673221 0.01704263544433928 0
1.077042829575441 -0.02704253355970087 0
1.081431246171274 -0.03916221321992042 0
1.087987774201388 -0.02875643081727825 0
1.602671728689991 0.04951357630972459 0
1.590066074764525 0.03800402944336913 0
1.599777728815201 0.02562300038467676 0
1.614448597939948 0.03427285689728657 0
1.60169838914764 0.03653559151944279 0
1.523132585490032 -0.03078642255439332 0
1.511324965567616 -0.0436477822363305 0
1.523435310886262 -0.05663834799025137 0
1.535778184555604 -0.04391953244047496 0
1.523436658004726 -0.04373589721791203 0
0.4372846223129296 0.3456542670113428 0
0.4394110807140828 0.2799180557116604 0
1.095614405599808 -0.1355155716054787 0
1.070279241750579 -0.152937112343023 0
1.108444810855419 -0.1539946834013271 0
1.090719970324447 -0.1528091911307474 0
0.4075107463189434 -0.8983461404723597 0
0.5077567233134105 -0.9007968290168977 0
1.965043399896355 -0.1602188699509267 0
1.914595261560322 -0.1708374505839502 0
1.926167148381086 -0.141379634689255 0
0.09880771910615782 0.3856637131548342 0
0.09268673952285458 0.1730441935267072 0
0.09824646304083473 0.2792983529463335 0
1.601705526198514 -0.01024816303905627 0
1.602951824996285 -0.007177052392470669 0
1.599510973765434 -0.005149612019119836 0
1.600565822414433 -0.007717231843295335 0
0.6042504685788102 0.9011169889399582 0
0.7032147886921442 0.9023284687329645 0
2.199587607855716 0.9000955979989436 0
2.099136332926191 0.8989926322239123 0
1.995365680687529 -0.906883207361763 0
1.900351802198938 -0.9074905122800569 0
2.467568593283783 -0.5582029851028534 0
2.585950101971669 -0.4677828498685977 0
2.476540920536655 -0.4467309720621123 0
1.804515941342006 0.02667831245940401 0
1.81931973287384 0.05384188894657803 0
1.794882465010461 0.04722957014842077 0
1.35571156182292 -0.04189019683938631 0
1.367664076333415 -0.02867746923531703 0
1.34404944140948 -0.02946478962919314 0
1.355760882017617 -0.02914315235057281 0
0.1101862137392825 -0.3799747619793723 0
0.09883145614273162 -0.2763049797503935 0
1.487053843958979 0.02929075621114074 0
1.474962508405409 0.03125262384986389 0
1.003270572512933 -0.01135421495170776 0
1.002258567378862 -0.01358459580549142 0
1.004929795625465 -0.01547613471204144 0
1.004128855668115 -0.01349223098943207 0
1.605030231843994 -0.0120478499689313 0
1.610010916598988 -0.01150852499922753 0
1.606408306837649 -0.009186274400885396 0
1.607307343721448 -0.01175946380659744 0
2.601170146634889 0.5016873631526082 0
2.499992450334267 0.6011778815926728 0
2.501076053977506 0.5018770463862596 0
2.701772974093425 0.4022141466331957 0
2.800643527415332 0.5008436213574851 0
2.700448296944825 0.6007892869606896 0
2.700997111485735 0.501354481989239 0
2.795808914788478 -0.4899050106279637 0
2.695082360714713 -0.3797444657136891 0
2.690447420805294 -0.5842255748921159 0
2.691904900521074 -0.4807169306978107 0
2.583734871566928 -0.6816192567658869 0
2.693426577345618 -0.7929039327754703 0
2.79541137347261 -0.6935619162757511 0
2.6908966402301 -0.6882395776380191 0
0.2132075945255888 -0.6901932467688022 0
0.3132413215901884 -0.7933270845807895 0
0.3212904622652681 -0.6865367346392146 0
2.900178943901211 0.600248424504265 0
2.900040211699009 0.8000856083235396 0
2.800160883258533 0.7003159108280582 0
2.900093512348895 0.7001572657652259 0
2.800020572773764 0.9000870888441966 0
2.900015059035949 0.9000422372205188 0
0.1009900263378095 0.5918308473992309 0
0.1014598726579181 0.7965775643283829 0
0.1016530673490981 0.6942570143932756 0
0.2042225171772946 -0.8975736282386602 0
0.1042880326105793 -0.7969685673953543 0
0.1021239181575453 -0.8986251209816797 0
0.2018448922251354 0.8971296411195604 0
0.1008264058596256 0.8984277357832009 0
2.900481654763612 0.4006364914870102 0
2.900321113798602 0.5004213651170604 0
2.299373685382201 0.8009370877417427 0
2.399805627278091 0.9003916448903874 0
2.299710450074102 0.9003835467650948 0
2.900829475704191 0.2014340503087381 0
2.802231981293601 0.1046366528674446 0
2.900861557702885 0.0027112105279791 0
2.900957995872672 0.1021438272741495 0
2.798906119635462 -0.2895055159978061 0
2.701525899841693 -0.1826983068720163 0
2.698585278594379 -0.2801642290706409 0
2.188773521996187 -0.9009339070087357 0
2.389217883607623 -0.8950031428853632 0
2.287947141669036 -0.8973590312927094 0
2.09122768775942 -0.9044586849380342 0
2.594342966541372 -0.8952858094668306 0
2.482042160800712 -0.786568665443319 0
2.491475851674542 -0.8943177164856251 0
2.798170299113258 -0.8980196301753618 0
2.69651720695764 -0.8965956736560243 0
2.3992614262938 0.701135070335134 0
2.298856278602233 0.7015987033416823 0
2.801549205558602 0.3021901678876614 0
2.900700471854734 0.3010388199198418 0
0.4042147530695894 0.8970832342236775 0
0.3031337675573664 0.8964822135147122 0
0.5047350490201509 0.8989092118475694 0
0.1090063639311332 -0.5919418354806211 0
0.1117718964973774 -0.4868491520153687 0
0.1065573820338783 -0.6948301969029534 0
0.09975224232064095 0.4891780509637518 0
1.608769852869688 -0.003584590108946531 0
1.607803873483482 -0.00621803187884565 0
1.611842846504489 -0.007920473117082355 0
1.610148153811973 -0.005474007804611433 0
2.801579816093992 -0.09209115235561414 0
2.704413807540997 0.01131049682959292 0
2.703545732900134 -0.08532827021162208 0
2.499780006195928 0.8005911664067069 0
2.600046424773715 0.7006743568300046 0
2.49974432520437 0.7008737937770244 0
2.471489016886513 -0.6738038762031195 0
2.703775042205615 0.2057312450855656 0
2.704480632931995 0.1084737041097434 0
2.700045552597528 0.8003006791079613 0
2.700170641550803 0.7005055545423533 0
2.702838359292967 0.3037648697458592 0
2.599964276543804 0.9002174922789797 0
2.700006722271483 0.9001481206125875 0
2.900106995612886 -0.1958796089543131 0
2.898745853376822 -0.3952754566712226 0
2.899438748474577 -0.2952964071141408 0
0.3062204386311916 -0.897320778721119 0
2.900615000736535 -0.09642281079489687 0
2.898530068562915 -0.7981332589133248 0
2.899195533940574 -0.8990637090797 0
2.897946012636709 -0.5962421260145913 0
2.898165578836621 -0.4954693311093923 0
2.499888552688425 0.9003033357045931 0
2.898029770554289 -0.6970705930358353 0
1.608193071886456 -7.424069825180233e-05 0
1.606080995969023 -0.001900554687197296 0
1.608166713624073 -0.001856255681761192 0
0.9923805182001088 -0.005867411307878422 0
0.9955647580652028 -0.009056253619218628 0
0.9928876642370768 -0.009307352207855895 0
0.9945757074805978 -0.003184065158109961 0
0.9972340484395731 -0.006011772342411593 0
0.9983281017093982 -0.003306861099950858 0
0.9965404521136864 -0.001387259849705064 0
0.9966824322879142 -0.003493659781724237 0
1.596425156822165 -0.01683489893716767 0
1.600871188068982 -0.01383392428078958 0
1.598604802502262 -0.01512561849439482 0
1.603010148966918 -0.0127883396836529 0
0.9979761713397772 0.002217102123519855 0
0.9951260359168572 0.001514778585780754 0
0.9985480161718548 -0.0009560620263801804 0
0.9970561808557026 0.0003746234715490457 0
1.589026784970703 -0.008522499094140337 0
1.591970111399635 -0.01637710550844746 0
1.590177258494346 -0.01255217975318432 0
0.9876734121858248 0.001604004735037881 0
0.9904071088885732 0.003453005743267287 0
0.987746839566857 0.004004771063646672 0
0.9924388451587142 3.457802246055823e-05 0
0.9897437589777542 -0.00220804220247313 0
0.9922732671730787 -0.002784986730891348 0
0.9990256730341313 -0.01165680476322335 0
1.000339945733219 -0.008824803690605072 0
0.9980377981783021 -0.008853743652525467 0
1.248421837156295 0.04948515667224054 0
1.235896133113651 0.0611372928542675 0
1.224232775384903 0.04886152706225495 0
1.23621461926505 0.0492625912617319 0
1.163899331567725 0.05770479079490773 0
1.176317481298971 0.07081974918809458 0
1.159274694291305 0.08188620972764381 0
1.150113736666563 0.06709329500109232 0
1.162611575680648 0.06955862771449582 0
1.272930011873364 0.04921522848852421 0
1.260949246462501 0.06179954028484155 0
1.26061806406921 0.04947509632305007 0
1.212050743167209 0.05945188626651828 0
1.21229141752899 0.04837526175999379 0
1.321885179729159 0.04592542518643056 0
1.345362751210259 0.04272435145183519 0
1.336228971581668 0.05505518019212483 0
1.333828373820354 0.04444529015174787 0
0.9971736841143799 0.005774518819766161 0
0.9936647944947309 0.004899343399613267 0
0.9948332130354192 0.007285532317420723 0
1.601068621279238 -0.002335827683986096 0
1.60441530515139 -0.004384199385791781 0
1.603669226030923 -0.002069976649090411 0
1.596109000667704 -0.002953538837293367 0
1.598562333398803 -0.002637239861782228 0
1.321017000097213 -0.03020419832612036 0
1.333034342037783 -0.04113811532115101 0
1.332480402807836 -0.02975848787026865 0
1.366226413923719 0.03999768475236916 0
1.387755465621887 0.04138852743804722 0
1.371072061475542 0.04991878764652991 0
1.376294321321277 0.04051765599516122 0
1.199768020698245 -0.03468168311764568 0
1.224928234347724 -0.03450688472916814 0
1.212407530112911 -0.03465041634742835 0
1.605388095363502 -0.006737634475258819 0
0.8694499048307156 0.06902673738878669 0
1.062725473160378 -0.04475617343564533 0
1.085148236710363 -0.05280929131261643 0
1.073178354674002 -0.04924156810971425 0
1.297508544989303 0.04803763004047566 0
1.28632236315846 0.06101029722738376 0
1.285205971171073 0.04874432813682187 0
1.599548297263581 0.009213081228556691 0
1.594918927903689 0.009274753404067934 0
1.594837417599134 0.005457997739059333 0
1.596701896624719 0.007326791973535499 0
1.152381305362479 0.04519696204666567 0
1.164312255987572 0.04622681194388115 0
1.094695491505616 0.0525948219861099 0
1.081084952421395 0.03892202188237331 0
1.105824680542772 0.04120206162108278 0
1.093663984404048 0.04019539973142593 0
1.591100430172377 -0.00389884709606411 0
1.593645543660898 -0.003378092755979367 0
1.588431935061668 -0.004581568654181783 0
1.427091704442019 -0.03577725466361425 0
1.438722344724545 -0.02255210374526981 0
1.415341830351244 -0.02448341100773128 0
1.427002678740273 -0.0234457070270955 0
1.380024606822724 -0.04156980897734452 0
1.391714160192403 -0.02696161676840735 0
1.379684869821902 -0.02798122571168543 0
1.311415499579006 -0.04181763796757065 0
1.298007798046306 -0.03161938282433872 0
1.309593987545299 -0.03082759073129362 0
1.510496915615677 -0.01799805912572695 0
1.486477669478956 -0.01925693774605755 0
1.498876523314474 -0.03136380962793499 0
1.498480935803978 -0.01857094381641537 0
1.148961552770429 -0.03375537642609521 0
1.13634079728401 -0.03318351385540678 0
1.474703255836531 -0.03302466350776458 0
1.462501089504415 -0.02093392041741266 0
1.474492075688607 -0.02010713825778629 0
1.264058384989965 -0.04561338660010987 0
1.274239283541522 -0.03310331166335555 0
1.24978835924033 -0.03401864961574588 0
1.262107110701433 -0.03362724915395154 0
1.500056322193077 0.03908696781750972 0
1.499079047034634 0.02726429577186616 0
1.424732009972506 0.05107242793713314 0
1.413300994399667 0.03944955359919364 0
1.42582212860124 0.03797151748411853 0
1.586808587548008 0.005840361831763475 0
1.591625307632255 0.004105014507002642 0
1.59077320519227 0.008013500779403254 0
1.589341721931319 0.004940049241606024 0
1.238489647422289 -0.0464075344462637 0
1.23743074527375 -0.03430651613412967 0
1.59372948974942 0.003379252133181332 0
1.356086435647947 -0.1169481578883951 0
1.342209184819583 -0.09852821798108824 0
1.317429141498996 -0.1164587631008314 0
1.337643639229732 -0.1171393343954223 0
1.476071307926886 -0.06005885618144059 0
1.464346664279837 -0.07743481685187441 0
1.481751413286542 -0.08961038826371727 0
1.490508715366005 -0.07134724675205506 0
1.478142540091835 -0.07456661651182568 0
1.45045404408411 -0.03465042562149755 0
1.450561502507494 -0.0217813279756952 0
1.40437930357469 -0.03862644179822447 0
1.403612867490463 -0.02574033634228387 0
1.288687118169567 -0.0440680676487645 0
1.286264546908343 -0.03240699401579105 0
1.618952162874949 0.09219377547370405 0
1.605053302520685 0.1113800766491758 0
1.588221300543673 0.09461613850770054 0
1.603325373466289 0.07827944667623775 0
1.603855456856065 0.09411759477197781 0
1.000583155492158 0.006154479689495041 0
1.004555173023901 0.009452261343931732 0
1.00242655196646 0.007917271963038465 0
1.125619925031183 -0.1587118444973436 0
0.9042866932471323 -0.07345680432571293 0
1.311611038295279 0.0589014826484596 0
1.309741112599093 0.0471140405000214 0
1.548914404335035 -0.05734164697360825 0
1.560481192993895 -0.0428533974196102 0
1.547666707904793 -0.03147759383591094 0
1.548219912888845 -0.04386837947612723 0
1.200419860877226 0.06921480933747379 0
1.192453903749144 0.08058991973460111 0
1.189203791623888 0.07001165227752379 0
0.8593693981634802 0.254968886283807 0
0.8241641435486 0.2422439018679604 0
1.495764377032188 0.2702650771815543 0
1.189335177594134 0.1002743110240414 0
1.20777278239574 0.07993947404756406 0
1.200614317414556 0.08979557565751618 0
0.8482105726913188 0.004518877723165912 0
1.646122236208168 0.05754010105160792 0
1.632341284843529 0.07468423617447645 0
1.61702267399396 0.06194545773626473 0
1.629895728681001 0.04564816106622254 0
1.631329073174826 0.05994303474667115 0
1.118394692766463 -0.454677029239023 0
1.275104473907164 0.1015422482300452 0
1.261052085869135 0.1175910718947887 0
1.260640809972912 0.08797995570966502 0
1.26046898243378 0.1022912757983364 0
0.8786976122154215 0.3854842850279596 0
0.8754285021826675 0.437336002500102 0
1.552972301463662 -0.1198214320030883 0
1.537923250783324 -0.1271656498360659 0
1.54295237187078 -0.1526113052876036 0
1.565108183057474 -0.1404852678534757 0
1.549839355372566 -0.1352000236807905 0
1.001240594736133 -0.004404102595085091 0
0.9997758034515879 -0.002654104096329882 0
1.643561775508741 -0.01111862067145205 0
1.663063776005694 -0.006624101901829351 0
1.63682855249572 0.005483385792656427 0
1.649691667848098 0.0004678341725533549 0
1.358042717618591 0.04907825153670867 0
1.356217017312403 0.04094479587867735 0
1.326542571243277 0.0690717866802374 0
1.315504055953538 0.08403832080449164 0
1.300444359383938 0.07264228806775065 0
1.31353879673883 0.07116361758487601 0
1.140397801751024 0.05468192496824514 0
1.129141480310222 0.04299354958985627 0
1.140655172426783 0.04403637199936786 0
1.30350177591537 -0.05412679504173226 0
1.317863319764266 -0.0615499462377024 0
1.323345721688622 -0.05115580207673731 0
1.313887766702443 -0.05213101624511744 0
1.400490806303068 0.04084833184555475 0
1.646862505832724 0.08802004462977703 0
1.663816801556508 0.07186312069570075 0
1.654122243611742 0.1061694592669942 0
1.661469826927384 0.09037435977507483 0
0.6344606928627551 -0.1340953717991446 0
0.6994297723578689 -0.1398734494592938 0
0.7056587241687453 -0.08256964659465045 0
0.671706062622219 -0.1075009700061003 0
1.451562709744099 0.07523012192851035 0
1.437311688989533 0.06300806771098505 0
1.450698711645514 0.06121190896115637 0
1.535030837715192 -0.01848709399583771 0
1.559185159419042 -0.02114473134174631 0
1.547591422975968 -0.02015863271095346 0
1.279277003714634 0.1313983349890547 0
1.263221422183179 0.1342601678012078 0
1.780456550277358 -0.4776879727473409 0
1.835330996326279 -0.4610095342584734 0
1.004874388306151 -0.007082508939483456 0
1.004519668855825 -0.009372768572053145 0
1.006385096250958 -0.009102674298969202 0
1.397461356640486 -0.1455227063369225 0
1.416995478307905 -0.136759120082506 0
1.24220937764716 -0.07064856171845449 0
1.253397057471175 -0.05810326974718125 0
1.240092451657994 -0.05857775894289109 0
1.13715846740331 -0.2243291666067138 0
1.192444318743168 -0.2182826890724011 0
1.16421491238445 -0.2193284676304763 0
1.05680348517637 -0.02344553926130277 0
1.062558725413246 -0.03336710085624385 0
1.066671972915852 -0.02497400100453019 0
1.00919467976782 0.0117677991824021 0
1.005672727667732 0.0132118791561159 0
1.00684836634371 0.01075074185071884 0
1.340916207837379 -0.2609020188598409 0
1.269193573437551 -0.06979561508011686 0
1.279461220406852 -0.05704263335235239 0
1.266536389098597 -0.05765900411119685 0
1.29587812136508 -0.06813710568162633 0
1.291885864502774 -0.05583729427825326 0
1.202163751294198 0.289248649342868 0
1.170635069345271 0.3129788409411124 0
1.175398815124494 0.2855850883234717 0
1.098086996989774 -0.05536749246898721 0
1.247679514173586 0.07428577876795515 0
1.222255338725821 0.07181120290120094 0
1.234614394078241 0.07335784256446304 0
1.477545060999867 0.1427758423962642 0
1.478918178351716 0.1677409909800132 0
1.466905163689767 0.1519186921066634 0
1.331906047422301 0.09551945772221976 0
1.318677135319316 0.1118384638920489 0
1.303198974441549 0.09915477862796054 0
1.317330207488753 0.09765370551949476 0
1.231558657266086 0.292179834113572 0
1.250964500863329 -0.2162647947894554 0
1.279912812353358 -0.2144085310060183 0
1.001172248070785 -0.0913576957874912 0
1.021087009927816 -0.1013759709053575 0
0.6253458918780446 -0.2020062011044456 0
0.6223876409074378 -0.2773102474043612 0
0.697711278730808 -0.2008615200059159 0
0.6619239437377893 -0.2368518458128285 0
1.629106834776644 -0.01501870114726304 0
1.631277348493401 -0.02811305843699378 0
1.647449448606051 -0.0284275164348096 0
1.637747595163176 -0.02064459635817454 0
1.198635775126592 -0.08827642483424823 0
1.182520273601959 -0.07428951764804892 0
1.181441525113175 -0.08912614782349576 0
1.046980188493553 -0.1522917296423275 0
1.382519604883051 0.0873786475008501 0
1.361827423874681 0.08609538912250884 0
1.368363646839509 0.0665479394067236 0
1.374538029060697 0.07779264808061687 0
1.351363599757448 0.06225872664362832 0
1.34290709616299 0.07828708043131404 0
1.339259753272197 0.06617040464400611 0
1.374190180313185 -0.1321309837230779 0
1.372245982188719 -0.1150296520486188 0
1.060586053213623 0.3084735956147845 0
1.221592808284524 -0.2176878268113804 0
1.555296121823882 -0.4345789107110231 0
1.512641860545088 -0.4465384786719975 0
1.416506744355435 -0.04864272650313761 0
1.437992350446167 -0.04819189508810636 0
1.426762525552953 -0.04796325247544425 0
1.839530936995146 0.02432996343024039 0
1.818625310238809 0.005326670994022147 0
1.04839576629145 -0.03144517312461894 0
1.054013752853896 -0.03874992114041421 0
0.7298834240275173 -0.1686905592757628 0
1.626816948139085 0.01950384869088435 0
1.628182494996298 0.032069404204032 0
1.350527980000683 0.1472916786593548 0
1.34806858910793 0.1696937299934303 0
1.257962879186403 -0.0811047862594985 0
1.284749008662865 -0.08233028937673094 0
1.270616128450391 -0.08152297357862333 0
1.487364724317051 -0.04510188322206268 0
1.50017335094035 -0.05672239521927906 0
1.499406996087243 -0.04418564193782121 0
1.018990702725648 -0.5763519195423757 0
1.522604065884554 -0.01778421312496782 0
1.367006403496003 -0.05574758935255038 0
1.393615092785042 -0.05479787312671212 0
1.380084685746813 -0.05604877773137232 0
1.492998865203707 0.07782578358596022 0
1.488072196038638 0.0932632187259176 0
1.468428703825396 0.08706445152374737 0
1.481656748687185 0.08208759203446078 0
1.70238862546408 -0.6209451723103699 0
1.649907838501548 -0.6461511390280517 0
1.157033928644434 0.3408389879990856 0
1.600230121231856 -0.4216969416773609 0
1.013515719011171 0.01345794526182508 0
1.010847844927939 0.01478472548185837 0
1.011444270897465 0.01259752403842342 0
1.068148666489796 0.1306643438967207 0
1.118587156688378 0.05307711156170304 0
1.117587676783861 0.04205954034012014 0
0.5784961038679439 -0.322798653278413 0
1.599711375191786 -0.1025945297100082 0
1.621116957846169 -0.1209206835563265 0
1.635856886135559 -0.09687202133832072 0
1.617416159239721 -0.1004997700524058 0
1.462678439104165 -0.04744449313608743 0
1.475168740316507 -0.04636958915625332 0
1.449641304663262 -0.06272547345932088 0
1.449212917661981 -0.07938761299307373 0
1.109079002177192 0.06448516493077396 0
1.096401226003617 0.06520422046155648 0
1.352316753134788 -0.06818514876137355 0
1.334571445410111 -0.07762942643018229 0
1.347546938042191 -0.0822964223812853 0
1.002541858023386 -0.01643097362933087 0
1.000480943771136 -0.01428317269992547 0
1.274126884484799 0.07433815109747835 0
1.260869427304255 0.0745875053432222 0
1.550206769591218 0.05076974372376067 0
1.536869810195534 0.04255414545777183 0
1.558598232758936 0.03481518470671753 0
1.548231414924097 0.03921350993416264 0
0.973956449781854 0.07503246644385456 0
0.9577322828950666 0.06946505055911725 0
1.343334562162177 -0.05344406894495152 0
1.354656012427932 -0.05481501917107538 0
1.563951934164784 -0.07109534317254064 0
1.581001642811579 -0.08594279035811399 0
1.575554350272688 -0.053557948487233 0
1.578602046401174 -0.06910398675727254 0
0.5645376522933068 -0.116127769406125 0
0.5924380999470376 -0.161753594309564 0
1.300270853748112 -0.09690165765238642 0
1.313547245137391 -0.07733419901973682 0
1.299156620657617 -0.08129780658077737 0
1.408443605958877 0.09340492504644583 0
1.391048234561495 0.1080869960811921 0
1.394472258718099 0.09221218689237931 0
1.741902466130061 -0.5506990140626929 0
1.75395908703365 -0.607157943380783 0
1.589489452807863 0.06394421153885652 0
1.60311305094271 0.06342089959826801 0
1.136122493355175 0.073390177394941 0
1.129693338603692 0.06319221393011325 0
1.139229060063579 0.06456864838455643 0
0.8886268762971715 0.2978271063804725 0
0.8832566291717987 0.338874453975664 0
1.362402265596285 0.05704456564552696 0
1.165724451010442 0.1000974371997453 0
1.183463851205372 0.1241611070376816 0
1.175768044771546 0.1101836195002521 0
1.330566291801644 -0.06142772870295722 0
1.332754499726227 -0.05178343605706093 0
1.210843682084987 0.07004643157465781 0
1.377261099075666 -0.152205529573763 0
0.8948347537646274 0.2615760144256638 0
1.675521330254231 0.04911798480374487 0
1.661255161290939 0.05509886945630726 0
1.635781997283317 0.1036177380909209 0
1.633295184731904 0.0894885163423452 0
1.492245402259713 0.1156749612419997 0
1.500542713434538 0.1404548320345542 0
1.485313064974504 0.1303820418322656 0
1.290720605894725 0.1143892776878019 0
1.288231258211584 0.08683389665517019 0
1.289286001095877 0.100480019653774 0
1.56955163415226 -0.02983343317445451 0
1.572081684846843 -0.04053649672610825 0
1.442684428037904 0.3641731865487076 0
1.405939220423107 -0.05152895212543619 0
1.04309198133198 0.6577639518145202 0
0.7372160629817571 -0.05912378035796182 0
1.025922995525409 0.08401087390073871 0
1.040936751231114 0.07805629461691678 0
1.037763516882516 0.09070372719925079 0
1.4501692535025 -0.04818507988257507 0
1.423432860337926 0.07839809584561479 0
1.424007813337229 0.0645084438724037 0
1.767027345733524 -0.1692204124811634 0
1.797025545722647 -0.1561547999711606 0
1.21042180180272 -0.5474483023773479 0
1.287166413686815 0.2282063352426686 0
1.287291957297283 0.07369837225746893 0
1.565648311603429 0.1495873835204868 0
1.549656083189947 0.1234137481299924 0
1.570665959947414 0.1101067978084162 0
1.587951293253675 0.1313077674066754 0
1.568465510426299 0.1286476489897511 0
1.4081765610243 0.1273636526353796 0
1.423648576276811 0.1091000336101899 0
1.425395425151458 0.1263110079094415 0
1.629628637080467 -0.04354079823562332 0
1.623291951867251 -0.03306098296162804 0
1.350528681939368 0.1083628108603623 0
1.347064676128972 0.09210282702055386 0
1.696238185438625 0.02104537512131193 0
1.704465376724291 0.05068514146817438 0
1.686760486625101 0.03737925364363408 0
1.03713946350273 0.05379911989418683 0
1.022511727414679 0.04565820569885426 0
1.028843979426413 0.03304331275087113 0
1.032293705579365 0.04262152448163448 0
1.72651732530182 -0.4943587794614434 0
1.0096727778024 0.03847432759422066 0
1.015347709139115 0.06055166937826122 0
1.012527256212283 0.04858981585432438 0
1.602982516912289 -0.1443864156527556 0
1.583752562652434 -0.1227657030837181 0
1.583103494736154 -0.1435530686640681 0
1.324219685862308 -0.07000851864687022 0
1.029612533573801 0.06862090728902019 0
1.040462145055612 0.06600240202807978 0
1.535267720661926 -0.07185602472493952 0
1.550470670276562 -0.08852595493784669 0
1.549460933970205 -0.07235025471486632 0
1.567021215077917 -0.1042067561232029 0
1.582870529354284 -0.1038114852302138 0
1.515160717338177 0.1083606844061747 0
1.504638058683704 0.08820255413940201 0
1.499879606211491 0.1013902137190843 0
1.30303653053239 0.359437486361432 0
1.305850398575284 0.1260564921357046 0
1.293337148640739 0.128157806577144 0
1.370734370182766 0.1268514823570724 0
1.390047993356195 0.127342117772066 0
1.504920427584151 -0.07972596061457995 0
1.511899322905828 -0.06783657966079332 0
1.501703707896646 -0.06877921946076751 0
1.50298878030256 0.0632381941233895 0
1.517528002241323 0.07303299194793265 0
1.504868571587409 0.07557709796934375 0
1.646174601235385 -0.1407793727912351 0
1.624124875385865 -0.1434295233128364 0
0.07889543545359325 0.07709148537221781 0
1.495316599337151 -0.1219026293233697 0
1.500344610064354 -0.09813941976666933 0
1.487516792035607 -0.1055036900765441 0
1.002392211836705 -0.007188391900005311 0
1.003128205429042 -0.005844336096316702 0
1.549167190967357 0.07433959521116303 0
1.539990498590236 0.06472292048947317 0
1.562996114190597 0.06255849452031549 0
1.550810455882381 0.06283078762669965 0
1.647028156264471 -0.07218324185046186 0
1.649971660462639 -0.04764494975937067 0
1.637857410960506 -0.05622034937557928 0
1.035947463938563 -0.02206859785202507 0
1.026402935395951 -0.01955947972338852 0
2.094736830815463 0.2594244835284082 0
2.044362166720713 0.3094524820924677 0
1.982626922875462 0.2615399679895586 0
2.04052383995438 0.2574391275564073 0
1.046590248554607 -0.02283225181290088 0
1.637714398935426 0.4487446199366418 0
1.694487177550438 0.4247676716299412 0
1.123108171880663 0.07270341516456846 0
1.120029534025894 0.06336177456949924 0
1.662451734178041 -0.1133433228676768 0
1.655349785906656 -0.09166562010255873 0
1.185340646367198 -0.04731176473793937 0
1.183822031741973 -0.06050310901979512 0
1.571592791106611 0.03559964191878179 0
1.577818167551783 0.04975236443299004 0
1.57973950906609 0.03815395078060339 0
1.665243293835367 -0.0262682214191906 0
1.658391109593599 -0.03670889184643348 0
1.513413825956363 0.04838342654195389 0
1.50135635087459 0.05109173899802368 0
1.574614958780495 0.07796528862831212 0
1.576141738359957 0.06337233150735956 0
1.519124098361711 -0.08115619562278489 0
1.519873662121126 -0.1024517033014891 0
1.511297937721396 -0.09046295059637265 0
1.558016697759975 0.09049654947905796 0
1.572834838676169 0.09332725645090757 0
1.669057138203156 -0.1367998780841204 0
1.517079569709129 -0.1558116336996019 0
1.515696324098794 -0.1918969674450854 0
1.531944602367009 -0.1723315740159901 0
1.525642171242702 0.1338496902087643 0
1.538494212504445 0.1630580616526409 0
1.508522085104791 0.1693228150789495 0
1.518240102230725 0.1517280437148582 0
1.027901466313543 0.02429214713329909 0
1.013383976460781 0.01673467082471554 0
1.007687870514378 0.01746868834233899 0
1.010824116411627 0.01761915415497345 0
1.51769592371867 -0.1268034868782195 0
1.490141294547176 -0.1507419354193732 0
1.505047010893042 -0.1387937007551518 0
1.570080426031255 -0.01328152577581962 0
1.56881109613515 -0.02085323004290333 0
1.003371288147639 0.02655138103677735 0
1.000971993354 0.03314269900289762 0
1.006531294795848 0.03127881448702417 0
1.539617133995271 -0.1078185323258443 0
1.52863516711113 -0.1157647589280097 0
1.552428993171178 -0.1047684902699465 0
1.522634029098414 -0.06954112631942251 0
1.006071267183174 0.077274682991121 0
1.01901982560239 0.07299704215571184 0
1.139649834937838 0.08855169617575133 0
1.152936507231016 0.09408206056067339 0
1.534766182543848 0.07883033664691418 0
1.526986931765902 0.05712047954174017 0
1.529536100545354 0.06866281156014055 0
1.538393523221841 0.0997012391153121 0
1.544815298808114 0.08595848174322571 0
1.894281029487429 -0.1931028727113207 0
1.438212612123202 0.09212051793585982 0
1.423326796379508 0.09323148940412158 0
1.57122347312254 0.0111977703442212 0
1.56453458590671 0.02151430761803172 0
1.564444789551196 0.01341793373924742 0
1.334113114914226 0.1269980048544221 0
1.351623069273902 0.1271008435404765 0
1.002572387389464 -0.009142986425156423 0
1.318945286069084 0.1261140990259935 0
1.453540858270858 0.09036216485757312 0
1.587940665179997 0.1791014200989139 0
1.561834117020079 0.172666120569091 0
1.525275559092076 0.04555648548199609 0
1.626103524867925 0.1261224006355294 0
1.611520034185977 0.1529470785592519 0
1.607628774587602 0.1304743893491924 0
1.483476622792823 -0.1841690723472091 0
1.472720969843721 -0.1622123505945127 0
1.002428030094629 0.01968750124543453 0
0.9970910978346532 0.0271515256623713 0
0.9997618762314541 0.02329811573575864 0
1.00242996981559 0.2223502031493434 0
1.688324196478696 -0.006226033153263141 0
1.674681368574031 -0.01643745881181827 0
1.58066796949771 0.008027476913659615 0
1.584016560705399 0.00688195014562707 0
1.61695772549393 -0.01088079260662358 0
1.621890908667699 -0.006193978680084106 0
1.622048916294273 -0.01193291406255226 0
1.566739710631166 0.02943922377215768 0
0.9830633690012245 -0.01941338265081867 0
0.9875116796092061 -0.01852130105176852 0
0.9950457687418099 0.0323634389504598 0
1.573189877579058 -0.00698920717563339 0
1.129307633539466 0.08110031025872518 0
0.9871114613891318 -0.00154419979013477 0
1.652859183130877 0.13491524228305 0
1.642155260481961 0.1179162763457187 0
0.9929010232219793 0.002504193770055319 0
1.23118734275946 -0.08460141363267119 0
1.215450778339034 -0.08679861614010469 0
1.188769879939314 0.1571289237738542 0
1.188008239266598 0.1404818734338931 0
1.015532246062759 0.01501663795243232 0
0.9715083835252817 -0.02566215136384926 0
0.9642264571122886 -0.03189361265991077 0
1.576561732949571 0.009487303530338262 0
1.494701282461044 -0.2068743385455463 0
0.9758645913829463 -0.01491329255339106 0
0.9779399166405041 -0.02147994085954295 0
1.005703515520058 -0.01782172651387248 0
1.068072515629574 0.03711244941196293 0
0.9991205458662493 0.004190180335830691 0
1.174368156275876 -0.03447659599610375 0
1.161650116770797 -0.03419822288500238 0
1.187096686560012 -0.03465679513553479 0
0.3864361697188197 -0.02389678682601921 0
0.3459585148609258 0.06586648651905576 0
0.4587854577360772 0.4094051283284263 0
0.4876999395933716 -0.07708229431586168 0
0.4213176152973472 -0.1047467829209551 0
1.250667937982422 0.4684729550906944 0
0.544476033772241 -0.06441404695910451 0
1.573103778068798 0.4616362650951843 0
1.594842362010537 0.01415865335771287 0
1.601997010886731 0.01531904816212907 0
1.597249395569924 0.01837293158539707 0
2.117932161536127 0.3293874880930467 0
2.061569285947496 0.3631989312421087 0
2.169934832147207 0.2059088458090049 0
2.152487282555533 0.2733824389373345 0
2.179263496902398 0.1360861840975391 0
1.592678510839783 0.01099918168696761 0
1.921368183666437 0.2659472316617945 0
1.532095467858501 0.1161262717794065 0
1.608797379959316 0.01072614741268623 0
1.603744148713341 0.01076619701450511 0
2.010643347242709 -0.186857065100816 0
0.7539290760699909 0.08418164613632496 0
0.742735250293145 0.1255401927208407 0
1.617816096011071 0.009841918200706932 0
1.62365996518851 0.002244532518379704 0
1.625961922600152 0.009148721498278707 0
1.846178188952884 0.08847421037735868 0
1.835124503645464 0.126414281149566 0
1.644951030857091 0.1724571318916283 0
1.616636254053243 0.1798337877158191 0
0.8745441078025653 -0.2484646399395651 0
1.495598767814551 0.1855903101423298 0
1.66840945490653 0.1553416257190393 0
1.737447067490482 -0.1792654989639855 0
1.848397355316292 0.05310459563951083 0
0.7665110107980493 0.04491847338784971 0
1.109295908629755 -0.2378555155823797 0
0.8329074588763845 -0.07227475042526538 0
1.61063333348522 0.004417468046356734 0
1.616380353427347 0.003368925324675169 0
1.613162550245499 0.007472701402112868 0
1.619450549967627 -0.0008643213882588475 0
1.185293159426814 0.175822388766303 0
1.609034356892039 0.001912475406382475 0
1.72586001301498 0.06552241651486791 0
1.004315938175547 0.01621907163053894 0
1.59445127849739 -0.01977818476677442 0
1.706311233428168 0.004152902241262113 0
1.295324895347685 -0.115242780910066 0
1.613166231543275 -0.01106774521199137 0
0.9976429018705 -0.06795404427019557 0
0.985718610723559 -0.08059454471660753 0
1.101532518863286 -0.1185118079146522 0
1.004330538783863 -0.05535694734675116 0
0.9903536380575866 0.07797656375865658 0
0.9783316219763043 0.01041077925871998 0
1.24525809130674 -0.08232095028902958 0
0.9766081062972037 -0.00801806252888904 0
$EndNodes
$Elements
7 2846 1 2846
1 1 1 30
1 1 7 
2 7 8 
3 8 9 
4 9 10 
5 10 11 
6 11 12 
7 12 13 
8 13 14 
9 14 15 
10 15 16 
11 16 17 
12 17 18 
13 18 19 
14 19 20 
15 20 21 
16 21 22 
17 22 23 
18 23 24 
19 24 25 
20 25 26 
21 26 27 
22 27 28 
23 28 29 
24 29 30 
25 30 31 
26 31 32 
27 32 33 
28 33 34 
29 34 35 
30 35 2 
1 2 1 20
31 2 36 
32 36 37 
33 37 38 
34 38 39 
35 39 40 
36 40 41 
37 41 42 
38 42 43 
39 43 44 
40 44 45 
41 45 46 
42 46 47 
43 47 48 
44 48 49 
45 49 50 
46 50 51 
47 51 52 
48 52 53 
49 53 54 
50 54 3 
1 3 1 30
51 3 55 
52 55 56 
53 56 57 
54 57 58 
55 58 59 
56 59 60 
57 60 61 
58 61 62 
59 62 63 
60 63 64 
61 64 65 
62 65 66 
63 66 67 
64 67 68 
65 68 69 
66 69 70 
67 70 71 
68 71 72 
69 72 73 
70 73 74 
71 74 75 
72 75 76 
73 76 77 
74 77 78 
75 78 79 
76 79 80 
77 80 81 
78 81 82 
79 82 83 
80 83 4 
1 4 1 20
81 4 84 
82 84 85 
83 85 86 
84 86 87 
85 87 88 
86 88 89 
87 89 90 
88 90 91 
89 91 92 
90 92 93 
91 93 94 
92 94 95 
93 95 96 
94 96 97 
95 97 98 
96 98 99 
97 99 100 
98 100 101 
99 101 102 
100 102 1 
1 5 1 68
101 5 103 
102 103 104 
103 104 105 
104 105 106 
105 106 107 
106 107 108 
107 108 109 
108 109 110 
109 110 111 
110 111 112 
111 112 113 
112 113 114 
113 114 115 
114 115 116 
115 116 117 
116 117 118 
117 118 119 
118 119 120 
119 120 121 
120 121 122 
121 122 123 
122 123 124 
123 124 125 
124 125 126 
125 126 127 
126 127 128 
127 128 129 
128 129 130 
129 130 131 
130 131 132 
131 132 133 
132 133 134 
133 134 135 
134 135 136 
135 136 137 
136 137 138 
137 138 139 
138 139 140 
139 140 141 
140 141 142 
141 142 143 
142 143 144 
143 144 145 
144 145 146 
145 146 147 
146 147 148 
147 148 149 
148 149 150 
149 150 151 
150 151 152 
151 152 153 
152 153 154 
153 154 155 
154 155 156 
155 156 157 
156 157 158 
157 158 159 
158 159 160 
159 160 161 
160 161 162 
161 162 163 
162 163 164 
163 164 165 
164 165 166 
165 166 167 
166 167 168 
167 168 169 
168 169 6 
1 6 1 68
169 6 170 
170 170 171 
171 171 172 
172 172 173 
173 173 174 
174 174 175 
175 175 176 
176 176 177 
177 177 178 
178 178 179 
179 179 180 
180 180 181 
181 181 182 
182 182 183 
183 183 184 
184 184 185 
185 185 186 
186 186 187 
187 187 188 
188 188 189 
189 189 190 
190 190 191 
191 191 192 
192 192 193 
193 193 194 
194 194 195 
195 195 196 
196 196 197 
197 197 198 
198 198 199 
199 199 200 
200 200 201 
201 201 202 
202 202 203 
203 203 204 
204 204 205 
205 205 206 
206 206 207 
207 207 208 
208 208 209 
209 209 210 
210 210 211 
211 211 212 
212 212 213 
213 213 214 
214 214 215 
215 215 216 
216 216 217 
217 217 218 
218 218 219 
219 219 220 
220 220 221 
221 221 222 
222 222 223 
223 223 224 
224 224 225 
225 225 226 
226 226 227 
227 227 228 
228 228 229 
229 229 230 
230 230 231 
231 231 232 
232 232 233 
233 233 234 
234 234 235 
235 235 236 
236 236 5 
2 1 3 2610
237 707 829 832 831 
238 686 830 832 829 
239 683 831 832 830 
240 683 833 835 831 
241 160 834 835 833 
242 707 831 835 834 
243 175 174 838 837 
244 173 836 838 174 
245 650 837 838 836 
246 650 839 840 837 
247 177 176 840 839 
248 175 837 840 176 
249 237 841 843 842 
250 227 226 843 841 
251 225 842 843 226 
252 225 224 845 842 
253 223 844 845 224 
254 237 842 845 844 
255 787 846 850 849 
256 778 847 850 846 
257 772 848 850 847 
258 745 849 850 848 
259 397 851 855 854 
260 430 852 855 851 
261 344 853 855 852 
262 384 854 855 853 
263 798 856 860 859 
264 809 857 860 856 
265 785 858 860 857 
266 804 859 860 858 
267 647 861 865 864 
268 568 862 865 861 
269 604 863 865 862 
270 676 864 865 863 
271 454 866 870 869 
272 404 867 870 866 
273 437 868 870 867 
274 408 869 870 868 
275 824 871 875 874 
276 808 872 875 871 
277 825 873 875 872 
278 765 874 875 873 
279 819 876 880 879 
280 796 877 880 876 
281 807 878 880 877 
282 825 879 880 878 
283 479 881 885 884 
284 439 882 885 881 
285 406 883 885 882 
286 472 884 885 883 
287 583 886 890 889 
288 538 887 890 886 
289 613 888 890 887 
290 659 889 890 888 
291 636 891 895 894 
292 588 892 895 891 
293 507 893 895 892 
294 549 894 895 893 
295 747 896 900 899 
296 265 897 900 896 
297 777 898 900 897 
298 792 899 900 898 
299 585 901 905 904 
300 559 902 905 901 
301 608 903 905 902 
302 511 904 905 903 
303 374 906 910 909 
304 357 907 910 906 
305 328 908 910 907 
306 382 909 910 908 
307 755 911 915 914 
308 782 912 915 911 
309 578 913 915 912 
310 668 914 915 913 
311 293 916 920 919 
312 639 917 920 916 
313 362 918 920 917 
314 286 919 920 918 
315 533 921 925 924 
316 556 922 925 921 
317 510 923 925 922 
318 493 924 925 923 
319 657 926 930 929 
320 702 927 930 926 
321 654 928 930 927 
322 729 929 930 928 
323 666 931 935 934 
324 513 932 935 931 
325 730 933 935 932 
326 701 934 935 933 
327 650 936 938 839 
328 809 937 938 936 
329 179 178 938 937 
330 177 839 938 178 
331 684 939 943 942 
332 517 940 943 939 
333 441 941 943 940 
334 478 942 943 941 
335 545 944 948 947 
336 682 945 948 944 
337 671 946 948 945 
338 607 947 948 946 
339 410 949 953 952 
340 444 950 953 949 
341 519 951 953 950 
342 476 952 953 951 
343 294 954 958 957 
344 325 955 958 954 
345 348 956 958 955 
346 331 957 958 956 
347 314 959 963 962 
348 455 960 963 959 
349 340 961 963 960 
350 268 962 963 961 
351 432 964 968 967 
352 373 965 968 964 
353 358 966 968 965 
354 395 967 968 966 
355 287 969 973 972 
356 345 970 973 969 
357 372 971 973 970 
358 351 972 973 971 
359 479 974 977 976 
360 533 924 977 974 
361 493 975 977 924 
362 424 976 977 975 
363 748 978 982 981 
364 718 979 982 978 
365 767 980 982 979 
366 752 981 982 980 
367 409 983 987 986 
368 423 984 987 983 
369 385 985 987 984 
370 375 986 987 985 
371 562 988 992 991 
372 508 989 992 988 
373 473 990 992 989 
374 524 991 992 990 
375 715 993 997 996 
376 712 994 997 993 
377 612 995 997 994 
378 696 996 997 995 
379 510 998 1002 1001 
380 521 999 1002 998 
381 459 1000 1002 999 
382 496 1001 1002 1000 
383 763 1003 1007 1006 
384 736 1004 1007 1003 
385 751 1005 1007 1004 
386 774 1006 1007 1005 
387 497 1008 1012 1011 
388 317 1009 1012 1008 
389 332 1010 1012 1009 
390 367 1011 1012 1010 
391 574 1013 1017 1016 
392 615 1014 1017 1013 
393 541 1015 1017 1014 
394 503 1016 1017 1015 
395 713 1018 1022 1021 
396 743 1019 1022 1018 
397 749 1020 1022 1019 
398 772 1021 1022 1020 
399 642 1023 1027 1026 
400 628 1024 1027 1023 
401 693 1025 1027 1024 
402 669 1026 1027 1025 
403 773 1028 1032 1031 
404 616 1029 1032 1028 
405 756 1030 1032 1029 
406 586 1031 1032 1030 
407 716 1033 1037 1036 
408 711 1034 1037 1033 
409 677 1035 1037 1034 
410 688 1036 1037 1035 
411 290 1038 1042 1041 
412 267 1039 1042 1038 
413 253 1040 1042 1039 
414 321 1041 1042 1040 
415 383 1043 1047 1046 
416 291 1044 1047 1043 
417 319 1045 1047 1044 
418 344 1046 1047 1045 
419 421 1048 1052 1051 
420 456 1049 1052 1048 
421 354 1050 1052 1049 
422 383 1051 1052 1050 
423 766 1053 1056 1055 
424 788 1054 1056 1053 
425 798 859 1056 1054 
426 804 1055 1056 859 
427 691 1057 1061 1060 
428 736 1058 1061 1057 
429 689 1059 1061 1058 
430 652 1060 1061 1059 
431 587 1062 1065 1064 
432 634 1063 1065 1062 
433 668 913 1065 1063 
434 578 1064 1065 913 
435 488 1066 1069 1068 
436 399 1067 1069 1066 
437 421 1051 1069 1067 
438 383 1068 1069 1051 
439 574 1070 1073 1013 
440 653 1071 1073 1070 
441 692 1072 1073 1071 
442 615 1013 1073 1072 
443 528 1074 1077 1076 
444 426 1075 1077 1074 
445 473 989 1077 1075 
446 508 1076 1077 989 
447 469 1078 1082 1081 
448 478 1079 1082 1078 
449 407 1080 1082 1079 
450 452 1081 1082 1080 
451 802 1083 1086 1085 
452 788 1053 1086 1083 
453 766 1084 1086 1053 
454 740 1085 1086 1084 
455 317 1008 1090 1089 
456 497 1087 1090 1008 
457 388 1088 1090 1087 
458 352 1089 1090 1088 
459 712 993 1094 1093 
460 715 1091 1094 993 
461 745 1092 1094 1091 
462 721 1093 1094 1092 
463 537 1095 1099 1098 
464 624 1096 1099 1095 
465 681 1097 1099 1096 
466 614 1098 1099 1097 
467 572 1100 1103 1102 
468 634 1062 1103 1100 
469 587 1101 1103 1062 
470 571 1102 1103 1101 
471 459 1104 1107 1106 
472 395 966 1107 1104 
473 358 1105 1107 966 
474 370 1106 1107 1105 
475 516 1108 1112 1111 
476 465 1109 1112 1108 
477 754 1110 1112 1109 
478 552 1111 1112 1110 
479 642 1113 1116 1023 
480 593 1114 1116 1113 
481 556 1115 1116 1114 
482 628 1023 1116 1115 
483 422 1117 1121 1120 
484 382 1118 1121 1117 
485 350 1119 1121 1118 
486 439 1120 1121 1119 
487 655 1122 1126 1125 
488 612 1123 1126 1122 
489 611 1124 1126 1123 
490 674 1125 1126 1124 
491 395 1127 1130 967 
492 491 1128 1130 1127 
493 679 1129 1130 1128 
494 432 967 1130 1129 
495 809 936 1134 1133 
496 650 1131 1134 936 
497 810 1132 1134 1131 
498 801 1133 1134 1132 
499 330 1135 1139 1138 
500 373 1136 1139 1135 
501 392 1137 1139 1136 
502 355 1138 1139 1137 
503 268 1140 1142 962 
504 267 1038 1142 1140 
505 290 1141 1142 1038 
506 314 962 1142 1141 
507 794 1143 1147 1146 
508 806 1144 1147 1143 
509 795 1145 1147 1144 
510 764 1146 1147 1145 
511 417 1148 1152 1151 
512 464 1149 1152 1148 
513 438 1150 1152 1149 
514 372 1151 1152 1150 
515 513 1153 1157 1156 
516 685 1154 1157 1153 
517 460 1155 1157 1154 
518 558 1156 1157 1155 
519 781 1158 1162 1161 
520 692 1159 1162 1158 
521 717 1160 1162 1159 
522 753 1161 1162 1160 
523 405 1163 1166 1165 
524 440 1164 1166 1163 
525 497 1011 1166 1164 
526 367 1165 1166 1011 
527 824 1167 1171 1170 
528 812 1168 1171 1167 
529 826 1169 1171 1168 
530 823 1170 1171 1169 
531 549 1172 1175 894 
532 609 1173 1175 1172 
533 664 1174 1175 1173 
534 636 894 1175 1174 
535 387 1176 1180 1179 
536 368 1177 1180 1176 
537 289 1178 1180 1177 
538 326 1179 1180 1178 
539 574 1016 1184 1183 
540 503 1181 1184 1016 
541 557 1182 1184 1181 
542 626 1183 1184 1182 
543 474 1185 1188 1187 
544 535 1186 1188 1185 
545 464 1148 1188 1186 
546 417 1187 1188 1148 
547 767 1189 1193 1192 
548 787 1190 1193 1189 
549 796 1191 1193 1190 
550 814 1192 1193 1191 
551 546 1194 1198 1197 
552 601 1195 1198 1194 
553 518 1196 1198 1195 
554 468 1197 1198 1196 
555 353 1199 1203 1202 
556 266 1200 1203 1199 
557 448 1201 1203 1200 
558 411 1202 1203 1201 
559 368 1176 1206 1205 
560 387 1204 1206 1176 
561 444 949 1206 1204 
562 410 1205 1206 949 
563 290 1207 1210 1141 
564 349 1208 1210 1207 
565 380 1209 1210 1208 
566 314 1141 1210 1209 
567 326 1211 1214 1179 
568 364 1212 1214 1211 
569 376 1213 1214 1212 
570 387 1179 1214 1213 
571 557 1215 1219 1218 
572 494 1216 1219 1215 
573 433 1217 1219 1216 
574 509 1218 1219 1217 
575 371 1220 1223 1222 
576 433 1216 1223 1220 
577 494 1221 1223 1216 
578 397 1222 1223 1221 
579 687 1224 1228 1227 
580 714 1225 1228 1224 
581 759 1226 1228 1225 
582 696 1227 1228 1226 
583 330 1138 1232 1231 
584 355 1229 1232 1138 
585 250 1230 1232 1229 
586 303 1231 1232 1230 
587 545 1233 1237 1236 
588 506 1234 1237 1233 
589 472 1235 1237 1234 
590 528 1236 1237 1235 
591 291 1043 1240 1239 
592 383 1050 1240 1043 
593 354 1238 1240 1050 
594 338 1239 1240 1238 
595 350 1241 1245 1244 
596 288 1242 1245 1241 
597 346 1243 1245 1242 
598 391 1244 1245 1243 
599 687 1227 1247 1246 
600 696 995 1247 1227 
601 612 1122 1247 995 
602 655 1246 1247 1122 
603 609 1248 1252 1251 
604 466 1249 1252 1248 
605 514 1250 1252 1249 
606 542 1251 1252 1250 
607 462 1253 1257 1256 
608 516 1254 1257 1253 
609 586 1255 1257 1254 
610 538 1256 1257 1255 
611 576 1258 1262 1261 
612 697 1259 1262 1258 
613 708 1260 1262 1259 
614 629 1261 1262 1260 
615 429 1263 1267 1266 
616 396 1264 1267 1263 
617 376 1265 1267 1264 
618 343 1266 1267 1265 
619 452 1268 1270 1269 
620 392 1136 1270 1268 
621 373 964 1270 1136 
622 432 1269 1270 964 
623 516 1253 1273 1272 
624 462 1271 1273 1253 
625 396 1263 1273 1271 
626 429 1272 1273 1263 
627 677 1274 1277 1276 
628 572 1275 1277 1274 
629 568 861 1277 1275 
630 647 1276 1277 861 
631 294 1278 1280 954 
632 289 1177 1280 1278 
633 368 1279 1280 1177 
634 325 954 1280 1279 
635 777 1281 1284 898 
636 741 1282 1284 1281 
637 771 1283 1284 1282 
638 792 898 1284 1283 
639 478 1285 1288 942 
640 529 1286 1288 1285 
641 643 1287 1288 1286 
642 684 942 1288 1287 
643 440 1163 1292 1291 
644 405 1289 1292 1163 
645 438 1290 1292 1289 
646 470 1291 1292 1290 
647 397 854 1295 1222 
648 384 1293 1295 854 
649 315 1294 1295 1293 
650 371 1222 1295 1294 
651 555 1296 1299 1298 
652 583 889 1299 1296 
653 659 1297 1299 889 
654 630 1298 1299 1297 
655 468 1300 1303 1197 
656 517 1301 1303 1300 
657 579 1302 1303 1301 
658 546 1197 1303 1302 
659 653 1304 1306 1071 
660 741 1305 1306 1304 
661 717 1159 1306 1305 
662 692 1071 1306 1159 
663 697 1307 1310 1309 
664 669 1025 1310 1307 
665 693 1308 1310 1025 
666 726 1309 1310 1308 
667 428 1311 1315 1314 
668 476 1312 1315 1311 
669 555 1313 1315 1312 
670 511 1314 1315 1313 
671 583 1316 1318 886 
672 519 1317 1318 1316 
673 462 1256 1318 1317 
674 538 886 1318 1256 
675 549 893 1322 1321 
676 507 1319 1322 893 
677 498 1320 1322 1319 
678 425 1321 1322 1320 
679 348 1323 1326 956 
680 360 1324 1326 1323 
681 300 1325 1326 1324 
682 331 956 1326 1325 
683 386 1327 1329 1328 
684 410 952 1329 1327 
685 476 1311 1329 952 
686 428 1328 1329 1311 
687 249 1330 1333 1332 
688 318 1331 1333 1330 
689 346 1242 1333 1331 
690 288 1332 1333 1242 
691 740 1334 1337 1085 
692 779 1335 1337 1334 
693 790 1336 1337 1335 
694 802 1085 1337 1336 
695 420 1338 1342 1341 
696 380 1339 1342 1338 
697 398 1340 1342 1339 
698 443 1341 1342 1340 
699 400 1343 1345 1344 
700 441 940 1345 1343 
701 517 1300 1345 940 
702 468 1344 1345 1300 
703 548 1346 1350 1349 
704 635 1347 1350 1346 
705 670 1348 1350 1347 
706 581 1349 1350 1348 
707 438 1351 1354 1290 
708 536 1352 1354 1351 
709 571 1353 1354 1352 
710 470 1290 1354 1353 
711 495 1355 1358 1357 
712 349 1207 1358 1355 
713 290 1356 1358 1207 
714 453 1357 1358 1356 
715 349 1359 1361 1208 
716 435 1360 1361 1359 
717 398 1339 1361 1360 
718 380 1208 1361 1339 
719 493 923 1364 1363 
720 510 1001 1364 923 
721 496 1362 1364 1001 
722 436 1363 1364 1362 
723 678 1365 1369 1368 
724 435 1366 1369 1365 
725 518 1367 1369 1366 
726 475 1368 1369 1367 
727 423 1370 1373 984 
728 403 1371 1373 1370 
729 341 1372 1373 1371 
730 385 984 1373 1372 
731 328 1374 1377 1376 
732 271 1375 1377 1374 
733 249 1332 1377 1375 
734 288 1376 1377 1332 
735 340 960 1381 1380 
736 455 1378 1381 960 
737 420 1379 1381 1378 
738 343 1380 1381 1379 
739 398 1382 1385 1340 
740 515 1383 1385 1382 
741 465 1384 1385 1383 
742 443 1340 1385 1384 
743 714 1386 1390 1389 
744 738 1387 1390 1386 
745 785 1388 1390 1387 
746 776 1389 1390 1388 
747 732 1391 1394 1393 
748 689 1058 1394 1391 
749 736 1392 1394 1058 
750 739 1393 1394 1392 
751 739 1395 1398 1397 
752 820 1396 1398 1395 
753 794 1146 1398 1396 
754 764 1397 1398 1146 
755 584 1399 1403 1402 
756 5 1400 1403 1399 
757 543 1401 1403 1400 
758 617 1402 1403 1401 
759 790 1404 1408 1407 
760 800 1405 1408 1404 
761 256 1406 1408 1405 
762 799 1407 1408 1406 
763 542 1409 1413 1412 
764 602 1410 1413 1409 
765 622 1411 1413 1410 
766 645 1412 1413 1411 
767 460 1414 1417 1155 
768 499 1415 1417 1414 
769 573 1416 1417 1415 
770 558 1155 1417 1416 
771 745 1091 1421 1420 
772 715 1418 1421 1091 
773 816 1419 1421 1418 
774 807 1420 1421 1419 
775 247 1422 1425 1424 
776 311 1423 1425 1422 
777 93 94 1425 1423 
778 95 1424 1425 94 
779 352 1088 1428 1427 
780 388 1426 1428 1088 
781 371 1294 1428 1426 
782 315 1427 1428 1294 
783 430 851 1431 1430 
784 397 1221 1431 851 
785 494 1429 1431 1221 
786 463 1430 1431 1429 
787 690 1432 1435 1434 
788 728 1433 1435 1432 
789 779 1334 1435 1433 
790 740 1434 1435 1334 
791 478 1078 1438 1285 
792 469 1436 1438 1078 
793 570 1437 1438 1436 
794 529 1285 1438 1437 
795 711 1439 1440 1034 
796 634 1100 1440 1439 
797 572 1274 1440 1100 
798 677 1034 1440 1274 
799 403 1441 1444 1371 
800 370 1442 1444 1441 
801 359 1443 1444 1442 
802 341 1371 1444 1443 
803 251 1445 1448 1447 
804 326 1178 1448 1445 
805 289 1446 1448 1178 
806 269 1447 1448 1446 
807 290 1041 1451 1356 
808 321 1449 1451 1041 
809 342 1450 1451 1449 
810 453 1356 1451 1450 
811 316 1452 1455 1454 
812 355 1137 1455 1452 
813 392 1453 1455 1137 
814 416 1454 1455 1453 
815 721 1092 1457 1456 
816 745 848 1457 1092 
817 772 1020 1457 848 
818 749 1456 1457 1020 
819 460 1154 1460 1459 
820 685 1458 1460 1154 
821 639 916 1460 1458 
822 293 1459 1460 916 
823 317 1089 1464 1463 
824 352 1461 1464 1089 
825 252 1462 1464 1461 
826 299 1463 1464 1462 
827 374 1465 1468 1467 
828 409 986 1468 1465 
829 375 1466 1468 986 
830 347 1467 1468 1466 
831 771 1469 1473 1472 
832 791 1470 1473 1469 
833 680 1471 1473 1470 
834 780 1472 1473 1471 
835 425 1474 1475 1321 
836 466 1248 1475 1474 
837 609 1172 1475 1248 
838 549 1321 1475 1172 
839 298 1476 1478 1477 
840 250 1229 1478 1476 
841 355 1452 1478 1229 
842 316 1477 1478 1452 
843 294 957 1481 1480 
844 331 1325 1481 957 
845 300 1479 1481 1325 
846 270 1480 1481 1479 
847 122 1482 1485 123 
848 408 1483 1485 1482 
849 243 1484 1485 1483 
850 124 123 1485 1484 
851 391 1486 1487 1244 
852 406 882 1487 1486 
853 439 1119 1487 882 
854 350 1244 1487 1119 
855 604 1488 1492 1491 
856 535 1489 1492 1488 
857 559 1490 1492 1489 
858 611 1491 1492 1490 
859 436 1362 1495 1494 
860 496 1493 1495 1362 
861 403 1370 1495 1493 
862 423 1494 1495 1370 
863 568 1275 1497 1496 
864 572 1102 1497 1275 
865 571 1352 1497 1102 
866 536 1496 1497 1352 
867 613 1498 1501 888 
868 690 1499 1501 1498 
869 737 1500 1501 1499 
870 659 888 1501 1500 
871 363 1502 1505 1504 
872 342 1449 1505 1502 
873 321 1503 1505 1449 
874 393 1504 1505 1503 
875 316 1506 1509 1477 
876 419 1507 1509 1506 
877 253 1508 1509 1507 
878 298 1477 1509 1508 
879 540 1510 1512 1511 
880 754 1109 1512 1510 
881 465 1383 1512 1109 
882 515 1511 1512 1383 
883 612 994 1516 1515 
884 712 1513 1516 994 
885 688 1514 1516 1513 
886 676 1515 1516 1514 
887 518 1517 1519 1367 
888 548 1349 1519 1517 
889 581 1518 1519 1349 
890 475 1367 1519 1518 
891 273 1520 1524 1523 
892 287 1521 1524 1520 
893 322 1522 1524 1521 
894 248 1523 1524 1522 
895 586 1030 1526 1255 
896 756 1525 1526 1030 
897 613 887 1526 1525 
898 538 1255 1526 887 
899 482 1527 1531 1530 
900 560 1528 1531 1527 
901 592 1529 1531 1528 
902 520 1530 1531 1529 
903 649 1532 1535 1534 
904 610 1533 1535 1532 
905 635 1346 1535 1533 
906 548 1534 1535 1346 
907 773 1536 1538 1537 
908 732 1393 1538 1536 
909 739 1397 1538 1393 
910 764 1537 1538 1397 
911 717 1305 1541 1540 
912 741 1281 1541 1305 
913 777 1539 1541 1281 
914 793 1540 1541 1539 
915 626 1542 1544 1183 
916 791 1543 1544 1542 
917 653 1070 1544 1543 
918 574 1183 1544 1070 
919 488 1545 1549 1548 
920 430 1546 1549 1545 
921 646 1547 1549 1546 
922 514 1548 1549 1547 
923 146 145 1553 1552 
924 144 1550 1553 145 
925 262 1551 1553 1550 
926 724 1552 1553 1551 
927 370 1441 1554 1106 
928 403 1493 1554 1441 
929 496 1000 1554 1493 
930 459 1106 1554 1000 
931 649 1534 1556 1555 
932 548 1517 1556 1534 
933 518 1195 1556 1517 
934 601 1555 1556 1195 
935 652 1557 1560 1060 
936 670 1558 1560 1557 
937 658 1559 1560 1558 
938 691 1060 1560 1559 
939 325 1279 1562 1561 
940 368 1205 1562 1279 
941 410 1327 1562 1205 
942 386 1561 1562 1327 
943 579 1563 1567 1566 
944 643 1564 1567 1563 
945 662 1565 1567 1564 
946 672 1566 1567 1565 
947 406 1568 1571 1570 
948 418 1569 1571 1568 
949 473 1075 1571 1569 
950 426 1570 1571 1075 
951 731 1572 1575 1574 
952 711 1033 1575 1572 
953 716 1573 1575 1033 
954 758 1574 1575 1573 
955 373 1135 1578 965 
956 330 1576 1578 1135 
957 334 1577 1578 1576 
958 358 965 1578 1577 
959 299 1579 1581 1463 
960 279 1580 1581 1579 
961 332 1009 1581 1580 
962 317 1463 1581 1009 
963 776 1388 1585 1584 
964 785 1582 1585 1388 
965 812 1583 1585 1582 
966 828 1584 1585 1583 
967 528 1235 1586 1074 
968 472 883 1586 1235 
969 406 1570 1586 883 
970 426 1074 1586 1570 
971 585 1587 1591 1590 
972 630 1588 1591 1587 
973 704 1589 1591 1588 
974 674 1590 1591 1589 
975 800 1404 1594 1593 
976 790 1335 1594 1404 
977 779 1592 1594 1335 
978 806 1593 1594 1592 
979 344 1045 1597 853 
980 319 1595 1597 1045 
981 366 1596 1597 1595 
982 384 853 1597 1596 
983 486 1598 1601 1600 
984 440 1291 1601 1598 
985 470 1599 1601 1291 
986 526 1600 1601 1599 
987 698 1602 1606 1605 
988 633 1603 1606 1602 
989 592 1604 1606 1603 
990 663 1605 1606 1604 
991 462 1317 1608 1271 
992 519 950 1608 1317 
993 444 1607 1608 950 
994 396 1271 1608 1607 
995 529 1609 1611 1286 
996 629 1610 1611 1609 
997 662 1564 1611 1610 
998 643 1286 1611 1564 
999 736 1003 1613 1392 
1000 763 1612 1613 1003 
1001 820 1395 1613 1612 
1002 739 1392 1613 1395 
1003 644 1614 1616 1615 
1004 581 1348 1616 1614 
1005 670 1557 1616 1348 
1006 652 1615 1616 1557 
1007 588 1617 1620 892 
1008 561 1618 1620 1617 
1009 524 1619 1620 1618 
1010 507 892 1620 1619 
1011 297 1621 1623 1622 
1012 364 1211 1623 1621 
1013 326 1445 1623 1211 
1014 251 1622 1623 1445 
1015 357 1624 1626 907 
1016 302 1625 1626 1624 
1017 271 1374 1626 1625 
1018 328 907 1626 1374 
1019 516 1272 1628 1108 
1020 429 1627 1628 1272 
1021 443 1384 1628 1627 
1022 465 1108 1628 1384 
1023 545 947 1631 1233 
1024 607 1629 1631 947 
1025 567 1630 1631 1629 
1026 506 1233 1631 1630 
1027 590 1632 1635 1634 
1028 725 1633 1635 1632 
1029 730 932 1635 1633 
1030 513 1634 1635 932 
1031 310 1636 1640 1639 
1032 490 1637 1640 1636 
1033 434 1638 1640 1637 
1034 263 1639 1640 1638 
1035 288 1241 1641 1376 
1036 350 1118 1641 1241 
1037 382 908 1641 1118 
1038 328 1376 1641 908 
1039 370 1105 1643 1442 
1040 358 1577 1643 1105 
1041 334 1642 1643 1577 
1042 359 1442 1643 1642 
1043 357 906 1646 1645 
1044 374 1467 1646 906 
1045 347 1644 1646 1467 
1046 329 1645 1646 1644 
1047 116 1647 1650 117 
1048 365 1648 1650 1647 
1049 264 1649 1650 1648 
1050 118 117 1650 1649 
1051 372 970 1653 1151 
1052 345 1651 1653 970 
1053 445 1652 1653 1651 
1054 417 1151 1653 1652 
1055 781 1654 1656 1158 
1056 734 1655 1656 1654 
1057 615 1072 1656 1655 
1058 692 1158 1656 1072 
1059 295 1657 1659 1658 
1060 252 1461 1659 1657 
1061 352 1427 1659 1461 
1062 315 1658 1659 1427 
1063 502 1660 1663 1662 
1064 570 1436 1663 1660 
1065 469 1661 1663 1436 
1066 679 1662 1663 1661 
1067 567 1664 1665 1630 
1068 479 884 1665 1664 
1069 472 1234 1665 884 
1070 506 1630 1665 1234 
1071 630 1587 1666 1298 
1072 585 904 1666 1587 
1073 511 1313 1666 904 
1074 555 1298 1666 1313 
1075 300 1324 1670 1669 
1076 360 1667 1670 1324 
1077 323 1668 1670 1667 
1078 247 1669 1670 1668 
1079 673 1671 1675 1674 
1080 726 1672 1675 1671 
1081 694 1673 1675 1672 
1082 709 1674 1675 1673 
1083 731 1676 1677 1572 
1084 668 1063 1677 1676 
1085 634 1439 1677 1063 
1086 711 1572 1677 1439 
1087 268 961 1680 1679 
1088 340 1678 1680 961 
1089 364 1621 1680 1678 
1090 297 1679 1680 1621 
1091 716 1036 1682 1681 
1092 688 1513 1682 1036 
1093 712 1093 1682 1513 
1094 721 1681 1682 1093 
1095 615 1683 1685 1014 
1096 622 1410 1685 1683 
1097 602 1684 1685 1410 
1098 541 1014 1685 1684 
1099 354 1686 1688 1238 
1100 346 1331 1688 1686 
1101 318 1687 1688 1331 
1102 338 1238 1688 1687 
1103 702 1689 1693 1692 
1104 661 1690 1693 1689 
1105 664 1691 1693 1690 
1106 645 1692 1693 1691 
1107 520 1694 1698 1697 
1108 610 1695 1698 1694 
1109 534 1696 1698 1695 
1110 471 1697 1698 1696 
1111 654 927 1700 1699 
1112 702 1692 1700 927 
1113 645 1411 1700 1692 
1114 622 1699 1700 1411 
1115 435 1365 1702 1360 
1116 678 1701 1702 1365 
1117 515 1382 1702 1701 
1118 398 1360 1702 1382 
1119 540 1511 1705 1704 
1120 515 1701 1705 1511 
1121 678 1703 1705 1701 
1122 644 1704 1705 1703 
1123 272 1706 1709 1708 
1124 70 71 1709 1706 
1125 72 1707 1709 71 
1126 254 1708 1709 1707 
1127 642 1026 1711 1710 
1128 669 1307 1711 1026 
1129 697 1258 1711 1307 
1130 576 1710 1711 1258 
1131 249 1712 1714 1330 
1132 296 1713 1714 1712 
1133 338 1687 1714 1713 
1134 318 1330 1714 1687 
1135 794 1715 1717 1143 
1136 815 1716 1717 1715 
1137 800 1593 1717 1716 
1138 806 1143 1717 1593 
1139 372 1150 1719 971 
1140 438 1289 1719 1150 
1141 405 1718 1719 1289 
1142 351 971 1719 1718 
1143 296 1720 1722 1721 
1144 68 69 1722 1720 
1145 70 1706 1722 69 
1146 272 1721 1722 1706 
1147 620 1723 1727 1726 
1148 695 1724 1727 1723 
1149 727 1725 1727 1724 
1150 733 1726 1727 1725 
1151 593 1728 1729 1114 
1152 521 998 1729 1728 
1153 510 922 1729 998 
1154 556 1114 1729 922 
1155 696 1226 1731 996 
1156 759 1730 1731 1226 
1157 816 1418 1731 1730 
1158 715 996 1731 1418 
1159 5 1399 1734 103 
1160 584 1732 1734 1399 
1161 379 1733 1734 1732 
1162 104 103 1734 1733 
1163 297 1735 1737 1679 
1164 16 17 1737 1735 
1165 18 1736 1737 17 
1166 268 1679 1737 1736 
1167 272 1708 1740 1739 
1168 254 1738 1740 1708 
1169 319 1044 1740 1738 
1170 291 1739 1740 1044 
1171 463 1741 1744 1743 
1172 503 1015 1744 1741 
1173 541 1742 1744 1015 
1174 500 1743 1744 1742 
1175 607 1745 1748 1629 
1176 620 1746 1748 1745 
1177 597 1747 1748 1746 
1178 567 1629 1748 1747 
1179 623 1749 1753 1752 
1180 665 1750 1753 1749 
1181 720 1751 1753 1750 
1182 710 1752 1753 1751 
1183 253 1039 1756 1755 
1184 267 1754 1756 1039 
1185 20 21 1756 1754 
1186 22 1755 1756 21 
1187 268 1736 1757 1140 
1188 18 19 1757 1736 
1189 20 1754 1757 19 
1190 267 1140 1757 1754 
1191 360 1323 1761 1760 
1192 348 1758 1761 1323 
1193 480 1759 1761 1758 
1194 381 1760 1761 1759 
1195 254 1707 1764 1763 
1196 72 73 1764 1707 
1197 74 1762 1764 73 
1198 295 1763 1764 1762 
1199 800 1716 1767 1405 
1200 815 1765 1767 1716 
1201 803 1766 1767 1765 
1202 256 1405 1767 1766 
1203 687 1768 1770 1224 
1204 719 1769 1770 1768 
1205 738 1386 1770 1769 
1206 714 1224 1770 1386 
1207 727 1771 1773 1725 
1208 693 1024 1773 1771 
1209 628 1772 1773 1024 
1210 733 1725 1773 1772 
1211 592 1603 1776 1529 
1212 633 1774 1776 1603 
1213 577 1775 1776 1774 
1214 520 1529 1776 1775 
1215 251 1777 1778 1622 
1216 14 15 1778 1777 
1217 16 1735 1778 15 
1218 297 1622 1778 1735 
1219 630 1297 1780 1588 
1220 659 1500 1780 1297 
1221 737 1779 1780 1500 
1222 704 1588 1780 1779 
1223 249 1781 1782 1712 
1224 66 67 1782 1781 
1225 68 1720 1782 67 
1226 296 1712 1782 1720 
1227 518 1366 1784 1783 
1228 435 1359 1784 1366 
1229 349 1355 1784 1359 
1230 495 1783 1784 1355 
1231 747 1785 1788 1787 
1232 240 1786 1788 1785 
1233 158 157 1788 1786 
1234 156 1787 1788 157 
1235 693 1771 1790 1308 
1236 727 1789 1790 1771 
1237 694 1672 1790 1789 
1238 726 1308 1790 1672 
1239 478 941 1793 1079 
1240 441 1791 1793 941 
1241 363 1792 1793 1791 
1242 407 1079 1793 1792 
1243 557 1218 1796 1795 
1244 509 1794 1796 1218 
1245 578 912 1796 1794 
1246 782 1795 1796 912 
1247 341 1797 1800 1372 
1248 313 1798 1800 1797 
1249 336 1799 1800 1798 
1250 385 1372 1800 1799 
1251 296 1721 1801 1713 
1252 272 1739 1801 1721 
1253 291 1239 1801 1739 
1254 338 1713 1801 1239 
1255 791 1542 1804 1470 
1256 626 1802 1804 1542 
1257 755 1803 1804 1802 
1258 680 1470 1804 1803 
1259 817 1805 1809 1808 
1260 805 1806 1809 1805 
1261 242 1807 1809 1806 
1262 813 1808 1809 1807 
1263 425 1810 1812 1474 
1264 421 1067 1812 1810 
1265 399 1811 1812 1067 
1266 466 1474 1812 1811 
1267 295 1762 1814 1657 
1268 74 75 1814 1762 
1269 76 1813 1814 75 
1270 252 1657 1814 1813 
1271 385 1799 1817 985 
1272 336 1815 1817 1799 
1273 361 1816 1817 1815 
1274 375 985 1817 1816 
1275 561 1617 1821 1820 
1276 588 1818 1821 1617 
1277 605 1819 1821 1818 
1278 566 1820 1821 1819 
1279 269 1822 1823 1447 
1280 12 13 1823 1822 
1281 14 1777 1823 13 
1282 251 1447 1823 1777 
1283 546 1302 1826 1825 
1284 579 1566 1826 1302 
1285 672 1824 1826 1566 
1286 631 1825 1826 1824 
1287 271 1827 1828 1375 
1288 64 65 1828 1827 
1289 66 1781 1828 65 
1290 249 1375 1828 1781 
1291 359 1829 1831 1443 
1292 337 1830 1831 1829 
1293 313 1797 1831 1830 
1294 341 1443 1831 1797 
1295 347 1466 1834 1833 
1296 375 1816 1834 1466 
1297 361 1832 1834 1816 
1298 335 1833 1834 1832 
1299 679 1661 1835 1129 
1300 469 1081 1835 1661 
1301 452 1269 1835 1081 
1302 432 1129 1835 1269 
1303 253 1755 1837 1508 
1304 22 23 1837 1755 
1305 24 1836 1837 23 
1306 298 1508 1837 1836 
1307 758 1838 1840 1574 
1308 780 1471 1840 1838 
1309 680 1839 1840 1471 
1310 731 1574 1840 1839 
1311 636 1841 1843 891 
1312 550 1842 1843 1841 
1313 605 1818 1843 1842 
1314 588 891 1843 1818 
1315 417 1652 1846 1187 
1316 445 1844 1846 1652 
1317 531 1845 1846 1844 
1318 474 1187 1846 1845 
1319 289 1278 1849 1446 
1320 294 1847 1849 1278 
1321 275 1848 1849 1847 
1322 269 1446 1849 1848 
1323 598 1850 1853 1852 
1324 664 1690 1853 1850 
1325 661 1851 1853 1690 
1326 640 1852 1853 1851 
1327 295 1854 1855 1763 
1328 366 1595 1855 1854 
1329 319 1738 1855 1595 
1330 254 1763 1855 1738 
1331 737 1856 1858 1779 
1332 719 1768 1858 1856 
1333 687 1857 1858 1768 
1334 704 1779 1858 1857 
1335 322 1859 1862 1522 
1336 332 1860 1862 1859 
1337 301 1861 1862 1860 
1338 248 1522 1862 1861 
1339 303 1863 1865 1231 
1340 278 1864 1865 1863 
1341 334 1576 1865 1864 
1342 330 1231 1865 1576 
1343 114 1866 1868 115 
1344 239 1867 1868 1866 
1345 365 1647 1868 1867 
1346 116 115 1868 1647 
1347 729 1869 1872 929 
1348 705 1870 1872 1869 
1349 638 1871 1872 1870 
1350 657 929 1872 1871 
1351 279 1873 1875 1580 
1352 260 1874 1875 1873 
1353 301 1860 1875 1874 
1354 332 1580 1875 1860 
1355 726 1671 1877 1309 
1356 673 1876 1877 1671 
1357 708 1259 1877 1876 
1358 697 1309 1877 1259 
1359 400 1344 1879 1878 
1360 468 1196 1879 1344 
1361 518 1783 1879 1196 
1362 495 1878 1879 1783 
1363 582 1880 1884 1883 
1364 333 1881 1884 1880 
1365 324 1882 1884 1881 
1366 553 1883 1884 1882 
1367 247 1668 1887 1422 
1368 323 1885 1887 1668 
1369 273 1886 1887 1885 
1370 311 1422 1887 1886 
1371 826 1168 1889 1888 
1372 812 1582 1889 1168 
1373 785 857 1889 1582 
1374 809 1888 1889 857 
1375 643 1563 1890 1287 
1376 579 1301 1890 1563 
1377 517 939 1890 1301 
1378 684 1287 1890 939 
1379 593 1113 1894 1893 
1380 642 1891 1894 1113 
1381 502 1892 1894 1891 
1382 648 1893 1894 1892 
1383 461 1895 1899 1898 
1384 544 1896 1899 1895 
1385 566 1897 1899 1896 
1386 532 1898 1899 1897 
1387 486 1900 1901 1598 
1388 388 1087 1901 1900 
1389 497 1164 1901 1087 
1390 440 1598 1901 1164 
1391 668 1676 1902 914 
1392 731 1839 1902 1676 
1393 680 1803 1902 1839 
1394 755 914 1902 1803 
1395 637 1903 1905 1904 
1396 685 1153 1905 1903 
1397 513 931 1905 1153 
1398 666 1904 1905 931 
1399 424 975 1908 1907 
1400 493 1363 1908 975 
1401 436 1906 1908 1363 
1402 449 1907 1908 1906 
1403 498 1909 1912 1911 
1404 473 1569 1912 1909 
1405 418 1910 1912 1569 
1406 456 1911 1912 1910 
1407 396 1607 1913 1264 
1408 444 1204 1913 1607 
1409 387 1213 1913 1204 
1410 376 1264 1913 1213 
1411 367 1914 1916 1165 
1412 390 1915 1916 1914 
1413 351 1718 1916 1915 
1414 405 1165 1916 1718 
1415 286 918 1919 1918 
1416 362 1917 1919 918 
1417 231 230 1919 1917 
1418 229 1918 1919 230 
1419 784 1920 1923 1922 
1420 799 1921 1923 1920 
1421 189 188 1923 1921 
1422 187 1922 1923 188 
1423 353 1924 1927 1199 
1424 312 1925 1927 1924 
1425 339 1926 1927 1925 
1426 266 1199 1927 1926 
1427 718 1928 1929 979 
1428 778 846 1929 1928 
1429 787 1189 1929 846 
1430 767 979 1929 1189 
1431 187 186 1932 1922 
1432 185 1930 1932 186 
1433 761 1931 1932 1930 
1434 784 1922 1932 1931 
1435 523 1933 1937 1936 
1436 442 1934 1937 1933 
1437 353 1935 1937 1934 
1438 477 1936 1937 1935 
1439 292 1938 1942 1941 
1440 327 1939 1942 1938 
1441 356 1940 1942 1939 
1442 378 1941 1942 1940 
1443 351 1915 1944 972 
1444 390 1943 1944 1915 
1445 322 1521 1944 1943 
1446 287 972 1944 1521 
1447 795 1945 1948 1947 
1448 728 1946 1948 1945 
1449 756 1029 1948 1946 
1450 616 1947 1948 1029 
1451 12 1822 1950 11 
1452 269 1848 1950 1822 
1453 275 1949 1950 1848 
1454 10 11 1950 1949 
1455 491 1951 1953 1952 
1456 521 1728 1953 1951 
1457 593 1893 1953 1728 
1458 648 1952 1953 1893 
1459 273 1523 1956 1955 
1460 248 1954 1956 1523 
1461 89 90 1956 1954 
1462 91 1955 1956 90 
1463 333 1880 1960 1959 
1464 582 1957 1960 1880 
1465 625 1958 1960 1957 
1466 505 1959 1960 1958 
1467 252 1813 1962 1462 
1468 76 77 1962 1813 
1469 78 1961 1962 77 
1470 299 1462 1962 1961 
1471 64 1827 1964 63 
1472 271 1625 1964 1827 
1473 302 1963 1964 1625 
1474 62 63 1964 1963 
1475 298 1836 1966 1476 
1476 24 25 1966 1836 
1477 26 1965 1966 25 
1478 250 1476 1966 1965 
1479 334 1967 1969 1642 
1480 304 1968 1969 1967 
1481 337 1829 1969 1968 
1482 359 1642 1969 1829 
1483 733 1970 1972 1726 
1484 757 1971 1972 1970 
1485 597 1746 1972 1971 
1486 620 1726 1972 1746 
1487 621 1973 1976 1975 
1488 632 1974 1976 1973 
1489 209 208 1976 1974 
1490 207 1975 1976 208 
1491 247 1424 1978 1669 
1492 95 96 1978 1424 
1493 97 1977 1978 96 
1494 300 1669 1978 1977 
1495 408 1482 1980 869 
1496 122 121 1980 1482 
1497 120 1979 1980 121 
1498 454 869 1980 1979 
1499 801 1132 1984 1983 
1500 810 1981 1984 1132 
1501 821 1982 1984 1981 
1502 818 1983 1984 1982 
1503 625 1985 1988 1987 
1504 701 933 1988 1985 
1505 730 1986 1988 933 
1506 700 1987 1988 1986 
1507 347 1833 1991 1644 
1508 335 1989 1991 1833 
1509 308 1990 1991 1989 
1510 329 1644 1991 1990 
1511 335 1992 1995 1989 
1512 305 1993 1995 1992 
1513 261 1994 1995 1993 
1514 308 1989 1995 1994 
1515 277 1996 1999 1998 
1516 307 1997 1999 1996 
1517 337 1968 1999 1997 
1518 304 1998 1999 1968 
1519 304 2000 2003 1998 
1520 259 2001 2003 2000 
1521 276 2002 2003 2001 
1522 277 1998 2003 2002 
1523 294 1480 2006 1847 
1524 270 2004 2006 1480 
1525 280 2005 2006 2004 
1526 275 1847 2006 2005 
1527 261 2007 2010 2009 
1528 51 52 2010 2007 
1529 53 2008 2010 52 
1530 281 2009 2010 2008 
1531 3 55 2012 54 
1532 56 2011 2012 55 
1533 281 2008 2012 2011 
1534 53 54 2012 2008 
1535 85 86 2015 2014 
1536 87 2013 2015 86 
1537 301 1874 2015 2013 
1538 260 2014 2015 1874 
1539 1 7 2018 102 
1540 8 2016 2018 7 
1541 280 2017 2018 2016 
1542 101 102 2018 2017 
1543 4 84 2020 83 
1544 85 2014 2020 84 
1545 260 2019 2020 2014 
1546 82 83 2020 2019 
1547 261 1993 2022 2007 
1548 305 2021 2022 1993 
1549 49 50 2022 2021 
1550 51 2007 2022 50 
1551 60 61 2025 2024 
1552 62 1963 2025 61 
1553 302 2023 2025 1963 
1554 258 2024 2025 2023 
1555 45 46 2029 2028 
1556 47 2026 2029 46 
1557 255 2027 2029 2026 
1558 306 2028 2029 2027 
1559 307 2030 2032 1997 
1560 246 2031 2032 2030 
1561 313 1830 2032 2031 
1562 337 1997 2032 1830 
1563 303 2033 2035 1863 
1564 28 29 2035 2033 
1565 30 2034 2035 29 
1566 278 1863 2035 2034 
1567 250 1965 2036 1230 
1568 26 27 2036 1965 
1569 28 2033 2036 27 
1570 303 1230 2036 2033 
1571 278 2034 2039 2038 
1572 30 31 2039 2034 
1573 32 2037 2039 31 
1574 259 2038 2039 2037 
1575 276 2001 2041 2040 
1576 259 2037 2041 2001 
1577 32 33 2041 2037 
1578 34 2040 2041 33 
1579 357 1645 2043 1624 
1580 329 2042 2043 1645 
1581 258 2023 2043 2042 
1582 302 1624 2043 2023 
1583 255 2026 2045 2044 
1584 47 48 2045 2026 
1585 49 2021 2045 48 
1586 305 2044 2045 2021 
1587 279 2046 2047 1873 
1588 80 81 2047 2046 
1589 82 2019 2047 81 
1590 260 1873 2047 2019 
1591 299 1961 2048 1579 
1592 78 79 2048 1961 
1593 80 2046 2048 79 
1594 279 1579 2048 2046 
1595 300 1977 2050 1479 
1596 97 98 2050 1977 
1597 99 2049 2050 98 
1598 270 1479 2050 2049 
1599 280 2004 2051 2017 
1600 270 2049 2051 2004 
1601 99 100 2051 2049 
1602 101 2017 2051 100 
1603 248 1861 2052 1954 
1604 301 2013 2052 1861 
1605 87 88 2052 2013 
1606 89 1954 2052 88 
1607 720 1750 2056 2055 
1608 665 2053 2056 1750 
1609 591 2054 2056 2053 
1610 700 2055 2056 2054 
1611 336 1798 2059 2058 
1612 313 2031 2059 1798 
1613 246 2057 2059 2031 
1614 306 2058 2059 2057 
1615 274 2060 2062 2061 
1616 258 2042 2062 2060 
1617 329 1990 2062 2042 
1618 308 2061 2062 1990 
1619 259 2000 2063 2038 
1620 304 1967 2063 2000 
1621 334 1864 2063 1967 
1622 278 2038 2063 1864 
1623 306 2027 2065 2058 
1624 255 2064 2065 2027 
1625 361 1815 2065 2064 
1626 336 2058 2065 1815 
1627 261 2009 2067 1994 
1628 281 2066 2067 2009 
1629 274 2061 2067 2066 
1630 308 1994 2067 2061 
1631 305 1992 2068 2044 
1632 335 1832 2068 1992 
1633 361 2064 2068 1832 
1634 255 2044 2068 2064 
1635 58 2069 2070 57 
1636 274 2066 2070 2069 
1637 281 2011 2070 2066 
1638 56 57 2070 2011 
1639 41 42 2073 2072 
1640 43 2071 2073 42 
1641 246 2030 2073 2071 
1642 307 2072 2073 2030 
1643 280 2016 2074 2005 
1644 8 9 2074 2016 
1645 10 1949 2074 9 
1646 275 2005 2074 1949 
1647 306 2057 2075 2028 
1648 246 2071 2075 2057 
1649 43 44 2075 2071 
1650 45 2028 2075 44 
1651 34 35 2077 2040 
1652 2 36 2077 35 
1653 37 2076 2077 36 
1654 276 2040 2077 2076 
1655 307 1996 2079 2072 
1656 277 2078 2079 1996 
1657 39 40 2079 2078 
1658 41 2072 2079 40 
1659 274 2069 2080 2060 
1660 58 59 2080 2069 
1661 60 2024 2080 59 
1662 258 2060 2080 2024 
1663 37 38 2081 2076 
1664 39 2078 2081 38 
1665 277 2002 2081 2078 
1666 276 2076 2081 2002 
1667 665 1749 2084 2053 
1668 623 2082 2084 1749 
1669 543 2083 2084 2082 
1670 591 2053 2084 2083 
1671 797 2085 2087 2086 
1672 808 871 2087 2085 
1673 824 1170 2087 871 
1674 823 2086 2087 1170 
1675 786 2088 2092 2091 
1676 797 2089 2092 2088 
1677 811 2090 2092 2089 
1678 651 2091 2092 2090 
1679 553 2093 2095 1883 
1680 637 1904 2095 2093 
1681 666 2094 2095 1904 
1682 582 1883 2095 2094 
1683 701 1985 2096 934 
1684 625 1957 2096 1985 
1685 582 2094 2096 1957 
1686 666 934 2096 2094 
1687 6 2097 2100 2099 
1688 769 2098 2100 2097 
1689 786 2091 2100 2098 
1690 651 2099 2100 2091 
1691 324 2101 2103 1882 
1692 362 917 2103 2101 
1693 639 2102 2103 917 
1694 553 1882 2103 2102 
1695 796 876 2106 1191 
1696 819 2104 2106 876 
1697 827 2105 2106 2104 
1698 814 1191 2106 2105 
1699 797 2088 2109 2085 
1700 786 2107 2109 2088 
1701 827 2108 2109 2107 
1702 808 2085 2109 2108 
1703 797 2086 2112 2089 
1704 823 2110 2112 2086 
1705 821 2111 2112 2110 
1706 811 2089 2112 2111 
1707 142 141 2116 2115 
1708 140 2113 2116 141 
1709 619 2114 2116 2113 
1710 667 2115 2116 2114 
1711 244 2117 2121 2120 
1712 724 2118 2121 2117 
1713 746 2119 2121 2118 
1714 783 2120 2121 2119 
1715 619 2113 2124 2123 
1716 140 139 2124 2113 
1717 138 2122 2124 139 
1718 594 2123 2124 2122 
1719 667 2125 2126 2115 
1720 262 1550 2126 2125 
1721 144 143 2126 1550 
1722 142 2115 2126 143 
1723 483 2127 2130 2129 
1724 134 133 2130 2127 
1725 132 2128 2130 133 
1726 285 2129 2130 2128 
1727 769 2131 2133 2132 
1728 752 980 2133 2131 
1729 767 1192 2133 980 
1730 814 2132 2133 1192 
1731 591 2083 2136 2135 
1732 543 1400 2136 2083 
1733 5 2134 2136 1400 
1734 505 2135 2136 2134 
1735 235 2137 2138 236 
1736 333 1959 2138 2137 
1737 505 2134 2138 1959 
1738 5 236 2138 2134 
1739 207 206 2141 1975 
1740 205 2139 2141 206 
1741 257 2140 2141 2139 
1742 621 1975 2141 2140 
1743 309 2142 2145 2144 
1744 130 129 2145 2142 
1745 128 2143 2145 129 
1746 263 2144 2145 2143 
1747 195 2146 2148 196 
1748 813 1807 2148 2146 
1749 242 2147 2148 1807 
1750 197 196 2148 2147 
1751 505 1958 2149 2135 
1752 625 1987 2149 1958 
1753 700 2054 2149 1987 
1754 591 2135 2149 2054 
1755 676 1514 2150 864 
1756 688 1035 2150 1514 
1757 677 1276 2150 1035 
1758 647 864 2150 1276 
1759 784 1931 2153 2152 
1760 761 2151 2153 1931 
1761 788 1083 2153 2151 
1762 802 2152 2153 1083 
1763 136 2154 2156 137 
1764 245 2155 2156 2154 
1765 594 2122 2156 2155 
1766 138 137 2156 2122 
1767 584 2157 2160 1732 
1768 457 2158 2160 2157 
1769 412 2159 2160 2158 
1770 379 1732 2160 2159 
1771 148 147 2162 2161 
1772 146 1552 2162 147 
1773 724 2117 2162 1552 
1774 244 2161 2162 2117 
1775 768 2163 2166 2165 
1776 265 2164 2166 2163 
1777 154 153 2166 2164 
1778 152 2165 2166 153 
1779 333 2137 2168 1881 
1780 235 234 2168 2137 
1781 233 2167 2168 234 
1782 324 1881 2168 2167 
1783 362 2101 2169 1917 
1784 324 2167 2169 2101 
1785 233 232 2169 2167 
1786 231 1917 2169 232 
1787 522 2170 2173 2172 
1788 282 2171 2173 2170 
1789 215 214 2173 2171 
1790 213 2172 2173 214 
1791 632 2174 2176 1974 
1792 241 2175 2176 2174 
1793 211 210 2176 2175 
1794 209 1974 2176 210 
1795 722 2177 2179 2178 
1796 257 2139 2179 2177 
1797 205 204 2179 2139 
1798 203 2178 2179 204 
1799 327 2180 2183 2182 
1800 221 220 2183 2180 
1801 219 2181 2183 220 
1802 283 2182 2183 2181 
1803 799 1406 2185 1921 
1804 256 2184 2185 1406 
1805 191 190 2185 2184 
1806 189 1921 2185 190 
1807 413 2186 2188 2187 
1808 283 2181 2188 2186 
1809 219 218 2188 2181 
1810 217 2187 2188 218 
1811 770 2189 2192 2191 
1812 284 2190 2192 2189 
1813 201 200 2192 2190 
1814 199 2191 2192 200 
1815 454 1979 2194 2193 
1816 120 119 2194 1979 
1817 118 1649 2194 119 
1818 264 2193 2194 1649 
1819 124 1484 2197 125 
1820 243 2195 2197 1484 
1821 310 2196 2197 2195 
1822 126 125 2197 2196 
1823 448 2198 2201 2200 
1824 108 107 2201 2198 
1825 106 2199 2201 107 
1826 412 2200 2201 2199 
1827 199 198 2203 2191 
1828 197 2147 2203 198 
1829 242 2202 2203 2147 
1830 770 2191 2203 2202 
1831 104 1733 2204 105 
1832 379 2159 2204 1733 
1833 412 2199 2204 2159 
1834 106 105 2204 2199 
1835 658 2205 2208 1559 
1836 698 2206 2208 2205 
1837 723 2207 2208 2206 
1838 691 1559 2208 2207 
1839 377 2209 2213 2212 
1840 450 2210 2213 2209 
1841 471 2211 2213 2210 
1842 427 2212 2213 2211 
1843 217 216 2215 2187 
1844 215 2171 2215 216 
1845 282 2214 2215 2171 
1846 413 2187 2215 2214 
1847 213 212 2217 2172 
1848 211 2175 2217 212 
1849 241 2216 2217 2175 
1850 522 2172 2217 2216 
1851 203 202 2219 2178 
1852 201 2190 2219 202 
1853 284 2218 2219 2190 
1854 722 2178 2219 2218 
1855 547 2220 2224 2223 
1856 599 2221 2224 2220 
1857 504 2222 2224 2221 
1858 481 2223 2224 2222 
1859 752 2225 2227 981 
1860 168 167 2227 2225 
1861 166 2226 2227 167 
1862 748 981 2227 2226 
1863 764 1145 2228 1537 
1864 795 1947 2228 1145 
1865 616 1028 2228 1947 
1866 773 1537 2228 1028 
1867 704 1857 2229 1589 
1868 687 1246 2229 1857 
1869 655 1125 2229 1246 
1870 674 1589 2229 1125 
1871 245 2154 2231 2230 
1872 136 135 2231 2154 
1873 134 2127 2231 135 
1874 483 2230 2231 2127 
1875 292 1941 2235 2234 
1876 378 2232 2235 1941 
1877 415 2233 2235 2232 
1878 458 2234 2235 2233 
1879 724 1551 2238 2118 
1880 262 2236 2238 1551 
1881 699 2237 2238 2236 
1882 746 2118 2238 2237 
1883 571 1101 2240 1353 
1884 587 2239 2240 1101 
1885 526 1599 2240 2239 
1886 470 1353 2240 1599 
1887 507 1619 2241 1319 
1888 524 990 2241 1619 
1889 473 1909 2241 990 
1890 498 1319 2241 1909 
1891 705 1869 2244 2243 
1892 729 2242 2244 1869 
1893 746 2237 2244 2242 
1894 699 2243 2244 2237 
1895 676 863 2245 1515 
1896 604 1491 2245 863 
1897 611 1123 2245 1491 
1898 612 1515 2245 1123 
1899 537 2246 2250 2249 
1900 595 2247 2250 2246 
1901 547 2248 2250 2247 
1902 523 2249 2250 2248 
1903 429 1266 2251 1627 
1904 343 1379 2251 1266 
1905 420 1341 2251 1379 
1906 443 1627 2251 1341 
1907 564 2252 2255 2254 
1908 575 2253 2255 2252 
1909 657 1871 2255 2253 
1910 638 2254 2255 1871 
1911 433 1220 2257 2256 
1912 371 1426 2257 1220 
1913 388 1900 2257 1426 
1914 486 2256 2257 1900 
1915 565 2258 2262 2261 
1916 527 2259 2262 2258 
1917 606 2260 2262 2259 
1918 631 2261 2262 2260 
1919 811 2263 2264 2090 
1920 171 170 2264 2263 
1921 6 2099 2264 170 
1922 651 2090 2264 2099 
1923 760 2265 2268 2267 
1924 656 2266 2268 2265 
1925 681 1096 2268 2266 
1926 624 2267 2268 1096 
1927 285 2128 2270 2269 
1928 132 131 2270 2128 
1929 130 2142 2270 131 
1930 309 2269 2270 2142 
1931 245 2230 2274 2273 
1932 483 2271 2274 2230 
1933 431 2272 2274 2271 
1934 525 2273 2274 2272 
1935 244 2275 2277 2161 
1936 744 2276 2277 2275 
1937 150 149 2277 2276 
1938 148 2161 2277 149 
1939 257 2177 2281 2280 
1940 722 2278 2281 2177 
1941 703 2279 2281 2278 
1942 660 2280 2281 2279 
1943 263 2143 2282 1639 
1944 128 127 2282 2143 
1945 126 2196 2282 127 
1946 310 1639 2282 2196 
1947 603 2283 2286 2285 
1948 595 2284 2286 2283 
1949 671 945 2286 2284 
1950 682 2285 2286 945 
1951 531 2287 2290 1845 
1952 563 2288 2290 2287 
1953 608 2289 2290 2288 
1954 474 1845 2290 2289 
1955 408 868 2293 1483 
1956 437 2291 2293 868 
1957 369 2292 2293 2291 
1958 243 1483 2293 2292 
1959 223 2294 2296 844 
1960 292 2234 2296 2294 
1961 458 2295 2296 2234 
1962 237 844 2296 2295 
1963 575 2297 2298 2253 
1964 661 1689 2298 2297 
1965 702 926 2298 1689 
1966 657 2253 2298 926 
1967 392 1268 2300 1453 
1968 452 1080 2300 1268 
1969 407 2299 2300 1080 
1970 416 1453 2300 2299 
1971 650 836 2303 1131 
1972 173 2301 2303 836 
1973 822 2302 2303 2301 
1974 810 1131 2303 2302 
1975 635 1533 2305 2304 
1976 610 1694 2305 1533 
1977 520 1775 2305 1694 
1978 577 2304 2305 1775 
1979 770 2202 2308 2307 
1980 242 1806 2308 2202 
1981 805 2306 2308 1806 
1982 789 2307 2308 2306 
1983 773 2309 2311 1536 
1984 552 1110 2311 2309 
1985 754 2310 2311 1110 
1986 732 1536 2311 2310 
1987 185 184 2314 1930 
1988 183 2312 2314 184 
1989 238 2313 2314 2312 
1990 761 1930 2314 2313 
1991 164 2315 2317 165 
1992 627 2316 2317 2315 
1993 748 2226 2317 2316 
1994 166 165 2317 2226 
1995 644 1703 2318 1614 
1996 678 1368 2318 1703 
1997 475 1518 2318 1368 
1998 581 1614 2318 1518 
1999 284 2189 2321 2320 
2000 770 2307 2321 2189 
2001 789 2319 2321 2307 
2002 742 2320 2321 2319 
2003 722 2218 2323 2278 
2004 284 2320 2323 2218 
2005 742 2322 2323 2320 
2006 703 2278 2323 2322 
2007 541 1684 2326 1742 
2008 602 2324 2326 1684 
2009 646 2325 2326 2324 
2010 500 1742 2326 2325 
2011 799 1920 2327 1407 
2012 784 2152 2327 1920 
2013 802 1336 2327 2152 
2014 790 1407 2327 1336 
2015 667 2114 2330 2329 
2016 619 2328 2330 2114 
2017 638 1870 2330 2328 
2018 705 2329 2330 1870 
2019 566 1896 2333 1820 
2020 544 2331 2333 1896 
2021 600 2332 2333 2331 
2022 561 1820 2333 2332 
2023 431 2334 2337 2272 
2024 501 2335 2337 2334 
2025 539 2336 2337 2335 
2026 525 2272 2337 2336 
2027 542 1250 2338 1409 
2028 514 1547 2338 1250 
2029 646 2324 2338 1547 
2030 602 1409 2338 2324 
2031 652 1059 2340 1615 
2032 689 2339 2340 1059 
2033 540 1704 2340 2339 
2034 644 1615 2340 1704 
2035 740 1084 2342 1434 
2036 766 2341 2342 1084 
2037 737 1499 2342 2341 
2038 690 1434 2342 1499 
2039 563 2343 2346 2345 
2040 480 2344 2346 2343 
2041 386 1328 2346 2344 
2042 428 2345 2346 1328 
2043 760 2347 2350 2265 
2044 590 2348 2350 2347 
2045 641 2349 2350 2348 
2046 656 2265 2350 2349 
2047 815 1715 2353 2352 
2048 794 1396 2353 1715 
2049 820 2351 2353 1396 
2050 817 2352 2353 2351 
2051 690 1498 2354 1432 
2052 613 1525 2354 1498 
2053 756 1946 2354 1525 
2054 728 1432 2354 1946 
2055 263 1638 2358 2357 
2056 434 2355 2358 1638 
2057 485 2356 2358 2355 
2058 402 2357 2358 2356 
2059 483 2129 2361 2271 
2060 285 2359 2361 2129 
2061 402 2360 2361 2359 
2062 431 2271 2361 2360 
2063 698 2205 2363 1602 
2064 658 2362 2363 2205 
2065 577 1774 2363 2362 
2066 633 1602 2363 1774 
2067 503 1741 2364 1181 
2068 463 1429 2364 1741 
2069 494 1215 2364 1429 
2070 557 1181 2364 1215 
2071 689 1391 2365 2339 
2072 732 2310 2365 1391 
2073 754 1510 2365 2310 
2074 540 2339 2365 1510 
2075 495 1357 2367 1878 
2076 453 1450 2367 1357 
2077 342 2366 2367 1450 
2078 400 1878 2367 2366 
2079 522 2368 2370 2170 
2080 560 1527 2370 2368 
2081 482 2369 2370 1527 
2082 282 2170 2370 2369 
2083 556 2371 2372 1115 
2084 757 1970 2372 2371 
2085 733 1772 2372 1970 
2086 628 1115 2372 1772 
2087 798 1054 2374 2373 
2088 788 2151 2374 1054 
2089 761 2313 2374 2151 
2090 238 2373 2374 2313 
2091 608 2288 2375 903 
2092 563 2345 2375 2288 
2093 428 1314 2375 2345 
2094 511 903 2375 1314 
2095 624 1095 2377 2376 
2096 537 2249 2377 1095 
2097 523 1936 2377 2249 
2098 477 2376 2377 1936 
2099 550 1841 2379 2378 
2100 636 1174 2379 1841 
2101 664 1850 2379 1174 
2102 598 2378 2379 1850 
2103 789 2380 2382 2319 
2104 774 1005 2382 2380 
2105 751 2381 2382 1005 
2106 742 2319 2382 2381 
2107 327 2182 2385 1939 
2108 283 2383 2385 2182 
2109 377 2384 2385 2383 
2110 356 1939 2385 2384 
2111 343 1265 2386 1380 
2112 376 1212 2386 1265 
2113 364 1678 2386 1212 
2114 340 1380 2386 1678 
2115 221 2180 2387 222 
2116 327 1938 2387 2180 
2117 292 2294 2387 1938 
2118 223 222 2387 2294 
2119 241 2174 2390 2389 
2120 632 2388 2390 2174 
2121 663 1604 2390 2388 
2122 592 2389 2390 1604 
2123 404 2391 2394 867 
2124 484 2392 2394 2391 
2125 461 2393 2394 2392 
2126 437 867 2394 2393 
2127 253 1507 2396 1040 
2128 419 2395 2396 1507 
2129 393 1503 2396 2395 
2130 321 1040 2396 1503 
2131 463 1743 2397 1430 
2132 500 2325 2397 1743 
2133 646 1546 2397 2325 
2134 430 1430 2397 1546 
2135 441 1343 2398 1791 
2136 400 2366 2398 1343 
2137 342 1502 2398 2366 
2138 363 1791 2398 1502 
2139 627 2315 2401 2400 
2140 164 163 2401 2315 
2141 162 2399 2401 163 
2142 675 2400 2401 2399 
2143 741 1304 2402 1282 
2144 653 1543 2402 1304 
2145 791 1469 2402 1543 
2146 771 1282 2402 1469 
2147 152 151 2404 2165 
2148 150 2276 2404 151 
2149 744 2403 2404 2276 
2150 768 2165 2404 2403 
2151 325 1561 2405 955 
2152 386 2344 2405 1561 
2153 480 1758 2405 2344 
2154 348 955 2405 1758 
2155 573 1415 2409 2408 
2156 499 2406 2409 1415 
2157 580 2407 2409 2406 
2158 618 2408 2409 2407 
2159 413 2410 2411 2186 
2160 450 2209 2411 2410 
2161 377 2383 2411 2209 
2162 283 2186 2411 2383 
2163 450 2412 2413 2210 
2164 482 1530 2413 2412 
2165 520 1697 2413 1530 
2166 471 2210 2413 1697 
2167 793 1539 2415 2414 
2168 777 897 2415 1539 
2169 265 2163 2415 897 
2170 768 2414 2415 2163 
2171 663 2416 2418 1605 
2172 706 2417 2418 2416 
2173 723 2206 2418 2417 
2174 698 1605 2418 2206 
2175 821 2110 2420 1982 
2176 823 1169 2420 2110 
2177 826 2419 2420 1169 
2178 818 1982 2420 2419 
2179 564 2254 2422 2421 
2180 638 2328 2422 2254 
2181 619 2123 2422 2328 
2182 594 2421 2422 2123 
2183 447 2423 2426 2425 
2184 320 2424 2426 2423 
2185 365 1867 2426 2424 
2186 239 2425 2426 1867 
2187 721 1456 2428 1681 
2188 749 2427 2428 1456 
2189 758 1573 2428 2427 
2190 716 1681 2428 1573 
2191 706 2416 2430 2429 
2192 663 2388 2430 2416 
2193 632 1973 2430 2388 
2194 621 2429 2430 1973 
2195 415 2431 2434 2433 
2196 487 2432 2434 2431 
2197 499 1414 2434 2432 
2198 460 2433 2434 1414 
2199 563 2287 2436 2343 
2200 531 2435 2436 2287 
2201 381 1759 2436 2435 
2202 480 2343 2436 1759 
2203 742 2381 2439 2322 
2204 751 2437 2439 2381 
2205 723 2438 2439 2437 
2206 703 2322 2439 2438 
2207 490 2440 2442 1637 
2208 530 2441 2442 2440 
2209 485 2355 2442 2441 
2210 434 1637 2442 2355 
2211 416 2443 2444 1454 
2212 393 2395 2444 2443 
2213 419 1506 2444 2395 
2214 316 1454 2444 1506 
2215 442 1933 2446 2445 
2216 523 2248 2446 1933 
2217 547 2223 2446 2248 
2218 481 2445 2446 2223 
2219 783 2447 2449 2120 
2220 775 2448 2449 2447 
2221 744 2275 2449 2448 
2222 244 2120 2449 2275 
2223 486 1600 2451 2256 
2224 526 2450 2451 1600 
2225 509 1217 2451 2450 
2226 433 2256 2451 1217 
2227 263 2357 2452 2144 
2228 402 2359 2452 2357 
2229 285 2269 2452 2359 
2230 309 2144 2452 2269 
2231 753 2453 2455 1161 
2232 746 2242 2455 2453 
2233 729 2454 2455 2242 
2234 781 1161 2455 2454 
2235 706 2429 2457 2456 
2236 621 2140 2457 2429 
2237 257 2280 2457 2140 
2238 660 2456 2457 2280 
2239 705 2243 2458 2329 
2240 699 2236 2458 2243 
2241 262 2125 2458 2236 
2242 667 2329 2458 2125 
2243 635 2304 2459 1347 
2244 577 2362 2459 2304 
2245 658 1558 2459 2362 
2246 670 1347 2459 1558 
2247 578 1794 2460 1064 
2248 509 2450 2460 1794 
2249 526 2239 2460 2450 
2250 587 1064 2460 2239 
2251 671 2284 2462 2461 
2252 595 2246 2462 2284 
2253 537 1098 2462 2246 
2254 614 2461 2462 1098 
2255 595 2283 2464 2247 
2256 603 2463 2464 2283 
2257 599 2220 2464 2463 
2258 547 2247 2464 2220 
2259 600 2331 2467 2466 
2260 544 1895 2467 2331 
2261 461 2465 2467 1895 
2262 512 2466 2467 2465 
2263 525 2336 2470 2469 
2264 539 2468 2470 2336 
2265 575 2252 2470 2468 
2266 564 2469 2470 2252 
2267 293 2471 2472 1459 
2268 458 2233 2472 2471 
2269 415 2433 2472 2233 
2270 460 1459 2472 2433 
2271 498 1911 2473 1320 
2272 456 1048 2473 1911 
2273 421 1810 2473 1048 
2274 425 1320 2473 1810 
2275 592 1528 2474 2389 
2276 560 2368 2474 1528 
2277 522 2216 2474 2368 
2278 241 2389 2474 2216 
2279 295 1658 2475 1854 
2280 315 1293 2475 1658 
2281 384 1596 2475 1293 
2282 366 1854 2475 1596 
2283 535 1185 2476 1489 
2284 474 2289 2476 1185 
2285 608 902 2476 2289 
2286 559 1489 2476 902 
2287 792 1283 2479 2478 
2288 771 1472 2479 1283 
2289 780 2477 2479 1472 
2290 762 2478 2479 2477 
2291 482 2412 2480 2369 
2292 450 2410 2480 2412 
2293 413 2214 2480 2410 
2294 282 2369 2480 2214 
2295 243 2292 2482 2195 
2296 369 2481 2482 2292 
2297 490 1636 2482 2481 
2298 310 2195 2482 1636 
2299 642 1710 2484 1891 
2300 576 2483 2484 1710 
2301 570 1660 2484 2483 
2302 502 1891 2484 1660 
2303 420 1378 2485 1338 
2304 455 959 2485 1378 
2305 314 1209 2485 959 
2306 380 1338 2485 1209 
2307 664 1173 2486 1691 
2308 609 1251 2486 1173 
2309 542 1412 2486 1251 
2310 645 1691 2486 1412 
2311 594 2155 2487 2421 
2312 245 2273 2487 2155 
2313 525 2469 2487 2273 
2314 564 2421 2487 2469 
2315 596 2488 2492 2491 
2316 554 2489 2492 2488 
2317 467 2490 2492 2489 
2318 504 2491 2492 2490 
2319 532 1897 2495 2494 
2320 566 1819 2495 1897 
2321 605 2493 2495 1819 
2322 530 2494 2495 2493 
2323 513 1156 2497 1634 
2324 558 2496 2497 1156 
2325 641 2348 2497 2496 
2326 590 1634 2497 2348 
2327 501 2334 2499 2498 
2328 431 2360 2499 2334 
2329 402 2356 2499 2360 
2330 485 2498 2499 2356 
2331 681 2500 2502 1097 
2332 695 2501 2502 2500 
2333 671 2461 2502 2501 
2334 614 1097 2502 2461 
2335 747 2503 2506 1785 
2336 735 2504 2506 2503 
2337 707 2505 2506 2504 
2338 240 1785 2506 2505 
2339 416 2299 2507 2443 
2340 407 1792 2507 2299 
2341 363 1504 2507 1792 
2342 393 2443 2507 1504 
2343 743 1018 2510 2509 
2344 713 2508 2510 1018 
2345 707 2504 2510 2508 
2346 735 2509 2510 2504 
2347 672 2511 2513 1824 
2348 580 2512 2513 2511 
2349 565 2261 2513 2512 
2350 631 1824 2513 2261 
2351 706 2456 2514 2417 
2352 660 2279 2514 2456 
2353 703 2438 2514 2279 
2354 723 2417 2514 2438 
2355 792 2478 2516 899 
2356 762 2515 2516 2478 
2357 735 2503 2516 2515 
2358 747 899 2516 2503 
2359 487 2431 2519 2518 
2360 415 2232 2519 2431 
2361 378 2517 2519 2232 
2362 446 2518 2519 2517 
2363 580 2406 2521 2512 
2364 499 2432 2521 2406 
2365 487 2520 2521 2432 
2366 565 2512 2521 2520 
2367 451 2522 2524 2523 
2368 512 2465 2524 2522 
2369 461 2392 2524 2465 
2370 484 2523 2524 2392 
2371 466 1811 2525 1249 
2372 399 1066 2525 1811 
2373 488 1548 2525 1066 
2374 514 1249 2525 1548 
2375 661 2297 2527 1851 
2376 575 2468 2527 2297 
2377 539 2526 2527 2468 
2378 640 1851 2527 2526 
2379 605 1842 2529 2493 
2380 550 2528 2529 1842 
2381 485 2441 2529 2528 
2382 530 2493 2529 2441 
2383 356 2384 2532 2531 
2384 377 2212 2532 2384 
2385 427 2530 2532 2212 
2386 414 2531 2532 2530 
2387 484 2391 2535 2523 
2388 404 2533 2535 2391 
2389 389 2534 2535 2533 
2390 451 2523 2535 2534 
2391 672 1565 2537 2511 
2392 662 2536 2537 1565 
2393 618 2407 2537 2536 
2394 580 2511 2537 2407 
2395 93 1423 2538 92 
2396 311 1886 2538 1423 
2397 273 1955 2538 1886 
2398 91 92 2538 1955 
2399 471 1696 2541 2211 
2400 534 2539 2541 1696 
2401 489 2540 2541 2539 
2402 427 2211 2541 2540 
2403 173 172 2543 2301 
2404 171 2263 2543 172 
2405 811 2542 2543 2263 
2406 822 2301 2543 2542 
2407 492 2544 2547 2546 
2408 394 2545 2547 2544 
2409 320 2423 2547 2545 
2410 447 2546 2547 2423 
2411 558 1416 2550 2496 
2412 573 2548 2550 1416 
2413 673 2549 2550 2548 
2414 641 2496 2550 2549 
2415 179 937 2552 180 
2416 809 856 2552 937 
2417 798 2551 2552 856 
2418 181 180 2552 2551 
2419 449 2553 2556 1907 
2420 401 2554 2556 2553 
2421 422 2555 2556 2554 
2422 424 1907 2556 2555 
2423 183 182 2557 2312 
2424 181 2551 2557 182 
2425 798 2373 2557 2551 
2426 238 2312 2557 2373 
2427 406 1486 2559 1568 
2428 391 1243 2559 1486 
2429 346 2558 2559 1243 
2430 418 1568 2559 2558 
2431 768 2403 2561 2414 
2432 744 2448 2561 2403 
2433 775 2560 2561 2448 
2434 793 2414 2561 2560 
2435 573 2408 2563 2548 
2436 618 2562 2563 2408 
2437 708 1876 2563 2562 
2438 673 2548 2563 1876 
2439 815 2352 2565 1765 
2440 817 1808 2565 2352 
2441 813 2564 2565 1808 
2442 803 1765 2565 2564 
2443 447 2566 2568 2567 
2444 312 1924 2568 2566 
2445 353 1934 2568 1924 
2446 442 2567 2568 1934 
2447 656 2349 2570 2569 
2448 641 2549 2570 2349 
2449 673 1674 2570 2549 
2450 709 2569 2570 1674 
2451 454 2193 2572 866 
2452 264 2571 2572 2193 
2453 389 2533 2572 2571 
2454 404 866 2572 2533 
2455 492 2546 2574 2573 
2456 447 2567 2574 2546 
2457 442 2445 2574 2567 
2458 481 2573 2574 2445 
2459 446 2575 2577 2576 
2460 414 2530 2577 2575 
2461 427 2540 2577 2530 
2462 489 2576 2577 2540 
2463 481 2222 2579 2573 
2464 504 2490 2579 2222 
2465 467 2578 2579 2490 
2466 492 2573 2579 2578 
2467 629 1260 2580 1610 
2468 708 2562 2580 1260 
2469 618 2536 2580 2562 
2470 662 1610 2580 2536 
2471 546 1825 2583 2582 
2472 631 2260 2583 1825 
2473 606 2581 2583 2260 
2474 551 2582 2583 2581 
2475 512 2584 2587 2466 
2476 554 2585 2587 2584 
2477 562 2586 2587 2585 
2478 600 2466 2587 2586 
2479 160 159 2588 834 
2480 158 1786 2588 159 
2481 240 2505 2588 1786 
2482 707 834 2588 2505 
2483 627 2400 2591 2590 
2484 675 2589 2591 2400 
2485 683 830 2591 2589 
2486 686 2590 2591 830 
2487 606 2592 2594 2581 
2488 489 2539 2594 2592 
2489 534 2593 2594 2539 
2490 551 2581 2594 2593 
2491 458 2471 2596 2295 
2492 293 919 2596 2471 
2493 286 2595 2596 919 
2494 237 2295 2596 2595 
2495 750 2597 2599 2598 
2496 686 829 2599 2597 
2497 707 2508 2599 829 
2498 713 2598 2599 2508 
2499 606 2259 2601 2592 
2500 527 2600 2601 2259 
2501 446 2576 2601 2600 
2502 489 2592 2601 2576 
2503 446 2600 2602 2518 
2504 527 2258 2602 2600 
2505 565 2520 2602 2258 
2506 487 2518 2602 2520 
2507 356 2531 2603 1940 
2508 414 2575 2603 2531 
2509 446 2517 2603 2575 
2510 378 1940 2603 2517 
2511 780 2604 2605 2477 
2512 743 2509 2605 2604 
2513 735 2515 2605 2509 
2514 762 2477 2605 2515 
2515 717 2606 2607 1160 
2516 783 2119 2607 2606 
2517 746 2453 2607 2119 
2518 753 1160 2607 2453 
2519 320 2545 2610 2609 
2520 394 2608 2610 2545 
2521 451 2534 2610 2608 
2522 389 2609 2610 2534 
2523 451 2608 2612 2611 
2524 394 2544 2612 2608 
2525 492 2578 2612 2544 
2526 467 2611 2612 2578 
2527 502 1662 2613 1892 
2528 679 1128 2613 1662 
2529 491 1952 2613 1128 
2530 648 1892 2613 1952 
2531 530 2440 2615 2494 
2532 490 2481 2615 2440 
2533 369 2614 2615 2481 
2534 532 2494 2615 2614 
2535 112 2616 2618 113 
2536 339 2617 2618 2616 
2537 239 1866 2618 2617 
2538 114 113 2618 1866 
2539 485 2528 2620 2498 
2540 550 2378 2620 2528 
2541 598 2619 2620 2378 
2542 501 2498 2620 2619 
2543 811 2111 2621 2542 
2544 821 1981 2621 2111 
2545 810 2302 2621 1981 
2546 822 2542 2621 2302 
2547 539 2335 2622 2526 
2548 501 2619 2622 2335 
2549 598 1852 2622 2619 
2550 640 2526 2622 1852 
2551 461 1898 2623 2393 
2552 532 2614 2623 1898 
2553 369 2291 2623 2614 
2554 437 2393 2623 2291 
2555 508 988 2625 2624 
2556 562 2585 2625 988 
2557 554 2488 2625 2585 
2558 596 2624 2625 2488 
2559 264 1648 2626 2571 
2560 365 2424 2626 1648 
2561 320 2609 2626 2424 
2562 389 2571 2626 2609 
2563 504 2221 2629 2491 
2564 599 2627 2629 2221 
2565 569 2628 2629 2627 
2566 596 2491 2629 2628 
2567 534 1695 2631 2593 
2568 610 1532 2631 1695 
2569 649 2630 2631 1532 
2570 551 2593 2631 2630 
2571 778 1928 2634 2633 
2572 718 2632 2634 1928 
2573 686 2597 2634 2632 
2574 750 2633 2634 2597 
2575 557 1795 2635 1182 
2576 782 911 2635 1795 
2577 755 1802 2635 911 
2578 626 1182 2635 1802 
2579 709 1673 2637 2569 
2580 694 2636 2637 1673 
2581 681 2266 2637 2636 
2582 656 2569 2637 2266 
2583 108 2198 2639 109 
2584 448 1200 2639 2198 
2585 266 2638 2639 1200 
2586 110 109 2639 2638 
2587 720 2640 2642 2641 
2588 725 1632 2642 2640 
2589 590 2347 2642 1632 
2590 760 2641 2642 2347 
2591 447 2425 2643 2566 
2592 239 2617 2643 2425 
2593 339 1925 2643 2617 
2594 312 2566 2643 1925 
2595 812 1167 2645 1583 
2596 824 874 2645 1167 
2597 765 2644 2645 874 
2598 828 1583 2645 2644 
2599 778 2633 2646 847 
2600 750 2598 2646 2633 
2601 713 1021 2646 2598 
2602 772 847 2646 1021 
2603 237 2595 2647 841 
2604 286 1918 2647 2595 
2605 229 228 2647 1918 
2606 227 841 2647 228 
2607 783 2606 2648 2447 
2608 717 1540 2648 2606 
2609 793 2560 2648 1540 
2610 775 2447 2648 2560 
2611 825 872 2649 879 
2612 808 2108 2649 872 
2613 827 2104 2649 2108 
2614 819 879 2649 2104 
2615 603 2285 2651 2463 
2616 682 2650 2651 2285 
2617 569 2627 2651 2650 
2618 599 2463 2651 2627 
2619 769 2132 2652 2098 
2620 814 2105 2652 2132 
2621 827 2107 2652 2105 
2622 786 2098 2652 2107 
2623 817 2351 2654 1805 
2624 820 1612 2654 2351 
2625 763 2653 2654 1612 
2626 805 1805 2654 2653 
2627 729 928 2656 2454 
2628 654 2655 2656 928 
2629 734 1654 2656 2655 
2630 781 2454 2656 1654 
2631 675 2399 2657 2589 
2632 162 161 2657 2399 
2633 160 833 2657 161 
2634 683 2589 2657 833 
2635 714 1389 2659 1225 
2636 776 2658 2659 1389 
2637 816 1730 2659 2658 
2638 759 1225 2659 1730 
2639 110 2638 2660 111 
2640 266 1926 2660 2638 
2641 339 2616 2660 1926 
2642 112 111 2660 2616 
2643 546 2582 2661 1194 
2644 551 2630 2661 2582 
2645 649 1555 2661 2630 
2646 601 1194 2661 1555 
2647 816 2658 2663 2662 
2648 776 1584 2663 2658 
2649 828 2644 2663 1584 
2650 765 2662 2663 2644 
2651 818 2419 2664 1983 
2652 826 1888 2664 2419 
2653 809 1133 2664 1888 
2654 801 1983 2664 1133 
2655 154 2164 2665 155 
2656 265 896 2665 2164 
2657 747 1787 2665 896 
2658 156 155 2665 1787 
2659 6 169 2666 2097 
2660 168 2225 2666 169 
2661 752 2131 2666 2225 
2662 769 2097 2666 2131 
2663 191 2184 2668 192 
2664 256 1766 2668 2184 
2665 803 2667 2668 1766 
2666 193 192 2668 2667 
2667 195 194 2669 2146 
2668 193 2667 2669 194 
2669 803 2564 2669 2667 
2670 813 2146 2669 2564 
2671 273 1885 2671 1520 
2672 323 2670 2671 1885 
2673 345 969 2671 2670 
2674 287 1520 2671 969 
2675 390 1914 2672 1943 
2676 367 1010 2672 1914 
2677 332 1859 2672 1010 
2678 322 1943 2672 1859 
2679 360 1760 2674 1667 
2680 381 2673 2674 1760 
2681 345 2670 2674 2673 
2682 323 1667 2674 2670 
2683 430 1545 2675 852 
2684 488 1068 2675 1545 
2685 383 1046 2675 1068 
2686 344 852 2675 1046 
2687 531 1844 2676 2435 
2688 445 1651 2676 1844 
2689 345 2673 2676 1651 
2690 381 2435 2676 2673 
2691 456 1910 2677 1049 
2692 418 2558 2677 1910 
2693 346 1686 2677 2558 
2694 354 1049 2677 1686 
2695 411 2678 2680 1202 
2696 457 2679 2680 2678 
2697 477 1935 2680 2679 
2698 353 1202 2680 1935 
2699 422 2554 2682 1117 
2700 401 2681 2682 2554 
2701 374 909 2682 2681 
2702 382 1117 2682 909 
2703 374 2681 2684 1465 
2704 401 2553 2684 2681 
2705 449 2683 2684 2553 
2706 409 1465 2684 2683 
2707 436 1494 2685 1906 
2708 423 983 2685 1494 
2709 409 2683 2685 983 
2710 449 1906 2685 2683 
2711 448 2200 2686 1201 
2712 412 2158 2686 2200 
2713 457 2678 2686 2158 
2714 411 1201 2686 2678 
2715 422 1120 2687 2555 
2716 439 881 2687 1120 
2717 479 976 2687 881 
2718 424 2555 2687 976 
2719 554 2584 2688 2489 
2720 512 2522 2688 2584 
2721 451 2611 2688 2522 
2722 467 2489 2688 2611 
2723 477 2679 2690 2689 
2724 457 2157 2690 2679 
2725 584 1402 2690 2157 
2726 617 2689 2690 1402 
2727 395 1104 2691 1127 
2728 459 999 2691 1104 
2729 521 1951 2691 999 
2730 491 1127 2691 1951 
2731 438 1149 2693 1351 
2732 464 2692 2693 1149 
2733 568 1496 2693 2692 
2734 536 1351 2693 1496 
2735 760 2267 2696 2695 
2736 624 2376 2696 2267 
2737 477 2694 2696 2376 
2738 589 2695 2696 2694 
2739 597 2697 2698 1747 
2740 533 974 2698 2697 
2741 479 1664 2698 974 
2742 567 1747 2698 1664 
2743 596 2628 2700 2624 
2744 569 2699 2700 2628 
2745 528 1076 2700 2699 
2746 508 2624 2700 1076 
2747 476 951 2701 1312 
2748 519 1316 2701 951 
2749 583 1296 2701 1316 
2750 555 1312 2701 1296 
2751 562 991 2702 2586 
2752 524 1618 2702 991 
2753 561 2332 2702 1618 
2754 600 2586 2702 2332 
2755 545 1236 2703 944 
2756 528 2699 2703 1236 
2757 569 2650 2703 2699 
2758 682 944 2703 2650 
2759 570 2483 2704 1437 
2760 576 1261 2704 2483 
2761 629 1609 2704 1261 
2762 529 1437 2704 1609 
2763 757 2371 2705 1971 
2764 556 921 2705 2371 
2765 533 2697 2705 921 
2766 597 1971 2705 2697 
2767 464 1186 2706 2692 
2768 535 1488 2706 1186 
2769 604 862 2706 1488 
2770 568 2692 2706 862 
2771 516 1111 2707 1254 
2772 552 2309 2707 1111 
2773 773 1031 2707 2309 
2774 586 1254 2707 1031 
2775 611 1490 2708 1124 
2776 559 901 2708 1490 
2777 585 1590 2708 901 
2778 674 1124 2708 1590 
2779 477 2689 2711 2694 
2780 617 2709 2711 2689 
2781 710 2710 2711 2709 
2782 589 2694 2711 2710 
2783 710 1751 2712 2710 
2784 720 2641 2712 1751 
2785 760 2695 2712 2641 
2786 589 2710 2712 2695 
2787 734 2655 2713 1655 
2788 654 1699 2713 2655 
2789 622 1683 2713 1699 
2790 615 1655 2713 1683 
2791 543 2082 2714 1401 
2792 623 1752 2714 2082 
2793 710 2709 2714 1752 
2794 617 1401 2714 2709 
2795 607 946 2715 1745 
2796 671 2501 2715 946 
2797 695 1723 2715 2501 
2798 620 1745 2715 1723 
2799 686 2632 2716 2590 
2800 718 978 2716 2632 
2801 748 2316 2716 978 
2802 627 2590 2716 2316 
2803 553 2102 2717 2093 
2804 639 1458 2717 2102 
2805 685 1903 2717 1458 
2806 637 2093 2717 1903 
2807 695 2500 2718 1724 
2808 681 2636 2718 2500 
2809 694 1789 2718 2636 
2810 727 1724 2718 1789 
2811 723 2437 2719 2207 
2812 751 1004 2719 2437 
2813 736 1057 2719 1004 
2814 691 2207 2719 1057 
2815 730 1633 2720 1986 
2816 725 2640 2720 1633 
2817 720 2055 2720 2640 
2818 700 1986 2720 2055 
2819 737 2341 2722 1856 
2820 766 2721 2722 2341 
2821 738 1769 2722 2721 
2822 719 1856 2722 1769 
2823 806 1592 2723 1144 
2824 779 1433 2723 1592 
2825 728 1945 2723 1433 
2826 795 1144 2723 1945 
2827 785 1387 2724 858 
2828 738 2721 2724 1387 
2829 766 1055 2724 2721 
2830 804 858 2724 1055 
2831 749 1019 2725 2427 
2832 743 2604 2725 1019 
2833 780 1838 2725 2604 
2834 758 2427 2725 1838 
2835 807 877 2726 1420 
2836 796 1190 2726 877 
2837 787 849 2726 1190 
2838 745 1420 2726 849 
2839 805 2653 2727 2306 
2840 763 1006 2727 2653 
2841 774 2380 2727 1006 
2842 789 2306 2727 2380 
2843 816 2662 2728 1419 
2844 765 873 2728 2662 
2845 825 878 2728 873 
2846 807 1419 2728 878 
$EndElements
