$MeshFormat
4.1 0 8
$EndMeshFormat
$PhysicalNames
5
2 1 "periodicy"
2 3 "top_wall"
2 4 "MOST"
2 5 "periodicx"
3 2 "internal"
$EndPhysicalNames
$Entities
8 12 6 1
1 0 0 0 0 
2 6400 0 0 0 
3 6400 0 5000 0 
4 0 0 5000 0 
5 0 1600 5000 0 
6 0 1600 0 0 
10 6400 1600 0 0 
14 6400 1600 5000 0 
1 0 0 0 6400 0 0 0 2 1 -2 
2 6400 0 0 6400 0 5000 0 2 2 -3 
3 0 0 5000 6400 0 5000 0 2 3 -4 
4 0 0 0 0 0 5000 0 2 4 -1 
14 0 1600 0 0 1600 5000 0 2 5 -6 
15 0 1600 0 6400 1600 0 0 2 6 -10 
16 6400 1600 0 6400 1600 5000 0 2 10 -14 
17 0 1600 5000 6400 1600 5000 0 2 14 -5 
19 0 0 5000 0 1600 5000 0 2 4 -5 
20 0 0 0 0 1600 0 0 2 1 -6 
24 6400 0 0 6400 1600 0 0 2 2 -10 
28 6400 0 5000 6400 1600 5000 0 2 3 -14 
12 0 0 0 6400 0 5000 1 1 4 4 1 2 3 
21 0 0 0 0 1600 5000 1 5 4 4 20 -14 -19 
25 0 0 0 6400 1600 0 1 4 4 1 24 -15 -20 
29 6400 0 0 6400 1600 5000 1 5 4 2 28 -16 -24 
33 0 0 5000 6400 1600 5000 1 3 4 3 19 -17 -28 
34 0 1600 0 6400 1600 5000 1 1 4 14 15 16 17 
1 0 0 0 6400 1600 5000 1 2 6 -12 34 21 25 29 33 
$EndEntities
$Nodes
27 1647 1 1647
0 1 0 1
1
0 0 0
0 2 0 1
2
6400 0 0
0 3 0 1
3
6400 0 5000
0 4 0 1
4
0 0 5000
0 5 0 1
5
0 1600 5000
0 6 0 1
6
0 1600 0
0 10 0 1
7
6400 1600 0
0 14 0 1
8
6400 1600 5000
1 1 1 7
9
10
11
12
13
14
15
799.9999999969713 0 0 0.1249999999995268
1599.99999999284 0 0 0.2499999999988813
2399.999999990022 0 0 0.3749999999984409
3199.999999988713 0 0 0.4999999999982365
3999.999999987405 0 0 0.624999999998032
4799.999999991248 0 0 0.7499999999986325
5599.999999995624 0 0 0.8749999999993162
1 2 1 59
16
17
18
19
20
21
22
23
24
25
26
27
28
29
30
31
32
33
34
35
36
37
38
39
40
41
42
43
44
45
46
47
48
49
50
51
52
53
54
55
56
57
58
59
60
61
62
63
64
65
66
67
68
69
70
71
72
73
74
6400 0 83.33333333326559 0.01666666666665312
6400 0 166.6666666665238 0.03333333333330475
6400 0 249.9999999997668 0.04999999999995335
6400 0 333.3333333330387 0.06666666666660774
6400 0 416.6666666663713 0.08333333333327426
6400 0 499.9999999997091 0.09999999999994182
6400 0 583.3333333330469 0.1166666666666094
6400 0 666.6666666662899 0.133333333333258
6400 0 749.9999999994382 0.1499999999998876
6400 0 833.3333333325867 0.1666666666665173
6400 0 916.6666666657349 0.183333333333147
6400 0 999.9999999988831 0.1999999999997766
6400 0 1083.333333332141 0.2166666666664282
6400 0 1166.666666665479 0.2333333333330958
6400 0 1249.999999998817 0.2499999999997634
6400 0 1333.333333332154 0.2666666666664309
6400 0 1416.666666665492 0.2833333333330983
6400 0 1499.999999998829 0.2999999999997658
6400 0 1583.333333332167 0.3166666666664334
6400 0 1666.666666665504 0.3333333333331009
6400 0 1749.999999998842 0.3499999999997684
6400 0 1833.333333332179 0.3666666666664359
6400 0 1916.666666665517 0.3833333333331033
6400 0 1999.999999998854 0.3999999999997708
6400 0 2083.333333332044 0.4166666666664088
6400 0 2166.666666665003 0.4333333333330005
6400 0 2249.999999997961 0.4499999999995922
6400 0 2333.33333333092 0.4666666666661839
6400 0 2416.666666663878 0.4833333333327756
6400 0 2499.999999996926 0.4999999999993852
6400 0 2583.333333330554 0.5166666666661107
6400 0 2666.666666664271 0.5333333333328542
6400 0 2749.999999997989 0.5499999999995977
6400 0 2833.333333331705 0.566666666666341
6400 0 2916.666666665422 0.5833333333330845
6400 0 2999.999999999139 0.5999999999998278
6400 0 3083.333333332856 0.6166666666665712
6400 0 3166.666666666574 0.6333333333333148
6400 0 3250.000000000291 0.6500000000000581
6400 0 3333.333333334007 0.6666666666668015
6400 0 3416.666666667724 0.6833333333335448
6400 0 3500.000000001442 0.7000000000002883
6400 0 3583.333333335159 0.7166666666670318
6400 0 3666.666666668876 0.7333333333337752
6400 0 3750.000000002593 0.7500000000005186
6400 0 3833.333333336309 0.7666666666672619
6400 0 3916.666666670027 0.7833333333340053
6400 0 4000.000000003744 0.8000000000007488
6400 0 4083.333333337366 0.8166666666674732
6400 0 4166.666666670409 0.8333333333340817
6400 0 4250.000000003367 0.8500000000006734
6400 0 4333.333333336327 0.8666666666672653
6400 0 4416.666666669285 0.8833333333338571
6400 0 4500.000000002245 0.900000000000449
6400 0 4583.333333335205 0.9166666666670409
6400 0 4666.666666668163 0.9333333333336327
6400 0 4750.000000001122 0.9500000000002244
6400 0 4833.333333334082 0.9666666666668162
6400 0 4916.666666667041 0.9833333333334081
1 3 1 7
75
76
77
78
79
80
81
5600.000000005684 0 5000 0.1249999999991118
4800.000000011369 0 5000 0.2499999999982236
4000.00000001652 0 5000 0.3749999999974188
3200.00000001652 0 5000 0.4999999999974187
2400.00000001652 0 5000 0.6249999999974187
1600.000000011368 0 5000 0.7499999999982238
800.0000000056834 0 5000 0.8749999999991119
1 4 1 59
82
83
84
85
86
87
88
89
90
91
92
93
94
95
96
97
98
99
100
101
102
103
104
105
106
107
108
109
110
111
112
113
114
115
116
117
118
119
120
121
122
123
124
125
126
127
128
129
130
131
132
133
134
135
136
137
138
139
140
0 0 4916.666666666906 0.01666666666661873
0 0 4833.333333333812 0.03333333333323747
0 0 4750.000000000719 0.0499999999998562
0 0 4666.666666667626 0.06666666666647493
0 0 4583.333333334532 0.08333333333309367
0 0 4500.000000001438 0.09999999999971243
0 0 4416.666666668344 0.1166666666663312
0 0 4333.33333333525 0.1333333333329499
0 0 4250.000000002157 0.1499999999995686
0 0 4166.666666669063 0.1666666666661873
0 0 4083.33333333597 0.183333333332806
0 0 4000.000000002876 0.1999999999994247
0 0 3916.666666669783 0.2166666666660435
0 0 3833.333333336689 0.2333333333326622
0 0 3750.000000003595 0.2499999999992809
0 0 3666.666666670501 0.2666666666658997
0 0 3583.333333337408 0.2833333333325184
0 0 3500.000000004314 0.2999999999991372
0 0 3416.66666667122 0.316666666665756
0 0 3333.333333338126 0.3333333333323747
0 0 3250.000000005032 0.3499999999989936
0 0 3166.666666671938 0.3666666666656123
0 0 3083.333333338845 0.3833333333322311
0 0 3000.000000005751 0.3999999999988499
0 0 2916.666666672657 0.4166666666654686
0 0 2833.333333339563 0.4333333333320874
0 0 2750.000000006469 0.4499999999987062
0 0 2666.666666673375 0.466666666665325
0 0 2583.333333340282 0.4833333333319437
0 0 2500.000000007099 0.4999999999985802
0 0 2416.666666673337 0.5166666666653327
0 0 2333.333333339485 0.533333333332103
0 0 2250.000000005634 0.5499999999988732
0 0 2166.666666671783 0.5666666666656434
0 0 2083.333333337932 0.5833333333324136
0 0 2000.00000000408 0.599999999999184
0 0 1916.666666670229 0.6166666666659542
0 0 1833.333333336378 0.6333333333327243
0 0 1750.000000002527 0.6499999999994945
0 0 1666.666666668676 0.6666666666662648
0 0 1583.333333334825 0.683333333333035
0 0 1500.000000000973 0.6999999999998053
0 0 1416.666666667122 0.7166666666665755
0 0 1333.333333333271 0.7333333333333458
0 0 1249.99999999942 0.750000000000116
0 0 1166.666666665569 0.7666666666668862
0 0 1083.333333331717 0.7833333333336565
0 0 999.9999999978659 0.8000000000004268
0 0 916.6666666641099 0.816666666667178
0 0 833.3333333309338 0.8333333333338133
0 0 749.99999999784 0.850000000000432
0 0 666.666666664747 0.8666666666670506
0 0 583.3333333316541 0.8833333333336691
0 0 499.9999999985612 0.9000000000002878
0 0 416.6666666654673 0.9166666666669065
0 0 333.3333333323744 0.9333333333335252
0 0 249.9999999992806 0.9500000000001438
0 0 166.6666666661877 0.9666666666667625
0 0 83.33333333309474 0.9833333333333811
1 14 1 59
141
142
143
144
145
146
147
148
149
150
151
152
153
154
155
156
157
158
159
160
161
162
163
164
165
166
167
168
169
170
171
172
173
174
175
176
177
178
179
180
181
182
183
184
185
186
187
188
189
190
191
192
193
194
195
196
197
198
199
0 1600 4916.666666666906 0.01666666666661873
0 1600 4833.333333333812 0.03333333333323747
0 1600 4750.000000000719 0.0499999999998562
0 1600 4666.666666667626 0.06666666666647493
0 1600 4583.333333334532 0.08333333333309367
0 1600 4500.000000001438 0.09999999999971243
0 1600 4416.666666668344 0.1166666666663312
0 1600 4333.33333333525 0.1333333333329499
0 1600 4250.000000002157 0.1499999999995686
0 1600 4166.666666669063 0.1666666666661873
0 1600 4083.33333333597 0.183333333332806
0 1600 4000.000000002876 0.1999999999994247
0 1600 3916.666666669783 0.2166666666660435
0 1600 3833.333333336689 0.2333333333326622
0 1600 3750.000000003595 0.2499999999992809
0 1600 3666.666666670501 0.2666666666658997
0 1600 3583.333333337408 0.2833333333325184
0 1600 3500.000000004314 0.2999999999991372
0 1600 3416.66666667122 0.316666666665756
0 1600 3333.333333338126 0.3333333333323747
0 1600 3250.000000005032 0.3499999999989936
0 1600 3166.666666671938 0.3666666666656123
0 1600 3083.333333338845 0.3833333333322311
0 1600 3000.000000005751 0.3999999999988499
0 1600 2916.666666672657 0.4166666666654686
0 1600 2833.333333339563 0.4333333333320874
0 1600 2750.000000006469 0.4499999999987062
0 1600 2666.666666673375 0.466666666665325
0 1600 2583.333333340282 0.4833333333319437
0 1600 2500.000000007099 0.4999999999985802
0 1600 2416.666666673337 0.5166666666653327
0 1600 2333.333333339485 0.533333333332103
0 1600 2250.000000005634 0.5499999999988732
0 1600 2166.666666671783 0.5666666666656434
0 1600 2083.333333337932 0.5833333333324136
0 1600 2000.00000000408 0.599999999999184
0 1600 1916.666666670229 0.6166666666659542
0 1600 1833.333333336378 0.6333333333327243
0 1600 1750.000000002527 0.6499999999994945
0 1600 1666.666666668676 0.6666666666662648
0 1600 1583.333333334825 0.683333333333035
0 1600 1500.000000000973 0.6999999999998053
0 1600 1416.666666667122 0.7166666666665755
0 1600 1333.333333333271 0.7333333333333458
0 1600 1249.99999999942 0.750000000000116
0 1600 1166.666666665569 0.7666666666668862
0 1600 1083.333333331717 0.7833333333336565
0 1600 999.9999999978659 0.8000000000004268
0 1600 916.6666666641099 0.816666666667178
0 1600 833.3333333309338 0.8333333333338133
0 1600 749.99999999784 0.850000000000432
0 1600 666.666666664747 0.8666666666670506
0 1600 583.3333333316541 0.8833333333336691
0 1600 499.9999999985612 0.9000000000002878
0 1600 416.6666666654673 0.9166666666669065
0 1600 333.3333333323744 0.9333333333335252
0 1600 249.9999999992806 0.9500000000001438
0 1600 166.6666666661877 0.9666666666667625
0 1600 83.33333333309474 0.9833333333333811
1 15 1 7
200
201
202
203
204
205
206
799.9999999969713 1600 0 0.1249999999995268
1599.99999999284 1600 0 0.2499999999988813
2399.999999990022 1600 0 0.3749999999984409
3199.999999988713 1600 0 0.4999999999982365
3999.999999987405 1600 0 0.624999999998032
4799.999999991248 1600 0 0.7499999999986325
5599.999999995624 1600 0 0.8749999999993162
1 16 1 59
207
208
209
210
211
212
213
214
215
216
217
218
219
220
221
222
223
224
225
226
227
228
229
230
231
232
233
234
235
236
237
238
239
240
241
242
243
244
245
246
247
248
249
250
251
252
253
254
255
256
257
258
259
260
261
262
263
264
265
6400 1600 83.33333333326559 0.01666666666665312
6400 1600 166.6666666665238 0.03333333333330475
6400 1600 249.9999999997668 0.04999999999995335
6400 1600 333.3333333330387 0.06666666666660774
6400 1600 416.6666666663713 0.08333333333327426
6400 1600 499.9999999997091 0.09999999999994182
6400 1600 583.3333333330469 0.1166666666666094
6400 1600 666.6666666662899 0.133333333333258
6400 1600 749.9999999994382 0.1499999999998876
6400 1600 833.3333333325867 0.1666666666665173
6400 1600 916.6666666657349 0.183333333333147
6400 1600 999.9999999988831 0.1999999999997766
6400 1600 1083.333333332141 0.2166666666664282
6400 1600 1166.666666665479 0.2333333333330958
6400 1600 1249.999999998817 0.2499999999997634
6400 1600 1333.333333332154 0.2666666666664309
6400 1600 1416.666666665492 0.2833333333330983
6400 1600 1499.999999998829 0.2999999999997658
6400 1600 1583.333333332167 0.3166666666664334
6400 1600 1666.666666665504 0.3333333333331009
6400 1600 1749.999999998842 0.3499999999997684
6400 1600 1833.333333332179 0.3666666666664359
6400 1600 1916.666666665517 0.3833333333331033
6400 1600 1999.999999998854 0.3999999999997708
6400 1600 2083.333333332044 0.4166666666664088
6400 1600 2166.666666665003 0.4333333333330005
6400 1600 2249.999999997961 0.4499999999995922
6400 1600 2333.33333333092 0.4666666666661839
6400 1600 2416.666666663878 0.4833333333327756
6400 1600 2499.999999996926 0.4999999999993852
6400 1600 2583.333333330554 0.5166666666661107
6400 1600 2666.666666664271 0.5333333333328542
6400 1600 2749.999999997989 0.5499999999995977
6400 1600 2833.333333331705 0.566666666666341
6400 1600 2916.666666665422 0.5833333333330845
6400 1600 2999.999999999139 0.5999999999998278
6400 1600 3083.333333332856 0.6166666666665712
6400 1600 3166.666666666574 0.6333333333333148
6400 1600 3250.000000000291 0.6500000000000581
6400 1600 3333.333333334007 0.6666666666668015
6400 1600 3416.666666667724 0.6833333333335448
6400 1600 3500.000000001442 0.7000000000002883
6400 1600 3583.333333335159 0.7166666666670318
6400 1600 3666.666666668876 0.7333333333337752
6400 1600 3750.000000002593 0.7500000000005186
6400 1600 3833.333333336309 0.7666666666672619
6400 1600 3916.666666670027 0.7833333333340053
6400 1600 4000.000000003744 0.8000000000007488
6400 1600 4083.333333337366 0.8166666666674732
6400 1600 4166.666666670409 0.8333333333340817
6400 1600 4250.000000003367 0.8500000000006734
6400 1600 4333.333333336327 0.8666666666672653
6400 1600 4416.666666669285 0.8833333333338571
6400 1600 4500.000000002245 0.900000000000449
6400 1600 4583.333333335205 0.9166666666670409
6400 1600 4666.666666668163 0.9333333333336327
6400 1600 4750.000000001122 0.9500000000002244
6400 1600 4833.333333334082 0.9666666666668162
6400 1600 4916.666666667041 0.9833333333334081
1 17 1 7
266
267
268
269
270
271
272
5600.000000005684 1600 5000 0.1249999999991118
4800.000000011369 1600 5000 0.2499999999982236
4000.00000001652 1600 5000 0.3749999999974188
3200.00000001652 1600 5000 0.4999999999974187
2400.00000001652 1600 5000 0.6249999999974187
1600.000000011368 1600 5000 0.7499999999982238
800.0000000056834 1600 5000 0.8749999999991119
1 19 1 1
273
0 800 5000 0.5
1 20 1 1
274
0 800 0 0.5
1 24 1 1
275
6400 800 0 0.5
1 28 1 1
276
6400 800 5000 0.5
2 12 1 413
277
278
279
280
281
282
283
284
285
286
287
288
289
290
291
292
293
294
295
296
297
298
299
300
301
302
303
304
305
306
307
308
309
310
311
312
313
314
315
316
317
318
319
320
321
322
323
324
325
326
327
328
329
330
331
332
333
334
335
336
337
338
339
340
341
342
343
344
345
346
347
348
349
350
351
352
353
354
355
356
357
358
359
360
361
362
363
364
365
366
367
368
369
370
371
372
373
374
375
376
377
378
379
380
381
382
383
384
385
386
387
388
389
390
391
392
393
394
395
396
397
398
399
400
401
402
403
404
405
406
407
408
409
410
411
412
413
414
415
416
417
418
419
420
421
422
423
424
425
426
427
428
429
430
431
432
433
434
435
436
437
438
439
440
441
442
443
444
445
446
447
448
449
450
451
452
453
454
455
456
457
458
459
460
461
462
463
464
465
466
467
468
469
470
471
472
473
474
475
476
477
478
479
480
481
482
483
484
485
486
487
488
489
490
491
492
493
494
495
496
497
498
499
500
501
502
503
504
505
506
507
508
509
510
511
512
513
514
515
516
517
518
519
520
521
522
523
524
525
526
527
528
529
530
531
532
533
534
535
536
537
538
539
540
541
542
543
544
545
546
547
548
549
550
551
552
553
554
555
556
557
558
559
560
561
562
563
564
565
566
567
568
569
570
571
572
573
574
575
576
577
578
579
580
581
582
583
584
585
586
587
588
589
590
591
592
593
594
595
596
597
598
599
600
601
602
603
604
605
606
607
608
609
610
611
612
613
614
615
616
617
618
619
620
621
622
623
624
625
626
627
628
629
630
631
632
633
634
635
636
637
638
639
640
641
642
643
644
645
646
647
648
649
650
651
652
653
654
655
656
657
658
659
660
661
662
663
664
665
666
667
668
669
670
671
672
673
674
675
676
677
678
679
680
681
682
683
684
685
686
687
688
689
800.0000000055381 0 4916.666666666923 4916.666666666923 800.0000000055381
1600.000000011059 0 4916.666666666941 4916.666666666941 1600.000000011059
2400.000000016078 0 4916.666666666957 4916.666666666957 2400.000000016078
3200.000000016057 0 4916.666666666973 4916.666666666973 3200.000000016057
4000.000000016035 0 4916.66666666699 4916.66666666699 4000.000000016035
4800.000000011032 0 4916.666666667008 4916.666666667008 4800.000000011032
5600.000000005515 0 4916.666666667024 4916.666666667024 5600.000000005515
800.0000000053928 0 4833.333333333845 4833.333333333845 800.0000000053928
1600.00000001075 0 4833.333333333879 4833.333333333879 1600.00000001075
2400.000000015637 0 4833.333333333914 4833.333333333914 2400.000000015637
3200.000000015593 0 4833.333333333947 4833.333333333947 3200.000000015593
4000.000000015549 0 4833.33333333398 4833.33333333398 4000.000000015549
4800.000000010697 0 4833.333333334014 4833.333333334014 4800.000000010697
5600.000000005348 0 4833.333333334049 4833.333333334049 5600.000000005348
800.0000000052478 0 4750.000000000769 4750.000000000769 800.0000000052478
1600.000000010441 0 4750.000000000821 4750.000000000821 1600.000000010441
2400.000000015195 0 4750.00000000087 4750.00000000087 2400.000000015195
3200.00000001513 0 4750.000000000922 4750.000000000922 3200.00000001513
4000.000000015064 0 4750.000000000972 4750.000000000972 4000.000000015064
4800.000000010365 0 4750.000000001022 4750.000000001022 4800.000000010365
5600.00000000518 0 4750.000000001072 4750.000000001072 5600.00000000518
800.0000000051026 0 4666.666666667692 4666.666666667692 800.0000000051026
1600.000000010133 0 4666.66666666776 4666.66666666776 1600.000000010133
2400.000000014753 0 4666.666666667827 4666.666666667827 2400.000000014753
3200.000000014667 0 4666.666666667893 4666.666666667893 3200.000000014667
4000.000000014579 0 4666.666666667962 4666.666666667962 4000.000000014579
4800.000000010027 0 4666.666666668029 4666.666666668029 4800.000000010027
5600.000000005013 0 4666.666666668097 4666.666666668097 5600.000000005013
800.0000000049572 0 4583.333333334617 4583.333333334617 800.0000000049572
1600.000000009824 0 4583.333333334701 4583.333333334701 1600.000000009824
2400.000000014312 0 4583.333333334785 4583.333333334785 2400.000000014312
3200.000000014203 0 4583.333333334868 4583.333333334868 3200.000000014203
4000.000000014093 0 4583.333333334952 4583.333333334952 4000.000000014093
4800.000000009691 0 4583.333333335037 4583.333333335037 4800.000000009691
5600.000000004846 0 4583.333333335119 4583.333333335119 5600.000000004846
800.0000000048123 0 4500.000000001539 4500.000000001539 800.0000000048123
1600.000000009515 0 4500.000000001639 4500.000000001639 1600.000000009515
2400.000000013871 0 4500.00000000174 4500.00000000174 2400.000000013871
3200.000000013739 0 4500.000000001842 4500.000000001842 3200.000000013739
4000.000000013608 0 4500.000000001943 4500.000000001943 4000.000000013608
4800.000000009356 0 4500.000000002044 4500.000000002044 4800.000000009356
5600.000000004678 0 4500.000000002144 4500.000000002144 5600.000000004678
800.0000000046672 0 4416.666666668462 4416.666666668462 800.0000000046672
1600.000000009206 0 4416.666666668579 4416.666666668579 1600.000000009206
2400.000000013429 0 4416.666666668697 4416.666666668697 2400.000000013429
3200.000000013276 0 4416.666666668815 4416.666666668815 3200.000000013276
4000.000000013123 0 4416.666666668933 4416.666666668933 4000.000000013123
4800.000000009021 0 4416.666666669052 4416.666666669052 4800.000000009021
5600.000000004511 0 4416.666666669168 4416.666666669168 5600.000000004511
800.0000000045217 0 4333.333333335385 4333.333333335385 800.0000000045217
1600.000000008897 0 4333.333333335519 4333.333333335519 1600.000000008897
2400.000000012987 0 4333.333333335654 4333.333333335654 2400.000000012987
3200.000000012813 0 4333.333333335789 4333.333333335789 3200.000000012813
4000.000000012637 0 4333.333333335923 4333.333333335923 4000.000000012637
4800.000000008686 0 4333.333333336058 4333.333333336058 4800.000000008686
5600.000000004344 0 4333.333333336192 4333.333333336192 5600.000000004344
800.0000000043765 0 4250.000000002308 4250.000000002308 800.0000000043765
1600.000000008589 0 4250.000000002459 4250.000000002459 1600.000000008589
2400.000000012546 0 4250.00000000261 4250.00000000261 2400.000000012546
3200.000000012349 0 4250.000000002761 4250.000000002761 3200.000000012349
4000.000000012153 0 4250.000000002914 4250.000000002914 4000.000000012153
4800.000000008351 0 4250.000000003065 4250.000000003065 4800.000000008351
5600.000000004175 0 4250.000000003216 4250.000000003216 5600.000000004175
800.0000000042314 0 4166.666666669231 4166.666666669231 800.0000000042314
1600.00000000828 0 4166.6666666694 4166.6666666694 1600.00000000828
2400.000000012104 0 4166.666666669567 4166.666666669567 2400.000000012104
3200.000000011885 0 4166.666666669737 4166.666666669737 3200.000000011885
4000.000000011668 0 4166.666666669904 4166.666666669904 4000.000000011668
4800.000000008015 0 4166.666666670071 4166.666666670071 4800.000000008015
5600.000000004007 0 4166.666666670241 4166.666666670241 5600.000000004007
800.0000000040862 0 4083.333333336144 4083.333333336144 800.0000000040862
1600.000000007971 0 4083.333333336319 4083.333333336319 1600.000000007971
2400.000000011662 0 4083.333333336494 4083.333333336494 2400.000000011662
3200.000000011423 0 4083.333333336668 4083.333333336668 3200.000000011423
4000.000000011182 0 4083.333333336842 4083.333333336842 4000.000000011182
4800.000000007679 0 4083.333333337018 4083.333333337018 4800.000000007679
5600.00000000384 0 4083.333333337192 4083.333333337192 5600.00000000384
800.000000003941 0 4000.000000002984 4000.000000002984 800.000000003941
1600.000000007662 0 4000.000000003093 4000.000000003093 1600.000000007662
2400.00000001122 0 4000.000000003202 4000.000000003202 2400.00000001122
3200.000000010959 0 4000.00000000331 4000.00000000331 3200.000000010959
4000.000000010697 0 4000.00000000342 4000.00000000342 4000.000000010697
4800.000000007344 0 4000.000000003526 4000.000000003526 4800.000000007344
5600.000000003673 0 4000.000000003636 4000.000000003636 5600.000000003673
800.0000000037959 0 3916.666666669813 3916.666666669813 800.0000000037959
1600.000000007354 0 3916.666666669842 3916.666666669842 1600.000000007354
2400.000000010778 0 3916.666666669874 3916.666666669874 2400.000000010778
3200.000000010496 0 3916.666666669905 3916.666666669905 3200.000000010496
4000.000000010211 0 3916.666666669935 3916.666666669935 4000.000000010211
4800.000000007009 0 3916.666666669966 3916.666666669966 4800.000000007009
5600.000000003503 0 3916.666666669995 3916.666666669995 5600.000000003503
800.0000000036506 0 3833.33333333664 3833.33333333664 800.0000000036506
1600.000000007044 0 3833.333333336594 3833.333333336594 1600.000000007044
2400.000000010337 0 3833.333333336547 3833.333333336547 2400.000000010337
3200.000000010032 0 3833.3333333365 3833.3333333365 3200.000000010032
4000.000000009726 0 3833.333333336452 3833.333333336452 4000.000000009726
4800.000000006675 0 3833.333333336403 3833.333333336403 4800.000000006675
5600.000000003338 0 3833.333333336357 3833.333333336357 5600.000000003338
800.0000000035053 0 3750.000000003469 3750.000000003469 800.0000000035053
1600.000000006736 0 3750.000000003344 3750.000000003344 1600.000000006736
2400.000000009896 0 3750.00000000322 3750.00000000322 2400.000000009896
3200.000000009568 0 3750.000000003094 3750.000000003094 3200.000000009568
4000.000000009241 0 3750.000000002968 3750.000000002968 4000.000000009241
4800.000000006338 0 3750.000000002844 3750.000000002844 4800.000000006338
5600.000000003169 0 3750.000000002719 3750.000000002719 5600.000000003169
800.0000000033601 0 3666.666666670299 3666.666666670299 800.0000000033601
1600.000000006427 0 3666.666666670095 3666.666666670095 1600.000000006427
2400.000000009454 0 3666.666666669892 3666.666666669892 2400.000000009454
3200.000000009105 0 3666.666666669689 3666.666666669689 3200.000000009105
4000.000000008755 0 3666.666666669486 3666.666666669486 4000.000000008755
4800.000000006003 0 3666.666666669282 3666.666666669282 4800.000000006003
5600.000000003 0 3666.66666666908 3666.66666666908 5600.000000003
800.000000003215 0 3583.333333337126 3583.333333337126 800.000000003215
1600.000000006118 0 3583.333333336846 3583.333333336846 1600.000000006118
2400.000000009012 0 3583.333333336564 3583.333333336564 2400.000000009012
3200.000000008642 0 3583.333333336283 3583.333333336283 3200.000000008642
4000.00000000827 0 3583.333333336002 3583.333333336002 4000.00000000827
4800.000000005667 0 3583.333333335721 3583.333333335721 4800.000000005667
5600.000000002834 0 3583.33333333544 3583.33333333544 5600.000000002834
800.0000000030695 0 3500.000000003954 3500.000000003954 800.0000000030695
1600.000000005809 0 3500.000000003596 3500.000000003596 1600.000000005809
2400.000000008571 0 3500.000000003237 3500.000000003237 2400.000000008571
3200.000000008178 0 3500.000000002878 3500.000000002878 3200.000000008178
4000.000000007785 0 3500.00000000252 3500.00000000252 4000.000000007785
4800.000000005331 0 3500.000000002159 3500.000000002159 4800.000000005331
5600.000000002667 0 3500.000000001801 3500.000000001801 5600.000000002667
800.0000000029245 0 3416.666666670783 3416.666666670783 800.0000000029245
1600.000000005501 0 3416.666666670346 3416.666666670346 1600.000000005501
2400.000000008129 0 3416.666666669909 3416.666666669909 2400.000000008129
3200.000000007715 0 3416.666666669472 3416.666666669472 3200.000000007715
4000.000000007301 0 3416.666666669035 3416.666666669035 4000.000000007301
4800.000000004998 0 3416.666666668598 3416.666666668598 4800.000000004998
5600.000000002499 0 3416.666666668161 3416.666666668161 5600.000000002499
800.0000000027794 0 3333.333333337612 3333.333333337612 800.0000000027794
1600.000000005192 0 3333.333333337097 3333.333333337097 1600.000000005192
2400.000000007688 0 3333.333333336582 3333.333333336582 2400.000000007688
3200.00000000725 0 3333.333333336067 3333.333333336067 3200.00000000725
4000.000000006814 0 3333.333333335552 3333.333333335552 4000.000000006814
4800.000000004662 0 3333.333333335037 3333.333333335037 4800.000000004662
5600.000000002332 0 3333.333333334523 3333.333333334523 5600.000000002332
800.0000000026339 0 3250.000000004439 3250.000000004439 800.0000000026339
1600.000000004883 0 3250.000000003846 3250.000000003846 1600.000000004883
2400.000000007246 0 3250.000000003253 3250.000000003253 2400.000000007246
3200.000000006788 0 3250.000000002662 3250.000000002662 3200.000000006788
4000.000000006328 0 3250.000000002068 3250.000000002068 4000.000000006328
4800.000000004326 0 3250.000000001476 3250.000000001476 4800.000000004326
5600.000000002163 0 3250.000000000883 3250.000000000883 5600.000000002163
800.0000000024889 0 3166.666666671268 3166.666666671268 800.0000000024889
1600.000000004574 0 3166.666666670598 3166.666666670598 1600.000000004574
2400.000000006804 0 3166.666666669927 3166.666666669927 2400.000000006804
3200.000000006325 0 3166.666666669256 3166.666666669256 3200.000000006325
4000.000000005845 0 3166.666666668586 3166.666666668586 4000.000000005845
4800.00000000399 0 3166.666666667915 3166.666666667915 4800.00000000399
5600.000000001995 0 3166.666666667244 3166.666666667244 5600.000000001995
800.0000000023438 0 3083.333333338096 3083.333333338096 800.0000000023438
1600.000000004266 0 3083.333333337347 3083.333333337347 1600.000000004266
2400.000000006362 0 3083.333333336599 3083.333333336599 2400.000000006362
3200.000000005861 0 3083.333333335851 3083.333333335851 3200.000000005861
4000.000000005359 0 3083.333333335101 3083.333333335101 4000.000000005359
4800.000000003654 0 3083.333333334353 3083.333333334353 4800.000000003654
5600.000000001828 0 3083.333333333604 3083.333333333604 5600.000000001828
800.0000000021986 0 3000.000000004924 3000.000000004924 800.0000000021986
1600.000000003957 0 3000.000000004098 3000.000000004098 1600.000000003957
2400.000000005921 0 3000.000000003271 3000.000000003271 2400.000000005921
3200.000000005397 0 3000.000000002445 3000.000000002445 3200.000000005397
4000.000000004873 0 3000.000000001618 3000.000000001618 4000.000000004873
4800.000000003321 0 3000.000000000792 3000.000000000792 4800.000000003321
5600.000000001661 0 2999.999999999965 2999.999999999965 5600.000000001661
800.0000000020532 0 2916.666666671753 2916.666666671753 800.0000000020532
1600.000000003648 0 2916.666666670847 2916.666666670847 1600.000000003648
2400.00000000548 0 2916.666666669944 2916.666666669944 2400.00000000548
3200.000000004934 0 2916.666666669039 2916.666666669039 3200.000000004934
4000.000000004389 0 2916.666666668135 2916.666666668135 4000.000000004389
4800.000000002985 0 2916.666666667231 2916.666666667231 4800.000000002985
5600.000000001493 0 2916.666666666327 2916.666666666327 5600.000000001493
800.0000000019082 0 2833.33333333858 2833.33333333858 800.0000000019082
1600.000000003339 0 2833.333333337599 2833.333333337599 1600.000000003339
2400.000000005038 0 2833.333333336617 2833.333333336617 2400.000000005038
3200.00000000447 0 2833.333333335634 2833.333333335634 3200.00000000447
4000.000000003902 0 2833.333333334652 2833.333333334652 4000.000000003902
4800.000000002648 0 2833.333333333669 2833.333333333669 4800.000000002648
5600.000000001324 0 2833.333333332688 2833.333333332688 5600.000000001324
800.0000000017631 0 2750.00000000541 2750.00000000541 800.0000000017631
1600.00000000303 0 2750.000000004349 2750.000000004349 1600.00000000303
2400.000000004596 0 2750.00000000329 2750.00000000329 2400.000000004596
3200.000000004007 0 2750.000000002229 2750.000000002229 3200.000000004007
4000.000000003418 0 2750.00000000117 2750.00000000117 4000.000000003418
4800.000000002315 0 2750.000000000109 2750.000000000109 4800.000000002315
5600.000000001156 0 2749.99999999905 2749.99999999905 5600.000000001156
800.0000000016175 0 2666.666666672237 2666.666666672237 800.0000000016175
1600.000000002722 0 2666.666666671099 2666.666666671099 1600.000000002722
2400.000000004155 0 2666.66666666996 2666.66666666996 2400.000000004155
3200.000000003543 0 2666.666666668822 2666.666666668822 3200.000000003543
4000.000000002932 0 2666.666666667685 2666.666666667685 4000.000000002932
4800.000000001977 0 2666.666666666547 2666.666666666547 4800.000000001977
5600.00000000099 0 2666.666666665409 2666.666666665409 5600.00000000099
800.0000000014725 0 2583.333333339065 2583.333333339065 800.0000000014725
1600.000000002413 0 2583.33333333785 2583.33333333785 1600.000000002413
2400.000000003713 0 2583.333333336634 2583.333333336634 2400.000000003713
3200.00000000308 0 2583.333333335417 2583.333333335417 3200.00000000308
4000.000000002447 0 2583.333333334201 2583.333333334201 4000.000000002447
4800.000000001643 0 2583.333333332986 2583.333333332986 4800.000000001643
5600.000000000822 0 2583.33333333177 2583.33333333177 5600.000000000822
800.0000000013274 0 2500.000000005827 2500.000000005827 800.0000000013274
1600.000000002104 0 2500.000000004555 2500.000000004555 1600.000000002104
2400.000000003271 0 2500.000000003284 2500.000000003284 2400.000000003271
3200.000000002617 0 2500.000000002012 2500.000000002012 3200.000000002617
4000.000000001963 0 2500.000000000741 2500.000000000741 4000.000000001963
4800.000000001308 0 2499.999999999469 2499.999999999469 4800.000000001308
5600.000000000655 0 2499.999999998197 2499.999999998197 5600.000000000655
800.0000000011819 0 2416.666666672155 2416.666666672155 800.0000000011819
1600.000000001795 0 2416.666666670973 2416.666666670973 1600.000000001795
2400.000000002829 0 2416.66666666979 2416.66666666979 2400.000000002829
3200.000000002154 0 2416.666666668608 2416.666666668608 3200.000000002154
4000.000000001477 0 2416.666666667425 2416.666666667425 4000.000000001477
4800.000000000973 0 2416.666666666243 2416.666666666243 4800.000000000973
5600.000000000486 0 2416.66666666506 2416.66666666506 5600.000000000486
800.0000000010369 0 2333.333333338415 2333.333333338415 800.0000000010369
1600.000000001487 0 2333.333333337344 2333.333333337344 1600.000000001487
2400.000000002387 0 2333.333333336273 2333.333333336273 2400.000000002387
3200.00000000169 0 2333.333333335203 2333.333333335203 3200.00000000169
4000.000000000991 0 2333.333333334132 2333.333333334132 4000.000000000991
4800.000000000637 0 2333.333333333061 2333.333333333061 4800.000000000637
5600.000000000318 0 2333.333333331991 2333.333333331991 5600.000000000318
800.0000000008918 0 2250.000000004675 2250.000000004675 800.0000000008918
1600.000000001177 0 2250.000000003716 2250.000000003716 1600.000000001177
2400.000000001946 0 2250.000000002757 2250.000000002757 2400.000000001946
3200.000000001226 0 2250.000000001798 2250.000000001798 3200.000000001226
4000.000000000506 0 2250.000000000839 2250.000000000839 4000.000000000506
4800.0000000003 0 2249.999999999879 2249.999999999879 4800.0000000003
5600.000000000151 0 2249.99999999892 2249.99999999892 5600.000000000151
800.0000000007462 0 2166.666666670936 2166.666666670936 800.0000000007462
1600.000000000869 0 2166.666666670088 2166.666666670088 1600.000000000869
2400.000000001504 0 2166.666666669241 2166.666666669241 2400.000000001504
3200.000000000763 0 2166.666666668393 2166.666666668393 3200.000000000763
4000.00000000002 0 2166.666666667545 2166.666666667545 4000.00000000002
4799.999999999965 0 2166.666666666697 2166.666666666697 4799.999999999965
5599.999999999984 0 2166.666666665851 2166.666666665851 5599.999999999984
800.0000000006013 0 2083.333333337196 2083.333333337196 800.0000000006013
1600.00000000056 0 2083.33333333646 2083.33333333646 1600.00000000056
2400.000000001063 0 2083.333333335724 2083.333333335724 2400.000000001063
3200.000000000299 0 2083.333333334988 2083.333333334988 3200.000000000299
3999.999999999536 0 2083.333333334252 2083.333333334252 3999.999999999536
4799.999999999631 0 2083.333333333516 2083.333333333516 4799.999999999631
5599.999999999815 0 2083.33333333278 2083.33333333278 5599.999999999815
800.0000000004561 0 2000.000000003427 2000.000000003427 800.0000000004561
1600.000000000251 0 2000.000000002774 2000.000000002774 1600.000000000251
2400.000000000621 0 2000.00000000212 2000.00000000212 2400.000000000621
3199.999999999836 0 2000.000000001467 2000.000000001467 3199.999999999836
3999.999999999051 0 2000.000000000814 2000.000000000814 3999.999999999051
4799.999999999297 0 2000.000000000161 2000.000000000161 4799.999999999297
5599.999999999647 0 1999.999999999507 1999.999999999507 5599.999999999647
800.0000000003108 0 1916.66666666964 1916.66666666964 800.0000000003108
1599.999999999942 0 1916.666666669051 1916.666666669051 1599.999999999942
2400.000000000179 0 1916.666666668462 1916.666666668462 2400.000000000179
3199.999999999372 0 1916.666666667873 1916.666666667873 3199.999999999372
3999.999999998565 0 1916.666666667284 1916.666666667284 3999.999999998565
4799.999999998962 0 1916.666666666695 1916.666666666695 4799.999999998962
5599.99999999948 0 1916.666666666105 1916.666666666105 5599.99999999948
800.0000000001656 0 1833.333333335854 1833.333333335854 800.0000000001656
1599.999999999633 0 1833.333333335329 1833.333333335329 1599.999999999633
2399.999999999738 0 1833.333333334804 1833.333333334804 2399.999999999738
3199.999999998909 0 1833.333333334279 1833.333333334279 3199.999999998909
3999.99999999808 0 1833.333333333754 1833.333333333754 3999.99999999808
4799.999999998626 0 1833.333333333229 1833.333333333229 4799.999999998626
5599.999999999312 0 1833.333333332704 1833.333333332704 5599.999999999312
800.0000000000205 0 1750.000000002067 1750.000000002067 800.0000000000205
1599.999999999325 0 1750.000000001606 1750.000000001606 1599.999999999325
2399.999999999296 0 1750.000000001145 1750.000000001145 2399.999999999296
3199.999999998446 0 1750.000000000685 1750.000000000685 3199.999999998446
3999.999999997595 0 1750.000000000224 1750.000000000224 3999.999999997595
4799.999999998289 0 1749.999999999763 1749.999999999763 4799.999999998289
5599.999999999145 0 1749.999999999303 1749.999999999303 5599.999999999145
799.9999999998752 0 1666.666666668279 1666.666666668279 799.9999999998752
1599.999999999016 0 1666.666666667883 1666.666666667883 1599.999999999016
2399.999999998855 0 1666.666666667486 1666.666666667486 2399.999999998855
3199.999999997982 0 1666.66666666709 1666.66666666709 3199.999999997982
3999.99999999711 0 1666.666666666693 1666.666666666693 3999.99999999711
4799.999999997955 0 1666.666666666297 1666.666666666297 4799.999999997955
5599.999999998978 0 1666.666666665901 1666.666666665901 5599.999999998978
799.9999999997299 0 1583.333333334493 1583.333333334493 799.9999999997299
1599.999999998707 0 1583.33333333416 1583.33333333416 1599.999999998707
2399.999999998413 0 1583.333333333828 1583.333333333828 2399.999999998413
3199.999999997519 0 1583.333333333496 1583.333333333496 3199.999999997519
3999.999999996625 0 1583.333333333164 1583.333333333164 3999.999999996625
4799.999999997619 0 1583.333333332832 1583.333333332832 4799.999999997619
5599.99999999881 0 1583.333333332499 1583.333333332499 5599.99999999881
799.9999999995848 0 1500.000000000705 1500.000000000705 799.9999999995848
1599.999999998398 0 1500.000000000437 1500.000000000437 1599.999999998398
2399.999999997971 0 1500.000000000169 1500.000000000169 2399.999999997971
3199.999999997055 0 1499.999999999902 1499.999999999902 3199.999999997055
3999.999999996139 0 1499.999999999633 1499.999999999633 3999.999999996139
4799.999999997284 0 1499.999999999365 1499.999999999365 4799.999999997284
5599.999999998641 0 1499.999999999098 1499.999999999098 5599.999999998641
799.9999999994398 0 1416.666666666918 1416.666666666918 799.9999999994398
1599.99999999809 0 1416.666666666714 1416.666666666714 1599.99999999809
2399.99999999753 0 1416.666666666511 1416.666666666511 2399.99999999753
3199.999999996592 0 1416.666666666307 1416.666666666307 3199.999999996592
3999.999999995654 0 1416.666666666103 1416.666666666103 3999.999999995654
4799.999999996949 0 1416.666666665899 1416.666666665899 4799.999999996949
5599.999999998474 0 1416.666666665695 1416.666666665695 5599.999999998474
799.9999999992945 0 1333.333333333132 1333.333333333132 799.9999999992945
1599.999999997781 0 1333.333333332991 1333.333333332991 1599.999999997781
2399.999999997088 0 1333.333333332852 1333.333333332852 2399.999999997088
3199.999999996128 0 1333.333333332713 1333.333333332713 3199.999999996128
3999.999999995169 0 1333.333333332573 1333.333333332573 3999.999999995169
4799.999999996611 0 1333.333333332434 1333.333333332434 4799.999999996611
5599.999999998307 0 1333.333333332294 1333.333333332294 5599.999999998307
799.9999999991492 0 1249.999999999344 1249.999999999344 799.9999999991492
1599.999999997472 0 1249.999999999269 1249.999999999269 1599.999999997472
2399.999999996647 0 1249.999999999194 1249.999999999194 2399.999999996647
3199.999999995664 0 1249.999999999118 1249.999999999118 3199.999999995664
3999.999999994683 0 1249.999999999043 1249.999999999043 3999.999999994683
4799.999999996277 0 1249.999999998967 1249.999999998967 4799.999999996277
5599.999999998137 0 1249.999999998892 1249.999999998892 5599.999999998137
799.9999999990042 0 1166.666666665558 1166.666666665558 799.9999999990042
1599.999999997163 0 1166.666666665546 1166.666666665546 1599.999999997163
2399.999999996205 0 1166.666666665535 1166.666666665535 2399.999999996205
3199.999999995202 0 1166.666666665524 1166.666666665524 3199.999999995202
3999.999999994198 0 1166.666666665513 1166.666666665513 3999.999999994198
4799.999999995943 0 1166.666666665501 1166.666666665501 4799.999999995943
5599.99999999797 0 1166.66666666549 1166.66666666549 5599.99999999797
799.9999999988588 0 1083.33333333177 1083.33333333177 799.9999999988588
1599.999999996855 0 1083.333333331824 1083.333333331824 1599.999999996855
2399.999999995763 0 1083.333333331876 1083.333333331876 2399.999999995763
3199.999999994738 0 1083.333333331929 1083.333333331929 3199.999999994738
3999.999999993713 0 1083.333333331982 1083.333333331982 3999.999999993713
4799.999999995607 0 1083.333333332036 1083.333333332036 4799.999999995607
5599.999999997803 0 1083.333333332088 1083.333333332088 5599.999999997803
799.9999999987135 0 999.9999999979931 999.9999999979931 799.9999999987135
1599.999999996545 0 999.9999999981203 999.9999999981203 1599.999999996545
2399.999999995322 0 999.9999999982474 999.9999999982474 2399.999999995322
3199.999999994274 0 999.9999999983747 999.9999999983747 3199.999999994274
3999.999999993228 0 999.9999999985016 999.9999999985016 3999.999999993228
4799.999999995272 0 999.9999999986289 999.9999999986289 4799.999999995272
5599.999999997634 0 999.9999999987562 999.9999999987562 5599.999999997634
799.9999999985685 0 916.6666666643131 916.6666666643131 799.9999999985685
1599.999999996237 0 916.6666666645162 916.6666666645162 1599.999999996237
2399.99999999488 0 916.6666666647193 916.6666666647193 2399.99999999488
3199.999999993811 0 916.6666666649223 916.6666666649223 3199.999999993811
3999.999999992743 0 916.6666666651254 916.6666666651254 3999.999999992743
4799.999999994937 0 916.6666666653286 916.6666666653286 4799.999999994937
5599.999999997468 0 916.6666666655316 916.6666666655316 5599.999999997468
799.9999999984233 0 833.3333333311406 833.3333333311406 799.9999999984233
1599.999999995928 0 833.3333333313469 833.3333333313469 1599.999999995928
2399.999999994438 0 833.3333333315534 833.3333333315534 2399.999999994438
3199.999999993348 0 833.3333333317601 833.3333333317601 3199.999999993348
3999.999999992257 0 833.3333333319669 833.3333333319669 3999.999999992257
4799.999999994599 0 833.3333333321738 833.3333333321738 4799.999999994599
5599.9999999973 0 833.3333333323801 833.3333333323801 5599.9999999973
799.999999998278 0 749.9999999980399 749.9999999980399 799.999999998278
1599.999999995619 0 749.9999999982394 749.9999999982394 1599.999999995619
2399.999999993997 0 749.9999999984393 749.9999999984393 2399.999999993997
3199.999999992885 0 749.9999999986389 749.9999999986389 3199.999999992885
3999.999999991771 0 749.9999999988388 749.9999999988388 3999.999999991771
4799.999999994266 0 749.9999999990384 749.9999999990384 4799.999999994266
5599.999999997132 0 749.9999999992385 749.9999999992385 5599.999999997132
799.9999999981329 0 666.66666666494 666.66666666494 799.9999999981329
1599.99999999531 0 666.6666666651327 666.6666666651327 1599.99999999531
2399.999999993554 0 666.6666666653256 666.6666666653256 2399.999999993554
3199.99999999242 0 666.6666666655183 666.6666666655183 3199.99999999242
3999.999999991287 0 666.6666666657112 666.6666666657112 3999.999999991287
4799.99999999393 0 666.6666666659042 666.6666666659042 4799.99999999393
5599.999999996966 0 666.6666666660971 666.6666666660971 5599.999999996966
799.9999999979877 0 583.333333331828 583.333333331828 799.9999999979877
1599.999999995001 0 583.3333333320022 583.3333333320022 1599.999999995001
2399.999999993113 0 583.3333333321764 583.3333333321764 2399.999999993113
3199.999999991958 0 583.3333333323503 583.3333333323503 3199.999999991958
3999.999999990802 0 583.3333333325245 583.3333333325245 3999.999999990802
4799.999999993596 0 583.3333333326988 583.3333333326988 4799.999999993596
5599.999999996799 0 583.3333333328726 583.3333333328726 5599.999999996799
799.9999999978422 0 499.9999999987047 499.9999999987047 799.9999999978422
1599.999999994692 0 499.9999999988482 499.9999999988482 1599.999999994692
2399.999999992672 0 499.9999999989918 499.9999999989918 2399.999999992672
3199.999999991494 0 499.9999999991351 499.9999999991351 3199.999999991494
3999.999999990316 0 499.9999999992787 499.9999999992787 3999.999999990316
4799.99999999326 0 499.9999999994222 499.9999999994222 4799.99999999326
5599.999999996629 0 499.9999999995657 499.9999999995657 5599.999999996629
799.9999999976973 0 416.6666666655802 416.6666666655802 799.9999999976973
1599.999999994384 0 416.6666666656935 416.6666666656935 1599.999999994384
2399.99999999223 0 416.6666666658064 416.6666666658064 2399.99999999223
3199.999999991031 0 416.6666666659193 416.6666666659193 3199.999999991031
3999.99999998983 0 416.6666666660324 416.6666666660324 3999.99999998983
4799.999999992925 0 416.6666666661454 416.6666666661454 4799.999999992925
5599.999999996462 0 416.6666666662583 416.6666666662583 5599.999999996462
799.9999999975522 0 333.3333333324575 333.3333333324575 799.9999999975522
1599.999999994075 0 333.3333333325405 333.3333333325405 1599.999999994075
2399.999999991789 0 333.3333333326236 333.3333333326236 2399.999999991789
3199.999999990567 0 333.3333333327066 333.3333333327066 3199.999999990567
3999.999999989347 0 333.3333333327896 333.3333333327896 3999.999999989347
4799.999999992588 0 333.3333333328727 333.3333333328727 4799.999999992588
5599.999999996293 0 333.3333333329557 333.3333333329557 5599.999999996293
799.9999999974066 0 249.9999999993413 249.9999999993413 799.9999999974066
1599.999999993767 0 249.9999999994021 249.9999999994021 1599.999999993767
2399.999999991346 0 249.9999999994628 249.9999999994628 2399.999999991346
3199.999999990103 0 249.9999999995237 249.9999999995237 3199.999999990103
3999.999999988861 0 249.9999999995845 249.9999999995845 3999.999999988861
4799.999999992254 0 249.9999999996452 249.9999999996452 4799.999999992254
5599.999999996126 0 249.999999999706 249.999999999706 5599.999999996126
799.9999999972615 0 166.6666666662297 166.6666666662297 799.9999999972615
1599.999999993458 0 166.6666666662717 166.6666666662717 1599.999999993458
2399.999999990905 0 166.6666666663137 166.6666666663137 2399.999999990905
3199.99999998964 0 166.6666666663558 166.6666666663558 3199.99999998964
3999.999999988375 0 166.6666666663978 166.6666666663978 3999.999999988375
4799.999999991918 0 166.6666666664398 166.6666666664398 4799.999999991918
5599.999999995958 0 166.6666666664818 166.6666666664818 5599.999999995958
799.9999999971166 0 83.33333333311612 83.33333333311612 799.9999999971166
1599.999999993149 0 83.33333333313745 83.33333333313745 1599.999999993149
2399.999999990464 0 83.33333333315883 83.33333333315883 2399.999999990464
3199.999999989177 0 83.33333333318018 83.33333333318018 3199.999999989177
3999.999999987889 0 83.33333333320152 83.33333333320152 3999.999999987889
4799.999999991584 0 83.3333333332229 83.3333333332229 4799.999999991584
5599.999999995791 0 83.33333333324424 83.33333333324424 5599.999999995791
2 21 1 59
690
691
692
693
694
695
696
697
698
699
700
701
702
703
704
705
706
707
708
709
710
711
712
713
714
715
716
717
718
719
720
721
722
723
724
725
726
727
728
729
730
731
732
733
734
735
736
737
738
739
740
741
742
743
744
745
746
747
748
0 800 4916.666666666906 0.01666666666661872 0.5
0 800 4833.333333333812 0.0333333333332376 0.5
0 800 4750.000000000719 0.04999999999985614 0.5
0 800 4666.666666667626 0.06666666666647487 0.5
0 800 4583.333333334532 0.08333333333309358 0.5
0 800 4500.000000001438 0.0999999999997124 0.5
0 800 4416.666666668344 0.1166666666663311 0.5
0 800 4333.33333333525 0.13333333333295 0.5
0 800 4250.000000002157 0.1499999999995686 0.5
0 800 4166.666666669063 0.1666666666661873 0.5
0 800 4083.33333333597 0.1833333333328061 0.5
0 800 4000.000000002876 0.1999999999994247 0.5
0 800 3916.666666669783 0.2166666666660434 0.5
0 800 3833.333333336689 0.2333333333326623 0.5
0 800 3750.000000003595 0.249999999999281 0.5
0 800 3666.666666670501 0.2666666666658997 0.5
0 800 3583.333333337408 0.2833333333325185 0.5
0 800 3500.000000004314 0.2999999999991372 0.5
0 800 3416.66666667122 0.316666666665756 0.5
0 800 3333.333333338126 0.3333333333323748 0.5
0 800 3250.000000005032 0.3499999999989936 0.5
0 800 3166.666666671938 0.3666666666656123 0.5
0 800 3083.333333338845 0.3833333333322311 0.5
0 800 3000.000000005751 0.3999999999988498 0.5
0 800 2916.666666672657 0.4166666666654686 0.5
0 800 2833.333333339563 0.4333333333320873 0.5
0 800 2750.000000006469 0.4499999999987062 0.5
0 800 2666.666666673375 0.466666666665325 0.5
0 800 2583.333333340282 0.4833333333319437 0.5
0 800 2500.000000007099 0.5 0.5
0 800 2416.666666673337 0.5166666666653327 0.5
0 800 2333.333333339485 0.533333333332103 0.5
0 800 2250.000000005634 0.5499999999988731 0.5
0 800 2166.666666671783 0.5666666666656434 0.5
0 800 2083.333333337932 0.5833333333324136 0.5
0 800 2000.00000000408 0.5999999999991841 0.5
0 800 1916.666666670229 0.6166666666659542 0.5
0 800 1833.333333336378 0.6333333333327243 0.5
0 800 1750.000000002527 0.6499999999994945 0.5
0 800 1666.666666668676 0.666666666666265 0.5
0 800 1583.333333334825 0.683333333333035 0.5
0 800 1500.000000000973 0.6999999999998054 0.5
0 800 1416.666666667122 0.7166666666665755 0.5
0 800 1333.333333333271 0.7333333333333458 0.5
0 800 1249.99999999942 0.750000000000116 0.5
0 800 1166.666666665569 0.7666666666668862 0.5
0 800 1083.333333331717 0.7833333333336565 0.5
0 800 999.9999999978659 0.8000000000004268 0.5
0 800 916.6666666641099 0.816666666667178 0.5
0 800 833.3333333309338 0.8333333333338132 0.5
0 800 749.99999999784 0.8500000000004321 0.5
0 800 666.666666664747 0.8666666666670505 0.5
0 800 583.3333333316541 0.8833333333336693 0.5
0 800 499.9999999985612 0.9000000000002878 0.5
0 800 416.6666666654673 0.9166666666669065 0.5
0 800 333.3333333323744 0.9333333333335252 0.5
0 800 249.9999999992806 0.9500000000001438 0.5
0 800 166.6666666661877 0.9666666666667624 0.5
0 800 83.33333333309474 0.983333333333381 0.5
2 25 1 7
749
750
751
752
753
754
755
799.9999999969713 800 0 0.1249999999995268 0.5
1599.99999999284 800 0 0.2499999999988813 0.5
2399.999999990022 800 0 0.3749999999984409 0.5
3199.999999988713 800 0 0.5 0.5
3999.999999987405 800 0 0.624999999998032 0.5
4799.999999991248 800 0 0.7499999999986324 0.5
5599.999999995624 800 0 0.8749999999993162 0.5
2 29 1 59
756
757
758
759
760
761
762
763
764
765
766
767
768
769
770
771
772
773
774
775
776
777
778
779
780
781
782
783
784
785
786
787
788
789
790
791
792
793
794
795
796
797
798
799
800
801
802
803
804
805
806
807
808
809
810
811
812
813
814
6400 800 83.33333333326559 0.01666666666665312 0.5
6400 800 166.6666666665238 0.03333333333330475 0.5
6400 800 249.9999999997668 0.04999999999995335 0.5
6400 800 333.3333333330387 0.06666666666660774 0.5
6400 800 416.6666666663713 0.08333333333327426 0.5
6400 800 499.9999999997091 0.09999999999994182 0.5
6400 800 583.3333333330469 0.1166666666666094 0.5
6400 800 666.6666666662899 0.133333333333258 0.5
6400 800 749.9999999994382 0.1499999999998876 0.5
6400 800 833.3333333325867 0.1666666666665173 0.5
6400 800 916.6666666657349 0.183333333333147 0.5
6400 800 999.9999999988831 0.1999999999997766 0.5
6400 800 1083.333333332141 0.2166666666664282 0.5
6400 800 1166.666666665479 0.2333333333330958 0.5
6400 800 1249.999999998817 0.2499999999997634 0.5
6400 800 1333.333333332154 0.2666666666664309 0.5
6400 800 1416.666666665492 0.2833333333330983 0.5
6400 800 1499.999999998829 0.2999999999997658 0.5
6400 800 1583.333333332167 0.3166666666664334 0.5
6400 800 1666.666666665504 0.3333333333331009 0.5
6400 800 1749.999999998842 0.3499999999997684 0.5
6400 800 1833.333333332179 0.3666666666664359 0.5
6400 800 1916.666666665517 0.3833333333331033 0.5
6400 800 1999.999999998854 0.3999999999997708 0.5
6400 800 2083.333333332044 0.4166666666664088 0.5
6400 800 2166.666666665003 0.4333333333330005 0.5
6400 800 2249.999999997961 0.4499999999995922 0.5
6400 800 2333.33333333092 0.4666666666661839 0.5
6400 800 2416.666666663878 0.4833333333327756 0.5
6400 800 2499.999999996926 0.5 0.5
6400 800 2583.333333330554 0.5166666666661107 0.5
6400 800 2666.666666664271 0.5333333333328542 0.5
6400 800 2749.999999997989 0.5499999999995977 0.5
6400 800 2833.333333331705 0.566666666666341 0.5
6400 800 2916.666666665422 0.5833333333330845 0.5
6400 800 2999.999999999139 0.5999999999998278 0.5
6400 800 3083.333333332856 0.6166666666665712 0.5
6400 800 3166.666666666574 0.6333333333333148 0.5
6400 800 3250.000000000291 0.6500000000000581 0.5
6400 800 3333.333333334007 0.6666666666668015 0.5
6400 800 3416.666666667724 0.6833333333335448 0.5
6400 800 3500.000000001442 0.7000000000002884 0.5
6400 800 3583.333333335159 0.7166666666670318 0.5
6400 800 3666.666666668876 0.7333333333337752 0.5
6400 800 3750.000000002593 0.7500000000005186 0.5
6400 800 3833.333333336309 0.7666666666672619 0.5
6400 800 3916.666666670027 0.7833333333340053 0.5
6400 800 4000.000000003744 0.8000000000007488 0.5
6400 800 4083.333333337366 0.8166666666674732 0.5
6400 800 4166.666666670409 0.8333333333340818 0.5
6400 800 4250.000000003367 0.8500000000006734 0.5
6400 800 4333.333333336327 0.8666666666672653 0.5
6400 800 4416.666666669285 0.8833333333338571 0.5
6400 800 4500.000000002245 0.9000000000004489 0.5
6400 800 4583.333333335205 0.916666666667041 0.5
6400 800 4666.666666668163 0.9333333333336327 0.5
6400 800 4750.000000001122 0.9500000000002244 0.5
6400 800 4833.333333334082 0.9666666666668162 0.5
6400 800 4916.666666667041 0.9833333333334081 0.5
2 33 1 7
815
816
817
818
819
820
821
5600.000000005684 800 5000 0.1249999999991118 0.5
4800.000000011369 800 5000 0.2499999999982236 0.5
4000.00000001652 800 5000 0.3749999999974188 0.5
3200.00000001652 800 5000 0.5 0.5
2400.00000001652 800 5000 0.6249999999974187 0.5
1600.000000011368 800 5000 0.7499999999982238 0.5
800.0000000056834 800 5000 0.8749999999991119 0.5
2 34 1 413
822
823
824
825
826
827
828
829
830
831
832
833
834
835
836
837
838
839
840
841
842
843
844
845
846
847
848
849
850
851
852
853
854
855
856
857
858
859
860
861
862
863
864
865
866
867
868
869
870
871
872
873
874
875
876
877
878
879
880
881
882
883
884
885
886
887
888
889
890
891
892
893
894
895
896
897
898
899
900
901
902
903
904
905
906
907
908
909
910
911
912
913
914
915
916
917
918
919
920
921
922
923
924
925
926
927
928
929
930
931
932
933
934
935
936
937
938
939
940
941
942
943
944
945
946
947
948
949
950
951
952
953
954
955
956
957
958
959
960
961
962
963
964
965
966
967
968
969
970
971
972
973
974
975
976
977
978
979
980
981
982
983
984
985
986
987
988
989
990
991
992
993
994
995
996
997
998
999
1000
1001
1002
1003
1004
1005
1006
1007
1008
1009
1010
1011
1012
1013
1014
1015
1016
1017
1018
1019
1020
1021
1022
1023
1024
1025
1026
1027
1028
1029
1030
1031
1032
1033
1034
1035
1036
1037
1038
1039
1040
1041
1042
1043
1044
1045
1046
1047
1048
1049
1050
1051
1052
1053
1054
1055
1056
1057
1058
1059
1060
1061
1062
1063
1064
1065
1066
1067
1068
1069
1070
1071
1072
1073
1074
1075
1076
1077
1078
1079
1080
1081
1082
1083
1084
1085
1086
1087
1088
1089
1090
1091
1092
1093
1094
1095
1096
1097
1098
1099
1100
1101
1102
1103
1104
1105
1106
1107
1108
1109
1110
1111
1112
1113
1114
1115
1116
1117
1118
1119
1120
1121
1122
1123
1124
1125
1126
1127
1128
1129
1130
1131
1132
1133
1134
1135
1136
1137
1138
1139
1140
1141
1142
1143
1144
1145
1146
1147
1148
1149
1150
1151
1152
1153
1154
1155
1156
1157
1158
1159
1160
1161
1162
1163
1164
1165
1166
1167
1168
1169
1170
1171
1172
1173
1174
1175
1176
1177
1178
1179
1180
1181
1182
1183
1184
1185
1186
1187
1188
1189
1190
1191
1192
1193
1194
1195
1196
1197
1198
1199
1200
1201
1202
1203
1204
1205
1206
1207
1208
1209
1210
1211
1212
1213
1214
1215
1216
1217
1218
1219
1220
1221
1222
1223
1224
1225
1226
1227
1228
1229
1230
1231
1232
1233
1234
800.0000000055381 1600 4916.666666666923 4916.666666666923 800.0000000055381
1600.000000011059 1600 4916.666666666941 4916.666666666941 1600.000000011059
2400.000000016078 1600 4916.666666666957 4916.666666666957 2400.000000016078
3200.000000016057 1600 4916.666666666973 4916.666666666973 3200.000000016057
4000.000000016035 1600 4916.66666666699 4916.66666666699 4000.000000016035
4800.000000011032 1600 4916.666666667008 4916.666666667008 4800.000000011032
5600.000000005515 1600 4916.666666667024 4916.666666667024 5600.000000005515
800.0000000053928 1600 4833.333333333845 4833.333333333845 800.0000000053928
1600.00000001075 1600 4833.333333333879 4833.333333333879 1600.00000001075
2400.000000015637 1600 4833.333333333914 4833.333333333914 2400.000000015637
3200.000000015593 1600 4833.333333333947 4833.333333333947 3200.000000015593
4000.000000015549 1600 4833.33333333398 4833.33333333398 4000.000000015549
4800.000000010697 1600 4833.333333334014 4833.333333334014 4800.000000010697
5600.000000005348 1600 4833.333333334049 4833.333333334049 5600.000000005348
800.0000000052478 1600 4750.000000000769 4750.000000000769 800.0000000052478
1600.000000010441 1600 4750.000000000821 4750.000000000821 1600.000000010441
2400.000000015195 1600 4750.00000000087 4750.00000000087 2400.000000015195
3200.00000001513 1600 4750.000000000922 4750.000000000922 3200.00000001513
4000.000000015064 1600 4750.000000000972 4750.000000000972 4000.000000015064
4800.000000010365 1600 4750.000000001022 4750.000000001022 4800.000000010365
5600.00000000518 1600 4750.000000001072 4750.000000001072 5600.00000000518
800.0000000051026 1600 4666.666666667692 4666.666666667692 800.0000000051026
1600.000000010133 1600 4666.66666666776 4666.66666666776 1600.000000010133
2400.000000014753 1600 4666.666666667827 4666.666666667827 2400.000000014753
3200.000000014667 1600 4666.666666667893 4666.666666667893 3200.000000014667
4000.000000014579 1600 4666.666666667962 4666.666666667962 4000.000000014579
4800.000000010027 1600 4666.666666668029 4666.666666668029 4800.000000010027
5600.000000005013 1600 4666.666666668097 4666.666666668097 5600.000000005013
800.0000000049572 1600 4583.333333334617 4583.333333334617 800.0000000049572
1600.000000009824 1600 4583.333333334701 4583.333333334701 1600.000000009824
2400.000000014312 1600 4583.333333334785 4583.333333334785 2400.000000014312
3200.000000014203 1600 4583.333333334868 4583.333333334868 3200.000000014203
4000.000000014093 1600 4583.333333334952 4583.333333334952 4000.000000014093
4800.000000009691 1600 4583.333333335037 4583.333333335037 4800.000000009691
5600.000000004846 1600 4583.333333335119 4583.333333335119 5600.000000004846
800.0000000048123 1600 4500.000000001539 4500.000000001539 800.0000000048123
1600.000000009515 1600 4500.000000001639 4500.000000001639 1600.000000009515
2400.000000013871 1600 4500.00000000174 4500.00000000174 2400.000000013871
3200.000000013739 1600 4500.000000001842 4500.000000001842 3200.000000013739
4000.000000013608 1600 4500.000000001943 4500.000000001943 4000.000000013608
4800.000000009356 1600 4500.000000002044 4500.000000002044 4800.000000009356
5600.000000004678 1600 4500.000000002144 4500.000000002144 5600.000000004678
800.0000000046672 1600 4416.666666668462 4416.666666668462 800.0000000046672
1600.000000009206 1600 4416.666666668579 4416.666666668579 1600.000000009206
2400.000000013429 1600 4416.666666668697 4416.666666668697 2400.000000013429
3200.000000013276 1600 4416.666666668815 4416.666666668815 3200.000000013276
4000.000000013123 1600 4416.666666668933 4416.666666668933 4000.000000013123
4800.000000009021 1600 4416.666666669052 4416.666666669052 4800.000000009021
5600.000000004511 1600 4416.666666669168 4416.666666669168 5600.000000004511
800.0000000045217 1600 4333.333333335385 4333.333333335385 800.0000000045217
1600.000000008897 1600 4333.333333335519 4333.333333335519 1600.000000008897
2400.000000012987 1600 4333.333333335654 4333.333333335654 2400.000000012987
3200.000000012813 1600 4333.333333335789 4333.333333335789 3200.000000012813
4000.000000012637 1600 4333.333333335923 4333.333333335923 4000.000000012637
4800.000000008686 1600 4333.333333336058 4333.333333336058 4800.000000008686
5600.000000004344 1600 4333.333333336192 4333.333333336192 5600.000000004344
800.0000000043765 1600 4250.000000002308 4250.000000002308 800.0000000043765
1600.000000008589 1600 4250.000000002459 4250.000000002459 1600.000000008589
2400.000000012546 1600 4250.00000000261 4250.00000000261 2400.000000012546
3200.000000012349 1600 4250.000000002761 4250.000000002761 3200.000000012349
4000.000000012153 1600 4250.000000002914 4250.000000002914 4000.000000012153
4800.000000008351 1600 4250.000000003065 4250.000000003065 4800.000000008351
5600.000000004175 1600 4250.000000003216 4250.000000003216 5600.000000004175
800.0000000042314 1600 4166.666666669231 4166.666666669231 800.0000000042314
1600.00000000828 1600 4166.6666666694 4166.6666666694 1600.00000000828
2400.000000012104 1600 4166.666666669567 4166.666666669567 2400.000000012104
3200.000000011885 1600 4166.666666669737 4166.666666669737 3200.000000011885
4000.000000011668 1600 4166.666666669904 4166.666666669904 4000.000000011668
4800.000000008015 1600 4166.666666670071 4166.666666670071 4800.000000008015
5600.000000004007 1600 4166.666666670241 4166.666666670241 5600.000000004007
800.0000000040862 1600 4083.333333336144 4083.333333336144 800.0000000040862
1600.000000007971 1600 4083.333333336319 4083.333333336319 1600.000000007971
2400.000000011662 1600 4083.333333336494 4083.333333336494 2400.000000011662
3200.000000011423 1600 4083.333333336668 4083.333333336668 3200.000000011423
4000.000000011182 1600 4083.333333336842 4083.333333336842 4000.000000011182
4800.000000007679 1600 4083.333333337018 4083.333333337018 4800.000000007679
5600.00000000384 1600 4083.333333337192 4083.333333337192 5600.00000000384
800.000000003941 1600 4000.000000002984 4000.000000002984 800.000000003941
1600.000000007662 1600 4000.000000003093 4000.000000003093 1600.000000007662
2400.00000001122 1600 4000.000000003202 4000.000000003202 2400.00000001122
3200.000000010959 1600 4000.00000000331 4000.00000000331 3200.000000010959
4000.000000010697 1600 4000.00000000342 4000.00000000342 4000.000000010697
4800.000000007344 1600 4000.000000003526 4000.000000003526 4800.000000007344
5600.000000003673 1600 4000.000000003636 4000.000000003636 5600.000000003673
800.0000000037959 1600 3916.666666669813 3916.666666669813 800.0000000037959
1600.000000007354 1600 3916.666666669842 3916.666666669842 1600.000000007354
2400.000000010778 1600 3916.666666669874 3916.666666669874 2400.000000010778
3200.000000010496 1600 3916.666666669905 3916.666666669905 3200.000000010496
4000.000000010211 1600 3916.666666669935 3916.666666669935 4000.000000010211
4800.000000007009 1600 3916.666666669966 3916.666666669966 4800.000000007009
5600.000000003503 1600 3916.666666669995 3916.666666669995 5600.000000003503
800.0000000036506 1600 3833.33333333664 3833.33333333664 800.0000000036506
1600.000000007044 1600 3833.333333336594 3833.333333336594 1600.000000007044
2400.000000010337 1600 3833.333333336547 3833.333333336547 2400.000000010337
3200.000000010032 1600 3833.3333333365 3833.3333333365 3200.000000010032
4000.000000009726 1600 3833.333333336452 3833.333333336452 4000.000000009726
4800.000000006675 1600 3833.333333336403 3833.333333336403 4800.000000006675
5600.000000003338 1600 3833.333333336357 3833.333333336357 5600.000000003338
800.0000000035053 1600 3750.000000003469 3750.000000003469 800.0000000035053
1600.000000006736 1600 3750.000000003344 3750.000000003344 1600.000000006736
2400.000000009896 1600 3750.00000000322 3750.00000000322 2400.000000009896
3200.000000009568 1600 3750.000000003094 3750.000000003094 3200.000000009568
4000.000000009241 1600 3750.000000002968 3750.000000002968 4000.000000009241
4800.000000006338 1600 3750.000000002844 3750.000000002844 4800.000000006338
5600.000000003169 1600 3750.000000002719 3750.000000002719 5600.000000003169
800.0000000033601 1600 3666.666666670299 3666.666666670299 800.0000000033601
1600.000000006427 1600 3666.666666670095 3666.666666670095 1600.000000006427
2400.000000009454 1600 3666.666666669892 3666.666666669892 2400.000000009454
3200.000000009105 1600 3666.666666669689 3666.666666669689 3200.000000009105
4000.000000008755 1600 3666.666666669486 3666.666666669486 4000.000000008755
4800.000000006003 1600 3666.666666669282 3666.666666669282 4800.000000006003
5600.000000003 1600 3666.66666666908 3666.66666666908 5600.000000003
800.000000003215 1600 3583.333333337126 3583.333333337126 800.000000003215
1600.000000006118 1600 3583.333333336846 3583.333333336846 1600.000000006118
2400.000000009012 1600 3583.333333336564 3583.333333336564 2400.000000009012
3200.000000008642 1600 3583.333333336283 3583.333333336283 3200.000000008642
4000.00000000827 1600 3583.333333336002 3583.333333336002 4000.00000000827
4800.000000005667 1600 3583.333333335721 3583.333333335721 4800.000000005667
5600.000000002834 1600 3583.33333333544 3583.33333333544 5600.000000002834
800.0000000030695 1600 3500.000000003954 3500.000000003954 800.0000000030695
1600.000000005809 1600 3500.000000003596 3500.000000003596 1600.000000005809
2400.000000008571 1600 3500.000000003237 3500.000000003237 2400.000000008571
3200.000000008178 1600 3500.000000002878 3500.000000002878 3200.000000008178
4000.000000007785 1600 3500.00000000252 3500.00000000252 4000.000000007785
4800.000000005331 1600 3500.000000002159 3500.000000002159 4800.000000005331
5600.000000002667 1600 3500.000000001801 3500.000000001801 5600.000000002667
800.0000000029245 1600 3416.666666670783 3416.666666670783 800.0000000029245
1600.000000005501 1600 3416.666666670346 3416.666666670346 1600.000000005501
2400.000000008129 1600 3416.666666669909 3416.666666669909 2400.000000008129
3200.000000007715 1600 3416.666666669472 3416.666666669472 3200.000000007715
4000.000000007301 1600 3416.666666669035 3416.666666669035 4000.000000007301
4800.000000004998 1600 3416.666666668598 3416.666666668598 4800.000000004998
5600.000000002499 1600 3416.666666668161 3416.666666668161 5600.000000002499
800.0000000027794 1600 3333.333333337612 3333.333333337612 800.0000000027794
1600.000000005192 1600 3333.333333337097 3333.333333337097 1600.000000005192
2400.000000007688 1600 3333.333333336582 3333.333333336582 2400.000000007688
3200.00000000725 1600 3333.333333336067 3333.333333336067 3200.00000000725
4000.000000006814 1600 3333.333333335552 3333.333333335552 4000.000000006814
4800.000000004662 1600 3333.333333335037 3333.333333335037 4800.000000004662
5600.000000002332 1600 3333.333333334523 3333.333333334523 5600.000000002332
800.0000000026339 1600 3250.000000004439 3250.000000004439 800.0000000026339
1600.000000004883 1600 3250.000000003846 3250.000000003846 1600.000000004883
2400.000000007246 1600 3250.000000003253 3250.000000003253 2400.000000007246
3200.000000006788 1600 3250.000000002662 3250.000000002662 3200.000000006788
4000.000000006328 1600 3250.000000002068 3250.000000002068 4000.000000006328
4800.000000004326 1600 3250.000000001476 3250.000000001476 4800.000000004326
5600.000000002163 1600 3250.000000000883 3250.000000000883 5600.000000002163
800.0000000024889 1600 3166.666666671268 3166.666666671268 800.0000000024889
1600.000000004574 1600 3166.666666670598 3166.666666670598 1600.000000004574
2400.000000006804 1600 3166.666666669927 3166.666666669927 2400.000000006804
3200.000000006325 1600 3166.666666669256 3166.666666669256 3200.000000006325
4000.000000005845 1600 3166.666666668586 3166.666666668586 4000.000000005845
4800.00000000399 1600 3166.666666667915 3166.666666667915 4800.00000000399
5600.000000001995 1600 3166.666666667244 3166.666666667244 5600.000000001995
800.0000000023438 1600 3083.333333338096 3083.333333338096 800.0000000023438
1600.000000004266 1600 3083.333333337347 3083.333333337347 1600.000000004266
2400.000000006362 1600 3083.333333336599 3083.333333336599 2400.000000006362
3200.000000005861 1600 3083.333333335851 3083.333333335851 3200.000000005861
4000.000000005359 1600 3083.333333335101 3083.333333335101 4000.000000005359
4800.000000003654 1600 3083.333333334353 3083.333333334353 4800.000000003654
5600.000000001828 1600 3083.333333333604 3083.333333333604 5600.000000001828
800.0000000021986 1600 3000.000000004924 3000.000000004924 800.0000000021986
1600.000000003957 1600 3000.000000004098 3000.000000004098 1600.000000003957
2400.000000005921 1600 3000.000000003271 3000.000000003271 2400.000000005921
3200.000000005397 1600 3000.000000002445 3000.000000002445 3200.000000005397
4000.000000004873 1600 3000.000000001618 3000.000000001618 4000.000000004873
4800.000000003321 1600 3000.000000000792 3000.000000000792 4800.000000003321
5600.000000001661 1600 2999.999999999965 2999.999999999965 5600.000000001661
800.0000000020532 1600 2916.666666671753 2916.666666671753 800.0000000020532
1600.000000003648 1600 2916.666666670847 2916.666666670847 1600.000000003648
2400.00000000548 1600 2916.666666669944 2916.666666669944 2400.00000000548
3200.000000004934 1600 2916.666666669039 2916.666666669039 3200.000000004934
4000.000000004389 1600 2916.666666668135 2916.666666668135 4000.000000004389
4800.000000002985 1600 2916.666666667231 2916.666666667231 4800.000000002985
5600.000000001493 1600 2916.666666666327 2916.666666666327 5600.000000001493
800.0000000019082 1600 2833.33333333858 2833.33333333858 800.0000000019082
1600.000000003339 1600 2833.333333337599 2833.333333337599 1600.000000003339
2400.000000005038 1600 2833.333333336617 2833.333333336617 2400.000000005038
3200.00000000447 1600 2833.333333335634 2833.333333335634 3200.00000000447
4000.000000003902 1600 2833.333333334652 2833.333333334652 4000.000000003902
4800.000000002648 1600 2833.333333333669 2833.333333333669 4800.000000002648
5600.000000001324 1600 2833.333333332688 2833.333333332688 5600.000000001324
800.0000000017631 1600 2750.00000000541 2750.00000000541 800.0000000017631
1600.00000000303 1600 2750.000000004349 2750.000000004349 1600.00000000303
2400.000000004596 1600 2750.00000000329 2750.00000000329 2400.000000004596
3200.000000004007 1600 2750.000000002229 2750.000000002229 3200.000000004007
4000.000000003418 1600 2750.00000000117 2750.00000000117 4000.000000003418
4800.000000002315 1600 2750.000000000109 2750.000000000109 4800.000000002315
5600.000000001156 1600 2749.99999999905 2749.99999999905 5600.000000001156
800.0000000016175 1600 2666.666666672237 2666.666666672237 800.0000000016175
1600.000000002722 1600 2666.666666671099 2666.666666671099 1600.000000002722
2400.000000004155 1600 2666.66666666996 2666.66666666996 2400.000000004155
3200.000000003543 1600 2666.666666668822 2666.666666668822 3200.000000003543
4000.000000002932 1600 2666.666666667685 2666.666666667685 4000.000000002932
4800.000000001977 1600 2666.666666666547 2666.666666666547 4800.000000001977
5600.00000000099 1600 2666.666666665409 2666.666666665409 5600.00000000099
800.0000000014725 1600 2583.333333339065 2583.333333339065 800.0000000014725
1600.000000002413 1600 2583.33333333785 2583.33333333785 1600.000000002413
2400.000000003713 1600 2583.333333336634 2583.333333336634 2400.000000003713
3200.00000000308 1600 2583.333333335417 2583.333333335417 3200.00000000308
4000.000000002447 1600 2583.333333334201 2583.333333334201 4000.000000002447
4800.000000001643 1600 2583.333333332986 2583.333333332986 4800.000000001643
5600.000000000822 1600 2583.33333333177 2583.33333333177 5600.000000000822
800.0000000013274 1600 2500.000000005827 2500.000000005827 800.0000000013274
1600.000000002104 1600 2500.000000004555 2500.000000004555 1600.000000002104
2400.000000003271 1600 2500.000000003284 2500.000000003284 2400.000000003271
3200.000000002617 1600 2500.000000002012 2500.000000002012 3200.000000002617
4000.000000001963 1600 2500.000000000741 2500.000000000741 4000.000000001963
4800.000000001308 1600 2499.999999999469 2499.999999999469 4800.000000001308
5600.000000000655 1600 2499.999999998197 2499.999999998197 5600.000000000655
800.0000000011819 1600 2416.666666672155 2416.666666672155 800.0000000011819
1600.000000001795 1600 2416.666666670973 2416.666666670973 1600.000000001795
2400.000000002829 1600 2416.66666666979 2416.66666666979 2400.000000002829
3200.000000002154 1600 2416.666666668608 2416.666666668608 3200.000000002154
4000.000000001477 1600 2416.666666667425 2416.666666667425 4000.000000001477
4800.000000000973 1600 2416.666666666243 2416.666666666243 4800.000000000973
5600.000000000486 1600 2416.66666666506 2416.66666666506 5600.000000000486
800.0000000010369 1600 2333.333333338415 2333.333333338415 800.0000000010369
1600.000000001487 1600 2333.333333337344 2333.333333337344 1600.000000001487
2400.000000002387 1600 2333.333333336273 2333.333333336273 2400.000000002387
3200.00000000169 1600 2333.333333335203 2333.333333335203 3200.00000000169
4000.000000000991 1600 2333.333333334132 2333.333333334132 4000.000000000991
4800.000000000637 1600 2333.333333333061 2333.333333333061 4800.000000000637
5600.000000000318 1600 2333.333333331991 2333.333333331991 5600.000000000318
800.0000000008918 1600 2250.000000004675 2250.000000004675 800.0000000008918
1600.000000001177 1600 2250.000000003716 2250.000000003716 1600.000000001177
2400.000000001946 1600 2250.000000002757 2250.000000002757 2400.000000001946
3200.000000001226 1600 2250.000000001798 2250.000000001798 3200.000000001226
4000.000000000506 1600 2250.000000000839 2250.000000000839 4000.000000000506
4800.0000000003 1600 2249.999999999879 2249.999999999879 4800.0000000003
5600.000000000151 1600 2249.99999999892 2249.99999999892 5600.000000000151
800.0000000007462 1600 2166.666666670936 2166.666666670936 800.0000000007462
1600.000000000869 1600 2166.666666670088 2166.666666670088 1600.000000000869
2400.000000001504 1600 2166.666666669241 2166.666666669241 2400.000000001504
3200.000000000763 1600 2166.666666668393 2166.666666668393 3200.000000000763
4000.00000000002 1600 2166.666666667545 2166.666666667545 4000.00000000002
4799.999999999965 1600 2166.666666666697 2166.666666666697 4799.999999999965
5599.999999999984 1600 2166.666666665851 2166.666666665851 5599.999999999984
800.0000000006013 1600 2083.333333337196 2083.333333337196 800.0000000006013
1600.00000000056 1600 2083.33333333646 2083.33333333646 1600.00000000056
2400.000000001063 1600 2083.333333335724 2083.333333335724 2400.000000001063
3200.000000000299 1600 2083.333333334988 2083.333333334988 3200.000000000299
3999.999999999536 1600 2083.333333334252 2083.333333334252 3999.999999999536
4799.999999999631 1600 2083.333333333516 2083.333333333516 4799.999999999631
5599.999999999815 1600 2083.33333333278 2083.33333333278 5599.999999999815
800.0000000004561 1600 2000.000000003427 2000.000000003427 800.0000000004561
1600.000000000251 1600 2000.000000002774 2000.000000002774 1600.000000000251
2400.000000000621 1600 2000.00000000212 2000.00000000212 2400.000000000621
3199.999999999836 1600 2000.000000001467 2000.000000001467 3199.999999999836
3999.999999999051 1600 2000.000000000814 2000.000000000814 3999.999999999051
4799.999999999297 1600 2000.000000000161 2000.000000000161 4799.999999999297
5599.999999999647 1600 1999.999999999507 1999.999999999507 5599.999999999647
800.0000000003108 1600 1916.66666666964 1916.66666666964 800.0000000003108
1599.999999999942 1600 1916.666666669051 1916.666666669051 1599.999999999942
2400.000000000179 1600 1916.666666668462 1916.666666668462 2400.000000000179
3199.999999999372 1600 1916.666666667873 1916.666666667873 3199.999999999372
3999.999999998565 1600 1916.666666667284 1916.666666667284 3999.999999998565
4799.999999998962 1600 1916.666666666695 1916.666666666695 4799.999999998962
5599.99999999948 1600 1916.666666666105 1916.666666666105 5599.99999999948
800.0000000001656 1600 1833.333333335854 1833.333333335854 800.0000000001656
1599.999999999633 1600 1833.333333335329 1833.333333335329 1599.999999999633
2399.999999999738 1600 1833.333333334804 1833.333333334804 2399.999999999738
3199.999999998909 1600 1833.333333334279 1833.333333334279 3199.999999998909
3999.99999999808 1600 1833.333333333754 1833.333333333754 3999.99999999808
4799.999999998626 1600 1833.333333333229 1833.333333333229 4799.999999998626
5599.999999999312 1600 1833.333333332704 1833.333333332704 5599.999999999312
800.0000000000205 1600 1750.000000002067 1750.000000002067 800.0000000000205
1599.999999999325 1600 1750.000000001606 1750.000000001606 1599.999999999325
2399.999999999296 1600 1750.000000001145 1750.000000001145 2399.999999999296
3199.999999998446 1600 1750.000000000685 1750.000000000685 3199.999999998446
3999.999999997595 1600 1750.000000000224 1750.000000000224 3999.999999997595
4799.999999998289 1600 1749.999999999763 1749.999999999763 4799.999999998289
5599.999999999145 1600 1749.999999999303 1749.999999999303 5599.999999999145
799.9999999998752 1600 1666.666666668279 1666.666666668279 799.9999999998752
1599.999999999016 1600 1666.666666667883 1666.666666667883 1599.999999999016
2399.999999998855 1600 1666.666666667486 1666.666666667486 2399.999999998855
3199.999999997982 1600 1666.66666666709 1666.66666666709 3199.999999997982
3999.99999999711 1600 1666.666666666693 1666.666666666693 3999.99999999711
4799.999999997955 1600 1666.666666666297 1666.666666666297 4799.999999997955
5599.999999998978 1600 1666.666666665901 1666.666666665901 5599.999999998978
799.9999999997299 1600 1583.333333334493 1583.333333334493 799.9999999997299
1599.999999998707 1600 1583.33333333416 1583.33333333416 1599.999999998707
2399.999999998413 1600 1583.333333333828 1583.333333333828 2399.999999998413
3199.999999997519 1600 1583.333333333496 1583.333333333496 3199.999999997519
3999.999999996625 1600 1583.333333333164 1583.333333333164 3999.999999996625
4799.999999997619 1600 1583.333333332832 1583.333333332832 4799.999999997619
5599.99999999881 1600 1583.333333332499 1583.333333332499 5599.99999999881
799.9999999995848 1600 1500.000000000705 1500.000000000705 799.9999999995848
1599.999999998398 1600 1500.000000000437 1500.000000000437 1599.999999998398
2399.999999997971 1600 1500.000000000169 1500.000000000169 2399.999999997971
3199.999999997055 1600 1499.999999999902 1499.999999999902 3199.999999997055
3999.999999996139 1600 1499.999999999633 1499.999999999633 3999.999999996139
4799.999999997284 1600 1499.999999999365 1499.999999999365 4799.999999997284
5599.999999998641 1600 1499.999999999098 1499.999999999098 5599.999999998641
799.9999999994398 1600 1416.666666666918 1416.666666666918 799.9999999994398
1599.99999999809 1600 1416.666666666714 1416.666666666714 1599.99999999809
2399.99999999753 1600 1416.666666666511 1416.666666666511 2399.99999999753
3199.999999996592 1600 1416.666666666307 1416.666666666307 3199.999999996592
3999.999999995654 1600 1416.666666666103 1416.666666666103 3999.999999995654
4799.999999996949 1600 1416.666666665899 1416.666666665899 4799.999999996949
5599.999999998474 1600 1416.666666665695 1416.666666665695 5599.999999998474
799.9999999992945 1600 1333.333333333132 1333.333333333132 799.9999999992945
1599.999999997781 1600 1333.333333332991 1333.333333332991 1599.999999997781
2399.999999997088 1600 1333.333333332852 1333.333333332852 2399.999999997088
3199.999999996128 1600 1333.333333332713 1333.333333332713 3199.999999996128
3999.999999995169 1600 1333.333333332573 1333.333333332573 3999.999999995169
4799.999999996611 1600 1333.333333332434 1333.333333332434 4799.999999996611
5599.999999998307 1600 1333.333333332294 1333.333333332294 5599.999999998307
799.9999999991492 1600 1249.999999999344 1249.999999999344 799.9999999991492
1599.999999997472 1600 1249.999999999269 1249.999999999269 1599.999999997472
2399.999999996647 1600 1249.999999999194 1249.999999999194 2399.999999996647
3199.999999995664 1600 1249.999999999118 1249.999999999118 3199.999999995664
3999.999999994683 1600 1249.999999999043 1249.999999999043 3999.999999994683
4799.999999996277 1600 1249.999999998967 1249.999999998967 4799.999999996277
5599.999999998137 1600 1249.999999998892 1249.999999998892 5599.999999998137
799.9999999990042 1600 1166.666666665558 1166.666666665558 799.9999999990042
1599.999999997163 1600 1166.666666665546 1166.666666665546 1599.999999997163
2399.999999996205 1600 1166.666666665535 1166.666666665535 2399.999999996205
3199.999999995202 1600 1166.666666665524 1166.666666665524 3199.999999995202
3999.999999994198 1600 1166.666666665513 1166.666666665513 3999.999999994198
4799.999999995943 1600 1166.666666665501 1166.666666665501 4799.999999995943
5599.99999999797 1600 1166.66666666549 1166.66666666549 5599.99999999797
799.9999999988588 1600 1083.33333333177 1083.33333333177 799.9999999988588
1599.999999996855 1600 1083.333333331824 1083.333333331824 1599.999999996855
2399.999999995763 1600 1083.333333331876 1083.333333331876 2399.999999995763
3199.999999994738 1600 1083.333333331929 1083.333333331929 3199.999999994738
3999.999999993713 1600 1083.333333331982 1083.333333331982 3999.999999993713
4799.999999995607 1600 1083.333333332036 1083.333333332036 4799.999999995607
5599.999999997803 1600 1083.333333332088 1083.333333332088 5599.999999997803
799.9999999987135 1600 999.9999999979931 999.9999999979931 799.9999999987135
1599.999999996545 1600 999.9999999981203 999.9999999981203 1599.999999996545
2399.999999995322 1600 999.9999999982474 999.9999999982474 2399.999999995322
3199.999999994274 1600 999.9999999983747 999.9999999983747 3199.999999994274
3999.999999993228 1600 999.9999999985016 999.9999999985016 3999.999999993228
4799.999999995272 1600 999.9999999986289 999.9999999986289 4799.999999995272
5599.999999997634 1600 999.9999999987562 999.9999999987562 5599.999999997634
799.9999999985685 1600 916.6666666643131 916.6666666643131 799.9999999985685
1599.999999996237 1600 916.6666666645162 916.6666666645162 1599.999999996237
2399.99999999488 1600 916.6666666647193 916.6666666647193 2399.99999999488
3199.999999993811 1600 916.6666666649223 916.6666666649223 3199.999999993811
3999.999999992743 1600 916.6666666651254 916.6666666651254 3999.999999992743
4799.999999994937 1600 916.6666666653286 916.6666666653286 4799.999999994937
5599.999999997468 1600 916.6666666655316 916.6666666655316 5599.999999997468
799.9999999984233 1600 833.3333333311406 833.3333333311406 799.9999999984233
1599.999999995928 1600 833.3333333313469 833.3333333313469 1599.999999995928
2399.999999994438 1600 833.3333333315534 833.3333333315534 2399.999999994438
3199.999999993348 1600 833.3333333317601 833.3333333317601 3199.999999993348
3999.999999992257 1600 833.3333333319669 833.3333333319669 3999.999999992257
4799.999999994599 1600 833.3333333321738 833.3333333321738 4799.999999994599
5599.9999999973 1600 833.3333333323801 833.3333333323801 5599.9999999973
799.999999998278 1600 749.9999999980399 749.9999999980399 799.999999998278
1599.999999995619 1600 749.9999999982394 749.9999999982394 1599.999999995619
2399.999999993997 1600 749.9999999984393 749.9999999984393 2399.999999993997
3199.999999992885 1600 749.9999999986389 749.9999999986389 3199.999999992885
3999.999999991771 1600 749.9999999988388 749.9999999988388 3999.999999991771
4799.999999994266 1600 749.9999999990384 749.9999999990384 4799.999999994266
5599.999999997132 1600 749.9999999992385 749.9999999992385 5599.999999997132
799.9999999981329 1600 666.66666666494 666.66666666494 799.9999999981329
1599.99999999531 1600 666.6666666651327 666.6666666651327 1599.99999999531
2399.999999993554 1600 666.6666666653256 666.6666666653256 2399.999999993554
3199.99999999242 1600 666.6666666655183 666.6666666655183 3199.99999999242
3999.999999991287 1600 666.6666666657112 666.6666666657112 3999.999999991287
4799.99999999393 1600 666.6666666659042 666.6666666659042 4799.99999999393
5599.999999996966 1600 666.6666666660971 666.6666666660971 5599.999999996966
799.9999999979877 1600 583.333333331828 583.333333331828 799.9999999979877
1599.999999995001 1600 583.3333333320022 583.3333333320022 1599.999999995001
2399.999999993113 1600 583.3333333321764 583.3333333321764 2399.999999993113
3199.999999991958 1600 583.3333333323503 583.3333333323503 3199.999999991958
3999.999999990802 1600 583.3333333325245 583.3333333325245 3999.999999990802
4799.999999993596 1600 583.3333333326988 583.3333333326988 4799.999999993596
5599.999999996799 1600 583.3333333328726 583.3333333328726 5599.999999996799
799.9999999978422 1600 499.9999999987047 499.9999999987047 799.9999999978422
1599.999999994692 1600 499.9999999988482 499.9999999988482 1599.999999994692
2399.999999992672 1600 499.9999999989918 499.9999999989918 2399.999999992672
3199.999999991494 1600 499.9999999991351 499.9999999991351 3199.999999991494
3999.999999990316 1600 499.9999999992787 499.9999999992787 3999.999999990316
4799.99999999326 1600 499.9999999994222 499.9999999994222 4799.99999999326
5599.999999996629 1600 499.9999999995657 499.9999999995657 5599.999999996629
799.9999999976973 1600 416.6666666655802 416.6666666655802 799.9999999976973
1599.999999994384 1600 416.6666666656935 416.6666666656935 1599.999999994384
2399.99999999223 1600 416.6666666658064 416.6666666658064 2399.99999999223
3199.999999991031 1600 416.6666666659193 416.6666666659193 3199.999999991031
3999.99999998983 1600 416.6666666660324 416.6666666660324 3999.99999998983
4799.999999992925 1600 416.6666666661454 416.6666666661454 4799.999999992925
5599.999999996462 1600 416.6666666662583 416.6666666662583 5599.999999996462
799.9999999975522 1600 333.3333333324575 333.3333333324575 799.9999999975522
1599.999999994075 1600 333.3333333325405 333.3333333325405 1599.999999994075
2399.999999991789 1600 333.3333333326236 333.3333333326236 2399.999999991789
3199.999999990567 1600 333.3333333327066 333.3333333327066 3199.999999990567
3999.999999989347 1600 333.3333333327896 333.3333333327896 3999.999999989347
4799.999999992588 1600 333.3333333328727 333.3333333328727 4799.999999992588
5599.999999996293 1600 333.3333333329557 333.3333333329557 5599.999999996293
799.9999999974066 1600 249.9999999993413 249.9999999993413 799.9999999974066
1599.999999993767 1600 249.9999999994021 249.9999999994021 1599.999999993767
2399.999999991346 1600 249.9999999994628 249.9999999994628 2399.999999991346
3199.999999990103 1600 249.9999999995237 249.9999999995237 3199.999999990103
3999.999999988861 1600 249.9999999995845 249.9999999995845 3999.999999988861
4799.999999992254 1600 249.9999999996452 249.9999999996452 4799.999999992254
5599.999999996126 1600 249.999999999706 249.999999999706 5599.999999996126
799.9999999972615 1600 166.6666666662297 166.6666666662297 799.9999999972615
1599.999999993458 1600 166.6666666662717 166.6666666662717 1599.999999993458
2399.999999990905 1600 166.6666666663137 166.6666666663137 2399.999999990905
3199.99999998964 1600 166.6666666663558 166.6666666663558 3199.99999998964
3999.999999988375 1600 166.6666666663978 166.6666666663978 3999.999999988375
4799.999999991918 1600 166.6666666664398 166.6666666664398 4799.999999991918
5599.999999995958 1600 166.6666666664818 166.6666666664818 5599.999999995958
799.9999999971166 1600 83.33333333311612 83.33333333311612 799.9999999971166
1599.999999993149 1600 83.33333333313745 83.33333333313745 1599.999999993149
2399.999999990464 1600 83.33333333315883 83.33333333315883 2399.999999990464
3199.999999989177 1600 83.33333333318018 83.33333333318018 3199.999999989177
3999.999999987889 1600 83.33333333320152 83.33333333320152 3999.999999987889
4799.999999991584 1600 83.3333333332229 83.3333333332229 4799.999999991584
5599.999999995791 1600 83.33333333324424 83.33333333324424 5599.999999995791
3 1 0 413
1235
1236
1237
1238
1239
1240
1241
1242
1243
1244
1245
1246
1247
1248
1249
1250
1251
1252
1253
1254
1255
1256
1257
1258
1259
1260
1261
1262
1263
1264
1265
1266
1267
1268
1269
1270
1271
1272
1273
1274
1275
1276
1277
1278
1279
1280
1281
1282
1283
1284
1285
1286
1287
1288
1289
1290
1291
1292
1293
1294
1295
1296
1297
1298
1299
1300
1301
1302
1303
1304
1305
1306
1307
1308
1309
1310
1311
1312
1313
1314
1315
1316
1317
1318
1319
1320
1321
1322
1323
1324
1325
1326
1327
1328
1329
1330
1331
1332
1333
1334
1335
1336
1337
1338
1339
1340
1341
1342
1343
1344
1345
1346
1347
1348
1349
1350
1351
1352
1353
1354
1355
1356
1357
1358
1359
1360
1361
1362
1363
1364
1365
1366
1367
1368
1369
1370
1371
1372
1373
1374
1375
1376
1377
1378
1379
1380
1381
1382
1383
1384
1385
1386
1387
1388
1389
1390
1391
1392
1393
1394
1395
1396
1397
1398
1399
1400
1401
1402
1403
1404
1405
1406
1407
1408
1409
1410
1411
1412
1413
1414
1415
1416
1417
1418
1419
1420
1421
1422
1423
1424
1425
1426
1427
1428
1429
1430
1431
1432
1433
1434
1435
1436
1437
1438
1439
1440
1441
1442
1443
1444
1445
1446
1447
1448
1449
1450
1451
1452
1453
1454
1455
1456
1457
1458
1459
1460
1461
1462
1463
1464
1465
1466
1467
1468
1469
1470
1471
1472
1473
1474
1475
1476
1477
1478
1479
1480
1481
1482
1483
1484
1485
1486
1487
1488
1489
1490
1491
1492
1493
1494
1495
1496
1497
1498
1499
1500
1501
1502
1503
1504
1505
1506
1507
1508
1509
1510
1511
1512
1513
1514
1515
1516
1517
1518
1519
1520
1521
1522
1523
1524
1525
1526
1527
1528
1529
1530
1531
1532
1533
1534
1535
1536
1537
1538
1539
1540
1541
1542
1543
1544
1545
1546
1547
1548
1549
1550
1551
1552
1553
1554
1555
1556
1557
1558
1559
1560
1561
1562
1563
1564
1565
1566
1567
1568
1569
1570
1571
1572
1573
1574
1575
1576
1577
1578
1579
1580
1581
1582
1583
1584
1585
1586
1587
1588
1589
1590
1591
1592
1593
1594
1595
1596
1597
1598
1599
1600
1601
1602
1603
1604
1605
1606
1607
1608
1609
1610
1611
1612
1613
1614
1615
1616
1617
1618
1619
1620
1621
1622
1623
1624
1625
1626
1627
1628
1629
1630
1631
1632
1633
1634
1635
1636
1637
1638
1639
1640
1641
1642
1643
1644
1645
1646
1647
800.0000000055381 800 4916.666666666923
1600.000000011059 800 4916.666666666941
2400.000000016078 800 4916.666666666957
3200.000000016057 800 4916.666666666973
4000.000000016035 800 4916.66666666699
4800.000000011032 800 4916.666666667008
5600.000000005515 800 4916.666666667024
800.0000000053928 800 4833.333333333845
1600.00000001075 800 4833.333333333879
2400.000000015637 800 4833.333333333914
3200.000000015593 800 4833.333333333947
4000.000000015549 800 4833.33333333398
4800.000000010697 800 4833.333333334014
5600.000000005348 800 4833.333333334049
800.0000000052478 800 4750.000000000769
1600.000000010441 800 4750.000000000821
2400.000000015195 800 4750.00000000087
3200.00000001513 800 4750.000000000922
4000.000000015064 800 4750.000000000972
4800.000000010365 800 4750.000000001022
5600.00000000518 800 4750.000000001072
800.0000000051026 800 4666.666666667692
1600.000000010133 800 4666.66666666776
2400.000000014753 800 4666.666666667827
3200.000000014667 800 4666.666666667893
4000.000000014579 800 4666.666666667962
4800.000000010027 800 4666.666666668029
5600.000000005013 800 4666.666666668097
800.0000000049572 800 4583.333333334617
1600.000000009824 800 4583.333333334701
2400.000000014312 800 4583.333333334785
3200.000000014203 800 4583.333333334868
4000.000000014093 800 4583.333333334952
4800.000000009691 800 4583.333333335037
5600.000000004846 800 4583.333333335119
800.0000000048123 800 4500.000000001539
1600.000000009515 800 4500.000000001639
2400.000000013871 800 4500.00000000174
3200.000000013739 800 4500.000000001842
4000.000000013608 800 4500.000000001943
4800.000000009356 800 4500.000000002044
5600.000000004678 800 4500.000000002144
800.0000000046672 800 4416.666666668462
1600.000000009206 800 4416.666666668579
2400.000000013429 800 4416.666666668697
3200.000000013276 800 4416.666666668815
4000.000000013123 800 4416.666666668933
4800.000000009021 800 4416.666666669052
5600.000000004511 800 4416.666666669168
800.0000000045217 800 4333.333333335385
1600.000000008897 800 4333.333333335519
2400.000000012987 800 4333.333333335654
3200.000000012813 800 4333.333333335789
4000.000000012637 800 4333.333333335923
4800.000000008686 800 4333.333333336058
5600.000000004344 800 4333.333333336192
800.0000000043765 800 4250.000000002308
1600.000000008589 800 4250.000000002459
2400.000000012546 800 4250.00000000261
3200.000000012349 800 4250.000000002761
4000.000000012153 800 4250.000000002914
4800.000000008351 800 4250.000000003065
5600.000000004175 800 4250.000000003216
800.0000000042314 800 4166.666666669231
1600.00000000828 800 4166.6666666694
2400.000000012104 800 4166.666666669567
3200.000000011885 800 4166.666666669737
4000.000000011668 800 4166.666666669904
4800.000000008015 800 4166.666666670071
5600.000000004007 800 4166.666666670241
800.0000000040862 800 4083.333333336144
1600.000000007971 800 4083.333333336319
2400.000000011662 800 4083.333333336494
3200.000000011423 800 4083.333333336668
4000.000000011182 800 4083.333333336842
4800.000000007679 800 4083.333333337018
5600.00000000384 800 4083.333333337192
800.000000003941 800 4000.000000002984
1600.000000007662 800 4000.000000003093
2400.00000001122 800 4000.000000003202
3200.000000010959 800 4000.00000000331
4000.000000010697 800 4000.00000000342
4800.000000007344 800 4000.000000003526
5600.000000003673 800 4000.000000003636
800.0000000037959 800 3916.666666669813
1600.000000007354 800 3916.666666669842
2400.000000010778 800 3916.666666669874
3200.000000010496 800 3916.666666669905
4000.000000010211 800 3916.666666669935
4800.000000007009 800 3916.666666669966
5600.000000003503 800 3916.666666669995
800.0000000036506 800 3833.33333333664
1600.000000007044 800 3833.333333336594
2400.000000010337 800 3833.333333336547
3200.000000010032 800 3833.3333333365
4000.000000009726 800 3833.333333336452
4800.000000006675 800 3833.333333336403
5600.000000003338 800 3833.333333336357
800.0000000035053 800 3750.000000003469
1600.000000006736 800 3750.000000003344
2400.000000009896 800 3750.00000000322
3200.000000009568 800 3750.000000003094
4000.000000009241 800 3750.000000002968
4800.000000006338 800 3750.000000002844
5600.000000003169 800 3750.000000002719
800.0000000033601 800 3666.666666670299
1600.000000006427 800 3666.666666670095
2400.000000009454 800 3666.666666669892
3200.000000009105 800 3666.666666669689
4000.000000008755 800 3666.666666669486
4800.000000006003 800 3666.666666669282
5600.000000003 800 3666.66666666908
800.000000003215 800 3583.333333337126
1600.000000006118 800 3583.333333336846
2400.000000009012 800 3583.333333336564
3200.000000008642 800 3583.333333336283
4000.00000000827 800 3583.333333336002
4800.000000005667 800 3583.333333335721
5600.000000002834 800 3583.33333333544
800.0000000030695 800 3500.000000003954
1600.000000005809 800 3500.000000003596
2400.000000008571 800 3500.000000003237
3200.000000008178 800 3500.000000002878
4000.000000007785 800 3500.00000000252
4800.000000005331 800 3500.000000002159
5600.000000002667 800 3500.000000001801
800.0000000029245 800 3416.666666670783
1600.000000005501 800 3416.666666670346
2400.000000008129 800 3416.666666669909
3200.000000007715 800 3416.666666669472
4000.000000007301 800 3416.666666669035
4800.000000004998 800 3416.666666668598
5600.000000002499 800 3416.666666668161
800.0000000027794 800 3333.333333337612
1600.000000005192 800 3333.333333337097
2400.000000007688 800 3333.333333336582
3200.00000000725 800 3333.333333336067
4000.000000006814 800 3333.333333335552
4800.000000004662 800 3333.333333335037
5600.000000002332 800 3333.333333334523
800.0000000026339 800 3250.000000004439
1600.000000004883 800 3250.000000003846
2400.000000007246 800 3250.000000003253
3200.000000006788 800 3250.000000002662
4000.000000006328 800 3250.000000002068
4800.000000004326 800 3250.000000001476
5600.000000002163 800 3250.000000000883
800.0000000024889 800 3166.666666671268
1600.000000004574 800 3166.666666670598
2400.000000006804 800 3166.666666669927
3200.000000006325 800 3166.666666669256
4000.000000005845 800 3166.666666668586
4800.00000000399 800 3166.666666667915
5600.000000001995 800 3166.666666667244
800.0000000023438 800 3083.333333338096
1600.000000004266 800 3083.333333337347
2400.000000006362 800 3083.333333336599
3200.000000005861 800 3083.333333335851
4000.000000005359 800 3083.333333335101
4800.000000003654 800 3083.333333334353
5600.000000001828 800 3083.333333333604
800.0000000021986 800 3000.000000004924
1600.000000003957 800 3000.000000004098
2400.000000005921 800 3000.000000003271
3200.000000005397 800 3000.000000002445
4000.000000004873 800 3000.000000001618
4800.000000003321 800 3000.000000000792
5600.000000001661 800 2999.999999999965
800.0000000020532 800 2916.666666671753
1600.000000003648 800 2916.666666670847
2400.00000000548 800 2916.666666669944
3200.000000004934 800 2916.666666669039
4000.000000004389 800 2916.666666668135
4800.000000002985 800 2916.666666667231
5600.000000001493 800 2916.666666666327
800.0000000019082 800 2833.33333333858
1600.000000003339 800 2833.333333337599
2400.000000005038 800 2833.333333336617
3200.00000000447 800 2833.333333335634
4000.000000003902 800 2833.333333334652
4800.000000002648 800 2833.333333333669
5600.000000001324 800 2833.333333332688
800.0000000017631 800 2750.00000000541
1600.00000000303 800 2750.000000004349
2400.000000004596 800 2750.00000000329
3200.000000004007 800 2750.000000002229
4000.000000003418 800 2750.00000000117
4800.000000002315 800 2750.000000000109
5600.000000001156 800 2749.99999999905
800.0000000016175 800 2666.666666672237
1600.000000002722 800 2666.666666671099
2400.000000004155 800 2666.66666666996
3200.000000003543 800 2666.666666668822
4000.000000002932 800 2666.666666667685
4800.000000001977 800 2666.666666666547
5600.00000000099 800 2666.666666665409
800.0000000014725 800 2583.333333339065
1600.000000002413 800 2583.33333333785
2400.000000003713 800 2583.333333336634
3200.00000000308 800 2583.333333335417
4000.000000002447 800 2583.333333334201
4800.000000001643 800 2583.333333332986
5600.000000000822 800 2583.33333333177
800.0000000013274 800 2500.000000005827
1600.000000002104 800 2500.000000004555
2400.000000003271 800 2500.000000003284
3200.000000002617 800 2500.000000002012
4000.000000001963 800 2500.000000000741
4800.000000001308 800 2499.999999999469
5600.000000000655 800 2499.999999998197
800.0000000011819 800 2416.666666672155
1600.000000001795 800 2416.666666670973
2400.000000002829 800 2416.66666666979
3200.000000002154 800 2416.666666668608
4000.000000001477 800 2416.666666667425
4800.000000000973 800 2416.666666666243
5600.000000000486 800 2416.66666666506
800.0000000010369 800 2333.333333338415
1600.000000001487 800 2333.333333337344
2400.000000002387 800 2333.333333336273
3200.00000000169 800 2333.333333335203
4000.000000000991 800 2333.333333334132
4800.000000000637 800 2333.333333333061
5600.000000000318 800 2333.333333331991
800.0000000008918 800 2250.000000004675
1600.000000001177 800 2250.000000003716
2400.000000001946 800 2250.000000002757
3200.000000001226 800 2250.000000001798
4000.000000000506 800 2250.000000000839
4800.0000000003 800 2249.999999999879
5600.000000000151 800 2249.99999999892
800.0000000007462 800 2166.666666670936
1600.000000000869 800 2166.666666670088
2400.000000001504 800 2166.666666669241
3200.000000000763 800 2166.666666668393
4000.00000000002 800 2166.666666667545
4799.999999999965 800 2166.666666666697
5599.999999999984 800 2166.666666665851
800.0000000006013 800 2083.333333337196
1600.00000000056 800 2083.33333333646
2400.000000001063 800 2083.333333335724
3200.000000000299 800 2083.333333334988
3999.999999999536 800 2083.333333334252
4799.999999999631 800 2083.333333333516
5599.999999999815 800 2083.33333333278
800.0000000004561 800 2000.000000003427
1600.000000000251 800 2000.000000002774
2400.000000000621 800 2000.00000000212
3199.999999999836 800 2000.000000001467
3999.999999999051 800 2000.000000000814
4799.999999999297 800 2000.000000000161
5599.999999999647 800 1999.999999999507
800.0000000003108 800 1916.66666666964
1599.999999999942 800 1916.666666669051
2400.000000000179 800 1916.666666668462
3199.999999999372 800 1916.666666667873
3999.999999998565 800 1916.666666667284
4799.999999998962 800 1916.666666666695
5599.99999999948 800 1916.666666666105
800.0000000001656 800 1833.333333335854
1599.999999999633 800 1833.333333335329
2399.999999999738 800 1833.333333334804
3199.999999998909 800 1833.333333334279
3999.99999999808 800 1833.333333333754
4799.999999998626 800 1833.333333333229
5599.999999999312 800 1833.333333332704
800.0000000000205 800 1750.000000002067
1599.999999999325 800 1750.000000001606
2399.999999999296 800 1750.000000001145
3199.999999998446 800 1750.000000000685
3999.999999997595 800 1750.000000000224
4799.999999998289 800 1749.999999999763
5599.999999999145 800 1749.999999999303
799.9999999998752 800 1666.666666668279
1599.999999999016 800 1666.666666667883
2399.999999998855 800 1666.666666667486
3199.999999997982 800 1666.66666666709
3999.99999999711 800 1666.666666666693
4799.999999997955 800 1666.666666666297
5599.999999998978 800 1666.666666665901
799.9999999997299 800 1583.333333334493
1599.999999998707 800 1583.33333333416
2399.999999998413 800 1583.333333333828
3199.999999997519 800 1583.333333333496
3999.999999996625 800 1583.333333333164
4799.999999997619 800 1583.333333332832
5599.99999999881 800 1583.333333332499
799.9999999995848 800 1500.000000000705
1599.999999998398 800 1500.000000000437
2399.999999997971 800 1500.000000000169
3199.999999997055 800 1499.999999999902
3999.999999996139 800 1499.999999999633
4799.999999997284 800 1499.999999999365
5599.999999998641 800 1499.999999999098
799.9999999994398 800 1416.666666666918
1599.99999999809 800 1416.666666666714
2399.99999999753 800 1416.666666666511
3199.999999996592 800 1416.666666666307
3999.999999995654 800 1416.666666666103
4799.999999996949 800 1416.666666665899
5599.999999998474 800 1416.666666665695
799.9999999992945 800 1333.333333333132
1599.999999997781 800 1333.333333332991
2399.999999997088 800 1333.333333332852
3199.999999996128 800 1333.333333332713
3999.999999995169 800 1333.333333332573
4799.999999996611 800 1333.333333332434
5599.999999998307 800 1333.333333332294
799.9999999991492 800 1249.999999999344
1599.999999997472 800 1249.999999999269
2399.999999996647 800 1249.999999999194
3199.999999995664 800 1249.999999999118
3999.999999994683 800 1249.999999999043
4799.999999996277 800 1249.999999998967
5599.999999998137 800 1249.999999998892
799.9999999990042 800 1166.666666665558
1599.999999997163 800 1166.666666665546
2399.999999996205 800 1166.666666665535
3199.999999995202 800 1166.666666665524
3999.999999994198 800 1166.666666665513
4799.999999995943 800 1166.666666665501
5599.99999999797 800 1166.66666666549
799.9999999988588 800 1083.33333333177
1599.999999996855 800 1083.333333331824
2399.999999995763 800 1083.333333331876
3199.999999994738 800 1083.333333331929
3999.999999993713 800 1083.333333331982
4799.999999995607 800 1083.333333332036
5599.999999997803 800 1083.333333332088
799.9999999987135 800 999.9999999979931
1599.999999996545 800 999.9999999981203
2399.999999995322 800 999.9999999982474
3199.999999994274 800 999.9999999983747
3999.999999993228 800 999.9999999985016
4799.999999995272 800 999.9999999986289
5599.999999997634 800 999.9999999987562
799.9999999985685 800 916.6666666643131
1599.999999996237 800 916.6666666645162
2399.99999999488 800 916.6666666647193
3199.999999993811 800 916.6666666649223
3999.999999992743 800 916.6666666651254
4799.999999994937 800 916.6666666653286
5599.999999997468 800 916.6666666655316
799.9999999984233 800 833.3333333311406
1599.999999995928 800 833.3333333313469
2399.999999994438 800 833.3333333315534
3199.999999993348 800 833.3333333317601
3999.999999992257 800 833.3333333319669
4799.999999994599 800 833.3333333321738
5599.9999999973 800 833.3333333323801
799.999999998278 800 749.9999999980399
1599.999999995619 800 749.9999999982394
2399.999999993997 800 749.9999999984393
3199.999999992885 800 749.9999999986389
3999.999999991771 800 749.9999999988388
4799.999999994266 800 749.9999999990384
5599.999999997132 800 749.9999999992385
799.9999999981329 800 666.66666666494
1599.99999999531 800 666.6666666651327
2399.999999993554 800 666.6666666653256
3199.99999999242 800 666.6666666655183
3999.999999991287 800 666.6666666657112
4799.99999999393 800 666.6666666659042
5599.999999996966 800 666.6666666660971
799.9999999979877 800 583.333333331828
1599.999999995001 800 583.3333333320022
2399.999999993113 800 583.3333333321764
3199.999999991958 800 583.3333333323503
3999.999999990802 800 583.3333333325245
4799.999999993596 800 583.3333333326988
5599.999999996799 800 583.3333333328726
799.9999999978422 800 499.9999999987047
1599.999999994692 800 499.9999999988482
2399.999999992672 800 499.9999999989918
3199.999999991494 800 499.9999999991351
3999.999999990316 800 499.9999999992787
4799.99999999326 800 499.9999999994222
5599.999999996629 800 499.9999999995657
799.9999999976973 800 416.6666666655802
1599.999999994384 800 416.6666666656935
2399.99999999223 800 416.6666666658064
3199.999999991031 800 416.6666666659193
3999.99999998983 800 416.6666666660324
4799.999999992925 800 416.6666666661454
5599.999999996462 800 416.6666666662583
799.9999999975522 800 333.3333333324575
1599.999999994075 800 333.3333333325405
2399.999999991789 800 333.3333333326236
3199.999999990567 800 333.3333333327066
3999.999999989347 800 333.3333333327896
4799.999999992588 800 333.3333333328727
5599.999999996293 800 333.3333333329557
799.9999999974066 800 249.9999999993413
1599.999999993767 800 249.9999999994021
2399.999999991346 800 249.9999999994628
3199.999999990103 800 249.9999999995237
3999.999999988861 800 249.9999999995845
4799.999999992254 800 249.9999999996452
5599.999999996126 800 249.999999999706
799.9999999972615 800 166.6666666662297
1599.999999993458 800 166.6666666662717
2399.999999990905 800 166.6666666663137
3199.99999998964 800 166.6666666663558
3999.999999988375 800 166.6666666663978
4799.999999991918 800 166.6666666664398
5599.999999995958 800 166.6666666664818
799.9999999971166 800 83.33333333311612
1599.999999993149 800 83.33333333313745
2399.999999990464 800 83.33333333315883
3199.999999989177 800 83.33333333318018
3999.999999987889 800 83.33333333320152
4799.999999991584 800 83.3333333332229
5599.999999995791 800 83.33333333324424
$EndNodes
$Elements
27 2480 1 2480
0 1 15 1
2193 1 
0 2 15 1
2194 2 
0 3 15 1
2195 3 
0 4 15 1
2196 4 
0 5 15 1
2197 5 
0 6 15 1
2198 6 
0 10 15 1
2199 7 
0 14 15 1
2200 8 
1 1 1 8
2201 1 9 
2202 9 10 
2203 10 11 
2204 11 12 
2205 12 13 
2206 13 14 
2207 14 15 
2208 15 2 
1 2 1 60
2209 2 16 
2210 16 17 
2211 17 18 
2212 18 19 
2213 19 20 
2214 20 21 
2215 21 22 
2216 22 23 
2217 23 24 
2218 24 25 
2219 25 26 
2220 26 27 
2221 27 28 
2222 28 29 
2223 29 30 
2224 30 31 
2225 31 32 
2226 32 33 
2227 33 34 
2228 34 35 
2229 35 36 
2230 36 37 
2231 37 38 
2232 38 39 
2233 39 40 
2234 40 41 
2235 41 42 
2236 42 43 
2237 43 44 
2238 44 45 
2239 45 46 
2240 46 47 
2241 47 48 
2242 48 49 
2243 49 50 
2244 50 51 
2245 51 52 
2246 52 53 
2247 53 54 
2248 54 55 
2249 55 56 
2250 56 57 
2251 57 58 
2252 58 59 
2253 59 60 
2254 60 61 
2255 61 62 
2256 62 63 
2257 63 64 
2258 64 65 
2259 65 66 
2260 66 67 
2261 67 68 
2262 68 69 
2263 69 70 
2264 70 71 
2265 71 72 
2266 72 73 
2267 73 74 
2268 74 3 
1 3 1 8
2269 3 75 
2270 75 76 
2271 76 77 
2272 77 78 
2273 78 79 
2274 79 80 
2275 80 81 
2276 81 4 
1 4 1 60
2277 4 82 
2278 82 83 
2279 83 84 
2280 84 85 
2281 85 86 
2282 86 87 
2283 87 88 
2284 88 89 
2285 89 90 
2286 90 91 
2287 91 92 
2288 92 93 
2289 93 94 
2290 94 95 
2291 95 96 
2292 96 97 
2293 97 98 
2294 98 99 
2295 99 100 
2296 100 101 
2297 101 102 
2298 102 103 
2299 103 104 
2300 104 105 
2301 105 106 
2302 106 107 
2303 107 108 
2304 108 109 
2305 109 110 
2306 110 111 
2307 111 112 
2308 112 113 
2309 113 114 
2310 114 115 
2311 115 116 
2312 116 117 
2313 117 118 
2314 118 119 
2315 119 120 
2316 120 121 
2317 121 122 
2318 122 123 
2319 123 124 
2320 124 125 
2321 125 126 
2322 126 127 
2323 127 128 
2324 128 129 
2325 129 130 
2326 130 131 
2327 131 132 
2328 132 133 
2329 133 134 
2330 134 135 
2331 135 136 
2332 136 137 
2333 137 138 
2334 138 139 
2335 139 140 
2336 140 1 
1 14 1 60
2337 5 141 
2338 141 142 
2339 142 143 
2340 143 144 
2341 144 145 
2342 145 146 
2343 146 147 
2344 147 148 
2345 148 149 
2346 149 150 
2347 150 151 
2348 151 152 
2349 152 153 
2350 153 154 
2351 154 155 
2352 155 156 
2353 156 157 
2354 157 158 
2355 158 159 
2356 159 160 
2357 160 161 
2358 161 162 
2359 162 163 
2360 163 164 
2361 164 165 
2362 165 166 
2363 166 167 
2364 167 168 
2365 168 169 
2366 169 170 
2367 170 171 
2368 171 172 
2369 172 173 
2370 173 174 
2371 174 175 
2372 175 176 
2373 176 177 
2374 177 178 
2375 178 179 
2376 179 180 
2377 180 181 
2378 181 182 
2379 182 183 
2380 183 184 
2381 184 185 
2382 185 186 
2383 186 187 
2384 187 188 
2385 188 189 
2386 189 190 
2387 190 191 
2388 191 192 
2389 192 193 
2390 193 194 
2391 194 195 
2392 195 196 
2393 196 197 
2394 197 198 
2395 198 199 
2396 199 6 
1 15 1 8
2397 6 200 
2398 200 201 
2399 201 202 
2400 202 203 
2401 203 204 
2402 204 205 
2403 205 206 
2404 206 7 
1 16 1 60
2405 7 207 
2406 207 208 
2407 208 209 
2408 209 210 
2409 210 211 
2410 211 212 
2411 212 213 
2412 213 214 
2413 214 215 
2414 215 216 
2415 216 217 
2416 217 218 
2417 218 219 
2418 219 220 
2419 220 221 
2420 221 222 
2421 222 223 
2422 223 224 
2423 224 225 
2424 225 226 
2425 226 227 
2426 227 228 
2427 228 229 
2428 229 230 
2429 230 231 
2430 231 232 
2431 232 233 
2432 233 234 
2433 234 235 
2434 235 236 
2435 236 237 
2436 237 238 
2437 238 239 
2438 239 240 
2439 240 241 
2440 241 242 
2441 242 243 
2442 243 244 
2443 244 245 
2444 245 246 
2445 246 247 
2446 247 248 
2447 248 249 
2448 249 250 
2449 250 251 
2450 251 252 
2451 252 253 
2452 253 254 
2453 254 255 
2454 255 256 
2455 256 257 
2456 257 258 
2457 258 259 
2458 259 260 
2459 260 261 
2460 261 262 
2461 262 263 
2462 263 264 
2463 264 265 
2464 265 8 
1 17 1 8
2465 8 266 
2466 266 267 
2467 267 268 
2468 268 269 
2469 269 270 
2470 270 271 
2471 271 272 
2472 272 5 
1 19 1 2
2473 4 273 
2474 273 5 
1 20 1 2
2475 1 274 
2476 274 6 
1 24 1 2
2477 2 275 
2478 275 7 
1 28 1 2
2479 3 276 
2480 276 8 
2 12 3 480
1 4 82 277 81 
2 81 277 278 80 
3 80 278 279 79 
4 79 279 280 78 
5 78 280 281 77 
6 77 281 282 76 
7 76 282 283 75 
8 75 283 74 3 
9 82 83 284 277 
10 277 284 285 278 
11 278 285 286 279 
12 279 286 287 280 
13 280 287 288 281 
14 281 288 289 282 
15 282 289 290 283 
16 283 290 73 74 
17 83 84 291 284 
18 284 291 292 285 
19 285 292 293 286 
20 286 293 294 287 
21 287 294 295 288 
22 288 295 296 289 
23 289 296 297 290 
24 290 297 72 73 
25 84 85 298 291 
26 291 298 299 292 
27 292 299 300 293 
28 293 300 301 294 
29 294 301 302 295 
30 295 302 303 296 
31 296 303 304 297 
32 297 304 71 72 
33 85 86 305 298 
34 298 305 306 299 
35 299 306 307 300 
36 300 307 308 301 
37 301 308 309 302 
38 302 309 310 303 
39 303 310 311 304 
40 304 311 70 71 
41 86 87 312 305 
42 305 312 313 306 
43 306 313 314 307 
44 307 314 315 308 
45 308 315 316 309 
46 309 316 317 310 
47 310 317 318 311 
48 311 318 69 70 
49 87 88 319 312 
50 312 319 320 313 
51 313 320 321 314 
52 314 321 322 315 
53 315 322 323 316 
54 316 323 324 317 
55 317 324 325 318 
56 318 325 68 69 
57 88 89 326 319 
58 319 326 327 320 
59 320 327 328 321 
60 321 328 329 322 
61 322 329 330 323 
62 323 330 331 324 
63 324 331 332 325 
64 325 332 67 68 
65 89 90 333 326 
66 326 333 334 327 
67 327 334 335 328 
68 328 335 336 329 
69 329 336 337 330 
70 330 337 338 331 
71 331 338 339 332 
72 332 339 66 67 
73 90 91 340 333 
74 333 340 341 334 
75 334 341 342 335 
76 335 342 343 336 
77 336 343 344 337 
78 337 344 345 338 
79 338 345 346 339 
80 339 346 65 66 
81 91 92 347 340 
82 340 347 348 341 
83 341 348 349 342 
84 342 349 350 343 
85 343 350 351 344 
86 344 351 352 345 
87 345 352 353 346 
88 346 353 64 65 
89 92 93 354 347 
90 347 354 355 348 
91 348 355 356 349 
92 349 356 357 350 
93 350 357 358 351 
94 351 358 359 352 
95 352 359 360 353 
96 353 360 63 64 
97 93 94 361 354 
98 354 361 362 355 
99 355 362 363 356 
100 356 363 364 357 
101 357 364 365 358 
102 358 365 366 359 
103 359 366 367 360 
104 360 367 62 63 
105 94 95 368 361 
106 361 368 369 362 
107 362 369 370 363 
108 363 370 371 364 
109 364 371 372 365 
110 365 372 373 366 
111 366 373 374 367 
112 367 374 61 62 
113 95 96 375 368 
114 368 375 376 369 
115 369 376 377 370 
116 370 377 378 371 
117 371 378 379 372 
118 372 379 380 373 
119 373 380 381 374 
120 374 381 60 61 
121 96 97 382 375 
122 375 382 383 376 
123 376 383 384 377 
124 377 384 385 378 
125 378 385 386 379 
126 379 386 387 380 
127 380 387 388 381 
128 381 388 59 60 
129 97 98 389 382 
130 382 389 390 383 
131 383 390 391 384 
132 384 391 392 385 
133 385 392 393 386 
134 386 393 394 387 
135 387 394 395 388 
136 388 395 58 59 
137 98 99 396 389 
138 389 396 397 390 
139 390 397 398 391 
140 391 398 399 392 
141 392 399 400 393 
142 393 400 401 394 
143 394 401 402 395 
144 395 402 57 58 
145 99 100 403 396 
146 396 403 404 397 
147 397 404 405 398 
148 398 405 406 399 
149 399 406 407 400 
150 400 407 408 401 
151 401 408 409 402 
152 402 409 56 57 
153 100 101 410 403 
154 403 410 411 404 
155 404 411 412 405 
156 405 412 413 406 
157 406 413 414 407 
158 407 414 415 408 
159 408 415 416 409 
160 409 416 55 56 
161 101 102 417 410 
162 410 417 418 411 
163 411 418 419 412 
164 412 419 420 413 
165 413 420 421 414 
166 414 421 422 415 
167 415 422 423 416 
168 416 423 54 55 
169 102 103 424 417 
170 417 424 425 418 
171 418 425 426 419 
172 419 426 427 420 
173 420 427 428 421 
174 421 428 429 422 
175 422 429 430 423 
176 423 430 53 54 
177 103 104 431 424 
178 424 431 432 425 
179 425 432 433 426 
180 426 433 434 427 
181 427 434 435 428 
182 428 435 436 429 
183 429 436 437 430 
184 430 437 52 53 
185 104 105 438 431 
186 431 438 439 432 
187 432 439 440 433 
188 433 440 441 434 
189 434 441 442 435 
190 435 442 443 436 
191 436 443 444 437 
192 437 444 51 52 
193 105 106 445 438 
194 438 445 446 439 
195 439 446 447 440 
196 440 447 448 441 
197 441 448 449 442 
198 442 449 450 443 
199 443 450 451 444 
200 444 451 50 51 
201 106 107 452 445 
202 445 452 453 446 
203 446 453 454 447 
204 447 454 455 448 
205 448 455 456 449 
206 449 456 457 450 
207 450 457 458 451 
208 451 458 49 50 
209 107 108 459 452 
210 452 459 460 453 
211 453 460 461 454 
212 454 461 462 455 
213 455 462 463 456 
214 456 463 464 457 
215 457 464 465 458 
216 458 465 48 49 
217 108 109 466 459 
218 459 466 467 460 
219 460 467 468 461 
220 461 468 469 462 
221 462 469 470 463 
222 463 470 471 464 
223 464 471 472 465 
224 465 472 47 48 
225 109 110 473 466 
226 466 473 474 467 
227 467 474 475 468 
228 468 475 476 469 
229 469 476 477 470 
230 470 477 478 471 
231 471 478 479 472 
232 472 479 46 47 
233 110 111 480 473 
234 473 480 481 474 
235 474 481 482 475 
236 475 482 483 476 
237 476 483 484 477 
238 477 484 485 478 
239 478 485 486 479 
240 479 486 45 46 
241 111 112 487 480 
242 480 487 488 481 
243 481 488 489 482 
244 482 489 490 483 
245 483 490 491 484 
246 484 491 492 485 
247 485 492 493 486 
248 486 493 44 45 
249 112 113 494 487 
250 487 494 495 488 
251 488 495 496 489 
252 489 496 497 490 
253 490 497 498 491 
254 491 498 499 492 
255 492 499 500 493 
256 493 500 43 44 
257 113 114 501 494 
258 494 501 502 495 
259 495 502 503 496 
260 496 503 504 497 
261 497 504 505 498 
262 498 505 506 499 
263 499 506 507 500 
264 500 507 42 43 
265 114 115 508 501 
266 501 508 509 502 
267 502 509 510 503 
268 503 510 511 504 
269 504 511 512 505 
270 505 512 513 506 
271 506 513 514 507 
272 507 514 41 42 
273 115 116 515 508 
274 508 515 516 509 
275 509 516 517 510 
276 510 517 518 511 
277 511 518 519 512 
278 512 519 520 513 
279 513 520 521 514 
280 514 521 40 41 
281 116 117 522 515 
282 515 522 523 516 
283 516 523 524 517 
284 517 524 525 518 
285 518 525 526 519 
286 519 526 527 520 
287 520 527 528 521 
288 521 528 39 40 
289 117 118 529 522 
290 522 529 530 523 
291 523 530 531 524 
292 524 531 532 525 
293 525 532 533 526 
294 526 533 534 527 
295 527 534 535 528 
296 528 535 38 39 
297 118 119 536 529 
298 529 536 537 530 
299 530 537 538 531 
300 531 538 539 532 
301 532 539 540 533 
302 533 540 541 534 
303 534 541 542 535 
304 535 542 37 38 
305 119 120 543 536 
306 536 543 544 537 
307 537 544 545 538 
308 538 545 546 539 
309 539 546 547 540 
310 540 547 548 541 
311 541 548 549 542 
312 542 549 36 37 
313 120 121 550 543 
314 543 550 551 544 
315 544 551 552 545 
316 545 552 553 546 
317 546 553 554 547 
318 547 554 555 548 
319 548 555 556 549 
320 549 556 35 36 
321 121 122 557 550 
322 550 557 558 551 
323 551 558 559 552 
324 552 559 560 553 
325 553 560 561 554 
326 554 561 562 555 
327 555 562 563 556 
328 556 563 34 35 
329 122 123 564 557 
330 557 564 565 558 
331 558 565 566 559 
332 559 566 567 560 
333 560 567 568 561 
334 561 568 569 562 
335 562 569 570 563 
336 563 570 33 34 
337 123 124 571 564 
338 564 571 572 565 
339 565 572 573 566 
340 566 573 574 567 
341 567 574 575 568 
342 568 575 576 569 
343 569 576 577 570 
344 570 577 32 33 
345 124 125 578 571 
346 571 578 579 572 
347 572 579 580 573 
348 573 580 581 574 
349 574 581 582 575 
350 575 582 583 576 
351 576 583 584 577 
352 577 584 31 32 
353 125 126 585 578 
354 578 585 586 579 
355 579 586 587 580 
356 580 587 588 581 
357 581 588 589 582 
358 582 589 590 583 
359 583 590 591 584 
360 584 591 30 31 
361 126 127 592 585 
362 585 592 593 586 
363 586 593 594 587 
364 587 594 595 588 
365 588 595 596 589 
366 589 596 597 590 
367 590 597 598 591 
368 591 598 29 30 
369 127 128 599 592 
370 592 599 600 593 
371 593 600 601 594 
372 594 601 602 595 
373 595 602 603 596 
374 596 603 604 597 
375 597 604 605 598 
376 598 605 28 29 
377 128 129 606 599 
378 599 606 607 600 
379 600 607 608 601 
380 601 608 609 602 
381 602 609 610 603 
382 603 610 611 604 
383 604 611 612 605 
384 605 612 27 28 
385 129 130 613 606 
386 606 613 614 607 
387 607 614 615 608 
388 608 615 616 609 
389 609 616 617 610 
390 610 617 618 611 
391 611 618 619 612 
392 612 619 26 27 
393 130 131 620 613 
394 613 620 621 614 
395 614 621 622 615 
396 615 622 623 616 
397 616 623 624 617 
398 617 624 625 618 
399 618 625 626 619 
400 619 626 25 26 
401 131 132 627 620 
402 620 627 628 621 
403 621 628 629 622 
404 622 629 630 623 
405 623 630 631 624 
406 624 631 632 625 
407 625 632 633 626 
408 626 633 24 25 
409 132 133 634 627 
410 627 634 635 628 
411 628 635 636 629 
412 629 636 637 630 
413 630 637 638 631 
414 631 638 639 632 
415 632 639 640 633 
416 633 640 23 24 
417 133 134 641 634 
418 634 641 642 635 
419 635 642 643 636 
420 636 643 644 637 
421 637 644 645 638 
422 638 645 646 639 
423 639 646 647 640 
424 640 647 22 23 
425 134 135 648 641 
426 641 648 649 642 
427 642 649 650 643 
428 643 650 651 644 
429 644 651 652 645 
430 645 652 653 646 
431 646 653 654 647 
432 647 654 21 22 
433 135 136 655 648 
434 648 655 656 649 
435 649 656 657 650 
436 650 657 658 651 
437 651 658 659 652 
438 652 659 660 653 
439 653 660 661 654 
440 654 661 20 21 
441 136 137 662 655 
442 655 662 663 656 
443 656 663 664 657 
444 657 664 665 658 
445 658 665 666 659 
446 659 666 667 660 
447 660 667 668 661 
448 661 668 19 20 
449 137 138 669 662 
450 662 669 670 663 
451 663 670 671 664 
452 664 671 672 665 
453 665 672 673 666 
454 666 673 674 667 
455 667 674 675 668 
456 668 675 18 19 
457 138 139 676 669 
458 669 676 677 670 
459 670 677 678 671 
460 671 678 679 672 
461 672 679 680 673 
462 673 680 681 674 
463 674 681 682 675 
464 675 682 17 18 
465 139 140 683 676 
466 676 683 684 677 
467 677 684 685 678 
468 678 685 686 679 
469 679 686 687 680 
470 680 687 688 681 
471 681 688 689 682 
472 682 689 16 17 
473 140 1 9 683 
474 683 9 10 684 
475 684 10 11 685 
476 685 11 12 686 
477 686 12 13 687 
478 687 13 14 688 
479 688 14 15 689 
480 689 15 2 16 
2 21 3 120
481 4 82 690 273 
482 273 690 141 5 
483 82 83 691 690 
484 690 691 142 141 
485 83 84 692 691 
486 691 692 143 142 
487 84 85 693 692 
488 692 693 144 143 
489 85 86 694 693 
490 693 694 145 144 
491 86 87 695 694 
492 694 695 146 145 
493 87 88 696 695 
494 695 696 147 146 
495 88 89 697 696 
496 696 697 148 147 
497 89 90 698 697 
498 697 698 149 148 
499 90 91 699 698 
500 698 699 150 149 
501 91 92 700 699 
502 699 700 151 150 
503 92 93 701 700 
504 700 701 152 151 
505 93 94 702 701 
506 701 702 153 152 
507 94 95 703 702 
508 702 703 154 153 
509 95 96 704 703 
510 703 704 155 154 
511 96 97 705 704 
512 704 705 156 155 
513 97 98 706 705 
514 705 706 157 156 
515 98 99 707 706 
516 706 707 158 157 
517 99 100 708 707 
518 707 708 159 158 
519 100 101 709 708 
520 708 709 160 159 
521 101 102 710 709 
522 709 710 161 160 
523 102 103 711 710 
524 710 711 162 161 
525 103 104 712 711 
526 711 712 163 162 
527 104 105 713 712 
528 712 713 164 163 
529 105 106 714 713 
530 713 714 165 164 
531 106 107 715 714 
532 714 715 166 165 
533 107 108 716 715 
534 715 716 167 166 
535 108 109 717 716 
536 716 717 168 167 
537 109 110 718 717 
538 717 718 169 168 
539 110 111 719 718 
540 718 719 170 169 
541 111 112 720 719 
542 719 720 171 170 
543 112 113 721 720 
544 720 721 172 171 
545 113 114 722 721 
546 721 722 173 172 
547 114 115 723 722 
548 722 723 174 173 
549 115 116 724 723 
550 723 724 175 174 
551 116 117 725 724 
552 724 725 176 175 
553 117 118 726 725 
554 725 726 177 176 
555 118 119 727 726 
556 726 727 178 177 
557 119 120 728 727 
558 727 728 179 178 
559 120 121 729 728 
560 728 729 180 179 
561 121 122 730 729 
562 729 730 181 180 
563 122 123 731 730 
564 730 731 182 181 
565 123 124 732 731 
566 731 732 183 182 
567 124 125 733 732 
568 732 733 184 183 
569 125 126 734 733 
570 733 734 185 184 
571 126 127 735 734 
572 734 735 186 185 
573 127 128 736 735 
574 735 736 187 186 
575 128 129 737 736 
576 736 737 188 187 
577 129 130 738 737 
578 737 738 189 188 
579 130 131 739 738 
580 738 739 190 189 
581 131 132 740 739 
582 739 740 191 190 
583 132 133 741 740 
584 740 741 192 191 
585 133 134 742 741 
586 741 742 193 192 
587 134 135 743 742 
588 742 743 194 193 
589 135 136 744 743 
590 743 744 195 194 
591 136 137 745 744 
592 744 745 196 195 
593 137 138 746 745 
594 745 746 197 196 
595 138 139 747 746 
596 746 747 198 197 
597 139 140 748 747 
598 747 748 199 198 
599 140 1 274 748 
600 748 274 6 199 
2 25 3 16
601 1 9 749 274 
602 274 749 200 6 
603 9 10 750 749 
604 749 750 201 200 
605 10 11 751 750 
606 750 751 202 201 
607 11 12 752 751 
608 751 752 203 202 
609 12 13 753 752 
610 752 753 204 203 
611 13 14 754 753 
612 753 754 205 204 
613 14 15 755 754 
614 754 755 206 205 
615 15 2 275 755 
616 755 275 7 206 
2 29 3 120
617 2 16 756 275 
618 275 756 207 7 
619 16 17 757 756 
620 756 757 208 207 
621 17 18 758 757 
622 757 758 209 208 
623 18 19 759 758 
624 758 759 210 209 
625 19 20 760 759 
626 759 760 211 210 
627 20 21 761 760 
628 760 761 212 211 
629 21 22 762 761 
630 761 762 213 212 
631 22 23 763 762 
632 762 763 214 213 
633 23 24 764 763 
634 763 764 215 214 
635 24 25 765 764 
636 764 765 216 215 
637 25 26 766 765 
638 765 766 217 216 
639 26 27 767 766 
640 766 767 218 217 
641 27 28 768 767 
642 767 768 219 218 
643 28 29 769 768 
644 768 769 220 219 
645 29 30 770 769 
646 769 770 221 220 
647 30 31 771 770 
648 770 771 222 221 
649 31 32 772 771 
650 771 772 223 222 
651 32 33 773 772 
652 772 773 224 223 
653 33 34 774 773 
654 773 774 225 224 
655 34 35 775 774 
656 774 775 226 225 
657 35 36 776 775 
658 775 776 227 226 
659 36 37 777 776 
660 776 777 228 227 
661 37 38 778 777 
662 777 778 229 228 
663 38 39 779 778 
664 778 779 230 229 
665 39 40 780 779 
666 779 780 231 230 
667 40 41 781 780 
668 780 781 232 231 
669 41 42 782 781 
670 781 782 233 232 
671 42 43 783 782 
672 782 783 234 233 
673 43 44 784 783 
674 783 784 235 234 
675 44 45 785 784 
676 784 785 236 235 
677 45 46 786 785 
678 785 786 237 236 
679 46 47 787 786 
680 786 787 238 237 
681 47 48 788 787 
682 787 788 239 238 
683 48 49 789 788 
684 788 789 240 239 
685 49 50 790 789 
686 789 790 241 240 
687 50 51 791 790 
688 790 791 242 241 
689 51 52 792 791 
690 791 792 243 242 
691 52 53 793 792 
692 792 793 244 243 
693 53 54 794 793 
694 793 794 245 244 
695 54 55 795 794 
696 794 795 246 245 
697 55 56 796 795 
698 795 796 247 246 
699 56 57 797 796 
700 796 797 248 247 
701 57 58 798 797 
702 797 798 249 248 
703 58 59 799 798 
704 798 799 250 249 
705 59 60 800 799 
706 799 800 251 250 
707 60 61 801 800 
708 800 801 252 251 
709 61 62 802 801 
710 801 802 253 252 
711 62 63 803 802 
712 802 803 254 253 
713 63 64 804 803 
714 803 804 255 254 
715 64 65 805 804 
716 804 805 256 255 
717 65 66 806 805 
718 805 806 257 256 
719 66 67 807 806 
720 806 807 258 257 
721 67 68 808 807 
722 807 808 259 258 
723 68 69 809 808 
724 808 809 260 259 
725 69 70 810 809 
726 809 810 261 260 
727 70 71 811 810 
728 810 811 262 261 
729 71 72 812 811 
730 811 812 263 262 
731 72 73 813 812 
732 812 813 264 263 
733 73 74 814 813 
734 813 814 265 264 
735 74 3 276 814 
736 814 276 8 265 
2 33 3 16
737 3 75 815 276 
738 276 815 266 8 
739 75 76 816 815 
740 815 816 267 266 
741 76 77 817 816 
742 816 817 268 267 
743 77 78 818 817 
744 817 818 269 268 
745 78 79 819 818 
746 818 819 270 269 
747 79 80 820 819 
748 819 820 271 270 
749 80 81 821 820 
750 820 821 272 271 
751 81 4 273 821 
752 821 273 5 272 
2 34 3 480
753 5 141 822 272 
754 272 822 823 271 
755 271 823 824 270 
756 270 824 825 269 
757 269 825 826 268 
758 268 826 827 267 
759 267 827 828 266 
760 266 828 265 8 
761 141 142 829 822 
762 822 829 830 823 
763 823 830 831 824 
764 824 831 832 825 
765 825 832 833 826 
766 826 833 834 827 
767 827 834 835 828 
768 828 835 264 265 
769 142 143 836 829 
770 829 836 837 830 
771 830 837 838 831 
772 831 838 839 832 
773 832 839 840 833 
774 833 840 841 834 
775 834 841 842 835 
776 835 842 263 264 
777 143 144 843 836 
778 836 843 844 837 
779 837 844 845 838 
780 838 845 846 839 
781 839 846 847 840 
782 840 847 848 841 
783 841 848 849 842 
784 842 849 262 263 
785 144 145 850 843 
786 843 850 851 844 
787 844 851 852 845 
788 845 852 853 846 
789 846 853 854 847 
790 847 854 855 848 
791 848 855 856 849 
792 849 856 261 262 
793 145 146 857 850 
794 850 857 858 851 
795 851 858 859 852 
796 852 859 860 853 
797 853 860 861 854 
798 854 861 862 855 
799 855 862 863 856 
800 856 863 260 261 
801 146 147 864 857 
802 857 864 865 858 
803 858 865 866 859 
804 859 866 867 860 
805 860 867 868 861 
806 861 868 869 862 
807 862 869 870 863 
808 863 870 259 260 
809 147 148 871 864 
810 864 871 872 865 
811 865 872 873 866 
812 866 873 874 867 
813 867 874 875 868 
814 868 875 876 869 
815 869 876 877 870 
816 870 877 258 259 
817 148 149 878 871 
818 871 878 879 872 
819 872 879 880 873 
820 873 880 881 874 
821 874 881 882 875 
822 875 882 883 876 
823 876 883 884 877 
824 877 884 257 258 
825 149 150 885 878 
826 878 885 886 879 
827 879 886 887 880 
828 880 887 888 881 
829 881 888 889 882 
830 882 889 890 883 
831 883 890 891 884 
832 884 891 256 257 
833 150 151 892 885 
834 885 892 893 886 
835 886 893 894 887 
836 887 894 895 888 
837 888 895 896 889 
838 889 896 897 890 
839 890 897 898 891 
840 891 898 255 256 
841 151 152 899 892 
842 892 899 900 893 
843 893 900 901 894 
844 894 901 902 895 
845 895 902 903 896 
846 896 903 904 897 
847 897 904 905 898 
848 898 905 254 255 
849 152 153 906 899 
850 899 906 907 900 
851 900 907 908 901 
852 901 908 909 902 
853 902 909 910 903 
854 903 910 911 904 
855 904 911 912 905 
856 905 912 253 254 
857 153 154 913 906 
858 906 913 914 907 
859 907 914 915 908 
860 908 915 916 909 
861 909 916 917 910 
862 910 917 918 911 
863 911 918 919 912 
864 912 919 252 253 
865 154 155 920 913 
866 913 920 921 914 
867 914 921 922 915 
868 915 922 923 916 
869 916 923 924 917 
870 917 924 925 918 
871 918 925 926 919 
872 919 926 251 252 
873 155 156 927 920 
874 920 927 928 921 
875 921 928 929 922 
876 922 929 930 923 
877 923 930 931 924 
878 924 931 932 925 
879 925 932 933 926 
880 926 933 250 251 
881 156 157 934 927 
882 927 934 935 928 
883 928 935 936 929 
884 929 936 937 930 
885 930 937 938 931 
886 931 938 939 932 
887 932 939 940 933 
888 933 940 249 250 
889 157 158 941 934 
890 934 941 942 935 
891 935 942 943 936 
892 936 943 944 937 
893 937 944 945 938 
894 938 945 946 939 
895 939 946 947 940 
896 940 947 248 249 
897 158 159 948 941 
898 941 948 949 942 
899 942 949 950 943 
900 943 950 951 944 
901 944 951 952 945 
902 945 952 953 946 
903 946 953 954 947 
904 947 954 247 248 
905 159 160 955 948 
906 948 955 956 949 
907 949 956 957 950 
908 950 957 958 951 
909 951 958 959 952 
910 952 959 960 953 
911 953 960 961 954 
912 954 961 246 247 
913 160 161 962 955 
914 955 962 963 956 
915 956 963 964 957 
916 957 964 965 958 
917 958 965 966 959 
918 959 966 967 960 
919 960 967 968 961 
920 961 968 245 246 
921 161 162 969 962 
922 962 969 970 963 
923 963 970 971 964 
924 964 971 972 965 
925 965 972 973 966 
926 966 973 974 967 
927 967 974 975 968 
928 968 975 244 245 
929 162 163 976 969 
930 969 976 977 970 
931 970 977 978 971 
932 971 978 979 972 
933 972 979 980 973 
934 973 980 981 974 
935 974 981 982 975 
936 975 982 243 244 
937 163 164 983 976 
938 976 983 984 977 
939 977 984 985 978 
940 978 985 986 979 
941 979 986 987 980 
942 980 987 988 981 
943 981 988 989 982 
944 982 989 242 243 
945 164 165 990 983 
946 983 990 991 984 
947 984 991 992 985 
948 985 992 993 986 
949 986 993 994 987 
950 987 994 995 988 
951 988 995 996 989 
952 989 996 241 242 
953 165 166 997 990 
954 990 997 998 991 
955 991 998 999 992 
956 992 999 1000 993 
957 993 1000 1001 994 
958 994 1001 1002 995 
959 995 1002 1003 996 
960 996 1003 240 241 
961 166 167 1004 997 
962 997 1004 1005 998 
963 998 1005 1006 999 
964 999 1006 1007 1000 
965 1000 1007 1008 1001 
966 1001 1008 1009 1002 
967 1002 1009 1010 1003 
968 1003 1010 239 240 
969 167 168 1011 1004 
970 1004 1011 1012 1005 
971 1005 1012 1013 1006 
972 1006 1013 1014 1007 
973 1007 1014 1015 1008 
974 1008 1015 1016 1009 
975 1009 1016 1017 1010 
976 1010 1017 238 239 
977 168 169 1018 1011 
978 1011 1018 1019 1012 
979 1012 1019 1020 1013 
980 1013 1020 1021 1014 
981 1014 1021 1022 1015 
982 1015 1022 1023 1016 
983 1016 1023 1024 1017 
984 1017 1024 237 238 
985 169 170 1025 1018 
986 1018 1025 1026 1019 
987 1019 1026 1027 1020 
988 1020 1027 1028 1021 
989 1021 1028 1029 1022 
990 1022 1029 1030 1023 
991 1023 1030 1031 1024 
992 1024 1031 236 237 
993 170 171 1032 1025 
994 1025 1032 1033 1026 
995 1026 1033 1034 1027 
996 1027 1034 1035 1028 
997 1028 1035 1036 1029 
998 1029 1036 1037 1030 
999 1030 1037 1038 1031 
1000 1031 1038 235 236 
1001 171 172 1039 1032 
1002 1032 1039 1040 1033 
1003 1033 1040 1041 1034 
1004 1034 1041 1042 1035 
1005 1035 1042 1043 1036 
1006 1036 1043 1044 1037 
1007 1037 1044 1045 1038 
1008 1038 1045 234 235 
1009 172 173 1046 1039 
1010 1039 1046 1047 1040 
1011 1040 1047 1048 1041 
1012 1041 1048 1049 1042 
1013 1042 1049 1050 1043 
1014 1043 1050 1051 1044 
1015 1044 1051 1052 1045 
1016 1045 1052 233 234 
1017 173 174 1053 1046 
1018 1046 1053 1054 1047 
1019 1047 1054 1055 1048 
1020 1048 1055 1056 1049 
1021 1049 1056 1057 1050 
1022 1050 1057 1058 1051 
1023 1051 1058 1059 1052 
1024 1052 1059 232 233 
1025 174 175 1060 1053 
1026 1053 1060 1061 1054 
1027 1054 1061 1062 1055 
1028 1055 1062 1063 1056 
1029 1056 1063 1064 1057 
1030 1057 1064 1065 1058 
1031 1058 1065 1066 1059 
1032 1059 1066 231 232 
1033 175 176 1067 1060 
1034 1060 1067 1068 1061 
1035 1061 1068 1069 1062 
1036 1062 1069 1070 1063 
1037 1063 1070 1071 1064 
1038 1064 1071 1072 1065 
1039 1065 1072 1073 1066 
1040 1066 1073 230 231 
1041 176 177 1074 1067 
1042 1067 1074 1075 1068 
1043 1068 1075 1076 1069 
1044 1069 1076 1077 1070 
1045 1070 1077 1078 1071 
1046 1071 1078 1079 1072 
1047 1072 1079 1080 1073 
1048 1073 1080 229 230 
1049 177 178 1081 1074 
1050 1074 1081 1082 1075 
1051 1075 1082 1083 1076 
1052 1076 1083 1084 1077 
1053 1077 1084 1085 1078 
1054 1078 1085 1086 1079 
1055 1079 1086 1087 1080 
1056 1080 1087 228 229 
1057 178 179 1088 1081 
1058 1081 1088 1089 1082 
1059 1082 1089 1090 1083 
1060 1083 1090 1091 1084 
1061 1084 1091 1092 1085 
1062 1085 1092 1093 1086 
1063 1086 1093 1094 1087 
1064 1087 1094 227 228 
1065 179 180 1095 1088 
1066 1088 1095 1096 1089 
1067 1089 1096 1097 1090 
1068 1090 1097 1098 1091 
1069 1091 1098 1099 1092 
1070 1092 1099 1100 1093 
1071 1093 1100 1101 1094 
1072 1094 1101 226 227 
1073 180 181 1102 1095 
1074 1095 1102 1103 1096 
1075 1096 1103 1104 1097 
1076 1097 1104 1105 1098 
1077 1098 1105 1106 1099 
1078 1099 1106 1107 1100 
1079 1100 1107 1108 1101 
1080 1101 1108 225 226 
1081 181 182 1109 1102 
1082 1102 1109 1110 1103 
1083 1103 1110 1111 1104 
1084 1104 1111 1112 1105 
1085 1105 1112 1113 1106 
1086 1106 1113 1114 1107 
1087 1107 1114 1115 1108 
1088 1108 1115 224 225 
1089 182 183 1116 1109 
1090 1109 1116 1117 1110 
1091 1110 1117 1118 1111 
1092 1111 1118 1119 1112 
1093 1112 1119 1120 1113 
1094 1113 1120 1121 1114 
1095 1114 1121 1122 1115 
1096 1115 1122 223 224 
1097 183 184 1123 1116 
1098 1116 1123 1124 1117 
1099 1117 1124 1125 1118 
1100 1118 1125 1126 1119 
1101 1119 1126 1127 1120 
1102 1120 1127 1128 1121 
1103 1121 1128 1129 1122 
1104 1122 1129 222 223 
1105 184 185 1130 1123 
1106 1123 1130 1131 1124 
1107 1124 1131 1132 1125 
1108 1125 1132 1133 1126 
1109 1126 1133 1134 1127 
1110 1127 1134 1135 1128 
1111 1128 1135 1136 1129 
1112 1129 1136 221 222 
1113 185 186 1137 1130 
1114 1130 1137 1138 1131 
1115 1131 1138 1139 1132 
1116 1132 1139 1140 1133 
1117 1133 1140 1141 1134 
1118 1134 1141 1142 1135 
1119 1135 1142 1143 1136 
1120 1136 1143 220 221 
1121 186 187 1144 1137 
1122 1137 1144 1145 1138 
1123 1138 1145 1146 1139 
1124 1139 1146 1147 1140 
1125 1140 1147 1148 1141 
1126 1141 1148 1149 1142 
1127 1142 1149 1150 1143 
1128 1143 1150 219 220 
1129 187 188 1151 1144 
1130 1144 1151 1152 1145 
1131 1145 1152 1153 1146 
1132 1146 1153 1154 1147 
1133 1147 1154 1155 1148 
1134 1148 1155 1156 1149 
1135 1149 1156 1157 1150 
1136 1150 1157 218 219 
1137 188 189 1158 1151 
1138 1151 1158 1159 1152 
1139 1152 1159 1160 1153 
1140 1153 1160 1161 1154 
1141 1154 1161 1162 1155 
1142 1155 1162 1163 1156 
1143 1156 1163 1164 1157 
1144 1157 1164 217 218 
1145 189 190 1165 1158 
1146 1158 1165 1166 1159 
1147 1159 1166 1167 1160 
1148 1160 1167 1168 1161 
1149 1161 1168 1169 1162 
1150 1162 1169 1170 1163 
1151 1163 1170 1171 1164 
1152 1164 1171 216 217 
1153 190 191 1172 1165 
1154 1165 1172 1173 1166 
1155 1166 1173 1174 1167 
1156 1167 1174 1175 1168 
1157 1168 1175 1176 1169 
1158 1169 1176 1177 1170 
1159 1170 1177 1178 1171 
1160 1171 1178 215 216 
1161 191 192 1179 1172 
1162 1172 1179 1180 1173 
1163 1173 1180 1181 1174 
1164 1174 1181 1182 1175 
1165 1175 1182 1183 1176 
1166 1176 1183 1184 1177 
1167 1177 1184 1185 1178 
1168 1178 1185 214 215 
1169 192 193 1186 1179 
1170 1179 1186 1187 1180 
1171 1180 1187 1188 1181 
1172 1181 1188 1189 1182 
1173 1182 1189 1190 1183 
1174 1183 1190 1191 1184 
1175 1184 1191 1192 1185 
1176 1185 1192 213 214 
1177 193 194 1193 1186 
1178 1186 1193 1194 1187 
1179 1187 1194 1195 1188 
1180 1188 1195 1196 1189 
1181 1189 1196 1197 1190 
1182 1190 1197 1198 1191 
1183 1191 1198 1199 1192 
1184 1192 1199 212 213 
1185 194 195 1200 1193 
1186 1193 1200 1201 1194 
1187 1194 1201 1202 1195 
1188 1195 1202 1203 1196 
1189 1196 1203 1204 1197 
1190 1197 1204 1205 1198 
1191 1198 1205 1206 1199 
1192 1199 1206 211 212 
1193 195 196 1207 1200 
1194 1200 1207 1208 1201 
1195 1201 1208 1209 1202 
1196 1202 1209 1210 1203 
1197 1203 1210 1211 1204 
1198 1204 1211 1212 1205 
1199 1205 1212 1213 1206 
1200 1206 1213 210 211 
1201 196 197 1214 1207 
1202 1207 1214 1215 1208 
1203 1208 1215 1216 1209 
1204 1209 1216 1217 1210 
1205 1210 1217 1218 1211 
1206 1211 1218 1219 1212 
1207 1212 1219 1220 1213 
1208 1213 1220 209 210 
1209 197 198 1221 1214 
1210 1214 1221 1222 1215 
1211 1215 1222 1223 1216 
1212 1216 1223 1224 1217 
1213 1217 1224 1225 1218 
1214 1218 1225 1226 1219 
1215 1219 1226 1227 1220 
1216 1220 1227 208 209 
1217 198 199 1228 1221 
1218 1221 1228 1229 1222 
1219 1222 1229 1230 1223 
1220 1223 1230 1231 1224 
1221 1224 1231 1232 1225 
1222 1225 1232 1233 1226 
1223 1226 1233 1234 1227 
1224 1227 1234 207 208 
1225 199 6 200 1228 
1226 1228 200 201 1229 
1227 1229 201 202 1230 
1228 1230 202 203 1231 
1229 1231 203 204 1232 
1230 1232 204 205 1233 
1231 1233 205 206 1234 
1232 1234 206 7 207 
3 1 5 960
1233 277 82 4 81 1235 690 273 821 
1234 1235 690 273 821 822 141 5 272 
1235 278 277 81 80 1236 1235 821 820 
1236 1236 1235 821 820 823 822 272 271 
1237 279 278 80 79 1237 1236 820 819 
1238 1237 1236 820 819 824 823 271 270 
1239 280 279 79 78 1238 1237 819 818 
1240 1238 1237 819 818 825 824 270 269 
1241 281 280 78 77 1239 1238 818 817 
1242 1239 1238 818 817 826 825 269 268 
1243 282 281 77 76 1240 1239 817 816 
1244 1240 1239 817 816 827 826 268 267 
1245 283 282 76 75 1241 1240 816 815 
1246 1241 1240 816 815 828 827 267 266 
1247 74 283 75 3 814 1241 815 276 
1248 814 1241 815 276 265 828 266 8 
1249 284 83 82 277 1242 691 690 1235 
1250 1242 691 690 1235 829 142 141 822 
1251 285 284 277 278 1243 1242 1235 1236 
1252 1243 1242 1235 1236 830 829 822 823 
1253 286 285 278 279 1244 1243 1236 1237 
1254 1244 1243 1236 1237 831 830 823 824 
1255 287 286 279 280 1245 1244 1237 1238 
1256 1245 1244 1237 1238 832 831 824 825 
1257 288 287 280 281 1246 1245 1238 1239 
1258 1246 1245 1238 1239 833 832 825 826 
1259 289 288 281 282 1247 1246 1239 1240 
1260 1247 1246 1239 1240 834 833 826 827 
1261 290 289 282 283 1248 1247 1240 1241 
1262 1248 1247 1240 1241 835 834 827 828 
1263 73 290 283 74 813 1248 1241 814 
1264 813 1248 1241 814 264 835 828 265 
1265 291 84 83 284 1249 692 691 1242 
1266 1249 692 691 1242 836 143 142 829 
1267 292 291 284 285 1250 1249 1242 1243 
1268 1250 1249 1242 1243 837 836 829 830 
1269 293 292 285 286 1251 1250 1243 1244 
1270 1251 1250 1243 1244 838 837 830 831 
1271 294 293 286 287 1252 1251 1244 1245 
1272 1252 1251 1244 1245 839 838 831 832 
1273 295 294 287 288 1253 1252 1245 1246 
1274 1253 1252 1245 1246 840 839 832 833 
1275 296 295 288 289 1254 1253 1246 1247 
1276 1254 1253 1246 1247 841 840 833 834 
1277 297 296 289 290 1255 1254 1247 1248 
1278 1255 1254 1247 1248 842 841 834 835 
1279 72 297 290 73 812 1255 1248 813 
1280 812 1255 1248 813 263 842 835 264 
1281 298 85 84 291 1256 693 692 1249 
1282 1256 693 692 1249 843 144 143 836 
1283 299 298 291 292 1257 1256 1249 1250 
1284 1257 1256 1249 1250 844 843 836 837 
1285 300 299 292 293 1258 1257 1250 1251 
1286 1258 1257 1250 1251 845 844 837 838 
1287 301 300 293 294 1259 1258 1251 1252 
1288 1259 1258 1251 1252 846 845 838 839 
1289 302 301 294 295 1260 1259 1252 1253 
1290 1260 1259 1252 1253 847 846 839 840 
1291 303 302 295 296 1261 1260 1253 1254 
1292 1261 1260 1253 1254 848 847 840 841 
1293 304 303 296 297 1262 1261 1254 1255 
1294 1262 1261 1254 1255 849 848 841 842 
1295 71 304 297 72 811 1262 1255 812 
1296 811 1262 1255 812 262 849 842 263 
1297 305 86 85 298 1263 694 693 1256 
1298 1263 694 693 1256 850 145 144 843 
1299 306 305 298 299 1264 1263 1256 1257 
1300 1264 1263 1256 1257 851 850 843 844 
1301 307 306 299 300 1265 1264 1257 1258 
1302 1265 1264 1257 1258 852 851 844 845 
1303 308 307 300 301 1266 1265 1258 1259 
1304 1266 1265 1258 1259 853 852 845 846 
1305 309 308 301 302 1267 1266 1259 1260 
1306 1267 1266 1259 1260 854 853 846 847 
1307 310 309 302 303 1268 1267 1260 1261 
1308 1268 1267 1260 1261 855 854 847 848 
1309 311 310 303 304 1269 1268 1261 1262 
1310 1269 1268 1261 1262 856 855 848 849 
1311 70 311 304 71 810 1269 1262 811 
1312 810 1269 1262 811 261 856 849 262 
1313 312 87 86 305 1270 695 694 1263 
1314 1270 695 694 1263 857 146 145 850 
1315 313 312 305 306 1271 1270 1263 1264 
1316 1271 1270 1263 1264 858 857 850 851 
1317 314 313 306 307 1272 1271 1264 1265 
1318 1272 1271 1264 1265 859 858 851 852 
1319 315 314 307 308 1273 1272 1265 1266 
1320 1273 1272 1265 1266 860 859 852 853 
1321 316 315 308 309 1274 1273 1266 1267 
1322 1274 1273 1266 1267 861 860 853 854 
1323 317 316 309 310 1275 1274 1267 1268 
1324 1275 1274 1267 1268 862 861 854 855 
1325 318 317 310 311 1276 1275 1268 1269 
1326 1276 1275 1268 1269 863 862 855 856 
1327 69 318 311 70 809 1276 1269 810 
1328 809 1276 1269 810 260 863 856 261 
1329 319 88 87 312 1277 696 695 1270 
1330 1277 696 695 1270 864 147 146 857 
1331 320 319 312 313 1278 1277 1270 1271 
1332 1278 1277 1270 1271 865 864 857 858 
1333 321 320 313 314 1279 1278 1271 1272 
1334 1279 1278 1271 1272 866 865 858 859 
1335 322 321 314 315 1280 1279 1272 1273 
1336 1280 1279 1272 1273 867 866 859 860 
1337 323 322 315 316 1281 1280 1273 1274 
1338 1281 1280 1273 1274 868 867 860 861 
1339 324 323 316 317 1282 1281 1274 1275 
1340 1282 1281 1274 1275 869 868 861 862 
1341 325 324 317 318 1283 1282 1275 1276 
1342 1283 1282 1275 1276 870 869 862 863 
1343 68 325 318 69 808 1283 1276 809 
1344 808 1283 1276 809 259 870 863 260 
1345 326 89 88 319 1284 697 696 1277 
1346 1284 697 696 1277 871 148 147 864 
1347 327 326 319 320 1285 1284 1277 1278 
1348 1285 1284 1277 1278 872 871 864 865 
1349 328 327 320 321 1286 1285 1278 1279 
1350 1286 1285 1278 1279 873 872 865 866 
1351 329 328 321 322 1287 1286 1279 1280 
1352 1287 1286 1279 1280 874 873 866 867 
1353 330 329 322 323 1288 1287 1280 1281 
1354 1288 1287 1280 1281 875 874 867 868 
1355 331 330 323 324 1289 1288 1281 1282 
1356 1289 1288 1281 1282 876 875 868 869 
1357 332 331 324 325 1290 1289 1282 1283 
1358 1290 1289 1282 1283 877 876 869 870 
1359 67 332 325 68 807 1290 1283 808 
1360 807 1290 1283 808 258 877 870 259 
1361 333 90 89 326 1291 698 697 1284 
1362 1291 698 697 1284 878 149 148 871 
1363 334 333 326 327 1292 1291 1284 1285 
1364 1292 1291 1284 1285 879 878 871 872 
1365 335 334 327 328 1293 1292 1285 1286 
1366 1293 1292 1285 1286 880 879 872 873 
1367 336 335 328 329 1294 1293 1286 1287 
1368 1294 1293 1286 1287 881 880 873 874 
1369 337 336 329 330 1295 1294 1287 1288 
1370 1295 1294 1287 1288 882 881 874 875 
1371 338 337 330 331 1296 1295 1288 1289 
1372 1296 1295 1288 1289 883 882 875 876 
1373 339 338 331 332 1297 1296 1289 1290 
1374 1297 1296 1289 1290 884 883 876 877 
1375 66 339 332 67 806 1297 1290 807 
1376 806 1297 1290 807 257 884 877 258 
1377 340 91 90 333 1298 699 698 1291 
1378 1298 699 698 1291 885 150 149 878 
1379 341 340 333 334 1299 1298 1291 1292 
1380 1299 1298 1291 1292 886 885 878 879 
1381 342 341 334 335 1300 1299 1292 1293 
1382 1300 1299 1292 1293 887 886 879 880 
1383 343 342 335 336 1301 1300 1293 1294 
1384 1301 1300 1293 1294 888 887 880 881 
1385 344 343 336 337 1302 1301 1294 1295 
1386 1302 1301 1294 1295 889 888 881 882 
1387 345 344 337 338 1303 1302 1295 1296 
1388 1303 1302 1295 1296 890 889 882 883 
1389 346 345 338 339 1304 1303 1296 1297 
1390 1304 1303 1296 1297 891 890 883 884 
1391 65 346 339 66 805 1304 1297 806 
1392 805 1304 1297 806 256 891 884 257 
1393 347 92 91 340 1305 700 699 1298 
1394 1305 700 699 1298 892 151 150 885 
1395 348 347 340 341 1306 1305 1298 1299 
1396 1306 1305 1298 1299 893 892 885 886 
1397 349 348 341 342 1307 1306 1299 1300 
1398 1307 1306 1299 1300 894 893 886 887 
1399 350 349 342 343 1308 1307 1300 1301 
1400 1308 1307 1300 1301 895 894 887 888 
1401 351 350 343 344 1309 1308 1301 1302 
1402 1309 1308 1301 1302 896 895 888 889 
1403 352 351 344 345 1310 1309 1302 1303 
1404 1310 1309 1302 1303 897 896 889 890 
1405 353 352 345 346 1311 1310 1303 1304 
1406 1311 1310 1303 1304 898 897 890 891 
1407 64 353 346 65 804 1311 1304 805 
1408 804 1311 1304 805 255 898 891 256 
1409 354 93 92 347 1312 701 700 1305 
1410 1312 701 700 1305 899 152 151 892 
1411 355 354 347 348 1313 1312 1305 1306 
1412 1313 1312 1305 1306 900 899 892 893 
1413 356 355 348 349 1314 1313 1306 1307 
1414 1314 1313 1306 1307 901 900 893 894 
1415 357 356 349 350 1315 1314 1307 1308 
1416 1315 1314 1307 1308 902 901 894 895 
1417 358 357 350 351 1316 1315 1308 1309 
1418 1316 1315 1308 1309 903 902 895 896 
1419 359 358 351 352 1317 1316 1309 1310 
1420 1317 1316 1309 1310 904 903 896 897 
1421 360 359 352 353 1318 1317 1310 1311 
1422 1318 1317 1310 1311 905 904 897 898 
1423 63 360 353 64 803 1318 1311 804 
1424 803 1318 1311 804 254 905 898 255 
1425 361 94 93 354 1319 702 701 1312 
1426 1319 702 701 1312 906 153 152 899 
1427 362 361 354 355 1320 1319 1312 1313 
1428 1320 1319 1312 1313 907 906 899 900 
1429 363 362 355 356 1321 1320 1313 1314 
1430 1321 1320 1313 1314 908 907 900 901 
1431 364 363 356 357 1322 1321 1314 1315 
1432 1322 1321 1314 1315 909 908 901 902 
1433 365 364 357 358 1323 1322 1315 1316 
1434 1323 1322 1315 1316 910 909 902 903 
1435 366 365 358 359 1324 1323 1316 1317 
1436 1324 1323 1316 1317 911 910 903 904 
1437 367 366 359 360 1325 1324 1317 1318 
1438 1325 1324 1317 1318 912 911 904 905 
1439 62 367 360 63 802 1325 1318 803 
1440 802 1325 1318 803 253 912 905 254 
1441 368 95 94 361 1326 703 702 1319 
1442 1326 703 702 1319 913 154 153 906 
1443 369 368 361 362 1327 1326 1319 1320 
1444 1327 1326 1319 1320 914 913 906 907 
1445 370 369 362 363 1328 1327 1320 1321 
1446 1328 1327 1320 1321 915 914 907 908 
1447 371 370 363 364 1329 1328 1321 1322 
1448 1329 1328 1321 1322 916 915 908 909 
1449 372 371 364 365 1330 1329 1322 1323 
1450 1330 1329 1322 1323 917 916 909 910 
1451 373 372 365 366 1331 1330 1323 1324 
1452 1331 1330 1323 1324 918 917 910 911 
1453 374 373 366 367 1332 1331 1324 1325 
1454 1332 1331 1324 1325 919 918 911 912 
1455 61 374 367 62 801 1332 1325 802 
1456 801 1332 1325 802 252 919 912 253 
1457 375 96 95 368 1333 704 703 1326 
1458 1333 704 703 1326 920 155 154 913 
1459 376 375 368 369 1334 1333 1326 1327 
1460 1334 1333 1326 1327 921 920 913 914 
1461 377 376 369 370 1335 1334 1327 1328 
1462 1335 1334 1327 1328 922 921 914 915 
1463 378 377 370 371 1336 1335 1328 1329 
1464 1336 1335 1328 1329 923 922 915 916 
1465 379 378 371 372 1337 1336 1329 1330 
1466 1337 1336 1329 1330 924 923 916 917 
1467 380 379 372 373 1338 1337 1330 1331 
1468 1338 1337 1330 1331 925 924 917 918 
1469 381 380 373 374 1339 1338 1331 1332 
1470 1339 1338 1331 1332 926 925 918 919 
1471 60 381 374 61 800 1339 1332 801 
1472 800 1339 1332 801 251 926 919 252 
1473 382 97 96 375 1340 705 704 1333 
1474 1340 705 704 1333 927 156 155 920 
1475 383 382 375 376 1341 1340 1333 1334 
1476 1341 1340 1333 1334 928 927 920 921 
1477 384 383 376 377 1342 1341 1334 1335 
1478 1342 1341 1334 1335 929 928 921 922 
1479 385 384 377 378 1343 1342 1335 1336 
1480 1343 1342 1335 1336 930 929 922 923 
1481 386 385 378 379 1344 1343 1336 1337 
1482 1344 1343 1336 1337 931 930 923 924 
1483 387 386 379 380 1345 1344 1337 1338 
1484 1345 1344 1337 1338 932 931 924 925 
1485 388 387 380 381 1346 1345 1338 1339 
1486 1346 1345 1338 1339 933 932 925 926 
1487 59 388 381 60 799 1346 1339 800 
1488 799 1346 1339 800 250 933 926 251 
1489 389 98 97 382 1347 706 705 1340 
1490 1347 706 705 1340 934 157 156 927 
1491 390 389 382 383 1348 1347 1340 1341 
1492 1348 1347 1340 1341 935 934 927 928 
1493 391 390 383 384 1349 1348 1341 1342 
1494 1349 1348 1341 1342 936 935 928 929 
1495 392 391 384 385 1350 1349 1342 1343 
1496 1350 1349 1342 1343 937 936 929 930 
1497 393 392 385 386 1351 1350 1343 1344 
1498 1351 1350 1343 1344 938 937 930 931 
1499 394 393 386 387 1352 1351 1344 1345 
1500 1352 1351 1344 1345 939 938 931 932 
1501 395 394 387 388 1353 1352 1345 1346 
1502 1353 1352 1345 1346 940 939 932 933 
1503 58 395 388 59 798 1353 1346 799 
1504 798 1353 1346 799 249 940 933 250 
1505 396 99 98 389 1354 707 706 1347 
1506 1354 707 706 1347 941 158 157 934 
1507 397 396 389 390 1355 1354 1347 1348 
1508 1355 1354 1347 1348 942 941 934 935 
1509 398 397 390 391 1356 1355 1348 1349 
1510 1356 1355 1348 1349 943 942 935 936 
1511 399 398 391 392 1357 1356 1349 1350 
1512 1357 1356 1349 1350 944 943 936 937 
1513 400 399 392 393 1358 1357 1350 1351 
1514 1358 1357 1350 1351 945 944 937 938 
1515 401 400 393 394 1359 1358 1351 1352 
1516 1359 1358 1351 1352 946 945 938 939 
1517 402 401 394 395 1360 1359 1352 1353 
1518 1360 1359 1352 1353 947 946 939 940 
1519 57 402 395 58 797 1360 1353 798 
1520 797 1360 1353 798 248 947 940 249 
1521 403 100 99 396 1361 708 707 1354 
1522 1361 708 707 1354 948 159 158 941 
1523 404 403 396 397 1362 1361 1354 1355 
1524 1362 1361 1354 1355 949 948 941 942 
1525 405 404 397 398 1363 1362 1355 1356 
1526 1363 1362 1355 1356 950 949 942 943 
1527 406 405 398 399 1364 1363 1356 1357 
1528 1364 1363 1356 1357 951 950 943 944 
1529 407 406 399 400 1365 1364 1357 1358 
1530 1365 1364 1357 1358 952 951 944 945 
1531 408 407 400 401 1366 1365 1358 1359 
1532 1366 1365 1358 1359 953 952 945 946 
1533 409 408 401 402 1367 1366 1359 1360 
1534 1367 1366 1359 1360 954 953 946 947 
1535 56 409 402 57 796 1367 1360 797 
1536 796 1367 1360 797 247 954 947 248 
1537 410 101 100 403 1368 709 708 1361 
1538 1368 709 708 1361 955 160 159 948 
1539 411 410 403 404 1369 1368 1361 1362 
1540 1369 1368 1361 1362 956 955 948 949 
1541 412 411 404 405 1370 1369 1362 1363 
1542 1370 1369 1362 1363 957 956 949 950 
1543 413 412 405 406 1371 1370 1363 1364 
1544 1371 1370 1363 1364 958 957 950 951 
1545 414 413 406 407 1372 1371 1364 1365 
1546 1372 1371 1364 1365 959 958 951 952 
1547 415 414 407 408 1373 1372 1365 1366 
1548 1373 1372 1365 1366 960 959 952 953 
1549 416 415 408 409 1374 1373 1366 1367 
1550 1374 1373 1366 1367 961 960 953 954 
1551 55 416 409 56 795 1374 1367 796 
1552 795 1374 1367 796 246 961 954 247 
1553 417 102 101 410 1375 710 709 1368 
1554 1375 710 709 1368 962 161 160 955 
1555 418 417 410 411 1376 1375 1368 1369 
1556 1376 1375 1368 1369 963 962 955 956 
1557 419 418 411 412 1377 1376 1369 1370 
1558 1377 1376 1369 1370 964 963 956 957 
1559 420 419 412 413 1378 1377 1370 1371 
1560 1378 1377 1370 1371 965 964 957 958 
1561 421 420 413 414 1379 1378 1371 1372 
1562 1379 1378 1371 1372 966 965 958 959 
1563 422 421 414 415 1380 1379 1372 1373 
1564 1380 1379 1372 1373 967 966 959 960 
1565 423 422 415 416 1381 1380 1373 1374 
1566 1381 1380 1373 1374 968 967 960 961 
1567 54 423 416 55 794 1381 1374 795 
1568 794 1381 1374 795 245 968 961 246 
1569 424 103 102 417 1382 711 710 1375 
1570 1382 711 710 1375 969 162 161 962 
1571 425 424 417 418 1383 1382 1375 1376 
1572 1383 1382 1375 1376 970 969 962 963 
1573 426 425 418 419 1384 1383 1376 1377 
1574 1384 1383 1376 1377 971 970 963 964 
1575 427 426 419 420 1385 1384 1377 1378 
1576 1385 1384 1377 1378 972 971 964 965 
1577 428 427 420 421 1386 1385 1378 1379 
1578 1386 1385 1378 1379 973 972 965 966 
1579 429 428 421 422 1387 1386 1379 1380 
1580 1387 1386 1379 1380 974 973 966 967 
1581 430 429 422 423 1388 1387 1380 1381 
1582 1388 1387 1380 1381 975 974 967 968 
1583 53 430 423 54 793 1388 1381 794 
1584 793 1388 1381 794 244 975 968 245 
1585 431 104 103 424 1389 712 711 1382 
1586 1389 712 711 1382 976 163 162 969 
1587 432 431 424 425 1390 1389 1382 1383 
1588 1390 1389 1382 1383 977 976 969 970 
1589 433 432 425 426 1391 1390 1383 1384 
1590 1391 1390 1383 1384 978 977 970 971 
1591 434 433 426 427 1392 1391 1384 1385 
1592 1392 1391 1384 1385 979 978 971 972 
1593 435 434 427 428 1393 1392 1385 1386 
1594 1393 1392 1385 1386 980 979 972 973 
1595 436 435 428 429 1394 1393 1386 1387 
1596 1394 1393 1386 1387 981 980 973 974 
1597 437 436 429 430 1395 1394 1387 1388 
1598 1395 1394 1387 1388 982 981 974 975 
1599 52 437 430 53 792 1395 1388 793 
1600 792 1395 1388 793 243 982 975 244 
1601 438 105 104 431 1396 713 712 1389 
1602 1396 713 712 1389 983 164 163 976 
1603 439 438 431 432 1397 1396 1389 1390 
1604 1397 1396 1389 1390 984 983 976 977 
1605 440 439 432 433 1398 1397 1390 1391 
1606 1398 1397 1390 1391 985 984 977 978 
1607 441 440 433 434 1399 1398 1391 1392 
1608 1399 1398 1391 1392 986 985 978 979 
1609 442 441 434 435 1400 1399 1392 1393 
1610 1400 1399 1392 1393 987 986 979 980 
1611 443 442 435 436 1401 1400 1393 1394 
1612 1401 1400 1393 1394 988 987 980 981 
1613 444 443 436 437 1402 1401 1394 1395 
1614 1402 1401 1394 1395 989 988 981 982 
1615 51 444 437 52 791 1402 1395 792 
1616 791 1402 1395 792 242 989 982 243 
1617 445 106 105 438 1403 714 713 1396 
1618 1403 714 713 1396 990 165 164 983 
1619 446 445 438 439 1404 1403 1396 1397 
1620 1404 1403 1396 1397 991 990 983 984 
1621 447 446 439 440 1405 1404 1397 1398 
1622 1405 1404 1397 1398 992 991 984 985 
1623 448 447 440 441 1406 1405 1398 1399 
1624 1406 1405 1398 1399 993 992 985 986 
1625 449 448 441 442 1407 1406 1399 1400 
1626 1407 1406 1399 1400 994 993 986 987 
1627 450 449 442 443 1408 1407 1400 1401 
1628 1408 1407 1400 1401 995 994 987 988 
1629 451 450 443 444 1409 1408 1401 1402 
1630 1409 1408 1401 1402 996 995 988 989 
1631 50 451 444 51 790 1409 1402 791 
1632 790 1409 1402 791 241 996 989 242 
1633 452 107 106 445 1410 715 714 1403 
1634 1410 715 714 1403 997 166 165 990 
1635 453 452 445 446 1411 1410 1403 1404 
1636 1411 1410 1403 1404 998 997 990 991 
1637 454 453 446 447 1412 1411 1404 1405 
1638 1412 1411 1404 1405 999 998 991 992 
1639 455 454 447 448 1413 1412 1405 1406 
1640 1413 1412 1405 1406 1000 999 992 993 
1641 456 455 448 449 1414 1413 1406 1407 
1642 1414 1413 1406 1407 1001 1000 993 994 
1643 457 456 449 450 1415 1414 1407 1408 
1644 1415 1414 1407 1408 1002 1001 994 995 
1645 458 457 450 451 1416 1415 1408 1409 
1646 1416 1415 1408 1409 1003 1002 995 996 
1647 49 458 451 50 789 1416 1409 790 
1648 789 1416 1409 790 240 1003 996 241 
1649 459 108 107 452 1417 716 715 1410 
1650 1417 716 715 1410 1004 167 166 997 
1651 460 459 452 453 1418 1417 1410 1411 
1652 1418 1417 1410 1411 1005 1004 997 998 
1653 461 460 453 454 1419 1418 1411 1412 
1654 1419 1418 1411 1412 1006 1005 998 999 
1655 462 461 454 455 1420 1419 1412 1413 
1656 1420 1419 1412 1413 1007 1006 999 1000 
1657 463 462 455 456 1421 1420 1413 1414 
1658 1421 1420 1413 1414 1008 1007 1000 1001 
1659 464 463 456 457 1422 1421 1414 1415 
1660 1422 1421 1414 1415 1009 1008 1001 1002 
1661 465 464 457 458 1423 1422 1415 1416 
1662 1423 1422 1415 1416 1010 1009 1002 1003 
1663 48 465 458 49 788 1423 1416 789 
1664 788 1423 1416 789 239 1010 1003 240 
1665 466 109 108 459 1424 717 716 1417 
1666 1424 717 716 1417 1011 168 167 1004 
1667 467 466 459 460 1425 1424 1417 1418 
1668 1425 1424 1417 1418 1012 1011 1004 1005 
1669 468 467 460 461 1426 1425 1418 1419 
1670 1426 1425 1418 1419 1013 1012 1005 1006 
1671 469 468 461 462 1427 1426 1419 1420 
1672 1427 1426 1419 1420 1014 1013 1006 1007 
1673 470 469 462 463 1428 1427 1420 1421 
1674 1428 1427 1420 1421 1015 1014 1007 1008 
1675 471 470 463 464 1429 1428 1421 1422 
1676 1429 1428 1421 1422 1016 1015 1008 1009 
1677 472 471 464 465 1430 1429 1422 1423 
1678 1430 1429 1422 1423 1017 1016 1009 1010 
1679 47 472 465 48 787 1430 1423 788 
1680 787 1430 1423 788 238 1017 1010 239 
1681 473 110 109 466 1431 718 717 1424 
1682 1431 718 717 1424 1018 169 168 1011 
1683 474 473 466 467 1432 1431 1424 1425 
1684 1432 1431 1424 1425 1019 1018 1011 1012 
1685 475 474 467 468 1433 1432 1425 1426 
1686 1433 1432 1425 1426 1020 1019 1012 1013 
1687 476 475 468 469 1434 1433 1426 1427 
1688 1434 1433 1426 1427 1021 1020 1013 1014 
1689 477 476 469 470 1435 1434 1427 1428 
1690 1435 1434 1427 1428 1022 1021 1014 1015 
1691 478 477 470 471 1436 1435 1428 1429 
1692 1436 1435 1428 1429 1023 1022 1015 1016 
1693 479 478 471 472 1437 1436 1429 1430 
1694 1437 1436 1429 1430 1024 1023 1016 1017 
1695 46 479 472 47 786 1437 1430 787 
1696 786 1437 1430 787 237 1024 1017 238 
1697 480 111 110 473 1438 719 718 1431 
1698 1438 719 718 1431 1025 170 169 1018 
1699 481 480 473 474 1439 1438 1431 1432 
1700 1439 1438 1431 1432 1026 1025 1018 1019 
1701 482 481 474 475 1440 1439 1432 1433 
1702 1440 1439 1432 1433 1027 1026 1019 1020 
1703 483 482 475 476 1441 1440 1433 1434 
1704 1441 1440 1433 1434 1028 1027 1020 1021 
1705 484 483 476 477 1442 1441 1434 1435 
1706 1442 1441 1434 1435 1029 1028 1021 1022 
1707 485 484 477 478 1443 1442 1435 1436 
1708 1443 1442 1435 1436 1030 1029 1022 1023 
1709 486 485 478 479 1444 1443 1436 1437 
1710 1444 1443 1436 1437 1031 1030 1023 1024 
1711 45 486 479 46 785 1444 1437 786 
1712 785 1444 1437 786 236 1031 1024 237 
1713 487 112 111 480 1445 720 719 1438 
1714 1445 720 719 1438 1032 171 170 1025 
1715 488 487 480 481 1446 1445 1438 1439 
1716 1446 1445 1438 1439 1033 1032 1025 1026 
1717 489 488 481 482 1447 1446 1439 1440 
1718 1447 1446 1439 1440 1034 1033 1026 1027 
1719 490 489 482 483 1448 1447 1440 1441 
1720 1448 1447 1440 1441 1035 1034 1027 1028 
1721 491 490 483 484 1449 1448 1441 1442 
1722 1449 1448 1441 1442 1036 1035 1028 1029 
1723 492 491 484 485 1450 1449 1442 1443 
1724 1450 1449 1442 1443 1037 1036 1029 1030 
1725 493 492 485 486 1451 1450 1443 1444 
1726 1451 1450 1443 1444 1038 1037 1030 1031 
1727 44 493 486 45 784 1451 1444 785 
1728 784 1451 1444 785 235 1038 1031 236 
1729 494 113 112 487 1452 721 720 1445 
1730 1452 721 720 1445 1039 172 171 1032 
1731 495 494 487 488 1453 1452 1445 1446 
1732 1453 1452 1445 1446 1040 1039 1032 1033 
1733 496 495 488 489 1454 1453 1446 1447 
1734 1454 1453 1446 1447 1041 1040 1033 1034 
1735 497 496 489 490 1455 1454 1447 1448 
1736 1455 1454 1447 1448 1042 1041 1034 1035 
1737 498 497 490 491 1456 1455 1448 1449 
1738 1456 1455 1448 1449 1043 1042 1035 1036 
1739 499 498 491 492 1457 1456 1449 1450 
1740 1457 1456 1449 1450 1044 1043 1036 1037 
1741 500 499 492 493 1458 1457 1450 1451 
1742 1458 1457 1450 1451 1045 1044 1037 1038 
1743 43 500 493 44 783 1458 1451 784 
1744 783 1458 1451 784 234 1045 1038 235 
1745 501 114 113 494 1459 722 721 1452 
1746 1459 722 721 1452 1046 173 172 1039 
1747 502 501 494 495 1460 1459 1452 1453 
1748 1460 1459 1452 1453 1047 1046 1039 1040 
1749 503 502 495 496 1461 1460 1453 1454 
1750 1461 1460 1453 1454 1048 1047 1040 1041 
1751 504 503 496 497 1462 1461 1454 1455 
1752 1462 1461 1454 1455 1049 1048 1041 1042 
1753 505 504 497 498 1463 1462 1455 1456 
1754 1463 1462 1455 1456 1050 1049 1042 1043 
1755 506 505 498 499 1464 1463 1456 1457 
1756 1464 1463 1456 1457 1051 1050 1043 1044 
1757 507 506 499 500 1465 1464 1457 1458 
1758 1465 1464 1457 1458 1052 1051 1044 1045 
1759 42 507 500 43 782 1465 1458 783 
1760 782 1465 1458 783 233 1052 1045 234 
1761 508 115 114 501 1466 723 722 1459 
1762 1466 723 722 1459 1053 174 173 1046 
1763 509 508 501 502 1467 1466 1459 1460 
1764 1467 1466 1459 1460 1054 1053 1046 1047 
1765 510 509 502 503 1468 1467 1460 1461 
1766 1468 1467 1460 1461 1055 1054 1047 1048 
1767 511 510 503 504 1469 1468 1461 1462 
1768 1469 1468 1461 1462 1056 1055 1048 1049 
1769 512 511 504 505 1470 1469 1462 1463 
1770 1470 1469 1462 1463 1057 1056 1049 1050 
1771 513 512 505 506 1471 1470 1463 1464 
1772 1471 1470 1463 1464 1058 1057 1050 1051 
1773 514 513 506 507 1472 1471 1464 1465 
1774 1472 1471 1464 1465 1059 1058 1051 1052 
1775 41 514 507 42 781 1472 1465 782 
1776 781 1472 1465 782 232 1059 1052 233 
1777 515 116 115 508 1473 724 723 1466 
1778 1473 724 723 1466 1060 175 174 1053 
1779 516 515 508 509 1474 1473 1466 1467 
1780 1474 1473 1466 1467 1061 1060 1053 1054 
1781 517 516 509 510 1475 1474 1467 1468 
1782 1475 1474 1467 1468 1062 1061 1054 1055 
1783 518 517 510 511 1476 1475 1468 1469 
1784 1476 1475 1468 1469 1063 1062 1055 1056 
1785 519 518 511 512 1477 1476 1469 1470 
1786 1477 1476 1469 1470 1064 1063 1056 1057 
1787 520 519 512 513 1478 1477 1470 1471 
1788 1478 1477 1470 1471 1065 1064 1057 1058 
1789 521 520 513 514 1479 1478 1471 1472 
1790 1479 1478 1471 1472 1066 1065 1058 1059 
1791 40 521 514 41 780 1479 1472 781 
1792 780 1479 1472 781 231 1066 1059 232 
1793 522 117 116 515 1480 725 724 1473 
1794 1480 725 724 1473 1067 176 175 1060 
1795 523 522 515 516 1481 1480 1473 1474 
1796 1481 1480 1473 1474 1068 1067 1060 1061 
1797 524 523 516 517 1482 1481 1474 1475 
1798 1482 1481 1474 1475 1069 1068 1061 1062 
1799 525 524 517 518 1483 1482 1475 1476 
1800 1483 1482 1475 1476 1070 1069 1062 1063 
1801 526 525 518 519 1484 1483 1476 1477 
1802 1484 1483 1476 1477 1071 1070 1063 1064 
1803 527 526 519 520 1485 1484 1477 1478 
1804 1485 1484 1477 1478 1072 1071 1064 1065 
1805 528 527 520 521 1486 1485 1478 1479 
1806 1486 1485 1478 1479 1073 1072 1065 1066 
1807 39 528 521 40 779 1486 1479 780 
1808 779 1486 1479 780 230 1073 1066 231 
1809 529 118 117 522 1487 726 725 1480 
1810 1487 726 725 1480 1074 177 176 1067 
1811 530 529 522 523 1488 1487 1480 1481 
1812 1488 1487 1480 1481 1075 1074 1067 1068 
1813 531 530 523 524 1489 1488 1481 1482 
1814 1489 1488 1481 1482 1076 1075 1068 1069 
1815 532 531 524 525 1490 1489 1482 1483 
1816 1490 1489 1482 1483 1077 1076 1069 1070 
1817 533 532 525 526 1491 1490 1483 1484 
1818 1491 1490 1483 1484 1078 1077 1070 1071 
1819 534 533 526 527 1492 1491 1484 1485 
1820 1492 1491 1484 1485 1079 1078 1071 1072 
1821 535 534 527 528 1493 1492 1485 1486 
1822 1493 1492 1485 1486 1080 1079 1072 1073 
1823 38 535 528 39 778 1493 1486 779 
1824 778 1493 1486 779 229 1080 1073 230 
1825 536 119 118 529 1494 727 726 1487 
1826 1494 727 726 1487 1081 178 177 1074 
1827 537 536 529 530 1495 1494 1487 1488 
1828 1495 1494 1487 1488 1082 1081 1074 1075 
1829 538 537 530 531 1496 1495 1488 1489 
1830 1496 1495 1488 1489 1083 1082 1075 1076 
1831 539 538 531 532 1497 1496 1489 1490 
1832 1497 1496 1489 1490 1084 1083 1076 1077 
1833 540 539 532 533 1498 1497 1490 1491 
1834 1498 1497 1490 1491 1085 1084 1077 1078 
1835 541 540 533 534 1499 1498 1491 1492 
1836 1499 1498 1491 1492 1086 1085 1078 1079 
1837 542 541 534 535 1500 1499 1492 1493 
1838 1500 1499 1492 1493 1087 1086 1079 1080 
1839 37 542 535 38 777 1500 1493 778 
1840 777 1500 1493 778 228 1087 1080 229 
1841 543 120 119 536 1501 728 727 1494 
1842 1501 728 727 1494 1088 179 178 1081 
1843 544 543 536 537 1502 1501 1494 1495 
1844 1502 1501 1494 1495 1089 1088 1081 1082 
1845 545 544 537 538 1503 1502 1495 1496 
1846 1503 1502 1495 1496 1090 1089 1082 1083 
1847 546 545 538 539 1504 1503 1496 1497 
1848 1504 1503 1496 1497 1091 1090 1083 1084 
1849 547 546 539 540 1505 1504 1497 1498 
1850 1505 1504 1497 1498 1092 1091 1084 1085 
1851 548 547 540 541 1506 1505 1498 1499 
1852 1506 1505 1498 1499 1093 1092 1085 1086 
1853 549 548 541 542 1507 1506 1499 1500 
1854 1507 1506 1499 1500 1094 1093 1086 1087 
1855 36 549 542 37 776 1507 1500 777 
1856 776 1507 1500 777 227 1094 1087 228 
1857 550 121 120 543 1508 729 728 1501 
1858 1508 729 728 1501 1095 180 179 1088 
1859 551 550 543 544 1509 1508 1501 1502 
1860 1509 1508 1501 1502 1096 1095 1088 1089 
1861 552 551 544 545 1510 1509 1502 1503 
1862 1510 1509 1502 1503 1097 1096 1089 1090 
1863 553 552 545 546 1511 1510 1503 1504 
1864 1511 1510 1503 1504 1098 1097 1090 1091 
1865 554 553 546 547 1512 1511 1504 1505 
1866 1512 1511 1504 1505 1099 1098 1091 1092 
1867 555 554 547 548 1513 1512 1505 1506 
1868 1513 1512 1505 1506 1100 1099 1092 1093 
1869 556 555 548 549 1514 1513 1506 1507 
1870 1514 1513 1506 1507 1101 1100 1093 1094 
1871 35 556 549 36 775 1514 1507 776 
1872 775 1514 1507 776 226 1101 1094 227 
1873 557 122 121 550 1515 730 729 1508 
1874 1515 730 729 1508 1102 181 180 1095 
1875 558 557 550 551 1516 1515 1508 1509 
1876 1516 1515 1508 1509 1103 1102 1095 1096 
1877 559 558 551 552 1517 1516 1509 1510 
1878 1517 1516 1509 1510 1104 1103 1096 1097 
1879 560 559 552 553 1518 1517 1510 1511 
1880 1518 1517 1510 1511 1105 1104 1097 1098 
1881 561 560 553 554 1519 1518 1511 1512 
1882 1519 1518 1511 1512 1106 1105 1098 1099 
1883 562 561 554 555 1520 1519 1512 1513 
1884 1520 1519 1512 1513 1107 1106 1099 1100 
1885 563 562 555 556 1521 1520 1513 1514 
1886 1521 1520 1513 1514 1108 1107 1100 1101 
1887 34 563 556 35 774 1521 1514 775 
1888 774 1521 1514 775 225 1108 1101 226 
1889 564 123 122 557 1522 731 730 1515 
1890 1522 731 730 1515 1109 182 181 1102 
1891 565 564 557 558 1523 1522 1515 1516 
1892 1523 1522 1515 1516 1110 1109 1102 1103 
1893 566 565 558 559 1524 1523 1516 1517 
1894 1524 1523 1516 1517 1111 1110 1103 1104 
1895 567 566 559 560 1525 1524 1517 1518 
1896 1525 1524 1517 1518 1112 1111 1104 1105 
1897 568 567 560 561 1526 1525 1518 1519 
1898 1526 1525 1518 1519 1113 1112 1105 1106 
1899 569 568 561 562 1527 1526 1519 1520 
1900 1527 1526 1519 1520 1114 1113 1106 1107 
1901 570 569 562 563 1528 1527 1520 1521 
1902 1528 1527 1520 1521 1115 1114 1107 1108 
1903 33 570 563 34 773 1528 1521 774 
1904 773 1528 1521 774 224 1115 1108 225 
1905 571 124 123 564 1529 732 731 1522 
1906 1529 732 731 1522 1116 183 182 1109 
1907 572 571 564 565 1530 1529 1522 1523 
1908 1530 1529 1522 1523 1117 1116 1109 1110 
1909 573 572 565 566 1531 1530 1523 1524 
1910 1531 1530 1523 1524 1118 1117 1110 1111 
1911 574 573 566 567 1532 1531 1524 1525 
1912 1532 1531 1524 1525 1119 1118 1111 1112 
1913 575 574 567 568 1533 1532 1525 1526 
1914 1533 1532 1525 1526 1120 1119 1112 1113 
1915 576 575 568 569 1534 1533 1526 1527 
1916 1534 1533 1526 1527 1121 1120 1113 1114 
1917 577 576 569 570 1535 1534 1527 1528 
1918 1535 1534 1527 1528 1122 1121 1114 1115 
1919 32 577 570 33 772 1535 1528 773 
1920 772 1535 1528 773 223 1122 1115 224 
1921 578 125 124 571 1536 733 732 1529 
1922 1536 733 732 1529 1123 184 183 1116 
1923 579 578 571 572 1537 1536 1529 1530 
1924 1537 1536 1529 1530 1124 1123 1116 1117 
1925 580 579 572 573 1538 1537 1530 1531 
1926 1538 1537 1530 1531 1125 1124 1117 1118 
1927 581 580 573 574 1539 1538 1531 1532 
1928 1539 1538 1531 1532 1126 1125 1118 1119 
1929 582 581 574 575 1540 1539 1532 1533 
1930 1540 1539 1532 1533 1127 1126 1119 1120 
1931 583 582 575 576 1541 1540 1533 1534 
1932 1541 1540 1533 1534 1128 1127 1120 1121 
1933 584 583 576 577 1542 1541 1534 1535 
1934 1542 1541 1534 1535 1129 1128 1121 1122 
1935 31 584 577 32 771 1542 1535 772 
1936 771 1542 1535 772 222 1129 1122 223 
1937 585 126 125 578 1543 734 733 1536 
1938 1543 734 733 1536 1130 185 184 1123 
1939 586 585 578 579 1544 1543 1536 1537 
1940 1544 1543 1536 1537 1131 1130 1123 1124 
1941 587 586 579 580 1545 1544 1537 1538 
1942 1545 1544 1537 1538 1132 1131 1124 1125 
1943 588 587 580 581 1546 1545 1538 1539 
1944 1546 1545 1538 1539 1133 1132 1125 1126 
1945 589 588 581 582 1547 1546 1539 1540 
1946 1547 1546 1539 1540 1134 1133 1126 1127 
1947 590 589 582 583 1548 1547 1540 1541 
1948 1548 1547 1540 1541 1135 1134 1127 1128 
1949 591 590 583 584 1549 1548 1541 1542 
1950 1549 1548 1541 1542 1136 1135 1128 1129 
1951 30 591 584 31 770 1549 1542 771 
1952 770 1549 1542 771 221 1136 1129 222 
1953 592 127 126 585 1550 735 734 1543 
1954 1550 735 734 1543 1137 186 185 1130 
1955 593 592 585 586 1551 1550 1543 1544 
1956 1551 1550 1543 1544 1138 1137 1130 1131 
1957 594 593 586 587 1552 1551 1544 1545 
1958 1552 1551 1544 1545 1139 1138 1131 1132 
1959 595 594 587 588 1553 1552 1545 1546 
1960 1553 1552 1545 1546 1140 1139 1132 1133 
1961 596 595 588 589 1554 1553 1546 1547 
1962 1554 1553 1546 1547 1141 1140 1133 1134 
1963 597 596 589 590 1555 1554 1547 1548 
1964 1555 1554 1547 1548 1142 1141 1134 1135 
1965 598 597 590 591 1556 1555 1548 1549 
1966 1556 1555 1548 1549 1143 1142 1135 1136 
1967 29 598 591 30 769 1556 1549 770 
1968 769 1556 1549 770 220 1143 1136 221 
1969 599 128 127 592 1557 736 735 1550 
1970 1557 736 735 1550 1144 187 186 1137 
1971 600 599 592 593 1558 1557 1550 1551 
1972 1558 1557 1550 1551 1145 1144 1137 1138 
1973 601 600 593 594 1559 1558 1551 1552 
1974 1559 1558 1551 1552 1146 1145 1138 1139 
1975 602 601 594 595 1560 1559 1552 1553 
1976 1560 1559 1552 1553 1147 1146 1139 1140 
1977 603 602 595 596 1561 1560 1553 1554 
1978 1561 1560 1553 1554 1148 1147 1140 1141 
1979 604 603 596 597 1562 1561 1554 1555 
1980 1562 1561 1554 1555 1149 1148 1141 1142 
1981 605 604 597 598 1563 1562 1555 1556 
1982 1563 1562 1555 1556 1150 1149 1142 1143 
1983 28 605 598 29 768 1563 1556 769 
1984 768 1563 1556 769 219 1150 1143 220 
1985 606 129 128 599 1564 737 736 1557 
1986 1564 737 736 1557 1151 188 187 1144 
1987 607 606 599 600 1565 1564 1557 1558 
1988 1565 1564 1557 1558 1152 1151 1144 1145 
1989 608 607 600 601 1566 1565 1558 1559 
1990 1566 1565 1558 1559 1153 1152 1145 1146 
1991 609 608 601 602 1567 1566 1559 1560 
1992 1567 1566 1559 1560 1154 1153 1146 1147 
1993 610 609 602 603 1568 1567 1560 1561 
1994 1568 1567 1560 1561 1155 1154 1147 1148 
1995 611 610 603 604 1569 1568 1561 1562 
1996 1569 1568 1561 1562 1156 1155 1148 1149 
1997 612 611 604 605 1570 1569 1562 1563 
1998 1570 1569 1562 1563 1157 1156 1149 1150 
1999 27 612 605 28 767 1570 1563 768 
2000 767 1570 1563 768 218 1157 1150 219 
2001 613 130 129 606 1571 738 737 1564 
2002 1571 738 737 1564 1158 189 188 1151 
2003 614 613 606 607 1572 1571 1564 1565 
2004 1572 1571 1564 1565 1159 1158 1151 1152 
2005 615 614 607 608 1573 1572 1565 1566 
2006 1573 1572 1565 1566 1160 1159 1152 1153 
2007 616 615 608 609 1574 1573 1566 1567 
2008 1574 1573 1566 1567 1161 1160 1153 1154 
2009 617 616 609 610 1575 1574 1567 1568 
2010 1575 1574 1567 1568 1162 1161 1154 1155 
2011 618 617 610 611 1576 1575 1568 1569 
2012 1576 1575 1568 1569 1163 1162 1155 1156 
2013 619 618 611 612 1577 1576 1569 1570 
2014 1577 1576 1569 1570 1164 1163 1156 1157 
2015 26 619 612 27 766 1577 1570 767 
2016 766 1577 1570 767 217 1164 1157 218 
2017 620 131 130 613 1578 739 738 1571 
2018 1578 739 738 1571 1165 190 189 1158 
2019 621 620 613 614 1579 1578 1571 1572 
2020 1579 1578 1571 1572 1166 1165 1158 1159 
2021 622 621 614 615 1580 1579 1572 1573 
2022 1580 1579 1572 1573 1167 1166 1159 1160 
2023 623 622 615 616 1581 1580 1573 1574 
2024 1581 1580 1573 1574 1168 1167 1160 1161 
2025 624 623 616 617 1582 1581 1574 1575 
2026 1582 1581 1574 1575 1169 1168 1161 1162 
2027 625 624 617 618 1583 1582 1575 1576 
2028 1583 1582 1575 1576 1170 1169 1162 1163 
2029 626 625 618 619 1584 1583 1576 1577 
2030 1584 1583 1576 1577 1171 1170 1163 1164 
2031 25 626 619 26 765 1584 1577 766 
2032 765 1584 1577 766 216 1171 1164 217 
2033 627 132 131 620 1585 740 739 1578 
2034 1585 740 739 1578 1172 191 190 1165 
2035 628 627 620 621 1586 1585 1578 1579 
2036 1586 1585 1578 1579 1173 1172 1165 1166 
2037 629 628 621 622 1587 1586 1579 1580 
2038 1587 1586 1579 1580 1174 1173 1166 1167 
2039 630 629 622 623 1588 1587 1580 1581 
2040 1588 1587 1580 1581 1175 1174 1167 1168 
2041 631 630 623 624 1589 1588 1581 1582 
2042 1589 1588 1581 1582 1176 1175 1168 1169 
2043 632 631 624 625 1590 1589 1582 1583 
2044 1590 1589 1582 1583 1177 1176 1169 1170 
2045 633 632 625 626 1591 1590 1583 1584 
2046 1591 1590 1583 1584 1178 1177 1170 1171 
2047 24 633 626 25 764 1591 1584 765 
2048 764 1591 1584 765 215 1178 1171 216 
2049 634 133 132 627 1592 741 740 1585 
2050 1592 741 740 1585 1179 192 191 1172 
2051 635 634 627 628 1593 1592 1585 1586 
2052 1593 1592 1585 1586 1180 1179 1172 1173 
2053 636 635 628 629 1594 1593 1586 1587 
2054 1594 1593 1586 1587 1181 1180 1173 1174 
2055 637 636 629 630 1595 1594 1587 1588 
2056 1595 1594 1587 1588 1182 1181 1174 1175 
2057 638 637 630 631 1596 1595 1588 1589 
2058 1596 1595 1588 1589 1183 1182 1175 1176 
2059 639 638 631 632 1597 1596 1589 1590 
2060 1597 1596 1589 1590 1184 1183 1176 1177 
2061 640 639 632 633 1598 1597 1590 1591 
2062 1598 1597 1590 1591 1185 1184 1177 1178 
2063 23 640 633 24 763 1598 1591 764 
2064 763 1598 1591 764 214 1185 1178 215 
2065 641 134 133 634 1599 742 741 1592 
2066 1599 742 741 1592 1186 193 192 1179 
2067 642 641 634 635 1600 1599 1592 1593 
2068 1600 1599 1592 1593 1187 1186 1179 1180 
2069 643 642 635 636 1601 1600 1593 1594 
2070 1601 1600 1593 1594 1188 1187 1180 1181 
2071 644 643 636 637 1602 1601 1594 1595 
2072 1602 1601 1594 1595 1189 1188 1181 1182 
2073 645 644 637 638 1603 1602 1595 1596 
2074 1603 1602 1595 1596 1190 1189 1182 1183 
2075 646 645 638 639 1604 1603 1596 1597 
2076 1604 1603 1596 1597 1191 1190 1183 1184 
2077 647 646 639 640 1605 1604 1597 1598 
2078 1605 1604 1597 1598 1192 1191 1184 1185 
2079 22 647 640 23 762 1605 1598 763 
2080 762 1605 1598 763 213 1192 1185 214 
2081 648 135 134 641 1606 743 742 1599 
2082 1606 743 742 1599 1193 194 193 1186 
2083 649 648 641 642 1607 1606 1599 1600 
2084 1607 1606 1599 1600 1194 1193 1186 1187 
2085 650 649 642 643 1608 1607 1600 1601 
2086 1608 1607 1600 1601 1195 1194 1187 1188 
2087 651 650 643 644 1609 1608 1601 1602 
2088 1609 1608 1601 1602 1196 1195 1188 1189 
2089 652 651 644 645 1610 1609 1602 1603 
2090 1610 1609 1602 1603 1197 1196 1189 1190 
2091 653 652 645 646 1611 1610 1603 1604 
2092 1611 1610 1603 1604 1198 1197 1190 1191 
2093 654 653 646 647 1612 1611 1604 1605 
2094 1612 1611 1604 1605 1199 1198 1191 1192 
2095 21 654 647 22 761 1612 1605 762 
2096 761 1612 1605 762 212 1199 1192 213 
2097 655 136 135 648 1613 744 743 1606 
2098 1613 744 743 1606 1200 195 194 1193 
2099 656 655 648 649 1614 1613 1606 1607 
2100 1614 1613 1606 1607 1201 1200 1193 1194 
2101 657 656 649 650 1615 1614 1607 1608 
2102 1615 1614 1607 1608 1202 1201 1194 1195 
2103 658 657 650 651 1616 1615 1608 1609 
2104 1616 1615 1608 1609 1203 1202 1195 1196 
2105 659 658 651 652 1617 1616 1609 1610 
2106 1617 1616 1609 1610 1204 1203 1196 1197 
2107 660 659 652 653 1618 1617 1610 1611 
2108 1618 1617 1610 1611 1205 1204 1197 1198 
2109 661 660 653 654 1619 1618 1611 1612 
2110 1619 1618 1611 1612 1206 1205 1198 1199 
2111 20 661 654 21 760 1619 1612 761 
2112 760 1619 1612 761 211 1206 1199 212 
2113 662 137 136 655 1620 745 744 1613 
2114 1620 745 744 1613 1207 196 195 1200 
2115 663 662 655 656 1621 1620 1613 1614 
2116 1621 1620 1613 1614 1208 1207 1200 1201 
2117 664 663 656 657 1622 1621 1614 1615 
2118 1622 1621 1614 1615 1209 1208 1201 1202 
2119 665 664 657 658 1623 1622 1615 1616 
2120 1623 1622 1615 1616 1210 1209 1202 1203 
2121 666 665 658 659 1624 1623 1616 1617 
2122 1624 1623 1616 1617 1211 1210 1203 1204 
2123 667 666 659 660 1625 1624 1617 1618 
2124 1625 1624 1617 1618 1212 1211 1204 1205 
2125 668 667 660 661 1626 1625 1618 1619 
2126 1626 1625 1618 1619 1213 1212 1205 1206 
2127 19 668 661 20 759 1626 1619 760 
2128 759 1626 1619 760 210 1213 1206 211 
2129 669 138 137 662 1627 746 745 1620 
2130 1627 746 745 1620 1214 197 196 1207 
2131 670 669 662 663 1628 1627 1620 1621 
2132 1628 1627 1620 1621 1215 1214 1207 1208 
2133 671 670 663 664 1629 1628 1621 1622 
2134 1629 1628 1621 1622 1216 1215 1208 1209 
2135 672 671 664 665 1630 1629 1622 1623 
2136 1630 1629 1622 1623 1217 1216 1209 1210 
2137 673 672 665 666 1631 1630 1623 1624 
2138 1631 1630 1623 1624 1218 1217 1210 1211 
2139 674 673 666 667 1632 1631 1624 1625 
2140 1632 1631 1624 1625 1219 1218 1211 1212 
2141 675 674 667 668 1633 1632 1625 1626 
2142 1633 1632 1625 1626 1220 1219 1212 1213 
2143 18 675 668 19 758 1633 1626 759 
2144 758 1633 1626 759 209 1220 1213 210 
2145 676 139 138 669 1634 747 746 1627 
2146 1634 747 746 1627 1221 198 197 1214 
2147 677 676 669 670 1635 1634 1627 1628 
2148 1635 1634 1627 1628 1222 1221 1214 1215 
2149 678 677 670 671 1636 1635 1628 1629 
2150 1636 1635 1628 1629 1223 1222 1215 1216 
2151 679 678 671 672 1637 1636 1629 1630 
2152 1637 1636 1629 1630 1224 1223 1216 1217 
2153 680 679 672 673 1638 1637 1630 1631 
2154 1638 1637 1630 1631 1225 1224 1217 1218 
2155 681 680 673 674 1639 1638 1631 1632 
2156 1639 1638 1631 1632 1226 1225 1218 1219 
2157 682 681 674 675 1640 1639 1632 1633 
2158 1640 1639 1632 1633 1227 1226 1219 1220 
2159 17 682 675 18 757 1640 1633 758 
2160 757 1640 1633 758 208 1227 1220 209 
2161 683 140 139 676 1641 748 747 1634 
2162 1641 748 747 1634 1228 199 198 1221 
2163 684 683 676 677 1642 1641 1634 1635 
2164 1642 1641 1634 1635 1229 1228 1221 1222 
2165 685 684 677 678 1643 1642 1635 1636 
2166 1643 1642 1635 1636 1230 1229 1222 1223 
2167 686 685 678 679 1644 1643 1636 1637 
2168 1644 1643 1636 1637 1231 1230 1223 1224 
2169 687 686 679 680 1645 1644 1637 1638 
2170 1645 1644 1637 1638 1232 1231 1224 1225 
2171 688 687 680 681 1646 1645 1638 1639 
2172 1646 1645 1638 1639 1233 1232 1225 1226 
2173 689 688 681 682 1647 1646 1639 1640 
2174 1647 1646 1639 1640 1234 1233 1226 1227 
2175 16 689 682 17 756 1647 1640 757 
2176 756 1647 1640 757 207 1234 1227 208 
2177 9 1 140 683 749 274 748 1641 
2178 749 274 748 1641 200 6 199 1228 
2179 10 9 683 684 750 749 1641 1642 
2180 750 749 1641 1642 201 200 1228 1229 
2181 11 10 684 685 751 750 1642 1643 
2182 751 750 1642 1643 202 201 1229 1230 
2183 12 11 685 686 752 751 1643 1644 
2184 752 751 1643 1644 203 202 1230 1231 
2185 13 12 686 687 753 752 1644 1645 
2186 753 752 1644 1645 204 203 1231 1232 
2187 14 13 687 688 754 753 1645 1646 
2188 754 753 1645 1646 205 204 1232 1233 
2189 15 14 688 689 755 754 1646 1647 
2190 755 754 1646 1647 206 205 1233 1234 
2191 2 15 689 16 275 755 1647 756 
2192 275 755 1647 756 7 206 1234 207 
$EndElements
