$MeshFormat
4.1 0 8
$EndMeshFormat
$PhysicalNames
5
2 1 "periodicy"
2 3 "top_wall"
2 4 "MOST"
2 5 "periodicx"
3 2 "internal"
$EndPhysicalNames
$Entities
8 12 6 1
1 0 0 0 0 
2 6400 0 0 0 
3 6400 0 5000 0 
4 0 0 5000 0 
5 0 1600 5000 0 
6 0 1600 0 0 
10 6400 1600 0 0 
14 6400 1600 5000 0 
1 0 0 0 6400 0 0 0 2 1 -2 
2 6400 0 0 6400 0 5000 0 2 2 -3 
3 0 0 5000 6400 0 5000 0 2 3 -4 
4 0 0 0 0 0 5000 0 2 4 -1 
14 0 1600 0 0 1600 5000 0 2 5 -6 
15 0 1600 0 6400 1600 0 0 2 6 -10 
16 6400 1600 0 6400 1600 5000 0 2 10 -14 
17 0 1600 5000 6400 1600 5000 0 2 14 -5 
19 0 0 5000 0 1600 5000 0 2 4 -5 
20 0 0 0 0 1600 0 0 2 1 -6 
24 6400 0 0 6400 1600 0 0 2 2 -10 
28 6400 0 5000 6400 1600 5000 0 2 3 -14 
12 0 0 0 6400 0 5000 1 1 4 4 1 2 3 
21 0 0 0 0 1600 5000 1 5 4 4 20 -14 -19 
25 0 0 0 6400 1600 0 1 4 4 1 24 -15 -20 
29 6400 0 0 6400 1600 5000 1 5 4 2 28 -16 -24 
33 0 0 5000 6400 1600 5000 1 3 4 3 19 -17 -28 
34 0 1600 0 6400 1600 5000 1 1 4 14 15 16 17 
1 0 0 0 6400 1600 5000 1 2 6 -12 34 21 25 29 33 
$EndEntities
$Nodes
27 1342 1 1342
0 1 0 1
1
0 0 0
0 2 0 1
2
6400 0 0
0 3 0 1
3
6400 0 5000
0 4 0 1
4
0 0 5000
0 5 0 1
5
0 1600 5000
0 6 0 1
6
0 1600 0
0 10 0 1
7
6400 1600 0
0 14 0 1
8
6400 1600 5000
1 1 1 9
9
10
11
12
13
14
15
16
17
639.9999999975398 0 0 0.0999999999996156
1279.999999994501 0 0 0.1999999999991408
1919.99999999118 0 0 0.2999999999986219
2559.99999998976 0 0 0.3999999999984
3199.999999988713 0 0 0.4999999999982365
3839.999999987667 0 0 0.599999999998073
4479.999999989498 0 0 0.699999999998359
5119.999999992999 0 0 0.799999999998906
5759.999999996499 0 0 0.899999999999453
1 2 1 59
18
19
20
21
22
23
24
25
26
27
28
29
30
31
32
33
34
35
36
37
38
39
40
41
42
43
44
45
46
47
48
49
50
51
52
53
54
55
56
57
58
59
60
61
62
63
64
65
66
67
68
69
70
71
72
73
74
75
76
6400 0 83.33333333326559 0.01666666666665312
6400 0 166.6666666665238 0.03333333333330475
6400 0 249.9999999997668 0.04999999999995335
6400 0 333.3333333330387 0.06666666666660774
6400 0 416.6666666663713 0.08333333333327426
6400 0 499.9999999997091 0.09999999999994182
6400 0 583.3333333330469 0.1166666666666094
6400 0 666.6666666662899 0.133333333333258
6400 0 749.9999999994382 0.1499999999998876
6400 0 833.3333333325867 0.1666666666665173
6400 0 916.6666666657349 0.183333333333147
6400 0 999.9999999988831 0.1999999999997766
6400 0 1083.333333332141 0.2166666666664282
6400 0 1166.666666665479 0.2333333333330958
6400 0 1249.999999998817 0.2499999999997634
6400 0 1333.333333332154 0.2666666666664309
6400 0 1416.666666665492 0.2833333333330983
6400 0 1499.999999998829 0.2999999999997658
6400 0 1583.333333332167 0.3166666666664334
6400 0 1666.666666665504 0.3333333333331009
6400 0 1749.999999998842 0.3499999999997684
6400 0 1833.333333332179 0.3666666666664359
6400 0 1916.666666665517 0.3833333333331033
6400 0 1999.999999998854 0.3999999999997708
6400 0 2083.333333332044 0.4166666666664088
6400 0 2166.666666665003 0.4333333333330005
6400 0 2249.999999997961 0.4499999999995922
6400 0 2333.33333333092 0.4666666666661839
6400 0 2416.666666663878 0.4833333333327756
6400 0 2499.999999996926 0.4999999999993852
6400 0 2583.333333330554 0.5166666666661107
6400 0 2666.666666664271 0.5333333333328542
6400 0 2749.999999997989 0.5499999999995977
6400 0 2833.333333331705 0.566666666666341
6400 0 2916.666666665422 0.5833333333330845
6400 0 2999.999999999139 0.5999999999998278
6400 0 3083.333333332856 0.6166666666665712
6400 0 3166.666666666574 0.6333333333333148
6400 0 3250.000000000291 0.6500000000000581
6400 0 3333.333333334007 0.6666666666668015
6400 0 3416.666666667724 0.6833333333335448
6400 0 3500.000000001442 0.7000000000002883
6400 0 3583.333333335159 0.7166666666670318
6400 0 3666.666666668876 0.7333333333337752
6400 0 3750.000000002593 0.7500000000005186
6400 0 3833.333333336309 0.7666666666672619
6400 0 3916.666666670027 0.7833333333340053
6400 0 4000.000000003744 0.8000000000007488
6400 0 4083.333333337366 0.8166666666674732
6400 0 4166.666666670409 0.8333333333340817
6400 0 4250.000000003367 0.8500000000006734
6400 0 4333.333333336327 0.8666666666672653
6400 0 4416.666666669285 0.8833333333338571
6400 0 4500.000000002245 0.900000000000449
6400 0 4583.333333335205 0.9166666666670409
6400 0 4666.666666668163 0.9333333333336327
6400 0 4750.000000001122 0.9500000000002244
6400 0 4833.333333334082 0.9666666666668162
6400 0 4916.666666667041 0.9833333333334081
1 3 1 9
77
78
79
80
81
82
83
84
85
5760.000000004547 0 5000 0.09999999999928942
5120.000000009095 0 5000 0.1999999999985789
4480.000000013642 0 5000 0.2999999999978684
3840.00000001652 0 5000 0.3999999999974188
3200.00000001652 0 5000 0.4999999999974187
2560.00000001652 0 5000 0.5999999999974187
1920.000000013642 0 5000 0.6999999999978684
1280.000000009095 0 5000 0.799999999998579
640.0000000045475 0 5000 0.8999999999992895
1 4 1 59
86
87
88
89
90
91
92
93
94
95
96
97
98
99
100
101
102
103
104
105
106
107
108
109
110
111
112
113
114
115
116
117
118
119
120
121
122
123
124
125
126
127
128
129
130
131
132
133
134
135
136
137
138
139
140
141
142
143
144
0 0 4916.666666666906 0.01666666666661873
0 0 4833.333333333812 0.03333333333323747
0 0 4750.000000000719 0.0499999999998562
0 0 4666.666666667626 0.06666666666647493
0 0 4583.333333334532 0.08333333333309367
0 0 4500.000000001438 0.09999999999971243
0 0 4416.666666668344 0.1166666666663312
0 0 4333.33333333525 0.1333333333329499
0 0 4250.000000002157 0.1499999999995686
0 0 4166.666666669063 0.1666666666661873
0 0 4083.33333333597 0.183333333332806
0 0 4000.000000002876 0.1999999999994247
0 0 3916.666666669783 0.2166666666660435
0 0 3833.333333336689 0.2333333333326622
0 0 3750.000000003595 0.2499999999992809
0 0 3666.666666670501 0.2666666666658997
0 0 3583.333333337408 0.2833333333325184
0 0 3500.000000004314 0.2999999999991372
0 0 3416.66666667122 0.316666666665756
0 0 3333.333333338126 0.3333333333323747
0 0 3250.000000005032 0.3499999999989936
0 0 3166.666666671938 0.3666666666656123
0 0 3083.333333338845 0.3833333333322311
0 0 3000.000000005751 0.3999999999988499
0 0 2916.666666672657 0.4166666666654686
0 0 2833.333333339563 0.4333333333320874
0 0 2750.000000006469 0.4499999999987062
0 0 2666.666666673375 0.466666666665325
0 0 2583.333333340282 0.4833333333319437
0 0 2500.000000007099 0.4999999999985802
0 0 2416.666666673337 0.5166666666653327
0 0 2333.333333339485 0.533333333332103
0 0 2250.000000005634 0.5499999999988732
0 0 2166.666666671783 0.5666666666656434
0 0 2083.333333337932 0.5833333333324136
0 0 2000.00000000408 0.599999999999184
0 0 1916.666666670229 0.6166666666659542
0 0 1833.333333336378 0.6333333333327243
0 0 1750.000000002527 0.6499999999994945
0 0 1666.666666668676 0.6666666666662648
0 0 1583.333333334825 0.683333333333035
0 0 1500.000000000973 0.6999999999998053
0 0 1416.666666667122 0.7166666666665755
0 0 1333.333333333271 0.7333333333333458
0 0 1249.99999999942 0.750000000000116
0 0 1166.666666665569 0.7666666666668862
0 0 1083.333333331717 0.7833333333336565
0 0 999.9999999978659 0.8000000000004268
0 0 916.6666666641099 0.816666666667178
0 0 833.3333333309338 0.8333333333338133
0 0 749.99999999784 0.850000000000432
0 0 666.666666664747 0.8666666666670506
0 0 583.3333333316541 0.8833333333336691
0 0 499.9999999985612 0.9000000000002878
0 0 416.6666666654673 0.9166666666669065
0 0 333.3333333323744 0.9333333333335252
0 0 249.9999999992806 0.9500000000001438
0 0 166.6666666661877 0.9666666666667625
0 0 83.33333333309474 0.9833333333333811
1 14 1 59
145
146
147
148
149
150
151
152
153
154
155
156
157
158
159
160
161
162
163
164
165
166
167
168
169
170
171
172
173
174
175
176
177
178
179
180
181
182
183
184
185
186
187
188
189
190
191
192
193
194
195
196
197
198
199
200
201
202
203
0 1600 4916.666666666906 0.01666666666661873
0 1600 4833.333333333812 0.03333333333323747
0 1600 4750.000000000719 0.0499999999998562
0 1600 4666.666666667626 0.06666666666647493
0 1600 4583.333333334532 0.08333333333309367
0 1600 4500.000000001438 0.09999999999971243
0 1600 4416.666666668344 0.1166666666663312
0 1600 4333.33333333525 0.1333333333329499
0 1600 4250.000000002157 0.1499999999995686
0 1600 4166.666666669063 0.1666666666661873
0 1600 4083.33333333597 0.183333333332806
0 1600 4000.000000002876 0.1999999999994247
0 1600 3916.666666669783 0.2166666666660435
0 1600 3833.333333336689 0.2333333333326622
0 1600 3750.000000003595 0.2499999999992809
0 1600 3666.666666670501 0.2666666666658997
0 1600 3583.333333337408 0.2833333333325184
0 1600 3500.000000004314 0.2999999999991372
0 1600 3416.66666667122 0.316666666665756
0 1600 3333.333333338126 0.3333333333323747
0 1600 3250.000000005032 0.3499999999989936
0 1600 3166.666666671938 0.3666666666656123
0 1600 3083.333333338845 0.3833333333322311
0 1600 3000.000000005751 0.3999999999988499
0 1600 2916.666666672657 0.4166666666654686
0 1600 2833.333333339563 0.4333333333320874
0 1600 2750.000000006469 0.4499999999987062
0 1600 2666.666666673375 0.466666666665325
0 1600 2583.333333340282 0.4833333333319437
0 1600 2500.000000007099 0.4999999999985802
0 1600 2416.666666673337 0.5166666666653327
0 1600 2333.333333339485 0.533333333332103
0 1600 2250.000000005634 0.5499999999988732
0 1600 2166.666666671783 0.5666666666656434
0 1600 2083.333333337932 0.5833333333324136
0 1600 2000.00000000408 0.599999999999184
0 1600 1916.666666670229 0.6166666666659542
0 1600 1833.333333336378 0.6333333333327243
0 1600 1750.000000002527 0.6499999999994945
0 1600 1666.666666668676 0.6666666666662648
0 1600 1583.333333334825 0.683333333333035
0 1600 1500.000000000973 0.6999999999998053
0 1600 1416.666666667122 0.7166666666665755
0 1600 1333.333333333271 0.7333333333333458
0 1600 1249.99999999942 0.750000000000116
0 1600 1166.666666665569 0.7666666666668862
0 1600 1083.333333331717 0.7833333333336565
0 1600 999.9999999978659 0.8000000000004268
0 1600 916.6666666641099 0.816666666667178
0 1600 833.3333333309338 0.8333333333338133
0 1600 749.99999999784 0.850000000000432
0 1600 666.666666664747 0.8666666666670506
0 1600 583.3333333316541 0.8833333333336691
0 1600 499.9999999985612 0.9000000000002878
0 1600 416.6666666654673 0.9166666666669065
0 1600 333.3333333323744 0.9333333333335252
0 1600 249.9999999992806 0.9500000000001438
0 1600 166.6666666661877 0.9666666666667625
0 1600 83.33333333309474 0.9833333333333811
1 15 1 9
204
205
206
207
208
209
210
211
212
639.9999999975398 1600 0 0.0999999999996156
1279.999999994501 1600 0 0.1999999999991408
1919.99999999118 1600 0 0.2999999999986219
2559.99999998976 1600 0 0.3999999999984
3199.999999988713 1600 0 0.4999999999982365
3839.999999987667 1600 0 0.599999999998073
4479.999999989498 1600 0 0.699999999998359
5119.999999992999 1600 0 0.799999999998906
5759.999999996499 1600 0 0.899999999999453
1 16 1 59
213
214
215
216
217
218
219
220
221
222
223
224
225
226
227
228
229
230
231
232
233
234
235
236
237
238
239
240
241
242
243
244
245
246
247
248
249
250
251
252
253
254
255
256
257
258
259
260
261
262
263
264
265
266
267
268
269
270
271
6400 1600 83.33333333326559 0.01666666666665312
6400 1600 166.6666666665238 0.03333333333330475
6400 1600 249.9999999997668 0.04999999999995335
6400 1600 333.3333333330387 0.06666666666660774
6400 1600 416.6666666663713 0.08333333333327426
6400 1600 499.9999999997091 0.09999999999994182
6400 1600 583.3333333330469 0.1166666666666094
6400 1600 666.6666666662899 0.133333333333258
6400 1600 749.9999999994382 0.1499999999998876
6400 1600 833.3333333325867 0.1666666666665173
6400 1600 916.6666666657349 0.183333333333147
6400 1600 999.9999999988831 0.1999999999997766
6400 1600 1083.333333332141 0.2166666666664282
6400 1600 1166.666666665479 0.2333333333330958
6400 1600 1249.999999998817 0.2499999999997634
6400 1600 1333.333333332154 0.2666666666664309
6400 1600 1416.666666665492 0.2833333333330983
6400 1600 1499.999999998829 0.2999999999997658
6400 1600 1583.333333332167 0.3166666666664334
6400 1600 1666.666666665504 0.3333333333331009
6400 1600 1749.999999998842 0.3499999999997684
6400 1600 1833.333333332179 0.3666666666664359
6400 1600 1916.666666665517 0.3833333333331033
6400 1600 1999.999999998854 0.3999999999997708
6400 1600 2083.333333332044 0.4166666666664088
6400 1600 2166.666666665003 0.4333333333330005
6400 1600 2249.999999997961 0.4499999999995922
6400 1600 2333.33333333092 0.4666666666661839
6400 1600 2416.666666663878 0.4833333333327756
6400 1600 2499.999999996926 0.4999999999993852
6400 1600 2583.333333330554 0.5166666666661107
6400 1600 2666.666666664271 0.5333333333328542
6400 1600 2749.999999997989 0.5499999999995977
6400 1600 2833.333333331705 0.566666666666341
6400 1600 2916.666666665422 0.5833333333330845
6400 1600 2999.999999999139 0.5999999999998278
6400 1600 3083.333333332856 0.6166666666665712
6400 1600 3166.666666666574 0.6333333333333148
6400 1600 3250.000000000291 0.6500000000000581
6400 1600 3333.333333334007 0.6666666666668015
6400 1600 3416.666666667724 0.6833333333335448
6400 1600 3500.000000001442 0.7000000000002883
6400 1600 3583.333333335159 0.7166666666670318
6400 1600 3666.666666668876 0.7333333333337752
6400 1600 3750.000000002593 0.7500000000005186
6400 1600 3833.333333336309 0.7666666666672619
6400 1600 3916.666666670027 0.7833333333340053
6400 1600 4000.000000003744 0.8000000000007488
6400 1600 4083.333333337366 0.8166666666674732
6400 1600 4166.666666670409 0.8333333333340817
6400 1600 4250.000000003367 0.8500000000006734
6400 1600 4333.333333336327 0.8666666666672653
6400 1600 4416.666666669285 0.8833333333338571
6400 1600 4500.000000002245 0.900000000000449
6400 1600 4583.333333335205 0.9166666666670409
6400 1600 4666.666666668163 0.9333333333336327
6400 1600 4750.000000001122 0.9500000000002244
6400 1600 4833.333333334082 0.9666666666668162
6400 1600 4916.666666667041 0.9833333333334081
1 17 1 9
272
273
274
275
276
277
278
279
280
5760.000000004547 1600 5000 0.09999999999928942
5120.000000009095 1600 5000 0.1999999999985789
4480.000000013642 1600 5000 0.2999999999978684
3840.00000001652 1600 5000 0.3999999999974188
3200.00000001652 1600 5000 0.4999999999974187
2560.00000001652 1600 5000 0.5999999999974187
1920.000000013642 1600 5000 0.6999999999978684
1280.000000009095 1600 5000 0.799999999998579
640.0000000045475 1600 5000 0.8999999999992895
1 19 1 0
1 20 1 0
1 24 1 0
1 28 1 0
2 12 1 531
281
282
283
284
285
286
287
288
289
290
291
292
293
294
295
296
297
298
299
300
301
302
303
304
305
306
307
308
309
310
311
312
313
314
315
316
317
318
319
320
321
322
323
324
325
326
327
328
329
330
331
332
333
334
335
336
337
338
339
340
341
342
343
344
345
346
347
348
349
350
351
352
353
354
355
356
357
358
359
360
361
362
363
364
365
366
367
368
369
370
371
372
373
374
375
376
377
378
379
380
381
382
383
384
385
386
387
388
389
390
391
392
393
394
395
396
397
398
399
400
401
402
403
404
405
406
407
408
409
410
411
412
413
414
415
416
417
418
419
420
421
422
423
424
425
426
427
428
429
430
431
432
433
434
435
436
437
438
439
440
441
442
443
444
445
446
447
448
449
450
451
452
453
454
455
456
457
458
459
460
461
462
463
464
465
466
467
468
469
470
471
472
473
474
475
476
477
478
479
480
481
482
483
484
485
486
487
488
489
490
491
492
493
494
495
496
497
498
499
500
501
502
503
504
505
506
507
508
509
510
511
512
513
514
515
516
517
518
519
520
521
522
523
524
525
526
527
528
529
530
531
532
533
534
535
536
537
538
539
540
541
542
543
544
545
546
547
548
549
550
551
552
553
554
555
556
557
558
559
560
561
562
563
564
565
566
567
568
569
570
571
572
573
574
575
576
577
578
579
580
581
582
583
584
585
586
587
588
589
590
591
592
593
594
595
596
597
598
599
600
601
602
603
604
605
606
607
608
609
610
611
612
613
614
615
616
617
618
619
620
621
622
623
624
625
626
627
628
629
630
631
632
633
634
635
636
637
638
639
640
641
642
643
644
645
646
647
648
649
650
651
652
653
654
655
656
657
658
659
660
661
662
663
664
665
666
667
668
669
670
671
672
673
674
675
676
677
678
679
680
681
682
683
684
685
686
687
688
689
690
691
692
693
694
695
696
697
698
699
700
701
702
703
704
705
706
707
708
709
710
711
712
713
714
715
716
717
718
719
720
721
722
723
724
725
726
727
728
729
730
731
732
733
734
735
736
737
738
739
740
741
742
743
744
745
746
747
748
749
750
751
752
753
754
755
756
757
758
759
760
761
762
763
764
765
766
767
768
769
770
771
772
773
774
775
776
777
778
779
780
781
782
783
784
785
786
787
788
789
790
791
792
793
794
795
796
797
798
799
800
801
802
803
804
805
806
807
808
809
810
811
640.0000000044306 0 4916.666666666919 4916.666666666919 640.0000000044306
1280.000000008852 0 4916.666666666932 4916.666666666932 1280.000000008852
1920.000000013268 0 4916.666666666948 4916.666666666948 1920.000000013268
2560.000000016073 0 4916.666666666959 4916.666666666959 2560.000000016073
3200.000000016057 0 4916.666666666973 4916.666666666973 3200.000000016057
3840.000000016039 0 4916.666666666988 4916.666666666988 3840.000000016039
4480.00000001324 0 4916.666666667001 4916.666666667001 4480.00000001324
5120.000000008828 0 4916.666666667013 4916.666666667013 5120.000000008828
5760.000000004414 0 4916.666666667026 4916.666666667026 5760.000000004414
640.0000000043137 0 4833.333333333838 4833.333333333838 640.0000000043137
1280.000000008608 0 4833.333333333867 4833.333333333867 1280.000000008608
1920.000000012893 0 4833.333333333892 4833.333333333892 1920.000000012893
2560.000000015627 0 4833.33333333392 4833.33333333392 2560.000000015627
3200.000000015593 0 4833.333333333947 4833.333333333947 3200.000000015593
3840.000000015558 0 4833.333333333974 4833.333333333974 3840.000000015558
4480.000000012837 0 4833.333333334 4833.333333334 4480.000000012837
5120.000000008558 0 4833.333333334027 4833.333333334027 5120.000000008558
5760.000000004279 0 4833.333333334056 4833.333333334056 5760.000000004279
640.0000000041971 0 4750.00000000076 4750.00000000076 640.0000000041971
1280.000000008365 0 4750.000000000801 4750.000000000801 1280.000000008365
1920.000000012519 0 4750.000000000839 4750.000000000839 1920.000000012519
2560.000000015182 0 4750.000000000881 4750.000000000881 2560.000000015182
3200.00000001513 0 4750.000000000922 4750.000000000922 3200.00000001513
3840.000000015078 0 4750.000000000962 4750.000000000962 3840.000000015078
4480.000000012436 0 4750.000000001002 4750.000000001002 4480.000000012436
5120.00000000829 0 4750.000000001041 4750.000000001041 5120.00000000829
5760.000000004145 0 4750.000000001081 4750.000000001081 5760.000000004145
640.0000000040803 0 4666.666666667678 4666.666666667678 640.0000000040803
1280.000000008122 0 4666.666666667733 4666.666666667733 1280.000000008122
1920.000000012145 0 4666.666666667787 4666.666666667787 1920.000000012145
2560.000000014736 0 4666.66666666784 4666.66666666784 2560.000000014736
3200.000000014667 0 4666.666666667893 4666.666666667893 3200.000000014667
3840.000000014596 0 4666.666666667948 4666.666666667948 3840.000000014596
4480.000000012034 0 4666.666666668003 4666.666666668003 4480.000000012034
5120.000000008022 0 4666.666666668055 4666.666666668055 5120.000000008022
5760.00000000401 0 4666.666666668109 4666.666666668109 5760.00000000401
640.0000000039637 0 4583.333333334599 4583.333333334599 640.0000000039637
1280.000000007879 0 4583.333333334666 4583.333333334666 1280.000000007879
1920.000000011771 0 4583.333333334734 4583.333333334734 1920.000000011771
2560.00000001429 0 4583.333333334801 4583.333333334801 2560.00000001429
3200.000000014203 0 4583.333333334868 4583.333333334868 3200.000000014203
3840.000000014116 0 4583.333333334936 4583.333333334936 3840.000000014116
4480.000000011631 0 4583.333333335003 4583.333333335003 4480.000000011631
5120.000000007754 0 4583.33333333507 4583.33333333507 5120.000000007754
5760.000000003875 0 4583.333333335137 4583.333333335137 5760.000000003875
640.0000000038467 0 4500.000000001518 4500.000000001518 640.0000000038467
1280.000000007636 0 4500.000000001598 4500.000000001598 1280.000000007636
1920.000000011396 0 4500.00000000168 4500.00000000168 1920.000000011396
2560.000000013843 0 4500.00000000176 4500.00000000176 2560.000000013843
3200.000000013739 0 4500.000000001842 4500.000000001842 3200.000000013739
3840.000000013636 0 4500.000000001922 4500.000000001922 3840.000000013636
4480.000000011228 0 4500.000000002002 4500.000000002002 4480.000000011228
5120.000000007486 0 4500.000000002084 4500.000000002084 5120.000000007486
5760.000000003743 0 4500.000000002164 4500.000000002164 5760.000000003743
640.00000000373 0 4416.66666666844 4416.66666666844 640.00000000373
1280.000000007392 0 4416.666666668531 4416.666666668531 1280.000000007392
1920.000000011022 0 4416.666666668628 4416.666666668628 1920.000000011022
2560.000000013398 0 4416.666666668722 4416.666666668722 2560.000000013398
3200.000000013276 0 4416.666666668815 4416.666666668815 3200.000000013276
3840.000000013153 0 4416.666666668909 4416.666666668909 3840.000000013153
4480.000000010826 0 4416.666666669003 4416.666666669003 4480.000000010826
5120.000000007218 0 4416.666666669097 4416.666666669097 5120.000000007218
5760.000000003609 0 4416.66666666919 4416.66666666919 5760.000000003609
640.000000003613 0 4333.333333335358 4333.333333335358 640.000000003613
1280.000000007149 0 4333.333333335465 4333.333333335465 1280.000000007149
1920.000000010647 0 4333.333333335573 4333.333333335573 1920.000000010647
2560.000000012952 0 4333.33333333568 4333.33333333568 2560.000000012952
3200.000000012813 0 4333.333333335789 4333.333333335789 3200.000000012813
3840.000000012673 0 4333.333333335896 4333.333333335896 3840.000000012673
4480.000000010422 0 4333.333333336005 4333.333333336005 4480.000000010422
5120.000000006949 0 4333.333333336112 4333.333333336112 5120.000000006949
5760.000000003475 0 4333.33333333622 4333.33333333622 5760.000000003475
640.0000000034963 0 4250.000000002277 4250.000000002277 640.0000000034963
1280.000000006906 0 4250.000000002399 4250.000000002399 1280.000000006906
1920.000000010273 0 4250.000000002518 4250.000000002518 1920.000000010273
2560.000000012506 0 4250.000000002641 4250.000000002641 2560.000000012506
3200.000000012349 0 4250.000000002761 4250.000000002761 3200.000000012349
3840.000000012193 0 4250.000000002883 4250.000000002883 3840.000000012193
4480.000000010021 0 4250.000000003004 4250.000000003004 4480.000000010021
5120.000000006681 0 4250.000000003125 4250.000000003125 5120.000000006681
5760.000000003341 0 4250.000000003245 4250.000000003245 5760.000000003341
640.0000000033796 0 4166.666666669198 4166.666666669198 640.0000000033796
1280.000000006663 0 4166.666666669333 4166.666666669333 1280.000000006663
1920.000000009899 0 4166.666666669467 4166.666666669467 1920.000000009899
2560.00000001206 0 4166.666666669603 4166.666666669603 2560.00000001206
3200.000000011885 0 4166.666666669737 4166.666666669737 3200.000000011885
3840.000000011711 0 4166.666666669871 4166.666666669871 3840.000000011711
4480.000000009618 0 4166.666666670006 4166.666666670006 4480.000000009618
5120.000000006412 0 4166.66666667014 4166.66666667014 5120.000000006412
5760.000000003207 0 4166.666666670275 4166.666666670275 5760.000000003207
640.0000000032628 0 4083.333333336109 4083.333333336109 640.0000000032628
1280.000000006419 0 4083.333333336249 4083.333333336249 1280.000000006419
1920.000000009524 0 4083.333333336389 4083.333333336389 1920.000000009524
2560.000000011613 0 4083.333333336529 4083.333333336529 2560.000000011613
3200.000000011423 0 4083.333333336668 4083.333333336668 3200.000000011423
3840.00000001123 0 4083.333333336806 4083.333333336806 3840.00000001123
4480.000000009216 0 4083.333333336947 4083.333333336947 4480.000000009216
5120.000000006144 0 4083.333333337087 4083.333333337087 5120.000000006144
5760.000000003071 0 4083.333333337227 4083.333333337227 5760.000000003071
640.0000000031459 0 4000.000000002964 4000.000000002964 640.0000000031459
1280.000000006176 0 4000.00000000305 4000.00000000305 1280.000000006176
1920.00000000915 0 4000.000000003137 4000.000000003137 1920.00000000915
2560.000000011168 0 4000.000000003223 4000.000000003223 2560.000000011168
3200.000000010959 0 4000.00000000331 4000.00000000331 3200.000000010959
3840.000000010749 0 4000.000000003398 4000.000000003398 3840.000000010749
4480.000000008815 0 4000.000000003483 4000.000000003483 4480.000000008815
5120.000000005875 0 4000.00000000357 4000.00000000357 5120.000000005875
5760.000000002937 0 4000.000000003657 4000.000000003657 5760.000000002937
640.0000000030291 0 3916.666666669807 3916.666666669807 640.0000000030291
1280.000000005933 0 3916.666666669831 3916.666666669831 1280.000000005933
1920.000000008775 0 3916.666666669855 3916.666666669855 1920.000000008775
2560.000000010722 0 3916.666666669879 3916.666666669879 2560.000000010722
3200.000000010496 0 3916.666666669905 3916.666666669905 3200.000000010496
3840.000000010269 0 3916.666666669929 3916.666666669929 3840.000000010269
4480.00000000841 0 3916.666666669954 3916.666666669954 4480.00000000841
5120.000000005608 0 3916.666666669978 3916.666666669978 5120.000000005608
5760.000000002803 0 3916.666666670003 3916.666666670003 5760.000000002803
640.0000000029124 0 3833.333333336651 3833.333333336651 640.0000000029124
1280.00000000569 0 3833.333333336612 3833.333333336612 1280.00000000569
1920.000000008401 0 3833.333333336575 3833.333333336575 1920.000000008401
2560.000000010276 0 3833.333333336537 3833.333333336537 2560.000000010276
3200.000000010032 0 3833.3333333365 3833.3333333365 3200.000000010032
3840.000000009788 0 3833.333333336461 3833.333333336461 3840.000000009788
4480.000000008009 0 3833.333333336423 3833.333333336423 4480.000000008009
5120.000000005339 0 3833.333333336385 3833.333333336385 5120.000000005339
5760.000000002669 0 3833.333333336347 3833.333333336347 5760.000000002669
640.0000000027957 0 3750.000000003494 3750.000000003494 640.0000000027957
1280.000000005447 0 3750.000000003396 3750.000000003396 1280.000000005447
1920.000000008027 0 3750.000000003295 3750.000000003295 1920.000000008027
2560.00000000983 0 3750.000000003194 3750.000000003194 2560.00000000983
3200.000000009568 0 3750.000000003094 3750.000000003094 3200.000000009568
3840.000000009306 0 3750.000000002994 3750.000000002994 3840.000000009306
4480.000000007606 0 3750.000000002893 3750.000000002893 4480.000000007606
5120.00000000507 0 3750.000000002794 3750.000000002794 5120.00000000507
5760.000000002535 0 3750.000000002693 3750.000000002693 5760.000000002535
640.0000000026789 0 3666.66666667034 3666.66666667034 640.0000000026789
1280.000000005203 0 3666.666666670176 3666.666666670176 1280.000000005203
1920.000000007652 0 3666.666666670014 3666.666666670014 1920.000000007652
2560.000000009384 0 3666.666666669852 3666.666666669852 2560.000000009384
3200.000000009105 0 3666.666666669689 3666.666666669689 3200.000000009105
3840.000000008826 0 3666.666666669526 3666.666666669526 3840.000000008826
4480.000000007204 0 3666.666666669365 3666.666666669365 4480.000000007204
5120.000000004804 0 3666.6666666692 3666.6666666692 5120.000000004804
5760.000000002402 0 3666.666666669039 3666.666666669039 5760.000000002402
640.000000002562 0 3583.333333337182 3583.333333337182 640.000000002562
1280.00000000496 0 3583.333333336958 3583.333333336958 1280.00000000496
1920.000000007278 0 3583.333333336733 3583.333333336733 1920.000000007278
2560.000000008938 0 3583.333333336509 3583.333333336509 2560.000000008938
3200.000000008642 0 3583.333333336283 3583.333333336283 3200.000000008642
3840.000000008344 0 3583.333333336058 3583.333333336058 3840.000000008344
4480.000000006803 0 3583.333333335835 3583.333333335835 4480.000000006803
5120.000000004536 0 3583.333333335609 3583.333333335609 5120.000000004536
5760.000000002267 0 3583.333333335384 3583.333333335384 5760.000000002267
640.0000000024452 0 3500.000000004027 3500.000000004027 640.0000000024452
1280.000000004717 0 3500.000000003739 3500.000000003739 1280.000000004717
1920.000000006904 0 3500.000000003452 3500.000000003452 1920.000000006904
2560.000000008491 0 3500.000000003165 3500.000000003165 2560.000000008491
3200.000000008178 0 3500.000000002878 3500.000000002878 3200.000000008178
3840.000000007863 0 3500.00000000259 3500.00000000259 3840.000000007863
4480.000000006398 0 3500.000000002304 3500.000000002304 4480.000000006398
5120.000000004266 0 3500.000000002016 3500.000000002016 5120.000000004266
5760.000000002132 0 3500.000000001728 3500.000000001728 5760.000000002132
640.0000000023283 0 3416.66666667087 3416.66666667087 640.0000000023283
1280.000000004474 0 3416.66666667052 3416.66666667052 1280.000000004474
1920.000000006529 0 3416.666666670172 3416.666666670172 1920.000000006529
2560.000000008046 0 3416.666666669821 3416.666666669821 2560.000000008046
3200.000000007715 0 3416.666666669472 3416.666666669472 3200.000000007715
3840.000000007383 0 3416.666666669123 3416.666666669123 3840.000000007383
4480.000000005999 0 3416.666666668773 3416.666666668773 4480.000000005999
5120.000000003998 0 3416.666666668423 3416.666666668423 5120.000000003998
5760.000000001999 0 3416.666666668074 3416.666666668074 5760.000000001999
640.0000000022114 0 3333.333333337714 3333.333333337714 640.0000000022114
1280.000000004231 0 3333.333333337302 3333.333333337302 1280.000000004231
1920.000000006155 0 3333.333333336891 3333.333333336891 1920.000000006155
2560.000000007601 0 3333.333333336478 3333.333333336478 2560.000000007601
3200.00000000725 0 3333.333333336067 3333.333333336067 3200.00000000725
3840.000000006901 0 3333.333333335655 3333.333333335655 3840.000000006901
4480.000000005594 0 3333.333333335243 3333.333333335243 4480.000000005594
5120.000000003731 0 3333.333333334831 3333.333333334831 5120.000000003731
5760.000000001864 0 3333.333333334419 3333.333333334419 5760.000000001864
640.0000000020948 0 3250.000000004558 3250.000000004558 640.0000000020948
1280.000000003987 0 3250.000000004085 3250.000000004085 1280.000000003987
1920.00000000578 0 3250.00000000361 3250.00000000361 1920.00000000578
2560.000000007154 0 3250.000000003135 3250.000000003135 2560.000000007154
3200.000000006788 0 3250.000000002662 3250.000000002662 3200.000000006788
3840.000000006421 0 3250.000000002187 3250.000000002187 3840.000000006421
4480.000000005191 0 3250.000000001713 3250.000000001713 4480.000000005191
5120.000000003462 0 3250.00000000124 3250.00000000124 5120.000000003462
5760.00000000173 0 3250.000000000764 3250.000000000764 5760.00000000173
640.0000000019782 0 3166.666666671402 3166.666666671402 640.0000000019782
1280.000000003744 0 3166.666666670866 3166.666666670866 1280.000000003744
1920.000000005406 0 3166.66666667033 3166.66666667033 1920.000000005406
2560.000000006708 0 3166.666666669793 3166.666666669793 2560.000000006708
3200.000000006325 0 3166.666666669256 3166.666666669256 3200.000000006325
3840.000000005941 0 3166.66666666872 3166.66666666872 3840.000000005941
4480.00000000479 0 3166.666666668182 3166.666666668182 4480.00000000479
5120.000000003192 0 3166.666666667647 3166.666666667647 5120.000000003192
5760.000000001598 0 3166.666666667111 3166.666666667111 5760.000000001598
640.0000000018613 0 3083.333333338246 3083.333333338246 640.0000000018613
1280.000000003501 0 3083.333333337647 3083.333333337647 1280.000000003501
1920.000000005032 0 3083.333333337047 3083.333333337047 1920.000000005032
2560.000000006262 0 3083.333333336449 3083.333333336449 2560.000000006262
3200.000000005861 0 3083.333333335851 3083.333333335851 3200.000000005861
3840.000000005459 0 3083.333333335251 3083.333333335251 3840.000000005459
4480.000000004386 0 3083.333333334653 3083.333333334653 4480.000000004386
5120.000000002925 0 3083.333333334053 3083.333333334053 5120.000000002925
5760.000000001463 0 3083.333333333455 3083.333333333455 5760.000000001463
640.0000000017444 0 3000.000000005089 3000.000000005089 640.0000000017444
1280.000000003258 0 3000.000000004429 3000.000000004429 1280.000000003258
1920.000000004657 0 3000.000000003767 3000.000000003767 1920.000000004657
2560.000000005816 0 3000.000000003106 3000.000000003106 2560.000000005816
3200.000000005397 0 3000.000000002445 3000.000000002445 3200.000000005397
3840.000000004979 0 3000.000000001784 3000.000000001784 3840.000000004979
4480.000000003984 0 3000.000000001122 3000.000000001122 4480.000000003984
5120.000000002658 0 3000.000000000461 3000.000000000461 5120.000000002658
5760.00000000133 0 2999.9999999998 2999.9999999998 5760.00000000133
640.0000000016275 0 2916.666666671933 2916.666666671933 640.0000000016275
1280.000000003015 0 2916.666666671209 2916.666666671209 1280.000000003015
1920.000000004283 0 2916.666666670486 2916.666666670486 1920.000000004283
2560.000000005371 0 2916.666666669763 2916.666666669763 2560.000000005371
3200.000000004934 0 2916.666666669039 2916.666666669039 3200.000000004934
3840.000000004497 0 2916.666666668316 2916.666666668316 3840.000000004497
4480.000000003582 0 2916.666666667593 2916.666666667593 4480.000000003582
5120.000000002388 0 2916.666666666869 2916.666666666869 5120.000000002388
5760.000000001193 0 2916.666666666146 2916.666666666146 5760.000000001193
640.0000000015107 0 2833.333333338776 2833.333333338776 640.0000000015107
1280.000000002771 0 2833.333333337992 2833.333333337992 1280.000000002771
1920.000000003909 0 2833.333333337206 2833.333333337206 1920.000000003909
2560.000000004924 0 2833.333333336419 2833.333333336419 2560.000000004924
3200.00000000447 0 2833.333333335634 2833.333333335634 3200.00000000447
3840.000000004017 0 2833.333333334849 2833.333333334849 3840.000000004017
4480.00000000318 0 2833.333333334063 2833.333333334063 4480.00000000318
5120.000000002119 0 2833.333333333277 2833.333333333277 5120.000000002119
5760.00000000106 0 2833.333333332491 2833.333333332491 5760.00000000106
640.000000001394 0 2750.000000005622 2750.000000005622 640.000000001394
1280.000000002528 0 2750.000000004773 2750.000000004773 1280.000000002528
1920.000000003534 0 2750.000000003926 2750.000000003926 1920.000000003534
2560.000000004478 0 2750.000000003077 2750.000000003077 2560.000000004478
3200.000000004007 0 2750.000000002229 2750.000000002229 3200.000000004007
3840.000000003536 0 2750.000000001382 2750.000000001382 3840.000000003536
4480.000000002779 0 2750.000000000533 2750.000000000533 4480.000000002779
5120.000000001852 0 2749.999999999685 2749.999999999685 5120.000000001852
5760.000000000925 0 2749.999999998837 2749.999999998837 5760.000000000925
640.0000000012774 0 2666.666666672465 2666.666666672465 640.0000000012774
1280.000000002284 0 2666.666666671554 2666.666666671554 1280.000000002284
1920.00000000316 0 2666.666666670643 2666.666666670643 1920.00000000316
2560.000000004032 0 2666.666666669734 2666.666666669734 2560.000000004032
3200.000000003543 0 2666.666666668822 2666.666666668822 3200.000000003543
3840.000000003056 0 2666.666666667913 2666.666666667913 3840.000000003056
4480.000000002374 0 2666.666666667002 2666.666666667002 4480.000000002374
5120.000000001584 0 2666.666666666092 2666.666666666092 5120.000000001584
5760.000000000791 0 2666.666666665181 2666.666666665181 5760.000000000791
640.0000000011605 0 2583.333333339309 2583.333333339309 640.0000000011605
1280.000000002042 0 2583.333333338336 2583.333333338336 1280.000000002042
1920.000000002786 0 2583.333333337364 2583.333333337364 1920.000000002786
2560.000000003586 0 2583.333333336391 2583.333333336391 2560.000000003586
3200.00000000308 0 2583.333333335417 2583.333333335417 3200.00000000308
3840.000000002574 0 2583.333333334445 2583.333333334445 3840.000000002574
4480.000000001973 0 2583.333333333473 2583.333333333473 4480.000000001973
5120.000000001315 0 2583.333333332499 2583.333333332499 5120.000000001315
5760.000000000658 0 2583.333333331526 2583.333333331526 5760.000000000658
640.0000000010436 0 2500.000000006081 2500.000000006081 640.0000000010436
1280.000000001798 0 2500.000000005063 2500.000000005063 1280.000000001798
1920.000000002411 0 2500.000000004047 2500.000000004047 1920.000000002411
2560.00000000314 0 2500.00000000303 2500.00000000303 2560.00000000314
3200.000000002617 0 2500.000000002012 2500.000000002012 3200.000000002617
3840.000000002094 0 2500.000000000995 2500.000000000995 3840.000000002094
4480.00000000157 0 2499.999999999977 2499.999999999977 4480.00000000157
5120.000000001048 0 2499.99999999896 2499.99999999896 5120.000000001048
5760.000000000524 0 2499.999999997944 2499.999999997944 5760.000000000524
640.0000000009268 0 2416.666666672391 2416.666666672391 640.0000000009268
1280.000000001555 0 2416.666666671445 2416.666666671445 1280.000000001555
1920.000000002037 0 2416.666666670499 2416.666666670499 1920.000000002037
2560.000000002694 0 2416.666666669554 2416.666666669554 2560.000000002694
3200.000000002154 0 2416.666666668608 2416.666666668608 3200.000000002154
3840.000000001612 0 2416.666666667662 2416.666666667662 3840.000000001612
4480.000000001168 0 2416.666666666716 2416.666666666716 4480.000000001168
5120.000000000779 0 2416.66666666577 2416.66666666577 5120.000000000779
5760.00000000039 0 2416.666666664824 2416.666666664824 5760.00000000039
640.0000000008101 0 2333.33333333863 2333.33333333863 640.0000000008101
1280.000000001312 0 2333.333333337773 2333.333333337773 1280.000000001312
1920.000000001662 0 2333.333333336916 2333.333333336916 1920.000000001662
2560.000000002248 0 2333.33333333606 2333.33333333606 2560.000000002248
3200.00000000169 0 2333.333333335203 2333.333333335203 3200.00000000169
3840.000000001132 0 2333.333333334346 2333.333333334346 3840.000000001132
4480.000000000767 0 2333.333333333489 2333.333333333489 4480.000000000767
5120.000000000511 0 2333.333333332632 2333.333333332632 5120.000000000511
5760.000000000256 0 2333.333333331776 2333.333333331776 5760.000000000256
640.0000000006933 0 2250.000000004868 2250.000000004868 640.0000000006933
1280.000000001068 0 2250.0000000041 2250.0000000041 1280.000000001068
1920.000000001289 0 2250.000000003332 2250.000000003332 1920.000000001289
2560.000000001802 0 2250.000000002565 2250.000000002565 2560.000000001802
3200.000000001226 0 2250.000000001798 2250.000000001798 3200.000000001226
3840.000000000651 0 2250.00000000103 2250.00000000103 3840.000000000651
4480.000000000363 0 2250.000000000263 2250.000000000263 4480.000000000363
5120.000000000242 0 2249.999999999495 2249.999999999495 5120.000000000242
5760.000000000121 0 2249.999999998728 2249.999999998728 5760.000000000121
640.0000000005764 0 2166.666666671106 2166.666666671106 640.0000000005764
1280.000000000826 0 2166.666666670427 2166.666666670427 1280.000000000826
1920.000000000914 0 2166.666666669749 2166.666666669749 1920.000000000914
2560.000000001356 0 2166.666666669071 2166.666666669071 2560.000000001356
3200.000000000763 0 2166.666666668393 2166.666666668393 3200.000000000763
3840.000000000169 0 2166.666666667716 2166.666666667716 3840.000000000169
4479.99999999996 0 2166.666666667037 2166.666666667037 4479.99999999996
5119.999999999973 0 2166.666666666359 2166.666666666359 5119.999999999973
5759.999999999985 0 2166.666666665681 2166.666666665681 5759.999999999985
640.0000000004597 0 2083.333333337343 2083.333333337343 640.0000000004597
1280.000000000582 0 2083.333333336755 2083.333333336755 1280.000000000582
1920.000000000539 0 2083.333333336166 2083.333333336166 1920.000000000539
2560.00000000091 0 2083.333333335577 2083.333333335577 2560.00000000091
3200.000000000299 0 2083.333333334988 2083.333333334988 3200.000000000299
3839.999999999689 0 2083.333333334399 2083.333333334399 3839.999999999689
4479.999999999559 0 2083.333333333811 2083.333333333811 4479.999999999559
5119.999999999705 0 2083.333333333222 2083.333333333222 5119.999999999705
5759.999999999851 0 2083.333333332633 2083.333333332633 5759.999999999851
640.0000000003429 0 2000.000000003557 2000.000000003557 640.0000000003429
1280.000000000339 0 2000.000000003034 2000.000000003034 1280.000000000339
1920.000000000165 0 2000.000000002512 2000.000000002512 1920.000000000165
2560.000000000464 0 2000.00000000199 2000.00000000199 2560.000000000464
3199.999999999836 0 2000.000000001467 2000.000000001467 3199.999999999836
3839.999999999208 0 2000.000000000945 2000.000000000945 3839.999999999208
4479.999999999156 0 2000.000000000422 2000.000000000422 4479.999999999156
5119.999999999438 0 1999.999999999899 1999.999999999899 5119.999999999438
5759.999999999718 0 1999.999999999377 1999.999999999377 5759.999999999718
640.000000000226 0 1916.666666669758 1916.666666669758 640.000000000226
1280.000000000095 0 1916.666666669286 1916.666666669286 1280.000000000095
1919.999999999791 0 1916.666666668815 1916.666666668815 1919.999999999791
2560.000000000018 0 1916.666666668344 1916.666666668344 2560.000000000018
3199.999999999372 0 1916.666666667873 1916.666666667873 3199.999999999372
3839.999999998727 0 1916.666666667401 1916.666666667401 3839.999999998727
4479.999999998755 0 1916.66666666693 1916.66666666693 4479.999999998755
5119.999999999169 0 1916.666666666459 1916.666666666459 5119.999999999169
5759.999999999585 0 1916.666666665988 1916.666666665988 5759.999999999585
640.0000000001093 0 1833.333333335959 1833.333333335959 640.0000000001093
1279.999999999852 0 1833.333333335539 1833.333333335539 1279.999999999852
1919.999999999416 0 1833.333333335119 1833.333333335119 1919.999999999416
2559.999999999572 0 1833.333333334699 1833.333333334699 2559.999999999572
3199.999999998909 0 1833.333333334279 1833.333333334279 3199.999999998909
3839.999999998247 0 1833.333333333859 1833.333333333859 3839.999999998247
4479.999999998352 0 1833.333333333439 1833.333333333439 4479.999999998352
5119.9999999989 0 1833.333333333019 1833.333333333019 5119.9999999989
5759.999999999452 0 1833.333333332599 1833.333333332599 5759.999999999452
639.9999999999925 0 1750.000000002159 1750.000000002159 639.9999999999925
1279.999999999609 0 1750.00000000179 1750.00000000179 1279.999999999609
1919.999999999042 0 1750.000000001422 1750.000000001422 1919.999999999042
2559.999999999126 0 1750.000000001054 1750.000000001054 2559.999999999126
3199.999999998446 0 1750.000000000685 1750.000000000685 3199.999999998446
3839.999999997765 0 1750.000000000316 1750.000000000316 3839.999999997765
4479.999999997947 0 1749.999999999947 1749.999999999947 4479.999999997947
5119.999999998632 0 1749.999999999579 1749.999999999579 5119.999999998632
5759.999999999318 0 1749.99999999921 1749.99999999921 5759.999999999318
639.9999999998756 0 1666.666666668358 1666.666666668358 639.9999999998756
1279.999999999366 0 1666.666666668041 1666.666666668041 1279.999999999366
1919.999999998668 0 1666.666666667724 1666.666666667724 1919.999999998668
2559.99999999868 0 1666.666666667407 1666.666666667407 2559.99999999868
3199.999999997982 0 1666.66666666709 1666.66666666709 3199.999999997982
3839.999999997285 0 1666.666666666773 1666.666666666773 3839.999999997285
4479.999999997547 0 1666.666666666456 1666.666666666456 4479.999999997547
5119.999999998365 0 1666.666666666139 1666.666666666139 5119.999999998365
5759.999999999182 0 1666.666666665821 1666.666666665821 5759.999999999182
639.999999999759 0 1583.333333334559 1583.333333334559 639.999999999759
1279.999999999123 0 1583.333333334293 1583.333333334293 1279.999999999123
1919.999999998293 0 1583.333333334028 1583.333333334028 1919.999999998293
2559.999999998234 0 1583.333333333762 1583.333333333762 2559.999999998234
3199.999999997519 0 1583.333333333496 1583.333333333496 3199.999999997519
3839.999999996803 0 1583.33333333323 1583.33333333323 3839.999999996803
4479.999999997143 0 1583.333333332964 1583.333333332964 4479.999999997143
5119.999999998096 0 1583.333333332699 1583.333333332699 5119.999999998096
5759.999999999048 0 1583.333333332433 1583.333333332433 5759.999999999048
639.9999999996421 0 1500.000000000759 1500.000000000759 639.9999999996421
1279.999999998879 0 1500.000000000544 1500.000000000544 1279.999999998879
1919.999999997919 0 1500.00000000033 1500.00000000033 1919.999999997919
2559.999999997788 0 1500.000000000116 1500.000000000116 2559.999999997788
3199.999999997055 0 1499.999999999902 1499.999999999902 3199.999999997055
3839.999999996322 0 1499.999999999687 1499.999999999687 3839.999999996322
4479.999999996741 0 1499.999999999472 1499.999999999472 4479.999999996741
5119.999999997828 0 1499.999999999258 1499.999999999258 5119.999999997828
5759.999999998913 0 1499.999999999044 1499.999999999044 5759.999999998913
639.9999999995252 0 1416.666666666959 1416.666666666959 639.9999999995252
1279.999999998636 0 1416.666666666796 1416.666666666796 1279.999999998636
1919.999999997544 0 1416.666666666634 1416.666666666634 1919.999999997544
2559.999999997341 0 1416.66666666647 1416.66666666647 2559.999999997341
3199.999999996592 0 1416.666666666307 1416.666666666307 3199.999999996592
3839.999999995842 0 1416.666666666144 1416.666666666144 3839.999999995842
4479.99999999634 0 1416.666666665981 1416.666666665981 4479.99999999634
5119.999999997559 0 1416.666666665818 1416.666666665818 5119.999999997559
5759.999999998779 0 1416.666666665655 1416.666666665655 5759.999999998779
639.9999999994084 0 1333.333333333159 1333.333333333159 639.9999999994084
1279.999999998393 0 1333.333333333048 1333.333333333048 1279.999999998393
1919.99999999717 0 1333.333333332936 1333.333333332936 1919.99999999717
2559.999999996896 0 1333.333333332824 1333.333333332824 2559.999999996896
3199.999999996128 0 1333.333333332713 1333.333333332713 3199.999999996128
3839.999999995361 0 1333.333333332601 1333.333333332601 3839.999999995361
4479.999999995935 0 1333.333333332489 1333.333333332489 4479.999999995935
5119.999999997292 0 1333.333333332377 1333.333333332377 5119.999999997292
5759.999999998647 0 1333.333333332266 1333.333333332266 5759.999999998647
639.9999999992918 0 1249.999999999359 1249.999999999359 639.9999999992918
1279.99999999815 0 1249.999999999299 1249.999999999299 1279.99999999815
1919.999999996796 0 1249.999999999239 1249.999999999239 1919.999999996796
2559.99999999645 0 1249.999999999179 1249.999999999179 2559.99999999645
3199.999999995664 0 1249.999999999118 1249.999999999118 3199.999999995664
3839.99999999488 0 1249.999999999058 1249.999999999058 3839.99999999488
4479.999999995535 0 1249.999999998998 1249.999999998998 4479.999999995535
5119.999999997022 0 1249.999999998937 1249.999999998937 5119.999999997022
5759.999999998511 0 1249.999999998877 1249.999999998877 5759.999999998511
639.9999999991749 0 1166.66666666556 1166.66666666556 639.9999999991749
1279.999999997907 0 1166.666666665551 1166.666666665551 1279.999999997907
1919.999999996421 0 1166.666666665542 1166.666666665542 1919.999999996421
2559.999999996005 0 1166.666666665533 1166.666666665533 2559.999999996005
3199.999999995202 0 1166.666666665524 1166.666666665524 3199.999999995202
3839.9999999944 0 1166.666666665515 1166.666666665515 3839.9999999944
4479.999999995131 0 1166.666666665506 1166.666666665506 4479.999999995131
5119.999999996755 0 1166.666666665497 1166.666666665497 5119.999999996755
5759.999999998379 0 1166.666666665488 1166.666666665488 5759.999999998379
639.9999999990583 0 1083.33333333176 1083.33333333176 639.9999999990583
1279.999999997663 0 1083.333333331802 1083.333333331802 1279.999999997663
1919.999999996047 0 1083.333333331844 1083.333333331844 1919.999999996047
2559.999999995558 0 1083.333333331887 1083.333333331887 2559.999999995558
3199.999999994738 0 1083.333333331929 1083.333333331929 3199.999999994738
3839.999999993917 0 1083.333333331972 1083.333333331972 3839.999999993917
4479.999999994729 0 1083.333333332014 1083.333333332014 4479.999999994729
5119.999999996488 0 1083.333333332056 1083.333333332056 5119.999999996488
5759.999999998243 0 1083.333333332099 1083.333333332099 5759.999999998243
639.9999999989413 0 999.9999999979677 999.9999999979677 639.9999999989413
1279.99999999742 0 999.9999999980694 999.9999999980694 1279.99999999742
1919.999999995672 0 999.999999998171 999.999999998171 1919.999999995672
2559.999999995111 0 999.9999999982729 999.9999999982729 2559.999999995111
3199.999999994274 0 999.9999999983747 999.9999999983747 3199.999999994274
3839.999999993437 0 999.9999999984761 999.9999999984761 3839.999999993437
4479.999999994327 0 999.999999998578 999.999999998578 4479.999999994327
5119.999999996218 0 999.9999999986799 999.9999999986799 5119.999999996218
5759.999999998109 0 999.9999999987817 999.9999999987817 5759.999999998109
639.9999999988245 0 916.6666666642725 916.6666666642725 639.9999999988245
1279.999999997177 0 916.666666664435 916.666666664435 1279.999999997177
1919.999999995298 0 916.6666666645974 916.6666666645974 1919.999999995298
2559.999999994666 0 916.66666666476 916.66666666476 2559.999999994666
3199.999999993811 0 916.6666666649223 916.6666666649223 3199.999999993811
3839.999999992956 0 916.6666666650849 916.6666666650849 3839.999999992956
4479.999999993924 0 916.6666666652472 916.6666666652472 4479.999999993924
5119.999999995949 0 916.66666666541 916.66666666541 5119.999999995949
5759.999999997975 0 916.6666666655724 916.6666666655724 5759.999999997975
639.9999999987079 0 833.3333333310992 833.3333333310992 639.9999999987079
1279.999999996934 0 833.3333333312644 833.3333333312644 1279.999999996934
1919.999999994924 0 833.3333333314297 833.3333333314297 1919.999999994924
2559.99999999422 0 833.333333331595 833.333333331595 2559.99999999422
3199.999999993348 0 833.3333333317601 833.3333333317601 3199.999999993348
3839.999999992475 0 833.3333333319256 833.3333333319256 3839.999999992475
4479.999999993523 0 833.3333333320909 833.3333333320909 4479.999999993523
5119.999999995682 0 833.333333332256 833.333333332256 5119.999999995682
5759.999999997841 0 833.3333333324215 833.3333333324215 5759.999999997841
639.999999998591 0 749.9999999979999 749.9999999979999 639.999999998591
1279.99999999669 0 749.9999999981596 749.9999999981596 1279.99999999669
1919.999999994549 0 749.9999999983195 749.9999999983195 1919.999999994549
2559.999999993773 0 749.9999999984792 749.9999999984792 2559.999999993773
3199.999999992885 0 749.9999999986389 749.9999999986389 3199.999999992885
3839.999999991995 0 749.999999998799 749.999999998799 3839.999999991995
4479.99999999312 0 749.9999999989589 749.9999999989589 4479.99999999312
5119.999999995413 0 749.9999999991185 749.9999999991185 5119.999999995413
5759.999999997705 0 749.9999999992782 749.9999999992782 5759.999999997705
639.9999999984743 0 666.6666666649012 666.6666666649012 639.9999999984743
1279.999999996447 0 666.6666666650557 666.6666666650557 1279.999999996447
1919.999999994175 0 666.6666666652097 666.6666666652097 1919.999999994175
2559.999999993327 0 666.6666666653642 666.6666666653642 2559.999999993327
3199.99999999242 0 666.6666666655183 666.6666666655183 3199.99999999242
3839.999999991513 0 666.6666666656726 666.6666666656726 3839.999999991513
4479.999999992718 0 666.6666666658268 666.6666666658268 4479.999999992718
5119.999999995145 0 666.6666666659812 666.6666666659812 5119.999999995145
5759.999999997573 0 666.6666666661355 666.6666666661355 5759.999999997573
639.9999999983575 0 583.3333333317934 583.3333333317934 639.9999999983575
1279.999999996203 0 583.3333333319326 583.3333333319326 1279.999999996203
1919.9999999938 0 583.3333333320718 583.3333333320718 1919.9999999938
2559.999999992881 0 583.3333333322113 583.3333333322113 2559.999999992881
3199.999999991958 0 583.3333333323503 583.3333333323503 3199.999999991958
3839.999999991033 0 583.3333333324897 583.3333333324897 3839.999999991033
4479.999999992316 0 583.3333333326289 583.3333333326289 4479.999999992316
5119.999999994876 0 583.3333333327682 583.3333333327682 5119.999999994876
5759.99999999744 0 583.3333333329077 583.3333333329077 5759.99999999744
639.9999999982406 0 499.9999999986759 499.9999999986759 639.9999999982406
1279.999999995961 0 499.9999999987907 499.9999999987907 1279.999999995961
1919.999999993426 0 499.9999999989055 499.9999999989055 1919.999999993426
2559.999999992436 0 499.9999999990204 499.9999999990204 2559.999999992436
3199.999999991494 0 499.9999999991351 499.9999999991351 3199.999999991494
3839.999999990552 0 499.99999999925 499.99999999925 3839.999999990552
4479.999999991912 0 499.9999999993646 499.9999999993646 4479.999999991912
5119.999999994609 0 499.9999999994794 499.9999999994794 5119.999999994609
5759.999999997306 0 499.9999999995943 499.9999999995943 5759.999999997306
639.9999999981237 0 416.6666666655578 416.6666666655578 639.9999999981237
1279.999999995718 0 416.6666666656481 416.6666666656481 1279.999999995718
1919.999999993051 0 416.6666666657385 416.6666666657385 1919.999999993051
2559.99999999199 0 416.6666666658289 416.6666666658289 2559.99999999199
3199.999999991031 0 416.6666666659193 416.6666666659193 3199.999999991031
3839.999999990072 0 416.6666666660097 416.6666666660097 3839.999999990072
4479.999999991513 0 416.6666666661 416.6666666661 4479.999999991513
5119.99999999434 0 416.6666666661905 416.6666666661905 5119.99999999434
5759.999999997171 0 416.6666666662809 416.6666666662809 5759.999999997171
639.9999999980072 0 333.3333333324409 333.3333333324409 639.9999999980072
1279.999999995474 0 333.3333333325073 333.3333333325073 1279.999999995474
1919.999999992677 0 333.3333333325738 333.3333333325738 1919.999999992677
2559.999999991544 0 333.3333333326402 333.3333333326402 2559.999999991544
3199.999999990567 0 333.3333333327066 333.3333333327066 3199.999999990567
3839.99999998959 0 333.333333332773 333.333333332773 3839.99999998959
4479.999999991109 0 333.3333333328395 333.3333333328395 4479.999999991109
5119.999999994072 0 333.3333333329058 333.3333333329058 5119.999999994072
5759.999999997036 0 333.3333333329723 333.3333333329723 5759.999999997036
639.9999999978902 0 249.9999999993292 249.9999999993292 639.9999999978902
1279.999999995231 0 249.9999999993778 249.9999999993778 1279.999999995231
1919.999999992303 0 249.9999999994264 249.9999999994264 1919.999999992303
2559.999999991099 0 249.9999999994751 249.9999999994751 2559.999999991099
3199.999999990103 0 249.9999999995237 249.9999999995237 3199.999999990103
3839.999999989111 0 249.9999999995723 249.9999999995723 3839.999999989111
4479.999999990704 0 249.999999999621 249.999999999621 4479.999999990704
5119.999999993804 0 249.9999999996695 249.9999999996695 5119.999999993804
5759.9999999969 0 249.9999999997182 249.9999999997182 5759.9999999969
639.9999999977736 0 166.6666666662213 166.6666666662213 639.9999999977736
1279.999999994988 0 166.6666666662549 166.6666666662549 1279.999999994988
1919.999999991929 0 166.6666666662885 166.6666666662885 1919.999999991929
2559.999999990651 0 166.6666666663221 166.6666666663221 2559.999999990651
3199.99999998964 0 166.6666666663558 166.6666666663558 3199.99999998964
3839.999999988628 0 166.6666666663893 166.6666666663893 3839.999999988628
4479.999999990304 0 166.666666666423 166.666666666423 4479.999999990304
5119.999999993535 0 166.6666666664565 166.6666666664565 5119.999999993535
5759.999999996767 0 166.6666666664902 166.6666666664902 5759.999999996767
639.9999999976568 0 83.33333333311185 83.33333333311185 639.9999999976568
1279.999999994745 0 83.33333333312892 83.33333333312892 1279.999999994745
1919.999999991554 0 83.333333333146 83.333333333146 1919.999999991554
2559.999999990205 0 83.3333333331631 83.3333333331631 2559.999999990205
3199.999999989177 0 83.33333333318018 83.33333333318018 3199.999999989177
3839.999999988148 0 83.33333333319726 83.33333333319726 3839.999999988148
4479.999999989901 0 83.33333333321434 83.33333333321434 4479.999999989901
5119.999999993267 0 83.33333333323141 83.33333333323141 5119.999999993267
5759.999999996632 0 83.33333333324852 83.33333333324852 5759.999999996632
2 21 1 0
2 25 1 0
2 29 1 0
2 33 1 0
2 34 1 531
812
813
814
815
816
817
818
819
820
821
822
823
824
825
826
827
828
829
830
831
832
833
834
835
836
837
838
839
840
841
842
843
844
845
846
847
848
849
850
851
852
853
854
855
856
857
858
859
860
861
862
863
864
865
866
867
868
869
870
871
872
873
874
875
876
877
878
879
880
881
882
883
884
885
886
887
888
889
890
891
892
893
894
895
896
897
898
899
900
901
902
903
904
905
906
907
908
909
910
911
912
913
914
915
916
917
918
919
920
921
922
923
924
925
926
927
928
929
930
931
932
933
934
935
936
937
938
939
940
941
942
943
944
945
946
947
948
949
950
951
952
953
954
955
956
957
958
959
960
961
962
963
964
965
966
967
968
969
970
971
972
973
974
975
976
977
978
979
980
981
982
983
984
985
986
987
988
989
990
991
992
993
994
995
996
997
998
999
1000
1001
1002
1003
1004
1005
1006
1007
1008
1009
1010
1011
1012
1013
1014
1015
1016
1017
1018
1019
1020
1021
1022
1023
1024
1025
1026
1027
1028
1029
1030
1031
1032
1033
1034
1035
1036
1037
1038
1039
1040
1041
1042
1043
1044
1045
1046
1047
1048
1049
1050
1051
1052
1053
1054
1055
1056
1057
1058
1059
1060
1061
1062
1063
1064
1065
1066
1067
1068
1069
1070
1071
1072
1073
1074
1075
1076
1077
1078
1079
1080
1081
1082
1083
1084
1085
1086
1087
1088
1089
1090
1091
1092
1093
1094
1095
1096
1097
1098
1099
1100
1101
1102
1103
1104
1105
1106
1107
1108
1109
1110
1111
1112
1113
1114
1115
1116
1117
1118
1119
1120
1121
1122
1123
1124
1125
1126
1127
1128
1129
1130
1131
1132
1133
1134
1135
1136
1137
1138
1139
1140
1141
1142
1143
1144
1145
1146
1147
1148
1149
1150
1151
1152
1153
1154
1155
1156
1157
1158
1159
1160
1161
1162
1163
1164
1165
1166
1167
1168
1169
1170
1171
1172
1173
1174
1175
1176
1177
1178
1179
1180
1181
1182
1183
1184
1185
1186
1187
1188
1189
1190
1191
1192
1193
1194
1195
1196
1197
1198
1199
1200
1201
1202
1203
1204
1205
1206
1207
1208
1209
1210
1211
1212
1213
1214
1215
1216
1217
1218
1219
1220
1221
1222
1223
1224
1225
1226
1227
1228
1229
1230
1231
1232
1233
1234
1235
1236
1237
1238
1239
1240
1241
1242
1243
1244
1245
1246
1247
1248
1249
1250
1251
1252
1253
1254
1255
1256
1257
1258
1259
1260
1261
1262
1263
1264
1265
1266
1267
1268
1269
1270
1271
1272
1273
1274
1275
1276
1277
1278
1279
1280
1281
1282
1283
1284
1285
1286
1287
1288
1289
1290
1291
1292
1293
1294
1295
1296
1297
1298
1299
1300
1301
1302
1303
1304
1305
1306
1307
1308
1309
1310
1311
1312
1313
1314
1315
1316
1317
1318
1319
1320
1321
1322
1323
1324
1325
1326
1327
1328
1329
1330
1331
1332
1333
1334
1335
1336
1337
1338
1339
1340
1341
1342
640.0000000044306 1600 4916.666666666919 4916.666666666919 640.0000000044306
1280.000000008852 1600 4916.666666666932 4916.666666666932 1280.000000008852
1920.000000013268 1600 4916.666666666948 4916.666666666948 1920.000000013268
2560.000000016073 1600 4916.666666666959 4916.666666666959 2560.000000016073
3200.000000016057 1600 4916.666666666973 4916.666666666973 3200.000000016057
3840.000000016039 1600 4916.666666666988 4916.666666666988 3840.000000016039
4480.00000001324 1600 4916.666666667001 4916.666666667001 4480.00000001324
5120.000000008828 1600 4916.666666667013 4916.666666667013 5120.000000008828
5760.000000004414 1600 4916.666666667026 4916.666666667026 5760.000000004414
640.0000000043137 1600 4833.333333333838 4833.333333333838 640.0000000043137
1280.000000008608 1600 4833.333333333867 4833.333333333867 1280.000000008608
1920.000000012893 1600 4833.333333333892 4833.333333333892 1920.000000012893
2560.000000015627 1600 4833.33333333392 4833.33333333392 2560.000000015627
3200.000000015593 1600 4833.333333333947 4833.333333333947 3200.000000015593
3840.000000015558 1600 4833.333333333974 4833.333333333974 3840.000000015558
4480.000000012837 1600 4833.333333334 4833.333333334 4480.000000012837
5120.000000008558 1600 4833.333333334027 4833.333333334027 5120.000000008558
5760.000000004279 1600 4833.333333334056 4833.333333334056 5760.000000004279
640.0000000041971 1600 4750.00000000076 4750.00000000076 640.0000000041971
1280.000000008365 1600 4750.000000000801 4750.000000000801 1280.000000008365
1920.000000012519 1600 4750.000000000839 4750.000000000839 1920.000000012519
2560.000000015182 1600 4750.000000000881 4750.000000000881 2560.000000015182
3200.00000001513 1600 4750.000000000922 4750.000000000922 3200.00000001513
3840.000000015078 1600 4750.000000000962 4750.000000000962 3840.000000015078
4480.000000012436 1600 4750.000000001002 4750.000000001002 4480.000000012436
5120.00000000829 1600 4750.000000001041 4750.000000001041 5120.00000000829
5760.000000004145 1600 4750.000000001081 4750.000000001081 5760.000000004145
640.0000000040803 1600 4666.666666667678 4666.666666667678 640.0000000040803
1280.000000008122 1600 4666.666666667733 4666.666666667733 1280.000000008122
1920.000000012145 1600 4666.666666667787 4666.666666667787 1920.000000012145
2560.000000014736 1600 4666.66666666784 4666.66666666784 2560.000000014736
3200.000000014667 1600 4666.666666667893 4666.666666667893 3200.000000014667
3840.000000014596 1600 4666.666666667948 4666.666666667948 3840.000000014596
4480.000000012034 1600 4666.666666668003 4666.666666668003 4480.000000012034
5120.000000008022 1600 4666.666666668055 4666.666666668055 5120.000000008022
5760.00000000401 1600 4666.666666668109 4666.666666668109 5760.00000000401
640.0000000039637 1600 4583.333333334599 4583.333333334599 640.0000000039637
1280.000000007879 1600 4583.333333334666 4583.333333334666 1280.000000007879
1920.000000011771 1600 4583.333333334734 4583.333333334734 1920.000000011771
2560.00000001429 1600 4583.333333334801 4583.333333334801 2560.00000001429
3200.000000014203 1600 4583.333333334868 4583.333333334868 3200.000000014203
3840.000000014116 1600 4583.333333334936 4583.333333334936 3840.000000014116
4480.000000011631 1600 4583.333333335003 4583.333333335003 4480.000000011631
5120.000000007754 1600 4583.33333333507 4583.33333333507 5120.000000007754
5760.000000003875 1600 4583.333333335137 4583.333333335137 5760.000000003875
640.0000000038467 1600 4500.000000001518 4500.000000001518 640.0000000038467
1280.000000007636 1600 4500.000000001598 4500.000000001598 1280.000000007636
1920.000000011396 1600 4500.00000000168 4500.00000000168 1920.000000011396
2560.000000013843 1600 4500.00000000176 4500.00000000176 2560.000000013843
3200.000000013739 1600 4500.000000001842 4500.000000001842 3200.000000013739
3840.000000013636 1600 4500.000000001922 4500.000000001922 3840.000000013636
4480.000000011228 1600 4500.000000002002 4500.000000002002 4480.000000011228
5120.000000007486 1600 4500.000000002084 4500.000000002084 5120.000000007486
5760.000000003743 1600 4500.000000002164 4500.000000002164 5760.000000003743
640.00000000373 1600 4416.66666666844 4416.66666666844 640.00000000373
1280.000000007392 1600 4416.666666668531 4416.666666668531 1280.000000007392
1920.000000011022 1600 4416.666666668628 4416.666666668628 1920.000000011022
2560.000000013398 1600 4416.666666668722 4416.666666668722 2560.000000013398
3200.000000013276 1600 4416.666666668815 4416.666666668815 3200.000000013276
3840.000000013153 1600 4416.666666668909 4416.666666668909 3840.000000013153
4480.000000010826 1600 4416.666666669003 4416.666666669003 4480.000000010826
5120.000000007218 1600 4416.666666669097 4416.666666669097 5120.000000007218
5760.000000003609 1600 4416.66666666919 4416.66666666919 5760.000000003609
640.000000003613 1600 4333.333333335358 4333.333333335358 640.000000003613
1280.000000007149 1600 4333.333333335465 4333.333333335465 1280.000000007149
1920.000000010647 1600 4333.333333335573 4333.333333335573 1920.000000010647
2560.000000012952 1600 4333.33333333568 4333.33333333568 2560.000000012952
3200.000000012813 1600 4333.333333335789 4333.333333335789 3200.000000012813
3840.000000012673 1600 4333.333333335896 4333.333333335896 3840.000000012673
4480.000000010422 1600 4333.333333336005 4333.333333336005 4480.000000010422
5120.000000006949 1600 4333.333333336112 4333.333333336112 5120.000000006949
5760.000000003475 1600 4333.33333333622 4333.33333333622 5760.000000003475
640.0000000034963 1600 4250.000000002277 4250.000000002277 640.0000000034963
1280.000000006906 1600 4250.000000002399 4250.000000002399 1280.000000006906
1920.000000010273 1600 4250.000000002518 4250.000000002518 1920.000000010273
2560.000000012506 1600 4250.000000002641 4250.000000002641 2560.000000012506
3200.000000012349 1600 4250.000000002761 4250.000000002761 3200.000000012349
3840.000000012193 1600 4250.000000002883 4250.000000002883 3840.000000012193
4480.000000010021 1600 4250.000000003004 4250.000000003004 4480.000000010021
5120.000000006681 1600 4250.000000003125 4250.000000003125 5120.000000006681
5760.000000003341 1600 4250.000000003245 4250.000000003245 5760.000000003341
640.0000000033796 1600 4166.666666669198 4166.666666669198 640.0000000033796
1280.000000006663 1600 4166.666666669333 4166.666666669333 1280.000000006663
1920.000000009899 1600 4166.666666669467 4166.666666669467 1920.000000009899
2560.00000001206 1600 4166.666666669603 4166.666666669603 2560.00000001206
3200.000000011885 1600 4166.666666669737 4166.666666669737 3200.000000011885
3840.000000011711 1600 4166.666666669871 4166.666666669871 3840.000000011711
4480.000000009618 1600 4166.666666670006 4166.666666670006 4480.000000009618
5120.000000006412 1600 4166.66666667014 4166.66666667014 5120.000000006412
5760.000000003207 1600 4166.666666670275 4166.666666670275 5760.000000003207
640.0000000032628 1600 4083.333333336109 4083.333333336109 640.0000000032628
1280.000000006419 1600 4083.333333336249 4083.333333336249 1280.000000006419
1920.000000009524 1600 4083.333333336389 4083.333333336389 1920.000000009524
2560.000000011613 1600 4083.333333336529 4083.333333336529 2560.000000011613
3200.000000011423 1600 4083.333333336668 4083.333333336668 3200.000000011423
3840.00000001123 1600 4083.333333336806 4083.333333336806 3840.00000001123
4480.000000009216 1600 4083.333333336947 4083.333333336947 4480.000000009216
5120.000000006144 1600 4083.333333337087 4083.333333337087 5120.000000006144
5760.000000003071 1600 4083.333333337227 4083.333333337227 5760.000000003071
640.0000000031459 1600 4000.000000002964 4000.000000002964 640.0000000031459
1280.000000006176 1600 4000.00000000305 4000.00000000305 1280.000000006176
1920.00000000915 1600 4000.000000003137 4000.000000003137 1920.00000000915
2560.000000011168 1600 4000.000000003223 4000.000000003223 2560.000000011168
3200.000000010959 1600 4000.00000000331 4000.00000000331 3200.000000010959
3840.000000010749 1600 4000.000000003398 4000.000000003398 3840.000000010749
4480.000000008815 1600 4000.000000003483 4000.000000003483 4480.000000008815
5120.000000005875 1600 4000.00000000357 4000.00000000357 5120.000000005875
5760.000000002937 1600 4000.000000003657 4000.000000003657 5760.000000002937
640.0000000030291 1600 3916.666666669807 3916.666666669807 640.0000000030291
1280.000000005933 1600 3916.666666669831 3916.666666669831 1280.000000005933
1920.000000008775 1600 3916.666666669855 3916.666666669855 1920.000000008775
2560.000000010722 1600 3916.666666669879 3916.666666669879 2560.000000010722
3200.000000010496 1600 3916.666666669905 3916.666666669905 3200.000000010496
3840.000000010269 1600 3916.666666669929 3916.666666669929 3840.000000010269
4480.00000000841 1600 3916.666666669954 3916.666666669954 4480.00000000841
5120.000000005608 1600 3916.666666669978 3916.666666669978 5120.000000005608
5760.000000002803 1600 3916.666666670003 3916.666666670003 5760.000000002803
640.0000000029124 1600 3833.333333336651 3833.333333336651 640.0000000029124
1280.00000000569 1600 3833.333333336612 3833.333333336612 1280.00000000569
1920.000000008401 1600 3833.333333336575 3833.333333336575 1920.000000008401
2560.000000010276 1600 3833.333333336537 3833.333333336537 2560.000000010276
3200.000000010032 1600 3833.3333333365 3833.3333333365 3200.000000010032
3840.000000009788 1600 3833.333333336461 3833.333333336461 3840.000000009788
4480.000000008009 1600 3833.333333336423 3833.333333336423 4480.000000008009
5120.000000005339 1600 3833.333333336385 3833.333333336385 5120.000000005339
5760.000000002669 1600 3833.333333336347 3833.333333336347 5760.000000002669
640.0000000027957 1600 3750.000000003494 3750.000000003494 640.0000000027957
1280.000000005447 1600 3750.000000003396 3750.000000003396 1280.000000005447
1920.000000008027 1600 3750.000000003295 3750.000000003295 1920.000000008027
2560.00000000983 1600 3750.000000003194 3750.000000003194 2560.00000000983
3200.000000009568 1600 3750.000000003094 3750.000000003094 3200.000000009568
3840.000000009306 1600 3750.000000002994 3750.000000002994 3840.000000009306
4480.000000007606 1600 3750.000000002893 3750.000000002893 4480.000000007606
5120.00000000507 1600 3750.000000002794 3750.000000002794 5120.00000000507
5760.000000002535 1600 3750.000000002693 3750.000000002693 5760.000000002535
640.0000000026789 1600 3666.66666667034 3666.66666667034 640.0000000026789
1280.000000005203 1600 3666.666666670176 3666.666666670176 1280.000000005203
1920.000000007652 1600 3666.666666670014 3666.666666670014 1920.000000007652
2560.000000009384 1600 3666.666666669852 3666.666666669852 2560.000000009384
3200.000000009105 1600 3666.666666669689 3666.666666669689 3200.000000009105
3840.000000008826 1600 3666.666666669526 3666.666666669526 3840.000000008826
4480.000000007204 1600 3666.666666669365 3666.666666669365 4480.000000007204
5120.000000004804 1600 3666.6666666692 3666.6666666692 5120.000000004804
5760.000000002402 1600 3666.666666669039 3666.666666669039 5760.000000002402
640.000000002562 1600 3583.333333337182 3583.333333337182 640.000000002562
1280.00000000496 1600 3583.333333336958 3583.333333336958 1280.00000000496
1920.000000007278 1600 3583.333333336733 3583.333333336733 1920.000000007278
2560.000000008938 1600 3583.333333336509 3583.333333336509 2560.000000008938
3200.000000008642 1600 3583.333333336283 3583.333333336283 3200.000000008642
3840.000000008344 1600 3583.333333336058 3583.333333336058 3840.000000008344
4480.000000006803 1600 3583.333333335835 3583.333333335835 4480.000000006803
5120.000000004536 1600 3583.333333335609 3583.333333335609 5120.000000004536
5760.000000002267 1600 3583.333333335384 3583.333333335384 5760.000000002267
640.0000000024452 1600 3500.000000004027 3500.000000004027 640.0000000024452
1280.000000004717 1600 3500.000000003739 3500.000000003739 1280.000000004717
1920.000000006904 1600 3500.000000003452 3500.000000003452 1920.000000006904
2560.000000008491 1600 3500.000000003165 3500.000000003165 2560.000000008491
3200.000000008178 1600 3500.000000002878 3500.000000002878 3200.000000008178
3840.000000007863 1600 3500.00000000259 3500.00000000259 3840.000000007863
4480.000000006398 1600 3500.000000002304 3500.000000002304 4480.000000006398
5120.000000004266 1600 3500.000000002016 3500.000000002016 5120.000000004266
5760.000000002132 1600 3500.000000001728 3500.000000001728 5760.000000002132
640.0000000023283 1600 3416.66666667087 3416.66666667087 640.0000000023283
1280.000000004474 1600 3416.66666667052 3416.66666667052 1280.000000004474
1920.000000006529 1600 3416.666666670172 3416.666666670172 1920.000000006529
2560.000000008046 1600 3416.666666669821 3416.666666669821 2560.000000008046
3200.000000007715 1600 3416.666666669472 3416.666666669472 3200.000000007715
3840.000000007383 1600 3416.666666669123 3416.666666669123 3840.000000007383
4480.000000005999 1600 3416.666666668773 3416.666666668773 4480.000000005999
5120.000000003998 1600 3416.666666668423 3416.666666668423 5120.000000003998
5760.000000001999 1600 3416.666666668074 3416.666666668074 5760.000000001999
640.0000000022114 1600 3333.333333337714 3333.333333337714 640.0000000022114
1280.000000004231 1600 3333.333333337302 3333.333333337302 1280.000000004231
1920.000000006155 1600 3333.333333336891 3333.333333336891 1920.000000006155
2560.000000007601 1600 3333.333333336478 3333.333333336478 2560.000000007601
3200.00000000725 1600 3333.333333336067 3333.333333336067 3200.00000000725
3840.000000006901 1600 3333.333333335655 3333.333333335655 3840.000000006901
4480.000000005594 1600 3333.333333335243 3333.333333335243 4480.000000005594
5120.000000003731 1600 3333.333333334831 3333.333333334831 5120.000000003731
5760.000000001864 1600 3333.333333334419 3333.333333334419 5760.000000001864
640.0000000020948 1600 3250.000000004558 3250.000000004558 640.0000000020948
1280.000000003987 1600 3250.000000004085 3250.000000004085 1280.000000003987
1920.00000000578 1600 3250.00000000361 3250.00000000361 1920.00000000578
2560.000000007154 1600 3250.000000003135 3250.000000003135 2560.000000007154
3200.000000006788 1600 3250.000000002662 3250.000000002662 3200.000000006788
3840.000000006421 1600 3250.000000002187 3250.000000002187 3840.000000006421
4480.000000005191 1600 3250.000000001713 3250.000000001713 4480.000000005191
5120.000000003462 1600 3250.00000000124 3250.00000000124 5120.000000003462
5760.00000000173 1600 3250.000000000764 3250.000000000764 5760.00000000173
640.0000000019782 1600 3166.666666671402 3166.666666671402 640.0000000019782
1280.000000003744 1600 3166.666666670866 3166.666666670866 1280.000000003744
1920.000000005406 1600 3166.66666667033 3166.66666667033 1920.000000005406
2560.000000006708 1600 3166.666666669793 3166.666666669793 2560.000000006708
3200.000000006325 1600 3166.666666669256 3166.666666669256 3200.000000006325
3840.000000005941 1600 3166.66666666872 3166.66666666872 3840.000000005941
4480.00000000479 1600 3166.666666668182 3166.666666668182 4480.00000000479
5120.000000003192 1600 3166.666666667647 3166.666666667647 5120.000000003192
5760.000000001598 1600 3166.666666667111 3166.666666667111 5760.000000001598
640.0000000018613 1600 3083.333333338246 3083.333333338246 640.0000000018613
1280.000000003501 1600 3083.333333337647 3083.333333337647 1280.000000003501
1920.000000005032 1600 3083.333333337047 3083.333333337047 1920.000000005032
2560.000000006262 1600 3083.333333336449 3083.333333336449 2560.000000006262
3200.000000005861 1600 3083.333333335851 3083.333333335851 3200.000000005861
3840.000000005459 1600 3083.333333335251 3083.333333335251 3840.000000005459
4480.000000004386 1600 3083.333333334653 3083.333333334653 4480.000000004386
5120.000000002925 1600 3083.333333334053 3083.333333334053 5120.000000002925
5760.000000001463 1600 3083.333333333455 3083.333333333455 5760.000000001463
640.0000000017444 1600 3000.000000005089 3000.000000005089 640.0000000017444
1280.000000003258 1600 3000.000000004429 3000.000000004429 1280.000000003258
1920.000000004657 1600 3000.000000003767 3000.000000003767 1920.000000004657
2560.000000005816 1600 3000.000000003106 3000.000000003106 2560.000000005816
3200.000000005397 1600 3000.000000002445 3000.000000002445 3200.000000005397
3840.000000004979 1600 3000.000000001784 3000.000000001784 3840.000000004979
4480.000000003984 1600 3000.000000001122 3000.000000001122 4480.000000003984
5120.000000002658 1600 3000.000000000461 3000.000000000461 5120.000000002658
5760.00000000133 1600 2999.9999999998 2999.9999999998 5760.00000000133
640.0000000016275 1600 2916.666666671933 2916.666666671933 640.0000000016275
1280.000000003015 1600 2916.666666671209 2916.666666671209 1280.000000003015
1920.000000004283 1600 2916.666666670486 2916.666666670486 1920.000000004283
2560.000000005371 1600 2916.666666669763 2916.666666669763 2560.000000005371
3200.000000004934 1600 2916.666666669039 2916.666666669039 3200.000000004934
3840.000000004497 1600 2916.666666668316 2916.666666668316 3840.000000004497
4480.000000003582 1600 2916.666666667593 2916.666666667593 4480.000000003582
5120.000000002388 1600 2916.666666666869 2916.666666666869 5120.000000002388
5760.000000001193 1600 2916.666666666146 2916.666666666146 5760.000000001193
640.0000000015107 1600 2833.333333338776 2833.333333338776 640.0000000015107
1280.000000002771 1600 2833.333333337992 2833.333333337992 1280.000000002771
1920.000000003909 1600 2833.333333337206 2833.333333337206 1920.000000003909
2560.000000004924 1600 2833.333333336419 2833.333333336419 2560.000000004924
3200.00000000447 1600 2833.333333335634 2833.333333335634 3200.00000000447
3840.000000004017 1600 2833.333333334849 2833.333333334849 3840.000000004017
4480.00000000318 1600 2833.333333334063 2833.333333334063 4480.00000000318
5120.000000002119 1600 2833.333333333277 2833.333333333277 5120.000000002119
5760.00000000106 1600 2833.333333332491 2833.333333332491 5760.00000000106
640.000000001394 1600 2750.000000005622 2750.000000005622 640.000000001394
1280.000000002528 1600 2750.000000004773 2750.000000004773 1280.000000002528
1920.000000003534 1600 2750.000000003926 2750.000000003926 1920.000000003534
2560.000000004478 1600 2750.000000003077 2750.000000003077 2560.000000004478
3200.000000004007 1600 2750.000000002229 2750.000000002229 3200.000000004007
3840.000000003536 1600 2750.000000001382 2750.000000001382 3840.000000003536
4480.000000002779 1600 2750.000000000533 2750.000000000533 4480.000000002779
5120.000000001852 1600 2749.999999999685 2749.999999999685 5120.000000001852
5760.000000000925 1600 2749.999999998837 2749.999999998837 5760.000000000925
640.0000000012774 1600 2666.666666672465 2666.666666672465 640.0000000012774
1280.000000002284 1600 2666.666666671554 2666.666666671554 1280.000000002284
1920.00000000316 1600 2666.666666670643 2666.666666670643 1920.00000000316
2560.000000004032 1600 2666.666666669734 2666.666666669734 2560.000000004032
3200.000000003543 1600 2666.666666668822 2666.666666668822 3200.000000003543
3840.000000003056 1600 2666.666666667913 2666.666666667913 3840.000000003056
4480.000000002374 1600 2666.666666667002 2666.666666667002 4480.000000002374
5120.000000001584 1600 2666.666666666092 2666.666666666092 5120.000000001584
5760.000000000791 1600 2666.666666665181 2666.666666665181 5760.000000000791
640.0000000011605 1600 2583.333333339309 2583.333333339309 640.0000000011605
1280.000000002042 1600 2583.333333338336 2583.333333338336 1280.000000002042
1920.000000002786 1600 2583.333333337364 2583.333333337364 1920.000000002786
2560.000000003586 1600 2583.333333336391 2583.333333336391 2560.000000003586
3200.00000000308 1600 2583.333333335417 2583.333333335417 3200.00000000308
3840.000000002574 1600 2583.333333334445 2583.333333334445 3840.000000002574
4480.000000001973 1600 2583.333333333473 2583.333333333473 4480.000000001973
5120.000000001315 1600 2583.333333332499 2583.333333332499 5120.000000001315
5760.000000000658 1600 2583.333333331526 2583.333333331526 5760.000000000658
640.0000000010436 1600 2500.000000006081 2500.000000006081 640.0000000010436
1280.000000001798 1600 2500.000000005063 2500.000000005063 1280.000000001798
1920.000000002411 1600 2500.000000004047 2500.000000004047 1920.000000002411
2560.00000000314 1600 2500.00000000303 2500.00000000303 2560.00000000314
3200.000000002617 1600 2500.000000002012 2500.000000002012 3200.000000002617
3840.000000002094 1600 2500.000000000995 2500.000000000995 3840.000000002094
4480.00000000157 1600 2499.999999999977 2499.999999999977 4480.00000000157
5120.000000001048 1600 2499.99999999896 2499.99999999896 5120.000000001048
5760.000000000524 1600 2499.999999997944 2499.999999997944 5760.000000000524
640.0000000009268 1600 2416.666666672391 2416.666666672391 640.0000000009268
1280.000000001555 1600 2416.666666671445 2416.666666671445 1280.000000001555
1920.000000002037 1600 2416.666666670499 2416.666666670499 1920.000000002037
2560.000000002694 1600 2416.666666669554 2416.666666669554 2560.000000002694
3200.000000002154 1600 2416.666666668608 2416.666666668608 3200.000000002154
3840.000000001612 1600 2416.666666667662 2416.666666667662 3840.000000001612
4480.000000001168 1600 2416.666666666716 2416.666666666716 4480.000000001168
5120.000000000779 1600 2416.66666666577 2416.66666666577 5120.000000000779
5760.00000000039 1600 2416.666666664824 2416.666666664824 5760.00000000039
640.0000000008101 1600 2333.33333333863 2333.33333333863 640.0000000008101
1280.000000001312 1600 2333.333333337773 2333.333333337773 1280.000000001312
1920.000000001662 1600 2333.333333336916 2333.333333336916 1920.000000001662
2560.000000002248 1600 2333.33333333606 2333.33333333606 2560.000000002248
3200.00000000169 1600 2333.333333335203 2333.333333335203 3200.00000000169
3840.000000001132 1600 2333.333333334346 2333.333333334346 3840.000000001132
4480.000000000767 1600 2333.333333333489 2333.333333333489 4480.000000000767
5120.000000000511 1600 2333.333333332632 2333.333333332632 5120.000000000511
5760.000000000256 1600 2333.333333331776 2333.333333331776 5760.000000000256
640.0000000006933 1600 2250.000000004868 2250.000000004868 640.0000000006933
1280.000000001068 1600 2250.0000000041 2250.0000000041 1280.000000001068
1920.000000001289 1600 2250.000000003332 2250.000000003332 1920.000000001289
2560.000000001802 1600 2250.000000002565 2250.000000002565 2560.000000001802
3200.000000001226 1600 2250.000000001798 2250.000000001798 3200.000000001226
3840.000000000651 1600 2250.00000000103 2250.00000000103 3840.000000000651
4480.000000000363 1600 2250.000000000263 2250.000000000263 4480.000000000363
5120.000000000242 1600 2249.999999999495 2249.999999999495 5120.000000000242
5760.000000000121 1600 2249.999999998728 2249.999999998728 5760.000000000121
640.0000000005764 1600 2166.666666671106 2166.666666671106 640.0000000005764
1280.000000000826 1600 2166.666666670427 2166.666666670427 1280.000000000826
1920.000000000914 1600 2166.666666669749 2166.666666669749 1920.000000000914
2560.000000001356 1600 2166.666666669071 2166.666666669071 2560.000000001356
3200.000000000763 1600 2166.666666668393 2166.666666668393 3200.000000000763
3840.000000000169 1600 2166.666666667716 2166.666666667716 3840.000000000169
4479.99999999996 1600 2166.666666667037 2166.666666667037 4479.99999999996
5119.999999999973 1600 2166.666666666359 2166.666666666359 5119.999999999973
5759.999999999985 1600 2166.666666665681 2166.666666665681 5759.999999999985
640.0000000004597 1600 2083.333333337343 2083.333333337343 640.0000000004597
1280.000000000582 1600 2083.333333336755 2083.333333336755 1280.000000000582
1920.000000000539 1600 2083.333333336166 2083.333333336166 1920.000000000539
2560.00000000091 1600 2083.333333335577 2083.333333335577 2560.00000000091
3200.000000000299 1600 2083.333333334988 2083.333333334988 3200.000000000299
3839.999999999689 1600 2083.333333334399 2083.333333334399 3839.999999999689
4479.999999999559 1600 2083.333333333811 2083.333333333811 4479.999999999559
5119.999999999705 1600 2083.333333333222 2083.333333333222 5119.999999999705
5759.999999999851 1600 2083.333333332633 2083.333333332633 5759.999999999851
640.0000000003429 1600 2000.000000003557 2000.000000003557 640.0000000003429
1280.000000000339 1600 2000.000000003034 2000.000000003034 1280.000000000339
1920.000000000165 1600 2000.000000002512 2000.000000002512 1920.000000000165
2560.000000000464 1600 2000.00000000199 2000.00000000199 2560.000000000464
3199.999999999836 1600 2000.000000001467 2000.000000001467 3199.999999999836
3839.999999999208 1600 2000.000000000945 2000.000000000945 3839.999999999208
4479.999999999156 1600 2000.000000000422 2000.000000000422 4479.999999999156
5119.999999999438 1600 1999.999999999899 1999.999999999899 5119.999999999438
5759.999999999718 1600 1999.999999999377 1999.999999999377 5759.999999999718
640.000000000226 1600 1916.666666669758 1916.666666669758 640.000000000226
1280.000000000095 1600 1916.666666669286 1916.666666669286 1280.000000000095
1919.999999999791 1600 1916.666666668815 1916.666666668815 1919.999999999791
2560.000000000018 1600 1916.666666668344 1916.666666668344 2560.000000000018
3199.999999999372 1600 1916.666666667873 1916.666666667873 3199.999999999372
3839.999999998727 1600 1916.666666667401 1916.666666667401 3839.999999998727
4479.999999998755 1600 1916.66666666693 1916.66666666693 4479.999999998755
5119.999999999169 1600 1916.666666666459 1916.666666666459 5119.999999999169
5759.999999999585 1600 1916.666666665988 1916.666666665988 5759.999999999585
640.0000000001093 1600 1833.333333335959 1833.333333335959 640.0000000001093
1279.999999999852 1600 1833.333333335539 1833.333333335539 1279.999999999852
1919.999999999416 1600 1833.333333335119 1833.333333335119 1919.999999999416
2559.999999999572 1600 1833.333333334699 1833.333333334699 2559.999999999572
3199.999999998909 1600 1833.333333334279 1833.333333334279 3199.999999998909
3839.999999998247 1600 1833.333333333859 1833.333333333859 3839.999999998247
4479.999999998352 1600 1833.333333333439 1833.333333333439 4479.999999998352
5119.9999999989 1600 1833.333333333019 1833.333333333019 5119.9999999989
5759.999999999452 1600 1833.333333332599 1833.333333332599 5759.999999999452
639.9999999999925 1600 1750.000000002159 1750.000000002159 639.9999999999925
1279.999999999609 1600 1750.00000000179 1750.00000000179 1279.999999999609
1919.999999999042 1600 1750.000000001422 1750.000000001422 1919.999999999042
2559.999999999126 1600 1750.000000001054 1750.000000001054 2559.999999999126
3199.999999998446 1600 1750.000000000685 1750.000000000685 3199.999999998446
3839.999999997765 1600 1750.000000000316 1750.000000000316 3839.999999997765
4479.999999997947 1600 1749.999999999947 1749.999999999947 4479.999999997947
5119.999999998632 1600 1749.999999999579 1749.999999999579 5119.999999998632
5759.999999999318 1600 1749.99999999921 1749.99999999921 5759.999999999318
639.9999999998756 1600 1666.666666668358 1666.666666668358 639.9999999998756
1279.999999999366 1600 1666.666666668041 1666.666666668041 1279.999999999366
1919.999999998668 1600 1666.666666667724 1666.666666667724 1919.999999998668
2559.99999999868 1600 1666.666666667407 1666.666666667407 2559.99999999868
3199.999999997982 1600 1666.66666666709 1666.66666666709 3199.999999997982
3839.999999997285 1600 1666.666666666773 1666.666666666773 3839.999999997285
4479.999999997547 1600 1666.666666666456 1666.666666666456 4479.999999997547
5119.999999998365 1600 1666.666666666139 1666.666666666139 5119.999999998365
5759.999999999182 1600 1666.666666665821 1666.666666665821 5759.999999999182
639.999999999759 1600 1583.333333334559 1583.333333334559 639.999999999759
1279.999999999123 1600 1583.333333334293 1583.333333334293 1279.999999999123
1919.999999998293 1600 1583.333333334028 1583.333333334028 1919.999999998293
2559.999999998234 1600 1583.333333333762 1583.333333333762 2559.999999998234
3199.999999997519 1600 1583.333333333496 1583.333333333496 3199.999999997519
3839.999999996803 1600 1583.33333333323 1583.33333333323 3839.999999996803
4479.999999997143 1600 1583.333333332964 1583.333333332964 4479.999999997143
5119.999999998096 1600 1583.333333332699 1583.333333332699 5119.999999998096
5759.999999999048 1600 1583.333333332433 1583.333333332433 5759.999999999048
639.9999999996421 1600 1500.000000000759 1500.000000000759 639.9999999996421
1279.999999998879 1600 1500.000000000544 1500.000000000544 1279.999999998879
1919.999999997919 1600 1500.00000000033 1500.00000000033 1919.999999997919
2559.999999997788 1600 1500.000000000116 1500.000000000116 2559.999999997788
3199.999999997055 1600 1499.999999999902 1499.999999999902 3199.999999997055
3839.999999996322 1600 1499.999999999687 1499.999999999687 3839.999999996322
4479.999999996741 1600 1499.999999999472 1499.999999999472 4479.999999996741
5119.999999997828 1600 1499.999999999258 1499.999999999258 5119.999999997828
5759.999999998913 1600 1499.999999999044 1499.999999999044 5759.999999998913
639.9999999995252 1600 1416.666666666959 1416.666666666959 639.9999999995252
1279.999999998636 1600 1416.666666666796 1416.666666666796 1279.999999998636
1919.999999997544 1600 1416.666666666634 1416.666666666634 1919.999999997544
2559.999999997341 1600 1416.66666666647 1416.66666666647 2559.999999997341
3199.999999996592 1600 1416.666666666307 1416.666666666307 3199.999999996592
3839.999999995842 1600 1416.666666666144 1416.666666666144 3839.999999995842
4479.99999999634 1600 1416.666666665981 1416.666666665981 4479.99999999634
5119.999999997559 1600 1416.666666665818 1416.666666665818 5119.999999997559
5759.999999998779 1600 1416.666666665655 1416.666666665655 5759.999999998779
639.9999999994084 1600 1333.333333333159 1333.333333333159 639.9999999994084
1279.999999998393 1600 1333.333333333048 1333.333333333048 1279.999999998393
1919.99999999717 1600 1333.333333332936 1333.333333332936 1919.99999999717
2559.999999996896 1600 1333.333333332824 1333.333333332824 2559.999999996896
3199.999999996128 1600 1333.333333332713 1333.333333332713 3199.999999996128
3839.999999995361 1600 1333.333333332601 1333.333333332601 3839.999999995361
4479.999999995935 1600 1333.333333332489 1333.333333332489 4479.999999995935
5119.999999997292 1600 1333.333333332377 1333.333333332377 5119.999999997292
5759.999999998647 1600 1333.333333332266 1333.333333332266 5759.999999998647
639.9999999992918 1600 1249.999999999359 1249.999999999359 639.9999999992918
1279.99999999815 1600 1249.999999999299 1249.999999999299 1279.99999999815
1919.999999996796 1600 1249.999999999239 1249.999999999239 1919.999999996796
2559.99999999645 1600 1249.999999999179 1249.999999999179 2559.99999999645
3199.999999995664 1600 1249.999999999118 1249.999999999118 3199.999999995664
3839.99999999488 1600 1249.999999999058 1249.999999999058 3839.99999999488
4479.999999995535 1600 1249.999999998998 1249.999999998998 4479.999999995535
5119.999999997022 1600 1249.999999998937 1249.999999998937 5119.999999997022
5759.999999998511 1600 1249.999999998877 1249.999999998877 5759.999999998511
639.9999999991749 1600 1166.66666666556 1166.66666666556 639.9999999991749
1279.999999997907 1600 1166.666666665551 1166.666666665551 1279.999999997907
1919.999999996421 1600 1166.666666665542 1166.666666665542 1919.999999996421
2559.999999996005 1600 1166.666666665533 1166.666666665533 2559.999999996005
3199.999999995202 1600 1166.666666665524 1166.666666665524 3199.999999995202
3839.9999999944 1600 1166.666666665515 1166.666666665515 3839.9999999944
4479.999999995131 1600 1166.666666665506 1166.666666665506 4479.999999995131
5119.999999996755 1600 1166.666666665497 1166.666666665497 5119.999999996755
5759.999999998379 1600 1166.666666665488 1166.666666665488 5759.999999998379
639.9999999990583 1600 1083.33333333176 1083.33333333176 639.9999999990583
1279.999999997663 1600 1083.333333331802 1083.333333331802 1279.999999997663
1919.999999996047 1600 1083.333333331844 1083.333333331844 1919.999999996047
2559.999999995558 1600 1083.333333331887 1083.333333331887 2559.999999995558
3199.999999994738 1600 1083.333333331929 1083.333333331929 3199.999999994738
3839.999999993917 1600 1083.333333331972 1083.333333331972 3839.999999993917
4479.999999994729 1600 1083.333333332014 1083.333333332014 4479.999999994729
5119.999999996488 1600 1083.333333332056 1083.333333332056 5119.999999996488
5759.999999998243 1600 1083.333333332099 1083.333333332099 5759.999999998243
639.9999999989413 1600 999.9999999979677 999.9999999979677 639.9999999989413
1279.99999999742 1600 999.9999999980694 999.9999999980694 1279.99999999742
1919.999999995672 1600 999.999999998171 999.999999998171 1919.999999995672
2559.999999995111 1600 999.9999999982729 999.9999999982729 2559.999999995111
3199.999999994274 1600 999.9999999983747 999.9999999983747 3199.999999994274
3839.999999993437 1600 999.9999999984761 999.9999999984761 3839.999999993437
4479.999999994327 1600 999.999999998578 999.999999998578 4479.999999994327
5119.999999996218 1600 999.9999999986799 999.9999999986799 5119.999999996218
5759.999999998109 1600 999.9999999987817 999.9999999987817 5759.999999998109
639.9999999988245 1600 916.6666666642725 916.6666666642725 639.9999999988245
1279.999999997177 1600 916.666666664435 916.666666664435 1279.999999997177
1919.999999995298 1600 916.6666666645974 916.6666666645974 1919.999999995298
2559.999999994666 1600 916.66666666476 916.66666666476 2559.999999994666
3199.999999993811 1600 916.6666666649223 916.6666666649223 3199.999999993811
3839.999999992956 1600 916.6666666650849 916.6666666650849 3839.999999992956
4479.999999993924 1600 916.6666666652472 916.6666666652472 4479.999999993924
5119.999999995949 1600 916.66666666541 916.66666666541 5119.999999995949
5759.999999997975 1600 916.6666666655724 916.6666666655724 5759.999999997975
639.9999999987079 1600 833.3333333310992 833.3333333310992 639.9999999987079
1279.999999996934 1600 833.3333333312644 833.3333333312644 1279.999999996934
1919.999999994924 1600 833.3333333314297 833.3333333314297 1919.999999994924
2559.99999999422 1600 833.333333331595 833.333333331595 2559.99999999422
3199.999999993348 1600 833.3333333317601 833.3333333317601 3199.999999993348
3839.999999992475 1600 833.3333333319256 833.3333333319256 3839.999999992475
4479.999999993523 1600 833.3333333320909 833.3333333320909 4479.999999993523
5119.999999995682 1600 833.333333332256 833.333333332256 5119.999999995682
5759.999999997841 1600 833.3333333324215 833.3333333324215 5759.999999997841
639.999999998591 1600 749.9999999979999 749.9999999979999 639.999999998591
1279.99999999669 1600 749.9999999981596 749.9999999981596 1279.99999999669
1919.999999994549 1600 749.9999999983195 749.9999999983195 1919.999999994549
2559.999999993773 1600 749.9999999984792 749.9999999984792 2559.999999993773
3199.999999992885 1600 749.9999999986389 749.9999999986389 3199.999999992885
3839.999999991995 1600 749.999999998799 749.999999998799 3839.999999991995
4479.99999999312 1600 749.9999999989589 749.9999999989589 4479.99999999312
5119.999999995413 1600 749.9999999991185 749.9999999991185 5119.999999995413
5759.999999997705 1600 749.9999999992782 749.9999999992782 5759.999999997705
639.9999999984743 1600 666.6666666649012 666.6666666649012 639.9999999984743
1279.999999996447 1600 666.6666666650557 666.6666666650557 1279.999999996447
1919.999999994175 1600 666.6666666652097 666.6666666652097 1919.999999994175
2559.999999993327 1600 666.6666666653642 666.6666666653642 2559.999999993327
3199.99999999242 1600 666.6666666655183 666.6666666655183 3199.99999999242
3839.999999991513 1600 666.6666666656726 666.6666666656726 3839.999999991513
4479.999999992718 1600 666.6666666658268 666.6666666658268 4479.999999992718
5119.999999995145 1600 666.6666666659812 666.6666666659812 5119.999999995145
5759.999999997573 1600 666.6666666661355 666.6666666661355 5759.999999997573
639.9999999983575 1600 583.3333333317934 583.3333333317934 639.9999999983575
1279.999999996203 1600 583.3333333319326 583.3333333319326 1279.999999996203
1919.9999999938 1600 583.3333333320718 583.3333333320718 1919.9999999938
2559.999999992881 1600 583.3333333322113 583.3333333322113 2559.999999992881
3199.999999991958 1600 583.3333333323503 583.3333333323503 3199.999999991958
3839.999999991033 1600 583.3333333324897 583.3333333324897 3839.999999991033
4479.999999992316 1600 583.3333333326289 583.3333333326289 4479.999999992316
5119.999999994876 1600 583.3333333327682 583.3333333327682 5119.999999994876
5759.99999999744 1600 583.3333333329077 583.3333333329077 5759.99999999744
639.9999999982406 1600 499.9999999986759 499.9999999986759 639.9999999982406
1279.999999995961 1600 499.9999999987907 499.9999999987907 1279.999999995961
1919.999999993426 1600 499.9999999989055 499.9999999989055 1919.999999993426
2559.999999992436 1600 499.9999999990204 499.9999999990204 2559.999999992436
3199.999999991494 1600 499.9999999991351 499.9999999991351 3199.999999991494
3839.999999990552 1600 499.99999999925 499.99999999925 3839.999999990552
4479.999999991912 1600 499.9999999993646 499.9999999993646 4479.999999991912
5119.999999994609 1600 499.9999999994794 499.9999999994794 5119.999999994609
5759.999999997306 1600 499.9999999995943 499.9999999995943 5759.999999997306
639.9999999981237 1600 416.6666666655578 416.6666666655578 639.9999999981237
1279.999999995718 1600 416.6666666656481 416.6666666656481 1279.999999995718
1919.999999993051 1600 416.6666666657385 416.6666666657385 1919.999999993051
2559.99999999199 1600 416.6666666658289 416.6666666658289 2559.99999999199
3199.999999991031 1600 416.6666666659193 416.6666666659193 3199.999999991031
3839.999999990072 1600 416.6666666660097 416.6666666660097 3839.999999990072
4479.999999991513 1600 416.6666666661 416.6666666661 4479.999999991513
5119.99999999434 1600 416.6666666661905 416.6666666661905 5119.99999999434
5759.999999997171 1600 416.6666666662809 416.6666666662809 5759.999999997171
639.9999999980072 1600 333.3333333324409 333.3333333324409 639.9999999980072
1279.999999995474 1600 333.3333333325073 333.3333333325073 1279.999999995474
1919.999999992677 1600 333.3333333325738 333.3333333325738 1919.999999992677
2559.999999991544 1600 333.3333333326402 333.3333333326402 2559.999999991544
3199.999999990567 1600 333.3333333327066 333.3333333327066 3199.999999990567
3839.99999998959 1600 333.333333332773 333.333333332773 3839.99999998959
4479.999999991109 1600 333.3333333328395 333.3333333328395 4479.999999991109
5119.999999994072 1600 333.3333333329058 333.3333333329058 5119.999999994072
5759.999999997036 1600 333.3333333329723 333.3333333329723 5759.999999997036
639.9999999978902 1600 249.9999999993292 249.9999999993292 639.9999999978902
1279.999999995231 1600 249.9999999993778 249.9999999993778 1279.999999995231
1919.999999992303 1600 249.9999999994264 249.9999999994264 1919.999999992303
2559.999999991099 1600 249.9999999994751 249.9999999994751 2559.999999991099
3199.999999990103 1600 249.9999999995237 249.9999999995237 3199.999999990103
3839.999999989111 1600 249.9999999995723 249.9999999995723 3839.999999989111
4479.999999990704 1600 249.999999999621 249.999999999621 4479.999999990704
5119.999999993804 1600 249.9999999996695 249.9999999996695 5119.999999993804
5759.9999999969 1600 249.9999999997182 249.9999999997182 5759.9999999969
639.9999999977736 1600 166.6666666662213 166.6666666662213 639.9999999977736
1279.999999994988 1600 166.6666666662549 166.6666666662549 1279.999999994988
1919.999999991929 1600 166.6666666662885 166.6666666662885 1919.999999991929
2559.999999990651 1600 166.6666666663221 166.6666666663221 2559.999999990651
3199.99999998964 1600 166.6666666663558 166.6666666663558 3199.99999998964
3839.999999988628 1600 166.6666666663893 166.6666666663893 3839.999999988628
4479.999999990304 1600 166.666666666423 166.666666666423 4479.999999990304
5119.999999993535 1600 166.6666666664565 166.6666666664565 5119.999999993535
5759.999999996767 1600 166.6666666664902 166.6666666664902 5759.999999996767
639.9999999976568 1600 83.33333333311185 83.33333333311185 639.9999999976568
1279.999999994745 1600 83.33333333312892 83.33333333312892 1279.999999994745
1919.999999991554 1600 83.333333333146 83.333333333146 1919.999999991554
2559.999999990205 1600 83.3333333331631 83.3333333331631 2559.999999990205
3199.999999989177 1600 83.33333333318018 83.33333333318018 3199.999999989177
3839.999999988148 1600 83.33333333319726 83.33333333319726 3839.999999988148
4479.999999989901 1600 83.33333333321434 83.33333333321434 4479.999999989901
5119.999999993267 1600 83.33333333323141 83.33333333323141 5119.999999993267
5759.999999996632 1600 83.33333333324852 83.33333333324852 5759.999999996632
3 1 0 0
$EndNodes
$Elements
26 1632 1 1632
0 1 15 1
1341 1 
0 2 15 1
1342 2 
0 3 15 1
1343 3 
0 4 15 1
1344 4 
0 5 15 1
1345 5 
0 6 15 1
1346 6 
0 10 15 1
1347 7 
0 14 15 1
1348 8 
1 1 1 10
1349 1 9 
1350 9 10 
1351 10 11 
1352 11 12 
1353 12 13 
1354 13 14 
1355 14 15 
1356 15 16 
1357 16 17 
1358 17 2 
1 2 1 60
1359 2 18 
1360 18 19 
1361 19 20 
1362 20 21 
1363 21 22 
1364 22 23 
1365 23 24 
1366 24 25 
1367 25 26 
1368 26 27 
1369 27 28 
1370 28 29 
1371 29 30 
1372 30 31 
1373 31 32 
1374 32 33 
1375 33 34 
1376 34 35 
1377 35 36 
1378 36 37 
1379 37 38 
1380 38 39 
1381 39 40 
1382 40 41 
1383 41 42 
1384 42 43 
1385 43 44 
1386 44 45 
1387 45 46 
1388 46 47 
1389 47 48 
1390 48 49 
1391 49 50 
1392 50 51 
1393 51 52 
1394 52 53 
1395 53 54 
1396 54 55 
1397 55 56 
1398 56 57 
1399 57 58 
1400 58 59 
1401 59 60 
1402 60 61 
1403 61 62 
1404 62 63 
1405 63 64 
1406 64 65 
1407 65 66 
1408 66 67 
1409 67 68 
1410 68 69 
1411 69 70 
1412 70 71 
1413 71 72 
1414 72 73 
1415 73 74 
1416 74 75 
1417 75 76 
1418 76 3 
1 3 1 10
1419 3 77 
1420 77 78 
1421 78 79 
1422 79 80 
1423 80 81 
1424 81 82 
1425 82 83 
1426 83 84 
1427 84 85 
1428 85 4 
1 4 1 60
1429 4 86 
1430 86 87 
1431 87 88 
1432 88 89 
1433 89 90 
1434 90 91 
1435 91 92 
1436 92 93 
1437 93 94 
1438 94 95 
1439 95 96 
1440 96 97 
1441 97 98 
1442 98 99 
1443 99 100 
1444 100 101 
1445 101 102 
1446 102 103 
1447 103 104 
1448 104 105 
1449 105 106 
1450 106 107 
1451 107 108 
1452 108 109 
1453 109 110 
1454 110 111 
1455 111 112 
1456 112 113 
1457 113 114 
1458 114 115 
1459 115 116 
1460 116 117 
1461 117 118 
1462 118 119 
1463 119 120 
1464 120 121 
1465 121 122 
1466 122 123 
1467 123 124 
1468 124 125 
1469 125 126 
1470 126 127 
1471 127 128 
1472 128 129 
1473 129 130 
1474 130 131 
1475 131 132 
1476 132 133 
1477 133 134 
1478 134 135 
1479 135 136 
1480 136 137 
1481 137 138 
1482 138 139 
1483 139 140 
1484 140 141 
1485 141 142 
1486 142 143 
1487 143 144 
1488 144 1 
1 14 1 60
1489 5 145 
1490 145 146 
1491 146 147 
1492 147 148 
1493 148 149 
1494 149 150 
1495 150 151 
1496 151 152 
1497 152 153 
1498 153 154 
1499 154 155 
1500 155 156 
1501 156 157 
1502 157 158 
1503 158 159 
1504 159 160 
1505 160 161 
1506 161 162 
1507 162 163 
1508 163 164 
1509 164 165 
1510 165 166 
1511 166 167 
1512 167 168 
1513 168 169 
1514 169 170 
1515 170 171 
1516 171 172 
1517 172 173 
1518 173 174 
1519 174 175 
1520 175 176 
1521 176 177 
1522 177 178 
1523 178 179 
1524 179 180 
1525 180 181 
1526 181 182 
1527 182 183 
1528 183 184 
1529 184 185 
1530 185 186 
1531 186 187 
1532 187 188 
1533 188 189 
1534 189 190 
1535 190 191 
1536 191 192 
1537 192 193 
1538 193 194 
1539 194 195 
1540 195 196 
1541 196 197 
1542 197 198 
1543 198 199 
1544 199 200 
1545 200 201 
1546 201 202 
1547 202 203 
1548 203 6 
1 15 1 10
1549 6 204 
1550 204 205 
1551 205 206 
1552 206 207 
1553 207 208 
1554 208 209 
1555 209 210 
1556 210 211 
1557 211 212 
1558 212 7 
1 16 1 60
1559 7 213 
1560 213 214 
1561 214 215 
1562 215 216 
1563 216 217 
1564 217 218 
1565 218 219 
1566 219 220 
1567 220 221 
1568 221 222 
1569 222 223 
1570 223 224 
1571 224 225 
1572 225 226 
1573 226 227 
1574 227 228 
1575 228 229 
1576 229 230 
1577 230 231 
1578 231 232 
1579 232 233 
1580 233 234 
1581 234 235 
1582 235 236 
1583 236 237 
1584 237 238 
1585 238 239 
1586 239 240 
1587 240 241 
1588 241 242 
1589 242 243 
1590 243 244 
1591 244 245 
1592 245 246 
1593 246 247 
1594 247 248 
1595 248 249 
1596 249 250 
1597 250 251 
1598 251 252 
1599 252 253 
1600 253 254 
1601 254 255 
1602 255 256 
1603 256 257 
1604 257 258 
1605 258 259 
1606 259 260 
1607 260 261 
1608 261 262 
1609 262 263 
1610 263 264 
1611 264 265 
1612 265 266 
1613 266 267 
1614 267 268 
1615 268 269 
1616 269 270 
1617 270 271 
1618 271 8 
1 17 1 10
1619 8 272 
1620 272 273 
1621 273 274 
1622 274 275 
1623 275 276 
1624 276 277 
1625 277 278 
1626 278 279 
1627 279 280 
1628 280 5 
1 19 1 1
1629 4 5 
1 20 1 1
1630 1 6 
1 24 1 1
1631 2 7 
1 28 1 1
1632 3 8 
2 12 3 600
1 4 86 281 85 
2 85 281 282 84 
3 84 282 283 83 
4 83 283 284 82 
5 82 284 285 81 
6 81 285 286 80 
7 80 286 287 79 
8 79 287 288 78 
9 78 288 289 77 
10 77 289 76 3 
11 86 87 290 281 
12 281 290 291 282 
13 282 291 292 283 
14 283 292 293 284 
15 284 293 294 285 
16 285 294 295 286 
17 286 295 296 287 
18 287 296 297 288 
19 288 297 298 289 
20 289 298 75 76 
21 87 88 299 290 
22 290 299 300 291 
23 291 300 301 292 
24 292 301 302 293 
25 293 302 303 294 
26 294 303 304 295 
27 295 304 305 296 
28 296 305 306 297 
29 297 306 307 298 
30 298 307 74 75 
31 88 89 308 299 
32 299 308 309 300 
33 300 309 310 301 
34 301 310 311 302 
35 302 311 312 303 
36 303 312 313 304 
37 304 313 314 305 
38 305 314 315 306 
39 306 315 316 307 
40 307 316 73 74 
41 89 90 317 308 
42 308 317 318 309 
43 309 318 319 310 
44 310 319 320 311 
45 311 320 321 312 
46 312 321 322 313 
47 313 322 323 314 
48 314 323 324 315 
49 315 324 325 316 
50 316 325 72 73 
51 90 91 326 317 
52 317 326 327 318 
53 318 327 328 319 
54 319 328 329 320 
55 320 329 330 321 
56 321 330 331 322 
57 322 331 332 323 
58 323 332 333 324 
59 324 333 334 325 
60 325 334 71 72 
61 91 92 335 326 
62 326 335 336 327 
63 327 336 337 328 
64 328 337 338 329 
65 329 338 339 330 
66 330 339 340 331 
67 331 340 341 332 
68 332 341 342 333 
69 333 342 343 334 
70 334 343 70 71 
71 92 93 344 335 
72 335 344 345 336 
73 336 345 346 337 
74 337 346 347 338 
75 338 347 348 339 
76 339 348 349 340 
77 340 349 350 341 
78 341 350 351 342 
79 342 351 352 343 
80 343 352 69 70 
81 93 94 353 344 
82 344 353 354 345 
83 345 354 355 346 
84 346 355 356 347 
85 347 356 357 348 
86 348 357 358 349 
87 349 358 359 350 
88 350 359 360 351 
89 351 360 361 352 
90 352 361 68 69 
91 94 95 362 353 
92 353 362 363 354 
93 354 363 364 355 
94 355 364 365 356 
95 356 365 366 357 
96 357 366 367 358 
97 358 367 368 359 
98 359 368 369 360 
99 360 369 370 361 
100 361 370 67 68 
101 95 96 371 362 
102 362 371 372 363 
103 363 372 373 364 
104 364 373 374 365 
105 365 374 375 366 
106 366 375 376 367 
107 367 376 377 368 
108 368 377 378 369 
109 369 378 379 370 
110 370 379 66 67 
111 96 97 380 371 
112 371 380 381 372 
113 372 381 382 373 
114 373 382 383 374 
115 374 383 384 375 
116 375 384 385 376 
117 376 385 386 377 
118 377 386 387 378 
119 378 387 388 379 
120 379 388 65 66 
121 97 98 389 380 
122 380 389 390 381 
123 381 390 391 382 
124 382 391 392 383 
125 383 392 393 384 
126 384 393 394 385 
127 385 394 395 386 
128 386 395 396 387 
129 387 396 397 388 
130 388 397 64 65 
131 98 99 398 389 
132 389 398 399 390 
133 390 399 400 391 
134 391 400 401 392 
135 392 401 402 393 
136 393 402 403 394 
137 394 403 404 395 
138 395 404 405 396 
139 396 405 406 397 
140 397 406 63 64 
141 99 100 407 398 
142 398 407 408 399 
143 399 408 409 400 
144 400 409 410 401 
145 401 410 411 402 
146 402 411 412 403 
147 403 412 413 404 
148 404 413 414 405 
149 405 414 415 406 
150 406 415 62 63 
151 100 101 416 407 
152 407 416 417 408 
153 408 417 418 409 
154 409 418 419 410 
155 410 419 420 411 
156 411 420 421 412 
157 412 421 422 413 
158 413 422 423 414 
159 414 423 424 415 
160 415 424 61 62 
161 101 102 425 416 
162 416 425 426 417 
163 417 426 427 418 
164 418 427 428 419 
165 419 428 429 420 
166 420 429 430 421 
167 421 430 431 422 
168 422 431 432 423 
169 423 432 433 424 
170 424 433 60 61 
171 102 103 434 425 
172 425 434 435 426 
173 426 435 436 427 
174 427 436 437 428 
175 428 437 438 429 
176 429 438 439 430 
177 430 439 440 431 
178 431 440 441 432 
179 432 441 442 433 
180 433 442 59 60 
181 103 104 443 434 
182 434 443 444 435 
183 435 444 445 436 
184 436 445 446 437 
185 437 446 447 438 
186 438 447 448 439 
187 439 448 449 440 
188 440 449 450 441 
189 441 450 451 442 
190 442 451 58 59 
191 104 105 452 443 
192 443 452 453 444 
193 444 453 454 445 
194 445 454 455 446 
195 446 455 456 447 
196 447 456 457 448 
197 448 457 458 449 
198 449 458 459 450 
199 450 459 460 451 
200 451 460 57 58 
201 105 106 461 452 
202 452 461 462 453 
203 453 462 463 454 
204 454 463 464 455 
205 455 464 465 456 
206 456 465 466 457 
207 457 466 467 458 
208 458 467 468 459 
209 459 468 469 460 
210 460 469 56 57 
211 106 107 470 461 
212 461 470 471 462 
213 462 471 472 463 
214 463 472 473 464 
215 464 473 474 465 
216 465 474 475 466 
217 466 475 476 467 
218 467 476 477 468 
219 468 477 478 469 
220 469 478 55 56 
221 107 108 479 470 
222 470 479 480 471 
223 471 480 481 472 
224 472 481 482 473 
225 473 482 483 474 
226 474 483 484 475 
227 475 484 485 476 
228 476 485 486 477 
229 477 486 487 478 
230 478 487 54 55 
231 108 109 488 479 
232 479 488 489 480 
233 480 489 490 481 
234 481 490 491 482 
235 482 491 492 483 
236 483 492 493 484 
237 484 493 494 485 
238 485 494 495 486 
239 486 495 496 487 
240 487 496 53 54 
241 109 110 497 488 
242 488 497 498 489 
243 489 498 499 490 
244 490 499 500 491 
245 491 500 501 492 
246 492 501 502 493 
247 493 502 503 494 
248 494 503 504 495 
249 495 504 505 496 
250 496 505 52 53 
251 110 111 506 497 
252 497 506 507 498 
253 498 507 508 499 
254 499 508 509 500 
255 500 509 510 501 
256 501 510 511 502 
257 502 511 512 503 
258 503 512 513 504 
259 504 513 514 505 
260 505 514 51 52 
261 111 112 515 506 
262 506 515 516 507 
263 507 516 517 508 
264 508 517 518 509 
265 509 518 519 510 
266 510 519 520 511 
267 511 520 521 512 
268 512 521 522 513 
269 513 522 523 514 
270 514 523 50 51 
271 112 113 524 515 
272 515 524 525 516 
273 516 525 526 517 
274 517 526 527 518 
275 518 527 528 519 
276 519 528 529 520 
277 520 529 530 521 
278 521 530 531 522 
279 522 531 532 523 
280 523 532 49 50 
281 113 114 533 524 
282 524 533 534 525 
283 525 534 535 526 
284 526 535 536 527 
285 527 536 537 528 
286 528 537 538 529 
287 529 538 539 530 
288 530 539 540 531 
289 531 540 541 532 
290 532 541 48 49 
291 114 115 542 533 
292 533 542 543 534 
293 534 543 544 535 
294 535 544 545 536 
295 536 545 546 537 
296 537 546 547 538 
297 538 547 548 539 
298 539 548 549 540 
299 540 549 550 541 
300 541 550 47 48 
301 115 116 551 542 
302 542 551 552 543 
303 543 552 553 544 
304 544 553 554 545 
305 545 554 555 546 
306 546 555 556 547 
307 547 556 557 548 
308 548 557 558 549 
309 549 558 559 550 
310 550 559 46 47 
311 116 117 560 551 
312 551 560 561 552 
313 552 561 562 553 
314 553 562 563 554 
315 554 563 564 555 
316 555 564 565 556 
317 556 565 566 557 
318 557 566 567 558 
319 558 567 568 559 
320 559 568 45 46 
321 117 118 569 560 
322 560 569 570 561 
323 561 570 571 562 
324 562 571 572 563 
325 563 572 573 564 
326 564 573 574 565 
327 565 574 575 566 
328 566 575 576 567 
329 567 576 577 568 
330 568 577 44 45 
331 118 119 578 569 
332 569 578 579 570 
333 570 579 580 571 
334 571 580 581 572 
335 572 581 582 573 
336 573 582 583 574 
337 574 583 584 575 
338 575 584 585 576 
339 576 585 586 577 
340 577 586 43 44 
341 119 120 587 578 
342 578 587 588 579 
343 579 588 589 580 
344 580 589 590 581 
345 581 590 591 582 
346 582 591 592 583 
347 583 592 593 584 
348 584 593 594 585 
349 585 594 595 586 
350 586 595 42 43 
351 120 121 596 587 
352 587 596 597 588 
353 588 597 598 589 
354 589 598 599 590 
355 590 599 600 591 
356 591 600 601 592 
357 592 601 602 593 
358 593 602 603 594 
359 594 603 604 595 
360 595 604 41 42 
361 121 122 605 596 
362 596 605 606 597 
363 597 606 607 598 
364 598 607 608 599 
365 599 608 609 600 
366 600 609 610 601 
367 601 610 611 602 
368 602 611 612 603 
369 603 612 613 604 
370 604 613 40 41 
371 122 123 614 605 
372 605 614 615 606 
373 606 615 616 607 
374 607 616 617 608 
375 608 617 618 609 
376 609 618 619 610 
377 610 619 620 611 
378 611 620 621 612 
379 612 621 622 613 
380 613 622 39 40 
381 123 124 623 614 
382 614 623 624 615 
383 615 624 625 616 
384 616 625 626 617 
385 617 626 627 618 
386 618 627 628 619 
387 619 628 629 620 
388 620 629 630 621 
389 621 630 631 622 
390 622 631 38 39 
391 124 125 632 623 
392 623 632 633 624 
393 624 633 634 625 
394 625 634 635 626 
395 626 635 636 627 
396 627 636 637 628 
397 628 637 638 629 
398 629 638 639 630 
399 630 639 640 631 
400 631 640 37 38 
401 125 126 641 632 
402 632 641 642 633 
403 633 642 643 634 
404 634 643 644 635 
405 635 644 645 636 
406 636 645 646 637 
407 637 646 647 638 
408 638 647 648 639 
409 639 648 649 640 
410 640 649 36 37 
411 126 127 650 641 
412 641 650 651 642 
413 642 651 652 643 
414 643 652 653 644 
415 644 653 654 645 
416 645 654 655 646 
417 646 655 656 647 
418 647 656 657 648 
419 648 657 658 649 
420 649 658 35 36 
421 127 128 659 650 
422 650 659 660 651 
423 651 660 661 652 
424 652 661 662 653 
425 653 662 663 654 
426 654 663 664 655 
427 655 664 665 656 
428 656 665 666 657 
429 657 666 667 658 
430 658 667 34 35 
431 128 129 668 659 
432 659 668 669 660 
433 660 669 670 661 
434 661 670 671 662 
435 662 671 672 663 
436 663 672 673 664 
437 664 673 674 665 
438 665 674 675 666 
439 666 675 676 667 
440 667 676 33 34 
441 129 130 677 668 
442 668 677 678 669 
443 669 678 679 670 
444 670 679 680 671 
445 671 680 681 672 
446 672 681 682 673 
447 673 682 683 674 
448 674 683 684 675 
449 675 684 685 676 
450 676 685 32 33 
451 130 131 686 677 
452 677 686 687 678 
453 678 687 688 679 
454 679 688 689 680 
455 680 689 690 681 
456 681 690 691 682 
457 682 691 692 683 
458 683 692 693 684 
459 684 693 694 685 
460 685 694 31 32 
461 131 132 695 686 
462 686 695 696 687 
463 687 696 697 688 
464 688 697 698 689 
465 689 698 699 690 
466 690 699 700 691 
467 691 700 701 692 
468 692 701 702 693 
469 693 702 703 694 
470 694 703 30 31 
471 132 133 704 695 
472 695 704 705 696 
473 696 705 706 697 
474 697 706 707 698 
475 698 707 708 699 
476 699 708 709 700 
477 700 709 710 701 
478 701 710 711 702 
479 702 711 712 703 
480 703 712 29 30 
481 133 134 713 704 
482 704 713 714 705 
483 705 714 715 706 
484 706 715 716 707 
485 707 716 717 708 
486 708 717 718 709 
487 709 718 719 710 
488 710 719 720 711 
489 711 720 721 712 
490 712 721 28 29 
491 134 135 722 713 
492 713 722 723 714 
493 714 723 724 715 
494 715 724 725 716 
495 716 725 726 717 
496 717 726 727 718 
497 718 727 728 719 
498 719 728 729 720 
499 720 729 730 721 
500 721 730 27 28 
501 135 136 731 722 
502 722 731 732 723 
503 723 732 733 724 
504 724 733 734 725 
505 725 734 735 726 
506 726 735 736 727 
507 727 736 737 728 
508 728 737 738 729 
509 729 738 739 730 
510 730 739 26 27 
511 136 137 740 731 
512 731 740 741 732 
513 732 741 742 733 
514 733 742 743 734 
515 734 743 744 735 
516 735 744 745 736 
517 736 745 746 737 
518 737 746 747 738 
519 738 747 748 739 
520 739 748 25 26 
521 137 138 749 740 
522 740 749 750 741 
523 741 750 751 742 
524 742 751 752 743 
525 743 752 753 744 
526 744 753 754 745 
527 745 754 755 746 
528 746 755 756 747 
529 747 756 757 748 
530 748 757 24 25 
531 138 139 758 749 
532 749 758 759 750 
533 750 759 760 751 
534 751 760 761 752 
535 752 761 762 753 
536 753 762 763 754 
537 754 763 764 755 
538 755 764 765 756 
539 756 765 766 757 
540 757 766 23 24 
541 139 140 767 758 
542 758 767 768 759 
543 759 768 769 760 
544 760 769 770 761 
545 761 770 771 762 
546 762 771 772 763 
547 763 772 773 764 
548 764 773 774 765 
549 765 774 775 766 
550 766 775 22 23 
551 140 141 776 767 
552 767 776 777 768 
553 768 777 778 769 
554 769 778 779 770 
555 770 779 780 771 
556 771 780 781 772 
557 772 781 782 773 
558 773 782 783 774 
559 774 783 784 775 
560 775 784 21 22 
561 141 142 785 776 
562 776 785 786 777 
563 777 786 787 778 
564 778 787 788 779 
565 779 788 789 780 
566 780 789 790 781 
567 781 790 791 782 
568 782 791 792 783 
569 783 792 793 784 
570 784 793 20 21 
571 142 143 794 785 
572 785 794 795 786 
573 786 795 796 787 
574 787 796 797 788 
575 788 797 798 789 
576 789 798 799 790 
577 790 799 800 791 
578 791 800 801 792 
579 792 801 802 793 
580 793 802 19 20 
581 143 144 803 794 
582 794 803 804 795 
583 795 804 805 796 
584 796 805 806 797 
585 797 806 807 798 
586 798 807 808 799 
587 799 808 809 800 
588 800 809 810 801 
589 801 810 811 802 
590 802 811 18 19 
591 144 1 9 803 
592 803 9 10 804 
593 804 10 11 805 
594 805 11 12 806 
595 806 12 13 807 
596 807 13 14 808 
597 808 14 15 809 
598 809 15 16 810 
599 810 16 17 811 
600 811 17 2 18 
2 21 3 60
601 4 86 145 5 
602 86 87 146 145 
603 87 88 147 146 
604 88 89 148 147 
605 89 90 149 148 
606 90 91 150 149 
607 91 92 151 150 
608 92 93 152 151 
609 93 94 153 152 
610 94 95 154 153 
611 95 96 155 154 
612 96 97 156 155 
613 97 98 157 156 
614 98 99 158 157 
615 99 100 159 158 
616 100 101 160 159 
617 101 102 161 160 
618 102 103 162 161 
619 103 104 163 162 
620 104 105 164 163 
621 105 106 165 164 
622 106 107 166 165 
623 107 108 167 166 
624 108 109 168 167 
625 109 110 169 168 
626 110 111 170 169 
627 111 112 171 170 
628 112 113 172 171 
629 113 114 173 172 
630 114 115 174 173 
631 115 116 175 174 
632 116 117 176 175 
633 117 118 177 176 
634 118 119 178 177 
635 119 120 179 178 
636 120 121 180 179 
637 121 122 181 180 
638 122 123 182 181 
639 123 124 183 182 
640 124 125 184 183 
641 125 126 185 184 
642 126 127 186 185 
643 127 128 187 186 
644 128 129 188 187 
645 129 130 189 188 
646 130 131 190 189 
647 131 132 191 190 
648 132 133 192 191 
649 133 134 193 192 
650 134 135 194 193 
651 135 136 195 194 
652 136 137 196 195 
653 137 138 197 196 
654 138 139 198 197 
655 139 140 199 198 
656 140 141 200 199 
657 141 142 201 200 
658 142 143 202 201 
659 143 144 203 202 
660 144 1 6 203 
2 25 3 10
661 1 9 204 6 
662 9 10 205 204 
663 10 11 206 205 
664 11 12 207 206 
665 12 13 208 207 
666 13 14 209 208 
667 14 15 210 209 
668 15 16 211 210 
669 16 17 212 211 
670 17 2 7 212 
2 29 3 60
671 2 18 213 7 
672 18 19 214 213 
673 19 20 215 214 
674 20 21 216 215 
675 21 22 217 216 
676 22 23 218 217 
677 23 24 219 218 
678 24 25 220 219 
679 25 26 221 220 
680 26 27 222 221 
681 27 28 223 222 
682 28 29 224 223 
683 29 30 225 224 
684 30 31 226 225 
685 31 32 227 226 
686 32 33 228 227 
687 33 34 229 228 
688 34 35 230 229 
689 35 36 231 230 
690 36 37 232 231 
691 37 38 233 232 
692 38 39 234 233 
693 39 40 235 234 
694 40 41 236 235 
695 41 42 237 236 
696 42 43 238 237 
697 43 44 239 238 
698 44 45 240 239 
699 45 46 241 240 
700 46 47 242 241 
701 47 48 243 242 
702 48 49 244 243 
703 49 50 245 244 
704 50 51 246 245 
705 51 52 247 246 
706 52 53 248 247 
707 53 54 249 248 
708 54 55 250 249 
709 55 56 251 250 
710 56 57 252 251 
711 57 58 253 252 
712 58 59 254 253 
713 59 60 255 254 
714 60 61 256 255 
715 61 62 257 256 
716 62 63 258 257 
717 63 64 259 258 
718 64 65 260 259 
719 65 66 261 260 
720 66 67 262 261 
721 67 68 263 262 
722 68 69 264 263 
723 69 70 265 264 
724 70 71 266 265 
725 71 72 267 266 
726 72 73 268 267 
727 73 74 269 268 
728 74 75 270 269 
729 75 76 271 270 
730 76 3 8 271 
2 33 3 10
731 3 77 272 8 
732 77 78 273 272 
733 78 79 274 273 
734 79 80 275 274 
735 80 81 276 275 
736 81 82 277 276 
737 82 83 278 277 
738 83 84 279 278 
739 84 85 280 279 
740 85 4 5 280 
2 34 3 600
741 5 145 812 280 
742 280 812 813 279 
743 279 813 814 278 
744 278 814 815 277 
745 277 815 816 276 
746 276 816 817 275 
747 275 817 818 274 
748 274 818 819 273 
749 273 819 820 272 
750 272 820 271 8 
751 145 146 821 812 
752 812 821 822 813 
753 813 822 823 814 
754 814 823 824 815 
755 815 824 825 816 
756 816 825 826 817 
757 817 826 827 818 
758 818 827 828 819 
759 819 828 829 820 
760 820 829 270 271 
761 146 147 830 821 
762 821 830 831 822 
763 822 831 832 823 
764 823 832 833 824 
765 824 833 834 825 
766 825 834 835 826 
767 826 835 836 827 
768 827 836 837 828 
769 828 837 838 829 
770 829 838 269 270 
771 147 148 839 830 
772 830 839 840 831 
773 831 840 841 832 
774 832 841 842 833 
775 833 842 843 834 
776 834 843 844 835 
777 835 844 845 836 
778 836 845 846 837 
779 837 846 847 838 
780 838 847 268 269 
781 148 149 848 839 
782 839 848 849 840 
783 840 849 850 841 
784 841 850 851 842 
785 842 851 852 843 
786 843 852 853 844 
787 844 853 854 845 
788 845 854 855 846 
789 846 855 856 847 
790 847 856 267 268 
791 149 150 857 848 
792 848 857 858 849 
793 849 858 859 850 
794 850 859 860 851 
795 851 860 861 852 
796 852 861 862 853 
797 853 862 863 854 
798 854 863 864 855 
799 855 864 865 856 
800 856 865 266 267 
801 150 151 866 857 
802 857 866 867 858 
803 858 867 868 859 
804 859 868 869 860 
805 860 869 870 861 
806 861 870 871 862 
807 862 871 872 863 
808 863 872 873 864 
809 864 873 874 865 
810 865 874 265 266 
811 151 152 875 866 
812 866 875 876 867 
813 867 876 877 868 
814 868 877 878 869 
815 869 878 879 870 
816 870 879 880 871 
817 871 880 881 872 
818 872 881 882 873 
819 873 882 883 874 
820 874 883 264 265 
821 152 153 884 875 
822 875 884 885 876 
823 876 885 886 877 
824 877 886 887 878 
825 878 887 888 879 
826 879 888 889 880 
827 880 889 890 881 
828 881 890 891 882 
829 882 891 892 883 
830 883 892 263 264 
831 153 154 893 884 
832 884 893 894 885 
833 885 894 895 886 
834 886 895 896 887 
835 887 896 897 888 
836 888 897 898 889 
837 889 898 899 890 
838 890 899 900 891 
839 891 900 901 892 
840 892 901 262 263 
841 154 155 902 893 
842 893 902 903 894 
843 894 903 904 895 
844 895 904 905 896 
845 896 905 906 897 
846 897 906 907 898 
847 898 907 908 899 
848 899 908 909 900 
849 900 909 910 901 
850 901 910 261 262 
851 155 156 911 902 
852 902 911 912 903 
853 903 912 913 904 
854 904 913 914 905 
855 905 914 915 906 
856 906 915 916 907 
857 907 916 917 908 
858 908 917 918 909 
859 909 918 919 910 
860 910 919 260 261 
861 156 157 920 911 
862 911 920 921 912 
863 912 921 922 913 
864 913 922 923 914 
865 914 923 924 915 
866 915 924 925 916 
867 916 925 926 917 
868 917 926 927 918 
869 918 927 928 919 
870 919 928 259 260 
871 157 158 929 920 
872 920 929 930 921 
873 921 930 931 922 
874 922 931 932 923 
875 923 932 933 924 
876 924 933 934 925 
877 925 934 935 926 
878 926 935 936 927 
879 927 936 937 928 
880 928 937 258 259 
881 158 159 938 929 
882 929 938 939 930 
883 930 939 940 931 
884 931 940 941 932 
885 932 941 942 933 
886 933 942 943 934 
887 934 943 944 935 
888 935 944 945 936 
889 936 945 946 937 
890 937 946 257 258 
891 159 160 947 938 
892 938 947 948 939 
893 939 948 949 940 
894 940 949 950 941 
895 941 950 951 942 
896 942 951 952 943 
897 943 952 953 944 
898 944 953 954 945 
899 945 954 955 946 
900 946 955 256 257 
901 160 161 956 947 
902 947 956 957 948 
903 948 957 958 949 
904 949 958 959 950 
905 950 959 960 951 
906 951 960 961 952 
907 952 961 962 953 
908 953 962 963 954 
909 954 963 964 955 
910 955 964 255 256 
911 161 162 965 956 
912 956 965 966 957 
913 957 966 967 958 
914 958 967 968 959 
915 959 968 969 960 
916 960 969 970 961 
917 961 970 971 962 
918 962 971 972 963 
919 963 972 973 964 
920 964 973 254 255 
921 162 163 974 965 
922 965 974 975 966 
923 966 975 976 967 
924 967 976 977 968 
925 968 977 978 969 
926 969 978 979 970 
927 970 979 980 971 
928 971 980 981 972 
929 972 981 982 973 
930 973 982 253 254 
931 163 164 983 974 
932 974 983 984 975 
933 975 984 985 976 
934 976 985 986 977 
935 977 986 987 978 
936 978 987 988 979 
937 979 988 989 980 
938 980 989 990 981 
939 981 990 991 982 
940 982 991 252 253 
941 164 165 992 983 
942 983 992 993 984 
943 984 993 994 985 
944 985 994 995 986 
945 986 995 996 987 
946 987 996 997 988 
947 988 997 998 989 
948 989 998 999 990 
949 990 999 1000 991 
950 991 1000 251 252 
951 165 166 1001 992 
952 992 1001 1002 993 
953 993 1002 1003 994 
954 994 1003 1004 995 
955 995 1004 1005 996 
956 996 1005 1006 997 
957 997 1006 1007 998 
958 998 1007 1008 999 
959 999 1008 1009 1000 
960 1000 1009 250 251 
961 166 167 1010 1001 
962 1001 1010 1011 1002 
963 1002 1011 1012 1003 
964 1003 1012 1013 1004 
965 1004 1013 1014 1005 
966 1005 1014 1015 1006 
967 1006 1015 1016 1007 
968 1007 1016 1017 1008 
969 1008 1017 1018 1009 
970 1009 1018 249 250 
971 167 168 1019 1010 
972 1010 1019 1020 1011 
973 1011 1020 1021 1012 
974 1012 1021 1022 1013 
975 1013 1022 1023 1014 
976 1014 1023 1024 1015 
977 1015 1024 1025 1016 
978 1016 1025 1026 1017 
979 1017 1026 1027 1018 
980 1018 1027 248 249 
981 168 169 1028 1019 
982 1019 1028 1029 1020 
983 1020 1029 1030 1021 
984 1021 1030 1031 1022 
985 1022 1031 1032 1023 
986 1023 1032 1033 1024 
987 1024 1033 1034 1025 
988 1025 1034 1035 1026 
989 1026 1035 1036 1027 
990 1027 1036 247 248 
991 169 170 1037 1028 
992 1028 1037 1038 1029 
993 1029 1038 1039 1030 
994 1030 1039 1040 1031 
995 1031 1040 1041 1032 
996 1032 1041 1042 1033 
997 1033 1042 1043 1034 
998 1034 1043 1044 1035 
999 1035 1044 1045 1036 
1000 1036 1045 246 247 
1001 170 171 1046 1037 
1002 1037 1046 1047 1038 
1003 1038 1047 1048 1039 
1004 1039 1048 1049 1040 
1005 1040 1049 1050 1041 
1006 1041 1050 1051 1042 
1007 1042 1051 1052 1043 
1008 1043 1052 1053 1044 
1009 1044 1053 1054 1045 
1010 1045 1054 245 246 
1011 171 172 1055 1046 
1012 1046 1055 1056 1047 
1013 1047 1056 1057 1048 
1014 1048 1057 1058 1049 
1015 1049 1058 1059 1050 
1016 1050 1059 1060 1051 
1017 1051 1060 1061 1052 
1018 1052 1061 1062 1053 
1019 1053 1062 1063 1054 
1020 1054 1063 244 245 
1021 172 173 1064 1055 
1022 1055 1064 1065 1056 
1023 1056 1065 1066 1057 
1024 1057 1066 1067 1058 
1025 1058 1067 1068 1059 
1026 1059 1068 1069 1060 
1027 1060 1069 1070 1061 
1028 1061 1070 1071 1062 
1029 1062 1071 1072 1063 
1030 1063 1072 243 244 
1031 173 174 1073 1064 
1032 1064 1073 1074 1065 
1033 1065 1074 1075 1066 
1034 1066 1075 1076 1067 
1035 1067 1076 1077 1068 
1036 1068 1077 1078 1069 
1037 1069 1078 1079 1070 
1038 1070 1079 1080 1071 
1039 1071 1080 1081 1072 
1040 1072 1081 242 243 
1041 174 175 1082 1073 
1042 1073 1082 1083 1074 
1043 1074 1083 1084 1075 
1044 1075 1084 1085 1076 
1045 1076 1085 1086 1077 
1046 1077 1086 1087 1078 
1047 1078 1087 1088 1079 
1048 1079 1088 1089 1080 
1049 1080 1089 1090 1081 
1050 1081 1090 241 242 
1051 175 176 1091 1082 
1052 1082 1091 1092 1083 
1053 1083 1092 1093 1084 
1054 1084 1093 1094 1085 
1055 1085 1094 1095 1086 
1056 1086 1095 1096 1087 
1057 1087 1096 1097 1088 
1058 1088 1097 1098 1089 
1059 1089 1098 1099 1090 
1060 1090 1099 240 241 
1061 176 177 1100 1091 
1062 1091 1100 1101 1092 
1063 1092 1101 1102 1093 
1064 1093 1102 1103 1094 
1065 1094 1103 1104 1095 
1066 1095 1104 1105 1096 
1067 1096 1105 1106 1097 
1068 1097 1106 1107 1098 
1069 1098 1107 1108 1099 
1070 1099 1108 239 240 
1071 177 178 1109 1100 
1072 1100 1109 1110 1101 
1073 1101 1110 1111 1102 
1074 1102 1111 1112 1103 
1075 1103 1112 1113 1104 
1076 1104 1113 1114 1105 
1077 1105 1114 1115 1106 
1078 1106 1115 1116 1107 
1079 1107 1116 1117 1108 
1080 1108 1117 238 239 
1081 178 179 1118 1109 
1082 1109 1118 1119 1110 
1083 1110 1119 1120 1111 
1084 1111 1120 1121 1112 
1085 1112 1121 1122 1113 
1086 1113 1122 1123 1114 
1087 1114 1123 1124 1115 
1088 1115 1124 1125 1116 
1089 1116 1125 1126 1117 
1090 1117 1126 237 238 
1091 179 180 1127 1118 
1092 1118 1127 1128 1119 
1093 1119 1128 1129 1120 
1094 1120 1129 1130 1121 
1095 1121 1130 1131 1122 
1096 1122 1131 1132 1123 
1097 1123 1132 1133 1124 
1098 1124 1133 1134 1125 
1099 1125 1134 1135 1126 
1100 1126 1135 236 237 
1101 180 181 1136 1127 
1102 1127 1136 1137 1128 
1103 1128 1137 1138 1129 
1104 1129 1138 1139 1130 
1105 1130 1139 1140 1131 
1106 1131 1140 1141 1132 
1107 1132 1141 1142 1133 
1108 1133 1142 1143 1134 
1109 1134 1143 1144 1135 
1110 1135 1144 235 236 
1111 181 182 1145 1136 
1112 1136 1145 1146 1137 
1113 1137 1146 1147 1138 
1114 1138 1147 1148 1139 
1115 1139 1148 1149 1140 
1116 1140 1149 1150 1141 
1117 1141 1150 1151 1142 
1118 1142 1151 1152 1143 
1119 1143 1152 1153 1144 
1120 1144 1153 234 235 
1121 182 183 1154 1145 
1122 1145 1154 1155 1146 
1123 1146 1155 1156 1147 
1124 1147 1156 1157 1148 
1125 1148 1157 1158 1149 
1126 1149 1158 1159 1150 
1127 1150 1159 1160 1151 
1128 1151 1160 1161 1152 
1129 1152 1161 1162 1153 
1130 1153 1162 233 234 
1131 183 184 1163 1154 
1132 1154 1163 1164 1155 
1133 1155 1164 1165 1156 
1134 1156 1165 1166 1157 
1135 1157 1166 1167 1158 
1136 1158 1167 1168 1159 
1137 1159 1168 1169 1160 
1138 1160 1169 1170 1161 
1139 1161 1170 1171 1162 
1140 1162 1171 232 233 
1141 184 185 1172 1163 
1142 1163 1172 1173 1164 
1143 1164 1173 1174 1165 
1144 1165 1174 1175 1166 
1145 1166 1175 1176 1167 
1146 1167 1176 1177 1168 
1147 1168 1177 1178 1169 
1148 1169 1178 1179 1170 
1149 1170 1179 1180 1171 
1150 1171 1180 231 232 
1151 185 186 1181 1172 
1152 1172 1181 1182 1173 
1153 1173 1182 1183 1174 
1154 1174 1183 1184 1175 
1155 1175 1184 1185 1176 
1156 1176 1185 1186 1177 
1157 1177 1186 1187 1178 
1158 1178 1187 1188 1179 
1159 1179 1188 1189 1180 
1160 1180 1189 230 231 
1161 186 187 1190 1181 
1162 1181 1190 1191 1182 
1163 1182 1191 1192 1183 
1164 1183 1192 1193 1184 
1165 1184 1193 1194 1185 
1166 1185 1194 1195 1186 
1167 1186 1195 1196 1187 
1168 1187 1196 1197 1188 
1169 1188 1197 1198 1189 
1170 1189 1198 229 230 
1171 187 188 1199 1190 
1172 1190 1199 1200 1191 
1173 1191 1200 1201 1192 
1174 1192 1201 1202 1193 
1175 1193 1202 1203 1194 
1176 1194 1203 1204 1195 
1177 1195 1204 1205 1196 
1178 1196 1205 1206 1197 
1179 1197 1206 1207 1198 
1180 1198 1207 228 229 
1181 188 189 1208 1199 
1182 1199 1208 1209 1200 
1183 1200 1209 1210 1201 
1184 1201 1210 1211 1202 
1185 1202 1211 1212 1203 
1186 1203 1212 1213 1204 
1187 1204 1213 1214 1205 
1188 1205 1214 1215 1206 
1189 1206 1215 1216 1207 
1190 1207 1216 227 228 
1191 189 190 1217 1208 
1192 1208 1217 1218 1209 
1193 1209 1218 1219 1210 
1194 1210 1219 1220 1211 
1195 1211 1220 1221 1212 
1196 1212 1221 1222 1213 
1197 1213 1222 1223 1214 
1198 1214 1223 1224 1215 
1199 1215 1224 1225 1216 
1200 1216 1225 226 227 
1201 190 191 1226 1217 
1202 1217 1226 1227 1218 
1203 1218 1227 1228 1219 
1204 1219 1228 1229 1220 
1205 1220 1229 1230 1221 
1206 1221 1230 1231 1222 
1207 1222 1231 1232 1223 
1208 1223 1232 1233 1224 
1209 1224 1233 1234 1225 
1210 1225 1234 225 226 
1211 191 192 1235 1226 
1212 1226 1235 1236 1227 
1213 1227 1236 1237 1228 
1214 1228 1237 1238 1229 
1215 1229 1238 1239 1230 
1216 1230 1239 1240 1231 
1217 1231 1240 1241 1232 
1218 1232 1241 1242 1233 
1219 1233 1242 1243 1234 
1220 1234 1243 224 225 
1221 192 193 1244 1235 
1222 1235 1244 1245 1236 
1223 1236 1245 1246 1237 
1224 1237 1246 1247 1238 
1225 1238 1247 1248 1239 
1226 1239 1248 1249 1240 
1227 1240 1249 1250 1241 
1228 1241 1250 1251 1242 
1229 1242 1251 1252 1243 
1230 1243 1252 223 224 
1231 193 194 1253 1244 
1232 1244 1253 1254 1245 
1233 1245 1254 1255 1246 
1234 1246 1255 1256 1247 
1235 1247 1256 1257 1248 
1236 1248 1257 1258 1249 
1237 1249 1258 1259 1250 
1238 1250 1259 1260 1251 
1239 1251 1260 1261 1252 
1240 1252 1261 222 223 
1241 194 195 1262 1253 
1242 1253 1262 1263 1254 
1243 1254 1263 1264 1255 
1244 1255 1264 1265 1256 
1245 1256 1265 1266 1257 
1246 1257 1266 1267 1258 
1247 1258 1267 1268 1259 
1248 1259 1268 1269 1260 
1249 1260 1269 1270 1261 
1250 1261 1270 221 222 
1251 195 196 1271 1262 
1252 1262 1271 1272 1263 
1253 1263 1272 1273 1264 
1254 1264 1273 1274 1265 
1255 1265 1274 1275 1266 
1256 1266 1275 1276 1267 
1257 1267 1276 1277 1268 
1258 1268 1277 1278 1269 
1259 1269 1278 1279 1270 
1260 1270 1279 220 221 
1261 196 197 1280 1271 
1262 1271 1280 1281 1272 
1263 1272 1281 1282 1273 
1264 1273 1282 1283 1274 
1265 1274 1283 1284 1275 
1266 1275 1284 1285 1276 
1267 1276 1285 1286 1277 
1268 1277 1286 1287 1278 
1269 1278 1287 1288 1279 
1270 1279 1288 219 220 
1271 197 198 1289 1280 
1272 1280 1289 1290 1281 
1273 1281 1290 1291 1282 
1274 1282 1291 1292 1283 
1275 1283 1292 1293 1284 
1276 1284 1293 1294 1285 
1277 1285 1294 1295 1286 
1278 1286 1295 1296 1287 
1279 1287 1296 1297 1288 
1280 1288 1297 218 219 
1281 198 199 1298 1289 
1282 1289 1298 1299 1290 
1283 1290 1299 1300 1291 
1284 1291 1300 1301 1292 
1285 1292 1301 1302 1293 
1286 1293 1302 1303 1294 
1287 1294 1303 1304 1295 
1288 1295 1304 1305 1296 
1289 1296 1305 1306 1297 
1290 1297 1306 217 218 
1291 199 200 1307 1298 
1292 1298 1307 1308 1299 
1293 1299 1308 1309 1300 
1294 1300 1309 1310 1301 
1295 1301 1310 1311 1302 
1296 1302 1311 1312 1303 
1297 1303 1312 1313 1304 
1298 1304 1313 1314 1305 
1299 1305 1314 1315 1306 
1300 1306 1315 216 217 
1301 200 201 1316 1307 
1302 1307 1316 1317 1308 
1303 1308 1317 1318 1309 
1304 1309 1318 1319 1310 
1305 1310 1319 1320 1311 
1306 1311 1320 1321 1312 
1307 1312 1321 1322 1313 
1308 1313 1322 1323 1314 
1309 1314 1323 1324 1315 
1310 1315 1324 215 216 
1311 201 202 1325 1316 
1312 1316 1325 1326 1317 
1313 1317 1326 1327 1318 
1314 1318 1327 1328 1319 
1315 1319 1328 1329 1320 
1316 1320 1329 1330 1321 
1317 1321 1330 1331 1322 
1318 1322 1331 1332 1323 
1319 1323 1332 1333 1324 
1320 1324 1333 214 215 
1321 202 203 1334 1325 
1322 1325 1334 1335 1326 
1323 1326 1335 1336 1327 
1324 1327 1336 1337 1328 
1325 1328 1337 1338 1329 
1326 1329 1338 1339 1330 
1327 1330 1339 1340 1331 
1328 1331 1340 1341 1332 
1329 1332 1341 1342 1333 
1330 1333 1342 213 214 
1331 203 6 204 1334 
1332 1334 204 205 1335 
1333 1335 205 206 1336 
1334 1336 206 207 1337 
1335 1337 207 208 1338 
1336 1338 208 209 1339 
1337 1339 209 210 1340 
1338 1340 210 211 1341 
1339 1341 211 212 1342 
1340 1342 212 7 213 
$EndElements
