$MeshFormat
4.1 0 8
$EndMeshFormat
$PhysicalNames
7
2 1 "front"
2 2 "back"
2 4 "top"
2 5 "bottom"
2 6 "left"
2 7 "right"
3 3 "internal"
$EndPhysicalNames
$Entities
8 12 6 1
1 -5000 -250 0 0 
2 5000 -250 0 0 
3 5000 -250 10000 0 
4 -5000 -250 10000 0 
5 -5000 250 10000 0 
6 -5000 250 0 0 
10 5000 250 0 0 
14 5000 250 10000 0 
1 -5000 -250 0 5000 -250 0 0 2 1 -2 
2 5000 -250 0 5000 -250 10000 0 2 2 -3 
3 -5000 -250 10000 5000 -250 10000 0 2 3 -4 
4 -5000 -250 0 -5000 -250 10000 0 2 4 -1 
14 -5000 250 0 -5000 250 10000 0 2 5 -6 
15 -5000 250 0 5000 250 0 0 2 6 -10 
16 5000 250 0 5000 250 10000 0 2 10 -14 
17 -5000 250 10000 5000 250 10000 0 2 14 -5 
19 -5000 -250 10000 -5000 250 10000 0 2 4 -5 
20 -5000 -250 0 -5000 250 0 0 2 1 -6 
24 5000 -250 0 5000 250 0 0 2 2 -10 
28 5000 -250 10000 5000 250 10000 0 2 3 -14 
12 -5000 -250 0 5000 -250 10000 1 1 4 4 1 2 3 
21 -5000 -250 0 -5000 250 10000 1 6 4 4 20 -14 -19 
25 -5000 -250 0 5000 250 0 1 5 4 1 24 -15 -20 
29 5000 -250 0 5000 250 10000 1 7 4 2 28 -16 -24 
33 -5000 -250 10000 5000 250 10000 1 4 4 3 19 -17 -28 
34 -5000 250 0 5000 250 10000 1 2 4 14 15 16 17 
1 -5000 -250 0 5000 250 10000 1 3 6 -12 34 21 25 29 33 
$EndEntities
$Nodes
23 3402 1 3402
0 1 0 1
1
-5000 -250 0
0 2 0 1
2
5000 -250 0
0 3 0 1
3
5000 -250 10000
0 4 0 1
4
-5000 -250 10000
0 5 0 1
5
-5000 250 10000
0 6 0 1
6
-5000 250 0
0 10 0 1
7
5000 250 0
0 14 0 1
8
5000 250 10000
1 1 0 19
9
10
11
12
13
14
15
16
17
18
19
20
21
22
23
24
25
26
27
-4500.00000000198 -250 0
-4000.000000003498 -250 0
-3500.000000004341 -250 0
-3000.000000006322 -250 0
-2500.000000006349 -250 0
-2000.000000006055 -250 0
-1500.000000005762 -250 0
-1000.00000000547 -250 0
-500.0000000069886 -250 0
-8.792085282038897e-09 -250 0
499.9999999935962 -250 0
999.9999999961647 -250 0
1499.999999998731 -250 0
2000.000000001299 -250 0
2500.000000003864 -250 0
3000.000000006431 -250 0
3500.000000005943 -250 0
4000.000000003962 -250 0
4500.000000001981 -250 0
1 2 0 79
28
29
30
31
32
33
34
35
36
37
38
39
40
41
42
43
44
45
46
47
48
49
50
51
52
53
54
55
56
57
58
59
60
61
62
63
64
65
66
67
68
69
70
71
72
73
74
75
76
77
78
79
80
81
82
83
84
85
86
87
88
89
90
91
92
93
94
95
96
97
98
99
100
101
102
103
104
105
106
5000 -250 124.9999999998978
5000 -250 249.9999999997957
5000 -250 374.9999999996691
5000 -250 499.9999999995336
5000 -250 624.9999999994203
5000 -250 749.9999999994048
5000 -250 874.9999999994116
5000 -250 999.9999999994183
5000 -250 1124.999999999425
5000 -250 1249.999999999387
5000 -250 1374.999999999154
5000 -250 1499.999999998877
5000 -250 1624.999999998599
5000 -250 1749.999999998322
5000 -250 1874.999999998044
5000 -250 1999.999999997767
5000 -250 2124.999999997613
5000 -250 2249.99999999762
5000 -250 2374.999999997627
5000 -250 2499.999999997633
5000 -250 2624.99999999764
5000 -250 2749.999999997646
5000 -250 2874.999999997653
5000 -250 2999.999999997659
5000 -250 3124.999999997665
5000 -250 3249.999999997671
5000 -250 3374.999999997677
5000 -250 3499.999999997684
5000 -250 3624.99999999769
5000 -250 3749.999999997696
5000 -250 3874.999999997703
5000 -250 3999.999999997709
5000 -250 4124.999999997573
5000 -250 4249.999999997047
5000 -250 4374.999999996485
5000 -250 4499.999999995922
5000 -250 4624.99999999536
5000 -250 4749.999999994798
5000 -250 4874.999999994236
5000 -250 4999.999999993852
5000 -250 5124.999999994249
5000 -250 5249.999999994826
5000 -250 5374.9999999954
5000 -250 5499.999999995977
5000 -250 5624.999999996551
5000 -250 5749.999999997128
5000 -250 5874.999999997704
5000 -250 5999.999999998279
5000 -250 6124.999999998855
5000 -250 6249.999999999431
5000 -250 6375.000000000005
5000 -250 6500.000000000582
5000 -250 6625.000000001157
5000 -250 6750.000000001733
5000 -250 6875.000000002308
5000 -250 7000.000000002883
5000 -250 7125.00000000346
5000 -250 7250.000000004035
5000 -250 7375.000000004611
5000 -250 7500.000000005186
5000 -250 7625.000000005762
5000 -250 7750.000000006337
5000 -250 7875.000000006913
5000 -250 8000.000000007489
5000 -250 8125.000000008064
5000 -250 8250.000000007858
5000 -250 8375.000000007296
5000 -250 8500.000000006736
5000 -250 8625.000000006174
5000 -250 8750.000000005613
5000 -250 8875.000000005051
5000 -250 9000.000000004491
5000 -250 9125.000000003929
5000 -250 9250.000000003369
5000 -250 9375.000000002807
5000 -250 9500.000000002245
5000 -250 9625.000000001684
5000 -250 9750.000000001122
5000 -250 9875.000000000562
1 3 0 19
107
108
109
110
111
112
113
114
115
116
117
118
119
120
121
122
123
124
125
4500.00000000198 -250 10000
4000.000000003498 -250 10000
3500.000000004341 -250 10000
3000.000000006322 -250 10000
2500.000000006349 -250 10000
2000.000000006055 -250 10000
1500.000000005762 -250 10000
1000.00000000547 -250 10000
500.0000000069886 -250 10000
8.792085282038897e-09 -250 10000
-499.9999999935962 -250 10000
-999.9999999961647 -250 10000
-1499.999999998731 -250 10000
-2000.000000001299 -250 10000
-2500.000000003864 -250 10000
-3000.000000006431 -250 10000
-3500.000000005943 -250 10000
-4000.000000003962 -250 10000
-4500.000000001981 -250 10000
1 4 0 79
126
127
128
129
130
131
132
133
134
135
136
137
138
139
140
141
142
143
144
145
146
147
148
149
150
151
152
153
154
155
156
157
158
159
160
161
162
163
164
165
166
167
168
169
170
171
172
173
174
175
176
177
178
179
180
181
182
183
184
185
186
187
188
189
190
191
192
193
194
195
196
197
198
199
200
201
202
203
204
-5000 -250 9875.00000000036
-5000 -250 9750.000000000719
-5000 -250 9625.000000001079
-5000 -250 9500.000000001439
-5000 -250 9375.000000001797
-5000 -250 9250.000000002157
-5000 -250 9125.000000002516
-5000 -250 9000.000000002876
-5000 -250 8875.000000003234
-5000 -250 8750.000000003594
-5000 -250 8625.000000003954
-5000 -250 8500.000000004315
-5000 -250 8375.000000004673
-5000 -250 8250.000000005033
-5000 -250 8125.000000005393
-5000 -250 8000.000000005753
-5000 -250 7875.000000006112
-5000 -250 7750.000000006472
-5000 -250 7625.000000006831
-5000 -250 7500.00000000719
-5000 -250 7375.000000007551
-5000 -250 7250.000000007909
-5000 -250 7125.000000008269
-5000 -250 7000.000000008627
-5000 -250 6875.000000008987
-5000 -250 6750.000000009346
-5000 -250 6625.000000009705
-5000 -250 6500.000000010064
-5000 -250 6375.000000010423
-5000 -250 6250.000000010783
-5000 -250 6125.000000011142
-5000 -250 6000.000000011501
-5000 -250 5875.00000001186
-5000 -250 5750.000000012219
-5000 -250 5625.000000012579
-5000 -250 5500.000000012938
-5000 -250 5375.000000013297
-5000 -250 5250.000000013657
-5000 -250 5125.000000014015
-5000 -250 5000.000000014197
-5000 -250 4875.000000013599
-5000 -250 4750.000000012822
-5000 -250 4625.000000012044
-5000 -250 4500.000000011269
-5000 -250 4375.000000010492
-5000 -250 4250.000000009715
-5000 -250 4125.000000008939
-5000 -250 4000.00000000816
-5000 -250 3875.000000007383
-5000 -250 3750.000000006607
-5000 -250 3625.00000000583
-5000 -250 3500.000000005053
-5000 -250 3375.000000004276
-5000 -250 3250.0000000035
-5000 -250 3125.000000002723
-5000 -250 3000.000000001946
-5000 -250 2875.00000000117
-5000 -250 2750.000000000392
-5000 -250 2624.999999999615
-5000 -250 2499.999999998839
-5000 -250 2374.999999998063
-5000 -250 2249.999999997286
-5000 -250 2124.999999996508
-5000 -250 1999.999999995732
-5000 -250 1874.999999994955
-5000 -250 1749.99999999496
-5000 -250 1624.99999999532
-5000 -250 1499.99999999568
-5000 -250 1374.99999999604
-5000 -250 1249.9999999964
-5000 -250 1124.99999999676
-5000 -250 999.9999999971205
-5000 -250 874.9999999974807
-5000 -250 749.9999999978409
-5000 -250 624.999999998201
-5000 -250 499.9999999985612
-5000 -250 374.9999999989213
-5000 -250 249.9999999992815
-5000 -250 124.9999999996417
1 14 0 79
205
206
207
208
209
210
211
212
213
214
215
216
217
218
219
220
221
222
223
224
225
226
227
228
229
230
231
232
233
234
235
236
237
238
239
240
241
242
243
244
245
246
247
248
249
250
251
252
253
254
255
256
257
258
259
260
261
262
263
264
265
266
267
268
269
270
271
272
273
274
275
276
277
278
279
280
281
282
283
-5000 250 9875.00000000036
-5000 250 9750.000000000719
-5000 250 9625.000000001079
-5000 250 9500.000000001439
-5000 250 9375.000000001797
-5000 250 9250.000000002157
-5000 250 9125.000000002516
-5000 250 9000.000000002876
-5000 250 8875.000000003234
-5000 250 8750.000000003594
-5000 250 8625.000000003954
-5000 250 8500.000000004315
-5000 250 8375.000000004673
-5000 250 8250.000000005033
-5000 250 8125.000000005393
-5000 250 8000.000000005753
-5000 250 7875.000000006112
-5000 250 7750.000000006472
-5000 250 7625.000000006831
-5000 250 7500.00000000719
-5000 250 7375.000000007551
-5000 250 7250.000000007909
-5000 250 7125.000000008269
-5000 250 7000.000000008627
-5000 250 6875.000000008987
-5000 250 6750.000000009346
-5000 250 6625.000000009705
-5000 250 6500.000000010064
-5000 250 6375.000000010423
-5000 250 6250.000000010783
-5000 250 6125.000000011142
-5000 250 6000.000000011501
-5000 250 5875.00000001186
-5000 250 5750.000000012219
-5000 250 5625.000000012579
-5000 250 5500.000000012938
-5000 250 5375.000000013297
-5000 250 5250.000000013657
-5000 250 5125.000000014015
-5000 250 5000.000000014197
-5000 250 4875.000000013599
-5000 250 4750.000000012822
-5000 250 4625.000000012044
-5000 250 4500.000000011269
-5000 250 4375.000000010492
-5000 250 4250.000000009715
-5000 250 4125.000000008939
-5000 250 4000.00000000816
-5000 250 3875.000000007383
-5000 250 3750.000000006607
-5000 250 3625.00000000583
-5000 250 3500.000000005053
-5000 250 3375.000000004276
-5000 250 3250.0000000035
-5000 250 3125.000000002723
-5000 250 3000.000000001946
-5000 250 2875.00000000117
-5000 250 2750.000000000392
-5000 250 2624.999999999615
-5000 250 2499.999999998839
-5000 250 2374.999999998063
-5000 250 2249.999999997286
-5000 250 2124.999999996508
-5000 250 1999.999999995732
-5000 250 1874.999999994955
-5000 250 1749.99999999496
-5000 250 1624.99999999532
-5000 250 1499.99999999568
-5000 250 1374.99999999604
-5000 250 1249.9999999964
-5000 250 1124.99999999676
-5000 250 999.9999999971205
-5000 250 874.9999999974807
-5000 250 749.9999999978409
-5000 250 624.999999998201
-5000 250 499.9999999985612
-5000 250 374.9999999989213
-5000 250 249.9999999992815
-5000 250 124.9999999996417
1 15 0 19
284
285
286
287
288
289
290
291
292
293
294
295
296
297
298
299
300
301
302
-4500.00000000198 250 0
-4000.000000003498 250 0
-3500.000000004341 250 0
-3000.000000006322 250 0
-2500.000000006349 250 0
-2000.000000006055 250 0
-1500.000000005762 250 0
-1000.00000000547 250 0
-500.0000000069886 250 0
-8.792085282038897e-09 250 0
499.9999999935962 250 0
999.9999999961647 250 0
1499.999999998731 250 0
2000.000000001299 250 0
2500.000000003864 250 0
3000.000000006431 250 0
3500.000000005943 250 0
4000.000000003962 250 0
4500.000000001981 250 0
1 16 0 79
303
304
305
306
307
308
309
310
311
312
313
314
315
316
317
318
319
320
321
322
323
324
325
326
327
328
329
330
331
332
333
334
335
336
337
338
339
340
341
342
343
344
345
346
347
348
349
350
351
352
353
354
355
356
357
358
359
360
361
362
363
364
365
366
367
368
369
370
371
372
373
374
375
376
377
378
379
380
381
5000 250 124.9999999998978
5000 250 249.9999999997957
5000 250 374.9999999996691
5000 250 499.9999999995336
5000 250 624.9999999994203
5000 250 749.9999999994048
5000 250 874.9999999994116
5000 250 999.9999999994183
5000 250 1124.999999999425
5000 250 1249.999999999387
5000 250 1374.999999999154
5000 250 1499.999999998877
5000 250 1624.999999998599
5000 250 1749.999999998322
5000 250 1874.999999998044
5000 250 1999.999999997767
5000 250 2124.999999997613
5000 250 2249.99999999762
5000 250 2374.999999997627
5000 250 2499.999999997633
5000 250 2624.99999999764
5000 250 2749.999999997646
5000 250 2874.999999997653
5000 250 2999.999999997659
5000 250 3124.999999997665
5000 250 3249.999999997671
5000 250 3374.999999997677
5000 250 3499.999999997684
5000 250 3624.99999999769
5000 250 3749.999999997696
5000 250 3874.999999997703
5000 250 3999.999999997709
5000 250 4124.999999997573
5000 250 4249.999999997047
5000 250 4374.999999996485
5000 250 4499.999999995922
5000 250 4624.99999999536
5000 250 4749.999999994798
5000 250 4874.999999994236
5000 250 4999.999999993852
5000 250 5124.999999994249
5000 250 5249.999999994826
5000 250 5374.9999999954
5000 250 5499.999999995977
5000 250 5624.999999996551
5000 250 5749.999999997128
5000 250 5874.999999997704
5000 250 5999.999999998279
5000 250 6124.999999998855
5000 250 6249.999999999431
5000 250 6375.000000000005
5000 250 6500.000000000582
5000 250 6625.000000001157
5000 250 6750.000000001733
5000 250 6875.000000002308
5000 250 7000.000000002883
5000 250 7125.00000000346
5000 250 7250.000000004035
5000 250 7375.000000004611
5000 250 7500.000000005186
5000 250 7625.000000005762
5000 250 7750.000000006337
5000 250 7875.000000006913
5000 250 8000.000000007489
5000 250 8125.000000008064
5000 250 8250.000000007858
5000 250 8375.000000007296
5000 250 8500.000000006736
5000 250 8625.000000006174
5000 250 8750.000000005613
5000 250 8875.000000005051
5000 250 9000.000000004491
5000 250 9125.000000003929
5000 250 9250.000000003369
5000 250 9375.000000002807
5000 250 9500.000000002245
5000 250 9625.000000001684
5000 250 9750.000000001122
5000 250 9875.000000000562
1 17 0 19
382
383
384
385
386
387
388
389
390
391
392
393
394
395
396
397
398
399
400
4500.00000000198 250 10000
4000.000000003498 250 10000
3500.000000004341 250 10000
3000.000000006322 250 10000
2500.000000006349 250 10000
2000.000000006055 250 10000
1500.000000005762 250 10000
1000.00000000547 250 10000
500.0000000069886 250 10000
8.792085282038897e-09 250 10000
-499.9999999935962 250 10000
-999.9999999961647 250 10000
-1499.999999998731 250 10000
-2000.000000001299 250 10000
-2500.000000003864 250 10000
-3000.000000006431 250 10000
-3500.000000005943 250 10000
-4000.000000003962 250 10000
-4500.000000001981 250 10000
2 12 0 1501
401
402
403
404
405
406
407
408
409
410
411
412
413
414
415
416
417
418
419
420
421
422
423
424
425
426
427
428
429
430
431
432
433
434
435
436
437
438
439
440
441
442
443
444
445
446
447
448
449
450
451
452
453
454
455
456
457
458
459
460
461
462
463
464
465
466
467
468
469
470
471
472
473
474
475
476
477
478
479
480
481
482
483
484
485
486
487
488
489
490
491
492
493
494
495
496
497
498
499
500
501
502
503
504
505
506
507
508
509
510
511
512
513
514
515
516
517
518
519
520
521
522
523
524
525
526
527
528
529
530
531
532
533
534
535
536
537
538
539
540
541
542
543
544
545
546
547
548
549
550
551
552
553
554
555
556
557
558
559
560
561
562
563
564
565
566
567
568
569
570
571
572
573
574
575
576
577
578
579
580
581
582
583
584
585
586
587
588
589
590
591
592
593
594
595
596
597
598
599
600
601
602
603
604
605
606
607
608
609
610
611
612
613
614
615
616
617
618
619
620
621
622
623
624
625
626
627
628
629
630
631
632
633
634
635
636
637
638
639
640
641
642
643
644
645
646
647
648
649
650
651
652
653
654
655
656
657
658
659
660
661
662
663
664
665
666
667
668
669
670
671
672
673
674
675
676
677
678
679
680
681
682
683
684
685
686
687
688
689
690
691
692
693
694
695
696
697
698
699
700
701
702
703
704
705
706
707
708
709
710
711
712
713
714
715
716
717
718
719
720
721
722
723
724
725
726
727
728
729
730
731
732
733
734
735
736
737
738
739
740
741
742
743
744
745
746
747
748
749
750
751
752
753
754
755
756
757
758
759
760
761
762
763
764
765
766
767
768
769
770
771
772
773
774
775
776
777
778
779
780
781
782
783
784
785
786
787
788
789
790
791
792
793
794
795
796
797
798
799
800
801
802
803
804
805
806
807
808
809
810
811
812
813
814
815
816
817
818
819
820
821
822
823
824
825
826
827
828
829
830
831
832
833
834
835
836
837
838
839
840
841
842
843
844
845
846
847
848
849
850
851
852
853
854
855
856
857
858
859
860
861
862
863
864
865
866
867
868
869
870
871
872
873
874
875
876
877
878
879
880
881
882
883
884
885
886
887
888
889
890
891
892
893
894
895
896
897
898
899
900
901
902
903
904
905
906
907
908
909
910
911
912
913
914
915
916
917
918
919
920
921
922
923
924
925
926
927
928
929
930
931
932
933
934
935
936
937
938
939
940
941
942
943
944
945
946
947
948
949
950
951
952
953
954
955
956
957
958
959
960
961
962
963
964
965
966
967
968
969
970
971
972
973
974
975
976
977
978
979
980
981
982
983
984
985
986
987
988
989
990
991
992
993
994
995
996
997
998
999
1000
1001
1002
1003
1004
1005
1006
1007
1008
1009
1010
1011
1012
1013
1014
1015
1016
1017
1018
1019
1020
1021
1022
1023
1024
1025
1026
1027
1028
1029
1030
1031
1032
1033
1034
1035
1036
1037
1038
1039
1040
1041
1042
1043
1044
1045
1046
1047
1048
1049
1050
1051
1052
1053
1054
1055
1056
1057
1058
1059
1060
1061
1062
1063
1064
1065
1066
1067
1068
1069
1070
1071
1072
1073
1074
1075
1076
1077
1078
1079
1080
1081
1082
1083
1084
1085
1086
1087
1088
1089
1090
1091
1092
1093
1094
1095
1096
1097
1098
1099
1100
1101
1102
1103
1104
1105
1106
1107
1108
1109
1110
1111
1112
1113
1114
1115
1116
1117
1118
1119
1120
1121
1122
1123
1124
1125
1126
1127
1128
1129
1130
1131
1132
1133
1134
1135
1136
1137
1138
1139
1140
1141
1142
1143
1144
1145
1146
1147
1148
1149
1150
1151
1152
1153
1154
1155
1156
1157
1158
1159
1160
1161
1162
1163
1164
1165
1166
1167
1168
1169
1170
1171
1172
1173
1174
1175
1176
1177
1178
1179
1180
1181
1182
1183
1184
1185
1186
1187
1188
1189
1190
1191
1192
1193
1194
1195
1196
1197
1198
1199
1200
1201
1202
1203
1204
1205
1206
1207
1208
1209
1210
1211
1212
1213
1214
1215
1216
1217
1218
1219
1220
1221
1222
1223
1224
1225
1226
1227
1228
1229
1230
1231
1232
1233
1234
1235
1236
1237
1238
1239
1240
1241
1242
1243
1244
1245
1246
1247
1248
1249
1250
1251
1252
1253
1254
1255
1256
1257
1258
1259
1260
1261
1262
1263
1264
1265
1266
1267
1268
1269
1270
1271
1272
1273
1274
1275
1276
1277
1278
1279
1280
1281
1282
1283
1284
1285
1286
1287
1288
1289
1290
1291
1292
1293
1294
1295
1296
1297
1298
1299
1300
1301
1302
1303
1304
1305
1306
1307
1308
1309
1310
1311
1312
1313
1314
1315
1316
1317
1318
1319
1320
1321
1322
1323
1324
1325
1326
1327
1328
1329
1330
1331
1332
1333
1334
1335
1336
1337
1338
1339
1340
1341
1342
1343
1344
1345
1346
1347
1348
1349
1350
1351
1352
1353
1354
1355
1356
1357
1358
1359
1360
1361
1362
1363
1364
1365
1366
1367
1368
1369
1370
1371
1372
1373
1374
1375
1376
1377
1378
1379
1380
1381
1382
1383
1384
1385
1386
1387
1388
1389
1390
1391
1392
1393
1394
1395
1396
1397
1398
1399
1400
1401
1402
1403
1404
1405
1406
1407
1408
1409
1410
1411
1412
1413
1414
1415
1416
1417
1418
1419
1420
1421
1422
1423
1424
1425
1426
1427
1428
1429
1430
1431
1432
1433
1434
1435
1436
1437
1438
1439
1440
1441
1442
1443
1444
1445
1446
1447
1448
1449
1450
1451
1452
1453
1454
1455
1456
1457
1458
1459
1460
1461
1462
1463
1464
1465
1466
1467
1468
1469
1470
1471
1472
1473
1474
1475
1476
1477
1478
1479
1480
1481
1482
1483
1484
1485
1486
1487
1488
1489
1490
1491
1492
1493
1494
1495
1496
1497
1498
1499
1500
1501
1502
1503
1504
1505
1506
1507
1508
1509
1510
1511
1512
1513
1514
1515
1516
1517
1518
1519
1520
1521
1522
1523
1524
1525
1526
1527
1528
1529
1530
1531
1532
1533
1534
1535
1536
1537
1538
1539
1540
1541
1542
1543
1544
1545
1546
1547
1548
1549
1550
1551
1552
1553
1554
1555
1556
1557
1558
1559
1560
1561
1562
1563
1564
1565
1566
1567
1568
1569
1570
1571
1572
1573
1574
1575
1576
1577
1578
1579
1580
1581
1582
1583
1584
1585
1586
1587
1588
1589
1590
1591
1592
1593
1594
1595
1596
1597
1598
1599
1600
1601
1602
1603
1604
1605
1606
1607
1608
1609
1610
1611
1612
1613
1614
1615
1616
1617
1618
1619
1620
1621
1622
1623
1624
1625
1626
1627
1628
1629
1630
1631
1632
1633
1634
1635
1636
1637
1638
1639
1640
1641
1642
1643
1644
1645
1646
1647
1648
1649
1650
1651
1652
1653
1654
1655
1656
1657
1658
1659
1660
1661
1662
1663
1664
1665
1666
1667
1668
1669
1670
1671
1672
1673
1674
1675
1676
1677
1678
1679
1680
1681
1682
1683
1684
1685
1686
1687
1688
1689
1690
1691
1692
1693
1694
1695
1696
1697
1698
1699
1700
1701
1702
1703
1704
1705
1706
1707
1708
1709
1710
1711
1712
1713
1714
1715
1716
1717
1718
1719
1720
1721
1722
1723
1724
1725
1726
1727
1728
1729
1730
1731
1732
1733
1734
1735
1736
1737
1738
1739
1740
1741
1742
1743
1744
1745
1746
1747
1748
1749
1750
1751
1752
1753
1754
1755
1756
1757
1758
1759
1760
1761
1762
1763
1764
1765
1766
1767
1768
1769
1770
1771
1772
1773
1774
1775
1776
1777
1778
1779
1780
1781
1782
1783
1784
1785
1786
1787
1788
1789
1790
1791
1792
1793
1794
1795
1796
1797
1798
1799
1800
1801
1802
1803
1804
1805
1806
1807
1808
1809
1810
1811
1812
1813
1814
1815
1816
1817
1818
1819
1820
1821
1822
1823
1824
1825
1826
1827
1828
1829
1830
1831
1832
1833
1834
1835
1836
1837
1838
1839
1840
1841
1842
1843
1844
1845
1846
1847
1848
1849
1850
1851
1852
1853
1854
1855
1856
1857
1858
1859
1860
1861
1862
1863
1864
1865
1866
1867
1868
1869
1870
1871
1872
1873
1874
1875
1876
1877
1878
1879
1880
1881
1882
1883
1884
1885
1886
1887
1888
1889
1890
1891
1892
1893
1894
1895
1896
1897
1898
1899
1900
1901
-4500.000000001982 -250 9875.000000000367
-4000.000000003956 -250 9875.00000000038
-3500.000000005923 -250 9875.000000000391
-3000.00000000643 -250 9875.0000000004
-2500.000000003895 -250 9875.000000000411
-2000.000000001357 -250 9875.000000000418
-1499.99999999882 -250 9875.000000000429
-999.9999999962806 -250 9875.00000000044
-499.9999999937636 -250 9875.000000000453
8.572442311560735e-09 -250 9875.000000000462
500.0000000068212 -250 9875.000000000469
1000.000000005353 -250 9875.00000000048
1500.000000005675 -250 9875.000000000493
2000.000000005996 -250 9875.000000000502
2500.000000006318 -250 9875.000000000515
3000.000000006323 -250 9875.00000000052
3500.000000004361 -250 9875.000000000533
4000.000000003503 -250 9875.000000000542
4500.000000001981 -250 9875.000000000551
-4500.000000001982 -250 9750.000000000742
-4000.000000003949 -250 9750.000000000757
-3500.000000005902 -250 9750.000000000779
-3000.000000006427 -250 9750.0000000008
-2500.000000003926 -250 9750.000000000819
-2000.000000001417 -250 9750.000000000837
-1499.999999998907 -250 9750.000000000859
-999.9999999963975 -250 9750.00000000088
-499.9999999939314 -250 9750.000000000899
8.352344593731686e-09 -250 9750.00000000092
500.0000000066548 -250 9750.000000000942
1000.000000005237 -250 9750.00000000096
1500.000000005586 -250 9750.000000000982
2000.000000005937 -250 9750.000000001
2500.000000006286 -250 9750.000000001022
3000.000000006324 -250 9750.00000000104
3500.000000004381 -250 9750.00000000106
4000.000000003509 -250 9750.00000000108
4500.000000001981 -250 9750.000000001104
-4500.000000001982 -250 9625.000000001108
-4000.000000003943 -250 9625.000000001137
-3500.000000005883 -250 9625.00000000117
-3000.000000006427 -250 9625.000000001202
-2500.000000003958 -250 9625.000000001231
-2000.000000001477 -250 9625.000000001261
-1499.999999998996 -250 9625.00000000129
-999.9999999965135 -250 9625.000000001321
-499.9999999940983 -250 9625.00000000135
8.132701623253524e-09 -250 9625.000000001384
500.0000000064867 -250 9625.000000001413
1000.00000000512 -250 9625.000000001441
1500.000000005499 -250 9625.000000001472
2000.000000005877 -250 9625.000000001499
2500.000000006255 -250 9625.000000001532
3000.000000006326 -250 9625.000000001563
3500.000000004401 -250 9625.000000001595
4000.000000003516 -250 9625.000000001624
4500.00000000198 -250 9625.000000001652
-4500.000000001982 -250 9500.000000001481
-4000.000000003937 -250 9500.000000001521
-3500.000000005863 -250 9500.000000001561
-3000.000000006426 -250 9500.000000001601
-2500.000000003988 -250 9500.000000001641
-2000.000000001536 -250 9500.000000001681
-1499.999999999083 -250 9500.000000001719
-999.9999999966292 -250 9500.000000001759
-499.9999999942656 -250 9500.000000001801
7.913058652775362e-09 -250 9500.000000001841
500.0000000063194 -250 9500.000000001881
1000.000000005004 -250 9500.000000001919
1500.000000005411 -250 9500.000000001963
2000.000000005818 -250 9500.000000002001
2500.000000006225 -250 9500.000000002045
3000.000000006328 -250 9500.000000002081
3500.000000004421 -250 9500.000000002125
4000.000000003522 -250 9500.000000002165
4500.000000001981 -250 9500.000000002205
-4500.000000001982 -250 9375.000000001844
-4000.000000003931 -250 9375.000000001895
-3500.000000005843 -250 9375.000000001952
-3000.000000006425 -250 9375.000000002001
-2500.00000000402 -250 9375.000000002052
-2000.000000001596 -250 9375.000000002099
-1499.999999999171 -250 9375.00000000215
-999.9999999967463 -250 9375.000000002201
-499.9999999944334 -250 9375.000000002252
7.692960934946314e-09 -250 9375.000000002303
500.000000006152 -250 9375.000000002354
1000.000000004888 -250 9375.000000002405
1500.000000005323 -250 9375.000000002456
2000.000000005758 -250 9375.000000002503
2500.000000006193 -250 9375.000000002554
3000.000000006328 -250 9375.000000002605
3500.000000004442 -250 9375.000000002656
4000.000000003527 -250 9375.000000002703
4500.00000000198 -250 9375.000000002754
-4500.000000001982 -250 9250.000000002217
-4000.000000003925 -250 9250.000000002279
-3500.000000005823 -250 9250.000000002341
-3000.000000006424 -250 9250.000000002401
-2500.000000004049 -250 9250.000000002461
-2000.000000001655 -250 9250.000000002521
-1499.999999999259 -250 9250.000000002583
-999.9999999968625 -250 9250.000000002643
-499.9999999946008 -250 9250.000000002703
7.473317964468151e-09 -250 9250.000000002763
500.0000000059845 -250 9250.000000002827
1000.000000004772 -250 9250.000000002883
1500.000000005235 -250 9250.000000002945
2000.000000005699 -250 9250.000000003005
2500.000000006163 -250 9250.000000003067
3000.00000000633 -250 9250.000000003127
3500.00000000446 -250 9250.000000003189
4000.000000003533 -250 9250.000000003247
4500.000000001981 -250 9250.000000003311
-4500.000000001981 -250 9125.000000002587
-4000.000000003919 -250 9125.000000002658
-3500.000000005803 -250 9125.000000002725
-3000.000000006422 -250 9125.000000002799
-2500.000000004083 -250 9125.00000000287
-2000.000000001715 -250 9125.000000002941
-1499.999999999346 -250 9125.000000003012
-999.9999999969787 -250 9125.000000003081
-499.9999999947681 -250 9125.000000003152
7.253674993989989e-09 -250 9125.000000003223
500.0000000058169 -250 9125.000000003292
1000.000000004655 -250 9125.000000003365
1500.000000005147 -250 9125.000000003434
2000.000000005639 -250 9125.000000003507
2500.000000006131 -250 9125.000000003576
3000.000000006332 -250 9125.000000003645
3500.000000004481 -250 9125.000000003718
4000.000000003539 -250 9125.000000003787
4500.00000000198 -250 9125.000000003856
-4500.000000001981 -250 9000.000000002959
-4000.000000003915 -250 9000.000000003036
-3500.000000005783 -250 9000.000000003116
-3000.00000000642 -250 9000.000000003196
-2500.000000004114 -250 9000.00000000328
-2000.000000001775 -250 9000.00000000336
-1499.999999999434 -250 9000.000000003438
-999.9999999970944 -250 9000.000000003523
-499.9999999949355 -250 9000.0000000036
7.033577276160941e-09 -250 9000.000000003683
500.00000000565 -250 9000.000000003763
1000.000000004539 -250 9000.000000003845
1500.000000005059 -250 9000.000000003925
2000.00000000558 -250 9000.000000004005
2500.0000000061 -250 9000.000000004087
3000.000000006333 -250 9000.000000004165
3500.000000004502 -250 9000.000000004246
4000.000000003544 -250 9000.000000004327
4500.00000000198 -250 9000.000000004409
-4500.000000001982 -250 8875.000000003321
-4000.000000003909 -250 8875.000000003418
-3500.000000005762 -250 8875.000000003509
-3000.000000006418 -250 8875.000000003598
-2500.000000004145 -250 8875.000000003689
-2000.000000001834 -250 8875.000000003782
-1499.999999999523 -250 8875.000000003871
-999.9999999972115 -250 8875.000000003962
-499.9999999951024 -250 8875.000000004053
6.813934305682778e-09 -250 8875.000000004144
500.000000005482 -250 8875.000000004235
1000.000000004423 -250 8875.000000004326
1500.000000004971 -250 8875.000000004417
2000.00000000552 -250 8875.000000004509
2500.000000006069 -250 8875.000000004595
3000.000000006334 -250 8875.000000004689
3500.000000004522 -250 8875.000000004782
4000.000000003551 -250 8875.000000004871
4500.00000000198 -250 8875.000000004959
-4500.000000001982 -250 8750.000000003694
-4000.000000003904 -250 8750.000000003796
-3500.000000005742 -250 8750.000000003898
-3000.000000006418 -250 8750.000000003996
-2500.000000004175 -250 8750.000000004098
-2000.000000001893 -250 8750.0000000042
-1499.99999999961 -250 8750.000000004302
-999.9999999973279 -250 8750.000000004404
-499.9999999952697 -250 8750.000000004502
6.594291335204616e-09 -250 8750.000000004604
500.0000000053155 -250 8750.000000004706
1000.000000004306 -250 8750.000000004802
1500.000000004883 -250 8750.000000004906
2000.000000005461 -250 8750.000000005008
2500.000000006038 -250 8750.00000000511
3000.000000006336 -250 8750.000000005208
3500.000000004541 -250 8750.000000005308
4000.000000003556 -250 8750.00000000541
4500.00000000198 -250 8750.000000005512
-4500.000000001981 -250 8625.000000004064
-4000.000000003897 -250 8625.000000004173
-3500.000000005723 -250 8625.000000004286
-3000.000000006416 -250 8625.000000004398
-2500.000000004206 -250 8625.000000004511
-2000.000000001953 -250 8625.00000000462
-1499.999999999699 -250 8625.000000004729
-999.9999999974441 -250 8625.000000004842
-499.9999999954375 -250 8625.000000004955
6.374193617375568e-09 -250 8625.000000005064
500.0000000051473 -250 8625.000000005177
1000.00000000419 -250 8625.000000005286
1500.000000004796 -250 8625.000000005395
2000.000000005402 -250 8625.000000005508
2500.000000006006 -250 8625.000000005621
3000.000000006337 -250 8625.00000000573
3500.000000004561 -250 8625.000000005843
4000.000000003562 -250 8625.000000005952
4500.000000001981 -250 8625.000000006061
-4500.000000001981 -250 8500.000000004437
-4000.000000003893 -250 8500.00000000456
-3500.000000005703 -250 8500.000000004675
-3000.000000006414 -250 8500.000000004798
-2500.000000004237 -250 8500.000000004922
-2000.000000002012 -250 8500.00000000504
-1499.999999999786 -250 8500.000000005162
-999.9999999975605 -250 8500.000000005284
-499.9999999956049 -250 8500.000000005402
6.154550646897405e-09 -250 8500.000000005526
500.0000000049797 -250 8500.000000005646
1000.000000004074 -250 8500.000000005768
1500.000000004707 -250 8500.00000000589
2000.000000005342 -250 8500.00000000601
2500.000000005976 -250 8500.00000000613
3000.000000006339 -250 8500.00000000625
3500.000000004581 -250 8500.000000006374
4000.000000003567 -250 8500.000000006494
4500.000000001981 -250 8500.000000006614
-4500.000000001982 -250 8375.000000004806
-4000.000000003887 -250 8375.000000004937
-3500.000000005682 -250 8375.000000005068
-3000.000000006414 -250 8375.000000005197
-2500.000000004268 -250 8375.000000005328
-2000.000000002072 -250 8375.000000005461
-1499.999999999874 -250 8375.00000000559
-999.9999999976767 -250 8375.000000005723
-499.9999999957724 -250 8375.000000005854
5.934452929068357e-09 -250 8375.000000005986
500.0000000048128 -250 8375.000000006114
1000.000000003957 -250 8375.000000006246
1500.00000000462 -250 8375.000000006381
2000.000000005282 -250 8375.000000006507
2500.000000005945 -250 8375.000000006639
3000.00000000634 -250 8375.000000006768
3500.000000004602 -250 8375.000000006905
4000.000000003573 -250 8375.000000007036
4500.000000001981 -250 8375.000000007167
-4500.000000001982 -250 8250.000000005175
-4000.000000003879 -250 8250.000000005317
-3500.000000005662 -250 8250.000000005453
-3000.000000006413 -250 8250.000000005595
-2500.000000004299 -250 8250.000000005737
-2000.000000002131 -250 8250.000000005881
-1499.999999999962 -250 8250.000000006021
-999.9999999977929 -250 8250.000000006165
-499.9999999959402 -250 8250.000000006303
5.714809958590195e-09 -250 8250.000000006445
500.000000004645 -250 8250.000000006585
1000.000000003841 -250 8250.000000006728
1500.000000004531 -250 8250.000000006869
2000.000000005223 -250 8250.000000007007
2500.000000005913 -250 8250.000000007152
3000.000000006341 -250 8250.000000007292
3500.000000004621 -250 8250.000000007432
4000.000000003579 -250 8250.000000007576
4500.000000001981 -250 8250.000000007716
-4500.000000001982 -250 8125.000000005528
-4000.000000003874 -250 8125.00000000566
-3500.000000005642 -250 8125.000000005793
-3000.000000006411 -250 8125.000000005928
-2500.00000000433 -250 8125.000000006061
-2000.00000000219 -250 8125.000000006197
-1500.00000000005 -250 8125.000000006327
-999.9999999979088 -250 8125.000000006463
-499.9999999961076 -250 8125.000000006594
5.494939614436589e-09 -250 8125.000000006728
500.0000000044774 -250 8125.000000006862
1000.000000003725 -250 8125.000000006996
1500.000000004444 -250 8125.000000007131
2000.000000005164 -250 8125.000000007263
2500.000000005884 -250 8125.000000007398
3000.000000006343 -250 8125.000000007531
3500.000000004641 -250 8125.000000007662
4000.000000003586 -250 8125.000000007798
4500.00000000198 -250 8125.000000007932
-4500.000000001982 -250 8000.000000005842
-4000.000000003869 -250 8000.000000005925
-3500.000000005623 -250 8000.000000006014
-3000.00000000641 -250 8000.0000000061
-2500.000000004361 -250 8000.000000006186
-2000.00000000225 -250 8000.000000006274
-1500.000000000137 -250 8000.000000006361
-999.999999998025 -250 8000.000000006447
-499.9999999962749 -250 8000.000000006534
5.275069270282984e-09 -250 8000.000000006621
500.0000000043106 -250 8000.000000006707
1000.000000003609 -250 8000.000000006794
1500.000000004356 -250 8000.00000000688
2000.000000005104 -250 8000.000000006967
2500.000000005851 -250 8000.000000007054
3000.000000006344 -250 8000.000000007142
3500.000000004661 -250 8000.000000007229
4000.000000003592 -250 8000.000000007318
4500.00000000198 -250 8000.000000007403
-4500.000000001982 -250 7875.000000006152
-4000.000000003862 -250 7875.000000006192
-3500.000000005602 -250 7875.000000006233
-3000.000000006409 -250 7875.000000006273
-2500.000000004392 -250 7875.000000006312
-2000.000000002309 -250 7875.000000006352
-1500.000000000226 -250 7875.000000006394
-999.9999999981421 -250 7875.00000000643
-499.9999999964421 -250 7875.000000006473
5.055198926129378e-09 -250 7875.000000006512
500.0000000041432 -250 7875.000000006552
1000.000000003492 -250 7875.000000006594
1500.000000004268 -250 7875.000000006634
2000.000000005045 -250 7875.000000006675
2500.00000000582 -250 7875.000000006714
3000.000000006346 -250 7875.000000006755
3500.000000004682 -250 7875.000000006794
4000.000000003598 -250 7875.000000006835
4500.00000000198 -250 7875.000000006872
-4500.000000001982 -250 7750.000000006465
-4000.000000003857 -250 7750.000000006457
-3500.000000005583 -250 7750.000000006452
-3000.000000006407 -250 7750.000000006444
-2500.000000004422 -250 7750.000000006438
-2000.000000002369 -250 7750.00000000643
-1500.000000000314 -250 7750.000000006422
-999.9999999982579 -250 7750.000000006418
-499.9999999966092 -250 7750.000000006412
4.835783329326659e-09 -250 7750.000000006405
500.0000000039754 -250 7750.000000006398
1000.000000003375 -250 7750.000000006392
1500.00000000418 -250 7750.000000006385
2000.000000004985 -250 7750.000000006378
2500.00000000579 -250 7750.000000006372
3000.000000006346 -250 7750.000000006365
3500.000000004701 -250 7750.000000006357
4000.000000003602 -250 7750.00000000635
4500.000000001981 -250 7750.000000006345
-4500.000000001982 -250 7625.000000006778
-4000.00000000385 -250 7625.000000006724
-3500.000000005563 -250 7625.000000006671
-3000.000000006405 -250 7625.000000006617
-2500.000000004456 -250 7625.000000006563
-2000.000000002428 -250 7625.000000006511
-1500.000000000402 -250 7625.000000006457
-999.9999999983745 -250 7625.000000006403
-499.9999999967765 -250 7625.00000000635
4.615912985173054e-09 -250 7625.000000006296
500.0000000038085 -250 7625.000000006243
1000.00000000326 -250 7625.000000006188
1500.000000004093 -250 7625.000000006135
2000.000000004926 -250 7625.000000006083
2500.000000005758 -250 7625.000000006029
3000.000000006348 -250 7625.000000005974
3500.000000004721 -250 7625.000000005922
4000.000000003608 -250 7625.000000005869
4500.000000001981 -250 7625.000000005814
-4500.000000001983 -250 7500.00000000709
-4000.000000003845 -250 7500.000000006989
-3500.000000005542 -250 7500.00000000689
-3000.000000006403 -250 7500.00000000679
-2500.000000004487 -250 7500.000000006688
-2000.000000002487 -250 7500.000000006589
-1500.00000000049 -250 7500.00000000649
-999.9999999984911 -250 7500.000000006388
-499.9999999969443 -250 7500.000000006286
4.396042641019449e-09 -250 7500.000000006188
500.0000000036405 -250 7500.000000006086
1000.000000003143 -250 7500.000000005988
1500.000000004005 -250 7500.000000005888
2000.000000004866 -250 7500.000000005788
2500.000000005728 -250 7500.000000005686
3000.00000000635 -250 7500.000000005588
3500.000000004741 -250 7500.000000005486
4000.000000003613 -250 7500.000000005386
4500.000000001981 -250 7500.000000005286
-4500.000000001982 -250 7375.000000007406
-4000.000000003839 -250 7375.000000007256
-3500.000000005522 -250 7375.00000000711
-3000.000000006402 -250 7375.000000006963
-2500.000000004518 -250 7375.000000006815
-2000.000000002547 -250 7375.00000000667
-1500.000000000578 -250 7375.000000006521
-999.9999999986076 -250 7375.000000006376
-499.9999999971119 -250 7375.000000006226
4.176399670541286e-09 -250 7375.000000006081
500.0000000034738 -250 7375.000000005934
1000.000000003027 -250 7375.000000005786
1500.000000003917 -250 7375.000000005641
2000.000000004807 -250 7375.000000005492
2500.000000005697 -250 7375.000000005346
3000.000000006351 -250 7375.0000000052
3500.000000004762 -250 7375.000000005051
4000.00000000362 -250 7375.000000004906
4500.000000001981 -250 7375.000000004757
-4500.00000000198 -250 7250.000000007716
-4000.000000003834 -250 7250.00000000752
-3500.000000005502 -250 7250.000000007327
-3000.000000006402 -250 7250.000000007135
-2500.000000004548 -250 7250.00000000694
-2000.000000002606 -250 7250.000000006747
-1500.000000000666 -250 7250.000000006552
-999.9999999987231 -250 7250.000000006361
-499.9999999972792 -250 7250.000000006165
3.956301952712238e-09 -250 7250.000000005972
500.0000000033058 -250 7250.000000005779
1000.000000002911 -250 7250.000000005584
1500.000000003829 -250 7250.00000000539
2000.000000004747 -250 7250.000000005197
2500.000000005665 -250 7250.000000005004
3000.000000006352 -250 7250.000000004811
3500.000000004781 -250 7250.000000004617
4000.000000003626 -250 7250.000000004422
4500.000000001981 -250 7250.000000004229
-4500.000000001981 -250 7125.000000008028
-4000.000000003829 -250 7125.000000007787
-3500.000000005482 -250 7125.000000007547
-3000.0000000064 -250 7125.000000007309
-2500.000000004579 -250 7125.000000007065
-2000.000000002666 -250 7125.000000006826
-1500.000000000753 -250 7125.000000006585
-999.9999999988397 -250 7125.000000006345
-499.9999999974464 -250 7125.000000006104
3.736431608558632e-09 -250 7125.000000005865
500.0000000031389 -250 7125.000000005624
1000.000000002795 -250 7125.000000005383
1500.000000003741 -250 7125.000000005144
2000.000000004688 -250 7125.000000004904
2500.000000005635 -250 7125.000000004664
3000.000000006353 -250 7125.000000004422
3500.000000004802 -250 7125.000000004181
4000.000000003631 -250 7125.000000003941
4500.00000000198 -250 7125.000000003699
-4500.000000001981 -250 7000.000000008339
-4000.00000000382 -250 7000.000000008052
-3500.000000005462 -250 7000.000000007764
-3000.000000006398 -250 7000.000000007477
-2500.00000000461 -250 7000.000000007191
-2000.000000002726 -250 7000.000000006905
-1500.000000000841 -250 7000.000000006617
-999.9999999989559 -250 7000.000000006329
-499.9999999976142 -250 7000.000000006043
3.517016011755913e-09 -250 7000.000000005754
500.0000000029709 -250 7000.000000005468
1000.000000002678 -250 7000.000000005181
1500.000000003653 -250 7000.000000004893
2000.000000004628 -250 7000.000000004607
2500.000000005603 -250 7000.000000004317
3000.000000006355 -250 7000.000000004035
3500.000000004821 -250 7000.000000003745
4000.000000003637 -250 7000.000000003457
4500.000000001981 -250 7000.00000000317
-4500.000000001982 -250 6875.000000008655
-4000.000000003818 -250 6875.00000000832
-3500.000000005442 -250 6875.000000007984
-3000.000000006398 -250 6875.000000007652
-2500.000000004641 -250 6875.000000007316
-2000.000000002785 -250 6875.000000006985
-1500.000000000929 -250 6875.000000006649
-999.9999999990721 -250 6875.000000006316
-499.9999999977811 -250 6875.000000005982
3.296690920251422e-09 -250 6875.000000005647
500.000000002804 -250 6875.000000005312
1000.000000002562 -250 6875.000000004978
1500.000000003565 -250 6875.000000004645
2000.000000004568 -250 6875.000000004312
2500.000000005572 -250 6875.000000003978
3000.000000006356 -250 6875.000000003643
3500.000000004842 -250 6875.000000003311
4000.000000003643 -250 6875.000000002977
4500.00000000198 -250 6875.000000002642
-4500.000000001981 -250 6750.000000008966
-4000.00000000381 -250 6750.000000008585
-3500.000000005422 -250 6750.000000008204
-3000.000000006396 -250 6750.000000007822
-2500.000000004672 -250 6750.000000007441
-2000.000000002844 -250 6750.000000007062
-1500.000000001016 -250 6750.000000006681
-999.999999999189 -250 6750.000000006301
-499.9999999979489 -250 6750.00000000592
3.077047949773259e-09 -250 6750.000000005539
500.0000000026362 -250 6750.000000005159
1000.000000002445 -250 6750.000000004778
1500.000000003477 -250 6750.000000004396
2000.000000004509 -250 6750.000000004016
2500.000000005541 -250 6750.000000003636
3000.000000006357 -250 6750.000000003257
3500.000000004862 -250 6750.000000002875
4000.000000003649 -250 6750.000000002494
4500.00000000198 -250 6750.000000002114
-4500.000000001981 -250 6625.000000009276
-4000.000000003804 -250 6625.000000008852
-3500.000000005401 -250 6625.000000008424
-3000.000000006394 -250 6625.000000007998
-2500.000000004703 -250 6625.000000007567
-2000.000000002904 -250 6625.000000007141
-1500.000000001104 -250 6625.00000000671
-999.9999999993051 -250 6625.000000006286
-499.9999999981164 -250 6625.000000005858
2.857404979295097e-09 -250 6625.000000005431
500.0000000024688 -250 6625.000000005004
1000.000000002329 -250 6625.000000004576
1500.000000003389 -250 6625.000000004151
2000.00000000445 -250 6625.000000003721
2500.00000000551 -250 6625.000000003296
3000.000000006359 -250 6625.000000002866
3500.000000004882 -250 6625.00000000244
4000.000000003654 -250 6625.000000002011
4500.000000001981 -250 6625.000000001586
-4500.000000001983 -250 6500.000000009591
-4000.0000000038 -250 6500.000000009118
-3500.000000005382 -250 6500.000000008643
-3000.000000006392 -250 6500.000000008167
-2500.000000004734 -250 6500.000000007694
-2000.000000002964 -250 6500.00000000722
-1500.000000001193 -250 6500.000000006745
-999.9999999994213 -250 6500.000000006272
-499.999999998284 -250 6500.000000005798
2.637534635141492e-09 -250 6500.000000005324
500.0000000023022 -250 6500.000000004848
1000.000000002213 -250 6500.000000004375
1500.000000003301 -250 6500.0000000039
2000.00000000439 -250 6500.000000003427
2500.000000005479 -250 6500.000000002952
3000.00000000636 -250 6500.000000002479
3500.000000004901 -250 6500.000000002005
4000.000000003661 -250 6500.000000001531
4500.000000001981 -250 6500.000000001057
-4500.000000001981 -250 6375.0000000099
-4000.000000003792 -250 6375.000000009381
-3500.000000005361 -250 6375.00000000886
-3000.000000006393 -250 6375.000000008341
-2500.000000004764 -250 6375.000000007818
-2000.000000003023 -250 6375.000000007296
-1500.00000000128 -250 6375.000000006776
-999.999999999538 -250 6375.000000006256
-499.9999999984509 -250 6375.000000005733
2.41789166466333e-09 -250 6375.000000005215
500.0000000021344 -250 6375.000000004693
1000.000000002097 -250 6375.000000004171
1500.000000003213 -250 6375.000000003651
2000.000000004331 -250 6375.00000000313
2500.000000005448 -250 6375.00000000261
3000.000000006361 -250 6375.000000002089
3500.000000004922 -250 6375.000000001567
4000.000000003666 -250 6375.000000001046
4500.00000000198 -250 6375.000000000525
-4500.000000001979 -250 6250.000000010215
-4000.000000003786 -250 6250.000000009647
-3500.000000005342 -250 6250.000000009079
-3000.000000006391 -250 6250.000000008511
-2500.000000004796 -250 6250.000000007944
-2000.000000003082 -250 6250.000000007376
-1500.000000001368 -250 6250.000000006808
-999.9999999996537 -250 6250.000000006242
-499.9999999986183 -250 6250.000000005675
2.198476067860611e-09 -250 6250.000000005109
500.000000001967 -250 6250.000000004537
1000.00000000198 -250 6250.000000003971
1500.000000003126 -250 6250.000000003404
2000.000000004271 -250 6250.000000002835
2500.000000005416 -250 6250.000000002269
3000.000000006363 -250 6250.000000001701
3500.000000004941 -250 6250.000000001133
4000.000000003672 -250 6250.000000000565
4500.000000001981 -250 6249.999999999997
-4500.000000001983 -250 6125.000000010529
-4000.000000003782 -250 6125.000000009913
-3500.000000005322 -250 6125.000000009299
-3000.00000000639 -250 6125.000000008686
-2500.000000004827 -250 6125.000000008071
-2000.000000003142 -250 6125.000000007457
-1500.000000001457 -250 6125.000000006841
-999.9999999997699 -250 6125.000000006226
-499.9999999987856 -250 6125.000000005613
1.978150976356119e-09 -250 6125.000000004999
500.0000000017992 -250 6125.000000004384
1000.000000001863 -250 6125.000000003771
1500.000000003038 -250 6125.000000003154
2000.000000004212 -250 6125.000000002539
2500.000000005386 -250 6125.000000001928
3000.000000006365 -250 6125.000000001313
3500.000000004961 -250 6125.000000000698
4000.000000003677 -250 6125.000000000084
4500.000000001981 -250 6124.999999999469
-4500.000000001982 -250 6000.000000010839
-4000.000000003776 -250 6000.00000001018
-3500.000000005302 -250 6000.000000009519
-3000.000000006387 -250 6000.000000008857
-2500.000000004858 -250 6000.000000008196
-2000.000000003201 -250 6000.000000007536
-1500.000000001543 -250 6000.000000006873
-999.9999999998863 -250 6000.000000006213
-499.9999999989534 -250 6000.000000005551
1.7587353795534e-09 -250 6000.00000000489
500.0000000016321 -250 6000.00000000423
1000.000000001748 -250 6000.000000003569
1500.00000000295 -250 6000.000000002906
2000.000000004153 -250 6000.000000002246
2500.000000005355 -250 6000.000000001586
3000.000000006366 -250 6000.000000000923
3500.000000004981 -250 6000.000000000263
4000.000000003684 -250 5999.999999999601
4500.000000001981 -250 5999.99999999894
-4500.000000001982 -250 5875.000000011151
-4000.00000000377 -250 5875.000000010444
-3500.000000005282 -250 5875.000000009737
-3000.000000006387 -250 5875.000000009029
-2500.00000000489 -250 5875.00000000832
-2000.00000000326 -250 5875.000000007612
-1500.000000001631 -250 5875.000000006906
-1000.000000000003 -250 5875.000000006195
-499.9999999991205 -250 5875.000000005492
1.538410288048908e-09 -250 5875.000000004783
500.0000000014645 -250 5875.000000004074
1000.000000001631 -250 5875.000000003366
1500.000000002862 -250 5875.000000002658
2000.000000004094 -250 5875.000000001951
2500.000000005324 -250 5875.000000001241
3000.000000006367 -250 5875.000000000536
3500.000000005002 -250 5874.999999999826
4000.000000003689 -250 5874.999999999119
4500.000000001981 -250 5874.999999998412
-4500.000000001981 -250 5750.000000011465
-4000.000000003763 -250 5750.000000010709
-3500.000000005262 -250 5750.000000009956
-3000.000000006385 -250 5750.0000000092
-2500.000000004921 -250 5750.000000008446
-2000.000000003321 -250 5750.000000007691
-1500.00000000172 -250 5750.000000006936
-1000.000000000119 -250 5750.000000006183
-499.9999999992881 -250 5750.000000005428
1.318767317570746e-09 -250 5750.000000004675
500.0000000012972 -250 5750.000000003918
1000.000000001515 -250 5750.000000003165
1500.000000002774 -250 5750.00000000241
2000.000000004034 -250 5750.000000001655
2500.000000005292 -250 5750.0000000009
3000.000000006368 -250 5750.000000000146
3500.000000005022 -250 5749.999999999392
4000.000000003696 -250 5749.999999998636
4500.000000001981 -250 5749.999999997884
-4500.000000001982 -250 5625.000000011778
-4000.000000003759 -250 5625.000000010978
-3500.000000005243 -250 5625.000000010175
-3000.000000006384 -250 5625.000000009373
-2500.000000004952 -250 5625.000000008572
-2000.00000000338 -250 5625.000000007771
-1500.000000001807 -250 5625.00000000697
-1000.000000000236 -250 5625.000000006168
-499.999999999455 -250 5625.000000005366
1.099124347092584e-09 -250 5625.000000004565
500.00000000113 -250 5625.000000003765
1000.000000001399 -250 5625.000000002962
1500.000000002686 -250 5625.00000000216
2000.000000003975 -250 5625.00000000136
2500.000000005262 -250 5625.000000000559
3000.00000000637 -250 5624.999999999757
3500.000000005041 -250 5624.999999998955
4000.000000003701 -250 5624.999999998155
4500.000000001981 -250 5624.999999997352
-4500.000000001982 -250 5500.00000001209
-4000.000000003752 -250 5500.00000001124
-3500.000000005222 -250 5500.000000010396
-3000.000000006382 -250 5500.000000009548
-2500.000000004983 -250 5500.000000008697
-2000.000000003439 -250 5500.00000000785
-1500.000000001894 -250 5500.000000007002
-1000.000000000352 -250 5500.000000006153
-499.9999999996226 -250 5500.000000005306
8.790266292635351e-10 -250 5500.000000004457
500.0000000009622 -250 5500.00000000361
1000.000000001282 -250 5500.000000002762
1500.000000002599 -250 5500.000000001915
2000.000000003915 -250 5500.000000001065
2500.00000000523 -250 5500.000000000217
3000.000000006371 -250 5499.999999999368
3500.000000005062 -250 5499.99999999852
4000.000000003707 -250 5499.999999997673
4500.000000001981 -250 5499.999999996826
-4500.000000001981 -250 5375.000000012402
-4000.000000003745 -250 5375.000000011507
-3500.000000005202 -250 5375.00000001061
-3000.000000006382 -250 5375.000000009718
-2500.000000005014 -250 5375.000000008824
-2000.000000003498 -250 5375.00000000793
-1500.000000001984 -250 5375.000000007032
-1000.000000000469 -250 5375.000000006139
-499.9999999997906 -250 5375.000000005243
6.591562851099297e-10 -250 5375.000000004347
500.0000000007949 -250 5375.000000003453
1000.000000001166 -250 5375.000000002557
1500.00000000251 -250 5375.000000001664
2000.000000003855 -250 5375.000000000768
2500.0000000052 -250 5374.999999999874
3000.000000006373 -250 5374.99999999898
3500.000000005082 -250 5374.999999998085
4000.000000003713 -250 5374.99999999719
4500.00000000198 -250 5374.999999996296
-4500.000000001982 -250 5250.000000012714
-4000.000000003741 -250 5250.000000011774
-3500.000000005182 -250 5250.000000010831
-3000.00000000638 -250 5250.000000009893
-2500.000000005046 -250 5250.00000000895
-2000.000000003558 -250 5250.000000008007
-1500.000000002071 -250 5250.000000007067
-1000.000000000584 -250 5250.000000006125
-499.9999999999577 -250 5250.000000005184
4.397406883072108e-10 -250 5250.000000004241
500.0000000006273 -250 5250.000000003301
1000.00000000105 -250 5250.000000002359
1500.000000002423 -250 5250.000000001417
2000.000000003796 -250 5250.000000000477
2500.000000005168 -250 5249.999999999534
3000.000000006374 -250 5249.999999998592
3500.000000005102 -250 5249.999999997652
4000.000000003718 -250 5249.999999996709
4500.000000001981 -250 5249.999999995768
-4500.000000001982 -250 5125.000000013027
-4000.000000003735 -250 5125.000000012038
-3500.000000005161 -250 5125.000000011049
-3000.000000006378 -250 5125.000000010062
-2500.000000005075 -250 5125.000000009073
-2000.000000003618 -250 5125.000000008086
-1500.000000002159 -250 5125.000000007099
-1000.000000000701 -250 5125.000000006108
-500.0000000001253 -250 5125.00000000512
2.196429704781622e-10 -250 5125.000000004132
500.0000000004604 -250 5125.000000003141
1000.000000000933 -250 5125.000000002156
1500.000000002335 -250 5125.000000001167
2000.000000003737 -250 5125.000000000179
2500.000000005137 -250 5124.999999999191
3000.000000006375 -250 5124.999999998202
3500.000000005122 -250 5124.999999997214
4000.000000003724 -250 5124.999999996227
4500.000000001981 -250 5124.999999995236
-4500.000000001982 -250 5000.00000001318
-4000.00000000373 -250 5000.000000012162
-3500.000000005141 -250 5000.000000011145
-3000.000000006376 -250 5000.000000010127
-2500.000000005107 -250 5000.000000009109
-2000.000000003677 -250 5000.000000008093
-1500.000000002246 -250 5000.000000007078
-1000.000000000817 -250 5000.000000006059
-500.0000000002924 -250 5000.000000005042
2.273736754432321e-13 -250 5000.000000004025
500.0000000002926 -250 5000.000000003007
1000.000000000817 -250 5000.00000000199
1500.000000002246 -250 5000.000000000973
2000.000000003678 -250 4999.999999999955
2500.000000005106 -250 4999.999999998938
3000.000000006376 -250 4999.99999999792
3500.000000005142 -250 4999.999999996902
4000.00000000373 -250 4999.999999995886
4500.000000001981 -250 4999.999999994869
-4500.000000001981 -250 4875.000000012631
-4000.000000003723 -250 4875.000000011662
-3500.000000005122 -250 4875.000000010697
-3000.000000006376 -250 4875.000000009727
-2500.000000005138 -250 4875.000000008758
-2000.000000003737 -250 4875.000000007792
-1500.000000002335 -250 4875.000000006821
-1000.000000000933 -250 4875.000000005854
-500.0000000004597 -250 4875.000000004886
-2.196429704781622e-10 -250 4875.000000003916
500.0000000001253 -250 4875.000000002949
1000.000000000701 -250 4875.000000001981
1500.000000002159 -250 4875.000000001013
2000.000000003618 -250 4875.000000000044
2500.000000005076 -250 4874.999999999077
3000.000000006378 -250 4874.999999998109
3500.000000005162 -250 4874.999999997139
4000.000000003735 -250 4874.999999996172
4500.000000001981 -250 4874.999999995203
-4500.000000001983 -250 4750.000000011923
-4000.000000003718 -250 4750.00000001102
-3500.000000005102 -250 4750.000000010118
-3000.000000006374 -250 4750.000000009217
-2500.000000005168 -250 4750.000000008316
-2000.000000003795 -250 4750.000000007414
-1500.000000002422 -250 4750.000000006514
-1000.00000000105 -250 4750.000000005613
-500.0000000006271 -250 4750.000000004712
-4.397406883072108e-10 -250 4750.000000003809
499.9999999999579 -250 4750.000000002909
1000.000000000585 -250 4750.000000002008
1500.000000002071 -250 4750.000000001107
2000.000000003558 -250 4750.000000000206
2500.000000005045 -250 4749.999999999305
3000.000000006379 -250 4749.999999998403
3500.000000005182 -250 4749.999999997501
4000.000000003742 -250 4749.999999996598
4500.000000001981 -250 4749.9999999957
-4500.000000001982 -250 4625.00000001121
-4000.000000003712 -250 4625.000000010377
-3500.000000005081 -250 4625.000000009542
-3000.000000006373 -250 4625.000000008705
-2500.0000000052 -250 4625.000000007873
-2000.000000003855 -250 4625.000000007039
-1500.00000000251 -250 4625.000000006205
-1000.000000001166 -250 4625.000000005371
-500.0000000007947 -250 4625.000000004537
-6.59383658785373e-10 -250 4625.000000003703
499.9999999997904 -250 4625.000000002869
1000.000000000468 -250 4625.000000002033
1500.000000001983 -250 4625.000000001201
2000.000000003499 -250 4625.000000000367
2500.000000005013 -250 4624.999999999531
3000.000000006381 -250 4624.999999998697
3500.000000005202 -250 4624.999999997863
4000.000000003747 -250 4624.999999997028
4500.000000001981 -250 4624.999999996195
-4500.000000001981 -250 4500.0000000105
-4000.000000003706 -250 4500.000000009735
-3500.000000005062 -250 4500.000000008968
-3000.000000006371 -250 4500.000000008199
-2500.000000005231 -250 4500.000000007431
-2000.000000003915 -250 4500.000000006665
-1500.000000002599 -250 4500.000000005898
-1000.000000001282 -250 4500.000000005131
-500.0000000009624 -250 4500.000000004363
-8.790266292635351e-10 -250 4500.000000003595
499.9999999996232 -250 4500.000000002829
1000.000000000352 -250 4500.000000002061
1500.000000001895 -250 4500.000000001294
2000.000000003439 -250 4500.000000000525
2500.000000004982 -250 4499.999999999759
3000.000000006382 -250 4499.999999998991
3500.000000005222 -250 4499.999999998224
4000.000000003753 -250 4499.999999997456
4500.000000001981 -250 4499.999999996691
-4500.000000001983 -250 4375.000000009792
-4000.000000003701 -250 4375.000000009093
-3500.000000005042 -250 4375.00000000839
-3000.000000006371 -250 4375.00000000769
-2500.000000005261 -250 4375.000000006991
-2000.000000003974 -250 4375.00000000629
-1500.000000002686 -250 4375.00000000559
-1000.000000001399 -250 4375.000000004889
-500.0000000011297 -250 4375.000000004188
-1.099124347092584e-09 -250 4375.000000003488
499.9999999994557 -250 4375.00000000279
1000.000000000236 -250 4375.000000002087
1500.000000001807 -250 4375.00000000139
2000.00000000338 -250 4375.000000000688
2500.000000004951 -250 4374.999999999987
3000.000000006384 -250 4374.999999999286
3500.000000005242 -250 4374.999999998586
4000.000000003759 -250 4374.999999997885
4500.00000000198 -250 4374.999999997185
-4500.000000001982 -250 4250.000000009082
-4000.000000003694 -250 4250.000000008448
-3500.000000005023 -250 4250.000000007815
-3000.000000006369 -250 4250.00000000718
-2500.000000005292 -250 4250.000000006549
-2000.000000004034 -250 4250.000000005915
-1500.000000002774 -250 4250.000000005282
-1000.000000001515 -250 4250.000000004648
-500.0000000012969 -250 4250.000000004015
-1.318767317570746e-09 -250 4250.000000003381
499.9999999992885 -250 4250.000000002748
1000.000000000119 -250 4250.000000002115
1500.000000001719 -250 4250.000000001482
2000.00000000332 -250 4250.000000000847
2500.00000000492 -250 4250.000000000214
3000.000000006385 -250 4249.999999999581
3500.000000005262 -250 4249.999999998946
4000.000000003764 -250 4249.999999998313
4500.000000001981 -250 4249.99999999768
-4500.000000001982 -250 4125.00000000837
-4000.000000003688 -250 4125.000000007802
-3500.000000005002 -250 4125.000000007233
-3000.000000006367 -250 4125.000000006666
-2500.000000005325 -250 4125.000000006095
-2000.000000004093 -250 4125.000000005529
-1500.000000002863 -250 4125.000000004961
-1000.000000001631 -250 4125.000000004392
-500.0000000014644 -250 4125.000000003823
-1.538410288048908e-09 -250 4125.000000003255
499.9999999991212 -250 4125.000000002687
1000.000000000003 -250 4125.000000002119
1500.000000001632 -250 4125.000000001553
2000.000000003261 -250 4125.000000000982
2500.000000004889 -250 4125.000000000414
3000.000000006386 -250 4124.999999999846
3500.000000005282 -250 4124.999999999279
4000.000000003771 -250 4124.99999999871
4500.000000001981 -250 4124.999999998142
-4500.000000001979 -250 4000.000000007637
-4000.000000003683 -250 4000.000000007115
-3500.000000004982 -250 4000.000000006594
-3000.000000006365 -250 4000.00000000607
-2500.000000005356 -250 4000.000000005547
-2000.000000004153 -250 4000.000000005025
-1500.000000002949 -250 4000.000000004502
-1000.000000001747 -250 4000.000000003979
-500.0000000016314 -250 4000.000000003457
-1.758508005877957e-09 -250 4000.000000002934
499.9999999989534 -250 4000.000000002412
999.9999999998863 -250 4000.000000001889
1500.000000001543 -250 4000.000000001366
2000.000000003202 -250 4000.000000000845
2500.000000004859 -250 4000.000000000322
3000.000000006387 -250 3999.9999999998
3500.000000005303 -250 3999.999999999276
4000.000000003776 -250 3999.999999998753
4500.000000001981 -250 3999.999999998231
-4500.000000001979 -250 3875.0000000069
-4000.000000003678 -250 3875.000000006415
-3500.000000004963 -250 3875.000000005931
-3000.000000006366 -250 3875.000000005447
-2500.000000005387 -250 3875.000000004964
-2000.000000004212 -250 3875.000000004479
-1500.000000003038 -250 3875.000000003995
-1000.000000001864 -250 3875.000000003512
-500.0000000017989 -250 3875.000000003027
-1.978264663193841e-09 -250 3875.000000002542
499.9999999987867 -250 3875.00000000206
999.9999999997701 -250 3875.000000001575
1500.000000001456 -250 3875.00000000109
2000.000000003142 -250 3875.000000000606
2500.000000004828 -250 3875.000000000123
3000.000000006389 -250 3874.999999999638
3500.000000005322 -250 3874.999999999155
4000.000000003782 -250 3874.999999998671
4500.00000000198 -250 3874.999999998187
-4500.000000001979 -250 3750.00000000616
-4000.000000003672 -250 3750.000000005715
-3500.000000004942 -250 3750.00000000527
-3000.000000006364 -250 3750.000000004825
-2500.000000005418 -250 3750.000000004378
-2000.000000004272 -250 3750.000000003934
-1500.000000003126 -250 3750.000000003487
-1000.00000000198 -250 3750.000000003042
-500.0000000019662 -250 3750.000000002597
-2.197793946834281e-09 -250 3750.000000002151
499.9999999986192 -250 3750.000000001705
999.9999999996537 -250 3750.00000000126
1500.000000001368 -250 3750.000000000815
2000.000000003083 -250 3750.00000000037
2500.000000004797 -250 3749.999999999925
3000.00000000639 -250 3749.999999999478
3500.000000005342 -250 3749.999999999032
4000.000000003787 -250 3749.999999998588
4500.00000000198 -250 3749.999999998142
-4500.000000001982 -250 3625.000000005423
-4000.000000003665 -250 3625.000000005015
-3500.000000004921 -250 3625.000000004609
-3000.000000006362 -250 3625.000000004201
-2500.000000005449 -250 3625.000000003794
-2000.000000004331 -250 3625.000000003387
-1500.000000003214 -250 3625.000000002981
-1000.000000002096 -250 3625.000000002574
-500.0000000021334 -250 3625.000000002167
-2.417777977825608e-09 -250 3625.000000001759
499.9999999984515 -250 3625.000000001353
999.999999999538 -250 3625.000000000946
1500.00000000128 -250 3625.000000000539
2000.000000003023 -250 3625.000000000132
2500.000000004765 -250 3624.999999999725
3000.000000006392 -250 3624.999999999318
3500.000000005362 -250 3624.999999998911
4000.000000003794 -250 3624.999999998503
4500.000000001981 -250 3624.999999998097
-4500.000000001983 -250 3500.000000004686
-4000.000000003659 -250 3500.000000004316
-3500.000000004901 -250 3500.000000003947
-3000.00000000636 -250 3500.000000003579
-2500.00000000548 -250 3500.000000003211
-2000.00000000439 -250 3500.000000002843
-1500.000000003301 -250 3500.000000002474
-1000.000000002213 -250 3500.000000002106
-500.000000002301 -250 3500.000000001738
-2.637648321979214e-09 -250 3500.000000001369
499.9999999982845 -250 3500.000000001
999.9999999994213 -250 3500.000000000632
1500.000000001192 -250 3500.000000000263
2000.000000002963 -250 3499.999999999895
2500.000000004733 -250 3499.999999999527
3000.000000006393 -250 3499.999999999158
3500.000000005382 -250 3499.999999998789
4000.0000000038 -250 3499.999999998422
4500.000000001981 -250 3499.999999998052
-4500.00000000198 -250 3375.000000003946
-4000.000000003654 -250 3375.000000003616
-3500.000000004881 -250 3375.000000003287
-3000.000000006361 -250 3375.000000002957
-2500.000000005511 -250 3375.000000002626
-2000.00000000445 -250 3375.000000002296
-1500.00000000339 -250 3375.000000001967
-1000.000000002329 -250 3375.000000001636
-500.0000000024688 -250 3375.000000001307
-2.857632352970541e-09 -250 3375.000000000977
499.9999999981163 -250 3375.000000000647
999.9999999993054 -250 3375.000000000317
1500.000000001104 -250 3374.999999999987
2000.000000002904 -250 3374.999999999657
2500.000000004703 -250 3374.999999999327
3000.000000006395 -250 3374.999999998997
3500.000000005402 -250 3374.999999998668
4000.000000003805 -250 3374.999999998337
4500.000000001981 -250 3374.999999998007
-4500.000000001979 -250 3250.000000003209
-4000.000000003649 -250 3250.000000002917
-3500.000000004862 -250 3250.000000002626
-3000.000000006359 -250 3250.000000002335
-2500.000000005542 -250 3250.000000002043
-2000.000000004509 -250 3250.000000001751
-1500.000000003477 -250 3250.000000001459
-1000.000000002446 -250 3250.000000001168
-500.0000000026363 -250 3250.000000000876
-3.077389010286424e-09 -250 3250.000000000585
499.9999999979489 -250 3250.000000000295
999.9999999991882 -250 3250.000000000003
1500.000000001016 -250 3249.99999999971
2000.000000002844 -250 3249.999999999421
2500.000000004671 -250 3249.999999999129
3000.000000006396 -250 3249.999999998837
3500.000000005423 -250 3249.999999998545
4000.000000003811 -250 3249.999999998253
4500.00000000198 -250 3249.999999997962
-4500.00000000198 -250 3125.000000002469
-4000.000000003643 -250 3125.000000002217
-3500.000000004843 -250 3125.000000001965
-3000.000000006356 -250 3125.000000001712
-2500.000000005572 -250 3125.000000001458
-2000.00000000457 -250 3125.000000001205
-1500.000000003566 -250 3125.000000000953
-1000.000000002562 -250 3125.0000000007
-500.0000000028035 -250 3125.000000000447
-3.296918293926865e-09 -250 3125.000000000195
499.9999999977813 -250 3124.999999999942
999.9999999990724 -250 3124.999999999688
1500.000000000929 -250 3124.999999999436
2000.000000002785 -250 3124.999999999183
2500.000000004641 -250 3124.99999999893
3000.000000006397 -250 3124.999999998677
3500.000000005442 -250 3124.999999998424
4000.000000003817 -250 3124.999999998171
4500.000000001981 -250 3124.999999997918
-4500.000000001981 -250 3000.000000001732
-4000.000000003635 -250 3000.000000001518
-3500.000000004822 -250 3000.000000001303
-3000.000000006356 -250 3000.00000000109
-2500.000000005603 -250 3000.000000000874
-2000.000000004628 -250 3000.000000000659
-1500.000000003653 -250 3000.000000000446
-1000.000000002678 -250 3000.000000000231
-500.000000002971 -250 3000.000000000017
-3.516902324918192e-09 -250 2999.999999999803
499.9999999976142 -250 2999.999999999588
999.999999998956 -250 2999.999999999374
1500.00000000084 -250 2999.999999999159
2000.000000002726 -250 2999.999999998945
2500.00000000461 -250 2999.999999998731
3000.000000006398 -250 2999.999999998516
3500.000000005462 -250 2999.999999998303
4000.000000003823 -250 2999.999999998087
4500.00000000198 -250 2999.999999997873
-4500.000000001981 -250 2875.000000000993
-4000.00000000363 -250 2875.000000000819
-3500.000000004803 -250 2875.000000000643
-3000.000000006355 -250 2875.000000000467
-2500.000000005635 -250 2875.00000000029
-2000.000000004688 -250 2875.000000000115
-1500.000000003741 -250 2874.999999999939
-1000.000000002794 -250 2874.999999999763
-500.0000000031382 -250 2874.999999999586
-3.736658982234076e-09 -250 2874.999999999412
499.9999999974467 -250 2874.999999999235
999.9999999988396 -250 2874.99999999906
1500.000000000753 -250 2874.999999998884
2000.000000002667 -250 2874.999999998708
2500.000000004578 -250 2874.999999998532
3000.000000006399 -250 2874.999999998356
3500.000000005482 -250 2874.99999999818
4000.000000003828 -250 2874.999999998005
4500.000000001981 -250 2874.999999997829
-4500.00000000198 -250 2750.000000000255
-4000.000000003625 -250 2750.000000000117
-3500.000000004781 -250 2749.99999999998
-3000.000000006353 -250 2749.999999999843
-2500.000000005665 -250 2749.999999999705
-2000.000000004746 -250 2749.999999999568
-1500.000000003828 -250 2749.999999999431
-1000.000000002911 -250 2749.999999999293
-500.0000000033058 -250 2749.999999999156
-3.956301952712238e-09 -250 2749.999999999019
499.9999999972795 -250 2749.999999998881
999.9999999987234 -250 2749.999999998744
1500.000000000665 -250 2749.999999998608
2000.000000002607 -250 2749.99999999847
2500.000000004547 -250 2749.999999998332
3000.000000006401 -250 2749.999999998195
3500.000000005502 -250 2749.999999998058
4000.000000003835 -250 2749.99999999792
4500.00000000198 -250 2749.999999997784
-4500.000000001981 -250 2624.999999999517
-4000.000000003619 -250 2624.999999999418
-3500.000000004761 -250 2624.99999999932
-3000.000000006351 -250 2624.999999999219
-2500.000000005696 -250 2624.999999999121
-2000.000000004807 -250 2624.999999999023
-1500.000000003916 -250 2624.999999998925
-1000.000000003027 -250 2624.999999998825
-500.0000000034735 -250 2624.999999998727
-4.176513357379008e-09 -250 2624.999999998628
499.9999999971122 -250 2624.999999998529
999.9999999986073 -250 2624.99999999843
1500.000000000577 -250 2624.999999998332
2000.000000002547 -250 2624.999999998233
2500.000000004517 -250 2624.999999998134
3000.000000006403 -250 2624.999999998035
3500.000000005522 -250 2624.999999997937
4000.00000000384 -250 2624.999999997837
4500.000000001981 -250 2624.999999997739
-4500.00000000198 -250 2499.999999998779
-4000.000000003614 -250 2499.999999998719
-3500.000000004741 -250 2499.999999998658
-3000.00000000635 -250 2499.999999998598
-2500.000000005728 -250 2499.999999998538
-2000.000000004866 -250 2499.999999998478
-1500.000000004005 -250 2499.999999998417
-1000.000000003143 -250 2499.999999998357
-500.0000000036407 -250 2499.999999998297
-4.396042641019449e-09 -250 2499.999999998236
499.9999999969446 -250 2499.999999998176
999.999999998491 -250 2499.999999998116
1500.00000000049 -250 2499.999999998056
2000.000000002488 -250 2499.999999997995
2500.000000004486 -250 2499.999999997935
3000.000000006404 -250 2499.999999997875
3500.000000005542 -250 2499.999999997814
4000.000000003845 -250 2499.999999997754
4500.00000000198 -250 2499.999999997694
-4500.000000001979 -250 2374.99999999804
-4000.000000003607 -250 2374.999999998019
-3500.000000004721 -250 2374.999999997998
-3000.000000006349 -250 2374.999999997975
-2500.00000000576 -250 2374.999999997954
-2000.000000004925 -250 2374.999999997931
-1500.000000004092 -250 2374.99999999791
-1000.00000000326 -250 2374.999999997889
-500.0000000038083 -250 2374.999999997867
-4.615571924659889e-09 -250 2374.999999997845
499.9999999967774 -250 2374.999999997823
999.9999999983739 -250 2374.999999997801
1500.000000000402 -250 2374.999999997779
2000.000000002429 -250 2374.999999997757
2500.000000004455 -250 2374.999999997736
3000.000000006405 -250 2374.999999997714
3500.000000005562 -250 2374.999999997692
4000.000000003852 -250 2374.99999999767
4500.00000000198 -250 2374.999999997648
-4500.000000001982 -250 2249.999999997302
-4000.000000003603 -250 2249.99999999732
-3500.000000004701 -250 2249.999999997336
-3000.000000006347 -250 2249.999999997352
-2500.000000005791 -250 2249.99999999737
-2000.000000004985 -250 2249.999999997386
-1500.00000000418 -250 2249.999999997403
-1000.000000003376 -250 2249.99999999742
-500.0000000039751 -250 2249.999999997436
-4.835783329326659e-09 -250 2249.999999997453
499.9999999966099 -250 2249.99999999747
999.9999999982582 -250 2249.999999997487
1500.000000000313 -250 2249.999999997503
2000.000000002369 -250 2249.99999999752
2500.000000004423 -250 2249.999999997536
3000.000000006406 -250 2249.999999997553
3500.000000005582 -250 2249.99999999757
4000.000000003857 -250 2249.999999997587
4500.000000001981 -250 2249.999999997603
-4500.000000001979 -250 2124.999999996563
-4000.000000003596 -250 2124.999999996618
-3500.000000004682 -250 2124.999999996674
-3000.000000006346 -250 2124.999999996729
-2500.000000005821 -250 2124.999999996784
-2000.000000005045 -250 2124.99999999684
-1500.000000004268 -250 2124.999999996895
-1000.000000003492 -250 2124.99999999695
-500.0000000041427 -250 2124.999999997005
-5.0553126129671e-09 -250 2124.999999997061
499.9999999964427 -250 2124.999999997116
999.9999999981425 -250 2124.999999997171
1500.000000000225 -250 2124.999999997227
2000.00000000231 -250 2124.999999997282
2500.000000004392 -250 2124.999999997336
3000.000000006408 -250 2124.999999997393
3500.000000005603 -250 2124.999999997448
4000.000000003864 -250 2124.999999997503
4500.00000000198 -250 2124.999999997558
-4500.00000000198 -250 1999.999999995833
-4000.000000003589 -250 1999.999999995935
-3500.000000004662 -250 1999.999999996037
-3000.000000006343 -250 1999.999999996139
-2500.000000005852 -250 1999.99999999624
-2000.000000005104 -250 1999.999999996342
-1500.000000004356 -250 1999.999999996444
-1000.000000003608 -250 1999.999999996546
-500.0000000043103 -250 1999.999999996648
-5.275126113701845e-09 -250 1999.999999996749
499.9999999962756 -250 1999.999999996851
999.9999999980259 -250 1999.999999996953
1500.000000000137 -250 1999.999999997054
2000.000000002251 -250 1999.999999997156
2500.000000004362 -250 1999.999999997258
3000.000000006409 -250 1999.99999999736
3500.000000005622 -250 1999.999999997461
4000.000000003869 -250 1999.999999997563
4500.000000001981 -250 1999.999999997665
-4500.000000001979 -250 1874.999999995109
-4000.000000003584 -250 1874.999999995264
-3500.00000000464 -250 1874.999999995418
-3000.000000006343 -250 1874.999999995573
-2500.000000005884 -250 1874.999999995727
-2000.000000005163 -250 1874.999999995882
-1500.000000004444 -250 1874.999999996036
-1000.000000003725 -250 1874.999999996191
-500.000000004477 -250 1874.999999996345
-5.495166988112032e-09 -250 1874.999999996499
499.9999999961074 -250 1874.999999996654
999.9999999979094 -250 1874.999999996809
1500.00000000005 -250 1874.999999996963
2000.00000000219 -250 1874.999999997118
2500.00000000433 -250 1874.999999997271
3000.000000006411 -250 1874.999999997427
3500.000000005642 -250 1874.999999997581
4000.000000003874 -250 1874.999999997735
4500.000000001981 -250 1874.99999999789
-4500.00000000198 -250 1749.999999995127
-4000.000000003579 -250 1749.999999995296
-3500.000000004622 -250 1749.999999995464
-3000.000000006342 -250 1749.999999995632
-2500.000000005914 -250 1749.9999999958
-2000.000000005223 -250 1749.999999995968
-1500.000000004532 -250 1749.999999996136
-1000.000000003841 -250 1749.999999996304
-500.0000000046447 -250 1749.999999996473
-5.714582584914751e-09 -250 1749.99999999664
499.9999999959404 -250 1749.999999996809
999.9999999977931 -250 1749.999999996977
1499.999999999962 -250 1749.999999997145
2000.000000002132 -250 1749.999999997313
2500.000000004299 -250 1749.999999997481
3000.000000006412 -250 1749.999999997649
3500.000000005663 -250 1749.999999997817
4000.00000000388 -250 1749.999999997985
4500.000000001981 -250 1749.999999998154
-4500.00000000198 -250 1624.999999995484
-4000.000000003574 -250 1624.999999995648
-3500.0000000046 -250 1624.999999995812
-3000.00000000634 -250 1624.999999995975
-2500.000000005945 -250 1624.99999999614
-2000.000000005282 -250 1624.999999996304
-1500.00000000462 -250 1624.999999996468
-1000.000000003957 -250 1624.999999996632
-500.0000000048123 -250 1624.999999996796
-5.934452929068357e-09 -250 1624.99999999696
499.9999999957728 -250 1624.999999997123
999.9999999976765 -250 1624.999999997287
1499.999999999874 -250 1624.999999997452
2000.000000002073 -250 1624.999999997615
2500.000000004268 -250 1624.999999997779
3000.000000006414 -250 1624.999999997943
3500.000000005682 -250 1624.999999998107
4000.000000003886 -250 1624.999999998271
4500.000000001981 -250 1624.999999998435
-4500.00000000198 -250 1499.99999999584
-4000.000000003567 -250 1499.999999996
-3500.000000004581 -250 1499.999999996159
-3000.000000006339 -250 1499.999999996319
-2500.000000005976 -250 1499.999999996479
-2000.000000005341 -250 1499.999999996639
-1500.000000004708 -250 1499.999999996799
-1000.000000004075 -250 1499.999999996958
-500.0000000049795 -250 1499.999999997118
-6.154436960059684e-09 -250 1499.999999997278
499.9999999956053 -250 1499.999999997438
999.9999999975605 -250 1499.999999997598
1499.999999999786 -250 1499.999999997758
2000.000000002012 -250 1499.999999997918
2500.000000004237 -250 1499.999999998078
3000.000000006414 -250 1499.999999998237
3500.000000005703 -250 1499.999999998397
4000.000000003893 -250 1499.999999998557
4500.000000001981 -250 1499.999999998717
-4500.00000000198 -250 1374.999999996196
-4000.000000003561 -250 1374.999999996352
-3500.000000004561 -250 1374.999999996507
-3000.000000006338 -250 1374.999999996663
-2500.000000006008 -250 1374.999999996819
-2000.000000005401 -250 1374.999999996974
-1500.000000004796 -250 1374.999999997131
-1000.00000000419 -250 1374.999999997286
-500.0000000051471 -250 1374.999999997442
-6.374023087118985e-09 -250 1374.999999997597
499.9999999954379 -250 1374.999999997753
999.9999999974441 -250 1374.999999997909
1499.999999999698 -250 1374.999999998065
2000.000000001953 -250 1374.99999999822
2500.000000004206 -250 1374.999999998376
3000.000000006416 -250 1374.999999998532
3500.000000005722 -250 1374.999999998687
4000.000000003899 -250 1374.999999998843
4500.000000001981 -250 1374.999999998998
-4500.000000001979 -250 1249.99999999655
-4000.000000003556 -250 1249.999999996699
-3500.000000004541 -250 1249.999999996848
-3000.000000006336 -250 1249.999999996998
-2500.000000006038 -250 1249.999999997147
-2000.00000000546 -250 1249.999999997296
-1500.000000004883 -250 1249.999999997446
-1000.000000004306 -250 1249.999999997595
-500.0000000053148 -250 1249.999999997744
-6.594177648366895e-09 -250 1249.999999997894
499.999999995271 -250 1249.999999998043
999.9999999973276 -250 1249.999999998192
1499.999999999609 -250 1249.999999998342
2000.000000001894 -250 1249.999999998491
2500.000000004175 -250 1249.999999998641
3000.000000006417 -250 1249.99999999879
3500.000000005743 -250 1249.999999998939
4000.000000003904 -250 1249.999999999088
4500.000000001981 -250 1249.999999999238
-4500.000000001979 -250 1124.999999996893
-4000.00000000355 -250 1124.999999997027
-3500.00000000452 -250 1124.99999999716
-3000.000000006334 -250 1124.999999997293
-2500.000000006069 -250 1124.999999997427
-2000.000000005519 -250 1124.99999999756
-1500.000000004971 -250 1124.999999997693
-1000.000000004423 -250 1124.999999997826
-500.0000000054818 -250 1124.999999997959
-6.813763775426196e-09 -250 1124.999999998093
499.9999999951037 -250 1124.999999998226
999.999999997211 -250 1124.999999998359
1499.999999999523 -250 1124.999999998492
2000.000000001834 -250 1124.999999998625
2500.000000004143 -250 1124.999999998759
3000.000000006419 -250 1124.999999998892
3500.000000005762 -250 1124.999999999025
4000.000000003909 -250 1124.999999999158
4500.000000001981 -250 1124.999999999292
-4500.000000001981 -250 999.9999999972356
-4000.000000003545 -250 999.9999999973502
-3500.000000004501 -250 999.9999999974652
-3000.000000006333 -250 999.9999999975799
-2500.0000000061 -250 999.9999999976949
-2000.000000005579 -250 999.9999999978099
-1500.00000000506 -250 999.9999999979249
-1000.000000004538 -250 999.9999999980394
-500.0000000056496 -250 999.9999999981543
-7.03354885445151e-09 -250 999.9999999982696
499.9999999949359 -250 999.9999999983843
999.9999999970951 -250 999.999999998499
1499.999999999434 -250 999.9999999986139
2000.000000001775 -250 999.999999998729
2500.000000004112 -250 999.9999999988436
3000.00000000642 -250 999.9999999989587
3500.000000005783 -250 999.9999999990736
4000.000000003916 -250 999.9999999991884
4500.000000001981 -250 999.9999999993036
-4500.000000001979 -250 874.9999999975771
-4000.000000003537 -250 874.9999999976737
-3500.000000004482 -250 874.9999999977705
-3000.000000006332 -250 874.999999997867
-2500.000000006131 -250 874.9999999979634
-2000.00000000564 -250 874.9999999980598
-1500.000000005148 -250 874.9999999981567
-1000.000000004656 -250 874.9999999982531
-500.0000000058167 -250 874.9999999983495
-7.253504463733407e-09 -250 874.9999999984461
499.9999999947685 -250 874.9999999985425
999.9999999969787 -250 874.9999999986392
1499.999999999346 -250 874.9999999987356
2000.000000001715 -250 874.9999999988324
2500.000000004081 -250 874.9999999989288
3000.000000006421 -250 874.9999999990255
3500.000000005803 -250 874.9999999991218
4000.000000003921 -250 874.9999999992184
4500.00000000198 -250 874.9999999993149
-4500.00000000198 -250 749.9999999979192
-4000.000000003532 -250 749.9999999979975
-3500.000000004462 -250 749.9999999980754
-3000.000000006331 -250 749.9999999981537
-2500.000000006161 -250 749.9999999982318
-2000.000000005699 -250 749.9999999983102
-1500.000000005235 -250 749.9999999983884
-1000.000000004772 -250 749.9999999984664
-500.0000000059838 -250 749.9999999985448
-7.473289542758721e-09 -250 749.9999999986229
499.9999999946011 -250 749.9999999987011
999.9999999968625 -250 749.9999999987791
1499.999999999259 -250 749.9999999988573
2000.000000001655 -250 749.9999999989356
2500.00000000405 -250 749.9999999990138
3000.000000006423 -250 749.9999999990921
3500.000000005823 -250 749.9999999991702
4000.000000003928 -250 749.9999999992484
4500.000000001981 -250 749.9999999993267
-4500.00000000198 -250 624.999999998262
-4000.000000003527 -250 624.999999998323
-3500.000000004441 -250 624.9999999983839
-3000.000000006329 -250 624.999999998445
-2500.000000006194 -250 624.9999999985058
-2000.000000005758 -250 624.9999999985666
-1500.000000005322 -250 624.9999999986277
-1000.000000004888 -250 624.9999999986888
-500.0000000061509 -250 624.9999999987497
-7.692818826399161e-09 -250 624.9999999988107
499.9999999944331 -250 624.9999999988718
999.9999999967461 -250 624.9999999989326
1499.999999999171 -250 624.9999999989935
2000.000000001596 -250 624.9999999990544
2500.00000000402 -250 624.9999999991156
3000.000000006425 -250 624.9999999991766
3500.000000005842 -250 624.9999999992374
4000.000000003932 -250 624.9999999992984
4500.000000001981 -250 624.9999999993594
-4500.000000001979 -250 499.9999999986097
-4000.000000003521 -250 499.9999999986584
-3500.000000004421 -250 499.9999999987069
-3000.000000006328 -250 499.9999999987555
-2500.000000006225 -250 499.9999999988042
-2000.000000005818 -250 499.9999999988529
-1500.000000005411 -250 499.9999999989014
-1000.000000005004 -250 499.99999999895
-500.0000000063188 -250 499.9999999989988
-7.913030231065932e-09 -250 499.9999999990474
499.999999994266 -250 499.999999999096
999.9999999966296 -250 499.9999999991447
1499.999999999083 -250 499.9999999991933
2000.000000001536 -250 499.9999999992418
2500.000000003989 -250 499.9999999992905
3000.000000006426 -250 499.9999999993391
3500.000000005863 -250 499.9999999993878
4000.000000003938 -250 499.9999999994364
4500.000000001981 -250 499.9999999994849
-4500.000000001979 -250 374.9999999989587
-4000.000000003516 -250 374.9999999989961
-3500.000000004401 -250 374.9999999990334
-3000.000000006327 -250 374.9999999990708
-2500.000000006256 -250 374.9999999991083
-2000.000000005877 -250 374.9999999991457
-1500.000000005499 -250 374.999999999183
-1000.00000000512 -250 374.9999999992204
-500.0000000064867 -250 374.9999999992579
-8.132559514706372e-09 -250 374.9999999992953
499.9999999940985 -250 374.9999999993325
999.9999999965131 -250 374.9999999993699
1499.999999998995 -250 374.9999999994074
2000.000000001477 -250 374.9999999994448
2500.000000003958 -250 374.9999999994822
3000.000000006426 -250 374.9999999995196
3500.000000005883 -250 374.9999999995569
4000.000000003945 -250 374.9999999995943
4500.00000000198 -250 374.9999999996316
-4500.000000001979 -250 249.9999999993072
-4000.000000003508 -250 249.9999999993329
-3500.000000004381 -250 249.9999999993587
-3000.000000006325 -250 249.9999999993844
-2500.000000006288 -250 249.99999999941
-2000.000000005936 -250 249.9999999994357
-1500.000000005586 -250 249.9999999994615
-1000.000000005237 -250 249.9999999994872
-500.0000000066537 -250 249.9999999995129
-8.352444069714693e-09 -250 249.9999999995386
499.9999999939319 -250 249.9999999995643
999.9999999963975 -250 249.99999999959
1499.999999998906 -250 249.9999999996157
2000.000000001417 -250 249.9999999996415
2500.000000003926 -250 249.9999999996671
3000.000000006428 -250 249.9999999996929
3500.000000005903 -250 249.9999999997186
4000.00000000395 -250 249.9999999997443
4500.000000001981 -250 249.99999999977
-4500.000000001979 -250 124.9999999996545
-4000.000000003503 -250 124.9999999996673
-3500.000000004361 -250 124.9999999996801
-3000.000000006323 -250 124.9999999996929
-2500.000000006318 -250 124.9999999997057
-2000.000000005996 -250 124.9999999997185
-1500.000000005674 -250 124.9999999997313
-1000.000000005353 -250 124.9999999997441
-500.0000000068214 -250 124.9999999997569
-8.572353493718765e-09 -250 124.9999999997698
499.999999993764 -250 124.9999999997825
999.9999999962811 -250 124.9999999997953
1499.999999998819 -250 124.9999999998082
2000.000000001358 -250 124.999999999821
2500.000000003895 -250 124.9999999998338
3000.00000000643 -250 124.9999999998466
3500.000000005923 -250 124.9999999998595
4000.000000003956 -250 124.9999999998722
4500.000000001981 -250 124.999999999885
2 21 0 0
2 25 0 0
2 29 0 0
2 33 0 0
2 34 0 1501
1902
1903
1904
1905
1906
1907
1908
1909
1910
1911
1912
1913
1914
1915
1916
1917
1918
1919
1920
1921
1922
1923
1924
1925
1926
1927
1928
1929
1930
1931
1932
1933
1934
1935
1936
1937
1938
1939
1940
1941
1942
1943
1944
1945
1946
1947
1948
1949
1950
1951
1952
1953
1954
1955
1956
1957
1958
1959
1960
1961
1962
1963
1964
1965
1966
1967
1968
1969
1970
1971
1972
1973
1974
1975
1976
1977
1978
1979
1980
1981
1982
1983
1984
1985
1986
1987
1988
1989
1990
1991
1992
1993
1994
1995
1996
1997
1998
1999
2000
2001
2002
2003
2004
2005
2006
2007
2008
2009
2010
2011
2012
2013
2014
2015
2016
2017
2018
2019
2020
2021
2022
2023
2024
2025
2026
2027
2028
2029
2030
2031
2032
2033
2034
2035
2036
2037
2038
2039
2040
2041
2042
2043
2044
2045
2046
2047
2048
2049
2050
2051
2052
2053
2054
2055
2056
2057
2058
2059
2060
2061
2062
2063
2064
2065
2066
2067
2068
2069
2070
2071
2072
2073
2074
2075
2076
2077
2078
2079
2080
2081
2082
2083
2084
2085
2086
2087
2088
2089
2090
2091
2092
2093
2094
2095
2096
2097
2098
2099
2100
2101
2102
2103
2104
2105
2106
2107
2108
2109
2110
2111
2112
2113
2114
2115
2116
2117
2118
2119
2120
2121
2122
2123
2124
2125
2126
2127
2128
2129
2130
2131
2132
2133
2134
2135
2136
2137
2138
2139
2140
2141
2142
2143
2144
2145
2146
2147
2148
2149
2150
2151
2152
2153
2154
2155
2156
2157
2158
2159
2160
2161
2162
2163
2164
2165
2166
2167
2168
2169
2170
2171
2172
2173
2174
2175
2176
2177
2178
2179
2180
2181
2182
2183
2184
2185
2186
2187
2188
2189
2190
2191
2192
2193
2194
2195
2196
2197
2198
2199
2200
2201
2202
2203
2204
2205
2206
2207
2208
2209
2210
2211
2212
2213
2214
2215
2216
2217
2218
2219
2220
2221
2222
2223
2224
2225
2226
2227
2228
2229
2230
2231
2232
2233
2234
2235
2236
2237
2238
2239
2240
2241
2242
2243
2244
2245
2246
2247
2248
2249
2250
2251
2252
2253
2254
2255
2256
2257
2258
2259
2260
2261
2262
2263
2264
2265
2266
2267
2268
2269
2270
2271
2272
2273
2274
2275
2276
2277
2278
2279
2280
2281
2282
2283
2284
2285
2286
2287
2288
2289
2290
2291
2292
2293
2294
2295
2296
2297
2298
2299
2300
2301
2302
2303
2304
2305
2306
2307
2308
2309
2310
2311
2312
2313
2314
2315
2316
2317
2318
2319
2320
2321
2322
2323
2324
2325
2326
2327
2328
2329
2330
2331
2332
2333
2334
2335
2336
2337
2338
2339
2340
2341
2342
2343
2344
2345
2346
2347
2348
2349
2350
2351
2352
2353
2354
2355
2356
2357
2358
2359
2360
2361
2362
2363
2364
2365
2366
2367
2368
2369
2370
2371
2372
2373
2374
2375
2376
2377
2378
2379
2380
2381
2382
2383
2384
2385
2386
2387
2388
2389
2390
2391
2392
2393
2394
2395
2396
2397
2398
2399
2400
2401
2402
2403
2404
2405
2406
2407
2408
2409
2410
2411
2412
2413
2414
2415
2416
2417
2418
2419
2420
2421
2422
2423
2424
2425
2426
2427
2428
2429
2430
2431
2432
2433
2434
2435
2436
2437
2438
2439
2440
2441
2442
2443
2444
2445
2446
2447
2448
2449
2450
2451
2452
2453
2454
2455
2456
2457
2458
2459
2460
2461
2462
2463
2464
2465
2466
2467
2468
2469
2470
2471
2472
2473
2474
2475
2476
2477
2478
2479
2480
2481
2482
2483
2484
2485
2486
2487
2488
2489
2490
2491
2492
2493
2494
2495
2496
2497
2498
2499
2500
2501
2502
2503
2504
2505
2506
2507
2508
2509
2510
2511
2512
2513
2514
2515
2516
2517
2518
2519
2520
2521
2522
2523
2524
2525
2526
2527
2528
2529
2530
2531
2532
2533
2534
2535
2536
2537
2538
2539
2540
2541
2542
2543
2544
2545
2546
2547
2548
2549
2550
2551
2552
2553
2554
2555
2556
2557
2558
2559
2560
2561
2562
2563
2564
2565
2566
2567
2568
2569
2570
2571
2572
2573
2574
2575
2576
2577
2578
2579
2580
2581
2582
2583
2584
2585
2586
2587
2588
2589
2590
2591
2592
2593
2594
2595
2596
2597
2598
2599
2600
2601
2602
2603
2604
2605
2606
2607
2608
2609
2610
2611
2612
2613
2614
2615
2616
2617
2618
2619
2620
2621
2622
2623
2624
2625
2626
2627
2628
2629
2630
2631
2632
2633
2634
2635
2636
2637
2638
2639
2640
2641
2642
2643
2644
2645
2646
2647
2648
2649
2650
2651
2652
2653
2654
2655
2656
2657
2658
2659
2660
2661
2662
2663
2664
2665
2666
2667
2668
2669
2670
2671
2672
2673
2674
2675
2676
2677
2678
2679
2680
2681
2682
2683
2684
2685
2686
2687
2688
2689
2690
2691
2692
2693
2694
2695
2696
2697
2698
2699
2700
2701
2702
2703
2704
2705
2706
2707
2708
2709
2710
2711
2712
2713
2714
2715
2716
2717
2718
2719
2720
2721
2722
2723
2724
2725
2726
2727
2728
2729
2730
2731
2732
2733
2734
2735
2736
2737
2738
2739
2740
2741
2742
2743
2744
2745
2746
2747
2748
2749
2750
2751
2752
2753
2754
2755
2756
2757
2758
2759
2760
2761
2762
2763
2764
2765
2766
2767
2768
2769
2770
2771
2772
2773
2774
2775
2776
2777
2778
2779
2780
2781
2782
2783
2784
2785
2786
2787
2788
2789
2790
2791
2792
2793
2794
2795
2796
2797
2798
2799
2800
2801
2802
2803
2804
2805
2806
2807
2808
2809
2810
2811
2812
2813
2814
2815
2816
2817
2818
2819
2820
2821
2822
2823
2824
2825
2826
2827
2828
2829
2830
2831
2832
2833
2834
2835
2836
2837
2838
2839
2840
2841
2842
2843
2844
2845
2846
2847
2848
2849
2850
2851
2852
2853
2854
2855
2856
2857
2858
2859
2860
2861
2862
2863
2864
2865
2866
2867
2868
2869
2870
2871
2872
2873
2874
2875
2876
2877
2878
2879
2880
2881
2882
2883
2884
2885
2886
2887
2888
2889
2890
2891
2892
2893
2894
2895
2896
2897
2898
2899
2900
2901
2902
2903
2904
2905
2906
2907
2908
2909
2910
2911
2912
2913
2914
2915
2916
2917
2918
2919
2920
2921
2922
2923
2924
2925
2926
2927
2928
2929
2930
2931
2932
2933
2934
2935
2936
2937
2938
2939
2940
2941
2942
2943
2944
2945
2946
2947
2948
2949
2950
2951
2952
2953
2954
2955
2956
2957
2958
2959
2960
2961
2962
2963
2964
2965
2966
2967
2968
2969
2970
2971
2972
2973
2974
2975
2976
2977
2978
2979
2980
2981
2982
2983
2984
2985
2986
2987
2988
2989
2990
2991
2992
2993
2994
2995
2996
2997
2998
2999
3000
3001
3002
3003
3004
3005
3006
3007
3008
3009
3010
3011
3012
3013
3014
3015
3016
3017
3018
3019
3020
3021
3022
3023
3024
3025
3026
3027
3028
3029
3030
3031
3032
3033
3034
3035
3036
3037
3038
3039
3040
3041
3042
3043
3044
3045
3046
3047
3048
3049
3050
3051
3052
3053
3054
3055
3056
3057
3058
3059
3060
3061
3062
3063
3064
3065
3066
3067
3068
3069
3070
3071
3072
3073
3074
3075
3076
3077
3078
3079
3080
3081
3082
3083
3084
3085
3086
3087
3088
3089
3090
3091
3092
3093
3094
3095
3096
3097
3098
3099
3100
3101
3102
3103
3104
3105
3106
3107
3108
3109
3110
3111
3112
3113
3114
3115
3116
3117
3118
3119
3120
3121
3122
3123
3124
3125
3126
3127
3128
3129
3130
3131
3132
3133
3134
3135
3136
3137
3138
3139
3140
3141
3142
3143
3144
3145
3146
3147
3148
3149
3150
3151
3152
3153
3154
3155
3156
3157
3158
3159
3160
3161
3162
3163
3164
3165
3166
3167
3168
3169
3170
3171
3172
3173
3174
3175
3176
3177
3178
3179
3180
3181
3182
3183
3184
3185
3186
3187
3188
3189
3190
3191
3192
3193
3194
3195
3196
3197
3198
3199
3200
3201
3202
3203
3204
3205
3206
3207
3208
3209
3210
3211
3212
3213
3214
3215
3216
3217
3218
3219
3220
3221
3222
3223
3224
3225
3226
3227
3228
3229
3230
3231
3232
3233
3234
3235
3236
3237
3238
3239
3240
3241
3242
3243
3244
3245
3246
3247
3248
3249
3250
3251
3252
3253
3254
3255
3256
3257
3258
3259
3260
3261
3262
3263
3264
3265
3266
3267
3268
3269
3270
3271
3272
3273
3274
3275
3276
3277
3278
3279
3280
3281
3282
3283
3284
3285
3286
3287
3288
3289
3290
3291
3292
3293
3294
3295
3296
3297
3298
3299
3300
3301
3302
3303
3304
3305
3306
3307
3308
3309
3310
3311
3312
3313
3314
3315
3316
3317
3318
3319
3320
3321
3322
3323
3324
3325
3326
3327
3328
3329
3330
3331
3332
3333
3334
3335
3336
3337
3338
3339
3340
3341
3342
3343
3344
3345
3346
3347
3348
3349
3350
3351
3352
3353
3354
3355
3356
3357
3358
3359
3360
3361
3362
3363
3364
3365
3366
3367
3368
3369
3370
3371
3372
3373
3374
3375
3376
3377
3378
3379
3380
3381
3382
3383
3384
3385
3386
3387
3388
3389
3390
3391
3392
3393
3394
3395
3396
3397
3398
3399
3400
3401
3402
-4500.000000001982 250 9875.000000000367
-4000.000000003956 250 9875.00000000038
-3500.000000005923 250 9875.000000000391
-3000.00000000643 250 9875.0000000004
-2500.000000003895 250 9875.000000000411
-2000.000000001357 250 9875.000000000418
-1499.99999999882 250 9875.000000000429
-999.9999999962806 250 9875.00000000044
-499.9999999937636 250 9875.000000000453
8.572442311560735e-09 250 9875.000000000462
500.0000000068212 250 9875.000000000469
1000.000000005353 250 9875.00000000048
1500.000000005675 250 9875.000000000493
2000.000000005996 250 9875.000000000502
2500.000000006318 250 9875.000000000515
3000.000000006323 250 9875.00000000052
3500.000000004361 250 9875.000000000533
4000.000000003503 250 9875.000000000542
4500.000000001981 250 9875.000000000551
-4500.000000001982 250 9750.000000000742
-4000.000000003949 250 9750.000000000757
-3500.000000005902 250 9750.000000000779
-3000.000000006427 250 9750.0000000008
-2500.000000003926 250 9750.000000000819
-2000.000000001417 250 9750.000000000837
-1499.999999998907 250 9750.000000000859
-999.9999999963975 250 9750.00000000088
-499.9999999939314 250 9750.000000000899
8.352344593731686e-09 250 9750.00000000092
500.0000000066548 250 9750.000000000942
1000.000000005237 250 9750.00000000096
1500.000000005586 250 9750.000000000982
2000.000000005937 250 9750.000000001
2500.000000006286 250 9750.000000001022
3000.000000006324 250 9750.00000000104
3500.000000004381 250 9750.00000000106
4000.000000003509 250 9750.00000000108
4500.000000001981 250 9750.000000001104
-4500.000000001982 250 9625.000000001108
-4000.000000003943 250 9625.000000001137
-3500.000000005883 250 9625.00000000117
-3000.000000006427 250 9625.000000001202
-2500.000000003958 250 9625.000000001231
-2000.000000001477 250 9625.000000001261
-1499.999999998996 250 9625.00000000129
-999.9999999965135 250 9625.000000001321
-499.9999999940983 250 9625.00000000135
8.132701623253524e-09 250 9625.000000001384
500.0000000064867 250 9625.000000001413
1000.00000000512 250 9625.000000001441
1500.000000005499 250 9625.000000001472
2000.000000005877 250 9625.000000001499
2500.000000006255 250 9625.000000001532
3000.000000006326 250 9625.000000001563
3500.000000004401 250 9625.000000001595
4000.000000003516 250 9625.000000001624
4500.00000000198 250 9625.000000001652
-4500.000000001982 250 9500.000000001481
-4000.000000003937 250 9500.000000001521
-3500.000000005863 250 9500.000000001561
-3000.000000006426 250 9500.000000001601
-2500.000000003988 250 9500.000000001641
-2000.000000001536 250 9500.000000001681
-1499.999999999083 250 9500.000000001719
-999.9999999966292 250 9500.000000001759
-499.9999999942656 250 9500.000000001801
7.913058652775362e-09 250 9500.000000001841
500.0000000063194 250 9500.000000001881
1000.000000005004 250 9500.000000001919
1500.000000005411 250 9500.000000001963
2000.000000005818 250 9500.000000002001
2500.000000006225 250 9500.000000002045
3000.000000006328 250 9500.000000002081
3500.000000004421 250 9500.000000002125
4000.000000003522 250 9500.000000002165
4500.000000001981 250 9500.000000002205
-4500.000000001982 250 9375.000000001844
-4000.000000003931 250 9375.000000001895
-3500.000000005843 250 9375.000000001952
-3000.000000006425 250 9375.000000002001
-2500.00000000402 250 9375.000000002052
-2000.000000001596 250 9375.000000002099
-1499.999999999171 250 9375.00000000215
-999.9999999967463 250 9375.000000002201
-499.9999999944334 250 9375.000000002252
7.692960934946314e-09 250 9375.000000002303
500.000000006152 250 9375.000000002354
1000.000000004888 250 9375.000000002405
1500.000000005323 250 9375.000000002456
2000.000000005758 250 9375.000000002503
2500.000000006193 250 9375.000000002554
3000.000000006328 250 9375.000000002605
3500.000000004442 250 9375.000000002656
4000.000000003527 250 9375.000000002703
4500.00000000198 250 9375.000000002754
-4500.000000001982 250 9250.000000002217
-4000.000000003925 250 9250.000000002279
-3500.000000005823 250 9250.000000002341
-3000.000000006424 250 9250.000000002401
-2500.000000004049 250 9250.000000002461
-2000.000000001655 250 9250.000000002521
-1499.999999999259 250 9250.000000002583
-999.9999999968625 250 9250.000000002643
-499.9999999946008 250 9250.000000002703
7.473317964468151e-09 250 9250.000000002763
500.0000000059845 250 9250.000000002827
1000.000000004772 250 9250.000000002883
1500.000000005235 250 9250.000000002945
2000.000000005699 250 9250.000000003005
2500.000000006163 250 9250.000000003067
3000.00000000633 250 9250.000000003127
3500.00000000446 250 9250.000000003189
4000.000000003533 250 9250.000000003247
4500.000000001981 250 9250.000000003311
-4500.000000001981 250 9125.000000002587
-4000.000000003919 250 9125.000000002658
-3500.000000005803 250 9125.000000002725
-3000.000000006422 250 9125.000000002799
-2500.000000004083 250 9125.00000000287
-2000.000000001715 250 9125.000000002941
-1499.999999999346 250 9125.000000003012
-999.9999999969787 250 9125.000000003081
-499.9999999947681 250 9125.000000003152
7.253674993989989e-09 250 9125.000000003223
500.0000000058169 250 9125.000000003292
1000.000000004655 250 9125.000000003365
1500.000000005147 250 9125.000000003434
2000.000000005639 250 9125.000000003507
2500.000000006131 250 9125.000000003576
3000.000000006332 250 9125.000000003645
3500.000000004481 250 9125.000000003718
4000.000000003539 250 9125.000000003787
4500.00000000198 250 9125.000000003856
-4500.000000001981 250 9000.000000002959
-4000.000000003915 250 9000.000000003036
-3500.000000005783 250 9000.000000003116
-3000.00000000642 250 9000.000000003196
-2500.000000004114 250 9000.00000000328
-2000.000000001775 250 9000.00000000336
-1499.999999999434 250 9000.000000003438
-999.9999999970944 250 9000.000000003523
-499.9999999949355 250 9000.0000000036
7.033577276160941e-09 250 9000.000000003683
500.00000000565 250 9000.000000003763
1000.000000004539 250 9000.000000003845
1500.000000005059 250 9000.000000003925
2000.00000000558 250 9000.000000004005
2500.0000000061 250 9000.000000004087
3000.000000006333 250 9000.000000004165
3500.000000004502 250 9000.000000004246
4000.000000003544 250 9000.000000004327
4500.00000000198 250 9000.000000004409
-4500.000000001982 250 8875.000000003321
-4000.000000003909 250 8875.000000003418
-3500.000000005762 250 8875.000000003509
-3000.000000006418 250 8875.000000003598
-2500.000000004145 250 8875.000000003689
-2000.000000001834 250 8875.000000003782
-1499.999999999523 250 8875.000000003871
-999.9999999972115 250 8875.000000003962
-499.9999999951024 250 8875.000000004053
6.813934305682778e-09 250 8875.000000004144
500.000000005482 250 8875.000000004235
1000.000000004423 250 8875.000000004326
1500.000000004971 250 8875.000000004417
2000.00000000552 250 8875.000000004509
2500.000000006069 250 8875.000000004595
3000.000000006334 250 8875.000000004689
3500.000000004522 250 8875.000000004782
4000.000000003551 250 8875.000000004871
4500.00000000198 250 8875.000000004959
-4500.000000001982 250 8750.000000003694
-4000.000000003904 250 8750.000000003796
-3500.000000005742 250 8750.000000003898
-3000.000000006418 250 8750.000000003996
-2500.000000004175 250 8750.000000004098
-2000.000000001893 250 8750.0000000042
-1499.99999999961 250 8750.000000004302
-999.9999999973279 250 8750.000000004404
-499.9999999952697 250 8750.000000004502
6.594291335204616e-09 250 8750.000000004604
500.0000000053155 250 8750.000000004706
1000.000000004306 250 8750.000000004802
1500.000000004883 250 8750.000000004906
2000.000000005461 250 8750.000000005008
2500.000000006038 250 8750.00000000511
3000.000000006336 250 8750.000000005208
3500.000000004541 250 8750.000000005308
4000.000000003556 250 8750.00000000541
4500.00000000198 250 8750.000000005512
-4500.000000001981 250 8625.000000004064
-4000.000000003897 250 8625.000000004173
-3500.000000005723 250 8625.000000004286
-3000.000000006416 250 8625.000000004398
-2500.000000004206 250 8625.000000004511
-2000.000000001953 250 8625.00000000462
-1499.999999999699 250 8625.000000004729
-999.9999999974441 250 8625.000000004842
-499.9999999954375 250 8625.000000004955
6.374193617375568e-09 250 8625.000000005064
500.0000000051473 250 8625.000000005177
1000.00000000419 250 8625.000000005286
1500.000000004796 250 8625.000000005395
2000.000000005402 250 8625.000000005508
2500.000000006006 250 8625.000000005621
3000.000000006337 250 8625.00000000573
3500.000000004561 250 8625.000000005843
4000.000000003562 250 8625.000000005952
4500.000000001981 250 8625.000000006061
-4500.000000001981 250 8500.000000004437
-4000.000000003893 250 8500.00000000456
-3500.000000005703 250 8500.000000004675
-3000.000000006414 250 8500.000000004798
-2500.000000004237 250 8500.000000004922
-2000.000000002012 250 8500.00000000504
-1499.999999999786 250 8500.000000005162
-999.9999999975605 250 8500.000000005284
-499.9999999956049 250 8500.000000005402
6.154550646897405e-09 250 8500.000000005526
500.0000000049797 250 8500.000000005646
1000.000000004074 250 8500.000000005768
1500.000000004707 250 8500.00000000589
2000.000000005342 250 8500.00000000601
2500.000000005976 250 8500.00000000613
3000.000000006339 250 8500.00000000625
3500.000000004581 250 8500.000000006374
4000.000000003567 250 8500.000000006494
4500.000000001981 250 8500.000000006614
-4500.000000001982 250 8375.000000004806
-4000.000000003887 250 8375.000000004937
-3500.000000005682 250 8375.000000005068
-3000.000000006414 250 8375.000000005197
-2500.000000004268 250 8375.000000005328
-2000.000000002072 250 8375.000000005461
-1499.999999999874 250 8375.00000000559
-999.9999999976767 250 8375.000000005723
-499.9999999957724 250 8375.000000005854
5.934452929068357e-09 250 8375.000000005986
500.0000000048128 250 8375.000000006114
1000.000000003957 250 8375.000000006246
1500.00000000462 250 8375.000000006381
2000.000000005282 250 8375.000000006507
2500.000000005945 250 8375.000000006639
3000.00000000634 250 8375.000000006768
3500.000000004602 250 8375.000000006905
4000.000000003573 250 8375.000000007036
4500.000000001981 250 8375.000000007167
-4500.000000001982 250 8250.000000005175
-4000.000000003879 250 8250.000000005317
-3500.000000005662 250 8250.000000005453
-3000.000000006413 250 8250.000000005595
-2500.000000004299 250 8250.000000005737
-2000.000000002131 250 8250.000000005881
-1499.999999999962 250 8250.000000006021
-999.9999999977929 250 8250.000000006165
-499.9999999959402 250 8250.000000006303
5.714809958590195e-09 250 8250.000000006445
500.000000004645 250 8250.000000006585
1000.000000003841 250 8250.000000006728
1500.000000004531 250 8250.000000006869
2000.000000005223 250 8250.000000007007
2500.000000005913 250 8250.000000007152
3000.000000006341 250 8250.000000007292
3500.000000004621 250 8250.000000007432
4000.000000003579 250 8250.000000007576
4500.000000001981 250 8250.000000007716
-4500.000000001982 250 8125.000000005528
-4000.000000003874 250 8125.00000000566
-3500.000000005642 250 8125.000000005793
-3000.000000006411 250 8125.000000005928
-2500.00000000433 250 8125.000000006061
-2000.00000000219 250 8125.000000006197
-1500.00000000005 250 8125.000000006327
-999.9999999979088 250 8125.000000006463
-499.9999999961076 250 8125.000000006594
5.494939614436589e-09 250 8125.000000006728
500.0000000044774 250 8125.000000006862
1000.000000003725 250 8125.000000006996
1500.000000004444 250 8125.000000007131
2000.000000005164 250 8125.000000007263
2500.000000005884 250 8125.000000007398
3000.000000006343 250 8125.000000007531
3500.000000004641 250 8125.000000007662
4000.000000003586 250 8125.000000007798
4500.00000000198 250 8125.000000007932
-4500.000000001982 250 8000.000000005842
-4000.000000003869 250 8000.000000005925
-3500.000000005623 250 8000.000000006014
-3000.00000000641 250 8000.0000000061
-2500.000000004361 250 8000.000000006186
-2000.00000000225 250 8000.000000006274
-1500.000000000137 250 8000.000000006361
-999.999999998025 250 8000.000000006447
-499.9999999962749 250 8000.000000006534
5.275069270282984e-09 250 8000.000000006621
500.0000000043106 250 8000.000000006707
1000.000000003609 250 8000.000000006794
1500.000000004356 250 8000.00000000688
2000.000000005104 250 8000.000000006967
2500.000000005851 250 8000.000000007054
3000.000000006344 250 8000.000000007142
3500.000000004661 250 8000.000000007229
4000.000000003592 250 8000.000000007318
4500.00000000198 250 8000.000000007403
-4500.000000001982 250 7875.000000006152
-4000.000000003862 250 7875.000000006192
-3500.000000005602 250 7875.000000006233
-3000.000000006409 250 7875.000000006273
-2500.000000004392 250 7875.000000006312
-2000.000000002309 250 7875.000000006352
-1500.000000000226 250 7875.000000006394
-999.9999999981421 250 7875.00000000643
-499.9999999964421 250 7875.000000006473
5.055198926129378e-09 250 7875.000000006512
500.0000000041432 250 7875.000000006552
1000.000000003492 250 7875.000000006594
1500.000000004268 250 7875.000000006634
2000.000000005045 250 7875.000000006675
2500.00000000582 250 7875.000000006714
3000.000000006346 250 7875.000000006755
3500.000000004682 250 7875.000000006794
4000.000000003598 250 7875.000000006835
4500.00000000198 250 7875.000000006872
-4500.000000001982 250 7750.000000006465
-4000.000000003857 250 7750.000000006457
-3500.000000005583 250 7750.000000006452
-3000.000000006407 250 7750.000000006444
-2500.000000004422 250 7750.000000006438
-2000.000000002369 250 7750.00000000643
-1500.000000000314 250 7750.000000006422
-999.9999999982579 250 7750.000000006418
-499.9999999966092 250 7750.000000006412
4.835783329326659e-09 250 7750.000000006405
500.0000000039754 250 7750.000000006398
1000.000000003375 250 7750.000000006392
1500.00000000418 250 7750.000000006385
2000.000000004985 250 7750.000000006378
2500.00000000579 250 7750.000000006372
3000.000000006346 250 7750.000000006365
3500.000000004701 250 7750.000000006357
4000.000000003602 250 7750.00000000635
4500.000000001981 250 7750.000000006345
-4500.000000001982 250 7625.000000006778
-4000.00000000385 250 7625.000000006724
-3500.000000005563 250 7625.000000006671
-3000.000000006405 250 7625.000000006617
-2500.000000004456 250 7625.000000006563
-2000.000000002428 250 7625.000000006511
-1500.000000000402 250 7625.000000006457
-999.9999999983745 250 7625.000000006403
-499.9999999967765 250 7625.00000000635
4.615912985173054e-09 250 7625.000000006296
500.0000000038085 250 7625.000000006243
1000.00000000326 250 7625.000000006188
1500.000000004093 250 7625.000000006135
2000.000000004926 250 7625.000000006083
2500.000000005758 250 7625.000000006029
3000.000000006348 250 7625.000000005974
3500.000000004721 250 7625.000000005922
4000.000000003608 250 7625.000000005869
4500.000000001981 250 7625.000000005814
-4500.000000001983 250 7500.00000000709
-4000.000000003845 250 7500.000000006989
-3500.000000005542 250 7500.00000000689
-3000.000000006403 250 7500.00000000679
-2500.000000004487 250 7500.000000006688
-2000.000000002487 250 7500.000000006589
-1500.00000000049 250 7500.00000000649
-999.9999999984911 250 7500.000000006388
-499.9999999969443 250 7500.000000006286
4.396042641019449e-09 250 7500.000000006188
500.0000000036405 250 7500.000000006086
1000.000000003143 250 7500.000000005988
1500.000000004005 250 7500.000000005888
2000.000000004866 250 7500.000000005788
2500.000000005728 250 7500.000000005686
3000.00000000635 250 7500.000000005588
3500.000000004741 250 7500.000000005486
4000.000000003613 250 7500.000000005386
4500.000000001981 250 7500.000000005286
-4500.000000001982 250 7375.000000007406
-4000.000000003839 250 7375.000000007256
-3500.000000005522 250 7375.00000000711
-3000.000000006402 250 7375.000000006963
-2500.000000004518 250 7375.000000006815
-2000.000000002547 250 7375.00000000667
-1500.000000000578 250 7375.000000006521
-999.9999999986076 250 7375.000000006376
-499.9999999971119 250 7375.000000006226
4.176399670541286e-09 250 7375.000000006081
500.0000000034738 250 7375.000000005934
1000.000000003027 250 7375.000000005786
1500.000000003917 250 7375.000000005641
2000.000000004807 250 7375.000000005492
2500.000000005697 250 7375.000000005346
3000.000000006351 250 7375.0000000052
3500.000000004762 250 7375.000000005051
4000.00000000362 250 7375.000000004906
4500.000000001981 250 7375.000000004757
-4500.00000000198 250 7250.000000007716
-4000.000000003834 250 7250.00000000752
-3500.000000005502 250 7250.000000007327
-3000.000000006402 250 7250.000000007135
-2500.000000004548 250 7250.00000000694
-2000.000000002606 250 7250.000000006747
-1500.000000000666 250 7250.000000006552
-999.9999999987231 250 7250.000000006361
-499.9999999972792 250 7250.000000006165
3.956301952712238e-09 250 7250.000000005972
500.0000000033058 250 7250.000000005779
1000.000000002911 250 7250.000000005584
1500.000000003829 250 7250.00000000539
2000.000000004747 250 7250.000000005197
2500.000000005665 250 7250.000000005004
3000.000000006352 250 7250.000000004811
3500.000000004781 250 7250.000000004617
4000.000000003626 250 7250.000000004422
4500.000000001981 250 7250.000000004229
-4500.000000001981 250 7125.000000008028
-4000.000000003829 250 7125.000000007787
-3500.000000005482 250 7125.000000007547
-3000.0000000064 250 7125.000000007309
-2500.000000004579 250 7125.000000007065
-2000.000000002666 250 7125.000000006826
-1500.000000000753 250 7125.000000006585
-999.9999999988397 250 7125.000000006345
-499.9999999974464 250 7125.000000006104
3.736431608558632e-09 250 7125.000000005865
500.0000000031389 250 7125.000000005624
1000.000000002795 250 7125.000000005383
1500.000000003741 250 7125.000000005144
2000.000000004688 250 7125.000000004904
2500.000000005635 250 7125.000000004664
3000.000000006353 250 7125.000000004422
3500.000000004802 250 7125.000000004181
4000.000000003631 250 7125.000000003941
4500.00000000198 250 7125.000000003699
-4500.000000001981 250 7000.000000008339
-4000.00000000382 250 7000.000000008052
-3500.000000005462 250 7000.000000007764
-3000.000000006398 250 7000.000000007477
-2500.00000000461 250 7000.000000007191
-2000.000000002726 250 7000.000000006905
-1500.000000000841 250 7000.000000006617
-999.9999999989559 250 7000.000000006329
-499.9999999976142 250 7000.000000006043
3.517016011755913e-09 250 7000.000000005754
500.0000000029709 250 7000.000000005468
1000.000000002678 250 7000.000000005181
1500.000000003653 250 7000.000000004893
2000.000000004628 250 7000.000000004607
2500.000000005603 250 7000.000000004317
3000.000000006355 250 7000.000000004035
3500.000000004821 250 7000.000000003745
4000.000000003637 250 7000.000000003457
4500.000000001981 250 7000.00000000317
-4500.000000001982 250 6875.000000008655
-4000.000000003818 250 6875.00000000832
-3500.000000005442 250 6875.000000007984
-3000.000000006398 250 6875.000000007652
-2500.000000004641 250 6875.000000007316
-2000.000000002785 250 6875.000000006985
-1500.000000000929 250 6875.000000006649
-999.9999999990721 250 6875.000000006316
-499.9999999977811 250 6875.000000005982
3.296690920251422e-09 250 6875.000000005647
500.000000002804 250 6875.000000005312
1000.000000002562 250 6875.000000004978
1500.000000003565 250 6875.000000004645
2000.000000004568 250 6875.000000004312
2500.000000005572 250 6875.000000003978
3000.000000006356 250 6875.000000003643
3500.000000004842 250 6875.000000003311
4000.000000003643 250 6875.000000002977
4500.00000000198 250 6875.000000002642
-4500.000000001981 250 6750.000000008966
-4000.00000000381 250 6750.000000008585
-3500.000000005422 250 6750.000000008204
-3000.000000006396 250 6750.000000007822
-2500.000000004672 250 6750.000000007441
-2000.000000002844 250 6750.000000007062
-1500.000000001016 250 6750.000000006681
-999.999999999189 250 6750.000000006301
-499.9999999979489 250 6750.00000000592
3.077047949773259e-09 250 6750.000000005539
500.0000000026362 250 6750.000000005159
1000.000000002445 250 6750.000000004778
1500.000000003477 250 6750.000000004396
2000.000000004509 250 6750.000000004016
2500.000000005541 250 6750.000000003636
3000.000000006357 250 6750.000000003257
3500.000000004862 250 6750.000000002875
4000.000000003649 250 6750.000000002494
4500.00000000198 250 6750.000000002114
-4500.000000001981 250 6625.000000009276
-4000.000000003804 250 6625.000000008852
-3500.000000005401 250 6625.000000008424
-3000.000000006394 250 6625.000000007998
-2500.000000004703 250 6625.000000007567
-2000.000000002904 250 6625.000000007141
-1500.000000001104 250 6625.00000000671
-999.9999999993051 250 6625.000000006286
-499.9999999981164 250 6625.000000005858
2.857404979295097e-09 250 6625.000000005431
500.0000000024688 250 6625.000000005004
1000.000000002329 250 6625.000000004576
1500.000000003389 250 6625.000000004151
2000.00000000445 250 6625.000000003721
2500.00000000551 250 6625.000000003296
3000.000000006359 250 6625.000000002866
3500.000000004882 250 6625.00000000244
4000.000000003654 250 6625.000000002011
4500.000000001981 250 6625.000000001586
-4500.000000001983 250 6500.000000009591
-4000.0000000038 250 6500.000000009118
-3500.000000005382 250 6500.000000008643
-3000.000000006392 250 6500.000000008167
-2500.000000004734 250 6500.000000007694
-2000.000000002964 250 6500.00000000722
-1500.000000001193 250 6500.000000006745
-999.9999999994213 250 6500.000000006272
-499.999999998284 250 6500.000000005798
2.637534635141492e-09 250 6500.000000005324
500.0000000023022 250 6500.000000004848
1000.000000002213 250 6500.000000004375
1500.000000003301 250 6500.0000000039
2000.00000000439 250 6500.000000003427
2500.000000005479 250 6500.000000002952
3000.00000000636 250 6500.000000002479
3500.000000004901 250 6500.000000002005
4000.000000003661 250 6500.000000001531
4500.000000001981 250 6500.000000001057
-4500.000000001981 250 6375.0000000099
-4000.000000003792 250 6375.000000009381
-3500.000000005361 250 6375.00000000886
-3000.000000006393 250 6375.000000008341
-2500.000000004764 250 6375.000000007818
-2000.000000003023 250 6375.000000007296
-1500.00000000128 250 6375.000000006776
-999.999999999538 250 6375.000000006256
-499.9999999984509 250 6375.000000005733
2.41789166466333e-09 250 6375.000000005215
500.0000000021344 250 6375.000000004693
1000.000000002097 250 6375.000000004171
1500.000000003213 250 6375.000000003651
2000.000000004331 250 6375.00000000313
2500.000000005448 250 6375.00000000261
3000.000000006361 250 6375.000000002089
3500.000000004922 250 6375.000000001567
4000.000000003666 250 6375.000000001046
4500.00000000198 250 6375.000000000525
-4500.000000001979 250 6250.000000010215
-4000.000000003786 250 6250.000000009647
-3500.000000005342 250 6250.000000009079
-3000.000000006391 250 6250.000000008511
-2500.000000004796 250 6250.000000007944
-2000.000000003082 250 6250.000000007376
-1500.000000001368 250 6250.000000006808
-999.9999999996537 250 6250.000000006242
-499.9999999986183 250 6250.000000005675
2.198476067860611e-09 250 6250.000000005109
500.000000001967 250 6250.000000004537
1000.00000000198 250 6250.000000003971
1500.000000003126 250 6250.000000003404
2000.000000004271 250 6250.000000002835
2500.000000005416 250 6250.000000002269
3000.000000006363 250 6250.000000001701
3500.000000004941 250 6250.000000001133
4000.000000003672 250 6250.000000000565
4500.000000001981 250 6249.999999999997
-4500.000000001983 250 6125.000000010529
-4000.000000003782 250 6125.000000009913
-3500.000000005322 250 6125.000000009299
-3000.00000000639 250 6125.000000008686
-2500.000000004827 250 6125.000000008071
-2000.000000003142 250 6125.000000007457
-1500.000000001457 250 6125.000000006841
-999.9999999997699 250 6125.000000006226
-499.9999999987856 250 6125.000000005613
1.978150976356119e-09 250 6125.000000004999
500.0000000017992 250 6125.000000004384
1000.000000001863 250 6125.000000003771
1500.000000003038 250 6125.000000003154
2000.000000004212 250 6125.000000002539
2500.000000005386 250 6125.000000001928
3000.000000006365 250 6125.000000001313
3500.000000004961 250 6125.000000000698
4000.000000003677 250 6125.000000000084
4500.000000001981 250 6124.999999999469
-4500.000000001982 250 6000.000000010839
-4000.000000003776 250 6000.00000001018
-3500.000000005302 250 6000.000000009519
-3000.000000006387 250 6000.000000008857
-2500.000000004858 250 6000.000000008196
-2000.000000003201 250 6000.000000007536
-1500.000000001543 250 6000.000000006873
-999.9999999998863 250 6000.000000006213
-499.9999999989534 250 6000.000000005551
1.7587353795534e-09 250 6000.00000000489
500.0000000016321 250 6000.00000000423
1000.000000001748 250 6000.000000003569
1500.00000000295 250 6000.000000002906
2000.000000004153 250 6000.000000002246
2500.000000005355 250 6000.000000001586
3000.000000006366 250 6000.000000000923
3500.000000004981 250 6000.000000000263
4000.000000003684 250 5999.999999999601
4500.000000001981 250 5999.99999999894
-4500.000000001982 250 5875.000000011151
-4000.00000000377 250 5875.000000010444
-3500.000000005282 250 5875.000000009737
-3000.000000006387 250 5875.000000009029
-2500.00000000489 250 5875.00000000832
-2000.00000000326 250 5875.000000007612
-1500.000000001631 250 5875.000000006906
-1000.000000000003 250 5875.000000006195
-499.9999999991205 250 5875.000000005492
1.538410288048908e-09 250 5875.000000004783
500.0000000014645 250 5875.000000004074
1000.000000001631 250 5875.000000003366
1500.000000002862 250 5875.000000002658
2000.000000004094 250 5875.000000001951
2500.000000005324 250 5875.000000001241
3000.000000006367 250 5875.000000000536
3500.000000005002 250 5874.999999999826
4000.000000003689 250 5874.999999999119
4500.000000001981 250 5874.999999998412
-4500.000000001981 250 5750.000000011465
-4000.000000003763 250 5750.000000010709
-3500.000000005262 250 5750.000000009956
-3000.000000006385 250 5750.0000000092
-2500.000000004921 250 5750.000000008446
-2000.000000003321 250 5750.000000007691
-1500.00000000172 250 5750.000000006936
-1000.000000000119 250 5750.000000006183
-499.9999999992881 250 5750.000000005428
1.318767317570746e-09 250 5750.000000004675
500.0000000012972 250 5750.000000003918
1000.000000001515 250 5750.000000003165
1500.000000002774 250 5750.00000000241
2000.000000004034 250 5750.000000001655
2500.000000005292 250 5750.0000000009
3000.000000006368 250 5750.000000000146
3500.000000005022 250 5749.999999999392
4000.000000003696 250 5749.999999998636
4500.000000001981 250 5749.999999997884
-4500.000000001982 250 5625.000000011778
-4000.000000003759 250 5625.000000010978
-3500.000000005243 250 5625.000000010175
-3000.000000006384 250 5625.000000009373
-2500.000000004952 250 5625.000000008572
-2000.00000000338 250 5625.000000007771
-1500.000000001807 250 5625.00000000697
-1000.000000000236 250 5625.000000006168
-499.999999999455 250 5625.000000005366
1.099124347092584e-09 250 5625.000000004565
500.00000000113 250 5625.000000003765
1000.000000001399 250 5625.000000002962
1500.000000002686 250 5625.00000000216
2000.000000003975 250 5625.00000000136
2500.000000005262 250 5625.000000000559
3000.00000000637 250 5624.999999999757
3500.000000005041 250 5624.999999998955
4000.000000003701 250 5624.999999998155
4500.000000001981 250 5624.999999997352
-4500.000000001982 250 5500.00000001209
-4000.000000003752 250 5500.00000001124
-3500.000000005222 250 5500.000000010396
-3000.000000006382 250 5500.000000009548
-2500.000000004983 250 5500.000000008697
-2000.000000003439 250 5500.00000000785
-1500.000000001894 250 5500.000000007002
-1000.000000000352 250 5500.000000006153
-499.9999999996226 250 5500.000000005306
8.790266292635351e-10 250 5500.000000004457
500.0000000009622 250 5500.00000000361
1000.000000001282 250 5500.000000002762
1500.000000002599 250 5500.000000001915
2000.000000003915 250 5500.000000001065
2500.00000000523 250 5500.000000000217
3000.000000006371 250 5499.999999999368
3500.000000005062 250 5499.99999999852
4000.000000003707 250 5499.999999997673
4500.000000001981 250 5499.999999996826
-4500.000000001981 250 5375.000000012402
-4000.000000003745 250 5375.000000011507
-3500.000000005202 250 5375.00000001061
-3000.000000006382 250 5375.000000009718
-2500.000000005014 250 5375.000000008824
-2000.000000003498 250 5375.00000000793
-1500.000000001984 250 5375.000000007032
-1000.000000000469 250 5375.000000006139
-499.9999999997906 250 5375.000000005243
6.591562851099297e-10 250 5375.000000004347
500.0000000007949 250 5375.000000003453
1000.000000001166 250 5375.000000002557
1500.00000000251 250 5375.000000001664
2000.000000003855 250 5375.000000000768
2500.0000000052 250 5374.999999999874
3000.000000006373 250 5374.99999999898
3500.000000005082 250 5374.999999998085
4000.000000003713 250 5374.99999999719
4500.00000000198 250 5374.999999996296
-4500.000000001982 250 5250.000000012714
-4000.000000003741 250 5250.000000011774
-3500.000000005182 250 5250.000000010831
-3000.00000000638 250 5250.000000009893
-2500.000000005046 250 5250.00000000895
-2000.000000003558 250 5250.000000008007
-1500.000000002071 250 5250.000000007067
-1000.000000000584 250 5250.000000006125
-499.9999999999577 250 5250.000000005184
4.397406883072108e-10 250 5250.000000004241
500.0000000006273 250 5250.000000003301
1000.00000000105 250 5250.000000002359
1500.000000002423 250 5250.000000001417
2000.000000003796 250 5250.000000000477
2500.000000005168 250 5249.999999999534
3000.000000006374 250 5249.999999998592
3500.000000005102 250 5249.999999997652
4000.000000003718 250 5249.999999996709
4500.000000001981 250 5249.999999995768
-4500.000000001982 250 5125.000000013027
-4000.000000003735 250 5125.000000012038
-3500.000000005161 250 5125.000000011049
-3000.000000006378 250 5125.000000010062
-2500.000000005075 250 5125.000000009073
-2000.000000003618 250 5125.000000008086
-1500.000000002159 250 5125.000000007099
-1000.000000000701 250 5125.000000006108
-500.0000000001253 250 5125.00000000512
2.196429704781622e-10 250 5125.000000004132
500.0000000004604 250 5125.000000003141
1000.000000000933 250 5125.000000002156
1500.000000002335 250 5125.000000001167
2000.000000003737 250 5125.000000000179
2500.000000005137 250 5124.999999999191
3000.000000006375 250 5124.999999998202
3500.000000005122 250 5124.999999997214
4000.000000003724 250 5124.999999996227
4500.000000001981 250 5124.999999995236
-4500.000000001982 250 5000.00000001318
-4000.00000000373 250 5000.000000012162
-3500.000000005141 250 5000.000000011145
-3000.000000006376 250 5000.000000010127
-2500.000000005107 250 5000.000000009109
-2000.000000003677 250 5000.000000008093
-1500.000000002246 250 5000.000000007078
-1000.000000000817 250 5000.000000006059
-500.0000000002924 250 5000.000000005042
2.273736754432321e-13 250 5000.000000004025
500.0000000002926 250 5000.000000003007
1000.000000000817 250 5000.00000000199
1500.000000002246 250 5000.000000000973
2000.000000003678 250 4999.999999999955
2500.000000005106 250 4999.999999998938
3000.000000006376 250 4999.99999999792
3500.000000005142 250 4999.999999996902
4000.00000000373 250 4999.999999995886
4500.000000001981 250 4999.999999994869
-4500.000000001981 250 4875.000000012631
-4000.000000003723 250 4875.000000011662
-3500.000000005122 250 4875.000000010697
-3000.000000006376 250 4875.000000009727
-2500.000000005138 250 4875.000000008758
-2000.000000003737 250 4875.000000007792
-1500.000000002335 250 4875.000000006821
-1000.000000000933 250 4875.000000005854
-500.0000000004597 250 4875.000000004886
-2.196429704781622e-10 250 4875.000000003916
500.0000000001253 250 4875.000000002949
1000.000000000701 250 4875.000000001981
1500.000000002159 250 4875.000000001013
2000.000000003618 250 4875.000000000044
2500.000000005076 250 4874.999999999077
3000.000000006378 250 4874.999999998109
3500.000000005162 250 4874.999999997139
4000.000000003735 250 4874.999999996172
4500.000000001981 250 4874.999999995203
-4500.000000001983 250 4750.000000011923
-4000.000000003718 250 4750.00000001102
-3500.000000005102 250 4750.000000010118
-3000.000000006374 250 4750.000000009217
-2500.000000005168 250 4750.000000008316
-2000.000000003795 250 4750.000000007414
-1500.000000002422 250 4750.000000006514
-1000.00000000105 250 4750.000000005613
-500.0000000006271 250 4750.000000004712
-4.397406883072108e-10 250 4750.000000003809
499.9999999999579 250 4750.000000002909
1000.000000000585 250 4750.000000002008
1500.000000002071 250 4750.000000001107
2000.000000003558 250 4750.000000000206
2500.000000005045 250 4749.999999999305
3000.000000006379 250 4749.999999998403
3500.000000005182 250 4749.999999997501
4000.000000003742 250 4749.999999996598
4500.000000001981 250 4749.9999999957
-4500.000000001982 250 4625.00000001121
-4000.000000003712 250 4625.000000010377
-3500.000000005081 250 4625.000000009542
-3000.000000006373 250 4625.000000008705
-2500.0000000052 250 4625.000000007873
-2000.000000003855 250 4625.000000007039
-1500.00000000251 250 4625.000000006205
-1000.000000001166 250 4625.000000005371
-500.0000000007947 250 4625.000000004537
-6.59383658785373e-10 250 4625.000000003703
499.9999999997904 250 4625.000000002869
1000.000000000468 250 4625.000000002033
1500.000000001983 250 4625.000000001201
2000.000000003499 250 4625.000000000367
2500.000000005013 250 4624.999999999531
3000.000000006381 250 4624.999999998697
3500.000000005202 250 4624.999999997863
4000.000000003747 250 4624.999999997028
4500.000000001981 250 4624.999999996195
-4500.000000001981 250 4500.0000000105
-4000.000000003706 250 4500.000000009735
-3500.000000005062 250 4500.000000008968
-3000.000000006371 250 4500.000000008199
-2500.000000005231 250 4500.000000007431
-2000.000000003915 250 4500.000000006665
-1500.000000002599 250 4500.000000005898
-1000.000000001282 250 4500.000000005131
-500.0000000009624 250 4500.000000004363
-8.790266292635351e-10 250 4500.000000003595
499.9999999996232 250 4500.000000002829
1000.000000000352 250 4500.000000002061
1500.000000001895 250 4500.000000001294
2000.000000003439 250 4500.000000000525
2500.000000004982 250 4499.999999999759
3000.000000006382 250 4499.999999998991
3500.000000005222 250 4499.999999998224
4000.000000003753 250 4499.999999997456
4500.000000001981 250 4499.999999996691
-4500.000000001983 250 4375.000000009792
-4000.000000003701 250 4375.000000009093
-3500.000000005042 250 4375.00000000839
-3000.000000006371 250 4375.00000000769
-2500.000000005261 250 4375.000000006991
-2000.000000003974 250 4375.00000000629
-1500.000000002686 250 4375.00000000559
-1000.000000001399 250 4375.000000004889
-500.0000000011297 250 4375.000000004188
-1.099124347092584e-09 250 4375.000000003488
499.9999999994557 250 4375.00000000279
1000.000000000236 250 4375.000000002087
1500.000000001807 250 4375.00000000139
2000.00000000338 250 4375.000000000688
2500.000000004951 250 4374.999999999987
3000.000000006384 250 4374.999999999286
3500.000000005242 250 4374.999999998586
4000.000000003759 250 4374.999999997885
4500.00000000198 250 4374.999999997185
-4500.000000001982 250 4250.000000009082
-4000.000000003694 250 4250.000000008448
-3500.000000005023 250 4250.000000007815
-3000.000000006369 250 4250.00000000718
-2500.000000005292 250 4250.000000006549
-2000.000000004034 250 4250.000000005915
-1500.000000002774 250 4250.000000005282
-1000.000000001515 250 4250.000000004648
-500.0000000012969 250 4250.000000004015
-1.318767317570746e-09 250 4250.000000003381
499.9999999992885 250 4250.000000002748
1000.000000000119 250 4250.000000002115
1500.000000001719 250 4250.000000001482
2000.00000000332 250 4250.000000000847
2500.00000000492 250 4250.000000000214
3000.000000006385 250 4249.999999999581
3500.000000005262 250 4249.999999998946
4000.000000003764 250 4249.999999998313
4500.000000001981 250 4249.99999999768
-4500.000000001982 250 4125.00000000837
-4000.000000003688 250 4125.000000007802
-3500.000000005002 250 4125.000000007233
-3000.000000006367 250 4125.000000006666
-2500.000000005325 250 4125.000000006095
-2000.000000004093 250 4125.000000005529
-1500.000000002863 250 4125.000000004961
-1000.000000001631 250 4125.000000004392
-500.0000000014644 250 4125.000000003823
-1.538410288048908e-09 250 4125.000000003255
499.9999999991212 250 4125.000000002687
1000.000000000003 250 4125.000000002119
1500.000000001632 250 4125.000000001553
2000.000000003261 250 4125.000000000982
2500.000000004889 250 4125.000000000414
3000.000000006386 250 4124.999999999846
3500.000000005282 250 4124.999999999279
4000.000000003771 250 4124.99999999871
4500.000000001981 250 4124.999999998142
-4500.000000001979 250 4000.000000007637
-4000.000000003683 250 4000.000000007115
-3500.000000004982 250 4000.000000006594
-3000.000000006365 250 4000.00000000607
-2500.000000005356 250 4000.000000005547
-2000.000000004153 250 4000.000000005025
-1500.000000002949 250 4000.000000004502
-1000.000000001747 250 4000.000000003979
-500.0000000016314 250 4000.000000003457
-1.758508005877957e-09 250 4000.000000002934
499.9999999989534 250 4000.000000002412
999.9999999998863 250 4000.000000001889
1500.000000001543 250 4000.000000001366
2000.000000003202 250 4000.000000000845
2500.000000004859 250 4000.000000000322
3000.000000006387 250 3999.9999999998
3500.000000005303 250 3999.999999999276
4000.000000003776 250 3999.999999998753
4500.000000001981 250 3999.999999998231
-4500.000000001979 250 3875.0000000069
-4000.000000003678 250 3875.000000006415
-3500.000000004963 250 3875.000000005931
-3000.000000006366 250 3875.000000005447
-2500.000000005387 250 3875.000000004964
-2000.000000004212 250 3875.000000004479
-1500.000000003038 250 3875.000000003995
-1000.000000001864 250 3875.000000003512
-500.0000000017989 250 3875.000000003027
-1.978264663193841e-09 250 3875.000000002542
499.9999999987867 250 3875.00000000206
999.9999999997701 250 3875.000000001575
1500.000000001456 250 3875.00000000109
2000.000000003142 250 3875.000000000606
2500.000000004828 250 3875.000000000123
3000.000000006389 250 3874.999999999638
3500.000000005322 250 3874.999999999155
4000.000000003782 250 3874.999999998671
4500.00000000198 250 3874.999999998187
-4500.000000001979 250 3750.00000000616
-4000.000000003672 250 3750.000000005715
-3500.000000004942 250 3750.00000000527
-3000.000000006364 250 3750.000000004825
-2500.000000005418 250 3750.000000004378
-2000.000000004272 250 3750.000000003934
-1500.000000003126 250 3750.000000003487
-1000.00000000198 250 3750.000000003042
-500.0000000019662 250 3750.000000002597
-2.197793946834281e-09 250 3750.000000002151
499.9999999986192 250 3750.000000001705
999.9999999996537 250 3750.00000000126
1500.000000001368 250 3750.000000000815
2000.000000003083 250 3750.00000000037
2500.000000004797 250 3749.999999999925
3000.00000000639 250 3749.999999999478
3500.000000005342 250 3749.999999999032
4000.000000003787 250 3749.999999998588
4500.00000000198 250 3749.999999998142
-4500.000000001982 250 3625.000000005423
-4000.000000003665 250 3625.000000005015
-3500.000000004921 250 3625.000000004609
-3000.000000006362 250 3625.000000004201
-2500.000000005449 250 3625.000000003794
-2000.000000004331 250 3625.000000003387
-1500.000000003214 250 3625.000000002981
-1000.000000002096 250 3625.000000002574
-500.0000000021334 250 3625.000000002167
-2.417777977825608e-09 250 3625.000000001759
499.9999999984515 250 3625.000000001353
999.999999999538 250 3625.000000000946
1500.00000000128 250 3625.000000000539
2000.000000003023 250 3625.000000000132
2500.000000004765 250 3624.999999999725
3000.000000006392 250 3624.999999999318
3500.000000005362 250 3624.999999998911
4000.000000003794 250 3624.999999998503
4500.000000001981 250 3624.999999998097
-4500.000000001983 250 3500.000000004686
-4000.000000003659 250 3500.000000004316
-3500.000000004901 250 3500.000000003947
-3000.00000000636 250 3500.000000003579
-2500.00000000548 250 3500.000000003211
-2000.00000000439 250 3500.000000002843
-1500.000000003301 250 3500.000000002474
-1000.000000002213 250 3500.000000002106
-500.000000002301 250 3500.000000001738
-2.637648321979214e-09 250 3500.000000001369
499.9999999982845 250 3500.000000001
999.9999999994213 250 3500.000000000632
1500.000000001192 250 3500.000000000263
2000.000000002963 250 3499.999999999895
2500.000000004733 250 3499.999999999527
3000.000000006393 250 3499.999999999158
3500.000000005382 250 3499.999999998789
4000.0000000038 250 3499.999999998422
4500.000000001981 250 3499.999999998052
-4500.00000000198 250 3375.000000003946
-4000.000000003654 250 3375.000000003616
-3500.000000004881 250 3375.000000003287
-3000.000000006361 250 3375.000000002957
-2500.000000005511 250 3375.000000002626
-2000.00000000445 250 3375.000000002296
-1500.00000000339 250 3375.000000001967
-1000.000000002329 250 3375.000000001636
-500.0000000024688 250 3375.000000001307
-2.857632352970541e-09 250 3375.000000000977
499.9999999981163 250 3375.000000000647
999.9999999993054 250 3375.000000000317
1500.000000001104 250 3374.999999999987
2000.000000002904 250 3374.999999999657
2500.000000004703 250 3374.999999999327
3000.000000006395 250 3374.999999998997
3500.000000005402 250 3374.999999998668
4000.000000003805 250 3374.999999998337
4500.000000001981 250 3374.999999998007
-4500.000000001979 250 3250.000000003209
-4000.000000003649 250 3250.000000002917
-3500.000000004862 250 3250.000000002626
-3000.000000006359 250 3250.000000002335
-2500.000000005542 250 3250.000000002043
-2000.000000004509 250 3250.000000001751
-1500.000000003477 250 3250.000000001459
-1000.000000002446 250 3250.000000001168
-500.0000000026363 250 3250.000000000876
-3.077389010286424e-09 250 3250.000000000585
499.9999999979489 250 3250.000000000295
999.9999999991882 250 3250.000000000003
1500.000000001016 250 3249.99999999971
2000.000000002844 250 3249.999999999421
2500.000000004671 250 3249.999999999129
3000.000000006396 250 3249.999999998837
3500.000000005423 250 3249.999999998545
4000.000000003811 250 3249.999999998253
4500.00000000198 250 3249.999999997962
-4500.00000000198 250 3125.000000002469
-4000.000000003643 250 3125.000000002217
-3500.000000004843 250 3125.000000001965
-3000.000000006356 250 3125.000000001712
-2500.000000005572 250 3125.000000001458
-2000.00000000457 250 3125.000000001205
-1500.000000003566 250 3125.000000000953
-1000.000000002562 250 3125.0000000007
-500.0000000028035 250 3125.000000000447
-3.296918293926865e-09 250 3125.000000000195
499.9999999977813 250 3124.999999999942
999.9999999990724 250 3124.999999999688
1500.000000000929 250 3124.999999999436
2000.000000002785 250 3124.999999999183
2500.000000004641 250 3124.99999999893
3000.000000006397 250 3124.999999998677
3500.000000005442 250 3124.999999998424
4000.000000003817 250 3124.999999998171
4500.000000001981 250 3124.999999997918
-4500.000000001981 250 3000.000000001732
-4000.000000003635 250 3000.000000001518
-3500.000000004822 250 3000.000000001303
-3000.000000006356 250 3000.00000000109
-2500.000000005603 250 3000.000000000874
-2000.000000004628 250 3000.000000000659
-1500.000000003653 250 3000.000000000446
-1000.000000002678 250 3000.000000000231
-500.000000002971 250 3000.000000000017
-3.516902324918192e-09 250 2999.999999999803
499.9999999976142 250 2999.999999999588
999.999999998956 250 2999.999999999374
1500.00000000084 250 2999.999999999159
2000.000000002726 250 2999.999999998945
2500.00000000461 250 2999.999999998731
3000.000000006398 250 2999.999999998516
3500.000000005462 250 2999.999999998303
4000.000000003823 250 2999.999999998087
4500.00000000198 250 2999.999999997873
-4500.000000001981 250 2875.000000000993
-4000.00000000363 250 2875.000000000819
-3500.000000004803 250 2875.000000000643
-3000.000000006355 250 2875.000000000467
-2500.000000005635 250 2875.00000000029
-2000.000000004688 250 2875.000000000115
-1500.000000003741 250 2874.999999999939
-1000.000000002794 250 2874.999999999763
-500.0000000031382 250 2874.999999999586
-3.736658982234076e-09 250 2874.999999999412
499.9999999974467 250 2874.999999999235
999.9999999988396 250 2874.99999999906
1500.000000000753 250 2874.999999998884
2000.000000002667 250 2874.999999998708
2500.000000004578 250 2874.999999998532
3000.000000006399 250 2874.999999998356
3500.000000005482 250 2874.99999999818
4000.000000003828 250 2874.999999998005
4500.000000001981 250 2874.999999997829
-4500.00000000198 250 2750.000000000255
-4000.000000003625 250 2750.000000000117
-3500.000000004781 250 2749.99999999998
-3000.000000006353 250 2749.999999999843
-2500.000000005665 250 2749.999999999705
-2000.000000004746 250 2749.999999999568
-1500.000000003828 250 2749.999999999431
-1000.000000002911 250 2749.999999999293
-500.0000000033058 250 2749.999999999156
-3.956301952712238e-09 250 2749.999999999019
499.9999999972795 250 2749.999999998881
999.9999999987234 250 2749.999999998744
1500.000000000665 250 2749.999999998608
2000.000000002607 250 2749.99999999847
2500.000000004547 250 2749.999999998332
3000.000000006401 250 2749.999999998195
3500.000000005502 250 2749.999999998058
4000.000000003835 250 2749.99999999792
4500.00000000198 250 2749.999999997784
-4500.000000001981 250 2624.999999999517
-4000.000000003619 250 2624.999999999418
-3500.000000004761 250 2624.99999999932
-3000.000000006351 250 2624.999999999219
-2500.000000005696 250 2624.999999999121
-2000.000000004807 250 2624.999999999023
-1500.000000003916 250 2624.999999998925
-1000.000000003027 250 2624.999999998825
-500.0000000034735 250 2624.999999998727
-4.176513357379008e-09 250 2624.999999998628
499.9999999971122 250 2624.999999998529
999.9999999986073 250 2624.99999999843
1500.000000000577 250 2624.999999998332
2000.000000002547 250 2624.999999998233
2500.000000004517 250 2624.999999998134
3000.000000006403 250 2624.999999998035
3500.000000005522 250 2624.999999997937
4000.00000000384 250 2624.999999997837
4500.000000001981 250 2624.999999997739
-4500.00000000198 250 2499.999999998779
-4000.000000003614 250 2499.999999998719
-3500.000000004741 250 2499.999999998658
-3000.00000000635 250 2499.999999998598
-2500.000000005728 250 2499.999999998538
-2000.000000004866 250 2499.999999998478
-1500.000000004005 250 2499.999999998417
-1000.000000003143 250 2499.999999998357
-500.0000000036407 250 2499.999999998297
-4.396042641019449e-09 250 2499.999999998236
499.9999999969446 250 2499.999999998176
999.999999998491 250 2499.999999998116
1500.00000000049 250 2499.999999998056
2000.000000002488 250 2499.999999997995
2500.000000004486 250 2499.999999997935
3000.000000006404 250 2499.999999997875
3500.000000005542 250 2499.999999997814
4000.000000003845 250 2499.999999997754
4500.00000000198 250 2499.999999997694
-4500.000000001979 250 2374.99999999804
-4000.000000003607 250 2374.999999998019
-3500.000000004721 250 2374.999999997998
-3000.000000006349 250 2374.999999997975
-2500.00000000576 250 2374.999999997954
-2000.000000004925 250 2374.999999997931
-1500.000000004092 250 2374.99999999791
-1000.00000000326 250 2374.999999997889
-500.0000000038083 250 2374.999999997867
-4.615571924659889e-09 250 2374.999999997845
499.9999999967774 250 2374.999999997823
999.9999999983739 250 2374.999999997801
1500.000000000402 250 2374.999999997779
2000.000000002429 250 2374.999999997757
2500.000000004455 250 2374.999999997736
3000.000000006405 250 2374.999999997714
3500.000000005562 250 2374.999999997692
4000.000000003852 250 2374.99999999767
4500.00000000198 250 2374.999999997648
-4500.000000001982 250 2249.999999997302
-4000.000000003603 250 2249.99999999732
-3500.000000004701 250 2249.999999997336
-3000.000000006347 250 2249.999999997352
-2500.000000005791 250 2249.99999999737
-2000.000000004985 250 2249.999999997386
-1500.00000000418 250 2249.999999997403
-1000.000000003376 250 2249.99999999742
-500.0000000039751 250 2249.999999997436
-4.835783329326659e-09 250 2249.999999997453
499.9999999966099 250 2249.99999999747
999.9999999982582 250 2249.999999997487
1500.000000000313 250 2249.999999997503
2000.000000002369 250 2249.99999999752
2500.000000004423 250 2249.999999997536
3000.000000006406 250 2249.999999997553
3500.000000005582 250 2249.99999999757
4000.000000003857 250 2249.999999997587
4500.000000001981 250 2249.999999997603
-4500.000000001979 250 2124.999999996563
-4000.000000003596 250 2124.999999996618
-3500.000000004682 250 2124.999999996674
-3000.000000006346 250 2124.999999996729
-2500.000000005821 250 2124.999999996784
-2000.000000005045 250 2124.99999999684
-1500.000000004268 250 2124.999999996895
-1000.000000003492 250 2124.99999999695
-500.0000000041427 250 2124.999999997005
-5.0553126129671e-09 250 2124.999999997061
499.9999999964427 250 2124.999999997116
999.9999999981425 250 2124.999999997171
1500.000000000225 250 2124.999999997227
2000.00000000231 250 2124.999999997282
2500.000000004392 250 2124.999999997336
3000.000000006408 250 2124.999999997393
3500.000000005603 250 2124.999999997448
4000.000000003864 250 2124.999999997503
4500.00000000198 250 2124.999999997558
-4500.00000000198 250 1999.999999995833
-4000.000000003589 250 1999.999999995935
-3500.000000004662 250 1999.999999996037
-3000.000000006343 250 1999.999999996139
-2500.000000005852 250 1999.99999999624
-2000.000000005104 250 1999.999999996342
-1500.000000004356 250 1999.999999996444
-1000.000000003608 250 1999.999999996546
-500.0000000043103 250 1999.999999996648
-5.275126113701845e-09 250 1999.999999996749
499.9999999962756 250 1999.999999996851
999.9999999980259 250 1999.999999996953
1500.000000000137 250 1999.999999997054
2000.000000002251 250 1999.999999997156
2500.000000004362 250 1999.999999997258
3000.000000006409 250 1999.99999999736
3500.000000005622 250 1999.999999997461
4000.000000003869 250 1999.999999997563
4500.000000001981 250 1999.999999997665
-4500.000000001979 250 1874.999999995109
-4000.000000003584 250 1874.999999995264
-3500.00000000464 250 1874.999999995418
-3000.000000006343 250 1874.999999995573
-2500.000000005884 250 1874.999999995727
-2000.000000005163 250 1874.999999995882
-1500.000000004444 250 1874.999999996036
-1000.000000003725 250 1874.999999996191
-500.000000004477 250 1874.999999996345
-5.495166988112032e-09 250 1874.999999996499
499.9999999961074 250 1874.999999996654
999.9999999979094 250 1874.999999996809
1500.00000000005 250 1874.999999996963
2000.00000000219 250 1874.999999997118
2500.00000000433 250 1874.999999997271
3000.000000006411 250 1874.999999997427
3500.000000005642 250 1874.999999997581
4000.000000003874 250 1874.999999997735
4500.000000001981 250 1874.99999999789
-4500.00000000198 250 1749.999999995127
-4000.000000003579 250 1749.999999995296
-3500.000000004622 250 1749.999999995464
-3000.000000006342 250 1749.999999995632
-2500.000000005914 250 1749.9999999958
-2000.000000005223 250 1749.999999995968
-1500.000000004532 250 1749.999999996136
-1000.000000003841 250 1749.999999996304
-500.0000000046447 250 1749.999999996473
-5.714582584914751e-09 250 1749.99999999664
499.9999999959404 250 1749.999999996809
999.9999999977931 250 1749.999999996977
1499.999999999962 250 1749.999999997145
2000.000000002132 250 1749.999999997313
2500.000000004299 250 1749.999999997481
3000.000000006412 250 1749.999999997649
3500.000000005663 250 1749.999999997817
4000.00000000388 250 1749.999999997985
4500.000000001981 250 1749.999999998154
-4500.00000000198 250 1624.999999995484
-4000.000000003574 250 1624.999999995648
-3500.0000000046 250 1624.999999995812
-3000.00000000634 250 1624.999999995975
-2500.000000005945 250 1624.99999999614
-2000.000000005282 250 1624.999999996304
-1500.00000000462 250 1624.999999996468
-1000.000000003957 250 1624.999999996632
-500.0000000048123 250 1624.999999996796
-5.934452929068357e-09 250 1624.99999999696
499.9999999957728 250 1624.999999997123
999.9999999976765 250 1624.999999997287
1499.999999999874 250 1624.999999997452
2000.000000002073 250 1624.999999997615
2500.000000004268 250 1624.999999997779
3000.000000006414 250 1624.999999997943
3500.000000005682 250 1624.999999998107
4000.000000003886 250 1624.999999998271
4500.000000001981 250 1624.999999998435
-4500.00000000198 250 1499.99999999584
-4000.000000003567 250 1499.999999996
-3500.000000004581 250 1499.999999996159
-3000.000000006339 250 1499.999999996319
-2500.000000005976 250 1499.999999996479
-2000.000000005341 250 1499.999999996639
-1500.000000004708 250 1499.999999996799
-1000.000000004075 250 1499.999999996958
-500.0000000049795 250 1499.999999997118
-6.154436960059684e-09 250 1499.999999997278
499.9999999956053 250 1499.999999997438
999.9999999975605 250 1499.999999997598
1499.999999999786 250 1499.999999997758
2000.000000002012 250 1499.999999997918
2500.000000004237 250 1499.999999998078
3000.000000006414 250 1499.999999998237
3500.000000005703 250 1499.999999998397
4000.000000003893 250 1499.999999998557
4500.000000001981 250 1499.999999998717
-4500.00000000198 250 1374.999999996196
-4000.000000003561 250 1374.999999996352
-3500.000000004561 250 1374.999999996507
-3000.000000006338 250 1374.999999996663
-2500.000000006008 250 1374.999999996819
-2000.000000005401 250 1374.999999996974
-1500.000000004796 250 1374.999999997131
-1000.00000000419 250 1374.999999997286
-500.0000000051471 250 1374.999999997442
-6.374023087118985e-09 250 1374.999999997597
499.9999999954379 250 1374.999999997753
999.9999999974441 250 1374.999999997909
1499.999999999698 250 1374.999999998065
2000.000000001953 250 1374.99999999822
2500.000000004206 250 1374.999999998376
3000.000000006416 250 1374.999999998532
3500.000000005722 250 1374.999999998687
4000.000000003899 250 1374.999999998843
4500.000000001981 250 1374.999999998998
-4500.000000001979 250 1249.99999999655
-4000.000000003556 250 1249.999999996699
-3500.000000004541 250 1249.999999996848
-3000.000000006336 250 1249.999999996998
-2500.000000006038 250 1249.999999997147
-2000.00000000546 250 1249.999999997296
-1500.000000004883 250 1249.999999997446
-1000.000000004306 250 1249.999999997595
-500.0000000053148 250 1249.999999997744
-6.594177648366895e-09 250 1249.999999997894
499.999999995271 250 1249.999999998043
999.9999999973276 250 1249.999999998192
1499.999999999609 250 1249.999999998342
2000.000000001894 250 1249.999999998491
2500.000000004175 250 1249.999999998641
3000.000000006417 250 1249.99999999879
3500.000000005743 250 1249.999999998939
4000.000000003904 250 1249.999999999088
4500.000000001981 250 1249.999999999238
-4500.000000001979 250 1124.999999996893
-4000.00000000355 250 1124.999999997027
-3500.00000000452 250 1124.99999999716
-3000.000000006334 250 1124.999999997293
-2500.000000006069 250 1124.999999997427
-2000.000000005519 250 1124.99999999756
-1500.000000004971 250 1124.999999997693
-1000.000000004423 250 1124.999999997826
-500.0000000054818 250 1124.999999997959
-6.813763775426196e-09 250 1124.999999998093
499.9999999951037 250 1124.999999998226
999.999999997211 250 1124.999999998359
1499.999999999523 250 1124.999999998492
2000.000000001834 250 1124.999999998625
2500.000000004143 250 1124.999999998759
3000.000000006419 250 1124.999999998892
3500.000000005762 250 1124.999999999025
4000.000000003909 250 1124.999999999158
4500.000000001981 250 1124.999999999292
-4500.000000001981 250 999.9999999972356
-4000.000000003545 250 999.9999999973502
-3500.000000004501 250 999.9999999974652
-3000.000000006333 250 999.9999999975799
-2500.0000000061 250 999.9999999976949
-2000.000000005579 250 999.9999999978099
-1500.00000000506 250 999.9999999979249
-1000.000000004538 250 999.9999999980394
-500.0000000056496 250 999.9999999981543
-7.03354885445151e-09 250 999.9999999982696
499.9999999949359 250 999.9999999983843
999.9999999970951 250 999.999999998499
1499.999999999434 250 999.9999999986139
2000.000000001775 250 999.999999998729
2500.000000004112 250 999.9999999988436
3000.00000000642 250 999.9999999989587
3500.000000005783 250 999.9999999990736
4000.000000003916 250 999.9999999991884
4500.000000001981 250 999.9999999993036
-4500.000000001979 250 874.9999999975771
-4000.000000003537 250 874.9999999976737
-3500.000000004482 250 874.9999999977705
-3000.000000006332 250 874.999999997867
-2500.000000006131 250 874.9999999979634
-2000.00000000564 250 874.9999999980598
-1500.000000005148 250 874.9999999981567
-1000.000000004656 250 874.9999999982531
-500.0000000058167 250 874.9999999983495
-7.253504463733407e-09 250 874.9999999984461
499.9999999947685 250 874.9999999985425
999.9999999969787 250 874.9999999986392
1499.999999999346 250 874.9999999987356
2000.000000001715 250 874.9999999988324
2500.000000004081 250 874.9999999989288
3000.000000006421 250 874.9999999990255
3500.000000005803 250 874.9999999991218
4000.000000003921 250 874.9999999992184
4500.00000000198 250 874.9999999993149
-4500.00000000198 250 749.9999999979192
-4000.000000003532 250 749.9999999979975
-3500.000000004462 250 749.9999999980754
-3000.000000006331 250 749.9999999981537
-2500.000000006161 250 749.9999999982318
-2000.000000005699 250 749.9999999983102
-1500.000000005235 250 749.9999999983884
-1000.000000004772 250 749.9999999984664
-500.0000000059838 250 749.9999999985448
-7.473289542758721e-09 250 749.9999999986229
499.9999999946011 250 749.9999999987011
999.9999999968625 250 749.9999999987791
1499.999999999259 250 749.9999999988573
2000.000000001655 250 749.9999999989356
2500.00000000405 250 749.9999999990138
3000.000000006423 250 749.9999999990921
3500.000000005823 250 749.9999999991702
4000.000000003928 250 749.9999999992484
4500.000000001981 250 749.9999999993267
-4500.00000000198 250 624.999999998262
-4000.000000003527 250 624.999999998323
-3500.000000004441 250 624.9999999983839
-3000.000000006329 250 624.999999998445
-2500.000000006194 250 624.9999999985058
-2000.000000005758 250 624.9999999985666
-1500.000000005322 250 624.9999999986277
-1000.000000004888 250 624.9999999986888
-500.0000000061509 250 624.9999999987497
-7.692818826399161e-09 250 624.9999999988107
499.9999999944331 250 624.9999999988718
999.9999999967461 250 624.9999999989326
1499.999999999171 250 624.9999999989935
2000.000000001596 250 624.9999999990544
2500.00000000402 250 624.9999999991156
3000.000000006425 250 624.9999999991766
3500.000000005842 250 624.9999999992374
4000.000000003932 250 624.9999999992984
4500.000000001981 250 624.9999999993594
-4500.000000001979 250 499.9999999986097
-4000.000000003521 250 499.9999999986584
-3500.000000004421 250 499.9999999987069
-3000.000000006328 250 499.9999999987555
-2500.000000006225 250 499.9999999988042
-2000.000000005818 250 499.9999999988529
-1500.000000005411 250 499.9999999989014
-1000.000000005004 250 499.99999999895
-500.0000000063188 250 499.9999999989988
-7.913030231065932e-09 250 499.9999999990474
499.999999994266 250 499.999999999096
999.9999999966296 250 499.9999999991447
1499.999999999083 250 499.9999999991933
2000.000000001536 250 499.9999999992418
2500.000000003989 250 499.9999999992905
3000.000000006426 250 499.9999999993391
3500.000000005863 250 499.9999999993878
4000.000000003938 250 499.9999999994364
4500.000000001981 250 499.9999999994849
-4500.000000001979 250 374.9999999989587
-4000.000000003516 250 374.9999999989961
-3500.000000004401 250 374.9999999990334
-3000.000000006327 250 374.9999999990708
-2500.000000006256 250 374.9999999991083
-2000.000000005877 250 374.9999999991457
-1500.000000005499 250 374.999999999183
-1000.00000000512 250 374.9999999992204
-500.0000000064867 250 374.9999999992579
-8.132559514706372e-09 250 374.9999999992953
499.9999999940985 250 374.9999999993325
999.9999999965131 250 374.9999999993699
1499.999999998995 250 374.9999999994074
2000.000000001477 250 374.9999999994448
2500.000000003958 250 374.9999999994822
3000.000000006426 250 374.9999999995196
3500.000000005883 250 374.9999999995569
4000.000000003945 250 374.9999999995943
4500.00000000198 250 374.9999999996316
-4500.000000001979 250 249.9999999993072
-4000.000000003508 250 249.9999999993329
-3500.000000004381 250 249.9999999993587
-3000.000000006325 250 249.9999999993844
-2500.000000006288 250 249.99999999941
-2000.000000005936 250 249.9999999994357
-1500.000000005586 250 249.9999999994615
-1000.000000005237 250 249.9999999994872
-500.0000000066537 250 249.9999999995129
-8.352444069714693e-09 250 249.9999999995386
499.9999999939319 250 249.9999999995643
999.9999999963975 250 249.99999999959
1499.999999998906 250 249.9999999996157
2000.000000001417 250 249.9999999996415
2500.000000003926 250 249.9999999996671
3000.000000006428 250 249.9999999996929
3500.000000005903 250 249.9999999997186
4000.00000000395 250 249.9999999997443
4500.000000001981 250 249.99999999977
-4500.000000001979 250 124.9999999996545
-4000.000000003503 250 124.9999999996673
-3500.000000004361 250 124.9999999996801
-3000.000000006323 250 124.9999999996929
-2500.000000006318 250 124.9999999997057
-2000.000000005996 250 124.9999999997185
-1500.000000005674 250 124.9999999997313
-1000.000000005353 250 124.9999999997441
-500.0000000068214 250 124.9999999997569
-8.572353493718765e-09 250 124.9999999997698
499.999999993764 250 124.9999999997825
999.9999999962811 250 124.9999999997953
1499.999999998819 250 124.9999999998082
2000.000000001358 250 124.999999999821
2500.000000003895 250 124.9999999998338
3000.00000000643 250 124.9999999998466
3500.000000005923 250 124.9999999998595
4000.000000003956 250 124.9999999998722
4500.000000001981 250 124.999999999885
3 1 0 0
$EndNodes
$Elements
7 5000 1 5000
2 12 3 1600
1 4 126 401 125 
2 125 401 402 124 
3 124 402 403 123 
4 123 403 404 122 
5 122 404 405 121 
6 121 405 406 120 
7 120 406 407 119 
8 119 407 408 118 
9 118 408 409 117 
10 117 409 410 116 
11 116 410 411 115 
12 115 411 412 114 
13 114 412 413 113 
14 113 413 414 112 
15 112 414 415 111 
16 111 415 416 110 
17 110 416 417 109 
18 109 417 418 108 
19 108 418 419 107 
20 107 419 106 3 
21 126 127 420 401 
22 401 420 421 402 
23 402 421 422 403 
24 403 422 423 404 
25 404 423 424 405 
26 405 424 425 406 
27 406 425 426 407 
28 407 426 427 408 
29 408 427 428 409 
30 409 428 429 410 
31 410 429 430 411 
32 411 430 431 412 
33 412 431 432 413 
34 413 432 433 414 
35 414 433 434 415 
36 415 434 435 416 
37 416 435 436 417 
38 417 436 437 418 
39 418 437 438 419 
40 419 438 105 106 
41 127 128 439 420 
42 420 439 440 421 
43 421 440 441 422 
44 422 441 442 423 
45 423 442 443 424 
46 424 443 444 425 
47 425 444 445 426 
48 426 445 446 427 
49 427 446 447 428 
50 428 447 448 429 
51 429 448 449 430 
52 430 449 450 431 
53 431 450 451 432 
54 432 451 452 433 
55 433 452 453 434 
56 434 453 454 435 
57 435 454 455 436 
58 436 455 456 437 
59 437 456 457 438 
60 438 457 104 105 
61 128 129 458 439 
62 439 458 459 440 
63 440 459 460 441 
64 441 460 461 442 
65 442 461 462 443 
66 443 462 463 444 
67 444 463 464 445 
68 445 464 465 446 
69 446 465 466 447 
70 447 466 467 448 
71 448 467 468 449 
72 449 468 469 450 
73 450 469 470 451 
74 451 470 471 452 
75 452 471 472 453 
76 453 472 473 454 
77 454 473 474 455 
78 455 474 475 456 
79 456 475 476 457 
80 457 476 103 104 
81 129 130 477 458 
82 458 477 478 459 
83 459 478 479 460 
84 460 479 480 461 
85 461 480 481 462 
86 462 481 482 463 
87 463 482 483 464 
88 464 483 484 465 
89 465 484 485 466 
90 466 485 486 467 
91 467 486 487 468 
92 468 487 488 469 
93 469 488 489 470 
94 470 489 490 471 
95 471 490 491 472 
96 472 491 492 473 
97 473 492 493 474 
98 474 493 494 475 
99 475 494 495 476 
100 476 495 102 103 
101 130 131 496 477 
102 477 496 497 478 
103 478 497 498 479 
104 479 498 499 480 
105 480 499 500 481 
106 481 500 501 482 
107 482 501 502 483 
108 483 502 503 484 
109 484 503 504 485 
110 485 504 505 486 
111 486 505 506 487 
112 487 506 507 488 
113 488 507 508 489 
114 489 508 509 490 
115 490 509 510 491 
116 491 510 511 492 
117 492 511 512 493 
118 493 512 513 494 
119 494 513 514 495 
120 495 514 101 102 
121 131 132 515 496 
122 496 515 516 497 
123 497 516 517 498 
124 498 517 518 499 
125 499 518 519 500 
126 500 519 520 501 
127 501 520 521 502 
128 502 521 522 503 
129 503 522 523 504 
130 504 523 524 505 
131 505 524 525 506 
132 506 525 526 507 
133 507 526 527 508 
134 508 527 528 509 
135 509 528 529 510 
136 510 529 530 511 
137 511 530 531 512 
138 512 531 532 513 
139 513 532 533 514 
140 514 533 100 101 
141 132 133 534 515 
142 515 534 535 516 
143 516 535 536 517 
144 517 536 537 518 
145 518 537 538 519 
146 519 538 539 520 
147 520 539 540 521 
148 521 540 541 522 
149 522 541 542 523 
150 523 542 543 524 
151 524 543 544 525 
152 525 544 545 526 
153 526 545 546 527 
154 527 546 547 528 
155 528 547 548 529 
156 529 548 549 530 
157 530 549 550 531 
158 531 550 551 532 
159 532 551 552 533 
160 533 552 99 100 
161 133 134 553 534 
162 534 553 554 535 
163 535 554 555 536 
164 536 555 556 537 
165 537 556 557 538 
166 538 557 558 539 
167 539 558 559 540 
168 540 559 560 541 
169 541 560 561 542 
170 542 561 562 543 
171 543 562 563 544 
172 544 563 564 545 
173 545 564 565 546 
174 546 565 566 547 
175 547 566 567 548 
176 548 567 568 549 
177 549 568 569 550 
178 550 569 570 551 
179 551 570 571 552 
180 552 571 98 99 
181 134 135 572 553 
182 553 572 573 554 
183 554 573 574 555 
184 555 574 575 556 
185 556 575 576 557 
186 557 576 577 558 
187 558 577 578 559 
188 559 578 579 560 
189 560 579 580 561 
190 561 580 581 562 
191 562 581 582 563 
192 563 582 583 564 
193 564 583 584 565 
194 565 584 585 566 
195 566 585 586 567 
196 567 586 587 568 
197 568 587 588 569 
198 569 588 589 570 
199 570 589 590 571 
200 571 590 97 98 
201 135 136 591 572 
202 572 591 592 573 
203 573 592 593 574 
204 574 593 594 575 
205 575 594 595 576 
206 576 595 596 577 
207 577 596 597 578 
208 578 597 598 579 
209 579 598 599 580 
210 580 599 600 581 
211 581 600 601 582 
212 582 601 602 583 
213 583 602 603 584 
214 584 603 604 585 
215 585 604 605 586 
216 586 605 606 587 
217 587 606 607 588 
218 588 607 608 589 
219 589 608 609 590 
220 590 609 96 97 
221 136 137 610 591 
222 591 610 611 592 
223 592 611 612 593 
224 593 612 613 594 
225 594 613 614 595 
226 595 614 615 596 
227 596 615 616 597 
228 597 616 617 598 
229 598 617 618 599 
230 599 618 619 600 
231 600 619 620 601 
232 601 620 621 602 
233 602 621 622 603 
234 603 622 623 604 
235 604 623 624 605 
236 605 624 625 606 
237 606 625 626 607 
238 607 626 627 608 
239 608 627 628 609 
240 609 628 95 96 
241 137 138 629 610 
242 610 629 630 611 
243 611 630 631 612 
244 612 631 632 613 
245 613 632 633 614 
246 614 633 634 615 
247 615 634 635 616 
248 616 635 636 617 
249 617 636 637 618 
250 618 637 638 619 
251 619 638 639 620 
252 620 639 640 621 
253 621 640 641 622 
254 622 641 642 623 
255 623 642 643 624 
256 624 643 644 625 
257 625 644 645 626 
258 626 645 646 627 
259 627 646 647 628 
260 628 647 94 95 
261 138 139 648 629 
262 629 648 649 630 
263 630 649 650 631 
264 631 650 651 632 
265 632 651 652 633 
266 633 652 653 634 
267 634 653 654 635 
268 635 654 655 636 
269 636 655 656 637 
270 637 656 657 638 
271 638 657 658 639 
272 639 658 659 640 
273 640 659 660 641 
274 641 660 661 642 
275 642 661 662 643 
276 643 662 663 644 
277 644 663 664 645 
278 645 664 665 646 
279 646 665 666 647 
280 647 666 93 94 
281 139 140 667 648 
282 648 667 668 649 
283 649 668 669 650 
284 650 669 670 651 
285 651 670 671 652 
286 652 671 672 653 
287 653 672 673 654 
288 654 673 674 655 
289 655 674 675 656 
290 656 675 676 657 
291 657 676 677 658 
292 658 677 678 659 
293 659 678 679 660 
294 660 679 680 661 
295 661 680 681 662 
296 662 681 682 663 
297 663 682 683 664 
298 664 683 684 665 
299 665 684 685 666 
300 666 685 92 93 
301 140 141 686 667 
302 667 686 687 668 
303 668 687 688 669 
304 669 688 689 670 
305 670 689 690 671 
306 671 690 691 672 
307 672 691 692 673 
308 673 692 693 674 
309 674 693 694 675 
310 675 694 695 676 
311 676 695 696 677 
312 677 696 697 678 
313 678 697 698 679 
314 679 698 699 680 
315 680 699 700 681 
316 681 700 701 682 
317 682 701 702 683 
318 683 702 703 684 
319 684 703 704 685 
320 685 704 91 92 
321 141 142 705 686 
322 686 705 706 687 
323 687 706 707 688 
324 688 707 708 689 
325 689 708 709 690 
326 690 709 710 691 
327 691 710 711 692 
328 692 711 712 693 
329 693 712 713 694 
330 694 713 714 695 
331 695 714 715 696 
332 696 715 716 697 
333 697 716 717 698 
334 698 717 718 699 
335 699 718 719 700 
336 700 719 720 701 
337 701 720 721 702 
338 702 721 722 703 
339 703 722 723 704 
340 704 723 90 91 
341 142 143 724 705 
342 705 724 725 706 
343 706 725 726 707 
344 707 726 727 708 
345 708 727 728 709 
346 709 728 729 710 
347 710 729 730 711 
348 711 730 731 712 
349 712 731 732 713 
350 713 732 733 714 
351 714 733 734 715 
352 715 734 735 716 
353 716 735 736 717 
354 717 736 737 718 
355 718 737 738 719 
356 719 738 739 720 
357 720 739 740 721 
358 721 740 741 722 
359 722 741 742 723 
360 723 742 89 90 
361 143 144 743 724 
362 724 743 744 725 
363 725 744 745 726 
364 726 745 746 727 
365 727 746 747 728 
366 728 747 748 729 
367 729 748 749 730 
368 730 749 750 731 
369 731 750 751 732 
370 732 751 752 733 
371 733 752 753 734 
372 734 753 754 735 
373 735 754 755 736 
374 736 755 756 737 
375 737 756 757 738 
376 738 757 758 739 
377 739 758 759 740 
378 740 759 760 741 
379 741 760 761 742 
380 742 761 88 89 
381 144 145 762 743 
382 743 762 763 744 
383 744 763 764 745 
384 745 764 765 746 
385 746 765 766 747 
386 747 766 767 748 
387 748 767 768 749 
388 749 768 769 750 
389 750 769 770 751 
390 751 770 771 752 
391 752 771 772 753 
392 753 772 773 754 
393 754 773 774 755 
394 755 774 775 756 
395 756 775 776 757 
396 757 776 777 758 
397 758 777 778 759 
398 759 778 779 760 
399 760 779 780 761 
400 761 780 87 88 
401 145 146 781 762 
402 762 781 782 763 
403 763 782 783 764 
404 764 783 784 765 
405 765 784 785 766 
406 766 785 786 767 
407 767 786 787 768 
408 768 787 788 769 
409 769 788 789 770 
410 770 789 790 771 
411 771 790 791 772 
412 772 791 792 773 
413 773 792 793 774 
414 774 793 794 775 
415 775 794 795 776 
416 776 795 796 777 
417 777 796 797 778 
418 778 797 798 779 
419 779 798 799 780 
420 780 799 86 87 
421 146 147 800 781 
422 781 800 801 782 
423 782 801 802 783 
424 783 802 803 784 
425 784 803 804 785 
426 785 804 805 786 
427 786 805 806 787 
428 787 806 807 788 
429 788 807 808 789 
430 789 808 809 790 
431 790 809 810 791 
432 791 810 811 792 
433 792 811 812 793 
434 793 812 813 794 
435 794 813 814 795 
436 795 814 815 796 
437 796 815 816 797 
438 797 816 817 798 
439 798 817 818 799 
440 799 818 85 86 
441 147 148 819 800 
442 800 819 820 801 
443 801 820 821 802 
444 802 821 822 803 
445 803 822 823 804 
446 804 823 824 805 
447 805 824 825 806 
448 806 825 826 807 
449 807 826 827 808 
450 808 827 828 809 
451 809 828 829 810 
452 810 829 830 811 
453 811 830 831 812 
454 812 831 832 813 
455 813 832 833 814 
456 814 833 834 815 
457 815 834 835 816 
458 816 835 836 817 
459 817 836 837 818 
460 818 837 84 85 
461 148 149 838 819 
462 819 838 839 820 
463 820 839 840 821 
464 821 840 841 822 
465 822 841 842 823 
466 823 842 843 824 
467 824 843 844 825 
468 825 844 845 826 
469 826 845 846 827 
470 827 846 847 828 
471 828 847 848 829 
472 829 848 849 830 
473 830 849 850 831 
474 831 850 851 832 
475 832 851 852 833 
476 833 852 853 834 
477 834 853 854 835 
478 835 854 855 836 
479 836 855 856 837 
480 837 856 83 84 
481 149 150 857 838 
482 838 857 858 839 
483 839 858 859 840 
484 840 859 860 841 
485 841 860 861 842 
486 842 861 862 843 
487 843 862 863 844 
488 844 863 864 845 
489 845 864 865 846 
490 846 865 866 847 
491 847 866 867 848 
492 848 867 868 849 
493 849 868 869 850 
494 850 869 870 851 
495 851 870 871 852 
496 852 871 872 853 
497 853 872 873 854 
498 854 873 874 855 
499 855 874 875 856 
500 856 875 82 83 
501 150 151 876 857 
502 857 876 877 858 
503 858 877 878 859 
504 859 878 879 860 
505 860 879 880 861 
506 861 880 881 862 
507 862 881 882 863 
508 863 882 883 864 
509 864 883 884 865 
510 865 884 885 866 
511 866 885 886 867 
512 867 886 887 868 
513 868 887 888 869 
514 869 888 889 870 
515 870 889 890 871 
516 871 890 891 872 
517 872 891 892 873 
518 873 892 893 874 
519 874 893 894 875 
520 875 894 81 82 
521 151 152 895 876 
522 876 895 896 877 
523 877 896 897 878 
524 878 897 898 879 
525 879 898 899 880 
526 880 899 900 881 
527 881 900 901 882 
528 882 901 902 883 
529 883 902 903 884 
530 884 903 904 885 
531 885 904 905 886 
532 886 905 906 887 
533 887 906 907 888 
534 888 907 908 889 
535 889 908 909 890 
536 890 909 910 891 
537 891 910 911 892 
538 892 911 912 893 
539 893 912 913 894 
540 894 913 80 81 
541 152 153 914 895 
542 895 914 915 896 
543 896 915 916 897 
544 897 916 917 898 
545 898 917 918 899 
546 899 918 919 900 
547 900 919 920 901 
548 901 920 921 902 
549 902 921 922 903 
550 903 922 923 904 
551 904 923 924 905 
552 905 924 925 906 
553 906 925 926 907 
554 907 926 927 908 
555 908 927 928 909 
556 909 928 929 910 
557 910 929 930 911 
558 911 930 931 912 
559 912 931 932 913 
560 913 932 79 80 
561 153 154 933 914 
562 914 933 934 915 
563 915 934 935 916 
564 916 935 936 917 
565 917 936 937 918 
566 918 937 938 919 
567 919 938 939 920 
568 920 939 940 921 
569 921 940 941 922 
570 922 941 942 923 
571 923 942 943 924 
572 924 943 944 925 
573 925 944 945 926 
574 926 945 946 927 
575 927 946 947 928 
576 928 947 948 929 
577 929 948 949 930 
578 930 949 950 931 
579 931 950 951 932 
580 932 951 78 79 
581 154 155 952 933 
582 933 952 953 934 
583 934 953 954 935 
584 935 954 955 936 
585 936 955 956 937 
586 937 956 957 938 
587 938 957 958 939 
588 939 958 959 940 
589 940 959 960 941 
590 941 960 961 942 
591 942 961 962 943 
592 943 962 963 944 
593 944 963 964 945 
594 945 964 965 946 
595 946 965 966 947 
596 947 966 967 948 
597 948 967 968 949 
598 949 968 969 950 
599 950 969 970 951 
600 951 970 77 78 
601 155 156 971 952 
602 952 971 972 953 
603 953 972 973 954 
604 954 973 974 955 
605 955 974 975 956 
606 956 975 976 957 
607 957 976 977 958 
608 958 977 978 959 
609 959 978 979 960 
610 960 979 980 961 
611 961 980 981 962 
612 962 981 982 963 
613 963 982 983 964 
614 964 983 984 965 
615 965 984 985 966 
616 966 985 986 967 
617 967 986 987 968 
618 968 987 988 969 
619 969 988 989 970 
620 970 989 76 77 
621 156 157 990 971 
622 971 990 991 972 
623 972 991 992 973 
624 973 992 993 974 
625 974 993 994 975 
626 975 994 995 976 
627 976 995 996 977 
628 977 996 997 978 
629 978 997 998 979 
630 979 998 999 980 
631 980 999 1000 981 
632 981 1000 1001 982 
633 982 1001 1002 983 
634 983 1002 1003 984 
635 984 1003 1004 985 
636 985 1004 1005 986 
637 986 1005 1006 987 
638 987 1006 1007 988 
639 988 1007 1008 989 
640 989 1008 75 76 
641 157 158 1009 990 
642 990 1009 1010 991 
643 991 1010 1011 992 
644 992 1011 1012 993 
645 993 1012 1013 994 
646 994 1013 1014 995 
647 995 1014 1015 996 
648 996 1015 1016 997 
649 997 1016 1017 998 
650 998 1017 1018 999 
651 999 1018 1019 1000 
652 1000 1019 1020 1001 
653 1001 1020 1021 1002 
654 1002 1021 1022 1003 
655 1003 1022 1023 1004 
656 1004 1023 1024 1005 
657 1005 1024 1025 1006 
658 1006 1025 1026 1007 
659 1007 1026 1027 1008 
660 1008 1027 74 75 
661 158 159 1028 1009 
662 1009 1028 1029 1010 
663 1010 1029 1030 1011 
664 1011 1030 1031 1012 
665 1012 1031 1032 1013 
666 1013 1032 1033 1014 
667 1014 1033 1034 1015 
668 1015 1034 1035 1016 
669 1016 1035 1036 1017 
670 1017 1036 1037 1018 
671 1018 1037 1038 1019 
672 1019 1038 1039 1020 
673 1020 1039 1040 1021 
674 1021 1040 1041 1022 
675 1022 1041 1042 1023 
676 1023 1042 1043 1024 
677 1024 1043 1044 1025 
678 1025 1044 1045 1026 
679 1026 1045 1046 1027 
680 1027 1046 73 74 
681 159 160 1047 1028 
682 1028 1047 1048 1029 
683 1029 1048 1049 1030 
684 1030 1049 1050 1031 
685 1031 1050 1051 1032 
686 1032 1051 1052 1033 
687 1033 1052 1053 1034 
688 1034 1053 1054 1035 
689 1035 1054 1055 1036 
690 1036 1055 1056 1037 
691 1037 1056 1057 1038 
692 1038 1057 1058 1039 
693 1039 1058 1059 1040 
694 1040 1059 1060 1041 
695 1041 1060 1061 1042 
696 1042 1061 1062 1043 
697 1043 1062 1063 1044 
698 1044 1063 1064 1045 
699 1045 1064 1065 1046 
700 1046 1065 72 73 
701 160 161 1066 1047 
702 1047 1066 1067 1048 
703 1048 1067 1068 1049 
704 1049 1068 1069 1050 
705 1050 1069 1070 1051 
706 1051 1070 1071 1052 
707 1052 1071 1072 1053 
708 1053 1072 1073 1054 
709 1054 1073 1074 1055 
710 1055 1074 1075 1056 
711 1056 1075 1076 1057 
712 1057 1076 1077 1058 
713 1058 1077 1078 1059 
714 1059 1078 1079 1060 
715 1060 1079 1080 1061 
716 1061 1080 1081 1062 
717 1062 1081 1082 1063 
718 1063 1082 1083 1064 
719 1064 1083 1084 1065 
720 1065 1084 71 72 
721 161 162 1085 1066 
722 1066 1085 1086 1067 
723 1067 1086 1087 1068 
724 1068 1087 1088 1069 
725 1069 1088 1089 1070 
726 1070 1089 1090 1071 
727 1071 1090 1091 1072 
728 1072 1091 1092 1073 
729 1073 1092 1093 1074 
730 1074 1093 1094 1075 
731 1075 1094 1095 1076 
732 1076 1095 1096 1077 
733 1077 1096 1097 1078 
734 1078 1097 1098 1079 
735 1079 1098 1099 1080 
736 1080 1099 1100 1081 
737 1081 1100 1101 1082 
738 1082 1101 1102 1083 
739 1083 1102 1103 1084 
740 1084 1103 70 71 
741 162 163 1104 1085 
742 1085 1104 1105 1086 
743 1086 1105 1106 1087 
744 1087 1106 1107 1088 
745 1088 1107 1108 1089 
746 1089 1108 1109 1090 
747 1090 1109 1110 1091 
748 1091 1110 1111 1092 
749 1092 1111 1112 1093 
750 1093 1112 1113 1094 
751 1094 1113 1114 1095 
752 1095 1114 1115 1096 
753 1096 1115 1116 1097 
754 1097 1116 1117 1098 
755 1098 1117 1118 1099 
756 1099 1118 1119 1100 
757 1100 1119 1120 1101 
758 1101 1120 1121 1102 
759 1102 1121 1122 1103 
760 1103 1122 69 70 
761 163 164 1123 1104 
762 1104 1123 1124 1105 
763 1105 1124 1125 1106 
764 1106 1125 1126 1107 
765 1107 1126 1127 1108 
766 1108 1127 1128 1109 
767 1109 1128 1129 1110 
768 1110 1129 1130 1111 
769 1111 1130 1131 1112 
770 1112 1131 1132 1113 
771 1113 1132 1133 1114 
772 1114 1133 1134 1115 
773 1115 1134 1135 1116 
774 1116 1135 1136 1117 
775 1117 1136 1137 1118 
776 1118 1137 1138 1119 
777 1119 1138 1139 1120 
778 1120 1139 1140 1121 
779 1121 1140 1141 1122 
780 1122 1141 68 69 
781 164 165 1142 1123 
782 1123 1142 1143 1124 
783 1124 1143 1144 1125 
784 1125 1144 1145 1126 
785 1126 1145 1146 1127 
786 1127 1146 1147 1128 
787 1128 1147 1148 1129 
788 1129 1148 1149 1130 
789 1130 1149 1150 1131 
790 1131 1150 1151 1132 
791 1132 1151 1152 1133 
792 1133 1152 1153 1134 
793 1134 1153 1154 1135 
794 1135 1154 1155 1136 
795 1136 1155 1156 1137 
796 1137 1156 1157 1138 
797 1138 1157 1158 1139 
798 1139 1158 1159 1140 
799 1140 1159 1160 1141 
800 1141 1160 67 68 
801 165 166 1161 1142 
802 1142 1161 1162 1143 
803 1143 1162 1163 1144 
804 1144 1163 1164 1145 
805 1145 1164 1165 1146 
806 1146 1165 1166 1147 
807 1147 1166 1167 1148 
808 1148 1167 1168 1149 
809 1149 1168 1169 1150 
810 1150 1169 1170 1151 
811 1151 1170 1171 1152 
812 1152 1171 1172 1153 
813 1153 1172 1173 1154 
814 1154 1173 1174 1155 
815 1155 1174 1175 1156 
816 1156 1175 1176 1157 
817 1157 1176 1177 1158 
818 1158 1177 1178 1159 
819 1159 1178 1179 1160 
820 1160 1179 66 67 
821 166 167 1180 1161 
822 1161 1180 1181 1162 
823 1162 1181 1182 1163 
824 1163 1182 1183 1164 
825 1164 1183 1184 1165 
826 1165 1184 1185 1166 
827 1166 1185 1186 1167 
828 1167 1186 1187 1168 
829 1168 1187 1188 1169 
830 1169 1188 1189 1170 
831 1170 1189 1190 1171 
832 1171 1190 1191 1172 
833 1172 1191 1192 1173 
834 1173 1192 1193 1174 
835 1174 1193 1194 1175 
836 1175 1194 1195 1176 
837 1176 1195 1196 1177 
838 1177 1196 1197 1178 
839 1178 1197 1198 1179 
840 1179 1198 65 66 
841 167 168 1199 1180 
842 1180 1199 1200 1181 
843 1181 1200 1201 1182 
844 1182 1201 1202 1183 
845 1183 1202 1203 1184 
846 1184 1203 1204 1185 
847 1185 1204 1205 1186 
848 1186 1205 1206 1187 
849 1187 1206 1207 1188 
850 1188 1207 1208 1189 
851 1189 1208 1209 1190 
852 1190 1209 1210 1191 
853 1191 1210 1211 1192 
854 1192 1211 1212 1193 
855 1193 1212 1213 1194 
856 1194 1213 1214 1195 
857 1195 1214 1215 1196 
858 1196 1215 1216 1197 
859 1197 1216 1217 1198 
860 1198 1217 64 65 
861 168 169 1218 1199 
862 1199 1218 1219 1200 
863 1200 1219 1220 1201 
864 1201 1220 1221 1202 
865 1202 1221 1222 1203 
866 1203 1222 1223 1204 
867 1204 1223 1224 1205 
868 1205 1224 1225 1206 
869 1206 1225 1226 1207 
870 1207 1226 1227 1208 
871 1208 1227 1228 1209 
872 1209 1228 1229 1210 
873 1210 1229 1230 1211 
874 1211 1230 1231 1212 
875 1212 1231 1232 1213 
876 1213 1232 1233 1214 
877 1214 1233 1234 1215 
878 1215 1234 1235 1216 
879 1216 1235 1236 1217 
880 1217 1236 63 64 
881 169 170 1237 1218 
882 1218 1237 1238 1219 
883 1219 1238 1239 1220 
884 1220 1239 1240 1221 
885 1221 1240 1241 1222 
886 1222 1241 1242 1223 
887 1223 1242 1243 1224 
888 1224 1243 1244 1225 
889 1225 1244 1245 1226 
890 1226 1245 1246 1227 
891 1227 1246 1247 1228 
892 1228 1247 1248 1229 
893 1229 1248 1249 1230 
894 1230 1249 1250 1231 
895 1231 1250 1251 1232 
896 1232 1251 1252 1233 
897 1233 1252 1253 1234 
898 1234 1253 1254 1235 
899 1235 1254 1255 1236 
900 1236 1255 62 63 
901 170 171 1256 1237 
902 1237 1256 1257 1238 
903 1238 1257 1258 1239 
904 1239 1258 1259 1240 
905 1240 1259 1260 1241 
906 1241 1260 1261 1242 
907 1242 1261 1262 1243 
908 1243 1262 1263 1244 
909 1244 1263 1264 1245 
910 1245 1264 1265 1246 
911 1246 1265 1266 1247 
912 1247 1266 1267 1248 
913 1248 1267 1268 1249 
914 1249 1268 1269 1250 
915 1250 1269 1270 1251 
916 1251 1270 1271 1252 
917 1252 1271 1272 1253 
918 1253 1272 1273 1254 
919 1254 1273 1274 1255 
920 1255 1274 61 62 
921 171 172 1275 1256 
922 1256 1275 1276 1257 
923 1257 1276 1277 1258 
924 1258 1277 1278 1259 
925 1259 1278 1279 1260 
926 1260 1279 1280 1261 
927 1261 1280 1281 1262 
928 1262 1281 1282 1263 
929 1263 1282 1283 1264 
930 1264 1283 1284 1265 
931 1265 1284 1285 1266 
932 1266 1285 1286 1267 
933 1267 1286 1287 1268 
934 1268 1287 1288 1269 
935 1269 1288 1289 1270 
936 1270 1289 1290 1271 
937 1271 1290 1291 1272 
938 1272 1291 1292 1273 
939 1273 1292 1293 1274 
940 1274 1293 60 61 
941 172 173 1294 1275 
942 1275 1294 1295 1276 
943 1276 1295 1296 1277 
944 1277 1296 1297 1278 
945 1278 1297 1298 1279 
946 1279 1298 1299 1280 
947 1280 1299 1300 1281 
948 1281 1300 1301 1282 
949 1282 1301 1302 1283 
950 1283 1302 1303 1284 
951 1284 1303 1304 1285 
952 1285 1304 1305 1286 
953 1286 1305 1306 1287 
954 1287 1306 1307 1288 
955 1288 1307 1308 1289 
956 1289 1308 1309 1290 
957 1290 1309 1310 1291 
958 1291 1310 1311 1292 
959 1292 1311 1312 1293 
960 1293 1312 59 60 
961 173 174 1313 1294 
962 1294 1313 1314 1295 
963 1295 1314 1315 1296 
964 1296 1315 1316 1297 
965 1297 1316 1317 1298 
966 1298 1317 1318 1299 
967 1299 1318 1319 1300 
968 1300 1319 1320 1301 
969 1301 1320 1321 1302 
970 1302 1321 1322 1303 
971 1303 1322 1323 1304 
972 1304 1323 1324 1305 
973 1305 1324 1325 1306 
974 1306 1325 1326 1307 
975 1307 1326 1327 1308 
976 1308 1327 1328 1309 
977 1309 1328 1329 1310 
978 1310 1329 1330 1311 
979 1311 1330 1331 1312 
980 1312 1331 58 59 
981 174 175 1332 1313 
982 1313 1332 1333 1314 
983 1314 1333 1334 1315 
984 1315 1334 1335 1316 
985 1316 1335 1336 1317 
986 1317 1336 1337 1318 
987 1318 1337 1338 1319 
988 1319 1338 1339 1320 
989 1320 1339 1340 1321 
990 1321 1340 1341 1322 
991 1322 1341 1342 1323 
992 1323 1342 1343 1324 
993 1324 1343 1344 1325 
994 1325 1344 1345 1326 
995 1326 1345 1346 1327 
996 1327 1346 1347 1328 
997 1328 1347 1348 1329 
998 1329 1348 1349 1330 
999 1330 1349 1350 1331 
1000 1331 1350 57 58 
1001 175 176 1351 1332 
1002 1332 1351 1352 1333 
1003 1333 1352 1353 1334 
1004 1334 1353 1354 1335 
1005 1335 1354 1355 1336 
1006 1336 1355 1356 1337 
1007 1337 1356 1357 1338 
1008 1338 1357 1358 1339 
1009 1339 1358 1359 1340 
1010 1340 1359 1360 1341 
1011 1341 1360 1361 1342 
1012 1342 1361 1362 1343 
1013 1343 1362 1363 1344 
1014 1344 1363 1364 1345 
1015 1345 1364 1365 1346 
1016 1346 1365 1366 1347 
1017 1347 1366 1367 1348 
1018 1348 1367 1368 1349 
1019 1349 1368 1369 1350 
1020 1350 1369 56 57 
1021 176 177 1370 1351 
1022 1351 1370 1371 1352 
1023 1352 1371 1372 1353 
1024 1353 1372 1373 1354 
1025 1354 1373 1374 1355 
1026 1355 1374 1375 1356 
1027 1356 1375 1376 1357 
1028 1357 1376 1377 1358 
1029 1358 1377 1378 1359 
1030 1359 1378 1379 1360 
1031 1360 1379 1380 1361 
1032 1361 1380 1381 1362 
1033 1362 1381 1382 1363 
1034 1363 1382 1383 1364 
1035 1364 1383 1384 1365 
1036 1365 1384 1385 1366 
1037 1366 1385 1386 1367 
1038 1367 1386 1387 1368 
1039 1368 1387 1388 1369 
1040 1369 1388 55 56 
1041 177 178 1389 1370 
1042 1370 1389 1390 1371 
1043 1371 1390 1391 1372 
1044 1372 1391 1392 1373 
1045 1373 1392 1393 1374 
1046 1374 1393 1394 1375 
1047 1375 1394 1395 1376 
1048 1376 1395 1396 1377 
1049 1377 1396 1397 1378 
1050 1378 1397 1398 1379 
1051 1379 1398 1399 1380 
1052 1380 1399 1400 1381 
1053 1381 1400 1401 1382 
1054 1382 1401 1402 1383 
1055 1383 1402 1403 1384 
1056 1384 1403 1404 1385 
1057 1385 1404 1405 1386 
1058 1386 1405 1406 1387 
1059 1387 1406 1407 1388 
1060 1388 1407 54 55 
1061 178 179 1408 1389 
1062 1389 1408 1409 1390 
1063 1390 1409 1410 1391 
1064 1391 1410 1411 1392 
1065 1392 1411 1412 1393 
1066 1393 1412 1413 1394 
1067 1394 1413 1414 1395 
1068 1395 1414 1415 1396 
1069 1396 1415 1416 1397 
1070 1397 1416 1417 1398 
1071 1398 1417 1418 1399 
1072 1399 1418 1419 1400 
1073 1400 1419 1420 1401 
1074 1401 1420 1421 1402 
1075 1402 1421 1422 1403 
1076 1403 1422 1423 1404 
1077 1404 1423 1424 1405 
1078 1405 1424 1425 1406 
1079 1406 1425 1426 1407 
1080 1407 1426 53 54 
1081 179 180 1427 1408 
1082 1408 1427 1428 1409 
1083 1409 1428 1429 1410 
1084 1410 1429 1430 1411 
1085 1411 1430 1431 1412 
1086 1412 1431 1432 1413 
1087 1413 1432 1433 1414 
1088 1414 1433 1434 1415 
1089 1415 1434 1435 1416 
1090 1416 1435 1436 1417 
1091 1417 1436 1437 1418 
1092 1418 1437 1438 1419 
1093 1419 1438 1439 1420 
1094 1420 1439 1440 1421 
1095 1421 1440 1441 1422 
1096 1422 1441 1442 1423 
1097 1423 1442 1443 1424 
1098 1424 1443 1444 1425 
1099 1425 1444 1445 1426 
1100 1426 1445 52 53 
1101 180 181 1446 1427 
1102 1427 1446 1447 1428 
1103 1428 1447 1448 1429 
1104 1429 1448 1449 1430 
1105 1430 1449 1450 1431 
1106 1431 1450 1451 1432 
1107 1432 1451 1452 1433 
1108 1433 1452 1453 1434 
1109 1434 1453 1454 1435 
1110 1435 1454 1455 1436 
1111 1436 1455 1456 1437 
1112 1437 1456 1457 1438 
1113 1438 1457 1458 1439 
1114 1439 1458 1459 1440 
1115 1440 1459 1460 1441 
1116 1441 1460 1461 1442 
1117 1442 1461 1462 1443 
1118 1443 1462 1463 1444 
1119 1444 1463 1464 1445 
1120 1445 1464 51 52 
1121 181 182 1465 1446 
1122 1446 1465 1466 1447 
1123 1447 1466 1467 1448 
1124 1448 1467 1468 1449 
1125 1449 1468 1469 1450 
1126 1450 1469 1470 1451 
1127 1451 1470 1471 1452 
1128 1452 1471 1472 1453 
1129 1453 1472 1473 1454 
1130 1454 1473 1474 1455 
1131 1455 1474 1475 1456 
1132 1456 1475 1476 1457 
1133 1457 1476 1477 1458 
1134 1458 1477 1478 1459 
1135 1459 1478 1479 1460 
1136 1460 1479 1480 1461 
1137 1461 1480 1481 1462 
1138 1462 1481 1482 1463 
1139 1463 1482 1483 1464 
1140 1464 1483 50 51 
1141 182 183 1484 1465 
1142 1465 1484 1485 1466 
1143 1466 1485 1486 1467 
1144 1467 1486 1487 1468 
1145 1468 1487 1488 1469 
1146 1469 1488 1489 1470 
1147 1470 1489 1490 1471 
1148 1471 1490 1491 1472 
1149 1472 1491 1492 1473 
1150 1473 1492 1493 1474 
1151 1474 1493 1494 1475 
1152 1475 1494 1495 1476 
1153 1476 1495 1496 1477 
1154 1477 1496 1497 1478 
1155 1478 1497 1498 1479 
1156 1479 1498 1499 1480 
1157 1480 1499 1500 1481 
1158 1481 1500 1501 1482 
1159 1482 1501 1502 1483 
1160 1483 1502 49 50 
1161 183 184 1503 1484 
1162 1484 1503 1504 1485 
1163 1485 1504 1505 1486 
1164 1486 1505 1506 1487 
1165 1487 1506 1507 1488 
1166 1488 1507 1508 1489 
1167 1489 1508 1509 1490 
1168 1490 1509 1510 1491 
1169 1491 1510 1511 1492 
1170 1492 1511 1512 1493 
1171 1493 1512 1513 1494 
1172 1494 1513 1514 1495 
1173 1495 1514 1515 1496 
1174 1496 1515 1516 1497 
1175 1497 1516 1517 1498 
1176 1498 1517 1518 1499 
1177 1499 1518 1519 1500 
1178 1500 1519 1520 1501 
1179 1501 1520 1521 1502 
1180 1502 1521 48 49 
1181 184 185 1522 1503 
1182 1503 1522 1523 1504 
1183 1504 1523 1524 1505 
1184 1505 1524 1525 1506 
1185 1506 1525 1526 1507 
1186 1507 1526 1527 1508 
1187 1508 1527 1528 1509 
1188 1509 1528 1529 1510 
1189 1510 1529 1530 1511 
1190 1511 1530 1531 1512 
1191 1512 1531 1532 1513 
1192 1513 1532 1533 1514 
1193 1514 1533 1534 1515 
1194 1515 1534 1535 1516 
1195 1516 1535 1536 1517 
1196 1517 1536 1537 1518 
1197 1518 1537 1538 1519 
1198 1519 1538 1539 1520 
1199 1520 1539 1540 1521 
1200 1521 1540 47 48 
1201 185 186 1541 1522 
1202 1522 1541 1542 1523 
1203 1523 1542 1543 1524 
1204 1524 1543 1544 1525 
1205 1525 1544 1545 1526 
1206 1526 1545 1546 1527 
1207 1527 1546 1547 1528 
1208 1528 1547 1548 1529 
1209 1529 1548 1549 1530 
1210 1530 1549 1550 1531 
1211 1531 1550 1551 1532 
1212 1532 1551 1552 1533 
1213 1533 1552 1553 1534 
1214 1534 1553 1554 1535 
1215 1535 1554 1555 1536 
1216 1536 1555 1556 1537 
1217 1537 1556 1557 1538 
1218 1538 1557 1558 1539 
1219 1539 1558 1559 1540 
1220 1540 1559 46 47 
1221 186 187 1560 1541 
1222 1541 1560 1561 1542 
1223 1542 1561 1562 1543 
1224 1543 1562 1563 1544 
1225 1544 1563 1564 1545 
1226 1545 1564 1565 1546 
1227 1546 1565 1566 1547 
1228 1547 1566 1567 1548 
1229 1548 1567 1568 1549 
1230 1549 1568 1569 1550 
1231 1550 1569 1570 1551 
1232 1551 1570 1571 1552 
1233 1552 1571 1572 1553 
1234 1553 1572 1573 1554 
1235 1554 1573 1574 1555 
1236 1555 1574 1575 1556 
1237 1556 1575 1576 1557 
1238 1557 1576 1577 1558 
1239 1558 1577 1578 1559 
1240 1559 1578 45 46 
1241 187 188 1579 1560 
1242 1560 1579 1580 1561 
1243 1561 1580 1581 1562 
1244 1562 1581 1582 1563 
1245 1563 1582 1583 1564 
1246 1564 1583 1584 1565 
1247 1565 1584 1585 1566 
1248 1566 1585 1586 1567 
1249 1567 1586 1587 1568 
1250 1568 1587 1588 1569 
1251 1569 1588 1589 1570 
1252 1570 1589 1590 1571 
1253 1571 1590 1591 1572 
1254 1572 1591 1592 1573 
1255 1573 1592 1593 1574 
1256 1574 1593 1594 1575 
1257 1575 1594 1595 1576 
1258 1576 1595 1596 1577 
1259 1577 1596 1597 1578 
1260 1578 1597 44 45 
1261 188 189 1598 1579 
1262 1579 1598 1599 1580 
1263 1580 1599 1600 1581 
1264 1581 1600 1601 1582 
1265 1582 1601 1602 1583 
1266 1583 1602 1603 1584 
1267 1584 1603 1604 1585 
1268 1585 1604 1605 1586 
1269 1586 1605 1606 1587 
1270 1587 1606 1607 1588 
1271 1588 1607 1608 1589 
1272 1589 1608 1609 1590 
1273 1590 1609 1610 1591 
1274 1591 1610 1611 1592 
1275 1592 1611 1612 1593 
1276 1593 1612 1613 1594 
1277 1594 1613 1614 1595 
1278 1595 1614 1615 1596 
1279 1596 1615 1616 1597 
1280 1597 1616 43 44 
1281 189 190 1617 1598 
1282 1598 1617 1618 1599 
1283 1599 1618 1619 1600 
1284 1600 1619 1620 1601 
1285 1601 1620 1621 1602 
1286 1602 1621 1622 1603 
1287 1603 1622 1623 1604 
1288 1604 1623 1624 1605 
1289 1605 1624 1625 1606 
1290 1606 1625 1626 1607 
1291 1607 1626 1627 1608 
1292 1608 1627 1628 1609 
1293 1609 1628 1629 1610 
1294 1610 1629 1630 1611 
1295 1611 1630 1631 1612 
1296 1612 1631 1632 1613 
1297 1613 1632 1633 1614 
1298 1614 1633 1634 1615 
1299 1615 1634 1635 1616 
1300 1616 1635 42 43 
1301 190 191 1636 1617 
1302 1617 1636 1637 1618 
1303 1618 1637 1638 1619 
1304 1619 1638 1639 1620 
1305 1620 1639 1640 1621 
1306 1621 1640 1641 1622 
1307 1622 1641 1642 1623 
1308 1623 1642 1643 1624 
1309 1624 1643 1644 1625 
1310 1625 1644 1645 1626 
1311 1626 1645 1646 1627 
1312 1627 1646 1647 1628 
1313 1628 1647 1648 1629 
1314 1629 1648 1649 1630 
1315 1630 1649 1650 1631 
1316 1631 1650 1651 1632 
1317 1632 1651 1652 1633 
1318 1633 1652 1653 1634 
1319 1634 1653 1654 1635 
1320 1635 1654 41 42 
1321 191 192 1655 1636 
1322 1636 1655 1656 1637 
1323 1637 1656 1657 1638 
1324 1638 1657 1658 1639 
1325 1639 1658 1659 1640 
1326 1640 1659 1660 1641 
1327 1641 1660 1661 1642 
1328 1642 1661 1662 1643 
1329 1643 1662 1663 1644 
1330 1644 1663 1664 1645 
1331 1645 1664 1665 1646 
1332 1646 1665 1666 1647 
1333 1647 1666 1667 1648 
1334 1648 1667 1668 1649 
1335 1649 1668 1669 1650 
1336 1650 1669 1670 1651 
1337 1651 1670 1671 1652 
1338 1652 1671 1672 1653 
1339 1653 1672 1673 1654 
1340 1654 1673 40 41 
1341 192 193 1674 1655 
1342 1655 1674 1675 1656 
1343 1656 1675 1676 1657 
1344 1657 1676 1677 1658 
1345 1658 1677 1678 1659 
1346 1659 1678 1679 1660 
1347 1660 1679 1680 1661 
1348 1661 1680 1681 1662 
1349 1662 1681 1682 1663 
1350 1663 1682 1683 1664 
1351 1664 1683 1684 1665 
1352 1665 1684 1685 1666 
1353 1666 1685 1686 1667 
1354 1667 1686 1687 1668 
1355 1668 1687 1688 1669 
1356 1669 1688 1689 1670 
1357 1670 1689 1690 1671 
1358 1671 1690 1691 1672 
1359 1672 1691 1692 1673 
1360 1673 1692 39 40 
1361 193 194 1693 1674 
1362 1674 1693 1694 1675 
1363 1675 1694 1695 1676 
1364 1676 1695 1696 1677 
1365 1677 1696 1697 1678 
1366 1678 1697 1698 1679 
1367 1679 1698 1699 1680 
1368 1680 1699 1700 1681 
1369 1681 1700 1701 1682 
1370 1682 1701 1702 1683 
1371 1683 1702 1703 1684 
1372 1684 1703 1704 1685 
1373 1685 1704 1705 1686 
1374 1686 1705 1706 1687 
1375 1687 1706 1707 1688 
1376 1688 1707 1708 1689 
1377 1689 1708 1709 1690 
1378 1690 1709 1710 1691 
1379 1691 1710 1711 1692 
1380 1692 1711 38 39 
1381 194 195 1712 1693 
1382 1693 1712 1713 1694 
1383 1694 1713 1714 1695 
1384 1695 1714 1715 1696 
1385 1696 1715 1716 1697 
1386 1697 1716 1717 1698 
1387 1698 1717 1718 1699 
1388 1699 1718 1719 1700 
1389 1700 1719 1720 1701 
1390 1701 1720 1721 1702 
1391 1702 1721 1722 1703 
1392 1703 1722 1723 1704 
1393 1704 1723 1724 1705 
1394 1705 1724 1725 1706 
1395 1706 1725 1726 1707 
1396 1707 1726 1727 1708 
1397 1708 1727 1728 1709 
1398 1709 1728 1729 1710 
1399 1710 1729 1730 1711 
1400 1711 1730 37 38 
1401 195 196 1731 1712 
1402 1712 1731 1732 1713 
1403 1713 1732 1733 1714 
1404 1714 1733 1734 1715 
1405 1715 1734 1735 1716 
1406 1716 1735 1736 1717 
1407 1717 1736 1737 1718 
1408 1718 1737 1738 1719 
1409 1719 1738 1739 1720 
1410 1720 1739 1740 1721 
1411 1721 1740 1741 1722 
1412 1722 1741 1742 1723 
1413 1723 1742 1743 1724 
1414 1724 1743 1744 1725 
1415 1725 1744 1745 1726 
1416 1726 1745 1746 1727 
1417 1727 1746 1747 1728 
1418 1728 1747 1748 1729 
1419 1729 1748 1749 1730 
1420 1730 1749 36 37 
1421 196 197 1750 1731 
1422 1731 1750 1751 1732 
1423 1732 1751 1752 1733 
1424 1733 1752 1753 1734 
1425 1734 1753 1754 1735 
1426 1735 1754 1755 1736 
1427 1736 1755 1756 1737 
1428 1737 1756 1757 1738 
1429 1738 1757 1758 1739 
1430 1739 1758 1759 1740 
1431 1740 1759 1760 1741 
1432 1741 1760 1761 1742 
1433 1742 1761 1762 1743 
1434 1743 1762 1763 1744 
1435 1744 1763 1764 1745 
1436 1745 1764 1765 1746 
1437 1746 1765 1766 1747 
1438 1747 1766 1767 1748 
1439 1748 1767 1768 1749 
1440 1749 1768 35 36 
1441 197 198 1769 1750 
1442 1750 1769 1770 1751 
1443 1751 1770 1771 1752 
1444 1752 1771 1772 1753 
1445 1753 1772 1773 1754 
1446 1754 1773 1774 1755 
1447 1755 1774 1775 1756 
1448 1756 1775 1776 1757 
1449 1757 1776 1777 1758 
1450 1758 1777 1778 1759 
1451 1759 1778 1779 1760 
1452 1760 1779 1780 1761 
1453 1761 1780 1781 1762 
1454 1762 1781 1782 1763 
1455 1763 1782 1783 1764 
1456 1764 1783 1784 1765 
1457 1765 1784 1785 1766 
1458 1766 1785 1786 1767 
1459 1767 1786 1787 1768 
1460 1768 1787 34 35 
1461 198 199 1788 1769 
1462 1769 1788 1789 1770 
1463 1770 1789 1790 1771 
1464 1771 1790 1791 1772 
1465 1772 1791 1792 1773 
1466 1773 1792 1793 1774 
1467 1774 1793 1794 1775 
1468 1775 1794 1795 1776 
1469 1776 1795 1796 1777 
1470 1777 1796 1797 1778 
1471 1778 1797 1798 1779 
1472 1779 1798 1799 1780 
1473 1780 1799 1800 1781 
1474 1781 1800 1801 1782 
1475 1782 1801 1802 1783 
1476 1783 1802 1803 1784 
1477 1784 1803 1804 1785 
1478 1785 1804 1805 1786 
1479 1786 1805 1806 1787 
1480 1787 1806 33 34 
1481 199 200 1807 1788 
1482 1788 1807 1808 1789 
1483 1789 1808 1809 1790 
1484 1790 1809 1810 1791 
1485 1791 1810 1811 1792 
1486 1792 1811 1812 1793 
1487 1793 1812 1813 1794 
1488 1794 1813 1814 1795 
1489 1795 1814 1815 1796 
1490 1796 1815 1816 1797 
1491 1797 1816 1817 1798 
1492 1798 1817 1818 1799 
1493 1799 1818 1819 1800 
1494 1800 1819 1820 1801 
1495 1801 1820 1821 1802 
1496 1802 1821 1822 1803 
1497 1803 1822 1823 1804 
1498 1804 1823 1824 1805 
1499 1805 1824 1825 1806 
1500 1806 1825 32 33 
1501 200 201 1826 1807 
1502 1807 1826 1827 1808 
1503 1808 1827 1828 1809 
1504 1809 1828 1829 1810 
1505 1810 1829 1830 1811 
1506 1811 1830 1831 1812 
1507 1812 1831 1832 1813 
1508 1813 1832 1833 1814 
1509 1814 1833 1834 1815 
1510 1815 1834 1835 1816 
1511 1816 1835 1836 1817 
1512 1817 1836 1837 1818 
1513 1818 1837 1838 1819 
1514 1819 1838 1839 1820 
1515 1820 1839 1840 1821 
1516 1821 1840 1841 1822 
1517 1822 1841 1842 1823 
1518 1823 1842 1843 1824 
1519 1824 1843 1844 1825 
1520 1825 1844 31 32 
1521 201 202 1845 1826 
1522 1826 1845 1846 1827 
1523 1827 1846 1847 1828 
1524 1828 1847 1848 1829 
1525 1829 1848 1849 1830 
1526 1830 1849 1850 1831 
1527 1831 1850 1851 1832 
1528 1832 1851 1852 1833 
1529 1833 1852 1853 1834 
1530 1834 1853 1854 1835 
1531 1835 1854 1855 1836 
1532 1836 1855 1856 1837 
1533 1837 1856 1857 1838 
1534 1838 1857 1858 1839 
1535 1839 1858 1859 1840 
1536 1840 1859 1860 1841 
1537 1841 1860 1861 1842 
1538 1842 1861 1862 1843 
1539 1843 1862 1863 1844 
1540 1844 1863 30 31 
1541 202 203 1864 1845 
1542 1845 1864 1865 1846 
1543 1846 1865 1866 1847 
1544 1847 1866 1867 1848 
1545 1848 1867 1868 1849 
1546 1849 1868 1869 1850 
1547 1850 1869 1870 1851 
1548 1851 1870 1871 1852 
1549 1852 1871 1872 1853 
1550 1853 1872 1873 1854 
1551 1854 1873 1874 1855 
1552 1855 1874 1875 1856 
1553 1856 1875 1876 1857 
1554 1857 1876 1877 1858 
1555 1858 1877 1878 1859 
1556 1859 1878 1879 1860 
1557 1860 1879 1880 1861 
1558 1861 1880 1881 1862 
1559 1862 1881 1882 1863 
1560 1863 1882 29 30 
1561 203 204 1883 1864 
1562 1864 1883 1884 1865 
1563 1865 1884 1885 1866 
1564 1866 1885 1886 1867 
1565 1867 1886 1887 1868 
1566 1868 1887 1888 1869 
1567 1869 1888 1889 1870 
1568 1870 1889 1890 1871 
1569 1871 1890 1891 1872 
1570 1872 1891 1892 1873 
1571 1873 1892 1893 1874 
1572 1874 1893 1894 1875 
1573 1875 1894 1895 1876 
1574 1876 1895 1896 1877 
1575 1877 1896 1897 1878 
1576 1878 1897 1898 1879 
1577 1879 1898 1899 1880 
1578 1880 1899 1900 1881 
1579 1881 1900 1901 1882 
1580 1882 1901 28 29 
1581 204 1 9 1883 
1582 1883 9 10 1884 
1583 1884 10 11 1885 
1584 1885 11 12 1886 
1585 1886 12 13 1887 
1586 1887 13 14 1888 
1587 1888 14 15 1889 
1588 1889 15 16 1890 
1589 1890 16 17 1891 
1590 1891 17 18 1892 
1591 1892 18 19 1893 
1592 1893 19 20 1894 
1593 1894 20 21 1895 
1594 1895 21 22 1896 
1595 1896 22 23 1897 
1596 1897 23 24 1898 
1597 1898 24 25 1899 
1598 1899 25 26 1900 
1599 1900 26 27 1901 
1600 1901 27 2 28 
2 21 3 80
1601 4 126 205 5 
1602 126 127 206 205 
1603 127 128 207 206 
1604 128 129 208 207 
1605 129 130 209 208 
1606 130 131 210 209 
1607 131 132 211 210 
1608 132 133 212 211 
1609 133 134 213 212 
1610 134 135 214 213 
1611 135 136 215 214 
1612 136 137 216 215 
1613 137 138 217 216 
1614 138 139 218 217 
1615 139 140 219 218 
1616 140 141 220 219 
1617 141 142 221 220 
1618 142 143 222 221 
1619 143 144 223 222 
1620 144 145 224 223 
1621 145 146 225 224 
1622 146 147 226 225 
1623 147 148 227 226 
1624 148 149 228 227 
1625 149 150 229 228 
1626 150 151 230 229 
1627 151 152 231 230 
1628 152 153 232 231 
1629 153 154 233 232 
1630 154 155 234 233 
1631 155 156 235 234 
1632 156 157 236 235 
1633 157 158 237 236 
1634 158 159 238 237 
1635 159 160 239 238 
1636 160 161 240 239 
1637 161 162 241 240 
1638 162 163 242 241 
1639 163 164 243 242 
1640 164 165 244 243 
1641 165 166 245 244 
1642 166 167 246 245 
1643 167 168 247 246 
1644 168 169 248 247 
1645 169 170 249 248 
1646 170 171 250 249 
1647 171 172 251 250 
1648 172 173 252 251 
1649 173 174 253 252 
1650 174 175 254 253 
1651 175 176 255 254 
1652 176 177 256 255 
1653 177 178 257 256 
1654 178 179 258 257 
1655 179 180 259 258 
1656 180 181 260 259 
1657 181 182 261 260 
1658 182 183 262 261 
1659 183 184 263 262 
1660 184 185 264 263 
1661 185 186 265 264 
1662 186 187 266 265 
1663 187 188 267 266 
1664 188 189 268 267 
1665 189 190 269 268 
1666 190 191 270 269 
1667 191 192 271 270 
1668 192 193 272 271 
1669 193 194 273 272 
1670 194 195 274 273 
1671 195 196 275 274 
1672 196 197 276 275 
1673 197 198 277 276 
1674 198 199 278 277 
1675 199 200 279 278 
1676 200 201 280 279 
1677 201 202 281 280 
1678 202 203 282 281 
1679 203 204 283 282 
1680 204 1 6 283 
2 25 3 20
1681 1 9 284 6 
1682 9 10 285 284 
1683 10 11 286 285 
1684 11 12 287 286 
1685 12 13 288 287 
1686 13 14 289 288 
1687 14 15 290 289 
1688 15 16 291 290 
1689 16 17 292 291 
1690 17 18 293 292 
1691 18 19 294 293 
1692 19 20 295 294 
1693 20 21 296 295 
1694 21 22 297 296 
1695 22 23 298 297 
1696 23 24 299 298 
1697 24 25 300 299 
1698 25 26 301 300 
1699 26 27 302 301 
1700 27 2 7 302 
2 29 3 80
1701 2 28 303 7 
1702 28 29 304 303 
1703 29 30 305 304 
1704 30 31 306 305 
1705 31 32 307 306 
1706 32 33 308 307 
1707 33 34 309 308 
1708 34 35 310 309 
1709 35 36 311 310 
1710 36 37 312 311 
1711 37 38 313 312 
1712 38 39 314 313 
1713 39 40 315 314 
1714 40 41 316 315 
1715 41 42 317 316 
1716 42 43 318 317 
1717 43 44 319 318 
1718 44 45 320 319 
1719 45 46 321 320 
1720 46 47 322 321 
1721 47 48 323 322 
1722 48 49 324 323 
1723 49 50 325 324 
1724 50 51 326 325 
1725 51 52 327 326 
1726 52 53 328 327 
1727 53 54 329 328 
1728 54 55 330 329 
1729 55 56 331 330 
1730 56 57 332 331 
1731 57 58 333 332 
1732 58 59 334 333 
1733 59 60 335 334 
1734 60 61 336 335 
1735 61 62 337 336 
1736 62 63 338 337 
1737 63 64 339 338 
1738 64 65 340 339 
1739 65 66 341 340 
1740 66 67 342 341 
1741 67 68 343 342 
1742 68 69 344 343 
1743 69 70 345 344 
1744 70 71 346 345 
1745 71 72 347 346 
1746 72 73 348 347 
1747 73 74 349 348 
1748 74 75 350 349 
1749 75 76 351 350 
1750 76 77 352 351 
1751 77 78 353 352 
1752 78 79 354 353 
1753 79 80 355 354 
1754 80 81 356 355 
1755 81 82 357 356 
1756 82 83 358 357 
1757 83 84 359 358 
1758 84 85 360 359 
1759 85 86 361 360 
1760 86 87 362 361 
1761 87 88 363 362 
1762 88 89 364 363 
1763 89 90 365 364 
1764 90 91 366 365 
1765 91 92 367 366 
1766 92 93 368 367 
1767 93 94 369 368 
1768 94 95 370 369 
1769 95 96 371 370 
1770 96 97 372 371 
1771 97 98 373 372 
1772 98 99 374 373 
1773 99 100 375 374 
1774 100 101 376 375 
1775 101 102 377 376 
1776 102 103 378 377 
1777 103 104 379 378 
1778 104 105 380 379 
1779 105 106 381 380 
1780 106 3 8 381 
2 33 3 20
1781 3 107 382 8 
1782 107 108 383 382 
1783 108 109 384 383 
1784 109 110 385 384 
1785 110 111 386 385 
1786 111 112 387 386 
1787 112 113 388 387 
1788 113 114 389 388 
1789 114 115 390 389 
1790 115 116 391 390 
1791 116 117 392 391 
1792 117 118 393 392 
1793 118 119 394 393 
1794 119 120 395 394 
1795 120 121 396 395 
1796 121 122 397 396 
1797 122 123 398 397 
1798 123 124 399 398 
1799 124 125 400 399 
1800 125 4 5 400 
2 34 3 1600
1801 5 205 1902 400 
1802 400 1902 1903 399 
1803 399 1903 1904 398 
1804 398 1904 1905 397 
1805 397 1905 1906 396 
1806 396 1906 1907 395 
1807 395 1907 1908 394 
1808 394 1908 1909 393 
1809 393 1909 1910 392 
1810 392 1910 1911 391 
1811 391 1911 1912 390 
1812 390 1912 1913 389 
1813 389 1913 1914 388 
1814 388 1914 1915 387 
1815 387 1915 1916 386 
1816 386 1916 1917 385 
1817 385 1917 1918 384 
1818 384 1918 1919 383 
1819 383 1919 1920 382 
1820 382 1920 381 8 
1821 205 206 1921 1902 
1822 1902 1921 1922 1903 
1823 1903 1922 1923 1904 
1824 1904 1923 1924 1905 
1825 1905 1924 1925 1906 
1826 1906 1925 1926 1907 
1827 1907 1926 1927 1908 
1828 1908 1927 1928 1909 
1829 1909 1928 1929 1910 
1830 1910 1929 1930 1911 
1831 1911 1930 1931 1912 
1832 1912 1931 1932 1913 
1833 1913 1932 1933 1914 
1834 1914 1933 1934 1915 
1835 1915 1934 1935 1916 
1836 1916 1935 1936 1917 
1837 1917 1936 1937 1918 
1838 1918 1937 1938 1919 
1839 1919 1938 1939 1920 
1840 1920 1939 380 381 
1841 206 207 1940 1921 
1842 1921 1940 1941 1922 
1843 1922 1941 1942 1923 
1844 1923 1942 1943 1924 
1845 1924 1943 1944 1925 
1846 1925 1944 1945 1926 
1847 1926 1945 1946 1927 
1848 1927 1946 1947 1928 
1849 1928 1947 1948 1929 
1850 1929 1948 1949 1930 
1851 1930 1949 1950 1931 
1852 1931 1950 1951 1932 
1853 1932 1951 1952 1933 
1854 1933 1952 1953 1934 
1855 1934 1953 1954 1935 
1856 1935 1954 1955 1936 
1857 1936 1955 1956 1937 
1858 1937 1956 1957 1938 
1859 1938 1957 1958 1939 
1860 1939 1958 379 380 
1861 207 208 1959 1940 
1862 1940 1959 1960 1941 
1863 1941 1960 1961 1942 
1864 1942 1961 1962 1943 
1865 1943 1962 1963 1944 
1866 1944 1963 1964 1945 
1867 1945 1964 1965 1946 
1868 1946 1965 1966 1947 
1869 1947 1966 1967 1948 
1870 1948 1967 1968 1949 
1871 1949 1968 1969 1950 
1872 1950 1969 1970 1951 
1873 1951 1970 1971 1952 
1874 1952 1971 1972 1953 
1875 1953 1972 1973 1954 
1876 1954 1973 1974 1955 
1877 1955 1974 1975 1956 
1878 1956 1975 1976 1957 
1879 1957 1976 1977 1958 
1880 1958 1977 378 379 
1881 208 209 1978 1959 
1882 1959 1978 1979 1960 
1883 1960 1979 1980 1961 
1884 1961 1980 1981 1962 
1885 1962 1981 1982 1963 
1886 1963 1982 1983 1964 
1887 1964 1983 1984 1965 
1888 1965 1984 1985 1966 
1889 1966 1985 1986 1967 
1890 1967 1986 1987 1968 
1891 1968 1987 1988 1969 
1892 1969 1988 1989 1970 
1893 1970 1989 1990 1971 
1894 1971 1990 1991 1972 
1895 1972 1991 1992 1973 
1896 1973 1992 1993 1974 
1897 1974 1993 1994 1975 
1898 1975 1994 1995 1976 
1899 1976 1995 1996 1977 
1900 1977 1996 377 378 
1901 209 210 1997 1978 
1902 1978 1997 1998 1979 
1903 1979 1998 1999 1980 
1904 1980 1999 2000 1981 
1905 1981 2000 2001 1982 
1906 1982 2001 2002 1983 
1907 1983 2002 2003 1984 
1908 1984 2003 2004 1985 
1909 1985 2004 2005 1986 
1910 1986 2005 2006 1987 
1911 1987 2006 2007 1988 
1912 1988 2007 2008 1989 
1913 1989 2008 2009 1990 
1914 1990 2009 2010 1991 
1915 1991 2010 2011 1992 
1916 1992 2011 2012 1993 
1917 1993 2012 2013 1994 
1918 1994 2013 2014 1995 
1919 1995 2014 2015 1996 
1920 1996 2015 376 377 
1921 210 211 2016 1997 
1922 1997 2016 2017 1998 
1923 1998 2017 2018 1999 
1924 1999 2018 2019 2000 
1925 2000 2019 2020 2001 
1926 2001 2020 2021 2002 
1927 2002 2021 2022 2003 
1928 2003 2022 2023 2004 
1929 2004 2023 2024 2005 
1930 2005 2024 2025 2006 
1931 2006 2025 2026 2007 
1932 2007 2026 2027 2008 
1933 2008 2027 2028 2009 
1934 2009 2028 2029 2010 
1935 2010 2029 2030 2011 
1936 2011 2030 2031 2012 
1937 2012 2031 2032 2013 
1938 2013 2032 2033 2014 
1939 2014 2033 2034 2015 
1940 2015 2034 375 376 
1941 211 212 2035 2016 
1942 2016 2035 2036 2017 
1943 2017 2036 2037 2018 
1944 2018 2037 2038 2019 
1945 2019 2038 2039 2020 
1946 2020 2039 2040 2021 
1947 2021 2040 2041 2022 
1948 2022 2041 2042 2023 
1949 2023 2042 2043 2024 
1950 2024 2043 2044 2025 
1951 2025 2044 2045 2026 
1952 2026 2045 2046 2027 
1953 2027 2046 2047 2028 
1954 2028 2047 2048 2029 
1955 2029 2048 2049 2030 
1956 2030 2049 2050 2031 
1957 2031 2050 2051 2032 
1958 2032 2051 2052 2033 
1959 2033 2052 2053 2034 
1960 2034 2053 374 375 
1961 212 213 2054 2035 
1962 2035 2054 2055 2036 
1963 2036 2055 2056 2037 
1964 2037 2056 2057 2038 
1965 2038 2057 2058 2039 
1966 2039 2058 2059 2040 
1967 2040 2059 2060 2041 
1968 2041 2060 2061 2042 
1969 2042 2061 2062 2043 
1970 2043 2062 2063 2044 
1971 2044 2063 2064 2045 
1972 2045 2064 2065 2046 
1973 2046 2065 2066 2047 
1974 2047 2066 2067 2048 
1975 2048 2067 2068 2049 
1976 2049 2068 2069 2050 
1977 2050 2069 2070 2051 
1978 2051 2070 2071 2052 
1979 2052 2071 2072 2053 
1980 2053 2072 373 374 
1981 213 214 2073 2054 
1982 2054 2073 2074 2055 
1983 2055 2074 2075 2056 
1984 2056 2075 2076 2057 
1985 2057 2076 2077 2058 
1986 2058 2077 2078 2059 
1987 2059 2078 2079 2060 
1988 2060 2079 2080 2061 
1989 2061 2080 2081 2062 
1990 2062 2081 2082 2063 
1991 2063 2082 2083 2064 
1992 2064 2083 2084 2065 
1993 2065 2084 2085 2066 
1994 2066 2085 2086 2067 
1995 2067 2086 2087 2068 
1996 2068 2087 2088 2069 
1997 2069 2088 2089 2070 
1998 2070 2089 2090 2071 
1999 2071 2090 2091 2072 
2000 2072 2091 372 373 
2001 214 215 2092 2073 
2002 2073 2092 2093 2074 
2003 2074 2093 2094 2075 
2004 2075 2094 2095 2076 
2005 2076 2095 2096 2077 
2006 2077 2096 2097 2078 
2007 2078 2097 2098 2079 
2008 2079 2098 2099 2080 
2009 2080 2099 2100 2081 
2010 2081 2100 2101 2082 
2011 2082 2101 2102 2083 
2012 2083 2102 2103 2084 
2013 2084 2103 2104 2085 
2014 2085 2104 2105 2086 
2015 2086 2105 2106 2087 
2016 2087 2106 2107 2088 
2017 2088 2107 2108 2089 
2018 2089 2108 2109 2090 
2019 2090 2109 2110 2091 
2020 2091 2110 371 372 
2021 215 216 2111 2092 
2022 2092 2111 2112 2093 
2023 2093 2112 2113 2094 
2024 2094 2113 2114 2095 
2025 2095 2114 2115 2096 
2026 2096 2115 2116 2097 
2027 2097 2116 2117 2098 
2028 2098 2117 2118 2099 
2029 2099 2118 2119 2100 
2030 2100 2119 2120 2101 
2031 2101 2120 2121 2102 
2032 2102 2121 2122 2103 
2033 2103 2122 2123 2104 
2034 2104 2123 2124 2105 
2035 2105 2124 2125 2106 
2036 2106 2125 2126 2107 
2037 2107 2126 2127 2108 
2038 2108 2127 2128 2109 
2039 2109 2128 2129 2110 
2040 2110 2129 370 371 
2041 216 217 2130 2111 
2042 2111 2130 2131 2112 
2043 2112 2131 2132 2113 
2044 2113 2132 2133 2114 
2045 2114 2133 2134 2115 
2046 2115 2134 2135 2116 
2047 2116 2135 2136 2117 
2048 2117 2136 2137 2118 
2049 2118 2137 2138 2119 
2050 2119 2138 2139 2120 
2051 2120 2139 2140 2121 
2052 2121 2140 2141 2122 
2053 2122 2141 2142 2123 
2054 2123 2142 2143 2124 
2055 2124 2143 2144 2125 
2056 2125 2144 2145 2126 
2057 2126 2145 2146 2127 
2058 2127 2146 2147 2128 
2059 2128 2147 2148 2129 
2060 2129 2148 369 370 
2061 217 218 2149 2130 
2062 2130 2149 2150 2131 
2063 2131 2150 2151 2132 
2064 2132 2151 2152 2133 
2065 2133 2152 2153 2134 
2066 2134 2153 2154 2135 
2067 2135 2154 2155 2136 
2068 2136 2155 2156 2137 
2069 2137 2156 2157 2138 
2070 2138 2157 2158 2139 
2071 2139 2158 2159 2140 
2072 2140 2159 2160 2141 
2073 2141 2160 2161 2142 
2074 2142 2161 2162 2143 
2075 2143 2162 2163 2144 
2076 2144 2163 2164 2145 
2077 2145 2164 2165 2146 
2078 2146 2165 2166 2147 
2079 2147 2166 2167 2148 
2080 2148 2167 368 369 
2081 218 219 2168 2149 
2082 2149 2168 2169 2150 
2083 2150 2169 2170 2151 
2084 2151 2170 2171 2152 
2085 2152 2171 2172 2153 
2086 2153 2172 2173 2154 
2087 2154 2173 2174 2155 
2088 2155 2174 2175 2156 
2089 2156 2175 2176 2157 
2090 2157 2176 2177 2158 
2091 2158 2177 2178 2159 
2092 2159 2178 2179 2160 
2093 2160 2179 2180 2161 
2094 2161 2180 2181 2162 
2095 2162 2181 2182 2163 
2096 2163 2182 2183 2164 
2097 2164 2183 2184 2165 
2098 2165 2184 2185 2166 
2099 2166 2185 2186 2167 
2100 2167 2186 367 368 
2101 219 220 2187 2168 
2102 2168 2187 2188 2169 
2103 2169 2188 2189 2170 
2104 2170 2189 2190 2171 
2105 2171 2190 2191 2172 
2106 2172 2191 2192 2173 
2107 2173 2192 2193 2174 
2108 2174 2193 2194 2175 
2109 2175 2194 2195 2176 
2110 2176 2195 2196 2177 
2111 2177 2196 2197 2178 
2112 2178 2197 2198 2179 
2113 2179 2198 2199 2180 
2114 2180 2199 2200 2181 
2115 2181 2200 2201 2182 
2116 2182 2201 2202 2183 
2117 2183 2202 2203 2184 
2118 2184 2203 2204 2185 
2119 2185 2204 2205 2186 
2120 2186 2205 366 367 
2121 220 221 2206 2187 
2122 2187 2206 2207 2188 
2123 2188 2207 2208 2189 
2124 2189 2208 2209 2190 
2125 2190 2209 2210 2191 
2126 2191 2210 2211 2192 
2127 2192 2211 2212 2193 
2128 2193 2212 2213 2194 
2129 2194 2213 2214 2195 
2130 2195 2214 2215 2196 
2131 2196 2215 2216 2197 
2132 2197 2216 2217 2198 
2133 2198 2217 2218 2199 
2134 2199 2218 2219 2200 
2135 2200 2219 2220 2201 
2136 2201 2220 2221 2202 
2137 2202 2221 2222 2203 
2138 2203 2222 2223 2204 
2139 2204 2223 2224 2205 
2140 2205 2224 365 366 
2141 221 222 2225 2206 
2142 2206 2225 2226 2207 
2143 2207 2226 2227 2208 
2144 2208 2227 2228 2209 
2145 2209 2228 2229 2210 
2146 2210 2229 2230 2211 
2147 2211 2230 2231 2212 
2148 2212 2231 2232 2213 
2149 2213 2232 2233 2214 
2150 2214 2233 2234 2215 
2151 2215 2234 2235 2216 
2152 2216 2235 2236 2217 
2153 2217 2236 2237 2218 
2154 2218 2237 2238 2219 
2155 2219 2238 2239 2220 
2156 2220 2239 2240 2221 
2157 2221 2240 2241 2222 
2158 2222 2241 2242 2223 
2159 2223 2242 2243 2224 
2160 2224 2243 364 365 
2161 222 223 2244 2225 
2162 2225 2244 2245 2226 
2163 2226 2245 2246 2227 
2164 2227 2246 2247 2228 
2165 2228 2247 2248 2229 
2166 2229 2248 2249 2230 
2167 2230 2249 2250 2231 
2168 2231 2250 2251 2232 
2169 2232 2251 2252 2233 
2170 2233 2252 2253 2234 
2171 2234 2253 2254 2235 
2172 2235 2254 2255 2236 
2173 2236 2255 2256 2237 
2174 2237 2256 2257 2238 
2175 2238 2257 2258 2239 
2176 2239 2258 2259 2240 
2177 2240 2259 2260 2241 
2178 2241 2260 2261 2242 
2179 2242 2261 2262 2243 
2180 2243 2262 363 364 
2181 223 224 2263 2244 
2182 2244 2263 2264 2245 
2183 2245 2264 2265 2246 
2184 2246 2265 2266 2247 
2185 2247 2266 2267 2248 
2186 2248 2267 2268 2249 
2187 2249 2268 2269 2250 
2188 2250 2269 2270 2251 
2189 2251 2270 2271 2252 
2190 2252 2271 2272 2253 
2191 2253 2272 2273 2254 
2192 2254 2273 2274 2255 
2193 2255 2274 2275 2256 
2194 2256 2275 2276 2257 
2195 2257 2276 2277 2258 
2196 2258 2277 2278 2259 
2197 2259 2278 2279 2260 
2198 2260 2279 2280 2261 
2199 2261 2280 2281 2262 
2200 2262 2281 362 363 
2201 224 225 2282 2263 
2202 2263 2282 2283 2264 
2203 2264 2283 2284 2265 
2204 2265 2284 2285 2266 
2205 2266 2285 2286 2267 
2206 2267 2286 2287 2268 
2207 2268 2287 2288 2269 
2208 2269 2288 2289 2270 
2209 2270 2289 2290 2271 
2210 2271 2290 2291 2272 
2211 2272 2291 2292 2273 
2212 2273 2292 2293 2274 
2213 2274 2293 2294 2275 
2214 2275 2294 2295 2276 
2215 2276 2295 2296 2277 
2216 2277 2296 2297 2278 
2217 2278 2297 2298 2279 
2218 2279 2298 2299 2280 
2219 2280 2299 2300 2281 
2220 2281 2300 361 362 
2221 225 226 2301 2282 
2222 2282 2301 2302 2283 
2223 2283 2302 2303 2284 
2224 2284 2303 2304 2285 
2225 2285 2304 2305 2286 
2226 2286 2305 2306 2287 
2227 2287 2306 2307 2288 
2228 2288 2307 2308 2289 
2229 2289 2308 2309 2290 
2230 2290 2309 2310 2291 
2231 2291 2310 2311 2292 
2232 2292 2311 2312 2293 
2233 2293 2312 2313 2294 
2234 2294 2313 2314 2295 
2235 2295 2314 2315 2296 
2236 2296 2315 2316 2297 
2237 2297 2316 2317 2298 
2238 2298 2317 2318 2299 
2239 2299 2318 2319 2300 
2240 2300 2319 360 361 
2241 226 227 2320 2301 
2242 2301 2320 2321 2302 
2243 2302 2321 2322 2303 
2244 2303 2322 2323 2304 
2245 2304 2323 2324 2305 
2246 2305 2324 2325 2306 
2247 2306 2325 2326 2307 
2248 2307 2326 2327 2308 
2249 2308 2327 2328 2309 
2250 2309 2328 2329 2310 
2251 2310 2329 2330 2311 
2252 2311 2330 2331 2312 
2253 2312 2331 2332 2313 
2254 2313 2332 2333 2314 
2255 2314 2333 2334 2315 
2256 2315 2334 2335 2316 
2257 2316 2335 2336 2317 
2258 2317 2336 2337 2318 
2259 2318 2337 2338 2319 
2260 2319 2338 359 360 
2261 227 228 2339 2320 
2262 2320 2339 2340 2321 
2263 2321 2340 2341 2322 
2264 2322 2341 2342 2323 
2265 2323 2342 2343 2324 
2266 2324 2343 2344 2325 
2267 2325 2344 2345 2326 
2268 2326 2345 2346 2327 
2269 2327 2346 2347 2328 
2270 2328 2347 2348 2329 
2271 2329 2348 2349 2330 
2272 2330 2349 2350 2331 
2273 2331 2350 2351 2332 
2274 2332 2351 2352 2333 
2275 2333 2352 2353 2334 
2276 2334 2353 2354 2335 
2277 2335 2354 2355 2336 
2278 2336 2355 2356 2337 
2279 2337 2356 2357 2338 
2280 2338 2357 358 359 
2281 228 229 2358 2339 
2282 2339 2358 2359 2340 
2283 2340 2359 2360 2341 
2284 2341 2360 2361 2342 
2285 2342 2361 2362 2343 
2286 2343 2362 2363 2344 
2287 2344 2363 2364 2345 
2288 2345 2364 2365 2346 
2289 2346 2365 2366 2347 
2290 2347 2366 2367 2348 
2291 2348 2367 2368 2349 
2292 2349 2368 2369 2350 
2293 2350 2369 2370 2351 
2294 2351 2370 2371 2352 
2295 2352 2371 2372 2353 
2296 2353 2372 2373 2354 
2297 2354 2373 2374 2355 
2298 2355 2374 2375 2356 
2299 2356 2375 2376 2357 
2300 2357 2376 357 358 
2301 229 230 2377 2358 
2302 2358 2377 2378 2359 
2303 2359 2378 2379 2360 
2304 2360 2379 2380 2361 
2305 2361 2380 2381 2362 
2306 2362 2381 2382 2363 
2307 2363 2382 2383 2364 
2308 2364 2383 2384 2365 
2309 2365 2384 2385 2366 
2310 2366 2385 2386 2367 
2311 2367 2386 2387 2368 
2312 2368 2387 2388 2369 
2313 2369 2388 2389 2370 
2314 2370 2389 2390 2371 
2315 2371 2390 2391 2372 
2316 2372 2391 2392 2373 
2317 2373 2392 2393 2374 
2318 2374 2393 2394 2375 
2319 2375 2394 2395 2376 
2320 2376 2395 356 357 
2321 230 231 2396 2377 
2322 2377 2396 2397 2378 
2323 2378 2397 2398 2379 
2324 2379 2398 2399 2380 
2325 2380 2399 2400 2381 
2326 2381 2400 2401 2382 
2327 2382 2401 2402 2383 
2328 2383 2402 2403 2384 
2329 2384 2403 2404 2385 
2330 2385 2404 2405 2386 
2331 2386 2405 2406 2387 
2332 2387 2406 2407 2388 
2333 2388 2407 2408 2389 
2334 2389 2408 2409 2390 
2335 2390 2409 2410 2391 
2336 2391 2410 2411 2392 
2337 2392 2411 2412 2393 
2338 2393 2412 2413 2394 
2339 2394 2413 2414 2395 
2340 2395 2414 355 356 
2341 231 232 2415 2396 
2342 2396 2415 2416 2397 
2343 2397 2416 2417 2398 
2344 2398 2417 2418 2399 
2345 2399 2418 2419 2400 
2346 2400 2419 2420 2401 
2347 2401 2420 2421 2402 
2348 2402 2421 2422 2403 
2349 2403 2422 2423 2404 
2350 2404 2423 2424 2405 
2351 2405 2424 2425 2406 
2352 2406 2425 2426 2407 
2353 2407 2426 2427 2408 
2354 2408 2427 2428 2409 
2355 2409 2428 2429 2410 
2356 2410 2429 2430 2411 
2357 2411 2430 2431 2412 
2358 2412 2431 2432 2413 
2359 2413 2432 2433 2414 
2360 2414 2433 354 355 
2361 232 233 2434 2415 
2362 2415 2434 2435 2416 
2363 2416 2435 2436 2417 
2364 2417 2436 2437 2418 
2365 2418 2437 2438 2419 
2366 2419 2438 2439 2420 
2367 2420 2439 2440 2421 
2368 2421 2440 2441 2422 
2369 2422 2441 2442 2423 
2370 2423 2442 2443 2424 
2371 2424 2443 2444 2425 
2372 2425 2444 2445 2426 
2373 2426 2445 2446 2427 
2374 2427 2446 2447 2428 
2375 2428 2447 2448 2429 
2376 2429 2448 2449 2430 
2377 2430 2449 2450 2431 
2378 2431 2450 2451 2432 
2379 2432 2451 2452 2433 
2380 2433 2452 353 354 
2381 233 234 2453 2434 
2382 2434 2453 2454 2435 
2383 2435 2454 2455 2436 
2384 2436 2455 2456 2437 
2385 2437 2456 2457 2438 
2386 2438 2457 2458 2439 
2387 2439 2458 2459 2440 
2388 2440 2459 2460 2441 
2389 2441 2460 2461 2442 
2390 2442 2461 2462 2443 
2391 2443 2462 2463 2444 
2392 2444 2463 2464 2445 
2393 2445 2464 2465 2446 
2394 2446 2465 2466 2447 
2395 2447 2466 2467 2448 
2396 2448 2467 2468 2449 
2397 2449 2468 2469 2450 
2398 2450 2469 2470 2451 
2399 2451 2470 2471 2452 
2400 2452 2471 352 353 
2401 234 235 2472 2453 
2402 2453 2472 2473 2454 
2403 2454 2473 2474 2455 
2404 2455 2474 2475 2456 
2405 2456 2475 2476 2457 
2406 2457 2476 2477 2458 
2407 2458 2477 2478 2459 
2408 2459 2478 2479 2460 
2409 2460 2479 2480 2461 
2410 2461 2480 2481 2462 
2411 2462 2481 2482 2463 
2412 2463 2482 2483 2464 
2413 2464 2483 2484 2465 
2414 2465 2484 2485 2466 
2415 2466 2485 2486 2467 
2416 2467 2486 2487 2468 
2417 2468 2487 2488 2469 
2418 2469 2488 2489 2470 
2419 2470 2489 2490 2471 
2420 2471 2490 351 352 
2421 235 236 2491 2472 
2422 2472 2491 2492 2473 
2423 2473 2492 2493 2474 
2424 2474 2493 2494 2475 
2425 2475 2494 2495 2476 
2426 2476 2495 2496 2477 
2427 2477 2496 2497 2478 
2428 2478 2497 2498 2479 
2429 2479 2498 2499 2480 
2430 2480 2499 2500 2481 
2431 2481 2500 2501 2482 
2432 2482 2501 2502 2483 
2433 2483 2502 2503 2484 
2434 2484 2503 2504 2485 
2435 2485 2504 2505 2486 
2436 2486 2505 2506 2487 
2437 2487 2506 2507 2488 
2438 2488 2507 2508 2489 
2439 2489 2508 2509 2490 
2440 2490 2509 350 351 
2441 236 237 2510 2491 
2442 2491 2510 2511 2492 
2443 2492 2511 2512 2493 
2444 2493 2512 2513 2494 
2445 2494 2513 2514 2495 
2446 2495 2514 2515 2496 
2447 2496 2515 2516 2497 
2448 2497 2516 2517 2498 
2449 2498 2517 2518 2499 
2450 2499 2518 2519 2500 
2451 2500 2519 2520 2501 
2452 2501 2520 2521 2502 
2453 2502 2521 2522 2503 
2454 2503 2522 2523 2504 
2455 2504 2523 2524 2505 
2456 2505 2524 2525 2506 
2457 2506 2525 2526 2507 
2458 2507 2526 2527 2508 
2459 2508 2527 2528 2509 
2460 2509 2528 349 350 
2461 237 238 2529 2510 
2462 2510 2529 2530 2511 
2463 2511 2530 2531 2512 
2464 2512 2531 2532 2513 
2465 2513 2532 2533 2514 
2466 2514 2533 2534 2515 
2467 2515 2534 2535 2516 
2468 2516 2535 2536 2517 
2469 2517 2536 2537 2518 
2470 2518 2537 2538 2519 
2471 2519 2538 2539 2520 
2472 2520 2539 2540 2521 
2473 2521 2540 2541 2522 
2474 2522 2541 2542 2523 
2475 2523 2542 2543 2524 
2476 2524 2543 2544 2525 
2477 2525 2544 2545 2526 
2478 2526 2545 2546 2527 
2479 2527 2546 2547 2528 
2480 2528 2547 348 349 
2481 238 239 2548 2529 
2482 2529 2548 2549 2530 
2483 2530 2549 2550 2531 
2484 2531 2550 2551 2532 
2485 2532 2551 2552 2533 
2486 2533 2552 2553 2534 
2487 2534 2553 2554 2535 
2488 2535 2554 2555 2536 
2489 2536 2555 2556 2537 
2490 2537 2556 2557 2538 
2491 2538 2557 2558 2539 
2492 2539 2558 2559 2540 
2493 2540 2559 2560 2541 
2494 2541 2560 2561 2542 
2495 2542 2561 2562 2543 
2496 2543 2562 2563 2544 
2497 2544 2563 2564 2545 
2498 2545 2564 2565 2546 
2499 2546 2565 2566 2547 
2500 2547 2566 347 348 
2501 239 240 2567 2548 
2502 2548 2567 2568 2549 
2503 2549 2568 2569 2550 
2504 2550 2569 2570 2551 
2505 2551 2570 2571 2552 
2506 2552 2571 2572 2553 
2507 2553 2572 2573 2554 
2508 2554 2573 2574 2555 
2509 2555 2574 2575 2556 
2510 2556 2575 2576 2557 
2511 2557 2576 2577 2558 
2512 2558 2577 2578 2559 
2513 2559 2578 2579 2560 
2514 2560 2579 2580 2561 
2515 2561 2580 2581 2562 
2516 2562 2581 2582 2563 
2517 2563 2582 2583 2564 
2518 2564 2583 2584 2565 
2519 2565 2584 2585 2566 
2520 2566 2585 346 347 
2521 240 241 2586 2567 
2522 2567 2586 2587 2568 
2523 2568 2587 2588 2569 
2524 2569 2588 2589 2570 
2525 2570 2589 2590 2571 
2526 2571 2590 2591 2572 
2527 2572 2591 2592 2573 
2528 2573 2592 2593 2574 
2529 2574 2593 2594 2575 
2530 2575 2594 2595 2576 
2531 2576 2595 2596 2577 
2532 2577 2596 2597 2578 
2533 2578 2597 2598 2579 
2534 2579 2598 2599 2580 
2535 2580 2599 2600 2581 
2536 2581 2600 2601 2582 
2537 2582 2601 2602 2583 
2538 2583 2602 2603 2584 
2539 2584 2603 2604 2585 
2540 2585 2604 345 346 
2541 241 242 2605 2586 
2542 2586 2605 2606 2587 
2543 2587 2606 2607 2588 
2544 2588 2607 2608 2589 
2545 2589 2608 2609 2590 
2546 2590 2609 2610 2591 
2547 2591 2610 2611 2592 
2548 2592 2611 2612 2593 
2549 2593 2612 2613 2594 
2550 2594 2613 2614 2595 
2551 2595 2614 2615 2596 
2552 2596 2615 2616 2597 
2553 2597 2616 2617 2598 
2554 2598 2617 2618 2599 
2555 2599 2618 2619 2600 
2556 2600 2619 2620 2601 
2557 2601 2620 2621 2602 
2558 2602 2621 2622 2603 
2559 2603 2622 2623 2604 
2560 2604 2623 344 345 
2561 242 243 2624 2605 
2562 2605 2624 2625 2606 
2563 2606 2625 2626 2607 
2564 2607 2626 2627 2608 
2565 2608 2627 2628 2609 
2566 2609 2628 2629 2610 
2567 2610 2629 2630 2611 
2568 2611 2630 2631 2612 
2569 2612 2631 2632 2613 
2570 2613 2632 2633 2614 
2571 2614 2633 2634 2615 
2572 2615 2634 2635 2616 
2573 2616 2635 2636 2617 
2574 2617 2636 2637 2618 
2575 2618 2637 2638 2619 
2576 2619 2638 2639 2620 
2577 2620 2639 2640 2621 
2578 2621 2640 2641 2622 
2579 2622 2641 2642 2623 
2580 2623 2642 343 344 
2581 243 244 2643 2624 
2582 2624 2643 2644 2625 
2583 2625 2644 2645 2626 
2584 2626 2645 2646 2627 
2585 2627 2646 2647 2628 
2586 2628 2647 2648 2629 
2587 2629 2648 2649 2630 
2588 2630 2649 2650 2631 
2589 2631 2650 2651 2632 
2590 2632 2651 2652 2633 
2591 2633 2652 2653 2634 
2592 2634 2653 2654 2635 
2593 2635 2654 2655 2636 
2594 2636 2655 2656 2637 
2595 2637 2656 2657 2638 
2596 2638 2657 2658 2639 
2597 2639 2658 2659 2640 
2598 2640 2659 2660 2641 
2599 2641 2660 2661 2642 
2600 2642 2661 342 343 
2601 244 245 2662 2643 
2602 2643 2662 2663 2644 
2603 2644 2663 2664 2645 
2604 2645 2664 2665 2646 
2605 2646 2665 2666 2647 
2606 2647 2666 2667 2648 
2607 2648 2667 2668 2649 
2608 2649 2668 2669 2650 
2609 2650 2669 2670 2651 
2610 2651 2670 2671 2652 
2611 2652 2671 2672 2653 
2612 2653 2672 2673 2654 
2613 2654 2673 2674 2655 
2614 2655 2674 2675 2656 
2615 2656 2675 2676 2657 
2616 2657 2676 2677 2658 
2617 2658 2677 2678 2659 
2618 2659 2678 2679 2660 
2619 2660 2679 2680 2661 
2620 2661 2680 341 342 
2621 245 246 2681 2662 
2622 2662 2681 2682 2663 
2623 2663 2682 2683 2664 
2624 2664 2683 2684 2665 
2625 2665 2684 2685 2666 
2626 2666 2685 2686 2667 
2627 2667 2686 2687 2668 
2628 2668 2687 2688 2669 
2629 2669 2688 2689 2670 
2630 2670 2689 2690 2671 
2631 2671 2690 2691 2672 
2632 2672 2691 2692 2673 
2633 2673 2692 2693 2674 
2634 2674 2693 2694 2675 
2635 2675 2694 2695 2676 
2636 2676 2695 2696 2677 
2637 2677 2696 2697 2678 
2638 2678 2697 2698 2679 
2639 2679 2698 2699 2680 
2640 2680 2699 340 341 
2641 246 247 2700 2681 
2642 2681 2700 2701 2682 
2643 2682 2701 2702 2683 
2644 2683 2702 2703 2684 
2645 2684 2703 2704 2685 
2646 2685 2704 2705 2686 
2647 2686 2705 2706 2687 
2648 2687 2706 2707 2688 
2649 2688 2707 2708 2689 
2650 2689 2708 2709 2690 
2651 2690 2709 2710 2691 
2652 2691 2710 2711 2692 
2653 2692 2711 2712 2693 
2654 2693 2712 2713 2694 
2655 2694 2713 2714 2695 
2656 2695 2714 2715 2696 
2657 2696 2715 2716 2697 
2658 2697 2716 2717 2698 
2659 2698 2717 2718 2699 
2660 2699 2718 339 340 
2661 247 248 2719 2700 
2662 2700 2719 2720 2701 
2663 2701 2720 2721 2702 
2664 2702 2721 2722 2703 
2665 2703 2722 2723 2704 
2666 2704 2723 2724 2705 
2667 2705 2724 2725 2706 
2668 2706 2725 2726 2707 
2669 2707 2726 2727 2708 
2670 2708 2727 2728 2709 
2671 2709 2728 2729 2710 
2672 2710 2729 2730 2711 
2673 2711 2730 2731 2712 
2674 2712 2731 2732 2713 
2675 2713 2732 2733 2714 
2676 2714 2733 2734 2715 
2677 2715 2734 2735 2716 
2678 2716 2735 2736 2717 
2679 2717 2736 2737 2718 
2680 2718 2737 338 339 
2681 248 249 2738 2719 
2682 2719 2738 2739 2720 
2683 2720 2739 2740 2721 
2684 2721 2740 2741 2722 
2685 2722 2741 2742 2723 
2686 2723 2742 2743 2724 
2687 2724 2743 2744 2725 
2688 2725 2744 2745 2726 
2689 2726 2745 2746 2727 
2690 2727 2746 2747 2728 
2691 2728 2747 2748 2729 
2692 2729 2748 2749 2730 
2693 2730 2749 2750 2731 
2694 2731 2750 2751 2732 
2695 2732 2751 2752 2733 
2696 2733 2752 2753 2734 
2697 2734 2753 2754 2735 
2698 2735 2754 2755 2736 
2699 2736 2755 2756 2737 
2700 2737 2756 337 338 
2701 249 250 2757 2738 
2702 2738 2757 2758 2739 
2703 2739 2758 2759 2740 
2704 2740 2759 2760 2741 
2705 2741 2760 2761 2742 
2706 2742 2761 2762 2743 
2707 2743 2762 2763 2744 
2708 2744 2763 2764 2745 
2709 2745 2764 2765 2746 
2710 2746 2765 2766 2747 
2711 2747 2766 2767 2748 
2712 2748 2767 2768 2749 
2713 2749 2768 2769 2750 
2714 2750 2769 2770 2751 
2715 2751 2770 2771 2752 
2716 2752 2771 2772 2753 
2717 2753 2772 2773 2754 
2718 2754 2773 2774 2755 
2719 2755 2774 2775 2756 
2720 2756 2775 336 337 
2721 250 251 2776 2757 
2722 2757 2776 2777 2758 
2723 2758 2777 2778 2759 
2724 2759 2778 2779 2760 
2725 2760 2779 2780 2761 
2726 2761 2780 2781 2762 
2727 2762 2781 2782 2763 
2728 2763 2782 2783 2764 
2729 2764 2783 2784 2765 
2730 2765 2784 2785 2766 
2731 2766 2785 2786 2767 
2732 2767 2786 2787 2768 
2733 2768 2787 2788 2769 
2734 2769 2788 2789 2770 
2735 2770 2789 2790 2771 
2736 2771 2790 2791 2772 
2737 2772 2791 2792 2773 
2738 2773 2792 2793 2774 
2739 2774 2793 2794 2775 
2740 2775 2794 335 336 
2741 251 252 2795 2776 
2742 2776 2795 2796 2777 
2743 2777 2796 2797 2778 
2744 2778 2797 2798 2779 
2745 2779 2798 2799 2780 
2746 2780 2799 2800 2781 
2747 2781 2800 2801 2782 
2748 2782 2801 2802 2783 
2749 2783 2802 2803 2784 
2750 2784 2803 2804 2785 
2751 2785 2804 2805 2786 
2752 2786 2805 2806 2787 
2753 2787 2806 2807 2788 
2754 2788 2807 2808 2789 
2755 2789 2808 2809 2790 
2756 2790 2809 2810 2791 
2757 2791 2810 2811 2792 
2758 2792 2811 2812 2793 
2759 2793 2812 2813 2794 
2760 2794 2813 334 335 
2761 252 253 2814 2795 
2762 2795 2814 2815 2796 
2763 2796 2815 2816 2797 
2764 2797 2816 2817 2798 
2765 2798 2817 2818 2799 
2766 2799 2818 2819 2800 
2767 2800 2819 2820 2801 
2768 2801 2820 2821 2802 
2769 2802 2821 2822 2803 
2770 2803 2822 2823 2804 
2771 2804 2823 2824 2805 
2772 2805 2824 2825 2806 
2773 2806 2825 2826 2807 
2774 2807 2826 2827 2808 
2775 2808 2827 2828 2809 
2776 2809 2828 2829 2810 
2777 2810 2829 2830 2811 
2778 2811 2830 2831 2812 
2779 2812 2831 2832 2813 
2780 2813 2832 333 334 
2781 253 254 2833 2814 
2782 2814 2833 2834 2815 
2783 2815 2834 2835 2816 
2784 2816 2835 2836 2817 
2785 2817 2836 2837 2818 
2786 2818 2837 2838 2819 
2787 2819 2838 2839 2820 
2788 2820 2839 2840 2821 
2789 2821 2840 2841 2822 
2790 2822 2841 2842 2823 
2791 2823 2842 2843 2824 
2792 2824 2843 2844 2825 
2793 2825 2844 2845 2826 
2794 2826 2845 2846 2827 
2795 2827 2846 2847 2828 
2796 2828 2847 2848 2829 
2797 2829 2848 2849 2830 
2798 2830 2849 2850 2831 
2799 2831 2850 2851 2832 
2800 2832 2851 332 333 
2801 254 255 2852 2833 
2802 2833 2852 2853 2834 
2803 2834 2853 2854 2835 
2804 2835 2854 2855 2836 
2805 2836 2855 2856 2837 
2806 2837 2856 2857 2838 
2807 2838 2857 2858 2839 
2808 2839 2858 2859 2840 
2809 2840 2859 2860 2841 
2810 2841 2860 2861 2842 
2811 2842 2861 2862 2843 
2812 2843 2862 2863 2844 
2813 2844 2863 2864 2845 
2814 2845 2864 2865 2846 
2815 2846 2865 2866 2847 
2816 2847 2866 2867 2848 
2817 2848 2867 2868 2849 
2818 2849 2868 2869 2850 
2819 2850 2869 2870 2851 
2820 2851 2870 331 332 
2821 255 256 2871 2852 
2822 2852 2871 2872 2853 
2823 2853 2872 2873 2854 
2824 2854 2873 2874 2855 
2825 2855 2874 2875 2856 
2826 2856 2875 2876 2857 
2827 2857 2876 2877 2858 
2828 2858 2877 2878 2859 
2829 2859 2878 2879 2860 
2830 2860 2879 2880 2861 
2831 2861 2880 2881 2862 
2832 2862 2881 2882 2863 
2833 2863 2882 2883 2864 
2834 2864 2883 2884 2865 
2835 2865 2884 2885 2866 
2836 2866 2885 2886 2867 
2837 2867 2886 2887 2868 
2838 2868 2887 2888 2869 
2839 2869 2888 2889 2870 
2840 2870 2889 330 331 
2841 256 257 2890 2871 
2842 2871 2890 2891 2872 
2843 2872 2891 2892 2873 
2844 2873 2892 2893 2874 
2845 2874 2893 2894 2875 
2846 2875 2894 2895 2876 
2847 2876 2895 2896 2877 
2848 2877 2896 2897 2878 
2849 2878 2897 2898 2879 
2850 2879 2898 2899 2880 
2851 2880 2899 2900 2881 
2852 2881 2900 2901 2882 
2853 2882 2901 2902 2883 
2854 2883 2902 2903 2884 
2855 2884 2903 2904 2885 
2856 2885 2904 2905 2886 
2857 2886 2905 2906 2887 
2858 2887 2906 2907 2888 
2859 2888 2907 2908 2889 
2860 2889 2908 329 330 
2861 257 258 2909 2890 
2862 2890 2909 2910 2891 
2863 2891 2910 2911 2892 
2864 2892 2911 2912 2893 
2865 2893 2912 2913 2894 
2866 2894 2913 2914 2895 
2867 2895 2914 2915 2896 
2868 2896 2915 2916 2897 
2869 2897 2916 2917 2898 
2870 2898 2917 2918 2899 
2871 2899 2918 2919 2900 
2872 2900 2919 2920 2901 
2873 2901 2920 2921 2902 
2874 2902 2921 2922 2903 
2875 2903 2922 2923 2904 
2876 2904 2923 2924 2905 
2877 2905 2924 2925 2906 
2878 2906 2925 2926 2907 
2879 2907 2926 2927 2908 
2880 2908 2927 328 329 
2881 258 259 2928 2909 
2882 2909 2928 2929 2910 
2883 2910 2929 2930 2911 
2884 2911 2930 2931 2912 
2885 2912 2931 2932 2913 
2886 2913 2932 2933 2914 
2887 2914 2933 2934 2915 
2888 2915 2934 2935 2916 
2889 2916 2935 2936 2917 
2890 2917 2936 2937 2918 
2891 2918 2937 2938 2919 
2892 2919 2938 2939 2920 
2893 2920 2939 2940 2921 
2894 2921 2940 2941 2922 
2895 2922 2941 2942 2923 
2896 2923 2942 2943 2924 
2897 2924 2943 2944 2925 
2898 2925 2944 2945 2926 
2899 2926 2945 2946 2927 
2900 2927 2946 327 328 
2901 259 260 2947 2928 
2902 2928 2947 2948 2929 
2903 2929 2948 2949 2930 
2904 2930 2949 2950 2931 
2905 2931 2950 2951 2932 
2906 2932 2951 2952 2933 
2907 2933 2952 2953 2934 
2908 2934 2953 2954 2935 
2909 2935 2954 2955 2936 
2910 2936 2955 2956 2937 
2911 2937 2956 2957 2938 
2912 2938 2957 2958 2939 
2913 2939 2958 2959 2940 
2914 2940 2959 2960 2941 
2915 2941 2960 2961 2942 
2916 2942 2961 2962 2943 
2917 2943 2962 2963 2944 
2918 2944 2963 2964 2945 
2919 2945 2964 2965 2946 
2920 2946 2965 326 327 
2921 260 261 2966 2947 
2922 2947 2966 2967 2948 
2923 2948 2967 2968 2949 
2924 2949 2968 2969 2950 
2925 2950 2969 2970 2951 
2926 2951 2970 2971 2952 
2927 2952 2971 2972 2953 
2928 2953 2972 2973 2954 
2929 2954 2973 2974 2955 
2930 2955 2974 2975 2956 
2931 2956 2975 2976 2957 
2932 2957 2976 2977 2958 
2933 2958 2977 2978 2959 
2934 2959 2978 2979 2960 
2935 2960 2979 2980 2961 
2936 2961 2980 2981 2962 
2937 2962 2981 2982 2963 
2938 2963 2982 2983 2964 
2939 2964 2983 2984 2965 
2940 2965 2984 325 326 
2941 261 262 2985 2966 
2942 2966 2985 2986 2967 
2943 2967 2986 2987 2968 
2944 2968 2987 2988 2969 
2945 2969 2988 2989 2970 
2946 2970 2989 2990 2971 
2947 2971 2990 2991 2972 
2948 2972 2991 2992 2973 
2949 2973 2992 2993 2974 
2950 2974 2993 2994 2975 
2951 2975 2994 2995 2976 
2952 2976 2995 2996 2977 
2953 2977 2996 2997 2978 
2954 2978 2997 2998 2979 
2955 2979 2998 2999 2980 
2956 2980 2999 3000 2981 
2957 2981 3000 3001 2982 
2958 2982 3001 3002 2983 
2959 2983 3002 3003 2984 
2960 2984 3003 324 325 
2961 262 263 3004 2985 
2962 2985 3004 3005 2986 
2963 2986 3005 3006 2987 
2964 2987 3006 3007 2988 
2965 2988 3007 3008 2989 
2966 2989 3008 3009 2990 
2967 2990 3009 3010 2991 
2968 2991 3010 3011 2992 
2969 2992 3011 3012 2993 
2970 2993 3012 3013 2994 
2971 2994 3013 3014 2995 
2972 2995 3014 3015 2996 
2973 2996 3015 3016 2997 
2974 2997 3016 3017 2998 
2975 2998 3017 3018 2999 
2976 2999 3018 3019 3000 
2977 3000 3019 3020 3001 
2978 3001 3020 3021 3002 
2979 3002 3021 3022 3003 
2980 3003 3022 323 324 
2981 263 264 3023 3004 
2982 3004 3023 3024 3005 
2983 3005 3024 3025 3006 
2984 3006 3025 3026 3007 
2985 3007 3026 3027 3008 
2986 3008 3027 3028 3009 
2987 3009 3028 3029 3010 
2988 3010 3029 3030 3011 
2989 3011 3030 3031 3012 
2990 3012 3031 3032 3013 
2991 3013 3032 3033 3014 
2992 3014 3033 3034 3015 
2993 3015 3034 3035 3016 
2994 3016 3035 3036 3017 
2995 3017 3036 3037 3018 
2996 3018 3037 3038 3019 
2997 3019 3038 3039 3020 
2998 3020 3039 3040 3021 
2999 3021 3040 3041 3022 
3000 3022 3041 322 323 
3001 264 265 3042 3023 
3002 3023 3042 3043 3024 
3003 3024 3043 3044 3025 
3004 3025 3044 3045 3026 
3005 3026 3045 3046 3027 
3006 3027 3046 3047 3028 
3007 3028 3047 3048 3029 
3008 3029 3048 3049 3030 
3009 3030 3049 3050 3031 
3010 3031 3050 3051 3032 
3011 3032 3051 3052 3033 
3012 3033 3052 3053 3034 
3013 3034 3053 3054 3035 
3014 3035 3054 3055 3036 
3015 3036 3055 3056 3037 
3016 3037 3056 3057 3038 
3017 3038 3057 3058 3039 
3018 3039 3058 3059 3040 
3019 3040 3059 3060 3041 
3020 3041 3060 321 322 
3021 265 266 3061 3042 
3022 3042 3061 3062 3043 
3023 3043 3062 3063 3044 
3024 3044 3063 3064 3045 
3025 3045 3064 3065 3046 
3026 3046 3065 3066 3047 
3027 3047 3066 3067 3048 
3028 3048 3067 3068 3049 
3029 3049 3068 3069 3050 
3030 3050 3069 3070 3051 
3031 3051 3070 3071 3052 
3032 3052 3071 3072 3053 
3033 3053 3072 3073 3054 
3034 3054 3073 3074 3055 
3035 3055 3074 3075 3056 
3036 3056 3075 3076 3057 
3037 3057 3076 3077 3058 
3038 3058 3077 3078 3059 
3039 3059 3078 3079 3060 
3040 3060 3079 320 321 
3041 266 267 3080 3061 
3042 3061 3080 3081 3062 
3043 3062 3081 3082 3063 
3044 3063 3082 3083 3064 
3045 3064 3083 3084 3065 
3046 3065 3084 3085 3066 
3047 3066 3085 3086 3067 
3048 3067 3086 3087 3068 
3049 3068 3087 3088 3069 
3050 3069 3088 3089 3070 
3051 3070 3089 3090 3071 
3052 3071 3090 3091 3072 
3053 3072 3091 3092 3073 
3054 3073 3092 3093 3074 
3055 3074 3093 3094 3075 
3056 3075 3094 3095 3076 
3057 3076 3095 3096 3077 
3058 3077 3096 3097 3078 
3059 3078 3097 3098 3079 
3060 3079 3098 319 320 
3061 267 268 3099 3080 
3062 3080 3099 3100 3081 
3063 3081 3100 3101 3082 
3064 3082 3101 3102 3083 
3065 3083 3102 3103 3084 
3066 3084 3103 3104 3085 
3067 3085 3104 3105 3086 
3068 3086 3105 3106 3087 
3069 3087 3106 3107 3088 
3070 3088 3107 3108 3089 
3071 3089 3108 3109 3090 
3072 3090 3109 3110 3091 
3073 3091 3110 3111 3092 
3074 3092 3111 3112 3093 
3075 3093 3112 3113 3094 
3076 3094 3113 3114 3095 
3077 3095 3114 3115 3096 
3078 3096 3115 3116 3097 
3079 3097 3116 3117 3098 
3080 3098 3117 318 319 
3081 268 269 3118 3099 
3082 3099 3118 3119 3100 
3083 3100 3119 3120 3101 
3084 3101 3120 3121 3102 
3085 3102 3121 3122 3103 
3086 3103 3122 3123 3104 
3087 3104 3123 3124 3105 
3088 3105 3124 3125 3106 
3089 3106 3125 3126 3107 
3090 3107 3126 3127 3108 
3091 3108 3127 3128 3109 
3092 3109 3128 3129 3110 
3093 3110 3129 3130 3111 
3094 3111 3130 3131 3112 
3095 3112 3131 3132 3113 
3096 3113 3132 3133 3114 
3097 3114 3133 3134 3115 
3098 3115 3134 3135 3116 
3099 3116 3135 3136 3117 
3100 3117 3136 317 318 
3101 269 270 3137 3118 
3102 3118 3137 3138 3119 
3103 3119 3138 3139 3120 
3104 3120 3139 3140 3121 
3105 3121 3140 3141 3122 
3106 3122 3141 3142 3123 
3107 3123 3142 3143 3124 
3108 3124 3143 3144 3125 
3109 3125 3144 3145 3126 
3110 3126 3145 3146 3127 
3111 3127 3146 3147 3128 
3112 3128 3147 3148 3129 
3113 3129 3148 3149 3130 
3114 3130 3149 3150 3131 
3115 3131 3150 3151 3132 
3116 3132 3151 3152 3133 
3117 3133 3152 3153 3134 
3118 3134 3153 3154 3135 
3119 3135 3154 3155 3136 
3120 3136 3155 316 317 
3121 270 271 3156 3137 
3122 3137 3156 3157 3138 
3123 3138 3157 3158 3139 
3124 3139 3158 3159 3140 
3125 3140 3159 3160 3141 
3126 3141 3160 3161 3142 
3127 3142 3161 3162 3143 
3128 3143 3162 3163 3144 
3129 3144 3163 3164 3145 
3130 3145 3164 3165 3146 
3131 3146 3165 3166 3147 
3132 3147 3166 3167 3148 
3133 3148 3167 3168 3149 
3134 3149 3168 3169 3150 
3135 3150 3169 3170 3151 
3136 3151 3170 3171 3152 
3137 3152 3171 3172 3153 
3138 3153 3172 3173 3154 
3139 3154 3173 3174 3155 
3140 3155 3174 315 316 
3141 271 272 3175 3156 
3142 3156 3175 3176 3157 
3143 3157 3176 3177 3158 
3144 3158 3177 3178 3159 
3145 3159 3178 3179 3160 
3146 3160 3179 3180 3161 
3147 3161 3180 3181 3162 
3148 3162 3181 3182 3163 
3149 3163 3182 3183 3164 
3150 3164 3183 3184 3165 
3151 3165 3184 3185 3166 
3152 3166 3185 3186 3167 
3153 3167 3186 3187 3168 
3154 3168 3187 3188 3169 
3155 3169 3188 3189 3170 
3156 3170 3189 3190 3171 
3157 3171 3190 3191 3172 
3158 3172 3191 3192 3173 
3159 3173 3192 3193 3174 
3160 3174 3193 314 315 
3161 272 273 3194 3175 
3162 3175 3194 3195 3176 
3163 3176 3195 3196 3177 
3164 3177 3196 3197 3178 
3165 3178 3197 3198 3179 
3166 3179 3198 3199 3180 
3167 3180 3199 3200 3181 
3168 3181 3200 3201 3182 
3169 3182 3201 3202 3183 
3170 3183 3202 3203 3184 
3171 3184 3203 3204 3185 
3172 3185 3204 3205 3186 
3173 3186 3205 3206 3187 
3174 3187 3206 3207 3188 
3175 3188 3207 3208 3189 
3176 3189 3208 3209 3190 
3177 3190 3209 3210 3191 
3178 3191 3210 3211 3192 
3179 3192 3211 3212 3193 
3180 3193 3212 313 314 
3181 273 274 3213 3194 
3182 3194 3213 3214 3195 
3183 3195 3214 3215 3196 
3184 3196 3215 3216 3197 
3185 3197 3216 3217 3198 
3186 3198 3217 3218 3199 
3187 3199 3218 3219 3200 
3188 3200 3219 3220 3201 
3189 3201 3220 3221 3202 
3190 3202 3221 3222 3203 
3191 3203 3222 3223 3204 
3192 3204 3223 3224 3205 
3193 3205 3224 3225 3206 
3194 3206 3225 3226 3207 
3195 3207 3226 3227 3208 
3196 3208 3227 3228 3209 
3197 3209 3228 3229 3210 
3198 3210 3229 3230 3211 
3199 3211 3230 3231 3212 
3200 3212 3231 312 313 
3201 274 275 3232 3213 
3202 3213 3232 3233 3214 
3203 3214 3233 3234 3215 
3204 3215 3234 3235 3216 
3205 3216 3235 3236 3217 
3206 3217 3236 3237 3218 
3207 3218 3237 3238 3219 
3208 3219 3238 3239 3220 
3209 3220 3239 3240 3221 
3210 3221 3240 3241 3222 
3211 3222 3241 3242 3223 
3212 3223 3242 3243 3224 
3213 3224 3243 3244 3225 
3214 3225 3244 3245 3226 
3215 3226 3245 3246 3227 
3216 3227 3246 3247 3228 
3217 3228 3247 3248 3229 
3218 3229 3248 3249 3230 
3219 3230 3249 3250 3231 
3220 3231 3250 311 312 
3221 275 276 3251 3232 
3222 3232 3251 3252 3233 
3223 3233 3252 3253 3234 
3224 3234 3253 3254 3235 
3225 3235 3254 3255 3236 
3226 3236 3255 3256 3237 
3227 3237 3256 3257 3238 
3228 3238 3257 3258 3239 
3229 3239 3258 3259 3240 
3230 3240 3259 3260 3241 
3231 3241 3260 3261 3242 
3232 3242 3261 3262 3243 
3233 3243 3262 3263 3244 
3234 3244 3263 3264 3245 
3235 3245 3264 3265 3246 
3236 3246 3265 3266 3247 
3237 3247 3266 3267 3248 
3238 3248 3267 3268 3249 
3239 3249 3268 3269 3250 
3240 3250 3269 310 311 
3241 276 277 3270 3251 
3242 3251 3270 3271 3252 
3243 3252 3271 3272 3253 
3244 3253 3272 3273 3254 
3245 3254 3273 3274 3255 
3246 3255 3274 3275 3256 
3247 3256 3275 3276 3257 
3248 3257 3276 3277 3258 
3249 3258 3277 3278 3259 
3250 3259 3278 3279 3260 
3251 3260 3279 3280 3261 
3252 3261 3280 3281 3262 
3253 3262 3281 3282 3263 
3254 3263 3282 3283 3264 
3255 3264 3283 3284 3265 
3256 3265 3284 3285 3266 
3257 3266 3285 3286 3267 
3258 3267 3286 3287 3268 
3259 3268 3287 3288 3269 
3260 3269 3288 309 310 
3261 277 278 3289 3270 
3262 3270 3289 3290 3271 
3263 3271 3290 3291 3272 
3264 3272 3291 3292 3273 
3265 3273 3292 3293 3274 
3266 3274 3293 3294 3275 
3267 3275 3294 3295 3276 
3268 3276 3295 3296 3277 
3269 3277 3296 3297 3278 
3270 3278 3297 3298 3279 
3271 3279 3298 3299 3280 
3272 3280 3299 3300 3281 
3273 3281 3300 3301 3282 
3274 3282 3301 3302 3283 
3275 3283 3302 3303 3284 
3276 3284 3303 3304 3285 
3277 3285 3304 3305 3286 
3278 3286 3305 3306 3287 
3279 3287 3306 3307 3288 
3280 3288 3307 308 309 
3281 278 279 3308 3289 
3282 3289 3308 3309 3290 
3283 3290 3309 3310 3291 
3284 3291 3310 3311 3292 
3285 3292 3311 3312 3293 
3286 3293 3312 3313 3294 
3287 3294 3313 3314 3295 
3288 3295 3314 3315 3296 
3289 3296 3315 3316 3297 
3290 3297 3316 3317 3298 
3291 3298 3317 3318 3299 
3292 3299 3318 3319 3300 
3293 3300 3319 3320 3301 
3294 3301 3320 3321 3302 
3295 3302 3321 3322 3303 
3296 3303 3322 3323 3304 
3297 3304 3323 3324 3305 
3298 3305 3324 3325 3306 
3299 3306 3325 3326 3307 
3300 3307 3326 307 308 
3301 279 280 3327 3308 
3302 3308 3327 3328 3309 
3303 3309 3328 3329 3310 
3304 3310 3329 3330 3311 
3305 3311 3330 3331 3312 
3306 3312 3331 3332 3313 
3307 3313 3332 3333 3314 
3308 3314 3333 3334 3315 
3309 3315 3334 3335 3316 
3310 3316 3335 3336 3317 
3311 3317 3336 3337 3318 
3312 3318 3337 3338 3319 
3313 3319 3338 3339 3320 
3314 3320 3339 3340 3321 
3315 3321 3340 3341 3322 
3316 3322 3341 3342 3323 
3317 3323 3342 3343 3324 
3318 3324 3343 3344 3325 
3319 3325 3344 3345 3326 
3320 3326 3345 306 307 
3321 280 281 3346 3327 
3322 3327 3346 3347 3328 
3323 3328 3347 3348 3329 
3324 3329 3348 3349 3330 
3325 3330 3349 3350 3331 
3326 3331 3350 3351 3332 
3327 3332 3351 3352 3333 
3328 3333 3352 3353 3334 
3329 3334 3353 3354 3335 
3330 3335 3354 3355 3336 
3331 3336 3355 3356 3337 
3332 3337 3356 3357 3338 
3333 3338 3357 3358 3339 
3334 3339 3358 3359 3340 
3335 3340 3359 3360 3341 
3336 3341 3360 3361 3342 
3337 3342 3361 3362 3343 
3338 3343 3362 3363 3344 
3339 3344 3363 3364 3345 
3340 3345 3364 305 306 
3341 281 282 3365 3346 
3342 3346 3365 3366 3347 
3343 3347 3366 3367 3348 
3344 3348 3367 3368 3349 
3345 3349 3368 3369 3350 
3346 3350 3369 3370 3351 
3347 3351 3370 3371 3352 
3348 3352 3371 3372 3353 
3349 3353 3372 3373 3354 
3350 3354 3373 3374 3355 
3351 3355 3374 3375 3356 
3352 3356 3375 3376 3357 
3353 3357 3376 3377 3358 
3354 3358 3377 3378 3359 
3355 3359 3378 3379 3360 
3356 3360 3379 3380 3361 
3357 3361 3380 3381 3362 
3358 3362 3381 3382 3363 
3359 3363 3382 3383 3364 
3360 3364 3383 304 305 
3361 282 283 3384 3365 
3362 3365 3384 3385 3366 
3363 3366 3385 3386 3367 
3364 3367 3386 3387 3368 
3365 3368 3387 3388 3369 
3366 3369 3388 3389 3370 
3367 3370 3389 3390 3371 
3368 3371 3390 3391 3372 
3369 3372 3391 3392 3373 
3370 3373 3392 3393 3374 
3371 3374 3393 3394 3375 
3372 3375 3394 3395 3376 
3373 3376 3395 3396 3377 
3374 3377 3396 3397 3378 
3375 3378 3397 3398 3379 
3376 3379 3398 3399 3380 
3377 3380 3399 3400 3381 
3378 3381 3400 3401 3382 
3379 3382 3401 3402 3383 
3380 3383 3402 303 304 
3381 283 6 284 3384 
3382 3384 284 285 3385 
3383 3385 285 286 3386 
3384 3386 286 287 3387 
3385 3387 287 288 3388 
3386 3388 288 289 3389 
3387 3389 289 290 3390 
3388 3390 290 291 3391 
3389 3391 291 292 3392 
3390 3392 292 293 3393 
3391 3393 293 294 3394 
3392 3394 294 295 3395 
3393 3395 295 296 3396 
3394 3396 296 297 3397 
3395 3397 297 298 3398 
3396 3398 298 299 3399 
3397 3399 299 300 3400 
3398 3400 300 301 3401 
3399 3401 301 302 3402 
3400 3402 302 7 303 
3 1 5 1600
3401 401 126 4 125 1902 205 5 400 
3402 402 401 125 124 1903 1902 400 399 
3403 403 402 124 123 1904 1903 399 398 
3404 404 403 123 122 1905 1904 398 397 
3405 405 404 122 121 1906 1905 397 396 
3406 406 405 121 120 1907 1906 396 395 
3407 407 406 120 119 1908 1907 395 394 
3408 408 407 119 118 1909 1908 394 393 
3409 409 408 118 117 1910 1909 393 392 
3410 410 409 117 116 1911 1910 392 391 
3411 411 410 116 115 1912 1911 391 390 
3412 412 411 115 114 1913 1912 390 389 
3413 413 412 114 113 1914 1913 389 388 
3414 414 413 113 112 1915 1914 388 387 
3415 415 414 112 111 1916 1915 387 386 
3416 416 415 111 110 1917 1916 386 385 
3417 417 416 110 109 1918 1917 385 384 
3418 418 417 109 108 1919 1918 384 383 
3419 419 418 108 107 1920 1919 383 382 
3420 106 419 107 3 381 1920 382 8 
3421 420 127 126 401 1921 206 205 1902 
3422 421 420 401 402 1922 1921 1902 1903 
3423 422 421 402 403 1923 1922 1903 1904 
3424 423 422 403 404 1924 1923 1904 1905 
3425 424 423 404 405 1925 1924 1905 1906 
3426 425 424 405 406 1926 1925 1906 1907 
3427 426 425 406 407 1927 1926 1907 1908 
3428 427 426 407 408 1928 1927 1908 1909 
3429 428 427 408 409 1929 1928 1909 1910 
3430 429 428 409 410 1930 1929 1910 1911 
3431 430 429 410 411 1931 1930 1911 1912 
3432 431 430 411 412 1932 1931 1912 1913 
3433 432 431 412 413 1933 1932 1913 1914 
3434 433 432 413 414 1934 1933 1914 1915 
3435 434 433 414 415 1935 1934 1915 1916 
3436 435 434 415 416 1936 1935 1916 1917 
3437 436 435 416 417 1937 1936 1917 1918 
3438 437 436 417 418 1938 1937 1918 1919 
3439 438 437 418 419 1939 1938 1919 1920 
3440 105 438 419 106 380 1939 1920 381 
3441 439 128 127 420 1940 207 206 1921 
3442 440 439 420 421 1941 1940 1921 1922 
3443 441 440 421 422 1942 1941 1922 1923 
3444 442 441 422 423 1943 1942 1923 1924 
3445 443 442 423 424 1944 1943 1924 1925 
3446 444 443 424 425 1945 1944 1925 1926 
3447 445 444 425 426 1946 1945 1926 1927 
3448 446 445 426 427 1947 1946 1927 1928 
3449 447 446 427 428 1948 1947 1928 1929 
3450 448 447 428 429 1949 1948 1929 1930 
3451 449 448 429 430 1950 1949 1930 1931 
3452 450 449 430 431 1951 1950 1931 1932 
3453 451 450 431 432 1952 1951 1932 1933 
3454 452 451 432 433 1953 1952 1933 1934 
3455 453 452 433 434 1954 1953 1934 1935 
3456 454 453 434 435 1955 1954 1935 1936 
3457 455 454 435 436 1956 1955 1936 1937 
3458 456 455 436 437 1957 1956 1937 1938 
3459 457 456 437 438 1958 1957 1938 1939 
3460 104 457 438 105 379 1958 1939 380 
3461 458 129 128 439 1959 208 207 1940 
3462 459 458 439 440 1960 1959 1940 1941 
3463 460 459 440 441 1961 1960 1941 1942 
3464 461 460 441 442 1962 1961 1942 1943 
3465 462 461 442 443 1963 1962 1943 1944 
3466 463 462 443 444 1964 1963 1944 1945 
3467 464 463 444 445 1965 1964 1945 1946 
3468 465 464 445 446 1966 1965 1946 1947 
3469 466 465 446 447 1967 1966 1947 1948 
3470 467 466 447 448 1968 1967 1948 1949 
3471 468 467 448 449 1969 1968 1949 1950 
3472 469 468 449 450 1970 1969 1950 1951 
3473 470 469 450 451 1971 1970 1951 1952 
3474 471 470 451 452 1972 1971 1952 1953 
3475 472 471 452 453 1973 1972 1953 1954 
3476 473 472 453 454 1974 1973 1954 1955 
3477 474 473 454 455 1975 1974 1955 1956 
3478 475 474 455 456 1976 1975 1956 1957 
3479 476 475 456 457 1977 1976 1957 1958 
3480 103 476 457 104 378 1977 1958 379 
3481 477 130 129 458 1978 209 208 1959 
3482 478 477 458 459 1979 1978 1959 1960 
3483 479 478 459 460 1980 1979 1960 1961 
3484 480 479 460 461 1981 1980 1961 1962 
3485 481 480 461 462 1982 1981 1962 1963 
3486 482 481 462 463 1983 1982 1963 1964 
3487 483 482 463 464 1984 1983 1964 1965 
3488 484 483 464 465 1985 1984 1965 1966 
3489 485 484 465 466 1986 1985 1966 1967 
3490 486 485 466 467 1987 1986 1967 1968 
3491 487 486 467 468 1988 1987 1968 1969 
3492 488 487 468 469 1989 1988 1969 1970 
3493 489 488 469 470 1990 1989 1970 1971 
3494 490 489 470 471 1991 1990 1971 1972 
3495 491 490 471 472 1992 1991 1972 1973 
3496 492 491 472 473 1993 1992 1973 1974 
3497 493 492 473 474 1994 1993 1974 1975 
3498 494 493 474 475 1995 1994 1975 1976 
3499 495 494 475 476 1996 1995 1976 1977 
3500 102 495 476 103 377 1996 1977 378 
3501 496 131 130 477 1997 210 209 1978 
3502 497 496 477 478 1998 1997 1978 1979 
3503 498 497 478 479 1999 1998 1979 1980 
3504 499 498 479 480 2000 1999 1980 1981 
3505 500 499 480 481 2001 2000 1981 1982 
3506 501 500 481 482 2002 2001 1982 1983 
3507 502 501 482 483 2003 2002 1983 1984 
3508 503 502 483 484 2004 2003 1984 1985 
3509 504 503 484 485 2005 2004 1985 1986 
3510 505 504 485 486 2006 2005 1986 1987 
3511 506 505 486 487 2007 2006 1987 1988 
3512 507 506 487 488 2008 2007 1988 1989 
3513 508 507 488 489 2009 2008 1989 1990 
3514 509 508 489 490 2010 2009 1990 1991 
3515 510 509 490 491 2011 2010 1991 1992 
3516 511 510 491 492 2012 2011 1992 1993 
3517 512 511 492 493 2013 2012 1993 1994 
3518 513 512 493 494 2014 2013 1994 1995 
3519 514 513 494 495 2015 2014 1995 1996 
3520 101 514 495 102 376 2015 1996 377 
3521 515 132 131 496 2016 211 210 1997 
3522 516 515 496 497 2017 2016 1997 1998 
3523 517 516 497 498 2018 2017 1998 1999 
3524 518 517 498 499 2019 2018 1999 2000 
3525 519 518 499 500 2020 2019 2000 2001 
3526 520 519 500 501 2021 2020 2001 2002 
3527 521 520 501 502 2022 2021 2002 2003 
3528 522 521 502 503 2023 2022 2003 2004 
3529 523 522 503 504 2024 2023 2004 2005 
3530 524 523 504 505 2025 2024 2005 2006 
3531 525 524 505 506 2026 2025 2006 2007 
3532 526 525 506 507 2027 2026 2007 2008 
3533 527 526 507 508 2028 2027 2008 2009 
3534 528 527 508 509 2029 2028 2009 2010 
3535 529 528 509 510 2030 2029 2010 2011 
3536 530 529 510 511 2031 2030 2011 2012 
3537 531 530 511 512 2032 2031 2012 2013 
3538 532 531 512 513 2033 2032 2013 2014 
3539 533 532 513 514 2034 2033 2014 2015 
3540 100 533 514 101 375 2034 2015 376 
3541 534 133 132 515 2035 212 211 2016 
3542 535 534 515 516 2036 2035 2016 2017 
3543 536 535 516 517 2037 2036 2017 2018 
3544 537 536 517 518 2038 2037 2018 2019 
3545 538 537 518 519 2039 2038 2019 2020 
3546 539 538 519 520 2040 2039 2020 2021 
3547 540 539 520 521 2041 2040 2021 2022 
3548 541 540 521 522 2042 2041 2022 2023 
3549 542 541 522 523 2043 2042 2023 2024 
3550 543 542 523 524 2044 2043 2024 2025 
3551 544 543 524 525 2045 2044 2025 2026 
3552 545 544 525 526 2046 2045 2026 2027 
3553 546 545 526 527 2047 2046 2027 2028 
3554 547 546 527 528 2048 2047 2028 2029 
3555 548 547 528 529 2049 2048 2029 2030 
3556 549 548 529 530 2050 2049 2030 2031 
3557 550 549 530 531 2051 2050 2031 2032 
3558 551 550 531 532 2052 2051 2032 2033 
3559 552 551 532 533 2053 2052 2033 2034 
3560 99 552 533 100 374 2053 2034 375 
3561 553 134 133 534 2054 213 212 2035 
3562 554 553 534 535 2055 2054 2035 2036 
3563 555 554 535 536 2056 2055 2036 2037 
3564 556 555 536 537 2057 2056 2037 2038 
3565 557 556 537 538 2058 2057 2038 2039 
3566 558 557 538 539 2059 2058 2039 2040 
3567 559 558 539 540 2060 2059 2040 2041 
3568 560 559 540 541 2061 2060 2041 2042 
3569 561 560 541 542 2062 2061 2042 2043 
3570 562 561 542 543 2063 2062 2043 2044 
3571 563 562 543 544 2064 2063 2044 2045 
3572 564 563 544 545 2065 2064 2045 2046 
3573 565 564 545 546 2066 2065 2046 2047 
3574 566 565 546 547 2067 2066 2047 2048 
3575 567 566 547 548 2068 2067 2048 2049 
3576 568 567 548 549 2069 2068 2049 2050 
3577 569 568 549 550 2070 2069 2050 2051 
3578 570 569 550 551 2071 2070 2051 2052 
3579 571 570 551 552 2072 2071 2052 2053 
3580 98 571 552 99 373 2072 2053 374 
3581 572 135 134 553 2073 214 213 2054 
3582 573 572 553 554 2074 2073 2054 2055 
3583 574 573 554 555 2075 2074 2055 2056 
3584 575 574 555 556 2076 2075 2056 2057 
3585 576 575 556 557 2077 2076 2057 2058 
3586 577 576 557 558 2078 2077 2058 2059 
3587 578 577 558 559 2079 2078 2059 2060 
3588 579 578 559 560 2080 2079 2060 2061 
3589 580 579 560 561 2081 2080 2061 2062 
3590 581 580 561 562 2082 2081 2062 2063 
3591 582 581 562 563 2083 2082 2063 2064 
3592 583 582 563 564 2084 2083 2064 2065 
3593 584 583 564 565 2085 2084 2065 2066 
3594 585 584 565 566 2086 2085 2066 2067 
3595 586 585 566 567 2087 2086 2067 2068 
3596 587 586 567 568 2088 2087 2068 2069 
3597 588 587 568 569 2089 2088 2069 2070 
3598 589 588 569 570 2090 2089 2070 2071 
3599 590 589 570 571 2091 2090 2071 2072 
3600 97 590 571 98 372 2091 2072 373 
3601 591 136 135 572 2092 215 214 2073 
3602 592 591 572 573 2093 2092 2073 2074 
3603 593 592 573 574 2094 2093 2074 2075 
3604 594 593 574 575 2095 2094 2075 2076 
3605 595 594 575 576 2096 2095 2076 2077 
3606 596 595 576 577 2097 2096 2077 2078 
3607 597 596 577 578 2098 2097 2078 2079 
3608 598 597 578 579 2099 2098 2079 2080 
3609 599 598 579 580 2100 2099 2080 2081 
3610 600 599 580 581 2101 2100 2081 2082 
3611 601 600 581 582 2102 2101 2082 2083 
3612 602 601 582 583 2103 2102 2083 2084 
3613 603 602 583 584 2104 2103 2084 2085 
3614 604 603 584 585 2105 2104 2085 2086 
3615 605 604 585 586 2106 2105 2086 2087 
3616 606 605 586 587 2107 2106 2087 2088 
3617 607 606 587 588 2108 2107 2088 2089 
3618 608 607 588 589 2109 2108 2089 2090 
3619 609 608 589 590 2110 2109 2090 2091 
3620 96 609 590 97 371 2110 2091 372 
3621 610 137 136 591 2111 216 215 2092 
3622 611 610 591 592 2112 2111 2092 2093 
3623 612 611 592 593 2113 2112 2093 2094 
3624 613 612 593 594 2114 2113 2094 2095 
3625 614 613 594 595 2115 2114 2095 2096 
3626 615 614 595 596 2116 2115 2096 2097 
3627 616 615 596 597 2117 2116 2097 2098 
3628 617 616 597 598 2118 2117 2098 2099 
3629 618 617 598 599 2119 2118 2099 2100 
3630 619 618 599 600 2120 2119 2100 2101 
3631 620 619 600 601 2121 2120 2101 2102 
3632 621 620 601 602 2122 2121 2102 2103 
3633 622 621 602 603 2123 2122 2103 2104 
3634 623 622 603 604 2124 2123 2104 2105 
3635 624 623 604 605 2125 2124 2105 2106 
3636 625 624 605 606 2126 2125 2106 2107 
3637 626 625 606 607 2127 2126 2107 2108 
3638 627 626 607 608 2128 2127 2108 2109 
3639 628 627 608 609 2129 2128 2109 2110 
3640 95 628 609 96 370 2129 2110 371 
3641 629 138 137 610 2130 217 216 2111 
3642 630 629 610 611 2131 2130 2111 2112 
3643 631 630 611 612 2132 2131 2112 2113 
3644 632 631 612 613 2133 2132 2113 2114 
3645 633 632 613 614 2134 2133 2114 2115 
3646 634 633 614 615 2135 2134 2115 2116 
3647 635 634 615 616 2136 2135 2116 2117 
3648 636 635 616 617 2137 2136 2117 2118 
3649 637 636 617 618 2138 2137 2118 2119 
3650 638 637 618 619 2139 2138 2119 2120 
3651 639 638 619 620 2140 2139 2120 2121 
3652 640 639 620 621 2141 2140 2121 2122 
3653 641 640 621 622 2142 2141 2122 2123 
3654 642 641 622 623 2143 2142 2123 2124 
3655 643 642 623 624 2144 2143 2124 2125 
3656 644 643 624 625 2145 2144 2125 2126 
3657 645 644 625 626 2146 2145 2126 2127 
3658 646 645 626 627 2147 2146 2127 2128 
3659 647 646 627 628 2148 2147 2128 2129 
3660 94 647 628 95 369 2148 2129 370 
3661 648 139 138 629 2149 218 217 2130 
3662 649 648 629 630 2150 2149 2130 2131 
3663 650 649 630 631 2151 2150 2131 2132 
3664 651 650 631 632 2152 2151 2132 2133 
3665 652 651 632 633 2153 2152 2133 2134 
3666 653 652 633 634 2154 2153 2134 2135 
3667 654 653 634 635 2155 2154 2135 2136 
3668 655 654 635 636 2156 2155 2136 2137 
3669 656 655 636 637 2157 2156 2137 2138 
3670 657 656 637 638 2158 2157 2138 2139 
3671 658 657 638 639 2159 2158 2139 2140 
3672 659 658 639 640 2160 2159 2140 2141 
3673 660 659 640 641 2161 2160 2141 2142 
3674 661 660 641 642 2162 2161 2142 2143 
3675 662 661 642 643 2163 2162 2143 2144 
3676 663 662 643 644 2164 2163 2144 2145 
3677 664 663 644 645 2165 2164 2145 2146 
3678 665 664 645 646 2166 2165 2146 2147 
3679 666 665 646 647 2167 2166 2147 2148 
3680 93 666 647 94 368 2167 2148 369 
3681 667 140 139 648 2168 219 218 2149 
3682 668 667 648 649 2169 2168 2149 2150 
3683 669 668 649 650 2170 2169 2150 2151 
3684 670 669 650 651 2171 2170 2151 2152 
3685 671 670 651 652 2172 2171 2152 2153 
3686 672 671 652 653 2173 2172 2153 2154 
3687 673 672 653 654 2174 2173 2154 2155 
3688 674 673 654 655 2175 2174 2155 2156 
3689 675 674 655 656 2176 2175 2156 2157 
3690 676 675 656 657 2177 2176 2157 2158 
3691 677 676 657 658 2178 2177 2158 2159 
3692 678 677 658 659 2179 2178 2159 2160 
3693 679 678 659 660 2180 2179 2160 2161 
3694 680 679 660 661 2181 2180 2161 2162 
3695 681 680 661 662 2182 2181 2162 2163 
3696 682 681 662 663 2183 2182 2163 2164 
3697 683 682 663 664 2184 2183 2164 2165 
3698 684 683 664 665 2185 2184 2165 2166 
3699 685 684 665 666 2186 2185 2166 2167 
3700 92 685 666 93 367 2186 2167 368 
3701 686 141 140 667 2187 220 219 2168 
3702 687 686 667 668 2188 2187 2168 2169 
3703 688 687 668 669 2189 2188 2169 2170 
3704 689 688 669 670 2190 2189 2170 2171 
3705 690 689 670 671 2191 2190 2171 2172 
3706 691 690 671 672 2192 2191 2172 2173 
3707 692 691 672 673 2193 2192 2173 2174 
3708 693 692 673 674 2194 2193 2174 2175 
3709 694 693 674 675 2195 2194 2175 2176 
3710 695 694 675 676 2196 2195 2176 2177 
3711 696 695 676 677 2197 2196 2177 2178 
3712 697 696 677 678 2198 2197 2178 2179 
3713 698 697 678 679 2199 2198 2179 2180 
3714 699 698 679 680 2200 2199 2180 2181 
3715 700 699 680 681 2201 2200 2181 2182 
3716 701 700 681 682 2202 2201 2182 2183 
3717 702 701 682 683 2203 2202 2183 2184 
3718 703 702 683 684 2204 2203 2184 2185 
3719 704 703 684 685 2205 2204 2185 2186 
3720 91 704 685 92 366 2205 2186 367 
3721 705 142 141 686 2206 221 220 2187 
3722 706 705 686 687 2207 2206 2187 2188 
3723 707 706 687 688 2208 2207 2188 2189 
3724 708 707 688 689 2209 2208 2189 2190 
3725 709 708 689 690 2210 2209 2190 2191 
3726 710 709 690 691 2211 2210 2191 2192 
3727 711 710 691 692 2212 2211 2192 2193 
3728 712 711 692 693 2213 2212 2193 2194 
3729 713 712 693 694 2214 2213 2194 2195 
3730 714 713 694 695 2215 2214 2195 2196 
3731 715 714 695 696 2216 2215 2196 2197 
3732 716 715 696 697 2217 2216 2197 2198 
3733 717 716 697 698 2218 2217 2198 2199 
3734 718 717 698 699 2219 2218 2199 2200 
3735 719 718 699 700 2220 2219 2200 2201 
3736 720 719 700 701 2221 2220 2201 2202 
3737 721 720 701 702 2222 2221 2202 2203 
3738 722 721 702 703 2223 2222 2203 2204 
3739 723 722 703 704 2224 2223 2204 2205 
3740 90 723 704 91 365 2224 2205 366 
3741 724 143 142 705 2225 222 221 2206 
3742 725 724 705 706 2226 2225 2206 2207 
3743 726 725 706 707 2227 2226 2207 2208 
3744 727 726 707 708 2228 2227 2208 2209 
3745 728 727 708 709 2229 2228 2209 2210 
3746 729 728 709 710 2230 2229 2210 2211 
3747 730 729 710 711 2231 2230 2211 2212 
3748 731 730 711 712 2232 2231 2212 2213 
3749 732 731 712 713 2233 2232 2213 2214 
3750 733 732 713 714 2234 2233 2214 2215 
3751 734 733 714 715 2235 2234 2215 2216 
3752 735 734 715 716 2236 2235 2216 2217 
3753 736 735 716 717 2237 2236 2217 2218 
3754 737 736 717 718 2238 2237 2218 2219 
3755 738 737 718 719 2239 2238 2219 2220 
3756 739 738 719 720 2240 2239 2220 2221 
3757 740 739 720 721 2241 2240 2221 2222 
3758 741 740 721 722 2242 2241 2222 2223 
3759 742 741 722 723 2243 2242 2223 2224 
3760 89 742 723 90 364 2243 2224 365 
3761 743 144 143 724 2244 223 222 2225 
3762 744 743 724 725 2245 2244 2225 2226 
3763 745 744 725 726 2246 2245 2226 2227 
3764 746 745 726 727 2247 2246 2227 2228 
3765 747 746 727 728 2248 2247 2228 2229 
3766 748 747 728 729 2249 2248 2229 2230 
3767 749 748 729 730 2250 2249 2230 2231 
3768 750 749 730 731 2251 2250 2231 2232 
3769 751 750 731 732 2252 2251 2232 2233 
3770 752 751 732 733 2253 2252 2233 2234 
3771 753 752 733 734 2254 2253 2234 2235 
3772 754 753 734 735 2255 2254 2235 2236 
3773 755 754 735 736 2256 2255 2236 2237 
3774 756 755 736 737 2257 2256 2237 2238 
3775 757 756 737 738 2258 2257 2238 2239 
3776 758 757 738 739 2259 2258 2239 2240 
3777 759 758 739 740 2260 2259 2240 2241 
3778 760 759 740 741 2261 2260 2241 2242 
3779 761 760 741 742 2262 2261 2242 2243 
3780 88 761 742 89 363 2262 2243 364 
3781 762 145 144 743 2263 224 223 2244 
3782 763 762 743 744 2264 2263 2244 2245 
3783 764 763 744 745 2265 2264 2245 2246 
3784 765 764 745 746 2266 2265 2246 2247 
3785 766 765 746 747 2267 2266 2247 2248 
3786 767 766 747 748 2268 2267 2248 2249 
3787 768 767 748 749 2269 2268 2249 2250 
3788 769 768 749 750 2270 2269 2250 2251 
3789 770 769 750 751 2271 2270 2251 2252 
3790 771 770 751 752 2272 2271 2252 2253 
3791 772 771 752 753 2273 2272 2253 2254 
3792 773 772 753 754 2274 2273 2254 2255 
3793 774 773 754 755 2275 2274 2255 2256 
3794 775 774 755 756 2276 2275 2256 2257 
3795 776 775 756 757 2277 2276 2257 2258 
3796 777 776 757 758 2278 2277 2258 2259 
3797 778 777 758 759 2279 2278 2259 2260 
3798 779 778 759 760 2280 2279 2260 2261 
3799 780 779 760 761 2281 2280 2261 2262 
3800 87 780 761 88 362 2281 2262 363 
3801 781 146 145 762 2282 225 224 2263 
3802 782 781 762 763 2283 2282 2263 2264 
3803 783 782 763 764 2284 2283 2264 2265 
3804 784 783 764 765 2285 2284 2265 2266 
3805 785 784 765 766 2286 2285 2266 2267 
3806 786 785 766 767 2287 2286 2267 2268 
3807 787 786 767 768 2288 2287 2268 2269 
3808 788 787 768 769 2289 2288 2269 2270 
3809 789 788 769 770 2290 2289 2270 2271 
3810 790 789 770 771 2291 2290 2271 2272 
3811 791 790 771 772 2292 2291 2272 2273 
3812 792 791 772 773 2293 2292 2273 2274 
3813 793 792 773 774 2294 2293 2274 2275 
3814 794 793 774 775 2295 2294 2275 2276 
3815 795 794 775 776 2296 2295 2276 2277 
3816 796 795 776 777 2297 2296 2277 2278 
3817 797 796 777 778 2298 2297 2278 2279 
3818 798 797 778 779 2299 2298 2279 2280 
3819 799 798 779 780 2300 2299 2280 2281 
3820 86 799 780 87 361 2300 2281 362 
3821 800 147 146 781 2301 226 225 2282 
3822 801 800 781 782 2302 2301 2282 2283 
3823 802 801 782 783 2303 2302 2283 2284 
3824 803 802 783 784 2304 2303 2284 2285 
3825 804 803 784 785 2305 2304 2285 2286 
3826 805 804 785 786 2306 2305 2286 2287 
3827 806 805 786 787 2307 2306 2287 2288 
3828 807 806 787 788 2308 2307 2288 2289 
3829 808 807 788 789 2309 2308 2289 2290 
3830 809 808 789 790 2310 2309 2290 2291 
3831 810 809 790 791 2311 2310 2291 2292 
3832 811 810 791 792 2312 2311 2292 2293 
3833 812 811 792 793 2313 2312 2293 2294 
3834 813 812 793 794 2314 2313 2294 2295 
3835 814 813 794 795 2315 2314 2295 2296 
3836 815 814 795 796 2316 2315 2296 2297 
3837 816 815 796 797 2317 2316 2297 2298 
3838 817 816 797 798 2318 2317 2298 2299 
3839 818 817 798 799 2319 2318 2299 2300 
3840 85 818 799 86 360 2319 2300 361 
3841 819 148 147 800 2320 227 226 2301 
3842 820 819 800 801 2321 2320 2301 2302 
3843 821 820 801 802 2322 2321 2302 2303 
3844 822 821 802 803 2323 2322 2303 2304 
3845 823 822 803 804 2324 2323 2304 2305 
3846 824 823 804 805 2325 2324 2305 2306 
3847 825 824 805 806 2326 2325 2306 2307 
3848 826 825 806 807 2327 2326 2307 2308 
3849 827 826 807 808 2328 2327 2308 2309 
3850 828 827 808 809 2329 2328 2309 2310 
3851 829 828 809 810 2330 2329 2310 2311 
3852 830 829 810 811 2331 2330 2311 2312 
3853 831 830 811 812 2332 2331 2312 2313 
3854 832 831 812 813 2333 2332 2313 2314 
3855 833 832 813 814 2334 2333 2314 2315 
3856 834 833 814 815 2335 2334 2315 2316 
3857 835 834 815 816 2336 2335 2316 2317 
3858 836 835 816 817 2337 2336 2317 2318 
3859 837 836 817 818 2338 2337 2318 2319 
3860 84 837 818 85 359 2338 2319 360 
3861 838 149 148 819 2339 228 227 2320 
3862 839 838 819 820 2340 2339 2320 2321 
3863 840 839 820 821 2341 2340 2321 2322 
3864 841 840 821 822 2342 2341 2322 2323 
3865 842 841 822 823 2343 2342 2323 2324 
3866 843 842 823 824 2344 2343 2324 2325 
3867 844 843 824 825 2345 2344 2325 2326 
3868 845 844 825 826 2346 2345 2326 2327 
3869 846 845 826 827 2347 2346 2327 2328 
3870 847 846 827 828 2348 2347 2328 2329 
3871 848 847 828 829 2349 2348 2329 2330 
3872 849 848 829 830 2350 2349 2330 2331 
3873 850 849 830 831 2351 2350 2331 2332 
3874 851 850 831 832 2352 2351 2332 2333 
3875 852 851 832 833 2353 2352 2333 2334 
3876 853 852 833 834 2354 2353 2334 2335 
3877 854 853 834 835 2355 2354 2335 2336 
3878 855 854 835 836 2356 2355 2336 2337 
3879 856 855 836 837 2357 2356 2337 2338 
3880 83 856 837 84 358 2357 2338 359 
3881 857 150 149 838 2358 229 228 2339 
3882 858 857 838 839 2359 2358 2339 2340 
3883 859 858 839 840 2360 2359 2340 2341 
3884 860 859 840 841 2361 2360 2341 2342 
3885 861 860 841 842 2362 2361 2342 2343 
3886 862 861 842 843 2363 2362 2343 2344 
3887 863 862 843 844 2364 2363 2344 2345 
3888 864 863 844 845 2365 2364 2345 2346 
3889 865 864 845 846 2366 2365 2346 2347 
3890 866 865 846 847 2367 2366 2347 2348 
3891 867 866 847 848 2368 2367 2348 2349 
3892 868 867 848 849 2369 2368 2349 2350 
3893 869 868 849 850 2370 2369 2350 2351 
3894 870 869 850 851 2371 2370 2351 2352 
3895 871 870 851 852 2372 2371 2352 2353 
3896 872 871 852 853 2373 2372 2353 2354 
3897 873 872 853 854 2374 2373 2354 2355 
3898 874 873 854 855 2375 2374 2355 2356 
3899 875 874 855 856 2376 2375 2356 2357 
3900 82 875 856 83 357 2376 2357 358 
3901 876 151 150 857 2377 230 229 2358 
3902 877 876 857 858 2378 2377 2358 2359 
3903 878 877 858 859 2379 2378 2359 2360 
3904 879 878 859 860 2380 2379 2360 2361 
3905 880 879 860 861 2381 2380 2361 2362 
3906 881 880 861 862 2382 2381 2362 2363 
3907 882 881 862 863 2383 2382 2363 2364 
3908 883 882 863 864 2384 2383 2364 2365 
3909 884 883 864 865 2385 2384 2365 2366 
3910 885 884 865 866 2386 2385 2366 2367 
3911 886 885 866 867 2387 2386 2367 2368 
3912 887 886 867 868 2388 2387 2368 2369 
3913 888 887 868 869 2389 2388 2369 2370 
3914 889 888 869 870 2390 2389 2370 2371 
3915 890 889 870 871 2391 2390 2371 2372 
3916 891 890 871 872 2392 2391 2372 2373 
3917 892 891 872 873 2393 2392 2373 2374 
3918 893 892 873 874 2394 2393 2374 2375 
3919 894 893 874 875 2395 2394 2375 2376 
3920 81 894 875 82 356 2395 2376 357 
3921 895 152 151 876 2396 231 230 2377 
3922 896 895 876 877 2397 2396 2377 2378 
3923 897 896 877 878 2398 2397 2378 2379 
3924 898 897 878 879 2399 2398 2379 2380 
3925 899 898 879 880 2400 2399 2380 2381 
3926 900 899 880 881 2401 2400 2381 2382 
3927 901 900 881 882 2402 2401 2382 2383 
3928 902 901 882 883 2403 2402 2383 2384 
3929 903 902 883 884 2404 2403 2384 2385 
3930 904 903 884 885 2405 2404 2385 2386 
3931 905 904 885 886 2406 2405 2386 2387 
3932 906 905 886 887 2407 2406 2387 2388 
3933 907 906 887 888 2408 2407 2388 2389 
3934 908 907 888 889 2409 2408 2389 2390 
3935 909 908 889 890 2410 2409 2390 2391 
3936 910 909 890 891 2411 2410 2391 2392 
3937 911 910 891 892 2412 2411 2392 2393 
3938 912 911 892 893 2413 2412 2393 2394 
3939 913 912 893 894 2414 2413 2394 2395 
3940 80 913 894 81 355 2414 2395 356 
3941 914 153 152 895 2415 232 231 2396 
3942 915 914 895 896 2416 2415 2396 2397 
3943 916 915 896 897 2417 2416 2397 2398 
3944 917 916 897 898 2418 2417 2398 2399 
3945 918 917 898 899 2419 2418 2399 2400 
3946 919 918 899 900 2420 2419 2400 2401 
3947 920 919 900 901 2421 2420 2401 2402 
3948 921 920 901 902 2422 2421 2402 2403 
3949 922 921 902 903 2423 2422 2403 2404 
3950 923 922 903 904 2424 2423 2404 2405 
3951 924 923 904 905 2425 2424 2405 2406 
3952 925 924 905 906 2426 2425 2406 2407 
3953 926 925 906 907 2427 2426 2407 2408 
3954 927 926 907 908 2428 2427 2408 2409 
3955 928 927 908 909 2429 2428 2409 2410 
3956 929 928 909 910 2430 2429 2410 2411 
3957 930 929 910 911 2431 2430 2411 2412 
3958 931 930 911 912 2432 2431 2412 2413 
3959 932 931 912 913 2433 2432 2413 2414 
3960 79 932 913 80 354 2433 2414 355 
3961 933 154 153 914 2434 233 232 2415 
3962 934 933 914 915 2435 2434 2415 2416 
3963 935 934 915 916 2436 2435 2416 2417 
3964 936 935 916 917 2437 2436 2417 2418 
3965 937 936 917 918 2438 2437 2418 2419 
3966 938 937 918 919 2439 2438 2419 2420 
3967 939 938 919 920 2440 2439 2420 2421 
3968 940 939 920 921 2441 2440 2421 2422 
3969 941 940 921 922 2442 2441 2422 2423 
3970 942 941 922 923 2443 2442 2423 2424 
3971 943 942 923 924 2444 2443 2424 2425 
3972 944 943 924 925 2445 2444 2425 2426 
3973 945 944 925 926 2446 2445 2426 2427 
3974 946 945 926 927 2447 2446 2427 2428 
3975 947 946 927 928 2448 2447 2428 2429 
3976 948 947 928 929 2449 2448 2429 2430 
3977 949 948 929 930 2450 2449 2430 2431 
3978 950 949 930 931 2451 2450 2431 2432 
3979 951 950 931 932 2452 2451 2432 2433 
3980 78 951 932 79 353 2452 2433 354 
3981 952 155 154 933 2453 234 233 2434 
3982 953 952 933 934 2454 2453 2434 2435 
3983 954 953 934 935 2455 2454 2435 2436 
3984 955 954 935 936 2456 2455 2436 2437 
3985 956 955 936 937 2457 2456 2437 2438 
3986 957 956 937 938 2458 2457 2438 2439 
3987 958 957 938 939 2459 2458 2439 2440 
3988 959 958 939 940 2460 2459 2440 2441 
3989 960 959 940 941 2461 2460 2441 2442 
3990 961 960 941 942 2462 2461 2442 2443 
3991 962 961 942 943 2463 2462 2443 2444 
3992 963 962 943 944 2464 2463 2444 2445 
3993 964 963 944 945 2465 2464 2445 2446 
3994 965 964 945 946 2466 2465 2446 2447 
3995 966 965 946 947 2467 2466 2447 2448 
3996 967 966 947 948 2468 2467 2448 2449 
3997 968 967 948 949 2469 2468 2449 2450 
3998 969 968 949 950 2470 2469 2450 2451 
3999 970 969 950 951 2471 2470 2451 2452 
4000 77 970 951 78 352 2471 2452 353 
4001 971 156 155 952 2472 235 234 2453 
4002 972 971 952 953 2473 2472 2453 2454 
4003 973 972 953 954 2474 2473 2454 2455 
4004 974 973 954 955 2475 2474 2455 2456 
4005 975 974 955 956 2476 2475 2456 2457 
4006 976 975 956 957 2477 2476 2457 2458 
4007 977 976 957 958 2478 2477 2458 2459 
4008 978 977 958 959 2479 2478 2459 2460 
4009 979 978 959 960 2480 2479 2460 2461 
4010 980 979 960 961 2481 2480 2461 2462 
4011 981 980 961 962 2482 2481 2462 2463 
4012 982 981 962 963 2483 2482 2463 2464 
4013 983 982 963 964 2484 2483 2464 2465 
4014 984 983 964 965 2485 2484 2465 2466 
4015 985 984 965 966 2486 2485 2466 2467 
4016 986 985 966 967 2487 2486 2467 2468 
4017 987 986 967 968 2488 2487 2468 2469 
4018 988 987 968 969 2489 2488 2469 2470 
4019 989 988 969 970 2490 2489 2470 2471 
4020 76 989 970 77 351 2490 2471 352 
4021 990 157 156 971 2491 236 235 2472 
4022 991 990 971 972 2492 2491 2472 2473 
4023 992 991 972 973 2493 2492 2473 2474 
4024 993 992 973 974 2494 2493 2474 2475 
4025 994 993 974 975 2495 2494 2475 2476 
4026 995 994 975 976 2496 2495 2476 2477 
4027 996 995 976 977 2497 2496 2477 2478 
4028 997 996 977 978 2498 2497 2478 2479 
4029 998 997 978 979 2499 2498 2479 2480 
4030 999 998 979 980 2500 2499 2480 2481 
4031 1000 999 980 981 2501 2500 2481 2482 
4032 1001 1000 981 982 2502 2501 2482 2483 
4033 1002 1001 982 983 2503 2502 2483 2484 
4034 1003 1002 983 984 2504 2503 2484 2485 
4035 1004 1003 984 985 2505 2504 2485 2486 
4036 1005 1004 985 986 2506 2505 2486 2487 
4037 1006 1005 986 987 2507 2506 2487 2488 
4038 1007 1006 987 988 2508 2507 2488 2489 
4039 1008 1007 988 989 2509 2508 2489 2490 
4040 75 1008 989 76 350 2509 2490 351 
4041 1009 158 157 990 2510 237 236 2491 
4042 1010 1009 990 991 2511 2510 2491 2492 
4043 1011 1010 991 992 2512 2511 2492 2493 
4044 1012 1011 992 993 2513 2512 2493 2494 
4045 1013 1012 993 994 2514 2513 2494 2495 
4046 1014 1013 994 995 2515 2514 2495 2496 
4047 1015 1014 995 996 2516 2515 2496 2497 
4048 1016 1015 996 997 2517 2516 2497 2498 
4049 1017 1016 997 998 2518 2517 2498 2499 
4050 1018 1017 998 999 2519 2518 2499 2500 
4051 1019 1018 999 1000 2520 2519 2500 2501 
4052 1020 1019 1000 1001 2521 2520 2501 2502 
4053 1021 1020 1001 1002 2522 2521 2502 2503 
4054 1022 1021 1002 1003 2523 2522 2503 2504 
4055 1023 1022 1003 1004 2524 2523 2504 2505 
4056 1024 1023 1004 1005 2525 2524 2505 2506 
4057 1025 1024 1005 1006 2526 2525 2506 2507 
4058 1026 1025 1006 1007 2527 2526 2507 2508 
4059 1027 1026 1007 1008 2528 2527 2508 2509 
4060 74 1027 1008 75 349 2528 2509 350 
4061 1028 159 158 1009 2529 238 237 2510 
4062 1029 1028 1009 1010 2530 2529 2510 2511 
4063 1030 1029 1010 1011 2531 2530 2511 2512 
4064 1031 1030 1011 1012 2532 2531 2512 2513 
4065 1032 1031 1012 1013 2533 2532 2513 2514 
4066 1033 1032 1013 1014 2534 2533 2514 2515 
4067 1034 1033 1014 1015 2535 2534 2515 2516 
4068 1035 1034 1015 1016 2536 2535 2516 2517 
4069 1036 1035 1016 1017 2537 2536 2517 2518 
4070 1037 1036 1017 1018 2538 2537 2518 2519 
4071 1038 1037 1018 1019 2539 2538 2519 2520 
4072 1039 1038 1019 1020 2540 2539 2520 2521 
4073 1040 1039 1020 1021 2541 2540 2521 2522 
4074 1041 1040 1021 1022 2542 2541 2522 2523 
4075 1042 1041 1022 1023 2543 2542 2523 2524 
4076 1043 1042 1023 1024 2544 2543 2524 2525 
4077 1044 1043 1024 1025 2545 2544 2525 2526 
4078 1045 1044 1025 1026 2546 2545 2526 2527 
4079 1046 1045 1026 1027 2547 2546 2527 2528 
4080 73 1046 1027 74 348 2547 2528 349 
4081 1047 160 159 1028 2548 239 238 2529 
4082 1048 1047 1028 1029 2549 2548 2529 2530 
4083 1049 1048 1029 1030 2550 2549 2530 2531 
4084 1050 1049 1030 1031 2551 2550 2531 2532 
4085 1051 1050 1031 1032 2552 2551 2532 2533 
4086 1052 1051 1032 1033 2553 2552 2533 2534 
4087 1053 1052 1033 1034 2554 2553 2534 2535 
4088 1054 1053 1034 1035 2555 2554 2535 2536 
4089 1055 1054 1035 1036 2556 2555 2536 2537 
4090 1056 1055 1036 1037 2557 2556 2537 2538 
4091 1057 1056 1037 1038 2558 2557 2538 2539 
4092 1058 1057 1038 1039 2559 2558 2539 2540 
4093 1059 1058 1039 1040 2560 2559 2540 2541 
4094 1060 1059 1040 1041 2561 2560 2541 2542 
4095 1061 1060 1041 1042 2562 2561 2542 2543 
4096 1062 1061 1042 1043 2563 2562 2543 2544 
4097 1063 1062 1043 1044 2564 2563 2544 2545 
4098 1064 1063 1044 1045 2565 2564 2545 2546 
4099 1065 1064 1045 1046 2566 2565 2546 2547 
4100 72 1065 1046 73 347 2566 2547 348 
4101 1066 161 160 1047 2567 240 239 2548 
4102 1067 1066 1047 1048 2568 2567 2548 2549 
4103 1068 1067 1048 1049 2569 2568 2549 2550 
4104 1069 1068 1049 1050 2570 2569 2550 2551 
4105 1070 1069 1050 1051 2571 2570 2551 2552 
4106 1071 1070 1051 1052 2572 2571 2552 2553 
4107 1072 1071 1052 1053 2573 2572 2553 2554 
4108 1073 1072 1053 1054 2574 2573 2554 2555 
4109 1074 1073 1054 1055 2575 2574 2555 2556 
4110 1075 1074 1055 1056 2576 2575 2556 2557 
4111 1076 1075 1056 1057 2577 2576 2557 2558 
4112 1077 1076 1057 1058 2578 2577 2558 2559 
4113 1078 1077 1058 1059 2579 2578 2559 2560 
4114 1079 1078 1059 1060 2580 2579 2560 2561 
4115 1080 1079 1060 1061 2581 2580 2561 2562 
4116 1081 1080 1061 1062 2582 2581 2562 2563 
4117 1082 1081 1062 1063 2583 2582 2563 2564 
4118 1083 1082 1063 1064 2584 2583 2564 2565 
4119 1084 1083 1064 1065 2585 2584 2565 2566 
4120 71 1084 1065 72 346 2585 2566 347 
4121 1085 162 161 1066 2586 241 240 2567 
4122 1086 1085 1066 1067 2587 2586 2567 2568 
4123 1087 1086 1067 1068 2588 2587 2568 2569 
4124 1088 1087 1068 1069 2589 2588 2569 2570 
4125 1089 1088 1069 1070 2590 2589 2570 2571 
4126 1090 1089 1070 1071 2591 2590 2571 2572 
4127 1091 1090 1071 1072 2592 2591 2572 2573 
4128 1092 1091 1072 1073 2593 2592 2573 2574 
4129 1093 1092 1073 1074 2594 2593 2574 2575 
4130 1094 1093 1074 1075 2595 2594 2575 2576 
4131 1095 1094 1075 1076 2596 2595 2576 2577 
4132 1096 1095 1076 1077 2597 2596 2577 2578 
4133 1097 1096 1077 1078 2598 2597 2578 2579 
4134 1098 1097 1078 1079 2599 2598 2579 2580 
4135 1099 1098 1079 1080 2600 2599 2580 2581 
4136 1100 1099 1080 1081 2601 2600 2581 2582 
4137 1101 1100 1081 1082 2602 2601 2582 2583 
4138 1102 1101 1082 1083 2603 2602 2583 2584 
4139 1103 1102 1083 1084 2604 2603 2584 2585 
4140 70 1103 1084 71 345 2604 2585 346 
4141 1104 163 162 1085 2605 242 241 2586 
4142 1105 1104 1085 1086 2606 2605 2586 2587 
4143 1106 1105 1086 1087 2607 2606 2587 2588 
4144 1107 1106 1087 1088 2608 2607 2588 2589 
4145 1108 1107 1088 1089 2609 2608 2589 2590 
4146 1109 1108 1089 1090 2610 2609 2590 2591 
4147 1110 1109 1090 1091 2611 2610 2591 2592 
4148 1111 1110 1091 1092 2612 2611 2592 2593 
4149 1112 1111 1092 1093 2613 2612 2593 2594 
4150 1113 1112 1093 1094 2614 2613 2594 2595 
4151 1114 1113 1094 1095 2615 2614 2595 2596 
4152 1115 1114 1095 1096 2616 2615 2596 2597 
4153 1116 1115 1096 1097 2617 2616 2597 2598 
4154 1117 1116 1097 1098 2618 2617 2598 2599 
4155 1118 1117 1098 1099 2619 2618 2599 2600 
4156 1119 1118 1099 1100 2620 2619 2600 2601 
4157 1120 1119 1100 1101 2621 2620 2601 2602 
4158 1121 1120 1101 1102 2622 2621 2602 2603 
4159 1122 1121 1102 1103 2623 2622 2603 2604 
4160 69 1122 1103 70 344 2623 2604 345 
4161 1123 164 163 1104 2624 243 242 2605 
4162 1124 1123 1104 1105 2625 2624 2605 2606 
4163 1125 1124 1105 1106 2626 2625 2606 2607 
4164 1126 1125 1106 1107 2627 2626 2607 2608 
4165 1127 1126 1107 1108 2628 2627 2608 2609 
4166 1128 1127 1108 1109 2629 2628 2609 2610 
4167 1129 1128 1109 1110 2630 2629 2610 2611 
4168 1130 1129 1110 1111 2631 2630 2611 2612 
4169 1131 1130 1111 1112 2632 2631 2612 2613 
4170 1132 1131 1112 1113 2633 2632 2613 2614 
4171 1133 1132 1113 1114 2634 2633 2614 2615 
4172 1134 1133 1114 1115 2635 2634 2615 2616 
4173 1135 1134 1115 1116 2636 2635 2616 2617 
4174 1136 1135 1116 1117 2637 2636 2617 2618 
4175 1137 1136 1117 1118 2638 2637 2618 2619 
4176 1138 1137 1118 1119 2639 2638 2619 2620 
4177 1139 1138 1119 1120 2640 2639 2620 2621 
4178 1140 1139 1120 1121 2641 2640 2621 2622 
4179 1141 1140 1121 1122 2642 2641 2622 2623 
4180 68 1141 1122 69 343 2642 2623 344 
4181 1142 165 164 1123 2643 244 243 2624 
4182 1143 1142 1123 1124 2644 2643 2624 2625 
4183 1144 1143 1124 1125 2645 2644 2625 2626 
4184 1145 1144 1125 1126 2646 2645 2626 2627 
4185 1146 1145 1126 1127 2647 2646 2627 2628 
4186 1147 1146 1127 1128 2648 2647 2628 2629 
4187 1148 1147 1128 1129 2649 2648 2629 2630 
4188 1149 1148 1129 1130 2650 2649 2630 2631 
4189 1150 1149 1130 1131 2651 2650 2631 2632 
4190 1151 1150 1131 1132 2652 2651 2632 2633 
4191 1152 1151 1132 1133 2653 2652 2633 2634 
4192 1153 1152 1133 1134 2654 2653 2634 2635 
4193 1154 1153 1134 1135 2655 2654 2635 2636 
4194 1155 1154 1135 1136 2656 2655 2636 2637 
4195 1156 1155 1136 1137 2657 2656 2637 2638 
4196 1157 1156 1137 1138 2658 2657 2638 2639 
4197 1158 1157 1138 1139 2659 2658 2639 2640 
4198 1159 1158 1139 1140 2660 2659 2640 2641 
4199 1160 1159 1140 1141 2661 2660 2641 2642 
4200 67 1160 1141 68 342 2661 2642 343 
4201 1161 166 165 1142 2662 245 244 2643 
4202 1162 1161 1142 1143 2663 2662 2643 2644 
4203 1163 1162 1143 1144 2664 2663 2644 2645 
4204 1164 1163 1144 1145 2665 2664 2645 2646 
4205 1165 1164 1145 1146 2666 2665 2646 2647 
4206 1166 1165 1146 1147 2667 2666 2647 2648 
4207 1167 1166 1147 1148 2668 2667 2648 2649 
4208 1168 1167 1148 1149 2669 2668 2649 2650 
4209 1169 1168 1149 1150 2670 2669 2650 2651 
4210 1170 1169 1150 1151 2671 2670 2651 2652 
4211 1171 1170 1151 1152 2672 2671 2652 2653 
4212 1172 1171 1152 1153 2673 2672 2653 2654 
4213 1173 1172 1153 1154 2674 2673 2654 2655 
4214 1174 1173 1154 1155 2675 2674 2655 2656 
4215 1175 1174 1155 1156 2676 2675 2656 2657 
4216 1176 1175 1156 1157 2677 2676 2657 2658 
4217 1177 1176 1157 1158 2678 2677 2658 2659 
4218 1178 1177 1158 1159 2679 2678 2659 2660 
4219 1179 1178 1159 1160 2680 2679 2660 2661 
4220 66 1179 1160 67 341 2680 2661 342 
4221 1180 167 166 1161 2681 246 245 2662 
4222 1181 1180 1161 1162 2682 2681 2662 2663 
4223 1182 1181 1162 1163 2683 2682 2663 2664 
4224 1183 1182 1163 1164 2684 2683 2664 2665 
4225 1184 1183 1164 1165 2685 2684 2665 2666 
4226 1185 1184 1165 1166 2686 2685 2666 2667 
4227 1186 1185 1166 1167 2687 2686 2667 2668 
4228 1187 1186 1167 1168 2688 2687 2668 2669 
4229 1188 1187 1168 1169 2689 2688 2669 2670 
4230 1189 1188 1169 1170 2690 2689 2670 2671 
4231 1190 1189 1170 1171 2691 2690 2671 2672 
4232 1191 1190 1171 1172 2692 2691 2672 2673 
4233 1192 1191 1172 1173 2693 2692 2673 2674 
4234 1193 1192 1173 1174 2694 2693 2674 2675 
4235 1194 1193 1174 1175 2695 2694 2675 2676 
4236 1195 1194 1175 1176 2696 2695 2676 2677 
4237 1196 1195 1176 1177 2697 2696 2677 2678 
4238 1197 1196 1177 1178 2698 2697 2678 2679 
4239 1198 1197 1178 1179 2699 2698 2679 2680 
4240 65 1198 1179 66 340 2699 2680 341 
4241 1199 168 167 1180 2700 247 246 2681 
4242 1200 1199 1180 1181 2701 2700 2681 2682 
4243 1201 1200 1181 1182 2702 2701 2682 2683 
4244 1202 1201 1182 1183 2703 2702 2683 2684 
4245 1203 1202 1183 1184 2704 2703 2684 2685 
4246 1204 1203 1184 1185 2705 2704 2685 2686 
4247 1205 1204 1185 1186 2706 2705 2686 2687 
4248 1206 1205 1186 1187 2707 2706 2687 2688 
4249 1207 1206 1187 1188 2708 2707 2688 2689 
4250 1208 1207 1188 1189 2709 2708 2689 2690 
4251 1209 1208 1189 1190 2710 2709 2690 2691 
4252 1210 1209 1190 1191 2711 2710 2691 2692 
4253 1211 1210 1191 1192 2712 2711 2692 2693 
4254 1212 1211 1192 1193 2713 2712 2693 2694 
4255 1213 1212 1193 1194 2714 2713 2694 2695 
4256 1214 1213 1194 1195 2715 2714 2695 2696 
4257 1215 1214 1195 1196 2716 2715 2696 2697 
4258 1216 1215 1196 1197 2717 2716 2697 2698 
4259 1217 1216 1197 1198 2718 2717 2698 2699 
4260 64 1217 1198 65 339 2718 2699 340 
4261 1218 169 168 1199 2719 248 247 2700 
4262 1219 1218 1199 1200 2720 2719 2700 2701 
4263 1220 1219 1200 1201 2721 2720 2701 2702 
4264 1221 1220 1201 1202 2722 2721 2702 2703 
4265 1222 1221 1202 1203 2723 2722 2703 2704 
4266 1223 1222 1203 1204 2724 2723 2704 2705 
4267 1224 1223 1204 1205 2725 2724 2705 2706 
4268 1225 1224 1205 1206 2726 2725 2706 2707 
4269 1226 1225 1206 1207 2727 2726 2707 2708 
4270 1227 1226 1207 1208 2728 2727 2708 2709 
4271 1228 1227 1208 1209 2729 2728 2709 2710 
4272 1229 1228 1209 1210 2730 2729 2710 2711 
4273 1230 1229 1210 1211 2731 2730 2711 2712 
4274 1231 1230 1211 1212 2732 2731 2712 2713 
4275 1232 1231 1212 1213 2733 2732 2713 2714 
4276 1233 1232 1213 1214 2734 2733 2714 2715 
4277 1234 1233 1214 1215 2735 2734 2715 2716 
4278 1235 1234 1215 1216 2736 2735 2716 2717 
4279 1236 1235 1216 1217 2737 2736 2717 2718 
4280 63 1236 1217 64 338 2737 2718 339 
4281 1237 170 169 1218 2738 249 248 2719 
4282 1238 1237 1218 1219 2739 2738 2719 2720 
4283 1239 1238 1219 1220 2740 2739 2720 2721 
4284 1240 1239 1220 1221 2741 2740 2721 2722 
4285 1241 1240 1221 1222 2742 2741 2722 2723 
4286 1242 1241 1222 1223 2743 2742 2723 2724 
4287 1243 1242 1223 1224 2744 2743 2724 2725 
4288 1244 1243 1224 1225 2745 2744 2725 2726 
4289 1245 1244 1225 1226 2746 2745 2726 2727 
4290 1246 1245 1226 1227 2747 2746 2727 2728 
4291 1247 1246 1227 1228 2748 2747 2728 2729 
4292 1248 1247 1228 1229 2749 2748 2729 2730 
4293 1249 1248 1229 1230 2750 2749 2730 2731 
4294 1250 1249 1230 1231 2751 2750 2731 2732 
4295 1251 1250 1231 1232 2752 2751 2732 2733 
4296 1252 1251 1232 1233 2753 2752 2733 2734 
4297 1253 1252 1233 1234 2754 2753 2734 2735 
4298 1254 1253 1234 1235 2755 2754 2735 2736 
4299 1255 1254 1235 1236 2756 2755 2736 2737 
4300 62 1255 1236 63 337 2756 2737 338 
4301 1256 171 170 1237 2757 250 249 2738 
4302 1257 1256 1237 1238 2758 2757 2738 2739 
4303 1258 1257 1238 1239 2759 2758 2739 2740 
4304 1259 1258 1239 1240 2760 2759 2740 2741 
4305 1260 1259 1240 1241 2761 2760 2741 2742 
4306 1261 1260 1241 1242 2762 2761 2742 2743 
4307 1262 1261 1242 1243 2763 2762 2743 2744 
4308 1263 1262 1243 1244 2764 2763 2744 2745 
4309 1264 1263 1244 1245 2765 2764 2745 2746 
4310 1265 1264 1245 1246 2766 2765 2746 2747 
4311 1266 1265 1246 1247 2767 2766 2747 2748 
4312 1267 1266 1247 1248 2768 2767 2748 2749 
4313 1268 1267 1248 1249 2769 2768 2749 2750 
4314 1269 1268 1249 1250 2770 2769 2750 2751 
4315 1270 1269 1250 1251 2771 2770 2751 2752 
4316 1271 1270 1251 1252 2772 2771 2752 2753 
4317 1272 1271 1252 1253 2773 2772 2753 2754 
4318 1273 1272 1253 1254 2774 2773 2754 2755 
4319 1274 1273 1254 1255 2775 2774 2755 2756 
4320 61 1274 1255 62 336 2775 2756 337 
4321 1275 172 171 1256 2776 251 250 2757 
4322 1276 1275 1256 1257 2777 2776 2757 2758 
4323 1277 1276 1257 1258 2778 2777 2758 2759 
4324 1278 1277 1258 1259 2779 2778 2759 2760 
4325 1279 1278 1259 1260 2780 2779 2760 2761 
4326 1280 1279 1260 1261 2781 2780 2761 2762 
4327 1281 1280 1261 1262 2782 2781 2762 2763 
4328 1282 1281 1262 1263 2783 2782 2763 2764 
4329 1283 1282 1263 1264 2784 2783 2764 2765 
4330 1284 1283 1264 1265 2785 2784 2765 2766 
4331 1285 1284 1265 1266 2786 2785 2766 2767 
4332 1286 1285 1266 1267 2787 2786 2767 2768 
4333 1287 1286 1267 1268 2788 2787 2768 2769 
4334 1288 1287 1268 1269 2789 2788 2769 2770 
4335 1289 1288 1269 1270 2790 2789 2770 2771 
4336 1290 1289 1270 1271 2791 2790 2771 2772 
4337 1291 1290 1271 1272 2792 2791 2772 2773 
4338 1292 1291 1272 1273 2793 2792 2773 2774 
4339 1293 1292 1273 1274 2794 2793 2774 2775 
4340 60 1293 1274 61 335 2794 2775 336 
4341 1294 173 172 1275 2795 252 251 2776 
4342 1295 1294 1275 1276 2796 2795 2776 2777 
4343 1296 1295 1276 1277 2797 2796 2777 2778 
4344 1297 1296 1277 1278 2798 2797 2778 2779 
4345 1298 1297 1278 1279 2799 2798 2779 2780 
4346 1299 1298 1279 1280 2800 2799 2780 2781 
4347 1300 1299 1280 1281 2801 2800 2781 2782 
4348 1301 1300 1281 1282 2802 2801 2782 2783 
4349 1302 1301 1282 1283 2803 2802 2783 2784 
4350 1303 1302 1283 1284 2804 2803 2784 2785 
4351 1304 1303 1284 1285 2805 2804 2785 2786 
4352 1305 1304 1285 1286 2806 2805 2786 2787 
4353 1306 1305 1286 1287 2807 2806 2787 2788 
4354 1307 1306 1287 1288 2808 2807 2788 2789 
4355 1308 1307 1288 1289 2809 2808 2789 2790 
4356 1309 1308 1289 1290 2810 2809 2790 2791 
4357 1310 1309 1290 1291 2811 2810 2791 2792 
4358 1311 1310 1291 1292 2812 2811 2792 2793 
4359 1312 1311 1292 1293 2813 2812 2793 2794 
4360 59 1312 1293 60 334 2813 2794 335 
4361 1313 174 173 1294 2814 253 252 2795 
4362 1314 1313 1294 1295 2815 2814 2795 2796 
4363 1315 1314 1295 1296 2816 2815 2796 2797 
4364 1316 1315 1296 1297 2817 2816 2797 2798 
4365 1317 1316 1297 1298 2818 2817 2798 2799 
4366 1318 1317 1298 1299 2819 2818 2799 2800 
4367 1319 1318 1299 1300 2820 2819 2800 2801 
4368 1320 1319 1300 1301 2821 2820 2801 2802 
4369 1321 1320 1301 1302 2822 2821 2802 2803 
4370 1322 1321 1302 1303 2823 2822 2803 2804 
4371 1323 1322 1303 1304 2824 2823 2804 2805 
4372 1324 1323 1304 1305 2825 2824 2805 2806 
4373 1325 1324 1305 1306 2826 2825 2806 2807 
4374 1326 1325 1306 1307 2827 2826 2807 2808 
4375 1327 1326 1307 1308 2828 2827 2808 2809 
4376 1328 1327 1308 1309 2829 2828 2809 2810 
4377 1329 1328 1309 1310 2830 2829 2810 2811 
4378 1330 1329 1310 1311 2831 2830 2811 2812 
4379 1331 1330 1311 1312 2832 2831 2812 2813 
4380 58 1331 1312 59 333 2832 2813 334 
4381 1332 175 174 1313 2833 254 253 2814 
4382 1333 1332 1313 1314 2834 2833 2814 2815 
4383 1334 1333 1314 1315 2835 2834 2815 2816 
4384 1335 1334 1315 1316 2836 2835 2816 2817 
4385 1336 1335 1316 1317 2837 2836 2817 2818 
4386 1337 1336 1317 1318 2838 2837 2818 2819 
4387 1338 1337 1318 1319 2839 2838 2819 2820 
4388 1339 1338 1319 1320 2840 2839 2820 2821 
4389 1340 1339 1320 1321 2841 2840 2821 2822 
4390 1341 1340 1321 1322 2842 2841 2822 2823 
4391 1342 1341 1322 1323 2843 2842 2823 2824 
4392 1343 1342 1323 1324 2844 2843 2824 2825 
4393 1344 1343 1324 1325 2845 2844 2825 2826 
4394 1345 1344 1325 1326 2846 2845 2826 2827 
4395 1346 1345 1326 1327 2847 2846 2827 2828 
4396 1347 1346 1327 1328 2848 2847 2828 2829 
4397 1348 1347 1328 1329 2849 2848 2829 2830 
4398 1349 1348 1329 1330 2850 2849 2830 2831 
4399 1350 1349 1330 1331 2851 2850 2831 2832 
4400 57 1350 1331 58 332 2851 2832 333 
4401 1351 176 175 1332 2852 255 254 2833 
4402 1352 1351 1332 1333 2853 2852 2833 2834 
4403 1353 1352 1333 1334 2854 2853 2834 2835 
4404 1354 1353 1334 1335 2855 2854 2835 2836 
4405 1355 1354 1335 1336 2856 2855 2836 2837 
4406 1356 1355 1336 1337 2857 2856 2837 2838 
4407 1357 1356 1337 1338 2858 2857 2838 2839 
4408 1358 1357 1338 1339 2859 2858 2839 2840 
4409 1359 1358 1339 1340 2860 2859 2840 2841 
4410 1360 1359 1340 1341 2861 2860 2841 2842 
4411 1361 1360 1341 1342 2862 2861 2842 2843 
4412 1362 1361 1342 1343 2863 2862 2843 2844 
4413 1363 1362 1343 1344 2864 2863 2844 2845 
4414 1364 1363 1344 1345 2865 2864 2845 2846 
4415 1365 1364 1345 1346 2866 2865 2846 2847 
4416 1366 1365 1346 1347 2867 2866 2847 2848 
4417 1367 1366 1347 1348 2868 2867 2848 2849 
4418 1368 1367 1348 1349 2869 2868 2849 2850 
4419 1369 1368 1349 1350 2870 2869 2850 2851 
4420 56 1369 1350 57 331 2870 2851 332 
4421 1370 177 176 1351 2871 256 255 2852 
4422 1371 1370 1351 1352 2872 2871 2852 2853 
4423 1372 1371 1352 1353 2873 2872 2853 2854 
4424 1373 1372 1353 1354 2874 2873 2854 2855 
4425 1374 1373 1354 1355 2875 2874 2855 2856 
4426 1375 1374 1355 1356 2876 2875 2856 2857 
4427 1376 1375 1356 1357 2877 2876 2857 2858 
4428 1377 1376 1357 1358 2878 2877 2858 2859 
4429 1378 1377 1358 1359 2879 2878 2859 2860 
4430 1379 1378 1359 1360 2880 2879 2860 2861 
4431 1380 1379 1360 1361 2881 2880 2861 2862 
4432 1381 1380 1361 1362 2882 2881 2862 2863 
4433 1382 1381 1362 1363 2883 2882 2863 2864 
4434 1383 1382 1363 1364 2884 2883 2864 2865 
4435 1384 1383 1364 1365 2885 2884 2865 2866 
4436 1385 1384 1365 1366 2886 2885 2866 2867 
4437 1386 1385 1366 1367 2887 2886 2867 2868 
4438 1387 1386 1367 1368 2888 2887 2868 2869 
4439 1388 1387 1368 1369 2889 2888 2869 2870 
4440 55 1388 1369 56 330 2889 2870 331 
4441 1389 178 177 1370 2890 257 256 2871 
4442 1390 1389 1370 1371 2891 2890 2871 2872 
4443 1391 1390 1371 1372 2892 2891 2872 2873 
4444 1392 1391 1372 1373 2893 2892 2873 2874 
4445 1393 1392 1373 1374 2894 2893 2874 2875 
4446 1394 1393 1374 1375 2895 2894 2875 2876 
4447 1395 1394 1375 1376 2896 2895 2876 2877 
4448 1396 1395 1376 1377 2897 2896 2877 2878 
4449 1397 1396 1377 1378 2898 2897 2878 2879 
4450 1398 1397 1378 1379 2899 2898 2879 2880 
4451 1399 1398 1379 1380 2900 2899 2880 2881 
4452 1400 1399 1380 1381 2901 2900 2881 2882 
4453 1401 1400 1381 1382 2902 2901 2882 2883 
4454 1402 1401 1382 1383 2903 2902 2883 2884 
4455 1403 1402 1383 1384 2904 2903 2884 2885 
4456 1404 1403 1384 1385 2905 2904 2885 2886 
4457 1405 1404 1385 1386 2906 2905 2886 2887 
4458 1406 1405 1386 1387 2907 2906 2887 2888 
4459 1407 1406 1387 1388 2908 2907 2888 2889 
4460 54 1407 1388 55 329 2908 2889 330 
4461 1408 179 178 1389 2909 258 257 2890 
4462 1409 1408 1389 1390 2910 2909 2890 2891 
4463 1410 1409 1390 1391 2911 2910 2891 2892 
4464 1411 1410 1391 1392 2912 2911 2892 2893 
4465 1412 1411 1392 1393 2913 2912 2893 2894 
4466 1413 1412 1393 1394 2914 2913 2894 2895 
4467 1414 1413 1394 1395 2915 2914 2895 2896 
4468 1415 1414 1395 1396 2916 2915 2896 2897 
4469 1416 1415 1396 1397 2917 2916 2897 2898 
4470 1417 1416 1397 1398 2918 2917 2898 2899 
4471 1418 1417 1398 1399 2919 2918 2899 2900 
4472 1419 1418 1399 1400 2920 2919 2900 2901 
4473 1420 1419 1400 1401 2921 2920 2901 2902 
4474 1421 1420 1401 1402 2922 2921 2902 2903 
4475 1422 1421 1402 1403 2923 2922 2903 2904 
4476 1423 1422 1403 1404 2924 2923 2904 2905 
4477 1424 1423 1404 1405 2925 2924 2905 2906 
4478 1425 1424 1405 1406 2926 2925 2906 2907 
4479 1426 1425 1406 1407 2927 2926 2907 2908 
4480 53 1426 1407 54 328 2927 2908 329 
4481 1427 180 179 1408 2928 259 258 2909 
4482 1428 1427 1408 1409 2929 2928 2909 2910 
4483 1429 1428 1409 1410 2930 2929 2910 2911 
4484 1430 1429 1410 1411 2931 2930 2911 2912 
4485 1431 1430 1411 1412 2932 2931 2912 2913 
4486 1432 1431 1412 1413 2933 2932 2913 2914 
4487 1433 1432 1413 1414 2934 2933 2914 2915 
4488 1434 1433 1414 1415 2935 2934 2915 2916 
4489 1435 1434 1415 1416 2936 2935 2916 2917 
4490 1436 1435 1416 1417 2937 2936 2917 2918 
4491 1437 1436 1417 1418 2938 2937 2918 2919 
4492 1438 1437 1418 1419 2939 2938 2919 2920 
4493 1439 1438 1419 1420 2940 2939 2920 2921 
4494 1440 1439 1420 1421 2941 2940 2921 2922 
4495 1441 1440 1421 1422 2942 2941 2922 2923 
4496 1442 1441 1422 1423 2943 2942 2923 2924 
4497 1443 1442 1423 1424 2944 2943 2924 2925 
4498 1444 1443 1424 1425 2945 2944 2925 2926 
4499 1445 1444 1425 1426 2946 2945 2926 2927 
4500 52 1445 1426 53 327 2946 2927 328 
4501 1446 181 180 1427 2947 260 259 2928 
4502 1447 1446 1427 1428 2948 2947 2928 2929 
4503 1448 1447 1428 1429 2949 2948 2929 2930 
4504 1449 1448 1429 1430 2950 2949 2930 2931 
4505 1450 1449 1430 1431 2951 2950 2931 2932 
4506 1451 1450 1431 1432 2952 2951 2932 2933 
4507 1452 1451 1432 1433 2953 2952 2933 2934 
4508 1453 1452 1433 1434 2954 2953 2934 2935 
4509 1454 1453 1434 1435 2955 2954 2935 2936 
4510 1455 1454 1435 1436 2956 2955 2936 2937 
4511 1456 1455 1436 1437 2957 2956 2937 2938 
4512 1457 1456 1437 1438 2958 2957 2938 2939 
4513 1458 1457 1438 1439 2959 2958 2939 2940 
4514 1459 1458 1439 1440 2960 2959 2940 2941 
4515 1460 1459 1440 1441 2961 2960 2941 2942 
4516 1461 1460 1441 1442 2962 2961 2942 2943 
4517 1462 1461 1442 1443 2963 2962 2943 2944 
4518 1463 1462 1443 1444 2964 2963 2944 2945 
4519 1464 1463 1444 1445 2965 2964 2945 2946 
4520 51 1464 1445 52 326 2965 2946 327 
4521 1465 182 181 1446 2966 261 260 2947 
4522 1466 1465 1446 1447 2967 2966 2947 2948 
4523 1467 1466 1447 1448 2968 2967 2948 2949 
4524 1468 1467 1448 1449 2969 2968 2949 2950 
4525 1469 1468 1449 1450 2970 2969 2950 2951 
4526 1470 1469 1450 1451 2971 2970 2951 2952 
4527 1471 1470 1451 1452 2972 2971 2952 2953 
4528 1472 1471 1452 1453 2973 2972 2953 2954 
4529 1473 1472 1453 1454 2974 2973 2954 2955 
4530 1474 1473 1454 1455 2975 2974 2955 2956 
4531 1475 1474 1455 1456 2976 2975 2956 2957 
4532 1476 1475 1456 1457 2977 2976 2957 2958 
4533 1477 1476 1457 1458 2978 2977 2958 2959 
4534 1478 1477 1458 1459 2979 2978 2959 2960 
4535 1479 1478 1459 1460 2980 2979 2960 2961 
4536 1480 1479 1460 1461 2981 2980 2961 2962 
4537 1481 1480 1461 1462 2982 2981 2962 2963 
4538 1482 1481 1462 1463 2983 2982 2963 2964 
4539 1483 1482 1463 1464 2984 2983 2964 2965 
4540 50 1483 1464 51 325 2984 2965 326 
4541 1484 183 182 1465 2985 262 261 2966 
4542 1485 1484 1465 1466 2986 2985 2966 2967 
4543 1486 1485 1466 1467 2987 2986 2967 2968 
4544 1487 1486 1467 1468 2988 2987 2968 2969 
4545 1488 1487 1468 1469 2989 2988 2969 2970 
4546 1489 1488 1469 1470 2990 2989 2970 2971 
4547 1490 1489 1470 1471 2991 2990 2971 2972 
4548 1491 1490 1471 1472 2992 2991 2972 2973 
4549 1492 1491 1472 1473 2993 2992 2973 2974 
4550 1493 1492 1473 1474 2994 2993 2974 2975 
4551 1494 1493 1474 1475 2995 2994 2975 2976 
4552 1495 1494 1475 1476 2996 2995 2976 2977 
4553 1496 1495 1476 1477 2997 2996 2977 2978 
4554 1497 1496 1477 1478 2998 2997 2978 2979 
4555 1498 1497 1478 1479 2999 2998 2979 2980 
4556 1499 1498 1479 1480 3000 2999 2980 2981 
4557 1500 1499 1480 1481 3001 3000 2981 2982 
4558 1501 1500 1481 1482 3002 3001 2982 2983 
4559 1502 1501 1482 1483 3003 3002 2983 2984 
4560 49 1502 1483 50 324 3003 2984 325 
4561 1503 184 183 1484 3004 263 262 2985 
4562 1504 1503 1484 1485 3005 3004 2985 2986 
4563 1505 1504 1485 1486 3006 3005 2986 2987 
4564 1506 1505 1486 1487 3007 3006 2987 2988 
4565 1507 1506 1487 1488 3008 3007 2988 2989 
4566 1508 1507 1488 1489 3009 3008 2989 2990 
4567 1509 1508 1489 1490 3010 3009 2990 2991 
4568 1510 1509 1490 1491 3011 3010 2991 2992 
4569 1511 1510 1491 1492 3012 3011 2992 2993 
4570 1512 1511 1492 1493 3013 3012 2993 2994 
4571 1513 1512 1493 1494 3014 3013 2994 2995 
4572 1514 1513 1494 1495 3015 3014 2995 2996 
4573 1515 1514 1495 1496 3016 3015 2996 2997 
4574 1516 1515 1496 1497 3017 3016 2997 2998 
4575 1517 1516 1497 1498 3018 3017 2998 2999 
4576 1518 1517 1498 1499 3019 3018 2999 3000 
4577 1519 1518 1499 1500 3020 3019 3000 3001 
4578 1520 1519 1500 1501 3021 3020 3001 3002 
4579 1521 1520 1501 1502 3022 3021 3002 3003 
4580 48 1521 1502 49 323 3022 3003 324 
4581 1522 185 184 1503 3023 264 263 3004 
4582 1523 1522 1503 1504 3024 3023 3004 3005 
4583 1524 1523 1504 1505 3025 3024 3005 3006 
4584 1525 1524 1505 1506 3026 3025 3006 3007 
4585 1526 1525 1506 1507 3027 3026 3007 3008 
4586 1527 1526 1507 1508 3028 3027 3008 3009 
4587 1528 1527 1508 1509 3029 3028 3009 3010 
4588 1529 1528 1509 1510 3030 3029 3010 3011 
4589 1530 1529 1510 1511 3031 3030 3011 3012 
4590 1531 1530 1511 1512 3032 3031 3012 3013 
4591 1532 1531 1512 1513 3033 3032 3013 3014 
4592 1533 1532 1513 1514 3034 3033 3014 3015 
4593 1534 1533 1514 1515 3035 3034 3015 3016 
4594 1535 1534 1515 1516 3036 3035 3016 3017 
4595 1536 1535 1516 1517 3037 3036 3017 3018 
4596 1537 1536 1517 1518 3038 3037 3018 3019 
4597 1538 1537 1518 1519 3039 3038 3019 3020 
4598 1539 1538 1519 1520 3040 3039 3020 3021 
4599 1540 1539 1520 1521 3041 3040 3021 3022 
4600 47 1540 1521 48 322 3041 3022 323 
4601 1541 186 185 1522 3042 265 264 3023 
4602 1542 1541 1522 1523 3043 3042 3023 3024 
4603 1543 1542 1523 1524 3044 3043 3024 3025 
4604 1544 1543 1524 1525 3045 3044 3025 3026 
4605 1545 1544 1525 1526 3046 3045 3026 3027 
4606 1546 1545 1526 1527 3047 3046 3027 3028 
4607 1547 1546 1527 1528 3048 3047 3028 3029 
4608 1548 1547 1528 1529 3049 3048 3029 3030 
4609 1549 1548 1529 1530 3050 3049 3030 3031 
4610 1550 1549 1530 1531 3051 3050 3031 3032 
4611 1551 1550 1531 1532 3052 3051 3032 3033 
4612 1552 1551 1532 1533 3053 3052 3033 3034 
4613 1553 1552 1533 1534 3054 3053 3034 3035 
4614 1554 1553 1534 1535 3055 3054 3035 3036 
4615 1555 1554 1535 1536 3056 3055 3036 3037 
4616 1556 1555 1536 1537 3057 3056 3037 3038 
4617 1557 1556 1537 1538 3058 3057 3038 3039 
4618 1558 1557 1538 1539 3059 3058 3039 3040 
4619 1559 1558 1539 1540 3060 3059 3040 3041 
4620 46 1559 1540 47 321 3060 3041 322 
4621 1560 187 186 1541 3061 266 265 3042 
4622 1561 1560 1541 1542 3062 3061 3042 3043 
4623 1562 1561 1542 1543 3063 3062 3043 3044 
4624 1563 1562 1543 1544 3064 3063 3044 3045 
4625 1564 1563 1544 1545 3065 3064 3045 3046 
4626 1565 1564 1545 1546 3066 3065 3046 3047 
4627 1566 1565 1546 1547 3067 3066 3047 3048 
4628 1567 1566 1547 1548 3068 3067 3048 3049 
4629 1568 1567 1548 1549 3069 3068 3049 3050 
4630 1569 1568 1549 1550 3070 3069 3050 3051 
4631 1570 1569 1550 1551 3071 3070 3051 3052 
4632 1571 1570 1551 1552 3072 3071 3052 3053 
4633 1572 1571 1552 1553 3073 3072 3053 3054 
4634 1573 1572 1553 1554 3074 3073 3054 3055 
4635 1574 1573 1554 1555 3075 3074 3055 3056 
4636 1575 1574 1555 1556 3076 3075 3056 3057 
4637 1576 1575 1556 1557 3077 3076 3057 3058 
4638 1577 1576 1557 1558 3078 3077 3058 3059 
4639 1578 1577 1558 1559 3079 3078 3059 3060 
4640 45 1578 1559 46 320 3079 3060 321 
4641 1579 188 187 1560 3080 267 266 3061 
4642 1580 1579 1560 1561 3081 3080 3061 3062 
4643 1581 1580 1561 1562 3082 3081 3062 3063 
4644 1582 1581 1562 1563 3083 3082 3063 3064 
4645 1583 1582 1563 1564 3084 3083 3064 3065 
4646 1584 1583 1564 1565 3085 3084 3065 3066 
4647 1585 1584 1565 1566 3086 3085 3066 3067 
4648 1586 1585 1566 1567 3087 3086 3067 3068 
4649 1587 1586 1567 1568 3088 3087 3068 3069 
4650 1588 1587 1568 1569 3089 3088 3069 3070 
4651 1589 1588 1569 1570 3090 3089 3070 3071 
4652 1590 1589 1570 1571 3091 3090 3071 3072 
4653 1591 1590 1571 1572 3092 3091 3072 3073 
4654 1592 1591 1572 1573 3093 3092 3073 3074 
4655 1593 1592 1573 1574 3094 3093 3074 3075 
4656 1594 1593 1574 1575 3095 3094 3075 3076 
4657 1595 1594 1575 1576 3096 3095 3076 3077 
4658 1596 1595 1576 1577 3097 3096 3077 3078 
4659 1597 1596 1577 1578 3098 3097 3078 3079 
4660 44 1597 1578 45 319 3098 3079 320 
4661 1598 189 188 1579 3099 268 267 3080 
4662 1599 1598 1579 1580 3100 3099 3080 3081 
4663 1600 1599 1580 1581 3101 3100 3081 3082 
4664 1601 1600 1581 1582 3102 3101 3082 3083 
4665 1602 1601 1582 1583 3103 3102 3083 3084 
4666 1603 1602 1583 1584 3104 3103 3084 3085 
4667 1604 1603 1584 1585 3105 3104 3085 3086 
4668 1605 1604 1585 1586 3106 3105 3086 3087 
4669 1606 1605 1586 1587 3107 3106 3087 3088 
4670 1607 1606 1587 1588 3108 3107 3088 3089 
4671 1608 1607 1588 1589 3109 3108 3089 3090 
4672 1609 1608 1589 1590 3110 3109 3090 3091 
4673 1610 1609 1590 1591 3111 3110 3091 3092 
4674 1611 1610 1591 1592 3112 3111 3092 3093 
4675 1612 1611 1592 1593 3113 3112 3093 3094 
4676 1613 1612 1593 1594 3114 3113 3094 3095 
4677 1614 1613 1594 1595 3115 3114 3095 3096 
4678 1615 1614 1595 1596 3116 3115 3096 3097 
4679 1616 1615 1596 1597 3117 3116 3097 3098 
4680 43 1616 1597 44 318 3117 3098 319 
4681 1617 190 189 1598 3118 269 268 3099 
4682 1618 1617 1598 1599 3119 3118 3099 3100 
4683 1619 1618 1599 1600 3120 3119 3100 3101 
4684 1620 1619 1600 1601 3121 3120 3101 3102 
4685 1621 1620 1601 1602 3122 3121 3102 3103 
4686 1622 1621 1602 1603 3123 3122 3103 3104 
4687 1623 1622 1603 1604 3124 3123 3104 3105 
4688 1624 1623 1604 1605 3125 3124 3105 3106 
4689 1625 1624 1605 1606 3126 3125 3106 3107 
4690 1626 1625 1606 1607 3127 3126 3107 3108 
4691 1627 1626 1607 1608 3128 3127 3108 3109 
4692 1628 1627 1608 1609 3129 3128 3109 3110 
4693 1629 1628 1609 1610 3130 3129 3110 3111 
4694 1630 1629 1610 1611 3131 3130 3111 3112 
4695 1631 1630 1611 1612 3132 3131 3112 3113 
4696 1632 1631 1612 1613 3133 3132 3113 3114 
4697 1633 1632 1613 1614 3134 3133 3114 3115 
4698 1634 1633 1614 1615 3135 3134 3115 3116 
4699 1635 1634 1615 1616 3136 3135 3116 3117 
4700 42 1635 1616 43 317 3136 3117 318 
4701 1636 191 190 1617 3137 270 269 3118 
4702 1637 1636 1617 1618 3138 3137 3118 3119 
4703 1638 1637 1618 1619 3139 3138 3119 3120 
4704 1639 1638 1619 1620 3140 3139 3120 3121 
4705 1640 1639 1620 1621 3141 3140 3121 3122 
4706 1641 1640 1621 1622 3142 3141 3122 3123 
4707 1642 1641 1622 1623 3143 3142 3123 3124 
4708 1643 1642 1623 1624 3144 3143 3124 3125 
4709 1644 1643 1624 1625 3145 3144 3125 3126 
4710 1645 1644 1625 1626 3146 3145 3126 3127 
4711 1646 1645 1626 1627 3147 3146 3127 3128 
4712 1647 1646 1627 1628 3148 3147 3128 3129 
4713 1648 1647 1628 1629 3149 3148 3129 3130 
4714 1649 1648 1629 1630 3150 3149 3130 3131 
4715 1650 1649 1630 1631 3151 3150 3131 3132 
4716 1651 1650 1631 1632 3152 3151 3132 3133 
4717 1652 1651 1632 1633 3153 3152 3133 3134 
4718 1653 1652 1633 1634 3154 3153 3134 3135 
4719 1654 1653 1634 1635 3155 3154 3135 3136 
4720 41 1654 1635 42 316 3155 3136 317 
4721 1655 192 191 1636 3156 271 270 3137 
4722 1656 1655 1636 1637 3157 3156 3137 3138 
4723 1657 1656 1637 1638 3158 3157 3138 3139 
4724 1658 1657 1638 1639 3159 3158 3139 3140 
4725 1659 1658 1639 1640 3160 3159 3140 3141 
4726 1660 1659 1640 1641 3161 3160 3141 3142 
4727 1661 1660 1641 1642 3162 3161 3142 3143 
4728 1662 1661 1642 1643 3163 3162 3143 3144 
4729 1663 1662 1643 1644 3164 3163 3144 3145 
4730 1664 1663 1644 1645 3165 3164 3145 3146 
4731 1665 1664 1645 1646 3166 3165 3146 3147 
4732 1666 1665 1646 1647 3167 3166 3147 3148 
4733 1667 1666 1647 1648 3168 3167 3148 3149 
4734 1668 1667 1648 1649 3169 3168 3149 3150 
4735 1669 1668 1649 1650 3170 3169 3150 3151 
4736 1670 1669 1650 1651 3171 3170 3151 3152 
4737 1671 1670 1651 1652 3172 3171 3152 3153 
4738 1672 1671 1652 1653 3173 3172 3153 3154 
4739 1673 1672 1653 1654 3174 3173 3154 3155 
4740 40 1673 1654 41 315 3174 3155 316 
4741 1674 193 192 1655 3175 272 271 3156 
4742 1675 1674 1655 1656 3176 3175 3156 3157 
4743 1676 1675 1656 1657 3177 3176 3157 3158 
4744 1677 1676 1657 1658 3178 3177 3158 3159 
4745 1678 1677 1658 1659 3179 3178 3159 3160 
4746 1679 1678 1659 1660 3180 3179 3160 3161 
4747 1680 1679 1660 1661 3181 3180 3161 3162 
4748 1681 1680 1661 1662 3182 3181 3162 3163 
4749 1682 1681 1662 1663 3183 3182 3163 3164 
4750 1683 1682 1663 1664 3184 3183 3164 3165 
4751 1684 1683 1664 1665 3185 3184 3165 3166 
4752 1685 1684 1665 1666 3186 3185 3166 3167 
4753 1686 1685 1666 1667 3187 3186 3167 3168 
4754 1687 1686 1667 1668 3188 3187 3168 3169 
4755 1688 1687 1668 1669 3189 3188 3169 3170 
4756 1689 1688 1669 1670 3190 3189 3170 3171 
4757 1690 1689 1670 1671 3191 3190 3171 3172 
4758 1691 1690 1671 1672 3192 3191 3172 3173 
4759 1692 1691 1672 1673 3193 3192 3173 3174 
4760 39 1692 1673 40 314 3193 3174 315 
4761 1693 194 193 1674 3194 273 272 3175 
4762 1694 1693 1674 1675 3195 3194 3175 3176 
4763 1695 1694 1675 1676 3196 3195 3176 3177 
4764 1696 1695 1676 1677 3197 3196 3177 3178 
4765 1697 1696 1677 1678 3198 3197 3178 3179 
4766 1698 1697 1678 1679 3199 3198 3179 3180 
4767 1699 1698 1679 1680 3200 3199 3180 3181 
4768 1700 1699 1680 1681 3201 3200 3181 3182 
4769 1701 1700 1681 1682 3202 3201 3182 3183 
4770 1702 1701 1682 1683 3203 3202 3183 3184 
4771 1703 1702 1683 1684 3204 3203 3184 3185 
4772 1704 1703 1684 1685 3205 3204 3185 3186 
4773 1705 1704 1685 1686 3206 3205 3186 3187 
4774 1706 1705 1686 1687 3207 3206 3187 3188 
4775 1707 1706 1687 1688 3208 3207 3188 3189 
4776 1708 1707 1688 1689 3209 3208 3189 3190 
4777 1709 1708 1689 1690 3210 3209 3190 3191 
4778 1710 1709 1690 1691 3211 3210 3191 3192 
4779 1711 1710 1691 1692 3212 3211 3192 3193 
4780 38 1711 1692 39 313 3212 3193 314 
4781 1712 195 194 1693 3213 274 273 3194 
4782 1713 1712 1693 1694 3214 3213 3194 3195 
4783 1714 1713 1694 1695 3215 3214 3195 3196 
4784 1715 1714 1695 1696 3216 3215 3196 3197 
4785 1716 1715 1696 1697 3217 3216 3197 3198 
4786 1717 1716 1697 1698 3218 3217 3198 3199 
4787 1718 1717 1698 1699 3219 3218 3199 3200 
4788 1719 1718 1699 1700 3220 3219 3200 3201 
4789 1720 1719 1700 1701 3221 3220 3201 3202 
4790 1721 1720 1701 1702 3222 3221 3202 3203 
4791 1722 1721 1702 1703 3223 3222 3203 3204 
4792 1723 1722 1703 1704 3224 3223 3204 3205 
4793 1724 1723 1704 1705 3225 3224 3205 3206 
4794 1725 1724 1705 1706 3226 3225 3206 3207 
4795 1726 1725 1706 1707 3227 3226 3207 3208 
4796 1727 1726 1707 1708 3228 3227 3208 3209 
4797 1728 1727 1708 1709 3229 3228 3209 3210 
4798 1729 1728 1709 1710 3230 3229 3210 3211 
4799 1730 1729 1710 1711 3231 3230 3211 3212 
4800 37 1730 1711 38 312 3231 3212 313 
4801 1731 196 195 1712 3232 275 274 3213 
4802 1732 1731 1712 1713 3233 3232 3213 3214 
4803 1733 1732 1713 1714 3234 3233 3214 3215 
4804 1734 1733 1714 1715 3235 3234 3215 3216 
4805 1735 1734 1715 1716 3236 3235 3216 3217 
4806 1736 1735 1716 1717 3237 3236 3217 3218 
4807 1737 1736 1717 1718 3238 3237 3218 3219 
4808 1738 1737 1718 1719 3239 3238 3219 3220 
4809 1739 1738 1719 1720 3240 3239 3220 3221 
4810 1740 1739 1720 1721 3241 3240 3221 3222 
4811 1741 1740 1721 1722 3242 3241 3222 3223 
4812 1742 1741 1722 1723 3243 3242 3223 3224 
4813 1743 1742 1723 1724 3244 3243 3224 3225 
4814 1744 1743 1724 1725 3245 3244 3225 3226 
4815 1745 1744 1725 1726 3246 3245 3226 3227 
4816 1746 1745 1726 1727 3247 3246 3227 3228 
4817 1747 1746 1727 1728 3248 3247 3228 3229 
4818 1748 1747 1728 1729 3249 3248 3229 3230 
4819 1749 1748 1729 1730 3250 3249 3230 3231 
4820 36 1749 1730 37 311 3250 3231 312 
4821 1750 197 196 1731 3251 276 275 3232 
4822 1751 1750 1731 1732 3252 3251 3232 3233 
4823 1752 1751 1732 1733 3253 3252 3233 3234 
4824 1753 1752 1733 1734 3254 3253 3234 3235 
4825 1754 1753 1734 1735 3255 3254 3235 3236 
4826 1755 1754 1735 1736 3256 3255 3236 3237 
4827 1756 1755 1736 1737 3257 3256 3237 3238 
4828 1757 1756 1737 1738 3258 3257 3238 3239 
4829 1758 1757 1738 1739 3259 3258 3239 3240 
4830 1759 1758 1739 1740 3260 3259 3240 3241 
4831 1760 1759 1740 1741 3261 3260 3241 3242 
4832 1761 1760 1741 1742 3262 3261 3242 3243 
4833 1762 1761 1742 1743 3263 3262 3243 3244 
4834 1763 1762 1743 1744 3264 3263 3244 3245 
4835 1764 1763 1744 1745 3265 3264 3245 3246 
4836 1765 1764 1745 1746 3266 3265 3246 3247 
4837 1766 1765 1746 1747 3267 3266 3247 3248 
4838 1767 1766 1747 1748 3268 3267 3248 3249 
4839 1768 1767 1748 1749 3269 3268 3249 3250 
4840 35 1768 1749 36 310 3269 3250 311 
4841 1769 198 197 1750 3270 277 276 3251 
4842 1770 1769 1750 1751 3271 3270 3251 3252 
4843 1771 1770 1751 1752 3272 3271 3252 3253 
4844 1772 1771 1752 1753 3273 3272 3253 3254 
4845 1773 1772 1753 1754 3274 3273 3254 3255 
4846 1774 1773 1754 1755 3275 3274 3255 3256 
4847 1775 1774 1755 1756 3276 3275 3256 3257 
4848 1776 1775 1756 1757 3277 3276 3257 3258 
4849 1777 1776 1757 1758 3278 3277 3258 3259 
4850 1778 1777 1758 1759 3279 3278 3259 3260 
4851 1779 1778 1759 1760 3280 3279 3260 3261 
4852 1780 1779 1760 1761 3281 3280 3261 3262 
4853 1781 1780 1761 1762 3282 3281 3262 3263 
4854 1782 1781 1762 1763 3283 3282 3263 3264 
4855 1783 1782 1763 1764 3284 3283 3264 3265 
4856 1784 1783 1764 1765 3285 3284 3265 3266 
4857 1785 1784 1765 1766 3286 3285 3266 3267 
4858 1786 1785 1766 1767 3287 3286 3267 3268 
4859 1787 1786 1767 1768 3288 3287 3268 3269 
4860 34 1787 1768 35 309 3288 3269 310 
4861 1788 199 198 1769 3289 278 277 3270 
4862 1789 1788 1769 1770 3290 3289 3270 3271 
4863 1790 1789 1770 1771 3291 3290 3271 3272 
4864 1791 1790 1771 1772 3292 3291 3272 3273 
4865 1792 1791 1772 1773 3293 3292 3273 3274 
4866 1793 1792 1773 1774 3294 3293 3274 3275 
4867 1794 1793 1774 1775 3295 3294 3275 3276 
4868 1795 1794 1775 1776 3296 3295 3276 3277 
4869 1796 1795 1776 1777 3297 3296 3277 3278 
4870 1797 1796 1777 1778 3298 3297 3278 3279 
4871 1798 1797 1778 1779 3299 3298 3279 3280 
4872 1799 1798 1779 1780 3300 3299 3280 3281 
4873 1800 1799 1780 1781 3301 3300 3281 3282 
4874 1801 1800 1781 1782 3302 3301 3282 3283 
4875 1802 1801 1782 1783 3303 3302 3283 3284 
4876 1803 1802 1783 1784 3304 3303 3284 3285 
4877 1804 1803 1784 1785 3305 3304 3285 3286 
4878 1805 1804 1785 1786 3306 3305 3286 3287 
4879 1806 1805 1786 1787 3307 3306 3287 3288 
4880 33 1806 1787 34 308 3307 3288 309 
4881 1807 200 199 1788 3308 279 278 3289 
4882 1808 1807 1788 1789 3309 3308 3289 3290 
4883 1809 1808 1789 1790 3310 3309 3290 3291 
4884 1810 1809 1790 1791 3311 3310 3291 3292 
4885 1811 1810 1791 1792 3312 3311 3292 3293 
4886 1812 1811 1792 1793 3313 3312 3293 3294 
4887 1813 1812 1793 1794 3314 3313 3294 3295 
4888 1814 1813 1794 1795 3315 3314 3295 3296 
4889 1815 1814 1795 1796 3316 3315 3296 3297 
4890 1816 1815 1796 1797 3317 3316 3297 3298 
4891 1817 1816 1797 1798 3318 3317 3298 3299 
4892 1818 1817 1798 1799 3319 3318 3299 3300 
4893 1819 1818 1799 1800 3320 3319 3300 3301 
4894 1820 1819 1800 1801 3321 3320 3301 3302 
4895 1821 1820 1801 1802 3322 3321 3302 3303 
4896 1822 1821 1802 1803 3323 3322 3303 3304 
4897 1823 1822 1803 1804 3324 3323 3304 3305 
4898 1824 1823 1804 1805 3325 3324 3305 3306 
4899 1825 1824 1805 1806 3326 3325 3306 3307 
4900 32 1825 1806 33 307 3326 3307 308 
4901 1826 201 200 1807 3327 280 279 3308 
4902 1827 1826 1807 1808 3328 3327 3308 3309 
4903 1828 1827 1808 1809 3329 3328 3309 3310 
4904 1829 1828 1809 1810 3330 3329 3310 3311 
4905 1830 1829 1810 1811 3331 3330 3311 3312 
4906 1831 1830 1811 1812 3332 3331 3312 3313 
4907 1832 1831 1812 1813 3333 3332 3313 3314 
4908 1833 1832 1813 1814 3334 3333 3314 3315 
4909 1834 1833 1814 1815 3335 3334 3315 3316 
4910 1835 1834 1815 1816 3336 3335 3316 3317 
4911 1836 1835 1816 1817 3337 3336 3317 3318 
4912 1837 1836 1817 1818 3338 3337 3318 3319 
4913 1838 1837 1818 1819 3339 3338 3319 3320 
4914 1839 1838 1819 1820 3340 3339 3320 3321 
4915 1840 1839 1820 1821 3341 3340 3321 3322 
4916 1841 1840 1821 1822 3342 3341 3322 3323 
4917 1842 1841 1822 1823 3343 3342 3323 3324 
4918 1843 1842 1823 1824 3344 3343 3324 3325 
4919 1844 1843 1824 1825 3345 3344 3325 3326 
4920 31 1844 1825 32 306 3345 3326 307 
4921 1845 202 201 1826 3346 281 280 3327 
4922 1846 1845 1826 1827 3347 3346 3327 3328 
4923 1847 1846 1827 1828 3348 3347 3328 3329 
4924 1848 1847 1828 1829 3349 3348 3329 3330 
4925 1849 1848 1829 1830 3350 3349 3330 3331 
4926 1850 1849 1830 1831 3351 3350 3331 3332 
4927 1851 1850 1831 1832 3352 3351 3332 3333 
4928 1852 1851 1832 1833 3353 3352 3333 3334 
4929 1853 1852 1833 1834 3354 3353 3334 3335 
4930 1854 1853 1834 1835 3355 3354 3335 3336 
4931 1855 1854 1835 1836 3356 3355 3336 3337 
4932 1856 1855 1836 1837 3357 3356 3337 3338 
4933 1857 1856 1837 1838 3358 3357 3338 3339 
4934 1858 1857 1838 1839 3359 3358 3339 3340 
4935 1859 1858 1839 1840 3360 3359 3340 3341 
4936 1860 1859 1840 1841 3361 3360 3341 3342 
4937 1861 1860 1841 1842 3362 3361 3342 3343 
4938 1862 1861 1842 1843 3363 3362 3343 3344 
4939 1863 1862 1843 1844 3364 3363 3344 3345 
4940 30 1863 1844 31 305 3364 3345 306 
4941 1864 203 202 1845 3365 282 281 3346 
4942 1865 1864 1845 1846 3366 3365 3346 3347 
4943 1866 1865 1846 1847 3367 3366 3347 3348 
4944 1867 1866 1847 1848 3368 3367 3348 3349 
4945 1868 1867 1848 1849 3369 3368 3349 3350 
4946 1869 1868 1849 1850 3370 3369 3350 3351 
4947 1870 1869 1850 1851 3371 3370 3351 3352 
4948 1871 1870 1851 1852 3372 3371 3352 3353 
4949 1872 1871 1852 1853 3373 3372 3353 3354 
4950 1873 1872 1853 1854 3374 3373 3354 3355 
4951 1874 1873 1854 1855 3375 3374 3355 3356 
4952 1875 1874 1855 1856 3376 3375 3356 3357 
4953 1876 1875 1856 1857 3377 3376 3357 3358 
4954 1877 1876 1857 1858 3378 3377 3358 3359 
4955 1878 1877 1858 1859 3379 3378 3359 3360 
4956 1879 1878 1859 1860 3380 3379 3360 3361 
4957 1880 1879 1860 1861 3381 3380 3361 3362 
4958 1881 1880 1861 1862 3382 3381 3362 3363 
4959 1882 1881 1862 1863 3383 3382 3363 3364 
4960 29 1882 1863 30 304 3383 3364 305 
4961 1883 204 203 1864 3384 283 282 3365 
4962 1884 1883 1864 1865 3385 3384 3365 3366 
4963 1885 1884 1865 1866 3386 3385 3366 3367 
4964 1886 1885 1866 1867 3387 3386 3367 3368 
4965 1887 1886 1867 1868 3388 3387 3368 3369 
4966 1888 1887 1868 1869 3389 3388 3369 3370 
4967 1889 1888 1869 1870 3390 3389 3370 3371 
4968 1890 1889 1870 1871 3391 3390 3371 3372 
4969 1891 1890 1871 1872 3392 3391 3372 3373 
4970 1892 1891 1872 1873 3393 3392 3373 3374 
4971 1893 1892 1873 1874 3394 3393 3374 3375 
4972 1894 1893 1874 1875 3395 3394 3375 3376 
4973 1895 1894 1875 1876 3396 3395 3376 3377 
4974 1896 1895 1876 1877 3397 3396 3377 3378 
4975 1897 1896 1877 1878 3398 3397 3378 3379 
4976 1898 1897 1878 1879 3399 3398 3379 3380 
4977 1899 1898 1879 1880 3400 3399 3380 3381 
4978 1900 1899 1880 1881 3401 3400 3381 3382 
4979 1901 1900 1881 1882 3402 3401 3382 3383 
4980 28 1901 1882 29 303 3402 3383 304 
4981 9 1 204 1883 284 6 283 3384 
4982 10 9 1883 1884 285 284 3384 3385 
4983 11 10 1884 1885 286 285 3385 3386 
4984 12 11 1885 1886 287 286 3386 3387 
4985 13 12 1886 1887 288 287 3387 3388 
4986 14 13 1887 1888 289 288 3388 3389 
4987 15 14 1888 1889 290 289 3389 3390 
4988 16 15 1889 1890 291 290 3390 3391 
4989 17 16 1890 1891 292 291 3391 3392 
4990 18 17 1891 1892 293 292 3392 3393 
4991 19 18 1892 1893 294 293 3393 3394 
4992 20 19 1893 1894 295 294 3394 3395 
4993 21 20 1894 1895 296 295 3395 3396 
4994 22 21 1895 1896 297 296 3396 3397 
4995 23 22 1896 1897 298 297 3397 3398 
4996 24 23 1897 1898 299 298 3398 3399 
4997 25 24 1898 1899 300 299 3399 3400 
4998 26 25 1899 1900 301 300 3400 3401 
4999 27 26 1900 1901 302 301 3401 3402 
5000 2 27 1901 28 7 302 3402 303 
$EndElements
