$MeshFormat
4.1 0 8
$EndMeshFormat
$Entities
9 12 6 0
1 0 0 0 0 
2 -3678298.565007106 -3678298.565007106 -3678298.565007106 0 
3 3678298.565007106 -3678298.565007106 -3678298.565007106 0 
4 3678298.565007106 3678298.565007106 -3678298.565007106 0 
5 -3678298.565007106 3678298.565007106 -3678298.565007106 0 
6 -3678298.565007106 -3678298.565007106 3678298.565007106 0 
7 3678298.565007106 -3678298.565007106 3678298.565007106 0 
8 3678298.565007106 3678298.565007106 3678298.565007106 0 
9 -3678298.565007106 3678298.565007106 3678298.565007106 0 
1 -3678298.565007107 -4494447.122607891 -4494447.122607891 3678298.565007108 -3678298.565007107 -3678298.565007107 0 2 2 -3 
2 3678298.565007107 -3678298.565007107 -4494447.122607891 4494447.122607891 3678298.565007108 -3678298.565007107 0 2 3 -4 
3 -3678298.565007108 3678298.565007107 -4494447.122607891 3678298.565007107 4494447.122607891 -3678298.565007107 0 2 4 -5 
4 -4494447.122607891 -3678298.565007108 -4494447.122607891 -3678298.565007107 3678298.565007107 -3678298.565007107 0 2 5 -2 
5 -3678298.565007107 -4494447.122607891 3678298.565007107 3678298.565007108 -3678298.565007107 4494447.122607891 0 2 6 -7 
6 3678298.565007107 -3678298.565007107 3678298.565007107 4494447.122607891 3678298.565007108 4494447.122607891 0 2 7 -8 
7 -3678298.565007108 3678298.565007107 3678298.565007107 3678298.565007107 4494447.122607891 4494447.122607891 0 2 8 -9 
8 -4494447.122607891 -3678298.565007108 3678298.565007107 -3678298.565007107 3678298.565007107 4494447.122607891 0 2 9 -6 
9 -4494447.122607891 -4494447.122607891 -3678298.565007107 -3678298.565007106 -3678298.565007106 3678298.565007106 0 2 2 -6 
10 3678298.565007106 -4494447.122607891 -3678298.565007107 4494447.122607891 -3678298.565007106 3678298.565007106 0 2 3 -7 
11 3678298.565007106 3678298.565007106 -3678298.565007107 4494447.122607891 4494447.122607891 3678298.565007106 0 2 4 -8 
12 -4494447.122607891 3678298.565007106 -3678298.565007107 -3678298.565007106 4494447.122607891 3678298.565007106 0 2 5 -9 
1 -4494447.122607891 -4494447.122607891 -4494447.122607891 4494447.122607891 4494447.122607891 -3678298.565007107 1 1 4 1 2 3 4 
2 -4494447.122607891 -4494447.122607891 3678298.565007107 4494447.122607891 4494447.122607891 4494447.122607891 1 2 4 5 6 7 8 
3 -4494447.122607891 -4494447.122607891 -4494447.122607891 4494447.122607891 -3678298.565007106 4494447.122607891 1 3 4 1 10 -5 -9 
4 3678298.565007106 -4494447.122607891 -4494447.122607891 4494447.122607891 4494447.122607891 4494447.122607891 1 4 4 2 11 -6 -10 
5 -4494447.122607891 3678298.565007106 -4494447.122607891 4494447.122607891 4494447.122607891 4494447.122607891 1 5 4 3 12 -7 -11 
6 -4494447.122607891 -4494447.122607891 -4494447.122607891 -3678298.565007106 4494447.122607891 4494447.122607891 1 6 4 4 9 -8 -12 
$EndEntities
$Nodes
27 6147 1 6147
0 1 0 1
6147
0 0 0
0 2 0 1
1
-3678298.565007106 -3678298.565007106 -3678298.565007106
0 3 0 1
2
3678298.565007106 -3678298.565007106 -3678298.565007106
0 4 0 1
3
3678298.565007106 3678298.565007106 -3678298.565007106
0 5 0 1
4
-3678298.565007106 3678298.565007106 -3678298.565007106
0 6 0 1
5
-3678298.565007106 -3678298.565007106 3678298.565007106
0 7 0 1
6
3678298.565007106 -3678298.565007106 3678298.565007106
0 8 0 1
7
3678298.565007106 3678298.565007106 3678298.565007106
0 9 0 1
8
-3678298.565007106 3678298.565007106 3678298.565007106
1 1 1 31
9
10
11
12
13
14
15
16
17
18
19
20
21
22
23
24
25
26
27
28
29
30
31
32
33
34
35
36
37
38
39
-3475522.788508133 -3775604.742724049 -3775604.742724049 0.03125000006128567
-3267604.750950038 -3867324.669042461 -3867324.669042461 0.06250000015670963
-3054852.08073904 -3953322.638288228 -3953322.638288228 0.09375000025238926
-2837579.559271635 -4033471.410881936 -4033471.410881936 0.1250000003404339
-2616108.655321755 -4107652.401527581 -4107652.401527581 0.1562500004184229
-2390767.049560373 -4175755.854617006 -4175755.854617006 0.1875000004677391
-2161888.149141333 -4237681.006789107 -4237681.006789107 0.2187500005346402
-1929810.595391226 -4293336.235721341 -4293336.235721341 0.2500000005936122
-1694877.761841289 -4342639.195950769 -4342639.195950769 0.2812500006746863
-1457437.246810745 -4385516.94054468 -4385516.94054468 0.3125000007782214
-1217840.359329854 -4421906.029032467 -4421906.029032467 0.3437500008483416
-976441.5983534972 -4451752.621440508 -4451752.621440508 0.3750000009041991
-733598.1286242669 -4475012.557841542 -4475012.557841542 0.4062500009900403
-489669.2530961595 -4491651.423617614 -4491651.423617614 0.4375000010634286
-245015.8802206027 -4501644.600501007 -4501644.600501007 0.4687500011375447
0.01002828497439623 -4504977.302939495 -4504977.302939495 0.5000000012787195
245015.8987129452 -4501644.599997756 -4501644.599997756 0.5312500012221835
489669.2704346697 -4491651.422672512 -4491651.422672512 0.5625000011539864
733598.1447344483 -4475012.556521054 -4475012.556521054 0.5937500010779448
976441.6127556437 -4451752.619861036 -4451752.619861036 0.6250000009541933
1217840.37249653 -4421906.027219346 -4421906.027219346 0.6562500008620986
1457437.258669856 -4385516.938574113 -4385516.938574113 0.6875000007751402
1694877.772592544 -4342639.193852729 -4342639.193852729 0.7187500007474678
1929810.604912537 -4293336.233581476 -4293336.233581476 0.7500000006803104
2161888.157570355 -4237681.00463904 -4237681.00463904 0.7812500006079491
2390767.057112502 -4175755.852455077 -4175755.852455077 0.8125000005711651
2616108.661570936 -4107652.399537573 -4107652.399537573 0.8437500004554951
2837579.564280473 -4033471.409120057 -4033471.409120057 0.8750000003729105
3054852.084401143 -3953322.636873319 -3953322.636873319 0.9062500002797306
3267604.753169908 -3867324.668104648 -3867324.668104648 0.93750000017302
3475522.789443917 -3775604.742293347 -3775604.742293347 0.9687500000810878
1 2 1 31
40
41
42
43
44
45
46
47
48
49
50
51
52
53
54
55
56
57
58
59
60
61
62
63
64
65
66
67
68
69
70
3775604.742724049 -3475522.788508133 -3775604.742724049 0.03125000006128567
3867324.669042461 -3267604.750950038 -3867324.669042461 0.06250000015670963
3953322.638288228 -3054852.08073904 -3953322.638288228 0.09375000025238926
4033471.410881936 -2837579.559271635 -4033471.410881936 0.1250000003404339
4107652.401527581 -2616108.655321755 -4107652.401527581 0.1562500004184229
4175755.854617006 -2390767.049560373 -4175755.854617006 0.1875000004677391
4237681.006789107 -2161888.149141333 -4237681.006789107 0.2187500005346402
4293336.235721341 -1929810.595391226 -4293336.235721341 0.2500000005936122
4342639.195950769 -1694877.761841289 -4342639.195950769 0.2812500006746863
4385516.94054468 -1457437.246810745 -4385516.94054468 0.3125000007782214
4421906.029032467 -1217840.359329854 -4421906.029032467 0.3437500008483416
4451752.621440508 -976441.5983534972 -4451752.621440508 0.3750000009041991
4475012.557841542 -733598.1286242669 -4475012.557841542 0.4062500009900403
4491651.423617614 -489669.2530961595 -4491651.423617614 0.4375000010634286
4501644.600501007 -245015.8802206027 -4501644.600501007 0.4687500011375447
4504977.302939495 0.01002828497439623 -4504977.302939495 0.5000000012787195
4501644.599997756 245015.8987129452 -4501644.599997756 0.5312500012221835
4491651.422672512 489669.2704346697 -4491651.422672512 0.5625000011539864
4475012.556521054 733598.1447344483 -4475012.556521054 0.5937500010779448
4451752.619861036 976441.6127556437 -4451752.619861036 0.6250000009541933
4421906.027219346 1217840.37249653 -4421906.027219346 0.6562500008620986
4385516.938574113 1457437.258669856 -4385516.938574113 0.6875000007751402
4342639.193852729 1694877.772592544 -4342639.193852729 0.7187500007474678
4293336.233581476 1929810.604912537 -4293336.233581476 0.7500000006803104
4237681.00463904 2161888.157570355 -4237681.00463904 0.7812500006079491
4175755.852455077 2390767.057112502 -4175755.852455077 0.8125000005711651
4107652.399537573 2616108.661570936 -4107652.399537573 0.8437500004554951
4033471.409120057 2837579.564280473 -4033471.409120057 0.8750000003729105
3953322.636873319 3054852.084401143 -3953322.636873319 0.9062500002797306
3867324.668104648 3267604.753169908 -3867324.668104648 0.93750000017302
3775604.742293347 3475522.789443917 -3775604.742293347 0.9687500000810878
1 3 1 31
71
72
73
74
75
76
77
78
79
80
81
82
83
84
85
86
87
88
89
90
91
92
93
94
95
96
97
98
99
100
101
3475522.788508133 3775604.742724049 -3775604.742724049 0.03125000006128567
3267604.750950038 3867324.669042461 -3867324.669042461 0.06250000015670963
3054852.08073904 3953322.638288228 -3953322.638288228 0.09375000025238926
2837579.559271635 4033471.410881936 -4033471.410881936 0.1250000003404339
2616108.655321755 4107652.401527581 -4107652.401527581 0.1562500004184229
2390767.049560373 4175755.854617006 -4175755.854617006 0.1875000004677391
2161888.149141333 4237681.006789107 -4237681.006789107 0.2187500005346402
1929810.595391226 4293336.235721341 -4293336.235721341 0.2500000005936122
1694877.761841289 4342639.195950769 -4342639.195950769 0.2812500006746863
1457437.246810745 4385516.94054468 -4385516.94054468 0.3125000007782214
1217840.359329854 4421906.029032467 -4421906.029032467 0.3437500008483416
976441.5983534972 4451752.621440508 -4451752.621440508 0.3750000009041991
733598.1286242669 4475012.557841542 -4475012.557841542 0.4062500009900403
489669.2530961595 4491651.423617614 -4491651.423617614 0.4375000010634286
245015.8802206027 4501644.600501007 -4501644.600501007 0.4687500011375447
-0.01002828497439623 4504977.302939495 -4504977.302939495 0.5000000012787195
-245015.8987129452 4501644.599997756 -4501644.599997756 0.5312500012221835
-489669.2704346697 4491651.422672512 -4491651.422672512 0.5625000011539864
-733598.1447344483 4475012.556521054 -4475012.556521054 0.5937500010779448
-976441.6127556437 4451752.619861036 -4451752.619861036 0.6250000009541933
-1217840.37249653 4421906.027219346 -4421906.027219346 0.6562500008620986
-1457437.258669856 4385516.938574113 -4385516.938574113 0.6875000007751402
-1694877.772592544 4342639.193852729 -4342639.193852729 0.7187500007474678
-1929810.604912537 4293336.233581476 -4293336.233581476 0.7500000006803104
-2161888.157570355 4237681.00463904 -4237681.00463904 0.7812500006079491
-2390767.057112502 4175755.852455077 -4175755.852455077 0.8125000005711651
-2616108.661570936 4107652.399537573 -4107652.399537573 0.8437500004554951
-2837579.564280473 4033471.409120057 -4033471.409120057 0.8750000003729105
-3054852.084401143 3953322.636873319 -3953322.636873319 0.9062500002797306
-3267604.753169908 3867324.668104648 -3867324.668104648 0.93750000017302
-3475522.789443917 3775604.742293347 -3775604.742293347 0.9687500000810878
1 4 1 31
102
103
104
105
106
107
108
109
110
111
112
113
114
115
116
117
118
119
120
121
122
123
124
125
126
127
128
129
130
131
132
-3775604.742724049 3475522.788508133 -3775604.742724049 0.03125000006128567
-3867324.669042461 3267604.750950038 -3867324.669042461 0.06250000015670963
-3953322.638288228 3054852.08073904 -3953322.638288228 0.09375000025238926
-4033471.410881936 2837579.559271635 -4033471.410881936 0.1250000003404339
-4107652.401527581 2616108.655321755 -4107652.401527581 0.1562500004184229
-4175755.854617006 2390767.049560373 -4175755.854617006 0.1875000004677391
-4237681.006789107 2161888.149141333 -4237681.006789107 0.2187500005346402
-4293336.235721341 1929810.595391226 -4293336.235721341 0.2500000005936122
-4342639.195950769 1694877.761841289 -4342639.195950769 0.2812500006746863
-4385516.94054468 1457437.246810745 -4385516.94054468 0.3125000007782214
-4421906.029032467 1217840.359329854 -4421906.029032467 0.3437500008483416
-4451752.621440508 976441.5983534972 -4451752.621440508 0.3750000009041991
-4475012.557841542 733598.1286242669 -4475012.557841542 0.4062500009900403
-4491651.423617614 489669.2530961595 -4491651.423617614 0.4375000010634286
-4501644.600501007 245015.8802206027 -4501644.600501007 0.4687500011375447
-4504977.302939495 -0.01002828497439623 -4504977.302939495 0.5000000012787195
-4501644.599997756 -245015.8987129452 -4501644.599997756 0.5312500012221835
-4491651.422672512 -489669.2704346697 -4491651.422672512 0.5625000011539864
-4475012.556521054 -733598.1447344483 -4475012.556521054 0.5937500010779448
-4451752.619861036 -976441.6127556437 -4451752.619861036 0.6250000009541933
-4421906.027219346 -1217840.37249653 -4421906.027219346 0.6562500008620986
-4385516.938574113 -1457437.258669856 -4385516.938574113 0.6875000007751402
-4342639.193852729 -1694877.772592544 -4342639.193852729 0.7187500007474678
-4293336.233581476 -1929810.604912537 -4293336.233581476 0.7500000006803104
-4237681.00463904 -2161888.157570355 -4237681.00463904 0.7812500006079491
-4175755.852455077 -2390767.057112502 -4175755.852455077 0.8125000005711651
-4107652.399537573 -2616108.661570936 -4107652.399537573 0.8437500004554951
-4033471.409120057 -2837579.564280473 -4033471.409120057 0.8750000003729105
-3953322.636873319 -3054852.084401143 -3953322.636873319 0.9062500002797306
-3867324.668104648 -3267604.753169908 -3867324.668104648 0.93750000017302
-3775604.742293347 -3475522.789443917 -3775604.742293347 0.9687500000810878
1 5 1 31
133
134
135
136
137
138
139
140
141
142
143
144
145
146
147
148
149
150
151
152
153
154
155
156
157
158
159
160
161
162
163
-3475522.788508133 -3775604.742724049 3775604.742724049 0.03125000006128567
-3267604.750950038 -3867324.669042461 3867324.669042461 0.06250000015670963
-3054852.08073904 -3953322.638288228 3953322.638288228 0.09375000025238926
-2837579.559271635 -4033471.410881936 4033471.410881936 0.1250000003404339
-2616108.655321755 -4107652.401527581 4107652.401527581 0.1562500004184229
-2390767.049560373 -4175755.854617006 4175755.854617006 0.1875000004677391
-2161888.149141333 -4237681.006789107 4237681.006789107 0.2187500005346402
-1929810.595391226 -4293336.235721341 4293336.235721341 0.2500000005936122
-1694877.761841289 -4342639.195950769 4342639.195950769 0.2812500006746863
-1457437.246810745 -4385516.94054468 4385516.94054468 0.3125000007782214
-1217840.359329854 -4421906.029032467 4421906.029032467 0.3437500008483416
-976441.5983534972 -4451752.621440508 4451752.621440508 0.3750000009041991
-733598.1286242669 -4475012.557841542 4475012.557841542 0.4062500009900403
-489669.2530961595 -4491651.423617614 4491651.423617614 0.4375000010634286
-245015.8802206027 -4501644.600501007 4501644.600501007 0.4687500011375447
0.01002828497439623 -4504977.302939495 4504977.302939495 0.5000000012787195
245015.8987129452 -4501644.599997756 4501644.599997756 0.5312500012221835
489669.2704346697 -4491651.422672512 4491651.422672512 0.5625000011539864
733598.1447344483 -4475012.556521054 4475012.556521054 0.5937500010779448
976441.6127556437 -4451752.619861036 4451752.619861036 0.6250000009541933
1217840.37249653 -4421906.027219346 4421906.027219346 0.6562500008620986
1457437.258669856 -4385516.938574113 4385516.938574113 0.6875000007751402
1694877.772592544 -4342639.193852729 4342639.193852729 0.7187500007474678
1929810.604912537 -4293336.233581476 4293336.233581476 0.7500000006803104
2161888.157570355 -4237681.00463904 4237681.00463904 0.7812500006079491
2390767.057112502 -4175755.852455077 4175755.852455077 0.8125000005711651
2616108.661570936 -4107652.399537573 4107652.399537573 0.8437500004554951
2837579.564280473 -4033471.409120057 4033471.409120057 0.8750000003729105
3054852.084401143 -3953322.636873319 3953322.636873319 0.9062500002797306
3267604.753169908 -3867324.668104648 3867324.668104648 0.93750000017302
3475522.789443917 -3775604.742293347 3775604.742293347 0.9687500000810878
1 6 1 31
164
165
166
167
168
169
170
171
172
173
174
175
176
177
178
179
180
181
182
183
184
185
186
187
188
189
190
191
192
193
194
3775604.742724049 -3475522.788508133 3775604.742724049 0.03125000006128567
3867324.669042461 -3267604.750950038 3867324.669042461 0.06250000015670963
3953322.638288228 -3054852.08073904 3953322.638288228 0.09375000025238926
4033471.410881936 -2837579.559271635 4033471.410881936 0.1250000003404339
4107652.401527581 -2616108.655321755 4107652.401527581 0.1562500004184229
4175755.854617006 -2390767.049560373 4175755.854617006 0.1875000004677391
4237681.006789107 -2161888.149141333 4237681.006789107 0.2187500005346402
4293336.235721341 -1929810.595391226 4293336.235721341 0.2500000005936122
4342639.195950769 -1694877.761841289 4342639.195950769 0.2812500006746863
4385516.94054468 -1457437.246810745 4385516.94054468 0.3125000007782214
4421906.029032467 -1217840.359329854 4421906.029032467 0.3437500008483416
4451752.621440508 -976441.5983534972 4451752.621440508 0.3750000009041991
4475012.557841542 -733598.1286242669 4475012.557841542 0.4062500009900403
4491651.423617614 -489669.2530961595 4491651.423617614 0.4375000010634286
4501644.600501007 -245015.8802206027 4501644.600501007 0.4687500011375447
4504977.302939495 0.01002828497439623 4504977.302939495 0.5000000012787195
4501644.599997756 245015.8987129452 4501644.599997756 0.5312500012221835
4491651.422672512 489669.2704346697 4491651.422672512 0.5625000011539864
4475012.556521054 733598.1447344483 4475012.556521054 0.5937500010779448
4451752.619861036 976441.6127556437 4451752.619861036 0.6250000009541933
4421906.027219346 1217840.37249653 4421906.027219346 0.6562500008620986
4385516.938574113 1457437.258669856 4385516.938574113 0.6875000007751402
4342639.193852729 1694877.772592544 4342639.193852729 0.7187500007474678
4293336.233581476 1929810.604912537 4293336.233581476 0.7500000006803104
4237681.00463904 2161888.157570355 4237681.00463904 0.7812500006079491
4175755.852455077 2390767.057112502 4175755.852455077 0.8125000005711651
4107652.399537573 2616108.661570936 4107652.399537573 0.8437500004554951
4033471.409120057 2837579.564280473 4033471.409120057 0.8750000003729105
3953322.636873319 3054852.084401143 3953322.636873319 0.9062500002797306
3867324.668104648 3267604.753169908 3867324.668104648 0.93750000017302
3775604.742293347 3475522.789443917 3775604.742293347 0.9687500000810878
1 7 1 31
195
196
197
198
199
200
201
202
203
204
205
206
207
208
209
210
211
212
213
214
215
216
217
218
219
220
221
222
223
224
225
3475522.788508133 3775604.742724049 3775604.742724049 0.03125000006128567
3267604.750950038 3867324.669042461 3867324.669042461 0.06250000015670963
3054852.08073904 3953322.638288228 3953322.638288228 0.09375000025238926
2837579.559271635 4033471.410881936 4033471.410881936 0.1250000003404339
2616108.655321755 4107652.401527581 4107652.401527581 0.1562500004184229
2390767.049560373 4175755.854617006 4175755.854617006 0.1875000004677391
2161888.149141333 4237681.006789107 4237681.006789107 0.2187500005346402
1929810.595391226 4293336.235721341 4293336.235721341 0.2500000005936122
1694877.761841289 4342639.195950769 4342639.195950769 0.2812500006746863
1457437.246810745 4385516.94054468 4385516.94054468 0.3125000007782214
1217840.359329854 4421906.029032467 4421906.029032467 0.3437500008483416
976441.5983534972 4451752.621440508 4451752.621440508 0.3750000009041991
733598.1286242669 4475012.557841542 4475012.557841542 0.4062500009900403
489669.2530961595 4491651.423617614 4491651.423617614 0.4375000010634286
245015.8802206027 4501644.600501007 4501644.600501007 0.4687500011375447
-0.01002828497439623 4504977.302939495 4504977.302939495 0.5000000012787195
-245015.8987129452 4501644.599997756 4501644.599997756 0.5312500012221835
-489669.2704346697 4491651.422672512 4491651.422672512 0.5625000011539864
-733598.1447344483 4475012.556521054 4475012.556521054 0.5937500010779448
-976441.6127556437 4451752.619861036 4451752.619861036 0.6250000009541933
-1217840.37249653 4421906.027219346 4421906.027219346 0.6562500008620986
-1457437.258669856 4385516.938574113 4385516.938574113 0.6875000007751402
-1694877.772592544 4342639.193852729 4342639.193852729 0.7187500007474678
-1929810.604912537 4293336.233581476 4293336.233581476 0.7500000006803104
-2161888.157570355 4237681.00463904 4237681.00463904 0.7812500006079491
-2390767.057112502 4175755.852455077 4175755.852455077 0.8125000005711651
-2616108.661570936 4107652.399537573 4107652.399537573 0.8437500004554951
-2837579.564280473 4033471.409120057 4033471.409120057 0.8750000003729105
-3054852.084401143 3953322.636873319 3953322.636873319 0.9062500002797306
-3267604.753169908 3867324.668104648 3867324.668104648 0.93750000017302
-3475522.789443917 3775604.742293347 3775604.742293347 0.9687500000810878
1 8 1 31
226
227
228
229
230
231
232
233
234
235
236
237
238
239
240
241
242
243
244
245
246
247
248
249
250
251
252
253
254
255
256
-3775604.742724049 3475522.788508133 3775604.742724049 0.03125000006128567
-3867324.669042461 3267604.750950038 3867324.669042461 0.06250000015670963
-3953322.638288228 3054852.08073904 3953322.638288228 0.09375000025238926
-4033471.410881936 2837579.559271635 4033471.410881936 0.1250000003404339
-4107652.401527581 2616108.655321755 4107652.401527581 0.1562500004184229
-4175755.854617006 2390767.049560373 4175755.854617006 0.1875000004677391
-4237681.006789107 2161888.149141333 4237681.006789107 0.2187500005346402
-4293336.235721341 1929810.595391226 4293336.235721341 0.2500000005936122
-4342639.195950769 1694877.761841289 4342639.195950769 0.2812500006746863
-4385516.94054468 1457437.246810745 4385516.94054468 0.3125000007782214
-4421906.029032467 1217840.359329854 4421906.029032467 0.3437500008483416
-4451752.621440508 976441.5983534972 4451752.621440508 0.3750000009041991
-4475012.557841542 733598.1286242669 4475012.557841542 0.4062500009900403
-4491651.423617614 489669.2530961595 4491651.423617614 0.4375000010634286
-4501644.600501007 245015.8802206027 4501644.600501007 0.4687500011375447
-4504977.302939495 -0.01002828497439623 4504977.302939495 0.5000000012787195
-4501644.599997756 -245015.8987129452 4501644.599997756 0.5312500012221835
-4491651.422672512 -489669.2704346697 4491651.422672512 0.5625000011539864
-4475012.556521054 -733598.1447344483 4475012.556521054 0.5937500010779448
-4451752.619861036 -976441.6127556437 4451752.619861036 0.6250000009541933
-4421906.027219346 -1217840.37249653 4421906.027219346 0.6562500008620986
-4385516.938574113 -1457437.258669856 4385516.938574113 0.6875000007751402
-4342639.193852729 -1694877.772592544 4342639.193852729 0.7187500007474678
-4293336.233581476 -1929810.604912537 4293336.233581476 0.7500000006803104
-4237681.00463904 -2161888.157570355 4237681.00463904 0.7812500006079491
-4175755.852455077 -2390767.057112502 4175755.852455077 0.8125000005711651
-4107652.399537573 -2616108.661570936 4107652.399537573 0.8437500004554951
-4033471.409120057 -2837579.564280473 4033471.409120057 0.8750000003729105
-3953322.636873319 -3054852.084401143 3953322.636873319 0.9062500002797306
-3867324.668104648 -3267604.753169908 3867324.668104648 0.93750000017302
-3775604.742293347 -3475522.789443917 3775604.742293347 0.9687500000810878
1 9 1 31
257
258
259
260
261
262
263
264
265
266
267
268
269
270
271
272
273
274
275
276
277
278
279
280
281
282
283
284
285
286
287
-3775604.742668169 -3775604.742668169 -3475522.788629544 0.03125000004281372
-3867324.668906566 -3867324.668906566 -3267604.75127171 0.06250000010892995
-3953322.638108487 -3953322.638108487 -3054852.081204248 0.09375000018479247
-4033471.410790909 -4033471.410790909 -2837579.559530413 0.1250000003035794
-4107652.401532363 -4107652.401532363 -2616108.655306742 0.1562500004205225
-4175755.854673747 -4175755.854673747 -2390767.049362163 0.1875000004950058
-4237681.006840799 -4237681.006840799 -2161888.148938682 0.2187500005621105
-4293336.235806614 -4293336.235806614 -1929810.595011805 0.2500000006443777
-4342639.196025967 -4342639.196025967 -1694877.761455941 0.2812500007256592
-4385516.940589789 -4385516.940589789 -1457437.246539267 0.312500000813781
-4421906.029065939 -4421906.029065939 -1217840.359086784 0.343750000879918
-4451752.621496899 -4451752.621496899 -976441.5978393182 0.3750000009705467
-4475012.557872756 -4475012.557872756 -733598.1282434445 0.4062500010389247
-4491651.423656233 -4491651.423656233 -489669.2523876773 0.4375000011540362
-4501644.600517048 -4501644.600517048 -245015.8796311617 0.4687500012127608
-4504977.302939495 -4504977.302939495 0.01072069071233273 0.5000000013670093
-4501644.599979017 -4501644.599979017 245015.8994015241 0.5312500013100502
-4491651.422642857 -4491651.422642857 489669.2709786994 0.5625000012235621
-4475012.556485889 -4475012.556485889 733598.1451634676 0.5937500011330161
-4451752.619806038 -4451752.619806038 976441.613257126 0.6250000010189026
-4421906.027101609 -4421906.027101609 1217840.373351512 0.6562500009731668
-4385516.938418391 -4385516.938418391 1457437.259607007 0.6875000008978925
-4342639.193690676 -4342639.193690676 1694877.773422969 0.718750000857315
-4293336.233408708 -4293336.233408708 1929810.605681256 0.750000000783163
-4237681.004467033 -4237681.004467033 2161888.158244678 0.7812500006993567
-4175755.85230225 -4175755.85230225 2390767.057646359 0.8125000006446051
-4107652.399406538 -4107652.399406538 2616108.661982418 0.8437500005130389
-4033471.409094996 -4033471.409094996 2837579.564351715 0.8750000003830568
-3953322.636901767 -3953322.636901767 3054852.084327509 0.9062500002690315
-3867324.667985006 -3867324.667985006 3267604.753453108 0.9375000002150854
-3775604.742232003 -3775604.742232003 3475522.789577193 0.9687500001013652
1 10 1 31
288
289
290
291
292
293
294
295
296
297
298
299
300
301
302
303
304
305
306
307
308
309
310
311
312
313
314
315
316
317
318
3775604.742668169 -3775604.742668169 -3475522.788629544 0.03125000004281372
3867324.668906566 -3867324.668906566 -3267604.75127171 0.06250000010892995
3953322.638108487 -3953322.638108487 -3054852.081204248 0.09375000018479247
4033471.410790909 -4033471.410790909 -2837579.559530413 0.1250000003035794
4107652.401532363 -4107652.401532363 -2616108.655306742 0.1562500004205225
4175755.854673747 -4175755.854673747 -2390767.049362163 0.1875000004950058
4237681.006840799 -4237681.006840799 -2161888.148938682 0.2187500005621105
4293336.235806614 -4293336.235806614 -1929810.595011805 0.2500000006443777
4342639.196025967 -4342639.196025967 -1694877.761455941 0.2812500007256592
4385516.940589789 -4385516.940589789 -1457437.246539267 0.312500000813781
4421906.029065939 -4421906.029065939 -1217840.359086784 0.343750000879918
4451752.621496899 -4451752.621496899 -976441.5978393182 0.3750000009705467
4475012.557872756 -4475012.557872756 -733598.1282434445 0.4062500010389247
4491651.423656233 -4491651.423656233 -489669.2523876773 0.4375000011540362
4501644.600517048 -4501644.600517048 -245015.8796311617 0.4687500012127608
4504977.302939495 -4504977.302939495 0.01072069071233273 0.5000000013670093
4501644.599979017 -4501644.599979017 245015.8994015241 0.5312500013100502
4491651.422642857 -4491651.422642857 489669.2709786994 0.5625000012235621
4475012.556485889 -4475012.556485889 733598.1451634676 0.5937500011330161
4451752.619806038 -4451752.619806038 976441.613257126 0.6250000010189026
4421906.027101609 -4421906.027101609 1217840.373351512 0.6562500009731668
4385516.938418391 -4385516.938418391 1457437.259607007 0.6875000008978925
4342639.193690676 -4342639.193690676 1694877.773422969 0.718750000857315
4293336.233408708 -4293336.233408708 1929810.605681256 0.750000000783163
4237681.004467033 -4237681.004467033 2161888.158244678 0.7812500006993567
4175755.85230225 -4175755.85230225 2390767.057646359 0.8125000006446051
4107652.399406538 -4107652.399406538 2616108.661982418 0.8437500005130389
4033471.409094996 -4033471.409094996 2837579.564351715 0.8750000003830568
3953322.636901767 -3953322.636901767 3054852.084327509 0.9062500002690315
3867324.667985006 -3867324.667985006 3267604.753453108 0.9375000002150854
3775604.742232003 -3775604.742232003 3475522.789577193 0.9687500001013652
1 11 1 31
319
320
321
322
323
324
325
326
327
328
329
330
331
332
333
334
335
336
337
338
339
340
341
342
343
344
345
346
347
348
349
3775604.742668169 3775604.742668169 -3475522.788629544 0.03125000004281372
3867324.668906566 3867324.668906566 -3267604.75127171 0.06250000010892995
3953322.638108487 3953322.638108487 -3054852.081204248 0.09375000018479247
4033471.410790909 4033471.410790909 -2837579.559530413 0.1250000003035794
4107652.401532363 4107652.401532363 -2616108.655306742 0.1562500004205225
4175755.854673747 4175755.854673747 -2390767.049362163 0.1875000004950058
4237681.006840799 4237681.006840799 -2161888.148938682 0.2187500005621105
4293336.235806614 4293336.235806614 -1929810.595011805 0.2500000006443777
4342639.196025967 4342639.196025967 -1694877.761455941 0.2812500007256592
4385516.940589789 4385516.940589789 -1457437.246539267 0.312500000813781
4421906.029065939 4421906.029065939 -1217840.359086784 0.343750000879918
4451752.621496899 4451752.621496899 -976441.5978393182 0.3750000009705467
4475012.557872756 4475012.557872756 -733598.1282434445 0.4062500010389247
4491651.423656233 4491651.423656233 -489669.2523876773 0.4375000011540362
4501644.600517048 4501644.600517048 -245015.8796311617 0.4687500012127608
4504977.302939495 4504977.302939495 0.01072069071233273 0.5000000013670093
4501644.599979017 4501644.599979017 245015.8994015241 0.5312500013100502
4491651.422642857 4491651.422642857 489669.2709786994 0.5625000012235621
4475012.556485889 4475012.556485889 733598.1451634676 0.5937500011330161
4451752.619806038 4451752.619806038 976441.613257126 0.6250000010189026
4421906.027101609 4421906.027101609 1217840.373351512 0.6562500009731668
4385516.938418391 4385516.938418391 1457437.259607007 0.6875000008978925
4342639.193690676 4342639.193690676 1694877.773422969 0.718750000857315
4293336.233408708 4293336.233408708 1929810.605681256 0.750000000783163
4237681.004467033 4237681.004467033 2161888.158244678 0.7812500006993567
4175755.85230225 4175755.85230225 2390767.057646359 0.8125000006446051
4107652.399406538 4107652.399406538 2616108.661982418 0.8437500005130389
4033471.409094996 4033471.409094996 2837579.564351715 0.8750000003830568
3953322.636901767 3953322.636901767 3054852.084327509 0.9062500002690315
3867324.667985006 3867324.667985006 3267604.753453108 0.9375000002150854
3775604.742232003 3775604.742232003 3475522.789577193 0.9687500001013652
1 12 1 31
350
351
352
353
354
355
356
357
358
359
360
361
362
363
364
365
366
367
368
369
370
371
372
373
374
375
376
377
378
379
380
-3775604.742668169 3775604.742668169 -3475522.788629544 0.03125000004281372
-3867324.668906566 3867324.668906566 -3267604.75127171 0.06250000010892995
-3953322.638108487 3953322.638108487 -3054852.081204248 0.09375000018479247
-4033471.410790909 4033471.410790909 -2837579.559530413 0.1250000003035794
-4107652.401532363 4107652.401532363 -2616108.655306742 0.1562500004205225
-4175755.854673747 4175755.854673747 -2390767.049362163 0.1875000004950058
-4237681.006840799 4237681.006840799 -2161888.148938682 0.2187500005621105
-4293336.235806614 4293336.235806614 -1929810.595011805 0.2500000006443777
-4342639.196025967 4342639.196025967 -1694877.761455941 0.2812500007256592
-4385516.940589789 4385516.940589789 -1457437.246539267 0.312500000813781
-4421906.029065939 4421906.029065939 -1217840.359086784 0.343750000879918
-4451752.621496899 4451752.621496899 -976441.5978393182 0.3750000009705467
-4475012.557872756 4475012.557872756 -733598.1282434445 0.4062500010389247
-4491651.423656233 4491651.423656233 -489669.2523876773 0.4375000011540362
-4501644.600517048 4501644.600517048 -245015.8796311617 0.4687500012127608
-4504977.302939495 4504977.302939495 0.01072069071233273 0.5000000013670093
-4501644.599979017 4501644.599979017 245015.8994015241 0.5312500013100502
-4491651.422642857 4491651.422642857 489669.2709786994 0.5625000012235621
-4475012.556485889 4475012.556485889 733598.1451634676 0.5937500011330161
-4451752.619806038 4451752.619806038 976441.613257126 0.6250000010189026
-4421906.027101609 4421906.027101609 1217840.373351512 0.6562500009731668
-4385516.938418391 4385516.938418391 1457437.259607007 0.6875000008978925
-4342639.193690676 4342639.193690676 1694877.773422969 0.718750000857315
-4293336.233408708 4293336.233408708 1929810.605681256 0.750000000783163
-4237681.004467033 4237681.004467033 2161888.158244678 0.7812500006993567
-4175755.85230225 4175755.85230225 2390767.057646359 0.8125000006446051
-4107652.399406538 4107652.399406538 2616108.661982418 0.8437500005130389
-4033471.409094996 4033471.409094996 2837579.564351715 0.8750000003830568
-3953322.636901767 3953322.636901767 3054852.084327509 0.9062500002690315
-3867324.667985006 3867324.667985006 3267604.753453108 0.9375000002150854
-3775604.742232003 3775604.742232003 3475522.789577193 0.9687500001013652
2 1 1 961
381
382
383
384
385
386
387
388
389
390
391
392
393
394
395
396
397
398
399
400
401
402
403
404
405
406
407
408
409
410
411
412
413
414
415
416
417
418
419
420
421
422
423
424
425
426
427
428
429
430
431
432
433
434
435
436
437
438
439
440
441
442
443
444
445
446
447
448
449
450
451
452
453
454
455
456
457
458
459
460
461
462
463
464
465
466
467
468
469
470
471
472
473
474
475
476
477
478
479
480
481
482
483
484
485
486
487
488
489
490
491
492
493
494
495
496
497
498
499
500
501
502
503
504
505
506
507
508
509
510
511
512
513
514
515
516
517
518
519
520
521
522
523
524
525
526
527
528
529
530
531
532
533
534
535
536
537
538
539
540
541
542
543
544
545
546
547
548
549
550
551
552
553
554
555
556
557
558
559
560
561
562
563
564
565
566
567
568
569
570
571
572
573
574
575
576
577
578
579
580
581
582
583
584
585
586
587
588
589
590
591
592
593
594
595
596
597
598
599
600
601
602
603
604
605
606
607
608
609
610
611
612
613
614
615
616
617
618
619
620
621
622
623
624
625
626
627
628
629
630
631
632
633
634
635
636
637
638
639
640
641
642
643
644
645
646
647
648
649
650
651
652
653
654
655
656
657
658
659
660
661
662
663
664
665
666
667
668
669
670
671
672
673
674
675
676
677
678
679
680
681
682
683
684
685
686
687
688
689
690
691
692
693
694
695
696
697
698
699
700
701
702
703
704
705
706
707
708
709
710
711
712
713
714
715
716
717
718
719
720
721
722
723
724
725
726
727
728
729
730
731
732
733
734
735
736
737
738
739
740
741
742
743
744
745
746
747
748
749
750
751
752
753
754
755
756
757
758
759
760
761
762
763
764
765
766
767
768
769
770
771
772
773
774
775
776
777
778
779
780
781
782
783
784
785
786
787
788
789
790
791
792
793
794
795
796
797
798
799
800
801
802
803
804
805
806
807
808
809
810
811
812
813
814
815
816
817
818
819
820
821
822
823
824
825
826
827
828
829
830
831
832
833
834
835
836
837
838
839
840
841
842
843
844
845
846
847
848
849
850
851
852
853
854
855
856
857
858
859
860
861
862
863
864
865
866
867
868
869
870
871
872
873
874
875
876
877
878
879
880
881
882
883
884
885
886
887
888
889
890
891
892
893
894
895
896
897
898
899
900
901
902
903
904
905
906
907
908
909
910
911
912
913
914
915
916
917
918
919
920
921
922
923
924
925
926
927
928
929
930
931
932
933
934
935
936
937
938
939
940
941
942
943
944
945
946
947
948
949
950
951
952
953
954
955
956
957
958
959
960
961
962
963
964
965
966
967
968
969
970
971
972
973
974
975
976
977
978
979
980
981
982
983
984
985
986
987
988
989
990
991
992
993
994
995
996
997
998
999
1000
1001
1002
1003
1004
1005
1006
1007
1008
1009
1010
1011
1012
1013
1014
1015
1016
1017
1018
1019
1020
1021
1022
1023
1024
1025
1026
1027
1028
1029
1030
1031
1032
1033
1034
1035
1036
1037
1038
1039
1040
1041
1042
1043
1044
1045
1046
1047
1048
1049
1050
1051
1052
1053
1054
1055
1056
1057
1058
1059
1060
1061
1062
1063
1064
1065
1066
1067
1068
1069
1070
1071
1072
1073
1074
1075
1076
1077
1078
1079
1080
1081
1082
1083
1084
1085
1086
1087
1088
1089
1090
1091
1092
1093
1094
1095
1096
1097
1098
1099
1100
1101
1102
1103
1104
1105
1106
1107
1108
1109
1110
1111
1112
1113
1114
1115
1116
1117
1118
1119
1120
1121
1122
1123
1124
1125
1126
1127
1128
1129
1130
1131
1132
1133
1134
1135
1136
1137
1138
1139
1140
1141
1142
1143
1144
1145
1146
1147
1148
1149
1150
1151
1152
1153
1154
1155
1156
1157
1158
1159
1160
1161
1162
1163
1164
1165
1166
1167
1168
1169
1170
1171
1172
1173
1174
1175
1176
1177
1178
1179
1180
1181
1182
1183
1184
1185
1186
1187
1188
1189
1190
1191
1192
1193
1194
1195
1196
1197
1198
1199
1200
1201
1202
1203
1204
1205
1206
1207
1208
1209
1210
1211
1212
1213
1214
1215
1216
1217
1218
1219
1220
1221
1222
1223
1224
1225
1226
1227
1228
1229
1230
1231
1232
1233
1234
1235
1236
1237
1238
1239
1240
1241
1242
1243
1244
1245
1246
1247
1248
1249
1250
1251
1252
1253
1254
1255
1256
1257
1258
1259
1260
1261
1262
1263
1264
1265
1266
1267
1268
1269
1270
1271
1272
1273
1274
1275
1276
1277
1278
1279
1280
1281
1282
1283
1284
1285
1286
1287
1288
1289
1290
1291
1292
1293
1294
1295
1296
1297
1298
1299
1300
1301
1302
1303
1304
1305
1306
1307
1308
1309
1310
1311
1312
1313
1314
1315
1316
1317
1318
1319
1320
1321
1322
1323
1324
1325
1326
1327
1328
1329
1330
1331
1332
1333
1334
1335
1336
1337
1338
1339
1340
1341
-3573216.060961523 -3573216.062245666 -3879934.916231998 0.03125000005683651 0.03124999992336137
-3665760.911428013 -3364704.014821478 -3978769.261076933 0.03125000005238733 0.06249999983728402
-3752949.346840288 -3150359.147855693 -4071885.243910123 0.03125000004793817 0.09374999973689815
-3834580.492108429 -2930492.672715951 -4159067.941822977 0.03125000004348899 0.1249999996493815
-3910461.828300551 -2705436.171235175 -4240111.367968614 0.03125000003903981 0.1562499995718148
-3980410.44051878 -2475541.103131744 -4314819.80756026 0.03125000003459065 0.1874999994613007
-4044254.259062864 -2241178.107193368 -4383009.146680968 0.03125000003014147 0.2187499994277568
-4101833.274671856 -2002736.099408899 -4444508.173343726 0.03125000002569231 0.2499999993594997
-4153000.712487841 -1760621.159421449 -4499159.83435496 0.03125000002124313 0.2812499992969745
-4197624.143600759 -1515255.219871492 -4546822.425355118 0.03125000001679396 0.3124999992734023
-4235586.517438151 -1267074.563600891 -4587370.696114689 0.03125000001234478 0.3437499991913526
-4266787.097841659 -1016528.138813563 -4620696.852715204 0.03125000000789563 0.3749999991038815
-4291142.28531181 -764075.7164369698 -4646711.437862295 0.03125000000344645 0.4062499989866797
-4308586.311920648 -510185.9031465523 -4665344.074873853 0.03124999999899727 0.4374999989153078
-4319071.795425449 -255334.0403638371 -4676544.060927029 0.03124999999454811 0.468749998851558
-4322570.142921261 -0.009798104514573445 -4680280.799217678 0.03124999999009893 0.4999999988012005
-4319071.795974505 255334.0222967309 -4676544.061406386 0.03124999998564976 0.5312499989361967
-4308586.312958018 510185.8862082554 -4665344.075768123 0.03124999998120059 0.5624999990058657
-4291142.286771595 764075.7006995787 -4646711.43910197 0.03124999997675142 0.5937499990745844
-4266787.099608956 1016528.124742347 -4620696.854178859 0.03124999997230224 0.6249999991538756
-4235586.519487594 1267074.550731786 -4587370.697776974 0.03124999996785308 0.6562499992051096
-4197624.145857312 1515255.208270274 -4546822.427138043 0.03124999996340391 0.6874999992703208
-4153000.714921928 1760621.148889564 -4499159.836229511 0.03124999995895474 0.7187499993697559
-4101833.277199937 2002736.090059157 -4444508.175223642 0.03124999995450556 0.7499999994461979
-4044254.261654365 2241178.098887241 -4383009.148536959 0.0312499999500564 0.7812499995010659
-3980410.44317542 2475541.095657195 -4314819.809397888 0.03124999994560723 0.8124999995647267
-3910461.830845605 2705436.164994686 -4240111.369603218 0.03124999994115805 0.8437499996088871
-3834580.49448919 2930492.667642546 -4159067.943202697 0.03124999993670888 0.8749999996818582
-3752949.348944858 3150359.144043028 -4071885.244920202 0.03124999993225971 0.9062499997642396
-3665760.913135069 3364704.012351599 -3978769.26159286 0.03124999992781054 0.9374999998535943
-3573216.062245667 3573216.060961521 -3879934.916231999 0.03124999992336137 0.9687499999431634
-3364704.012351599 -3665760.913135069 -3978769.26159286 0.06250000014640558 0.03124999992781054
-3457133.035332945 -3457133.038121883 -4084862.706718032 0.06250000013610152 0.06249999984758806
-3544622.043475313 -3241698.738859063 -4185293.879214273 0.06250000012579748 0.09374999975352691
-3626904.978823225 -3019750.067854841 -4279755.927886307 0.06250000011549342 0.1249999996716735
-3703721.771429821 -2791613.958251213 -4367948.894839972 0.06250000010518936 0.1562499995991248
-3774820.722427334 -2557652.320518684 -4449582.465903803 0.06250000009488532 0.1874999994937664
-3839960.963953208 -2318261.672085877 -4524378.809853695 0.06250000008458129 0.2187499994634627
-3898914.951699942 -2073872.274609985 -4592075.455392108 0.06250000007427722 0.2499999993993098
-3951470.945485616 -1824946.748641219 -4652428.154373462 0.06250000006397316 0.281249999341417
-3997435.424060534 -1571978.167039678 -4705213.66919894 0.06250000005366912 0.3124999993219449
-4036635.382420178 -1315487.628685732 -4750232.424647059 0.06250000004336506 0.3437499992448039
-4068920.458440924 -1056021.329794265 -4787310.962732675 0.062500000033061 0.3749999991619561
-4094164.835693958 -794147.1755980048 -4816304.139239628 0.06250000002275694 0.4062499990513042
-4112268.875303438 -530450.9753853376 -4837097.007495646 0.0625000000124529 0.4374999989846022
-4123160.433264701 -265532.2911207741 -4849606.33906842 0.06250000000214884 0.4687499989252996
-4126795.82838924 -0.009510822740231349 -4853781.741157009 0.0624999999918448 0.4999999988811206
-4123160.433878646 265532.2735832756 -4849606.339506676 0.06249999998154074 0.5312499990099382
-4112268.876472061 530450.9589423409 -4837097.00830533 0.06249999997123667 0.5624999990751598
-4094164.837352776 794147.1603170851 -4816304.140349155 0.06249999996093264 0.5937499991392087
-4068920.460478009 1056021.316122073 -4787310.964017195 0.0624999999506286 0.6249999992119504
-4036635.384810317 1315487.616168096 -4750232.426082501 0.06249999994032454 0.6562499992585609
-3997435.426730621 1571978.155734685 -4705213.670707415 0.06249999993002048 0.6874999993188636
-3951470.948406515 1824946.738351903 -4652428.155928694 0.06249999991971644 0.7187499994141983
-3898914.954790855 2073872.265438969 -4592075.456909573 0.06249999990941238 0.7499999994860078
-3839960.967184353 2318261.663894617 -4524378.811308484 0.06249999989910832 0.7812499995367715
-3774820.725799603 2557652.313100058 -4449582.467307206 0.06249999988880428 0.8124999995971924
-3703721.774774732 2791613.951983158 -4367948.896009714 0.06249999987850022 0.8437499996361971
-3626904.982090818 3019750.062667833 -4279755.928777062 0.06249999986819615 0.8749999997041501
-3544622.046560222 3241698.734835656 -4185293.879717902 0.06249999985789212 0.9062499997808683
-3457133.038121884 3457133.035332944 -4084862.706718033 0.06249999984758806 0.9374999998638984
-3364704.014821477 3665760.911428015 -3978769.261076933 0.06249999983728402 0.9687499999476128
-3150359.144043027 -3752949.348944859 -4071885.244920202 0.09375000023576052 0.03124999993225971
-3241698.734835654 -3544622.046560223 -4185293.879717902 0.0937500002191318 0.06249999985789212
-3328551.581428048 -3328551.58563894 -4293149.160175238 0.09375000020250304 0.09374999977015566
-3410597.16618801 -3104996.369028589 -4395050.115562914 0.09375000018587426 0.1249999996939656
-3487516.875236974 -2874264.337829481 -4490598.12956125 0.09375000016924553 0.1562499996264347
-3558997.442499366 -2636714.314894019 -4579401.251901382 0.09375000015261678 0.1874999995262322
-3624734.635655641 -2392756.593731807 -4661078.813346898 0.09375000013598805 0.2187499994991686
-3684437.11453237 -2142852.683701243 -4735266.257034631 0.09375000011935933 0.2499999994391199
-3737830.382640356 -1887514.125079463 -4801620.086828628 0.09375000010273055 0.2812499993858592
-3784660.734803527 -1627300.33088858 -4859822.811124532 0.09375000008610182 0.3124999993704874
-3824699.09859632 -1362815.428282265 -4909587.753939462 0.09375000006947307 0.3437499992982552
-3857744.660787719 -1094704.107029269 -4950663.596955169 0.09375000005284431 0.374999999220031
-3883628.167674639 -823646.5296129077 -4982838.513287455 0.09375000003621559 0.4062499991159288
-3902214.795019011 -550352.3801922591 -5005943.762284136 0.09375000001958683 0.4374999990538963
-3913406.491094822 -275554.1790328539 -5019856.624434053 0.09375000000295808 0.468749998999041
-3917143.712622743 -0.009165466312406129 -5024502.575843714 0.09374999998632935 0.4999999989610404
-3913406.491783946 275554.1621317284 -5019856.624824572 0.0937499999697006 0.5312499990836796
-3902214.796340182 550352.3643437185 -5005943.762996647 0.09374999995307187 0.5624999991444541
-3883628.169565454 823646.5148791099 -4982838.514249201 0.09374999993644312 0.5937499992038334
-3857744.663140399 1094704.093835214 -4950663.598039377 0.09374999991981436 0.624999999270025
-3824699.101385579 1362815.416186239 -4909587.755124199 0.09374999990318564 0.6562499993120121
-3784660.737958493 1627300.31994068 -4859822.812333433 0.09374999988655688 0.6874999993674064
-3737830.386131823 1887514.115085683 -4801620.088039238 0.09374999986992813 0.7187499994586405
-3684437.11828229 2142852.674753953 -4735266.258165799 0.09374999985329938 0.749999999525818
-3624734.639634128 2392756.585693898 -4661078.814379235 0.09374999983667062 0.7812499995724776
-3558997.446705029 2636714.307565171 -4579401.252852627 0.0937499998200419 0.8124999996296582
-3487516.879510012 2874264.331562506 -4490598.130253952 0.09374999980341317 0.8437499996635067
-3410597.170479876 3104996.363753219 -4395050.115959311 0.09374999978678442 0.8749999997264423
-3328551.585638938 3328551.581428048 -4293149.160175237 0.09374999977015566 0.906249999797497
-3241698.738859064 3544622.043475312 -4185293.879214272 0.09374999975352691 0.9374999998742025
-3150359.147855691 3752949.34684029 -4071885.243910124 0.09374999973689818 0.9687499999520619
-2930492.667642546 -3834580.494489189 -4159067.943202697 0.1250000003181418 0.03124999993670888
-3019750.062667834 -3626904.982090817 -4279755.928777062 0.1250000002958498 0.06249999986819615
-3104996.363753219 -3410597.170479877 -4395050.115959311 0.1250000002735578 0.09374999978678442
-3185869.005168307 -3185869.010431349 -4504455.386645658 0.1250000002512658 0.1249999997162576
-3262002.016503699 -2952996.163150493 -4607471.921210619 0.1250000002289738 0.1562499996537447
-3333030.336667376 -2712321.242760934 -4703601.093940975 0.1250000002066818 0.1874999995586979
-3398594.605386779 -2464256.0340677 -4792352.022420391 0.1250000001843898 0.2187499995348745
-3458346.345476207 -2209282.491570537 -4873248.65230282 0.1250000001620978 0.24999999947893
-3511953.424276101 -1947952.332933095 -4945837.224811981 0.1250000001398058 0.2812499994303014
-3559105.649981649 -1680885.095360258 -5009693.929619298 0.1250000001175138 0.3124999994190301
-3599520.339336235 -1408764.559419492 -5064432.51932814 0.1250000000952217 0.3437499993517064
-3632947.675327264 -1132333.507096745 -5109711.637366654 0.1250000000729297 0.3749999992781058
-3659175.663794373 -852386.8617225152 -5145241.597773408 0.1250000000506377 0.4062499991805533
-3678034.502302617 -569763.3179415824 -5170790.361385747 0.1250000000283457 0.4374999991231905
-3689400.18594559 -285335.6581053153 -5186188.4684379 0.1250000000060537 0.4687499990727826
-3693197.200470495 -0.008761399649865317 -5191332.722763673 0.1249999999837617 0.4999999990409603
-3689400.186705333 285335.6419491904 -5186188.46878631 0.1249999999614697 0.5312499991574213
-3678034.503767861 569763.3027905057 -5170790.362012983 0.1249999999391777 0.5624999992137483
-3659175.665905295 852386.8476336792 -5145241.598606197 0.1249999999168857 0.5937499992684577
-3632947.677981198 1132333.494471803 -5109711.638277476 0.1249999998945936 0.6249999993280999
-3599520.342507386 1408764.547832935 -5064432.520297272 0.1249999998723016 0.6562499993654636
-3559105.653601381 1680885.084854944 -5009693.930572493 0.1249999998500096 0.687499999415949
-3511953.428314376 1947952.323320188 -4945837.225730582 0.1249999998277176 0.7187499995030832
-3458346.349857444 2209282.482932711 -4873248.653109583 0.1249999998054256 0.7499999995656281
-3398594.610079915 2464256.026271112 -4792352.02310121 0.1249999997831336 0.7812499996081835
-3333030.341667202 2712321.235613987 -4703601.094519308 0.1249999997608416 0.8124999996621241
-3262002.021659333 2952996.156980325 -4607471.92151508 0.1249999997385496 0.843749999690817
-3185869.010431347 3185869.005168307 -4504455.386645659 0.1249999997162575 0.8749999997487342
-3104996.36902859 3410597.16618801 -4395050.115562913 0.1249999996939656 0.9062499998141256
-3019750.067854839 3626904.978823225 -4279755.927886308 0.1249999996716735 0.9374999998845066
-2930492.672715949 3834580.492108427 -4159067.941822977 0.1249999996493815 0.968749999956511
-2705436.164994686 -3910461.830845605 -4240111.369603218 0.1562500003911129 0.03124999994115805
-2791613.951983158 -3703721.774774733 -4367948.896009713 0.156250000363803 0.06249999987850022
-2874264.331562507 -3487516.879510012 -4490598.13025395 0.1562500003364931 0.09374999980341317
-2952996.156980323 -3262002.021659333 -4607471.92151508 0.1562500003091832 0.1249999997385496
-3027408.926588166 -3027408.932570452 -4717968.985295148 0.1562500002818732 0.1562499996810546
-3097097.693282181 -2784051.932509818 -4821481.278129631 0.1562500002545633 0.1874999995911637
-3161658.733862226 -2532332.430379947 -4917402.516841457 0.1562500002272533 0.2187499995705805
-3220695.889066512 -2272741.848745009 -5005137.708306654 0.1562500001999434 0.24999999951874
-3273827.440677857 -2005862.637777889 -5084113.488803274 0.1562500001726335 0.2812499994747439
-3320693.338410317 -1732367.104838027 -5153788.991248327 0.1562500001453235 0.3124999994675726
-3360962.548658427 -1453013.843761486 -5213666.897333672 0.1562500001180135 0.3437499994051577
-3394340.260375819 -1168641.644768445 -5263304.276108757 0.1562500000907036 0.3749999993361806
-3420574.659231913 -880160.8936041843 -5302322.774217951 0.1562500000633937 0.4062499992451778
-3439462.977961862 -588542.5850707549 -5330417.718039362 0.1562500000360837 0.4374999991924848
-3450856.543098789 -294805.2245948116 -5347365.706448725 0.1562500000087738 0.468749999146524
-3454664.574125585 -0.008298432955715498 -5353030.32685989 0.1562499999814639 0.4999999991208803
-3450856.543923645 294805.2092925741 -5347365.706760041 0.1562499999541539 0.5312499992311628
-3439462.979560763 588542.5707202092 -5330417.718592141 0.156249999926844 0.5624999992830424
-3420574.66154811 880160.8802579097 -5302322.774939174 0.1562499998995341 0.5937499993330826
-3394340.263312635 1168641.632803019 -5263304.276871537 0.1562499998722241 0.6249999993861748
-3360962.552189155 1453013.8327713 -5213666.898120499 0.1562499998449142 0.6562499994189147
-3320693.342468548 1732367.094859434 -5153788.991987676 0.1562499998176043 0.6874999994644915
-3273827.445232023 2005862.628629339 -5084113.489480124 0.1562499997902943 0.7187499995475254
-3220695.894043234 2272741.840500046 -5005137.708848131 0.1562499997629844 0.7499999996054383
-3161658.739228297 2532332.422909659 -4917402.517238326 0.1562499997356745 0.7812499996438894
-3097097.69902726 2784051.925633053 -4821481.278410085 0.1562499997083645 0.8124999996945896
-3027408.932570453 3027408.926588165 -4717968.985295148 0.1562499996810546 0.8437499997181267
-2952996.163150493 3262002.016503699 -4607471.921210618 0.1562499996537447 0.8749999997710262
-2874264.33782948 3487516.875236973 -4490598.129561249 0.1562499996264347 0.9062499998307544
-2791613.958251213 3703721.771429821 -4367948.894839972 0.1562499995991248 0.9374999998948106
-2705436.171235174 3910461.828300552 -4240111.367968614 0.1562499995718149 0.9687499999609603
-2475541.095657194 -3980410.443175421 -4314819.809397888 0.1875000004352733 0.03124999994560723
-2557652.313100058 -3774820.725799603 -4449582.467307206 0.1875000004028075 0.06249999988880428
-2636714.30756517 -3558997.446705027 -4579401.252852627 0.1875000003703418 0.09374999982004192
-2712321.235613987 -3333030.341667203 -4703601.094519308 0.187500000337876 0.1249999997608416
-2784051.925633055 -3097097.699027259 -4821481.278410083 0.1875000003054103 0.1562499997083645
-2851475.065836878 -2851475.072391827 -4932324.083070637 0.1875000002729446 0.1874999996236295
-2914155.448867165 -2596542.645066414 -5035405.1785521 0.1875000002404788 0.2187499996062863
-2971661.199691116 -2332790.723868223 -5130005.667919357 0.1875000002080131 0.2499999995585502
-3023571.847536116 -2060822.827952411 -5215425.539165262 0.1875000001755473 0.2812499995191861
-3069487.023641485 -1781355.900135015 -5290998.163744787 0.1875000001430816 0.3124999995161151
-3109035.498212174 -1495217.24341885 -5356105.363586448 0.1875000001106158 0.3437499994586089
-3141884.206551238 -1203337.920635361 -5410192.4625086 0.18750000007815 0.3749999993942552
-3167746.868031837 -906742.5415329322 -5452782.660573304 0.1875000000456842 0.4062499993098024
-3186391.783899077 -606535.5536647642 -5483490.040260951 0.1875000000132185 0.4374999992617788
-3197648.408793706 -303884.3872145785 -5502030.528172875 0.1874999999807528 0.4687499992202655
-3201412.335810265 -0.007776932525647573 -5508230.210886421 0.187499999948287 0.4999999992008004
-3197648.409690048 303884.3728739393 -5502030.528443997 0.1874999999158212 0.5312499993049045
-3186391.785644896 606535.5402151652 -5483490.040734152 0.1874999998833554 0.5624999993523367
-3167746.870573848 906742.5290218083 -5452782.661177019 0.1874999998508897 0.5937499993977068
-3141884.209799455 1203337.909411753 -5410192.46311861 0.187499999818424 0.6249999994442494
-3109035.50213852 1495217.233100038 -5356105.364187951 0.1874999997859582 0.6562499994723661
-3069487.028181625 1781355.890751046 -5290998.164270262 0.1874999997534925 0.6874999995130339
-3023571.852656167 2060822.819330686 -5215425.539603771 0.1874999997210267 0.7187499995919676
-2971661.205319407 2332790.716073449 -5130005.668203607 0.1874999996885609 0.7499999996452482
-2914155.454967233 2596542.637976113 -5035405.178677955 0.1874999996560952 0.7812499996795955
-2851475.072391828 2851475.065836877 -4932324.083070637 0.1874999996236294 0.8124999997270554
-2784051.932509818 3097097.69328218 -4821481.278129631 0.1874999995911637 0.8437499997454369
-2712321.242760934 3333030.336667375 -4703601.093940975 0.1874999995586979 0.8749999997933181
-2636714.314894019 3558997.442499365 -4579401.251901383 0.1874999995262322 0.9062499998473831
-2557652.320518683 3774820.722427335 -4449582.465903803 0.1874999994937664 0.9374999999051148
-2475541.103131743 3980410.440518781 -4314819.807560259 0.1874999994613007 0.9687499999654094
-2241178.09888724 -4044254.261654365 -4383009.148536959 0.2187500004989342 0.0312499999500564
-2318261.663894618 -3839960.967184353 -4524378.811308484 0.2187500004632283 0.06249999989910832
-2392756.585693898 -3624734.639634129 -4661078.814379235 0.2187500004275224 0.09374999983667065
-2464256.026271111 -3398594.610079915 -4792352.023101211 0.2187500003918166 0.1249999997831336
-2532332.42290966 -3161658.739228297 -4917402.517238326 0.2187500003561106 0.1562499997356745
-2596542.637976113 -2914155.454967235 -5035405.178677955 0.2187500003204046 0.1874999996560952
-2656434.440127938 -2656434.446714648 -5145517.767495319 0.2187500002846988 0.2187499996419922
-2711554.277552775 -2388975.286221628 -5246895.413642962 0.2187500002489929 0.2499999995983602
-2761456.217313767 -2112393.200835158 -5338707.289683949 0.2187500002132869 0.2812499995636284
-2805711.819480779 -1827441.272212248 -5420155.033081724 0.218750000177581 0.3124999995646577
-2843920.614851157 -1535008.418115362 -5490492.299670367 0.2187500001418751 0.3437499995120601
-2875720.759327373 -1236112.68782659 -5549044.65087169 0.2187500001061692 0.3749999994523301
-2900799.362560872 -931889.6556633766 -5595228.836056129 0.2187500000704633 0.406249999374427
-2918901.949404758 -623575.9832284128 -5628570.458198229 0.2187500000347574 0.4374999993310733
-2929840.512786299 -312488.5666727549 -5648719.011009038 0.2187499999990514 0.4687499992940071
-2933499.667756971 -0.007197931184530349 -5655459.371197864 0.2187499999633455 0.4999999992807203
-2929840.513725365 312488.5534006172 -5648719.011256187 0.2187499999276396 0.5312499993786459
-2918901.951240443 623575.9707827721 -5628570.45862509 0.2187499998919336 0.5624999994216311
-2900799.3652438 931889.6440880732 -5595228.836593063 0.2187499998562277 0.5937499994623315
-2875720.762774973 1236112.677442648 -5549044.651398158 0.2187499998205219 0.6249999995023241
-2843920.619033892 1535008.408567503 -5490492.300173176 0.218749999784816 0.6562499995258173
-2805711.824336606 1827441.26352576 -5420155.03349684 0.21874999974911 0.6874999995615764
-2761456.222806337 2112393.19284893 -5338707.290002858 0.2187499997134041 0.7187499996364098
-2711554.283612323 2388975.278992401 -5246895.413802987 0.2187499996776982 0.7499999996850581
-2656434.446714649 2656434.440127937 -5145517.767495318 0.2187499996419922 0.7812499997153011
-2596542.645066414 2914155.448867164 -5035405.178552102 0.2187499996062863 0.8124999997595211
-2532332.430379948 3161658.733862224 -4917402.516841458 0.2187499995705804 0.8437499997727465
-2464256.034067702 3398594.605386779 -4792352.022420391 0.2187499995348745 0.8749999998156103
-2392756.593731808 3624734.63565564 -4661078.813346898 0.2187499994991686 0.9062499998640119
-2318261.672085878 3839960.963953208 -4524378.809853696 0.2187499994634627 0.9374999999154185
-2241178.10719337 4044254.259062864 -4383009.146680968 0.2187499994277568 0.9687499999698586
-2002736.090059157 -4101833.277199938 -4444508.175223642 0.2500000005538022 0.03124999995450556
-2073872.26543897 -3898914.954790855 -4592075.456909573 0.2500000005139921 0.06249999990941238
-2142852.674753953 -3684437.118282289 -4735266.258165799 0.250000000474182 0.09374999985329938
-2209282.482932711 -3458346.349857444 -4873248.653109584 0.2500000004343719 0.1249999998054256
-2272741.840500045 -3220695.894043233 -5005137.708848133 0.2500000003945618 0.1562499997629844
-2332790.716073449 -2971661.205319406 -5130005.668203606 0.2500000003547517 0.187499999688561
-2388975.278992405 -2711554.283612323 -5246895.413802987 0.2500000003149417 0.2187499996776982
-2440835.839856125 -2440835.846488209 -5354837.231267822 0.2500000002751315 0.2499999996381703
-2487916.25383568 -2160124.294559612 -5452868.671254936 0.2500000002353215 0.2812499996080708
-2529774.562434262 -1870200.442157675 -5540057.036657094 0.2500000001955113 0.3124999996132003
-2565994.518329391 -1572007.066605807 -5615523.743556333 0.2500000001557013 0.3437499995655114
-2596197.507828969 -1266642.534447088 -5678469.528867098 0.2500000001158912 0.3749999995104049
-2620054.276776009 -955348.0887744852 -5728199.247234918 0.2500000000760811 0.4062499994390514
-2637295.799895342 -639488.7775906844 -5764144.86001089 0.250000000036271 0.4374999994003674
-2647722.619433004 -320528.4859765873 -5785885.188994021 0.249999999996461 0.4687499993677486
-2651212.032052108 -0.006563227580277571 -5793161.11989837 0.249999999956651 0.4999999993606403
-2647722.620432853 320528.4738749429 -5785885.189206885 0.2499999999168408 0.5312499994523874
-2637295.801857236 639488.7662426108 -5764144.860372239 0.2499999998770308 0.5624999994909252
-2620054.279654578 955348.0782189092 -5728199.247678729 0.2499999998372207 0.5937499995269561
-2596197.511549224 1266642.524974071 -5678469.529279253 0.2499999997974107 0.624999999560399
-2565994.522859806 1572007.057889751 -5615523.743926142 0.2499999997576005 0.6562499995792686
-2529774.567714601 1870200.434218905 -5540057.036925867 0.2499999997177905 0.6874999996101189
-2487916.259826253 2160124.28724973 -5452868.671417458 0.2499999996779803 0.7187499996808523
-2440835.846488209 2440835.839856124 -5354837.231267823 0.2499999996381703 0.7499999997248685
-2388975.286221628 2711554.277552775 -5246895.413642962 0.2499999995983602 0.7812499997510072
-2332790.723868222 2971661.199691117 -5130005.667919356 0.2499999995585502 0.8124999997919871
-2272741.84874501 3220695.889066513 -5005137.708306653 0.24999999951874 0.8437499998000566
-2209282.491570536 3458346.345476209 -4873248.652302818 0.2499999994789299 0.8749999998379024
-2142852.683701245 3684437.114532372 -4735266.257034629 0.2499999994391198 0.9062499998806409
-2073872.274609985 3898914.951699941 -4592075.455392109 0.2499999993993098 0.9374999999257227
-2002736.099408899 4101833.274671857 -4444508.173343726 0.2499999993594997 0.9687499999743077
-1760621.148889565 -4153000.714921927 -4499159.83622951 0.2812500006302439 0.03124999995895474
-1824946.738351903 -3951470.948406515 -4652428.155928694 0.2812500005858017 0.06249999991971644
-1887514.115085684 -3737830.386131824 -4801620.088039237 0.2812500005413593 0.09374999986992813
-1947952.323320187 -3511953.428314376 -4945837.225730582 0.2812500004969169 0.1249999998277176
-2005862.628629338 -3273827.445232024 -5084113.489480124 0.2812500004524747 0.1562499997902943
-2060822.819330687 -3023571.852656167 -5215425.53960377 0.2812500004080323 0.1874999997210267
-2112393.192848929 -2761456.222806339 -5338707.290002857 0.2812500003635901 0.2187499997134041
-2160124.28724973 -2487916.259826251 -5452868.671417459 0.2812500003191478 0.2499999996779804
-2203566.30555638 -2203566.312139741 -5556818.518272795 0.2812500002747054 0.281249999652513
-2242280.033865257 -1909207.060983558 -5649491.096374943 0.2812500002302631 0.3124999996617428
-2275848.89708573 -1605827.086992677 -5729875.405653624 0.2812500001858207 0.3437499996189626
-2303891.634674159 -1294597.24398845 -5797045.998742457 0.2812500001413785 0.3749999995684796
-2326074.937356904 -976857.1658655802 -5850193.711604525 0.2812500000969362 0.4062499995036759
-2342125.291329809 -654093.7481225035 -5888654.471811052 0.2812500000524938 0.4374999994696617
-2351839.24433511 -327912.0865683954 -5911934.271648124 0.2812500000080516 0.4687499994414901
-2355091.358246844 -0.005875495841022964 -5919728.515253975 0.2812499999636093 0.4999999994405602
-2351839.245410198 327912.0757345744 -5911934.271821349 0.2812499999191669 0.5312499995261288
-2342125.293446842 654093.7379620639 -5888654.472097625 0.2812499998747246 0.5624999995602193
-2326074.940474344 976857.1564117511 -5850193.711943599 0.2812499998302824 0.5937499995915806
-2303891.638724325 1294597.235498044 -5797045.9990289 0.2812499997858399 0.6249999996184739
-2275848.902034441 1605827.079172334 -5729875.405879738 0.2812499997413977 0.6562499996327198
-2242280.039653309 1909207.053848844 -5649491.096488796 0.2812499996969554 0.6874999996586613
-2203566.312139742 2203566.305556383 -5556818.518272795 0.281249999652513 0.7187499997252947
-2160124.294559612 2487916.25383568 -5452868.671254936 0.2812499996080708 0.7499999997646785
-2112393.200835159 2761456.217313765 -5338707.28968395 0.2812499995636284 0.7812499997867129
-2060822.827952412 3023571.847536117 -5215425.539165261 0.2812499995191861 0.8124999998244529
-2005862.637777891 3273827.440677856 -5084113.488803274 0.2812499994747438 0.8437499998273664
-1947952.332933095 3511953.424276101 -4945837.224811981 0.2812499994303015 0.8749999998601944
-1887514.125079462 3737830.382640355 -4801620.086828629 0.2812499993858592 0.9062499998972694
-1824946.748641221 3951470.945485615 -4652428.154373462 0.2812499993414169 0.937499999936027
-1760621.159421448 4153000.712487841 -4499159.834354961 0.2812499992969745 0.968749999978757
-1515255.208270277 -4197624.145857311 -4546822.427138042 0.3125000007296789 0.03124999996340391
-1571978.155734685 -3997435.426730623 -4705213.670707415 0.3125000006811364 0.06249999993002048
-1627300.319940679 -3784660.737958494 -4859822.812333433 0.3125000006325938 0.09374999988655688
-1680885.084854943 -3559105.653601381 -5009693.930572494 0.3125000005840513 0.1249999998500096
-1732367.094859433 -3320693.342468548 -5153788.991987676 0.3125000005355087 0.1562499998176043
-1781355.890751046 -3069487.028181625 -5290998.164270262 0.3125000004869661 0.1874999997534925
-1827441.26352576 -2805711.824336607 -5420155.03349684 0.3125000004384236 0.21874999974911
-1870200.434218906 -2529774.567714601 -5540057.036925867 0.312500000389881 0.2499999997177905
-1909207.053848847 -2242280.039653308 -5649491.096488795 0.3125000003413385 0.2812499996969554
-1944041.8628741 -1944041.869135367 -5747263.996584955 0.3125000002927959 0.3124999997102853
-1974304.675748473 -1636086.439668417 -5832236.552922973 0.3125000002442534 0.3437499996724139
-1999627.171907498 -1319648.35913013 -5903360.092490918 0.3125000001957108 0.3749999996265544
-2019685.806821852 -996156.5135375822 -5959713.2852394 0.3125000001471683 0.4062499995683005
-2034214.036697104 -667210.3646779195 -6000537.024481295 0.3125000000986258 0.4374999995389558
-2043012.999791262 -334546.9640108144 -6025264.907998242 0.3125000000500832 0.4687499995152316
-2045959.840310677 -0.005138343696945331 -6033546.994251052 0.3125000000015407 0.4999999995204802
-2043013.000936417 334546.954536028 -6025264.908136027 0.3124999999529982 0.5312499995998703
-2034214.038958807 667210.3557910783 -6000537.024702709 0.3124999999044555 0.5624999996295137
-2019685.810162208 996156.5052664762 -5959713.285489891 0.3124999998559129 0.5937499996562051
-1999627.176265777 1319648.351697101 -5903360.092676245 0.3124999998073704 0.6249999996765485
-1974304.681087554 1636086.432815467 -5832236.553038031 0.3124999997588279 0.656249999686171
-1944041.869135368 1944041.862874098 -5747263.996584955 0.3124999997102853 0.6874999997072039
-1909207.060983559 2242280.033865257 -5649491.096374942 0.3124999996617428 0.718749999769737
-1870200.442157673 2529774.562434261 -5540057.036657095 0.3124999996132003 0.7499999998044886
-1827441.272212249 2805711.819480781 -5420155.033081722 0.3124999995646577 0.7812499998224191
-1781355.900135014 3069487.023641483 -5290998.163744788 0.3124999995161151 0.8124999998569185
-1732367.104838027 3320693.338410318 -5153788.991248327 0.3124999994675726 0.8437499998546766
-1680885.095360258 3559105.649981649 -5009693.929619297 0.3124999994190301 0.8749999998824863
-1627300.330888579 3784660.734803527 -4859822.811124532 0.3124999993704876 0.9062499999138983
-1571978.16703968 3997435.424060534 -4705213.66919894 0.3124999993219448 0.9374999999463309
-1515255.219871492 4197624.14360076 -4546822.425355117 0.3124999992734023 0.9687499999832061
-1267074.550731786 -4235586.519487595 -4587370.697776975 0.3437500007948904 0.03124999996785308
-1315487.616168097 -4036635.384810316 -4750232.426082501 0.343750000741439 0.06249999994032451
-1362815.416186239 -3824699.101385579 -4909587.7551242 0.3437500006879877 0.09374999990318561
-1408764.547832934 -3599520.342507387 -5064432.520297271 0.3437500006345366 0.1249999998723016
-1453013.832771299 -3360962.552189152 -5213666.8981205 0.3437500005810852 0.1562499998449142
-1495217.233100038 -3109035.502138521 -5356105.364187951 0.343750000527634 0.1874999997859582
-1535008.408567503 -2843920.619033892 -5490492.300173176 0.3437500004741827 0.218749999784816
-1572007.057889748 -2565994.522859806 -5615523.743926143 0.3437500004207316 0.2499999997576005
-1605827.079172333 -2275848.902034441 -5729875.405879738 0.3437500003672803 0.2812499997413977
-1636086.432815467 -1974304.681087555 -5832236.553038031 0.343750000313829 0.3124999997588278
-1662418.412809874 -1662418.418640743 -5921348.750252319 0.3437500002603777 0.3437499997258651
-1684483.838839997 -1341479.107731293 -5996047.781681474 0.3437500002069265 0.374999999684629
-1701983.499788299 -1012994.067561912 -6055306.448523703 0.3437500001534752 0.406249999632925
-1714670.042370128 -678663.3740516973 -6098275.466926629 0.343750000100024 0.43749999960825
-1722358.433047907 -340343.2636513054 -6124319.463499266 0.3437500000465728 0.468749999588973
-1724934.154277518 -0.004356372538840677 -6133045.178653659 0.3437499999931214 0.4999999996004001
-1722358.434284943 340343.255617813 -6124319.463597811 0.3437499999396703 0.5312499996736118
-1714670.044819605 678663.3665145811 -6098275.467076691 0.343749999886219 0.5624999996988078
-1701983.503415236 1012994.060542946 -6055306.448678474 0.3437499998327677 0.5937499997208296
-1684483.843589389 1341479.101416564 -5996047.781759992 0.3437499997793165 0.6249999997346232
-1662418.418640743 1662418.412809872 -5921348.750252321 0.3437499997258652 0.6562499997396221
-1636086.439668417 1974304.675748471 -5832236.552922973 0.3437499996724139 0.6874999997557464
-1605827.086992677 2275848.897085731 -5729875.405653623 0.3437499996189626 0.7187499998141793
-1572007.066605807 2565994.518329389 -5615523.743556333 0.3437499995655114 0.7499999998442985
-1535008.418115362 2843920.614851153 -5490492.299670369 0.3437499995120601 0.7812499998581247
-1495217.24341885 3109035.498212173 -5356105.363586449 0.343749999458609 0.8124999998893842
-1453013.843761486 3360962.548658426 -5213666.897333673 0.3437499994051577 0.8437499998819864
-1408764.559419492 3599520.339336235 -5064432.51932814 0.3437499993517064 0.8749999999047783
-1362815.428282265 3824699.09859632 -4909587.753939461 0.3437499992982552 0.9062499999305269
-1315487.628685732 4036635.38242018 -4750232.424647059 0.3437499992448039 0.9374999999566349
-1267074.56360089 4235586.517438151 -4587370.696114689 0.3437499991913527 0.9687499999876552
-1016528.124742347 -4266787.099608956 -4620696.854178859 0.3750000008461244 0.03124999997230225
-1056021.316122072 -4068920.460478009 -4787310.964017195 0.3750000007880496 0.0624999999506286
-1094704.093835216 -3857744.663140398 -4950663.598039377 0.3750000007299747 0.09374999991981436
-1132333.494471803 -3632947.677981198 -5109711.638277477 0.3750000006719001 0.1249999998945936
-1168641.632803018 -3394340.263312635 -5263304.276871537 0.3750000006138253 0.1562499998722241
-1203337.909411753 -3141884.209799453 -5410192.46311861 0.3750000005557506 0.187499999818424
-1236112.677442649 -2875720.762774974 -5549044.651398156 0.3750000004976758 0.2187499998205219
-1266642.524974071 -2596197.511549224 -5678469.529279253 0.375000000439601 0.2499999997974107
-1294597.235498044 -2303891.638724325 -5797045.9990289 0.3750000003815263 0.2812499997858399
-1319648.351697101 -1999627.176265777 -5903360.092676245 0.3750000003234515 0.3124999998073704
-1341479.101416565 -1684483.84358939 -5996047.781759992 0.3750000002653767 0.3437499997793164
-1359795.258992793 -1359795.264128264 -6073841.839665819 0.375000000207302 0.3749999997427038
-1374336.335979498 -1027134.917212709 -6135620.139598678 0.3750000001492273 0.4062499996975496
-1384886.355359924 -688289.0484327259 -6180452.165379608 0.3750000000911524 0.4374999996775443
-1391283.390458559 -345216.9146045347 -6207640.196508257 0.3750000000330778 0.4687499996627146
-1393427.071868094 -0.003535162475828005 -6216751.723801193 0.3749999999750029 0.4999999996803202
-1391283.391787279 345216.9080848425 -6207640.196573029 0.3749999999169282 0.5312499997473532
-1384886.357996194 688289.0423139536 -6180452.165470304 0.3749999998588534 0.5624999997681019
-1374336.339890586 1027134.911511025 -6135620.139677113 0.3749999998007786 0.5937499997854542
-1359795.264128264 1359795.258992793 -6073841.839665819 0.3749999997427038 0.624999999792698
-1341479.107731292 1684483.838839997 -5996047.781681474 0.3749999996846292 0.6562499997930735
-1319648.359130131 1999627.171907496 -5903360.092490918 0.3749999996265543 0.6874999998042891
-1294597.24398845 2303891.634674157 -5797045.998742459 0.3749999995684796 0.7187499998586214
-1266642.534447089 2596197.507828968 -5678469.528867097 0.3749999995104047 0.7499999998841087
-1236112.68782659 2875720.759327374 -5549044.65087169 0.3749999994523301 0.7812499998938308
-1203337.920635361 3141884.206551238 -5410192.462508598 0.3749999993942552 0.8124999999218501
-1168641.644768444 3394340.26037582 -5263304.276108756 0.3749999993361806 0.8437499999092966
-1132333.507096745 3632947.675327262 -5109711.637366656 0.3749999992781058 0.8749999999270702
-1094704.107029269 3857744.660787718 -4950663.59695517 0.374999999220031 0.9062499999471556
-1056021.329794263 4068920.458440922 -4787310.962732675 0.3749999991619563 0.9374999999669389
-1016528.138813563 4266787.097841659 -4620696.852715204 0.3749999991038815 0.9687499999921043
-764075.7006995772 -4291142.286771595 -4646711.439101968 0.4062500009254158 0.03124999997675143
-794147.1603170867 -4094164.837352776 -4816304.140349155 0.4062500008607912 0.06249999996093264
-823646.5148791089 -3883628.169565454 -4982838.5142492 0.4062500007961667 0.09374999993644312
-852386.8476336794 -3659175.665905294 -5145241.598606197 0.4062500007315421 0.1249999999168857
-880160.8802579086 -3420574.66154811 -5302322.774939174 0.4062500006669176 0.156249999899534
-906742.5290218093 -3167746.870573848 -5452782.661177018 0.406250000602293 0.1874999998508897
-931889.6440880733 -2900799.3652438 -5595228.836593063 0.4062500005376685 0.2187499998562277
-955348.0782189092 -2620054.279654577 -5728199.247678731 0.4062500004730439 0.2499999998372207
-976857.1564117511 -2326074.940474344 -5850193.711943599 0.4062500004084194 0.2812499998302824
-996156.505266476 -2019685.810162207 -5959713.285489891 0.4062500003437949 0.312499999855913
-1012994.060542945 -1701983.503415236 -6055306.448678474 0.4062500002791704 0.3437499998327678
-1027134.911511024 -1374336.339890584 -6135620.139677113 0.4062500002145459 0.3749999998007787
-1038370.48339895 -1038370.487732359 -6199452.755639992 0.4062500001499213 0.4062499997621741
-1046527.43294012 -695941.7092473946 -6245805.510055015 0.4062500000852968 0.4374999997468384
-1051475.562509614 -349093.0178730504 -6273928.13206506 0.4062500000206723 0.4687499997364561
-1053134.071003944 -0.002681239998662674 -6283354.965978817 0.4062499999560478 0.49999999976024
-1051475.563977413 349093.0129272268 -6273928.132094261 0.4062499998914232 0.5312499998210949
-1046527.43585678 695941.7046026589 -6245805.51008385 0.4062499998267986 0.5624999998373963
-1038370.487732361 1038370.48339895 -6199452.755639992 0.4062499997621741 0.5937499998500787
-1027134.91721271 1374336.3359795 -6135620.139598677 0.4062499996975496 0.6249999998507729
-1012994.067561909 1701983.499788299 -6055306.448523703 0.4062499996329251 0.6562499998465248
-996156.5135375833 2019685.806821851 -5959713.2852394 0.4062499995683004 0.6874999998528317
-976857.1658655782 2326074.937356904 -5850193.711604527 0.4062499995036761 0.7187499999030638
-955348.0887744852 2620054.276776009 -5728199.247234918 0.4062499994390513 0.7499999999239189
-931889.6556633791 2900799.362560872 -5595228.83605613 0.4062499993744269 0.7812499999295368
-906742.541532932 3167746.868031835 -5452782.660573306 0.4062499993098024 0.8124999999543157
-880160.8936041847 3420574.659231912 -5302322.774217954 0.4062499992451779 0.8437499999366062
-852386.8617225152 3659175.663794373 -5145241.597773408 0.4062499991805533 0.8749999999493622
-823646.5296129077 3883628.167674643 -4982838.513287453 0.4062499991159287 0.9062499999637846
-794147.1755980044 4094164.835693957 -4816304.139239629 0.4062499990513042 0.9374999999772431
-764075.7164369706 4291142.285311811 -4646711.437862294 0.4062499989866796 0.9687499999965536
-510185.8862082556 -4308586.312958018 -4665344.075768123 0.4375000009941343 0.03124999998120059
-530450.9589423431 -4112268.876472061 -4837097.00830533 0.43750000092484 0.06249999997123667
-550352.3643437182 -3902214.796340182 -5005943.762996648 0.4375000008555459 0.09374999995307184
-569763.302790506 -3678034.503767862 -5170790.362012982 0.4375000007862517 0.1249999999391777
-588542.5707202117 -3439462.979560762 -5330417.718592142 0.4375000007169574 0.156249999926844
-606535.5402151651 -3186391.785644896 -5483490.040734152 0.4375000006476633 0.1874999998833555
-623575.9707827705 -2918901.951240443 -5628570.45862509 0.4375000005783691 0.2187499998919337
-639488.7662426109 -2637295.801857237 -5764144.860372238 0.4375000005090748 0.2499999998770308
-654093.7379620636 -2342125.293446842 -5888654.472097624 0.4375000004397805 0.2812499998747245
-667210.3557910769 -2034214.038958807 -6000537.024702709 0.4375000003704864 0.3124999999044555
-678663.3665145817 -1714670.044819605 -6098275.467076691 0.4375000003011922 0.3437499998862191
-688289.0423139532 -1384886.357996194 -6180452.165470304 0.437500000231898 0.3749999998588534
-695941.7046026592 -1046527.435856778 -6245805.51008385 0.4375000001626037 0.4062499998267987
-701500.0727657279 -701500.075889194 -6293285.015906806 0.4375000000933095 0.4374999998161327
-704872.9326801061 -351909.1526767731 -6322100.528862006 0.4375000000240153 0.4687499998101976
-706003.6258210236 -0.001801962799787722 -6331761.198934115 0.4374999999547211 0.4999999998401601
-704872.9342505052 351909.1493523976 -6322100.528871963 0.4374999998854269 0.5312499998948363
-701500.0758891961 701500.0727657268 -6293285.015906806 0.4374999998161326 0.5624999999066904
-695941.7092473935 1046527.43294012 -6245805.510055015 0.4374999997468385 0.5937499999147031
-688289.0484327261 1384886.355359924 -6180452.165379608 0.4374999996775443 0.6249999999088476
-678663.3740516978 1714670.042370129 -6098275.466926629 0.43749999960825 0.656249999899976
-667210.3646779219 2034214.036697105 -6000537.024481295 0.4374999995389557 0.6874999999013742
-654093.7481225047 2342125.29132981 -5888654.471811052 0.4374999994696616 0.7187499999475063
-639488.777590684 2637295.799895342 -5764144.860010889 0.4374999994003674 0.749999999963729
-623575.9832284162 2918901.949404756 -5628570.45819823 0.4374999993310731 0.7812499999652425
-606535.5536647638 3186391.783899078 -5483490.040260949 0.4374999992617789 0.8124999999867817
-588542.5850707551 3439462.977961861 -5330417.718039362 0.4374999991924848 0.8437499999639162
-569763.3179415823 3678034.502302618 -5170790.361385746 0.4374999991231904 0.8749999999716542
-550352.3801922584 3902214.795019009 -5005943.762284138 0.4374999990538963 0.9062499999804131
-530450.9753853393 4112268.875303439 -4837097.007495646 0.4374999989846021 0.9374999999875471
-510185.903146551 4308586.311920648 -4665344.074873853 0.4374999989153078 0.9687500000010028
-255334.0222967318 -4319071.795974507 -4676544.061406385 0.4687500010638032 0.03124999998564976
-265532.2735832776 -4123160.433878645 -4849606.339506677 0.4687500009900616 0.06249999998154074
-275554.1621317306 -3913406.491783947 -5019856.624824572 0.4687500009163201 0.0937499999697006
-285335.6419491904 -3689400.186705332 -5186188.468786311 0.4687500008425787 0.1249999999614697
-294805.2092925744 -3450856.543923645 -5347365.706760041 0.4687500007688372 0.1562499999541539
-303884.3728739388 -3197648.409690048 -5502030.528443997 0.4687500006950956 0.1874999999158212
-312488.5534006167 -2929840.513725365 -5648719.011256187 0.4687500006213542 0.2187499999276396
-320528.473874944 -2647722.620432851 -5785885.189206886 0.4687500005476126 0.2499999999168409
-327912.0757345744 -2351839.245410198 -5911934.271821349 0.4687500004738712 0.2812499999191669
-334546.9545360277 -2043013.000936419 -6025264.908136026 0.4687500004001297 0.312499999952998
-340343.2556178153 -1722358.434284943 -6124319.463597811 0.468750000326388 0.3437499999396703
-345216.9080848438 -1391283.39178728 -6207640.196573029 0.4687500002526466 0.3749999999169281
-349093.0129272268 -1051475.563977412 -6273928.132094261 0.4687500001789051 0.4062499998914232
-351909.1493523976 -704872.9342505054 -6322100.528871963 0.4687500001051637 0.4374999998854269
-353618.3333127465 -353618.334983297 -6351342.310685889 0.4687500000314221 0.4687499998839391
-354191.3642667973 -0.0009053706601708945 -6361146.868095314 0.4687499999576806 0.4999999999200802
-353618.3349832974 353618.333312747 -6351342.310685889 0.4687499998839391 0.531249999968578
-351909.1526767733 704872.9326801043 -6322100.528862008 0.4687499998101976 0.5624999999759845
-349093.0178730508 1051475.562509614 -6273928.13206506 0.468749999736456 0.5937499999793278
-345216.9146045344 1391283.390458559 -6207640.196508257 0.4687499996627147 0.6249999999669222
-340343.2636513054 1722358.433047908 -6124319.463499266 0.468749999588973 0.6562499999534273
-334546.9640108146 2043012.99979126 -6025264.907998241 0.4687499995152316 0.6874999999499168
-327912.0865683962 2351839.244335111 -5911934.271648123 0.4687499994414901 0.7187499999919486
-320528.485976587 2647722.619433004 -5785885.188994021 0.4687499993677486 0.7500000000035389
-312488.5666727558 2929840.5127863 -5648719.011009037 0.468749999294007 0.7812500000009487
-303884.3872145783 3197648.408793706 -5502030.528172875 0.4687499992202655 0.8125000000192473
-294805.2245948113 3450856.543098788 -5347365.706448726 0.468749999146524 0.843749999991226
-285335.6581053153 3689400.18594559 -5186188.468437901 0.4687499990727826 0.8749999999939463
-275554.1790328533 3913406.491094823 -5019856.624434051 0.468749998999041 0.906249999997042
-265532.2911207744 4123160.433264701 -4849606.339068419 0.4687499989252996 0.9374999999978513
-255334.0403638375 4319071.795425449 -4676544.06092703 0.468749998851558 0.9687500000054519
0.009798104336991032 -4322570.142921261 -4680280.799217679 0.5000000011987995 0.03124999999009893
0.009510825388546511 -4126795.82838924 -4853781.741157009 0.5000000011188797 0.0624999999918448
0.009165466067665995 -3917143.712622742 -5024502.575843714 0.5000000010389596 0.09374999998632935
0.008761398095513467 -3693197.200470495 -5191332.722763673 0.5000000009590395 0.1249999999837617
0.008298432718914884 -3454664.574125585 -5353030.32685989 0.5000000008791197 0.1562499999814639
0.007776932653833632 -3201412.335810265 -5508230.210886421 0.5000000007991996 0.187499999948287
0.007197930957025044 -2933499.667756971 -5655459.371197864 0.5000000007192797 0.2187499999633455
0.006563227382696299 -2651212.032052107 -5793161.11989837 0.5000000006393597 0.249999999956651
0.005875495924344776 -2355091.358246844 -5919728.515253975 0.5000000005594398 0.2812499999636093
0.005138343899085856 -2045959.840310678 -6033546.994251052 0.5000000004795198 0.3125000000015407
0.004356370532354778 -1724934.154277516 -6133045.17865366 0.5000000003995997 0.3437499999931216
0.003535162407273058 -1393427.071868093 -6216751.723801193 0.5000000003196798 0.3749999999750029
0.002681239601996514 -1053134.071003944 -6283354.965978817 0.50000000023976 0.4062499999560478
0.00180196262653926 -706003.6258210235 -6331761.198934115 0.5000000001598399 0.4374999999547211
0.000905370295346137 -354191.3642667974 -6361146.868095314 0.5000000000799198 0.4687499999576806
0 0 -6371000 0.5 0.5
-0.0009053702953461367 354191.3642667981 -6361146.868095314 0.4999999999200802 0.5312500000423195
-0.001801962626539261 706003.625821023 -6331761.198934115 0.4999999998401601 0.5625000000452789
-0.002681240153879866 1053134.071003946 -6283354.965978816 0.49999999976024 0.5937500000439523
-0.003535162407273059 1393427.071868094 -6216751.723801193 0.4999999996803202 0.6250000000249971
-0.004356370532354779 1724934.154277517 -6133045.17865366 0.4999999996004003 0.6562500000068785
-0.005138343899085857 2045959.840310677 -6033546.994251052 0.4999999995204802 0.6874999999984593
-0.005875495657714977 2355091.358246846 -5919728.515253975 0.4999999994405602 0.7187500000363908
-0.00656323034641539 2651212.032052107 -5793161.11989837 0.4999999993606401 0.7500000000433491
-0.007197931477037174 2933499.667756971 -5655459.371197865 0.4999999992807203 0.7812500000366543
-0.00777693284611273 3201412.335810267 -5508230.21088642 0.4999999992008004 0.8125000000517131
-0.008298432718914882 3454664.574125586 -5353030.326859889 0.4999999991208803 0.8437500000185362
-0.008761397287250507 3693197.200470497 -5191332.722763672 0.4999999990409605 0.8750000000162385
-0.009165465975888446 3917143.712622741 -5024502.575843715 0.4999999989610404 0.9062500000136705
-0.009510822710136858 4126795.828389239 -4853781.741157009 0.4999999988811206 0.9375000000081553
-0.009798104233401292 4322570.142921261 -4680280.799217678 0.4999999988012005 0.9687500000099012
255334.0403638374 -4319071.795425449 -4676544.060927029 0.531250001148442 0.03124999999454811
265532.2911207752 -4123160.4332647 -4849606.339068419 0.5312500010747006 0.06250000000214884
275554.1790328546 -3913406.491094823 -5019856.624434053 0.5312500010009591 0.09375000000295811
285335.6581053152 -3689400.18594559 -5186188.468437901 0.5312500009272174 0.1250000000060537
294805.2245948114 -3450856.54309879 -5347365.706448724 0.531250000853476 0.1562500000087738
303884.3872145784 -3197648.408793708 -5502030.528172875 0.5312500007797345 0.1874999999807528
312488.5666727555 -2929840.5127863 -5648719.011009038 0.531250000705993 0.2187499999990514
320528.485976587 -2647722.619433004 -5785885.188994021 0.5312500006322514 0.249999999996461
327912.0865683956 -2351839.244335109 -5911934.271648123 0.5312500005585099 0.2812500000080515
334546.9640108113 -2043012.999791261 -6025264.907998241 0.5312500004847682 0.3125000000500832
340343.2636513032 -1722358.433047908 -6124319.463499266 0.5312500004110268 0.3437500000465728
345216.9146045331 -1391283.390458561 -6207640.196508256 0.5312500003372853 0.3750000000330777
349093.0178730498 -1051475.562509614 -6273928.132065061 0.5312500002635439 0.4062500000206723
351909.1526767732 -704872.9326801039 -6322100.528862008 0.5312500001898024 0.4375000000240154
353618.3349832974 -353618.3333127465 -6351342.310685889 0.5312500001160609 0.4687500000314221
354191.3642667984 0.0009053706601708945 -6361146.868095314 0.5312500000423195 0.5000000000799198
353618.3333127454 353618.3349832974 -6351342.310685889 0.5312499999685778 0.5312500001160609
351909.1493523975 704872.9342505073 -6322100.528871963 0.5312499998948363 0.5625000001145732
349093.0129272265 1051475.563977414 -6273928.132094259 0.5312499998210949 0.5937500001085768
345216.9080848427 1391283.391787279 -6207640.196573028 0.5312499997473532 0.6250000000830718
340343.2556178158 1722358.434284944 -6124319.463597811 0.531249999673612 0.6562500000603297
334546.9545360279 2043013.000936418 -6025264.908136027 0.5312499995998703 0.6875000000470018
327912.0757345744 2351839.245410198 -5911934.27182135 0.5312499995261288 0.718750000080833
320528.4738749427 2647722.620432853 -5785885.189206885 0.5312499994523874 0.7500000000831593
312488.553400617 2929840.513725365 -5648719.011256187 0.5312499993786459 0.7812500000723605
303884.3728739391 3197648.409690049 -5502030.528443995 0.5312499993049045 0.8125000000841789
294805.209292575 3450856.543923643 -5347365.706760043 0.5312499992311628 0.8437500000458459
285335.6419491902 3689400.186705334 -5186188.46878631 0.5312499991574213 0.8750000000385304
275554.1621317284 3913406.491783946 -5019856.624824572 0.5312499990836796 0.9062500000302994
265532.2735832757 4123160.433878646 -4849606.339506676 0.5312499990099382 0.9375000000184592
255334.0222967308 4319071.795974506 -4676544.061406384 0.5312499989361967 0.9687500000143503
510185.9031465516 -4308586.311920648 -4665344.074873853 0.5625000010846921 0.03124999999899727
530450.9753853376 -4112268.875303437 -4837097.007495646 0.5625000010153978 0.0625000000124529
550352.380192259 -3902214.79501901 -5005943.762284136 0.5625000009461036 0.09375000001958683
569763.3179415822 -3678034.502302618 -5170790.361385746 0.5625000008768095 0.1250000000283457
588542.5850707545 -3439462.977961862 -5330417.718039362 0.5625000008075152 0.1562500000360838
606535.5536647637 -3186391.783899076 -5483490.040260951 0.562500000738221 0.1875000000132185
623575.9832284153 -2918901.949404757 -5628570.458198229 0.5625000006689269 0.2187500000347574
639488.7775906844 -2637295.799895341 -5764144.86001089 0.5625000005996326 0.2500000000362712
654093.7481225049 -2342125.291329806 -5888654.471811054 0.5625000005303384 0.281250000052494
667210.364677918 -2034214.036697104 -6000537.024481295 0.5625000004610441 0.3125000000986258
678663.3740516973 -1714670.042370128 -6098275.466926629 0.56250000039175 0.343750000100024
688289.0484327259 -1384886.355359923 -6180452.165379608 0.5625000003224556 0.3750000000911524
695941.7092473935 -1046527.43294012 -6245805.510055015 0.5625000002531615 0.4062500000852968
701500.0758891957 -701500.0727657273 -6293285.015906806 0.5625000001838674 0.4375000000933095
704872.9342505075 -351909.1493523975 -6322100.528871963 0.5625000001145732 0.4687500001051637
706003.625821023 0.001801962661188953 -6331761.198934115 0.5625000000452789 0.5000000001598399
704872.9326801042 351909.1526767731 -6322100.528862008 0.5624999999759845 0.5312500001898024
701500.072765729 701500.0758891952 -6293285.015906806 0.5624999999066906 0.5625000001838674
695941.7046026596 1046527.435856781 -6245805.51008385 0.5624999998373963 0.5937500001732016
688289.0423139532 1384886.357996194 -6180452.165470304 0.5624999997681019 0.6250000001411466
678663.366514582 1714670.044819605 -6098275.467076691 0.5624999996988078 0.656250000113781
667210.3557910781 2034214.038958805 -6000537.02470271 0.5624999996295137 0.6875000000955444
654093.737962064 2342125.293446841 -5888654.472097626 0.5624999995602193 0.7187500001252752
639488.7662426111 2637295.801857236 -5764144.86037224 0.5624999994909252 0.7500000001229692
623575.9707827721 2918901.951240444 -5628570.45862509 0.5624999994216311 0.7812500001080663
606535.5402151648 3186391.785644895 -5483490.040734152 0.5624999993523367 0.8125000001166445
588542.5707202117 3439462.979560762 -5330417.718592141 0.5624999992830426 0.843750000073156
569763.3027905057 3678034.503767861 -5170790.362012983 0.5624999992137483 0.8750000000608223
550352.3643437191 3902214.796340184 -5005943.762996646 0.5624999991444541 0.9062500000469282
530450.9589423407 4112268.876472061 -4837097.008305329 0.5624999990751598 0.9375000000287632
510185.8862082547 4308586.312958019 -4665344.075768123 0.5624999990058654 0.9687500000187994
764075.7164369723 -4291142.28531181 -4646711.437862295 0.5937500010133204 0.03125000000344645
794147.1755980032 -4094164.835693958 -4816304.13923963 0.5937500009486957 0.06250000002275696
823646.5296129076 -3883628.167674639 -4982838.513287455 0.5937500008840711 0.09375000003621559
852386.8617225155 -3659175.663794375 -5145241.597773408 0.5937500008194466 0.1250000000506377
880160.8936041844 -3420574.659231914 -5302322.774217951 0.5937500007548222 0.1562500000633937
906742.5415329312 -3167746.868031837 -5452782.660573306 0.5937500006901976 0.1875000000456843
931889.6556633785 -2900799.362560872 -5595228.83605613 0.593750000625573 0.2187500000704632
955348.0887744855 -2620054.276776009 -5728199.247234917 0.5937500005609487 0.2500000000760811
976857.1658655812 -2326074.937356903 -5850193.711604527 0.5937500004963242 0.2812500000969362
996156.5135375842 -2019685.80682185 -5959713.2852394 0.5937500004316997 0.3125000001471683
1012994.067561911 -1701983.499788298 -6055306.448523704 0.5937500003670749 0.3437500001534753
1027134.917212709 -1374336.335979498 -6135620.139598677 0.5937500003024504 0.3750000001492272
1038370.487732359 -1038370.483398949 -6199452.755639992 0.5937500002378259 0.4062500001499214
1046527.435856778 -695941.7046026596 -6245805.51008385 0.5937500001732012 0.4375000001626038
1051475.563977414 -349093.0129272265 -6273928.132094259 0.5937500001085768 0.4687500001789051
1053134.071003946 0.00268124027460435 -6283354.965978816 0.5937500000439523 0.50000000023976
1051475.562509615 349093.0178730493 -6273928.13206506 0.5937499999793278 0.5312500002635439
1046527.432940121 695941.7092473934 -6245805.510055015 0.5937499999147032 0.5625000002531615
1038370.48339895 1038370.487732359 -6199452.755639992 0.5937499998500787 0.5937500002378259
1027134.911511025 1374336.339890584 -6135620.139677113 0.5937499997854542 0.6250000001992213
1012994.060542946 1701983.503415235 -6055306.448678474 0.5937499997208296 0.6562500001672322
996156.5052664753 2019685.810162207 -5959713.285489892 0.5937499996562049 0.6875000001440869
976857.1564117511 2326074.940474344 -5850193.711943599 0.5937499995915806 0.7187500001697177
955348.0782189089 2620054.279654578 -5728199.247678731 0.5937499995269561 0.7500000001627793
931889.6440880728 2900799.3652438 -5595228.836593064 0.5937499994623315 0.7812500001437722
906742.5290218081 3167746.870573849 -5452782.661177018 0.5937499993977068 0.8125000001491103
880160.8802579091 3420574.661548108 -5302322.774939174 0.5937499993330825 0.8437500001004657
852386.847633679 3659175.665905296 -5145241.598606197 0.5937499992684577 0.8750000000831143
823646.5148791099 3883628.169565452 -4982838.514249201 0.5937499992038334 0.9062500000635567
794147.1603170875 4094164.837352775 -4816304.140349158 0.5937499991392089 0.9375000000390672
764075.7006995786 4291142.286771595 -4646711.43910197 0.5937499990745844 0.9687500000232485
1016528.138813561 -4266787.097841659 -4620696.852715204 0.6250000008961184 0.03125000000789561
1056021.329794264 -4068920.458440925 -4787310.962732675 0.6250000008380439 0.062500000033061
1094704.107029268 -3857744.66078772 -4950663.596955169 0.625000000779969 0.09375000005284431
1132333.507096743 -3632947.675327262 -5109711.637366656 0.6250000007218941 0.1250000000729298
1168641.644768444 -3394340.260375818 -5263304.276108758 0.6250000006638194 0.1562500000907036
1203337.92063536 -3141884.206551237 -5410192.462508601 0.6250000006057446 0.18750000007815
1236112.68782659 -2875720.759327373 -5549044.65087169 0.6250000005476699 0.2187500001061692
1266642.53444709 -2596197.507828969 -5678469.528867096 0.6250000004895953 0.2500000001158912
1294597.24398845 -2303891.634674157 -5797045.998742457 0.6250000004315204 0.2812500001413785
1319648.35913013 -1999627.171907498 -5903360.092490918 0.6250000003734455 0.3125000001957108
1341479.107731292 -1684483.838839997 -5996047.781681474 0.6250000003153708 0.3437500002069265
1359795.264128264 -1359795.258992792 -6073841.839665819 0.6250000002572962 0.375000000207302
1374336.339890587 -1027134.911511026 -6135620.139677113 0.6250000001992215 0.4062500002145458
1384886.357996194 -688289.0423139532 -6180452.165470304 0.6250000001411466 0.437500000231898
1391283.391787279 -345216.9080848436 -6207640.196573029 0.6250000000830718 0.4687500002526467
1393427.071868092 0.003535162612937898 -6216751.723801194 0.6250000000249969 0.5000000003196798
1391283.390458559 345216.9146045346 -6207640.196508257 0.6249999999669222 0.5312500003372853
1384886.355359922 688289.0484327284 -6180452.165379608 0.6249999999088474 0.5625000003224558
1374336.335979497 1027134.917212711 -6135620.139598677 0.6249999998507727 0.5937500003024506
1359795.258992792 1359795.264128264 -6073841.839665819 0.624999999792698 0.6250000002572962
1341479.101416563 1684483.843589389 -5996047.781759992 0.6249999997346232 0.6562500002206835
1319648.351697101 1999627.176265778 -5903360.092676245 0.6249999996765485 0.6875000001926296
1294597.235498043 2303891.638724325 -5797045.9990289 0.6249999996184736 0.7187500002141601
1266642.524974071 2596197.511549226 -5678469.529279251 0.624999999560399 0.7500000002025895
1236112.677442648 2875720.762774975 -5549044.651398156 0.6249999995023241 0.7812500001794783
1203337.909411754 3141884.209799455 -5410192.46311861 0.6249999994442494 0.8125000001815761
1168641.632803017 3394340.263312635 -5263304.276871537 0.6249999993861746 0.8437500001277759
1132333.494471803 3632947.677981198 -5109711.638277478 0.6249999993280999 0.8750000001054062
1094704.093835214 3857744.663140399 -4950663.598039378 0.624999999270025 0.9062500000801857
1056021.316122073 4068920.460478009 -4787310.964017195 0.6249999992119504 0.9375000000493714
1016528.124742348 4266787.099608955 -4620696.854178859 0.6249999991538757 0.9687500000276976
1267074.563600891 -4235586.517438151 -4587370.69611469 0.6562500008086474 0.03125000001234479
1315487.628685732 -4036635.382420179 -4750232.424647059 0.6562500007551961 0.06250000004336506
1362815.428282265 -3824699.09859632 -4909587.753939461 0.6562500007017449 0.09375000006947307
1408764.55941949 -3599520.339336234 -5064432.51932814 0.6562500006482934 0.1250000000952218
1453013.843761486 -3360962.548658425 -5213666.897333673 0.6562500005948425 0.1562500001180136
1495217.243418851 -3109035.498212174 -5356105.363586448 0.6562500005413912 0.1875000001106158
1535008.41811536 -2843920.614851155 -5490492.299670368 0.6562500004879397 0.2187500001418752
1572007.066605804 -2565994.518329389 -5615523.743556333 0.6562500004344884 0.2500000001557014
1605827.086992678 -2275848.897085729 -5729875.405653623 0.6562500003810374 0.2812500001858209
1636086.439668416 -1974304.675748473 -5832236.552922973 0.656250000327586 0.3125000002442534
1662418.418640742 -1662418.412809873 -5921348.750252321 0.6562500002741347 0.3437500002603778
1684483.843589389 -1341479.101416564 -5996047.781759992 0.6562500002206835 0.3750000002653767
1701983.503415237 -1012994.060542946 -6055306.448678473 0.6562500001672325 0.4062500002791704
1714670.044819605 -678663.3665145827 -6098275.467076691 0.656250000113781 0.4375000003011921
1722358.434284944 -340343.2556178144 -6124319.463597811 0.6562500000603297 0.4687500003263881
1724934.154277517 0.004356370226280659 -6133045.17865366 0.6562500000068785 0.5000000003995997
1722358.433047909 340343.2636513028 -6124319.463499266 0.6562499999534273 0.5312500004110268
1714670.042370128 678663.3740516973 -6098275.466926629 0.656249999899976 0.56250000039175
1701983.499788297 1012994.067561912 -6055306.448523705 0.6562499998465245 0.5937500003670749
1684483.838839997 1341479.107731292 -5996047.781681474 0.6562499997930735 0.6250000003153708
1662418.412809874 1662418.418640742 -5921348.750252319 0.6562499997396223 0.6562500002741347
1636086.432815467 1974304.681087556 -5832236.553038031 0.656249999686171 0.6875000002411723
1605827.079172331 2275848.902034442 -5729875.405879738 0.6562499996327196 0.7187500002586024
1572007.057889751 2565994.522859806 -5615523.743926142 0.6562499995792686 0.7500000002423994
1535008.408567501 2843920.619033892 -5490492.300173177 0.6562499995258171 0.7812500002151841
1495217.233100038 3109035.502138518 -5356105.364187952 0.6562499994723661 0.8125000002140417
1453013.832771297 3360962.552189153 -5213666.898120501 0.6562499994189146 0.8437500001550857
1408764.547832934 3599520.342507385 -5064432.520297272 0.6562499993654634 0.8750000001276981
1362815.416186238 3824699.10138558 -4909587.755124198 0.6562499993120121 0.9062500000968144
1315487.616168097 4036635.384810317 -4750232.426082501 0.6562499992585609 0.9375000000596756
1267074.550731786 4235586.519487595 -4587370.697776974 0.6562499992051096 0.968750000032147
1515255.219871492 -4197624.143600759 -4546822.425355118 0.6875000007265977 0.03125000001679396
1571978.167039679 -3997435.424060534 -4705213.66919894 0.6875000006780551 0.06250000005366912
1627300.330888579 -3784660.734803527 -4859822.811124532 0.6875000006295126 0.09375000008610182
1680885.095360258 -3559105.649981649 -5009693.929619298 0.6875000005809699 0.1250000001175138
1732367.104838029 -3320693.338410318 -5153788.991248325 0.6875000005324277 0.1562500001453236
1781355.900135013 -3069487.023641484 -5290998.163744788 0.6875000004838848 0.1875000001430815
1827441.272212249 -2805711.819480779 -5420155.033081723 0.6875000004353423 0.218750000177581
1870200.442157675 -2529774.562434261 -5540057.036657093 0.6875000003867998 0.2500000001955114
1909207.060983558 -2242280.033865257 -5649491.096374943 0.687500000338257 0.2812500002302631
1944041.869135367 -1944041.8628741 -5747263.996584955 0.6875000002897146 0.312500000292796
1974304.681087554 -1636086.432815467 -5832236.553038031 0.6875000002411721 0.343750000313829
1999627.17626578 -1319648.351697101 -5903360.092676245 0.6875000001926298 0.3750000003234515
2019685.810162207 -996156.5052664763 -5959713.285489891 0.687500000144087 0.4062500003437949
2034214.038958806 -667210.3557910768 -6000537.02470271 0.6875000000955445 0.4375000003704864
2043013.000936417 -334546.9545360277 -6025264.908136027 0.6875000000470018 0.4687500004001297
2045959.840310677 0.005138343696945332 -6033546.994251053 0.6874999999984593 0.5000000004795198
2043012.999791261 334546.9640108146 -6025264.907998241 0.6874999999499168 0.5312500004847684
2034214.036697105 667210.3646779184 -6000537.024481295 0.6874999999013743 0.5625000004610441
2019685.80682185 996156.513537584 -5959713.2852394 0.6874999998528316 0.5937500004316997
1999627.171907496 1319648.359130131 -5903360.092490918 0.6874999998042891 0.6250000003734457
1974304.675748473 1636086.439668415 -5832236.552922973 0.6874999997557466 0.656250000327586
1944041.862874097 1944041.869135369 -5747263.996584955 0.6874999997072039 0.6875000002897148
1909207.053848845 2242280.039653307 -5649491.096488796 0.6874999996586614 0.7187500003030446
1870200.434218906 2529774.5677146 -5540057.036925867 0.6874999996101189 0.7500000002822094
1827441.263525759 2805711.824336607 -5420155.03349684 0.6874999995615764 0.7812500002508901
1781355.890751046 3069487.028181625 -5290998.164270262 0.6874999995130339 0.8125000002465075
1732367.094859433 3320693.342468548 -5153788.991987676 0.6874999994644914 0.8437500001823958
1680885.084854941 3559105.653601383 -5009693.930572493 0.6874999994159486 0.8750000001499906
1627300.319940676 3784660.737958495 -4859822.812333433 0.6874999993674061 0.9062500001134433
1571978.155734685 3997435.426730621 -4705213.670707415 0.6874999993188636 0.9375000000699796
1515255.208270275 4197624.145857312 -4546822.427138043 0.6874999992703209 0.9687500000365961
1760621.159421447 -4153000.712487841 -4499159.834354962 0.7187500007030252 0.03125000002124313
1824946.748641219 -3951470.945485616 -4652428.154373462 0.7187500006585831 0.06250000006397316
1887514.125079463 -3737830.382640355 -4801620.086828629 0.7187500006141408 0.09375000010273057
1947952.332933095 -3511953.424276101 -4945837.224811982 0.7187500005696984 0.1250000001398058
2005862.63777789 -3273827.440677857 -5084113.488803274 0.7187500005252562 0.1562500001726335
2060822.82795241 -3023571.847536115 -5215425.539165263 0.7187500004808137 0.1875000001755473
2112393.200835156 -2761456.217313768 -5338707.289683949 0.7187500004363715 0.2187500002132869
2160124.294559613 -2487916.25383568 -5452868.671254936 0.7187500003919293 0.2500000002353215
2203566.312139742 -2203566.305556381 -5556818.518272795 0.718750000347487 0.2812500002747054
2242280.039653307 -1909207.053848847 -5649491.096488796 0.7187500003030446 0.3125000003413385
2275848.902034444 -1605827.079172333 -5729875.405879736 0.7187500002586025 0.3437500003672803
2303891.638724325 -1294597.235498044 -5797045.9990289 0.7187500002141601 0.3750000003815263
2326074.940474343 -976857.1564117499 -5850193.711943599 0.7187500001697176 0.4062500004084195
2342125.293446842 -654093.7379620632 -5888654.472097625 0.7187500001252755 0.4375000004397806
2351839.245410198 -327912.0757345745 -5911934.271821349 0.718750000080833 0.4687500004738712
2355091.358246844 0.005875495441078264 -5919728.515253975 0.7187500000363908 0.5000000005594398
2351839.24433511 327912.086568396 -5911934.271648123 0.7187499999919486 0.5312500005585099
2342125.291329807 654093.7481225055 -5888654.471811054 0.7187499999475061 0.5625000005303384
2326074.937356905 976857.1658655775 -5850193.711604527 0.7187499999030639 0.593750000496324
2303891.634674157 1294597.24398845 -5797045.998742459 0.7187499998586214 0.6250000004315204
2275848.897085731 1605827.086992677 -5729875.405653624 0.7187499998141792 0.6562500003810374
2242280.033865257 1909207.060983561 -5649491.096374942 0.718749999769737 0.6875000003382573
2203566.305556381 2203566.31213974 -5556818.518272795 0.7187499997252946 0.7187500003474869
2160124.28724973 2487916.259826254 -5452868.671417458 0.7187499996808523 0.7500000003220197
2112393.19284893 2761456.222806337 -5338707.290002858 0.7187499996364098 0.7812500002865957
2060822.819330686 3023571.852656167 -5215425.539603771 0.7187499995919676 0.8125000002789733
2005862.628629339 3273827.445232023 -5084113.489480125 0.7187499995475255 0.8437500002097056
1947952.323320186 3511953.428314376 -4945837.225730584 0.7187499995030829 0.8750000001722824
1887514.115085684 3737830.386131825 -4801620.088039235 0.7187499994586407 0.9062500001300721
1824946.738351903 3951470.948406515 -4652428.155928694 0.7187499994141983 0.9375000000802836
1760621.148889566 4153000.714921927 -4499159.836229511 0.718749999369756 0.9687500000410452
2002736.099408902 -4101833.274671856 -4444508.173343726 0.7500000006405005 0.03125000002569231
2073872.274609985 -3898914.951699941 -4592075.455392109 0.7500000006006902 0.06250000007427722
2142852.683701245 -3684437.11453237 -4735266.257034631 0.7500000005608802 0.0937500001193593
2209282.491570536 -3458346.345476207 -4873248.652302819 0.7500000005210701 0.1250000001620978
2272741.848745009 -3220695.889066512 -5005137.708306654 0.7500000004812599 0.1562500001999434
2332790.723868225 -2971661.199691116 -5130005.667919356 0.75000000044145 0.187500000208013
2388975.286221628 -2711554.277552775 -5246895.413642962 0.7500000004016398 0.2187500002489929
2440835.846488212 -2440835.839856122 -5354837.231267821 0.7500000003618299 0.2500000002751316
2487916.259826251 -2160124.28724973 -5452868.671417459 0.7500000003220195 0.2812500003191478
2529774.567714604 -1870200.434218906 -5540057.036925866 0.7500000002822098 0.312500000389881
2565994.522859803 -1572007.057889751 -5615523.743926144 0.7500000002423992 0.3437500004207315
2596197.511549225 -1266642.524974071 -5678469.529279251 0.7500000002025895 0.375000000439601
2620054.279654579 -955348.078218908 -5728199.24767873 0.7500000001627793 0.406250000473044
2637295.801857239 -639488.7662426077 -5764144.860372238 0.7500000001229694 0.4375000005090749
2647722.620432853 -320528.4738749425 -5785885.189206885 0.7500000000831593 0.4687500005476126
2651212.032052106 0.006563229885392424 -5793161.11989837 0.7500000000433489 0.5000000006393599
2647722.619433005 320528.4859765897 -5785885.188994021 0.7500000000035389 0.5312500006322516
2637295.799895342 639488.7775906854 -5764144.860010889 0.749999999963729 0.5625000005996328
2620054.276776007 955348.0887744849 -5728199.247234919 0.7499999999239186 0.5937500005609487
2596197.507828968 1266642.534447089 -5678469.528867097 0.7499999998841087 0.6250000004895953
2565994.518329391 1572007.066605804 -5615523.743556333 0.7499999998442988 0.6562500004344884
2529774.562434262 1870200.442157675 -5540057.036657093 0.7499999998044886 0.6875000003867998
2487916.253835679 2160124.294559613 -5452868.671254936 0.7499999997646785 0.7187500003919293
2440835.839856124 2440835.84648821 -5354837.231267821 0.7499999997248685 0.7500000003618297
2388975.278992402 2711554.283612323 -5246895.413802989 0.7499999996850581 0.7812500003223019
2332790.716073449 2971661.205319406 -5130005.668203607 0.7499999996452482 0.8125000003114391
2272741.840500046 3220695.894043234 -5005137.708848131 0.7499999996054383 0.8437500002370156
2209282.482932711 3458346.349857444 -4873248.653109583 0.7499999995656281 0.8750000001945745
2142852.674753953 3684437.118282288 -4735266.258165799 0.749999999525818 0.9062500001467005
2073872.265438969 3898914.954790855 -4592075.456909573 0.7499999994860078 0.9375000000905878
2002736.090059155 4101833.277199938 -4444508.175223642 0.7499999994461977 0.9687500000454945
2241178.107193369 -4044254.259062865 -4383009.146680968 0.781250000572243 0.03125000003014147
2318261.672085879 -3839960.963953208 -4524378.809853693 0.7812500005365374 0.06250000008458126
2392756.593731808 -3624734.63565564 -4661078.813346898 0.7812500005008315 0.09375000013598805
2464256.034067699 -3398594.605386779 -4792352.022420392 0.7812500004651254 0.1250000001843898
2532332.430379948 -3161658.733862227 -4917402.516841457 0.7812500004294197 0.1562500002272534
2596542.645066414 -2914155.448867165 -5035405.178552102 0.7812500003937136 0.1875000002404788
2656434.446714646 -2656434.44012794 -5145517.767495319 0.7812500003580076 0.2187500002846987
2711554.283612324 -2388975.278992404 -5246895.413802987 0.781250000322302 0.2500000003149416
2761456.222806341 -2112393.192848932 -5338707.290002856 0.7812500002865962 0.28125000036359
2805711.824336606 -1827441.263525759 -5420155.03349684 0.7812500002508899 0.3125000004384235
2843920.619033892 -1535008.408567503 -5490492.300173176 0.781250000215184 0.3437500004741827
2875720.762774973 -1236112.67744265 -5549044.651398156 0.7812500001794781 0.3750000004976757
2900799.365243799 -931889.6440880728 -5595228.836593064 0.7812500001437721 0.4062500005376685
2918901.951240443 -623575.9707827708 -5628570.45862509 0.7812500001080662 0.4375000005783691
2929840.513725363 -312488.5534006175 -5648719.011256187 0.7812500000723602 0.4687500006213541
2933499.667756972 0.007197931249531865 -5655459.371197863 0.7812500000366546 0.5000000007192797
2929840.5127863 312488.5666727557 -5648719.011009037 0.7812500000009487 0.531250000705993
2918901.949404759 623575.9832284127 -5628570.458198227 0.7812499999652428 0.5625000006689267
2900799.362560874 931889.6556633781 -5595228.836056129 0.7812499999295369 0.593750000625573
2875720.759327374 1236112.68782659 -5549044.65087169 0.7812499998938308 0.6250000005476699
2843920.614851159 1535008.418115363 -5490492.299670366 0.7812499998581253 0.6562500004879399
2805711.81948078 1827441.272212249 -5420155.033081722 0.7812499998224191 0.6875000004353423
2761456.217313765 2112393.200835159 -5338707.289683949 0.7812499997867129 0.7187500004363717
2711554.277552776 2388975.286221628 -5246895.413642961 0.7812499997510073 0.7500000004016398
2656434.440127938 2656434.446714648 -5145517.767495319 0.7812499997153012 0.7812500003580077
2596542.637976113 2914155.454967234 -5035405.178677955 0.7812499996795955 0.8125000003439049
2532332.422909661 3161658.739228297 -4917402.517238326 0.7812499996438894 0.8437500002643256
2464256.026271112 3398594.610079916 -4792352.02310121 0.7812499996081835 0.8750000002168665
2392756.585693897 3624734.639634129 -4661078.814379233 0.7812499995724776 0.9062500001633295
2318261.663894619 3839960.967184352 -4524378.811308484 0.7812499995367718 0.9375000001008917
2241178.098887241 4044254.261654365 -4383009.148536959 0.7812499995010659 0.9687500000499436
2475541.103131742 -3980410.44051878 -4314819.80756026 0.8125000005386994 0.03125000003459065
2557652.320518684 -3774820.722427334 -4449582.465903803 0.8125000005062335 0.06250000009488532
2636714.314894019 -3558997.442499365 -4579401.251901382 0.8125000004737679 0.09375000015261678
2712321.242760934 -3333030.336667375 -4703601.093940975 0.8125000004413021 0.1250000002066818
2784051.93250982 -3097097.693282181 -4821481.27812963 0.8125000004088365 0.1562500002545633
2851475.072391829 -2851475.065836878 -4932324.083070636 0.8125000003763707 0.1875000002729445
2914155.454967234 -2596542.637976113 -5035405.178677955 0.8125000003439048 0.2187500003204046
2971661.205319407 -2332790.716073449 -5130005.668203606 0.8125000003114393 0.2500000003547517
3023571.852656169 -2060822.819330686 -5215425.539603769 0.8125000002789735 0.2812500004080324
3069487.028181625 -1781355.890751047 -5290998.164270262 0.8125000002465075 0.3125000004869661
3109035.502138522 -1495217.233100036 -5356105.36418795 0.812500000214042 0.343750000527634
3141884.209799455 -1203337.909411754 -5410192.46311861 0.8125000001815761 0.3750000005557506
3167746.870573849 -906742.529021809 -5452782.661177018 0.8125000001491103 0.406250000602293
3186391.785644895 -606535.5402151655 -5483490.040734152 0.8125000001166445 0.4375000006476632
3197648.409690048 -303884.3728739389 -5502030.528443996 0.8125000000841787 0.4687500006950956
3201412.335810268 0.007776932782019699 -5508230.21088642 0.8125000000517131 0.5000000007991996
3197648.408793706 303884.3872145783 -5502030.528172875 0.8125000000192473 0.5312500007797345
3186391.783899078 606535.5536647639 -5483490.040260949 0.8124999999867817 0.562500000738221
3167746.868031835 906742.5415329327 -5452782.660573306 0.8124999999543157 0.5937500006901978
3141884.206551236 1203337.920635359 -5410192.462508601 0.8124999999218498 0.6250000006057446
3109035.498212176 1495217.243418848 -5356105.363586446 0.8124999998893845 0.6562500005413909
3069487.023641484 1781355.900135014 -5290998.163744788 0.8124999998569185 0.6875000004838848
3023571.847536115 2060822.827952412 -5215425.539165262 0.8124999998244526 0.7187500004808139
2971661.199691115 2332790.723868225 -5130005.667919356 0.8124999997919868 0.75000000044145
2914155.448867165 2596542.645066413 -5035405.178552102 0.8124999997595213 0.7812500003937136
2851475.065836877 2851475.072391827 -4932324.083070637 0.8124999997270554 0.8125000003763705
2784051.925633053 3097097.699027259 -4821481.278410085 0.8124999996945896 0.8437500002916355
2712321.235613987 3333030.341667201 -4703601.094519309 0.8124999996621241 0.8750000002391584
2636714.307565172 3558997.446705026 -4579401.252852628 0.8124999996296582 0.9062500001799578
2557652.313100059 3774820.725799602 -4449582.467307206 0.8124999995971924 0.9375000001111957
2475541.095657194 3980410.44317542 -4314819.809397889 0.8124999995647266 0.9687500000543927
2705436.171235174 -3910461.828300551 -4240111.367968614 0.8437500004281853 0.03125000003903981
2791613.958251213 -3703721.771429822 -4367948.894839972 0.8437500004008752 0.06250000010518936
2874264.33782948 -3487516.875236974 -4490598.129561249 0.8437500003735654 0.09375000016924553
2952996.163150493 -3262002.0165037 -4607471.921210618 0.8437500003462554 0.1250000002289738
3027408.932570452 -3027408.926588166 -4717968.985295148 0.8437500003189454 0.1562500002818732
3097097.699027261 -2784051.925633054 -4821481.278410083 0.8437500002916355 0.1875000003054103
3161658.739228297 -2532332.422909659 -4917402.517238326 0.8437500002643255 0.2187500003561105
3220695.894043233 -2272741.840500045 -5005137.708848133 0.8437500002370155 0.2500000003945619
3273827.445232022 -2005862.628629339 -5084113.489480125 0.8437500002097055 0.2812500004524747
3320693.342468548 -1732367.094859434 -5153788.991987676 0.8437500001823958 0.3125000005355087
3360962.552189152 -1453013.832771299 -5213666.8981205 0.8437500001550857 0.3437500005810852
3394340.263312635 -1168641.632803017 -5263304.276871536 0.843750000127776 0.3750000006138253
3420574.66154811 -880160.8802579087 -5302322.774939174 0.843750000100466 0.4062500006669176
3439462.979560763 -588542.5707202097 -5330417.718592142 0.8437500000731559 0.4375000007169575
3450856.543923645 -294805.2092925743 -5347365.706760041 0.8437500000458461 0.4687500007688372
3454664.574125586 0.008298432766275003 -5353030.326859889 0.8437500000185362 0.5000000008791197
3450856.543098789 294805.2245948103 -5347365.706448724 0.8437499999912262 0.531250000853476
3439462.977961862 588542.5850707581 -5330417.718039361 0.8437499999639163 0.5625000008075154
3420574.659231914 880160.8936041843 -5302322.774217953 0.8437499999366064 0.5937500007548221
3394340.26037582 1168641.644768445 -5263304.276108757 0.8437499999092964 0.6250000006638194
3360962.548658425 1453013.843761486 -5213666.897333674 0.8437499998819862 0.6562500005948424
3320693.338410318 1732367.104838027 -5153788.991248327 0.8437499998546766 0.6875000005324273
3273827.440677856 2005862.63777789 -5084113.488803274 0.8437499998273665 0.7187500005252563
3220695.889066513 2272741.848745009 -5005137.708306652 0.8437499998000567 0.7500000004812599
3161658.733862225 2532332.430379948 -4917402.516841457 0.8437499997727466 0.7812500004294197
3097097.69328218 2784051.932509819 -4821481.278129631 0.8437499997454369 0.8125000004088365
3027408.926588168 3027408.932570451 -4717968.985295148 0.843749999718127 0.8437500003189453
2952996.156980325 3262002.021659333 -4607471.92151508 0.843749999690817 0.8750000002614503
2874264.331562507 3487516.879510012 -4490598.130253952 0.8437499996635068 0.9062500001965869
2791613.951983159 3703721.774774733 -4367948.896009713 0.8437499996361971 0.9375000001214999
2705436.164994685 3910461.830845606 -4240111.369603218 0.843749999608887 0.968750000058842
2930492.672715949 -3834580.492108429 -4159067.941822977 0.8750000003506185 0.03125000004348899
3019750.067854841 -3626904.978823225 -4279755.927886307 0.8750000003283266 0.06250000011549342
3104996.369028593 -3410597.16618801 -4395050.115562913 0.8750000003060346 0.09375000018587429
3185869.010431346 -3185869.005168309 -4504455.386645658 0.8750000002837423 0.1250000002512658
3262002.021659332 -2952996.156980323 -4607471.92151508 0.8750000002614503 0.1562500003091832
3333030.341667201 -2712321.235613988 -4703601.094519309 0.8750000002391584 0.187500000337876
3398594.610079915 -2464256.026271111 -4792352.023101212 0.8750000002168662 0.2187500003918166
3458346.349857443 -2209282.482932711 -4873248.653109583 0.8750000001945745 0.2500000004343718
3511953.428314376 -1947952.323320185 -4945837.225730582 0.8750000001722825 0.281250000496917
3559105.653601381 -1680885.084854943 -5009693.930572494 0.8750000001499904 0.3125000005840513
3599520.342507386 -1408764.547832935 -5064432.520297271 0.8750000001276984 0.3437500006345365
3632947.677981198 -1132333.494471803 -5109711.638277476 0.8750000001054065 0.3750000006719001
3659175.665905294 -852386.847633679 -5145241.598606197 0.8750000000831143 0.4062500007315421
3678034.503767861 -569763.3027905059 -5170790.362012983 0.8750000000608222 0.4375000007862517
3689400.186705332 -285335.6419491898 -5186188.468786311 0.8750000000385302 0.4687500008425787
3693197.200470497 0.008761399276820875 -5191332.722763672 0.8750000000162385 0.5000000009590397
3689400.185945589 285335.6581053151 -5186188.468437901 0.8749999999939463 0.5312500009272174
3678034.502302618 569763.3179415821 -5170790.361385746 0.8749999999716543 0.5625000008768095
3659175.663794374 852386.861722516 -5145241.597773408 0.8749999999493624 0.5937500008194468
3632947.675327261 1132333.507096745 -5109711.637366655 0.8749999999270702 0.6250000007218943
3599520.339336234 1408764.559419493 -5064432.51932814 0.8749999999047782 0.6562500006482936
3559105.649981649 1680885.095360258 -5009693.929619297 0.8749999998824863 0.6875000005809698
3511953.424276097 1947952.332933096 -4945837.224811984 0.8749999998601938 0.7187500005696984
3458346.345476207 2209282.491570533 -4873248.65230282 0.8749999998379022 0.7500000005210699
3398594.605386779 2464256.0340677 -4792352.022420391 0.8749999998156102 0.7812500004651254
3333030.336667375 2712321.242760934 -4703601.093940975 0.8749999997933181 0.8125000004413021
3262002.016503699 2952996.163150493 -4607471.921210618 0.8749999997710262 0.8437500003462554
3185869.005168308 3185869.010431348 -4504455.386645658 0.8749999997487342 0.8750000002837425
3104996.363753219 3410597.170479877 -4395050.115959311 0.8749999997264423 0.9062500002132156
3019750.062667833 3626904.982090818 -4279755.928777062 0.8749999997041501 0.9375000001318039
2930492.667642546 3834580.49448919 -4159067.943202697 0.8749999996818582 0.9687500000632912
3150359.147855693 -3752949.346840288 -4071885.243910122 0.9062500002631019 0.03125000004793815
3241698.738859064 -3544622.043475313 -4185293.879214272 0.9062500002464732 0.06250000012579748
3328551.585638939 -3328551.581428047 -4293149.160175237 0.9062500002298443 0.09375000020250304
3410597.170479876 -3104996.363753219 -4395050.115959312 0.9062500002132154 0.1250000002735578
3487516.879510012 -2874264.331562508 -4490598.13025395 0.9062500001965869 0.1562500003364931
3558997.446705028 -2636714.307565171 -4579401.252852626 0.9062500001799582 0.1875000003703418
3624734.639634129 -2392756.585693897 -4661078.814379234 0.9062500001633294 0.2187500004275224
3684437.118282289 -2142852.674753953 -4735266.258165799 0.9062500001467008 0.250000000474182
3737830.386131824 -1887514.115085684 -4801620.088039237 0.9062500001300718 0.2812500005413593
3784660.737958494 -1627300.319940678 -4859822.812333433 0.9062500001134431 0.3125000006325938
3824699.101385581 -1362815.416186238 -4909587.755124198 0.9062500000968146 0.3437500006879878
3857744.663140399 -1094704.093835215 -4950663.598039377 0.9062500000801856 0.3750000007299749
3883628.169565454 -823646.5148791096 -4982838.514249201 0.906250000063557 0.4062500007961666
3902214.796340183 -550352.3643437182 -5005943.762996647 0.9062500000469284 0.4375000008555459
3913406.491783947 -275554.1621317305 -5019856.624824572 0.9062500000302994 0.4687500009163201
3917143.712622741 0.009165466220628578 -5024502.575843715 0.9062500000136705 0.5000000010389596
3913406.491094823 275554.1790328509 -5019856.624434052 0.906249999997042 0.5312500010009589
3902214.795019008 550352.380192259 -5005943.762284139 0.906249999980413 0.5625000009461036
3883628.16767464 823646.5296129073 -4982838.513287454 0.9062499999637843 0.5937500008840711
3857744.660787718 1094704.107029268 -4950663.596955169 0.9062499999471557 0.625000000779969
3824699.09859632 1362815.428282265 -4909587.753939461 0.906249999930527 0.6562500007017449
3784660.734803529 1627300.33088858 -4859822.811124531 0.9062499999138984 0.6875000006295126
3737830.382640357 1887514.12507946 -4801620.086828629 0.9062499998972696 0.7187500006141406
3684437.11453237 2142852.683701245 -4735266.257034631 0.9062499998806407 0.7500000005608802
3624734.63565564 2392756.593731808 -4661078.813346898 0.906249999864012 0.7812500005008315
3558997.442499365 2636714.314894017 -4579401.251901383 0.906249999847383 0.8125000004737677
3487516.875236975 2874264.33782948 -4490598.129561249 0.9062499998307546 0.8437500003735653
3410597.166188011 3104996.36902859 -4395050.115562913 0.9062499998141257 0.8750000003060344
3328551.581428048 3328551.585638939 -4293149.160175237 0.906249999797497 0.9062500002298443
3241698.734835655 3544622.046560223 -4185293.879717902 0.9062499997808683 0.9375000001421079
3150359.144043026 3752949.348944859 -4071885.244920202 0.9062499997642394 0.9687500000677403
3364704.014821477 -3665760.911428015 -3978769.261076933 0.937500000162716 0.03125000005238733
3457133.038121883 -3457133.035332945 -4084862.706718032 0.9375000001524119 0.06250000013610152
3544622.046560225 -3241698.734835654 -4185293.879717901 0.937500000142108 0.09375000021913177
3626904.982090816 -3019750.062667833 -4279755.928777064 0.9375000001318037 0.1250000002958498
3703721.774774733 -2791613.951983158 -4367948.896009713 0.9375000001214997 0.156250000363803
3774820.725799603 -2557652.313100058 -4449582.467307206 0.9375000001111957 0.1875000004028076
3839960.967184352 -2318261.663894618 -4524378.811308484 0.9375000001008917 0.2187500004632283
3898914.954790856 -2073872.26543897 -4592075.456909573 0.9375000000905878 0.2500000005139921
3951470.948406515 -1824946.738351905 -4652428.155928694 0.9375000000802836 0.2812500005858016
3997435.426730623 -1571978.155734685 -4705213.670707415 0.9375000000699796 0.3125000006811364
4036635.384810316 -1315487.616168096 -4750232.426082502 0.9375000000596754 0.343750000741439
4068920.460478009 -1056021.316122072 -4787310.964017194 0.9375000000493714 0.3750000007880496
4094164.837352777 -794147.1603170868 -4816304.140349155 0.9375000000390674 0.4062500008607912
4112268.876472063 -530450.9589423412 -4837097.008305328 0.9375000000287634 0.4375000009248401
4123160.433878646 -265532.2735832775 -4849606.339506676 0.9375000000184592 0.4687500009900616
4126795.828389239 0.009510822589758895 -4853781.741157011 0.9375000000081553 0.5000000011188794
4123160.433264702 265532.2911207732 -4849606.339068419 0.9374999999978513 0.5312500010747003
4112268.875303437 530450.9753853393 -4837097.007495646 0.9374999999875471 0.562500001015398
4094164.835693958 794147.1755980032 -4816304.139239629 0.9374999999772431 0.5937500009486957
4068920.458440922 1056021.329794263 -4787310.962732675 0.9374999999669389 0.6250000008380436
4036635.382420179 1315487.628685732 -4750232.424647059 0.9374999999566349 0.6562500007551961
3997435.424060533 1571978.167039679 -4705213.669198941 0.9374999999463307 0.6875000006780551
3951470.945485615 1824946.748641221 -4652428.154373461 0.937499999936027 0.7187500006585833
3898914.95169994 2073872.274609985 -4592075.45539211 0.9374999999257227 0.7500000006006902
3839960.96395321 2318261.672085876 -4524378.809853695 0.9374999999154188 0.7812500005365371
3774820.722427332 2557652.320518686 -4449582.465903803 0.9374999999051146 0.8125000005062337
3703721.771429822 2791613.958251213 -4367948.894839973 0.9374999998948106 0.8437500004008752
3626904.978823224 3019750.06785484 -4279755.927886308 0.9374999998845064 0.8750000003283266
3544622.043475313 3241698.738859063 -4185293.879214272 0.9374999998742026 0.9062500002464732
3457133.035332945 3457133.038121885 -4084862.706718033 0.9374999998638984 0.9375000001524121
3364704.0123516 3665760.913135069 -3978769.26159286 0.9374999998535944 0.9687500000721896
3573216.062245665 -3573216.060961522 -3879934.916231999 0.9687500000766386 0.03125000005683651
3665760.913135069 -3364704.0123516 -3978769.26159286 0.9687500000721896 0.06250000014640558
3752949.348944859 -3150359.144043027 -4071885.244920201 0.9687500000677403 0.09375000023576049
3834580.494489189 -2930492.667642547 -4159067.943202697 0.9687500000632909 0.1250000003181418
3910461.830845605 -2705436.164994687 -4240111.369603219 0.9687500000588418 0.1562500003911129
3980410.443175421 -2475541.095657194 -4314819.809397888 0.9687500000543929 0.1875000004352733
4044254.261654368 -2241178.098887239 -4383009.14853696 0.9687500000499438 0.2187500004989343
4101833.277199937 -2002736.090059157 -4444508.17522364 0.9687500000454945 0.2500000005538021
4153000.714921927 -1760621.148889565 -4499159.836229511 0.9687500000410452 0.2812500006302439
4197624.14585731 -1515255.208270277 -4546822.427138043 0.9687500000365961 0.3125000007296789
4235586.519487595 -1267074.550731787 -4587370.697776974 0.968750000032147 0.3437500007948903
4266787.099608957 -1016528.124742347 -4620696.854178858 0.9687500000276978 0.3750000008461243
4291142.286771595 -764075.7006995777 -4646711.439101969 0.9687500000232485 0.4062500009254157
4308586.312958019 -510185.8862082568 -4665344.075768123 0.9687500000187994 0.4375000009941343
4319071.795974506 -255334.0222967317 -4676544.061406386 0.9687500000143503 0.4687500010638032
4322570.142921263 0.009798104410983704 -4680280.799217677 0.9687500000099012 0.5000000011987995
4319071.795425449 255334.0403638368 -4676544.060927029 0.9687500000054519 0.5312500011484418
4308586.311920649 510185.9031465527 -4665344.074873852 0.968750000001003 0.5625000010846923
4291142.285311811 764075.7164369692 -4646711.437862294 0.9687499999965536 0.5937500010133202
4266787.097841659 1016528.138813563 -4620696.852715204 0.9687499999921043 0.6250000008961185
4235586.517438152 1267074.563600889 -4587370.696114688 0.9687499999876554 0.6562500008086474
4197624.14360076 1515255.219871492 -4546822.425355117 0.9687499999832061 0.6875000007265978
4153000.71248784 1760621.15942145 -4499159.834354962 0.9687499999787568 0.7187500007030255
4101833.274671857 2002736.099408899 -4444508.173343726 0.9687499999743077 0.7500000006405003
4044254.259062863 2241178.10719337 -4383009.146680968 0.9687499999698586 0.7812500005722433
3980410.440518779 2475541.103131743 -4314819.807560262 0.9687499999654092 0.8125000005386993
3910461.82830055 2705436.171235175 -4240111.367968615 0.9687499999609601 0.8437500004281852
3834580.492108428 2930492.672715949 -4159067.941822977 0.968749999956511 0.8750000003506185
3752949.346840291 3150359.147855693 -4071885.243910122 0.9687499999520621 0.9062500002631019
3665760.911428015 3364704.014821476 -3978769.261076934 0.9687499999476128 0.9375000001627158
3573216.060961522 3573216.062245665 -3879934.916231998 0.9687499999431635 0.9687500000766385
2 2 1 961
1342
1343
1344
1345
1346
1347
1348
1349
1350
1351
1352
1353
1354
1355
1356
1357
1358
1359
1360
1361
1362
1363
1364
1365
1366
1367
1368
1369
1370
1371
1372
1373
1374
1375
1376
1377
1378
1379
1380
1381
1382
1383
1384
1385
1386
1387
1388
1389
1390
1391
1392
1393
1394
1395
1396
1397
1398
1399
1400
1401
1402
1403
1404
1405
1406
1407
1408
1409
1410
1411
1412
1413
1414
1415
1416
1417
1418
1419
1420
1421
1422
1423
1424
1425
1426
1427
1428
1429
1430
1431
1432
1433
1434
1435
1436
1437
1438
1439
1440
1441
1442
1443
1444
1445
1446
1447
1448
1449
1450
1451
1452
1453
1454
1455
1456
1457
1458
1459
1460
1461
1462
1463
1464
1465
1466
1467
1468
1469
1470
1471
1472
1473
1474
1475
1476
1477
1478
1479
1480
1481
1482
1483
1484
1485
1486
1487
1488
1489
1490
1491
1492
1493
1494
1495
1496
1497
1498
1499
1500
1501
1502
1503
1504
1505
1506
1507
1508
1509
1510
1511
1512
1513
1514
1515
1516
1517
1518
1519
1520
1521
1522
1523
1524
1525
1526
1527
1528
1529
1530
1531
1532
1533
1534
1535
1536
1537
1538
1539
1540
1541
1542
1543
1544
1545
1546
1547
1548
1549
1550
1551
1552
1553
1554
1555
1556
1557
1558
1559
1560
1561
1562
1563
1564
1565
1566
1567
1568
1569
1570
1571
1572
1573
1574
1575
1576
1577
1578
1579
1580
1581
1582
1583
1584
1585
1586
1587
1588
1589
1590
1591
1592
1593
1594
1595
1596
1597
1598
1599
1600
1601
1602
1603
1604
1605
1606
1607
1608
1609
1610
1611
1612
1613
1614
1615
1616
1617
1618
1619
1620
1621
1622
1623
1624
1625
1626
1627
1628
1629
1630
1631
1632
1633
1634
1635
1636
1637
1638
1639
1640
1641
1642
1643
1644
1645
1646
1647
1648
1649
1650
1651
1652
1653
1654
1655
1656
1657
1658
1659
1660
1661
1662
1663
1664
1665
1666
1667
1668
1669
1670
1671
1672
1673
1674
1675
1676
1677
1678
1679
1680
1681
1682
1683
1684
1685
1686
1687
1688
1689
1690
1691
1692
1693
1694
1695
1696
1697
1698
1699
1700
1701
1702
1703
1704
1705
1706
1707
1708
1709
1710
1711
1712
1713
1714
1715
1716
1717
1718
1719
1720
1721
1722
1723
1724
1725
1726
1727
1728
1729
1730
1731
1732
1733
1734
1735
1736
1737
1738
1739
1740
1741
1742
1743
1744
1745
1746
1747
1748
1749
1750
1751
1752
1753
1754
1755
1756
1757
1758
1759
1760
1761
1762
1763
1764
1765
1766
1767
1768
1769
1770
1771
1772
1773
1774
1775
1776
1777
1778
1779
1780
1781
1782
1783
1784
1785
1786
1787
1788
1789
1790
1791
1792
1793
1794
1795
1796
1797
1798
1799
1800
1801
1802
1803
1804
1805
1806
1807
1808
1809
1810
1811
1812
1813
1814
1815
1816
1817
1818
1819
1820
1821
1822
1823
1824
1825
1826
1827
1828
1829
1830
1831
1832
1833
1834
1835
1836
1837
1838
1839
1840
1841
1842
1843
1844
1845
1846
1847
1848
1849
1850
1851
1852
1853
1854
1855
1856
1857
1858
1859
1860
1861
1862
1863
1864
1865
1866
1867
1868
1869
1870
1871
1872
1873
1874
1875
1876
1877
1878
1879
1880
1881
1882
1883
1884
1885
1886
1887
1888
1889
1890
1891
1892
1893
1894
1895
1896
1897
1898
1899
1900
1901
1902
1903
1904
1905
1906
1907
1908
1909
1910
1911
1912
1913
1914
1915
1916
1917
1918
1919
1920
1921
1922
1923
1924
1925
1926
1927
1928
1929
1930
1931
1932
1933
1934
1935
1936
1937
1938
1939
1940
1941
1942
1943
1944
1945
1946
1947
1948
1949
1950
1951
1952
1953
1954
1955
1956
1957
1958
1959
1960
1961
1962
1963
1964
1965
1966
1967
1968
1969
1970
1971
1972
1973
1974
1975
1976
1977
1978
1979
1980
1981
1982
1983
1984
1985
1986
1987
1988
1989
1990
1991
1992
1993
1994
1995
1996
1997
1998
1999
2000
2001
2002
2003
2004
2005
2006
2007
2008
2009
2010
2011
2012
2013
2014
2015
2016
2017
2018
2019
2020
2021
2022
2023
2024
2025
2026
2027
2028
2029
2030
2031
2032
2033
2034
2035
2036
2037
2038
2039
2040
2041
2042
2043
2044
2045
2046
2047
2048
2049
2050
2051
2052
2053
2054
2055
2056
2057
2058
2059
2060
2061
2062
2063
2064
2065
2066
2067
2068
2069
2070
2071
2072
2073
2074
2075
2076
2077
2078
2079
2080
2081
2082
2083
2084
2085
2086
2087
2088
2089
2090
2091
2092
2093
2094
2095
2096
2097
2098
2099
2100
2101
2102
2103
2104
2105
2106
2107
2108
2109
2110
2111
2112
2113
2114
2115
2116
2117
2118
2119
2120
2121
2122
2123
2124
2125
2126
2127
2128
2129
2130
2131
2132
2133
2134
2135
2136
2137
2138
2139
2140
2141
2142
2143
2144
2145
2146
2147
2148
2149
2150
2151
2152
2153
2154
2155
2156
2157
2158
2159
2160
2161
2162
2163
2164
2165
2166
2167
2168
2169
2170
2171
2172
2173
2174
2175
2176
2177
2178
2179
2180
2181
2182
2183
2184
2185
2186
2187
2188
2189
2190
2191
2192
2193
2194
2195
2196
2197
2198
2199
2200
2201
2202
2203
2204
2205
2206
2207
2208
2209
2210
2211
2212
2213
2214
2215
2216
2217
2218
2219
2220
2221
2222
2223
2224
2225
2226
2227
2228
2229
2230
2231
2232
2233
2234
2235
2236
2237
2238
2239
2240
2241
2242
2243
2244
2245
2246
2247
2248
2249
2250
2251
2252
2253
2254
2255
2256
2257
2258
2259
2260
2261
2262
2263
2264
2265
2266
2267
2268
2269
2270
2271
2272
2273
2274
2275
2276
2277
2278
2279
2280
2281
2282
2283
2284
2285
2286
2287
2288
2289
2290
2291
2292
2293
2294
2295
2296
2297
2298
2299
2300
2301
2302
-3573216.060961523 -3573216.062245666 3879934.916231998 0.03125000005683651 0.03124999992336137
-3665760.911428013 -3364704.014821478 3978769.261076933 0.03125000005238733 0.06249999983728402
-3752949.346840288 -3150359.147855693 4071885.243910123 0.03125000004793817 0.09374999973689815
-3834580.492108429 -2930492.672715951 4159067.941822977 0.03125000004348899 0.1249999996493815
-3910461.828300551 -2705436.171235175 4240111.367968614 0.03125000003903981 0.1562499995718148
-3980410.44051878 -2475541.103131744 4314819.80756026 0.03125000003459065 0.1874999994613007
-4044254.259062864 -2241178.107193368 4383009.146680968 0.03125000003014147 0.2187499994277568
-4101833.274671856 -2002736.099408899 4444508.173343726 0.03125000002569231 0.2499999993594997
-4153000.712487841 -1760621.159421449 4499159.83435496 0.03125000002124313 0.2812499992969745
-4197624.143600759 -1515255.219871492 4546822.425355118 0.03125000001679396 0.3124999992734023
-4235586.517438151 -1267074.563600891 4587370.696114689 0.03125000001234478 0.3437499991913526
-4266787.097841659 -1016528.138813563 4620696.852715204 0.03125000000789563 0.3749999991038815
-4291142.28531181 -764075.7164369698 4646711.437862295 0.03125000000344645 0.4062499989866797
-4308586.311920648 -510185.9031465523 4665344.074873853 0.03124999999899727 0.4374999989153078
-4319071.795425449 -255334.0403638371 4676544.060927029 0.03124999999454811 0.468749998851558
-4322570.142921261 -0.009798104514573445 4680280.799217678 0.03124999999009893 0.4999999988012005
-4319071.795974505 255334.0222967309 4676544.061406386 0.03124999998564976 0.5312499989361967
-4308586.312958018 510185.8862082554 4665344.075768123 0.03124999998120059 0.5624999990058657
-4291142.286771595 764075.7006995787 4646711.43910197 0.03124999997675142 0.5937499990745844
-4266787.099608956 1016528.124742347 4620696.854178859 0.03124999997230224 0.6249999991538756
-4235586.519487594 1267074.550731786 4587370.697776974 0.03124999996785308 0.6562499992051096
-4197624.145857312 1515255.208270274 4546822.427138043 0.03124999996340391 0.6874999992703208
-4153000.714921928 1760621.148889564 4499159.836229511 0.03124999995895474 0.7187499993697559
-4101833.277199937 2002736.090059157 4444508.175223642 0.03124999995450556 0.7499999994461979
-4044254.261654365 2241178.098887241 4383009.148536959 0.0312499999500564 0.7812499995010659
-3980410.44317542 2475541.095657195 4314819.809397888 0.03124999994560723 0.8124999995647267
-3910461.830845605 2705436.164994686 4240111.369603218 0.03124999994115805 0.8437499996088871
-3834580.49448919 2930492.667642546 4159067.943202697 0.03124999993670888 0.8749999996818582
-3752949.348944858 3150359.144043028 4071885.244920202 0.03124999993225971 0.9062499997642396
-3665760.913135069 3364704.012351599 3978769.26159286 0.03124999992781054 0.9374999998535943
-3573216.062245667 3573216.060961521 3879934.916231999 0.03124999992336137 0.9687499999431634
-3364704.012351599 -3665760.913135069 3978769.26159286 0.06250000014640558 0.03124999992781054
-3457133.035332945 -3457133.038121883 4084862.706718032 0.06250000013610152 0.06249999984758806
-3544622.043475313 -3241698.738859063 4185293.879214273 0.06250000012579748 0.09374999975352691
-3626904.978823225 -3019750.067854841 4279755.927886307 0.06250000011549342 0.1249999996716735
-3703721.771429821 -2791613.958251213 4367948.894839972 0.06250000010518936 0.1562499995991248
-3774820.722427334 -2557652.320518684 4449582.465903803 0.06250000009488532 0.1874999994937664
-3839960.963953208 -2318261.672085877 4524378.809853695 0.06250000008458129 0.2187499994634627
-3898914.951699942 -2073872.274609985 4592075.455392108 0.06250000007427722 0.2499999993993098
-3951470.945485616 -1824946.748641219 4652428.154373462 0.06250000006397316 0.281249999341417
-3997435.424060534 -1571978.167039678 4705213.66919894 0.06250000005366912 0.3124999993219449
-4036635.382420178 -1315487.628685732 4750232.424647059 0.06250000004336506 0.3437499992448039
-4068920.458440924 -1056021.329794265 4787310.962732675 0.062500000033061 0.3749999991619561
-4094164.835693958 -794147.1755980048 4816304.139239628 0.06250000002275694 0.4062499990513042
-4112268.875303438 -530450.9753853376 4837097.007495646 0.0625000000124529 0.4374999989846022
-4123160.433264701 -265532.2911207741 4849606.33906842 0.06250000000214884 0.4687499989252996
-4126795.82838924 -0.009510822740231349 4853781.741157009 0.0624999999918448 0.4999999988811206
-4123160.433878646 265532.2735832756 4849606.339506676 0.06249999998154074 0.5312499990099382
-4112268.876472061 530450.9589423409 4837097.00830533 0.06249999997123667 0.5624999990751598
-4094164.837352776 794147.1603170851 4816304.140349155 0.06249999996093264 0.5937499991392087
-4068920.460478009 1056021.316122073 4787310.964017195 0.0624999999506286 0.6249999992119504
-4036635.384810317 1315487.616168096 4750232.426082501 0.06249999994032454 0.6562499992585609
-3997435.426730621 1571978.155734685 4705213.670707415 0.06249999993002048 0.6874999993188636
-3951470.948406515 1824946.738351903 4652428.155928694 0.06249999991971644 0.7187499994141983
-3898914.954790855 2073872.265438969 4592075.456909573 0.06249999990941238 0.7499999994860078
-3839960.967184353 2318261.663894617 4524378.811308484 0.06249999989910832 0.7812499995367715
-3774820.725799603 2557652.313100058 4449582.467307206 0.06249999988880428 0.8124999995971924
-3703721.774774732 2791613.951983158 4367948.896009714 0.06249999987850022 0.8437499996361971
-3626904.982090818 3019750.062667833 4279755.928777062 0.06249999986819615 0.8749999997041501
-3544622.046560222 3241698.734835656 4185293.879717902 0.06249999985789212 0.9062499997808683
-3457133.038121884 3457133.035332944 4084862.706718033 0.06249999984758806 0.9374999998638984
-3364704.014821477 3665760.911428015 3978769.261076933 0.06249999983728402 0.9687499999476128
-3150359.144043027 -3752949.348944859 4071885.244920202 0.09375000023576052 0.03124999993225971
-3241698.734835654 -3544622.046560223 4185293.879717902 0.0937500002191318 0.06249999985789212
-3328551.581428048 -3328551.58563894 4293149.160175238 0.09375000020250304 0.09374999977015566
-3410597.16618801 -3104996.369028589 4395050.115562914 0.09375000018587426 0.1249999996939656
-3487516.875236974 -2874264.337829481 4490598.12956125 0.09375000016924553 0.1562499996264347
-3558997.442499366 -2636714.314894019 4579401.251901382 0.09375000015261678 0.1874999995262322
-3624734.635655641 -2392756.593731807 4661078.813346898 0.09375000013598805 0.2187499994991686
-3684437.11453237 -2142852.683701243 4735266.257034631 0.09375000011935933 0.2499999994391199
-3737830.382640356 -1887514.125079463 4801620.086828628 0.09375000010273055 0.2812499993858592
-3784660.734803527 -1627300.33088858 4859822.811124532 0.09375000008610182 0.3124999993704874
-3824699.09859632 -1362815.428282265 4909587.753939462 0.09375000006947307 0.3437499992982552
-3857744.660787719 -1094704.107029269 4950663.596955169 0.09375000005284431 0.374999999220031
-3883628.167674639 -823646.5296129077 4982838.513287455 0.09375000003621559 0.4062499991159288
-3902214.795019011 -550352.3801922591 5005943.762284136 0.09375000001958683 0.4374999990538963
-3913406.491094822 -275554.1790328539 5019856.624434053 0.09375000000295808 0.468749998999041
-3917143.712622743 -0.009165466312406129 5024502.575843714 0.09374999998632935 0.4999999989610404
-3913406.491783946 275554.1621317284 5019856.624824572 0.0937499999697006 0.5312499990836796
-3902214.796340182 550352.3643437185 5005943.762996647 0.09374999995307187 0.5624999991444541
-3883628.169565454 823646.5148791099 4982838.514249201 0.09374999993644312 0.5937499992038334
-3857744.663140399 1094704.093835214 4950663.598039377 0.09374999991981436 0.624999999270025
-3824699.101385579 1362815.416186239 4909587.755124199 0.09374999990318564 0.6562499993120121
-3784660.737958493 1627300.31994068 4859822.812333433 0.09374999988655688 0.6874999993674064
-3737830.386131823 1887514.115085683 4801620.088039238 0.09374999986992813 0.7187499994586405
-3684437.11828229 2142852.674753953 4735266.258165799 0.09374999985329938 0.749999999525818
-3624734.639634128 2392756.585693898 4661078.814379235 0.09374999983667062 0.7812499995724776
-3558997.446705029 2636714.307565171 4579401.252852627 0.0937499998200419 0.8124999996296582
-3487516.879510012 2874264.331562506 4490598.130253952 0.09374999980341317 0.8437499996635067
-3410597.170479876 3104996.363753219 4395050.115959311 0.09374999978678442 0.8749999997264423
-3328551.585638938 3328551.581428048 4293149.160175237 0.09374999977015566 0.906249999797497
-3241698.738859064 3544622.043475312 4185293.879214272 0.09374999975352691 0.9374999998742025
-3150359.147855691 3752949.34684029 4071885.243910124 0.09374999973689818 0.9687499999520619
-2930492.667642546 -3834580.494489189 4159067.943202697 0.1250000003181418 0.03124999993670888
-3019750.062667834 -3626904.982090817 4279755.928777062 0.1250000002958498 0.06249999986819615
-3104996.363753219 -3410597.170479877 4395050.115959311 0.1250000002735578 0.09374999978678442
-3185869.005168307 -3185869.010431349 4504455.386645658 0.1250000002512658 0.1249999997162576
-3262002.016503699 -2952996.163150493 4607471.921210619 0.1250000002289738 0.1562499996537447
-3333030.336667376 -2712321.242760934 4703601.093940975 0.1250000002066818 0.1874999995586979
-3398594.605386779 -2464256.0340677 4792352.022420391 0.1250000001843898 0.2187499995348745
-3458346.345476207 -2209282.491570537 4873248.65230282 0.1250000001620978 0.24999999947893
-3511953.424276101 -1947952.332933095 4945837.224811981 0.1250000001398058 0.2812499994303014
-3559105.649981649 -1680885.095360258 5009693.929619298 0.1250000001175138 0.3124999994190301
-3599520.339336235 -1408764.559419492 5064432.51932814 0.1250000000952217 0.3437499993517064
-3632947.675327264 -1132333.507096745 5109711.637366654 0.1250000000729297 0.3749999992781058
-3659175.663794373 -852386.8617225152 5145241.597773408 0.1250000000506377 0.4062499991805533
-3678034.502302617 -569763.3179415824 5170790.361385747 0.1250000000283457 0.4374999991231905
-3689400.18594559 -285335.6581053153 5186188.4684379 0.1250000000060537 0.4687499990727826
-3693197.200470495 -0.008761399649865317 5191332.722763673 0.1249999999837617 0.4999999990409603
-3689400.186705333 285335.6419491904 5186188.46878631 0.1249999999614697 0.5312499991574213
-3678034.503767861 569763.3027905057 5170790.362012983 0.1249999999391777 0.5624999992137483
-3659175.665905295 852386.8476336792 5145241.598606197 0.1249999999168857 0.5937499992684577
-3632947.677981198 1132333.494471803 5109711.638277476 0.1249999998945936 0.6249999993280999
-3599520.342507386 1408764.547832935 5064432.520297272 0.1249999998723016 0.6562499993654636
-3559105.653601381 1680885.084854944 5009693.930572493 0.1249999998500096 0.687499999415949
-3511953.428314376 1947952.323320188 4945837.225730582 0.1249999998277176 0.7187499995030832
-3458346.349857444 2209282.482932711 4873248.653109583 0.1249999998054256 0.7499999995656281
-3398594.610079915 2464256.026271112 4792352.02310121 0.1249999997831336 0.7812499996081835
-3333030.341667202 2712321.235613987 4703601.094519308 0.1249999997608416 0.8124999996621241
-3262002.021659333 2952996.156980325 4607471.92151508 0.1249999997385496 0.843749999690817
-3185869.010431347 3185869.005168307 4504455.386645659 0.1249999997162575 0.8749999997487342
-3104996.36902859 3410597.16618801 4395050.115562913 0.1249999996939656 0.9062499998141256
-3019750.067854839 3626904.978823225 4279755.927886308 0.1249999996716735 0.9374999998845066
-2930492.672715949 3834580.492108427 4159067.941822977 0.1249999996493815 0.968749999956511
-2705436.164994686 -3910461.830845605 4240111.369603218 0.1562500003911129 0.03124999994115805
-2791613.951983158 -3703721.774774733 4367948.896009713 0.156250000363803 0.06249999987850022
-2874264.331562507 -3487516.879510012 4490598.13025395 0.1562500003364931 0.09374999980341317
-2952996.156980323 -3262002.021659333 4607471.92151508 0.1562500003091832 0.1249999997385496
-3027408.926588166 -3027408.932570452 4717968.985295148 0.1562500002818732 0.1562499996810546
-3097097.693282181 -2784051.932509818 4821481.278129631 0.1562500002545633 0.1874999995911637
-3161658.733862226 -2532332.430379947 4917402.516841457 0.1562500002272533 0.2187499995705805
-3220695.889066512 -2272741.848745009 5005137.708306654 0.1562500001999434 0.24999999951874
-3273827.440677857 -2005862.637777889 5084113.488803274 0.1562500001726335 0.2812499994747439
-3320693.338410317 -1732367.104838027 5153788.991248327 0.1562500001453235 0.3124999994675726
-3360962.548658427 -1453013.843761486 5213666.897333672 0.1562500001180135 0.3437499994051577
-3394340.260375819 -1168641.644768445 5263304.276108757 0.1562500000907036 0.3749999993361806
-3420574.659231913 -880160.8936041843 5302322.774217951 0.1562500000633937 0.4062499992451778
-3439462.977961862 -588542.5850707549 5330417.718039362 0.1562500000360837 0.4374999991924848
-3450856.543098789 -294805.2245948116 5347365.706448725 0.1562500000087738 0.468749999146524
-3454664.574125585 -0.008298432955715498 5353030.32685989 0.1562499999814639 0.4999999991208803
-3450856.543923645 294805.2092925741 5347365.706760041 0.1562499999541539 0.5312499992311628
-3439462.979560763 588542.5707202092 5330417.718592141 0.156249999926844 0.5624999992830424
-3420574.66154811 880160.8802579097 5302322.774939174 0.1562499998995341 0.5937499993330826
-3394340.263312635 1168641.632803019 5263304.276871537 0.1562499998722241 0.6249999993861748
-3360962.552189155 1453013.8327713 5213666.898120499 0.1562499998449142 0.6562499994189147
-3320693.342468548 1732367.094859434 5153788.991987676 0.1562499998176043 0.6874999994644915
-3273827.445232023 2005862.628629339 5084113.489480124 0.1562499997902943 0.7187499995475254
-3220695.894043234 2272741.840500046 5005137.708848131 0.1562499997629844 0.7499999996054383
-3161658.739228297 2532332.422909659 4917402.517238326 0.1562499997356745 0.7812499996438894
-3097097.69902726 2784051.925633053 4821481.278410085 0.1562499997083645 0.8124999996945896
-3027408.932570453 3027408.926588165 4717968.985295148 0.1562499996810546 0.8437499997181267
-2952996.163150493 3262002.016503699 4607471.921210618 0.1562499996537447 0.8749999997710262
-2874264.33782948 3487516.875236973 4490598.129561249 0.1562499996264347 0.9062499998307544
-2791613.958251213 3703721.771429821 4367948.894839972 0.1562499995991248 0.9374999998948106
-2705436.171235174 3910461.828300552 4240111.367968614 0.1562499995718149 0.9687499999609603
-2475541.095657194 -3980410.443175421 4314819.809397888 0.1875000004352733 0.03124999994560723
-2557652.313100058 -3774820.725799603 4449582.467307206 0.1875000004028075 0.06249999988880428
-2636714.30756517 -3558997.446705027 4579401.252852627 0.1875000003703418 0.09374999982004192
-2712321.235613987 -3333030.341667203 4703601.094519308 0.187500000337876 0.1249999997608416
-2784051.925633055 -3097097.699027259 4821481.278410083 0.1875000003054103 0.1562499997083645
-2851475.065836878 -2851475.072391827 4932324.083070637 0.1875000002729446 0.1874999996236295
-2914155.448867165 -2596542.645066414 5035405.1785521 0.1875000002404788 0.2187499996062863
-2971661.199691116 -2332790.723868223 5130005.667919357 0.1875000002080131 0.2499999995585502
-3023571.847536116 -2060822.827952411 5215425.539165262 0.1875000001755473 0.2812499995191861
-3069487.023641485 -1781355.900135015 5290998.163744787 0.1875000001430816 0.3124999995161151
-3109035.498212174 -1495217.24341885 5356105.363586448 0.1875000001106158 0.3437499994586089
-3141884.206551238 -1203337.920635361 5410192.4625086 0.18750000007815 0.3749999993942552
-3167746.868031837 -906742.5415329322 5452782.660573304 0.1875000000456842 0.4062499993098024
-3186391.783899077 -606535.5536647642 5483490.040260951 0.1875000000132185 0.4374999992617788
-3197648.408793706 -303884.3872145785 5502030.528172875 0.1874999999807528 0.4687499992202655
-3201412.335810265 -0.007776932525647573 5508230.210886421 0.187499999948287 0.4999999992008004
-3197648.409690048 303884.3728739393 5502030.528443997 0.1874999999158212 0.5312499993049045
-3186391.785644896 606535.5402151652 5483490.040734152 0.1874999998833554 0.5624999993523367
-3167746.870573848 906742.5290218083 5452782.661177019 0.1874999998508897 0.5937499993977068
-3141884.209799455 1203337.909411753 5410192.46311861 0.187499999818424 0.6249999994442494
-3109035.50213852 1495217.233100038 5356105.364187951 0.1874999997859582 0.6562499994723661
-3069487.028181625 1781355.890751046 5290998.164270262 0.1874999997534925 0.6874999995130339
-3023571.852656167 2060822.819330686 5215425.539603771 0.1874999997210267 0.7187499995919676
-2971661.205319407 2332790.716073449 5130005.668203607 0.1874999996885609 0.7499999996452482
-2914155.454967233 2596542.637976113 5035405.178677955 0.1874999996560952 0.7812499996795955
-2851475.072391828 2851475.065836877 4932324.083070637 0.1874999996236294 0.8124999997270554
-2784051.932509818 3097097.69328218 4821481.278129631 0.1874999995911637 0.8437499997454369
-2712321.242760934 3333030.336667375 4703601.093940975 0.1874999995586979 0.8749999997933181
-2636714.314894019 3558997.442499365 4579401.251901383 0.1874999995262322 0.9062499998473831
-2557652.320518683 3774820.722427335 4449582.465903803 0.1874999994937664 0.9374999999051148
-2475541.103131743 3980410.440518781 4314819.807560259 0.1874999994613007 0.9687499999654094
-2241178.09888724 -4044254.261654365 4383009.148536959 0.2187500004989342 0.0312499999500564
-2318261.663894618 -3839960.967184353 4524378.811308484 0.2187500004632283 0.06249999989910832
-2392756.585693898 -3624734.639634129 4661078.814379235 0.2187500004275224 0.09374999983667065
-2464256.026271111 -3398594.610079915 4792352.023101211 0.2187500003918166 0.1249999997831336
-2532332.42290966 -3161658.739228297 4917402.517238326 0.2187500003561106 0.1562499997356745
-2596542.637976113 -2914155.454967235 5035405.178677955 0.2187500003204046 0.1874999996560952
-2656434.440127938 -2656434.446714648 5145517.767495319 0.2187500002846988 0.2187499996419922
-2711554.277552775 -2388975.286221628 5246895.413642962 0.2187500002489929 0.2499999995983602
-2761456.217313767 -2112393.200835158 5338707.289683949 0.2187500002132869 0.2812499995636284
-2805711.819480779 -1827441.272212248 5420155.033081724 0.218750000177581 0.3124999995646577
-2843920.614851157 -1535008.418115362 5490492.299670367 0.2187500001418751 0.3437499995120601
-2875720.759327373 -1236112.68782659 5549044.65087169 0.2187500001061692 0.3749999994523301
-2900799.362560872 -931889.6556633766 5595228.836056129 0.2187500000704633 0.406249999374427
-2918901.949404758 -623575.9832284128 5628570.458198229 0.2187500000347574 0.4374999993310733
-2929840.512786299 -312488.5666727549 5648719.011009038 0.2187499999990514 0.4687499992940071
-2933499.667756971 -0.007197931184530349 5655459.371197864 0.2187499999633455 0.4999999992807203
-2929840.513725365 312488.5534006172 5648719.011256187 0.2187499999276396 0.5312499993786459
-2918901.951240443 623575.9707827721 5628570.45862509 0.2187499998919336 0.5624999994216311
-2900799.3652438 931889.6440880732 5595228.836593063 0.2187499998562277 0.5937499994623315
-2875720.762774973 1236112.677442648 5549044.651398158 0.2187499998205219 0.6249999995023241
-2843920.619033892 1535008.408567503 5490492.300173176 0.218749999784816 0.6562499995258173
-2805711.824336606 1827441.26352576 5420155.03349684 0.21874999974911 0.6874999995615764
-2761456.222806337 2112393.19284893 5338707.290002858 0.2187499997134041 0.7187499996364098
-2711554.283612323 2388975.278992401 5246895.413802987 0.2187499996776982 0.7499999996850581
-2656434.446714649 2656434.440127937 5145517.767495318 0.2187499996419922 0.7812499997153011
-2596542.645066414 2914155.448867164 5035405.178552102 0.2187499996062863 0.8124999997595211
-2532332.430379948 3161658.733862224 4917402.516841458 0.2187499995705804 0.8437499997727465
-2464256.034067702 3398594.605386779 4792352.022420391 0.2187499995348745 0.8749999998156103
-2392756.593731808 3624734.63565564 4661078.813346898 0.2187499994991686 0.9062499998640119
-2318261.672085878 3839960.963953208 4524378.809853696 0.2187499994634627 0.9374999999154185
-2241178.10719337 4044254.259062864 4383009.146680968 0.2187499994277568 0.9687499999698586
-2002736.090059157 -4101833.277199938 4444508.175223642 0.2500000005538022 0.03124999995450556
-2073872.26543897 -3898914.954790855 4592075.456909573 0.2500000005139921 0.06249999990941238
-2142852.674753953 -3684437.118282289 4735266.258165799 0.250000000474182 0.09374999985329938
-2209282.482932711 -3458346.349857444 4873248.653109584 0.2500000004343719 0.1249999998054256
-2272741.840500045 -3220695.894043233 5005137.708848133 0.2500000003945618 0.1562499997629844
-2332790.716073449 -2971661.205319406 5130005.668203606 0.2500000003547517 0.187499999688561
-2388975.278992405 -2711554.283612323 5246895.413802987 0.2500000003149417 0.2187499996776982
-2440835.839856125 -2440835.846488209 5354837.231267822 0.2500000002751315 0.2499999996381703
-2487916.25383568 -2160124.294559612 5452868.671254936 0.2500000002353215 0.2812499996080708
-2529774.562434262 -1870200.442157675 5540057.036657094 0.2500000001955113 0.3124999996132003
-2565994.518329391 -1572007.066605807 5615523.743556333 0.2500000001557013 0.3437499995655114
-2596197.507828969 -1266642.534447088 5678469.528867098 0.2500000001158912 0.3749999995104049
-2620054.276776009 -955348.0887744852 5728199.247234918 0.2500000000760811 0.4062499994390514
-2637295.799895342 -639488.7775906844 5764144.86001089 0.250000000036271 0.4374999994003674
-2647722.619433004 -320528.4859765873 5785885.188994021 0.249999999996461 0.4687499993677486
-2651212.032052108 -0.006563227580277571 5793161.11989837 0.249999999956651 0.4999999993606403
-2647722.620432853 320528.4738749429 5785885.189206885 0.2499999999168408 0.5312499994523874
-2637295.801857236 639488.7662426108 5764144.860372239 0.2499999998770308 0.5624999994909252
-2620054.279654578 955348.0782189092 5728199.247678729 0.2499999998372207 0.5937499995269561
-2596197.511549224 1266642.524974071 5678469.529279253 0.2499999997974107 0.624999999560399
-2565994.522859806 1572007.057889751 5615523.743926142 0.2499999997576005 0.6562499995792686
-2529774.567714601 1870200.434218905 5540057.036925867 0.2499999997177905 0.6874999996101189
-2487916.259826253 2160124.28724973 5452868.671417458 0.2499999996779803 0.7187499996808523
-2440835.846488209 2440835.839856124 5354837.231267823 0.2499999996381703 0.7499999997248685
-2388975.286221628 2711554.277552775 5246895.413642962 0.2499999995983602 0.7812499997510072
-2332790.723868222 2971661.199691117 5130005.667919356 0.2499999995585502 0.8124999997919871
-2272741.84874501 3220695.889066513 5005137.708306653 0.24999999951874 0.8437499998000566
-2209282.491570536 3458346.345476209 4873248.652302818 0.2499999994789299 0.8749999998379024
-2142852.683701245 3684437.114532372 4735266.257034629 0.2499999994391198 0.9062499998806409
-2073872.274609985 3898914.951699941 4592075.455392109 0.2499999993993098 0.9374999999257227
-2002736.099408899 4101833.274671857 4444508.173343726 0.2499999993594997 0.9687499999743077
-1760621.148889565 -4153000.714921927 4499159.83622951 0.2812500006302439 0.03124999995895474
-1824946.738351903 -3951470.948406515 4652428.155928694 0.2812500005858017 0.06249999991971644
-1887514.115085684 -3737830.386131824 4801620.088039237 0.2812500005413593 0.09374999986992813
-1947952.323320187 -3511953.428314376 4945837.225730582 0.2812500004969169 0.1249999998277176
-2005862.628629338 -3273827.445232024 5084113.489480124 0.2812500004524747 0.1562499997902943
-2060822.819330687 -3023571.852656167 5215425.53960377 0.2812500004080323 0.1874999997210267
-2112393.192848929 -2761456.222806339 5338707.290002857 0.2812500003635901 0.2187499997134041
-2160124.28724973 -2487916.259826251 5452868.671417459 0.2812500003191478 0.2499999996779804
-2203566.30555638 -2203566.312139741 5556818.518272795 0.2812500002747054 0.281249999652513
-2242280.033865257 -1909207.060983558 5649491.096374943 0.2812500002302631 0.3124999996617428
-2275848.89708573 -1605827.086992677 5729875.405653624 0.2812500001858207 0.3437499996189626
-2303891.634674159 -1294597.24398845 5797045.998742457 0.2812500001413785 0.3749999995684796
-2326074.937356904 -976857.1658655802 5850193.711604525 0.2812500000969362 0.4062499995036759
-2342125.291329809 -654093.7481225035 5888654.471811052 0.2812500000524938 0.4374999994696617
-2351839.24433511 -327912.0865683954 5911934.271648124 0.2812500000080516 0.4687499994414901
-2355091.358246844 -0.005875495841022964 5919728.515253975 0.2812499999636093 0.4999999994405602
-2351839.245410198 327912.0757345744 5911934.271821349 0.2812499999191669 0.5312499995261288
-2342125.293446842 654093.7379620639 5888654.472097625 0.2812499998747246 0.5624999995602193
-2326074.940474344 976857.1564117511 5850193.711943599 0.2812499998302824 0.5937499995915806
-2303891.638724325 1294597.235498044 5797045.9990289 0.2812499997858399 0.6249999996184739
-2275848.902034441 1605827.079172334 5729875.405879738 0.2812499997413977 0.6562499996327198
-2242280.039653309 1909207.053848844 5649491.096488796 0.2812499996969554 0.6874999996586613
-2203566.312139742 2203566.305556383 5556818.518272795 0.281249999652513 0.7187499997252947
-2160124.294559612 2487916.25383568 5452868.671254936 0.2812499996080708 0.7499999997646785
-2112393.200835159 2761456.217313765 5338707.28968395 0.2812499995636284 0.7812499997867129
-2060822.827952412 3023571.847536117 5215425.539165261 0.2812499995191861 0.8124999998244529
-2005862.637777891 3273827.440677856 5084113.488803274 0.2812499994747438 0.8437499998273664
-1947952.332933095 3511953.424276101 4945837.224811981 0.2812499994303015 0.8749999998601944
-1887514.125079462 3737830.382640355 4801620.086828629 0.2812499993858592 0.9062499998972694
-1824946.748641221 3951470.945485615 4652428.154373462 0.2812499993414169 0.937499999936027
-1760621.159421448 4153000.712487841 4499159.834354961 0.2812499992969745 0.968749999978757
-1515255.208270277 -4197624.145857311 4546822.427138042 0.3125000007296789 0.03124999996340391
-1571978.155734685 -3997435.426730623 4705213.670707415 0.3125000006811364 0.06249999993002048
-1627300.319940679 -3784660.737958494 4859822.812333433 0.3125000006325938 0.09374999988655688
-1680885.084854943 -3559105.653601381 5009693.930572494 0.3125000005840513 0.1249999998500096
-1732367.094859433 -3320693.342468548 5153788.991987676 0.3125000005355087 0.1562499998176043
-1781355.890751046 -3069487.028181625 5290998.164270262 0.3125000004869661 0.1874999997534925
-1827441.26352576 -2805711.824336607 5420155.03349684 0.3125000004384236 0.21874999974911
-1870200.434218906 -2529774.567714601 5540057.036925867 0.312500000389881 0.2499999997177905
-1909207.053848847 -2242280.039653308 5649491.096488795 0.3125000003413385 0.2812499996969554
-1944041.8628741 -1944041.869135367 5747263.996584955 0.3125000002927959 0.3124999997102853
-1974304.675748473 -1636086.439668417 5832236.552922973 0.3125000002442534 0.3437499996724139
-1999627.171907498 -1319648.35913013 5903360.092490918 0.3125000001957108 0.3749999996265544
-2019685.806821852 -996156.5135375822 5959713.2852394 0.3125000001471683 0.4062499995683005
-2034214.036697104 -667210.3646779195 6000537.024481295 0.3125000000986258 0.4374999995389558
-2043012.999791262 -334546.9640108144 6025264.907998242 0.3125000000500832 0.4687499995152316
-2045959.840310677 -0.005138343696945331 6033546.994251052 0.3125000000015407 0.4999999995204802
-2043013.000936417 334546.954536028 6025264.908136027 0.3124999999529982 0.5312499995998703
-2034214.038958807 667210.3557910783 6000537.024702709 0.3124999999044555 0.5624999996295137
-2019685.810162208 996156.5052664762 5959713.285489891 0.3124999998559129 0.5937499996562051
-1999627.176265777 1319648.351697101 5903360.092676245 0.3124999998073704 0.6249999996765485
-1974304.681087554 1636086.432815467 5832236.553038031 0.3124999997588279 0.656249999686171
-1944041.869135368 1944041.862874098 5747263.996584955 0.3124999997102853 0.6874999997072039
-1909207.060983559 2242280.033865257 5649491.096374942 0.3124999996617428 0.718749999769737
-1870200.442157673 2529774.562434261 5540057.036657095 0.3124999996132003 0.7499999998044886
-1827441.272212249 2805711.819480781 5420155.033081722 0.3124999995646577 0.7812499998224191
-1781355.900135014 3069487.023641483 5290998.163744788 0.3124999995161151 0.8124999998569185
-1732367.104838027 3320693.338410318 5153788.991248327 0.3124999994675726 0.8437499998546766
-1680885.095360258 3559105.649981649 5009693.929619297 0.3124999994190301 0.8749999998824863
-1627300.330888579 3784660.734803527 4859822.811124532 0.3124999993704876 0.9062499999138983
-1571978.16703968 3997435.424060534 4705213.66919894 0.3124999993219448 0.9374999999463309
-1515255.219871492 4197624.14360076 4546822.425355117 0.3124999992734023 0.9687499999832061
-1267074.550731786 -4235586.519487595 4587370.697776975 0.3437500007948904 0.03124999996785308
-1315487.616168097 -4036635.384810316 4750232.426082501 0.343750000741439 0.06249999994032451
-1362815.416186239 -3824699.101385579 4909587.7551242 0.3437500006879877 0.09374999990318561
-1408764.547832934 -3599520.342507387 5064432.520297271 0.3437500006345366 0.1249999998723016
-1453013.832771299 -3360962.552189152 5213666.8981205 0.3437500005810852 0.1562499998449142
-1495217.233100038 -3109035.502138521 5356105.364187951 0.343750000527634 0.1874999997859582
-1535008.408567503 -2843920.619033892 5490492.300173176 0.3437500004741827 0.218749999784816
-1572007.057889748 -2565994.522859806 5615523.743926143 0.3437500004207316 0.2499999997576005
-1605827.079172333 -2275848.902034441 5729875.405879738 0.3437500003672803 0.2812499997413977
-1636086.432815467 -1974304.681087555 5832236.553038031 0.343750000313829 0.3124999997588278
-1662418.412809874 -1662418.418640743 5921348.750252319 0.3437500002603777 0.3437499997258651
-1684483.838839997 -1341479.107731293 5996047.781681474 0.3437500002069265 0.374999999684629
-1701983.499788299 -1012994.067561912 6055306.448523703 0.3437500001534752 0.406249999632925
-1714670.042370128 -678663.3740516973 6098275.466926629 0.343750000100024 0.43749999960825
-1722358.433047907 -340343.2636513054 6124319.463499266 0.3437500000465728 0.468749999588973
-1724934.154277518 -0.004356372538840677 6133045.178653659 0.3437499999931214 0.4999999996004001
-1722358.434284943 340343.255617813 6124319.463597811 0.3437499999396703 0.5312499996736118
-1714670.044819605 678663.3665145811 6098275.467076691 0.343749999886219 0.5624999996988078
-1701983.503415236 1012994.060542946 6055306.448678474 0.3437499998327677 0.5937499997208296
-1684483.843589389 1341479.101416564 5996047.781759992 0.3437499997793165 0.6249999997346232
-1662418.418640743 1662418.412809872 5921348.750252321 0.3437499997258652 0.6562499997396221
-1636086.439668417 1974304.675748471 5832236.552922973 0.3437499996724139 0.6874999997557464
-1605827.086992677 2275848.897085731 5729875.405653623 0.3437499996189626 0.7187499998141793
-1572007.066605807 2565994.518329389 5615523.743556333 0.3437499995655114 0.7499999998442985
-1535008.418115362 2843920.614851153 5490492.299670369 0.3437499995120601 0.7812499998581247
-1495217.24341885 3109035.498212173 5356105.363586449 0.343749999458609 0.8124999998893842
-1453013.843761486 3360962.548658426 5213666.897333673 0.3437499994051577 0.8437499998819864
-1408764.559419492 3599520.339336235 5064432.51932814 0.3437499993517064 0.8749999999047783
-1362815.428282265 3824699.09859632 4909587.753939461 0.3437499992982552 0.9062499999305269
-1315487.628685732 4036635.38242018 4750232.424647059 0.3437499992448039 0.9374999999566349
-1267074.56360089 4235586.517438151 4587370.696114689 0.3437499991913527 0.9687499999876552
-1016528.124742347 -4266787.099608956 4620696.854178859 0.3750000008461244 0.03124999997230225
-1056021.316122072 -4068920.460478009 4787310.964017195 0.3750000007880496 0.0624999999506286
-1094704.093835216 -3857744.663140398 4950663.598039377 0.3750000007299747 0.09374999991981436
-1132333.494471803 -3632947.677981198 5109711.638277477 0.3750000006719001 0.1249999998945936
-1168641.632803018 -3394340.263312635 5263304.276871537 0.3750000006138253 0.1562499998722241
-1203337.909411753 -3141884.209799453 5410192.46311861 0.3750000005557506 0.187499999818424
-1236112.677442649 -2875720.762774974 5549044.651398156 0.3750000004976758 0.2187499998205219
-1266642.524974071 -2596197.511549224 5678469.529279253 0.375000000439601 0.2499999997974107
-1294597.235498044 -2303891.638724325 5797045.9990289 0.3750000003815263 0.2812499997858399
-1319648.351697101 -1999627.176265777 5903360.092676245 0.3750000003234515 0.3124999998073704
-1341479.101416565 -1684483.84358939 5996047.781759992 0.3750000002653767 0.3437499997793164
-1359795.258992793 -1359795.264128264 6073841.839665819 0.375000000207302 0.3749999997427038
-1374336.335979498 -1027134.917212709 6135620.139598678 0.3750000001492273 0.4062499996975496
-1384886.355359924 -688289.0484327259 6180452.165379608 0.3750000000911524 0.4374999996775443
-1391283.390458559 -345216.9146045347 6207640.196508257 0.3750000000330778 0.4687499996627146
-1393427.071868094 -0.003535162475828005 6216751.723801193 0.3749999999750029 0.4999999996803202
-1391283.391787279 345216.9080848425 6207640.196573029 0.3749999999169282 0.5312499997473532
-1384886.357996194 688289.0423139536 6180452.165470304 0.3749999998588534 0.5624999997681019
-1374336.339890586 1027134.911511025 6135620.139677113 0.3749999998007786 0.5937499997854542
-1359795.264128264 1359795.258992793 6073841.839665819 0.3749999997427038 0.624999999792698
-1341479.107731292 1684483.838839997 5996047.781681474 0.3749999996846292 0.6562499997930735
-1319648.359130131 1999627.171907496 5903360.092490918 0.3749999996265543 0.6874999998042891
-1294597.24398845 2303891.634674157 5797045.998742459 0.3749999995684796 0.7187499998586214
-1266642.534447089 2596197.507828968 5678469.528867097 0.3749999995104047 0.7499999998841087
-1236112.68782659 2875720.759327374 5549044.65087169 0.3749999994523301 0.7812499998938308
-1203337.920635361 3141884.206551238 5410192.462508598 0.3749999993942552 0.8124999999218501
-1168641.644768444 3394340.26037582 5263304.276108756 0.3749999993361806 0.8437499999092966
-1132333.507096745 3632947.675327262 5109711.637366656 0.3749999992781058 0.8749999999270702
-1094704.107029269 3857744.660787718 4950663.59695517 0.374999999220031 0.9062499999471556
-1056021.329794263 4068920.458440922 4787310.962732675 0.3749999991619563 0.9374999999669389
-1016528.138813563 4266787.097841659 4620696.852715204 0.3749999991038815 0.9687499999921043
-764075.7006995772 -4291142.286771595 4646711.439101968 0.4062500009254158 0.03124999997675143
-794147.1603170867 -4094164.837352776 4816304.140349155 0.4062500008607912 0.06249999996093264
-823646.5148791089 -3883628.169565454 4982838.5142492 0.4062500007961667 0.09374999993644312
-852386.8476336794 -3659175.665905294 5145241.598606197 0.4062500007315421 0.1249999999168857
-880160.8802579086 -3420574.66154811 5302322.774939174 0.4062500006669176 0.156249999899534
-906742.5290218093 -3167746.870573848 5452782.661177018 0.406250000602293 0.1874999998508897
-931889.6440880733 -2900799.3652438 5595228.836593063 0.4062500005376685 0.2187499998562277
-955348.0782189092 -2620054.279654577 5728199.247678731 0.4062500004730439 0.2499999998372207
-976857.1564117511 -2326074.940474344 5850193.711943599 0.4062500004084194 0.2812499998302824
-996156.505266476 -2019685.810162207 5959713.285489891 0.4062500003437949 0.312499999855913
-1012994.060542945 -1701983.503415236 6055306.448678474 0.4062500002791704 0.3437499998327678
-1027134.911511024 -1374336.339890584 6135620.139677113 0.4062500002145459 0.3749999998007787
-1038370.48339895 -1038370.487732359 6199452.755639992 0.4062500001499213 0.4062499997621741
-1046527.43294012 -695941.7092473946 6245805.510055015 0.4062500000852968 0.4374999997468384
-1051475.562509614 -349093.0178730504 6273928.13206506 0.4062500000206723 0.4687499997364561
-1053134.071003944 -0.002681239998662674 6283354.965978817 0.4062499999560478 0.49999999976024
-1051475.563977413 349093.0129272268 6273928.132094261 0.4062499998914232 0.5312499998210949
-1046527.43585678 695941.7046026589 6245805.51008385 0.4062499998267986 0.5624999998373963
-1038370.487732361 1038370.48339895 6199452.755639992 0.4062499997621741 0.5937499998500787
-1027134.91721271 1374336.3359795 6135620.139598677 0.4062499996975496 0.6249999998507729
-1012994.067561909 1701983.499788299 6055306.448523703 0.4062499996329251 0.6562499998465248
-996156.5135375833 2019685.806821851 5959713.2852394 0.4062499995683004 0.6874999998528317
-976857.1658655782 2326074.937356904 5850193.711604527 0.4062499995036761 0.7187499999030638
-955348.0887744852 2620054.276776009 5728199.247234918 0.4062499994390513 0.7499999999239189
-931889.6556633791 2900799.362560872 5595228.83605613 0.4062499993744269 0.7812499999295368
-906742.541532932 3167746.868031835 5452782.660573306 0.4062499993098024 0.8124999999543157
-880160.8936041847 3420574.659231912 5302322.774217954 0.4062499992451779 0.8437499999366062
-852386.8617225152 3659175.663794373 5145241.597773408 0.4062499991805533 0.8749999999493622
-823646.5296129077 3883628.167674643 4982838.513287453 0.4062499991159287 0.9062499999637846
-794147.1755980044 4094164.835693957 4816304.139239629 0.4062499990513042 0.9374999999772431
-764075.7164369706 4291142.285311811 4646711.437862294 0.4062499989866796 0.9687499999965536
-510185.8862082556 -4308586.312958018 4665344.075768123 0.4375000009941343 0.03124999998120059
-530450.9589423431 -4112268.876472061 4837097.00830533 0.43750000092484 0.06249999997123667
-550352.3643437182 -3902214.796340182 5005943.762996648 0.4375000008555459 0.09374999995307184
-569763.302790506 -3678034.503767862 5170790.362012982 0.4375000007862517 0.1249999999391777
-588542.5707202117 -3439462.979560762 5330417.718592142 0.4375000007169574 0.156249999926844
-606535.5402151651 -3186391.785644896 5483490.040734152 0.4375000006476633 0.1874999998833555
-623575.9707827705 -2918901.951240443 5628570.45862509 0.4375000005783691 0.2187499998919337
-639488.7662426109 -2637295.801857237 5764144.860372238 0.4375000005090748 0.2499999998770308
-654093.7379620636 -2342125.293446842 5888654.472097624 0.4375000004397805 0.2812499998747245
-667210.3557910769 -2034214.038958807 6000537.024702709 0.4375000003704864 0.3124999999044555
-678663.3665145817 -1714670.044819605 6098275.467076691 0.4375000003011922 0.3437499998862191
-688289.0423139532 -1384886.357996194 6180452.165470304 0.437500000231898 0.3749999998588534
-695941.7046026592 -1046527.435856778 6245805.51008385 0.4375000001626037 0.4062499998267987
-701500.0727657279 -701500.075889194 6293285.015906806 0.4375000000933095 0.4374999998161327
-704872.9326801061 -351909.1526767731 6322100.528862006 0.4375000000240153 0.4687499998101976
-706003.6258210236 -0.001801962799787722 6331761.198934115 0.4374999999547211 0.4999999998401601
-704872.9342505052 351909.1493523976 6322100.528871963 0.4374999998854269 0.5312499998948363
-701500.0758891961 701500.0727657268 6293285.015906806 0.4374999998161326 0.5624999999066904
-695941.7092473935 1046527.43294012 6245805.510055015 0.4374999997468385 0.5937499999147031
-688289.0484327261 1384886.355359924 6180452.165379608 0.4374999996775443 0.6249999999088476
-678663.3740516978 1714670.042370129 6098275.466926629 0.43749999960825 0.656249999899976
-667210.3646779219 2034214.036697105 6000537.024481295 0.4374999995389557 0.6874999999013742
-654093.7481225047 2342125.29132981 5888654.471811052 0.4374999994696616 0.7187499999475063
-639488.777590684 2637295.799895342 5764144.860010889 0.4374999994003674 0.749999999963729
-623575.9832284162 2918901.949404756 5628570.45819823 0.4374999993310731 0.7812499999652425
-606535.5536647638 3186391.783899078 5483490.040260949 0.4374999992617789 0.8124999999867817
-588542.5850707551 3439462.977961861 5330417.718039362 0.4374999991924848 0.8437499999639162
-569763.3179415823 3678034.502302618 5170790.361385746 0.4374999991231904 0.8749999999716542
-550352.3801922584 3902214.795019009 5005943.762284138 0.4374999990538963 0.9062499999804131
-530450.9753853393 4112268.875303439 4837097.007495646 0.4374999989846021 0.9374999999875471
-510185.903146551 4308586.311920648 4665344.074873853 0.4374999989153078 0.9687500000010028
-255334.0222967318 -4319071.795974507 4676544.061406385 0.4687500010638032 0.03124999998564976
-265532.2735832776 -4123160.433878645 4849606.339506677 0.4687500009900616 0.06249999998154074
-275554.1621317306 -3913406.491783947 5019856.624824572 0.4687500009163201 0.0937499999697006
-285335.6419491904 -3689400.186705332 5186188.468786311 0.4687500008425787 0.1249999999614697
-294805.2092925744 -3450856.543923645 5347365.706760041 0.4687500007688372 0.1562499999541539
-303884.3728739388 -3197648.409690048 5502030.528443997 0.4687500006950956 0.1874999999158212
-312488.5534006167 -2929840.513725365 5648719.011256187 0.4687500006213542 0.2187499999276396
-320528.473874944 -2647722.620432851 5785885.189206886 0.4687500005476126 0.2499999999168409
-327912.0757345744 -2351839.245410198 5911934.271821349 0.4687500004738712 0.2812499999191669
-334546.9545360277 -2043013.000936419 6025264.908136026 0.4687500004001297 0.312499999952998
-340343.2556178153 -1722358.434284943 6124319.463597811 0.468750000326388 0.3437499999396703
-345216.9080848438 -1391283.39178728 6207640.196573029 0.4687500002526466 0.3749999999169281
-349093.0129272268 -1051475.563977412 6273928.132094261 0.4687500001789051 0.4062499998914232
-351909.1493523976 -704872.9342505054 6322100.528871963 0.4687500001051637 0.4374999998854269
-353618.3333127465 -353618.334983297 6351342.310685889 0.4687500000314221 0.4687499998839391
-354191.3642667973 -0.0009053706601708945 6361146.868095314 0.4687499999576806 0.4999999999200802
-353618.3349832974 353618.333312747 6351342.310685889 0.4687499998839391 0.531249999968578
-351909.1526767733 704872.9326801043 6322100.528862008 0.4687499998101976 0.5624999999759845
-349093.0178730508 1051475.562509614 6273928.13206506 0.468749999736456 0.5937499999793278
-345216.9146045344 1391283.390458559 6207640.196508257 0.4687499996627147 0.6249999999669222
-340343.2636513054 1722358.433047908 6124319.463499266 0.468749999588973 0.6562499999534273
-334546.9640108146 2043012.99979126 6025264.907998241 0.4687499995152316 0.6874999999499168
-327912.0865683962 2351839.244335111 5911934.271648123 0.4687499994414901 0.7187499999919486
-320528.485976587 2647722.619433004 5785885.188994021 0.4687499993677486 0.7500000000035389
-312488.5666727558 2929840.5127863 5648719.011009037 0.468749999294007 0.7812500000009487
-303884.3872145783 3197648.408793706 5502030.528172875 0.4687499992202655 0.8125000000192473
-294805.2245948113 3450856.543098788 5347365.706448726 0.468749999146524 0.843749999991226
-285335.6581053153 3689400.18594559 5186188.468437901 0.4687499990727826 0.8749999999939463
-275554.1790328533 3913406.491094823 5019856.624434051 0.468749998999041 0.906249999997042
-265532.2911207744 4123160.433264701 4849606.339068419 0.4687499989252996 0.9374999999978513
-255334.0403638375 4319071.795425449 4676544.06092703 0.468749998851558 0.9687500000054519
0.009798104336991032 -4322570.142921261 4680280.799217679 0.5000000011987995 0.03124999999009893
0.009510825388546511 -4126795.82838924 4853781.741157009 0.5000000011188797 0.0624999999918448
0.009165466067665995 -3917143.712622742 5024502.575843714 0.5000000010389596 0.09374999998632935
0.008761398095513467 -3693197.200470495 5191332.722763673 0.5000000009590395 0.1249999999837617
0.008298432718914884 -3454664.574125585 5353030.32685989 0.5000000008791197 0.1562499999814639
0.007776932653833632 -3201412.335810265 5508230.210886421 0.5000000007991996 0.187499999948287
0.007197930957025044 -2933499.667756971 5655459.371197864 0.5000000007192797 0.2187499999633455
0.006563227382696299 -2651212.032052107 5793161.11989837 0.5000000006393597 0.249999999956651
0.005875495924344776 -2355091.358246844 5919728.515253975 0.5000000005594398 0.2812499999636093
0.005138343899085856 -2045959.840310678 6033546.994251052 0.5000000004795198 0.3125000000015407
0.004356370532354778 -1724934.154277516 6133045.17865366 0.5000000003995997 0.3437499999931216
0.003535162407273058 -1393427.071868093 6216751.723801193 0.5000000003196798 0.3749999999750029
0.002681239601996514 -1053134.071003944 6283354.965978817 0.50000000023976 0.4062499999560478
0.00180196262653926 -706003.6258210235 6331761.198934115 0.5000000001598399 0.4374999999547211
0.000905370295346137 -354191.3642667974 6361146.868095314 0.5000000000799198 0.4687499999576806
0 0 6371000 0.5 0.5
-0.0009053702953461367 354191.3642667981 6361146.868095314 0.4999999999200802 0.5312500000423195
-0.001801962626539261 706003.625821023 6331761.198934115 0.4999999998401601 0.5625000000452789
-0.002681240153879866 1053134.071003946 6283354.965978816 0.49999999976024 0.5937500000439523
-0.003535162407273059 1393427.071868094 6216751.723801193 0.4999999996803202 0.6250000000249971
-0.004356370532354779 1724934.154277517 6133045.17865366 0.4999999996004003 0.6562500000068785
-0.005138343899085857 2045959.840310677 6033546.994251052 0.4999999995204802 0.6874999999984593
-0.005875495657714977 2355091.358246846 5919728.515253975 0.4999999994405602 0.7187500000363908
-0.00656323034641539 2651212.032052107 5793161.11989837 0.4999999993606401 0.7500000000433491
-0.007197931477037174 2933499.667756971 5655459.371197865 0.4999999992807203 0.7812500000366543
-0.00777693284611273 3201412.335810267 5508230.21088642 0.4999999992008004 0.8125000000517131
-0.008298432718914882 3454664.574125586 5353030.326859889 0.4999999991208803 0.8437500000185362
-0.008761397287250507 3693197.200470497 5191332.722763672 0.4999999990409605 0.8750000000162385
-0.009165465975888446 3917143.712622741 5024502.575843715 0.4999999989610404 0.9062500000136705
-0.009510822710136858 4126795.828389239 4853781.741157009 0.4999999988811206 0.9375000000081553
-0.009798104233401292 4322570.142921261 4680280.799217678 0.4999999988012005 0.9687500000099012
255334.0403638374 -4319071.795425449 4676544.060927029 0.531250001148442 0.03124999999454811
265532.2911207752 -4123160.4332647 4849606.339068419 0.5312500010747006 0.06250000000214884
275554.1790328546 -3913406.491094823 5019856.624434053 0.5312500010009591 0.09375000000295811
285335.6581053152 -3689400.18594559 5186188.468437901 0.5312500009272174 0.1250000000060537
294805.2245948114 -3450856.54309879 5347365.706448724 0.531250000853476 0.1562500000087738
303884.3872145784 -3197648.408793708 5502030.528172875 0.5312500007797345 0.1874999999807528
312488.5666727555 -2929840.5127863 5648719.011009038 0.531250000705993 0.2187499999990514
320528.485976587 -2647722.619433004 5785885.188994021 0.5312500006322514 0.249999999996461
327912.0865683956 -2351839.244335109 5911934.271648123 0.5312500005585099 0.2812500000080515
334546.9640108113 -2043012.999791261 6025264.907998241 0.5312500004847682 0.3125000000500832
340343.2636513032 -1722358.433047908 6124319.463499266 0.5312500004110268 0.3437500000465728
345216.9146045331 -1391283.390458561 6207640.196508256 0.5312500003372853 0.3750000000330777
349093.0178730498 -1051475.562509614 6273928.132065061 0.5312500002635439 0.4062500000206723
351909.1526767732 -704872.9326801039 6322100.528862008 0.5312500001898024 0.4375000000240154
353618.3349832974 -353618.3333127465 6351342.310685889 0.5312500001160609 0.4687500000314221
354191.3642667984 0.0009053706601708945 6361146.868095314 0.5312500000423195 0.5000000000799198
353618.3333127454 353618.3349832974 6351342.310685889 0.5312499999685778 0.5312500001160609
351909.1493523975 704872.9342505073 6322100.528871963 0.5312499998948363 0.5625000001145732
349093.0129272265 1051475.563977414 6273928.132094259 0.5312499998210949 0.5937500001085768
345216.9080848427 1391283.391787279 6207640.196573028 0.5312499997473532 0.6250000000830718
340343.2556178158 1722358.434284944 6124319.463597811 0.531249999673612 0.6562500000603297
334546.9545360279 2043013.000936418 6025264.908136027 0.5312499995998703 0.6875000000470018
327912.0757345744 2351839.245410198 5911934.27182135 0.5312499995261288 0.718750000080833
320528.4738749427 2647722.620432853 5785885.189206885 0.5312499994523874 0.7500000000831593
312488.553400617 2929840.513725365 5648719.011256187 0.5312499993786459 0.7812500000723605
303884.3728739391 3197648.409690049 5502030.528443995 0.5312499993049045 0.8125000000841789
294805.209292575 3450856.543923643 5347365.706760043 0.5312499992311628 0.8437500000458459
285335.6419491902 3689400.186705334 5186188.46878631 0.5312499991574213 0.8750000000385304
275554.1621317284 3913406.491783946 5019856.624824572 0.5312499990836796 0.9062500000302994
265532.2735832757 4123160.433878646 4849606.339506676 0.5312499990099382 0.9375000000184592
255334.0222967308 4319071.795974506 4676544.061406384 0.5312499989361967 0.9687500000143503
510185.9031465516 -4308586.311920648 4665344.074873853 0.5625000010846921 0.03124999999899727
530450.9753853376 -4112268.875303437 4837097.007495646 0.5625000010153978 0.0625000000124529
550352.380192259 -3902214.79501901 5005943.762284136 0.5625000009461036 0.09375000001958683
569763.3179415822 -3678034.502302618 5170790.361385746 0.5625000008768095 0.1250000000283457
588542.5850707545 -3439462.977961862 5330417.718039362 0.5625000008075152 0.1562500000360838
606535.5536647637 -3186391.783899076 5483490.040260951 0.562500000738221 0.1875000000132185
623575.9832284153 -2918901.949404757 5628570.458198229 0.5625000006689269 0.2187500000347574
639488.7775906844 -2637295.799895341 5764144.86001089 0.5625000005996326 0.2500000000362712
654093.7481225049 -2342125.291329806 5888654.471811054 0.5625000005303384 0.281250000052494
667210.364677918 -2034214.036697104 6000537.024481295 0.5625000004610441 0.3125000000986258
678663.3740516973 -1714670.042370128 6098275.466926629 0.56250000039175 0.343750000100024
688289.0484327259 -1384886.355359923 6180452.165379608 0.5625000003224556 0.3750000000911524
695941.7092473935 -1046527.43294012 6245805.510055015 0.5625000002531615 0.4062500000852968
701500.0758891957 -701500.0727657273 6293285.015906806 0.5625000001838674 0.4375000000933095
704872.9342505075 -351909.1493523975 6322100.528871963 0.5625000001145732 0.4687500001051637
706003.625821023 0.001801962661188953 6331761.198934115 0.5625000000452789 0.5000000001598399
704872.9326801042 351909.1526767731 6322100.528862008 0.5624999999759845 0.5312500001898024
701500.072765729 701500.0758891952 6293285.015906806 0.5624999999066906 0.5625000001838674
695941.7046026596 1046527.435856781 6245805.51008385 0.5624999998373963 0.5937500001732016
688289.0423139532 1384886.357996194 6180452.165470304 0.5624999997681019 0.6250000001411466
678663.366514582 1714670.044819605 6098275.467076691 0.5624999996988078 0.656250000113781
667210.3557910781 2034214.038958805 6000537.02470271 0.5624999996295137 0.6875000000955444
654093.737962064 2342125.293446841 5888654.472097626 0.5624999995602193 0.7187500001252752
639488.7662426111 2637295.801857236 5764144.86037224 0.5624999994909252 0.7500000001229692
623575.9707827721 2918901.951240444 5628570.45862509 0.5624999994216311 0.7812500001080663
606535.5402151648 3186391.785644895 5483490.040734152 0.5624999993523367 0.8125000001166445
588542.5707202117 3439462.979560762 5330417.718592141 0.5624999992830426 0.843750000073156
569763.3027905057 3678034.503767861 5170790.362012983 0.5624999992137483 0.8750000000608223
550352.3643437191 3902214.796340184 5005943.762996646 0.5624999991444541 0.9062500000469282
530450.9589423407 4112268.876472061 4837097.008305329 0.5624999990751598 0.9375000000287632
510185.8862082547 4308586.312958019 4665344.075768123 0.5624999990058654 0.9687500000187994
764075.7164369723 -4291142.28531181 4646711.437862295 0.5937500010133204 0.03125000000344645
794147.1755980032 -4094164.835693958 4816304.13923963 0.5937500009486957 0.06250000002275696
823646.5296129076 -3883628.167674639 4982838.513287455 0.5937500008840711 0.09375000003621559
852386.8617225155 -3659175.663794375 5145241.597773408 0.5937500008194466 0.1250000000506377
880160.8936041844 -3420574.659231914 5302322.774217951 0.5937500007548222 0.1562500000633937
906742.5415329312 -3167746.868031837 5452782.660573306 0.5937500006901976 0.1875000000456843
931889.6556633785 -2900799.362560872 5595228.83605613 0.593750000625573 0.2187500000704632
955348.0887744855 -2620054.276776009 5728199.247234917 0.5937500005609487 0.2500000000760811
976857.1658655812 -2326074.937356903 5850193.711604527 0.5937500004963242 0.2812500000969362
996156.5135375842 -2019685.80682185 5959713.2852394 0.5937500004316997 0.3125000001471683
1012994.067561911 -1701983.499788298 6055306.448523704 0.5937500003670749 0.3437500001534753
1027134.917212709 -1374336.335979498 6135620.139598677 0.5937500003024504 0.3750000001492272
1038370.487732359 -1038370.483398949 6199452.755639992 0.5937500002378259 0.4062500001499214
1046527.435856778 -695941.7046026596 6245805.51008385 0.5937500001732012 0.4375000001626038
1051475.563977414 -349093.0129272265 6273928.132094259 0.5937500001085768 0.4687500001789051
1053134.071003946 0.00268124027460435 6283354.965978816 0.5937500000439523 0.50000000023976
1051475.562509615 349093.0178730493 6273928.13206506 0.5937499999793278 0.5312500002635439
1046527.432940121 695941.7092473934 6245805.510055015 0.5937499999147032 0.5625000002531615
1038370.48339895 1038370.487732359 6199452.755639992 0.5937499998500787 0.5937500002378259
1027134.911511025 1374336.339890584 6135620.139677113 0.5937499997854542 0.6250000001992213
1012994.060542946 1701983.503415235 6055306.448678474 0.5937499997208296 0.6562500001672322
996156.5052664753 2019685.810162207 5959713.285489892 0.5937499996562049 0.6875000001440869
976857.1564117511 2326074.940474344 5850193.711943599 0.5937499995915806 0.7187500001697177
955348.0782189089 2620054.279654578 5728199.247678731 0.5937499995269561 0.7500000001627793
931889.6440880728 2900799.3652438 5595228.836593064 0.5937499994623315 0.7812500001437722
906742.5290218081 3167746.870573849 5452782.661177018 0.5937499993977068 0.8125000001491103
880160.8802579091 3420574.661548108 5302322.774939174 0.5937499993330825 0.8437500001004657
852386.847633679 3659175.665905296 5145241.598606197 0.5937499992684577 0.8750000000831143
823646.5148791099 3883628.169565452 4982838.514249201 0.5937499992038334 0.9062500000635567
794147.1603170875 4094164.837352775 4816304.140349158 0.5937499991392089 0.9375000000390672
764075.7006995786 4291142.286771595 4646711.43910197 0.5937499990745844 0.9687500000232485
1016528.138813561 -4266787.097841659 4620696.852715204 0.6250000008961184 0.03125000000789561
1056021.329794264 -4068920.458440925 4787310.962732675 0.6250000008380439 0.062500000033061
1094704.107029268 -3857744.66078772 4950663.596955169 0.625000000779969 0.09375000005284431
1132333.507096743 -3632947.675327262 5109711.637366656 0.6250000007218941 0.1250000000729298
1168641.644768444 -3394340.260375818 5263304.276108758 0.6250000006638194 0.1562500000907036
1203337.92063536 -3141884.206551237 5410192.462508601 0.6250000006057446 0.18750000007815
1236112.68782659 -2875720.759327373 5549044.65087169 0.6250000005476699 0.2187500001061692
1266642.53444709 -2596197.507828969 5678469.528867096 0.6250000004895953 0.2500000001158912
1294597.24398845 -2303891.634674157 5797045.998742457 0.6250000004315204 0.2812500001413785
1319648.35913013 -1999627.171907498 5903360.092490918 0.6250000003734455 0.3125000001957108
1341479.107731292 -1684483.838839997 5996047.781681474 0.6250000003153708 0.3437500002069265
1359795.264128264 -1359795.258992792 6073841.839665819 0.6250000002572962 0.375000000207302
1374336.339890587 -1027134.911511026 6135620.139677113 0.6250000001992215 0.4062500002145458
1384886.357996194 -688289.0423139532 6180452.165470304 0.6250000001411466 0.437500000231898
1391283.391787279 -345216.9080848436 6207640.196573029 0.6250000000830718 0.4687500002526467
1393427.071868092 0.003535162612937898 6216751.723801194 0.6250000000249969 0.5000000003196798
1391283.390458559 345216.9146045346 6207640.196508257 0.6249999999669222 0.5312500003372853
1384886.355359922 688289.0484327284 6180452.165379608 0.6249999999088474 0.5625000003224558
1374336.335979497 1027134.917212711 6135620.139598677 0.6249999998507727 0.5937500003024506
1359795.258992792 1359795.264128264 6073841.839665819 0.624999999792698 0.6250000002572962
1341479.101416563 1684483.843589389 5996047.781759992 0.6249999997346232 0.6562500002206835
1319648.351697101 1999627.176265778 5903360.092676245 0.6249999996765485 0.6875000001926296
1294597.235498043 2303891.638724325 5797045.9990289 0.6249999996184736 0.7187500002141601
1266642.524974071 2596197.511549226 5678469.529279251 0.624999999560399 0.7500000002025895
1236112.677442648 2875720.762774975 5549044.651398156 0.6249999995023241 0.7812500001794783
1203337.909411754 3141884.209799455 5410192.46311861 0.6249999994442494 0.8125000001815761
1168641.632803017 3394340.263312635 5263304.276871537 0.6249999993861746 0.8437500001277759
1132333.494471803 3632947.677981198 5109711.638277478 0.6249999993280999 0.8750000001054062
1094704.093835214 3857744.663140399 4950663.598039378 0.624999999270025 0.9062500000801857
1056021.316122073 4068920.460478009 4787310.964017195 0.6249999992119504 0.9375000000493714
1016528.124742348 4266787.099608955 4620696.854178859 0.6249999991538757 0.9687500000276976
1267074.563600891 -4235586.517438151 4587370.69611469 0.6562500008086474 0.03125000001234479
1315487.628685732 -4036635.382420179 4750232.424647059 0.6562500007551961 0.06250000004336506
1362815.428282265 -3824699.09859632 4909587.753939461 0.6562500007017449 0.09375000006947307
1408764.55941949 -3599520.339336234 5064432.51932814 0.6562500006482934 0.1250000000952218
1453013.843761486 -3360962.548658425 5213666.897333673 0.6562500005948425 0.1562500001180136
1495217.243418851 -3109035.498212174 5356105.363586448 0.6562500005413912 0.1875000001106158
1535008.41811536 -2843920.614851155 5490492.299670368 0.6562500004879397 0.2187500001418752
1572007.066605804 -2565994.518329389 5615523.743556333 0.6562500004344884 0.2500000001557014
1605827.086992678 -2275848.897085729 5729875.405653623 0.6562500003810374 0.2812500001858209
1636086.439668416 -1974304.675748473 5832236.552922973 0.656250000327586 0.3125000002442534
1662418.418640742 -1662418.412809873 5921348.750252321 0.6562500002741347 0.3437500002603778
1684483.843589389 -1341479.101416564 5996047.781759992 0.6562500002206835 0.3750000002653767
1701983.503415237 -1012994.060542946 6055306.448678473 0.6562500001672325 0.4062500002791704
1714670.044819605 -678663.3665145827 6098275.467076691 0.656250000113781 0.4375000003011921
1722358.434284944 -340343.2556178144 6124319.463597811 0.6562500000603297 0.4687500003263881
1724934.154277517 0.004356370226280659 6133045.17865366 0.6562500000068785 0.5000000003995997
1722358.433047909 340343.2636513028 6124319.463499266 0.6562499999534273 0.5312500004110268
1714670.042370128 678663.3740516973 6098275.466926629 0.656249999899976 0.56250000039175
1701983.499788297 1012994.067561912 6055306.448523705 0.6562499998465245 0.5937500003670749
1684483.838839997 1341479.107731292 5996047.781681474 0.6562499997930735 0.6250000003153708
1662418.412809874 1662418.418640742 5921348.750252319 0.6562499997396223 0.6562500002741347
1636086.432815467 1974304.681087556 5832236.553038031 0.656249999686171 0.6875000002411723
1605827.079172331 2275848.902034442 5729875.405879738 0.6562499996327196 0.7187500002586024
1572007.057889751 2565994.522859806 5615523.743926142 0.6562499995792686 0.7500000002423994
1535008.408567501 2843920.619033892 5490492.300173177 0.6562499995258171 0.7812500002151841
1495217.233100038 3109035.502138518 5356105.364187952 0.6562499994723661 0.8125000002140417
1453013.832771297 3360962.552189153 5213666.898120501 0.6562499994189146 0.8437500001550857
1408764.547832934 3599520.342507385 5064432.520297272 0.6562499993654634 0.8750000001276981
1362815.416186238 3824699.10138558 4909587.755124198 0.6562499993120121 0.9062500000968144
1315487.616168097 4036635.384810317 4750232.426082501 0.6562499992585609 0.9375000000596756
1267074.550731786 4235586.519487595 4587370.697776974 0.6562499992051096 0.968750000032147
1515255.219871492 -4197624.143600759 4546822.425355118 0.6875000007265977 0.03125000001679396
1571978.167039679 -3997435.424060534 4705213.66919894 0.6875000006780551 0.06250000005366912
1627300.330888579 -3784660.734803527 4859822.811124532 0.6875000006295126 0.09375000008610182
1680885.095360258 -3559105.649981649 5009693.929619298 0.6875000005809699 0.1250000001175138
1732367.104838029 -3320693.338410318 5153788.991248325 0.6875000005324277 0.1562500001453236
1781355.900135013 -3069487.023641484 5290998.163744788 0.6875000004838848 0.1875000001430815
1827441.272212249 -2805711.819480779 5420155.033081723 0.6875000004353423 0.218750000177581
1870200.442157675 -2529774.562434261 5540057.036657093 0.6875000003867998 0.2500000001955114
1909207.060983558 -2242280.033865257 5649491.096374943 0.687500000338257 0.2812500002302631
1944041.869135367 -1944041.8628741 5747263.996584955 0.6875000002897146 0.312500000292796
1974304.681087554 -1636086.432815467 5832236.553038031 0.6875000002411721 0.343750000313829
1999627.17626578 -1319648.351697101 5903360.092676245 0.6875000001926298 0.3750000003234515
2019685.810162207 -996156.5052664763 5959713.285489891 0.687500000144087 0.4062500003437949
2034214.038958806 -667210.3557910768 6000537.02470271 0.6875000000955445 0.4375000003704864
2043013.000936417 -334546.9545360277 6025264.908136027 0.6875000000470018 0.4687500004001297
2045959.840310677 0.005138343696945332 6033546.994251053 0.6874999999984593 0.5000000004795198
2043012.999791261 334546.9640108146 6025264.907998241 0.6874999999499168 0.5312500004847684
2034214.036697105 667210.3646779184 6000537.024481295 0.6874999999013743 0.5625000004610441
2019685.80682185 996156.513537584 5959713.2852394 0.6874999998528316 0.5937500004316997
1999627.171907496 1319648.359130131 5903360.092490918 0.6874999998042891 0.6250000003734457
1974304.675748473 1636086.439668415 5832236.552922973 0.6874999997557466 0.656250000327586
1944041.862874097 1944041.869135369 5747263.996584955 0.6874999997072039 0.6875000002897148
1909207.053848845 2242280.039653307 5649491.096488796 0.6874999996586614 0.7187500003030446
1870200.434218906 2529774.5677146 5540057.036925867 0.6874999996101189 0.7500000002822094
1827441.263525759 2805711.824336607 5420155.03349684 0.6874999995615764 0.7812500002508901
1781355.890751046 3069487.028181625 5290998.164270262 0.6874999995130339 0.8125000002465075
1732367.094859433 3320693.342468548 5153788.991987676 0.6874999994644914 0.8437500001823958
1680885.084854941 3559105.653601383 5009693.930572493 0.6874999994159486 0.8750000001499906
1627300.319940676 3784660.737958495 4859822.812333433 0.6874999993674061 0.9062500001134433
1571978.155734685 3997435.426730621 4705213.670707415 0.6874999993188636 0.9375000000699796
1515255.208270275 4197624.145857312 4546822.427138043 0.6874999992703209 0.9687500000365961
1760621.159421447 -4153000.712487841 4499159.834354962 0.7187500007030252 0.03125000002124313
1824946.748641219 -3951470.945485616 4652428.154373462 0.7187500006585831 0.06250000006397316
1887514.125079463 -3737830.382640355 4801620.086828629 0.7187500006141408 0.09375000010273057
1947952.332933095 -3511953.424276101 4945837.224811982 0.7187500005696984 0.1250000001398058
2005862.63777789 -3273827.440677857 5084113.488803274 0.7187500005252562 0.1562500001726335
2060822.82795241 -3023571.847536115 5215425.539165263 0.7187500004808137 0.1875000001755473
2112393.200835156 -2761456.217313768 5338707.289683949 0.7187500004363715 0.2187500002132869
2160124.294559613 -2487916.25383568 5452868.671254936 0.7187500003919293 0.2500000002353215
2203566.312139742 -2203566.305556381 5556818.518272795 0.718750000347487 0.2812500002747054
2242280.039653307 -1909207.053848847 5649491.096488796 0.7187500003030446 0.3125000003413385
2275848.902034444 -1605827.079172333 5729875.405879736 0.7187500002586025 0.3437500003672803
2303891.638724325 -1294597.235498044 5797045.9990289 0.7187500002141601 0.3750000003815263
2326074.940474343 -976857.1564117499 5850193.711943599 0.7187500001697176 0.4062500004084195
2342125.293446842 -654093.7379620632 5888654.472097625 0.7187500001252755 0.4375000004397806
2351839.245410198 -327912.0757345745 5911934.271821349 0.718750000080833 0.4687500004738712
2355091.358246844 0.005875495441078264 5919728.515253975 0.7187500000363908 0.5000000005594398
2351839.24433511 327912.086568396 5911934.271648123 0.7187499999919486 0.5312500005585099
2342125.291329807 654093.7481225055 5888654.471811054 0.7187499999475061 0.5625000005303384
2326074.937356905 976857.1658655775 5850193.711604527 0.7187499999030639 0.593750000496324
2303891.634674157 1294597.24398845 5797045.998742459 0.7187499998586214 0.6250000004315204
2275848.897085731 1605827.086992677 5729875.405653624 0.7187499998141792 0.6562500003810374
2242280.033865257 1909207.060983561 5649491.096374942 0.718749999769737 0.6875000003382573
2203566.305556381 2203566.31213974 5556818.518272795 0.7187499997252946 0.7187500003474869
2160124.28724973 2487916.259826254 5452868.671417458 0.7187499996808523 0.7500000003220197
2112393.19284893 2761456.222806337 5338707.290002858 0.7187499996364098 0.7812500002865957
2060822.819330686 3023571.852656167 5215425.539603771 0.7187499995919676 0.8125000002789733
2005862.628629339 3273827.445232023 5084113.489480125 0.7187499995475255 0.8437500002097056
1947952.323320186 3511953.428314376 4945837.225730584 0.7187499995030829 0.8750000001722824
1887514.115085684 3737830.386131825 4801620.088039235 0.7187499994586407 0.9062500001300721
1824946.738351903 3951470.948406515 4652428.155928694 0.7187499994141983 0.9375000000802836
1760621.148889566 4153000.714921927 4499159.836229511 0.718749999369756 0.9687500000410452
2002736.099408902 -4101833.274671856 4444508.173343726 0.7500000006405005 0.03125000002569231
2073872.274609985 -3898914.951699941 4592075.455392109 0.7500000006006902 0.06250000007427722
2142852.683701245 -3684437.11453237 4735266.257034631 0.7500000005608802 0.0937500001193593
2209282.491570536 -3458346.345476207 4873248.652302819 0.7500000005210701 0.1250000001620978
2272741.848745009 -3220695.889066512 5005137.708306654 0.7500000004812599 0.1562500001999434
2332790.723868225 -2971661.199691116 5130005.667919356 0.75000000044145 0.187500000208013
2388975.286221628 -2711554.277552775 5246895.413642962 0.7500000004016398 0.2187500002489929
2440835.846488212 -2440835.839856122 5354837.231267821 0.7500000003618299 0.2500000002751316
2487916.259826251 -2160124.28724973 5452868.671417459 0.7500000003220195 0.2812500003191478
2529774.567714604 -1870200.434218906 5540057.036925866 0.7500000002822098 0.312500000389881
2565994.522859803 -1572007.057889751 5615523.743926144 0.7500000002423992 0.3437500004207315
2596197.511549225 -1266642.524974071 5678469.529279251 0.7500000002025895 0.375000000439601
2620054.279654579 -955348.078218908 5728199.24767873 0.7500000001627793 0.406250000473044
2637295.801857239 -639488.7662426077 5764144.860372238 0.7500000001229694 0.4375000005090749
2647722.620432853 -320528.4738749425 5785885.189206885 0.7500000000831593 0.4687500005476126
2651212.032052106 0.006563229885392424 5793161.11989837 0.7500000000433489 0.5000000006393599
2647722.619433005 320528.4859765897 5785885.188994021 0.7500000000035389 0.5312500006322516
2637295.799895342 639488.7775906854 5764144.860010889 0.749999999963729 0.5625000005996328
2620054.276776007 955348.0887744849 5728199.247234919 0.7499999999239186 0.5937500005609487
2596197.507828968 1266642.534447089 5678469.528867097 0.7499999998841087 0.6250000004895953
2565994.518329391 1572007.066605804 5615523.743556333 0.7499999998442988 0.6562500004344884
2529774.562434262 1870200.442157675 5540057.036657093 0.7499999998044886 0.6875000003867998
2487916.253835679 2160124.294559613 5452868.671254936 0.7499999997646785 0.7187500003919293
2440835.839856124 2440835.84648821 5354837.231267821 0.7499999997248685 0.7500000003618297
2388975.278992402 2711554.283612323 5246895.413802989 0.7499999996850581 0.7812500003223019
2332790.716073449 2971661.205319406 5130005.668203607 0.7499999996452482 0.8125000003114391
2272741.840500046 3220695.894043234 5005137.708848131 0.7499999996054383 0.8437500002370156
2209282.482932711 3458346.349857444 4873248.653109583 0.7499999995656281 0.8750000001945745
2142852.674753953 3684437.118282288 4735266.258165799 0.749999999525818 0.9062500001467005
2073872.265438969 3898914.954790855 4592075.456909573 0.7499999994860078 0.9375000000905878
2002736.090059155 4101833.277199938 4444508.175223642 0.7499999994461977 0.9687500000454945
2241178.107193369 -4044254.259062865 4383009.146680968 0.781250000572243 0.03125000003014147
2318261.672085879 -3839960.963953208 4524378.809853693 0.7812500005365374 0.06250000008458126
2392756.593731808 -3624734.63565564 4661078.813346898 0.7812500005008315 0.09375000013598805
2464256.034067699 -3398594.605386779 4792352.022420392 0.7812500004651254 0.1250000001843898
2532332.430379948 -3161658.733862227 4917402.516841457 0.7812500004294197 0.1562500002272534
2596542.645066414 -2914155.448867165 5035405.178552102 0.7812500003937136 0.1875000002404788
2656434.446714646 -2656434.44012794 5145517.767495319 0.7812500003580076 0.2187500002846987
2711554.283612324 -2388975.278992404 5246895.413802987 0.781250000322302 0.2500000003149416
2761456.222806341 -2112393.192848932 5338707.290002856 0.7812500002865962 0.28125000036359
2805711.824336606 -1827441.263525759 5420155.03349684 0.7812500002508899 0.3125000004384235
2843920.619033892 -1535008.408567503 5490492.300173176 0.781250000215184 0.3437500004741827
2875720.762774973 -1236112.67744265 5549044.651398156 0.7812500001794781 0.3750000004976757
2900799.365243799 -931889.6440880728 5595228.836593064 0.7812500001437721 0.4062500005376685
2918901.951240443 -623575.9707827708 5628570.45862509 0.7812500001080662 0.4375000005783691
2929840.513725363 -312488.5534006175 5648719.011256187 0.7812500000723602 0.4687500006213541
2933499.667756972 0.007197931249531865 5655459.371197863 0.7812500000366546 0.5000000007192797
2929840.5127863 312488.5666727557 5648719.011009037 0.7812500000009487 0.531250000705993
2918901.949404759 623575.9832284127 5628570.458198227 0.7812499999652428 0.5625000006689267
2900799.362560874 931889.6556633781 5595228.836056129 0.7812499999295369 0.593750000625573
2875720.759327374 1236112.68782659 5549044.65087169 0.7812499998938308 0.6250000005476699
2843920.614851159 1535008.418115363 5490492.299670366 0.7812499998581253 0.6562500004879399
2805711.81948078 1827441.272212249 5420155.033081722 0.7812499998224191 0.6875000004353423
2761456.217313765 2112393.200835159 5338707.289683949 0.7812499997867129 0.7187500004363717
2711554.277552776 2388975.286221628 5246895.413642961 0.7812499997510073 0.7500000004016398
2656434.440127938 2656434.446714648 5145517.767495319 0.7812499997153012 0.7812500003580077
2596542.637976113 2914155.454967234 5035405.178677955 0.7812499996795955 0.8125000003439049
2532332.422909661 3161658.739228297 4917402.517238326 0.7812499996438894 0.8437500002643256
2464256.026271112 3398594.610079916 4792352.02310121 0.7812499996081835 0.8750000002168665
2392756.585693897 3624734.639634129 4661078.814379233 0.7812499995724776 0.9062500001633295
2318261.663894619 3839960.967184352 4524378.811308484 0.7812499995367718 0.9375000001008917
2241178.098887241 4044254.261654365 4383009.148536959 0.7812499995010659 0.9687500000499436
2475541.103131742 -3980410.44051878 4314819.80756026 0.8125000005386994 0.03125000003459065
2557652.320518684 -3774820.722427334 4449582.465903803 0.8125000005062335 0.06250000009488532
2636714.314894019 -3558997.442499365 4579401.251901382 0.8125000004737679 0.09375000015261678
2712321.242760934 -3333030.336667375 4703601.093940975 0.8125000004413021 0.1250000002066818
2784051.93250982 -3097097.693282181 4821481.27812963 0.8125000004088365 0.1562500002545633
2851475.072391829 -2851475.065836878 4932324.083070636 0.8125000003763707 0.1875000002729445
2914155.454967234 -2596542.637976113 5035405.178677955 0.8125000003439048 0.2187500003204046
2971661.205319407 -2332790.716073449 5130005.668203606 0.8125000003114393 0.2500000003547517
3023571.852656169 -2060822.819330686 5215425.539603769 0.8125000002789735 0.2812500004080324
3069487.028181625 -1781355.890751047 5290998.164270262 0.8125000002465075 0.3125000004869661
3109035.502138522 -1495217.233100036 5356105.36418795 0.812500000214042 0.343750000527634
3141884.209799455 -1203337.909411754 5410192.46311861 0.8125000001815761 0.3750000005557506
3167746.870573849 -906742.529021809 5452782.661177018 0.8125000001491103 0.406250000602293
3186391.785644895 -606535.5402151655 5483490.040734152 0.8125000001166445 0.4375000006476632
3197648.409690048 -303884.3728739389 5502030.528443996 0.8125000000841787 0.4687500006950956
3201412.335810268 0.007776932782019699 5508230.21088642 0.8125000000517131 0.5000000007991996
3197648.408793706 303884.3872145783 5502030.528172875 0.8125000000192473 0.5312500007797345
3186391.783899078 606535.5536647639 5483490.040260949 0.8124999999867817 0.562500000738221
3167746.868031835 906742.5415329327 5452782.660573306 0.8124999999543157 0.5937500006901978
3141884.206551236 1203337.920635359 5410192.462508601 0.8124999999218498 0.6250000006057446
3109035.498212176 1495217.243418848 5356105.363586446 0.8124999998893845 0.6562500005413909
3069487.023641484 1781355.900135014 5290998.163744788 0.8124999998569185 0.6875000004838848
3023571.847536115 2060822.827952412 5215425.539165262 0.8124999998244526 0.7187500004808139
2971661.199691115 2332790.723868225 5130005.667919356 0.8124999997919868 0.75000000044145
2914155.448867165 2596542.645066413 5035405.178552102 0.8124999997595213 0.7812500003937136
2851475.065836877 2851475.072391827 4932324.083070637 0.8124999997270554 0.8125000003763705
2784051.925633053 3097097.699027259 4821481.278410085 0.8124999996945896 0.8437500002916355
2712321.235613987 3333030.341667201 4703601.094519309 0.8124999996621241 0.8750000002391584
2636714.307565172 3558997.446705026 4579401.252852628 0.8124999996296582 0.9062500001799578
2557652.313100059 3774820.725799602 4449582.467307206 0.8124999995971924 0.9375000001111957
2475541.095657194 3980410.44317542 4314819.809397889 0.8124999995647266 0.9687500000543927
2705436.171235174 -3910461.828300551 4240111.367968614 0.8437500004281853 0.03125000003903981
2791613.958251213 -3703721.771429822 4367948.894839972 0.8437500004008752 0.06250000010518936
2874264.33782948 -3487516.875236974 4490598.129561249 0.8437500003735654 0.09375000016924553
2952996.163150493 -3262002.0165037 4607471.921210618 0.8437500003462554 0.1250000002289738
3027408.932570452 -3027408.926588166 4717968.985295148 0.8437500003189454 0.1562500002818732
3097097.699027261 -2784051.925633054 4821481.278410083 0.8437500002916355 0.1875000003054103
3161658.739228297 -2532332.422909659 4917402.517238326 0.8437500002643255 0.2187500003561105
3220695.894043233 -2272741.840500045 5005137.708848133 0.8437500002370155 0.2500000003945619
3273827.445232022 -2005862.628629339 5084113.489480125 0.8437500002097055 0.2812500004524747
3320693.342468548 -1732367.094859434 5153788.991987676 0.8437500001823958 0.3125000005355087
3360962.552189152 -1453013.832771299 5213666.8981205 0.8437500001550857 0.3437500005810852
3394340.263312635 -1168641.632803017 5263304.276871536 0.843750000127776 0.3750000006138253
3420574.66154811 -880160.8802579087 5302322.774939174 0.843750000100466 0.4062500006669176
3439462.979560763 -588542.5707202097 5330417.718592142 0.8437500000731559 0.4375000007169575
3450856.543923645 -294805.2092925743 5347365.706760041 0.8437500000458461 0.4687500007688372
3454664.574125586 0.008298432766275003 5353030.326859889 0.8437500000185362 0.5000000008791197
3450856.543098789 294805.2245948103 5347365.706448724 0.8437499999912262 0.531250000853476
3439462.977961862 588542.5850707581 5330417.718039361 0.8437499999639163 0.5625000008075154
3420574.659231914 880160.8936041843 5302322.774217953 0.8437499999366064 0.5937500007548221
3394340.26037582 1168641.644768445 5263304.276108757 0.8437499999092964 0.6250000006638194
3360962.548658425 1453013.843761486 5213666.897333674 0.8437499998819862 0.6562500005948424
3320693.338410318 1732367.104838027 5153788.991248327 0.8437499998546766 0.6875000005324273
3273827.440677856 2005862.63777789 5084113.488803274 0.8437499998273665 0.7187500005252563
3220695.889066513 2272741.848745009 5005137.708306652 0.8437499998000567 0.7500000004812599
3161658.733862225 2532332.430379948 4917402.516841457 0.8437499997727466 0.7812500004294197
3097097.69328218 2784051.932509819 4821481.278129631 0.8437499997454369 0.8125000004088365
3027408.926588168 3027408.932570451 4717968.985295148 0.843749999718127 0.8437500003189453
2952996.156980325 3262002.021659333 4607471.92151508 0.843749999690817 0.8750000002614503
2874264.331562507 3487516.879510012 4490598.130253952 0.8437499996635068 0.9062500001965869
2791613.951983159 3703721.774774733 4367948.896009713 0.8437499996361971 0.9375000001214999
2705436.164994685 3910461.830845606 4240111.369603218 0.843749999608887 0.968750000058842
2930492.672715949 -3834580.492108429 4159067.941822977 0.8750000003506185 0.03125000004348899
3019750.067854841 -3626904.978823225 4279755.927886307 0.8750000003283266 0.06250000011549342
3104996.369028593 -3410597.16618801 4395050.115562913 0.8750000003060346 0.09375000018587429
3185869.010431346 -3185869.005168309 4504455.386645658 0.8750000002837423 0.1250000002512658
3262002.021659332 -2952996.156980323 4607471.92151508 0.8750000002614503 0.1562500003091832
3333030.341667201 -2712321.235613988 4703601.094519309 0.8750000002391584 0.187500000337876
3398594.610079915 -2464256.026271111 4792352.023101212 0.8750000002168662 0.2187500003918166
3458346.349857443 -2209282.482932711 4873248.653109583 0.8750000001945745 0.2500000004343718
3511953.428314376 -1947952.323320185 4945837.225730582 0.8750000001722825 0.281250000496917
3559105.653601381 -1680885.084854943 5009693.930572494 0.8750000001499904 0.3125000005840513
3599520.342507386 -1408764.547832935 5064432.520297271 0.8750000001276984 0.3437500006345365
3632947.677981198 -1132333.494471803 5109711.638277476 0.8750000001054065 0.3750000006719001
3659175.665905294 -852386.847633679 5145241.598606197 0.8750000000831143 0.4062500007315421
3678034.503767861 -569763.3027905059 5170790.362012983 0.8750000000608222 0.4375000007862517
3689400.186705332 -285335.6419491898 5186188.468786311 0.8750000000385302 0.4687500008425787
3693197.200470497 0.008761399276820875 5191332.722763672 0.8750000000162385 0.5000000009590397
3689400.185945589 285335.6581053151 5186188.468437901 0.8749999999939463 0.5312500009272174
3678034.502302618 569763.3179415821 5170790.361385746 0.8749999999716543 0.5625000008768095
3659175.663794374 852386.861722516 5145241.597773408 0.8749999999493624 0.5937500008194468
3632947.675327261 1132333.507096745 5109711.637366655 0.8749999999270702 0.6250000007218943
3599520.339336234 1408764.559419493 5064432.51932814 0.8749999999047782 0.6562500006482936
3559105.649981649 1680885.095360258 5009693.929619297 0.8749999998824863 0.6875000005809698
3511953.424276097 1947952.332933096 4945837.224811984 0.8749999998601938 0.7187500005696984
3458346.345476207 2209282.491570533 4873248.65230282 0.8749999998379022 0.7500000005210699
3398594.605386779 2464256.0340677 4792352.022420391 0.8749999998156102 0.7812500004651254
3333030.336667375 2712321.242760934 4703601.093940975 0.8749999997933181 0.8125000004413021
3262002.016503699 2952996.163150493 4607471.921210618 0.8749999997710262 0.8437500003462554
3185869.005168308 3185869.010431348 4504455.386645658 0.8749999997487342 0.8750000002837425
3104996.363753219 3410597.170479877 4395050.115959311 0.8749999997264423 0.9062500002132156
3019750.062667833 3626904.982090818 4279755.928777062 0.8749999997041501 0.9375000001318039
2930492.667642546 3834580.49448919 4159067.943202697 0.8749999996818582 0.9687500000632912
3150359.147855693 -3752949.346840288 4071885.243910122 0.9062500002631019 0.03125000004793815
3241698.738859064 -3544622.043475313 4185293.879214272 0.9062500002464732 0.06250000012579748
3328551.585638939 -3328551.581428047 4293149.160175237 0.9062500002298443 0.09375000020250304
3410597.170479876 -3104996.363753219 4395050.115959312 0.9062500002132154 0.1250000002735578
3487516.879510012 -2874264.331562508 4490598.13025395 0.9062500001965869 0.1562500003364931
3558997.446705028 -2636714.307565171 4579401.252852626 0.9062500001799582 0.1875000003703418
3624734.639634129 -2392756.585693897 4661078.814379234 0.9062500001633294 0.2187500004275224
3684437.118282289 -2142852.674753953 4735266.258165799 0.9062500001467008 0.250000000474182
3737830.386131824 -1887514.115085684 4801620.088039237 0.9062500001300718 0.2812500005413593
3784660.737958494 -1627300.319940678 4859822.812333433 0.9062500001134431 0.3125000006325938
3824699.101385581 -1362815.416186238 4909587.755124198 0.9062500000968146 0.3437500006879878
3857744.663140399 -1094704.093835215 4950663.598039377 0.9062500000801856 0.3750000007299749
3883628.169565454 -823646.5148791096 4982838.514249201 0.906250000063557 0.4062500007961666
3902214.796340183 -550352.3643437182 5005943.762996647 0.9062500000469284 0.4375000008555459
3913406.491783947 -275554.1621317305 5019856.624824572 0.9062500000302994 0.4687500009163201
3917143.712622741 0.009165466220628578 5024502.575843715 0.9062500000136705 0.5000000010389596
3913406.491094823 275554.1790328509 5019856.624434052 0.906249999997042 0.5312500010009589
3902214.795019008 550352.380192259 5005943.762284139 0.906249999980413 0.5625000009461036
3883628.16767464 823646.5296129073 4982838.513287454 0.9062499999637843 0.5937500008840711
3857744.660787718 1094704.107029268 4950663.596955169 0.9062499999471557 0.625000000779969
3824699.09859632 1362815.428282265 4909587.753939461 0.906249999930527 0.6562500007017449
3784660.734803529 1627300.33088858 4859822.811124531 0.9062499999138984 0.6875000006295126
3737830.382640357 1887514.12507946 4801620.086828629 0.9062499998972696 0.7187500006141406
3684437.11453237 2142852.683701245 4735266.257034631 0.9062499998806407 0.7500000005608802
3624734.63565564 2392756.593731808 4661078.813346898 0.906249999864012 0.7812500005008315
3558997.442499365 2636714.314894017 4579401.251901383 0.906249999847383 0.8125000004737677
3487516.875236975 2874264.33782948 4490598.129561249 0.9062499998307546 0.8437500003735653
3410597.166188011 3104996.36902859 4395050.115562913 0.9062499998141257 0.8750000003060344
3328551.581428048 3328551.585638939 4293149.160175237 0.906249999797497 0.9062500002298443
3241698.734835655 3544622.046560223 4185293.879717902 0.9062499997808683 0.9375000001421079
3150359.144043026 3752949.348944859 4071885.244920202 0.9062499997642394 0.9687500000677403
3364704.014821477 -3665760.911428015 3978769.261076933 0.937500000162716 0.03125000005238733
3457133.038121883 -3457133.035332945 4084862.706718032 0.9375000001524119 0.06250000013610152
3544622.046560225 -3241698.734835654 4185293.879717901 0.937500000142108 0.09375000021913177
3626904.982090816 -3019750.062667833 4279755.928777064 0.9375000001318037 0.1250000002958498
3703721.774774733 -2791613.951983158 4367948.896009713 0.9375000001214997 0.156250000363803
3774820.725799603 -2557652.313100058 4449582.467307206 0.9375000001111957 0.1875000004028076
3839960.967184352 -2318261.663894618 4524378.811308484 0.9375000001008917 0.2187500004632283
3898914.954790856 -2073872.26543897 4592075.456909573 0.9375000000905878 0.2500000005139921
3951470.948406515 -1824946.738351905 4652428.155928694 0.9375000000802836 0.2812500005858016
3997435.426730623 -1571978.155734685 4705213.670707415 0.9375000000699796 0.3125000006811364
4036635.384810316 -1315487.616168096 4750232.426082502 0.9375000000596754 0.343750000741439
4068920.460478009 -1056021.316122072 4787310.964017194 0.9375000000493714 0.3750000007880496
4094164.837352777 -794147.1603170868 4816304.140349155 0.9375000000390674 0.4062500008607912
4112268.876472063 -530450.9589423412 4837097.008305328 0.9375000000287634 0.4375000009248401
4123160.433878646 -265532.2735832775 4849606.339506676 0.9375000000184592 0.4687500009900616
4126795.828389239 0.009510822589758895 4853781.741157011 0.9375000000081553 0.5000000011188794
4123160.433264702 265532.2911207732 4849606.339068419 0.9374999999978513 0.5312500010747003
4112268.875303437 530450.9753853393 4837097.007495646 0.9374999999875471 0.562500001015398
4094164.835693958 794147.1755980032 4816304.139239629 0.9374999999772431 0.5937500009486957
4068920.458440922 1056021.329794263 4787310.962732675 0.9374999999669389 0.6250000008380436
4036635.382420179 1315487.628685732 4750232.424647059 0.9374999999566349 0.6562500007551961
3997435.424060533 1571978.167039679 4705213.669198941 0.9374999999463307 0.6875000006780551
3951470.945485615 1824946.748641221 4652428.154373461 0.937499999936027 0.7187500006585833
3898914.95169994 2073872.274609985 4592075.45539211 0.9374999999257227 0.7500000006006902
3839960.96395321 2318261.672085876 4524378.809853695 0.9374999999154188 0.7812500005365371
3774820.722427332 2557652.320518686 4449582.465903803 0.9374999999051146 0.8125000005062337
3703721.771429822 2791613.958251213 4367948.894839973 0.9374999998948106 0.8437500004008752
3626904.978823224 3019750.06785484 4279755.927886308 0.9374999998845064 0.8750000003283266
3544622.043475313 3241698.738859063 4185293.879214272 0.9374999998742026 0.9062500002464732
3457133.035332945 3457133.038121885 4084862.706718033 0.9374999998638984 0.9375000001524121
3364704.0123516 3665760.913135069 3978769.26159286 0.9374999998535944 0.9687500000721896
3573216.062245665 -3573216.060961522 3879934.916231999 0.9687500000766386 0.03125000005683651
3665760.913135069 -3364704.0123516 3978769.26159286 0.9687500000721896 0.06250000014640558
3752949.348944859 -3150359.144043027 4071885.244920201 0.9687500000677403 0.09375000023576049
3834580.494489189 -2930492.667642547 4159067.943202697 0.9687500000632909 0.1250000003181418
3910461.830845605 -2705436.164994687 4240111.369603219 0.9687500000588418 0.1562500003911129
3980410.443175421 -2475541.095657194 4314819.809397888 0.9687500000543929 0.1875000004352733
4044254.261654368 -2241178.098887239 4383009.14853696 0.9687500000499438 0.2187500004989343
4101833.277199937 -2002736.090059157 4444508.17522364 0.9687500000454945 0.2500000005538021
4153000.714921927 -1760621.148889565 4499159.836229511 0.9687500000410452 0.2812500006302439
4197624.14585731 -1515255.208270277 4546822.427138043 0.9687500000365961 0.3125000007296789
4235586.519487595 -1267074.550731787 4587370.697776974 0.968750000032147 0.3437500007948903
4266787.099608957 -1016528.124742347 4620696.854178858 0.9687500000276978 0.3750000008461243
4291142.286771595 -764075.7006995777 4646711.439101969 0.9687500000232485 0.4062500009254157
4308586.312958019 -510185.8862082568 4665344.075768123 0.9687500000187994 0.4375000009941343
4319071.795974506 -255334.0222967317 4676544.061406386 0.9687500000143503 0.4687500010638032
4322570.142921263 0.009798104410983704 4680280.799217677 0.9687500000099012 0.5000000011987995
4319071.795425449 255334.0403638368 4676544.060927029 0.9687500000054519 0.5312500011484418
4308586.311920649 510185.9031465527 4665344.074873852 0.968750000001003 0.5625000010846923
4291142.285311811 764075.7164369692 4646711.437862294 0.9687499999965536 0.5937500010133202
4266787.097841659 1016528.138813563 4620696.852715204 0.9687499999921043 0.6250000008961185
4235586.517438152 1267074.563600889 4587370.696114688 0.9687499999876554 0.6562500008086474
4197624.14360076 1515255.219871492 4546822.425355117 0.9687499999832061 0.6875000007265978
4153000.71248784 1760621.15942145 4499159.834354962 0.9687499999787568 0.7187500007030255
4101833.274671857 2002736.099408899 4444508.173343726 0.9687499999743077 0.7500000006405003
4044254.259062863 2241178.10719337 4383009.146680968 0.9687499999698586 0.7812500005722433
3980410.440518779 2475541.103131743 4314819.807560262 0.9687499999654092 0.8125000005386993
3910461.82830055 2705436.171235175 4240111.367968615 0.9687499999609601 0.8437500004281852
3834580.492108428 2930492.672715949 4159067.941822977 0.968749999956511 0.8750000003506185
3752949.346840291 3150359.147855693 4071885.243910122 0.9687499999520621 0.9062500002631019
3665760.911428015 3364704.014821476 3978769.261076934 0.9687499999476128 0.9375000001627158
3573216.060961522 3573216.062245665 3879934.916231998 0.9687499999431635 0.9687500000766385
2 3 1 961
2303
2304
2305
2306
2307
2308
2309
2310
2311
2312
2313
2314
2315
2316
2317
2318
2319
2320
2321
2322
2323
2324
2325
2326
2327
2328
2329
2330
2331
2332
2333
2334
2335
2336
2337
2338
2339
2340
2341
2342
2343
2344
2345
2346
2347
2348
2349
2350
2351
2352
2353
2354
2355
2356
2357
2358
2359
2360
2361
2362
2363
2364
2365
2366
2367
2368
2369
2370
2371
2372
2373
2374
2375
2376
2377
2378
2379
2380
2381
2382
2383
2384
2385
2386
2387
2388
2389
2390
2391
2392
2393
2394
2395
2396
2397
2398
2399
2400
2401
2402
2403
2404
2405
2406
2407
2408
2409
2410
2411
2412
2413
2414
2415
2416
2417
2418
2419
2420
2421
2422
2423
2424
2425
2426
2427
2428
2429
2430
2431
2432
2433
2434
2435
2436
2437
2438
2439
2440
2441
2442
2443
2444
2445
2446
2447
2448
2449
2450
2451
2452
2453
2454
2455
2456
2457
2458
2459
2460
2461
2462
2463
2464
2465
2466
2467
2468
2469
2470
2471
2472
2473
2474
2475
2476
2477
2478
2479
2480
2481
2482
2483
2484
2485
2486
2487
2488
2489
2490
2491
2492
2493
2494
2495
2496
2497
2498
2499
2500
2501
2502
2503
2504
2505
2506
2507
2508
2509
2510
2511
2512
2513
2514
2515
2516
2517
2518
2519
2520
2521
2522
2523
2524
2525
2526
2527
2528
2529
2530
2531
2532
2533
2534
2535
2536
2537
2538
2539
2540
2541
2542
2543
2544
2545
2546
2547
2548
2549
2550
2551
2552
2553
2554
2555
2556
2557
2558
2559
2560
2561
2562
2563
2564
2565
2566
2567
2568
2569
2570
2571
2572
2573
2574
2575
2576
2577
2578
2579
2580
2581
2582
2583
2584
2585
2586
2587
2588
2589
2590
2591
2592
2593
2594
2595
2596
2597
2598
2599
2600
2601
2602
2603
2604
2605
2606
2607
2608
2609
2610
2611
2612
2613
2614
2615
2616
2617
2618
2619
2620
2621
2622
2623
2624
2625
2626
2627
2628
2629
2630
2631
2632
2633
2634
2635
2636
2637
2638
2639
2640
2641
2642
2643
2644
2645
2646
2647
2648
2649
2650
2651
2652
2653
2654
2655
2656
2657
2658
2659
2660
2661
2662
2663
2664
2665
2666
2667
2668
2669
2670
2671
2672
2673
2674
2675
2676
2677
2678
2679
2680
2681
2682
2683
2684
2685
2686
2687
2688
2689
2690
2691
2692
2693
2694
2695
2696
2697
2698
2699
2700
2701
2702
2703
2704
2705
2706
2707
2708
2709
2710
2711
2712
2713
2714
2715
2716
2717
2718
2719
2720
2721
2722
2723
2724
2725
2726
2727
2728
2729
2730
2731
2732
2733
2734
2735
2736
2737
2738
2739
2740
2741
2742
2743
2744
2745
2746
2747
2748
2749
2750
2751
2752
2753
2754
2755
2756
2757
2758
2759
2760
2761
2762
2763
2764
2765
2766
2767
2768
2769
2770
2771
2772
2773
2774
2775
2776
2777
2778
2779
2780
2781
2782
2783
2784
2785
2786
2787
2788
2789
2790
2791
2792
2793
2794
2795
2796
2797
2798
2799
2800
2801
2802
2803
2804
2805
2806
2807
2808
2809
2810
2811
2812
2813
2814
2815
2816
2817
2818
2819
2820
2821
2822
2823
2824
2825
2826
2827
2828
2829
2830
2831
2832
2833
2834
2835
2836
2837
2838
2839
2840
2841
2842
2843
2844
2845
2846
2847
2848
2849
2850
2851
2852
2853
2854
2855
2856
2857
2858
2859
2860
2861
2862
2863
2864
2865
2866
2867
2868
2869
2870
2871
2872
2873
2874
2875
2876
2877
2878
2879
2880
2881
2882
2883
2884
2885
2886
2887
2888
2889
2890
2891
2892
2893
2894
2895
2896
2897
2898
2899
2900
2901
2902
2903
2904
2905
2906
2907
2908
2909
2910
2911
2912
2913
2914
2915
2916
2917
2918
2919
2920
2921
2922
2923
2924
2925
2926
2927
2928
2929
2930
2931
2932
2933
2934
2935
2936
2937
2938
2939
2940
2941
2942
2943
2944
2945
2946
2947
2948
2949
2950
2951
2952
2953
2954
2955
2956
2957
2958
2959
2960
2961
2962
2963
2964
2965
2966
2967
2968
2969
2970
2971
2972
2973
2974
2975
2976
2977
2978
2979
2980
2981
2982
2983
2984
2985
2986
2987
2988
2989
2990
2991
2992
2993
2994
2995
2996
2997
2998
2999
3000
3001
3002
3003
3004
3005
3006
3007
3008
3009
3010
3011
3012
3013
3014
3015
3016
3017
3018
3019
3020
3021
3022
3023
3024
3025
3026
3027
3028
3029
3030
3031
3032
3033
3034
3035
3036
3037
3038
3039
3040
3041
3042
3043
3044
3045
3046
3047
3048
3049
3050
3051
3052
3053
3054
3055
3056
3057
3058
3059
3060
3061
3062
3063
3064
3065
3066
3067
3068
3069
3070
3071
3072
3073
3074
3075
3076
3077
3078
3079
3080
3081
3082
3083
3084
3085
3086
3087
3088
3089
3090
3091
3092
3093
3094
3095
3096
3097
3098
3099
3100
3101
3102
3103
3104
3105
3106
3107
3108
3109
3110
3111
3112
3113
3114
3115
3116
3117
3118
3119
3120
3121
3122
3123
3124
3125
3126
3127
3128
3129
3130
3131
3132
3133
3134
3135
3136
3137
3138
3139
3140
3141
3142
3143
3144
3145
3146
3147
3148
3149
3150
3151
3152
3153
3154
3155
3156
3157
3158
3159
3160
3161
3162
3163
3164
3165
3166
3167
3168
3169
3170
3171
3172
3173
3174
3175
3176
3177
3178
3179
3180
3181
3182
3183
3184
3185
3186
3187
3188
3189
3190
3191
3192
3193
3194
3195
3196
3197
3198
3199
3200
3201
3202
3203
3204
3205
3206
3207
3208
3209
3210
3211
3212
3213
3214
3215
3216
3217
3218
3219
3220
3221
3222
3223
3224
3225
3226
3227
3228
3229
3230
3231
3232
3233
3234
3235
3236
3237
3238
3239
3240
3241
3242
3243
3244
3245
3246
3247
3248
3249
3250
3251
3252
3253
3254
3255
3256
3257
3258
3259
3260
3261
3262
3263
-3573216.061295989 -3879934.916634906 -3573216.061473705 0.03125000006128567 0.03125000004281375
-3665760.91215108 -3978769.261942518 -3364704.01301016 0.03125000006128567 0.06250000010892998
-3752949.347963278 -4071885.245252271 -3150359.144783157 0.03125000006128567 0.0937500001847925
-3834580.493642013 -4159067.943654704 -2930492.66810958 0.03125000006128567 0.1250000003035794
-3910461.830137848 -4240111.370177194 -2705436.165118117 0.03125000006128567 0.1562500004205225
-3980410.442561285 -4314819.810041714 -2475541.095522485 0.03125000006128567 0.1875000004950058
-4044254.261069407 -4383009.14917874 -2241178.098687698 0.03125000006128566 0.2187500005621105
-4101833.276683843 -4444508.175902853 -2002736.089608857 0.03125000006128567 0.2500000006443777
-4153000.714427914 -4499159.836893421 -1760621.148358275 0.03125000006128566 0.2812500007256593
-4197624.145360885 -4546822.427757904 -1515255.207785481 0.03125000006128566 0.312500000813781
-4235586.519005977 -4587370.698368768 -1267074.550199189 0.03125000006128566 0.3437500008799181
-4266787.099174764 -4620696.854775207 -1016528.123854087 0.03125000006128567 0.3750000009705468
-4291142.286332649 -4646711.439645107 -764075.6998616676 0.03125000006128566 0.4062500010389248
-4308586.312543604 -4665344.076287511 -510185.8849585707 0.03125000006128566 0.4375000011540361
-4319071.795550034 -4676544.061863462 -255334.0211052622 0.03125000006128566 0.4687500012127609
-4322570.142490724 -4680280.79961531 0.0111729278828896 0.03125000006128566 0.5000000013670094
-4319071.794985321 -4676544.061260268 255334.0417053835 0.03125000006128566 0.5312500013100503
-4308586.311480639 -4665344.075152112 510185.9043179673 0.03125000006128566 0.5625000012235621
-4291142.284879426 -4646711.438092865 764075.7174630669 0.03125000006128566 0.5937500011330162
-4266787.097405565 -4620696.85288547 1016528.139870067 0.03125000006128566 0.6250000010189025
-4235586.516954426 -4587370.696177463 1267074.564990622 0.03125000006128564 0.6562500009731669
-4197624.143098131 -4546822.425341027 1515255.221306174 0.03125000006128564 0.6875000008978924
-4153000.712000708 -4499159.834300918 1760621.160708614 0.03125000006128564 0.718750000857315
-4101833.27419894 -4444508.173248756 2002736.100588243 0.03125000006128566 0.750000000783163
-4044254.258617639 -4383009.146560073 2241178.10823322 0.03125000006128564 0.7812500006993567
-3980410.440120733 -4314819.807435067 2475541.103989971 0.03125000006128564 0.812500000644605
-3910461.827958704 -4240111.367849784 2705436.171915519 0.03125000006128564 0.8437500005130391
-3834580.491910864 -4159067.941805806 2930492.672998835 0.03125000006128564 0.8750000003830568
-3752949.346736971 -4071885.243942579 3150359.147936823 0.03125000006128564 0.9062500002690315
-3665760.911218944 -3978769.260947022 3364704.015202873 0.03125000006128564 0.9375000002150854
-3573216.060856974 -3879934.91616606 3573216.062421812 0.03125000006128564 0.9687500001013651
-3364704.012630778 -3978769.26202499 -3665760.912409791 0.06250000015670962 0.03125000004281375
-3457133.035945785 -4084862.707650171 -3457133.036407651 0.06250000015670962 0.06250000010892998
-3544622.044437444 -4185293.880669287 -3241698.735928486 0.06250000015670962 0.09375000018479251
-3626904.980153026 -4279755.929889765 -3019750.063418256 0.06250000015670962 0.1250000003035794
-3703721.77302619 -4367948.897279783 -2791613.952315769 0.06250000015670965 0.1562500004205225
-3774820.724194244 -4449582.468673168 -2557652.313093014 0.06250000015670965 0.1875000004950058
-3839960.965651734 -4524378.812681166 -2318261.66375428 0.06250000015670965 0.2187500005621105
-3898914.953372224 -4592075.458328387 -2073872.26496441 0.06250000015670965 0.2500000006443777
-3951470.947053055 -4652428.157330009 -1824946.737710042 0.06250000015670962 0.2812500007256591
-3997435.42541395 -4705213.672051484 -1571978.155059857 0.06250000015670965 0.3125000008137811
-4036635.383546605 -4750232.427381189 -1315487.61535629 0.06250000015670965 0.343750000879918
-4068920.459297771 -4787310.965299331 -1056021.314857241 0.06250000015670965 0.3750000009705468
-4094164.836200325 -4816304.1415451 -794147.1590053614 0.06250000015670965 0.4062500010389248
-4112268.875372967 -4837097.009439305 -530450.957122415 0.06250000015670965 0.4375000011540361
-4123160.432793917 -4849606.340529343 -265532.2717491823 0.06250000015670962 0.4687500012127608
-4126795.827320202 -4853781.742065929 0.01162000425583642 0.06250000015670965 0.5000000013670094
-4123160.432207142 -4849606.339855411 265532.2931690606 0.06250000015670965 0.5312500013100503
-4112268.874269191 -4837097.008171588 530450.9772394301 0.06250000015670965 0.5625000012235621
-4094164.834692923 -4816304.139813832 794147.1772763594 0.06250000015670965 0.593750001133016
-4068920.45746534 -4787310.963194806 1056021.331458258 0.06250000015670965 0.6250000010189026
-4036635.38142575 -4750232.424945479 1315487.630659589 0.06250000015670965 0.6562500009731667
-3997435.42308009 -4705213.669371234 1571978.169017175 0.06250000015670965 0.6875000008978924
-3951470.944556219 -4652428.154462704 1824946.750426093 0.06250000015670965 0.718750000857315
-3898914.950823717 -4592075.455401872 2073872.276235684 0.06250000015670965 0.750000000783163
-3839960.9631456 -4524378.809803455 2318261.673521648 0.06250000015670965 0.7812500006993568
-3774820.721708662 -4449582.465819215 2557652.321726525 0.06250000015670965 0.8125000006446051
-3703721.770815546 -4367948.89474167 2791613.959220002 0.06250000015670965 0.8437500005130388
-3626904.978404189 -4279755.927882001 3019750.06836423 0.06250000015670965 0.8750000003830568
-3544622.043204061 -4185293.879253395 3241698.739105153 0.06250000015670965 0.9062500002690315
-3457133.035012582 -4084862.706578964 3457133.038606567 0.06250000015670965 0.9375000002150853
-3364704.012193353 -3978769.26152292 3665760.913356231 0.06250000015670965 0.9687500001013651
-3150359.144258167 -4071885.24537875 -3752949.348266745 0.09375000025238928 0.03125000004281375
-3241698.735319018 -4185293.880710929 -3544622.044945657 0.09375000025238925 0.06250000010892998
-3328551.582198285 -4293149.161735215 -3328551.58285665 0.09375000025238925 0.09375000018479251
-3410597.167270105 -4395050.117729395 -3104996.36477339 0.09375000025238926 0.1250000003035794
-3487516.876536063 -4490598.132224048 -2874264.332093003 0.09375000025238929 0.1562500004205225
-3558997.443922508 -4579401.254951699 -2636714.307675341 0.09375000025238928 0.1875000004950058
-3624734.636968561 -4661078.816499279 -2392756.58560207 0.09375000025238925 0.2187500005621105
-3684437.115777287 -4735266.260346057 -2142852.674243148 0.09375000025238925 0.2500000006443777
-3737830.383738176 -4801620.090204213 -1887514.114318357 0.09375000025238926 0.2812500007256592
-3784660.735645124 -4859822.81443086 -1627300.319057128 0.09375000025238926 0.312500000813781
-3824699.099168302 -4909587.757160877 -1362815.415071754 0.09375000025238925 0.3437500008799181
-3857744.661047978 -4950663.600039081 -1094704.092165506 0.09375000025238925 0.3750000009705468
-3883628.167539909 -4982838.516128839 -823646.5130585843 0.09375000025238925 0.4062500010389247
-3902214.794403475 -5005943.764773529 -550352.361913419 0.09375000025238925 0.4375000011540361
-3913406.489893446 -5019856.626436812 -275554.1596098646 0.09375000025238925 0.4687500012127608
-3917143.710777443 -5024502.577282324 0.0120594478927128 0.09375000025238922 0.5000000013670094
-3913406.489290304 -5019856.625687013 275554.1818349649 0.09375000025238925 0.5312500013100503
-3902214.793269658 -5005943.763364047 550352.3827731198 0.09375000025238925 0.5625000012235621
-3883628.165993171 -4982838.514206101 823646.5319837471 0.09375000025238922 0.593750001133016
-3857744.659170577 -4950663.597705397 1094704.10933528 0.09375000025238925 0.6250000010189026
-3824699.096999577 -4909587.754465211 1362815.430869444 0.09375000025238925 0.6562500009731665
-3784660.733264101 -4859822.81147151 1627300.333432641 0.09375000025238925 0.6875000008978924
-3737830.381197708 -4801620.087046938 1887514.12738097 0.09375000025238925 0.718750000857315
-3684437.113192091 -4735266.25713348 2142852.685787295 0.09375000025238922 0.750000000783163
-3624734.634434843 -4661078.813350992 2392756.59557319 0.09375000025238925 0.7812500006993568
-3558997.441418697 -4579401.251840922 2636714.316457693 0.09375000025238925 0.812500000644605
-3487516.874317872 -4490598.129468469 2874264.339089637 0.09375000025238925 0.8437500005130391
-3410597.165522524 -4395050.115558734 3104996.369765492 0.09375000025238922 0.8750000003830568
-3328551.580971107 -4293149.160211167 3328551.586049537 0.09375000025238922 0.9062500002690315
-3241698.73439467 -4185293.879563149 3544622.047146244 0.09375000025238925 0.9375000002150855
-3150359.143826893 -4071885.244843319 3752949.349209705 0.09375000025238922 0.9687500001013651
-2930492.66779328 -4159067.943681104 -3834580.493855104 0.1250000003404338 0.03125000004281375
-3019750.063019291 -4279755.929817003 -3626904.980571064 0.1250000003404339 0.06250000010892998
-3104996.364325647 -4395050.1176027 -3410597.167840993 0.1250000003404339 0.09375000018479249
-3185869.00599186 -4504455.388946683 -3185869.006354408 0.1250000003404339 0.1250000003035794
-3262002.017489923 -4607471.9240617 -2952996.15761261 0.1250000003404338 0.1562500004205225
-3333030.33772679 -4703601.09723164 -2712321.235752536 0.1250000003404339 0.1875000004950058
-3398594.606292008 -4792352.025851878 -2464256.026145879 0.1250000003404338 0.2187500005621105
-3458346.346268695 -4873248.65593853 -2209282.482310324 0.1250000003404339 0.2500000006443777
-3511953.42487694 -4945837.228550601 -1947952.322357516 0.1250000003404339 0.2812500007256591
-3559105.650282951 -5009693.933318365 -1680885.083697616 0.1250000003404338 0.3125000008137811
-3599520.339324332 -5064432.522970813 -1408764.546354687 0.1250000003404339 0.343750000879918
-3632947.674961171 -5109711.640897092 -1132333.492340028 0.1250000003404339 0.3750000009705468
-3659175.662989637 -5145241.601074809 -852386.845248961 0.1250000003404339 0.4062500010389248
-3678034.500975416 -5170790.3643401 -569763.2996974278 0.1250000003404339 0.4375000011540361
-3689400.183991031 -5186188.470896573 -285335.6386896255 0.1250000003404339 0.4687500012127608
-3693197.197831659 -5191332.724640983 0.01248844615298383 0.1250000003404339 0.5000000013670094
-3689400.183378309 -5186188.470066449 285335.6617002776 0.1250000003404339 0.5312500013100503
-3678034.499824357 -5170790.36278068 569763.3212801917 0.1250000003404339 0.5625000012235621
-3659175.661421113 -5145241.598949925 852386.864808803 0.1250000003404339 0.593750001133016
-3632947.673060238 -5109711.638322064 1132333.510058879 0.1250000003404339 0.6250000010189026
-3599520.337132672 -5064432.520002222 1408764.562626504 0.1250000003404339 0.6562500009731669
-3559105.647882336 -5009693.930067088 1680885.098470752 0.1250000003404339 0.6875000008978924
-3511953.422322438 -4945837.225091341 1947952.335746053 0.1250000003404339 0.718750000857315
-3458346.343677053 -4873248.652429476 2209282.494107499 0.1250000003404339 0.750000000783163
-3398594.603760398 -4792352.022424662 2464256.036302427 0.1250000003404339 0.7812500006993568
-3333030.335234033 -4703601.09385763 2712321.244666828 0.1250000003404339 0.8125000006446051
-3262002.01528997 -4607471.921084594 2952996.164687859 0.1250000003404339 0.8437500005130388
-3185869.004265626 -4504455.386611147 3185869.011382825 0.1250000003404339 0.8750000003830568
-3104996.363118543 -4395050.115969908 3410597.171044027 0.1250000003404339 0.9062500002690315
-3019750.062113999 -4279755.928592763 3626904.982769412 0.1250000003404339 0.9375000002150855
-2930492.667372768 -4159067.943112592 3834580.494793091 0.1250000003404339 0.9687500001013651
-2705436.165081498 -4240111.370094975 -3910461.830252334 0.1562500004184229 0.03125000004281375
-2791613.952202134 -4367948.897082437 -3703721.773344579 0.1562500004184229 0.06250000010892998
-2874264.331934053 -4490598.131958579 -3487516.877008886 0.1562500004184229 0.09375000018479251
-2952996.157538137 -4607471.923920811 -3262002.017756344 0.1562500004184228 0.1250000003035794
-3027408.927250217 -4717968.988297607 -3027408.927229313 0.1562500004184228 0.1562500004205225
-3097097.69396276 -4821481.281616927 -2784051.925713339 0.1562500004184229 0.1875000004950058
-3161658.734343059 -4917402.520502454 -2532332.422670522 0.1562500004184229 0.2187500005621105
-3220695.889387356 -5005137.71221115 -2272741.83969168 0.1562500004184229 0.2500000006443777
-3273827.44076071 -5084113.492843519 -2005862.627402147 0.1562500004184229 0.2812500007256591
-3320693.33814977 -5153788.995273059 -1732367.093363887 0.1562500004184229 0.3125000008137812
-3360962.548040688 -5213666.90132496 -1453013.830868942 0.1562500004184229 0.343750000879918
-3394340.259361682 -5263304.280007924 -1168641.630153038 0.1562500004184229 0.3750000009705468
-3420574.657737061 -5302322.777896176 -880160.8772550365 0.1562500004184229 0.4062500010389248
-3439462.975905966 -5330417.72137067 -588542.5669138932 0.1562500004184229 0.4375000011540361
-3450856.540378976 -5347365.709270544 -294805.2052477605 0.1562500004184229 0.4687500012127608
-3454664.57068745 -5353030.329078745 0.01290385788402366 0.1562500004184229 0.5000000013670094
-3450856.539764544 -5347365.708356555 294805.2290185688 0.1562500004184229 0.5312500013100503
-3439462.974752469 -5330417.719654872 588542.5891949055 0.1562500004184229 0.5625000012235621
-3420574.656166956 -5302322.775560839 880160.8974256436 0.1562500004184229 0.593750001133016
-3394340.257461734 -5263304.27718226 1168641.648397635 0.1562500004184229 0.6250000010189026
-3360962.545854389 -5213666.898073825 1453013.8475917 0.1562500004184229 0.6562500009731667
-3320693.335760551 -5153788.991720699 1732367.108511938 0.1562500004184229 0.6875000008978924
-3273827.438225087 -5084113.489074141 2005862.641094581 0.1562500004184229 0.718750000857315
-3220695.886822515 -5005137.708399104 2272741.851721373 0.1562500004184229 0.750000000783163
-3161658.731845792 -4917402.516791685 2532332.432994148 0.1562500004184229 0.7812500006993566
-3097097.691512441 -4821481.277976837 2784051.934743165 0.1562500004184229 0.8125000006446053
-3027408.925095756 -4717968.985097922 3027408.934370223 0.1562500004184229 0.8437500005130389
-2952996.155854185 -4607471.921420652 3262002.02281217 0.1562500004184229 0.8750000003830569
-2874264.330761265 -4490598.130217917 3487516.880216759 0.1562500004184229 0.9062500002690315
-2791613.951326222 -4367948.895782853 3703721.775537434 0.1562500004184229 0.9375000002150853
-2705436.164676346 -4240111.36949408 3910461.831184187 0.1562500004184229 0.9687500001013651
-2475541.09567572 -4314819.809898357 -3980410.442621386 0.1875000004677392 0.03125000004281375
-2557652.313176267 -4449582.46840245 -3774820.724456945 0.1875000004677391 0.06250000010892998
-2636714.307718039 -4579401.254602288 -3558997.444340467 0.1875000004677391 0.09375000018479249
-2712321.235878857 -4703601.097008024 -3333030.337939561 0.187500000467739 0.1250000003035794
-2784051.925934068 -4821481.281537524 -3097097.693887953 0.1875000004677391 0.1562500004205225
-2851475.066092268 -4932324.086724026 -2851475.065817005 0.1875000004677391 0.1875000004950058
-2914155.448869795 -5035405.182409405 -2596542.637583097 0.187500000467739 0.2187500005621105
-2971661.199478091 -5130005.67205686 -2332790.715040865 0.1875000004677391 0.2500000006443777
-3023571.847031081 -5215425.543469075 -2060822.81780151 0.1875000004677391 0.2812500007256591
-3069487.022742762 -5290998.168055456 -1781355.888880032 0.1875000004677391 0.312500000813781
-3109035.496906028 -5356105.367885189 -1495217.230735972 0.1875000004677391 0.343750000879918
-3141884.204800893 -5410192.466734493 -1203337.906205898 0.187500000467739 0.3750000009705468
-3167746.865754596 -5452782.664585444 -906742.5253611921 0.1875000004677391 0.4062500010389248
-3186391.781019635 -5483490.043926165 -606535.5356557074 0.1875000004677391 0.4375000011540361
-3197648.405213221 -5502030.531314836 -303884.3680032489 0.1875000004677391 0.4687500012127608
-3201412.331478283 -5508230.213404192 0.01330223328517226 0.187500000467739 0.5000000013670094
-3197648.404605971 -5502030.530314626 303884.3925025448 0.1875000004677391 0.5312500013100503
-3186391.779880379 -5483490.042049778 606535.5586045115 0.1875000004677391 0.5625000012235621
-3167746.864205569 -5452782.662034373 906742.546113902 0.187500000467739 0.593750001133016
-3141884.202929277 -5410192.463652538 1203337.924949076 0.187500000467739 0.6250000010189026
-3109035.49475642 -5356105.364346032 1495217.247883519 0.1875000004677391 0.6562500009731667
-3069487.020398959 -5290998.16419731 1781355.904378189 0.187500000467739 0.6875000008978926
-3023571.844550116 -5215425.539386075 2060822.831774548 0.187500000467739 0.718750000857315
-2971661.19697581 -5130005.667939853 2332790.727282084 0.187500000467739 0.750000000783163
-2914155.446441142 -5035405.178414713 2596542.648055627 0.187500000467739 0.7812500006993568
-2851475.063717344 -4932324.082818986 2851475.074946653 0.1875000004677391 0.8125000006446051
-2784051.923853366 -4821481.278117494 3097097.701082559 0.187500000467739 0.8437500005130388
-2712321.234258614 -4703601.094345885 3333030.343014899 0.187500000467739 0.8750000003830568
-2636714.306593956 -4579401.252756142 3558997.447548709 0.187500000467739 0.9062500002690315
-2557652.312340019 -4449582.467029653 3774820.726641737 0.187500000467739 0.9375000002150855
-2475541.095290451 -4314819.809266195 3980410.443546267 0.187500000467739 0.9687500001013651
-2241178.098849314 -4383009.149036914 -4044254.26113355 0.2187500005346402 0.03125000004281375
-2318261.663851 -4524378.812405736 -3839960.965917864 0.2187500005346401 0.06250000010892998
-2392756.585661156 -4661078.816140614 -3624734.637390768 0.2187500005346401 0.09375000018479251
-2464256.026284662 -4792352.025625939 -3398594.606509975 0.2187500005346402 0.1250000003035794
-2532332.422899783 -4917402.520429821 -3161658.734272401 0.2187500005346402 0.1562500004205225
-2596542.637865359 -5035405.182422057 -2914155.448596435 0.2187500005346402 0.1875000004950058
-2656434.439722389 -5145517.771459868 -2656434.43944086 0.2187500005346401 0.2187500005621105
-2711554.276886018 -5246895.417909839 -2388975.277607091 0.2187500005346401 0.2500000006443777
-2761456.216311922 -5338707.294132816 -2112393.190901096 0.2187500005346401 0.2812500007256591
-2805711.818047159 -5420155.037545223 -1827441.261174665 0.2187500005346401 0.3125000008137811
-2843920.612972221 -5490492.304128837 -1535008.405649203 0.2187500005346401 0.343750000879918
-2875720.756969331 -5549044.655262615 -1236112.673601054 0.2187500005346401 0.3750000009705468
-2900799.359644144 -5595228.840226899 -931889.6397005715 0.2187500005346401 0.4062500010389248
-2918901.945860435 -5628570.462009995 -623575.9654130045 0.2187500005346402 0.4375000011540361
-2929840.508521524 -5648719.014272988 -312488.5476575751 0.2187500005346401 0.4687500012127608
-2933499.662726504 -5655459.373807179 0.01367985091221878 0.2187500005346401 0.5000000013670094
-2929840.507931242 -5648719.013185671 312488.5728469416 0.2187500005346401 0.5312500013100503
-2918901.944753727 -5628570.459971534 623575.9889931149 0.2187500005346401 0.5625000012235621
-2900799.358140973 -5595228.837458486 931889.6610017089 0.2187500005346401 0.593750001133016
-2875720.755155785 -5549044.651923081 1236112.692811666 0.2187500005346401 0.6250000010189026
-2843920.610893148 -5490492.300301093 1535008.423192383 0.2187500005346401 0.6562500009731667
-2805711.815785225 -5420155.0333818 1827441.276996093 0.2187500005346401 0.6875000008978924
-2761456.213923622 -5338707.289738013 2112393.205130334 0.2187500005346401 0.718750000857315
-2711554.274483908 -5246895.413491034 2388975.290038555 0.2187500005346401 0.750000000783163
-2656434.437398015 -5145517.7671856 2656434.450044497 0.2187500005346401 0.7812500006993567
-2596542.635599749 -5035405.178257509 2914155.457811092 0.2187500005346401 0.8125000006446051
-2532332.420921586 -4917402.516795177 3161658.741509886 0.2187500005346401 0.8437500005130388
-2464256.024749659 -4792352.022806943 3398594.611598035 0.2187500005346401 0.8750000003830568
-2392756.584600051 -4661078.814192928 3624734.640595769 0.2187500005346401 0.9062500002690315
-2318261.663064497 -4524378.810962883 3839960.968092713 0.2187500005346401 0.9375000002150855
-2241178.098488297 -4383009.148375012 4044254.262050956 0.2187500005346401 0.9687500001013652
-2002736.089956687 -4444508.175720103 -4101833.276712031 0.2500000005936122 0.03125000004281375
-2073872.265258019 -4592075.458001834 -3898914.953600658 0.2500000005936122 0.06250000010892998
-2142852.674507074 -4735266.259927401 -3684437.116161847 0.2500000005936122 0.09375000018479251
-2209282.482653172 -4873248.655654429 -3458346.346450011 0.2500000005936122 0.1250000003035794
-2272741.840123628 -5005137.712084224 -3220695.889279794 0.2500000005936122 0.1562500004205225
-2332790.715526958 -5130005.672016066 -2971661.199166929 0.2500000005936122 0.1875000004950058
-2388975.278096727 -5246895.417851661 -2711554.276567206 0.2500000005936122 0.2187500005621105
-2440835.838640323 -5354837.235640155 -2440835.838111751 0.2500000005936122 0.2500000006443777
-2487916.252229062 -5452868.675824784 -2160124.284874222 0.2500000005936122 0.2812500007256591
-2529774.560346303 -5540057.041250338 -1870200.431375529 0.2500000005936123 0.3125000008137811
-2565994.515746913 -5615523.74815284 -1572007.054401553 0.2500000005936122 0.343750000879918
-2596197.504721698 -5678469.533403645 -1266642.520478224 0.2500000005936122 0.3750000009705468
-2620054.273069144 -5728199.251547683 -955348.0730815799 0.2500000005936122 0.4062500010389248
-2637295.79552778 -5764144.863956642 -639488.7600370769 0.2500000005936122 0.4375000011540361
-2647722.614319996 -5785885.192372293 -320528.4672310855 0.2500000005936122 0.4687500012127609
-2651212.026155023 -5793161.122597142 0.01403277942959174 0.2500000005936122 0.5000000013670094
-2647722.613757156 -5785885.191198704 320528.4930649925 0.2500000005936122 0.5312500013100503
-2637295.794473176 -5764144.861757832 639488.7842056947 0.2500000005936122 0.5625000012235621
-2620054.271638202 -5728199.248564605 955348.094892281 0.2500000005936122 0.593750001133016
-2596197.502997716 -5678469.529810302 1266642.540121087 0.2500000005936122 0.6250000010189026
-2565994.513773995 -5615523.744041565 1572007.07230825 0.2500000005936122 0.6562500009731669
-2529774.558204341 -5540057.036788036 1870200.447491498 0.2500000005936122 0.6875000008978924
-2487916.249972817 -5452868.671125925 2160124.299334319 0.2500000005936122 0.718750000857315
-2440835.836377011 -5354837.230928342 2440835.850712092 0.2500000005936122 0.750000000783163
-2388975.275912906 -5246895.413307251 2711554.287284726 0.2500000005936122 0.7812500006993568
-2332790.713404797 -5130005.667602032 2971661.208452836 0.2500000005936122 0.812500000644605
-2272741.838276556 -5005137.708244343 3220695.896550599 0.2500000005936122 0.8437500005130387
-2209282.481224608 -4873248.652686246 3458346.351545161 0.2500000005936122 0.8750000003830567
-2142852.673522848 -4735266.25788367 3684437.119360891 0.2500000005936122 0.9062500002690315
-2073872.264530962 -4592075.456493084 3898914.955764366 0.2500000005936122 0.9375000002150855
-2002736.089624087 -4444508.175030384 4101833.277621765 0.2500000005936122 0.9687500001013651
-1760621.148717492 -4499159.836718303 -4153000.714465341 0.2812500006746863 0.03125000004281375
-1824946.73802241 -4652428.157006238 -3951470.947289998 0.2812500006746863 0.06250000010892998
-1887514.114605807 -4801620.089784874 -3737830.384131704 0.2812500006746863 0.09375000018479249
-1947952.322718767 -4945837.228272437 -3511953.425068302 0.2812500006746863 0.1250000003035794
-2005862.627846848 -5084113.492731212 -3273827.440662653 0.2812500006746863 0.1562500004205225
-2060822.818297992 -5215425.543448828 -3023571.84672761 0.2812500006746863 0.1875000004950058
-2112393.191402998 -5338707.294095823 -2761456.215999507 0.2812500006746863 0.2187500005621105
-2160124.285414022 -5452868.675850931 -2487916.251703075 0.2812500006746863 0.2500000006443777
-2203566.303264014 -5556818.522915397 -2203566.302724677 0.2812500006746863 0.2812500007256591
-2242280.031032888 -5649491.101047002 -1909207.050485065 0.2812500006746863 0.312500000813781
-2275848.893700627 -5729875.410334925 -1605827.075086485 0.2812500006746863 0.343750000879918
-2303891.630709974 -5797046.003370068 -1294597.230321333 0.2812500006746863 0.3750000009705468
-2326074.932745279 -5850193.716004266 -976857.1504975789 0.2812500006746863 0.4062500010389247
-2342125.286018718 -5888654.475837024 -654093.7308951457 0.2812500006746863 0.4375000011540361
-2351839.238250006 -5911934.275089627 -327912.0681647874 0.2812500006746863 0.4687500012127608
-2355091.351357079 -5919728.517994984 0.01435696334883784 0.2812500006746863 0.5000000013670094
-2351839.237725493 -5911934.273832561 327912.0945903754 0.2812500006746863 0.5312500013100503
-2342125.285036501 -5888654.473483211 654093.7556030122 0.2812500006746863 0.5625000012235621
-2326074.931413835 -5850193.712814015 976857.1727737326 0.2812500006746863 0.5937500011330159
-2303891.629107975 -5797045.99953232 1294597.250357243 0.2812500006746863 0.6250000010189026
-2275848.891870326 -5729875.405951385 1605827.093321711 0.2812500006746863 0.6562500009731669
-2242280.029049635 -5649491.096298637 1909207.066865089 0.2812500006746863 0.6875000008978924
-2203566.301179574 -5556818.517926608 2203566.317389539 0.2812500006746863 0.7187500008573149
-2160124.283328167 -5452868.670860875 2487916.264451019 0.2812500006746863 0.7500000007831629
-2112393.18939571 -5338707.289296025 2761456.226814414 0.2812500006746863 0.7812500006993567
-2060822.816352825 -5215425.538800045 3023571.856072198 0.2812500006746863 0.8125000006446051
-2005862.626158751 -5084113.488699159 3273827.447958552 0.2812500006746863 0.8437500005130391
-1947952.321417062 -4945837.225165263 3511953.430166102 0.2812500006746863 0.8750000003830568
-1887514.113711707 -4801620.087652116 3737830.387322943 0.2812500006746863 0.9062500002690315
-1824946.73736395 -4652428.155436719 3951470.949442038 0.2812500006746863 0.9375000002150854
-1760621.14841719 -4499159.83600306 4153000.715367511 0.2812500006746863 0.9687500001013652
-1515255.208032488 -4546822.427613127 -4197624.145428542 0.3125000007782214 0.03125000004281374
-1571978.155264077 -4705213.671756289 -3997435.425681102 0.3125000007782215 0.06250000010892998
-1627300.31923786 -4859822.81403971 -3784660.736069683 0.3125000007782215 0.09375000018479249
-1680885.083942494 -5009693.933077266 -3559105.650506666 0.3125000007782215 0.1250000003035794
-1732367.093681965 -5153788.995208722 -3320693.338083686 0.3125000007782214 0.1562500004205225
-1781355.889243541 -5290998.168091685 -3069487.022469356 0.3125000007782214 0.1875000004950058
-1827441.261542463 -5420155.037568375 -2805711.817762876 0.3125000007782214 0.2187500005621105
-1870200.431776864 -5540057.041344239 -2529774.559843968 0.3125000007782215 0.2500000006443777
-1909207.05088569 -5649491.101117666 -2242280.030513734 0.3125000007782214 0.2812500007256591
-1944041.859314614 -5747264.001240178 -1944041.858932394 0.3125000007782215 0.3125000008137811
-1974304.671580449 -5832236.557584476 -1636086.428080991 0.3125000007782214 0.343750000879918
-1999627.167108759 -5903360.09709708 -1319648.345796164 0.3125000007782215 0.3750000009705468
-2019685.801332009 -5959713.289606963 -996156.4985382757 0.3125000007782215 0.4062500010389247
-2034214.030474115 -6000537.028463894 -667210.3478334 0.3125000007782215 0.4375000011540361
-2043012.992772545 -6025264.911377179 -334546.9460173185 0.3125000007782215 0.4687500012127608
-2045959.832474536 -6033546.996908266 0.01464832960059086 0.3125000007782215 0.5000000013670094
-2043012.99229731 -6025264.910041555 334546.9729743894 0.3125000007782215 0.5312500013100503
-2034214.029584655 -6000537.025964347 667210.3730248202 0.3125000007782215 0.5625000012235621
-2019685.800127361 -5959713.28622222 996156.5212305923 0.3125000007782215 0.593750001133016
-1999627.165661069 -5903360.093030359 1319648.366182022 0.3125000007782215 0.6250000010189026
-1974304.669928935 -5832236.55294652 1636086.446607054 0.3125000007782215 0.6562500009731667
-1944041.857528269 -5747263.996225315 1944041.875544417 0.3125000007782215 0.6875000008978924
-1909207.049011984 -5649491.095859708 2242280.045356695 0.3125000007782215 0.718750000857315
-1870200.429906043 -5540057.036096845 2529774.572718505 0.3125000007782215 0.750000000783163
-1827441.259746401 -5420155.032533337 2805711.828659534 0.3125000007782215 0.7812500006993568
-1781355.887507438 -5290998.163227597 3069487.031861313 0.3125000007782215 0.8125000006446053
-1732367.092179234 -5153788.991001204 3320693.345397805 0.3125000007782215 0.8437500005130387
-1680885.082786824 -5009693.929843759 3559105.655603852 0.3125000007782215 0.8750000003830567
-1627300.318446216 -4859822.811826406 3784660.739252137 0.3125000007782215 0.9062500002690315
-1571978.154682652 -4705213.67013204 3997435.42782158 0.3125000007782215 0.9375000002150855
-1515255.207768034 -4546822.426874998 4197624.146323538 0.3125000007782215 0.9687500001013651
-1267074.550422351 -4587370.698234309 -4235586.519084846 0.3437500008483416 0.03125000004281374
-1315487.615543794 -4750232.427093114 -4036635.383824499 0.3437500008483416 0.06250000010892995
-1362815.415239951 -4909587.756774741 -3824699.099604036 0.3437500008483416 0.09375000018479249
-1408764.546578705 -5064432.522740697 -3599520.339560425 0.3437500008483416 0.1250000003035794
-1453013.831156806 -5213666.901279373 -3360962.547986954 0.3437500008483415 0.1562500004205226
-1495217.23106399 -5356105.367945841 -3109035.49664379 0.3437500008483417 0.1875000004950058
-1535008.405981946 -5490492.304177827 -2843920.612698042 0.3437500008483415 0.2187500005621105
-1572007.054764307 -5615523.74827758 -2565994.515251692 0.3437500008483417 0.2500000006443777
-1605827.075449573 -5729875.410437323 -2275848.893186623 0.3437500008483417 0.2812500007256591
-1636086.428428939 -5832236.557614614 -1974304.671203071 0.3437500008483417 0.3125000008137811
-1662418.407747849 -5921348.75482837 -1662418.407403391 0.3437500008483417 0.343750000879918
-1684483.833084572 -5996047.786197812 -1341479.094771521 0.3437500008483417 0.3750000009705468
-1701983.493288533 -6055306.452789512 -1012994.052983058 0.3437500008483416 0.4062500010389247
-1714670.035094727 -6098275.470797308 -678663.3576524686 0.3437500008483415 0.4375000011540362
-1722358.424948025 -6124319.466750415 -340343.2461390701 0.3437500008483416 0.4687500012127608
-1724934.145341462 -6133045.181166948 0.01490291214633236 0.3437500008483416 0.5000000013670094
-1722358.424532672 -6124319.465343362 340343.2735602874 0.3437500008483417 0.5312500013100501
-1714670.034317715 -6098275.468165363 678663.3832655264 0.3437500008483417 0.5625000012235621
-1701983.492237002 -6055306.44922832 1012994.076037296 0.3437500008483417 0.5937500011330161
-1684483.831822246 -5996047.78192374 1341479.115460554 0.3437500008483416 0.6250000010189027
-1662418.406309719 -5921348.749960559 1662418.426180117 0.3437500008483416 0.6562500009731667
-1636086.42687584 -5832236.552359642 1974304.688013675 0.3437500008483417 0.6875000008978924
-1605827.073823418 -5729875.404937599 2275848.90818062 0.3437500008483417 0.7187500008573151
-1572007.053143822 -5615523.742799828 2565994.528232179 0.3437500008483417 0.7500000007831631
-1535008.404429469 -5490492.298932982 2843920.62366173 0.3437500008483415 0.7812500006993566
-1495217.229566641 -5356105.362890459 3109035.506073087 0.3437500008483417 0.8125000006446053
-1453013.829863682 -5213666.896916565 3360962.555313769 0.3437500008483417 0.8437500005130389
-1408764.545586544 -5064432.519395834 3599520.344654868 0.3437500008483417 0.8750000003830569
-1362815.414561905 -4909587.754490727 3824699.10277752 0.3437500008483417 0.9062500002690315
-1315487.615046968 -4750232.425421013 4036635.385954104 0.3437500008483417 0.9375000002150854
-1267074.5501969 -4587370.697476249 4235586.519973308 0.3437500008483417 0.9687500001013651
-1016528.124364677 -4620696.854612922 -4266787.099228865 0.375000000904199 0.03125000004281374
-1056021.315351058 -4787310.964976642 -4068920.459549269 0.3750000009041992 0.06250000010892995
-1094704.092655485 -4950663.599612166 -3857744.6614568 0.3750000009041992 0.09375000018479249
-1132333.492887294 -5109711.640626623 -3632947.675171009 0.375000000904199 0.1250000003035794
-1168641.630763878 -5263304.279923797 -3394340.259281823 0.3750000009041992 0.1562500004205225
-1203337.906860459 -5410192.466756569 -3141884.204512183 0.3750000009041992 0.1875000004950058
-1236112.674269596 -5549044.655269363 -2875720.75666894 0.375000000904199 0.2187500005621105
-1266642.5211809 -5678469.533485632 -2596197.504199549 0.3750000009041992 0.2500000006443777
-1294597.231032842 -5797046.003425873 -2303891.630169747 0.3750000009041992 0.2812500007256591
-1319648.346502761 -5903360.097074931 -1999627.166707836 0.375000000904199 0.3125000008137811
-1341479.095481825 -5996047.786141607 -1684483.832718971 0.375000000904199 0.343750000879918
-1359795.252303919 -6073841.843974696 -1359795.251570542 0.3750000009041992 0.3750000009705468
-1374336.32849618 -6135620.143638318 -1027134.90309469 0.3750000009041992 0.4062500010389247
-1384886.34706185 -6180452.169009733 -688289.032532541 0.375000000904199 0.4375000011540361
-1391283.381311751 -6207640.199501751 -345216.8976391622 0.3750000009041992 0.4687500012127608
-1393427.06187128 -6216751.726041886 0.01511700341343504 0.3750000009041992 0.5000000013670094
-1391283.380966092 -6207640.198032586 345216.9254505333 0.3750000009041992 0.5312500013100503
-1384886.346415476 -6180452.166262741 688289.0584995355 0.3750000009041992 0.5625000012235621
-1374336.327622029 -6135620.13992398 1027134.926452035 0.3750000009041992 0.593750001133016
-1359795.251255485 -6073841.839520956 1359795.272512636 0.3750000009041992 0.6250000010189026
-1341479.09428873 -5996047.781075032 1684483.85170398 0.3750000009041992 0.6562500009731667
-1319648.345216005 -5903360.091612815 1999627.183682448 0.3750000009041992 0.6875000008978924
-1294597.229687591 -5797045.997718135 2303891.645287462 0.3750000009041992 0.718750000857315
-1266642.519842553 -5678469.527810266 2596197.517265811 0.3750000009041992 0.750000000783163
-1236112.672989677 -5549044.649845095 2875720.767685877 0.3750000009041992 0.7812500006993568
-1203337.905628277 -5410192.461538137 3141884.213970029 0.3750000009041992 0.8125000006446051
-1168641.629701787 -5263304.275429077 3394340.266617056 0.3750000009041992 0.8437500005130388
-1132333.492073977 -5109711.637187494 3632947.680261617 0.3750000009041992 0.8750000003830568
-1094704.092100749 -4950663.597268499 3857744.664621858 0.3750000009041992 0.9062500002690315
-1056021.314945377 -4787310.963264306 4068920.461669214 0.3750000009041992 0.9375000002150855
-1016528.124180939 -4620696.853838162 4266787.100111662 0.3750000009041992 0.9687500001013654
-764075.7002399155 -4646711.439509212 -4291142.286412455 0.4062500009900403 0.03125000004281374
-794147.1593710064 -4816304.141248915 -4094164.836477826 0.4062500009900402 0.06250000010892998
-823646.5134214767 -4982838.515729393 -3883628.167975449 0.4062500009900403 0.09375000018479249
-852386.8456558323 -5145241.600838348 -3659175.663227352 0.4062500009900402 0.1250000003035794
-880160.8777108503 -5302322.77785396 -3420574.657685216 0.4062500009900402 0.1562500004205225
-906742.5258508822 -5452782.66465602 -3167746.865492943 0.4062500009900403 0.1875000004950058
-931889.6402014026 -5595228.840285861 -2900799.359369523 0.4062500009900403 0.2187500005621105
-955348.0736090745 -5728199.251688044 -2620054.272569933 0.4062500009900402 0.2500000006443777
-976857.1510323054 -5850193.71612168 -2326074.932225413 0.4062500009900403 0.2812500007256591
-996156.4990696235 -5959713.28964775 -2019685.800949583 0.4062500009900403 0.3125000008137811
-1012994.053517634 -6055306.452798449 -1701983.492938567 0.4062500009900402 0.343750000879918
-1027134.903647406 -6135620.143708131 -1374336.327771422 0.4062500009900403 0.3750000009705468
-1038370.474668451 -6199452.759381929 -1038370.474122126 0.4062500009900403 0.4062500010389247
-1046527.423333627 -6245805.513374288 -695941.6939040375 0.4062500009900402 0.4375000011540362
-1051475.552009345 -6273928.134734713 -349093.0015208739 0.4062500009900403 0.4687500012127607
-1053134.059619918 -6283354.967886859 0.01528729467654782 0.4062500009900403 0.5000000013670094
-1051475.551741933 -6273928.133214791 349093.0296424613 0.4062500009900402 0.5312500013100503
-1046527.422833737 -6245805.510533342 695941.7201521364 0.4062500009900402 0.5625000012235621
-1038370.473992765 -6199452.755542644 1038370.497719746 0.4062500009900402 0.593750001133016
-1027134.902837601 -6135620.139108005 1374336.348913563 0.4062500009900402 0.6250000010189027
-1012994.052596935 -6055306.447570194 1701983.512087604 0.4062500009900403 0.6562500009731669
-996156.4980777107 -5959713.284017474 2019685.818052698 0.4062500009900403 0.6875000008978924
-976857.1499965496 -5850193.710245452 2326074.947439394 0.4062500009900402 0.7187500008573149
-955348.0725799927 -5728199.245852999 2620054.285702269 0.4062500009900402 0.7500000007831629
-931889.6392186345 -5595228.834716985 2900799.37042681 0.4062500009900402 0.7812500006993568
-906742.524906158 -5452782.65930653 3167746.874971677 0.4062500009900403 0.812500000644605
-880160.8768977718 -5302322.773253506 3420574.665025717 0.4062500009900402 0.8437500005130387
-852386.8450341598 -5145241.597323871 3659175.668313947 0.4062500009900402 0.8750000003830567
-823646.5129981104 -4982838.513338177 3883628.171133257 0.4062500009900402 0.9062500002690315
-794147.1590618719 -4816304.139504599 4094164.838589772 0.4062500009900402 0.9375000002150855
-764075.7001001177 -4646711.438721214 4291142.287290639 0.4062500009900402 0.9687500001013654
-510185.8856842711 -4665344.076142057 -4308586.312615168 0.4375000010634286 0.03125000004281374
-530450.9578583137 -4837097.009130351 -4112268.87564145 0.4375000010634285 0.06250000010892998
-550352.3626657897 -5005943.764358493 -3902214.794829791 0.4375000010634286 0.09375000018479249
-569763.3004973721 -5170790.364089087 -3678034.501204385 0.4375000010634286 0.1250000003035794
-588542.5677642322 -5330417.721315803 -3439462.975845492 0.4375000010634287 0.1562500004205225
-606535.5365455687 -5483490.043984947 -3186391.780749088 0.4375000010634285 0.1875000004950058
-623575.966326126 -5628570.462055893 -2918901.945576856 0.4375000010634285 0.2187500005621105
-639488.760982951 -5764144.864084524 -2637295.795018922 0.4375000010634286 0.2500000006443777
-654093.73185939 -5888654.475940537 -2342125.285489173 0.4375000010634286 0.2812500007256591
-667210.3488074256 -6000537.028488184 -2034214.030082989 0.4375000010634287 0.312500000813781
-678663.3586392282 -6098275.470788132 -1714670.034736802 0.4375000010634286 0.343750000879918
-688289.0335405006 -6180452.169062074 -1384886.346327307 0.4375000010634287 0.3750000009705468
-695941.6949146829 -6245805.513354518 -1046527.422779539 0.4375000010634286 0.4062500010389248
-701500.0621643283 -6293285.01873222 -701500.0611432849 0.4375000010634285 0.4375000011540361
-704872.9211633066 -6322100.531019082 -351909.1369926984 0.4375000010634286 0.4687500012127608
-706003.6134089933 -6331761.200318079 0.01541102881438895 0.4375000010634286 0.5000000013670094
-704872.9209810072 -6322100.529461523 351909.1653396275 0.4375000010634285 0.5312500013100503
-701500.0618236229 -6293285.015821634 701500.0875953991 0.4375000010634285 0.5625000012235621
-695941.6944543439 -6245805.509422692 1046527.446551284 0.4375000010634285 0.5937500011330159
-688289.0329890826 -6180452.164353637 1384886.367614104 0.4375000010634286 0.6250000010189025
-678663.3580127166 -6098275.465440412 1714670.054004103 0.4375000010634286 0.6562500009731669
-667210.3481329853 -6000537.022733842 2034214.047278394 0.4375000010634286 0.6875000008978926
-654093.7311557557 -5888654.469940209 2342125.300771918 0.4375000010634286 0.7187500008573149
-639488.7602845252 -5764144.858132087 2637295.808198084 0.4375000010634286 0.750000000783163
-623575.9656598144 -5628570.456380916 2918901.956662361 0.4375000010634285 0.7812500006993568
-606535.535905735 -5483490.038539496 3186391.790242007 0.4375000010634286 0.812500000644605
-588542.5672141648 -5330417.716638091 3439462.983189048 0.4375000010634287 0.8437500005130388
-569763.3000772659 -5170790.360519673 3678034.506287549 0.4375000010634286 0.8750000003830567
-550352.3623800107 -5005943.761932682 3902214.797982039 0.4375000010634286 0.9062500002690315
-530450.9576498735 -4837097.007362819 4112268.877747414 0.4375000010634286 0.9375000002150854
-510185.8855901122 -4665344.075344466 4308586.313489951 0.4375000010634286 0.9687500001013654
-255334.0217133743 -4676544.061742547 -4319071.795645008 0.4687500011375446 0.03125000004281374
-265532.2723723298 -4849606.340246531 -4123160.433086426 0.4687500011375447 0.06250000010892995
-275554.160251049 -5019856.626050005 -3913406.490344468 0.4687500011375447 0.09375000018479249
-285335.6393643082 -5186188.470678445 -3689400.184245474 0.4687500011375446 0.1250000003035794
-294805.2059570975 -5347365.709253919 -3450856.540344137 0.4687500011375446 0.1562500004205225
-303884.3687414071 -5502030.531416706 -3197648.404967789 0.4687500011375447 0.1875000004950058
-312488.5484159092 -5648719.014365563 -2929840.508262158 0.4687500011375447 0.2187500005621105
-320528.4680138613 -5785885.192551534 -2647722.613833554 0.4687500011375447 0.2500000006443777
-327912.0689641072 -5911934.275247811 -2351839.237740926 0.4687500011375447 0.2812500007256591
-334546.9468281173 -6025264.911458485 -2043012.992399992 0.4687500011375446 0.3125000008137811
-340343.2469620214 -6124319.466800839 -1722358.424606111 0.4687500011375447 0.343750000879918
-345216.8984776537 -6207640.199617192 -1391283.380588618 0.4687500011375447 0.3750000009705468
-349093.0023645508 -6273928.134779172 -1051475.551463962 0.4687500011375447 0.4062500010389248
-351909.1378444258 -6322100.531085196 -704872.9201450982 0.4687500011375446 0.4375000011540361
-353618.3208727851 -6351342.312211552 -353618.3200208083 0.4687500011375447 0.4687500012127608
-354191.3509241586 -6361146.868838238 0.01548613147825509 0.4687500011375447 0.5000000013670094
-353618.3207803985 -6351342.310630834 353618.3485044827 0.4687500011375447 0.5312500013100503
-351909.137671785 -6322100.528131772 704872.946720946 0.4687500011375447 0.5625000012235621
-349093.0021313477 -6273928.130790454 1051475.575341205 0.4687500011375447 0.593750001133016
-345216.8981984035 -6207640.194842217 1391283.401962933 0.4687500011375447 0.6250000010189026
-340343.2466448715 -6124319.46137979 1722358.443944812 0.4687500011375447 0.6562500009731667
-334546.9464868664 -6025264.905628068 2043013.009650965 0.4687500011375447 0.6875000008978924
-327912.0686082782 -5911934.269171475 2351839.253064922 0.4687500011375447 0.718750000857315
-320528.4676608716 -5785885.186527289 2647722.627040653 0.4687500011375447 0.750000000783163
-312488.5480793606 -5648719.008625773 2929840.519364342 0.4687500011375447 0.7812500006993568
-303884.368418443 -5502030.525912716 3197648.414468915 0.4687500011375447 0.8125000006446051
-294805.2056796271 -5347365.704529149 3450856.547689235 0.4687500011375447 0.8437500005130388
-285335.6391525362 -5186188.467075612 3689400.189326352 0.4687500011375447 0.8750000003830568
-275554.1601070891 -5019856.623603183 3913406.493493224 0.4687500011375447 0.9062500002690315
-265532.2722673991 -4849606.338464915 4123160.435188694 0.4687500011375447 0.9375000002150855
-255334.0216660046 -4676544.06093915 4319071.796517701 0.4687500011375447 0.9687500001013651
0.01045131193238249 -4680280.79951213 -4322570.142602443 0.5000000012787196 0.03125000004281374
0.01086951412640243 -4853781.741802513 -4126795.827630022 0.5000000012787196 0.06250000010892995
0.01128057527019599 -5024502.576916823 -3917143.71124627 0.5000000012787196 0.09375000018479249
0.01168186661620356 -5191332.724447005 -3693197.198104326 0.5000000012787196 0.1250000003035794
0.01207044885092652 -5353030.329089407 -3454664.57067093 0.5000000012787196 0.1562500004205225
0.01244309465918805 -5508230.213536352 -3201412.331250892 0.5000000012787196 0.1875000004950058
0.0127963238497688 -5655459.373932647 -2933499.662484617 0.5000000012787196 0.2187500005621105
0.01312645509833544 -5793161.122812232 -2651212.025685031 0.5000000012787194 0.2500000006443777
0.01342970183125171 -5919728.51819147 -2355091.350863194 0.5000000012787194 0.2812500007256591
0.01370225062576494 -6033546.997029925 -2045959.832115767 0.5000000012787196 0.3125000008137811
0.01394038957029772 -6133045.181259744 -1724934.145011525 0.5000000012787194 0.343750000879918
0.01414065511668179 -6216751.726201878 -1393427.061157476 0.5000000012787196 0.3750000009705468
0.01429994597236275 -6283354.967977066 -1053134.059081712 0.5000000012787194 0.4062500010389248
0.01441569131242305 -6331761.200431182 -706003.6123946409 0.5000000012787196 0.4375000011540361
0.01448594098737079 -6361146.868885598 -354191.3500735692 0.5000000012787194 0.4687500012127608
0.01450949784423095 -6371000 0.01551131239051017 0.5000000012787196 0.5000000013670094
0.01448594348687151 -6361146.867297064 354191.378603088 0.5000000012787196 0.5312500013100503
0.01441568950662881 -6331761.197463299 706003.6390119558 0.5000000012787194 0.5625000012235621
0.01429994555306955 -6283354.963969151 1053134.082994293 0.5000000012787194 0.593750001133016
0.01414065483607951 -6216751.721404459 1393427.082561085 0.5000000012787196 0.6250000010189026
0.01394039173966389 -6133045.17581397 1724934.164374102 0.5000000012787196 0.6562500009731667
0.01370224859676888 -6033546.991173873 2045959.849385297 0.5000000012787194 0.6875000008978924
0.01342970195679056 -5919728.512089537 2355091.36620094 0.5000000012787194 0.718750000857315
0.01312645752761396 -5793161.116763817 2651212.038901416 0.5000000012787196 0.750000000783163
0.01279632403773478 -5655459.368171057 2933499.673592317 0.5000000012787196 0.7812500006993568
0.01244309465260897 -5508230.208012687 3201412.340754703 0.5000000012787196 0.8125000006446051
0.01207044878229048 -5353030.324348829 3454664.578016492 0.5000000012787196 0.8437500005130388
0.01168186611475471 -5191332.720832957 3693197.203184401 0.5000000012787196 0.8750000003830568
0.01128057514516451 -5024502.574462955 3917143.714393836 0.5000000012787196 0.9062500002690315
0.01086951410948887 -4853781.740016179 4126795.829731041 0.5000000012787196 0.9375000002150855
0.01045131228673942 -4680280.798706786 4322570.143474433 0.5000000012787196 0.9687500001013651
255334.0409818338 -4676544.061178345 -4319071.795116798 0.5312500012221835 0.03125000004281374
265532.2924075557 -4849606.339616164 -4123160.432537582 0.5312500012221835 0.06250000010892995
275554.181039445 -5019856.625348676 -3913406.489780315 0.5312500012221835 0.09375000018479249
285335.6608874743 -5186188.469901983 -3689400.18367236 0.5312500012221835 0.1250000003035794
294805.2281912807 -5347365.708399015 -3450856.539769425 0.5312500012221835 0.1562500004205225
303884.3916569873 -5502030.530481152 -3197648.404399795 0.5312500012221835 0.1875000004950058
312488.5719769514 -5648719.013348532 -2929840.507710034 0.5312500012221835 0.2187500005621105
320528.4921777779 -5785885.191453809 -2647722.613307096 0.5312500012221835 0.2500000006443777
327912.0936814578 -5911934.274072004 -2351839.23725032 0.5312500012221835 0.2812500007256591
334546.9720425902 -6025264.910209199 -2043012.991955478 0.5312500012221832 0.3125000008137811
340343.2726106427 -6124319.465484742 -1722358.42421761 0.5312500012221835 0.343750000879918
345216.9244912053 -6207640.198243 -1391283.380265304 0.5312500012221835 0.3750000009705468
349093.028668265 -6273928.133357504 -1051475.551213837 0.5312500012221835 0.4062500010389248
351909.1643589116 -6322100.529628322 -704872.919974581 0.5312500012221835 0.4375000011540361
353618.3475151815 -6351342.310733017 -353618.319934393 0.5312500012221835 0.4687500012127608
354191.3776094347 -6361146.867352391 0.01548613175406218 0.5312500012221835 0.5000000013670094
353618.3474227936 -6351342.309152299 353618.348418068 0.5312500012221835 0.5312500013100503
351909.1641862743 -6322100.526674898 704872.9465504286 0.5312500012221835 0.5625000012235621
349093.0284350627 -6273928.129368786 1051475.575091079 0.5312500012221835 0.593750001133016
345216.9242119549 -6207640.193468024 1391283.401639618 0.5312500012221835 0.6250000010189026
340343.2722934934 -6124319.460063692 1722358.443556309 0.5312500012221835 0.6562500009731667
334546.9717013431 -6025264.904378782 2043013.009206452 0.5312500012221835 0.6875000008978924
327912.0933256294 -5911934.26799567 2351839.252574316 0.5312500012221835 0.718750000857315
320528.4918247882 -5785885.185429564 2647722.626514195 0.5312500012221835 0.750000000783163
312488.5716404028 -5648719.007608742 2929840.518812217 0.5312500012221835 0.7812500006993568
303884.3913340231 -5502030.524977162 3197648.413900921 0.5312500012221835 0.8125000006446051
294805.2279138116 -5347365.703674244 3450856.547114521 0.5312500012221835 0.8437500005130388
285335.6606757035 -5186188.466299151 3689400.188753237 0.5312500012221835 0.8750000003830568
275554.1808954852 -5019856.622901853 3913406.492929072 0.5312500012221835 0.9062500002690315
265532.2923026257 -4849606.337834548 4123160.434639852 0.5312500012221835 0.9375000002150855
255334.0409344648 -4676544.060374945 4319071.795989491 0.5312500012221835 0.9687500001013654
510185.9037393905 -4665344.075083153 -4308586.311623818 0.5625000011539865 0.03125000004281372
530450.9766200084 -4837097.007948044 -4112268.874612038 0.5625000011539864 0.06250000010892995
550352.3821201366 -5005943.76304397 -3902214.793772362 0.5625000011539865 0.09375000018479249
569763.3206260673 -5170790.362634729 -3678034.500130874 0.5625000011539865 0.1250000003035794
588542.5885441329 -5330417.719715603 -3439462.974769708 0.5625000011539862 0.1562500004205225
606535.5579482685 -5483490.042234975 -3186391.779686586 0.5625000011539862 0.1875000004950058
623575.9883176014 -5628570.460154767 -2918901.944544711 0.5625000011539865 0.2187500005621105
639488.7835232858 -5764144.862033853 -2637295.794035367 0.5625000011539865 0.2500000006443778
654093.7549026412 -5888654.473745306 -2342125.28457313 0.5625000011539862 0.2812500007256591
667210.372301654 -6000537.026157035 -2034214.029253453 0.5625000011539862 0.3125000008137811
678663.3825266861 -6098275.468333506 -1714670.03401214 0.5625000011539862 0.343750000879918
688289.0577580519 -6180452.166500152 -1384886.345724482 0.5625000011539862 0.3750000009705468
695941.7193943977 -6245805.510704972 -1046527.422313329 0.5625000011539862 0.4062500010389247
701500.0868343129 -6293285.016017726 -701500.0608255333 0.5625000011539862 0.4375000011540361
704872.9459486905 -6322100.528264636 -351909.1368316914 0.5625000011539862 0.4687500012127608
706003.6382330516 -6331761.197550148 0.01541102922618696 0.5625000011539862 0.5000000013670094
704872.9457663895 -6322100.526707077 351909.1651786198 0.5625000011539862 0.5312500013100503
701500.0864936105 -6293285.013107137 701500.0872776479 0.5625000011539865 0.5625000012235621
695941.7189340597 -6245805.506773147 1046527.446085074 0.5625000011539865 0.593750001133016
688289.0572066343 -6180452.161791717 1384886.36701128 0.5625000011539865 0.6250000010189026
678663.3819001766 -6098275.462985787 1714670.053279436 0.5625000011539865 0.6562500009731667
667210.3716272119 -6000537.020402695 2034214.046448856 0.5625000011539862 0.6875000008978924
654093.754199009 -5888654.467744976 2342125.299855875 0.5625000011539862 0.718750000857315
639488.7828248594 -5764144.856081415 2637295.80721453 0.5625000011539865 0.750000000783163
623575.9876512876 -5628570.45447979 2918901.955630214 0.5625000011539862 0.7812500006993568
606535.5573084382 -5483490.036789523 3186391.789179505 0.5625000011539865 0.8125000006446051
588542.5879940651 -5330417.715037892 3439462.982113265 0.5625000011539862 0.8437500005130388
569763.3202059584 -5170790.359065313 3678034.505214042 0.5625000011539862 0.8750000003830568
550352.3818343562 -5005943.76061816 3902214.79692461 0.5625000011539862 0.9062500002690315
530450.9764115688 -4837097.006180511 4112268.876718003 0.5625000011539862 0.9375000002150853
510185.9036452306 -4665344.074285564 4308586.312498599 0.5625000011539862 0.9687500001013651
764075.7169988595 -4646711.438031267 -4291142.285028786 0.593750001077945 0.03125000004281372
794147.1767675021 -4816304.13960051 -4094164.835042574 0.5937500010779451 0.06250000010892995
823646.5314408281 -4982838.513898683 -3883628.166502743 0.593750001077945 0.09375000018479249
852386.8642794833 -5145241.598815166 -3659175.661733902 0.593750001077945 0.1250000003035794
880160.8969160344 -5302322.775630401 -3420574.656190256 0.593750001077945 0.1562500004205225
906742.5456103082 -5452782.662227051 -3167746.864018054 0.593750001077945 0.1875000004950058
931889.660483007 -5595228.837649952 -2900799.357938297 0.5937500010779451 0.2187500005621105
955348.0943758527 -5728199.248847744 -2620054.27120748 0.593750001077945 0.2500000006443777
976857.1722422579 -5850193.713084124 -2326074.930957695 0.593750001077945 0.2812500007256591
996156.5206758216 -5959713.286425011 -2019685.799802593 0.593750001077945 0.3125000008137811
1012994.075468426 -6055306.449407706 -1701983.491937367 0.5937500010779447 0.343750000879918
1027134.925886799 -6135620.140171573 -1374336.32693911 0.5937500010779447 0.3750000009705468
1038370.497136618 -6199452.755726404 -1038370.473478781 0.5937500010779447 0.4062500010389247
1046527.445967585 -6245805.509630652 -695941.6934657313 0.5937500010779448 0.4375000011540361
1051475.574743755 -6273928.130936906 -349093.0012988335 0.593750001077945 0.4687500012127608
1053134.082387975 -6283354.964070775 0.01528729467107094 0.593750001077945 0.5000000013670094
1051475.574476343 -6273928.129416986 349093.0294204208 0.593750001077945 0.5312500013100503
1046527.445467698 -6245805.506789706 695941.7197138297 0.593750001077945 0.5625000012235621
1038370.496460936 -6199452.751887119 1038370.497076401 0.593750001077945 0.593750001133016
1027134.925076996 -6135620.135571446 1374336.34808125 0.593750001077945 0.6250000010189026
1012994.074547726 -6055306.444179453 1701983.5110864 0.5937500010779447 0.6562500009731667
996156.5196839049 -5959713.280794737 2019685.816905709 0.5937500010779447 0.6875000008978924
976857.1712064985 -5850193.707207897 2326074.946171678 0.5937500010779447 0.718750000857315
955348.0933467702 -5728199.243012699 2620054.284339818 0.593750001077945 0.750000000783163
931889.6595002346 -5595228.832081075 2900799.368995586 0.5937500010779447 0.7812500006993568
906742.5446655835 -5452782.65687756 3167746.873496789 0.593750001077945 0.8125000006446051
880160.8961029554 -5302322.771029943 3420574.663530761 0.593750001077945 0.8437500005130389
852386.8636578114 -5145241.595300687 3659175.666820499 0.593750001077945 0.8750000003830568
823646.531017463 -4982838.511507465 3883628.169660551 0.5937500010779451 0.9062500002690315
794147.1764583664 -4816304.137856195 4094164.83715452 0.593750001077945 0.9375000002150855
764075.7168590616 -4646711.437243269 4291142.285906971 0.593750001077945 0.9687500001013651
1016528.139325589 -4620696.852847676 -4266787.097576213 0.6250000009541934 0.03125000004281372
1056021.330858468 -4787310.963010755 -4068920.45783755 0.6250000009541933 0.06250000010892995
1094704.108694185 -4950663.597432215 -3857744.659703074 0.6250000009541934 0.09375000018479249
1132333.509438898 -5109711.638221228 -3632947.6733953 0.6250000009541934 0.1250000003035794
1168641.647806597 -5263304.277284277 -3394340.257507036 0.6250000009541933 0.1562500004205225
1203337.924368914 -5410192.463877639 -3141884.202763863 0.6250000009541934 0.1875000004950058
1236112.69221469 -5549044.652149824 -2875720.754974862 0.6250000009541934 0.2187500005621105
1266642.539529772 -5678469.530129003 -2596197.502589135 0.6250000009541934 0.2500000006443777
1294597.249748868 -5797045.999840939 -2303891.628673283 0.6250000009541932 0.2812500007256591
1319648.365545677 -5903360.093276108 -1999627.165355514 0.6250000009541932 0.3125000008137811
1341479.114807945 -5996047.782149095 -1684483.831539801 0.6250000009541932 0.343750000879918
1359795.271866434 -6073841.839814351 -1359795.250591174 0.6250000009541934 0.3750000009705468
1374336.348245561 -6135620.13934123 -1027134.902338232 0.6250000009541932 0.4062500010389247
1384886.366946359 -6180452.16461147 -688289.0320174479 0.6250000009541934 0.4375000011540361
1391283.401278014 -6207640.195041331 -345216.8973783075 0.6250000009541934 0.4687500012127608
1393427.081864906 -6216751.721560501 0.01511700272151188 0.6250000009541934 0.5000000013670094
1391283.400932355 -6207640.193572166 345216.9251896787 0.6250000009541934 0.5312500013100503
1384886.366299987 -6180452.161864478 688289.0579844415 0.6250000009541934 0.5625000012235621
1374336.347371412 -6135620.13562689 1027134.925695576 0.6250000009541934 0.593750001133016
1359795.270817999 -6073841.835360614 1359795.271533267 0.6250000009541934 0.6250000010189026
1341479.113614852 -5996047.777082519 1684483.85052481 0.6250000009541932 0.6562500009731667
1319648.364258927 -5903360.087813993 1999627.182330125 0.6250000009541934 0.6875000008978924
1294597.248403618 -5797045.9941332 2303891.643790996 0.6250000009541934 0.718750000857315
1266642.538191424 -5678469.524453638 2596197.515655397 0.6250000009541932 0.750000000783163
1236112.690934773 -5549044.646725554 2875720.765991799 0.6250000009541934 0.7812500006993568
1203337.923136731 -5410192.458659208 3141884.212221707 0.6250000009541934 0.8125000006446051
1168641.646744506 -5263304.272789557 3394340.264842269 0.6250000009541934 0.8437500005130389
1132333.508625582 -5109711.634782097 3632947.678485907 0.6250000009541934 0.8750000003830568
1094704.108139449 -4950663.595088545 3857744.662868133 0.6250000009541934 0.9062500002690315
1056021.330452787 -4787310.961298421 4068920.459957497 0.6250000009541934 0.9375000002150853
1016528.139141853 -4620696.852072916 4266787.09845901 0.6250000009541934 0.9687500001013651
1267074.564075185 -4587370.696211684 -4235586.517191217 0.6562500008620986 0.03125000004281372
1315487.629669097 -4750232.424844898 -4036635.381866902 0.6562500008620986 0.06250000010892995
1362815.429821587 -4909587.754286577 -3824699.097602252 0.6562500008620985 0.09375000018479249
1408764.561597968 -5064432.520000618 -3599520.337537473 0.6562500008620986 0.1250000003035794
1453013.846592303 -5213666.898278499 -3360962.545968949 0.6562500008620989 0.1562500004205225
1495217.246891577 -5356105.364679114 -3109035.494659653 0.6562500008620986 0.1875000004950058
1535008.422174709 -5490492.300644729 -2843920.61077901 0.6562500008620986 0.2187500005621105
1572007.071292605 -5615523.744482779 -2565994.513430641 0.6562500008620986 0.2500000006443777
1605827.092281108 -5729875.406391216 -2275848.891497213 0.6562500008620984 0.2812500007256591
1636086.445528928 -5832236.553333675 -1974304.669678685 0.6562500008620986 0.3125000008137811
1662418.425079209 -5921348.750335266 -1662418.406075962 0.6562500008620988 0.343750000879918
1684483.850608178 -5996047.781521245 -1341479.093670268 0.6562500008620986 0.3750000009705468
1701983.510963536 -6055306.447963714 -1012994.05213323 0.6562500008620986 0.4062500010389248
1714670.052878891 -6098275.465861238 -678663.3570741845 0.6562500008620986 0.4375000011540361
1722358.442798096 -6124319.46174666 -340343.2458463334 0.6562500008620986 0.4687500012127608
1724934.163213572 -6133045.176140374 0.0149029121392663 0.6562500008620986 0.5000000013670094
1722358.442382745 -6124319.460339606 340343.2732675546 0.6562500008620986 0.5312500013100503
1714670.052101879 -6098275.463229294 678663.3826872415 0.6562500008620986 0.5625000012235621
1701983.509912008 -6055306.44440252 1012994.075187468 0.6562500008620986 0.593750001133016
1684483.849345851 -5996047.777247175 1341479.114359299 0.6562500008620986 0.6250000010189026
1662418.423641076 -5921348.745467458 1662418.424852689 0.6562500008620986 0.6562500009731667
1636086.443975828 -5832236.548078701 1974304.68648929 0.6562500008620986 0.6875000008978924
1605827.090654955 -5729875.40089149 2275848.906491209 0.6562500008620986 0.718750000857315
1572007.069672119 -5615523.739005026 2565994.52641113 0.6562500008620986 0.750000000783163
1535008.420622233 -5490492.295399883 2843920.621742698 0.6562500008620986 0.7812500006993568
1495217.245394228 -5356105.359623733 3109035.504088948 0.6562500008620986 0.8125000006446051
1453013.845299178 -5213666.893915693 3360962.553295765 0.6562500008620984 0.8437500005130388
1408764.560605807 -5064432.516655754 3599520.342631915 0.6562500008620986 0.8750000003830569
1362815.429143542 -4909587.752002564 3824699.100775735 0.6562500008620986 0.9062500002690315
1315487.62917227 -4750232.423172796 4036635.383996508 0.6562500008620986 0.9375000002150855
1267074.563849734 -4587370.695453623 4235586.518079681 0.6562500008620986 0.9687500001013651
1515255.22030266 -4546822.425419785 -4197624.143375069 0.6875000007751403 0.03125000004281372
1571978.167930493 -4705213.669323933 -3997435.4235631 0.6875000007751404 0.06250000010892995
1627300.332283791 -4859822.811354069 -3784660.733908879 0.6875000007751403 0.09375000018479249
1680885.097349269 -5009693.930126698 -3559105.648328082 0.6875000007751401 0.1250000003035794
1732367.10742898 -5153788.991984917 -3320693.335915444 0.6875000007751404 0.1562500004205225
1781355.90330828 -5290998.164590374 -3069487.02034233 0.6875000007751402 0.1875000004950058
1827441.275900573 -5420155.033790025 -2805711.815710148 0.6875000007751401 0.2187500005621105
1870200.446402275 -5540057.037294652 -2529774.557900114 0.6875000007751403 0.2500000006443778
1909207.065750735 -5649491.096808474 -2242280.02871391 0.6875000007751404 0.2812500007256591
1944041.8743902 -5747263.996689138 -1944041.857311266 0.6875000007751401 0.3125000008137811
1974304.686836246 -5832236.552815531 -1636086.426671538 0.6875000007751401 0.343750000879918
1999627.1825134 -5903360.092140152 -1319648.344628423 0.6875000007751403 0.3750000009705468
2019685.816853267 -5959713.284497431 -996156.497638104 0.6875000007751402 0.4062500010389247
2034214.046079123 -6000537.023241769 -667210.3472213375 0.6875000007751402 0.4375000011540361
2043013.008427984 -6025264.906086016 -334546.9457076312 0.6875000007751401 0.4687500012127608
2045959.848146815 -6033546.991593838 0.01464832986274719 0.6875000007751401 0.5000000013670094
2043013.007952751 -6025264.904750391 334546.9726647014 0.6875000007751403 0.5312500013100503
2034214.045189666 -6000537.02074222 667210.3724127569 0.6875000007751403 0.5625000012235621
2019685.815648618 -5959713.281112689 996156.5203304213 0.6875000007751401 0.593750001133016
1999627.181065709 -5903360.088073431 1319648.36501428 0.6875000007751403 0.6250000010189026
1974304.685184735 -5832236.548177577 1636086.445197601 0.6875000007751401 0.6562500009731667
1944041.872603857 -5747263.991674274 1944041.87392329 0.6875000007751403 0.6875000008978924
1909207.06387703 -5649491.091550516 2242280.043556872 0.6875000007751403 0.718750000857315
1870200.444531456 -5540057.032047257 2529774.570774652 0.6875000007751403 0.750000000783163
1827441.274104515 -5420155.028754988 2805711.826606805 0.6875000007751403 0.7812500006993568
1781355.901572178 -5290998.159726288 3069487.029734286 0.6875000007751403 0.8125000006446053
1732367.105926252 -5153788.987777397 3320693.343229564 0.6875000007751403 0.8437500005130388
1680885.096193603 -5009693.926893189 3559105.653425272 0.6875000007751404 0.8750000003830569
1627300.331492146 -4859822.809140765 3784660.737091334 0.6875000007751402 0.9062500002690315
1571978.167349068 -4705213.667699684 3997435.425703578 0.6875000007751403 0.9375000002150855
1515255.220038208 -4546822.424681655 4197624.144270066 0.6875000007751403 0.9687500001013654
1760621.159813115 -4499159.834389184 -4153000.712284724 0.7187500007474678 0.03125000004281372
1824946.749446593 -4652428.15443023 -3951470.945046823 0.7187500007474679 0.06250000010892995
1887514.126341343 -4801620.086948358 -3737830.381849331 0.7187500007474679 0.09375000018479249
1947952.334747117 -4945837.225164614 -3511953.422773322 0.7187500007474678 0.1250000003035794
2005862.640148218 -5084113.489344778 -3273827.438384633 0.7187500007474675 0.1562500004205225
2060822.830851461 -5215425.539780634 -3023571.844498697 0.7187500007474678 0.1875000004950058
2112393.204186636 -5338707.290147505 -2761456.213853843 0.7187500007474675 0.2187500005621105
2160124.298405068 -5452868.671629446 -2487916.249676047 0.7187500007474678 0.2500000006443778
2203566.316439022 -5556818.518433438 -2203566.300852003 0.7187500007474678 0.2812500007256591
2242280.044367901 -5649491.096323219 -1909207.048801715 0.7187500007474678 0.3125000008137811
2275848.90717133 -5729875.405393935 -1605827.073625536 0.7187500007474678 0.343750000879918
2303891.644291826 -5797045.998242199 -1294597.229112751 0.7187500007474678 0.3750000009705468
2326074.94641362 -5850193.710725022 -976857.1495670496 0.7187500007474678 0.4062500010389246
2342125.299748833 -5888654.47044629 -654093.730262997 0.7187500007474676 0.4375000011540361
2351839.252017185 -5911934.269630607 -327912.0678451079 0.7187500007474678 0.4687500012127608
2355091.36513661 -5919728.512512966 0.01435696347468432 0.7187500007474678 0.5000000013670094
2351839.251492671 -5911934.268373542 327912.0942706963 0.7187500007474678 0.5312500013100503
2342125.298766619 -5888654.468092477 654093.754970863 0.7187500007474678 0.5625000012235621
2326074.945082176 -5850193.707534773 976857.1718432021 0.7187500007474678 0.593750001133016
2303891.642689829 -5797045.994404451 1294597.249148661 0.7187500007474678 0.6250000010189026
2275848.905341031 -5729875.401010397 1605827.091860759 0.7187500007474678 0.6562500009731667
2242280.042384648 -5649491.091574854 1909207.06518174 0.7187500007474678 0.6875000008978924
2203566.314354582 -5556818.513444649 2203566.315516863 0.7187500007474678 0.718750000857315
2160124.296319212 -5452868.666639389 2487916.262423997 0.7187500007474679 0.7500000007831631
2112393.202179351 -5338707.285347706 2761456.224668752 0.7187500007474678 0.7812500006993568
2060822.828906293 -5215425.53513185 3023571.853843283 0.7187500007474678 0.8125000006446051
2005862.638460124 -5084113.485312724 3273827.445680529 0.7187500007474678 0.8437500005130388
1947952.333445411 -4945837.222057441 3511953.427871121 0.7187500007474676 0.8750000003830567
1887514.125447245 -4801620.0848156 3737830.385040573 0.7187500007474678 0.9062500002690315
1824946.748788133 -4652428.152860713 3951470.947198865 0.7187500007474678 0.9375000002150855
1760621.159512814 -4499159.83367394 4153000.713186893 0.7187500007474678 0.9687500001013651
2002736.099754579 -4444508.173351616 -4101833.274494527 0.7500000006803103 0.03125000004281372
2073872.275316391 -4592075.455390241 -3898914.951326396 0.7500000006803105 0.06250000010892995
2142852.684808954 -4735266.25706053 -3684437.113854845 0.7500000006803105 0.09375000018479249
2209282.49318085 -4873248.652522986 -3458346.344137256 0.7500000006803103 0.1250000003035794
2272741.850858802 -5005137.708682394 -3220695.886990956 0.7500000006803103 0.1562500004205225
2332790.726450897 -5130005.668342089 -2971661.196933919 0.7500000006803105 0.1875000004950058
2388975.289190441 -5246895.413908364 -2711554.274423587 0.7500000006803105 0.2187500005621105
2440835.849884741 -5354837.231435381 -2440835.836091992 0.7500000006803105 0.2500000006443778
2487916.263605201 -5452868.671371708 -2160124.283012826 0.7500000006803103 0.2812500007256591
2529774.57183541 -5540057.036567615 -1870200.429706028 0.7500000006803106 0.3125000008137811
2565994.52733057 -5615523.743264548 -1572007.052955448 0.7500000006803105 0.343750000879918
2596197.516381895 -5678469.528339007 -1266642.519283897 0.7500000006803103 0.3750000009705468
2620054.284788307 -5728199.246340548 -955348.0721632376 0.7500000006803103 0.4062500010389248
2637295.807288733 -5764144.858644746 -639488.7594138087 0.7500000006803105 0.4375000011540361
2647722.626105877 -5785885.186996318 -320528.466916083 0.7500000006803103 0.4687500012127608
2651212.037949193 -5793161.117199597 0.01403277975168426 0.7500000006803105 0.5000000013670094
2647722.625543037 -5785885.185822728 320528.4927499885 0.7500000006803105 0.5312500013100503
2637295.806234125 -5764144.856445938 639488.7835824257 0.7500000006803103 0.5625000012235621
2620054.283357368 -5728199.243357468 955348.0939739381 0.7500000006803105 0.593750001133016
2596197.514657917 -5678469.524745663 1266642.538926759 0.7500000006803105 0.6250000010189026
2565994.525357651 -5615523.739153276 1572007.070862143 0.7500000006803103 0.6562500009731667
2529774.569693448 -5540057.032105314 1870200.445821997 0.7500000006803105 0.6875000008978924
2487916.261348956 -5452868.66667285 2160124.297472924 0.7500000006803105 0.718750000857315
2440835.847621429 -5354837.226723567 2440835.848692335 0.7500000006803105 0.750000000783163
2388975.28700662 -5246895.409363954 2711554.285141108 0.7500000006803105 0.7812500006993568
2332790.724328735 -5130005.663928056 2971661.206219827 0.7500000006803105 0.8125000006446051
2272741.849011732 -5005137.704842512 3220695.894261763 0.7500000006803105 0.8437500005130388
2209282.491752287 -4873248.649554801 3458346.349232406 0.7500000006803105 0.8750000003830568
2142852.683824728 -4735266.255016798 3684437.117053886 0.7500000006803105 0.9062500002690315
2073872.274589334 -4592075.453881493 3898914.953490105 0.7500000006803105 0.9375000002150855
2002736.099421981 -4444508.172661895 4101833.275404261 0.7500000006803105 0.9687500001013651
2241178.107495289 -4383009.146665022 -4044254.258912833 0.7812500006079491 0.03125000004281372
2318261.672697912 -4524378.809799213 -3839960.963647903 0.781250000607949 0.06250000010892995
2392756.594692619 -4661078.813289016 -3624734.635095823 0.7812500006079491 0.09375000018479249
2464256.035484079 -4792352.022521697 -3398594.604216938 0.7812500006079489 0.1250000003035794
2532332.432250535 -4917402.517068746 -3161658.732010469 0.7812500006079491 0.1562500004205225
2596542.647350984 -5035405.178803815 -2914155.446396653 0.7812500006079494 0.1875000004950058
2656434.449326763 -5145517.767588397 -2656434.437335531 0.7812500006079492 0.2187500005621105
2711554.286593543 -5246895.413793684 -2388975.275629069 0.7812500006079491 0.2500000006443778
2761456.226107659 -5338707.289785339 -2112393.18908297 0.7812500006079492 0.2812500007256591
2805711.827916936 -5420155.032984679 -1827441.259547859 0.7812500006079489 0.3125000008137811
2843920.622902714 -5490492.299378254 -1535008.404243029 0.7812500006079489 0.343750000879918
2875720.766948059 -5549044.650349515 -1236112.672441754 0.7812500006079494 0.3750000009705468
2900799.369659415 -5595228.835182823 -931889.6388104176 0.7812500006079489 0.4062500010389248
2918901.955901263 -5628570.456869816 -623575.9648094855 0.7812500006079488 0.4375000011540361
2929840.518577461 -5648719.009074104 -312488.5473527422 0.7812500006079491 0.4687500012127608
2933499.672787438 -5655459.368588548 0.01367985110040788 0.7812500006079491 0.5000000013670094
2929840.517987181 -5648719.007986785 312488.5725421082 0.7812500006079491 0.5312500013100503
2918901.954794557 -5628570.454831354 623575.9883895955 0.7812500006079491 0.5625000012235621
2900799.368156245 -5595228.832414407 931889.6601115536 0.7812500006079491 0.593750001133016
2875720.765134512 -5549044.647009981 1236112.691652366 0.7812500006079494 0.6250000010189026
2843920.620823641 -5490492.295550507 1535008.421786212 0.7812500006079491 0.6562500009731669
2805711.825655005 -5420155.028821253 1827441.27536929 0.7812500006079491 0.6875000008978926
2761456.223719355 -5338707.285390539 2112393.203312209 0.7812500006079488 0.7187500008573149
2711554.284191433 -5246895.40937488 2388975.288060532 0.7812500006079491 0.750000000783163
2656434.447002389 -5145517.763314128 2656434.44793917 0.7812500006079491 0.7812500006993568
2596542.645085371 -5035405.174639266 2914155.455611312 0.7812500006079492 0.8125000006446053
2532332.430272338 -4917402.513434102 3161658.739247956 0.7812500006079491 0.8437500005130388
2464256.033949078 -4792352.019702701 3398594.609305001 0.7812500006079492 0.8750000003830569
2392756.593631514 -4661078.81134133 3624734.638300824 0.7812500006079491 0.9062500002690315
2318261.67191141 -4524378.808356361 3839960.965822752 0.781250000607949 0.9375000002150855
2241178.107134273 -4383009.146003123 4044254.259830237 0.7812500006079491 0.9687500001013651
2475541.103394942 -4314819.807522055 -3980410.440396504 0.8125000005711651 0.03125000004281372
2557652.321046844 -4449582.465800697 -3774820.722191013 0.8125000005711651 0.06250000010892995
2636714.315724304 -4579401.251766408 -3558997.442057914 0.8125000005711652 0.09375000018479249
2712321.244005399 -4703601.093932174 -3333030.335667089 0.8125000005711649 0.1250000003035794
2784051.934165934 -4821481.278219109 -3097097.691654164 0.8125000005711652 0.1562500004205226
2851475.074415136 -4932324.08316407 -2851475.063651952 0.8125000005711653 0.1875000004950058
2914155.45727016 -5035405.178612876 -2596542.635517696 0.8125000005711651 0.2187500005621105
2971661.20794341 -5130005.668032892 -2332790.713106238 0.8125000005711651 0.2500000006443778
3023571.855549894 -5215425.539231101 -2060822.816028236 0.8125000005711651 0.2812500007256591
3069487.031304758 -5290998.163621207 -1781355.887297349 0.8125000005711651 0.3125000008137811
3109035.505502064 -5356105.36327655 -1495217.229370943 0.8125000005711651 0.343750000879918
3141884.213422954 -5410192.461977212 -1203337.905082603 0.8125000005711649 0.3750000009705468
3167746.874395702 -5452782.659708683 -906742.5244999533 0.8125000005711649 0.4062500010389247
3186391.789673673 -5483490.038961922 -606535.5350724175 0.8125000005711651 0.4375000011540361
3197648.413874741 -5502030.526297229 -303884.3677088247 0.8125000005711653 0.4687500012127608
3201412.340142249 -5508230.20836865 0.01330223340694651 0.8125000005711651 0.5000000013670094
3197648.413267491 -5502030.52529702 303884.3922081206 0.8125000005711651 0.5312500013100503
3186391.788534418 -5483490.037085535 606535.5580212211 0.8125000005711651 0.5625000012235621
3167746.872846676 -5452782.657157613 906742.545252663 0.8125000005711651 0.593750001133016
3141884.211551338 -5410192.458895256 1203337.92382578 0.8125000005711649 0.6250000010189026
3109035.503352456 -5356105.359737391 1495217.24651849 0.8125000005711653 0.6562500009731667
3069487.028960953 -5290998.159763058 1781355.902795505 0.8125000005711651 0.6875000008978926
3023571.853068927 -5215425.535148102 2060822.830001275 0.8125000005711649 0.718750000857315
2971661.205441131 -5130005.663915885 2332790.725347457 0.8125000005711651 0.7500000007831631
2914155.454841508 -5035405.174618183 2596542.645990225 0.8125000005711651 0.7812500006993566
2851475.072040212 -4932324.07925903 2851475.072781601 0.8125000005711651 0.8125000006446051
2784051.932085232 -4821481.274799076 3097097.698848772 0.8125000005711651 0.8437500005130388
2712321.242385157 -4703601.091270034 3333030.340742426 0.8125000005711651 0.8750000003830568
2636714.314600221 -4579401.249920262 3558997.445266156 0.8125000005711651 0.9062500002690315
2557652.320210596 -4449582.464427902 3774820.724375804 0.8125000005711653 0.9375000002150855
2475541.103009672 -4314819.806889895 3980410.441321385 0.8125000005711651 0.9687500001013651
2705436.171444626 -4240111.367916259 -3910461.828212412 0.8437500004554949 0.03125000004281372
2791613.958665269 -4367948.894706478 -3703721.77127517 0.8437500004554951 0.06250000010892995
2874264.338483687 -4490598.129379049 -3487516.87493241 0.8437500004554951 0.09375000018479249
2952996.164161365 -4607471.921133907 -3262002.015696939 0.8437500004554951 0.1250000003035794
3027408.933934908 -4717968.985302344 -3027408.925212495 0.8437500004554951 0.1562500004205225
3097097.700697721 -4821481.278415394 -2784051.923765568 0.8437500004554951 0.1875000004950058
3161658.741118159 -4917402.517100018 -2532332.420818708 0.8437500004554951 0.2187500005621105
3220695.896193647 -5005137.708616589 -2272741.837962613 0.8437500004554951 0.2500000006443778
3273827.447590488 -5084113.489069067 -2005862.625821898 0.8437500004554951 0.2812500007256591
3320693.344996605 -5153788.99133435 -1732367.091957164 0.843750000455495 0.3125000008137811
3360962.554899407 -5213666.897240883 -1453013.829658435 0.8437500004554952 0.343750000879918
3394340.266228284 -5263304.275800361 -1168641.629158803 0.8437500004554951 0.3750000009705468
3420574.664608597 -5302322.773589632 -880160.8764939044 0.8437500004554951 0.4062500010389247
3439462.982780357 -5330417.716991808 -588542.5663989694 0.843750000455495 0.4375000011540361
3450856.54725481 -5347365.704847629 -294805.2049880184 0.8437500004554951 0.4687500012127608
3454664.57756372 -5353030.324641033 0.01290385806797084 0.8437500004554951 0.5000000013670094
3450856.546640377 -5347365.703933639 294805.2287588268 0.8437500004554951 0.5312500013100503
3439462.981626863 -5330417.715276009 588542.5886799811 0.8437500004554951 0.5625000012235621
3420574.663038488 -5302322.771254298 880160.8966645108 0.8437500004554951 0.593750001133016
3394340.264328335 -5263304.272974698 1168641.6474034 0.8437500004554951 0.6250000010189026
3360962.552713108 -5213666.893989749 1453013.846381194 0.8437500004554951 0.6562500009731667
3320693.342607388 -5153788.987781988 1732367.107105215 0.8437500004554951 0.6875000008978924
3273827.445054863 -5084113.485299688 2005862.639514333 0.843750000455495 0.718750000857315
3220695.893628805 -5005137.704804544 2272741.849992307 0.8437500004554951 0.750000000783163
3161658.738620892 -4917402.51338925 2532332.431142334 0.8437500004554951 0.7812500006993568
3097097.698247399 -4821481.274775305 2784051.932795392 0.8437500004554951 0.8125000006446051
3027408.931780448 -4717968.982102658 3027408.932353404 0.8437500004554951 0.8437500005130388
2952996.162477411 -4607471.918633748 3262002.020752766 0.8437500004554951 0.8750000003830569
2874264.3373109 -4490598.127638387 3487516.878140282 0.8437500004554951 0.9062500002690315
2791613.957789358 -4367948.893406894 3703721.773468025 0.8437500004554951 0.9375000002150855
2705436.171039477 -4240111.367315364 3910461.829144263 0.8437500004554951 0.9687500001013651
2930492.672872711 -4159067.941760289 -3834580.492056619 0.8750000003729103 0.03125000004281372
3019750.068157649 -4279755.927731143 -3626904.978754202 0.8750000003729105 0.06250000010892995
3104996.369511927 -4395050.115347606 -3410597.166025438 0.8750000003729105 0.09375000018479249
3185869.011215867 -4504455.386520301 -3185869.00456103 0.8750000003729105 0.1250000003035794
3262002.022742407 -4607471.921464294 -2952996.155863155 0.8750000003729105 0.1562500004205225
3333030.342999545 -4703601.094465951 -2712321.23406927 0.8750000003729105 0.1875000004950058
3398594.61157798 -4792352.022923233 -2464256.024551168 0.8750000003729105 0.2187500005621105
3458346.351562035 -4873248.652854892 -2209282.480826192 0.8750000003729105 0.2500000006443778
3511953.43017303 -4945837.225322566 -1947952.321005178 0.8750000003729105 0.2812500007256591
3559105.655578404 -5009693.929959084 -1680885.082496993 0.8750000003729103 0.3125000008137811
3599520.344616933 -5064432.519495847 -1408764.545323935 0.8750000003729105 0.343750000879918
3632947.680249789 -5109711.637324189 -1132333.491495077 0.8750000003729106 0.3750000009705468
3659175.668274087 -5145241.597423628 -852386.8446031085 0.8750000003729105 0.4062500010389247
3678034.506256304 -5170790.360631845 -569763.2992609806 0.8750000003729104 0.4375000011540361
3689400.189269541 -5186188.4671536 -285335.6384696175 0.8750000003729105 0.4687500012127608
3693197.203109335 -5191332.720886361 0.01248844555782514 0.8750000003729105 0.5000000013670094
3689400.188656816 -5186188.466323478 285335.6614802694 0.8750000003729105 0.5312500013100503
3678034.505105244 -5170790.359072423 569763.3208437434 0.8750000003729105 0.5625000012235621
3659175.666705564 -5145241.595298743 852386.864162949 0.8750000003729105 0.593750001133016
3632947.678348855 -5109711.634749162 1132333.509213927 0.8750000003729105 0.6250000010189026
3599520.342425274 -5064432.516527254 1408764.561595747 0.8750000003729106 0.6562500009731667
3559105.65317779 -5009693.926707807 1680885.097270129 0.8750000003729105 0.6875000008978924
3511953.427618529 -4945837.221863305 1947952.334393716 0.8750000003729105 0.718750000857315
3458346.348970394 -4873248.649345838 2209282.492623368 0.8750000003729106 0.750000000783163
3398594.60904637 -4792352.019496016 2464256.034707716 0.8750000003729104 0.7812500006993568
3333030.340506788 -4703601.091091942 2712321.242983561 0.8750000003729105 0.8125000006446051
3262002.020542453 -4607471.918487187 2952996.162938406 0.8750000003729105 0.8437500005130388
3185869.009489633 -4504455.384184764 3185869.009589443 0.8750000003729104 0.8750000003830567
3104996.368304824 -4395050.113714815 3410597.169228469 0.8750000003729105 0.9062500002690315
3019750.067252357 -4279755.926506904 3626904.98095255 0.8750000003729105 0.9375000002150855
2930492.672452201 -4159067.941191777 3834580.492994606 0.8750000003729105 0.9687500001013651
3150359.147955919 -4071885.243843104 -3752949.34682887 0.9062500002797306 0.03125000004281372
3241698.73904374 -4185293.879050761 -3544622.043499485 0.9062500002797306 0.06250000010892995
3328551.585942023 -4293149.159948232 -3328551.581417754 0.9062500002797305 0.09375000018479249
3410597.171025738 -4395050.115814907 -3104996.363358031 0.9062500002797306 0.1250000003035794
3487516.880297377 -4490598.130183077 -2874264.330717881 0.9062500002797306 0.1562500004205225
3558997.447684253 -4579401.252787047 -2636714.306357326 0.9062500002797308 0.1875000004950058
3624734.640726506 -4661078.814215568 -2392756.5843579 0.9062500002797307 0.2187500005621105
3684437.119528241 -4735266.257949732 -2142852.673089117 0.9062500002797303 0.2500000006443778
3737830.387479985 -4801620.0877035 -1887514.113270004 0.9062500002797307 0.2812500007256591
3784660.739376629 -4859822.811835706 -1627300.318128905 0.9062500002797306 0.3125000008137811
3824699.102889291 -4909587.754482814 -1362815.414276729 0.9062500002797306 0.343750000879918
3857744.664759087 -4950663.597291071 -1094704.091515065 0.9062500002797306 0.3750000009705468
3883628.171242519 -4982838.513325076 -823646.5125621766 0.9062500002797306 0.4062500010389247
3902214.798099563 -5005943.761929206 -550352.3615783367 0.9062500002797305 0.4375000011540361
3913406.49358544 -5019856.623567852 -275554.1594410671 0.9062500002797306 0.4687500012127608
3917143.714468042 -5024502.574405102 0.01205944798115431 0.9062500002797306 0.5000000013670094
3913406.492982298 -5019856.622818054 275554.1816661684 0.9062500002797306 0.5312500013100503
3902214.796965749 -5005943.760519722 550352.3824380374 0.9062500002797307 0.5625000012235621
3883628.16969578 -4982838.511402339 823646.5314873399 0.9062500002797306 0.593750001133016
3857744.662881685 -4950663.594957388 1094704.108684839 0.9062500002797305 0.6250000010189026
3824699.100720565 -4909587.751787147 1362815.43007442 0.9062500002797306 0.6562500009731667
3784660.736995607 -4859822.808876356 1627300.332504419 0.9062500002797306 0.6875000008978924
3737830.384939518 -4801620.084546226 1887514.126332617 0.9062500002797306 0.718750000857315
3684437.116943047 -4735266.254737151 2142852.684633265 0.9062500002797307 0.7500000007831631
3624734.638192787 -4661078.811067284 2392756.59432902 0.9062500002797305 0.7812500006993568
3558997.44518044 -4579401.249676272 2636714.31513968 0.9062500002797306 0.8125000006446051
3487516.878079183 -4490598.1274275 2874264.337714516 0.9062500002797306 0.8437500005130388
3410597.169278159 -4395050.113644246 3104996.368350133 0.9062500002797306 0.8750000003830568
3328551.584714848 -4293149.158424183 3328551.584610641 0.9062500002797306 0.9062500002690315
3241698.738119391 -4185293.877902983 3544622.045700072 0.9062500002797306 0.9375000002150855
3150359.147524644 -4071885.243307673 3752949.34777183 0.9062500002797306 0.9687500001013651
3364704.014862163 -3978769.261011938 -3665760.911461215 0.93750000017302 0.03125000004281372
3457133.038183483 -4084862.706560071 -3457133.03545799 0.93750000017302 0.06250000010892995
3544622.04667684 -4185293.879501265 -3241698.734987836 0.9375000001730199 0.09375000018479249
3626904.982390143 -4279755.928643937 -3019750.062497 0.93750000017302 0.1250000003035794
3703721.775257717 -4367948.895957279 -2791613.95142441 0.93750000017302 0.1562500004205225
3774820.726417566 -4449582.467276162 -2557652.312242018 0.93750000017302 0.1875000004950058
3839960.967864937 -4524378.811212868 -2318261.662953907 0.93750000017302 0.2187500005621105
3898914.95557409 -4592075.456793031 -2073872.264224529 0.93750000017302 0.2500000006443778
3951470.949243047 -4652428.155732811 -1824946.73703997 0.93750000017302 0.2812500007256591
3997435.427592176 -4705213.670398591 -1571978.154468175 0.9375000001730199 0.3125000008137811
4036635.385713767 -4750232.425679598 -1315487.614850701 0.93750000017302 0.343750000879918
4068920.461455103 -4787310.963556796 -1056021.314444406 0.93750000017302 0.3750000009705468
4094164.838349516 -4816304.139770022 -794147.1586907754 0.93750000017302 0.4062500010389247
4112268.877516072 -4837097.007640601 -530450.9569102998 0.93750000017302 0.4375000011540361
4123160.434933261 -4849606.338716306 -265532.2716424015 0.93750000017302 0.4687500012127608
4126795.829458274 -4853781.740248091 0.01162000438923126 0.93750000017302 0.5000000013670094
4123160.434346488 -4849606.338042375 265532.29306228 0.93750000017302 0.5312500013100503
4112268.876412297 -4837097.006372885 530450.9770273146 0.93750000017302 0.5625000012235621
4094164.836842116 -4816304.138038754 794147.1769617727 0.93750000017302 0.593750001133016
4068920.459622672 -4787310.961452272 1056021.331045422 0.93750000017302 0.6250000010189026
4036635.383592913 -4750232.423243888 1315487.630154 0.93750000017302 0.6562500009731667
3997435.425258317 -4705213.66771834 1571978.168425496 0.93750000017302 0.6875000008978924
3951470.946746211 -4652428.152865505 1824946.74975602 0.93750000017302 0.718750000857315
3898914.953025583 -4592075.453866516 2073872.275495805 0.93750000017302 0.750000000783163
3839960.965358803 -4524378.808335157 2318261.672721274 0.93750000017302 0.7812500006993568
3774820.723931985 -4449582.464422209 2557652.320875531 0.93750000017302 0.8125000006446051
3703721.773047075 -4367948.893419166 2791613.958328642 0.93750000017302 0.8437500005130388
3626904.980641308 -4279755.926636172 3019750.067442972 0.93750000017302 0.8750000003830568
3544622.045443457 -4185293.878085373 3241698.738164504 0.93750000017302 0.9062500002690315
3457133.037250279 -4084862.705488862 3457133.037656908 0.93750000017302 0.9375000002150855
3364704.014424739 -3978769.260509868 3665760.912407656 0.93750000017302 0.9687500001013651
3573216.062232224 -3879934.91617193 -3573216.061040186 0.9687500000810876 0.03125000004281372
3665760.913085671 -3978769.261446734 -3364704.012578213 0.9687500000810879 0.06250000010892995
3752949.348894431 -4071885.244723544 -3150359.144357283 0.9687500000810878 0.09375000018479249
3834580.494568257 -4159067.94309331 -2930492.667694335 0.9687500000810878 0.1250000003035794
3910461.831058033 -4240111.369583824 -2705436.164718038 0.9687500000810878 0.1562500004205225
3980410.443474587 -4314819.809417468 -2475541.095142039 0.9687500000810878 0.1875000004950058
4044254.261975324 -4383009.148525126 -2241178.098331203 0.9687500000810879 0.2187500005621105
4101833.277582185 -4444508.175221771 -2002736.089280421 0.9687500000810876 0.2500000006443778
4153000.715318788 -4499159.836187132 -1760621.148061736 0.9687500000810878 0.2812500007256591
4197624.146244675 -4546822.427029016 -1515255.207524338 0.9687500000810877 0.3125000008137811
4235586.519883315 -4587370.6976202 -1267074.549976562 0.9687500000810878 0.343750000879918
4266787.100046508 -4620696.854010147 -1016528.123672651 0.968750000081088 0.3750000009705468
4291142.287199838 -4646711.438866976 -764075.6997236205 0.9687500000810876 0.4062500010389247
4308586.31340743 -4665344.075499907 -510185.8848655926 0.9687500000810878 0.4375000011540361
4319071.796411802 -4676544.061070123 -255334.0210584872 0.9687500000810878 0.4687500012127608
4322570.143351797 -4680280.798820048 0.01117292780804407 0.9687500000810878 0.5000000013670094
4319071.795847087 -4676544.060466927 255334.0416586075 0.9687500000810878 0.5312500013100503
4308586.312344465 -4665344.074364512 510185.9042249881 0.9687500000810878 0.5625000012235621
4291142.285746617 -4646711.437314735 764075.7173250171 0.9687500000810878 0.593750001133016
4266787.098277307 -4620696.852120413 1016528.139688632 0.9687500000810878 0.6250000010189026
4235586.517831764 -4587370.695428895 1267074.564767992 0.9687500000810878 0.6562500009731667
4197624.143981921 -4546822.424612139 1515255.221045032 0.9687500000810878 0.6875000008978924
4153000.712891582 -4499159.83359463 1760621.160412074 0.9687500000810878 0.718750000857315
4101833.275097284 -4444508.172567672 2002736.100259808 0.9687500000810878 0.750000000783163
4044254.259523556 -4383009.14590646 2241178.107876726 0.9687500000810878 0.7812500006993568
3980410.441034035 -4314819.806810822 2475541.103609525 0.9687500000810878 0.8125000006446051
3910461.828878889 -4240111.367256413 2705436.17151544 0.9687500000810878 0.8437500005130388
3834580.492837107 -4159067.941244411 2930492.672583588 0.9687500000810878 0.8750000003830568
3752949.347668125 -4071885.243413853 3150359.14751095 0.9687500000810878 0.9062500002690315
3665760.912153535 -3978769.260451238 3364704.014770927 0.9687500000810878 0.9375000002150855
3573216.06179321 -3879934.915703083 3573216.061988292 0.9687500000810878 0.9687500001013651
2 4 1 961
3264
3265
3266
3267
3268
3269
3270
3271
3272
3273
3274
3275
3276
3277
3278
3279
3280
3281
3282
3283
3284
3285
3286
3287
3288
3289
3290
3291
3292
3293
3294
3295
3296
3297
3298
3299
3300
3301
3302
3303
3304
3305
3306
3307
3308
3309
3310
3311
3312
3313
3314
3315
3316
3317
3318
3319
3320
3321
3322
3323
3324
3325
3326
3327
3328
3329
3330
3331
3332
3333
3334
3335
3336
3337
3338
3339
3340
3341
3342
3343
3344
3345
3346
3347
3348
3349
3350
3351
3352
3353
3354
3355
3356
3357
3358
3359
3360
3361
3362
3363
3364
3365
3366
3367
3368
3369
3370
3371
3372
3373
3374
3375
3376
3377
3378
3379
3380
3381
3382
3383
3384
3385
3386
3387
3388
3389
3390
3391
3392
3393
3394
3395
3396
3397
3398
3399
3400
3401
3402
3403
3404
3405
3406
3407
3408
3409
3410
3411
3412
3413
3414
3415
3416
3417
3418
3419
3420
3421
3422
3423
3424
3425
3426
3427
3428
3429
3430
3431
3432
3433
3434
3435
3436
3437
3438
3439
3440
3441
3442
3443
3444
3445
3446
3447
3448
3449
3450
3451
3452
3453
3454
3455
3456
3457
3458
3459
3460
3461
3462
3463
3464
3465
3466
3467
3468
3469
3470
3471
3472
3473
3474
3475
3476
3477
3478
3479
3480
3481
3482
3483
3484
3485
3486
3487
3488
3489
3490
3491
3492
3493
3494
3495
3496
3497
3498
3499
3500
3501
3502
3503
3504
3505
3506
3507
3508
3509
3510
3511
3512
3513
3514
3515
3516
3517
3518
3519
3520
3521
3522
3523
3524
3525
3526
3527
3528
3529
3530
3531
3532
3533
3534
3535
3536
3537
3538
3539
3540
3541
3542
3543
3544
3545
3546
3547
3548
3549
3550
3551
3552
3553
3554
3555
3556
3557
3558
3559
3560
3561
3562
3563
3564
3565
3566
3567
3568
3569
3570
3571
3572
3573
3574
3575
3576
3577
3578
3579
3580
3581
3582
3583
3584
3585
3586
3587
3588
3589
3590
3591
3592
3593
3594
3595
3596
3597
3598
3599
3600
3601
3602
3603
3604
3605
3606
3607
3608
3609
3610
3611
3612
3613
3614
3615
3616
3617
3618
3619
3620
3621
3622
3623
3624
3625
3626
3627
3628
3629
3630
3631
3632
3633
3634
3635
3636
3637
3638
3639
3640
3641
3642
3643
3644
3645
3646
3647
3648
3649
3650
3651
3652
3653
3654
3655
3656
3657
3658
3659
3660
3661
3662
3663
3664
3665
3666
3667
3668
3669
3670
3671
3672
3673
3674
3675
3676
3677
3678
3679
3680
3681
3682
3683
3684
3685
3686
3687
3688
3689
3690
3691
3692
3693
3694
3695
3696
3697
3698
3699
3700
3701
3702
3703
3704
3705
3706
3707
3708
3709
3710
3711
3712
3713
3714
3715
3716
3717
3718
3719
3720
3721
3722
3723
3724
3725
3726
3727
3728
3729
3730
3731
3732
3733
3734
3735
3736
3737
3738
3739
3740
3741
3742
3743
3744
3745
3746
3747
3748
3749
3750
3751
3752
3753
3754
3755
3756
3757
3758
3759
3760
3761
3762
3763
3764
3765
3766
3767
3768
3769
3770
3771
3772
3773
3774
3775
3776
3777
3778
3779
3780
3781
3782
3783
3784
3785
3786
3787
3788
3789
3790
3791
3792
3793
3794
3795
3796
3797
3798
3799
3800
3801
3802
3803
3804
3805
3806
3807
3808
3809
3810
3811
3812
3813
3814
3815
3816
3817
3818
3819
3820
3821
3822
3823
3824
3825
3826
3827
3828
3829
3830
3831
3832
3833
3834
3835
3836
3837
3838
3839
3840
3841
3842
3843
3844
3845
3846
3847
3848
3849
3850
3851
3852
3853
3854
3855
3856
3857
3858
3859
3860
3861
3862
3863
3864
3865
3866
3867
3868
3869
3870
3871
3872
3873
3874
3875
3876
3877
3878
3879
3880
3881
3882
3883
3884
3885
3886
3887
3888
3889
3890
3891
3892
3893
3894
3895
3896
3897
3898
3899
3900
3901
3902
3903
3904
3905
3906
3907
3908
3909
3910
3911
3912
3913
3914
3915
3916
3917
3918
3919
3920
3921
3922
3923
3924
3925
3926
3927
3928
3929
3930
3931
3932
3933
3934
3935
3936
3937
3938
3939
3940
3941
3942
3943
3944
3945
3946
3947
3948
3949
3950
3951
3952
3953
3954
3955
3956
3957
3958
3959
3960
3961
3962
3963
3964
3965
3966
3967
3968
3969
3970
3971
3972
3973
3974
3975
3976
3977
3978
3979
3980
3981
3982
3983
3984
3985
3986
3987
3988
3989
3990
3991
3992
3993
3994
3995
3996
3997
3998
3999
4000
4001
4002
4003
4004
4005
4006
4007
4008
4009
4010
4011
4012
4013
4014
4015
4016
4017
4018
4019
4020
4021
4022
4023
4024
4025
4026
4027
4028
4029
4030
4031
4032
4033
4034
4035
4036
4037
4038
4039
4040
4041
4042
4043
4044
4045
4046
4047
4048
4049
4050
4051
4052
4053
4054
4055
4056
4057
4058
4059
4060
4061
4062
4063
4064
4065
4066
4067
4068
4069
4070
4071
4072
4073
4074
4075
4076
4077
4078
4079
4080
4081
4082
4083
4084
4085
4086
4087
4088
4089
4090
4091
4092
4093
4094
4095
4096
4097
4098
4099
4100
4101
4102
4103
4104
4105
4106
4107
4108
4109
4110
4111
4112
4113
4114
4115
4116
4117
4118
4119
4120
4121
4122
4123
4124
4125
4126
4127
4128
4129
4130
4131
4132
4133
4134
4135
4136
4137
4138
4139
4140
4141
4142
4143
4144
4145
4146
4147
4148
4149
4150
4151
4152
4153
4154
4155
4156
4157
4158
4159
4160
4161
4162
4163
4164
4165
4166
4167
4168
4169
4170
4171
4172
4173
4174
4175
4176
4177
4178
4179
4180
4181
4182
4183
4184
4185
4186
4187
4188
4189
4190
4191
4192
4193
4194
4195
4196
4197
4198
4199
4200
4201
4202
4203
4204
4205
4206
4207
4208
4209
4210
4211
4212
4213
4214
4215
4216
4217
4218
4219
4220
4221
4222
4223
4224
3879934.916634906 -3573216.061295989 -3573216.061473705 0.03125000006128567 0.03125000004281375
3978769.261942518 -3665760.91215108 -3364704.01301016 0.03125000006128567 0.06250000010892998
4071885.245252271 -3752949.347963278 -3150359.144783157 0.03125000006128567 0.0937500001847925
4159067.943654704 -3834580.493642013 -2930492.66810958 0.03125000006128567 0.1250000003035794
4240111.370177194 -3910461.830137848 -2705436.165118117 0.03125000006128567 0.1562500004205225
4314819.810041714 -3980410.442561285 -2475541.095522485 0.03125000006128567 0.1875000004950058
4383009.14917874 -4044254.261069407 -2241178.098687698 0.03125000006128566 0.2187500005621105
4444508.175902853 -4101833.276683843 -2002736.089608857 0.03125000006128567 0.2500000006443777
4499159.836893421 -4153000.714427914 -1760621.148358275 0.03125000006128566 0.2812500007256593
4546822.427757904 -4197624.145360885 -1515255.207785481 0.03125000006128566 0.312500000813781
4587370.698368768 -4235586.519005977 -1267074.550199189 0.03125000006128566 0.3437500008799181
4620696.854775207 -4266787.099174764 -1016528.123854087 0.03125000006128567 0.3750000009705468
4646711.439645107 -4291142.286332649 -764075.6998616676 0.03125000006128566 0.4062500010389248
4665344.076287511 -4308586.312543604 -510185.8849585707 0.03125000006128566 0.4375000011540361
4676544.061863462 -4319071.795550034 -255334.0211052622 0.03125000006128566 0.4687500012127609
4680280.79961531 -4322570.142490724 0.0111729278828896 0.03125000006128566 0.5000000013670094
4676544.061260268 -4319071.794985321 255334.0417053835 0.03125000006128566 0.5312500013100503
4665344.075152112 -4308586.311480639 510185.9043179673 0.03125000006128566 0.5625000012235621
4646711.438092865 -4291142.284879426 764075.7174630669 0.03125000006128566 0.5937500011330162
4620696.85288547 -4266787.097405565 1016528.139870067 0.03125000006128566 0.6250000010189025
4587370.696177463 -4235586.516954426 1267074.564990622 0.03125000006128564 0.6562500009731669
4546822.425341027 -4197624.143098131 1515255.221306174 0.03125000006128564 0.6875000008978924
4499159.834300918 -4153000.712000708 1760621.160708614 0.03125000006128564 0.718750000857315
4444508.173248756 -4101833.27419894 2002736.100588243 0.03125000006128566 0.750000000783163
4383009.146560073 -4044254.258617639 2241178.10823322 0.03125000006128564 0.7812500006993567
4314819.807435067 -3980410.440120733 2475541.103989971 0.03125000006128564 0.812500000644605
4240111.367849784 -3910461.827958704 2705436.171915519 0.03125000006128564 0.8437500005130391
4159067.941805806 -3834580.491910864 2930492.672998835 0.03125000006128564 0.8750000003830568
4071885.243942579 -3752949.346736971 3150359.147936823 0.03125000006128564 0.9062500002690315
3978769.260947022 -3665760.911218944 3364704.015202873 0.03125000006128564 0.9375000002150854
3879934.91616606 -3573216.060856974 3573216.062421812 0.03125000006128564 0.9687500001013651
3978769.26202499 -3364704.012630778 -3665760.912409791 0.06250000015670962 0.03125000004281375
4084862.707650171 -3457133.035945785 -3457133.036407651 0.06250000015670962 0.06250000010892998
4185293.880669287 -3544622.044437444 -3241698.735928486 0.06250000015670962 0.09375000018479251
4279755.929889765 -3626904.980153026 -3019750.063418256 0.06250000015670962 0.1250000003035794
4367948.897279783 -3703721.77302619 -2791613.952315769 0.06250000015670965 0.1562500004205225
4449582.468673168 -3774820.724194244 -2557652.313093014 0.06250000015670965 0.1875000004950058
4524378.812681166 -3839960.965651734 -2318261.66375428 0.06250000015670965 0.2187500005621105
4592075.458328387 -3898914.953372224 -2073872.26496441 0.06250000015670965 0.2500000006443777
4652428.157330009 -3951470.947053055 -1824946.737710042 0.06250000015670962 0.2812500007256591
4705213.672051484 -3997435.42541395 -1571978.155059857 0.06250000015670965 0.3125000008137811
4750232.427381189 -4036635.383546605 -1315487.61535629 0.06250000015670965 0.343750000879918
4787310.965299331 -4068920.459297771 -1056021.314857241 0.06250000015670965 0.3750000009705468
4816304.1415451 -4094164.836200325 -794147.1590053614 0.06250000015670965 0.4062500010389248
4837097.009439305 -4112268.875372967 -530450.957122415 0.06250000015670965 0.4375000011540361
4849606.340529343 -4123160.432793917 -265532.2717491823 0.06250000015670962 0.4687500012127608
4853781.742065929 -4126795.827320202 0.01162000425583642 0.06250000015670965 0.5000000013670094
4849606.339855411 -4123160.432207142 265532.2931690606 0.06250000015670965 0.5312500013100503
4837097.008171588 -4112268.874269191 530450.9772394301 0.06250000015670965 0.5625000012235621
4816304.139813832 -4094164.834692923 794147.1772763594 0.06250000015670965 0.593750001133016
4787310.963194806 -4068920.45746534 1056021.331458258 0.06250000015670965 0.6250000010189026
4750232.424945479 -4036635.38142575 1315487.630659589 0.06250000015670965 0.6562500009731667
4705213.669371234 -3997435.42308009 1571978.169017175 0.06250000015670965 0.6875000008978924
4652428.154462704 -3951470.944556219 1824946.750426093 0.06250000015670965 0.718750000857315
4592075.455401872 -3898914.950823717 2073872.276235684 0.06250000015670965 0.750000000783163
4524378.809803455 -3839960.9631456 2318261.673521648 0.06250000015670965 0.7812500006993568
4449582.465819215 -3774820.721708662 2557652.321726525 0.06250000015670965 0.8125000006446051
4367948.89474167 -3703721.770815546 2791613.959220002 0.06250000015670965 0.8437500005130388
4279755.927882001 -3626904.978404189 3019750.06836423 0.06250000015670965 0.8750000003830568
4185293.879253395 -3544622.043204061 3241698.739105153 0.06250000015670965 0.9062500002690315
4084862.706578964 -3457133.035012582 3457133.038606567 0.06250000015670965 0.9375000002150853
3978769.26152292 -3364704.012193353 3665760.913356231 0.06250000015670965 0.9687500001013651
4071885.24537875 -3150359.144258167 -3752949.348266745 0.09375000025238928 0.03125000004281375
4185293.880710929 -3241698.735319018 -3544622.044945657 0.09375000025238925 0.06250000010892998
4293149.161735215 -3328551.582198285 -3328551.58285665 0.09375000025238925 0.09375000018479251
4395050.117729395 -3410597.167270105 -3104996.36477339 0.09375000025238926 0.1250000003035794
4490598.132224048 -3487516.876536063 -2874264.332093003 0.09375000025238929 0.1562500004205225
4579401.254951699 -3558997.443922508 -2636714.307675341 0.09375000025238928 0.1875000004950058
4661078.816499279 -3624734.636968561 -2392756.58560207 0.09375000025238925 0.2187500005621105
4735266.260346057 -3684437.115777287 -2142852.674243148 0.09375000025238925 0.2500000006443777
4801620.090204213 -3737830.383738176 -1887514.114318357 0.09375000025238926 0.2812500007256592
4859822.81443086 -3784660.735645124 -1627300.319057128 0.09375000025238926 0.312500000813781
4909587.757160877 -3824699.099168302 -1362815.415071754 0.09375000025238925 0.3437500008799181
4950663.600039081 -3857744.661047978 -1094704.092165506 0.09375000025238925 0.3750000009705468
4982838.516128839 -3883628.167539909 -823646.5130585843 0.09375000025238925 0.4062500010389247
5005943.764773529 -3902214.794403475 -550352.361913419 0.09375000025238925 0.4375000011540361
5019856.626436812 -3913406.489893446 -275554.1596098646 0.09375000025238925 0.4687500012127608
5024502.577282324 -3917143.710777443 0.0120594478927128 0.09375000025238922 0.5000000013670094
5019856.625687013 -3913406.489290304 275554.1818349649 0.09375000025238925 0.5312500013100503
5005943.763364047 -3902214.793269658 550352.3827731198 0.09375000025238925 0.5625000012235621
4982838.514206101 -3883628.165993171 823646.5319837471 0.09375000025238922 0.593750001133016
4950663.597705397 -3857744.659170577 1094704.10933528 0.09375000025238925 0.6250000010189026
4909587.754465211 -3824699.096999577 1362815.430869444 0.09375000025238925 0.6562500009731665
4859822.81147151 -3784660.733264101 1627300.333432641 0.09375000025238925 0.6875000008978924
4801620.087046938 -3737830.381197708 1887514.12738097 0.09375000025238925 0.718750000857315
4735266.25713348 -3684437.113192091 2142852.685787295 0.09375000025238922 0.750000000783163
4661078.813350992 -3624734.634434843 2392756.59557319 0.09375000025238925 0.7812500006993568
4579401.251840922 -3558997.441418697 2636714.316457693 0.09375000025238925 0.812500000644605
4490598.129468469 -3487516.874317872 2874264.339089637 0.09375000025238925 0.8437500005130391
4395050.115558734 -3410597.165522524 3104996.369765492 0.09375000025238922 0.8750000003830568
4293149.160211167 -3328551.580971107 3328551.586049537 0.09375000025238922 0.9062500002690315
4185293.879563149 -3241698.73439467 3544622.047146244 0.09375000025238925 0.9375000002150855
4071885.244843319 -3150359.143826893 3752949.349209705 0.09375000025238922 0.9687500001013651
4159067.943681104 -2930492.66779328 -3834580.493855104 0.1250000003404338 0.03125000004281375
4279755.929817003 -3019750.063019291 -3626904.980571064 0.1250000003404339 0.06250000010892998
4395050.1176027 -3104996.364325647 -3410597.167840993 0.1250000003404339 0.09375000018479249
4504455.388946683 -3185869.00599186 -3185869.006354408 0.1250000003404339 0.1250000003035794
4607471.9240617 -3262002.017489923 -2952996.15761261 0.1250000003404338 0.1562500004205225
4703601.09723164 -3333030.33772679 -2712321.235752536 0.1250000003404339 0.1875000004950058
4792352.025851878 -3398594.606292008 -2464256.026145879 0.1250000003404338 0.2187500005621105
4873248.65593853 -3458346.346268695 -2209282.482310324 0.1250000003404339 0.2500000006443777
4945837.228550601 -3511953.42487694 -1947952.322357516 0.1250000003404339 0.2812500007256591
5009693.933318365 -3559105.650282951 -1680885.083697616 0.1250000003404338 0.3125000008137811
5064432.522970813 -3599520.339324332 -1408764.546354687 0.1250000003404339 0.343750000879918
5109711.640897092 -3632947.674961171 -1132333.492340028 0.1250000003404339 0.3750000009705468
5145241.601074809 -3659175.662989637 -852386.845248961 0.1250000003404339 0.4062500010389248
5170790.3643401 -3678034.500975416 -569763.2996974278 0.1250000003404339 0.4375000011540361
5186188.470896573 -3689400.183991031 -285335.6386896255 0.1250000003404339 0.4687500012127608
5191332.724640983 -3693197.197831659 0.01248844615298383 0.1250000003404339 0.5000000013670094
5186188.470066449 -3689400.183378309 285335.6617002776 0.1250000003404339 0.5312500013100503
5170790.36278068 -3678034.499824357 569763.3212801917 0.1250000003404339 0.5625000012235621
5145241.598949925 -3659175.661421113 852386.864808803 0.1250000003404339 0.593750001133016
5109711.638322064 -3632947.673060238 1132333.510058879 0.1250000003404339 0.6250000010189026
5064432.520002222 -3599520.337132672 1408764.562626504 0.1250000003404339 0.6562500009731669
5009693.930067088 -3559105.647882336 1680885.098470752 0.1250000003404339 0.6875000008978924
4945837.225091341 -3511953.422322438 1947952.335746053 0.1250000003404339 0.718750000857315
4873248.652429476 -3458346.343677053 2209282.494107499 0.1250000003404339 0.750000000783163
4792352.022424662 -3398594.603760398 2464256.036302427 0.1250000003404339 0.7812500006993568
4703601.09385763 -3333030.335234033 2712321.244666828 0.1250000003404339 0.8125000006446051
4607471.921084594 -3262002.01528997 2952996.164687859 0.1250000003404339 0.8437500005130388
4504455.386611147 -3185869.004265626 3185869.011382825 0.1250000003404339 0.8750000003830568
4395050.115969908 -3104996.363118543 3410597.171044027 0.1250000003404339 0.9062500002690315
4279755.928592763 -3019750.062113999 3626904.982769412 0.1250000003404339 0.9375000002150855
4159067.943112592 -2930492.667372768 3834580.494793091 0.1250000003404339 0.9687500001013651
4240111.370094975 -2705436.165081498 -3910461.830252334 0.1562500004184229 0.03125000004281375
4367948.897082437 -2791613.952202134 -3703721.773344579 0.1562500004184229 0.06250000010892998
4490598.131958579 -2874264.331934053 -3487516.877008886 0.1562500004184229 0.09375000018479251
4607471.923920811 -2952996.157538137 -3262002.017756344 0.1562500004184228 0.1250000003035794
4717968.988297607 -3027408.927250217 -3027408.927229313 0.1562500004184228 0.1562500004205225
4821481.281616927 -3097097.69396276 -2784051.925713339 0.1562500004184229 0.1875000004950058
4917402.520502454 -3161658.734343059 -2532332.422670522 0.1562500004184229 0.2187500005621105
5005137.71221115 -3220695.889387356 -2272741.83969168 0.1562500004184229 0.2500000006443777
5084113.492843519 -3273827.44076071 -2005862.627402147 0.1562500004184229 0.2812500007256591
5153788.995273059 -3320693.33814977 -1732367.093363887 0.1562500004184229 0.3125000008137812
5213666.90132496 -3360962.548040688 -1453013.830868942 0.1562500004184229 0.343750000879918
5263304.280007924 -3394340.259361682 -1168641.630153038 0.1562500004184229 0.3750000009705468
5302322.777896176 -3420574.657737061 -880160.8772550365 0.1562500004184229 0.4062500010389248
5330417.72137067 -3439462.975905966 -588542.5669138932 0.1562500004184229 0.4375000011540361
5347365.709270544 -3450856.540378976 -294805.2052477605 0.1562500004184229 0.4687500012127608
5353030.329078745 -3454664.57068745 0.01290385788402366 0.1562500004184229 0.5000000013670094
5347365.708356555 -3450856.539764544 294805.2290185688 0.1562500004184229 0.5312500013100503
5330417.719654872 -3439462.974752469 588542.5891949055 0.1562500004184229 0.5625000012235621
5302322.775560839 -3420574.656166956 880160.8974256436 0.1562500004184229 0.593750001133016
5263304.27718226 -3394340.257461734 1168641.648397635 0.1562500004184229 0.6250000010189026
5213666.898073825 -3360962.545854389 1453013.8475917 0.1562500004184229 0.6562500009731667
5153788.991720699 -3320693.335760551 1732367.108511938 0.1562500004184229 0.6875000008978924
5084113.489074141 -3273827.438225087 2005862.641094581 0.1562500004184229 0.718750000857315
5005137.708399104 -3220695.886822515 2272741.851721373 0.1562500004184229 0.750000000783163
4917402.516791685 -3161658.731845792 2532332.432994148 0.1562500004184229 0.7812500006993566
4821481.277976837 -3097097.691512441 2784051.934743165 0.1562500004184229 0.8125000006446053
4717968.985097922 -3027408.925095756 3027408.934370223 0.1562500004184229 0.8437500005130389
4607471.921420652 -2952996.155854185 3262002.02281217 0.1562500004184229 0.8750000003830569
4490598.130217917 -2874264.330761265 3487516.880216759 0.1562500004184229 0.9062500002690315
4367948.895782853 -2791613.951326222 3703721.775537434 0.1562500004184229 0.9375000002150853
4240111.36949408 -2705436.164676346 3910461.831184187 0.1562500004184229 0.9687500001013651
4314819.809898357 -2475541.09567572 -3980410.442621386 0.1875000004677392 0.03125000004281375
4449582.46840245 -2557652.313176267 -3774820.724456945 0.1875000004677391 0.06250000010892998
4579401.254602288 -2636714.307718039 -3558997.444340467 0.1875000004677391 0.09375000018479249
4703601.097008024 -2712321.235878857 -3333030.337939561 0.187500000467739 0.1250000003035794
4821481.281537524 -2784051.925934068 -3097097.693887953 0.1875000004677391 0.1562500004205225
4932324.086724026 -2851475.066092268 -2851475.065817005 0.1875000004677391 0.1875000004950058
5035405.182409405 -2914155.448869795 -2596542.637583097 0.187500000467739 0.2187500005621105
5130005.67205686 -2971661.199478091 -2332790.715040865 0.1875000004677391 0.2500000006443777
5215425.543469075 -3023571.847031081 -2060822.81780151 0.1875000004677391 0.2812500007256591
5290998.168055456 -3069487.022742762 -1781355.888880032 0.1875000004677391 0.312500000813781
5356105.367885189 -3109035.496906028 -1495217.230735972 0.1875000004677391 0.343750000879918
5410192.466734493 -3141884.204800893 -1203337.906205898 0.187500000467739 0.3750000009705468
5452782.664585444 -3167746.865754596 -906742.5253611921 0.1875000004677391 0.4062500010389248
5483490.043926165 -3186391.781019635 -606535.5356557074 0.1875000004677391 0.4375000011540361
5502030.531314836 -3197648.405213221 -303884.3680032489 0.1875000004677391 0.4687500012127608
5508230.213404192 -3201412.331478283 0.01330223328517226 0.187500000467739 0.5000000013670094
5502030.530314626 -3197648.404605971 303884.3925025448 0.1875000004677391 0.5312500013100503
5483490.042049778 -3186391.779880379 606535.5586045115 0.1875000004677391 0.5625000012235621
5452782.662034373 -3167746.864205569 906742.546113902 0.187500000467739 0.593750001133016
5410192.463652538 -3141884.202929277 1203337.924949076 0.187500000467739 0.6250000010189026
5356105.364346032 -3109035.49475642 1495217.247883519 0.1875000004677391 0.6562500009731667
5290998.16419731 -3069487.020398959 1781355.904378189 0.187500000467739 0.6875000008978926
5215425.539386075 -3023571.844550116 2060822.831774548 0.187500000467739 0.718750000857315
5130005.667939853 -2971661.19697581 2332790.727282084 0.187500000467739 0.750000000783163
5035405.178414713 -2914155.446441142 2596542.648055627 0.187500000467739 0.7812500006993568
4932324.082818986 -2851475.063717344 2851475.074946653 0.1875000004677391 0.8125000006446051
4821481.278117494 -2784051.923853366 3097097.701082559 0.187500000467739 0.8437500005130388
4703601.094345885 -2712321.234258614 3333030.343014899 0.187500000467739 0.8750000003830568
4579401.252756142 -2636714.306593956 3558997.447548709 0.187500000467739 0.9062500002690315
4449582.467029653 -2557652.312340019 3774820.726641737 0.187500000467739 0.9375000002150855
4314819.809266195 -2475541.095290451 3980410.443546267 0.187500000467739 0.9687500001013651
4383009.149036914 -2241178.098849314 -4044254.26113355 0.2187500005346402 0.03125000004281375
4524378.812405736 -2318261.663851 -3839960.965917864 0.2187500005346401 0.06250000010892998
4661078.816140614 -2392756.585661156 -3624734.637390768 0.2187500005346401 0.09375000018479251
4792352.025625939 -2464256.026284662 -3398594.606509975 0.2187500005346402 0.1250000003035794
4917402.520429821 -2532332.422899783 -3161658.734272401 0.2187500005346402 0.1562500004205225
5035405.182422057 -2596542.637865359 -2914155.448596435 0.2187500005346402 0.1875000004950058
5145517.771459868 -2656434.439722389 -2656434.43944086 0.2187500005346401 0.2187500005621105
5246895.417909839 -2711554.276886018 -2388975.277607091 0.2187500005346401 0.2500000006443777
5338707.294132816 -2761456.216311922 -2112393.190901096 0.2187500005346401 0.2812500007256591
5420155.037545223 -2805711.818047159 -1827441.261174665 0.2187500005346401 0.3125000008137811
5490492.304128837 -2843920.612972221 -1535008.405649203 0.2187500005346401 0.343750000879918
5549044.655262615 -2875720.756969331 -1236112.673601054 0.2187500005346401 0.3750000009705468
5595228.840226899 -2900799.359644144 -931889.6397005715 0.2187500005346401 0.4062500010389248
5628570.462009995 -2918901.945860435 -623575.9654130045 0.2187500005346402 0.4375000011540361
5648719.014272988 -2929840.508521524 -312488.5476575751 0.2187500005346401 0.4687500012127608
5655459.373807179 -2933499.662726504 0.01367985091221878 0.2187500005346401 0.5000000013670094
5648719.013185671 -2929840.507931242 312488.5728469416 0.2187500005346401 0.5312500013100503
5628570.459971534 -2918901.944753727 623575.9889931149 0.2187500005346401 0.5625000012235621
5595228.837458486 -2900799.358140973 931889.6610017089 0.2187500005346401 0.593750001133016
5549044.651923081 -2875720.755155785 1236112.692811666 0.2187500005346401 0.6250000010189026
5490492.300301093 -2843920.610893148 1535008.423192383 0.2187500005346401 0.6562500009731667
5420155.0333818 -2805711.815785225 1827441.276996093 0.2187500005346401 0.6875000008978924
5338707.289738013 -2761456.213923622 2112393.205130334 0.2187500005346401 0.718750000857315
5246895.413491034 -2711554.274483908 2388975.290038555 0.2187500005346401 0.750000000783163
5145517.7671856 -2656434.437398015 2656434.450044497 0.2187500005346401 0.7812500006993567
5035405.178257509 -2596542.635599749 2914155.457811092 0.2187500005346401 0.8125000006446051
4917402.516795177 -2532332.420921586 3161658.741509886 0.2187500005346401 0.8437500005130388
4792352.022806943 -2464256.024749659 3398594.611598035 0.2187500005346401 0.8750000003830568
4661078.814192928 -2392756.584600051 3624734.640595769 0.2187500005346401 0.9062500002690315
4524378.810962883 -2318261.663064497 3839960.968092713 0.2187500005346401 0.9375000002150855
4383009.148375012 -2241178.098488297 4044254.262050956 0.2187500005346401 0.9687500001013652
4444508.175720103 -2002736.089956687 -4101833.276712031 0.2500000005936122 0.03125000004281375
4592075.458001834 -2073872.265258019 -3898914.953600658 0.2500000005936122 0.06250000010892998
4735266.259927401 -2142852.674507074 -3684437.116161847 0.2500000005936122 0.09375000018479251
4873248.655654429 -2209282.482653172 -3458346.346450011 0.2500000005936122 0.1250000003035794
5005137.712084224 -2272741.840123628 -3220695.889279794 0.2500000005936122 0.1562500004205225
5130005.672016066 -2332790.715526958 -2971661.199166929 0.2500000005936122 0.1875000004950058
5246895.417851661 -2388975.278096727 -2711554.276567206 0.2500000005936122 0.2187500005621105
5354837.235640155 -2440835.838640323 -2440835.838111751 0.2500000005936122 0.2500000006443777
5452868.675824784 -2487916.252229062 -2160124.284874222 0.2500000005936122 0.2812500007256591
5540057.041250338 -2529774.560346303 -1870200.431375529 0.2500000005936123 0.3125000008137811
5615523.74815284 -2565994.515746913 -1572007.054401553 0.2500000005936122 0.343750000879918
5678469.533403645 -2596197.504721698 -1266642.520478224 0.2500000005936122 0.3750000009705468
5728199.251547683 -2620054.273069144 -955348.0730815799 0.2500000005936122 0.4062500010389248
5764144.863956642 -2637295.79552778 -639488.7600370769 0.2500000005936122 0.4375000011540361
5785885.192372293 -2647722.614319996 -320528.4672310855 0.2500000005936122 0.4687500012127609
5793161.122597142 -2651212.026155023 0.01403277942959174 0.2500000005936122 0.5000000013670094
5785885.191198704 -2647722.613757156 320528.4930649925 0.2500000005936122 0.5312500013100503
5764144.861757832 -2637295.794473176 639488.7842056947 0.2500000005936122 0.5625000012235621
5728199.248564605 -2620054.271638202 955348.094892281 0.2500000005936122 0.593750001133016
5678469.529810302 -2596197.502997716 1266642.540121087 0.2500000005936122 0.6250000010189026
5615523.744041565 -2565994.513773995 1572007.07230825 0.2500000005936122 0.6562500009731669
5540057.036788036 -2529774.558204341 1870200.447491498 0.2500000005936122 0.6875000008978924
5452868.671125925 -2487916.249972817 2160124.299334319 0.2500000005936122 0.718750000857315
5354837.230928342 -2440835.836377011 2440835.850712092 0.2500000005936122 0.750000000783163
5246895.413307251 -2388975.275912906 2711554.287284726 0.2500000005936122 0.7812500006993568
5130005.667602032 -2332790.713404797 2971661.208452836 0.2500000005936122 0.812500000644605
5005137.708244343 -2272741.838276556 3220695.896550599 0.2500000005936122 0.8437500005130387
4873248.652686246 -2209282.481224608 3458346.351545161 0.2500000005936122 0.8750000003830567
4735266.25788367 -2142852.673522848 3684437.119360891 0.2500000005936122 0.9062500002690315
4592075.456493084 -2073872.264530962 3898914.955764366 0.2500000005936122 0.9375000002150855
4444508.175030384 -2002736.089624087 4101833.277621765 0.2500000005936122 0.9687500001013651
4499159.836718303 -1760621.148717492 -4153000.714465341 0.2812500006746863 0.03125000004281375
4652428.157006238 -1824946.73802241 -3951470.947289998 0.2812500006746863 0.06250000010892998
4801620.089784874 -1887514.114605807 -3737830.384131704 0.2812500006746863 0.09375000018479249
4945837.228272437 -1947952.322718767 -3511953.425068302 0.2812500006746863 0.1250000003035794
5084113.492731212 -2005862.627846848 -3273827.440662653 0.2812500006746863 0.1562500004205225
5215425.543448828 -2060822.818297992 -3023571.84672761 0.2812500006746863 0.1875000004950058
5338707.294095823 -2112393.191402998 -2761456.215999507 0.2812500006746863 0.2187500005621105
5452868.675850931 -2160124.285414022 -2487916.251703075 0.2812500006746863 0.2500000006443777
5556818.522915397 -2203566.303264014 -2203566.302724677 0.2812500006746863 0.2812500007256591
5649491.101047002 -2242280.031032888 -1909207.050485065 0.2812500006746863 0.312500000813781
5729875.410334925 -2275848.893700627 -1605827.075086485 0.2812500006746863 0.343750000879918
5797046.003370068 -2303891.630709974 -1294597.230321333 0.2812500006746863 0.3750000009705468
5850193.716004266 -2326074.932745279 -976857.1504975789 0.2812500006746863 0.4062500010389247
5888654.475837024 -2342125.286018718 -654093.7308951457 0.2812500006746863 0.4375000011540361
5911934.275089627 -2351839.238250006 -327912.0681647874 0.2812500006746863 0.4687500012127608
5919728.517994984 -2355091.351357079 0.01435696334883784 0.2812500006746863 0.5000000013670094
5911934.273832561 -2351839.237725493 327912.0945903754 0.2812500006746863 0.5312500013100503
5888654.473483211 -2342125.285036501 654093.7556030122 0.2812500006746863 0.5625000012235621
5850193.712814015 -2326074.931413835 976857.1727737326 0.2812500006746863 0.5937500011330159
5797045.99953232 -2303891.629107975 1294597.250357243 0.2812500006746863 0.6250000010189026
5729875.405951385 -2275848.891870326 1605827.093321711 0.2812500006746863 0.6562500009731669
5649491.096298637 -2242280.029049635 1909207.066865089 0.2812500006746863 0.6875000008978924
5556818.517926608 -2203566.301179574 2203566.317389539 0.2812500006746863 0.7187500008573149
5452868.670860875 -2160124.283328167 2487916.264451019 0.2812500006746863 0.7500000007831629
5338707.289296025 -2112393.18939571 2761456.226814414 0.2812500006746863 0.7812500006993567
5215425.538800045 -2060822.816352825 3023571.856072198 0.2812500006746863 0.8125000006446051
5084113.488699159 -2005862.626158751 3273827.447958552 0.2812500006746863 0.8437500005130391
4945837.225165263 -1947952.321417062 3511953.430166102 0.2812500006746863 0.8750000003830568
4801620.087652116 -1887514.113711707 3737830.387322943 0.2812500006746863 0.9062500002690315
4652428.155436719 -1824946.73736395 3951470.949442038 0.2812500006746863 0.9375000002150854
4499159.83600306 -1760621.14841719 4153000.715367511 0.2812500006746863 0.9687500001013652
4546822.427613127 -1515255.208032488 -4197624.145428542 0.3125000007782214 0.03125000004281374
4705213.671756289 -1571978.155264077 -3997435.425681102 0.3125000007782215 0.06250000010892998
4859822.81403971 -1627300.31923786 -3784660.736069683 0.3125000007782215 0.09375000018479249
5009693.933077266 -1680885.083942494 -3559105.650506666 0.3125000007782215 0.1250000003035794
5153788.995208722 -1732367.093681965 -3320693.338083686 0.3125000007782214 0.1562500004205225
5290998.168091685 -1781355.889243541 -3069487.022469356 0.3125000007782214 0.1875000004950058
5420155.037568375 -1827441.261542463 -2805711.817762876 0.3125000007782214 0.2187500005621105
5540057.041344239 -1870200.431776864 -2529774.559843968 0.3125000007782215 0.2500000006443777
5649491.101117666 -1909207.05088569 -2242280.030513734 0.3125000007782214 0.2812500007256591
5747264.001240178 -1944041.859314614 -1944041.858932394 0.3125000007782215 0.3125000008137811
5832236.557584476 -1974304.671580449 -1636086.428080991 0.3125000007782214 0.343750000879918
5903360.09709708 -1999627.167108759 -1319648.345796164 0.3125000007782215 0.3750000009705468
5959713.289606963 -2019685.801332009 -996156.4985382757 0.3125000007782215 0.4062500010389247
6000537.028463894 -2034214.030474115 -667210.3478334 0.3125000007782215 0.4375000011540361
6025264.911377179 -2043012.992772545 -334546.9460173185 0.3125000007782215 0.4687500012127608
6033546.996908266 -2045959.832474536 0.01464832960059086 0.3125000007782215 0.5000000013670094
6025264.910041555 -2043012.99229731 334546.9729743894 0.3125000007782215 0.5312500013100503
6000537.025964347 -2034214.029584655 667210.3730248202 0.3125000007782215 0.5625000012235621
5959713.28622222 -2019685.800127361 996156.5212305923 0.3125000007782215 0.593750001133016
5903360.093030359 -1999627.165661069 1319648.366182022 0.3125000007782215 0.6250000010189026
5832236.55294652 -1974304.669928935 1636086.446607054 0.3125000007782215 0.6562500009731667
5747263.996225315 -1944041.857528269 1944041.875544417 0.3125000007782215 0.6875000008978924
5649491.095859708 -1909207.049011984 2242280.045356695 0.3125000007782215 0.718750000857315
5540057.036096845 -1870200.429906043 2529774.572718505 0.3125000007782215 0.750000000783163
5420155.032533337 -1827441.259746401 2805711.828659534 0.3125000007782215 0.7812500006993568
5290998.163227597 -1781355.887507438 3069487.031861313 0.3125000007782215 0.8125000006446053
5153788.991001204 -1732367.092179234 3320693.345397805 0.3125000007782215 0.8437500005130387
5009693.929843759 -1680885.082786824 3559105.655603852 0.3125000007782215 0.8750000003830567
4859822.811826406 -1627300.318446216 3784660.739252137 0.3125000007782215 0.9062500002690315
4705213.67013204 -1571978.154682652 3997435.42782158 0.3125000007782215 0.9375000002150855
4546822.426874998 -1515255.207768034 4197624.146323538 0.3125000007782215 0.9687500001013651
4587370.698234309 -1267074.550422351 -4235586.519084846 0.3437500008483416 0.03125000004281374
4750232.427093114 -1315487.615543794 -4036635.383824499 0.3437500008483416 0.06250000010892995
4909587.756774741 -1362815.415239951 -3824699.099604036 0.3437500008483416 0.09375000018479249
5064432.522740697 -1408764.546578705 -3599520.339560425 0.3437500008483416 0.1250000003035794
5213666.901279373 -1453013.831156806 -3360962.547986954 0.3437500008483415 0.1562500004205226
5356105.367945841 -1495217.23106399 -3109035.49664379 0.3437500008483417 0.1875000004950058
5490492.304177827 -1535008.405981946 -2843920.612698042 0.3437500008483415 0.2187500005621105
5615523.74827758 -1572007.054764307 -2565994.515251692 0.3437500008483417 0.2500000006443777
5729875.410437323 -1605827.075449573 -2275848.893186623 0.3437500008483417 0.2812500007256591
5832236.557614614 -1636086.428428939 -1974304.671203071 0.3437500008483417 0.3125000008137811
5921348.75482837 -1662418.407747849 -1662418.407403391 0.3437500008483417 0.343750000879918
5996047.786197812 -1684483.833084572 -1341479.094771521 0.3437500008483417 0.3750000009705468
6055306.452789512 -1701983.493288533 -1012994.052983058 0.3437500008483416 0.4062500010389247
6098275.470797308 -1714670.035094727 -678663.3576524686 0.3437500008483415 0.4375000011540362
6124319.466750415 -1722358.424948025 -340343.2461390701 0.3437500008483416 0.4687500012127608
6133045.181166948 -1724934.145341462 0.01490291214633236 0.3437500008483416 0.5000000013670094
6124319.465343362 -1722358.424532672 340343.2735602874 0.3437500008483417 0.5312500013100501
6098275.468165363 -1714670.034317715 678663.3832655264 0.3437500008483417 0.5625000012235621
6055306.44922832 -1701983.492237002 1012994.076037296 0.3437500008483417 0.5937500011330161
5996047.78192374 -1684483.831822246 1341479.115460554 0.3437500008483416 0.6250000010189027
5921348.749960559 -1662418.406309719 1662418.426180117 0.3437500008483416 0.6562500009731667
5832236.552359642 -1636086.42687584 1974304.688013675 0.3437500008483417 0.6875000008978924
5729875.404937599 -1605827.073823418 2275848.90818062 0.3437500008483417 0.7187500008573151
5615523.742799828 -1572007.053143822 2565994.528232179 0.3437500008483417 0.7500000007831631
5490492.298932982 -1535008.404429469 2843920.62366173 0.3437500008483415 0.7812500006993566
5356105.362890459 -1495217.229566641 3109035.506073087 0.3437500008483417 0.8125000006446053
5213666.896916565 -1453013.829863682 3360962.555313769 0.3437500008483417 0.8437500005130389
5064432.519395834 -1408764.545586544 3599520.344654868 0.3437500008483417 0.8750000003830569
4909587.754490727 -1362815.414561905 3824699.10277752 0.3437500008483417 0.9062500002690315
4750232.425421013 -1315487.615046968 4036635.385954104 0.3437500008483417 0.9375000002150854
4587370.697476249 -1267074.5501969 4235586.519973308 0.3437500008483417 0.9687500001013651
4620696.854612922 -1016528.124364677 -4266787.099228865 0.375000000904199 0.03125000004281374
4787310.964976642 -1056021.315351058 -4068920.459549269 0.3750000009041992 0.06250000010892995
4950663.599612166 -1094704.092655485 -3857744.6614568 0.3750000009041992 0.09375000018479249
5109711.640626623 -1132333.492887294 -3632947.675171009 0.375000000904199 0.1250000003035794
5263304.279923797 -1168641.630763878 -3394340.259281823 0.3750000009041992 0.1562500004205225
5410192.466756569 -1203337.906860459 -3141884.204512183 0.3750000009041992 0.1875000004950058
5549044.655269363 -1236112.674269596 -2875720.75666894 0.375000000904199 0.2187500005621105
5678469.533485632 -1266642.5211809 -2596197.504199549 0.3750000009041992 0.2500000006443777
5797046.003425873 -1294597.231032842 -2303891.630169747 0.3750000009041992 0.2812500007256591
5903360.097074931 -1319648.346502761 -1999627.166707836 0.375000000904199 0.3125000008137811
5996047.786141607 -1341479.095481825 -1684483.832718971 0.375000000904199 0.343750000879918
6073841.843974696 -1359795.252303919 -1359795.251570542 0.3750000009041992 0.3750000009705468
6135620.143638318 -1374336.32849618 -1027134.90309469 0.3750000009041992 0.4062500010389247
6180452.169009733 -1384886.34706185 -688289.032532541 0.375000000904199 0.4375000011540361
6207640.199501751 -1391283.381311751 -345216.8976391622 0.3750000009041992 0.4687500012127608
6216751.726041886 -1393427.06187128 0.01511700341343504 0.3750000009041992 0.5000000013670094
6207640.198032586 -1391283.380966092 345216.9254505333 0.3750000009041992 0.5312500013100503
6180452.166262741 -1384886.346415476 688289.0584995355 0.3750000009041992 0.5625000012235621
6135620.13992398 -1374336.327622029 1027134.926452035 0.3750000009041992 0.593750001133016
6073841.839520956 -1359795.251255485 1359795.272512636 0.3750000009041992 0.6250000010189026
5996047.781075032 -1341479.09428873 1684483.85170398 0.3750000009041992 0.6562500009731667
5903360.091612815 -1319648.345216005 1999627.183682448 0.3750000009041992 0.6875000008978924
5797045.997718135 -1294597.229687591 2303891.645287462 0.3750000009041992 0.718750000857315
5678469.527810266 -1266642.519842553 2596197.517265811 0.3750000009041992 0.750000000783163
5549044.649845095 -1236112.672989677 2875720.767685877 0.3750000009041992 0.7812500006993568
5410192.461538137 -1203337.905628277 3141884.213970029 0.3750000009041992 0.8125000006446051
5263304.275429077 -1168641.629701787 3394340.266617056 0.3750000009041992 0.8437500005130388
5109711.637187494 -1132333.492073977 3632947.680261617 0.3750000009041992 0.8750000003830568
4950663.597268499 -1094704.092100749 3857744.664621858 0.3750000009041992 0.9062500002690315
4787310.963264306 -1056021.314945377 4068920.461669214 0.3750000009041992 0.9375000002150855
4620696.853838162 -1016528.124180939 4266787.100111662 0.3750000009041992 0.9687500001013654
4646711.439509212 -764075.7002399155 -4291142.286412455 0.4062500009900403 0.03125000004281374
4816304.141248915 -794147.1593710064 -4094164.836477826 0.4062500009900402 0.06250000010892998
4982838.515729393 -823646.5134214767 -3883628.167975449 0.4062500009900403 0.09375000018479249
5145241.600838348 -852386.8456558323 -3659175.663227352 0.4062500009900402 0.1250000003035794
5302322.77785396 -880160.8777108503 -3420574.657685216 0.4062500009900402 0.1562500004205225
5452782.66465602 -906742.5258508822 -3167746.865492943 0.4062500009900403 0.1875000004950058
5595228.840285861 -931889.6402014026 -2900799.359369523 0.4062500009900403 0.2187500005621105
5728199.251688044 -955348.0736090745 -2620054.272569933 0.4062500009900402 0.2500000006443777
5850193.71612168 -976857.1510323054 -2326074.932225413 0.4062500009900403 0.2812500007256591
5959713.28964775 -996156.4990696235 -2019685.800949583 0.4062500009900403 0.3125000008137811
6055306.452798449 -1012994.053517634 -1701983.492938567 0.4062500009900402 0.343750000879918
6135620.143708131 -1027134.903647406 -1374336.327771422 0.4062500009900403 0.3750000009705468
6199452.759381929 -1038370.474668451 -1038370.474122126 0.4062500009900403 0.4062500010389247
6245805.513374288 -1046527.423333627 -695941.6939040375 0.4062500009900402 0.4375000011540362
6273928.134734713 -1051475.552009345 -349093.0015208739 0.4062500009900403 0.4687500012127607
6283354.967886859 -1053134.059619918 0.01528729467654782 0.4062500009900403 0.5000000013670094
6273928.133214791 -1051475.551741933 349093.0296424613 0.4062500009900402 0.5312500013100503
6245805.510533342 -1046527.422833737 695941.7201521364 0.4062500009900402 0.5625000012235621
6199452.755542644 -1038370.473992765 1038370.497719746 0.4062500009900402 0.593750001133016
6135620.139108005 -1027134.902837601 1374336.348913563 0.4062500009900402 0.6250000010189027
6055306.447570194 -1012994.052596935 1701983.512087604 0.4062500009900403 0.6562500009731669
5959713.284017474 -996156.4980777107 2019685.818052698 0.4062500009900403 0.6875000008978924
5850193.710245452 -976857.1499965496 2326074.947439394 0.4062500009900402 0.7187500008573149
5728199.245852999 -955348.0725799927 2620054.285702269 0.4062500009900402 0.7500000007831629
5595228.834716985 -931889.6392186345 2900799.37042681 0.4062500009900402 0.7812500006993568
5452782.65930653 -906742.524906158 3167746.874971677 0.4062500009900403 0.812500000644605
5302322.773253506 -880160.8768977718 3420574.665025717 0.4062500009900402 0.8437500005130387
5145241.597323871 -852386.8450341598 3659175.668313947 0.4062500009900402 0.8750000003830567
4982838.513338177 -823646.5129981104 3883628.171133257 0.4062500009900402 0.9062500002690315
4816304.139504599 -794147.1590618719 4094164.838589772 0.4062500009900402 0.9375000002150855
4646711.438721214 -764075.7001001177 4291142.287290639 0.4062500009900402 0.9687500001013654
4665344.076142057 -510185.8856842711 -4308586.312615168 0.4375000010634286 0.03125000004281374
4837097.009130351 -530450.9578583137 -4112268.87564145 0.4375000010634285 0.06250000010892998
5005943.764358493 -550352.3626657897 -3902214.794829791 0.4375000010634286 0.09375000018479249
5170790.364089087 -569763.3004973721 -3678034.501204385 0.4375000010634286 0.1250000003035794
5330417.721315803 -588542.5677642322 -3439462.975845492 0.4375000010634287 0.1562500004205225
5483490.043984947 -606535.5365455687 -3186391.780749088 0.4375000010634285 0.1875000004950058
5628570.462055893 -623575.966326126 -2918901.945576856 0.4375000010634285 0.2187500005621105
5764144.864084524 -639488.760982951 -2637295.795018922 0.4375000010634286 0.2500000006443777
5888654.475940537 -654093.73185939 -2342125.285489173 0.4375000010634286 0.2812500007256591
6000537.028488184 -667210.3488074256 -2034214.030082989 0.4375000010634287 0.312500000813781
6098275.470788132 -678663.3586392282 -1714670.034736802 0.4375000010634286 0.343750000879918
6180452.169062074 -688289.0335405006 -1384886.346327307 0.4375000010634287 0.3750000009705468
6245805.513354518 -695941.6949146829 -1046527.422779539 0.4375000010634286 0.4062500010389248
6293285.01873222 -701500.0621643283 -701500.0611432849 0.4375000010634285 0.4375000011540361
6322100.531019082 -704872.9211633066 -351909.1369926984 0.4375000010634286 0.4687500012127608
6331761.200318079 -706003.6134089933 0.01541102881438895 0.4375000010634286 0.5000000013670094
6322100.529461523 -704872.9209810072 351909.1653396275 0.4375000010634285 0.5312500013100503
6293285.015821634 -701500.0618236229 701500.0875953991 0.4375000010634285 0.5625000012235621
6245805.509422692 -695941.6944543439 1046527.446551284 0.4375000010634285 0.5937500011330159
6180452.164353637 -688289.0329890826 1384886.367614104 0.4375000010634286 0.6250000010189025
6098275.465440412 -678663.3580127166 1714670.054004103 0.4375000010634286 0.6562500009731669
6000537.022733842 -667210.3481329853 2034214.047278394 0.4375000010634286 0.6875000008978926
5888654.469940209 -654093.7311557557 2342125.300771918 0.4375000010634286 0.7187500008573149
5764144.858132087 -639488.7602845252 2637295.808198084 0.4375000010634286 0.750000000783163
5628570.456380916 -623575.9656598144 2918901.956662361 0.4375000010634285 0.7812500006993568
5483490.038539496 -606535.535905735 3186391.790242007 0.4375000010634286 0.812500000644605
5330417.716638091 -588542.5672141648 3439462.983189048 0.4375000010634287 0.8437500005130388
5170790.360519673 -569763.3000772659 3678034.506287549 0.4375000010634286 0.8750000003830567
5005943.761932682 -550352.3623800107 3902214.797982039 0.4375000010634286 0.9062500002690315
4837097.007362819 -530450.9576498735 4112268.877747414 0.4375000010634286 0.9375000002150854
4665344.075344466 -510185.8855901122 4308586.313489951 0.4375000010634286 0.9687500001013654
4676544.061742547 -255334.0217133743 -4319071.795645008 0.4687500011375446 0.03125000004281374
4849606.340246531 -265532.2723723298 -4123160.433086426 0.4687500011375447 0.06250000010892995
5019856.626050005 -275554.160251049 -3913406.490344468 0.4687500011375447 0.09375000018479249
5186188.470678445 -285335.6393643082 -3689400.184245474 0.4687500011375446 0.1250000003035794
5347365.709253919 -294805.2059570975 -3450856.540344137 0.4687500011375446 0.1562500004205225
5502030.531416706 -303884.3687414071 -3197648.404967789 0.4687500011375447 0.1875000004950058
5648719.014365563 -312488.5484159092 -2929840.508262158 0.4687500011375447 0.2187500005621105
5785885.192551534 -320528.4680138613 -2647722.613833554 0.4687500011375447 0.2500000006443777
5911934.275247811 -327912.0689641072 -2351839.237740926 0.4687500011375447 0.2812500007256591
6025264.911458485 -334546.9468281173 -2043012.992399992 0.4687500011375446 0.3125000008137811
6124319.466800839 -340343.2469620214 -1722358.424606111 0.4687500011375447 0.343750000879918
6207640.199617192 -345216.8984776537 -1391283.380588618 0.4687500011375447 0.3750000009705468
6273928.134779172 -349093.0023645508 -1051475.551463962 0.4687500011375447 0.4062500010389248
6322100.531085196 -351909.1378444258 -704872.9201450982 0.4687500011375446 0.4375000011540361
6351342.312211552 -353618.3208727851 -353618.3200208083 0.4687500011375447 0.4687500012127608
6361146.868838238 -354191.3509241586 0.01548613147825509 0.4687500011375447 0.5000000013670094
6351342.310630834 -353618.3207803985 353618.3485044827 0.4687500011375447 0.5312500013100503
6322100.528131772 -351909.137671785 704872.946720946 0.4687500011375447 0.5625000012235621
6273928.130790454 -349093.0021313477 1051475.575341205 0.4687500011375447 0.593750001133016
6207640.194842217 -345216.8981984035 1391283.401962933 0.4687500011375447 0.6250000010189026
6124319.46137979 -340343.2466448715 1722358.443944812 0.4687500011375447 0.6562500009731667
6025264.905628068 -334546.9464868664 2043013.009650965 0.4687500011375447 0.6875000008978924
5911934.269171475 -327912.0686082782 2351839.253064922 0.4687500011375447 0.718750000857315
5785885.186527289 -320528.4676608716 2647722.627040653 0.4687500011375447 0.750000000783163
5648719.008625773 -312488.5480793606 2929840.519364342 0.4687500011375447 0.7812500006993568
5502030.525912716 -303884.368418443 3197648.414468915 0.4687500011375447 0.8125000006446051
5347365.704529149 -294805.2056796271 3450856.547689235 0.4687500011375447 0.8437500005130388
5186188.467075612 -285335.6391525362 3689400.189326352 0.4687500011375447 0.8750000003830568
5019856.623603183 -275554.1601070891 3913406.493493224 0.4687500011375447 0.9062500002690315
4849606.338464915 -265532.2722673991 4123160.435188694 0.4687500011375447 0.9375000002150855
4676544.06093915 -255334.0216660046 4319071.796517701 0.4687500011375447 0.9687500001013651
4680280.79951213 0.01045131193238249 -4322570.142602443 0.5000000012787196 0.03125000004281374
4853781.741802513 0.01086951412640243 -4126795.827630022 0.5000000012787196 0.06250000010892995
5024502.576916823 0.01128057527019599 -3917143.71124627 0.5000000012787196 0.09375000018479249
5191332.724447005 0.01168186661620356 -3693197.198104326 0.5000000012787196 0.1250000003035794
5353030.329089407 0.01207044885092652 -3454664.57067093 0.5000000012787196 0.1562500004205225
5508230.213536352 0.01244309465918805 -3201412.331250892 0.5000000012787196 0.1875000004950058
5655459.373932647 0.0127963238497688 -2933499.662484617 0.5000000012787196 0.2187500005621105
5793161.122812232 0.01312645509833544 -2651212.025685031 0.5000000012787194 0.2500000006443777
5919728.51819147 0.01342970183125171 -2355091.350863194 0.5000000012787194 0.2812500007256591
6033546.997029925 0.01370225062576494 -2045959.832115767 0.5000000012787196 0.3125000008137811
6133045.181259744 0.01394038957029772 -1724934.145011525 0.5000000012787194 0.343750000879918
6216751.726201878 0.01414065511668179 -1393427.061157476 0.5000000012787196 0.3750000009705468
6283354.967977066 0.01429994597236275 -1053134.059081712 0.5000000012787194 0.4062500010389248
6331761.200431182 0.01441569131242305 -706003.6123946409 0.5000000012787196 0.4375000011540361
6361146.868885598 0.01448594098737079 -354191.3500735692 0.5000000012787194 0.4687500012127608
6371000 0.01450949784423095 0.01551131239051017 0.5000000012787196 0.5000000013670094
6361146.867297064 0.01448594348687151 354191.378603088 0.5000000012787196 0.5312500013100503
6331761.197463299 0.01441568950662881 706003.6390119558 0.5000000012787194 0.5625000012235621
6283354.963969151 0.01429994555306955 1053134.082994293 0.5000000012787194 0.593750001133016
6216751.721404459 0.01414065483607951 1393427.082561085 0.5000000012787196 0.6250000010189026
6133045.17581397 0.01394039173966389 1724934.164374102 0.5000000012787196 0.6562500009731667
6033546.991173873 0.01370224859676888 2045959.849385297 0.5000000012787194 0.6875000008978924
5919728.512089537 0.01342970195679056 2355091.36620094 0.5000000012787194 0.718750000857315
5793161.116763817 0.01312645752761396 2651212.038901416 0.5000000012787196 0.750000000783163
5655459.368171057 0.01279632403773478 2933499.673592317 0.5000000012787196 0.7812500006993568
5508230.208012687 0.01244309465260897 3201412.340754703 0.5000000012787196 0.8125000006446051
5353030.324348829 0.01207044878229048 3454664.578016492 0.5000000012787196 0.8437500005130388
5191332.720832957 0.01168186611475471 3693197.203184401 0.5000000012787196 0.8750000003830568
5024502.574462955 0.01128057514516451 3917143.714393836 0.5000000012787196 0.9062500002690315
4853781.740016179 0.01086951410948887 4126795.829731041 0.5000000012787196 0.9375000002150855
4680280.798706786 0.01045131228673942 4322570.143474433 0.5000000012787196 0.9687500001013651
4676544.061178345 255334.0409818338 -4319071.795116798 0.5312500012221835 0.03125000004281374
4849606.339616164 265532.2924075557 -4123160.432537582 0.5312500012221835 0.06250000010892995
5019856.625348676 275554.181039445 -3913406.489780315 0.5312500012221835 0.09375000018479249
5186188.469901983 285335.6608874743 -3689400.18367236 0.5312500012221835 0.1250000003035794
5347365.708399015 294805.2281912807 -3450856.539769425 0.5312500012221835 0.1562500004205225
5502030.530481152 303884.3916569873 -3197648.404399795 0.5312500012221835 0.1875000004950058
5648719.013348532 312488.5719769514 -2929840.507710034 0.5312500012221835 0.2187500005621105
5785885.191453809 320528.4921777779 -2647722.613307096 0.5312500012221835 0.2500000006443777
5911934.274072004 327912.0936814578 -2351839.23725032 0.5312500012221835 0.2812500007256591
6025264.910209199 334546.9720425902 -2043012.991955478 0.5312500012221832 0.3125000008137811
6124319.465484742 340343.2726106427 -1722358.42421761 0.5312500012221835 0.343750000879918
6207640.198243 345216.9244912053 -1391283.380265304 0.5312500012221835 0.3750000009705468
6273928.133357504 349093.028668265 -1051475.551213837 0.5312500012221835 0.4062500010389248
6322100.529628322 351909.1643589116 -704872.919974581 0.5312500012221835 0.4375000011540361
6351342.310733017 353618.3475151815 -353618.319934393 0.5312500012221835 0.4687500012127608
6361146.867352391 354191.3776094347 0.01548613175406218 0.5312500012221835 0.5000000013670094
6351342.309152299 353618.3474227936 353618.348418068 0.5312500012221835 0.5312500013100503
6322100.526674898 351909.1641862743 704872.9465504286 0.5312500012221835 0.5625000012235621
6273928.129368786 349093.0284350627 1051475.575091079 0.5312500012221835 0.593750001133016
6207640.193468024 345216.9242119549 1391283.401639618 0.5312500012221835 0.6250000010189026
6124319.460063692 340343.2722934934 1722358.443556309 0.5312500012221835 0.6562500009731667
6025264.904378782 334546.9717013431 2043013.009206452 0.5312500012221835 0.6875000008978924
5911934.26799567 327912.0933256294 2351839.252574316 0.5312500012221835 0.718750000857315
5785885.185429564 320528.4918247882 2647722.626514195 0.5312500012221835 0.750000000783163
5648719.007608742 312488.5716404028 2929840.518812217 0.5312500012221835 0.7812500006993568
5502030.524977162 303884.3913340231 3197648.413900921 0.5312500012221835 0.8125000006446051
5347365.703674244 294805.2279138116 3450856.547114521 0.5312500012221835 0.8437500005130388
5186188.466299151 285335.6606757035 3689400.188753237 0.5312500012221835 0.8750000003830568
5019856.622901853 275554.1808954852 3913406.492929072 0.5312500012221835 0.9062500002690315
4849606.337834548 265532.2923026257 4123160.434639852 0.5312500012221835 0.9375000002150855
4676544.060374945 255334.0409344648 4319071.795989491 0.5312500012221835 0.9687500001013654
4665344.075083153 510185.9037393905 -4308586.311623818 0.5625000011539865 0.03125000004281372
4837097.007948044 530450.9766200084 -4112268.874612038 0.5625000011539864 0.06250000010892995
5005943.76304397 550352.3821201366 -3902214.793772362 0.5625000011539865 0.09375000018479249
5170790.362634729 569763.3206260673 -3678034.500130874 0.5625000011539865 0.1250000003035794
5330417.719715603 588542.5885441329 -3439462.974769708 0.5625000011539862 0.1562500004205225
5483490.042234975 606535.5579482685 -3186391.779686586 0.5625000011539862 0.1875000004950058
5628570.460154767 623575.9883176014 -2918901.944544711 0.5625000011539865 0.2187500005621105
5764144.862033853 639488.7835232858 -2637295.794035367 0.5625000011539865 0.2500000006443778
5888654.473745306 654093.7549026412 -2342125.28457313 0.5625000011539862 0.2812500007256591
6000537.026157035 667210.372301654 -2034214.029253453 0.5625000011539862 0.3125000008137811
6098275.468333506 678663.3825266861 -1714670.03401214 0.5625000011539862 0.343750000879918
6180452.166500152 688289.0577580519 -1384886.345724482 0.5625000011539862 0.3750000009705468
6245805.510704972 695941.7193943977 -1046527.422313329 0.5625000011539862 0.4062500010389247
6293285.016017726 701500.0868343129 -701500.0608255333 0.5625000011539862 0.4375000011540361
6322100.528264636 704872.9459486905 -351909.1368316914 0.5625000011539862 0.4687500012127608
6331761.197550148 706003.6382330516 0.01541102922618696 0.5625000011539862 0.5000000013670094
6322100.526707077 704872.9457663895 351909.1651786198 0.5625000011539862 0.5312500013100503
6293285.013107137 701500.0864936105 701500.0872776479 0.5625000011539865 0.5625000012235621
6245805.506773147 695941.7189340597 1046527.446085074 0.5625000011539865 0.593750001133016
6180452.161791717 688289.0572066343 1384886.36701128 0.5625000011539865 0.6250000010189026
6098275.462985787 678663.3819001766 1714670.053279436 0.5625000011539865 0.6562500009731667
6000537.020402695 667210.3716272119 2034214.046448856 0.5625000011539862 0.6875000008978924
5888654.467744976 654093.754199009 2342125.299855875 0.5625000011539862 0.718750000857315
5764144.856081415 639488.7828248594 2637295.80721453 0.5625000011539865 0.750000000783163
5628570.45447979 623575.9876512876 2918901.955630214 0.5625000011539862 0.7812500006993568
5483490.036789523 606535.5573084382 3186391.789179505 0.5625000011539865 0.8125000006446051
5330417.715037892 588542.5879940651 3439462.982113265 0.5625000011539862 0.8437500005130388
5170790.359065313 569763.3202059584 3678034.505214042 0.5625000011539862 0.8750000003830568
5005943.76061816 550352.3818343562 3902214.79692461 0.5625000011539862 0.9062500002690315
4837097.006180511 530450.9764115688 4112268.876718003 0.5625000011539862 0.9375000002150853
4665344.074285564 510185.9036452306 4308586.312498599 0.5625000011539862 0.9687500001013651
4646711.438031267 764075.7169988595 -4291142.285028786 0.593750001077945 0.03125000004281372
4816304.13960051 794147.1767675021 -4094164.835042574 0.5937500010779451 0.06250000010892995
4982838.513898683 823646.5314408281 -3883628.166502743 0.593750001077945 0.09375000018479249
5145241.598815166 852386.8642794833 -3659175.661733902 0.593750001077945 0.1250000003035794
5302322.775630401 880160.8969160344 -3420574.656190256 0.593750001077945 0.1562500004205225
5452782.662227051 906742.5456103082 -3167746.864018054 0.593750001077945 0.1875000004950058
5595228.837649952 931889.660483007 -2900799.357938297 0.5937500010779451 0.2187500005621105
5728199.248847744 955348.0943758527 -2620054.27120748 0.593750001077945 0.2500000006443777
5850193.713084124 976857.1722422579 -2326074.930957695 0.593750001077945 0.2812500007256591
5959713.286425011 996156.5206758216 -2019685.799802593 0.593750001077945 0.3125000008137811
6055306.449407706 1012994.075468426 -1701983.491937367 0.5937500010779447 0.343750000879918
6135620.140171573 1027134.925886799 -1374336.32693911 0.5937500010779447 0.3750000009705468
6199452.755726404 1038370.497136618 -1038370.473478781 0.5937500010779447 0.4062500010389247
6245805.509630652 1046527.445967585 -695941.6934657313 0.5937500010779448 0.4375000011540361
6273928.130936906 1051475.574743755 -349093.0012988335 0.593750001077945 0.4687500012127608
6283354.964070775 1053134.082387975 0.01528729467107094 0.593750001077945 0.5000000013670094
6273928.129416986 1051475.574476343 349093.0294204208 0.593750001077945 0.5312500013100503
6245805.506789706 1046527.445467698 695941.7197138297 0.593750001077945 0.5625000012235621
6199452.751887119 1038370.496460936 1038370.497076401 0.593750001077945 0.593750001133016
6135620.135571446 1027134.925076996 1374336.34808125 0.593750001077945 0.6250000010189026
6055306.444179453 1012994.074547726 1701983.5110864 0.5937500010779447 0.6562500009731667
5959713.280794737 996156.5196839049 2019685.816905709 0.5937500010779447 0.6875000008978924
5850193.707207897 976857.1712064985 2326074.946171678 0.5937500010779447 0.718750000857315
5728199.243012699 955348.0933467702 2620054.284339818 0.593750001077945 0.750000000783163
5595228.832081075 931889.6595002346 2900799.368995586 0.5937500010779447 0.7812500006993568
5452782.65687756 906742.5446655835 3167746.873496789 0.593750001077945 0.8125000006446051
5302322.771029943 880160.8961029554 3420574.663530761 0.593750001077945 0.8437500005130389
5145241.595300687 852386.8636578114 3659175.666820499 0.593750001077945 0.8750000003830568
4982838.511507465 823646.531017463 3883628.169660551 0.5937500010779451 0.9062500002690315
4816304.137856195 794147.1764583664 4094164.83715452 0.593750001077945 0.9375000002150855
4646711.437243269 764075.7168590616 4291142.285906971 0.593750001077945 0.9687500001013651
4620696.852847676 1016528.139325589 -4266787.097576213 0.6250000009541934 0.03125000004281372
4787310.963010755 1056021.330858468 -4068920.45783755 0.6250000009541933 0.06250000010892995
4950663.597432215 1094704.108694185 -3857744.659703074 0.6250000009541934 0.09375000018479249
5109711.638221228 1132333.509438898 -3632947.6733953 0.6250000009541934 0.1250000003035794
5263304.277284277 1168641.647806597 -3394340.257507036 0.6250000009541933 0.1562500004205225
5410192.463877639 1203337.924368914 -3141884.202763863 0.6250000009541934 0.1875000004950058
5549044.652149824 1236112.69221469 -2875720.754974862 0.6250000009541934 0.2187500005621105
5678469.530129003 1266642.539529772 -2596197.502589135 0.6250000009541934 0.2500000006443777
5797045.999840939 1294597.249748868 -2303891.628673283 0.6250000009541932 0.2812500007256591
5903360.093276108 1319648.365545677 -1999627.165355514 0.6250000009541932 0.3125000008137811
5996047.782149095 1341479.114807945 -1684483.831539801 0.6250000009541932 0.343750000879918
6073841.839814351 1359795.271866434 -1359795.250591174 0.6250000009541934 0.3750000009705468
6135620.13934123 1374336.348245561 -1027134.902338232 0.6250000009541932 0.4062500010389247
6180452.16461147 1384886.366946359 -688289.0320174479 0.6250000009541934 0.4375000011540361
6207640.195041331 1391283.401278014 -345216.8973783075 0.6250000009541934 0.4687500012127608
6216751.721560501 1393427.081864906 0.01511700272151188 0.6250000009541934 0.5000000013670094
6207640.193572166 1391283.400932355 345216.9251896787 0.6250000009541934 0.5312500013100503
6180452.161864478 1384886.366299987 688289.0579844415 0.6250000009541934 0.5625000012235621
6135620.13562689 1374336.347371412 1027134.925695576 0.6250000009541934 0.593750001133016
6073841.835360614 1359795.270817999 1359795.271533267 0.6250000009541934 0.6250000010189026
5996047.777082519 1341479.113614852 1684483.85052481 0.6250000009541932 0.6562500009731667
5903360.087813993 1319648.364258927 1999627.182330125 0.6250000009541934 0.6875000008978924
5797045.9941332 1294597.248403618 2303891.643790996 0.6250000009541934 0.718750000857315
5678469.524453638 1266642.538191424 2596197.515655397 0.6250000009541932 0.750000000783163
5549044.646725554 1236112.690934773 2875720.765991799 0.6250000009541934 0.7812500006993568
5410192.458659208 1203337.923136731 3141884.212221707 0.6250000009541934 0.8125000006446051
5263304.272789557 1168641.646744506 3394340.264842269 0.6250000009541934 0.8437500005130389
5109711.634782097 1132333.508625582 3632947.678485907 0.6250000009541934 0.8750000003830568
4950663.595088545 1094704.108139449 3857744.662868133 0.6250000009541934 0.9062500002690315
4787310.961298421 1056021.330452787 4068920.459957497 0.6250000009541934 0.9375000002150853
4620696.852072916 1016528.139141853 4266787.09845901 0.6250000009541934 0.9687500001013651
4587370.696211684 1267074.564075185 -4235586.517191217 0.6562500008620986 0.03125000004281372
4750232.424844898 1315487.629669097 -4036635.381866902 0.6562500008620986 0.06250000010892995
4909587.754286577 1362815.429821587 -3824699.097602252 0.6562500008620985 0.09375000018479249
5064432.520000618 1408764.561597968 -3599520.337537473 0.6562500008620986 0.1250000003035794
5213666.898278499 1453013.846592303 -3360962.545968949 0.6562500008620989 0.1562500004205225
5356105.364679114 1495217.246891577 -3109035.494659653 0.6562500008620986 0.1875000004950058
5490492.300644729 1535008.422174709 -2843920.61077901 0.6562500008620986 0.2187500005621105
5615523.744482779 1572007.071292605 -2565994.513430641 0.6562500008620986 0.2500000006443777
5729875.406391216 1605827.092281108 -2275848.891497213 0.6562500008620984 0.2812500007256591
5832236.553333675 1636086.445528928 -1974304.669678685 0.6562500008620986 0.3125000008137811
5921348.750335266 1662418.425079209 -1662418.406075962 0.6562500008620988 0.343750000879918
5996047.781521245 1684483.850608178 -1341479.093670268 0.6562500008620986 0.3750000009705468
6055306.447963714 1701983.510963536 -1012994.05213323 0.6562500008620986 0.4062500010389248
6098275.465861238 1714670.052878891 -678663.3570741845 0.6562500008620986 0.4375000011540361
6124319.46174666 1722358.442798096 -340343.2458463334 0.6562500008620986 0.4687500012127608
6133045.176140374 1724934.163213572 0.0149029121392663 0.6562500008620986 0.5000000013670094
6124319.460339606 1722358.442382745 340343.2732675546 0.6562500008620986 0.5312500013100503
6098275.463229294 1714670.052101879 678663.3826872415 0.6562500008620986 0.5625000012235621
6055306.44440252 1701983.509912008 1012994.075187468 0.6562500008620986 0.593750001133016
5996047.777247175 1684483.849345851 1341479.114359299 0.6562500008620986 0.6250000010189026
5921348.745467458 1662418.423641076 1662418.424852689 0.6562500008620986 0.6562500009731667
5832236.548078701 1636086.443975828 1974304.68648929 0.6562500008620986 0.6875000008978924
5729875.40089149 1605827.090654955 2275848.906491209 0.6562500008620986 0.718750000857315
5615523.739005026 1572007.069672119 2565994.52641113 0.6562500008620986 0.750000000783163
5490492.295399883 1535008.420622233 2843920.621742698 0.6562500008620986 0.7812500006993568
5356105.359623733 1495217.245394228 3109035.504088948 0.6562500008620986 0.8125000006446051
5213666.893915693 1453013.845299178 3360962.553295765 0.6562500008620984 0.8437500005130388
5064432.516655754 1408764.560605807 3599520.342631915 0.6562500008620986 0.8750000003830569
4909587.752002564 1362815.429143542 3824699.100775735 0.6562500008620986 0.9062500002690315
4750232.423172796 1315487.62917227 4036635.383996508 0.6562500008620986 0.9375000002150855
4587370.695453623 1267074.563849734 4235586.518079681 0.6562500008620986 0.9687500001013651
4546822.425419785 1515255.22030266 -4197624.143375069 0.6875000007751403 0.03125000004281372
4705213.669323933 1571978.167930493 -3997435.4235631 0.6875000007751404 0.06250000010892995
4859822.811354069 1627300.332283791 -3784660.733908879 0.6875000007751403 0.09375000018479249
5009693.930126698 1680885.097349269 -3559105.648328082 0.6875000007751401 0.1250000003035794
5153788.991984917 1732367.10742898 -3320693.335915444 0.6875000007751404 0.1562500004205225
5290998.164590374 1781355.90330828 -3069487.02034233 0.6875000007751402 0.1875000004950058
5420155.033790025 1827441.275900573 -2805711.815710148 0.6875000007751401 0.2187500005621105
5540057.037294652 1870200.446402275 -2529774.557900114 0.6875000007751403 0.2500000006443778
5649491.096808474 1909207.065750735 -2242280.02871391 0.6875000007751404 0.2812500007256591
5747263.996689138 1944041.8743902 -1944041.857311266 0.6875000007751401 0.3125000008137811
5832236.552815531 1974304.686836246 -1636086.426671538 0.6875000007751401 0.343750000879918
5903360.092140152 1999627.1825134 -1319648.344628423 0.6875000007751403 0.3750000009705468
5959713.284497431 2019685.816853267 -996156.497638104 0.6875000007751402 0.4062500010389247
6000537.023241769 2034214.046079123 -667210.3472213375 0.6875000007751402 0.4375000011540361
6025264.906086016 2043013.008427984 -334546.9457076312 0.6875000007751401 0.4687500012127608
6033546.991593838 2045959.848146815 0.01464832986274719 0.6875000007751401 0.5000000013670094
6025264.904750391 2043013.007952751 334546.9726647014 0.6875000007751403 0.5312500013100503
6000537.02074222 2034214.045189666 667210.3724127569 0.6875000007751403 0.5625000012235621
5959713.281112689 2019685.815648618 996156.5203304213 0.6875000007751401 0.593750001133016
5903360.088073431 1999627.181065709 1319648.36501428 0.6875000007751403 0.6250000010189026
5832236.548177577 1974304.685184735 1636086.445197601 0.6875000007751401 0.6562500009731667
5747263.991674274 1944041.872603857 1944041.87392329 0.6875000007751403 0.6875000008978924
5649491.091550516 1909207.06387703 2242280.043556872 0.6875000007751403 0.718750000857315
5540057.032047257 1870200.444531456 2529774.570774652 0.6875000007751403 0.750000000783163
5420155.028754988 1827441.274104515 2805711.826606805 0.6875000007751403 0.7812500006993568
5290998.159726288 1781355.901572178 3069487.029734286 0.6875000007751403 0.8125000006446053
5153788.987777397 1732367.105926252 3320693.343229564 0.6875000007751403 0.8437500005130388
5009693.926893189 1680885.096193603 3559105.653425272 0.6875000007751404 0.8750000003830569
4859822.809140765 1627300.331492146 3784660.737091334 0.6875000007751402 0.9062500002690315
4705213.667699684 1571978.167349068 3997435.425703578 0.6875000007751403 0.9375000002150855
4546822.424681655 1515255.220038208 4197624.144270066 0.6875000007751403 0.9687500001013654
4499159.834389184 1760621.159813115 -4153000.712284724 0.7187500007474678 0.03125000004281372
4652428.15443023 1824946.749446593 -3951470.945046823 0.7187500007474679 0.06250000010892995
4801620.086948358 1887514.126341343 -3737830.381849331 0.7187500007474679 0.09375000018479249
4945837.225164614 1947952.334747117 -3511953.422773322 0.7187500007474678 0.1250000003035794
5084113.489344778 2005862.640148218 -3273827.438384633 0.7187500007474675 0.1562500004205225
5215425.539780634 2060822.830851461 -3023571.844498697 0.7187500007474678 0.1875000004950058
5338707.290147505 2112393.204186636 -2761456.213853843 0.7187500007474675 0.2187500005621105
5452868.671629446 2160124.298405068 -2487916.249676047 0.7187500007474678 0.2500000006443778
5556818.518433438 2203566.316439022 -2203566.300852003 0.7187500007474678 0.2812500007256591
5649491.096323219 2242280.044367901 -1909207.048801715 0.7187500007474678 0.3125000008137811
5729875.405393935 2275848.90717133 -1605827.073625536 0.7187500007474678 0.343750000879918
5797045.998242199 2303891.644291826 -1294597.229112751 0.7187500007474678 0.3750000009705468
5850193.710725022 2326074.94641362 -976857.1495670496 0.7187500007474678 0.4062500010389246
5888654.47044629 2342125.299748833 -654093.730262997 0.7187500007474676 0.4375000011540361
5911934.269630607 2351839.252017185 -327912.0678451079 0.7187500007474678 0.4687500012127608
5919728.512512966 2355091.36513661 0.01435696347468432 0.7187500007474678 0.5000000013670094
5911934.268373542 2351839.251492671 327912.0942706963 0.7187500007474678 0.5312500013100503
5888654.468092477 2342125.298766619 654093.754970863 0.7187500007474678 0.5625000012235621
5850193.707534773 2326074.945082176 976857.1718432021 0.7187500007474678 0.593750001133016
5797045.994404451 2303891.642689829 1294597.249148661 0.7187500007474678 0.6250000010189026
5729875.401010397 2275848.905341031 1605827.091860759 0.7187500007474678 0.6562500009731667
5649491.091574854 2242280.042384648 1909207.06518174 0.7187500007474678 0.6875000008978924
5556818.513444649 2203566.314354582 2203566.315516863 0.7187500007474678 0.718750000857315
5452868.666639389 2160124.296319212 2487916.262423997 0.7187500007474679 0.7500000007831631
5338707.285347706 2112393.202179351 2761456.224668752 0.7187500007474678 0.7812500006993568
5215425.53513185 2060822.828906293 3023571.853843283 0.7187500007474678 0.8125000006446051
5084113.485312724 2005862.638460124 3273827.445680529 0.7187500007474678 0.8437500005130388
4945837.222057441 1947952.333445411 3511953.427871121 0.7187500007474676 0.8750000003830567
4801620.0848156 1887514.125447245 3737830.385040573 0.7187500007474678 0.9062500002690315
4652428.152860713 1824946.748788133 3951470.947198865 0.7187500007474678 0.9375000002150855
4499159.83367394 1760621.159512814 4153000.713186893 0.7187500007474678 0.9687500001013651
4444508.173351616 2002736.099754579 -4101833.274494527 0.7500000006803103 0.03125000004281372
4592075.455390241 2073872.275316391 -3898914.951326396 0.7500000006803105 0.06250000010892995
4735266.25706053 2142852.684808954 -3684437.113854845 0.7500000006803105 0.09375000018479249
4873248.652522986 2209282.49318085 -3458346.344137256 0.7500000006803103 0.1250000003035794
5005137.708682394 2272741.850858802 -3220695.886990956 0.7500000006803103 0.1562500004205225
5130005.668342089 2332790.726450897 -2971661.196933919 0.7500000006803105 0.1875000004950058
5246895.413908364 2388975.289190441 -2711554.274423587 0.7500000006803105 0.2187500005621105
5354837.231435381 2440835.849884741 -2440835.836091992 0.7500000006803105 0.2500000006443778
5452868.671371708 2487916.263605201 -2160124.283012826 0.7500000006803103 0.2812500007256591
5540057.036567615 2529774.57183541 -1870200.429706028 0.7500000006803106 0.3125000008137811
5615523.743264548 2565994.52733057 -1572007.052955448 0.7500000006803105 0.343750000879918
5678469.528339007 2596197.516381895 -1266642.519283897 0.7500000006803103 0.3750000009705468
5728199.246340548 2620054.284788307 -955348.0721632376 0.7500000006803103 0.4062500010389248
5764144.858644746 2637295.807288733 -639488.7594138087 0.7500000006803105 0.4375000011540361
5785885.186996318 2647722.626105877 -320528.466916083 0.7500000006803103 0.4687500012127608
5793161.117199597 2651212.037949193 0.01403277975168426 0.7500000006803105 0.5000000013670094
5785885.185822728 2647722.625543037 320528.4927499885 0.7500000006803105 0.5312500013100503
5764144.856445938 2637295.806234125 639488.7835824257 0.7500000006803103 0.5625000012235621
5728199.243357468 2620054.283357368 955348.0939739381 0.7500000006803105 0.593750001133016
5678469.524745663 2596197.514657917 1266642.538926759 0.7500000006803105 0.6250000010189026
5615523.739153276 2565994.525357651 1572007.070862143 0.7500000006803103 0.6562500009731667
5540057.032105314 2529774.569693448 1870200.445821997 0.7500000006803105 0.6875000008978924
5452868.66667285 2487916.261348956 2160124.297472924 0.7500000006803105 0.718750000857315
5354837.226723567 2440835.847621429 2440835.848692335 0.7500000006803105 0.750000000783163
5246895.409363954 2388975.28700662 2711554.285141108 0.7500000006803105 0.7812500006993568
5130005.663928056 2332790.724328735 2971661.206219827 0.7500000006803105 0.8125000006446051
5005137.704842512 2272741.849011732 3220695.894261763 0.7500000006803105 0.8437500005130388
4873248.649554801 2209282.491752287 3458346.349232406 0.7500000006803105 0.8750000003830568
4735266.255016798 2142852.683824728 3684437.117053886 0.7500000006803105 0.9062500002690315
4592075.453881493 2073872.274589334 3898914.953490105 0.7500000006803105 0.9375000002150855
4444508.172661895 2002736.099421981 4101833.275404261 0.7500000006803105 0.9687500001013651
4383009.146665022 2241178.107495289 -4044254.258912833 0.7812500006079491 0.03125000004281372
4524378.809799213 2318261.672697912 -3839960.963647903 0.781250000607949 0.06250000010892995
4661078.813289016 2392756.594692619 -3624734.635095823 0.7812500006079491 0.09375000018479249
4792352.022521697 2464256.035484079 -3398594.604216938 0.7812500006079489 0.1250000003035794
4917402.517068746 2532332.432250535 -3161658.732010469 0.7812500006079491 0.1562500004205225
5035405.178803815 2596542.647350984 -2914155.446396653 0.7812500006079494 0.1875000004950058
5145517.767588397 2656434.449326763 -2656434.437335531 0.7812500006079492 0.2187500005621105
5246895.413793684 2711554.286593543 -2388975.275629069 0.7812500006079491 0.2500000006443778
5338707.289785339 2761456.226107659 -2112393.18908297 0.7812500006079492 0.2812500007256591
5420155.032984679 2805711.827916936 -1827441.259547859 0.7812500006079489 0.3125000008137811
5490492.299378254 2843920.622902714 -1535008.404243029 0.7812500006079489 0.343750000879918
5549044.650349515 2875720.766948059 -1236112.672441754 0.7812500006079494 0.3750000009705468
5595228.835182823 2900799.369659415 -931889.6388104176 0.7812500006079489 0.4062500010389248
5628570.456869816 2918901.955901263 -623575.9648094855 0.7812500006079488 0.4375000011540361
5648719.009074104 2929840.518577461 -312488.5473527422 0.7812500006079491 0.4687500012127608
5655459.368588548 2933499.672787438 0.01367985110040788 0.7812500006079491 0.5000000013670094
5648719.007986785 2929840.517987181 312488.5725421082 0.7812500006079491 0.5312500013100503
5628570.454831354 2918901.954794557 623575.9883895955 0.7812500006079491 0.5625000012235621
5595228.832414407 2900799.368156245 931889.6601115536 0.7812500006079491 0.593750001133016
5549044.647009981 2875720.765134512 1236112.691652366 0.7812500006079494 0.6250000010189026
5490492.295550507 2843920.620823641 1535008.421786212 0.7812500006079491 0.6562500009731669
5420155.028821253 2805711.825655005 1827441.27536929 0.7812500006079491 0.6875000008978926
5338707.285390539 2761456.223719355 2112393.203312209 0.7812500006079488 0.7187500008573149
5246895.40937488 2711554.284191433 2388975.288060532 0.7812500006079491 0.750000000783163
5145517.763314128 2656434.447002389 2656434.44793917 0.7812500006079491 0.7812500006993568
5035405.174639266 2596542.645085371 2914155.455611312 0.7812500006079492 0.8125000006446053
4917402.513434102 2532332.430272338 3161658.739247956 0.7812500006079491 0.8437500005130388
4792352.019702701 2464256.033949078 3398594.609305001 0.7812500006079492 0.8750000003830569
4661078.81134133 2392756.593631514 3624734.638300824 0.7812500006079491 0.9062500002690315
4524378.808356361 2318261.67191141 3839960.965822752 0.781250000607949 0.9375000002150855
4383009.146003123 2241178.107134273 4044254.259830237 0.7812500006079491 0.9687500001013651
4314819.807522055 2475541.103394942 -3980410.440396504 0.8125000005711651 0.03125000004281372
4449582.465800697 2557652.321046844 -3774820.722191013 0.8125000005711651 0.06250000010892995
4579401.251766408 2636714.315724304 -3558997.442057914 0.8125000005711652 0.09375000018479249
4703601.093932174 2712321.244005399 -3333030.335667089 0.8125000005711649 0.1250000003035794
4821481.278219109 2784051.934165934 -3097097.691654164 0.8125000005711652 0.1562500004205226
4932324.08316407 2851475.074415136 -2851475.063651952 0.8125000005711653 0.1875000004950058
5035405.178612876 2914155.45727016 -2596542.635517696 0.8125000005711651 0.2187500005621105
5130005.668032892 2971661.20794341 -2332790.713106238 0.8125000005711651 0.2500000006443778
5215425.539231101 3023571.855549894 -2060822.816028236 0.8125000005711651 0.2812500007256591
5290998.163621207 3069487.031304758 -1781355.887297349 0.8125000005711651 0.3125000008137811
5356105.36327655 3109035.505502064 -1495217.229370943 0.8125000005711651 0.343750000879918
5410192.461977212 3141884.213422954 -1203337.905082603 0.8125000005711649 0.3750000009705468
5452782.659708683 3167746.874395702 -906742.5244999533 0.8125000005711649 0.4062500010389247
5483490.038961922 3186391.789673673 -606535.5350724175 0.8125000005711651 0.4375000011540361
5502030.526297229 3197648.413874741 -303884.3677088247 0.8125000005711653 0.4687500012127608
5508230.20836865 3201412.340142249 0.01330223340694651 0.8125000005711651 0.5000000013670094
5502030.52529702 3197648.413267491 303884.3922081206 0.8125000005711651 0.5312500013100503
5483490.037085535 3186391.788534418 606535.5580212211 0.8125000005711651 0.5625000012235621
5452782.657157613 3167746.872846676 906742.545252663 0.8125000005711651 0.593750001133016
5410192.458895256 3141884.211551338 1203337.92382578 0.8125000005711649 0.6250000010189026
5356105.359737391 3109035.503352456 1495217.24651849 0.8125000005711653 0.6562500009731667
5290998.159763058 3069487.028960953 1781355.902795505 0.8125000005711651 0.6875000008978926
5215425.535148102 3023571.853068927 2060822.830001275 0.8125000005711649 0.718750000857315
5130005.663915885 2971661.205441131 2332790.725347457 0.8125000005711651 0.7500000007831631
5035405.174618183 2914155.454841508 2596542.645990225 0.8125000005711651 0.7812500006993566
4932324.07925903 2851475.072040212 2851475.072781601 0.8125000005711651 0.8125000006446051
4821481.274799076 2784051.932085232 3097097.698848772 0.8125000005711651 0.8437500005130388
4703601.091270034 2712321.242385157 3333030.340742426 0.8125000005711651 0.8750000003830568
4579401.249920262 2636714.314600221 3558997.445266156 0.8125000005711651 0.9062500002690315
4449582.464427902 2557652.320210596 3774820.724375804 0.8125000005711653 0.9375000002150855
4314819.806889895 2475541.103009672 3980410.441321385 0.8125000005711651 0.9687500001013651
4240111.367916259 2705436.171444626 -3910461.828212412 0.8437500004554949 0.03125000004281372
4367948.894706478 2791613.958665269 -3703721.77127517 0.8437500004554951 0.06250000010892995
4490598.129379049 2874264.338483687 -3487516.87493241 0.8437500004554951 0.09375000018479249
4607471.921133907 2952996.164161365 -3262002.015696939 0.8437500004554951 0.1250000003035794
4717968.985302344 3027408.933934908 -3027408.925212495 0.8437500004554951 0.1562500004205225
4821481.278415394 3097097.700697721 -2784051.923765568 0.8437500004554951 0.1875000004950058
4917402.517100018 3161658.741118159 -2532332.420818708 0.8437500004554951 0.2187500005621105
5005137.708616589 3220695.896193647 -2272741.837962613 0.8437500004554951 0.2500000006443778
5084113.489069067 3273827.447590488 -2005862.625821898 0.8437500004554951 0.2812500007256591
5153788.99133435 3320693.344996605 -1732367.091957164 0.843750000455495 0.3125000008137811
5213666.897240883 3360962.554899407 -1453013.829658435 0.8437500004554952 0.343750000879918
5263304.275800361 3394340.266228284 -1168641.629158803 0.8437500004554951 0.3750000009705468
5302322.773589632 3420574.664608597 -880160.8764939044 0.8437500004554951 0.4062500010389247
5330417.716991808 3439462.982780357 -588542.5663989694 0.843750000455495 0.4375000011540361
5347365.704847629 3450856.54725481 -294805.2049880184 0.8437500004554951 0.4687500012127608
5353030.324641033 3454664.57756372 0.01290385806797084 0.8437500004554951 0.5000000013670094
5347365.703933639 3450856.546640377 294805.2287588268 0.8437500004554951 0.5312500013100503
5330417.715276009 3439462.981626863 588542.5886799811 0.8437500004554951 0.5625000012235621
5302322.771254298 3420574.663038488 880160.8966645108 0.8437500004554951 0.593750001133016
5263304.272974698 3394340.264328335 1168641.6474034 0.8437500004554951 0.6250000010189026
5213666.893989749 3360962.552713108 1453013.846381194 0.8437500004554951 0.6562500009731667
5153788.987781988 3320693.342607388 1732367.107105215 0.8437500004554951 0.6875000008978924
5084113.485299688 3273827.445054863 2005862.639514333 0.843750000455495 0.718750000857315
5005137.704804544 3220695.893628805 2272741.849992307 0.8437500004554951 0.750000000783163
4917402.51338925 3161658.738620892 2532332.431142334 0.8437500004554951 0.7812500006993568
4821481.274775305 3097097.698247399 2784051.932795392 0.8437500004554951 0.8125000006446051
4717968.982102658 3027408.931780448 3027408.932353404 0.8437500004554951 0.8437500005130388
4607471.918633748 2952996.162477411 3262002.020752766 0.8437500004554951 0.8750000003830569
4490598.127638387 2874264.3373109 3487516.878140282 0.8437500004554951 0.9062500002690315
4367948.893406894 2791613.957789358 3703721.773468025 0.8437500004554951 0.9375000002150855
4240111.367315364 2705436.171039477 3910461.829144263 0.8437500004554951 0.9687500001013651
4159067.941760289 2930492.672872711 -3834580.492056619 0.8750000003729103 0.03125000004281372
4279755.927731143 3019750.068157649 -3626904.978754202 0.8750000003729105 0.06250000010892995
4395050.115347606 3104996.369511927 -3410597.166025438 0.8750000003729105 0.09375000018479249
4504455.386520301 3185869.011215867 -3185869.00456103 0.8750000003729105 0.1250000003035794
4607471.921464294 3262002.022742407 -2952996.155863155 0.8750000003729105 0.1562500004205225
4703601.094465951 3333030.342999545 -2712321.23406927 0.8750000003729105 0.1875000004950058
4792352.022923233 3398594.61157798 -2464256.024551168 0.8750000003729105 0.2187500005621105
4873248.652854892 3458346.351562035 -2209282.480826192 0.8750000003729105 0.2500000006443778
4945837.225322566 3511953.43017303 -1947952.321005178 0.8750000003729105 0.2812500007256591
5009693.929959084 3559105.655578404 -1680885.082496993 0.8750000003729103 0.3125000008137811
5064432.519495847 3599520.344616933 -1408764.545323935 0.8750000003729105 0.343750000879918
5109711.637324189 3632947.680249789 -1132333.491495077 0.8750000003729106 0.3750000009705468
5145241.597423628 3659175.668274087 -852386.8446031085 0.8750000003729105 0.4062500010389247
5170790.360631845 3678034.506256304 -569763.2992609806 0.8750000003729104 0.4375000011540361
5186188.4671536 3689400.189269541 -285335.6384696175 0.8750000003729105 0.4687500012127608
5191332.720886361 3693197.203109335 0.01248844555782514 0.8750000003729105 0.5000000013670094
5186188.466323478 3689400.188656816 285335.6614802694 0.8750000003729105 0.5312500013100503
5170790.359072423 3678034.505105244 569763.3208437434 0.8750000003729105 0.5625000012235621
5145241.595298743 3659175.666705564 852386.864162949 0.8750000003729105 0.593750001133016
5109711.634749162 3632947.678348855 1132333.509213927 0.8750000003729105 0.6250000010189026
5064432.516527254 3599520.342425274 1408764.561595747 0.8750000003729106 0.6562500009731667
5009693.926707807 3559105.65317779 1680885.097270129 0.8750000003729105 0.6875000008978924
4945837.221863305 3511953.427618529 1947952.334393716 0.8750000003729105 0.718750000857315
4873248.649345838 3458346.348970394 2209282.492623368 0.8750000003729106 0.750000000783163
4792352.019496016 3398594.60904637 2464256.034707716 0.8750000003729104 0.7812500006993568
4703601.091091942 3333030.340506788 2712321.242983561 0.8750000003729105 0.8125000006446051
4607471.918487187 3262002.020542453 2952996.162938406 0.8750000003729105 0.8437500005130388
4504455.384184764 3185869.009489633 3185869.009589443 0.8750000003729104 0.8750000003830567
4395050.113714815 3104996.368304824 3410597.169228469 0.8750000003729105 0.9062500002690315
4279755.926506904 3019750.067252357 3626904.98095255 0.8750000003729105 0.9375000002150855
4159067.941191777 2930492.672452201 3834580.492994606 0.8750000003729105 0.9687500001013651
4071885.243843104 3150359.147955919 -3752949.34682887 0.9062500002797306 0.03125000004281372
4185293.879050761 3241698.73904374 -3544622.043499485 0.9062500002797306 0.06250000010892995
4293149.159948232 3328551.585942023 -3328551.581417754 0.9062500002797305 0.09375000018479249
4395050.115814907 3410597.171025738 -3104996.363358031 0.9062500002797306 0.1250000003035794
4490598.130183077 3487516.880297377 -2874264.330717881 0.9062500002797306 0.1562500004205225
4579401.252787047 3558997.447684253 -2636714.306357326 0.9062500002797308 0.1875000004950058
4661078.814215568 3624734.640726506 -2392756.5843579 0.9062500002797307 0.2187500005621105
4735266.257949732 3684437.119528241 -2142852.673089117 0.9062500002797303 0.2500000006443778
4801620.0877035 3737830.387479985 -1887514.113270004 0.9062500002797307 0.2812500007256591
4859822.811835706 3784660.739376629 -1627300.318128905 0.9062500002797306 0.3125000008137811
4909587.754482814 3824699.102889291 -1362815.414276729 0.9062500002797306 0.343750000879918
4950663.597291071 3857744.664759087 -1094704.091515065 0.9062500002797306 0.3750000009705468
4982838.513325076 3883628.171242519 -823646.5125621766 0.9062500002797306 0.4062500010389247
5005943.761929206 3902214.798099563 -550352.3615783367 0.9062500002797305 0.4375000011540361
5019856.623567852 3913406.49358544 -275554.1594410671 0.9062500002797306 0.4687500012127608
5024502.574405102 3917143.714468042 0.01205944798115431 0.9062500002797306 0.5000000013670094
5019856.622818054 3913406.492982298 275554.1816661684 0.9062500002797306 0.5312500013100503
5005943.760519722 3902214.796965749 550352.3824380374 0.9062500002797307 0.5625000012235621
4982838.511402339 3883628.16969578 823646.5314873399 0.9062500002797306 0.593750001133016
4950663.594957388 3857744.662881685 1094704.108684839 0.9062500002797305 0.6250000010189026
4909587.751787147 3824699.100720565 1362815.43007442 0.9062500002797306 0.6562500009731667
4859822.808876356 3784660.736995607 1627300.332504419 0.9062500002797306 0.6875000008978924
4801620.084546226 3737830.384939518 1887514.126332617 0.9062500002797306 0.718750000857315
4735266.254737151 3684437.116943047 2142852.684633265 0.9062500002797307 0.7500000007831631
4661078.811067284 3624734.638192787 2392756.59432902 0.9062500002797305 0.7812500006993568
4579401.249676272 3558997.44518044 2636714.31513968 0.9062500002797306 0.8125000006446051
4490598.1274275 3487516.878079183 2874264.337714516 0.9062500002797306 0.8437500005130388
4395050.113644246 3410597.169278159 3104996.368350133 0.9062500002797306 0.8750000003830568
4293149.158424183 3328551.584714848 3328551.584610641 0.9062500002797306 0.9062500002690315
4185293.877902983 3241698.738119391 3544622.045700072 0.9062500002797306 0.9375000002150855
4071885.243307673 3150359.147524644 3752949.34777183 0.9062500002797306 0.9687500001013651
3978769.261011938 3364704.014862163 -3665760.911461215 0.93750000017302 0.03125000004281372
4084862.706560071 3457133.038183483 -3457133.03545799 0.93750000017302 0.06250000010892995
4185293.879501265 3544622.04667684 -3241698.734987836 0.9375000001730199 0.09375000018479249
4279755.928643937 3626904.982390143 -3019750.062497 0.93750000017302 0.1250000003035794
4367948.895957279 3703721.775257717 -2791613.95142441 0.93750000017302 0.1562500004205225
4449582.467276162 3774820.726417566 -2557652.312242018 0.93750000017302 0.1875000004950058
4524378.811212868 3839960.967864937 -2318261.662953907 0.93750000017302 0.2187500005621105
4592075.456793031 3898914.95557409 -2073872.264224529 0.93750000017302 0.2500000006443778
4652428.155732811 3951470.949243047 -1824946.73703997 0.93750000017302 0.2812500007256591
4705213.670398591 3997435.427592176 -1571978.154468175 0.9375000001730199 0.3125000008137811
4750232.425679598 4036635.385713767 -1315487.614850701 0.93750000017302 0.343750000879918
4787310.963556796 4068920.461455103 -1056021.314444406 0.93750000017302 0.3750000009705468
4816304.139770022 4094164.838349516 -794147.1586907754 0.93750000017302 0.4062500010389247
4837097.007640601 4112268.877516072 -530450.9569102998 0.93750000017302 0.4375000011540361
4849606.338716306 4123160.434933261 -265532.2716424015 0.93750000017302 0.4687500012127608
4853781.740248091 4126795.829458274 0.01162000438923126 0.93750000017302 0.5000000013670094
4849606.338042375 4123160.434346488 265532.29306228 0.93750000017302 0.5312500013100503
4837097.006372885 4112268.876412297 530450.9770273146 0.93750000017302 0.5625000012235621
4816304.138038754 4094164.836842116 794147.1769617727 0.93750000017302 0.593750001133016
4787310.961452272 4068920.459622672 1056021.331045422 0.93750000017302 0.6250000010189026
4750232.423243888 4036635.383592913 1315487.630154 0.93750000017302 0.6562500009731667
4705213.66771834 3997435.425258317 1571978.168425496 0.93750000017302 0.6875000008978924
4652428.152865505 3951470.946746211 1824946.74975602 0.93750000017302 0.718750000857315
4592075.453866516 3898914.953025583 2073872.275495805 0.93750000017302 0.750000000783163
4524378.808335157 3839960.965358803 2318261.672721274 0.93750000017302 0.7812500006993568
4449582.464422209 3774820.723931985 2557652.320875531 0.93750000017302 0.8125000006446051
4367948.893419166 3703721.773047075 2791613.958328642 0.93750000017302 0.8437500005130388
4279755.926636172 3626904.980641308 3019750.067442972 0.93750000017302 0.8750000003830568
4185293.878085373 3544622.045443457 3241698.738164504 0.93750000017302 0.9062500002690315
4084862.705488862 3457133.037250279 3457133.037656908 0.93750000017302 0.9375000002150855
3978769.260509868 3364704.014424739 3665760.912407656 0.93750000017302 0.9687500001013651
3879934.91617193 3573216.062232224 -3573216.061040186 0.9687500000810876 0.03125000004281372
3978769.261446734 3665760.913085671 -3364704.012578213 0.9687500000810879 0.06250000010892995
4071885.244723544 3752949.348894431 -3150359.144357283 0.9687500000810878 0.09375000018479249
4159067.94309331 3834580.494568257 -2930492.667694335 0.9687500000810878 0.1250000003035794
4240111.369583824 3910461.831058033 -2705436.164718038 0.9687500000810878 0.1562500004205225
4314819.809417468 3980410.443474587 -2475541.095142039 0.9687500000810878 0.1875000004950058
4383009.148525126 4044254.261975324 -2241178.098331203 0.9687500000810879 0.2187500005621105
4444508.175221771 4101833.277582185 -2002736.089280421 0.9687500000810876 0.2500000006443778
4499159.836187132 4153000.715318788 -1760621.148061736 0.9687500000810878 0.2812500007256591
4546822.427029016 4197624.146244675 -1515255.207524338 0.9687500000810877 0.3125000008137811
4587370.6976202 4235586.519883315 -1267074.549976562 0.9687500000810878 0.343750000879918
4620696.854010147 4266787.100046508 -1016528.123672651 0.968750000081088 0.3750000009705468
4646711.438866976 4291142.287199838 -764075.6997236205 0.9687500000810876 0.4062500010389247
4665344.075499907 4308586.31340743 -510185.8848655926 0.9687500000810878 0.4375000011540361
4676544.061070123 4319071.796411802 -255334.0210584872 0.9687500000810878 0.4687500012127608
4680280.798820048 4322570.143351797 0.01117292780804407 0.9687500000810878 0.5000000013670094
4676544.060466927 4319071.795847087 255334.0416586075 0.9687500000810878 0.5312500013100503
4665344.074364512 4308586.312344465 510185.9042249881 0.9687500000810878 0.5625000012235621
4646711.437314735 4291142.285746617 764075.7173250171 0.9687500000810878 0.593750001133016
4620696.852120413 4266787.098277307 1016528.139688632 0.9687500000810878 0.6250000010189026
4587370.695428895 4235586.517831764 1267074.564767992 0.9687500000810878 0.6562500009731667
4546822.424612139 4197624.143981921 1515255.221045032 0.9687500000810878 0.6875000008978924
4499159.83359463 4153000.712891582 1760621.160412074 0.9687500000810878 0.718750000857315
4444508.172567672 4101833.275097284 2002736.100259808 0.9687500000810878 0.750000000783163
4383009.14590646 4044254.259523556 2241178.107876726 0.9687500000810878 0.7812500006993568
4314819.806810822 3980410.441034035 2475541.103609525 0.9687500000810878 0.8125000006446051
4240111.367256413 3910461.828878889 2705436.17151544 0.9687500000810878 0.8437500005130388
4159067.941244411 3834580.492837107 2930492.672583588 0.9687500000810878 0.8750000003830568
4071885.243413853 3752949.347668125 3150359.14751095 0.9687500000810878 0.9062500002690315
3978769.260451238 3665760.912153535 3364704.014770927 0.9687500000810878 0.9375000002150855
3879934.915703083 3573216.06179321 3573216.061988292 0.9687500000810878 0.9687500001013651
2 5 1 961
4225
4226
4227
4228
4229
4230
4231
4232
4233
4234
4235
4236
4237
4238
4239
4240
4241
4242
4243
4244
4245
4246
4247
4248
4249
4250
4251
4252
4253
4254
4255
4256
4257
4258
4259
4260
4261
4262
4263
4264
4265
4266
4267
4268
4269
4270
4271
4272
4273
4274
4275
4276
4277
4278
4279
4280
4281
4282
4283
4284
4285
4286
4287
4288
4289
4290
4291
4292
4293
4294
4295
4296
4297
4298
4299
4300
4301
4302
4303
4304
4305
4306
4307
4308
4309
4310
4311
4312
4313
4314
4315
4316
4317
4318
4319
4320
4321
4322
4323
4324
4325
4326
4327
4328
4329
4330
4331
4332
4333
4334
4335
4336
4337
4338
4339
4340
4341
4342
4343
4344
4345
4346
4347
4348
4349
4350
4351
4352
4353
4354
4355
4356
4357
4358
4359
4360
4361
4362
4363
4364
4365
4366
4367
4368
4369
4370
4371
4372
4373
4374
4375
4376
4377
4378
4379
4380
4381
4382
4383
4384
4385
4386
4387
4388
4389
4390
4391
4392
4393
4394
4395
4396
4397
4398
4399
4400
4401
4402
4403
4404
4405
4406
4407
4408
4409
4410
4411
4412
4413
4414
4415
4416
4417
4418
4419
4420
4421
4422
4423
4424
4425
4426
4427
4428
4429
4430
4431
4432
4433
4434
4435
4436
4437
4438
4439
4440
4441
4442
4443
4444
4445
4446
4447
4448
4449
4450
4451
4452
4453
4454
4455
4456
4457
4458
4459
4460
4461
4462
4463
4464
4465
4466
4467
4468
4469
4470
4471
4472
4473
4474
4475
4476
4477
4478
4479
4480
4481
4482
4483
4484
4485
4486
4487
4488
4489
4490
4491
4492
4493
4494
4495
4496
4497
4498
4499
4500
4501
4502
4503
4504
4505
4506
4507
4508
4509
4510
4511
4512
4513
4514
4515
4516
4517
4518
4519
4520
4521
4522
4523
4524
4525
4526
4527
4528
4529
4530
4531
4532
4533
4534
4535
4536
4537
4538
4539
4540
4541
4542
4543
4544
4545
4546
4547
4548
4549
4550
4551
4552
4553
4554
4555
4556
4557
4558
4559
4560
4561
4562
4563
4564
4565
4566
4567
4568
4569
4570
4571
4572
4573
4574
4575
4576
4577
4578
4579
4580
4581
4582
4583
4584
4585
4586
4587
4588
4589
4590
4591
4592
4593
4594
4595
4596
4597
4598
4599
4600
4601
4602
4603
4604
4605
4606
4607
4608
4609
4610
4611
4612
4613
4614
4615
4616
4617
4618
4619
4620
4621
4622
4623
4624
4625
4626
4627
4628
4629
4630
4631
4632
4633
4634
4635
4636
4637
4638
4639
4640
4641
4642
4643
4644
4645
4646
4647
4648
4649
4650
4651
4652
4653
4654
4655
4656
4657
4658
4659
4660
4661
4662
4663
4664
4665
4666
4667
4668
4669
4670
4671
4672
4673
4674
4675
4676
4677
4678
4679
4680
4681
4682
4683
4684
4685
4686
4687
4688
4689
4690
4691
4692
4693
4694
4695
4696
4697
4698
4699
4700
4701
4702
4703
4704
4705
4706
4707
4708
4709
4710
4711
4712
4713
4714
4715
4716
4717
4718
4719
4720
4721
4722
4723
4724
4725
4726
4727
4728
4729
4730
4731
4732
4733
4734
4735
4736
4737
4738
4739
4740
4741
4742
4743
4744
4745
4746
4747
4748
4749
4750
4751
4752
4753
4754
4755
4756
4757
4758
4759
4760
4761
4762
4763
4764
4765
4766
4767
4768
4769
4770
4771
4772
4773
4774
4775
4776
4777
4778
4779
4780
4781
4782
4783
4784
4785
4786
4787
4788
4789
4790
4791
4792
4793
4794
4795
4796
4797
4798
4799
4800
4801
4802
4803
4804
4805
4806
4807
4808
4809
4810
4811
4812
4813
4814
4815
4816
4817
4818
4819
4820
4821
4822
4823
4824
4825
4826
4827
4828
4829
4830
4831
4832
4833
4834
4835
4836
4837
4838
4839
4840
4841
4842
4843
4844
4845
4846
4847
4848
4849
4850
4851
4852
4853
4854
4855
4856
4857
4858
4859
4860
4861
4862
4863
4864
4865
4866
4867
4868
4869
4870
4871
4872
4873
4874
4875
4876
4877
4878
4879
4880
4881
4882
4883
4884
4885
4886
4887
4888
4889
4890
4891
4892
4893
4894
4895
4896
4897
4898
4899
4900
4901
4902
4903
4904
4905
4906
4907
4908
4909
4910
4911
4912
4913
4914
4915
4916
4917
4918
4919
4920
4921
4922
4923
4924
4925
4926
4927
4928
4929
4930
4931
4932
4933
4934
4935
4936
4937
4938
4939
4940
4941
4942
4943
4944
4945
4946
4947
4948
4949
4950
4951
4952
4953
4954
4955
4956
4957
4958
4959
4960
4961
4962
4963
4964
4965
4966
4967
4968
4969
4970
4971
4972
4973
4974
4975
4976
4977
4978
4979
4980
4981
4982
4983
4984
4985
4986
4987
4988
4989
4990
4991
4992
4993
4994
4995
4996
4997
4998
4999
5000
5001
5002
5003
5004
5005
5006
5007
5008
5009
5010
5011
5012
5013
5014
5015
5016
5017
5018
5019
5020
5021
5022
5023
5024
5025
5026
5027
5028
5029
5030
5031
5032
5033
5034
5035
5036
5037
5038
5039
5040
5041
5042
5043
5044
5045
5046
5047
5048
5049
5050
5051
5052
5053
5054
5055
5056
5057
5058
5059
5060
5061
5062
5063
5064
5065
5066
5067
5068
5069
5070
5071
5072
5073
5074
5075
5076
5077
5078
5079
5080
5081
5082
5083
5084
5085
5086
5087
5088
5089
5090
5091
5092
5093
5094
5095
5096
5097
5098
5099
5100
5101
5102
5103
5104
5105
5106
5107
5108
5109
5110
5111
5112
5113
5114
5115
5116
5117
5118
5119
5120
5121
5122
5123
5124
5125
5126
5127
5128
5129
5130
5131
5132
5133
5134
5135
5136
5137
5138
5139
5140
5141
5142
5143
5144
5145
5146
5147
5148
5149
5150
5151
5152
5153
5154
5155
5156
5157
5158
5159
5160
5161
5162
5163
5164
5165
5166
5167
5168
5169
5170
5171
5172
5173
5174
5175
5176
5177
5178
5179
5180
5181
5182
5183
5184
5185
3573216.061295989 3879934.916634906 -3573216.061473705 0.03125000006128567 0.03125000004281375
3665760.91215108 3978769.261942518 -3364704.01301016 0.03125000006128567 0.06250000010892998
3752949.347963278 4071885.245252271 -3150359.144783157 0.03125000006128567 0.0937500001847925
3834580.493642013 4159067.943654704 -2930492.66810958 0.03125000006128567 0.1250000003035794
3910461.830137848 4240111.370177194 -2705436.165118117 0.03125000006128567 0.1562500004205225
3980410.442561285 4314819.810041714 -2475541.095522485 0.03125000006128567 0.1875000004950058
4044254.261069407 4383009.14917874 -2241178.098687698 0.03125000006128566 0.2187500005621105
4101833.276683843 4444508.175902853 -2002736.089608857 0.03125000006128567 0.2500000006443777
4153000.714427914 4499159.836893421 -1760621.148358275 0.03125000006128566 0.2812500007256593
4197624.145360885 4546822.427757904 -1515255.207785481 0.03125000006128566 0.312500000813781
4235586.519005977 4587370.698368768 -1267074.550199189 0.03125000006128566 0.3437500008799181
4266787.099174764 4620696.854775207 -1016528.123854087 0.03125000006128567 0.3750000009705468
4291142.286332649 4646711.439645107 -764075.6998616676 0.03125000006128566 0.4062500010389248
4308586.312543604 4665344.076287511 -510185.8849585707 0.03125000006128566 0.4375000011540361
4319071.795550034 4676544.061863462 -255334.0211052622 0.03125000006128566 0.4687500012127609
4322570.142490724 4680280.79961531 0.0111729278828896 0.03125000006128566 0.5000000013670094
4319071.794985321 4676544.061260268 255334.0417053835 0.03125000006128566 0.5312500013100503
4308586.311480639 4665344.075152112 510185.9043179673 0.03125000006128566 0.5625000012235621
4291142.284879426 4646711.438092865 764075.7174630669 0.03125000006128566 0.5937500011330162
4266787.097405565 4620696.85288547 1016528.139870067 0.03125000006128566 0.6250000010189025
4235586.516954426 4587370.696177463 1267074.564990622 0.03125000006128564 0.6562500009731669
4197624.143098131 4546822.425341027 1515255.221306174 0.03125000006128564 0.6875000008978924
4153000.712000708 4499159.834300918 1760621.160708614 0.03125000006128564 0.718750000857315
4101833.27419894 4444508.173248756 2002736.100588243 0.03125000006128566 0.750000000783163
4044254.258617639 4383009.146560073 2241178.10823322 0.03125000006128564 0.7812500006993567
3980410.440120733 4314819.807435067 2475541.103989971 0.03125000006128564 0.812500000644605
3910461.827958704 4240111.367849784 2705436.171915519 0.03125000006128564 0.8437500005130391
3834580.491910864 4159067.941805806 2930492.672998835 0.03125000006128564 0.8750000003830568
3752949.346736971 4071885.243942579 3150359.147936823 0.03125000006128564 0.9062500002690315
3665760.911218944 3978769.260947022 3364704.015202873 0.03125000006128564 0.9375000002150854
3573216.060856974 3879934.91616606 3573216.062421812 0.03125000006128564 0.9687500001013651
3364704.012630778 3978769.26202499 -3665760.912409791 0.06250000015670962 0.03125000004281375
3457133.035945785 4084862.707650171 -3457133.036407651 0.06250000015670962 0.06250000010892998
3544622.044437444 4185293.880669287 -3241698.735928486 0.06250000015670962 0.09375000018479251
3626904.980153026 4279755.929889765 -3019750.063418256 0.06250000015670962 0.1250000003035794
3703721.77302619 4367948.897279783 -2791613.952315769 0.06250000015670965 0.1562500004205225
3774820.724194244 4449582.468673168 -2557652.313093014 0.06250000015670965 0.1875000004950058
3839960.965651734 4524378.812681166 -2318261.66375428 0.06250000015670965 0.2187500005621105
3898914.953372224 4592075.458328387 -2073872.26496441 0.06250000015670965 0.2500000006443777
3951470.947053055 4652428.157330009 -1824946.737710042 0.06250000015670962 0.2812500007256591
3997435.42541395 4705213.672051484 -1571978.155059857 0.06250000015670965 0.3125000008137811
4036635.383546605 4750232.427381189 -1315487.61535629 0.06250000015670965 0.343750000879918
4068920.459297771 4787310.965299331 -1056021.314857241 0.06250000015670965 0.3750000009705468
4094164.836200325 4816304.1415451 -794147.1590053614 0.06250000015670965 0.4062500010389248
4112268.875372967 4837097.009439305 -530450.957122415 0.06250000015670965 0.4375000011540361
4123160.432793917 4849606.340529343 -265532.2717491823 0.06250000015670962 0.4687500012127608
4126795.827320202 4853781.742065929 0.01162000425583642 0.06250000015670965 0.5000000013670094
4123160.432207142 4849606.339855411 265532.2931690606 0.06250000015670965 0.5312500013100503
4112268.874269191 4837097.008171588 530450.9772394301 0.06250000015670965 0.5625000012235621
4094164.834692923 4816304.139813832 794147.1772763594 0.06250000015670965 0.593750001133016
4068920.45746534 4787310.963194806 1056021.331458258 0.06250000015670965 0.6250000010189026
4036635.38142575 4750232.424945479 1315487.630659589 0.06250000015670965 0.6562500009731667
3997435.42308009 4705213.669371234 1571978.169017175 0.06250000015670965 0.6875000008978924
3951470.944556219 4652428.154462704 1824946.750426093 0.06250000015670965 0.718750000857315
3898914.950823717 4592075.455401872 2073872.276235684 0.06250000015670965 0.750000000783163
3839960.9631456 4524378.809803455 2318261.673521648 0.06250000015670965 0.7812500006993568
3774820.721708662 4449582.465819215 2557652.321726525 0.06250000015670965 0.8125000006446051
3703721.770815546 4367948.89474167 2791613.959220002 0.06250000015670965 0.8437500005130388
3626904.978404189 4279755.927882001 3019750.06836423 0.06250000015670965 0.8750000003830568
3544622.043204061 4185293.879253395 3241698.739105153 0.06250000015670965 0.9062500002690315
3457133.035012582 4084862.706578964 3457133.038606567 0.06250000015670965 0.9375000002150853
3364704.012193353 3978769.26152292 3665760.913356231 0.06250000015670965 0.9687500001013651
3150359.144258167 4071885.24537875 -3752949.348266745 0.09375000025238928 0.03125000004281375
3241698.735319018 4185293.880710929 -3544622.044945657 0.09375000025238925 0.06250000010892998
3328551.582198285 4293149.161735215 -3328551.58285665 0.09375000025238925 0.09375000018479251
3410597.167270105 4395050.117729395 -3104996.36477339 0.09375000025238926 0.1250000003035794
3487516.876536063 4490598.132224048 -2874264.332093003 0.09375000025238929 0.1562500004205225
3558997.443922508 4579401.254951699 -2636714.307675341 0.09375000025238928 0.1875000004950058
3624734.636968561 4661078.816499279 -2392756.58560207 0.09375000025238925 0.2187500005621105
3684437.115777287 4735266.260346057 -2142852.674243148 0.09375000025238925 0.2500000006443777
3737830.383738176 4801620.090204213 -1887514.114318357 0.09375000025238926 0.2812500007256592
3784660.735645124 4859822.81443086 -1627300.319057128 0.09375000025238926 0.312500000813781
3824699.099168302 4909587.757160877 -1362815.415071754 0.09375000025238925 0.3437500008799181
3857744.661047978 4950663.600039081 -1094704.092165506 0.09375000025238925 0.3750000009705468
3883628.167539909 4982838.516128839 -823646.5130585843 0.09375000025238925 0.4062500010389247
3902214.794403475 5005943.764773529 -550352.361913419 0.09375000025238925 0.4375000011540361
3913406.489893446 5019856.626436812 -275554.1596098646 0.09375000025238925 0.4687500012127608
3917143.710777443 5024502.577282324 0.0120594478927128 0.09375000025238922 0.5000000013670094
3913406.489290304 5019856.625687013 275554.1818349649 0.09375000025238925 0.5312500013100503
3902214.793269658 5005943.763364047 550352.3827731198 0.09375000025238925 0.5625000012235621
3883628.165993171 4982838.514206101 823646.5319837471 0.09375000025238922 0.593750001133016
3857744.659170577 4950663.597705397 1094704.10933528 0.09375000025238925 0.6250000010189026
3824699.096999577 4909587.754465211 1362815.430869444 0.09375000025238925 0.6562500009731665
3784660.733264101 4859822.81147151 1627300.333432641 0.09375000025238925 0.6875000008978924
3737830.381197708 4801620.087046938 1887514.12738097 0.09375000025238925 0.718750000857315
3684437.113192091 4735266.25713348 2142852.685787295 0.09375000025238922 0.750000000783163
3624734.634434843 4661078.813350992 2392756.59557319 0.09375000025238925 0.7812500006993568
3558997.441418697 4579401.251840922 2636714.316457693 0.09375000025238925 0.812500000644605
3487516.874317872 4490598.129468469 2874264.339089637 0.09375000025238925 0.8437500005130391
3410597.165522524 4395050.115558734 3104996.369765492 0.09375000025238922 0.8750000003830568
3328551.580971107 4293149.160211167 3328551.586049537 0.09375000025238922 0.9062500002690315
3241698.73439467 4185293.879563149 3544622.047146244 0.09375000025238925 0.9375000002150855
3150359.143826893 4071885.244843319 3752949.349209705 0.09375000025238922 0.9687500001013651
2930492.66779328 4159067.943681104 -3834580.493855104 0.1250000003404338 0.03125000004281375
3019750.063019291 4279755.929817003 -3626904.980571064 0.1250000003404339 0.06250000010892998
3104996.364325647 4395050.1176027 -3410597.167840993 0.1250000003404339 0.09375000018479249
3185869.00599186 4504455.388946683 -3185869.006354408 0.1250000003404339 0.1250000003035794
3262002.017489923 4607471.9240617 -2952996.15761261 0.1250000003404338 0.1562500004205225
3333030.33772679 4703601.09723164 -2712321.235752536 0.1250000003404339 0.1875000004950058
3398594.606292008 4792352.025851878 -2464256.026145879 0.1250000003404338 0.2187500005621105
3458346.346268695 4873248.65593853 -2209282.482310324 0.1250000003404339 0.2500000006443777
3511953.42487694 4945837.228550601 -1947952.322357516 0.1250000003404339 0.2812500007256591
3559105.650282951 5009693.933318365 -1680885.083697616 0.1250000003404338 0.3125000008137811
3599520.339324332 5064432.522970813 -1408764.546354687 0.1250000003404339 0.343750000879918
3632947.674961171 5109711.640897092 -1132333.492340028 0.1250000003404339 0.3750000009705468
3659175.662989637 5145241.601074809 -852386.845248961 0.1250000003404339 0.4062500010389248
3678034.500975416 5170790.3643401 -569763.2996974278 0.1250000003404339 0.4375000011540361
3689400.183991031 5186188.470896573 -285335.6386896255 0.1250000003404339 0.4687500012127608
3693197.197831659 5191332.724640983 0.01248844615298383 0.1250000003404339 0.5000000013670094
3689400.183378309 5186188.470066449 285335.6617002776 0.1250000003404339 0.5312500013100503
3678034.499824357 5170790.36278068 569763.3212801917 0.1250000003404339 0.5625000012235621
3659175.661421113 5145241.598949925 852386.864808803 0.1250000003404339 0.593750001133016
3632947.673060238 5109711.638322064 1132333.510058879 0.1250000003404339 0.6250000010189026
3599520.337132672 5064432.520002222 1408764.562626504 0.1250000003404339 0.6562500009731669
3559105.647882336 5009693.930067088 1680885.098470752 0.1250000003404339 0.6875000008978924
3511953.422322438 4945837.225091341 1947952.335746053 0.1250000003404339 0.718750000857315
3458346.343677053 4873248.652429476 2209282.494107499 0.1250000003404339 0.750000000783163
3398594.603760398 4792352.022424662 2464256.036302427 0.1250000003404339 0.7812500006993568
3333030.335234033 4703601.09385763 2712321.244666828 0.1250000003404339 0.8125000006446051
3262002.01528997 4607471.921084594 2952996.164687859 0.1250000003404339 0.8437500005130388
3185869.004265626 4504455.386611147 3185869.011382825 0.1250000003404339 0.8750000003830568
3104996.363118543 4395050.115969908 3410597.171044027 0.1250000003404339 0.9062500002690315
3019750.062113999 4279755.928592763 3626904.982769412 0.1250000003404339 0.9375000002150855
2930492.667372768 4159067.943112592 3834580.494793091 0.1250000003404339 0.9687500001013651
2705436.165081498 4240111.370094975 -3910461.830252334 0.1562500004184229 0.03125000004281375
2791613.952202134 4367948.897082437 -3703721.773344579 0.1562500004184229 0.06250000010892998
2874264.331934053 4490598.131958579 -3487516.877008886 0.1562500004184229 0.09375000018479251
2952996.157538137 4607471.923920811 -3262002.017756344 0.1562500004184228 0.1250000003035794
3027408.927250217 4717968.988297607 -3027408.927229313 0.1562500004184228 0.1562500004205225
3097097.69396276 4821481.281616927 -2784051.925713339 0.1562500004184229 0.1875000004950058
3161658.734343059 4917402.520502454 -2532332.422670522 0.1562500004184229 0.2187500005621105
3220695.889387356 5005137.71221115 -2272741.83969168 0.1562500004184229 0.2500000006443777
3273827.44076071 5084113.492843519 -2005862.627402147 0.1562500004184229 0.2812500007256591
3320693.33814977 5153788.995273059 -1732367.093363887 0.1562500004184229 0.3125000008137812
3360962.548040688 5213666.90132496 -1453013.830868942 0.1562500004184229 0.343750000879918
3394340.259361682 5263304.280007924 -1168641.630153038 0.1562500004184229 0.3750000009705468
3420574.657737061 5302322.777896176 -880160.8772550365 0.1562500004184229 0.4062500010389248
3439462.975905966 5330417.72137067 -588542.5669138932 0.1562500004184229 0.4375000011540361
3450856.540378976 5347365.709270544 -294805.2052477605 0.1562500004184229 0.4687500012127608
3454664.57068745 5353030.329078745 0.01290385788402366 0.1562500004184229 0.5000000013670094
3450856.539764544 5347365.708356555 294805.2290185688 0.1562500004184229 0.5312500013100503
3439462.974752469 5330417.719654872 588542.5891949055 0.1562500004184229 0.5625000012235621
3420574.656166956 5302322.775560839 880160.8974256436 0.1562500004184229 0.593750001133016
3394340.257461734 5263304.27718226 1168641.648397635 0.1562500004184229 0.6250000010189026
3360962.545854389 5213666.898073825 1453013.8475917 0.1562500004184229 0.6562500009731667
3320693.335760551 5153788.991720699 1732367.108511938 0.1562500004184229 0.6875000008978924
3273827.438225087 5084113.489074141 2005862.641094581 0.1562500004184229 0.718750000857315
3220695.886822515 5005137.708399104 2272741.851721373 0.1562500004184229 0.750000000783163
3161658.731845792 4917402.516791685 2532332.432994148 0.1562500004184229 0.7812500006993566
3097097.691512441 4821481.277976837 2784051.934743165 0.1562500004184229 0.8125000006446053
3027408.925095756 4717968.985097922 3027408.934370223 0.1562500004184229 0.8437500005130389
2952996.155854185 4607471.921420652 3262002.02281217 0.1562500004184229 0.8750000003830569
2874264.330761265 4490598.130217917 3487516.880216759 0.1562500004184229 0.9062500002690315
2791613.951326222 4367948.895782853 3703721.775537434 0.1562500004184229 0.9375000002150853
2705436.164676346 4240111.36949408 3910461.831184187 0.1562500004184229 0.9687500001013651
2475541.09567572 4314819.809898357 -3980410.442621386 0.1875000004677392 0.03125000004281375
2557652.313176267 4449582.46840245 -3774820.724456945 0.1875000004677391 0.06250000010892998
2636714.307718039 4579401.254602288 -3558997.444340467 0.1875000004677391 0.09375000018479249
2712321.235878857 4703601.097008024 -3333030.337939561 0.187500000467739 0.1250000003035794
2784051.925934068 4821481.281537524 -3097097.693887953 0.1875000004677391 0.1562500004205225
2851475.066092268 4932324.086724026 -2851475.065817005 0.1875000004677391 0.1875000004950058
2914155.448869795 5035405.182409405 -2596542.637583097 0.187500000467739 0.2187500005621105
2971661.199478091 5130005.67205686 -2332790.715040865 0.1875000004677391 0.2500000006443777
3023571.847031081 5215425.543469075 -2060822.81780151 0.1875000004677391 0.2812500007256591
3069487.022742762 5290998.168055456 -1781355.888880032 0.1875000004677391 0.312500000813781
3109035.496906028 5356105.367885189 -1495217.230735972 0.1875000004677391 0.343750000879918
3141884.204800893 5410192.466734493 -1203337.906205898 0.187500000467739 0.3750000009705468
3167746.865754596 5452782.664585444 -906742.5253611921 0.1875000004677391 0.4062500010389248
3186391.781019635 5483490.043926165 -606535.5356557074 0.1875000004677391 0.4375000011540361
3197648.405213221 5502030.531314836 -303884.3680032489 0.1875000004677391 0.4687500012127608
3201412.331478283 5508230.213404192 0.01330223328517226 0.187500000467739 0.5000000013670094
3197648.404605971 5502030.530314626 303884.3925025448 0.1875000004677391 0.5312500013100503
3186391.779880379 5483490.042049778 606535.5586045115 0.1875000004677391 0.5625000012235621
3167746.864205569 5452782.662034373 906742.546113902 0.187500000467739 0.593750001133016
3141884.202929277 5410192.463652538 1203337.924949076 0.187500000467739 0.6250000010189026
3109035.49475642 5356105.364346032 1495217.247883519 0.1875000004677391 0.6562500009731667
3069487.020398959 5290998.16419731 1781355.904378189 0.187500000467739 0.6875000008978926
3023571.844550116 5215425.539386075 2060822.831774548 0.187500000467739 0.718750000857315
2971661.19697581 5130005.667939853 2332790.727282084 0.187500000467739 0.750000000783163
2914155.446441142 5035405.178414713 2596542.648055627 0.187500000467739 0.7812500006993568
2851475.063717344 4932324.082818986 2851475.074946653 0.1875000004677391 0.8125000006446051
2784051.923853366 4821481.278117494 3097097.701082559 0.187500000467739 0.8437500005130388
2712321.234258614 4703601.094345885 3333030.343014899 0.187500000467739 0.8750000003830568
2636714.306593956 4579401.252756142 3558997.447548709 0.187500000467739 0.9062500002690315
2557652.312340019 4449582.467029653 3774820.726641737 0.187500000467739 0.9375000002150855
2475541.095290451 4314819.809266195 3980410.443546267 0.187500000467739 0.9687500001013651
2241178.098849314 4383009.149036914 -4044254.26113355 0.2187500005346402 0.03125000004281375
2318261.663851 4524378.812405736 -3839960.965917864 0.2187500005346401 0.06250000010892998
2392756.585661156 4661078.816140614 -3624734.637390768 0.2187500005346401 0.09375000018479251
2464256.026284662 4792352.025625939 -3398594.606509975 0.2187500005346402 0.1250000003035794
2532332.422899783 4917402.520429821 -3161658.734272401 0.2187500005346402 0.1562500004205225
2596542.637865359 5035405.182422057 -2914155.448596435 0.2187500005346402 0.1875000004950058
2656434.439722389 5145517.771459868 -2656434.43944086 0.2187500005346401 0.2187500005621105
2711554.276886018 5246895.417909839 -2388975.277607091 0.2187500005346401 0.2500000006443777
2761456.216311922 5338707.294132816 -2112393.190901096 0.2187500005346401 0.2812500007256591
2805711.818047159 5420155.037545223 -1827441.261174665 0.2187500005346401 0.3125000008137811
2843920.612972221 5490492.304128837 -1535008.405649203 0.2187500005346401 0.343750000879918
2875720.756969331 5549044.655262615 -1236112.673601054 0.2187500005346401 0.3750000009705468
2900799.359644144 5595228.840226899 -931889.6397005715 0.2187500005346401 0.4062500010389248
2918901.945860435 5628570.462009995 -623575.9654130045 0.2187500005346402 0.4375000011540361
2929840.508521524 5648719.014272988 -312488.5476575751 0.2187500005346401 0.4687500012127608
2933499.662726504 5655459.373807179 0.01367985091221878 0.2187500005346401 0.5000000013670094
2929840.507931242 5648719.013185671 312488.5728469416 0.2187500005346401 0.5312500013100503
2918901.944753727 5628570.459971534 623575.9889931149 0.2187500005346401 0.5625000012235621
2900799.358140973 5595228.837458486 931889.6610017089 0.2187500005346401 0.593750001133016
2875720.755155785 5549044.651923081 1236112.692811666 0.2187500005346401 0.6250000010189026
2843920.610893148 5490492.300301093 1535008.423192383 0.2187500005346401 0.6562500009731667
2805711.815785225 5420155.0333818 1827441.276996093 0.2187500005346401 0.6875000008978924
2761456.213923622 5338707.289738013 2112393.205130334 0.2187500005346401 0.718750000857315
2711554.274483908 5246895.413491034 2388975.290038555 0.2187500005346401 0.750000000783163
2656434.437398015 5145517.7671856 2656434.450044497 0.2187500005346401 0.7812500006993567
2596542.635599749 5035405.178257509 2914155.457811092 0.2187500005346401 0.8125000006446051
2532332.420921586 4917402.516795177 3161658.741509886 0.2187500005346401 0.8437500005130388
2464256.024749659 4792352.022806943 3398594.611598035 0.2187500005346401 0.8750000003830568
2392756.584600051 4661078.814192928 3624734.640595769 0.2187500005346401 0.9062500002690315
2318261.663064497 4524378.810962883 3839960.968092713 0.2187500005346401 0.9375000002150855
2241178.098488297 4383009.148375012 4044254.262050956 0.2187500005346401 0.9687500001013652
2002736.089956687 4444508.175720103 -4101833.276712031 0.2500000005936122 0.03125000004281375
2073872.265258019 4592075.458001834 -3898914.953600658 0.2500000005936122 0.06250000010892998
2142852.674507074 4735266.259927401 -3684437.116161847 0.2500000005936122 0.09375000018479251
2209282.482653172 4873248.655654429 -3458346.346450011 0.2500000005936122 0.1250000003035794
2272741.840123628 5005137.712084224 -3220695.889279794 0.2500000005936122 0.1562500004205225
2332790.715526958 5130005.672016066 -2971661.199166929 0.2500000005936122 0.1875000004950058
2388975.278096727 5246895.417851661 -2711554.276567206 0.2500000005936122 0.2187500005621105
2440835.838640323 5354837.235640155 -2440835.838111751 0.2500000005936122 0.2500000006443777
2487916.252229062 5452868.675824784 -2160124.284874222 0.2500000005936122 0.2812500007256591
2529774.560346303 5540057.041250338 -1870200.431375529 0.2500000005936123 0.3125000008137811
2565994.515746913 5615523.74815284 -1572007.054401553 0.2500000005936122 0.343750000879918
2596197.504721698 5678469.533403645 -1266642.520478224 0.2500000005936122 0.3750000009705468
2620054.273069144 5728199.251547683 -955348.0730815799 0.2500000005936122 0.4062500010389248
2637295.79552778 5764144.863956642 -639488.7600370769 0.2500000005936122 0.4375000011540361
2647722.614319996 5785885.192372293 -320528.4672310855 0.2500000005936122 0.4687500012127609
2651212.026155023 5793161.122597142 0.01403277942959174 0.2500000005936122 0.5000000013670094
2647722.613757156 5785885.191198704 320528.4930649925 0.2500000005936122 0.5312500013100503
2637295.794473176 5764144.861757832 639488.7842056947 0.2500000005936122 0.5625000012235621
2620054.271638202 5728199.248564605 955348.094892281 0.2500000005936122 0.593750001133016
2596197.502997716 5678469.529810302 1266642.540121087 0.2500000005936122 0.6250000010189026
2565994.513773995 5615523.744041565 1572007.07230825 0.2500000005936122 0.6562500009731669
2529774.558204341 5540057.036788036 1870200.447491498 0.2500000005936122 0.6875000008978924
2487916.249972817 5452868.671125925 2160124.299334319 0.2500000005936122 0.718750000857315
2440835.836377011 5354837.230928342 2440835.850712092 0.2500000005936122 0.750000000783163
2388975.275912906 5246895.413307251 2711554.287284726 0.2500000005936122 0.7812500006993568
2332790.713404797 5130005.667602032 2971661.208452836 0.2500000005936122 0.812500000644605
2272741.838276556 5005137.708244343 3220695.896550599 0.2500000005936122 0.8437500005130387
2209282.481224608 4873248.652686246 3458346.351545161 0.2500000005936122 0.8750000003830567
2142852.673522848 4735266.25788367 3684437.119360891 0.2500000005936122 0.9062500002690315
2073872.264530962 4592075.456493084 3898914.955764366 0.2500000005936122 0.9375000002150855
2002736.089624087 4444508.175030384 4101833.277621765 0.2500000005936122 0.9687500001013651
1760621.148717492 4499159.836718303 -4153000.714465341 0.2812500006746863 0.03125000004281375
1824946.73802241 4652428.157006238 -3951470.947289998 0.2812500006746863 0.06250000010892998
1887514.114605807 4801620.089784874 -3737830.384131704 0.2812500006746863 0.09375000018479249
1947952.322718767 4945837.228272437 -3511953.425068302 0.2812500006746863 0.1250000003035794
2005862.627846848 5084113.492731212 -3273827.440662653 0.2812500006746863 0.1562500004205225
2060822.818297992 5215425.543448828 -3023571.84672761 0.2812500006746863 0.1875000004950058
2112393.191402998 5338707.294095823 -2761456.215999507 0.2812500006746863 0.2187500005621105
2160124.285414022 5452868.675850931 -2487916.251703075 0.2812500006746863 0.2500000006443777
2203566.303264014 5556818.522915397 -2203566.302724677 0.2812500006746863 0.2812500007256591
2242280.031032888 5649491.101047002 -1909207.050485065 0.2812500006746863 0.312500000813781
2275848.893700627 5729875.410334925 -1605827.075086485 0.2812500006746863 0.343750000879918
2303891.630709974 5797046.003370068 -1294597.230321333 0.2812500006746863 0.3750000009705468
2326074.932745279 5850193.716004266 -976857.1504975789 0.2812500006746863 0.4062500010389247
2342125.286018718 5888654.475837024 -654093.7308951457 0.2812500006746863 0.4375000011540361
2351839.238250006 5911934.275089627 -327912.0681647874 0.2812500006746863 0.4687500012127608
2355091.351357079 5919728.517994984 0.01435696334883784 0.2812500006746863 0.5000000013670094
2351839.237725493 5911934.273832561 327912.0945903754 0.2812500006746863 0.5312500013100503
2342125.285036501 5888654.473483211 654093.7556030122 0.2812500006746863 0.5625000012235621
2326074.931413835 5850193.712814015 976857.1727737326 0.2812500006746863 0.5937500011330159
2303891.629107975 5797045.99953232 1294597.250357243 0.2812500006746863 0.6250000010189026
2275848.891870326 5729875.405951385 1605827.093321711 0.2812500006746863 0.6562500009731669
2242280.029049635 5649491.096298637 1909207.066865089 0.2812500006746863 0.6875000008978924
2203566.301179574 5556818.517926608 2203566.317389539 0.2812500006746863 0.7187500008573149
2160124.283328167 5452868.670860875 2487916.264451019 0.2812500006746863 0.7500000007831629
2112393.18939571 5338707.289296025 2761456.226814414 0.2812500006746863 0.7812500006993567
2060822.816352825 5215425.538800045 3023571.856072198 0.2812500006746863 0.8125000006446051
2005862.626158751 5084113.488699159 3273827.447958552 0.2812500006746863 0.8437500005130391
1947952.321417062 4945837.225165263 3511953.430166102 0.2812500006746863 0.8750000003830568
1887514.113711707 4801620.087652116 3737830.387322943 0.2812500006746863 0.9062500002690315
1824946.73736395 4652428.155436719 3951470.949442038 0.2812500006746863 0.9375000002150854
1760621.14841719 4499159.83600306 4153000.715367511 0.2812500006746863 0.9687500001013652
1515255.208032488 4546822.427613127 -4197624.145428542 0.3125000007782214 0.03125000004281374
1571978.155264077 4705213.671756289 -3997435.425681102 0.3125000007782215 0.06250000010892998
1627300.31923786 4859822.81403971 -3784660.736069683 0.3125000007782215 0.09375000018479249
1680885.083942494 5009693.933077266 -3559105.650506666 0.3125000007782215 0.1250000003035794
1732367.093681965 5153788.995208722 -3320693.338083686 0.3125000007782214 0.1562500004205225
1781355.889243541 5290998.168091685 -3069487.022469356 0.3125000007782214 0.1875000004950058
1827441.261542463 5420155.037568375 -2805711.817762876 0.3125000007782214 0.2187500005621105
1870200.431776864 5540057.041344239 -2529774.559843968 0.3125000007782215 0.2500000006443777
1909207.05088569 5649491.101117666 -2242280.030513734 0.3125000007782214 0.2812500007256591
1944041.859314614 5747264.001240178 -1944041.858932394 0.3125000007782215 0.3125000008137811
1974304.671580449 5832236.557584476 -1636086.428080991 0.3125000007782214 0.343750000879918
1999627.167108759 5903360.09709708 -1319648.345796164 0.3125000007782215 0.3750000009705468
2019685.801332009 5959713.289606963 -996156.4985382757 0.3125000007782215 0.4062500010389247
2034214.030474115 6000537.028463894 -667210.3478334 0.3125000007782215 0.4375000011540361
2043012.992772545 6025264.911377179 -334546.9460173185 0.3125000007782215 0.4687500012127608
2045959.832474536 6033546.996908266 0.01464832960059086 0.3125000007782215 0.5000000013670094
2043012.99229731 6025264.910041555 334546.9729743894 0.3125000007782215 0.5312500013100503
2034214.029584655 6000537.025964347 667210.3730248202 0.3125000007782215 0.5625000012235621
2019685.800127361 5959713.28622222 996156.5212305923 0.3125000007782215 0.593750001133016
1999627.165661069 5903360.093030359 1319648.366182022 0.3125000007782215 0.6250000010189026
1974304.669928935 5832236.55294652 1636086.446607054 0.3125000007782215 0.6562500009731667
1944041.857528269 5747263.996225315 1944041.875544417 0.3125000007782215 0.6875000008978924
1909207.049011984 5649491.095859708 2242280.045356695 0.3125000007782215 0.718750000857315
1870200.429906043 5540057.036096845 2529774.572718505 0.3125000007782215 0.750000000783163
1827441.259746401 5420155.032533337 2805711.828659534 0.3125000007782215 0.7812500006993568
1781355.887507438 5290998.163227597 3069487.031861313 0.3125000007782215 0.8125000006446053
1732367.092179234 5153788.991001204 3320693.345397805 0.3125000007782215 0.8437500005130387
1680885.082786824 5009693.929843759 3559105.655603852 0.3125000007782215 0.8750000003830567
1627300.318446216 4859822.811826406 3784660.739252137 0.3125000007782215 0.9062500002690315
1571978.154682652 4705213.67013204 3997435.42782158 0.3125000007782215 0.9375000002150855
1515255.207768034 4546822.426874998 4197624.146323538 0.3125000007782215 0.9687500001013651
1267074.550422351 4587370.698234309 -4235586.519084846 0.3437500008483416 0.03125000004281374
1315487.615543794 4750232.427093114 -4036635.383824499 0.3437500008483416 0.06250000010892995
1362815.415239951 4909587.756774741 -3824699.099604036 0.3437500008483416 0.09375000018479249
1408764.546578705 5064432.522740697 -3599520.339560425 0.3437500008483416 0.1250000003035794
1453013.831156806 5213666.901279373 -3360962.547986954 0.3437500008483415 0.1562500004205226
1495217.23106399 5356105.367945841 -3109035.49664379 0.3437500008483417 0.1875000004950058
1535008.405981946 5490492.304177827 -2843920.612698042 0.3437500008483415 0.2187500005621105
1572007.054764307 5615523.74827758 -2565994.515251692 0.3437500008483417 0.2500000006443777
1605827.075449573 5729875.410437323 -2275848.893186623 0.3437500008483417 0.2812500007256591
1636086.428428939 5832236.557614614 -1974304.671203071 0.3437500008483417 0.3125000008137811
1662418.407747849 5921348.75482837 -1662418.407403391 0.3437500008483417 0.343750000879918
1684483.833084572 5996047.786197812 -1341479.094771521 0.3437500008483417 0.3750000009705468
1701983.493288533 6055306.452789512 -1012994.052983058 0.3437500008483416 0.4062500010389247
1714670.035094727 6098275.470797308 -678663.3576524686 0.3437500008483415 0.4375000011540362
1722358.424948025 6124319.466750415 -340343.2461390701 0.3437500008483416 0.4687500012127608
1724934.145341462 6133045.181166948 0.01490291214633236 0.3437500008483416 0.5000000013670094
1722358.424532672 6124319.465343362 340343.2735602874 0.3437500008483417 0.5312500013100501
1714670.034317715 6098275.468165363 678663.3832655264 0.3437500008483417 0.5625000012235621
1701983.492237002 6055306.44922832 1012994.076037296 0.3437500008483417 0.5937500011330161
1684483.831822246 5996047.78192374 1341479.115460554 0.3437500008483416 0.6250000010189027
1662418.406309719 5921348.749960559 1662418.426180117 0.3437500008483416 0.6562500009731667
1636086.42687584 5832236.552359642 1974304.688013675 0.3437500008483417 0.6875000008978924
1605827.073823418 5729875.404937599 2275848.90818062 0.3437500008483417 0.7187500008573151
1572007.053143822 5615523.742799828 2565994.528232179 0.3437500008483417 0.7500000007831631
1535008.404429469 5490492.298932982 2843920.62366173 0.3437500008483415 0.7812500006993566
1495217.229566641 5356105.362890459 3109035.506073087 0.3437500008483417 0.8125000006446053
1453013.829863682 5213666.896916565 3360962.555313769 0.3437500008483417 0.8437500005130389
1408764.545586544 5064432.519395834 3599520.344654868 0.3437500008483417 0.8750000003830569
1362815.414561905 4909587.754490727 3824699.10277752 0.3437500008483417 0.9062500002690315
1315487.615046968 4750232.425421013 4036635.385954104 0.3437500008483417 0.9375000002150854
1267074.5501969 4587370.697476249 4235586.519973308 0.3437500008483417 0.9687500001013651
1016528.124364677 4620696.854612922 -4266787.099228865 0.375000000904199 0.03125000004281374
1056021.315351058 4787310.964976642 -4068920.459549269 0.3750000009041992 0.06250000010892995
1094704.092655485 4950663.599612166 -3857744.6614568 0.3750000009041992 0.09375000018479249
1132333.492887294 5109711.640626623 -3632947.675171009 0.375000000904199 0.1250000003035794
1168641.630763878 5263304.279923797 -3394340.259281823 0.3750000009041992 0.1562500004205225
1203337.906860459 5410192.466756569 -3141884.204512183 0.3750000009041992 0.1875000004950058
1236112.674269596 5549044.655269363 -2875720.75666894 0.375000000904199 0.2187500005621105
1266642.5211809 5678469.533485632 -2596197.504199549 0.3750000009041992 0.2500000006443777
1294597.231032842 5797046.003425873 -2303891.630169747 0.3750000009041992 0.2812500007256591
1319648.346502761 5903360.097074931 -1999627.166707836 0.375000000904199 0.3125000008137811
1341479.095481825 5996047.786141607 -1684483.832718971 0.375000000904199 0.343750000879918
1359795.252303919 6073841.843974696 -1359795.251570542 0.3750000009041992 0.3750000009705468
1374336.32849618 6135620.143638318 -1027134.90309469 0.3750000009041992 0.4062500010389247
1384886.34706185 6180452.169009733 -688289.032532541 0.375000000904199 0.4375000011540361
1391283.381311751 6207640.199501751 -345216.8976391622 0.3750000009041992 0.4687500012127608
1393427.06187128 6216751.726041886 0.01511700341343504 0.3750000009041992 0.5000000013670094
1391283.380966092 6207640.198032586 345216.9254505333 0.3750000009041992 0.5312500013100503
1384886.346415476 6180452.166262741 688289.0584995355 0.3750000009041992 0.5625000012235621
1374336.327622029 6135620.13992398 1027134.926452035 0.3750000009041992 0.593750001133016
1359795.251255485 6073841.839520956 1359795.272512636 0.3750000009041992 0.6250000010189026
1341479.09428873 5996047.781075032 1684483.85170398 0.3750000009041992 0.6562500009731667
1319648.345216005 5903360.091612815 1999627.183682448 0.3750000009041992 0.6875000008978924
1294597.229687591 5797045.997718135 2303891.645287462 0.3750000009041992 0.718750000857315
1266642.519842553 5678469.527810266 2596197.517265811 0.3750000009041992 0.750000000783163
1236112.672989677 5549044.649845095 2875720.767685877 0.3750000009041992 0.7812500006993568
1203337.905628277 5410192.461538137 3141884.213970029 0.3750000009041992 0.8125000006446051
1168641.629701787 5263304.275429077 3394340.266617056 0.3750000009041992 0.8437500005130388
1132333.492073977 5109711.637187494 3632947.680261617 0.3750000009041992 0.8750000003830568
1094704.092100749 4950663.597268499 3857744.664621858 0.3750000009041992 0.9062500002690315
1056021.314945377 4787310.963264306 4068920.461669214 0.3750000009041992 0.9375000002150855
1016528.124180939 4620696.853838162 4266787.100111662 0.3750000009041992 0.9687500001013654
764075.7002399155 4646711.439509212 -4291142.286412455 0.4062500009900403 0.03125000004281374
794147.1593710064 4816304.141248915 -4094164.836477826 0.4062500009900402 0.06250000010892998
823646.5134214767 4982838.515729393 -3883628.167975449 0.4062500009900403 0.09375000018479249
852386.8456558323 5145241.600838348 -3659175.663227352 0.4062500009900402 0.1250000003035794
880160.8777108503 5302322.77785396 -3420574.657685216 0.4062500009900402 0.1562500004205225
906742.5258508822 5452782.66465602 -3167746.865492943 0.4062500009900403 0.1875000004950058
931889.6402014026 5595228.840285861 -2900799.359369523 0.4062500009900403 0.2187500005621105
955348.0736090745 5728199.251688044 -2620054.272569933 0.4062500009900402 0.2500000006443777
976857.1510323054 5850193.71612168 -2326074.932225413 0.4062500009900403 0.2812500007256591
996156.4990696235 5959713.28964775 -2019685.800949583 0.4062500009900403 0.3125000008137811
1012994.053517634 6055306.452798449 -1701983.492938567 0.4062500009900402 0.343750000879918
1027134.903647406 6135620.143708131 -1374336.327771422 0.4062500009900403 0.3750000009705468
1038370.474668451 6199452.759381929 -1038370.474122126 0.4062500009900403 0.4062500010389247
1046527.423333627 6245805.513374288 -695941.6939040375 0.4062500009900402 0.4375000011540362
1051475.552009345 6273928.134734713 -349093.0015208739 0.4062500009900403 0.4687500012127607
1053134.059619918 6283354.967886859 0.01528729467654782 0.4062500009900403 0.5000000013670094
1051475.551741933 6273928.133214791 349093.0296424613 0.4062500009900402 0.5312500013100503
1046527.422833737 6245805.510533342 695941.7201521364 0.4062500009900402 0.5625000012235621
1038370.473992765 6199452.755542644 1038370.497719746 0.4062500009900402 0.593750001133016
1027134.902837601 6135620.139108005 1374336.348913563 0.4062500009900402 0.6250000010189027
1012994.052596935 6055306.447570194 1701983.512087604 0.4062500009900403 0.6562500009731669
996156.4980777107 5959713.284017474 2019685.818052698 0.4062500009900403 0.6875000008978924
976857.1499965496 5850193.710245452 2326074.947439394 0.4062500009900402 0.7187500008573149
955348.0725799927 5728199.245852999 2620054.285702269 0.4062500009900402 0.7500000007831629
931889.6392186345 5595228.834716985 2900799.37042681 0.4062500009900402 0.7812500006993568
906742.524906158 5452782.65930653 3167746.874971677 0.4062500009900403 0.812500000644605
880160.8768977718 5302322.773253506 3420574.665025717 0.4062500009900402 0.8437500005130387
852386.8450341598 5145241.597323871 3659175.668313947 0.4062500009900402 0.8750000003830567
823646.5129981104 4982838.513338177 3883628.171133257 0.4062500009900402 0.9062500002690315
794147.1590618719 4816304.139504599 4094164.838589772 0.4062500009900402 0.9375000002150855
764075.7001001177 4646711.438721214 4291142.287290639 0.4062500009900402 0.9687500001013654
510185.8856842711 4665344.076142057 -4308586.312615168 0.4375000010634286 0.03125000004281374
530450.9578583137 4837097.009130351 -4112268.87564145 0.4375000010634285 0.06250000010892998
550352.3626657897 5005943.764358493 -3902214.794829791 0.4375000010634286 0.09375000018479249
569763.3004973721 5170790.364089087 -3678034.501204385 0.4375000010634286 0.1250000003035794
588542.5677642322 5330417.721315803 -3439462.975845492 0.4375000010634287 0.1562500004205225
606535.5365455687 5483490.043984947 -3186391.780749088 0.4375000010634285 0.1875000004950058
623575.966326126 5628570.462055893 -2918901.945576856 0.4375000010634285 0.2187500005621105
639488.760982951 5764144.864084524 -2637295.795018922 0.4375000010634286 0.2500000006443777
654093.73185939 5888654.475940537 -2342125.285489173 0.4375000010634286 0.2812500007256591
667210.3488074256 6000537.028488184 -2034214.030082989 0.4375000010634287 0.312500000813781
678663.3586392282 6098275.470788132 -1714670.034736802 0.4375000010634286 0.343750000879918
688289.0335405006 6180452.169062074 -1384886.346327307 0.4375000010634287 0.3750000009705468
695941.6949146829 6245805.513354518 -1046527.422779539 0.4375000010634286 0.4062500010389248
701500.0621643283 6293285.01873222 -701500.0611432849 0.4375000010634285 0.4375000011540361
704872.9211633066 6322100.531019082 -351909.1369926984 0.4375000010634286 0.4687500012127608
706003.6134089933 6331761.200318079 0.01541102881438895 0.4375000010634286 0.5000000013670094
704872.9209810072 6322100.529461523 351909.1653396275 0.4375000010634285 0.5312500013100503
701500.0618236229 6293285.015821634 701500.0875953991 0.4375000010634285 0.5625000012235621
695941.6944543439 6245805.509422692 1046527.446551284 0.4375000010634285 0.5937500011330159
688289.0329890826 6180452.164353637 1384886.367614104 0.4375000010634286 0.6250000010189025
678663.3580127166 6098275.465440412 1714670.054004103 0.4375000010634286 0.6562500009731669
667210.3481329853 6000537.022733842 2034214.047278394 0.4375000010634286 0.6875000008978926
654093.7311557557 5888654.469940209 2342125.300771918 0.4375000010634286 0.7187500008573149
639488.7602845252 5764144.858132087 2637295.808198084 0.4375000010634286 0.750000000783163
623575.9656598144 5628570.456380916 2918901.956662361 0.4375000010634285 0.7812500006993568
606535.535905735 5483490.038539496 3186391.790242007 0.4375000010634286 0.812500000644605
588542.5672141648 5330417.716638091 3439462.983189048 0.4375000010634287 0.8437500005130388
569763.3000772659 5170790.360519673 3678034.506287549 0.4375000010634286 0.8750000003830567
550352.3623800107 5005943.761932682 3902214.797982039 0.4375000010634286 0.9062500002690315
530450.9576498735 4837097.007362819 4112268.877747414 0.4375000010634286 0.9375000002150854
510185.8855901122 4665344.075344466 4308586.313489951 0.4375000010634286 0.9687500001013654
255334.0217133743 4676544.061742547 -4319071.795645008 0.4687500011375446 0.03125000004281374
265532.2723723298 4849606.340246531 -4123160.433086426 0.4687500011375447 0.06250000010892995
275554.160251049 5019856.626050005 -3913406.490344468 0.4687500011375447 0.09375000018479249
285335.6393643082 5186188.470678445 -3689400.184245474 0.4687500011375446 0.1250000003035794
294805.2059570975 5347365.709253919 -3450856.540344137 0.4687500011375446 0.1562500004205225
303884.3687414071 5502030.531416706 -3197648.404967789 0.4687500011375447 0.1875000004950058
312488.5484159092 5648719.014365563 -2929840.508262158 0.4687500011375447 0.2187500005621105
320528.4680138613 5785885.192551534 -2647722.613833554 0.4687500011375447 0.2500000006443777
327912.0689641072 5911934.275247811 -2351839.237740926 0.4687500011375447 0.2812500007256591
334546.9468281173 6025264.911458485 -2043012.992399992 0.4687500011375446 0.3125000008137811
340343.2469620214 6124319.466800839 -1722358.424606111 0.4687500011375447 0.343750000879918
345216.8984776537 6207640.199617192 -1391283.380588618 0.4687500011375447 0.3750000009705468
349093.0023645508 6273928.134779172 -1051475.551463962 0.4687500011375447 0.4062500010389248
351909.1378444258 6322100.531085196 -704872.9201450982 0.4687500011375446 0.4375000011540361
353618.3208727851 6351342.312211552 -353618.3200208083 0.4687500011375447 0.4687500012127608
354191.3509241586 6361146.868838238 0.01548613147825509 0.4687500011375447 0.5000000013670094
353618.3207803985 6351342.310630834 353618.3485044827 0.4687500011375447 0.5312500013100503
351909.137671785 6322100.528131772 704872.946720946 0.4687500011375447 0.5625000012235621
349093.0021313477 6273928.130790454 1051475.575341205 0.4687500011375447 0.593750001133016
345216.8981984035 6207640.194842217 1391283.401962933 0.4687500011375447 0.6250000010189026
340343.2466448715 6124319.46137979 1722358.443944812 0.4687500011375447 0.6562500009731667
334546.9464868664 6025264.905628068 2043013.009650965 0.4687500011375447 0.6875000008978924
327912.0686082782 5911934.269171475 2351839.253064922 0.4687500011375447 0.718750000857315
320528.4676608716 5785885.186527289 2647722.627040653 0.4687500011375447 0.750000000783163
312488.5480793606 5648719.008625773 2929840.519364342 0.4687500011375447 0.7812500006993568
303884.368418443 5502030.525912716 3197648.414468915 0.4687500011375447 0.8125000006446051
294805.2056796271 5347365.704529149 3450856.547689235 0.4687500011375447 0.8437500005130388
285335.6391525362 5186188.467075612 3689400.189326352 0.4687500011375447 0.8750000003830568
275554.1601070891 5019856.623603183 3913406.493493224 0.4687500011375447 0.9062500002690315
265532.2722673991 4849606.338464915 4123160.435188694 0.4687500011375447 0.9375000002150855
255334.0216660046 4676544.06093915 4319071.796517701 0.4687500011375447 0.9687500001013651
-0.01045131193238249 4680280.79951213 -4322570.142602443 0.5000000012787196 0.03125000004281374
-0.01086951412640243 4853781.741802513 -4126795.827630022 0.5000000012787196 0.06250000010892995
-0.01128057527019599 5024502.576916823 -3917143.71124627 0.5000000012787196 0.09375000018479249
-0.01168186661620356 5191332.724447005 -3693197.198104326 0.5000000012787196 0.1250000003035794
-0.01207044885092652 5353030.329089407 -3454664.57067093 0.5000000012787196 0.1562500004205225
-0.01244309465918805 5508230.213536352 -3201412.331250892 0.5000000012787196 0.1875000004950058
-0.0127963238497688 5655459.373932647 -2933499.662484617 0.5000000012787196 0.2187500005621105
-0.01312645509833544 5793161.122812232 -2651212.025685031 0.5000000012787194 0.2500000006443777
-0.01342970183125171 5919728.51819147 -2355091.350863194 0.5000000012787194 0.2812500007256591
-0.01370225062576494 6033546.997029925 -2045959.832115767 0.5000000012787196 0.3125000008137811
-0.01394038957029772 6133045.181259744 -1724934.145011525 0.5000000012787194 0.343750000879918
-0.01414065511668179 6216751.726201878 -1393427.061157476 0.5000000012787196 0.3750000009705468
-0.01429994597236275 6283354.967977066 -1053134.059081712 0.5000000012787194 0.4062500010389248
-0.01441569131242305 6331761.200431182 -706003.6123946409 0.5000000012787196 0.4375000011540361
-0.01448594098737079 6361146.868885598 -354191.3500735692 0.5000000012787194 0.4687500012127608
-0.01450949784423095 6371000 0.01551131239051017 0.5000000012787196 0.5000000013670094
-0.01448594348687151 6361146.867297064 354191.378603088 0.5000000012787196 0.5312500013100503
-0.01441568950662881 6331761.197463299 706003.6390119558 0.5000000012787194 0.5625000012235621
-0.01429994555306955 6283354.963969151 1053134.082994293 0.5000000012787194 0.593750001133016
-0.01414065483607951 6216751.721404459 1393427.082561085 0.5000000012787196 0.6250000010189026
-0.01394039173966389 6133045.17581397 1724934.164374102 0.5000000012787196 0.6562500009731667
-0.01370224859676888 6033546.991173873 2045959.849385297 0.5000000012787194 0.6875000008978924
-0.01342970195679056 5919728.512089537 2355091.36620094 0.5000000012787194 0.718750000857315
-0.01312645752761396 5793161.116763817 2651212.038901416 0.5000000012787196 0.750000000783163
-0.01279632403773478 5655459.368171057 2933499.673592317 0.5000000012787196 0.7812500006993568
-0.01244309465260897 5508230.208012687 3201412.340754703 0.5000000012787196 0.8125000006446051
-0.01207044878229048 5353030.324348829 3454664.578016492 0.5000000012787196 0.8437500005130388
-0.01168186611475471 5191332.720832957 3693197.203184401 0.5000000012787196 0.8750000003830568
-0.01128057514516451 5024502.574462955 3917143.714393836 0.5000000012787196 0.9062500002690315
-0.01086951410948887 4853781.740016179 4126795.829731041 0.5000000012787196 0.9375000002150855
-0.01045131228673942 4680280.798706786 4322570.143474433 0.5000000012787196 0.9687500001013651
-255334.0409818338 4676544.061178345 -4319071.795116798 0.5312500012221835 0.03125000004281374
-265532.2924075557 4849606.339616164 -4123160.432537582 0.5312500012221835 0.06250000010892995
-275554.181039445 5019856.625348676 -3913406.489780315 0.5312500012221835 0.09375000018479249
-285335.6608874743 5186188.469901983 -3689400.18367236 0.5312500012221835 0.1250000003035794
-294805.2281912807 5347365.708399015 -3450856.539769425 0.5312500012221835 0.1562500004205225
-303884.3916569873 5502030.530481152 -3197648.404399795 0.5312500012221835 0.1875000004950058
-312488.5719769514 5648719.013348532 -2929840.507710034 0.5312500012221835 0.2187500005621105
-320528.4921777779 5785885.191453809 -2647722.613307096 0.5312500012221835 0.2500000006443777
-327912.0936814578 5911934.274072004 -2351839.23725032 0.5312500012221835 0.2812500007256591
-334546.9720425902 6025264.910209199 -2043012.991955478 0.5312500012221832 0.3125000008137811
-340343.2726106427 6124319.465484742 -1722358.42421761 0.5312500012221835 0.343750000879918
-345216.9244912053 6207640.198243 -1391283.380265304 0.5312500012221835 0.3750000009705468
-349093.028668265 6273928.133357504 -1051475.551213837 0.5312500012221835 0.4062500010389248
-351909.1643589116 6322100.529628322 -704872.919974581 0.5312500012221835 0.4375000011540361
-353618.3475151815 6351342.310733017 -353618.319934393 0.5312500012221835 0.4687500012127608
-354191.3776094347 6361146.867352391 0.01548613175406218 0.5312500012221835 0.5000000013670094
-353618.3474227936 6351342.309152299 353618.348418068 0.5312500012221835 0.5312500013100503
-351909.1641862743 6322100.526674898 704872.9465504286 0.5312500012221835 0.5625000012235621
-349093.0284350627 6273928.129368786 1051475.575091079 0.5312500012221835 0.593750001133016
-345216.9242119549 6207640.193468024 1391283.401639618 0.5312500012221835 0.6250000010189026
-340343.2722934934 6124319.460063692 1722358.443556309 0.5312500012221835 0.6562500009731667
-334546.9717013431 6025264.904378782 2043013.009206452 0.5312500012221835 0.6875000008978924
-327912.0933256294 5911934.26799567 2351839.252574316 0.5312500012221835 0.718750000857315
-320528.4918247882 5785885.185429564 2647722.626514195 0.5312500012221835 0.750000000783163
-312488.5716404028 5648719.007608742 2929840.518812217 0.5312500012221835 0.7812500006993568
-303884.3913340231 5502030.524977162 3197648.413900921 0.5312500012221835 0.8125000006446051
-294805.2279138116 5347365.703674244 3450856.547114521 0.5312500012221835 0.8437500005130388
-285335.6606757035 5186188.466299151 3689400.188753237 0.5312500012221835 0.8750000003830568
-275554.1808954852 5019856.622901853 3913406.492929072 0.5312500012221835 0.9062500002690315
-265532.2923026257 4849606.337834548 4123160.434639852 0.5312500012221835 0.9375000002150855
-255334.0409344648 4676544.060374945 4319071.795989491 0.5312500012221835 0.9687500001013654
-510185.9037393905 4665344.075083153 -4308586.311623818 0.5625000011539865 0.03125000004281372
-530450.9766200084 4837097.007948044 -4112268.874612038 0.5625000011539864 0.06250000010892995
-550352.3821201366 5005943.76304397 -3902214.793772362 0.5625000011539865 0.09375000018479249
-569763.3206260673 5170790.362634729 -3678034.500130874 0.5625000011539865 0.1250000003035794
-588542.5885441329 5330417.719715603 -3439462.974769708 0.5625000011539862 0.1562500004205225
-606535.5579482685 5483490.042234975 -3186391.779686586 0.5625000011539862 0.1875000004950058
-623575.9883176014 5628570.460154767 -2918901.944544711 0.5625000011539865 0.2187500005621105
-639488.7835232858 5764144.862033853 -2637295.794035367 0.5625000011539865 0.2500000006443778
-654093.7549026412 5888654.473745306 -2342125.28457313 0.5625000011539862 0.2812500007256591
-667210.372301654 6000537.026157035 -2034214.029253453 0.5625000011539862 0.3125000008137811
-678663.3825266861 6098275.468333506 -1714670.03401214 0.5625000011539862 0.343750000879918
-688289.0577580519 6180452.166500152 -1384886.345724482 0.5625000011539862 0.3750000009705468
-695941.7193943977 6245805.510704972 -1046527.422313329 0.5625000011539862 0.4062500010389247
-701500.0868343129 6293285.016017726 -701500.0608255333 0.5625000011539862 0.4375000011540361
-704872.9459486905 6322100.528264636 -351909.1368316914 0.5625000011539862 0.4687500012127608
-706003.6382330516 6331761.197550148 0.01541102922618696 0.5625000011539862 0.5000000013670094
-704872.9457663895 6322100.526707077 351909.1651786198 0.5625000011539862 0.5312500013100503
-701500.0864936105 6293285.013107137 701500.0872776479 0.5625000011539865 0.5625000012235621
-695941.7189340597 6245805.506773147 1046527.446085074 0.5625000011539865 0.593750001133016
-688289.0572066343 6180452.161791717 1384886.36701128 0.5625000011539865 0.6250000010189026
-678663.3819001766 6098275.462985787 1714670.053279436 0.5625000011539865 0.6562500009731667
-667210.3716272119 6000537.020402695 2034214.046448856 0.5625000011539862 0.6875000008978924
-654093.754199009 5888654.467744976 2342125.299855875 0.5625000011539862 0.718750000857315
-639488.7828248594 5764144.856081415 2637295.80721453 0.5625000011539865 0.750000000783163
-623575.9876512876 5628570.45447979 2918901.955630214 0.5625000011539862 0.7812500006993568
-606535.5573084382 5483490.036789523 3186391.789179505 0.5625000011539865 0.8125000006446051
-588542.5879940651 5330417.715037892 3439462.982113265 0.5625000011539862 0.8437500005130388
-569763.3202059584 5170790.359065313 3678034.505214042 0.5625000011539862 0.8750000003830568
-550352.3818343562 5005943.76061816 3902214.79692461 0.5625000011539862 0.9062500002690315
-530450.9764115688 4837097.006180511 4112268.876718003 0.5625000011539862 0.9375000002150853
-510185.9036452306 4665344.074285564 4308586.312498599 0.5625000011539862 0.9687500001013651
-764075.7169988595 4646711.438031267 -4291142.285028786 0.593750001077945 0.03125000004281372
-794147.1767675021 4816304.13960051 -4094164.835042574 0.5937500010779451 0.06250000010892995
-823646.5314408281 4982838.513898683 -3883628.166502743 0.593750001077945 0.09375000018479249
-852386.8642794833 5145241.598815166 -3659175.661733902 0.593750001077945 0.1250000003035794
-880160.8969160344 5302322.775630401 -3420574.656190256 0.593750001077945 0.1562500004205225
-906742.5456103082 5452782.662227051 -3167746.864018054 0.593750001077945 0.1875000004950058
-931889.660483007 5595228.837649952 -2900799.357938297 0.5937500010779451 0.2187500005621105
-955348.0943758527 5728199.248847744 -2620054.27120748 0.593750001077945 0.2500000006443777
-976857.1722422579 5850193.713084124 -2326074.930957695 0.593750001077945 0.2812500007256591
-996156.5206758216 5959713.286425011 -2019685.799802593 0.593750001077945 0.3125000008137811
-1012994.075468426 6055306.449407706 -1701983.491937367 0.5937500010779447 0.343750000879918
-1027134.925886799 6135620.140171573 -1374336.32693911 0.5937500010779447 0.3750000009705468
-1038370.497136618 6199452.755726404 -1038370.473478781 0.5937500010779447 0.4062500010389247
-1046527.445967585 6245805.509630652 -695941.6934657313 0.5937500010779448 0.4375000011540361
-1051475.574743755 6273928.130936906 -349093.0012988335 0.593750001077945 0.4687500012127608
-1053134.082387975 6283354.964070775 0.01528729467107094 0.593750001077945 0.5000000013670094
-1051475.574476343 6273928.129416986 349093.0294204208 0.593750001077945 0.5312500013100503
-1046527.445467698 6245805.506789706 695941.7197138297 0.593750001077945 0.5625000012235621
-1038370.496460936 6199452.751887119 1038370.497076401 0.593750001077945 0.593750001133016
-1027134.925076996 6135620.135571446 1374336.34808125 0.593750001077945 0.6250000010189026
-1012994.074547726 6055306.444179453 1701983.5110864 0.5937500010779447 0.6562500009731667
-996156.5196839049 5959713.280794737 2019685.816905709 0.5937500010779447 0.6875000008978924
-976857.1712064985 5850193.707207897 2326074.946171678 0.5937500010779447 0.718750000857315
-955348.0933467702 5728199.243012699 2620054.284339818 0.593750001077945 0.750000000783163
-931889.6595002346 5595228.832081075 2900799.368995586 0.5937500010779447 0.7812500006993568
-906742.5446655835 5452782.65687756 3167746.873496789 0.593750001077945 0.8125000006446051
-880160.8961029554 5302322.771029943 3420574.663530761 0.593750001077945 0.8437500005130389
-852386.8636578114 5145241.595300687 3659175.666820499 0.593750001077945 0.8750000003830568
-823646.531017463 4982838.511507465 3883628.169660551 0.5937500010779451 0.9062500002690315
-794147.1764583664 4816304.137856195 4094164.83715452 0.593750001077945 0.9375000002150855
-764075.7168590616 4646711.437243269 4291142.285906971 0.593750001077945 0.9687500001013651
-1016528.139325589 4620696.852847676 -4266787.097576213 0.6250000009541934 0.03125000004281372
-1056021.330858468 4787310.963010755 -4068920.45783755 0.6250000009541933 0.06250000010892995
-1094704.108694185 4950663.597432215 -3857744.659703074 0.6250000009541934 0.09375000018479249
-1132333.509438898 5109711.638221228 -3632947.6733953 0.6250000009541934 0.1250000003035794
-1168641.647806597 5263304.277284277 -3394340.257507036 0.6250000009541933 0.1562500004205225
-1203337.924368914 5410192.463877639 -3141884.202763863 0.6250000009541934 0.1875000004950058
-1236112.69221469 5549044.652149824 -2875720.754974862 0.6250000009541934 0.2187500005621105
-1266642.539529772 5678469.530129003 -2596197.502589135 0.6250000009541934 0.2500000006443777
-1294597.249748868 5797045.999840939 -2303891.628673283 0.6250000009541932 0.2812500007256591
-1319648.365545677 5903360.093276108 -1999627.165355514 0.6250000009541932 0.3125000008137811
-1341479.114807945 5996047.782149095 -1684483.831539801 0.6250000009541932 0.343750000879918
-1359795.271866434 6073841.839814351 -1359795.250591174 0.6250000009541934 0.3750000009705468
-1374336.348245561 6135620.13934123 -1027134.902338232 0.6250000009541932 0.4062500010389247
-1384886.366946359 6180452.16461147 -688289.0320174479 0.6250000009541934 0.4375000011540361
-1391283.401278014 6207640.195041331 -345216.8973783075 0.6250000009541934 0.4687500012127608
-1393427.081864906 6216751.721560501 0.01511700272151188 0.6250000009541934 0.5000000013670094
-1391283.400932355 6207640.193572166 345216.9251896787 0.6250000009541934 0.5312500013100503
-1384886.366299987 6180452.161864478 688289.0579844415 0.6250000009541934 0.5625000012235621
-1374336.347371412 6135620.13562689 1027134.925695576 0.6250000009541934 0.593750001133016
-1359795.270817999 6073841.835360614 1359795.271533267 0.6250000009541934 0.6250000010189026
-1341479.113614852 5996047.777082519 1684483.85052481 0.6250000009541932 0.6562500009731667
-1319648.364258927 5903360.087813993 1999627.182330125 0.6250000009541934 0.6875000008978924
-1294597.248403618 5797045.9941332 2303891.643790996 0.6250000009541934 0.718750000857315
-1266642.538191424 5678469.524453638 2596197.515655397 0.6250000009541932 0.750000000783163
-1236112.690934773 5549044.646725554 2875720.765991799 0.6250000009541934 0.7812500006993568
-1203337.923136731 5410192.458659208 3141884.212221707 0.6250000009541934 0.8125000006446051
-1168641.646744506 5263304.272789557 3394340.264842269 0.6250000009541934 0.8437500005130389
-1132333.508625582 5109711.634782097 3632947.678485907 0.6250000009541934 0.8750000003830568
-1094704.108139449 4950663.595088545 3857744.662868133 0.6250000009541934 0.9062500002690315
-1056021.330452787 4787310.961298421 4068920.459957497 0.6250000009541934 0.9375000002150853
-1016528.139141853 4620696.852072916 4266787.09845901 0.6250000009541934 0.9687500001013651
-1267074.564075185 4587370.696211684 -4235586.517191217 0.6562500008620986 0.03125000004281372
-1315487.629669097 4750232.424844898 -4036635.381866902 0.6562500008620986 0.06250000010892995
-1362815.429821587 4909587.754286577 -3824699.097602252 0.6562500008620985 0.09375000018479249
-1408764.561597968 5064432.520000618 -3599520.337537473 0.6562500008620986 0.1250000003035794
-1453013.846592303 5213666.898278499 -3360962.545968949 0.6562500008620989 0.1562500004205225
-1495217.246891577 5356105.364679114 -3109035.494659653 0.6562500008620986 0.1875000004950058
-1535008.422174709 5490492.300644729 -2843920.61077901 0.6562500008620986 0.2187500005621105
-1572007.071292605 5615523.744482779 -2565994.513430641 0.6562500008620986 0.2500000006443777
-1605827.092281108 5729875.406391216 -2275848.891497213 0.6562500008620984 0.2812500007256591
-1636086.445528928 5832236.553333675 -1974304.669678685 0.6562500008620986 0.3125000008137811
-1662418.425079209 5921348.750335266 -1662418.406075962 0.6562500008620988 0.343750000879918
-1684483.850608178 5996047.781521245 -1341479.093670268 0.6562500008620986 0.3750000009705468
-1701983.510963536 6055306.447963714 -1012994.05213323 0.6562500008620986 0.4062500010389248
-1714670.052878891 6098275.465861238 -678663.3570741845 0.6562500008620986 0.4375000011540361
-1722358.442798096 6124319.46174666 -340343.2458463334 0.6562500008620986 0.4687500012127608
-1724934.163213572 6133045.176140374 0.0149029121392663 0.6562500008620986 0.5000000013670094
-1722358.442382745 6124319.460339606 340343.2732675546 0.6562500008620986 0.5312500013100503
-1714670.052101879 6098275.463229294 678663.3826872415 0.6562500008620986 0.5625000012235621
-1701983.509912008 6055306.44440252 1012994.075187468 0.6562500008620986 0.593750001133016
-1684483.849345851 5996047.777247175 1341479.114359299 0.6562500008620986 0.6250000010189026
-1662418.423641076 5921348.745467458 1662418.424852689 0.6562500008620986 0.6562500009731667
-1636086.443975828 5832236.548078701 1974304.68648929 0.6562500008620986 0.6875000008978924
-1605827.090654955 5729875.40089149 2275848.906491209 0.6562500008620986 0.718750000857315
-1572007.069672119 5615523.739005026 2565994.52641113 0.6562500008620986 0.750000000783163
-1535008.420622233 5490492.295399883 2843920.621742698 0.6562500008620986 0.7812500006993568
-1495217.245394228 5356105.359623733 3109035.504088948 0.6562500008620986 0.8125000006446051
-1453013.845299178 5213666.893915693 3360962.553295765 0.6562500008620984 0.8437500005130388
-1408764.560605807 5064432.516655754 3599520.342631915 0.6562500008620986 0.8750000003830569
-1362815.429143542 4909587.752002564 3824699.100775735 0.6562500008620986 0.9062500002690315
-1315487.62917227 4750232.423172796 4036635.383996508 0.6562500008620986 0.9375000002150855
-1267074.563849734 4587370.695453623 4235586.518079681 0.6562500008620986 0.9687500001013651
-1515255.22030266 4546822.425419785 -4197624.143375069 0.6875000007751403 0.03125000004281372
-1571978.167930493 4705213.669323933 -3997435.4235631 0.6875000007751404 0.06250000010892995
-1627300.332283791 4859822.811354069 -3784660.733908879 0.6875000007751403 0.09375000018479249
-1680885.097349269 5009693.930126698 -3559105.648328082 0.6875000007751401 0.1250000003035794
-1732367.10742898 5153788.991984917 -3320693.335915444 0.6875000007751404 0.1562500004205225
-1781355.90330828 5290998.164590374 -3069487.02034233 0.6875000007751402 0.1875000004950058
-1827441.275900573 5420155.033790025 -2805711.815710148 0.6875000007751401 0.2187500005621105
-1870200.446402275 5540057.037294652 -2529774.557900114 0.6875000007751403 0.2500000006443778
-1909207.065750735 5649491.096808474 -2242280.02871391 0.6875000007751404 0.2812500007256591
-1944041.8743902 5747263.996689138 -1944041.857311266 0.6875000007751401 0.3125000008137811
-1974304.686836246 5832236.552815531 -1636086.426671538 0.6875000007751401 0.343750000879918
-1999627.1825134 5903360.092140152 -1319648.344628423 0.6875000007751403 0.3750000009705468
-2019685.816853267 5959713.284497431 -996156.497638104 0.6875000007751402 0.4062500010389247
-2034214.046079123 6000537.023241769 -667210.3472213375 0.6875000007751402 0.4375000011540361
-2043013.008427984 6025264.906086016 -334546.9457076312 0.6875000007751401 0.4687500012127608
-2045959.848146815 6033546.991593838 0.01464832986274719 0.6875000007751401 0.5000000013670094
-2043013.007952751 6025264.904750391 334546.9726647014 0.6875000007751403 0.5312500013100503
-2034214.045189666 6000537.02074222 667210.3724127569 0.6875000007751403 0.5625000012235621
-2019685.815648618 5959713.281112689 996156.5203304213 0.6875000007751401 0.593750001133016
-1999627.181065709 5903360.088073431 1319648.36501428 0.6875000007751403 0.6250000010189026
-1974304.685184735 5832236.548177577 1636086.445197601 0.6875000007751401 0.6562500009731667
-1944041.872603857 5747263.991674274 1944041.87392329 0.6875000007751403 0.6875000008978924
-1909207.06387703 5649491.091550516 2242280.043556872 0.6875000007751403 0.718750000857315
-1870200.444531456 5540057.032047257 2529774.570774652 0.6875000007751403 0.750000000783163
-1827441.274104515 5420155.028754988 2805711.826606805 0.6875000007751403 0.7812500006993568
-1781355.901572178 5290998.159726288 3069487.029734286 0.6875000007751403 0.8125000006446053
-1732367.105926252 5153788.987777397 3320693.343229564 0.6875000007751403 0.8437500005130388
-1680885.096193603 5009693.926893189 3559105.653425272 0.6875000007751404 0.8750000003830569
-1627300.331492146 4859822.809140765 3784660.737091334 0.6875000007751402 0.9062500002690315
-1571978.167349068 4705213.667699684 3997435.425703578 0.6875000007751403 0.9375000002150855
-1515255.220038208 4546822.424681655 4197624.144270066 0.6875000007751403 0.9687500001013654
-1760621.159813115 4499159.834389184 -4153000.712284724 0.7187500007474678 0.03125000004281372
-1824946.749446593 4652428.15443023 -3951470.945046823 0.7187500007474679 0.06250000010892995
-1887514.126341343 4801620.086948358 -3737830.381849331 0.7187500007474679 0.09375000018479249
-1947952.334747117 4945837.225164614 -3511953.422773322 0.7187500007474678 0.1250000003035794
-2005862.640148218 5084113.489344778 -3273827.438384633 0.7187500007474675 0.1562500004205225
-2060822.830851461 5215425.539780634 -3023571.844498697 0.7187500007474678 0.1875000004950058
-2112393.204186636 5338707.290147505 -2761456.213853843 0.7187500007474675 0.2187500005621105
-2160124.298405068 5452868.671629446 -2487916.249676047 0.7187500007474678 0.2500000006443778
-2203566.316439022 5556818.518433438 -2203566.300852003 0.7187500007474678 0.2812500007256591
-2242280.044367901 5649491.096323219 -1909207.048801715 0.7187500007474678 0.3125000008137811
-2275848.90717133 5729875.405393935 -1605827.073625536 0.7187500007474678 0.343750000879918
-2303891.644291826 5797045.998242199 -1294597.229112751 0.7187500007474678 0.3750000009705468
-2326074.94641362 5850193.710725022 -976857.1495670496 0.7187500007474678 0.4062500010389246
-2342125.299748833 5888654.47044629 -654093.730262997 0.7187500007474676 0.4375000011540361
-2351839.252017185 5911934.269630607 -327912.0678451079 0.7187500007474678 0.4687500012127608
-2355091.36513661 5919728.512512966 0.01435696347468432 0.7187500007474678 0.5000000013670094
-2351839.251492671 5911934.268373542 327912.0942706963 0.7187500007474678 0.5312500013100503
-2342125.298766619 5888654.468092477 654093.754970863 0.7187500007474678 0.5625000012235621
-2326074.945082176 5850193.707534773 976857.1718432021 0.7187500007474678 0.593750001133016
-2303891.642689829 5797045.994404451 1294597.249148661 0.7187500007474678 0.6250000010189026
-2275848.905341031 5729875.401010397 1605827.091860759 0.7187500007474678 0.6562500009731667
-2242280.042384648 5649491.091574854 1909207.06518174 0.7187500007474678 0.6875000008978924
-2203566.314354582 5556818.513444649 2203566.315516863 0.7187500007474678 0.718750000857315
-2160124.296319212 5452868.666639389 2487916.262423997 0.7187500007474679 0.7500000007831631
-2112393.202179351 5338707.285347706 2761456.224668752 0.7187500007474678 0.7812500006993568
-2060822.828906293 5215425.53513185 3023571.853843283 0.7187500007474678 0.8125000006446051
-2005862.638460124 5084113.485312724 3273827.445680529 0.7187500007474678 0.8437500005130388
-1947952.333445411 4945837.222057441 3511953.427871121 0.7187500007474676 0.8750000003830567
-1887514.125447245 4801620.0848156 3737830.385040573 0.7187500007474678 0.9062500002690315
-1824946.748788133 4652428.152860713 3951470.947198865 0.7187500007474678 0.9375000002150855
-1760621.159512814 4499159.83367394 4153000.713186893 0.7187500007474678 0.9687500001013651
-2002736.099754579 4444508.173351616 -4101833.274494527 0.7500000006803103 0.03125000004281372
-2073872.275316391 4592075.455390241 -3898914.951326396 0.7500000006803105 0.06250000010892995
-2142852.684808954 4735266.25706053 -3684437.113854845 0.7500000006803105 0.09375000018479249
-2209282.49318085 4873248.652522986 -3458346.344137256 0.7500000006803103 0.1250000003035794
-2272741.850858802 5005137.708682394 -3220695.886990956 0.7500000006803103 0.1562500004205225
-2332790.726450897 5130005.668342089 -2971661.196933919 0.7500000006803105 0.1875000004950058
-2388975.289190441 5246895.413908364 -2711554.274423587 0.7500000006803105 0.2187500005621105
-2440835.849884741 5354837.231435381 -2440835.836091992 0.7500000006803105 0.2500000006443778
-2487916.263605201 5452868.671371708 -2160124.283012826 0.7500000006803103 0.2812500007256591
-2529774.57183541 5540057.036567615 -1870200.429706028 0.7500000006803106 0.3125000008137811
-2565994.52733057 5615523.743264548 -1572007.052955448 0.7500000006803105 0.343750000879918
-2596197.516381895 5678469.528339007 -1266642.519283897 0.7500000006803103 0.3750000009705468
-2620054.284788307 5728199.246340548 -955348.0721632376 0.7500000006803103 0.4062500010389248
-2637295.807288733 5764144.858644746 -639488.7594138087 0.7500000006803105 0.4375000011540361
-2647722.626105877 5785885.186996318 -320528.466916083 0.7500000006803103 0.4687500012127608
-2651212.037949193 5793161.117199597 0.01403277975168426 0.7500000006803105 0.5000000013670094
-2647722.625543037 5785885.185822728 320528.4927499885 0.7500000006803105 0.5312500013100503
-2637295.806234125 5764144.856445938 639488.7835824257 0.7500000006803103 0.5625000012235621
-2620054.283357368 5728199.243357468 955348.0939739381 0.7500000006803105 0.593750001133016
-2596197.514657917 5678469.524745663 1266642.538926759 0.7500000006803105 0.6250000010189026
-2565994.525357651 5615523.739153276 1572007.070862143 0.7500000006803103 0.6562500009731667
-2529774.569693448 5540057.032105314 1870200.445821997 0.7500000006803105 0.6875000008978924
-2487916.261348956 5452868.66667285 2160124.297472924 0.7500000006803105 0.718750000857315
-2440835.847621429 5354837.226723567 2440835.848692335 0.7500000006803105 0.750000000783163
-2388975.28700662 5246895.409363954 2711554.285141108 0.7500000006803105 0.7812500006993568
-2332790.724328735 5130005.663928056 2971661.206219827 0.7500000006803105 0.8125000006446051
-2272741.849011732 5005137.704842512 3220695.894261763 0.7500000006803105 0.8437500005130388
-2209282.491752287 4873248.649554801 3458346.349232406 0.7500000006803105 0.8750000003830568
-2142852.683824728 4735266.255016798 3684437.117053886 0.7500000006803105 0.9062500002690315
-2073872.274589334 4592075.453881493 3898914.953490105 0.7500000006803105 0.9375000002150855
-2002736.099421981 4444508.172661895 4101833.275404261 0.7500000006803105 0.9687500001013651
-2241178.107495289 4383009.146665022 -4044254.258912833 0.7812500006079491 0.03125000004281372
-2318261.672697912 4524378.809799213 -3839960.963647903 0.781250000607949 0.06250000010892995
-2392756.594692619 4661078.813289016 -3624734.635095823 0.7812500006079491 0.09375000018479249
-2464256.035484079 4792352.022521697 -3398594.604216938 0.7812500006079489 0.1250000003035794
-2532332.432250535 4917402.517068746 -3161658.732010469 0.7812500006079491 0.1562500004205225
-2596542.647350984 5035405.178803815 -2914155.446396653 0.7812500006079494 0.1875000004950058
-2656434.449326763 5145517.767588397 -2656434.437335531 0.7812500006079492 0.2187500005621105
-2711554.286593543 5246895.413793684 -2388975.275629069 0.7812500006079491 0.2500000006443778
-2761456.226107659 5338707.289785339 -2112393.18908297 0.7812500006079492 0.2812500007256591
-2805711.827916936 5420155.032984679 -1827441.259547859 0.7812500006079489 0.3125000008137811
-2843920.622902714 5490492.299378254 -1535008.404243029 0.7812500006079489 0.343750000879918
-2875720.766948059 5549044.650349515 -1236112.672441754 0.7812500006079494 0.3750000009705468
-2900799.369659415 5595228.835182823 -931889.6388104176 0.7812500006079489 0.4062500010389248
-2918901.955901263 5628570.456869816 -623575.9648094855 0.7812500006079488 0.4375000011540361
-2929840.518577461 5648719.009074104 -312488.5473527422 0.7812500006079491 0.4687500012127608
-2933499.672787438 5655459.368588548 0.01367985110040788 0.7812500006079491 0.5000000013670094
-2929840.517987181 5648719.007986785 312488.5725421082 0.7812500006079491 0.5312500013100503
-2918901.954794557 5628570.454831354 623575.9883895955 0.7812500006079491 0.5625000012235621
-2900799.368156245 5595228.832414407 931889.6601115536 0.7812500006079491 0.593750001133016
-2875720.765134512 5549044.647009981 1236112.691652366 0.7812500006079494 0.6250000010189026
-2843920.620823641 5490492.295550507 1535008.421786212 0.7812500006079491 0.6562500009731669
-2805711.825655005 5420155.028821253 1827441.27536929 0.7812500006079491 0.6875000008978926
-2761456.223719355 5338707.285390539 2112393.203312209 0.7812500006079488 0.7187500008573149
-2711554.284191433 5246895.40937488 2388975.288060532 0.7812500006079491 0.750000000783163
-2656434.447002389 5145517.763314128 2656434.44793917 0.7812500006079491 0.7812500006993568
-2596542.645085371 5035405.174639266 2914155.455611312 0.7812500006079492 0.8125000006446053
-2532332.430272338 4917402.513434102 3161658.739247956 0.7812500006079491 0.8437500005130388
-2464256.033949078 4792352.019702701 3398594.609305001 0.7812500006079492 0.8750000003830569
-2392756.593631514 4661078.81134133 3624734.638300824 0.7812500006079491 0.9062500002690315
-2318261.67191141 4524378.808356361 3839960.965822752 0.781250000607949 0.9375000002150855
-2241178.107134273 4383009.146003123 4044254.259830237 0.7812500006079491 0.9687500001013651
-2475541.103394942 4314819.807522055 -3980410.440396504 0.8125000005711651 0.03125000004281372
-2557652.321046844 4449582.465800697 -3774820.722191013 0.8125000005711651 0.06250000010892995
-2636714.315724304 4579401.251766408 -3558997.442057914 0.8125000005711652 0.09375000018479249
-2712321.244005399 4703601.093932174 -3333030.335667089 0.8125000005711649 0.1250000003035794
-2784051.934165934 4821481.278219109 -3097097.691654164 0.8125000005711652 0.1562500004205226
-2851475.074415136 4932324.08316407 -2851475.063651952 0.8125000005711653 0.1875000004950058
-2914155.45727016 5035405.178612876 -2596542.635517696 0.8125000005711651 0.2187500005621105
-2971661.20794341 5130005.668032892 -2332790.713106238 0.8125000005711651 0.2500000006443778
-3023571.855549894 5215425.539231101 -2060822.816028236 0.8125000005711651 0.2812500007256591
-3069487.031304758 5290998.163621207 -1781355.887297349 0.8125000005711651 0.3125000008137811
-3109035.505502064 5356105.36327655 -1495217.229370943 0.8125000005711651 0.343750000879918
-3141884.213422954 5410192.461977212 -1203337.905082603 0.8125000005711649 0.3750000009705468
-3167746.874395702 5452782.659708683 -906742.5244999533 0.8125000005711649 0.4062500010389247
-3186391.789673673 5483490.038961922 -606535.5350724175 0.8125000005711651 0.4375000011540361
-3197648.413874741 5502030.526297229 -303884.3677088247 0.8125000005711653 0.4687500012127608
-3201412.340142249 5508230.20836865 0.01330223340694651 0.8125000005711651 0.5000000013670094
-3197648.413267491 5502030.52529702 303884.3922081206 0.8125000005711651 0.5312500013100503
-3186391.788534418 5483490.037085535 606535.5580212211 0.8125000005711651 0.5625000012235621
-3167746.872846676 5452782.657157613 906742.545252663 0.8125000005711651 0.593750001133016
-3141884.211551338 5410192.458895256 1203337.92382578 0.8125000005711649 0.6250000010189026
-3109035.503352456 5356105.359737391 1495217.24651849 0.8125000005711653 0.6562500009731667
-3069487.028960953 5290998.159763058 1781355.902795505 0.8125000005711651 0.6875000008978926
-3023571.853068927 5215425.535148102 2060822.830001275 0.8125000005711649 0.718750000857315
-2971661.205441131 5130005.663915885 2332790.725347457 0.8125000005711651 0.7500000007831631
-2914155.454841508 5035405.174618183 2596542.645990225 0.8125000005711651 0.7812500006993566
-2851475.072040212 4932324.07925903 2851475.072781601 0.8125000005711651 0.8125000006446051
-2784051.932085232 4821481.274799076 3097097.698848772 0.8125000005711651 0.8437500005130388
-2712321.242385157 4703601.091270034 3333030.340742426 0.8125000005711651 0.8750000003830568
-2636714.314600221 4579401.249920262 3558997.445266156 0.8125000005711651 0.9062500002690315
-2557652.320210596 4449582.464427902 3774820.724375804 0.8125000005711653 0.9375000002150855
-2475541.103009672 4314819.806889895 3980410.441321385 0.8125000005711651 0.9687500001013651
-2705436.171444626 4240111.367916259 -3910461.828212412 0.8437500004554949 0.03125000004281372
-2791613.958665269 4367948.894706478 -3703721.77127517 0.8437500004554951 0.06250000010892995
-2874264.338483687 4490598.129379049 -3487516.87493241 0.8437500004554951 0.09375000018479249
-2952996.164161365 4607471.921133907 -3262002.015696939 0.8437500004554951 0.1250000003035794
-3027408.933934908 4717968.985302344 -3027408.925212495 0.8437500004554951 0.1562500004205225
-3097097.700697721 4821481.278415394 -2784051.923765568 0.8437500004554951 0.1875000004950058
-3161658.741118159 4917402.517100018 -2532332.420818708 0.8437500004554951 0.2187500005621105
-3220695.896193647 5005137.708616589 -2272741.837962613 0.8437500004554951 0.2500000006443778
-3273827.447590488 5084113.489069067 -2005862.625821898 0.8437500004554951 0.2812500007256591
-3320693.344996605 5153788.99133435 -1732367.091957164 0.843750000455495 0.3125000008137811
-3360962.554899407 5213666.897240883 -1453013.829658435 0.8437500004554952 0.343750000879918
-3394340.266228284 5263304.275800361 -1168641.629158803 0.8437500004554951 0.3750000009705468
-3420574.664608597 5302322.773589632 -880160.8764939044 0.8437500004554951 0.4062500010389247
-3439462.982780357 5330417.716991808 -588542.5663989694 0.843750000455495 0.4375000011540361
-3450856.54725481 5347365.704847629 -294805.2049880184 0.8437500004554951 0.4687500012127608
-3454664.57756372 5353030.324641033 0.01290385806797084 0.8437500004554951 0.5000000013670094
-3450856.546640377 5347365.703933639 294805.2287588268 0.8437500004554951 0.5312500013100503
-3439462.981626863 5330417.715276009 588542.5886799811 0.8437500004554951 0.5625000012235621
-3420574.663038488 5302322.771254298 880160.8966645108 0.8437500004554951 0.593750001133016
-3394340.264328335 5263304.272974698 1168641.6474034 0.8437500004554951 0.6250000010189026
-3360962.552713108 5213666.893989749 1453013.846381194 0.8437500004554951 0.6562500009731667
-3320693.342607388 5153788.987781988 1732367.107105215 0.8437500004554951 0.6875000008978924
-3273827.445054863 5084113.485299688 2005862.639514333 0.843750000455495 0.718750000857315
-3220695.893628805 5005137.704804544 2272741.849992307 0.8437500004554951 0.750000000783163
-3161658.738620892 4917402.51338925 2532332.431142334 0.8437500004554951 0.7812500006993568
-3097097.698247399 4821481.274775305 2784051.932795392 0.8437500004554951 0.8125000006446051
-3027408.931780448 4717968.982102658 3027408.932353404 0.8437500004554951 0.8437500005130388
-2952996.162477411 4607471.918633748 3262002.020752766 0.8437500004554951 0.8750000003830569
-2874264.3373109 4490598.127638387 3487516.878140282 0.8437500004554951 0.9062500002690315
-2791613.957789358 4367948.893406894 3703721.773468025 0.8437500004554951 0.9375000002150855
-2705436.171039477 4240111.367315364 3910461.829144263 0.8437500004554951 0.9687500001013651
-2930492.672872711 4159067.941760289 -3834580.492056619 0.8750000003729103 0.03125000004281372
-3019750.068157649 4279755.927731143 -3626904.978754202 0.8750000003729105 0.06250000010892995
-3104996.369511927 4395050.115347606 -3410597.166025438 0.8750000003729105 0.09375000018479249
-3185869.011215867 4504455.386520301 -3185869.00456103 0.8750000003729105 0.1250000003035794
-3262002.022742407 4607471.921464294 -2952996.155863155 0.8750000003729105 0.1562500004205225
-3333030.342999545 4703601.094465951 -2712321.23406927 0.8750000003729105 0.1875000004950058
-3398594.61157798 4792352.022923233 -2464256.024551168 0.8750000003729105 0.2187500005621105
-3458346.351562035 4873248.652854892 -2209282.480826192 0.8750000003729105 0.2500000006443778
-3511953.43017303 4945837.225322566 -1947952.321005178 0.8750000003729105 0.2812500007256591
-3559105.655578404 5009693.929959084 -1680885.082496993 0.8750000003729103 0.3125000008137811
-3599520.344616933 5064432.519495847 -1408764.545323935 0.8750000003729105 0.343750000879918
-3632947.680249789 5109711.637324189 -1132333.491495077 0.8750000003729106 0.3750000009705468
-3659175.668274087 5145241.597423628 -852386.8446031085 0.8750000003729105 0.4062500010389247
-3678034.506256304 5170790.360631845 -569763.2992609806 0.8750000003729104 0.4375000011540361
-3689400.189269541 5186188.4671536 -285335.6384696175 0.8750000003729105 0.4687500012127608
-3693197.203109335 5191332.720886361 0.01248844555782514 0.8750000003729105 0.5000000013670094
-3689400.188656816 5186188.466323478 285335.6614802694 0.8750000003729105 0.5312500013100503
-3678034.505105244 5170790.359072423 569763.3208437434 0.8750000003729105 0.5625000012235621
-3659175.666705564 5145241.595298743 852386.864162949 0.8750000003729105 0.593750001133016
-3632947.678348855 5109711.634749162 1132333.509213927 0.8750000003729105 0.6250000010189026
-3599520.342425274 5064432.516527254 1408764.561595747 0.8750000003729106 0.6562500009731667
-3559105.65317779 5009693.926707807 1680885.097270129 0.8750000003729105 0.6875000008978924
-3511953.427618529 4945837.221863305 1947952.334393716 0.8750000003729105 0.718750000857315
-3458346.348970394 4873248.649345838 2209282.492623368 0.8750000003729106 0.750000000783163
-3398594.60904637 4792352.019496016 2464256.034707716 0.8750000003729104 0.7812500006993568
-3333030.340506788 4703601.091091942 2712321.242983561 0.8750000003729105 0.8125000006446051
-3262002.020542453 4607471.918487187 2952996.162938406 0.8750000003729105 0.8437500005130388
-3185869.009489633 4504455.384184764 3185869.009589443 0.8750000003729104 0.8750000003830567
-3104996.368304824 4395050.113714815 3410597.169228469 0.8750000003729105 0.9062500002690315
-3019750.067252357 4279755.926506904 3626904.98095255 0.8750000003729105 0.9375000002150855
-2930492.672452201 4159067.941191777 3834580.492994606 0.8750000003729105 0.9687500001013651
-3150359.147955919 4071885.243843104 -3752949.34682887 0.9062500002797306 0.03125000004281372
-3241698.73904374 4185293.879050761 -3544622.043499485 0.9062500002797306 0.06250000010892995
-3328551.585942023 4293149.159948232 -3328551.581417754 0.9062500002797305 0.09375000018479249
-3410597.171025738 4395050.115814907 -3104996.363358031 0.9062500002797306 0.1250000003035794
-3487516.880297377 4490598.130183077 -2874264.330717881 0.9062500002797306 0.1562500004205225
-3558997.447684253 4579401.252787047 -2636714.306357326 0.9062500002797308 0.1875000004950058
-3624734.640726506 4661078.814215568 -2392756.5843579 0.9062500002797307 0.2187500005621105
-3684437.119528241 4735266.257949732 -2142852.673089117 0.9062500002797303 0.2500000006443778
-3737830.387479985 4801620.0877035 -1887514.113270004 0.9062500002797307 0.2812500007256591
-3784660.739376629 4859822.811835706 -1627300.318128905 0.9062500002797306 0.3125000008137811
-3824699.102889291 4909587.754482814 -1362815.414276729 0.9062500002797306 0.343750000879918
-3857744.664759087 4950663.597291071 -1094704.091515065 0.9062500002797306 0.3750000009705468
-3883628.171242519 4982838.513325076 -823646.5125621766 0.9062500002797306 0.4062500010389247
-3902214.798099563 5005943.761929206 -550352.3615783367 0.9062500002797305 0.4375000011540361
-3913406.49358544 5019856.623567852 -275554.1594410671 0.9062500002797306 0.4687500012127608
-3917143.714468042 5024502.574405102 0.01205944798115431 0.9062500002797306 0.5000000013670094
-3913406.492982298 5019856.622818054 275554.1816661684 0.9062500002797306 0.5312500013100503
-3902214.796965749 5005943.760519722 550352.3824380374 0.9062500002797307 0.5625000012235621
-3883628.16969578 4982838.511402339 823646.5314873399 0.9062500002797306 0.593750001133016
-3857744.662881685 4950663.594957388 1094704.108684839 0.9062500002797305 0.6250000010189026
-3824699.100720565 4909587.751787147 1362815.43007442 0.9062500002797306 0.6562500009731667
-3784660.736995607 4859822.808876356 1627300.332504419 0.9062500002797306 0.6875000008978924
-3737830.384939518 4801620.084546226 1887514.126332617 0.9062500002797306 0.718750000857315
-3684437.116943047 4735266.254737151 2142852.684633265 0.9062500002797307 0.7500000007831631
-3624734.638192787 4661078.811067284 2392756.59432902 0.9062500002797305 0.7812500006993568
-3558997.44518044 4579401.249676272 2636714.31513968 0.9062500002797306 0.8125000006446051
-3487516.878079183 4490598.1274275 2874264.337714516 0.9062500002797306 0.8437500005130388
-3410597.169278159 4395050.113644246 3104996.368350133 0.9062500002797306 0.8750000003830568
-3328551.584714848 4293149.158424183 3328551.584610641 0.9062500002797306 0.9062500002690315
-3241698.738119391 4185293.877902983 3544622.045700072 0.9062500002797306 0.9375000002150855
-3150359.147524644 4071885.243307673 3752949.34777183 0.9062500002797306 0.9687500001013651
-3364704.014862163 3978769.261011938 -3665760.911461215 0.93750000017302 0.03125000004281372
-3457133.038183483 4084862.706560071 -3457133.03545799 0.93750000017302 0.06250000010892995
-3544622.04667684 4185293.879501265 -3241698.734987836 0.9375000001730199 0.09375000018479249
-3626904.982390143 4279755.928643937 -3019750.062497 0.93750000017302 0.1250000003035794
-3703721.775257717 4367948.895957279 -2791613.95142441 0.93750000017302 0.1562500004205225
-3774820.726417566 4449582.467276162 -2557652.312242018 0.93750000017302 0.1875000004950058
-3839960.967864937 4524378.811212868 -2318261.662953907 0.93750000017302 0.2187500005621105
-3898914.95557409 4592075.456793031 -2073872.264224529 0.93750000017302 0.2500000006443778
-3951470.949243047 4652428.155732811 -1824946.73703997 0.93750000017302 0.2812500007256591
-3997435.427592176 4705213.670398591 -1571978.154468175 0.9375000001730199 0.3125000008137811
-4036635.385713767 4750232.425679598 -1315487.614850701 0.93750000017302 0.343750000879918
-4068920.461455103 4787310.963556796 -1056021.314444406 0.93750000017302 0.3750000009705468
-4094164.838349516 4816304.139770022 -794147.1586907754 0.93750000017302 0.4062500010389247
-4112268.877516072 4837097.007640601 -530450.9569102998 0.93750000017302 0.4375000011540361
-4123160.434933261 4849606.338716306 -265532.2716424015 0.93750000017302 0.4687500012127608
-4126795.829458274 4853781.740248091 0.01162000438923126 0.93750000017302 0.5000000013670094
-4123160.434346488 4849606.338042375 265532.29306228 0.93750000017302 0.5312500013100503
-4112268.876412297 4837097.006372885 530450.9770273146 0.93750000017302 0.5625000012235621
-4094164.836842116 4816304.138038754 794147.1769617727 0.93750000017302 0.593750001133016
-4068920.459622672 4787310.961452272 1056021.331045422 0.93750000017302 0.6250000010189026
-4036635.383592913 4750232.423243888 1315487.630154 0.93750000017302 0.6562500009731667
-3997435.425258317 4705213.66771834 1571978.168425496 0.93750000017302 0.6875000008978924
-3951470.946746211 4652428.152865505 1824946.74975602 0.93750000017302 0.718750000857315
-3898914.953025583 4592075.453866516 2073872.275495805 0.93750000017302 0.750000000783163
-3839960.965358803 4524378.808335157 2318261.672721274 0.93750000017302 0.7812500006993568
-3774820.723931985 4449582.464422209 2557652.320875531 0.93750000017302 0.8125000006446051
-3703721.773047075 4367948.893419166 2791613.958328642 0.93750000017302 0.8437500005130388
-3626904.980641308 4279755.926636172 3019750.067442972 0.93750000017302 0.8750000003830568
-3544622.045443457 4185293.878085373 3241698.738164504 0.93750000017302 0.9062500002690315
-3457133.037250279 4084862.705488862 3457133.037656908 0.93750000017302 0.9375000002150855
-3364704.014424739 3978769.260509868 3665760.912407656 0.93750000017302 0.9687500001013651
-3573216.062232224 3879934.91617193 -3573216.061040186 0.9687500000810876 0.03125000004281372
-3665760.913085671 3978769.261446734 -3364704.012578213 0.9687500000810879 0.06250000010892995
-3752949.348894431 4071885.244723544 -3150359.144357283 0.9687500000810878 0.09375000018479249
-3834580.494568257 4159067.94309331 -2930492.667694335 0.9687500000810878 0.1250000003035794
-3910461.831058033 4240111.369583824 -2705436.164718038 0.9687500000810878 0.1562500004205225
-3980410.443474587 4314819.809417468 -2475541.095142039 0.9687500000810878 0.1875000004950058
-4044254.261975324 4383009.148525126 -2241178.098331203 0.9687500000810879 0.2187500005621105
-4101833.277582185 4444508.175221771 -2002736.089280421 0.9687500000810876 0.2500000006443778
-4153000.715318788 4499159.836187132 -1760621.148061736 0.9687500000810878 0.2812500007256591
-4197624.146244675 4546822.427029016 -1515255.207524338 0.9687500000810877 0.3125000008137811
-4235586.519883315 4587370.6976202 -1267074.549976562 0.9687500000810878 0.343750000879918
-4266787.100046508 4620696.854010147 -1016528.123672651 0.968750000081088 0.3750000009705468
-4291142.287199838 4646711.438866976 -764075.6997236205 0.9687500000810876 0.4062500010389247
-4308586.31340743 4665344.075499907 -510185.8848655926 0.9687500000810878 0.4375000011540361
-4319071.796411802 4676544.061070123 -255334.0210584872 0.9687500000810878 0.4687500012127608
-4322570.143351797 4680280.798820048 0.01117292780804407 0.9687500000810878 0.5000000013670094
-4319071.795847087 4676544.060466927 255334.0416586075 0.9687500000810878 0.5312500013100503
-4308586.312344465 4665344.074364512 510185.9042249881 0.9687500000810878 0.5625000012235621
-4291142.285746617 4646711.437314735 764075.7173250171 0.9687500000810878 0.593750001133016
-4266787.098277307 4620696.852120413 1016528.139688632 0.9687500000810878 0.6250000010189026
-4235586.517831764 4587370.695428895 1267074.564767992 0.9687500000810878 0.6562500009731667
-4197624.143981921 4546822.424612139 1515255.221045032 0.9687500000810878 0.6875000008978924
-4153000.712891582 4499159.83359463 1760621.160412074 0.9687500000810878 0.718750000857315
-4101833.275097284 4444508.172567672 2002736.100259808 0.9687500000810878 0.750000000783163
-4044254.259523556 4383009.14590646 2241178.107876726 0.9687500000810878 0.7812500006993568
-3980410.441034035 4314819.806810822 2475541.103609525 0.9687500000810878 0.8125000006446051
-3910461.828878889 4240111.367256413 2705436.17151544 0.9687500000810878 0.8437500005130388
-3834580.492837107 4159067.941244411 2930492.672583588 0.9687500000810878 0.8750000003830568
-3752949.347668125 4071885.243413853 3150359.14751095 0.9687500000810878 0.9062500002690315
-3665760.912153535 3978769.260451238 3364704.014770927 0.9687500000810878 0.9375000002150855
-3573216.06179321 3879934.915703083 3573216.061988292 0.9687500000810878 0.9687500001013651
2 6 1 961
5186
5187
5188
5189
5190
5191
5192
5193
5194
5195
5196
5197
5198
5199
5200
5201
5202
5203
5204
5205
5206
5207
5208
5209
5210
5211
5212
5213
5214
5215
5216
5217
5218
5219
5220
5221
5222
5223
5224
5225
5226
5227
5228
5229
5230
5231
5232
5233
5234
5235
5236
5237
5238
5239
5240
5241
5242
5243
5244
5245
5246
5247
5248
5249
5250
5251
5252
5253
5254
5255
5256
5257
5258
5259
5260
5261
5262
5263
5264
5265
5266
5267
5268
5269
5270
5271
5272
5273
5274
5275
5276
5277
5278
5279
5280
5281
5282
5283
5284
5285
5286
5287
5288
5289
5290
5291
5292
5293
5294
5295
5296
5297
5298
5299
5300
5301
5302
5303
5304
5305
5306
5307
5308
5309
5310
5311
5312
5313
5314
5315
5316
5317
5318
5319
5320
5321
5322
5323
5324
5325
5326
5327
5328
5329
5330
5331
5332
5333
5334
5335
5336
5337
5338
5339
5340
5341
5342
5343
5344
5345
5346
5347
5348
5349
5350
5351
5352
5353
5354
5355
5356
5357
5358
5359
5360
5361
5362
5363
5364
5365
5366
5367
5368
5369
5370
5371
5372
5373
5374
5375
5376
5377
5378
5379
5380
5381
5382
5383
5384
5385
5386
5387
5388
5389
5390
5391
5392
5393
5394
5395
5396
5397
5398
5399
5400
5401
5402
5403
5404
5405
5406
5407
5408
5409
5410
5411
5412
5413
5414
5415
5416
5417
5418
5419
5420
5421
5422
5423
5424
5425
5426
5427
5428
5429
5430
5431
5432
5433
5434
5435
5436
5437
5438
5439
5440
5441
5442
5443
5444
5445
5446
5447
5448
5449
5450
5451
5452
5453
5454
5455
5456
5457
5458
5459
5460
5461
5462
5463
5464
5465
5466
5467
5468
5469
5470
5471
5472
5473
5474
5475
5476
5477
5478
5479
5480
5481
5482
5483
5484
5485
5486
5487
5488
5489
5490
5491
5492
5493
5494
5495
5496
5497
5498
5499
5500
5501
5502
5503
5504
5505
5506
5507
5508
5509
5510
5511
5512
5513
5514
5515
5516
5517
5518
5519
5520
5521
5522
5523
5524
5525
5526
5527
5528
5529
5530
5531
5532
5533
5534
5535
5536
5537
5538
5539
5540
5541
5542
5543
5544
5545
5546
5547
5548
5549
5550
5551
5552
5553
5554
5555
5556
5557
5558
5559
5560
5561
5562
5563
5564
5565
5566
5567
5568
5569
5570
5571
5572
5573
5574
5575
5576
5577
5578
5579
5580
5581
5582
5583
5584
5585
5586
5587
5588
5589
5590
5591
5592
5593
5594
5595
5596
5597
5598
5599
5600
5601
5602
5603
5604
5605
5606
5607
5608
5609
5610
5611
5612
5613
5614
5615
5616
5617
5618
5619
5620
5621
5622
5623
5624
5625
5626
5627
5628
5629
5630
5631
5632
5633
5634
5635
5636
5637
5638
5639
5640
5641
5642
5643
5644
5645
5646
5647
5648
5649
5650
5651
5652
5653
5654
5655
5656
5657
5658
5659
5660
5661
5662
5663
5664
5665
5666
5667
5668
5669
5670
5671
5672
5673
5674
5675
5676
5677
5678
5679
5680
5681
5682
5683
5684
5685
5686
5687
5688
5689
5690
5691
5692
5693
5694
5695
5696
5697
5698
5699
5700
5701
5702
5703
5704
5705
5706
5707
5708
5709
5710
5711
5712
5713
5714
5715
5716
5717
5718
5719
5720
5721
5722
5723
5724
5725
5726
5727
5728
5729
5730
5731
5732
5733
5734
5735
5736
5737
5738
5739
5740
5741
5742
5743
5744
5745
5746
5747
5748
5749
5750
5751
5752
5753
5754
5755
5756
5757
5758
5759
5760
5761
5762
5763
5764
5765
5766
5767
5768
5769
5770
5771
5772
5773
5774
5775
5776
5777
5778
5779
5780
5781
5782
5783
5784
5785
5786
5787
5788
5789
5790
5791
5792
5793
5794
5795
5796
5797
5798
5799
5800
5801
5802
5803
5804
5805
5806
5807
5808
5809
5810
5811
5812
5813
5814
5815
5816
5817
5818
5819
5820
5821
5822
5823
5824
5825
5826
5827
5828
5829
5830
5831
5832
5833
5834
5835
5836
5837
5838
5839
5840
5841
5842
5843
5844
5845
5846
5847
5848
5849
5850
5851
5852
5853
5854
5855
5856
5857
5858
5859
5860
5861
5862
5863
5864
5865
5866
5867
5868
5869
5870
5871
5872
5873
5874
5875
5876
5877
5878
5879
5880
5881
5882
5883
5884
5885
5886
5887
5888
5889
5890
5891
5892
5893
5894
5895
5896
5897
5898
5899
5900
5901
5902
5903
5904
5905
5906
5907
5908
5909
5910
5911
5912
5913
5914
5915
5916
5917
5918
5919
5920
5921
5922
5923
5924
5925
5926
5927
5928
5929
5930
5931
5932
5933
5934
5935
5936
5937
5938
5939
5940
5941
5942
5943
5944
5945
5946
5947
5948
5949
5950
5951
5952
5953
5954
5955
5956
5957
5958
5959
5960
5961
5962
5963
5964
5965
5966
5967
5968
5969
5970
5971
5972
5973
5974
5975
5976
5977
5978
5979
5980
5981
5982
5983
5984
5985
5986
5987
5988
5989
5990
5991
5992
5993
5994
5995
5996
5997
5998
5999
6000
6001
6002
6003
6004
6005
6006
6007
6008
6009
6010
6011
6012
6013
6014
6015
6016
6017
6018
6019
6020
6021
6022
6023
6024
6025
6026
6027
6028
6029
6030
6031
6032
6033
6034
6035
6036
6037
6038
6039
6040
6041
6042
6043
6044
6045
6046
6047
6048
6049
6050
6051
6052
6053
6054
6055
6056
6057
6058
6059
6060
6061
6062
6063
6064
6065
6066
6067
6068
6069
6070
6071
6072
6073
6074
6075
6076
6077
6078
6079
6080
6081
6082
6083
6084
6085
6086
6087
6088
6089
6090
6091
6092
6093
6094
6095
6096
6097
6098
6099
6100
6101
6102
6103
6104
6105
6106
6107
6108
6109
6110
6111
6112
6113
6114
6115
6116
6117
6118
6119
6120
6121
6122
6123
6124
6125
6126
6127
6128
6129
6130
6131
6132
6133
6134
6135
6136
6137
6138
6139
6140
6141
6142
6143
6144
6145
6146
-3879934.916634906 3573216.061295989 -3573216.061473705 0.03125000006128567 0.03125000004281375
-3978769.261942518 3665760.91215108 -3364704.01301016 0.03125000006128567 0.06250000010892998
-4071885.245252271 3752949.347963278 -3150359.144783157 0.03125000006128567 0.0937500001847925
-4159067.943654704 3834580.493642013 -2930492.66810958 0.03125000006128567 0.1250000003035794
-4240111.370177194 3910461.830137848 -2705436.165118117 0.03125000006128567 0.1562500004205225
-4314819.810041714 3980410.442561285 -2475541.095522485 0.03125000006128567 0.1875000004950058
-4383009.14917874 4044254.261069407 -2241178.098687698 0.03125000006128566 0.2187500005621105
-4444508.175902853 4101833.276683843 -2002736.089608857 0.03125000006128567 0.2500000006443777
-4499159.836893421 4153000.714427914 -1760621.148358275 0.03125000006128566 0.2812500007256593
-4546822.427757904 4197624.145360885 -1515255.207785481 0.03125000006128566 0.312500000813781
-4587370.698368768 4235586.519005977 -1267074.550199189 0.03125000006128566 0.3437500008799181
-4620696.854775207 4266787.099174764 -1016528.123854087 0.03125000006128567 0.3750000009705468
-4646711.439645107 4291142.286332649 -764075.6998616676 0.03125000006128566 0.4062500010389248
-4665344.076287511 4308586.312543604 -510185.8849585707 0.03125000006128566 0.4375000011540361
-4676544.061863462 4319071.795550034 -255334.0211052622 0.03125000006128566 0.4687500012127609
-4680280.79961531 4322570.142490724 0.0111729278828896 0.03125000006128566 0.5000000013670094
-4676544.061260268 4319071.794985321 255334.0417053835 0.03125000006128566 0.5312500013100503
-4665344.075152112 4308586.311480639 510185.9043179673 0.03125000006128566 0.5625000012235621
-4646711.438092865 4291142.284879426 764075.7174630669 0.03125000006128566 0.5937500011330162
-4620696.85288547 4266787.097405565 1016528.139870067 0.03125000006128566 0.6250000010189025
-4587370.696177463 4235586.516954426 1267074.564990622 0.03125000006128564 0.6562500009731669
-4546822.425341027 4197624.143098131 1515255.221306174 0.03125000006128564 0.6875000008978924
-4499159.834300918 4153000.712000708 1760621.160708614 0.03125000006128564 0.718750000857315
-4444508.173248756 4101833.27419894 2002736.100588243 0.03125000006128566 0.750000000783163
-4383009.146560073 4044254.258617639 2241178.10823322 0.03125000006128564 0.7812500006993567
-4314819.807435067 3980410.440120733 2475541.103989971 0.03125000006128564 0.812500000644605
-4240111.367849784 3910461.827958704 2705436.171915519 0.03125000006128564 0.8437500005130391
-4159067.941805806 3834580.491910864 2930492.672998835 0.03125000006128564 0.8750000003830568
-4071885.243942579 3752949.346736971 3150359.147936823 0.03125000006128564 0.9062500002690315
-3978769.260947022 3665760.911218944 3364704.015202873 0.03125000006128564 0.9375000002150854
-3879934.91616606 3573216.060856974 3573216.062421812 0.03125000006128564 0.9687500001013651
-3978769.26202499 3364704.012630778 -3665760.912409791 0.06250000015670962 0.03125000004281375
-4084862.707650171 3457133.035945785 -3457133.036407651 0.06250000015670962 0.06250000010892998
-4185293.880669287 3544622.044437444 -3241698.735928486 0.06250000015670962 0.09375000018479251
-4279755.929889765 3626904.980153026 -3019750.063418256 0.06250000015670962 0.1250000003035794
-4367948.897279783 3703721.77302619 -2791613.952315769 0.06250000015670965 0.1562500004205225
-4449582.468673168 3774820.724194244 -2557652.313093014 0.06250000015670965 0.1875000004950058
-4524378.812681166 3839960.965651734 -2318261.66375428 0.06250000015670965 0.2187500005621105
-4592075.458328387 3898914.953372224 -2073872.26496441 0.06250000015670965 0.2500000006443777
-4652428.157330009 3951470.947053055 -1824946.737710042 0.06250000015670962 0.2812500007256591
-4705213.672051484 3997435.42541395 -1571978.155059857 0.06250000015670965 0.3125000008137811
-4750232.427381189 4036635.383546605 -1315487.61535629 0.06250000015670965 0.343750000879918
-4787310.965299331 4068920.459297771 -1056021.314857241 0.06250000015670965 0.3750000009705468
-4816304.1415451 4094164.836200325 -794147.1590053614 0.06250000015670965 0.4062500010389248
-4837097.009439305 4112268.875372967 -530450.957122415 0.06250000015670965 0.4375000011540361
-4849606.340529343 4123160.432793917 -265532.2717491823 0.06250000015670962 0.4687500012127608
-4853781.742065929 4126795.827320202 0.01162000425583642 0.06250000015670965 0.5000000013670094
-4849606.339855411 4123160.432207142 265532.2931690606 0.06250000015670965 0.5312500013100503
-4837097.008171588 4112268.874269191 530450.9772394301 0.06250000015670965 0.5625000012235621
-4816304.139813832 4094164.834692923 794147.1772763594 0.06250000015670965 0.593750001133016
-4787310.963194806 4068920.45746534 1056021.331458258 0.06250000015670965 0.6250000010189026
-4750232.424945479 4036635.38142575 1315487.630659589 0.06250000015670965 0.6562500009731667
-4705213.669371234 3997435.42308009 1571978.169017175 0.06250000015670965 0.6875000008978924
-4652428.154462704 3951470.944556219 1824946.750426093 0.06250000015670965 0.718750000857315
-4592075.455401872 3898914.950823717 2073872.276235684 0.06250000015670965 0.750000000783163
-4524378.809803455 3839960.9631456 2318261.673521648 0.06250000015670965 0.7812500006993568
-4449582.465819215 3774820.721708662 2557652.321726525 0.06250000015670965 0.8125000006446051
-4367948.89474167 3703721.770815546 2791613.959220002 0.06250000015670965 0.8437500005130388
-4279755.927882001 3626904.978404189 3019750.06836423 0.06250000015670965 0.8750000003830568
-4185293.879253395 3544622.043204061 3241698.739105153 0.06250000015670965 0.9062500002690315
-4084862.706578964 3457133.035012582 3457133.038606567 0.06250000015670965 0.9375000002150853
-3978769.26152292 3364704.012193353 3665760.913356231 0.06250000015670965 0.9687500001013651
-4071885.24537875 3150359.144258167 -3752949.348266745 0.09375000025238928 0.03125000004281375
-4185293.880710929 3241698.735319018 -3544622.044945657 0.09375000025238925 0.06250000010892998
-4293149.161735215 3328551.582198285 -3328551.58285665 0.09375000025238925 0.09375000018479251
-4395050.117729395 3410597.167270105 -3104996.36477339 0.09375000025238926 0.1250000003035794
-4490598.132224048 3487516.876536063 -2874264.332093003 0.09375000025238929 0.1562500004205225
-4579401.254951699 3558997.443922508 -2636714.307675341 0.09375000025238928 0.1875000004950058
-4661078.816499279 3624734.636968561 -2392756.58560207 0.09375000025238925 0.2187500005621105
-4735266.260346057 3684437.115777287 -2142852.674243148 0.09375000025238925 0.2500000006443777
-4801620.090204213 3737830.383738176 -1887514.114318357 0.09375000025238926 0.2812500007256592
-4859822.81443086 3784660.735645124 -1627300.319057128 0.09375000025238926 0.312500000813781
-4909587.757160877 3824699.099168302 -1362815.415071754 0.09375000025238925 0.3437500008799181
-4950663.600039081 3857744.661047978 -1094704.092165506 0.09375000025238925 0.3750000009705468
-4982838.516128839 3883628.167539909 -823646.5130585843 0.09375000025238925 0.4062500010389247
-5005943.764773529 3902214.794403475 -550352.361913419 0.09375000025238925 0.4375000011540361
-5019856.626436812 3913406.489893446 -275554.1596098646 0.09375000025238925 0.4687500012127608
-5024502.577282324 3917143.710777443 0.0120594478927128 0.09375000025238922 0.5000000013670094
-5019856.625687013 3913406.489290304 275554.1818349649 0.09375000025238925 0.5312500013100503
-5005943.763364047 3902214.793269658 550352.3827731198 0.09375000025238925 0.5625000012235621
-4982838.514206101 3883628.165993171 823646.5319837471 0.09375000025238922 0.593750001133016
-4950663.597705397 3857744.659170577 1094704.10933528 0.09375000025238925 0.6250000010189026
-4909587.754465211 3824699.096999577 1362815.430869444 0.09375000025238925 0.6562500009731665
-4859822.81147151 3784660.733264101 1627300.333432641 0.09375000025238925 0.6875000008978924
-4801620.087046938 3737830.381197708 1887514.12738097 0.09375000025238925 0.718750000857315
-4735266.25713348 3684437.113192091 2142852.685787295 0.09375000025238922 0.750000000783163
-4661078.813350992 3624734.634434843 2392756.59557319 0.09375000025238925 0.7812500006993568
-4579401.251840922 3558997.441418697 2636714.316457693 0.09375000025238925 0.812500000644605
-4490598.129468469 3487516.874317872 2874264.339089637 0.09375000025238925 0.8437500005130391
-4395050.115558734 3410597.165522524 3104996.369765492 0.09375000025238922 0.8750000003830568
-4293149.160211167 3328551.580971107 3328551.586049537 0.09375000025238922 0.9062500002690315
-4185293.879563149 3241698.73439467 3544622.047146244 0.09375000025238925 0.9375000002150855
-4071885.244843319 3150359.143826893 3752949.349209705 0.09375000025238922 0.9687500001013651
-4159067.943681104 2930492.66779328 -3834580.493855104 0.1250000003404338 0.03125000004281375
-4279755.929817003 3019750.063019291 -3626904.980571064 0.1250000003404339 0.06250000010892998
-4395050.1176027 3104996.364325647 -3410597.167840993 0.1250000003404339 0.09375000018479249
-4504455.388946683 3185869.00599186 -3185869.006354408 0.1250000003404339 0.1250000003035794
-4607471.9240617 3262002.017489923 -2952996.15761261 0.1250000003404338 0.1562500004205225
-4703601.09723164 3333030.33772679 -2712321.235752536 0.1250000003404339 0.1875000004950058
-4792352.025851878 3398594.606292008 -2464256.026145879 0.1250000003404338 0.2187500005621105
-4873248.65593853 3458346.346268695 -2209282.482310324 0.1250000003404339 0.2500000006443777
-4945837.228550601 3511953.42487694 -1947952.322357516 0.1250000003404339 0.2812500007256591
-5009693.933318365 3559105.650282951 -1680885.083697616 0.1250000003404338 0.3125000008137811
-5064432.522970813 3599520.339324332 -1408764.546354687 0.1250000003404339 0.343750000879918
-5109711.640897092 3632947.674961171 -1132333.492340028 0.1250000003404339 0.3750000009705468
-5145241.601074809 3659175.662989637 -852386.845248961 0.1250000003404339 0.4062500010389248
-5170790.3643401 3678034.500975416 -569763.2996974278 0.1250000003404339 0.4375000011540361
-5186188.470896573 3689400.183991031 -285335.6386896255 0.1250000003404339 0.4687500012127608
-5191332.724640983 3693197.197831659 0.01248844615298383 0.1250000003404339 0.5000000013670094
-5186188.470066449 3689400.183378309 285335.6617002776 0.1250000003404339 0.5312500013100503
-5170790.36278068 3678034.499824357 569763.3212801917 0.1250000003404339 0.5625000012235621
-5145241.598949925 3659175.661421113 852386.864808803 0.1250000003404339 0.593750001133016
-5109711.638322064 3632947.673060238 1132333.510058879 0.1250000003404339 0.6250000010189026
-5064432.520002222 3599520.337132672 1408764.562626504 0.1250000003404339 0.6562500009731669
-5009693.930067088 3559105.647882336 1680885.098470752 0.1250000003404339 0.6875000008978924
-4945837.225091341 3511953.422322438 1947952.335746053 0.1250000003404339 0.718750000857315
-4873248.652429476 3458346.343677053 2209282.494107499 0.1250000003404339 0.750000000783163
-4792352.022424662 3398594.603760398 2464256.036302427 0.1250000003404339 0.7812500006993568
-4703601.09385763 3333030.335234033 2712321.244666828 0.1250000003404339 0.8125000006446051
-4607471.921084594 3262002.01528997 2952996.164687859 0.1250000003404339 0.8437500005130388
-4504455.386611147 3185869.004265626 3185869.011382825 0.1250000003404339 0.8750000003830568
-4395050.115969908 3104996.363118543 3410597.171044027 0.1250000003404339 0.9062500002690315
-4279755.928592763 3019750.062113999 3626904.982769412 0.1250000003404339 0.9375000002150855
-4159067.943112592 2930492.667372768 3834580.494793091 0.1250000003404339 0.9687500001013651
-4240111.370094975 2705436.165081498 -3910461.830252334 0.1562500004184229 0.03125000004281375
-4367948.897082437 2791613.952202134 -3703721.773344579 0.1562500004184229 0.06250000010892998
-4490598.131958579 2874264.331934053 -3487516.877008886 0.1562500004184229 0.09375000018479251
-4607471.923920811 2952996.157538137 -3262002.017756344 0.1562500004184228 0.1250000003035794
-4717968.988297607 3027408.927250217 -3027408.927229313 0.1562500004184228 0.1562500004205225
-4821481.281616927 3097097.69396276 -2784051.925713339 0.1562500004184229 0.1875000004950058
-4917402.520502454 3161658.734343059 -2532332.422670522 0.1562500004184229 0.2187500005621105
-5005137.71221115 3220695.889387356 -2272741.83969168 0.1562500004184229 0.2500000006443777
-5084113.492843519 3273827.44076071 -2005862.627402147 0.1562500004184229 0.2812500007256591
-5153788.995273059 3320693.33814977 -1732367.093363887 0.1562500004184229 0.3125000008137812
-5213666.90132496 3360962.548040688 -1453013.830868942 0.1562500004184229 0.343750000879918
-5263304.280007924 3394340.259361682 -1168641.630153038 0.1562500004184229 0.3750000009705468
-5302322.777896176 3420574.657737061 -880160.8772550365 0.1562500004184229 0.4062500010389248
-5330417.72137067 3439462.975905966 -588542.5669138932 0.1562500004184229 0.4375000011540361
-5347365.709270544 3450856.540378976 -294805.2052477605 0.1562500004184229 0.4687500012127608
-5353030.329078745 3454664.57068745 0.01290385788402366 0.1562500004184229 0.5000000013670094
-5347365.708356555 3450856.539764544 294805.2290185688 0.1562500004184229 0.5312500013100503
-5330417.719654872 3439462.974752469 588542.5891949055 0.1562500004184229 0.5625000012235621
-5302322.775560839 3420574.656166956 880160.8974256436 0.1562500004184229 0.593750001133016
-5263304.27718226 3394340.257461734 1168641.648397635 0.1562500004184229 0.6250000010189026
-5213666.898073825 3360962.545854389 1453013.8475917 0.1562500004184229 0.6562500009731667
-5153788.991720699 3320693.335760551 1732367.108511938 0.1562500004184229 0.6875000008978924
-5084113.489074141 3273827.438225087 2005862.641094581 0.1562500004184229 0.718750000857315
-5005137.708399104 3220695.886822515 2272741.851721373 0.1562500004184229 0.750000000783163
-4917402.516791685 3161658.731845792 2532332.432994148 0.1562500004184229 0.7812500006993566
-4821481.277976837 3097097.691512441 2784051.934743165 0.1562500004184229 0.8125000006446053
-4717968.985097922 3027408.925095756 3027408.934370223 0.1562500004184229 0.8437500005130389
-4607471.921420652 2952996.155854185 3262002.02281217 0.1562500004184229 0.8750000003830569
-4490598.130217917 2874264.330761265 3487516.880216759 0.1562500004184229 0.9062500002690315
-4367948.895782853 2791613.951326222 3703721.775537434 0.1562500004184229 0.9375000002150853
-4240111.36949408 2705436.164676346 3910461.831184187 0.1562500004184229 0.9687500001013651
-4314819.809898357 2475541.09567572 -3980410.442621386 0.1875000004677392 0.03125000004281375
-4449582.46840245 2557652.313176267 -3774820.724456945 0.1875000004677391 0.06250000010892998
-4579401.254602288 2636714.307718039 -3558997.444340467 0.1875000004677391 0.09375000018479249
-4703601.097008024 2712321.235878857 -3333030.337939561 0.187500000467739 0.1250000003035794
-4821481.281537524 2784051.925934068 -3097097.693887953 0.1875000004677391 0.1562500004205225
-4932324.086724026 2851475.066092268 -2851475.065817005 0.1875000004677391 0.1875000004950058
-5035405.182409405 2914155.448869795 -2596542.637583097 0.187500000467739 0.2187500005621105
-5130005.67205686 2971661.199478091 -2332790.715040865 0.1875000004677391 0.2500000006443777
-5215425.543469075 3023571.847031081 -2060822.81780151 0.1875000004677391 0.2812500007256591
-5290998.168055456 3069487.022742762 -1781355.888880032 0.1875000004677391 0.312500000813781
-5356105.367885189 3109035.496906028 -1495217.230735972 0.1875000004677391 0.343750000879918
-5410192.466734493 3141884.204800893 -1203337.906205898 0.187500000467739 0.3750000009705468
-5452782.664585444 3167746.865754596 -906742.5253611921 0.1875000004677391 0.4062500010389248
-5483490.043926165 3186391.781019635 -606535.5356557074 0.1875000004677391 0.4375000011540361
-5502030.531314836 3197648.405213221 -303884.3680032489 0.1875000004677391 0.4687500012127608
-5508230.213404192 3201412.331478283 0.01330223328517226 0.187500000467739 0.5000000013670094
-5502030.530314626 3197648.404605971 303884.3925025448 0.1875000004677391 0.5312500013100503
-5483490.042049778 3186391.779880379 606535.5586045115 0.1875000004677391 0.5625000012235621
-5452782.662034373 3167746.864205569 906742.546113902 0.187500000467739 0.593750001133016
-5410192.463652538 3141884.202929277 1203337.924949076 0.187500000467739 0.6250000010189026
-5356105.364346032 3109035.49475642 1495217.247883519 0.1875000004677391 0.6562500009731667
-5290998.16419731 3069487.020398959 1781355.904378189 0.187500000467739 0.6875000008978926
-5215425.539386075 3023571.844550116 2060822.831774548 0.187500000467739 0.718750000857315
-5130005.667939853 2971661.19697581 2332790.727282084 0.187500000467739 0.750000000783163
-5035405.178414713 2914155.446441142 2596542.648055627 0.187500000467739 0.7812500006993568
-4932324.082818986 2851475.063717344 2851475.074946653 0.1875000004677391 0.8125000006446051
-4821481.278117494 2784051.923853366 3097097.701082559 0.187500000467739 0.8437500005130388
-4703601.094345885 2712321.234258614 3333030.343014899 0.187500000467739 0.8750000003830568
-4579401.252756142 2636714.306593956 3558997.447548709 0.187500000467739 0.9062500002690315
-4449582.467029653 2557652.312340019 3774820.726641737 0.187500000467739 0.9375000002150855
-4314819.809266195 2475541.095290451 3980410.443546267 0.187500000467739 0.9687500001013651
-4383009.149036914 2241178.098849314 -4044254.26113355 0.2187500005346402 0.03125000004281375
-4524378.812405736 2318261.663851 -3839960.965917864 0.2187500005346401 0.06250000010892998
-4661078.816140614 2392756.585661156 -3624734.637390768 0.2187500005346401 0.09375000018479251
-4792352.025625939 2464256.026284662 -3398594.606509975 0.2187500005346402 0.1250000003035794
-4917402.520429821 2532332.422899783 -3161658.734272401 0.2187500005346402 0.1562500004205225
-5035405.182422057 2596542.637865359 -2914155.448596435 0.2187500005346402 0.1875000004950058
-5145517.771459868 2656434.439722389 -2656434.43944086 0.2187500005346401 0.2187500005621105
-5246895.417909839 2711554.276886018 -2388975.277607091 0.2187500005346401 0.2500000006443777
-5338707.294132816 2761456.216311922 -2112393.190901096 0.2187500005346401 0.2812500007256591
-5420155.037545223 2805711.818047159 -1827441.261174665 0.2187500005346401 0.3125000008137811
-5490492.304128837 2843920.612972221 -1535008.405649203 0.2187500005346401 0.343750000879918
-5549044.655262615 2875720.756969331 -1236112.673601054 0.2187500005346401 0.3750000009705468
-5595228.840226899 2900799.359644144 -931889.6397005715 0.2187500005346401 0.4062500010389248
-5628570.462009995 2918901.945860435 -623575.9654130045 0.2187500005346402 0.4375000011540361
-5648719.014272988 2929840.508521524 -312488.5476575751 0.2187500005346401 0.4687500012127608
-5655459.373807179 2933499.662726504 0.01367985091221878 0.2187500005346401 0.5000000013670094
-5648719.013185671 2929840.507931242 312488.5728469416 0.2187500005346401 0.5312500013100503
-5628570.459971534 2918901.944753727 623575.9889931149 0.2187500005346401 0.5625000012235621
-5595228.837458486 2900799.358140973 931889.6610017089 0.2187500005346401 0.593750001133016
-5549044.651923081 2875720.755155785 1236112.692811666 0.2187500005346401 0.6250000010189026
-5490492.300301093 2843920.610893148 1535008.423192383 0.2187500005346401 0.6562500009731667
-5420155.0333818 2805711.815785225 1827441.276996093 0.2187500005346401 0.6875000008978924
-5338707.289738013 2761456.213923622 2112393.205130334 0.2187500005346401 0.718750000857315
-5246895.413491034 2711554.274483908 2388975.290038555 0.2187500005346401 0.750000000783163
-5145517.7671856 2656434.437398015 2656434.450044497 0.2187500005346401 0.7812500006993567
-5035405.178257509 2596542.635599749 2914155.457811092 0.2187500005346401 0.8125000006446051
-4917402.516795177 2532332.420921586 3161658.741509886 0.2187500005346401 0.8437500005130388
-4792352.022806943 2464256.024749659 3398594.611598035 0.2187500005346401 0.8750000003830568
-4661078.814192928 2392756.584600051 3624734.640595769 0.2187500005346401 0.9062500002690315
-4524378.810962883 2318261.663064497 3839960.968092713 0.2187500005346401 0.9375000002150855
-4383009.148375012 2241178.098488297 4044254.262050956 0.2187500005346401 0.9687500001013652
-4444508.175720103 2002736.089956687 -4101833.276712031 0.2500000005936122 0.03125000004281375
-4592075.458001834 2073872.265258019 -3898914.953600658 0.2500000005936122 0.06250000010892998
-4735266.259927401 2142852.674507074 -3684437.116161847 0.2500000005936122 0.09375000018479251
-4873248.655654429 2209282.482653172 -3458346.346450011 0.2500000005936122 0.1250000003035794
-5005137.712084224 2272741.840123628 -3220695.889279794 0.2500000005936122 0.1562500004205225
-5130005.672016066 2332790.715526958 -2971661.199166929 0.2500000005936122 0.1875000004950058
-5246895.417851661 2388975.278096727 -2711554.276567206 0.2500000005936122 0.2187500005621105
-5354837.235640155 2440835.838640323 -2440835.838111751 0.2500000005936122 0.2500000006443777
-5452868.675824784 2487916.252229062 -2160124.284874222 0.2500000005936122 0.2812500007256591
-5540057.041250338 2529774.560346303 -1870200.431375529 0.2500000005936123 0.3125000008137811
-5615523.74815284 2565994.515746913 -1572007.054401553 0.2500000005936122 0.343750000879918
-5678469.533403645 2596197.504721698 -1266642.520478224 0.2500000005936122 0.3750000009705468
-5728199.251547683 2620054.273069144 -955348.0730815799 0.2500000005936122 0.4062500010389248
-5764144.863956642 2637295.79552778 -639488.7600370769 0.2500000005936122 0.4375000011540361
-5785885.192372293 2647722.614319996 -320528.4672310855 0.2500000005936122 0.4687500012127609
-5793161.122597142 2651212.026155023 0.01403277942959174 0.2500000005936122 0.5000000013670094
-5785885.191198704 2647722.613757156 320528.4930649925 0.2500000005936122 0.5312500013100503
-5764144.861757832 2637295.794473176 639488.7842056947 0.2500000005936122 0.5625000012235621
-5728199.248564605 2620054.271638202 955348.094892281 0.2500000005936122 0.593750001133016
-5678469.529810302 2596197.502997716 1266642.540121087 0.2500000005936122 0.6250000010189026
-5615523.744041565 2565994.513773995 1572007.07230825 0.2500000005936122 0.6562500009731669
-5540057.036788036 2529774.558204341 1870200.447491498 0.2500000005936122 0.6875000008978924
-5452868.671125925 2487916.249972817 2160124.299334319 0.2500000005936122 0.718750000857315
-5354837.230928342 2440835.836377011 2440835.850712092 0.2500000005936122 0.750000000783163
-5246895.413307251 2388975.275912906 2711554.287284726 0.2500000005936122 0.7812500006993568
-5130005.667602032 2332790.713404797 2971661.208452836 0.2500000005936122 0.812500000644605
-5005137.708244343 2272741.838276556 3220695.896550599 0.2500000005936122 0.8437500005130387
-4873248.652686246 2209282.481224608 3458346.351545161 0.2500000005936122 0.8750000003830567
-4735266.25788367 2142852.673522848 3684437.119360891 0.2500000005936122 0.9062500002690315
-4592075.456493084 2073872.264530962 3898914.955764366 0.2500000005936122 0.9375000002150855
-4444508.175030384 2002736.089624087 4101833.277621765 0.2500000005936122 0.9687500001013651
-4499159.836718303 1760621.148717492 -4153000.714465341 0.2812500006746863 0.03125000004281375
-4652428.157006238 1824946.73802241 -3951470.947289998 0.2812500006746863 0.06250000010892998
-4801620.089784874 1887514.114605807 -3737830.384131704 0.2812500006746863 0.09375000018479249
-4945837.228272437 1947952.322718767 -3511953.425068302 0.2812500006746863 0.1250000003035794
-5084113.492731212 2005862.627846848 -3273827.440662653 0.2812500006746863 0.1562500004205225
-5215425.543448828 2060822.818297992 -3023571.84672761 0.2812500006746863 0.1875000004950058
-5338707.294095823 2112393.191402998 -2761456.215999507 0.2812500006746863 0.2187500005621105
-5452868.675850931 2160124.285414022 -2487916.251703075 0.2812500006746863 0.2500000006443777
-5556818.522915397 2203566.303264014 -2203566.302724677 0.2812500006746863 0.2812500007256591
-5649491.101047002 2242280.031032888 -1909207.050485065 0.2812500006746863 0.312500000813781
-5729875.410334925 2275848.893700627 -1605827.075086485 0.2812500006746863 0.343750000879918
-5797046.003370068 2303891.630709974 -1294597.230321333 0.2812500006746863 0.3750000009705468
-5850193.716004266 2326074.932745279 -976857.1504975789 0.2812500006746863 0.4062500010389247
-5888654.475837024 2342125.286018718 -654093.7308951457 0.2812500006746863 0.4375000011540361
-5911934.275089627 2351839.238250006 -327912.0681647874 0.2812500006746863 0.4687500012127608
-5919728.517994984 2355091.351357079 0.01435696334883784 0.2812500006746863 0.5000000013670094
-5911934.273832561 2351839.237725493 327912.0945903754 0.2812500006746863 0.5312500013100503
-5888654.473483211 2342125.285036501 654093.7556030122 0.2812500006746863 0.5625000012235621
-5850193.712814015 2326074.931413835 976857.1727737326 0.2812500006746863 0.5937500011330159
-5797045.99953232 2303891.629107975 1294597.250357243 0.2812500006746863 0.6250000010189026
-5729875.405951385 2275848.891870326 1605827.093321711 0.2812500006746863 0.6562500009731669
-5649491.096298637 2242280.029049635 1909207.066865089 0.2812500006746863 0.6875000008978924
-5556818.517926608 2203566.301179574 2203566.317389539 0.2812500006746863 0.7187500008573149
-5452868.670860875 2160124.283328167 2487916.264451019 0.2812500006746863 0.7500000007831629
-5338707.289296025 2112393.18939571 2761456.226814414 0.2812500006746863 0.7812500006993567
-5215425.538800045 2060822.816352825 3023571.856072198 0.2812500006746863 0.8125000006446051
-5084113.488699159 2005862.626158751 3273827.447958552 0.2812500006746863 0.8437500005130391
-4945837.225165263 1947952.321417062 3511953.430166102 0.2812500006746863 0.8750000003830568
-4801620.087652116 1887514.113711707 3737830.387322943 0.2812500006746863 0.9062500002690315
-4652428.155436719 1824946.73736395 3951470.949442038 0.2812500006746863 0.9375000002150854
-4499159.83600306 1760621.14841719 4153000.715367511 0.2812500006746863 0.9687500001013652
-4546822.427613127 1515255.208032488 -4197624.145428542 0.3125000007782214 0.03125000004281374
-4705213.671756289 1571978.155264077 -3997435.425681102 0.3125000007782215 0.06250000010892998
-4859822.81403971 1627300.31923786 -3784660.736069683 0.3125000007782215 0.09375000018479249
-5009693.933077266 1680885.083942494 -3559105.650506666 0.3125000007782215 0.1250000003035794
-5153788.995208722 1732367.093681965 -3320693.338083686 0.3125000007782214 0.1562500004205225
-5290998.168091685 1781355.889243541 -3069487.022469356 0.3125000007782214 0.1875000004950058
-5420155.037568375 1827441.261542463 -2805711.817762876 0.3125000007782214 0.2187500005621105
-5540057.041344239 1870200.431776864 -2529774.559843968 0.3125000007782215 0.2500000006443777
-5649491.101117666 1909207.05088569 -2242280.030513734 0.3125000007782214 0.2812500007256591
-5747264.001240178 1944041.859314614 -1944041.858932394 0.3125000007782215 0.3125000008137811
-5832236.557584476 1974304.671580449 -1636086.428080991 0.3125000007782214 0.343750000879918
-5903360.09709708 1999627.167108759 -1319648.345796164 0.3125000007782215 0.3750000009705468
-5959713.289606963 2019685.801332009 -996156.4985382757 0.3125000007782215 0.4062500010389247
-6000537.028463894 2034214.030474115 -667210.3478334 0.3125000007782215 0.4375000011540361
-6025264.911377179 2043012.992772545 -334546.9460173185 0.3125000007782215 0.4687500012127608
-6033546.996908266 2045959.832474536 0.01464832960059086 0.3125000007782215 0.5000000013670094
-6025264.910041555 2043012.99229731 334546.9729743894 0.3125000007782215 0.5312500013100503
-6000537.025964347 2034214.029584655 667210.3730248202 0.3125000007782215 0.5625000012235621
-5959713.28622222 2019685.800127361 996156.5212305923 0.3125000007782215 0.593750001133016
-5903360.093030359 1999627.165661069 1319648.366182022 0.3125000007782215 0.6250000010189026
-5832236.55294652 1974304.669928935 1636086.446607054 0.3125000007782215 0.6562500009731667
-5747263.996225315 1944041.857528269 1944041.875544417 0.3125000007782215 0.6875000008978924
-5649491.095859708 1909207.049011984 2242280.045356695 0.3125000007782215 0.718750000857315
-5540057.036096845 1870200.429906043 2529774.572718505 0.3125000007782215 0.750000000783163
-5420155.032533337 1827441.259746401 2805711.828659534 0.3125000007782215 0.7812500006993568
-5290998.163227597 1781355.887507438 3069487.031861313 0.3125000007782215 0.8125000006446053
-5153788.991001204 1732367.092179234 3320693.345397805 0.3125000007782215 0.8437500005130387
-5009693.929843759 1680885.082786824 3559105.655603852 0.3125000007782215 0.8750000003830567
-4859822.811826406 1627300.318446216 3784660.739252137 0.3125000007782215 0.9062500002690315
-4705213.67013204 1571978.154682652 3997435.42782158 0.3125000007782215 0.9375000002150855
-4546822.426874998 1515255.207768034 4197624.146323538 0.3125000007782215 0.9687500001013651
-4587370.698234309 1267074.550422351 -4235586.519084846 0.3437500008483416 0.03125000004281374
-4750232.427093114 1315487.615543794 -4036635.383824499 0.3437500008483416 0.06250000010892995
-4909587.756774741 1362815.415239951 -3824699.099604036 0.3437500008483416 0.09375000018479249
-5064432.522740697 1408764.546578705 -3599520.339560425 0.3437500008483416 0.1250000003035794
-5213666.901279373 1453013.831156806 -3360962.547986954 0.3437500008483415 0.1562500004205226
-5356105.367945841 1495217.23106399 -3109035.49664379 0.3437500008483417 0.1875000004950058
-5490492.304177827 1535008.405981946 -2843920.612698042 0.3437500008483415 0.2187500005621105
-5615523.74827758 1572007.054764307 -2565994.515251692 0.3437500008483417 0.2500000006443777
-5729875.410437323 1605827.075449573 -2275848.893186623 0.3437500008483417 0.2812500007256591
-5832236.557614614 1636086.428428939 -1974304.671203071 0.3437500008483417 0.3125000008137811
-5921348.75482837 1662418.407747849 -1662418.407403391 0.3437500008483417 0.343750000879918
-5996047.786197812 1684483.833084572 -1341479.094771521 0.3437500008483417 0.3750000009705468
-6055306.452789512 1701983.493288533 -1012994.052983058 0.3437500008483416 0.4062500010389247
-6098275.470797308 1714670.035094727 -678663.3576524686 0.3437500008483415 0.4375000011540362
-6124319.466750415 1722358.424948025 -340343.2461390701 0.3437500008483416 0.4687500012127608
-6133045.181166948 1724934.145341462 0.01490291214633236 0.3437500008483416 0.5000000013670094
-6124319.465343362 1722358.424532672 340343.2735602874 0.3437500008483417 0.5312500013100501
-6098275.468165363 1714670.034317715 678663.3832655264 0.3437500008483417 0.5625000012235621
-6055306.44922832 1701983.492237002 1012994.076037296 0.3437500008483417 0.5937500011330161
-5996047.78192374 1684483.831822246 1341479.115460554 0.3437500008483416 0.6250000010189027
-5921348.749960559 1662418.406309719 1662418.426180117 0.3437500008483416 0.6562500009731667
-5832236.552359642 1636086.42687584 1974304.688013675 0.3437500008483417 0.6875000008978924
-5729875.404937599 1605827.073823418 2275848.90818062 0.3437500008483417 0.7187500008573151
-5615523.742799828 1572007.053143822 2565994.528232179 0.3437500008483417 0.7500000007831631
-5490492.298932982 1535008.404429469 2843920.62366173 0.3437500008483415 0.7812500006993566
-5356105.362890459 1495217.229566641 3109035.506073087 0.3437500008483417 0.8125000006446053
-5213666.896916565 1453013.829863682 3360962.555313769 0.3437500008483417 0.8437500005130389
-5064432.519395834 1408764.545586544 3599520.344654868 0.3437500008483417 0.8750000003830569
-4909587.754490727 1362815.414561905 3824699.10277752 0.3437500008483417 0.9062500002690315
-4750232.425421013 1315487.615046968 4036635.385954104 0.3437500008483417 0.9375000002150854
-4587370.697476249 1267074.5501969 4235586.519973308 0.3437500008483417 0.9687500001013651
-4620696.854612922 1016528.124364677 -4266787.099228865 0.375000000904199 0.03125000004281374
-4787310.964976642 1056021.315351058 -4068920.459549269 0.3750000009041992 0.06250000010892995
-4950663.599612166 1094704.092655485 -3857744.6614568 0.3750000009041992 0.09375000018479249
-5109711.640626623 1132333.492887294 -3632947.675171009 0.375000000904199 0.1250000003035794
-5263304.279923797 1168641.630763878 -3394340.259281823 0.3750000009041992 0.1562500004205225
-5410192.466756569 1203337.906860459 -3141884.204512183 0.3750000009041992 0.1875000004950058
-5549044.655269363 1236112.674269596 -2875720.75666894 0.375000000904199 0.2187500005621105
-5678469.533485632 1266642.5211809 -2596197.504199549 0.3750000009041992 0.2500000006443777
-5797046.003425873 1294597.231032842 -2303891.630169747 0.3750000009041992 0.2812500007256591
-5903360.097074931 1319648.346502761 -1999627.166707836 0.375000000904199 0.3125000008137811
-5996047.786141607 1341479.095481825 -1684483.832718971 0.375000000904199 0.343750000879918
-6073841.843974696 1359795.252303919 -1359795.251570542 0.3750000009041992 0.3750000009705468
-6135620.143638318 1374336.32849618 -1027134.90309469 0.3750000009041992 0.4062500010389247
-6180452.169009733 1384886.34706185 -688289.032532541 0.375000000904199 0.4375000011540361
-6207640.199501751 1391283.381311751 -345216.8976391622 0.3750000009041992 0.4687500012127608
-6216751.726041886 1393427.06187128 0.01511700341343504 0.3750000009041992 0.5000000013670094
-6207640.198032586 1391283.380966092 345216.9254505333 0.3750000009041992 0.5312500013100503
-6180452.166262741 1384886.346415476 688289.0584995355 0.3750000009041992 0.5625000012235621
-6135620.13992398 1374336.327622029 1027134.926452035 0.3750000009041992 0.593750001133016
-6073841.839520956 1359795.251255485 1359795.272512636 0.3750000009041992 0.6250000010189026
-5996047.781075032 1341479.09428873 1684483.85170398 0.3750000009041992 0.6562500009731667
-5903360.091612815 1319648.345216005 1999627.183682448 0.3750000009041992 0.6875000008978924
-5797045.997718135 1294597.229687591 2303891.645287462 0.3750000009041992 0.718750000857315
-5678469.527810266 1266642.519842553 2596197.517265811 0.3750000009041992 0.750000000783163
-5549044.649845095 1236112.672989677 2875720.767685877 0.3750000009041992 0.7812500006993568
-5410192.461538137 1203337.905628277 3141884.213970029 0.3750000009041992 0.8125000006446051
-5263304.275429077 1168641.629701787 3394340.266617056 0.3750000009041992 0.8437500005130388
-5109711.637187494 1132333.492073977 3632947.680261617 0.3750000009041992 0.8750000003830568
-4950663.597268499 1094704.092100749 3857744.664621858 0.3750000009041992 0.9062500002690315
-4787310.963264306 1056021.314945377 4068920.461669214 0.3750000009041992 0.9375000002150855
-4620696.853838162 1016528.124180939 4266787.100111662 0.3750000009041992 0.9687500001013654
-4646711.439509212 764075.7002399155 -4291142.286412455 0.4062500009900403 0.03125000004281374
-4816304.141248915 794147.1593710064 -4094164.836477826 0.4062500009900402 0.06250000010892998
-4982838.515729393 823646.5134214767 -3883628.167975449 0.4062500009900403 0.09375000018479249
-5145241.600838348 852386.8456558323 -3659175.663227352 0.4062500009900402 0.1250000003035794
-5302322.77785396 880160.8777108503 -3420574.657685216 0.4062500009900402 0.1562500004205225
-5452782.66465602 906742.5258508822 -3167746.865492943 0.4062500009900403 0.1875000004950058
-5595228.840285861 931889.6402014026 -2900799.359369523 0.4062500009900403 0.2187500005621105
-5728199.251688044 955348.0736090745 -2620054.272569933 0.4062500009900402 0.2500000006443777
-5850193.71612168 976857.1510323054 -2326074.932225413 0.4062500009900403 0.2812500007256591
-5959713.28964775 996156.4990696235 -2019685.800949583 0.4062500009900403 0.3125000008137811
-6055306.452798449 1012994.053517634 -1701983.492938567 0.4062500009900402 0.343750000879918
-6135620.143708131 1027134.903647406 -1374336.327771422 0.4062500009900403 0.3750000009705468
-6199452.759381929 1038370.474668451 -1038370.474122126 0.4062500009900403 0.4062500010389247
-6245805.513374288 1046527.423333627 -695941.6939040375 0.4062500009900402 0.4375000011540362
-6273928.134734713 1051475.552009345 -349093.0015208739 0.4062500009900403 0.4687500012127607
-6283354.967886859 1053134.059619918 0.01528729467654782 0.4062500009900403 0.5000000013670094
-6273928.133214791 1051475.551741933 349093.0296424613 0.4062500009900402 0.5312500013100503
-6245805.510533342 1046527.422833737 695941.7201521364 0.4062500009900402 0.5625000012235621
-6199452.755542644 1038370.473992765 1038370.497719746 0.4062500009900402 0.593750001133016
-6135620.139108005 1027134.902837601 1374336.348913563 0.4062500009900402 0.6250000010189027
-6055306.447570194 1012994.052596935 1701983.512087604 0.4062500009900403 0.6562500009731669
-5959713.284017474 996156.4980777107 2019685.818052698 0.4062500009900403 0.6875000008978924
-5850193.710245452 976857.1499965496 2326074.947439394 0.4062500009900402 0.7187500008573149
-5728199.245852999 955348.0725799927 2620054.285702269 0.4062500009900402 0.7500000007831629
-5595228.834716985 931889.6392186345 2900799.37042681 0.4062500009900402 0.7812500006993568
-5452782.65930653 906742.524906158 3167746.874971677 0.4062500009900403 0.812500000644605
-5302322.773253506 880160.8768977718 3420574.665025717 0.4062500009900402 0.8437500005130387
-5145241.597323871 852386.8450341598 3659175.668313947 0.4062500009900402 0.8750000003830567
-4982838.513338177 823646.5129981104 3883628.171133257 0.4062500009900402 0.9062500002690315
-4816304.139504599 794147.1590618719 4094164.838589772 0.4062500009900402 0.9375000002150855
-4646711.438721214 764075.7001001177 4291142.287290639 0.4062500009900402 0.9687500001013654
-4665344.076142057 510185.8856842711 -4308586.312615168 0.4375000010634286 0.03125000004281374
-4837097.009130351 530450.9578583137 -4112268.87564145 0.4375000010634285 0.06250000010892998
-5005943.764358493 550352.3626657897 -3902214.794829791 0.4375000010634286 0.09375000018479249
-5170790.364089087 569763.3004973721 -3678034.501204385 0.4375000010634286 0.1250000003035794
-5330417.721315803 588542.5677642322 -3439462.975845492 0.4375000010634287 0.1562500004205225
-5483490.043984947 606535.5365455687 -3186391.780749088 0.4375000010634285 0.1875000004950058
-5628570.462055893 623575.966326126 -2918901.945576856 0.4375000010634285 0.2187500005621105
-5764144.864084524 639488.760982951 -2637295.795018922 0.4375000010634286 0.2500000006443777
-5888654.475940537 654093.73185939 -2342125.285489173 0.4375000010634286 0.2812500007256591
-6000537.028488184 667210.3488074256 -2034214.030082989 0.4375000010634287 0.312500000813781
-6098275.470788132 678663.3586392282 -1714670.034736802 0.4375000010634286 0.343750000879918
-6180452.169062074 688289.0335405006 -1384886.346327307 0.4375000010634287 0.3750000009705468
-6245805.513354518 695941.6949146829 -1046527.422779539 0.4375000010634286 0.4062500010389248
-6293285.01873222 701500.0621643283 -701500.0611432849 0.4375000010634285 0.4375000011540361
-6322100.531019082 704872.9211633066 -351909.1369926984 0.4375000010634286 0.4687500012127608
-6331761.200318079 706003.6134089933 0.01541102881438895 0.4375000010634286 0.5000000013670094
-6322100.529461523 704872.9209810072 351909.1653396275 0.4375000010634285 0.5312500013100503
-6293285.015821634 701500.0618236229 701500.0875953991 0.4375000010634285 0.5625000012235621
-6245805.509422692 695941.6944543439 1046527.446551284 0.4375000010634285 0.5937500011330159
-6180452.164353637 688289.0329890826 1384886.367614104 0.4375000010634286 0.6250000010189025
-6098275.465440412 678663.3580127166 1714670.054004103 0.4375000010634286 0.6562500009731669
-6000537.022733842 667210.3481329853 2034214.047278394 0.4375000010634286 0.6875000008978926
-5888654.469940209 654093.7311557557 2342125.300771918 0.4375000010634286 0.7187500008573149
-5764144.858132087 639488.7602845252 2637295.808198084 0.4375000010634286 0.750000000783163
-5628570.456380916 623575.9656598144 2918901.956662361 0.4375000010634285 0.7812500006993568
-5483490.038539496 606535.535905735 3186391.790242007 0.4375000010634286 0.812500000644605
-5330417.716638091 588542.5672141648 3439462.983189048 0.4375000010634287 0.8437500005130388
-5170790.360519673 569763.3000772659 3678034.506287549 0.4375000010634286 0.8750000003830567
-5005943.761932682 550352.3623800107 3902214.797982039 0.4375000010634286 0.9062500002690315
-4837097.007362819 530450.9576498735 4112268.877747414 0.4375000010634286 0.9375000002150854
-4665344.075344466 510185.8855901122 4308586.313489951 0.4375000010634286 0.9687500001013654
-4676544.061742547 255334.0217133743 -4319071.795645008 0.4687500011375446 0.03125000004281374
-4849606.340246531 265532.2723723298 -4123160.433086426 0.4687500011375447 0.06250000010892995
-5019856.626050005 275554.160251049 -3913406.490344468 0.4687500011375447 0.09375000018479249
-5186188.470678445 285335.6393643082 -3689400.184245474 0.4687500011375446 0.1250000003035794
-5347365.709253919 294805.2059570975 -3450856.540344137 0.4687500011375446 0.1562500004205225
-5502030.531416706 303884.3687414071 -3197648.404967789 0.4687500011375447 0.1875000004950058
-5648719.014365563 312488.5484159092 -2929840.508262158 0.4687500011375447 0.2187500005621105
-5785885.192551534 320528.4680138613 -2647722.613833554 0.4687500011375447 0.2500000006443777
-5911934.275247811 327912.0689641072 -2351839.237740926 0.4687500011375447 0.2812500007256591
-6025264.911458485 334546.9468281173 -2043012.992399992 0.4687500011375446 0.3125000008137811
-6124319.466800839 340343.2469620214 -1722358.424606111 0.4687500011375447 0.343750000879918
-6207640.199617192 345216.8984776537 -1391283.380588618 0.4687500011375447 0.3750000009705468
-6273928.134779172 349093.0023645508 -1051475.551463962 0.4687500011375447 0.4062500010389248
-6322100.531085196 351909.1378444258 -704872.9201450982 0.4687500011375446 0.4375000011540361
-6351342.312211552 353618.3208727851 -353618.3200208083 0.4687500011375447 0.4687500012127608
-6361146.868838238 354191.3509241586 0.01548613147825509 0.4687500011375447 0.5000000013670094
-6351342.310630834 353618.3207803985 353618.3485044827 0.4687500011375447 0.5312500013100503
-6322100.528131772 351909.137671785 704872.946720946 0.4687500011375447 0.5625000012235621
-6273928.130790454 349093.0021313477 1051475.575341205 0.4687500011375447 0.593750001133016
-6207640.194842217 345216.8981984035 1391283.401962933 0.4687500011375447 0.6250000010189026
-6124319.46137979 340343.2466448715 1722358.443944812 0.4687500011375447 0.6562500009731667
-6025264.905628068 334546.9464868664 2043013.009650965 0.4687500011375447 0.6875000008978924
-5911934.269171475 327912.0686082782 2351839.253064922 0.4687500011375447 0.718750000857315
-5785885.186527289 320528.4676608716 2647722.627040653 0.4687500011375447 0.750000000783163
-5648719.008625773 312488.5480793606 2929840.519364342 0.4687500011375447 0.7812500006993568
-5502030.525912716 303884.368418443 3197648.414468915 0.4687500011375447 0.8125000006446051
-5347365.704529149 294805.2056796271 3450856.547689235 0.4687500011375447 0.8437500005130388
-5186188.467075612 285335.6391525362 3689400.189326352 0.4687500011375447 0.8750000003830568
-5019856.623603183 275554.1601070891 3913406.493493224 0.4687500011375447 0.9062500002690315
-4849606.338464915 265532.2722673991 4123160.435188694 0.4687500011375447 0.9375000002150855
-4676544.06093915 255334.0216660046 4319071.796517701 0.4687500011375447 0.9687500001013651
-4680280.79951213 -0.01045131193238249 -4322570.142602443 0.5000000012787196 0.03125000004281374
-4853781.741802513 -0.01086951412640243 -4126795.827630022 0.5000000012787196 0.06250000010892995
-5024502.576916823 -0.01128057527019599 -3917143.71124627 0.5000000012787196 0.09375000018479249
-5191332.724447005 -0.01168186661620356 -3693197.198104326 0.5000000012787196 0.1250000003035794
-5353030.329089407 -0.01207044885092652 -3454664.57067093 0.5000000012787196 0.1562500004205225
-5508230.213536352 -0.01244309465918805 -3201412.331250892 0.5000000012787196 0.1875000004950058
-5655459.373932647 -0.0127963238497688 -2933499.662484617 0.5000000012787196 0.2187500005621105
-5793161.122812232 -0.01312645509833544 -2651212.025685031 0.5000000012787194 0.2500000006443777
-5919728.51819147 -0.01342970183125171 -2355091.350863194 0.5000000012787194 0.2812500007256591
-6033546.997029925 -0.01370225062576494 -2045959.832115767 0.5000000012787196 0.3125000008137811
-6133045.181259744 -0.01394038957029772 -1724934.145011525 0.5000000012787194 0.343750000879918
-6216751.726201878 -0.01414065511668179 -1393427.061157476 0.5000000012787196 0.3750000009705468
-6283354.967977066 -0.01429994597236275 -1053134.059081712 0.5000000012787194 0.4062500010389248
-6331761.200431182 -0.01441569131242305 -706003.6123946409 0.5000000012787196 0.4375000011540361
-6361146.868885598 -0.01448594098737079 -354191.3500735692 0.5000000012787194 0.4687500012127608
-6371000 -0.01450949784423095 0.01551131239051017 0.5000000012787196 0.5000000013670094
-6361146.867297064 -0.01448594348687151 354191.378603088 0.5000000012787196 0.5312500013100503
-6331761.197463299 -0.01441568950662881 706003.6390119558 0.5000000012787194 0.5625000012235621
-6283354.963969151 -0.01429994555306955 1053134.082994293 0.5000000012787194 0.593750001133016
-6216751.721404459 -0.01414065483607951 1393427.082561085 0.5000000012787196 0.6250000010189026
-6133045.17581397 -0.01394039173966389 1724934.164374102 0.5000000012787196 0.6562500009731667
-6033546.991173873 -0.01370224859676888 2045959.849385297 0.5000000012787194 0.6875000008978924
-5919728.512089537 -0.01342970195679056 2355091.36620094 0.5000000012787194 0.718750000857315
-5793161.116763817 -0.01312645752761396 2651212.038901416 0.5000000012787196 0.750000000783163
-5655459.368171057 -0.01279632403773478 2933499.673592317 0.5000000012787196 0.7812500006993568
-5508230.208012687 -0.01244309465260897 3201412.340754703 0.5000000012787196 0.8125000006446051
-5353030.324348829 -0.01207044878229048 3454664.578016492 0.5000000012787196 0.8437500005130388
-5191332.720832957 -0.01168186611475471 3693197.203184401 0.5000000012787196 0.8750000003830568
-5024502.574462955 -0.01128057514516451 3917143.714393836 0.5000000012787196 0.9062500002690315
-4853781.740016179 -0.01086951410948887 4126795.829731041 0.5000000012787196 0.9375000002150855
-4680280.798706786 -0.01045131228673942 4322570.143474433 0.5000000012787196 0.9687500001013651
-4676544.061178345 -255334.0409818338 -4319071.795116798 0.5312500012221835 0.03125000004281374
-4849606.339616164 -265532.2924075557 -4123160.432537582 0.5312500012221835 0.06250000010892995
-5019856.625348676 -275554.181039445 -3913406.489780315 0.5312500012221835 0.09375000018479249
-5186188.469901983 -285335.6608874743 -3689400.18367236 0.5312500012221835 0.1250000003035794
-5347365.708399015 -294805.2281912807 -3450856.539769425 0.5312500012221835 0.1562500004205225
-5502030.530481152 -303884.3916569873 -3197648.404399795 0.5312500012221835 0.1875000004950058
-5648719.013348532 -312488.5719769514 -2929840.507710034 0.5312500012221835 0.2187500005621105
-5785885.191453809 -320528.4921777779 -2647722.613307096 0.5312500012221835 0.2500000006443777
-5911934.274072004 -327912.0936814578 -2351839.23725032 0.5312500012221835 0.2812500007256591
-6025264.910209199 -334546.9720425902 -2043012.991955478 0.5312500012221832 0.3125000008137811
-6124319.465484742 -340343.2726106427 -1722358.42421761 0.5312500012221835 0.343750000879918
-6207640.198243 -345216.9244912053 -1391283.380265304 0.5312500012221835 0.3750000009705468
-6273928.133357504 -349093.028668265 -1051475.551213837 0.5312500012221835 0.4062500010389248
-6322100.529628322 -351909.1643589116 -704872.919974581 0.5312500012221835 0.4375000011540361
-6351342.310733017 -353618.3475151815 -353618.319934393 0.5312500012221835 0.4687500012127608
-6361146.867352391 -354191.3776094347 0.01548613175406218 0.5312500012221835 0.5000000013670094
-6351342.309152299 -353618.3474227936 353618.348418068 0.5312500012221835 0.5312500013100503
-6322100.526674898 -351909.1641862743 704872.9465504286 0.5312500012221835 0.5625000012235621
-6273928.129368786 -349093.0284350627 1051475.575091079 0.5312500012221835 0.593750001133016
-6207640.193468024 -345216.9242119549 1391283.401639618 0.5312500012221835 0.6250000010189026
-6124319.460063692 -340343.2722934934 1722358.443556309 0.5312500012221835 0.6562500009731667
-6025264.904378782 -334546.9717013431 2043013.009206452 0.5312500012221835 0.6875000008978924
-5911934.26799567 -327912.0933256294 2351839.252574316 0.5312500012221835 0.718750000857315
-5785885.185429564 -320528.4918247882 2647722.626514195 0.5312500012221835 0.750000000783163
-5648719.007608742 -312488.5716404028 2929840.518812217 0.5312500012221835 0.7812500006993568
-5502030.524977162 -303884.3913340231 3197648.413900921 0.5312500012221835 0.8125000006446051
-5347365.703674244 -294805.2279138116 3450856.547114521 0.5312500012221835 0.8437500005130388
-5186188.466299151 -285335.6606757035 3689400.188753237 0.5312500012221835 0.8750000003830568
-5019856.622901853 -275554.1808954852 3913406.492929072 0.5312500012221835 0.9062500002690315
-4849606.337834548 -265532.2923026257 4123160.434639852 0.5312500012221835 0.9375000002150855
-4676544.060374945 -255334.0409344648 4319071.795989491 0.5312500012221835 0.9687500001013654
-4665344.075083153 -510185.9037393905 -4308586.311623818 0.5625000011539865 0.03125000004281372
-4837097.007948044 -530450.9766200084 -4112268.874612038 0.5625000011539864 0.06250000010892995
-5005943.76304397 -550352.3821201366 -3902214.793772362 0.5625000011539865 0.09375000018479249
-5170790.362634729 -569763.3206260673 -3678034.500130874 0.5625000011539865 0.1250000003035794
-5330417.719715603 -588542.5885441329 -3439462.974769708 0.5625000011539862 0.1562500004205225
-5483490.042234975 -606535.5579482685 -3186391.779686586 0.5625000011539862 0.1875000004950058
-5628570.460154767 -623575.9883176014 -2918901.944544711 0.5625000011539865 0.2187500005621105
-5764144.862033853 -639488.7835232858 -2637295.794035367 0.5625000011539865 0.2500000006443778
-5888654.473745306 -654093.7549026412 -2342125.28457313 0.5625000011539862 0.2812500007256591
-6000537.026157035 -667210.372301654 -2034214.029253453 0.5625000011539862 0.3125000008137811
-6098275.468333506 -678663.3825266861 -1714670.03401214 0.5625000011539862 0.343750000879918
-6180452.166500152 -688289.0577580519 -1384886.345724482 0.5625000011539862 0.3750000009705468
-6245805.510704972 -695941.7193943977 -1046527.422313329 0.5625000011539862 0.4062500010389247
-6293285.016017726 -701500.0868343129 -701500.0608255333 0.5625000011539862 0.4375000011540361
-6322100.528264636 -704872.9459486905 -351909.1368316914 0.5625000011539862 0.4687500012127608
-6331761.197550148 -706003.6382330516 0.01541102922618696 0.5625000011539862 0.5000000013670094
-6322100.526707077 -704872.9457663895 351909.1651786198 0.5625000011539862 0.5312500013100503
-6293285.013107137 -701500.0864936105 701500.0872776479 0.5625000011539865 0.5625000012235621
-6245805.506773147 -695941.7189340597 1046527.446085074 0.5625000011539865 0.593750001133016
-6180452.161791717 -688289.0572066343 1384886.36701128 0.5625000011539865 0.6250000010189026
-6098275.462985787 -678663.3819001766 1714670.053279436 0.5625000011539865 0.6562500009731667
-6000537.020402695 -667210.3716272119 2034214.046448856 0.5625000011539862 0.6875000008978924
-5888654.467744976 -654093.754199009 2342125.299855875 0.5625000011539862 0.718750000857315
-5764144.856081415 -639488.7828248594 2637295.80721453 0.5625000011539865 0.750000000783163
-5628570.45447979 -623575.9876512876 2918901.955630214 0.5625000011539862 0.7812500006993568
-5483490.036789523 -606535.5573084382 3186391.789179505 0.5625000011539865 0.8125000006446051
-5330417.715037892 -588542.5879940651 3439462.982113265 0.5625000011539862 0.8437500005130388
-5170790.359065313 -569763.3202059584 3678034.505214042 0.5625000011539862 0.8750000003830568
-5005943.76061816 -550352.3818343562 3902214.79692461 0.5625000011539862 0.9062500002690315
-4837097.006180511 -530450.9764115688 4112268.876718003 0.5625000011539862 0.9375000002150853
-4665344.074285564 -510185.9036452306 4308586.312498599 0.5625000011539862 0.9687500001013651
-4646711.438031267 -764075.7169988595 -4291142.285028786 0.593750001077945 0.03125000004281372
-4816304.13960051 -794147.1767675021 -4094164.835042574 0.5937500010779451 0.06250000010892995
-4982838.513898683 -823646.5314408281 -3883628.166502743 0.593750001077945 0.09375000018479249
-5145241.598815166 -852386.8642794833 -3659175.661733902 0.593750001077945 0.1250000003035794
-5302322.775630401 -880160.8969160344 -3420574.656190256 0.593750001077945 0.1562500004205225
-5452782.662227051 -906742.5456103082 -3167746.864018054 0.593750001077945 0.1875000004950058
-5595228.837649952 -931889.660483007 -2900799.357938297 0.5937500010779451 0.2187500005621105
-5728199.248847744 -955348.0943758527 -2620054.27120748 0.593750001077945 0.2500000006443777
-5850193.713084124 -976857.1722422579 -2326074.930957695 0.593750001077945 0.2812500007256591
-5959713.286425011 -996156.5206758216 -2019685.799802593 0.593750001077945 0.3125000008137811
-6055306.449407706 -1012994.075468426 -1701983.491937367 0.5937500010779447 0.343750000879918
-6135620.140171573 -1027134.925886799 -1374336.32693911 0.5937500010779447 0.3750000009705468
-6199452.755726404 -1038370.497136618 -1038370.473478781 0.5937500010779447 0.4062500010389247
-6245805.509630652 -1046527.445967585 -695941.6934657313 0.5937500010779448 0.4375000011540361
-6273928.130936906 -1051475.574743755 -349093.0012988335 0.593750001077945 0.4687500012127608
-6283354.964070775 -1053134.082387975 0.01528729467107094 0.593750001077945 0.5000000013670094
-6273928.129416986 -1051475.574476343 349093.0294204208 0.593750001077945 0.5312500013100503
-6245805.506789706 -1046527.445467698 695941.7197138297 0.593750001077945 0.5625000012235621
-6199452.751887119 -1038370.496460936 1038370.497076401 0.593750001077945 0.593750001133016
-6135620.135571446 -1027134.925076996 1374336.34808125 0.593750001077945 0.6250000010189026
-6055306.444179453 -1012994.074547726 1701983.5110864 0.5937500010779447 0.6562500009731667
-5959713.280794737 -996156.5196839049 2019685.816905709 0.5937500010779447 0.6875000008978924
-5850193.707207897 -976857.1712064985 2326074.946171678 0.5937500010779447 0.718750000857315
-5728199.243012699 -955348.0933467702 2620054.284339818 0.593750001077945 0.750000000783163
-5595228.832081075 -931889.6595002346 2900799.368995586 0.5937500010779447 0.7812500006993568
-5452782.65687756 -906742.5446655835 3167746.873496789 0.593750001077945 0.8125000006446051
-5302322.771029943 -880160.8961029554 3420574.663530761 0.593750001077945 0.8437500005130389
-5145241.595300687 -852386.8636578114 3659175.666820499 0.593750001077945 0.8750000003830568
-4982838.511507465 -823646.531017463 3883628.169660551 0.5937500010779451 0.9062500002690315
-4816304.137856195 -794147.1764583664 4094164.83715452 0.593750001077945 0.9375000002150855
-4646711.437243269 -764075.7168590616 4291142.285906971 0.593750001077945 0.9687500001013651
-4620696.852847676 -1016528.139325589 -4266787.097576213 0.6250000009541934 0.03125000004281372
-4787310.963010755 -1056021.330858468 -4068920.45783755 0.6250000009541933 0.06250000010892995
-4950663.597432215 -1094704.108694185 -3857744.659703074 0.6250000009541934 0.09375000018479249
-5109711.638221228 -1132333.509438898 -3632947.6733953 0.6250000009541934 0.1250000003035794
-5263304.277284277 -1168641.647806597 -3394340.257507036 0.6250000009541933 0.1562500004205225
-5410192.463877639 -1203337.924368914 -3141884.202763863 0.6250000009541934 0.1875000004950058
-5549044.652149824 -1236112.69221469 -2875720.754974862 0.6250000009541934 0.2187500005621105
-5678469.530129003 -1266642.539529772 -2596197.502589135 0.6250000009541934 0.2500000006443777
-5797045.999840939 -1294597.249748868 -2303891.628673283 0.6250000009541932 0.2812500007256591
-5903360.093276108 -1319648.365545677 -1999627.165355514 0.6250000009541932 0.3125000008137811
-5996047.782149095 -1341479.114807945 -1684483.831539801 0.6250000009541932 0.343750000879918
-6073841.839814351 -1359795.271866434 -1359795.250591174 0.6250000009541934 0.3750000009705468
-6135620.13934123 -1374336.348245561 -1027134.902338232 0.6250000009541932 0.4062500010389247
-6180452.16461147 -1384886.366946359 -688289.0320174479 0.6250000009541934 0.4375000011540361
-6207640.195041331 -1391283.401278014 -345216.8973783075 0.6250000009541934 0.4687500012127608
-6216751.721560501 -1393427.081864906 0.01511700272151188 0.6250000009541934 0.5000000013670094
-6207640.193572166 -1391283.400932355 345216.9251896787 0.6250000009541934 0.5312500013100503
-6180452.161864478 -1384886.366299987 688289.0579844415 0.6250000009541934 0.5625000012235621
-6135620.13562689 -1374336.347371412 1027134.925695576 0.6250000009541934 0.593750001133016
-6073841.835360614 -1359795.270817999 1359795.271533267 0.6250000009541934 0.6250000010189026
-5996047.777082519 -1341479.113614852 1684483.85052481 0.6250000009541932 0.6562500009731667
-5903360.087813993 -1319648.364258927 1999627.182330125 0.6250000009541934 0.6875000008978924
-5797045.9941332 -1294597.248403618 2303891.643790996 0.6250000009541934 0.718750000857315
-5678469.524453638 -1266642.538191424 2596197.515655397 0.6250000009541932 0.750000000783163
-5549044.646725554 -1236112.690934773 2875720.765991799 0.6250000009541934 0.7812500006993568
-5410192.458659208 -1203337.923136731 3141884.212221707 0.6250000009541934 0.8125000006446051
-5263304.272789557 -1168641.646744506 3394340.264842269 0.6250000009541934 0.8437500005130389
-5109711.634782097 -1132333.508625582 3632947.678485907 0.6250000009541934 0.8750000003830568
-4950663.595088545 -1094704.108139449 3857744.662868133 0.6250000009541934 0.9062500002690315
-4787310.961298421 -1056021.330452787 4068920.459957497 0.6250000009541934 0.9375000002150853
-4620696.852072916 -1016528.139141853 4266787.09845901 0.6250000009541934 0.9687500001013651
-4587370.696211684 -1267074.564075185 -4235586.517191217 0.6562500008620986 0.03125000004281372
-4750232.424844898 -1315487.629669097 -4036635.381866902 0.6562500008620986 0.06250000010892995
-4909587.754286577 -1362815.429821587 -3824699.097602252 0.6562500008620985 0.09375000018479249
-5064432.520000618 -1408764.561597968 -3599520.337537473 0.6562500008620986 0.1250000003035794
-5213666.898278499 -1453013.846592303 -3360962.545968949 0.6562500008620989 0.1562500004205225
-5356105.364679114 -1495217.246891577 -3109035.494659653 0.6562500008620986 0.1875000004950058
-5490492.300644729 -1535008.422174709 -2843920.61077901 0.6562500008620986 0.2187500005621105
-5615523.744482779 -1572007.071292605 -2565994.513430641 0.6562500008620986 0.2500000006443777
-5729875.406391216 -1605827.092281108 -2275848.891497213 0.6562500008620984 0.2812500007256591
-5832236.553333675 -1636086.445528928 -1974304.669678685 0.6562500008620986 0.3125000008137811
-5921348.750335266 -1662418.425079209 -1662418.406075962 0.6562500008620988 0.343750000879918
-5996047.781521245 -1684483.850608178 -1341479.093670268 0.6562500008620986 0.3750000009705468
-6055306.447963714 -1701983.510963536 -1012994.05213323 0.6562500008620986 0.4062500010389248
-6098275.465861238 -1714670.052878891 -678663.3570741845 0.6562500008620986 0.4375000011540361
-6124319.46174666 -1722358.442798096 -340343.2458463334 0.6562500008620986 0.4687500012127608
-6133045.176140374 -1724934.163213572 0.0149029121392663 0.6562500008620986 0.5000000013670094
-6124319.460339606 -1722358.442382745 340343.2732675546 0.6562500008620986 0.5312500013100503
-6098275.463229294 -1714670.052101879 678663.3826872415 0.6562500008620986 0.5625000012235621
-6055306.44440252 -1701983.509912008 1012994.075187468 0.6562500008620986 0.593750001133016
-5996047.777247175 -1684483.849345851 1341479.114359299 0.6562500008620986 0.6250000010189026
-5921348.745467458 -1662418.423641076 1662418.424852689 0.6562500008620986 0.6562500009731667
-5832236.548078701 -1636086.443975828 1974304.68648929 0.6562500008620986 0.6875000008978924
-5729875.40089149 -1605827.090654955 2275848.906491209 0.6562500008620986 0.718750000857315
-5615523.739005026 -1572007.069672119 2565994.52641113 0.6562500008620986 0.750000000783163
-5490492.295399883 -1535008.420622233 2843920.621742698 0.6562500008620986 0.7812500006993568
-5356105.359623733 -1495217.245394228 3109035.504088948 0.6562500008620986 0.8125000006446051
-5213666.893915693 -1453013.845299178 3360962.553295765 0.6562500008620984 0.8437500005130388
-5064432.516655754 -1408764.560605807 3599520.342631915 0.6562500008620986 0.8750000003830569
-4909587.752002564 -1362815.429143542 3824699.100775735 0.6562500008620986 0.9062500002690315
-4750232.423172796 -1315487.62917227 4036635.383996508 0.6562500008620986 0.9375000002150855
-4587370.695453623 -1267074.563849734 4235586.518079681 0.6562500008620986 0.9687500001013651
-4546822.425419785 -1515255.22030266 -4197624.143375069 0.6875000007751403 0.03125000004281372
-4705213.669323933 -1571978.167930493 -3997435.4235631 0.6875000007751404 0.06250000010892995
-4859822.811354069 -1627300.332283791 -3784660.733908879 0.6875000007751403 0.09375000018479249
-5009693.930126698 -1680885.097349269 -3559105.648328082 0.6875000007751401 0.1250000003035794
-5153788.991984917 -1732367.10742898 -3320693.335915444 0.6875000007751404 0.1562500004205225
-5290998.164590374 -1781355.90330828 -3069487.02034233 0.6875000007751402 0.1875000004950058
-5420155.033790025 -1827441.275900573 -2805711.815710148 0.6875000007751401 0.2187500005621105
-5540057.037294652 -1870200.446402275 -2529774.557900114 0.6875000007751403 0.2500000006443778
-5649491.096808474 -1909207.065750735 -2242280.02871391 0.6875000007751404 0.2812500007256591
-5747263.996689138 -1944041.8743902 -1944041.857311266 0.6875000007751401 0.3125000008137811
-5832236.552815531 -1974304.686836246 -1636086.426671538 0.6875000007751401 0.343750000879918
-5903360.092140152 -1999627.1825134 -1319648.344628423 0.6875000007751403 0.3750000009705468
-5959713.284497431 -2019685.816853267 -996156.497638104 0.6875000007751402 0.4062500010389247
-6000537.023241769 -2034214.046079123 -667210.3472213375 0.6875000007751402 0.4375000011540361
-6025264.906086016 -2043013.008427984 -334546.9457076312 0.6875000007751401 0.4687500012127608
-6033546.991593838 -2045959.848146815 0.01464832986274719 0.6875000007751401 0.5000000013670094
-6025264.904750391 -2043013.007952751 334546.9726647014 0.6875000007751403 0.5312500013100503
-6000537.02074222 -2034214.045189666 667210.3724127569 0.6875000007751403 0.5625000012235621
-5959713.281112689 -2019685.815648618 996156.5203304213 0.6875000007751401 0.593750001133016
-5903360.088073431 -1999627.181065709 1319648.36501428 0.6875000007751403 0.6250000010189026
-5832236.548177577 -1974304.685184735 1636086.445197601 0.6875000007751401 0.6562500009731667
-5747263.991674274 -1944041.872603857 1944041.87392329 0.6875000007751403 0.6875000008978924
-5649491.091550516 -1909207.06387703 2242280.043556872 0.6875000007751403 0.718750000857315
-5540057.032047257 -1870200.444531456 2529774.570774652 0.6875000007751403 0.750000000783163
-5420155.028754988 -1827441.274104515 2805711.826606805 0.6875000007751403 0.7812500006993568
-5290998.159726288 -1781355.901572178 3069487.029734286 0.6875000007751403 0.8125000006446053
-5153788.987777397 -1732367.105926252 3320693.343229564 0.6875000007751403 0.8437500005130388
-5009693.926893189 -1680885.096193603 3559105.653425272 0.6875000007751404 0.8750000003830569
-4859822.809140765 -1627300.331492146 3784660.737091334 0.6875000007751402 0.9062500002690315
-4705213.667699684 -1571978.167349068 3997435.425703578 0.6875000007751403 0.9375000002150855
-4546822.424681655 -1515255.220038208 4197624.144270066 0.6875000007751403 0.9687500001013654
-4499159.834389184 -1760621.159813115 -4153000.712284724 0.7187500007474678 0.03125000004281372
-4652428.15443023 -1824946.749446593 -3951470.945046823 0.7187500007474679 0.06250000010892995
-4801620.086948358 -1887514.126341343 -3737830.381849331 0.7187500007474679 0.09375000018479249
-4945837.225164614 -1947952.334747117 -3511953.422773322 0.7187500007474678 0.1250000003035794
-5084113.489344778 -2005862.640148218 -3273827.438384633 0.7187500007474675 0.1562500004205225
-5215425.539780634 -2060822.830851461 -3023571.844498697 0.7187500007474678 0.1875000004950058
-5338707.290147505 -2112393.204186636 -2761456.213853843 0.7187500007474675 0.2187500005621105
-5452868.671629446 -2160124.298405068 -2487916.249676047 0.7187500007474678 0.2500000006443778
-5556818.518433438 -2203566.316439022 -2203566.300852003 0.7187500007474678 0.2812500007256591
-5649491.096323219 -2242280.044367901 -1909207.048801715 0.7187500007474678 0.3125000008137811
-5729875.405393935 -2275848.90717133 -1605827.073625536 0.7187500007474678 0.343750000879918
-5797045.998242199 -2303891.644291826 -1294597.229112751 0.7187500007474678 0.3750000009705468
-5850193.710725022 -2326074.94641362 -976857.1495670496 0.7187500007474678 0.4062500010389246
-5888654.47044629 -2342125.299748833 -654093.730262997 0.7187500007474676 0.4375000011540361
-5911934.269630607 -2351839.252017185 -327912.0678451079 0.7187500007474678 0.4687500012127608
-5919728.512512966 -2355091.36513661 0.01435696347468432 0.7187500007474678 0.5000000013670094
-5911934.268373542 -2351839.251492671 327912.0942706963 0.7187500007474678 0.5312500013100503
-5888654.468092477 -2342125.298766619 654093.754970863 0.7187500007474678 0.5625000012235621
-5850193.707534773 -2326074.945082176 976857.1718432021 0.7187500007474678 0.593750001133016
-5797045.994404451 -2303891.642689829 1294597.249148661 0.7187500007474678 0.6250000010189026
-5729875.401010397 -2275848.905341031 1605827.091860759 0.7187500007474678 0.6562500009731667
-5649491.091574854 -2242280.042384648 1909207.06518174 0.7187500007474678 0.6875000008978924
-5556818.513444649 -2203566.314354582 2203566.315516863 0.7187500007474678 0.718750000857315
-5452868.666639389 -2160124.296319212 2487916.262423997 0.7187500007474679 0.7500000007831631
-5338707.285347706 -2112393.202179351 2761456.224668752 0.7187500007474678 0.7812500006993568
-5215425.53513185 -2060822.828906293 3023571.853843283 0.7187500007474678 0.8125000006446051
-5084113.485312724 -2005862.638460124 3273827.445680529 0.7187500007474678 0.8437500005130388
-4945837.222057441 -1947952.333445411 3511953.427871121 0.7187500007474676 0.8750000003830567
-4801620.0848156 -1887514.125447245 3737830.385040573 0.7187500007474678 0.9062500002690315
-4652428.152860713 -1824946.748788133 3951470.947198865 0.7187500007474678 0.9375000002150855
-4499159.83367394 -1760621.159512814 4153000.713186893 0.7187500007474678 0.9687500001013651
-4444508.173351616 -2002736.099754579 -4101833.274494527 0.7500000006803103 0.03125000004281372
-4592075.455390241 -2073872.275316391 -3898914.951326396 0.7500000006803105 0.06250000010892995
-4735266.25706053 -2142852.684808954 -3684437.113854845 0.7500000006803105 0.09375000018479249
-4873248.652522986 -2209282.49318085 -3458346.344137256 0.7500000006803103 0.1250000003035794
-5005137.708682394 -2272741.850858802 -3220695.886990956 0.7500000006803103 0.1562500004205225
-5130005.668342089 -2332790.726450897 -2971661.196933919 0.7500000006803105 0.1875000004950058
-5246895.413908364 -2388975.289190441 -2711554.274423587 0.7500000006803105 0.2187500005621105
-5354837.231435381 -2440835.849884741 -2440835.836091992 0.7500000006803105 0.2500000006443778
-5452868.671371708 -2487916.263605201 -2160124.283012826 0.7500000006803103 0.2812500007256591
-5540057.036567615 -2529774.57183541 -1870200.429706028 0.7500000006803106 0.3125000008137811
-5615523.743264548 -2565994.52733057 -1572007.052955448 0.7500000006803105 0.343750000879918
-5678469.528339007 -2596197.516381895 -1266642.519283897 0.7500000006803103 0.3750000009705468
-5728199.246340548 -2620054.284788307 -955348.0721632376 0.7500000006803103 0.4062500010389248
-5764144.858644746 -2637295.807288733 -639488.7594138087 0.7500000006803105 0.4375000011540361
-5785885.186996318 -2647722.626105877 -320528.466916083 0.7500000006803103 0.4687500012127608
-5793161.117199597 -2651212.037949193 0.01403277975168426 0.7500000006803105 0.5000000013670094
-5785885.185822728 -2647722.625543037 320528.4927499885 0.7500000006803105 0.5312500013100503
-5764144.856445938 -2637295.806234125 639488.7835824257 0.7500000006803103 0.5625000012235621
-5728199.243357468 -2620054.283357368 955348.0939739381 0.7500000006803105 0.593750001133016
-5678469.524745663 -2596197.514657917 1266642.538926759 0.7500000006803105 0.6250000010189026
-5615523.739153276 -2565994.525357651 1572007.070862143 0.7500000006803103 0.6562500009731667
-5540057.032105314 -2529774.569693448 1870200.445821997 0.7500000006803105 0.6875000008978924
-5452868.66667285 -2487916.261348956 2160124.297472924 0.7500000006803105 0.718750000857315
-5354837.226723567 -2440835.847621429 2440835.848692335 0.7500000006803105 0.750000000783163
-5246895.409363954 -2388975.28700662 2711554.285141108 0.7500000006803105 0.7812500006993568
-5130005.663928056 -2332790.724328735 2971661.206219827 0.7500000006803105 0.8125000006446051
-5005137.704842512 -2272741.849011732 3220695.894261763 0.7500000006803105 0.8437500005130388
-4873248.649554801 -2209282.491752287 3458346.349232406 0.7500000006803105 0.8750000003830568
-4735266.255016798 -2142852.683824728 3684437.117053886 0.7500000006803105 0.9062500002690315
-4592075.453881493 -2073872.274589334 3898914.953490105 0.7500000006803105 0.9375000002150855
-4444508.172661895 -2002736.099421981 4101833.275404261 0.7500000006803105 0.9687500001013651
-4383009.146665022 -2241178.107495289 -4044254.258912833 0.7812500006079491 0.03125000004281372
-4524378.809799213 -2318261.672697912 -3839960.963647903 0.781250000607949 0.06250000010892995
-4661078.813289016 -2392756.594692619 -3624734.635095823 0.7812500006079491 0.09375000018479249
-4792352.022521697 -2464256.035484079 -3398594.604216938 0.7812500006079489 0.1250000003035794
-4917402.517068746 -2532332.432250535 -3161658.732010469 0.7812500006079491 0.1562500004205225
-5035405.178803815 -2596542.647350984 -2914155.446396653 0.7812500006079494 0.1875000004950058
-5145517.767588397 -2656434.449326763 -2656434.437335531 0.7812500006079492 0.2187500005621105
-5246895.413793684 -2711554.286593543 -2388975.275629069 0.7812500006079491 0.2500000006443778
-5338707.289785339 -2761456.226107659 -2112393.18908297 0.7812500006079492 0.2812500007256591
-5420155.032984679 -2805711.827916936 -1827441.259547859 0.7812500006079489 0.3125000008137811
-5490492.299378254 -2843920.622902714 -1535008.404243029 0.7812500006079489 0.343750000879918
-5549044.650349515 -2875720.766948059 -1236112.672441754 0.7812500006079494 0.3750000009705468
-5595228.835182823 -2900799.369659415 -931889.6388104176 0.7812500006079489 0.4062500010389248
-5628570.456869816 -2918901.955901263 -623575.9648094855 0.7812500006079488 0.4375000011540361
-5648719.009074104 -2929840.518577461 -312488.5473527422 0.7812500006079491 0.4687500012127608
-5655459.368588548 -2933499.672787438 0.01367985110040788 0.7812500006079491 0.5000000013670094
-5648719.007986785 -2929840.517987181 312488.5725421082 0.7812500006079491 0.5312500013100503
-5628570.454831354 -2918901.954794557 623575.9883895955 0.7812500006079491 0.5625000012235621
-5595228.832414407 -2900799.368156245 931889.6601115536 0.7812500006079491 0.593750001133016
-5549044.647009981 -2875720.765134512 1236112.691652366 0.7812500006079494 0.6250000010189026
-5490492.295550507 -2843920.620823641 1535008.421786212 0.7812500006079491 0.6562500009731669
-5420155.028821253 -2805711.825655005 1827441.27536929 0.7812500006079491 0.6875000008978926
-5338707.285390539 -2761456.223719355 2112393.203312209 0.7812500006079488 0.7187500008573149
-5246895.40937488 -2711554.284191433 2388975.288060532 0.7812500006079491 0.750000000783163
-5145517.763314128 -2656434.447002389 2656434.44793917 0.7812500006079491 0.7812500006993568
-5035405.174639266 -2596542.645085371 2914155.455611312 0.7812500006079492 0.8125000006446053
-4917402.513434102 -2532332.430272338 3161658.739247956 0.7812500006079491 0.8437500005130388
-4792352.019702701 -2464256.033949078 3398594.609305001 0.7812500006079492 0.8750000003830569
-4661078.81134133 -2392756.593631514 3624734.638300824 0.7812500006079491 0.9062500002690315
-4524378.808356361 -2318261.67191141 3839960.965822752 0.781250000607949 0.9375000002150855
-4383009.146003123 -2241178.107134273 4044254.259830237 0.7812500006079491 0.9687500001013651
-4314819.807522055 -2475541.103394942 -3980410.440396504 0.8125000005711651 0.03125000004281372
-4449582.465800697 -2557652.321046844 -3774820.722191013 0.8125000005711651 0.06250000010892995
-4579401.251766408 -2636714.315724304 -3558997.442057914 0.8125000005711652 0.09375000018479249
-4703601.093932174 -2712321.244005399 -3333030.335667089 0.8125000005711649 0.1250000003035794
-4821481.278219109 -2784051.934165934 -3097097.691654164 0.8125000005711652 0.1562500004205226
-4932324.08316407 -2851475.074415136 -2851475.063651952 0.8125000005711653 0.1875000004950058
-5035405.178612876 -2914155.45727016 -2596542.635517696 0.8125000005711651 0.2187500005621105
-5130005.668032892 -2971661.20794341 -2332790.713106238 0.8125000005711651 0.2500000006443778
-5215425.539231101 -3023571.855549894 -2060822.816028236 0.8125000005711651 0.2812500007256591
-5290998.163621207 -3069487.031304758 -1781355.887297349 0.8125000005711651 0.3125000008137811
-5356105.36327655 -3109035.505502064 -1495217.229370943 0.8125000005711651 0.343750000879918
-5410192.461977212 -3141884.213422954 -1203337.905082603 0.8125000005711649 0.3750000009705468
-5452782.659708683 -3167746.874395702 -906742.5244999533 0.8125000005711649 0.4062500010389247
-5483490.038961922 -3186391.789673673 -606535.5350724175 0.8125000005711651 0.4375000011540361
-5502030.526297229 -3197648.413874741 -303884.3677088247 0.8125000005711653 0.4687500012127608
-5508230.20836865 -3201412.340142249 0.01330223340694651 0.8125000005711651 0.5000000013670094
-5502030.52529702 -3197648.413267491 303884.3922081206 0.8125000005711651 0.5312500013100503
-5483490.037085535 -3186391.788534418 606535.5580212211 0.8125000005711651 0.5625000012235621
-5452782.657157613 -3167746.872846676 906742.545252663 0.8125000005711651 0.593750001133016
-5410192.458895256 -3141884.211551338 1203337.92382578 0.8125000005711649 0.6250000010189026
-5356105.359737391 -3109035.503352456 1495217.24651849 0.8125000005711653 0.6562500009731667
-5290998.159763058 -3069487.028960953 1781355.902795505 0.8125000005711651 0.6875000008978926
-5215425.535148102 -3023571.853068927 2060822.830001275 0.8125000005711649 0.718750000857315
-5130005.663915885 -2971661.205441131 2332790.725347457 0.8125000005711651 0.7500000007831631
-5035405.174618183 -2914155.454841508 2596542.645990225 0.8125000005711651 0.7812500006993566
-4932324.07925903 -2851475.072040212 2851475.072781601 0.8125000005711651 0.8125000006446051
-4821481.274799076 -2784051.932085232 3097097.698848772 0.8125000005711651 0.8437500005130388
-4703601.091270034 -2712321.242385157 3333030.340742426 0.8125000005711651 0.8750000003830568
-4579401.249920262 -2636714.314600221 3558997.445266156 0.8125000005711651 0.9062500002690315
-4449582.464427902 -2557652.320210596 3774820.724375804 0.8125000005711653 0.9375000002150855
-4314819.806889895 -2475541.103009672 3980410.441321385 0.8125000005711651 0.9687500001013651
-4240111.367916259 -2705436.171444626 -3910461.828212412 0.8437500004554949 0.03125000004281372
-4367948.894706478 -2791613.958665269 -3703721.77127517 0.8437500004554951 0.06250000010892995
-4490598.129379049 -2874264.338483687 -3487516.87493241 0.8437500004554951 0.09375000018479249
-4607471.921133907 -2952996.164161365 -3262002.015696939 0.8437500004554951 0.1250000003035794
-4717968.985302344 -3027408.933934908 -3027408.925212495 0.8437500004554951 0.1562500004205225
-4821481.278415394 -3097097.700697721 -2784051.923765568 0.8437500004554951 0.1875000004950058
-4917402.517100018 -3161658.741118159 -2532332.420818708 0.8437500004554951 0.2187500005621105
-5005137.708616589 -3220695.896193647 -2272741.837962613 0.8437500004554951 0.2500000006443778
-5084113.489069067 -3273827.447590488 -2005862.625821898 0.8437500004554951 0.2812500007256591
-5153788.99133435 -3320693.344996605 -1732367.091957164 0.843750000455495 0.3125000008137811
-5213666.897240883 -3360962.554899407 -1453013.829658435 0.8437500004554952 0.343750000879918
-5263304.275800361 -3394340.266228284 -1168641.629158803 0.8437500004554951 0.3750000009705468
-5302322.773589632 -3420574.664608597 -880160.8764939044 0.8437500004554951 0.4062500010389247
-5330417.716991808 -3439462.982780357 -588542.5663989694 0.843750000455495 0.4375000011540361
-5347365.704847629 -3450856.54725481 -294805.2049880184 0.8437500004554951 0.4687500012127608
-5353030.324641033 -3454664.57756372 0.01290385806797084 0.8437500004554951 0.5000000013670094
-5347365.703933639 -3450856.546640377 294805.2287588268 0.8437500004554951 0.5312500013100503
-5330417.715276009 -3439462.981626863 588542.5886799811 0.8437500004554951 0.5625000012235621
-5302322.771254298 -3420574.663038488 880160.8966645108 0.8437500004554951 0.593750001133016
-5263304.272974698 -3394340.264328335 1168641.6474034 0.8437500004554951 0.6250000010189026
-5213666.893989749 -3360962.552713108 1453013.846381194 0.8437500004554951 0.6562500009731667
-5153788.987781988 -3320693.342607388 1732367.107105215 0.8437500004554951 0.6875000008978924
-5084113.485299688 -3273827.445054863 2005862.639514333 0.843750000455495 0.718750000857315
-5005137.704804544 -3220695.893628805 2272741.849992307 0.8437500004554951 0.750000000783163
-4917402.51338925 -3161658.738620892 2532332.431142334 0.8437500004554951 0.7812500006993568
-4821481.274775305 -3097097.698247399 2784051.932795392 0.8437500004554951 0.8125000006446051
-4717968.982102658 -3027408.931780448 3027408.932353404 0.8437500004554951 0.8437500005130388
-4607471.918633748 -2952996.162477411 3262002.020752766 0.8437500004554951 0.8750000003830569
-4490598.127638387 -2874264.3373109 3487516.878140282 0.8437500004554951 0.9062500002690315
-4367948.893406894 -2791613.957789358 3703721.773468025 0.8437500004554951 0.9375000002150855
-4240111.367315364 -2705436.171039477 3910461.829144263 0.8437500004554951 0.9687500001013651
-4159067.941760289 -2930492.672872711 -3834580.492056619 0.8750000003729103 0.03125000004281372
-4279755.927731143 -3019750.068157649 -3626904.978754202 0.8750000003729105 0.06250000010892995
-4395050.115347606 -3104996.369511927 -3410597.166025438 0.8750000003729105 0.09375000018479249
-4504455.386520301 -3185869.011215867 -3185869.00456103 0.8750000003729105 0.1250000003035794
-4607471.921464294 -3262002.022742407 -2952996.155863155 0.8750000003729105 0.1562500004205225
-4703601.094465951 -3333030.342999545 -2712321.23406927 0.8750000003729105 0.1875000004950058
-4792352.022923233 -3398594.61157798 -2464256.024551168 0.8750000003729105 0.2187500005621105
-4873248.652854892 -3458346.351562035 -2209282.480826192 0.8750000003729105 0.2500000006443778
-4945837.225322566 -3511953.43017303 -1947952.321005178 0.8750000003729105 0.2812500007256591
-5009693.929959084 -3559105.655578404 -1680885.082496993 0.8750000003729103 0.3125000008137811
-5064432.519495847 -3599520.344616933 -1408764.545323935 0.8750000003729105 0.343750000879918
-5109711.637324189 -3632947.680249789 -1132333.491495077 0.8750000003729106 0.3750000009705468
-5145241.597423628 -3659175.668274087 -852386.8446031085 0.8750000003729105 0.4062500010389247
-5170790.360631845 -3678034.506256304 -569763.2992609806 0.8750000003729104 0.4375000011540361
-5186188.4671536 -3689400.189269541 -285335.6384696175 0.8750000003729105 0.4687500012127608
-5191332.720886361 -3693197.203109335 0.01248844555782514 0.8750000003729105 0.5000000013670094
-5186188.466323478 -3689400.188656816 285335.6614802694 0.8750000003729105 0.5312500013100503
-5170790.359072423 -3678034.505105244 569763.3208437434 0.8750000003729105 0.5625000012235621
-5145241.595298743 -3659175.666705564 852386.864162949 0.8750000003729105 0.593750001133016
-5109711.634749162 -3632947.678348855 1132333.509213927 0.8750000003729105 0.6250000010189026
-5064432.516527254 -3599520.342425274 1408764.561595747 0.8750000003729106 0.6562500009731667
-5009693.926707807 -3559105.65317779 1680885.097270129 0.8750000003729105 0.6875000008978924
-4945837.221863305 -3511953.427618529 1947952.334393716 0.8750000003729105 0.718750000857315
-4873248.649345838 -3458346.348970394 2209282.492623368 0.8750000003729106 0.750000000783163
-4792352.019496016 -3398594.60904637 2464256.034707716 0.8750000003729104 0.7812500006993568
-4703601.091091942 -3333030.340506788 2712321.242983561 0.8750000003729105 0.8125000006446051
-4607471.918487187 -3262002.020542453 2952996.162938406 0.8750000003729105 0.8437500005130388
-4504455.384184764 -3185869.009489633 3185869.009589443 0.8750000003729104 0.8750000003830567
-4395050.113714815 -3104996.368304824 3410597.169228469 0.8750000003729105 0.9062500002690315
-4279755.926506904 -3019750.067252357 3626904.98095255 0.8750000003729105 0.9375000002150855
-4159067.941191777 -2930492.672452201 3834580.492994606 0.8750000003729105 0.9687500001013651
-4071885.243843104 -3150359.147955919 -3752949.34682887 0.9062500002797306 0.03125000004281372
-4185293.879050761 -3241698.73904374 -3544622.043499485 0.9062500002797306 0.06250000010892995
-4293149.159948232 -3328551.585942023 -3328551.581417754 0.9062500002797305 0.09375000018479249
-4395050.115814907 -3410597.171025738 -3104996.363358031 0.9062500002797306 0.1250000003035794
-4490598.130183077 -3487516.880297377 -2874264.330717881 0.9062500002797306 0.1562500004205225
-4579401.252787047 -3558997.447684253 -2636714.306357326 0.9062500002797308 0.1875000004950058
-4661078.814215568 -3624734.640726506 -2392756.5843579 0.9062500002797307 0.2187500005621105
-4735266.257949732 -3684437.119528241 -2142852.673089117 0.9062500002797303 0.2500000006443778
-4801620.0877035 -3737830.387479985 -1887514.113270004 0.9062500002797307 0.2812500007256591
-4859822.811835706 -3784660.739376629 -1627300.318128905 0.9062500002797306 0.3125000008137811
-4909587.754482814 -3824699.102889291 -1362815.414276729 0.9062500002797306 0.343750000879918
-4950663.597291071 -3857744.664759087 -1094704.091515065 0.9062500002797306 0.3750000009705468
-4982838.513325076 -3883628.171242519 -823646.5125621766 0.9062500002797306 0.4062500010389247
-5005943.761929206 -3902214.798099563 -550352.3615783367 0.9062500002797305 0.4375000011540361
-5019856.623567852 -3913406.49358544 -275554.1594410671 0.9062500002797306 0.4687500012127608
-5024502.574405102 -3917143.714468042 0.01205944798115431 0.9062500002797306 0.5000000013670094
-5019856.622818054 -3913406.492982298 275554.1816661684 0.9062500002797306 0.5312500013100503
-5005943.760519722 -3902214.796965749 550352.3824380374 0.9062500002797307 0.5625000012235621
-4982838.511402339 -3883628.16969578 823646.5314873399 0.9062500002797306 0.593750001133016
-4950663.594957388 -3857744.662881685 1094704.108684839 0.9062500002797305 0.6250000010189026
-4909587.751787147 -3824699.100720565 1362815.43007442 0.9062500002797306 0.6562500009731667
-4859822.808876356 -3784660.736995607 1627300.332504419 0.9062500002797306 0.6875000008978924
-4801620.084546226 -3737830.384939518 1887514.126332617 0.9062500002797306 0.718750000857315
-4735266.254737151 -3684437.116943047 2142852.684633265 0.9062500002797307 0.7500000007831631
-4661078.811067284 -3624734.638192787 2392756.59432902 0.9062500002797305 0.7812500006993568
-4579401.249676272 -3558997.44518044 2636714.31513968 0.9062500002797306 0.8125000006446051
-4490598.1274275 -3487516.878079183 2874264.337714516 0.9062500002797306 0.8437500005130388
-4395050.113644246 -3410597.169278159 3104996.368350133 0.9062500002797306 0.8750000003830568
-4293149.158424183 -3328551.584714848 3328551.584610641 0.9062500002797306 0.9062500002690315
-4185293.877902983 -3241698.738119391 3544622.045700072 0.9062500002797306 0.9375000002150855
-4071885.243307673 -3150359.147524644 3752949.34777183 0.9062500002797306 0.9687500001013651
-3978769.261011938 -3364704.014862163 -3665760.911461215 0.93750000017302 0.03125000004281372
-4084862.706560071 -3457133.038183483 -3457133.03545799 0.93750000017302 0.06250000010892995
-4185293.879501265 -3544622.04667684 -3241698.734987836 0.9375000001730199 0.09375000018479249
-4279755.928643937 -3626904.982390143 -3019750.062497 0.93750000017302 0.1250000003035794
-4367948.895957279 -3703721.775257717 -2791613.95142441 0.93750000017302 0.1562500004205225
-4449582.467276162 -3774820.726417566 -2557652.312242018 0.93750000017302 0.1875000004950058
-4524378.811212868 -3839960.967864937 -2318261.662953907 0.93750000017302 0.2187500005621105
-4592075.456793031 -3898914.95557409 -2073872.264224529 0.93750000017302 0.2500000006443778
-4652428.155732811 -3951470.949243047 -1824946.73703997 0.93750000017302 0.2812500007256591
-4705213.670398591 -3997435.427592176 -1571978.154468175 0.9375000001730199 0.3125000008137811
-4750232.425679598 -4036635.385713767 -1315487.614850701 0.93750000017302 0.343750000879918
-4787310.963556796 -4068920.461455103 -1056021.314444406 0.93750000017302 0.3750000009705468
-4816304.139770022 -4094164.838349516 -794147.1586907754 0.93750000017302 0.4062500010389247
-4837097.007640601 -4112268.877516072 -530450.9569102998 0.93750000017302 0.4375000011540361
-4849606.338716306 -4123160.434933261 -265532.2716424015 0.93750000017302 0.4687500012127608
-4853781.740248091 -4126795.829458274 0.01162000438923126 0.93750000017302 0.5000000013670094
-4849606.338042375 -4123160.434346488 265532.29306228 0.93750000017302 0.5312500013100503
-4837097.006372885 -4112268.876412297 530450.9770273146 0.93750000017302 0.5625000012235621
-4816304.138038754 -4094164.836842116 794147.1769617727 0.93750000017302 0.593750001133016
-4787310.961452272 -4068920.459622672 1056021.331045422 0.93750000017302 0.6250000010189026
-4750232.423243888 -4036635.383592913 1315487.630154 0.93750000017302 0.6562500009731667
-4705213.66771834 -3997435.425258317 1571978.168425496 0.93750000017302 0.6875000008978924
-4652428.152865505 -3951470.946746211 1824946.74975602 0.93750000017302 0.718750000857315
-4592075.453866516 -3898914.953025583 2073872.275495805 0.93750000017302 0.750000000783163
-4524378.808335157 -3839960.965358803 2318261.672721274 0.93750000017302 0.7812500006993568
-4449582.464422209 -3774820.723931985 2557652.320875531 0.93750000017302 0.8125000006446051
-4367948.893419166 -3703721.773047075 2791613.958328642 0.93750000017302 0.8437500005130388
-4279755.926636172 -3626904.980641308 3019750.067442972 0.93750000017302 0.8750000003830568
-4185293.878085373 -3544622.045443457 3241698.738164504 0.93750000017302 0.9062500002690315
-4084862.705488862 -3457133.037250279 3457133.037656908 0.93750000017302 0.9375000002150855
-3978769.260509868 -3364704.014424739 3665760.912407656 0.93750000017302 0.9687500001013651
-3879934.91617193 -3573216.062232224 -3573216.061040186 0.9687500000810876 0.03125000004281372
-3978769.261446734 -3665760.913085671 -3364704.012578213 0.9687500000810879 0.06250000010892995
-4071885.244723544 -3752949.348894431 -3150359.144357283 0.9687500000810878 0.09375000018479249
-4159067.94309331 -3834580.494568257 -2930492.667694335 0.9687500000810878 0.1250000003035794
-4240111.369583824 -3910461.831058033 -2705436.164718038 0.9687500000810878 0.1562500004205225
-4314819.809417468 -3980410.443474587 -2475541.095142039 0.9687500000810878 0.1875000004950058
-4383009.148525126 -4044254.261975324 -2241178.098331203 0.9687500000810879 0.2187500005621105
-4444508.175221771 -4101833.277582185 -2002736.089280421 0.9687500000810876 0.2500000006443778
-4499159.836187132 -4153000.715318788 -1760621.148061736 0.9687500000810878 0.2812500007256591
-4546822.427029016 -4197624.146244675 -1515255.207524338 0.9687500000810877 0.3125000008137811
-4587370.6976202 -4235586.519883315 -1267074.549976562 0.9687500000810878 0.343750000879918
-4620696.854010147 -4266787.100046508 -1016528.123672651 0.968750000081088 0.3750000009705468
-4646711.438866976 -4291142.287199838 -764075.6997236205 0.9687500000810876 0.4062500010389247
-4665344.075499907 -4308586.31340743 -510185.8848655926 0.9687500000810878 0.4375000011540361
-4676544.061070123 -4319071.796411802 -255334.0210584872 0.9687500000810878 0.4687500012127608
-4680280.798820048 -4322570.143351797 0.01117292780804407 0.9687500000810878 0.5000000013670094
-4676544.060466927 -4319071.795847087 255334.0416586075 0.9687500000810878 0.5312500013100503
-4665344.074364512 -4308586.312344465 510185.9042249881 0.9687500000810878 0.5625000012235621
-4646711.437314735 -4291142.285746617 764075.7173250171 0.9687500000810878 0.593750001133016
-4620696.852120413 -4266787.098277307 1016528.139688632 0.9687500000810878 0.6250000010189026
-4587370.695428895 -4235586.517831764 1267074.564767992 0.9687500000810878 0.6562500009731667
-4546822.424612139 -4197624.143981921 1515255.221045032 0.9687500000810878 0.6875000008978924
-4499159.83359463 -4153000.712891582 1760621.160412074 0.9687500000810878 0.718750000857315
-4444508.172567672 -4101833.275097284 2002736.100259808 0.9687500000810878 0.750000000783163
-4383009.14590646 -4044254.259523556 2241178.107876726 0.9687500000810878 0.7812500006993568
-4314819.806810822 -3980410.441034035 2475541.103609525 0.9687500000810878 0.8125000006446051
-4240111.367256413 -3910461.828878889 2705436.17151544 0.9687500000810878 0.8437500005130388
-4159067.941244411 -3834580.492837107 2930492.672583588 0.9687500000810878 0.8750000003830568
-4071885.243413853 -3752949.347668125 3150359.14751095 0.9687500000810878 0.9062500002690315
-3978769.260451238 -3665760.912153535 3364704.014770927 0.9687500000810878 0.9375000002150855
-3879934.915703083 -3573216.06179321 3573216.061988292 0.9687500000810878 0.9687500001013651
$EndNodes
$Elements
27 6537 1 6537
0 1 15 1
6145 6147 
0 2 15 1
6146 1 
0 3 15 1
6147 2 
0 4 15 1
6148 3 
0 5 15 1
6149 4 
0 6 15 1
6150 5 
0 7 15 1
6151 6 
0 8 15 1
6152 7 
0 9 15 1
6153 8 
1 1 1 32
6154 1 9 
6155 9 10 
6156 10 11 
6157 11 12 
6158 12 13 
6159 13 14 
6160 14 15 
6161 15 16 
6162 16 17 
6163 17 18 
6164 18 19 
6165 19 20 
6166 20 21 
6167 21 22 
6168 22 23 
6169 23 24 
6170 24 25 
6171 25 26 
6172 26 27 
6173 27 28 
6174 28 29 
6175 29 30 
6176 30 31 
6177 31 32 
6178 32 33 
6179 33 34 
6180 34 35 
6181 35 36 
6182 36 37 
6183 37 38 
6184 38 39 
6185 39 2 
1 2 1 32
6186 2 40 
6187 40 41 
6188 41 42 
6189 42 43 
6190 43 44 
6191 44 45 
6192 45 46 
6193 46 47 
6194 47 48 
6195 48 49 
6196 49 50 
6197 50 51 
6198 51 52 
6199 52 53 
6200 53 54 
6201 54 55 
6202 55 56 
6203 56 57 
6204 57 58 
6205 58 59 
6206 59 60 
6207 60 61 
6208 61 62 
6209 62 63 
6210 63 64 
6211 64 65 
6212 65 66 
6213 66 67 
6214 67 68 
6215 68 69 
6216 69 70 
6217 70 3 
1 3 1 32
6218 3 71 
6219 71 72 
6220 72 73 
6221 73 74 
6222 74 75 
6223 75 76 
6224 76 77 
6225 77 78 
6226 78 79 
6227 79 80 
6228 80 81 
6229 81 82 
6230 82 83 
6231 83 84 
6232 84 85 
6233 85 86 
6234 86 87 
6235 87 88 
6236 88 89 
6237 89 90 
6238 90 91 
6239 91 92 
6240 92 93 
6241 93 94 
6242 94 95 
6243 95 96 
6244 96 97 
6245 97 98 
6246 98 99 
6247 99 100 
6248 100 101 
6249 101 4 
1 4 1 32
6250 4 102 
6251 102 103 
6252 103 104 
6253 104 105 
6254 105 106 
6255 106 107 
6256 107 108 
6257 108 109 
6258 109 110 
6259 110 111 
6260 111 112 
6261 112 113 
6262 113 114 
6263 114 115 
6264 115 116 
6265 116 117 
6266 117 118 
6267 118 119 
6268 119 120 
6269 120 121 
6270 121 122 
6271 122 123 
6272 123 124 
6273 124 125 
6274 125 126 
6275 126 127 
6276 127 128 
6277 128 129 
6278 129 130 
6279 130 131 
6280 131 132 
6281 132 1 
1 5 1 32
6282 5 133 
6283 133 134 
6284 134 135 
6285 135 136 
6286 136 137 
6287 137 138 
6288 138 139 
6289 139 140 
6290 140 141 
6291 141 142 
6292 142 143 
6293 143 144 
6294 144 145 
6295 145 146 
6296 146 147 
6297 147 148 
6298 148 149 
6299 149 150 
6300 150 151 
6301 151 152 
6302 152 153 
6303 153 154 
6304 154 155 
6305 155 156 
6306 156 157 
6307 157 158 
6308 158 159 
6309 159 160 
6310 160 161 
6311 161 162 
6312 162 163 
6313 163 6 
1 6 1 32
6314 6 164 
6315 164 165 
6316 165 166 
6317 166 167 
6318 167 168 
6319 168 169 
6320 169 170 
6321 170 171 
6322 171 172 
6323 172 173 
6324 173 174 
6325 174 175 
6326 175 176 
6327 176 177 
6328 177 178 
6329 178 179 
6330 179 180 
6331 180 181 
6332 181 182 
6333 182 183 
6334 183 184 
6335 184 185 
6336 185 186 
6337 186 187 
6338 187 188 
6339 188 189 
6340 189 190 
6341 190 191 
6342 191 192 
6343 192 193 
6344 193 194 
6345 194 7 
1 7 1 32
6346 7 195 
6347 195 196 
6348 196 197 
6349 197 198 
6350 198 199 
6351 199 200 
6352 200 201 
6353 201 202 
6354 202 203 
6355 203 204 
6356 204 205 
6357 205 206 
6358 206 207 
6359 207 208 
6360 208 209 
6361 209 210 
6362 210 211 
6363 211 212 
6364 212 213 
6365 213 214 
6366 214 215 
6367 215 216 
6368 216 217 
6369 217 218 
6370 218 219 
6371 219 220 
6372 220 221 
6373 221 222 
6374 222 223 
6375 223 224 
6376 224 225 
6377 225 8 
1 8 1 32
6378 8 226 
6379 226 227 
6380 227 228 
6381 228 229 
6382 229 230 
6383 230 231 
6384 231 232 
6385 232 233 
6386 233 234 
6387 234 235 
6388 235 236 
6389 236 237 
6390 237 238 
6391 238 239 
6392 239 240 
6393 240 241 
6394 241 242 
6395 242 243 
6396 243 244 
6397 244 245 
6398 245 246 
6399 246 247 
6400 247 248 
6401 248 249 
6402 249 250 
6403 250 251 
6404 251 252 
6405 252 253 
6406 253 254 
6407 254 255 
6408 255 256 
6409 256 5 
1 9 1 32
6410 1 257 
6411 257 258 
6412 258 259 
6413 259 260 
6414 260 261 
6415 261 262 
6416 262 263 
6417 263 264 
6418 264 265 
6419 265 266 
6420 266 267 
6421 267 268 
6422 268 269 
6423 269 270 
6424 270 271 
6425 271 272 
6426 272 273 
6427 273 274 
6428 274 275 
6429 275 276 
6430 276 277 
6431 277 278 
6432 278 279 
6433 279 280 
6434 280 281 
6435 281 282 
6436 282 283 
6437 283 284 
6438 284 285 
6439 285 286 
6440 286 287 
6441 287 5 
1 10 1 32
6442 2 288 
6443 288 289 
6444 289 290 
6445 290 291 
6446 291 292 
6447 292 293 
6448 293 294 
6449 294 295 
6450 295 296 
6451 296 297 
6452 297 298 
6453 298 299 
6454 299 300 
6455 300 301 
6456 301 302 
6457 302 303 
6458 303 304 
6459 304 305 
6460 305 306 
6461 306 307 
6462 307 308 
6463 308 309 
6464 309 310 
6465 310 311 
6466 311 312 
6467 312 313 
6468 313 314 
6469 314 315 
6470 315 316 
6471 316 317 
6472 317 318 
6473 318 6 
1 11 1 32
6474 3 319 
6475 319 320 
6476 320 321 
6477 321 322 
6478 322 323 
6479 323 324 
6480 324 325 
6481 325 326 
6482 326 327 
6483 327 328 
6484 328 329 
6485 329 330 
6486 330 331 
6487 331 332 
6488 332 333 
6489 333 334 
6490 334 335 
6491 335 336 
6492 336 337 
6493 337 338 
6494 338 339 
6495 339 340 
6496 340 341 
6497 341 342 
6498 342 343 
6499 343 344 
6500 344 345 
6501 345 346 
6502 346 347 
6503 347 348 
6504 348 349 
6505 349 7 
1 12 1 32
6506 4 350 
6507 350 351 
6508 351 352 
6509 352 353 
6510 353 354 
6511 354 355 
6512 355 356 
6513 356 357 
6514 357 358 
6515 358 359 
6516 359 360 
6517 360 361 
6518 361 362 
6519 362 363 
6520 363 364 
6521 364 365 
6522 365 366 
6523 366 367 
6524 367 368 
6525 368 369 
6526 369 370 
6527 370 371 
6528 371 372 
6529 372 373 
6530 373 374 
6531 374 375 
6532 375 376 
6533 376 377 
6534 377 378 
6535 378 379 
6536 379 380 
6537 380 8 
2 1 3 1024
1 1 9 381 132 
2 132 381 382 131 
3 131 382 383 130 
4 130 383 384 129 
5 129 384 385 128 
6 128 385 386 127 
7 127 386 387 126 
8 126 387 388 125 
9 125 388 389 124 
10 124 389 390 123 
11 123 390 391 122 
12 122 391 392 121 
13 121 392 393 120 
14 120 393 394 119 
15 119 394 395 118 
16 118 395 396 117 
17 117 396 397 116 
18 116 397 398 115 
19 115 398 399 114 
20 114 399 400 113 
21 113 400 401 112 
22 112 401 402 111 
23 111 402 403 110 
24 110 403 404 109 
25 109 404 405 108 
26 108 405 406 107 
27 107 406 407 106 
28 106 407 408 105 
29 105 408 409 104 
30 104 409 410 103 
31 103 410 411 102 
32 102 411 101 4 
33 9 10 412 381 
34 381 412 413 382 
35 382 413 414 383 
36 383 414 415 384 
37 384 415 416 385 
38 385 416 417 386 
39 386 417 418 387 
40 387 418 419 388 
41 388 419 420 389 
42 389 420 421 390 
43 390 421 422 391 
44 391 422 423 392 
45 392 423 424 393 
46 393 424 425 394 
47 394 425 426 395 
48 395 426 427 396 
49 396 427 428 397 
50 397 428 429 398 
51 398 429 430 399 
52 399 430 431 400 
53 400 431 432 401 
54 401 432 433 402 
55 402 433 434 403 
56 403 434 435 404 
57 404 435 436 405 
58 405 436 437 406 
59 406 437 438 407 
60 407 438 439 408 
61 408 439 440 409 
62 409 440 441 410 
63 410 441 442 411 
64 411 442 100 101 
65 10 11 443 412 
66 412 443 444 413 
67 413 444 445 414 
68 414 445 446 415 
69 415 446 447 416 
70 416 447 448 417 
71 417 448 449 418 
72 418 449 450 419 
73 419 450 451 420 
74 420 451 452 421 
75 421 452 453 422 
76 422 453 454 423 
77 423 454 455 424 
78 424 455 456 425 
79 425 456 457 426 
80 426 457 458 427 
81 427 458 459 428 
82 428 459 460 429 
83 429 460 461 430 
84 430 461 462 431 
85 431 462 463 432 
86 432 463 464 433 
87 433 464 465 434 
88 434 465 466 435 
89 435 466 467 436 
90 436 467 468 437 
91 437 468 469 438 
92 438 469 470 439 
93 439 470 471 440 
94 440 471 472 441 
95 441 472 473 442 
96 442 473 99 100 
97 11 12 474 443 
98 443 474 475 444 
99 444 475 476 445 
100 445 476 477 446 
101 446 477 478 447 
102 447 478 479 448 
103 448 479 480 449 
104 449 480 481 450 
105 450 481 482 451 
106 451 482 483 452 
107 452 483 484 453 
108 453 484 485 454 
109 454 485 486 455 
110 455 486 487 456 
111 456 487 488 457 
112 457 488 489 458 
113 458 489 490 459 
114 459 490 491 460 
115 460 491 492 461 
116 461 492 493 462 
117 462 493 494 463 
118 463 494 495 464 
119 464 495 496 465 
120 465 496 497 466 
121 466 497 498 467 
122 467 498 499 468 
123 468 499 500 469 
124 469 500 501 470 
125 470 501 502 471 
126 471 502 503 472 
127 472 503 504 473 
128 473 504 98 99 
129 12 13 505 474 
130 474 505 506 475 
131 475 506 507 476 
132 476 507 508 477 
133 477 508 509 478 
134 478 509 510 479 
135 479 510 511 480 
136 480 511 512 481 
137 481 512 513 482 
138 482 513 514 483 
139 483 514 515 484 
140 484 515 516 485 
141 485 516 517 486 
142 486 517 518 487 
143 487 518 519 488 
144 488 519 520 489 
145 489 520 521 490 
146 490 521 522 491 
147 491 522 523 492 
148 492 523 524 493 
149 493 524 525 494 
150 494 525 526 495 
151 495 526 527 496 
152 496 527 528 497 
153 497 528 529 498 
154 498 529 530 499 
155 499 530 531 500 
156 500 531 532 501 
157 501 532 533 502 
158 502 533 534 503 
159 503 534 535 504 
160 504 535 97 98 
161 13 14 536 505 
162 505 536 537 506 
163 506 537 538 507 
164 507 538 539 508 
165 508 539 540 509 
166 509 540 541 510 
167 510 541 542 511 
168 511 542 543 512 
169 512 543 544 513 
170 513 544 545 514 
171 514 545 546 515 
172 515 546 547 516 
173 516 547 548 517 
174 517 548 549 518 
175 518 549 550 519 
176 519 550 551 520 
177 520 551 552 521 
178 521 552 553 522 
179 522 553 554 523 
180 523 554 555 524 
181 524 555 556 525 
182 525 556 557 526 
183 526 557 558 527 
184 527 558 559 528 
185 528 559 560 529 
186 529 560 561 530 
187 530 561 562 531 
188 531 562 563 532 
189 532 563 564 533 
190 533 564 565 534 
191 534 565 566 535 
192 535 566 96 97 
193 14 15 567 536 
194 536 567 568 537 
195 537 568 569 538 
196 538 569 570 539 
197 539 570 571 540 
198 540 571 572 541 
199 541 572 573 542 
200 542 573 574 543 
201 543 574 575 544 
202 544 575 576 545 
203 545 576 577 546 
204 546 577 578 547 
205 547 578 579 548 
206 548 579 580 549 
207 549 580 581 550 
208 550 581 582 551 
209 551 582 583 552 
210 552 583 584 553 
211 553 584 585 554 
212 554 585 586 555 
213 555 586 587 556 
214 556 587 588 557 
215 557 588 589 558 
216 558 589 590 559 
217 559 590 591 560 
218 560 591 592 561 
219 561 592 593 562 
220 562 593 594 563 
221 563 594 595 564 
222 564 595 596 565 
223 565 596 597 566 
224 566 597 95 96 
225 15 16 598 567 
226 567 598 599 568 
227 568 599 600 569 
228 569 600 601 570 
229 570 601 602 571 
230 571 602 603 572 
231 572 603 604 573 
232 573 604 605 574 
233 574 605 606 575 
234 575 606 607 576 
235 576 607 608 577 
236 577 608 609 578 
237 578 609 610 579 
238 579 610 611 580 
239 580 611 612 581 
240 581 612 613 582 
241 582 613 614 583 
242 583 614 615 584 
243 584 615 616 585 
244 585 616 617 586 
245 586 617 618 587 
246 587 618 619 588 
247 588 619 620 589 
248 589 620 621 590 
249 590 621 622 591 
250 591 622 623 592 
251 592 623 624 593 
252 593 624 625 594 
253 594 625 626 595 
254 595 626 627 596 
255 596 627 628 597 
256 597 628 94 95 
257 16 17 629 598 
258 598 629 630 599 
259 599 630 631 600 
260 600 631 632 601 
261 601 632 633 602 
262 602 633 634 603 
263 603 634 635 604 
264 604 635 636 605 
265 605 636 637 606 
266 606 637 638 607 
267 607 638 639 608 
268 608 639 640 609 
269 609 640 641 610 
270 610 641 642 611 
271 611 642 643 612 
272 612 643 644 613 
273 613 644 645 614 
274 614 645 646 615 
275 615 646 647 616 
276 616 647 648 617 
277 617 648 649 618 
278 618 649 650 619 
279 619 650 651 620 
280 620 651 652 621 
281 621 652 653 622 
282 622 653 654 623 
283 623 654 655 624 
284 624 655 656 625 
285 625 656 657 626 
286 626 657 658 627 
287 627 658 659 628 
288 628 659 93 94 
289 17 18 660 629 
290 629 660 661 630 
291 630 661 662 631 
292 631 662 663 632 
293 632 663 664 633 
294 633 664 665 634 
295 634 665 666 635 
296 635 666 667 636 
297 636 667 668 637 
298 637 668 669 638 
299 638 669 670 639 
300 639 670 671 640 
301 640 671 672 641 
302 641 672 673 642 
303 642 673 674 643 
304 643 674 675 644 
305 644 675 676 645 
306 645 676 677 646 
307 646 677 678 647 
308 647 678 679 648 
309 648 679 680 649 
310 649 680 681 650 
311 650 681 682 651 
312 651 682 683 652 
313 652 683 684 653 
314 653 684 685 654 
315 654 685 686 655 
316 655 686 687 656 
317 656 687 688 657 
318 657 688 689 658 
319 658 689 690 659 
320 659 690 92 93 
321 18 19 691 660 
322 660 691 692 661 
323 661 692 693 662 
324 662 693 694 663 
325 663 694 695 664 
326 664 695 696 665 
327 665 696 697 666 
328 666 697 698 667 
329 667 698 699 668 
330 668 699 700 669 
331 669 700 701 670 
332 670 701 702 671 
333 671 702 703 672 
334 672 703 704 673 
335 673 704 705 674 
336 674 705 706 675 
337 675 706 707 676 
338 676 707 708 677 
339 677 708 709 678 
340 678 709 710 679 
341 679 710 711 680 
342 680 711 712 681 
343 681 712 713 682 
344 682 713 714 683 
345 683 714 715 684 
346 684 715 716 685 
347 685 716 717 686 
348 686 717 718 687 
349 687 718 719 688 
350 688 719 720 689 
351 689 720 721 690 
352 690 721 91 92 
353 19 20 722 691 
354 691 722 723 692 
355 692 723 724 693 
356 693 724 725 694 
357 694 725 726 695 
358 695 726 727 696 
359 696 727 728 697 
360 697 728 729 698 
361 698 729 730 699 
362 699 730 731 700 
363 700 731 732 701 
364 701 732 733 702 
365 702 733 734 703 
366 703 734 735 704 
367 704 735 736 705 
368 705 736 737 706 
369 706 737 738 707 
370 707 738 739 708 
371 708 739 740 709 
372 709 740 741 710 
373 710 741 742 711 
374 711 742 743 712 
375 712 743 744 713 
376 713 744 745 714 
377 714 745 746 715 
378 715 746 747 716 
379 716 747 748 717 
380 717 748 749 718 
381 718 749 750 719 
382 719 750 751 720 
383 720 751 752 721 
384 721 752 90 91 
385 20 21 753 722 
386 722 753 754 723 
387 723 754 755 724 
388 724 755 756 725 
389 725 756 757 726 
390 726 757 758 727 
391 727 758 759 728 
392 728 759 760 729 
393 729 760 761 730 
394 730 761 762 731 
395 731 762 763 732 
396 732 763 764 733 
397 733 764 765 734 
398 734 765 766 735 
399 735 766 767 736 
400 736 767 768 737 
401 737 768 769 738 
402 738 769 770 739 
403 739 770 771 740 
404 740 771 772 741 
405 741 772 773 742 
406 742 773 774 743 
407 743 774 775 744 
408 744 775 776 745 
409 745 776 777 746 
410 746 777 778 747 
411 747 778 779 748 
412 748 779 780 749 
413 749 780 781 750 
414 750 781 782 751 
415 751 782 783 752 
416 752 783 89 90 
417 21 22 784 753 
418 753 784 785 754 
419 754 785 786 755 
420 755 786 787 756 
421 756 787 788 757 
422 757 788 789 758 
423 758 789 790 759 
424 759 790 791 760 
425 760 791 792 761 
426 761 792 793 762 
427 762 793 794 763 
428 763 794 795 764 
429 764 795 796 765 
430 765 796 797 766 
431 766 797 798 767 
432 767 798 799 768 
433 768 799 800 769 
434 769 800 801 770 
435 770 801 802 771 
436 771 802 803 772 
437 772 803 804 773 
438 773 804 805 774 
439 774 805 806 775 
440 775 806 807 776 
441 776 807 808 777 
442 777 808 809 778 
443 778 809 810 779 
444 779 810 811 780 
445 780 811 812 781 
446 781 812 813 782 
447 782 813 814 783 
448 783 814 88 89 
449 22 23 815 784 
450 784 815 816 785 
451 785 816 817 786 
452 786 817 818 787 
453 787 818 819 788 
454 788 819 820 789 
455 789 820 821 790 
456 790 821 822 791 
457 791 822 823 792 
458 792 823 824 793 
459 793 824 825 794 
460 794 825 826 795 
461 795 826 827 796 
462 796 827 828 797 
463 797 828 829 798 
464 798 829 830 799 
465 799 830 831 800 
466 800 831 832 801 
467 801 832 833 802 
468 802 833 834 803 
469 803 834 835 804 
470 804 835 836 805 
471 805 836 837 806 
472 806 837 838 807 
473 807 838 839 808 
474 808 839 840 809 
475 809 840 841 810 
476 810 841 842 811 
477 811 842 843 812 
478 812 843 844 813 
479 813 844 845 814 
480 814 845 87 88 
481 23 24 846 815 
482 815 846 847 816 
483 816 847 848 817 
484 817 848 849 818 
485 818 849 850 819 
486 819 850 851 820 
487 820 851 852 821 
488 821 852 853 822 
489 822 853 854 823 
490 823 854 855 824 
491 824 855 856 825 
492 825 856 857 826 
493 826 857 858 827 
494 827 858 859 828 
495 828 859 860 829 
496 829 860 861 830 
497 830 861 862 831 
498 831 862 863 832 
499 832 863 864 833 
500 833 864 865 834 
501 834 865 866 835 
502 835 866 867 836 
503 836 867 868 837 
504 837 868 869 838 
505 838 869 870 839 
506 839 870 871 840 
507 840 871 872 841 
508 841 872 873 842 
509 842 873 874 843 
510 843 874 875 844 
511 844 875 876 845 
512 845 876 86 87 
513 24 25 877 846 
514 846 877 878 847 
515 847 878 879 848 
516 848 879 880 849 
517 849 880 881 850 
518 850 881 882 851 
519 851 882 883 852 
520 852 883 884 853 
521 853 884 885 854 
522 854 885 886 855 
523 855 886 887 856 
524 856 887 888 857 
525 857 888 889 858 
526 858 889 890 859 
527 859 890 891 860 
528 860 891 892 861 
529 861 892 893 862 
530 862 893 894 863 
531 863 894 895 864 
532 864 895 896 865 
533 865 896 897 866 
534 866 897 898 867 
535 867 898 899 868 
536 868 899 900 869 
537 869 900 901 870 
538 870 901 902 871 
539 871 902 903 872 
540 872 903 904 873 
541 873 904 905 874 
542 874 905 906 875 
543 875 906 907 876 
544 876 907 85 86 
545 25 26 908 877 
546 877 908 909 878 
547 878 909 910 879 
548 879 910 911 880 
549 880 911 912 881 
550 881 912 913 882 
551 882 913 914 883 
552 883 914 915 884 
553 884 915 916 885 
554 885 916 917 886 
555 886 917 918 887 
556 887 918 919 888 
557 888 919 920 889 
558 889 920 921 890 
559 890 921 922 891 
560 891 922 923 892 
561 892 923 924 893 
562 893 924 925 894 
563 894 925 926 895 
564 895 926 927 896 
565 896 927 928 897 
566 897 928 929 898 
567 898 929 930 899 
568 899 930 931 900 
569 900 931 932 901 
570 901 932 933 902 
571 902 933 934 903 
572 903 934 935 904 
573 904 935 936 905 
574 905 936 937 906 
575 906 937 938 907 
576 907 938 84 85 
577 26 27 939 908 
578 908 939 940 909 
579 909 940 941 910 
580 910 941 942 911 
581 911 942 943 912 
582 912 943 944 913 
583 913 944 945 914 
584 914 945 946 915 
585 915 946 947 916 
586 916 947 948 917 
587 917 948 949 918 
588 918 949 950 919 
589 919 950 951 920 
590 920 951 952 921 
591 921 952 953 922 
592 922 953 954 923 
593 923 954 955 924 
594 924 955 956 925 
595 925 956 957 926 
596 926 957 958 927 
597 927 958 959 928 
598 928 959 960 929 
599 929 960 961 930 
600 930 961 962 931 
601 931 962 963 932 
602 932 963 964 933 
603 933 964 965 934 
604 934 965 966 935 
605 935 966 967 936 
606 936 967 968 937 
607 937 968 969 938 
608 938 969 83 84 
609 27 28 970 939 
610 939 970 971 940 
611 940 971 972 941 
612 941 972 973 942 
613 942 973 974 943 
614 943 974 975 944 
615 944 975 976 945 
616 945 976 977 946 
617 946 977 978 947 
618 947 978 979 948 
619 948 979 980 949 
620 949 980 981 950 
621 950 981 982 951 
622 951 982 983 952 
623 952 983 984 953 
624 953 984 985 954 
625 954 985 986 955 
626 955 986 987 956 
627 956 987 988 957 
628 957 988 989 958 
629 958 989 990 959 
630 959 990 991 960 
631 960 991 992 961 
632 961 992 993 962 
633 962 993 994 963 
634 963 994 995 964 
635 964 995 996 965 
636 965 996 997 966 
637 966 997 998 967 
638 967 998 999 968 
639 968 999 1000 969 
640 969 1000 82 83 
641 28 29 1001 970 
642 970 1001 1002 971 
643 971 1002 1003 972 
644 972 1003 1004 973 
645 973 1004 1005 974 
646 974 1005 1006 975 
647 975 1006 1007 976 
648 976 1007 1008 977 
649 977 1008 1009 978 
650 978 1009 1010 979 
651 979 1010 1011 980 
652 980 1011 1012 981 
653 981 1012 1013 982 
654 982 1013 1014 983 
655 983 1014 1015 984 
656 984 1015 1016 985 
657 985 1016 1017 986 
658 986 1017 1018 987 
659 987 1018 1019 988 
660 988 1019 1020 989 
661 989 1020 1021 990 
662 990 1021 1022 991 
663 991 1022 1023 992 
664 992 1023 1024 993 
665 993 1024 1025 994 
666 994 1025 1026 995 
667 995 1026 1027 996 
668 996 1027 1028 997 
669 997 1028 1029 998 
670 998 1029 1030 999 
671 999 1030 1031 1000 
672 1000 1031 81 82 
673 29 30 1032 1001 
674 1001 1032 1033 1002 
675 1002 1033 1034 1003 
676 1003 1034 1035 1004 
677 1004 1035 1036 1005 
678 1005 1036 1037 1006 
679 1006 1037 1038 1007 
680 1007 1038 1039 1008 
681 1008 1039 1040 1009 
682 1009 1040 1041 1010 
683 1010 1041 1042 1011 
684 1011 1042 1043 1012 
685 1012 1043 1044 1013 
686 1013 1044 1045 1014 
687 1014 1045 1046 1015 
688 1015 1046 1047 1016 
689 1016 1047 1048 1017 
690 1017 1048 1049 1018 
691 1018 1049 1050 1019 
692 1019 1050 1051 1020 
693 1020 1051 1052 1021 
694 1021 1052 1053 1022 
695 1022 1053 1054 1023 
696 1023 1054 1055 1024 
697 1024 1055 1056 1025 
698 1025 1056 1057 1026 
699 1026 1057 1058 1027 
700 1027 1058 1059 1028 
701 1028 1059 1060 1029 
702 1029 1060 1061 1030 
703 1030 1061 1062 1031 
704 1031 1062 80 81 
705 30 31 1063 1032 
706 1032 1063 1064 1033 
707 1033 1064 1065 1034 
708 1034 1065 1066 1035 
709 1035 1066 1067 1036 
710 1036 1067 1068 1037 
711 1037 1068 1069 1038 
712 1038 1069 1070 1039 
713 1039 1070 1071 1040 
714 1040 1071 1072 1041 
715 1041 1072 1073 1042 
716 1042 1073 1074 1043 
717 1043 1074 1075 1044 
718 1044 1075 1076 1045 
719 1045 1076 1077 1046 
720 1046 1077 1078 1047 
721 1047 1078 1079 1048 
722 1048 1079 1080 1049 
723 1049 1080 1081 1050 
724 1050 1081 1082 1051 
725 1051 1082 1083 1052 
726 1052 1083 1084 1053 
727 1053 1084 1085 1054 
728 1054 1085 1086 1055 
729 1055 1086 1087 1056 
730 1056 1087 1088 1057 
731 1057 1088 1089 1058 
732 1058 1089 1090 1059 
733 1059 1090 1091 1060 
734 1060 1091 1092 1061 
735 1061 1092 1093 1062 
736 1062 1093 79 80 
737 31 32 1094 1063 
738 1063 1094 1095 1064 
739 1064 1095 1096 1065 
740 1065 1096 1097 1066 
741 1066 1097 1098 1067 
742 1067 1098 1099 1068 
743 1068 1099 1100 1069 
744 1069 1100 1101 1070 
745 1070 1101 1102 1071 
746 1071 1102 1103 1072 
747 1072 1103 1104 1073 
748 1073 1104 1105 1074 
749 1074 1105 1106 1075 
750 1075 1106 1107 1076 
751 1076 1107 1108 1077 
752 1077 1108 1109 1078 
753 1078 1109 1110 1079 
754 1079 1110 1111 1080 
755 1080 1111 1112 1081 
756 1081 1112 1113 1082 
757 1082 1113 1114 1083 
758 1083 1114 1115 1084 
759 1084 1115 1116 1085 
760 1085 1116 1117 1086 
761 1086 1117 1118 1087 
762 1087 1118 1119 1088 
763 1088 1119 1120 1089 
764 1089 1120 1121 1090 
765 1090 1121 1122 1091 
766 1091 1122 1123 1092 
767 1092 1123 1124 1093 
768 1093 1124 78 79 
769 32 33 1125 1094 
770 1094 1125 1126 1095 
771 1095 1126 1127 1096 
772 1096 1127 1128 1097 
773 1097 1128 1129 1098 
774 1098 1129 1130 1099 
775 1099 1130 1131 1100 
776 1100 1131 1132 1101 
777 1101 1132 1133 1102 
778 1102 1133 1134 1103 
779 1103 1134 1135 1104 
780 1104 1135 1136 1105 
781 1105 1136 1137 1106 
782 1106 1137 1138 1107 
783 1107 1138 1139 1108 
784 1108 1139 1140 1109 
785 1109 1140 1141 1110 
786 1110 1141 1142 1111 
787 1111 1142 1143 1112 
788 1112 1143 1144 1113 
789 1113 1144 1145 1114 
790 1114 1145 1146 1115 
791 1115 1146 1147 1116 
792 1116 1147 1148 1117 
793 1117 1148 1149 1118 
794 1118 1149 1150 1119 
795 1119 1150 1151 1120 
796 1120 1151 1152 1121 
797 1121 1152 1153 1122 
798 1122 1153 1154 1123 
799 1123 1154 1155 1124 
800 1124 1155 77 78 
801 33 34 1156 1125 
802 1125 1156 1157 1126 
803 1126 1157 1158 1127 
804 1127 1158 1159 1128 
805 1128 1159 1160 1129 
806 1129 1160 1161 1130 
807 1130 1161 1162 1131 
808 1131 1162 1163 1132 
809 1132 1163 1164 1133 
810 1133 1164 1165 1134 
811 1134 1165 1166 1135 
812 1135 1166 1167 1136 
813 1136 1167 1168 1137 
814 1137 1168 1169 1138 
815 1138 1169 1170 1139 
816 1139 1170 1171 1140 
817 1140 1171 1172 1141 
818 1141 1172 1173 1142 
819 1142 1173 1174 1143 
820 1143 1174 1175 1144 
821 1144 1175 1176 1145 
822 1145 1176 1177 1146 
823 1146 1177 1178 1147 
824 1147 1178 1179 1148 
825 1148 1179 1180 1149 
826 1149 1180 1181 1150 
827 1150 1181 1182 1151 
828 1151 1182 1183 1152 
829 1152 1183 1184 1153 
830 1153 1184 1185 1154 
831 1154 1185 1186 1155 
832 1155 1186 76 77 
833 34 35 1187 1156 
834 1156 1187 1188 1157 
835 1157 1188 1189 1158 
836 1158 1189 1190 1159 
837 1159 1190 1191 1160 
838 1160 1191 1192 1161 
839 1161 1192 1193 1162 
840 1162 1193 1194 1163 
841 1163 1194 1195 1164 
842 1164 1195 1196 1165 
843 1165 1196 1197 1166 
844 1166 1197 1198 1167 
845 1167 1198 1199 1168 
846 1168 1199 1200 1169 
847 1169 1200 1201 1170 
848 1170 1201 1202 1171 
849 1171 1202 1203 1172 
850 1172 1203 1204 1173 
851 1173 1204 1205 1174 
852 1174 1205 1206 1175 
853 1175 1206 1207 1176 
854 1176 1207 1208 1177 
855 1177 1208 1209 1178 
856 1178 1209 1210 1179 
857 1179 1210 1211 1180 
858 1180 1211 1212 1181 
859 1181 1212 1213 1182 
860 1182 1213 1214 1183 
861 1183 1214 1215 1184 
862 1184 1215 1216 1185 
863 1185 1216 1217 1186 
864 1186 1217 75 76 
865 35 36 1218 1187 
866 1187 1218 1219 1188 
867 1188 1219 1220 1189 
868 1189 1220 1221 1190 
869 1190 1221 1222 1191 
870 1191 1222 1223 1192 
871 1192 1223 1224 1193 
872 1193 1224 1225 1194 
873 1194 1225 1226 1195 
874 1195 1226 1227 1196 
875 1196 1227 1228 1197 
876 1197 1228 1229 1198 
877 1198 1229 1230 1199 
878 1199 1230 1231 1200 
879 1200 1231 1232 1201 
880 1201 1232 1233 1202 
881 1202 1233 1234 1203 
882 1203 1234 1235 1204 
883 1204 1235 1236 1205 
884 1205 1236 1237 1206 
885 1206 1237 1238 1207 
886 1207 1238 1239 1208 
887 1208 1239 1240 1209 
888 1209 1240 1241 1210 
889 1210 1241 1242 1211 
890 1211 1242 1243 1212 
891 1212 1243 1244 1213 
892 1213 1244 1245 1214 
893 1214 1245 1246 1215 
894 1215 1246 1247 1216 
895 1216 1247 1248 1217 
896 1217 1248 74 75 
897 36 37 1249 1218 
898 1218 1249 1250 1219 
899 1219 1250 1251 1220 
900 1220 1251 1252 1221 
901 1221 1252 1253 1222 
902 1222 1253 1254 1223 
903 1223 1254 1255 1224 
904 1224 1255 1256 1225 
905 1225 1256 1257 1226 
906 1226 1257 1258 1227 
907 1227 1258 1259 1228 
908 1228 1259 1260 1229 
909 1229 1260 1261 1230 
910 1230 1261 1262 1231 
911 1231 1262 1263 1232 
912 1232 1263 1264 1233 
913 1233 1264 1265 1234 
914 1234 1265 1266 1235 
915 1235 1266 1267 1236 
916 1236 1267 1268 1237 
917 1237 1268 1269 1238 
918 1238 1269 1270 1239 
919 1239 1270 1271 1240 
920 1240 1271 1272 1241 
921 1241 1272 1273 1242 
922 1242 1273 1274 1243 
923 1243 1274 1275 1244 
924 1244 1275 1276 1245 
925 1245 1276 1277 1246 
926 1246 1277 1278 1247 
927 1247 1278 1279 1248 
928 1248 1279 73 74 
929 37 38 1280 1249 
930 1249 1280 1281 1250 
931 1250 1281 1282 1251 
932 1251 1282 1283 1252 
933 1252 1283 1284 1253 
934 1253 1284 1285 1254 
935 1254 1285 1286 1255 
936 1255 1286 1287 1256 
937 1256 1287 1288 1257 
938 1257 1288 1289 1258 
939 1258 1289 1290 1259 
940 1259 1290 1291 1260 
941 1260 1291 1292 1261 
942 1261 1292 1293 1262 
943 1262 1293 1294 1263 
944 1263 1294 1295 1264 
945 1264 1295 1296 1265 
946 1265 1296 1297 1266 
947 1266 1297 1298 1267 
948 1267 1298 1299 1268 
949 1268 1299 1300 1269 
950 1269 1300 1301 1270 
951 1270 1301 1302 1271 
952 1271 1302 1303 1272 
953 1272 1303 1304 1273 
954 1273 1304 1305 1274 
955 1274 1305 1306 1275 
956 1275 1306 1307 1276 
957 1276 1307 1308 1277 
958 1277 1308 1309 1278 
959 1278 1309 1310 1279 
960 1279 1310 72 73 
961 38 39 1311 1280 
962 1280 1311 1312 1281 
963 1281 1312 1313 1282 
964 1282 1313 1314 1283 
965 1283 1314 1315 1284 
966 1284 1315 1316 1285 
967 1285 1316 1317 1286 
968 1286 1317 1318 1287 
969 1287 1318 1319 1288 
970 1288 1319 1320 1289 
971 1289 1320 1321 1290 
972 1290 1321 1322 1291 
973 1291 1322 1323 1292 
974 1292 1323 1324 1293 
975 1293 1324 1325 1294 
976 1294 1325 1326 1295 
977 1295 1326 1327 1296 
978 1296 1327 1328 1297 
979 1297 1328 1329 1298 
980 1298 1329 1330 1299 
981 1299 1330 1331 1300 
982 1300 1331 1332 1301 
983 1301 1332 1333 1302 
984 1302 1333 1334 1303 
985 1303 1334 1335 1304 
986 1304 1335 1336 1305 
987 1305 1336 1337 1306 
988 1306 1337 1338 1307 
989 1307 1338 1339 1308 
990 1308 1339 1340 1309 
991 1309 1340 1341 1310 
992 1310 1341 71 72 
993 39 2 40 1311 
994 1311 40 41 1312 
995 1312 41 42 1313 
996 1313 42 43 1314 
997 1314 43 44 1315 
998 1315 44 45 1316 
999 1316 45 46 1317 
1000 1317 46 47 1318 
1001 1318 47 48 1319 
1002 1319 48 49 1320 
1003 1320 49 50 1321 
1004 1321 50 51 1322 
1005 1322 51 52 1323 
1006 1323 52 53 1324 
1007 1324 53 54 1325 
1008 1325 54 55 1326 
1009 1326 55 56 1327 
1010 1327 56 57 1328 
1011 1328 57 58 1329 
1012 1329 58 59 1330 
1013 1330 59 60 1331 
1014 1331 60 61 1332 
1015 1332 61 62 1333 
1016 1333 62 63 1334 
1017 1334 63 64 1335 
1018 1335 64 65 1336 
1019 1336 65 66 1337 
1020 1337 66 67 1338 
1021 1338 67 68 1339 
1022 1339 68 69 1340 
1023 1340 69 70 1341 
1024 1341 70 3 71 
2 2 3 1024
1025 5 133 1342 256 
1026 256 1342 1343 255 
1027 255 1343 1344 254 
1028 254 1344 1345 253 
1029 253 1345 1346 252 
1030 252 1346 1347 251 
1031 251 1347 1348 250 
1032 250 1348 1349 249 
1033 249 1349 1350 248 
1034 248 1350 1351 247 
1035 247 1351 1352 246 
1036 246 1352 1353 245 
1037 245 1353 1354 244 
1038 244 1354 1355 243 
1039 243 1355 1356 242 
1040 242 1356 1357 241 
1041 241 1357 1358 240 
1042 240 1358 1359 239 
1043 239 1359 1360 238 
1044 238 1360 1361 237 
1045 237 1361 1362 236 
1046 236 1362 1363 235 
1047 235 1363 1364 234 
1048 234 1364 1365 233 
1049 233 1365 1366 232 
1050 232 1366 1367 231 
1051 231 1367 1368 230 
1052 230 1368 1369 229 
1053 229 1369 1370 228 
1054 228 1370 1371 227 
1055 227 1371 1372 226 
1056 226 1372 225 8 
1057 133 134 1373 1342 
1058 1342 1373 1374 1343 
1059 1343 1374 1375 1344 
1060 1344 1375 1376 1345 
1061 1345 1376 1377 1346 
1062 1346 1377 1378 1347 
1063 1347 1378 1379 1348 
1064 1348 1379 1380 1349 
1065 1349 1380 1381 1350 
1066 1350 1381 1382 1351 
1067 1351 1382 1383 1352 
1068 1352 1383 1384 1353 
1069 1353 1384 1385 1354 
1070 1354 1385 1386 1355 
1071 1355 1386 1387 1356 
1072 1356 1387 1388 1357 
1073 1357 1388 1389 1358 
1074 1358 1389 1390 1359 
1075 1359 1390 1391 1360 
1076 1360 1391 1392 1361 
1077 1361 1392 1393 1362 
1078 1362 1393 1394 1363 
1079 1363 1394 1395 1364 
1080 1364 1395 1396 1365 
1081 1365 1396 1397 1366 
1082 1366 1397 1398 1367 
1083 1367 1398 1399 1368 
1084 1368 1399 1400 1369 
1085 1369 1400 1401 1370 
1086 1370 1401 1402 1371 
1087 1371 1402 1403 1372 
1088 1372 1403 224 225 
1089 134 135 1404 1373 
1090 1373 1404 1405 1374 
1091 1374 1405 1406 1375 
1092 1375 1406 1407 1376 
1093 1376 1407 1408 1377 
1094 1377 1408 1409 1378 
1095 1378 1409 1410 1379 
1096 1379 1410 1411 1380 
1097 1380 1411 1412 1381 
1098 1381 1412 1413 1382 
1099 1382 1413 1414 1383 
1100 1383 1414 1415 1384 
1101 1384 1415 1416 1385 
1102 1385 1416 1417 1386 
1103 1386 1417 1418 1387 
1104 1387 1418 1419 1388 
1105 1388 1419 1420 1389 
1106 1389 1420 1421 1390 
1107 1390 1421 1422 1391 
1108 1391 1422 1423 1392 
1109 1392 1423 1424 1393 
1110 1393 1424 1425 1394 
1111 1394 1425 1426 1395 
1112 1395 1426 1427 1396 
1113 1396 1427 1428 1397 
1114 1397 1428 1429 1398 
1115 1398 1429 1430 1399 
1116 1399 1430 1431 1400 
1117 1400 1431 1432 1401 
1118 1401 1432 1433 1402 
1119 1402 1433 1434 1403 
1120 1403 1434 223 224 
1121 135 136 1435 1404 
1122 1404 1435 1436 1405 
1123 1405 1436 1437 1406 
1124 1406 1437 1438 1407 
1125 1407 1438 1439 1408 
1126 1408 1439 1440 1409 
1127 1409 1440 1441 1410 
1128 1410 1441 1442 1411 
1129 1411 1442 1443 1412 
1130 1412 1443 1444 1413 
1131 1413 1444 1445 1414 
1132 1414 1445 1446 1415 
1133 1415 1446 1447 1416 
1134 1416 1447 1448 1417 
1135 1417 1448 1449 1418 
1136 1418 1449 1450 1419 
1137 1419 1450 1451 1420 
1138 1420 1451 1452 1421 
1139 1421 1452 1453 1422 
1140 1422 1453 1454 1423 
1141 1423 1454 1455 1424 
1142 1424 1455 1456 1425 
1143 1425 1456 1457 1426 
1144 1426 1457 1458 1427 
1145 1427 1458 1459 1428 
1146 1428 1459 1460 1429 
1147 1429 1460 1461 1430 
1148 1430 1461 1462 1431 
1149 1431 1462 1463 1432 
1150 1432 1463 1464 1433 
1151 1433 1464 1465 1434 
1152 1434 1465 222 223 
1153 136 137 1466 1435 
1154 1435 1466 1467 1436 
1155 1436 1467 1468 1437 
1156 1437 1468 1469 1438 
1157 1438 1469 1470 1439 
1158 1439 1470 1471 1440 
1159 1440 1471 1472 1441 
1160 1441 1472 1473 1442 
1161 1442 1473 1474 1443 
1162 1443 1474 1475 1444 
1163 1444 1475 1476 1445 
1164 1445 1476 1477 1446 
1165 1446 1477 1478 1447 
1166 1447 1478 1479 1448 
1167 1448 1479 1480 1449 
1168 1449 1480 1481 1450 
1169 1450 1481 1482 1451 
1170 1451 1482 1483 1452 
1171 1452 1483 1484 1453 
1172 1453 1484 1485 1454 
1173 1454 1485 1486 1455 
1174 1455 1486 1487 1456 
1175 1456 1487 1488 1457 
1176 1457 1488 1489 1458 
1177 1458 1489 1490 1459 
1178 1459 1490 1491 1460 
1179 1460 1491 1492 1461 
1180 1461 1492 1493 1462 
1181 1462 1493 1494 1463 
1182 1463 1494 1495 1464 
1183 1464 1495 1496 1465 
1184 1465 1496 221 222 
1185 137 138 1497 1466 
1186 1466 1497 1498 1467 
1187 1467 1498 1499 1468 
1188 1468 1499 1500 1469 
1189 1469 1500 1501 1470 
1190 1470 1501 1502 1471 
1191 1471 1502 1503 1472 
1192 1472 1503 1504 1473 
1193 1473 1504 1505 1474 
1194 1474 1505 1506 1475 
1195 1475 1506 1507 1476 
1196 1476 1507 1508 1477 
1197 1477 1508 1509 1478 
1198 1478 1509 1510 1479 
1199 1479 1510 1511 1480 
1200 1480 1511 1512 1481 
1201 1481 1512 1513 1482 
1202 1482 1513 1514 1483 
1203 1483 1514 1515 1484 
1204 1484 1515 1516 1485 
1205 1485 1516 1517 1486 
1206 1486 1517 1518 1487 
1207 1487 1518 1519 1488 
1208 1488 1519 1520 1489 
1209 1489 1520 1521 1490 
1210 1490 1521 1522 1491 
1211 1491 1522 1523 1492 
1212 1492 1523 1524 1493 
1213 1493 1524 1525 1494 
1214 1494 1525 1526 1495 
1215 1495 1526 1527 1496 
1216 1496 1527 220 221 
1217 138 139 1528 1497 
1218 1497 1528 1529 1498 
1219 1498 1529 1530 1499 
1220 1499 1530 1531 1500 
1221 1500 1531 1532 1501 
1222 1501 1532 1533 1502 
1223 1502 1533 1534 1503 
1224 1503 1534 1535 1504 
1225 1504 1535 1536 1505 
1226 1505 1536 1537 1506 
1227 1506 1537 1538 1507 
1228 1507 1538 1539 1508 
1229 1508 1539 1540 1509 
1230 1509 1540 1541 1510 
1231 1510 1541 1542 1511 
1232 1511 1542 1543 1512 
1233 1512 1543 1544 1513 
1234 1513 1544 1545 1514 
1235 1514 1545 1546 1515 
1236 1515 1546 1547 1516 
1237 1516 1547 1548 1517 
1238 1517 1548 1549 1518 
1239 1518 1549 1550 1519 
1240 1519 1550 1551 1520 
1241 1520 1551 1552 1521 
1242 1521 1552 1553 1522 
1243 1522 1553 1554 1523 
1244 1523 1554 1555 1524 
1245 1524 1555 1556 1525 
1246 1525 1556 1557 1526 
1247 1526 1557 1558 1527 
1248 1527 1558 219 220 
1249 139 140 1559 1528 
1250 1528 1559 1560 1529 
1251 1529 1560 1561 1530 
1252 1530 1561 1562 1531 
1253 1531 1562 1563 1532 
1254 1532 1563 1564 1533 
1255 1533 1564 1565 1534 
1256 1534 1565 1566 1535 
1257 1535 1566 1567 1536 
1258 1536 1567 1568 1537 
1259 1537 1568 1569 1538 
1260 1538 1569 1570 1539 
1261 1539 1570 1571 1540 
1262 1540 1571 1572 1541 
1263 1541 1572 1573 1542 
1264 1542 1573 1574 1543 
1265 1543 1574 1575 1544 
1266 1544 1575 1576 1545 
1267 1545 1576 1577 1546 
1268 1546 1577 1578 1547 
1269 1547 1578 1579 1548 
1270 1548 1579 1580 1549 
1271 1549 1580 1581 1550 
1272 1550 1581 1582 1551 
1273 1551 1582 1583 1552 
1274 1552 1583 1584 1553 
1275 1553 1584 1585 1554 
1276 1554 1585 1586 1555 
1277 1555 1586 1587 1556 
1278 1556 1587 1588 1557 
1279 1557 1588 1589 1558 
1280 1558 1589 218 219 
1281 140 141 1590 1559 
1282 1559 1590 1591 1560 
1283 1560 1591 1592 1561 
1284 1561 1592 1593 1562 
1285 1562 1593 1594 1563 
1286 1563 1594 1595 1564 
1287 1564 1595 1596 1565 
1288 1565 1596 1597 1566 
1289 1566 1597 1598 1567 
1290 1567 1598 1599 1568 
1291 1568 1599 1600 1569 
1292 1569 1600 1601 1570 
1293 1570 1601 1602 1571 
1294 1571 1602 1603 1572 
1295 1572 1603 1604 1573 
1296 1573 1604 1605 1574 
1297 1574 1605 1606 1575 
1298 1575 1606 1607 1576 
1299 1576 1607 1608 1577 
1300 1577 1608 1609 1578 
1301 1578 1609 1610 1579 
1302 1579 1610 1611 1580 
1303 1580 1611 1612 1581 
1304 1581 1612 1613 1582 
1305 1582 1613 1614 1583 
1306 1583 1614 1615 1584 
1307 1584 1615 1616 1585 
1308 1585 1616 1617 1586 
1309 1586 1617 1618 1587 
1310 1587 1618 1619 1588 
1311 1588 1619 1620 1589 
1312 1589 1620 217 218 
1313 141 142 1621 1590 
1314 1590 1621 1622 1591 
1315 1591 1622 1623 1592 
1316 1592 1623 1624 1593 
1317 1593 1624 1625 1594 
1318 1594 1625 1626 1595 
1319 1595 1626 1627 1596 
1320 1596 1627 1628 1597 
1321 1597 1628 1629 1598 
1322 1598 1629 1630 1599 
1323 1599 1630 1631 1600 
1324 1600 1631 1632 1601 
1325 1601 1632 1633 1602 
1326 1602 1633 1634 1603 
1327 1603 1634 1635 1604 
1328 1604 1635 1636 1605 
1329 1605 1636 1637 1606 
1330 1606 1637 1638 1607 
1331 1607 1638 1639 1608 
1332 1608 1639 1640 1609 
1333 1609 1640 1641 1610 
1334 1610 1641 1642 1611 
1335 1611 1642 1643 1612 
1336 1612 1643 1644 1613 
1337 1613 1644 1645 1614 
1338 1614 1645 1646 1615 
1339 1615 1646 1647 1616 
1340 1616 1647 1648 1617 
1341 1617 1648 1649 1618 
1342 1618 1649 1650 1619 
1343 1619 1650 1651 1620 
1344 1620 1651 216 217 
1345 142 143 1652 1621 
1346 1621 1652 1653 1622 
1347 1622 1653 1654 1623 
1348 1623 1654 1655 1624 
1349 1624 1655 1656 1625 
1350 1625 1656 1657 1626 
1351 1626 1657 1658 1627 
1352 1627 1658 1659 1628 
1353 1628 1659 1660 1629 
1354 1629 1660 1661 1630 
1355 1630 1661 1662 1631 
1356 1631 1662 1663 1632 
1357 1632 1663 1664 1633 
1358 1633 1664 1665 1634 
1359 1634 1665 1666 1635 
1360 1635 1666 1667 1636 
1361 1636 1667 1668 1637 
1362 1637 1668 1669 1638 
1363 1638 1669 1670 1639 
1364 1639 1670 1671 1640 
1365 1640 1671 1672 1641 
1366 1641 1672 1673 1642 
1367 1642 1673 1674 1643 
1368 1643 1674 1675 1644 
1369 1644 1675 1676 1645 
1370 1645 1676 1677 1646 
1371 1646 1677 1678 1647 
1372 1647 1678 1679 1648 
1373 1648 1679 1680 1649 
1374 1649 1680 1681 1650 
1375 1650 1681 1682 1651 
1376 1651 1682 215 216 
1377 143 144 1683 1652 
1378 1652 1683 1684 1653 
1379 1653 1684 1685 1654 
1380 1654 1685 1686 1655 
1381 1655 1686 1687 1656 
1382 1656 1687 1688 1657 
1383 1657 1688 1689 1658 
1384 1658 1689 1690 1659 
1385 1659 1690 1691 1660 
1386 1660 1691 1692 1661 
1387 1661 1692 1693 1662 
1388 1662 1693 1694 1663 
1389 1663 1694 1695 1664 
1390 1664 1695 1696 1665 
1391 1665 1696 1697 1666 
1392 1666 1697 1698 1667 
1393 1667 1698 1699 1668 
1394 1668 1699 1700 1669 
1395 1669 1700 1701 1670 
1396 1670 1701 1702 1671 
1397 1671 1702 1703 1672 
1398 1672 1703 1704 1673 
1399 1673 1704 1705 1674 
1400 1674 1705 1706 1675 
1401 1675 1706 1707 1676 
1402 1676 1707 1708 1677 
1403 1677 1708 1709 1678 
1404 1678 1709 1710 1679 
1405 1679 1710 1711 1680 
1406 1680 1711 1712 1681 
1407 1681 1712 1713 1682 
1408 1682 1713 214 215 
1409 144 145 1714 1683 
1410 1683 1714 1715 1684 
1411 1684 1715 1716 1685 
1412 1685 1716 1717 1686 
1413 1686 1717 1718 1687 
1414 1687 1718 1719 1688 
1415 1688 1719 1720 1689 
1416 1689 1720 1721 1690 
1417 1690 1721 1722 1691 
1418 1691 1722 1723 1692 
1419 1692 1723 1724 1693 
1420 1693 1724 1725 1694 
1421 1694 1725 1726 1695 
1422 1695 1726 1727 1696 
1423 1696 1727 1728 1697 
1424 1697 1728 1729 1698 
1425 1698 1729 1730 1699 
1426 1699 1730 1731 1700 
1427 1700 1731 1732 1701 
1428 1701 1732 1733 1702 
1429 1702 1733 1734 1703 
1430 1703 1734 1735 1704 
1431 1704 1735 1736 1705 
1432 1705 1736 1737 1706 
1433 1706 1737 1738 1707 
1434 1707 1738 1739 1708 
1435 1708 1739 1740 1709 
1436 1709 1740 1741 1710 
1437 1710 1741 1742 1711 
1438 1711 1742 1743 1712 
1439 1712 1743 1744 1713 
1440 1713 1744 213 214 
1441 145 146 1745 1714 
1442 1714 1745 1746 1715 
1443 1715 1746 1747 1716 
1444 1716 1747 1748 1717 
1445 1717 1748 1749 1718 
1446 1718 1749 1750 1719 
1447 1719 1750 1751 1720 
1448 1720 1751 1752 1721 
1449 1721 1752 1753 1722 
1450 1722 1753 1754 1723 
1451 1723 1754 1755 1724 
1452 1724 1755 1756 1725 
1453 1725 1756 1757 1726 
1454 1726 1757 1758 1727 
1455 1727 1758 1759 1728 
1456 1728 1759 1760 1729 
1457 1729 1760 1761 1730 
1458 1730 1761 1762 1731 
1459 1731 1762 1763 1732 
1460 1732 1763 1764 1733 
1461 1733 1764 1765 1734 
1462 1734 1765 1766 1735 
1463 1735 1766 1767 1736 
1464 1736 1767 1768 1737 
1465 1737 1768 1769 1738 
1466 1738 1769 1770 1739 
1467 1739 1770 1771 1740 
1468 1740 1771 1772 1741 
1469 1741 1772 1773 1742 
1470 1742 1773 1774 1743 
1471 1743 1774 1775 1744 
1472 1744 1775 212 213 
1473 146 147 1776 1745 
1474 1745 1776 1777 1746 
1475 1746 1777 1778 1747 
1476 1747 1778 1779 1748 
1477 1748 1779 1780 1749 
1478 1749 1780 1781 1750 
1479 1750 1781 1782 1751 
1480 1751 1782 1783 1752 
1481 1752 1783 1784 1753 
1482 1753 1784 1785 1754 
1483 1754 1785 1786 1755 
1484 1755 1786 1787 1756 
1485 1756 1787 1788 1757 
1486 1757 1788 1789 1758 
1487 1758 1789 1790 1759 
1488 1759 1790 1791 1760 
1489 1760 1791 1792 1761 
1490 1761 1792 1793 1762 
1491 1762 1793 1794 1763 
1492 1763 1794 1795 1764 
1493 1764 1795 1796 1765 
1494 1765 1796 1797 1766 
1495 1766 1797 1798 1767 
1496 1767 1798 1799 1768 
1497 1768 1799 1800 1769 
1498 1769 1800 1801 1770 
1499 1770 1801 1802 1771 
1500 1771 1802 1803 1772 
1501 1772 1803 1804 1773 
1502 1773 1804 1805 1774 
1503 1774 1805 1806 1775 
1504 1775 1806 211 212 
1505 147 148 1807 1776 
1506 1776 1807 1808 1777 
1507 1777 1808 1809 1778 
1508 1778 1809 1810 1779 
1509 1779 1810 1811 1780 
1510 1780 1811 1812 1781 
1511 1781 1812 1813 1782 
1512 1782 1813 1814 1783 
1513 1783 1814 1815 1784 
1514 1784 1815 1816 1785 
1515 1785 1816 1817 1786 
1516 1786 1817 1818 1787 
1517 1787 1818 1819 1788 
1518 1788 1819 1820 1789 
1519 1789 1820 1821 1790 
1520 1790 1821 1822 1791 
1521 1791 1822 1823 1792 
1522 1792 1823 1824 1793 
1523 1793 1824 1825 1794 
1524 1794 1825 1826 1795 
1525 1795 1826 1827 1796 
1526 1796 1827 1828 1797 
1527 1797 1828 1829 1798 
1528 1798 1829 1830 1799 
1529 1799 1830 1831 1800 
1530 1800 1831 1832 1801 
1531 1801 1832 1833 1802 
1532 1802 1833 1834 1803 
1533 1803 1834 1835 1804 
1534 1804 1835 1836 1805 
1535 1805 1836 1837 1806 
1536 1806 1837 210 211 
1537 148 149 1838 1807 
1538 1807 1838 1839 1808 
1539 1808 1839 1840 1809 
1540 1809 1840 1841 1810 
1541 1810 1841 1842 1811 
1542 1811 1842 1843 1812 
1543 1812 1843 1844 1813 
1544 1813 1844 1845 1814 
1545 1814 1845 1846 1815 
1546 1815 1846 1847 1816 
1547 1816 1847 1848 1817 
1548 1817 1848 1849 1818 
1549 1818 1849 1850 1819 
1550 1819 1850 1851 1820 
1551 1820 1851 1852 1821 
1552 1821 1852 1853 1822 
1553 1822 1853 1854 1823 
1554 1823 1854 1855 1824 
1555 1824 1855 1856 1825 
1556 1825 1856 1857 1826 
1557 1826 1857 1858 1827 
1558 1827 1858 1859 1828 
1559 1828 1859 1860 1829 
1560 1829 1860 1861 1830 
1561 1830 1861 1862 1831 
1562 1831 1862 1863 1832 
1563 1832 1863 1864 1833 
1564 1833 1864 1865 1834 
1565 1834 1865 1866 1835 
1566 1835 1866 1867 1836 
1567 1836 1867 1868 1837 
1568 1837 1868 209 210 
1569 149 150 1869 1838 
1570 1838 1869 1870 1839 
1571 1839 1870 1871 1840 
1572 1840 1871 1872 1841 
1573 1841 1872 1873 1842 
1574 1842 1873 1874 1843 
1575 1843 1874 1875 1844 
1576 1844 1875 1876 1845 
1577 1845 1876 1877 1846 
1578 1846 1877 1878 1847 
1579 1847 1878 1879 1848 
1580 1848 1879 1880 1849 
1581 1849 1880 1881 1850 
1582 1850 1881 1882 1851 
1583 1851 1882 1883 1852 
1584 1852 1883 1884 1853 
1585 1853 1884 1885 1854 
1586 1854 1885 1886 1855 
1587 1855 1886 1887 1856 
1588 1856 1887 1888 1857 
1589 1857 1888 1889 1858 
1590 1858 1889 1890 1859 
1591 1859 1890 1891 1860 
1592 1860 1891 1892 1861 
1593 1861 1892 1893 1862 
1594 1862 1893 1894 1863 
1595 1863 1894 1895 1864 
1596 1864 1895 1896 1865 
1597 1865 1896 1897 1866 
1598 1866 1897 1898 1867 
1599 1867 1898 1899 1868 
1600 1868 1899 208 209 
1601 150 151 1900 1869 
1602 1869 1900 1901 1870 
1603 1870 1901 1902 1871 
1604 1871 1902 1903 1872 
1605 1872 1903 1904 1873 
1606 1873 1904 1905 1874 
1607 1874 1905 1906 1875 
1608 1875 1906 1907 1876 
1609 1876 1907 1908 1877 
1610 1877 1908 1909 1878 
1611 1878 1909 1910 1879 
1612 1879 1910 1911 1880 
1613 1880 1911 1912 1881 
1614 1881 1912 1913 1882 
1615 1882 1913 1914 1883 
1616 1883 1914 1915 1884 
1617 1884 1915 1916 1885 
1618 1885 1916 1917 1886 
1619 1886 1917 1918 1887 
1620 1887 1918 1919 1888 
1621 1888 1919 1920 1889 
1622 1889 1920 1921 1890 
1623 1890 1921 1922 1891 
1624 1891 1922 1923 1892 
1625 1892 1923 1924 1893 
1626 1893 1924 1925 1894 
1627 1894 1925 1926 1895 
1628 1895 1926 1927 1896 
1629 1896 1927 1928 1897 
1630 1897 1928 1929 1898 
1631 1898 1929 1930 1899 
1632 1899 1930 207 208 
1633 151 152 1931 1900 
1634 1900 1931 1932 1901 
1635 1901 1932 1933 1902 
1636 1902 1933 1934 1903 
1637 1903 1934 1935 1904 
1638 1904 1935 1936 1905 
1639 1905 1936 1937 1906 
1640 1906 1937 1938 1907 
1641 1907 1938 1939 1908 
1642 1908 1939 1940 1909 
1643 1909 1940 1941 1910 
1644 1910 1941 1942 1911 
1645 1911 1942 1943 1912 
1646 1912 1943 1944 1913 
1647 1913 1944 1945 1914 
1648 1914 1945 1946 1915 
1649 1915 1946 1947 1916 
1650 1916 1947 1948 1917 
1651 1917 1948 1949 1918 
1652 1918 1949 1950 1919 
1653 1919 1950 1951 1920 
1654 1920 1951 1952 1921 
1655 1921 1952 1953 1922 
1656 1922 1953 1954 1923 
1657 1923 1954 1955 1924 
1658 1924 1955 1956 1925 
1659 1925 1956 1957 1926 
1660 1926 1957 1958 1927 
1661 1927 1958 1959 1928 
1662 1928 1959 1960 1929 
1663 1929 1960 1961 1930 
1664 1930 1961 206 207 
1665 152 153 1962 1931 
1666 1931 1962 1963 1932 
1667 1932 1963 1964 1933 
1668 1933 1964 1965 1934 
1669 1934 1965 1966 1935 
1670 1935 1966 1967 1936 
1671 1936 1967 1968 1937 
1672 1937 1968 1969 1938 
1673 1938 1969 1970 1939 
1674 1939 1970 1971 1940 
1675 1940 1971 1972 1941 
1676 1941 1972 1973 1942 
1677 1942 1973 1974 1943 
1678 1943 1974 1975 1944 
1679 1944 1975 1976 1945 
1680 1945 1976 1977 1946 
1681 1946 1977 1978 1947 
1682 1947 1978 1979 1948 
1683 1948 1979 1980 1949 
1684 1949 1980 1981 1950 
1685 1950 1981 1982 1951 
1686 1951 1982 1983 1952 
1687 1952 1983 1984 1953 
1688 1953 1984 1985 1954 
1689 1954 1985 1986 1955 
1690 1955 1986 1987 1956 
1691 1956 1987 1988 1957 
1692 1957 1988 1989 1958 
1693 1958 1989 1990 1959 
1694 1959 1990 1991 1960 
1695 1960 1991 1992 1961 
1696 1961 1992 205 206 
1697 153 154 1993 1962 
1698 1962 1993 1994 1963 
1699 1963 1994 1995 1964 
1700 1964 1995 1996 1965 
1701 1965 1996 1997 1966 
1702 1966 1997 1998 1967 
1703 1967 1998 1999 1968 
1704 1968 1999 2000 1969 
1705 1969 2000 2001 1970 
1706 1970 2001 2002 1971 
1707 1971 2002 2003 1972 
1708 1972 2003 2004 1973 
1709 1973 2004 2005 1974 
1710 1974 2005 2006 1975 
1711 1975 2006 2007 1976 
1712 1976 2007 2008 1977 
1713 1977 2008 2009 1978 
1714 1978 2009 2010 1979 
1715 1979 2010 2011 1980 
1716 1980 2011 2012 1981 
1717 1981 2012 2013 1982 
1718 1982 2013 2014 1983 
1719 1983 2014 2015 1984 
1720 1984 2015 2016 1985 
1721 1985 2016 2017 1986 
1722 1986 2017 2018 1987 
1723 1987 2018 2019 1988 
1724 1988 2019 2020 1989 
1725 1989 2020 2021 1990 
1726 1990 2021 2022 1991 
1727 1991 2022 2023 1992 
1728 1992 2023 204 205 
1729 154 155 2024 1993 
1730 1993 2024 2025 1994 
1731 1994 2025 2026 1995 
1732 1995 2026 2027 1996 
1733 1996 2027 2028 1997 
1734 1997 2028 2029 1998 
1735 1998 2029 2030 1999 
1736 1999 2030 2031 2000 
1737 2000 2031 2032 2001 
1738 2001 2032 2033 2002 
1739 2002 2033 2034 2003 
1740 2003 2034 2035 2004 
1741 2004 2035 2036 2005 
1742 2005 2036 2037 2006 
1743 2006 2037 2038 2007 
1744 2007 2038 2039 2008 
1745 2008 2039 2040 2009 
1746 2009 2040 2041 2010 
1747 2010 2041 2042 2011 
1748 2011 2042 2043 2012 
1749 2012 2043 2044 2013 
1750 2013 2044 2045 2014 
1751 2014 2045 2046 2015 
1752 2015 2046 2047 2016 
1753 2016 2047 2048 2017 
1754 2017 2048 2049 2018 
1755 2018 2049 2050 2019 
1756 2019 2050 2051 2020 
1757 2020 2051 2052 2021 
1758 2021 2052 2053 2022 
1759 2022 2053 2054 2023 
1760 2023 2054 203 204 
1761 155 156 2055 2024 
1762 2024 2055 2056 2025 
1763 2025 2056 2057 2026 
1764 2026 2057 2058 2027 
1765 2027 2058 2059 2028 
1766 2028 2059 2060 2029 
1767 2029 2060 2061 2030 
1768 2030 2061 2062 2031 
1769 2031 2062 2063 2032 
1770 2032 2063 2064 2033 
1771 2033 2064 2065 2034 
1772 2034 2065 2066 2035 
1773 2035 2066 2067 2036 
1774 2036 2067 2068 2037 
1775 2037 2068 2069 2038 
1776 2038 2069 2070 2039 
1777 2039 2070 2071 2040 
1778 2040 2071 2072 2041 
1779 2041 2072 2073 2042 
1780 2042 2073 2074 2043 
1781 2043 2074 2075 2044 
1782 2044 2075 2076 2045 
1783 2045 2076 2077 2046 
1784 2046 2077 2078 2047 
1785 2047 2078 2079 2048 
1786 2048 2079 2080 2049 
1787 2049 2080 2081 2050 
1788 2050 2081 2082 2051 
1789 2051 2082 2083 2052 
1790 2052 2083 2084 2053 
1791 2053 2084 2085 2054 
1792 2054 2085 202 203 
1793 156 157 2086 2055 
1794 2055 2086 2087 2056 
1795 2056 2087 2088 2057 
1796 2057 2088 2089 2058 
1797 2058 2089 2090 2059 
1798 2059 2090 2091 2060 
1799 2060 2091 2092 2061 
1800 2061 2092 2093 2062 
1801 2062 2093 2094 2063 
1802 2063 2094 2095 2064 
1803 2064 2095 2096 2065 
1804 2065 2096 2097 2066 
1805 2066 2097 2098 2067 
1806 2067 2098 2099 2068 
1807 2068 2099 2100 2069 
1808 2069 2100 2101 2070 
1809 2070 2101 2102 2071 
1810 2071 2102 2103 2072 
1811 2072 2103 2104 2073 
1812 2073 2104 2105 2074 
1813 2074 2105 2106 2075 
1814 2075 2106 2107 2076 
1815 2076 2107 2108 2077 
1816 2077 2108 2109 2078 
1817 2078 2109 2110 2079 
1818 2079 2110 2111 2080 
1819 2080 2111 2112 2081 
1820 2081 2112 2113 2082 
1821 2082 2113 2114 2083 
1822 2083 2114 2115 2084 
1823 2084 2115 2116 2085 
1824 2085 2116 201 202 
1825 157 158 2117 2086 
1826 2086 2117 2118 2087 
1827 2087 2118 2119 2088 
1828 2088 2119 2120 2089 
1829 2089 2120 2121 2090 
1830 2090 2121 2122 2091 
1831 2091 2122 2123 2092 
1832 2092 2123 2124 2093 
1833 2093 2124 2125 2094 
1834 2094 2125 2126 2095 
1835 2095 2126 2127 2096 
1836 2096 2127 2128 2097 
1837 2097 2128 2129 2098 
1838 2098 2129 2130 2099 
1839 2099 2130 2131 2100 
1840 2100 2131 2132 2101 
1841 2101 2132 2133 2102 
1842 2102 2133 2134 2103 
1843 2103 2134 2135 2104 
1844 2104 2135 2136 2105 
1845 2105 2136 2137 2106 
1846 2106 2137 2138 2107 
1847 2107 2138 2139 2108 
1848 2108 2139 2140 2109 
1849 2109 2140 2141 2110 
1850 2110 2141 2142 2111 
1851 2111 2142 2143 2112 
1852 2112 2143 2144 2113 
1853 2113 2144 2145 2114 
1854 2114 2145 2146 2115 
1855 2115 2146 2147 2116 
1856 2116 2147 200 201 
1857 158 159 2148 2117 
1858 2117 2148 2149 2118 
1859 2118 2149 2150 2119 
1860 2119 2150 2151 2120 
1861 2120 2151 2152 2121 
1862 2121 2152 2153 2122 
1863 2122 2153 2154 2123 
1864 2123 2154 2155 2124 
1865 2124 2155 2156 2125 
1866 2125 2156 2157 2126 
1867 2126 2157 2158 2127 
1868 2127 2158 2159 2128 
1869 2128 2159 2160 2129 
1870 2129 2160 2161 2130 
1871 2130 2161 2162 2131 
1872 2131 2162 2163 2132 
1873 2132 2163 2164 2133 
1874 2133 2164 2165 2134 
1875 2134 2165 2166 2135 
1876 2135 2166 2167 2136 
1877 2136 2167 2168 2137 
1878 2137 2168 2169 2138 
1879 2138 2169 2170 2139 
1880 2139 2170 2171 2140 
1881 2140 2171 2172 2141 
1882 2141 2172 2173 2142 
1883 2142 2173 2174 2143 
1884 2143 2174 2175 2144 
1885 2144 2175 2176 2145 
1886 2145 2176 2177 2146 
1887 2146 2177 2178 2147 
1888 2147 2178 199 200 
1889 159 160 2179 2148 
1890 2148 2179 2180 2149 
1891 2149 2180 2181 2150 
1892 2150 2181 2182 2151 
1893 2151 2182 2183 2152 
1894 2152 2183 2184 2153 
1895 2153 2184 2185 2154 
1896 2154 2185 2186 2155 
1897 2155 2186 2187 2156 
1898 2156 2187 2188 2157 
1899 2157 2188 2189 2158 
1900 2158 2189 2190 2159 
1901 2159 2190 2191 2160 
1902 2160 2191 2192 2161 
1903 2161 2192 2193 2162 
1904 2162 2193 2194 2163 
1905 2163 2194 2195 2164 
1906 2164 2195 2196 2165 
1907 2165 2196 2197 2166 
1908 2166 2197 2198 2167 
1909 2167 2198 2199 2168 
1910 2168 2199 2200 2169 
1911 2169 2200 2201 2170 
1912 2170 2201 2202 2171 
1913 2171 2202 2203 2172 
1914 2172 2203 2204 2173 
1915 2173 2204 2205 2174 
1916 2174 2205 2206 2175 
1917 2175 2206 2207 2176 
1918 2176 2207 2208 2177 
1919 2177 2208 2209 2178 
1920 2178 2209 198 199 
1921 160 161 2210 2179 
1922 2179 2210 2211 2180 
1923 2180 2211 2212 2181 
1924 2181 2212 2213 2182 
1925 2182 2213 2214 2183 
1926 2183 2214 2215 2184 
1927 2184 2215 2216 2185 
1928 2185 2216 2217 2186 
1929 2186 2217 2218 2187 
1930 2187 2218 2219 2188 
1931 2188 2219 2220 2189 
1932 2189 2220 2221 2190 
1933 2190 2221 2222 2191 
1934 2191 2222 2223 2192 
1935 2192 2223 2224 2193 
1936 2193 2224 2225 2194 
1937 2194 2225 2226 2195 
1938 2195 2226 2227 2196 
1939 2196 2227 2228 2197 
1940 2197 2228 2229 2198 
1941 2198 2229 2230 2199 
1942 2199 2230 2231 2200 
1943 2200 2231 2232 2201 
1944 2201 2232 2233 2202 
1945 2202 2233 2234 2203 
1946 2203 2234 2235 2204 
1947 2204 2235 2236 2205 
1948 2205 2236 2237 2206 
1949 2206 2237 2238 2207 
1950 2207 2238 2239 2208 
1951 2208 2239 2240 2209 
1952 2209 2240 197 198 
1953 161 162 2241 2210 
1954 2210 2241 2242 2211 
1955 2211 2242 2243 2212 
1956 2212 2243 2244 2213 
1957 2213 2244 2245 2214 
1958 2214 2245 2246 2215 
1959 2215 2246 2247 2216 
1960 2216 2247 2248 2217 
1961 2217 2248 2249 2218 
1962 2218 2249 2250 2219 
1963 2219 2250 2251 2220 
1964 2220 2251 2252 2221 
1965 2221 2252 2253 2222 
1966 2222 2253 2254 2223 
1967 2223 2254 2255 2224 
1968 2224 2255 2256 2225 
1969 2225 2256 2257 2226 
1970 2226 2257 2258 2227 
1971 2227 2258 2259 2228 
1972 2228 2259 2260 2229 
1973 2229 2260 2261 2230 
1974 2230 2261 2262 2231 
1975 2231 2262 2263 2232 
1976 2232 2263 2264 2233 
1977 2233 2264 2265 2234 
1978 2234 2265 2266 2235 
1979 2235 2266 2267 2236 
1980 2236 2267 2268 2237 
1981 2237 2268 2269 2238 
1982 2238 2269 2270 2239 
1983 2239 2270 2271 2240 
1984 2240 2271 196 197 
1985 162 163 2272 2241 
1986 2241 2272 2273 2242 
1987 2242 2273 2274 2243 
1988 2243 2274 2275 2244 
1989 2244 2275 2276 2245 
1990 2245 2276 2277 2246 
1991 2246 2277 2278 2247 
1992 2247 2278 2279 2248 
1993 2248 2279 2280 2249 
1994 2249 2280 2281 2250 
1995 2250 2281 2282 2251 
1996 2251 2282 2283 2252 
1997 2252 2283 2284 2253 
1998 2253 2284 2285 2254 
1999 2254 2285 2286 2255 
2000 2255 2286 2287 2256 
2001 2256 2287 2288 2257 
2002 2257 2288 2289 2258 
2003 2258 2289 2290 2259 
2004 2259 2290 2291 2260 
2005 2260 2291 2292 2261 
2006 2261 2292 2293 2262 
2007 2262 2293 2294 2263 
2008 2263 2294 2295 2264 
2009 2264 2295 2296 2265 
2010 2265 2296 2297 2266 
2011 2266 2297 2298 2267 
2012 2267 2298 2299 2268 
2013 2268 2299 2300 2269 
2014 2269 2300 2301 2270 
2015 2270 2301 2302 2271 
2016 2271 2302 195 196 
2017 163 6 164 2272 
2018 2272 164 165 2273 
2019 2273 165 166 2274 
2020 2274 166 167 2275 
2021 2275 167 168 2276 
2022 2276 168 169 2277 
2023 2277 169 170 2278 
2024 2278 170 171 2279 
2025 2279 171 172 2280 
2026 2280 172 173 2281 
2027 2281 173 174 2282 
2028 2282 174 175 2283 
2029 2283 175 176 2284 
2030 2284 176 177 2285 
2031 2285 177 178 2286 
2032 2286 178 179 2287 
2033 2287 179 180 2288 
2034 2288 180 181 2289 
2035 2289 181 182 2290 
2036 2290 182 183 2291 
2037 2291 183 184 2292 
2038 2292 184 185 2293 
2039 2293 185 186 2294 
2040 2294 186 187 2295 
2041 2295 187 188 2296 
2042 2296 188 189 2297 
2043 2297 189 190 2298 
2044 2298 190 191 2299 
2045 2299 191 192 2300 
2046 2300 192 193 2301 
2047 2301 193 194 2302 
2048 2302 194 7 195 
2 3 3 1024
2049 1 9 2303 257 
2050 257 2303 2304 258 
2051 258 2304 2305 259 
2052 259 2305 2306 260 
2053 260 2306 2307 261 
2054 261 2307 2308 262 
2055 262 2308 2309 263 
2056 263 2309 2310 264 
2057 264 2310 2311 265 
2058 265 2311 2312 266 
2059 266 2312 2313 267 
2060 267 2313 2314 268 
2061 268 2314 2315 269 
2062 269 2315 2316 270 
2063 270 2316 2317 271 
2064 271 2317 2318 272 
2065 272 2318 2319 273 
2066 273 2319 2320 274 
2067 274 2320 2321 275 
2068 275 2321 2322 276 
2069 276 2322 2323 277 
2070 277 2323 2324 278 
2071 278 2324 2325 279 
2072 279 2325 2326 280 
2073 280 2326 2327 281 
2074 281 2327 2328 282 
2075 282 2328 2329 283 
2076 283 2329 2330 284 
2077 284 2330 2331 285 
2078 285 2331 2332 286 
2079 286 2332 2333 287 
2080 287 2333 133 5 
2081 9 10 2334 2303 
2082 2303 2334 2335 2304 
2083 2304 2335 2336 2305 
2084 2305 2336 2337 2306 
2085 2306 2337 2338 2307 
2086 2307 2338 2339 2308 
2087 2308 2339 2340 2309 
2088 2309 2340 2341 2310 
2089 2310 2341 2342 2311 
2090 2311 2342 2343 2312 
2091 2312 2343 2344 2313 
2092 2313 2344 2345 2314 
2093 2314 2345 2346 2315 
2094 2315 2346 2347 2316 
2095 2316 2347 2348 2317 
2096 2317 2348 2349 2318 
2097 2318 2349 2350 2319 
2098 2319 2350 2351 2320 
2099 2320 2351 2352 2321 
2100 2321 2352 2353 2322 
2101 2322 2353 2354 2323 
2102 2323 2354 2355 2324 
2103 2324 2355 2356 2325 
2104 2325 2356 2357 2326 
2105 2326 2357 2358 2327 
2106 2327 2358 2359 2328 
2107 2328 2359 2360 2329 
2108 2329 2360 2361 2330 
2109 2330 2361 2362 2331 
2110 2331 2362 2363 2332 
2111 2332 2363 2364 2333 
2112 2333 2364 134 133 
2113 10 11 2365 2334 
2114 2334 2365 2366 2335 
2115 2335 2366 2367 2336 
2116 2336 2367 2368 2337 
2117 2337 2368 2369 2338 
2118 2338 2369 2370 2339 
2119 2339 2370 2371 2340 
2120 2340 2371 2372 2341 
2121 2341 2372 2373 2342 
2122 2342 2373 2374 2343 
2123 2343 2374 2375 2344 
2124 2344 2375 2376 2345 
2125 2345 2376 2377 2346 
2126 2346 2377 2378 2347 
2127 2347 2378 2379 2348 
2128 2348 2379 2380 2349 
2129 2349 2380 2381 2350 
2130 2350 2381 2382 2351 
2131 2351 2382 2383 2352 
2132 2352 2383 2384 2353 
2133 2353 2384 2385 2354 
2134 2354 2385 2386 2355 
2135 2355 2386 2387 2356 
2136 2356 2387 2388 2357 
2137 2357 2388 2389 2358 
2138 2358 2389 2390 2359 
2139 2359 2390 2391 2360 
2140 2360 2391 2392 2361 
2141 2361 2392 2393 2362 
2142 2362 2393 2394 2363 
2143 2363 2394 2395 2364 
2144 2364 2395 135 134 
2145 11 12 2396 2365 
2146 2365 2396 2397 2366 
2147 2366 2397 2398 2367 
2148 2367 2398 2399 2368 
2149 2368 2399 2400 2369 
2150 2369 2400 2401 2370 
2151 2370 2401 2402 2371 
2152 2371 2402 2403 2372 
2153 2372 2403 2404 2373 
2154 2373 2404 2405 2374 
2155 2374 2405 2406 2375 
2156 2375 2406 2407 2376 
2157 2376 2407 2408 2377 
2158 2377 2408 2409 2378 
2159 2378 2409 2410 2379 
2160 2379 2410 2411 2380 
2161 2380 2411 2412 2381 
2162 2381 2412 2413 2382 
2163 2382 2413 2414 2383 
2164 2383 2414 2415 2384 
2165 2384 2415 2416 2385 
2166 2385 2416 2417 2386 
2167 2386 2417 2418 2387 
2168 2387 2418 2419 2388 
2169 2388 2419 2420 2389 
2170 2389 2420 2421 2390 
2171 2390 2421 2422 2391 
2172 2391 2422 2423 2392 
2173 2392 2423 2424 2393 
2174 2393 2424 2425 2394 
2175 2394 2425 2426 2395 
2176 2395 2426 136 135 
2177 12 13 2427 2396 
2178 2396 2427 2428 2397 
2179 2397 2428 2429 2398 
2180 2398 2429 2430 2399 
2181 2399 2430 2431 2400 
2182 2400 2431 2432 2401 
2183 2401 2432 2433 2402 
2184 2402 2433 2434 2403 
2185 2403 2434 2435 2404 
2186 2404 2435 2436 2405 
2187 2405 2436 2437 2406 
2188 2406 2437 2438 2407 
2189 2407 2438 2439 2408 
2190 2408 2439 2440 2409 
2191 2409 2440 2441 2410 
2192 2410 2441 2442 2411 
2193 2411 2442 2443 2412 
2194 2412 2443 2444 2413 
2195 2413 2444 2445 2414 
2196 2414 2445 2446 2415 
2197 2415 2446 2447 2416 
2198 2416 2447 2448 2417 
2199 2417 2448 2449 2418 
2200 2418 2449 2450 2419 
2201 2419 2450 2451 2420 
2202 2420 2451 2452 2421 
2203 2421 2452 2453 2422 
2204 2422 2453 2454 2423 
2205 2423 2454 2455 2424 
2206 2424 2455 2456 2425 
2207 2425 2456 2457 2426 
2208 2426 2457 137 136 
2209 13 14 2458 2427 
2210 2427 2458 2459 2428 
2211 2428 2459 2460 2429 
2212 2429 2460 2461 2430 
2213 2430 2461 2462 2431 
2214 2431 2462 2463 2432 
2215 2432 2463 2464 2433 
2216 2433 2464 2465 2434 
2217 2434 2465 2466 2435 
2218 2435 2466 2467 2436 
2219 2436 2467 2468 2437 
2220 2437 2468 2469 2438 
2221 2438 2469 2470 2439 
2222 2439 2470 2471 2440 
2223 2440 2471 2472 2441 
2224 2441 2472 2473 2442 
2225 2442 2473 2474 2443 
2226 2443 2474 2475 2444 
2227 2444 2475 2476 2445 
2228 2445 2476 2477 2446 
2229 2446 2477 2478 2447 
2230 2447 2478 2479 2448 
2231 2448 2479 2480 2449 
2232 2449 2480 2481 2450 
2233 2450 2481 2482 2451 
2234 2451 2482 2483 2452 
2235 2452 2483 2484 2453 
2236 2453 2484 2485 2454 
2237 2454 2485 2486 2455 
2238 2455 2486 2487 2456 
2239 2456 2487 2488 2457 
2240 2457 2488 138 137 
2241 14 15 2489 2458 
2242 2458 2489 2490 2459 
2243 2459 2490 2491 2460 
2244 2460 2491 2492 2461 
2245 2461 2492 2493 2462 
2246 2462 2493 2494 2463 
2247 2463 2494 2495 2464 
2248 2464 2495 2496 2465 
2249 2465 2496 2497 2466 
2250 2466 2497 2498 2467 
2251 2467 2498 2499 2468 
2252 2468 2499 2500 2469 
2253 2469 2500 2501 2470 
2254 2470 2501 2502 2471 
2255 2471 2502 2503 2472 
2256 2472 2503 2504 2473 
2257 2473 2504 2505 2474 
2258 2474 2505 2506 2475 
2259 2475 2506 2507 2476 
2260 2476 2507 2508 2477 
2261 2477 2508 2509 2478 
2262 2478 2509 2510 2479 
2263 2479 2510 2511 2480 
2264 2480 2511 2512 2481 
2265 2481 2512 2513 2482 
2266 2482 2513 2514 2483 
2267 2483 2514 2515 2484 
2268 2484 2515 2516 2485 
2269 2485 2516 2517 2486 
2270 2486 2517 2518 2487 
2271 2487 2518 2519 2488 
2272 2488 2519 139 138 
2273 15 16 2520 2489 
2274 2489 2520 2521 2490 
2275 2490 2521 2522 2491 
2276 2491 2522 2523 2492 
2277 2492 2523 2524 2493 
2278 2493 2524 2525 2494 
2279 2494 2525 2526 2495 
2280 2495 2526 2527 2496 
2281 2496 2527 2528 2497 
2282 2497 2528 2529 2498 
2283 2498 2529 2530 2499 
2284 2499 2530 2531 2500 
2285 2500 2531 2532 2501 
2286 2501 2532 2533 2502 
2287 2502 2533 2534 2503 
2288 2503 2534 2535 2504 
2289 2504 2535 2536 2505 
2290 2505 2536 2537 2506 
2291 2506 2537 2538 2507 
2292 2507 2538 2539 2508 
2293 2508 2539 2540 2509 
2294 2509 2540 2541 2510 
2295 2510 2541 2542 2511 
2296 2511 2542 2543 2512 
2297 2512 2543 2544 2513 
2298 2513 2544 2545 2514 
2299 2514 2545 2546 2515 
2300 2515 2546 2547 2516 
2301 2516 2547 2548 2517 
2302 2517 2548 2549 2518 
2303 2518 2549 2550 2519 
2304 2519 2550 140 139 
2305 16 17 2551 2520 
2306 2520 2551 2552 2521 
2307 2521 2552 2553 2522 
2308 2522 2553 2554 2523 
2309 2523 2554 2555 2524 
2310 2524 2555 2556 2525 
2311 2525 2556 2557 2526 
2312 2526 2557 2558 2527 
2313 2527 2558 2559 2528 
2314 2528 2559 2560 2529 
2315 2529 2560 2561 2530 
2316 2530 2561 2562 2531 
2317 2531 2562 2563 2532 
2318 2532 2563 2564 2533 
2319 2533 2564 2565 2534 
2320 2534 2565 2566 2535 
2321 2535 2566 2567 2536 
2322 2536 2567 2568 2537 
2323 2537 2568 2569 2538 
2324 2538 2569 2570 2539 
2325 2539 2570 2571 2540 
2326 2540 2571 2572 2541 
2327 2541 2572 2573 2542 
2328 2542 2573 2574 2543 
2329 2543 2574 2575 2544 
2330 2544 2575 2576 2545 
2331 2545 2576 2577 2546 
2332 2546 2577 2578 2547 
2333 2547 2578 2579 2548 
2334 2548 2579 2580 2549 
2335 2549 2580 2581 2550 
2336 2550 2581 141 140 
2337 17 18 2582 2551 
2338 2551 2582 2583 2552 
2339 2552 2583 2584 2553 
2340 2553 2584 2585 2554 
2341 2554 2585 2586 2555 
2342 2555 2586 2587 2556 
2343 2556 2587 2588 2557 
2344 2557 2588 2589 2558 
2345 2558 2589 2590 2559 
2346 2559 2590 2591 2560 
2347 2560 2591 2592 2561 
2348 2561 2592 2593 2562 
2349 2562 2593 2594 2563 
2350 2563 2594 2595 2564 
2351 2564 2595 2596 2565 
2352 2565 2596 2597 2566 
2353 2566 2597 2598 2567 
2354 2567 2598 2599 2568 
2355 2568 2599 2600 2569 
2356 2569 2600 2601 2570 
2357 2570 2601 2602 2571 
2358 2571 2602 2603 2572 
2359 2572 2603 2604 2573 
2360 2573 2604 2605 2574 
2361 2574 2605 2606 2575 
2362 2575 2606 2607 2576 
2363 2576 2607 2608 2577 
2364 2577 2608 2609 2578 
2365 2578 2609 2610 2579 
2366 2579 2610 2611 2580 
2367 2580 2611 2612 2581 
2368 2581 2612 142 141 
2369 18 19 2613 2582 
2370 2582 2613 2614 2583 
2371 2583 2614 2615 2584 
2372 2584 2615 2616 2585 
2373 2585 2616 2617 2586 
2374 2586 2617 2618 2587 
2375 2587 2618 2619 2588 
2376 2588 2619 2620 2589 
2377 2589 2620 2621 2590 
2378 2590 2621 2622 2591 
2379 2591 2622 2623 2592 
2380 2592 2623 2624 2593 
2381 2593 2624 2625 2594 
2382 2594 2625 2626 2595 
2383 2595 2626 2627 2596 
2384 2596 2627 2628 2597 
2385 2597 2628 2629 2598 
2386 2598 2629 2630 2599 
2387 2599 2630 2631 2600 
2388 2600 2631 2632 2601 
2389 2601 2632 2633 2602 
2390 2602 2633 2634 2603 
2391 2603 2634 2635 2604 
2392 2604 2635 2636 2605 
2393 2605 2636 2637 2606 
2394 2606 2637 2638 2607 
2395 2607 2638 2639 2608 
2396 2608 2639 2640 2609 
2397 2609 2640 2641 2610 
2398 2610 2641 2642 2611 
2399 2611 2642 2643 2612 
2400 2612 2643 143 142 
2401 19 20 2644 2613 
2402 2613 2644 2645 2614 
2403 2614 2645 2646 2615 
2404 2615 2646 2647 2616 
2405 2616 2647 2648 2617 
2406 2617 2648 2649 2618 
2407 2618 2649 2650 2619 
2408 2619 2650 2651 2620 
2409 2620 2651 2652 2621 
2410 2621 2652 2653 2622 
2411 2622 2653 2654 2623 
2412 2623 2654 2655 2624 
2413 2624 2655 2656 2625 
2414 2625 2656 2657 2626 
2415 2626 2657 2658 2627 
2416 2627 2658 2659 2628 
2417 2628 2659 2660 2629 
2418 2629 2660 2661 2630 
2419 2630 2661 2662 2631 
2420 2631 2662 2663 2632 
2421 2632 2663 2664 2633 
2422 2633 2664 2665 2634 
2423 2634 2665 2666 2635 
2424 2635 2666 2667 2636 
2425 2636 2667 2668 2637 
2426 2637 2668 2669 2638 
2427 2638 2669 2670 2639 
2428 2639 2670 2671 2640 
2429 2640 2671 2672 2641 
2430 2641 2672 2673 2642 
2431 2642 2673 2674 2643 
2432 2643 2674 144 143 
2433 20 21 2675 2644 
2434 2644 2675 2676 2645 
2435 2645 2676 2677 2646 
2436 2646 2677 2678 2647 
2437 2647 2678 2679 2648 
2438 2648 2679 2680 2649 
2439 2649 2680 2681 2650 
2440 2650 2681 2682 2651 
2441 2651 2682 2683 2652 
2442 2652 2683 2684 2653 
2443 2653 2684 2685 2654 
2444 2654 2685 2686 2655 
2445 2655 2686 2687 2656 
2446 2656 2687 2688 2657 
2447 2657 2688 2689 2658 
2448 2658 2689 2690 2659 
2449 2659 2690 2691 2660 
2450 2660 2691 2692 2661 
2451 2661 2692 2693 2662 
2452 2662 2693 2694 2663 
2453 2663 2694 2695 2664 
2454 2664 2695 2696 2665 
2455 2665 2696 2697 2666 
2456 2666 2697 2698 2667 
2457 2667 2698 2699 2668 
2458 2668 2699 2700 2669 
2459 2669 2700 2701 2670 
2460 2670 2701 2702 2671 
2461 2671 2702 2703 2672 
2462 2672 2703 2704 2673 
2463 2673 2704 2705 2674 
2464 2674 2705 145 144 
2465 21 22 2706 2675 
2466 2675 2706 2707 2676 
2467 2676 2707 2708 2677 
2468 2677 2708 2709 2678 
2469 2678 2709 2710 2679 
2470 2679 2710 2711 2680 
2471 2680 2711 2712 2681 
2472 2681 2712 2713 2682 
2473 2682 2713 2714 2683 
2474 2683 2714 2715 2684 
2475 2684 2715 2716 2685 
2476 2685 2716 2717 2686 
2477 2686 2717 2718 2687 
2478 2687 2718 2719 2688 
2479 2688 2719 2720 2689 
2480 2689 2720 2721 2690 
2481 2690 2721 2722 2691 
2482 2691 2722 2723 2692 
2483 2692 2723 2724 2693 
2484 2693 2724 2725 2694 
2485 2694 2725 2726 2695 
2486 2695 2726 2727 2696 
2487 2696 2727 2728 2697 
2488 2697 2728 2729 2698 
2489 2698 2729 2730 2699 
2490 2699 2730 2731 2700 
2491 2700 2731 2732 2701 
2492 2701 2732 2733 2702 
2493 2702 2733 2734 2703 
2494 2703 2734 2735 2704 
2495 2704 2735 2736 2705 
2496 2705 2736 146 145 
2497 22 23 2737 2706 
2498 2706 2737 2738 2707 
2499 2707 2738 2739 2708 
2500 2708 2739 2740 2709 
2501 2709 2740 2741 2710 
2502 2710 2741 2742 2711 
2503 2711 2742 2743 2712 
2504 2712 2743 2744 2713 
2505 2713 2744 2745 2714 
2506 2714 2745 2746 2715 
2507 2715 2746 2747 2716 
2508 2716 2747 2748 2717 
2509 2717 2748 2749 2718 
2510 2718 2749 2750 2719 
2511 2719 2750 2751 2720 
2512 2720 2751 2752 2721 
2513 2721 2752 2753 2722 
2514 2722 2753 2754 2723 
2515 2723 2754 2755 2724 
2516 2724 2755 2756 2725 
2517 2725 2756 2757 2726 
2518 2726 2757 2758 2727 
2519 2727 2758 2759 2728 
2520 2728 2759 2760 2729 
2521 2729 2760 2761 2730 
2522 2730 2761 2762 2731 
2523 2731 2762 2763 2732 
2524 2732 2763 2764 2733 
2525 2733 2764 2765 2734 
2526 2734 2765 2766 2735 
2527 2735 2766 2767 2736 
2528 2736 2767 147 146 
2529 23 24 2768 2737 
2530 2737 2768 2769 2738 
2531 2738 2769 2770 2739 
2532 2739 2770 2771 2740 
2533 2740 2771 2772 2741 
2534 2741 2772 2773 2742 
2535 2742 2773 2774 2743 
2536 2743 2774 2775 2744 
2537 2744 2775 2776 2745 
2538 2745 2776 2777 2746 
2539 2746 2777 2778 2747 
2540 2747 2778 2779 2748 
2541 2748 2779 2780 2749 
2542 2749 2780 2781 2750 
2543 2750 2781 2782 2751 
2544 2751 2782 2783 2752 
2545 2752 2783 2784 2753 
2546 2753 2784 2785 2754 
2547 2754 2785 2786 2755 
2548 2755 2786 2787 2756 
2549 2756 2787 2788 2757 
2550 2757 2788 2789 2758 
2551 2758 2789 2790 2759 
2552 2759 2790 2791 2760 
2553 2760 2791 2792 2761 
2554 2761 2792 2793 2762 
2555 2762 2793 2794 2763 
2556 2763 2794 2795 2764 
2557 2764 2795 2796 2765 
2558 2765 2796 2797 2766 
2559 2766 2797 2798 2767 
2560 2767 2798 148 147 
2561 24 25 2799 2768 
2562 2768 2799 2800 2769 
2563 2769 2800 2801 2770 
2564 2770 2801 2802 2771 
2565 2771 2802 2803 2772 
2566 2772 2803 2804 2773 
2567 2773 2804 2805 2774 
2568 2774 2805 2806 2775 
2569 2775 2806 2807 2776 
2570 2776 2807 2808 2777 
2571 2777 2808 2809 2778 
2572 2778 2809 2810 2779 
2573 2779 2810 2811 2780 
2574 2780 2811 2812 2781 
2575 2781 2812 2813 2782 
2576 2782 2813 2814 2783 
2577 2783 2814 2815 2784 
2578 2784 2815 2816 2785 
2579 2785 2816 2817 2786 
2580 2786 2817 2818 2787 
2581 2787 2818 2819 2788 
2582 2788 2819 2820 2789 
2583 2789 2820 2821 2790 
2584 2790 2821 2822 2791 
2585 2791 2822 2823 2792 
2586 2792 2823 2824 2793 
2587 2793 2824 2825 2794 
2588 2794 2825 2826 2795 
2589 2795 2826 2827 2796 
2590 2796 2827 2828 2797 
2591 2797 2828 2829 2798 
2592 2798 2829 149 148 
2593 25 26 2830 2799 
2594 2799 2830 2831 2800 
2595 2800 2831 2832 2801 
2596 2801 2832 2833 2802 
2597 2802 2833 2834 2803 
2598 2803 2834 2835 2804 
2599 2804 2835 2836 2805 
2600 2805 2836 2837 2806 
2601 2806 2837 2838 2807 
2602 2807 2838 2839 2808 
2603 2808 2839 2840 2809 
2604 2809 2840 2841 2810 
2605 2810 2841 2842 2811 
2606 2811 2842 2843 2812 
2607 2812 2843 2844 2813 
2608 2813 2844 2845 2814 
2609 2814 2845 2846 2815 
2610 2815 2846 2847 2816 
2611 2816 2847 2848 2817 
2612 2817 2848 2849 2818 
2613 2818 2849 2850 2819 
2614 2819 2850 2851 2820 
2615 2820 2851 2852 2821 
2616 2821 2852 2853 2822 
2617 2822 2853 2854 2823 
2618 2823 2854 2855 2824 
2619 2824 2855 2856 2825 
2620 2825 2856 2857 2826 
2621 2826 2857 2858 2827 
2622 2827 2858 2859 2828 
2623 2828 2859 2860 2829 
2624 2829 2860 150 149 
2625 26 27 2861 2830 
2626 2830 2861 2862 2831 
2627 2831 2862 2863 2832 
2628 2832 2863 2864 2833 
2629 2833 2864 2865 2834 
2630 2834 2865 2866 2835 
2631 2835 2866 2867 2836 
2632 2836 2867 2868 2837 
2633 2837 2868 2869 2838 
2634 2838 2869 2870 2839 
2635 2839 2870 2871 2840 
2636 2840 2871 2872 2841 
2637 2841 2872 2873 2842 
2638 2842 2873 2874 2843 
2639 2843 2874 2875 2844 
2640 2844 2875 2876 2845 
2641 2845 2876 2877 2846 
2642 2846 2877 2878 2847 
2643 2847 2878 2879 2848 
2644 2848 2879 2880 2849 
2645 2849 2880 2881 2850 
2646 2850 2881 2882 2851 
2647 2851 2882 2883 2852 
2648 2852 2883 2884 2853 
2649 2853 2884 2885 2854 
2650 2854 2885 2886 2855 
2651 2855 2886 2887 2856 
2652 2856 2887 2888 2857 
2653 2857 2888 2889 2858 
2654 2858 2889 2890 2859 
2655 2859 2890 2891 2860 
2656 2860 2891 151 150 
2657 27 28 2892 2861 
2658 2861 2892 2893 2862 
2659 2862 2893 2894 2863 
2660 2863 2894 2895 2864 
2661 2864 2895 2896 2865 
2662 2865 2896 2897 2866 
2663 2866 2897 2898 2867 
2664 2867 2898 2899 2868 
2665 2868 2899 2900 2869 
2666 2869 2900 2901 2870 
2667 2870 2901 2902 2871 
2668 2871 2902 2903 2872 
2669 2872 2903 2904 2873 
2670 2873 2904 2905 2874 
2671 2874 2905 2906 2875 
2672 2875 2906 2907 2876 
2673 2876 2907 2908 2877 
2674 2877 2908 2909 2878 
2675 2878 2909 2910 2879 
2676 2879 2910 2911 2880 
2677 2880 2911 2912 2881 
2678 2881 2912 2913 2882 
2679 2882 2913 2914 2883 
2680 2883 2914 2915 2884 
2681 2884 2915 2916 2885 
2682 2885 2916 2917 2886 
2683 2886 2917 2918 2887 
2684 2887 2918 2919 2888 
2685 2888 2919 2920 2889 
2686 2889 2920 2921 2890 
2687 2890 2921 2922 2891 
2688 2891 2922 152 151 
2689 28 29 2923 2892 
2690 2892 2923 2924 2893 
2691 2893 2924 2925 2894 
2692 2894 2925 2926 2895 
2693 2895 2926 2927 2896 
2694 2896 2927 2928 2897 
2695 2897 2928 2929 2898 
2696 2898 2929 2930 2899 
2697 2899 2930 2931 2900 
2698 2900 2931 2932 2901 
2699 2901 2932 2933 2902 
2700 2902 2933 2934 2903 
2701 2903 2934 2935 2904 
2702 2904 2935 2936 2905 
2703 2905 2936 2937 2906 
2704 2906 2937 2938 2907 
2705 2907 2938 2939 2908 
2706 2908 2939 2940 2909 
2707 2909 2940 2941 2910 
2708 2910 2941 2942 2911 
2709 2911 2942 2943 2912 
2710 2912 2943 2944 2913 
2711 2913 2944 2945 2914 
2712 2914 2945 2946 2915 
2713 2915 2946 2947 2916 
2714 2916 2947 2948 2917 
2715 2917 2948 2949 2918 
2716 2918 2949 2950 2919 
2717 2919 2950 2951 2920 
2718 2920 2951 2952 2921 
2719 2921 2952 2953 2922 
2720 2922 2953 153 152 
2721 29 30 2954 2923 
2722 2923 2954 2955 2924 
2723 2924 2955 2956 2925 
2724 2925 2956 2957 2926 
2725 2926 2957 2958 2927 
2726 2927 2958 2959 2928 
2727 2928 2959 2960 2929 
2728 2929 2960 2961 2930 
2729 2930 2961 2962 2931 
2730 2931 2962 2963 2932 
2731 2932 2963 2964 2933 
2732 2933 2964 2965 2934 
2733 2934 2965 2966 2935 
2734 2935 2966 2967 2936 
2735 2936 2967 2968 2937 
2736 2937 2968 2969 2938 
2737 2938 2969 2970 2939 
2738 2939 2970 2971 2940 
2739 2940 2971 2972 2941 
2740 2941 2972 2973 2942 
2741 2942 2973 2974 2943 
2742 2943 2974 2975 2944 
2743 2944 2975 2976 2945 
2744 2945 2976 2977 2946 
2745 2946 2977 2978 2947 
2746 2947 2978 2979 2948 
2747 2948 2979 2980 2949 
2748 2949 2980 2981 2950 
2749 2950 2981 2982 2951 
2750 2951 2982 2983 2952 
2751 2952 2983 2984 2953 
2752 2953 2984 154 153 
2753 30 31 2985 2954 
2754 2954 2985 2986 2955 
2755 2955 2986 2987 2956 
2756 2956 2987 2988 2957 
2757 2957 2988 2989 2958 
2758 2958 2989 2990 2959 
2759 2959 2990 2991 2960 
2760 2960 2991 2992 2961 
2761 2961 2992 2993 2962 
2762 2962 2993 2994 2963 
2763 2963 2994 2995 2964 
2764 2964 2995 2996 2965 
2765 2965 2996 2997 2966 
2766 2966 2997 2998 2967 
2767 2967 2998 2999 2968 
2768 2968 2999 3000 2969 
2769 2969 3000 3001 2970 
2770 2970 3001 3002 2971 
2771 2971 3002 3003 2972 
2772 2972 3003 3004 2973 
2773 2973 3004 3005 2974 
2774 2974 3005 3006 2975 
2775 2975 3006 3007 2976 
2776 2976 3007 3008 2977 
2777 2977 3008 3009 2978 
2778 2978 3009 3010 2979 
2779 2979 3010 3011 2980 
2780 2980 3011 3012 2981 
2781 2981 3012 3013 2982 
2782 2982 3013 3014 2983 
2783 2983 3014 3015 2984 
2784 2984 3015 155 154 
2785 31 32 3016 2985 
2786 2985 3016 3017 2986 
2787 2986 3017 3018 2987 
2788 2987 3018 3019 2988 
2789 2988 3019 3020 2989 
2790 2989 3020 3021 2990 
2791 2990 3021 3022 2991 
2792 2991 3022 3023 2992 
2793 2992 3023 3024 2993 
2794 2993 3024 3025 2994 
2795 2994 3025 3026 2995 
2796 2995 3026 3027 2996 
2797 2996 3027 3028 2997 
2798 2997 3028 3029 2998 
2799 2998 3029 3030 2999 
2800 2999 3030 3031 3000 
2801 3000 3031 3032 3001 
2802 3001 3032 3033 3002 
2803 3002 3033 3034 3003 
2804 3003 3034 3035 3004 
2805 3004 3035 3036 3005 
2806 3005 3036 3037 3006 
2807 3006 3037 3038 3007 
2808 3007 3038 3039 3008 
2809 3008 3039 3040 3009 
2810 3009 3040 3041 3010 
2811 3010 3041 3042 3011 
2812 3011 3042 3043 3012 
2813 3012 3043 3044 3013 
2814 3013 3044 3045 3014 
2815 3014 3045 3046 3015 
2816 3015 3046 156 155 
2817 32 33 3047 3016 
2818 3016 3047 3048 3017 
2819 3017 3048 3049 3018 
2820 3018 3049 3050 3019 
2821 3019 3050 3051 3020 
2822 3020 3051 3052 3021 
2823 3021 3052 3053 3022 
2824 3022 3053 3054 3023 
2825 3023 3054 3055 3024 
2826 3024 3055 3056 3025 
2827 3025 3056 3057 3026 
2828 3026 3057 3058 3027 
2829 3027 3058 3059 3028 
2830 3028 3059 3060 3029 
2831 3029 3060 3061 3030 
2832 3030 3061 3062 3031 
2833 3031 3062 3063 3032 
2834 3032 3063 3064 3033 
2835 3033 3064 3065 3034 
2836 3034 3065 3066 3035 
2837 3035 3066 3067 3036 
2838 3036 3067 3068 3037 
2839 3037 3068 3069 3038 
2840 3038 3069 3070 3039 
2841 3039 3070 3071 3040 
2842 3040 3071 3072 3041 
2843 3041 3072 3073 3042 
2844 3042 3073 3074 3043 
2845 3043 3074 3075 3044 
2846 3044 3075 3076 3045 
2847 3045 3076 3077 3046 
2848 3046 3077 157 156 
2849 33 34 3078 3047 
2850 3047 3078 3079 3048 
2851 3048 3079 3080 3049 
2852 3049 3080 3081 3050 
2853 3050 3081 3082 3051 
2854 3051 3082 3083 3052 
2855 3052 3083 3084 3053 
2856 3053 3084 3085 3054 
2857 3054 3085 3086 3055 
2858 3055 3086 3087 3056 
2859 3056 3087 3088 3057 
2860 3057 3088 3089 3058 
2861 3058 3089 3090 3059 
2862 3059 3090 3091 3060 
2863 3060 3091 3092 3061 
2864 3061 3092 3093 3062 
2865 3062 3093 3094 3063 
2866 3063 3094 3095 3064 
2867 3064 3095 3096 3065 
2868 3065 3096 3097 3066 
2869 3066 3097 3098 3067 
2870 3067 3098 3099 3068 
2871 3068 3099 3100 3069 
2872 3069 3100 3101 3070 
2873 3070 3101 3102 3071 
2874 3071 3102 3103 3072 
2875 3072 3103 3104 3073 
2876 3073 3104 3105 3074 
2877 3074 3105 3106 3075 
2878 3075 3106 3107 3076 
2879 3076 3107 3108 3077 
2880 3077 3108 158 157 
2881 34 35 3109 3078 
2882 3078 3109 3110 3079 
2883 3079 3110 3111 3080 
2884 3080 3111 3112 3081 
2885 3081 3112 3113 3082 
2886 3082 3113 3114 3083 
2887 3083 3114 3115 3084 
2888 3084 3115 3116 3085 
2889 3085 3116 3117 3086 
2890 3086 3117 3118 3087 
2891 3087 3118 3119 3088 
2892 3088 3119 3120 3089 
2893 3089 3120 3121 3090 
2894 3090 3121 3122 3091 
2895 3091 3122 3123 3092 
2896 3092 3123 3124 3093 
2897 3093 3124 3125 3094 
2898 3094 3125 3126 3095 
2899 3095 3126 3127 3096 
2900 3096 3127 3128 3097 
2901 3097 3128 3129 3098 
2902 3098 3129 3130 3099 
2903 3099 3130 3131 3100 
2904 3100 3131 3132 3101 
2905 3101 3132 3133 3102 
2906 3102 3133 3134 3103 
2907 3103 3134 3135 3104 
2908 3104 3135 3136 3105 
2909 3105 3136 3137 3106 
2910 3106 3137 3138 3107 
2911 3107 3138 3139 3108 
2912 3108 3139 159 158 
2913 35 36 3140 3109 
2914 3109 3140 3141 3110 
2915 3110 3141 3142 3111 
2916 3111 3142 3143 3112 
2917 3112 3143 3144 3113 
2918 3113 3144 3145 3114 
2919 3114 3145 3146 3115 
2920 3115 3146 3147 3116 
2921 3116 3147 3148 3117 
2922 3117 3148 3149 3118 
2923 3118 3149 3150 3119 
2924 3119 3150 3151 3120 
2925 3120 3151 3152 3121 
2926 3121 3152 3153 3122 
2927 3122 3153 3154 3123 
2928 3123 3154 3155 3124 
2929 3124 3155 3156 3125 
2930 3125 3156 3157 3126 
2931 3126 3157 3158 3127 
2932 3127 3158 3159 3128 
2933 3128 3159 3160 3129 
2934 3129 3160 3161 3130 
2935 3130 3161 3162 3131 
2936 3131 3162 3163 3132 
2937 3132 3163 3164 3133 
2938 3133 3164 3165 3134 
2939 3134 3165 3166 3135 
2940 3135 3166 3167 3136 
2941 3136 3167 3168 3137 
2942 3137 3168 3169 3138 
2943 3138 3169 3170 3139 
2944 3139 3170 160 159 
2945 36 37 3171 3140 
2946 3140 3171 3172 3141 
2947 3141 3172 3173 3142 
2948 3142 3173 3174 3143 
2949 3143 3174 3175 3144 
2950 3144 3175 3176 3145 
2951 3145 3176 3177 3146 
2952 3146 3177 3178 3147 
2953 3147 3178 3179 3148 
2954 3148 3179 3180 3149 
2955 3149 3180 3181 3150 
2956 3150 3181 3182 3151 
2957 3151 3182 3183 3152 
2958 3152 3183 3184 3153 
2959 3153 3184 3185 3154 
2960 3154 3185 3186 3155 
2961 3155 3186 3187 3156 
2962 3156 3187 3188 3157 
2963 3157 3188 3189 3158 
2964 3158 3189 3190 3159 
2965 3159 3190 3191 3160 
2966 3160 3191 3192 3161 
2967 3161 3192 3193 3162 
2968 3162 3193 3194 3163 
2969 3163 3194 3195 3164 
2970 3164 3195 3196 3165 
2971 3165 3196 3197 3166 
2972 3166 3197 3198 3167 
2973 3167 3198 3199 3168 
2974 3168 3199 3200 3169 
2975 3169 3200 3201 3170 
2976 3170 3201 161 160 
2977 37 38 3202 3171 
2978 3171 3202 3203 3172 
2979 3172 3203 3204 3173 
2980 3173 3204 3205 3174 
2981 3174 3205 3206 3175 
2982 3175 3206 3207 3176 
2983 3176 3207 3208 3177 
2984 3177 3208 3209 3178 
2985 3178 3209 3210 3179 
2986 3179 3210 3211 3180 
2987 3180 3211 3212 3181 
2988 3181 3212 3213 3182 
2989 3182 3213 3214 3183 
2990 3183 3214 3215 3184 
2991 3184 3215 3216 3185 
2992 3185 3216 3217 3186 
2993 3186 3217 3218 3187 
2994 3187 3218 3219 3188 
2995 3188 3219 3220 3189 
2996 3189 3220 3221 3190 
2997 3190 3221 3222 3191 
2998 3191 3222 3223 3192 
2999 3192 3223 3224 3193 
3000 3193 3224 3225 3194 
3001 3194 3225 3226 3195 
3002 3195 3226 3227 3196 
3003 3196 3227 3228 3197 
3004 3197 3228 3229 3198 
3005 3198 3229 3230 3199 
3006 3199 3230 3231 3200 
3007 3200 3231 3232 3201 
3008 3201 3232 162 161 
3009 38 39 3233 3202 
3010 3202 3233 3234 3203 
3011 3203 3234 3235 3204 
3012 3204 3235 3236 3205 
3013 3205 3236 3237 3206 
3014 3206 3237 3238 3207 
3015 3207 3238 3239 3208 
3016 3208 3239 3240 3209 
3017 3209 3240 3241 3210 
3018 3210 3241 3242 3211 
3019 3211 3242 3243 3212 
3020 3212 3243 3244 3213 
3021 3213 3244 3245 3214 
3022 3214 3245 3246 3215 
3023 3215 3246 3247 3216 
3024 3216 3247 3248 3217 
3025 3217 3248 3249 3218 
3026 3218 3249 3250 3219 
3027 3219 3250 3251 3220 
3028 3220 3251 3252 3221 
3029 3221 3252 3253 3222 
3030 3222 3253 3254 3223 
3031 3223 3254 3255 3224 
3032 3224 3255 3256 3225 
3033 3225 3256 3257 3226 
3034 3226 3257 3258 3227 
3035 3227 3258 3259 3228 
3036 3228 3259 3260 3229 
3037 3229 3260 3261 3230 
3038 3230 3261 3262 3231 
3039 3231 3262 3263 3232 
3040 3232 3263 163 162 
3041 39 2 288 3233 
3042 3233 288 289 3234 
3043 3234 289 290 3235 
3044 3235 290 291 3236 
3045 3236 291 292 3237 
3046 3237 292 293 3238 
3047 3238 293 294 3239 
3048 3239 294 295 3240 
3049 3240 295 296 3241 
3050 3241 296 297 3242 
3051 3242 297 298 3243 
3052 3243 298 299 3244 
3053 3244 299 300 3245 
3054 3245 300 301 3246 
3055 3246 301 302 3247 
3056 3247 302 303 3248 
3057 3248 303 304 3249 
3058 3249 304 305 3250 
3059 3250 305 306 3251 
3060 3251 306 307 3252 
3061 3252 307 308 3253 
3062 3253 308 309 3254 
3063 3254 309 310 3255 
3064 3255 310 311 3256 
3065 3256 311 312 3257 
3066 3257 312 313 3258 
3067 3258 313 314 3259 
3068 3259 314 315 3260 
3069 3260 315 316 3261 
3070 3261 316 317 3262 
3071 3262 317 318 3263 
3072 3263 318 6 163 
2 4 3 1024
3073 2 40 3264 288 
3074 288 3264 3265 289 
3075 289 3265 3266 290 
3076 290 3266 3267 291 
3077 291 3267 3268 292 
3078 292 3268 3269 293 
3079 293 3269 3270 294 
3080 294 3270 3271 295 
3081 295 3271 3272 296 
3082 296 3272 3273 297 
3083 297 3273 3274 298 
3084 298 3274 3275 299 
3085 299 3275 3276 300 
3086 300 3276 3277 301 
3087 301 3277 3278 302 
3088 302 3278 3279 303 
3089 303 3279 3280 304 
3090 304 3280 3281 305 
3091 305 3281 3282 306 
3092 306 3282 3283 307 
3093 307 3283 3284 308 
3094 308 3284 3285 309 
3095 309 3285 3286 310 
3096 310 3286 3287 311 
3097 311 3287 3288 312 
3098 312 3288 3289 313 
3099 313 3289 3290 314 
3100 314 3290 3291 315 
3101 315 3291 3292 316 
3102 316 3292 3293 317 
3103 317 3293 3294 318 
3104 318 3294 164 6 
3105 40 41 3295 3264 
3106 3264 3295 3296 3265 
3107 3265 3296 3297 3266 
3108 3266 3297 3298 3267 
3109 3267 3298 3299 3268 
3110 3268 3299 3300 3269 
3111 3269 3300 3301 3270 
3112 3270 3301 3302 3271 
3113 3271 3302 3303 3272 
3114 3272 3303 3304 3273 
3115 3273 3304 3305 3274 
3116 3274 3305 3306 3275 
3117 3275 3306 3307 3276 
3118 3276 3307 3308 3277 
3119 3277 3308 3309 3278 
3120 3278 3309 3310 3279 
3121 3279 3310 3311 3280 
3122 3280 3311 3312 3281 
3123 3281 3312 3313 3282 
3124 3282 3313 3314 3283 
3125 3283 3314 3315 3284 
3126 3284 3315 3316 3285 
3127 3285 3316 3317 3286 
3128 3286 3317 3318 3287 
3129 3287 3318 3319 3288 
3130 3288 3319 3320 3289 
3131 3289 3320 3321 3290 
3132 3290 3321 3322 3291 
3133 3291 3322 3323 3292 
3134 3292 3323 3324 3293 
3135 3293 3324 3325 3294 
3136 3294 3325 165 164 
3137 41 42 3326 3295 
3138 3295 3326 3327 3296 
3139 3296 3327 3328 3297 
3140 3297 3328 3329 3298 
3141 3298 3329 3330 3299 
3142 3299 3330 3331 3300 
3143 3300 3331 3332 3301 
3144 3301 3332 3333 3302 
3145 3302 3333 3334 3303 
3146 3303 3334 3335 3304 
3147 3304 3335 3336 3305 
3148 3305 3336 3337 3306 
3149 3306 3337 3338 3307 
3150 3307 3338 3339 3308 
3151 3308 3339 3340 3309 
3152 3309 3340 3341 3310 
3153 3310 3341 3342 3311 
3154 3311 3342 3343 3312 
3155 3312 3343 3344 3313 
3156 3313 3344 3345 3314 
3157 3314 3345 3346 3315 
3158 3315 3346 3347 3316 
3159 3316 3347 3348 3317 
3160 3317 3348 3349 3318 
3161 3318 3349 3350 3319 
3162 3319 3350 3351 3320 
3163 3320 3351 3352 3321 
3164 3321 3352 3353 3322 
3165 3322 3353 3354 3323 
3166 3323 3354 3355 3324 
3167 3324 3355 3356 3325 
3168 3325 3356 166 165 
3169 42 43 3357 3326 
3170 3326 3357 3358 3327 
3171 3327 3358 3359 3328 
3172 3328 3359 3360 3329 
3173 3329 3360 3361 3330 
3174 3330 3361 3362 3331 
3175 3331 3362 3363 3332 
3176 3332 3363 3364 3333 
3177 3333 3364 3365 3334 
3178 3334 3365 3366 3335 
3179 3335 3366 3367 3336 
3180 3336 3367 3368 3337 
3181 3337 3368 3369 3338 
3182 3338 3369 3370 3339 
3183 3339 3370 3371 3340 
3184 3340 3371 3372 3341 
3185 3341 3372 3373 3342 
3186 3342 3373 3374 3343 
3187 3343 3374 3375 3344 
3188 3344 3375 3376 3345 
3189 3345 3376 3377 3346 
3190 3346 3377 3378 3347 
3191 3347 3378 3379 3348 
3192 3348 3379 3380 3349 
3193 3349 3380 3381 3350 
3194 3350 3381 3382 3351 
3195 3351 3382 3383 3352 
3196 3352 3383 3384 3353 
3197 3353 3384 3385 3354 
3198 3354 3385 3386 3355 
3199 3355 3386 3387 3356 
3200 3356 3387 167 166 
3201 43 44 3388 3357 
3202 3357 3388 3389 3358 
3203 3358 3389 3390 3359 
3204 3359 3390 3391 3360 
3205 3360 3391 3392 3361 
3206 3361 3392 3393 3362 
3207 3362 3393 3394 3363 
3208 3363 3394 3395 3364 
3209 3364 3395 3396 3365 
3210 3365 3396 3397 3366 
3211 3366 3397 3398 3367 
3212 3367 3398 3399 3368 
3213 3368 3399 3400 3369 
3214 3369 3400 3401 3370 
3215 3370 3401 3402 3371 
3216 3371 3402 3403 3372 
3217 3372 3403 3404 3373 
3218 3373 3404 3405 3374 
3219 3374 3405 3406 3375 
3220 3375 3406 3407 3376 
3221 3376 3407 3408 3377 
3222 3377 3408 3409 3378 
3223 3378 3409 3410 3379 
3224 3379 3410 3411 3380 
3225 3380 3411 3412 3381 
3226 3381 3412 3413 3382 
3227 3382 3413 3414 3383 
3228 3383 3414 3415 3384 
3229 3384 3415 3416 3385 
3230 3385 3416 3417 3386 
3231 3386 3417 3418 3387 
3232 3387 3418 168 167 
3233 44 45 3419 3388 
3234 3388 3419 3420 3389 
3235 3389 3420 3421 3390 
3236 3390 3421 3422 3391 
3237 3391 3422 3423 3392 
3238 3392 3423 3424 3393 
3239 3393 3424 3425 3394 
3240 3394 3425 3426 3395 
3241 3395 3426 3427 3396 
3242 3396 3427 3428 3397 
3243 3397 3428 3429 3398 
3244 3398 3429 3430 3399 
3245 3399 3430 3431 3400 
3246 3400 3431 3432 3401 
3247 3401 3432 3433 3402 
3248 3402 3433 3434 3403 
3249 3403 3434 3435 3404 
3250 3404 3435 3436 3405 
3251 3405 3436 3437 3406 
3252 3406 3437 3438 3407 
3253 3407 3438 3439 3408 
3254 3408 3439 3440 3409 
3255 3409 3440 3441 3410 
3256 3410 3441 3442 3411 
3257 3411 3442 3443 3412 
3258 3412 3443 3444 3413 
3259 3413 3444 3445 3414 
3260 3414 3445 3446 3415 
3261 3415 3446 3447 3416 
3262 3416 3447 3448 3417 
3263 3417 3448 3449 3418 
3264 3418 3449 169 168 
3265 45 46 3450 3419 
3266 3419 3450 3451 3420 
3267 3420 3451 3452 3421 
3268 3421 3452 3453 3422 
3269 3422 3453 3454 3423 
3270 3423 3454 3455 3424 
3271 3424 3455 3456 3425 
3272 3425 3456 3457 3426 
3273 3426 3457 3458 3427 
3274 3427 3458 3459 3428 
3275 3428 3459 3460 3429 
3276 3429 3460 3461 3430 
3277 3430 3461 3462 3431 
3278 3431 3462 3463 3432 
3279 3432 3463 3464 3433 
3280 3433 3464 3465 3434 
3281 3434 3465 3466 3435 
3282 3435 3466 3467 3436 
3283 3436 3467 3468 3437 
3284 3437 3468 3469 3438 
3285 3438 3469 3470 3439 
3286 3439 3470 3471 3440 
3287 3440 3471 3472 3441 
3288 3441 3472 3473 3442 
3289 3442 3473 3474 3443 
3290 3443 3474 3475 3444 
3291 3444 3475 3476 3445 
3292 3445 3476 3477 3446 
3293 3446 3477 3478 3447 
3294 3447 3478 3479 3448 
3295 3448 3479 3480 3449 
3296 3449 3480 170 169 
3297 46 47 3481 3450 
3298 3450 3481 3482 3451 
3299 3451 3482 3483 3452 
3300 3452 3483 3484 3453 
3301 3453 3484 3485 3454 
3302 3454 3485 3486 3455 
3303 3455 3486 3487 3456 
3304 3456 3487 3488 3457 
3305 3457 3488 3489 3458 
3306 3458 3489 3490 3459 
3307 3459 3490 3491 3460 
3308 3460 3491 3492 3461 
3309 3461 3492 3493 3462 
3310 3462 3493 3494 3463 
3311 3463 3494 3495 3464 
3312 3464 3495 3496 3465 
3313 3465 3496 3497 3466 
3314 3466 3497 3498 3467 
3315 3467 3498 3499 3468 
3316 3468 3499 3500 3469 
3317 3469 3500 3501 3470 
3318 3470 3501 3502 3471 
3319 3471 3502 3503 3472 
3320 3472 3503 3504 3473 
3321 3473 3504 3505 3474 
3322 3474 3505 3506 3475 
3323 3475 3506 3507 3476 
3324 3476 3507 3508 3477 
3325 3477 3508 3509 3478 
3326 3478 3509 3510 3479 
3327 3479 3510 3511 3480 
3328 3480 3511 171 170 
3329 47 48 3512 3481 
3330 3481 3512 3513 3482 
3331 3482 3513 3514 3483 
3332 3483 3514 3515 3484 
3333 3484 3515 3516 3485 
3334 3485 3516 3517 3486 
3335 3486 3517 3518 3487 
3336 3487 3518 3519 3488 
3337 3488 3519 3520 3489 
3338 3489 3520 3521 3490 
3339 3490 3521 3522 3491 
3340 3491 3522 3523 3492 
3341 3492 3523 3524 3493 
3342 3493 3524 3525 3494 
3343 3494 3525 3526 3495 
3344 3495 3526 3527 3496 
3345 3496 3527 3528 3497 
3346 3497 3528 3529 3498 
3347 3498 3529 3530 3499 
3348 3499 3530 3531 3500 
3349 3500 3531 3532 3501 
3350 3501 3532 3533 3502 
3351 3502 3533 3534 3503 
3352 3503 3534 3535 3504 
3353 3504 3535 3536 3505 
3354 3505 3536 3537 3506 
3355 3506 3537 3538 3507 
3356 3507 3538 3539 3508 
3357 3508 3539 3540 3509 
3358 3509 3540 3541 3510 
3359 3510 3541 3542 3511 
3360 3511 3542 172 171 
3361 48 49 3543 3512 
3362 3512 3543 3544 3513 
3363 3513 3544 3545 3514 
3364 3514 3545 3546 3515 
3365 3515 3546 3547 3516 
3366 3516 3547 3548 3517 
3367 3517 3548 3549 3518 
3368 3518 3549 3550 3519 
3369 3519 3550 3551 3520 
3370 3520 3551 3552 3521 
3371 3521 3552 3553 3522 
3372 3522 3553 3554 3523 
3373 3523 3554 3555 3524 
3374 3524 3555 3556 3525 
3375 3525 3556 3557 3526 
3376 3526 3557 3558 3527 
3377 3527 3558 3559 3528 
3378 3528 3559 3560 3529 
3379 3529 3560 3561 3530 
3380 3530 3561 3562 3531 
3381 3531 3562 3563 3532 
3382 3532 3563 3564 3533 
3383 3533 3564 3565 3534 
3384 3534 3565 3566 3535 
3385 3535 3566 3567 3536 
3386 3536 3567 3568 3537 
3387 3537 3568 3569 3538 
3388 3538 3569 3570 3539 
3389 3539 3570 3571 3540 
3390 3540 3571 3572 3541 
3391 3541 3572 3573 3542 
3392 3542 3573 173 172 
3393 49 50 3574 3543 
3394 3543 3574 3575 3544 
3395 3544 3575 3576 3545 
3396 3545 3576 3577 3546 
3397 3546 3577 3578 3547 
3398 3547 3578 3579 3548 
3399 3548 3579 3580 3549 
3400 3549 3580 3581 3550 
3401 3550 3581 3582 3551 
3402 3551 3582 3583 3552 
3403 3552 3583 3584 3553 
3404 3553 3584 3585 3554 
3405 3554 3585 3586 3555 
3406 3555 3586 3587 3556 
3407 3556 3587 3588 3557 
3408 3557 3588 3589 3558 
3409 3558 3589 3590 3559 
3410 3559 3590 3591 3560 
3411 3560 3591 3592 3561 
3412 3561 3592 3593 3562 
3413 3562 3593 3594 3563 
3414 3563 3594 3595 3564 
3415 3564 3595 3596 3565 
3416 3565 3596 3597 3566 
3417 3566 3597 3598 3567 
3418 3567 3598 3599 3568 
3419 3568 3599 3600 3569 
3420 3569 3600 3601 3570 
3421 3570 3601 3602 3571 
3422 3571 3602 3603 3572 
3423 3572 3603 3604 3573 
3424 3573 3604 174 173 
3425 50 51 3605 3574 
3426 3574 3605 3606 3575 
3427 3575 3606 3607 3576 
3428 3576 3607 3608 3577 
3429 3577 3608 3609 3578 
3430 3578 3609 3610 3579 
3431 3579 3610 3611 3580 
3432 3580 3611 3612 3581 
3433 3581 3612 3613 3582 
3434 3582 3613 3614 3583 
3435 3583 3614 3615 3584 
3436 3584 3615 3616 3585 
3437 3585 3616 3617 3586 
3438 3586 3617 3618 3587 
3439 3587 3618 3619 3588 
3440 3588 3619 3620 3589 
3441 3589 3620 3621 3590 
3442 3590 3621 3622 3591 
3443 3591 3622 3623 3592 
3444 3592 3623 3624 3593 
3445 3593 3624 3625 3594 
3446 3594 3625 3626 3595 
3447 3595 3626 3627 3596 
3448 3596 3627 3628 3597 
3449 3597 3628 3629 3598 
3450 3598 3629 3630 3599 
3451 3599 3630 3631 3600 
3452 3600 3631 3632 3601 
3453 3601 3632 3633 3602 
3454 3602 3633 3634 3603 
3455 3603 3634 3635 3604 
3456 3604 3635 175 174 
3457 51 52 3636 3605 
3458 3605 3636 3637 3606 
3459 3606 3637 3638 3607 
3460 3607 3638 3639 3608 
3461 3608 3639 3640 3609 
3462 3609 3640 3641 3610 
3463 3610 3641 3642 3611 
3464 3611 3642 3643 3612 
3465 3612 3643 3644 3613 
3466 3613 3644 3645 3614 
3467 3614 3645 3646 3615 
3468 3615 3646 3647 3616 
3469 3616 3647 3648 3617 
3470 3617 3648 3649 3618 
3471 3618 3649 3650 3619 
3472 3619 3650 3651 3620 
3473 3620 3651 3652 3621 
3474 3621 3652 3653 3622 
3475 3622 3653 3654 3623 
3476 3623 3654 3655 3624 
3477 3624 3655 3656 3625 
3478 3625 3656 3657 3626 
3479 3626 3657 3658 3627 
3480 3627 3658 3659 3628 
3481 3628 3659 3660 3629 
3482 3629 3660 3661 3630 
3483 3630 3661 3662 3631 
3484 3631 3662 3663 3632 
3485 3632 3663 3664 3633 
3486 3633 3664 3665 3634 
3487 3634 3665 3666 3635 
3488 3635 3666 176 175 
3489 52 53 3667 3636 
3490 3636 3667 3668 3637 
3491 3637 3668 3669 3638 
3492 3638 3669 3670 3639 
3493 3639 3670 3671 3640 
3494 3640 3671 3672 3641 
3495 3641 3672 3673 3642 
3496 3642 3673 3674 3643 
3497 3643 3674 3675 3644 
3498 3644 3675 3676 3645 
3499 3645 3676 3677 3646 
3500 3646 3677 3678 3647 
3501 3647 3678 3679 3648 
3502 3648 3679 3680 3649 
3503 3649 3680 3681 3650 
3504 3650 3681 3682 3651 
3505 3651 3682 3683 3652 
3506 3652 3683 3684 3653 
3507 3653 3684 3685 3654 
3508 3654 3685 3686 3655 
3509 3655 3686 3687 3656 
3510 3656 3687 3688 3657 
3511 3657 3688 3689 3658 
3512 3658 3689 3690 3659 
3513 3659 3690 3691 3660 
3514 3660 3691 3692 3661 
3515 3661 3692 3693 3662 
3516 3662 3693 3694 3663 
3517 3663 3694 3695 3664 
3518 3664 3695 3696 3665 
3519 3665 3696 3697 3666 
3520 3666 3697 177 176 
3521 53 54 3698 3667 
3522 3667 3698 3699 3668 
3523 3668 3699 3700 3669 
3524 3669 3700 3701 3670 
3525 3670 3701 3702 3671 
3526 3671 3702 3703 3672 
3527 3672 3703 3704 3673 
3528 3673 3704 3705 3674 
3529 3674 3705 3706 3675 
3530 3675 3706 3707 3676 
3531 3676 3707 3708 3677 
3532 3677 3708 3709 3678 
3533 3678 3709 3710 3679 
3534 3679 3710 3711 3680 
3535 3680 3711 3712 3681 
3536 3681 3712 3713 3682 
3537 3682 3713 3714 3683 
3538 3683 3714 3715 3684 
3539 3684 3715 3716 3685 
3540 3685 3716 3717 3686 
3541 3686 3717 3718 3687 
3542 3687 3718 3719 3688 
3543 3688 3719 3720 3689 
3544 3689 3720 3721 3690 
3545 3690 3721 3722 3691 
3546 3691 3722 3723 3692 
3547 3692 3723 3724 3693 
3548 3693 3724 3725 3694 
3549 3694 3725 3726 3695 
3550 3695 3726 3727 3696 
3551 3696 3727 3728 3697 
3552 3697 3728 178 177 
3553 54 55 3729 3698 
3554 3698 3729 3730 3699 
3555 3699 3730 3731 3700 
3556 3700 3731 3732 3701 
3557 3701 3732 3733 3702 
3558 3702 3733 3734 3703 
3559 3703 3734 3735 3704 
3560 3704 3735 3736 3705 
3561 3705 3736 3737 3706 
3562 3706 3737 3738 3707 
3563 3707 3738 3739 3708 
3564 3708 3739 3740 3709 
3565 3709 3740 3741 3710 
3566 3710 3741 3742 3711 
3567 3711 3742 3743 3712 
3568 3712 3743 3744 3713 
3569 3713 3744 3745 3714 
3570 3714 3745 3746 3715 
3571 3715 3746 3747 3716 
3572 3716 3747 3748 3717 
3573 3717 3748 3749 3718 
3574 3718 3749 3750 3719 
3575 3719 3750 3751 3720 
3576 3720 3751 3752 3721 
3577 3721 3752 3753 3722 
3578 3722 3753 3754 3723 
3579 3723 3754 3755 3724 
3580 3724 3755 3756 3725 
3581 3725 3756 3757 3726 
3582 3726 3757 3758 3727 
3583 3727 3758 3759 3728 
3584 3728 3759 179 178 
3585 55 56 3760 3729 
3586 3729 3760 3761 3730 
3587 3730 3761 3762 3731 
3588 3731 3762 3763 3732 
3589 3732 3763 3764 3733 
3590 3733 3764 3765 3734 
3591 3734 3765 3766 3735 
3592 3735 3766 3767 3736 
3593 3736 3767 3768 3737 
3594 3737 3768 3769 3738 
3595 3738 3769 3770 3739 
3596 3739 3770 3771 3740 
3597 3740 3771 3772 3741 
3598 3741 3772 3773 3742 
3599 3742 3773 3774 3743 
3600 3743 3774 3775 3744 
3601 3744 3775 3776 3745 
3602 3745 3776 3777 3746 
3603 3746 3777 3778 3747 
3604 3747 3778 3779 3748 
3605 3748 3779 3780 3749 
3606 3749 3780 3781 3750 
3607 3750 3781 3782 3751 
3608 3751 3782 3783 3752 
3609 3752 3783 3784 3753 
3610 3753 3784 3785 3754 
3611 3754 3785 3786 3755 
3612 3755 3786 3787 3756 
3613 3756 3787 3788 3757 
3614 3757 3788 3789 3758 
3615 3758 3789 3790 3759 
3616 3759 3790 180 179 
3617 56 57 3791 3760 
3618 3760 3791 3792 3761 
3619 3761 3792 3793 3762 
3620 3762 3793 3794 3763 
3621 3763 3794 3795 3764 
3622 3764 3795 3796 3765 
3623 3765 3796 3797 3766 
3624 3766 3797 3798 3767 
3625 3767 3798 3799 3768 
3626 3768 3799 3800 3769 
3627 3769 3800 3801 3770 
3628 3770 3801 3802 3771 
3629 3771 3802 3803 3772 
3630 3772 3803 3804 3773 
3631 3773 3804 3805 3774 
3632 3774 3805 3806 3775 
3633 3775 3806 3807 3776 
3634 3776 3807 3808 3777 
3635 3777 3808 3809 3778 
3636 3778 3809 3810 3779 
3637 3779 3810 3811 3780 
3638 3780 3811 3812 3781 
3639 3781 3812 3813 3782 
3640 3782 3813 3814 3783 
3641 3783 3814 3815 3784 
3642 3784 3815 3816 3785 
3643 3785 3816 3817 3786 
3644 3786 3817 3818 3787 
3645 3787 3818 3819 3788 
3646 3788 3819 3820 3789 
3647 3789 3820 3821 3790 
3648 3790 3821 181 180 
3649 57 58 3822 3791 
3650 3791 3822 3823 3792 
3651 3792 3823 3824 3793 
3652 3793 3824 3825 3794 
3653 3794 3825 3826 3795 
3654 3795 3826 3827 3796 
3655 3796 3827 3828 3797 
3656 3797 3828 3829 3798 
3657 3798 3829 3830 3799 
3658 3799 3830 3831 3800 
3659 3800 3831 3832 3801 
3660 3801 3832 3833 3802 
3661 3802 3833 3834 3803 
3662 3803 3834 3835 3804 
3663 3804 3835 3836 3805 
3664 3805 3836 3837 3806 
3665 3806 3837 3838 3807 
3666 3807 3838 3839 3808 
3667 3808 3839 3840 3809 
3668 3809 3840 3841 3810 
3669 3810 3841 3842 3811 
3670 3811 3842 3843 3812 
3671 3812 3843 3844 3813 
3672 3813 3844 3845 3814 
3673 3814 3845 3846 3815 
3674 3815 3846 3847 3816 
3675 3816 3847 3848 3817 
3676 3817 3848 3849 3818 
3677 3818 3849 3850 3819 
3678 3819 3850 3851 3820 
3679 3820 3851 3852 3821 
3680 3821 3852 182 181 
3681 58 59 3853 3822 
3682 3822 3853 3854 3823 
3683 3823 3854 3855 3824 
3684 3824 3855 3856 3825 
3685 3825 3856 3857 3826 
3686 3826 3857 3858 3827 
3687 3827 3858 3859 3828 
3688 3828 3859 3860 3829 
3689 3829 3860 3861 3830 
3690 3830 3861 3862 3831 
3691 3831 3862 3863 3832 
3692 3832 3863 3864 3833 
3693 3833 3864 3865 3834 
3694 3834 3865 3866 3835 
3695 3835 3866 3867 3836 
3696 3836 3867 3868 3837 
3697 3837 3868 3869 3838 
3698 3838 3869 3870 3839 
3699 3839 3870 3871 3840 
3700 3840 3871 3872 3841 
3701 3841 3872 3873 3842 
3702 3842 3873 3874 3843 
3703 3843 3874 3875 3844 
3704 3844 3875 3876 3845 
3705 3845 3876 3877 3846 
3706 3846 3877 3878 3847 
3707 3847 3878 3879 3848 
3708 3848 3879 3880 3849 
3709 3849 3880 3881 3850 
3710 3850 3881 3882 3851 
3711 3851 3882 3883 3852 
3712 3852 3883 183 182 
3713 59 60 3884 3853 
3714 3853 3884 3885 3854 
3715 3854 3885 3886 3855 
3716 3855 3886 3887 3856 
3717 3856 3887 3888 3857 
3718 3857 3888 3889 3858 
3719 3858 3889 3890 3859 
3720 3859 3890 3891 3860 
3721 3860 3891 3892 3861 
3722 3861 3892 3893 3862 
3723 3862 3893 3894 3863 
3724 3863 3894 3895 3864 
3725 3864 3895 3896 3865 
3726 3865 3896 3897 3866 
3727 3866 3897 3898 3867 
3728 3867 3898 3899 3868 
3729 3868 3899 3900 3869 
3730 3869 3900 3901 3870 
3731 3870 3901 3902 3871 
3732 3871 3902 3903 3872 
3733 3872 3903 3904 3873 
3734 3873 3904 3905 3874 
3735 3874 3905 3906 3875 
3736 3875 3906 3907 3876 
3737 3876 3907 3908 3877 
3738 3877 3908 3909 3878 
3739 3878 3909 3910 3879 
3740 3879 3910 3911 3880 
3741 3880 3911 3912 3881 
3742 3881 3912 3913 3882 
3743 3882 3913 3914 3883 
3744 3883 3914 184 183 
3745 60 61 3915 3884 
3746 3884 3915 3916 3885 
3747 3885 3916 3917 3886 
3748 3886 3917 3918 3887 
3749 3887 3918 3919 3888 
3750 3888 3919 3920 3889 
3751 3889 3920 3921 3890 
3752 3890 3921 3922 3891 
3753 3891 3922 3923 3892 
3754 3892 3923 3924 3893 
3755 3893 3924 3925 3894 
3756 3894 3925 3926 3895 
3757 3895 3926 3927 3896 
3758 3896 3927 3928 3897 
3759 3897 3928 3929 3898 
3760 3898 3929 3930 3899 
3761 3899 3930 3931 3900 
3762 3900 3931 3932 3901 
3763 3901 3932 3933 3902 
3764 3902 3933 3934 3903 
3765 3903 3934 3935 3904 
3766 3904 3935 3936 3905 
3767 3905 3936 3937 3906 
3768 3906 3937 3938 3907 
3769 3907 3938 3939 3908 
3770 3908 3939 3940 3909 
3771 3909 3940 3941 3910 
3772 3910 3941 3942 3911 
3773 3911 3942 3943 3912 
3774 3912 3943 3944 3913 
3775 3913 3944 3945 3914 
3776 3914 3945 185 184 
3777 61 62 3946 3915 
3778 3915 3946 3947 3916 
3779 3916 3947 3948 3917 
3780 3917 3948 3949 3918 
3781 3918 3949 3950 3919 
3782 3919 3950 3951 3920 
3783 3920 3951 3952 3921 
3784 3921 3952 3953 3922 
3785 3922 3953 3954 3923 
3786 3923 3954 3955 3924 
3787 3924 3955 3956 3925 
3788 3925 3956 3957 3926 
3789 3926 3957 3958 3927 
3790 3927 3958 3959 3928 
3791 3928 3959 3960 3929 
3792 3929 3960 3961 3930 
3793 3930 3961 3962 3931 
3794 3931 3962 3963 3932 
3795 3932 3963 3964 3933 
3796 3933 3964 3965 3934 
3797 3934 3965 3966 3935 
3798 3935 3966 3967 3936 
3799 3936 3967 3968 3937 
3800 3937 3968 3969 3938 
3801 3938 3969 3970 3939 
3802 3939 3970 3971 3940 
3803 3940 3971 3972 3941 
3804 3941 3972 3973 3942 
3805 3942 3973 3974 3943 
3806 3943 3974 3975 3944 
3807 3944 3975 3976 3945 
3808 3945 3976 186 185 
3809 62 63 3977 3946 
3810 3946 3977 3978 3947 
3811 3947 3978 3979 3948 
3812 3948 3979 3980 3949 
3813 3949 3980 3981 3950 
3814 3950 3981 3982 3951 
3815 3951 3982 3983 3952 
3816 3952 3983 3984 3953 
3817 3953 3984 3985 3954 
3818 3954 3985 3986 3955 
3819 3955 3986 3987 3956 
3820 3956 3987 3988 3957 
3821 3957 3988 3989 3958 
3822 3958 3989 3990 3959 
3823 3959 3990 3991 3960 
3824 3960 3991 3992 3961 
3825 3961 3992 3993 3962 
3826 3962 3993 3994 3963 
3827 3963 3994 3995 3964 
3828 3964 3995 3996 3965 
3829 3965 3996 3997 3966 
3830 3966 3997 3998 3967 
3831 3967 3998 3999 3968 
3832 3968 3999 4000 3969 
3833 3969 4000 4001 3970 
3834 3970 4001 4002 3971 
3835 3971 4002 4003 3972 
3836 3972 4003 4004 3973 
3837 3973 4004 4005 3974 
3838 3974 4005 4006 3975 
3839 3975 4006 4007 3976 
3840 3976 4007 187 186 
3841 63 64 4008 3977 
3842 3977 4008 4009 3978 
3843 3978 4009 4010 3979 
3844 3979 4010 4011 3980 
3845 3980 4011 4012 3981 
3846 3981 4012 4013 3982 
3847 3982 4013 4014 3983 
3848 3983 4014 4015 3984 
3849 3984 4015 4016 3985 
3850 3985 4016 4017 3986 
3851 3986 4017 4018 3987 
3852 3987 4018 4019 3988 
3853 3988 4019 4020 3989 
3854 3989 4020 4021 3990 
3855 3990 4021 4022 3991 
3856 3991 4022 4023 3992 
3857 3992 4023 4024 3993 
3858 3993 4024 4025 3994 
3859 3994 4025 4026 3995 
3860 3995 4026 4027 3996 
3861 3996 4027 4028 3997 
3862 3997 4028 4029 3998 
3863 3998 4029 4030 3999 
3864 3999 4030 4031 4000 
3865 4000 4031 4032 4001 
3866 4001 4032 4033 4002 
3867 4002 4033 4034 4003 
3868 4003 4034 4035 4004 
3869 4004 4035 4036 4005 
3870 4005 4036 4037 4006 
3871 4006 4037 4038 4007 
3872 4007 4038 188 187 
3873 64 65 4039 4008 
3874 4008 4039 4040 4009 
3875 4009 4040 4041 4010 
3876 4010 4041 4042 4011 
3877 4011 4042 4043 4012 
3878 4012 4043 4044 4013 
3879 4013 4044 4045 4014 
3880 4014 4045 4046 4015 
3881 4015 4046 4047 4016 
3882 4016 4047 4048 4017 
3883 4017 4048 4049 4018 
3884 4018 4049 4050 4019 
3885 4019 4050 4051 4020 
3886 4020 4051 4052 4021 
3887 4021 4052 4053 4022 
3888 4022 4053 4054 4023 
3889 4023 4054 4055 4024 
3890 4024 4055 4056 4025 
3891 4025 4056 4057 4026 
3892 4026 4057 4058 4027 
3893 4027 4058 4059 4028 
3894 4028 4059 4060 4029 
3895 4029 4060 4061 4030 
3896 4030 4061 4062 4031 
3897 4031 4062 4063 4032 
3898 4032 4063 4064 4033 
3899 4033 4064 4065 4034 
3900 4034 4065 4066 4035 
3901 4035 4066 4067 4036 
3902 4036 4067 4068 4037 
3903 4037 4068 4069 4038 
3904 4038 4069 189 188 
3905 65 66 4070 4039 
3906 4039 4070 4071 4040 
3907 4040 4071 4072 4041 
3908 4041 4072 4073 4042 
3909 4042 4073 4074 4043 
3910 4043 4074 4075 4044 
3911 4044 4075 4076 4045 
3912 4045 4076 4077 4046 
3913 4046 4077 4078 4047 
3914 4047 4078 4079 4048 
3915 4048 4079 4080 4049 
3916 4049 4080 4081 4050 
3917 4050 4081 4082 4051 
3918 4051 4082 4083 4052 
3919 4052 4083 4084 4053 
3920 4053 4084 4085 4054 
3921 4054 4085 4086 4055 
3922 4055 4086 4087 4056 
3923 4056 4087 4088 4057 
3924 4057 4088 4089 4058 
3925 4058 4089 4090 4059 
3926 4059 4090 4091 4060 
3927 4060 4091 4092 4061 
3928 4061 4092 4093 4062 
3929 4062 4093 4094 4063 
3930 4063 4094 4095 4064 
3931 4064 4095 4096 4065 
3932 4065 4096 4097 4066 
3933 4066 4097 4098 4067 
3934 4067 4098 4099 4068 
3935 4068 4099 4100 4069 
3936 4069 4100 190 189 
3937 66 67 4101 4070 
3938 4070 4101 4102 4071 
3939 4071 4102 4103 4072 
3940 4072 4103 4104 4073 
3941 4073 4104 4105 4074 
3942 4074 4105 4106 4075 
3943 4075 4106 4107 4076 
3944 4076 4107 4108 4077 
3945 4077 4108 4109 4078 
3946 4078 4109 4110 4079 
3947 4079 4110 4111 4080 
3948 4080 4111 4112 4081 
3949 4081 4112 4113 4082 
3950 4082 4113 4114 4083 
3951 4083 4114 4115 4084 
3952 4084 4115 4116 4085 
3953 4085 4116 4117 4086 
3954 4086 4117 4118 4087 
3955 4087 4118 4119 4088 
3956 4088 4119 4120 4089 
3957 4089 4120 4121 4090 
3958 4090 4121 4122 4091 
3959 4091 4122 4123 4092 
3960 4092 4123 4124 4093 
3961 4093 4124 4125 4094 
3962 4094 4125 4126 4095 
3963 4095 4126 4127 4096 
3964 4096 4127 4128 4097 
3965 4097 4128 4129 4098 
3966 4098 4129 4130 4099 
3967 4099 4130 4131 4100 
3968 4100 4131 191 190 
3969 67 68 4132 4101 
3970 4101 4132 4133 4102 
3971 4102 4133 4134 4103 
3972 4103 4134 4135 4104 
3973 4104 4135 4136 4105 
3974 4105 4136 4137 4106 
3975 4106 4137 4138 4107 
3976 4107 4138 4139 4108 
3977 4108 4139 4140 4109 
3978 4109 4140 4141 4110 
3979 4110 4141 4142 4111 
3980 4111 4142 4143 4112 
3981 4112 4143 4144 4113 
3982 4113 4144 4145 4114 
3983 4114 4145 4146 4115 
3984 4115 4146 4147 4116 
3985 4116 4147 4148 4117 
3986 4117 4148 4149 4118 
3987 4118 4149 4150 4119 
3988 4119 4150 4151 4120 
3989 4120 4151 4152 4121 
3990 4121 4152 4153 4122 
3991 4122 4153 4154 4123 
3992 4123 4154 4155 4124 
3993 4124 4155 4156 4125 
3994 4125 4156 4157 4126 
3995 4126 4157 4158 4127 
3996 4127 4158 4159 4128 
3997 4128 4159 4160 4129 
3998 4129 4160 4161 4130 
3999 4130 4161 4162 4131 
4000 4131 4162 192 191 
4001 68 69 4163 4132 
4002 4132 4163 4164 4133 
4003 4133 4164 4165 4134 
4004 4134 4165 4166 4135 
4005 4135 4166 4167 4136 
4006 4136 4167 4168 4137 
4007 4137 4168 4169 4138 
4008 4138 4169 4170 4139 
4009 4139 4170 4171 4140 
4010 4140 4171 4172 4141 
4011 4141 4172 4173 4142 
4012 4142 4173 4174 4143 
4013 4143 4174 4175 4144 
4014 4144 4175 4176 4145 
4015 4145 4176 4177 4146 
4016 4146 4177 4178 4147 
4017 4147 4178 4179 4148 
4018 4148 4179 4180 4149 
4019 4149 4180 4181 4150 
4020 4150 4181 4182 4151 
4021 4151 4182 4183 4152 
4022 4152 4183 4184 4153 
4023 4153 4184 4185 4154 
4024 4154 4185 4186 4155 
4025 4155 4186 4187 4156 
4026 4156 4187 4188 4157 
4027 4157 4188 4189 4158 
4028 4158 4189 4190 4159 
4029 4159 4190 4191 4160 
4030 4160 4191 4192 4161 
4031 4161 4192 4193 4162 
4032 4162 4193 193 192 
4033 69 70 4194 4163 
4034 4163 4194 4195 4164 
4035 4164 4195 4196 4165 
4036 4165 4196 4197 4166 
4037 4166 4197 4198 4167 
4038 4167 4198 4199 4168 
4039 4168 4199 4200 4169 
4040 4169 4200 4201 4170 
4041 4170 4201 4202 4171 
4042 4171 4202 4203 4172 
4043 4172 4203 4204 4173 
4044 4173 4204 4205 4174 
4045 4174 4205 4206 4175 
4046 4175 4206 4207 4176 
4047 4176 4207 4208 4177 
4048 4177 4208 4209 4178 
4049 4178 4209 4210 4179 
4050 4179 4210 4211 4180 
4051 4180 4211 4212 4181 
4052 4181 4212 4213 4182 
4053 4182 4213 4214 4183 
4054 4183 4214 4215 4184 
4055 4184 4215 4216 4185 
4056 4185 4216 4217 4186 
4057 4186 4217 4218 4187 
4058 4187 4218 4219 4188 
4059 4188 4219 4220 4189 
4060 4189 4220 4221 4190 
4061 4190 4221 4222 4191 
4062 4191 4222 4223 4192 
4063 4192 4223 4224 4193 
4064 4193 4224 194 193 
4065 70 3 319 4194 
4066 4194 319 320 4195 
4067 4195 320 321 4196 
4068 4196 321 322 4197 
4069 4197 322 323 4198 
4070 4198 323 324 4199 
4071 4199 324 325 4200 
4072 4200 325 326 4201 
4073 4201 326 327 4202 
4074 4202 327 328 4203 
4075 4203 328 329 4204 
4076 4204 329 330 4205 
4077 4205 330 331 4206 
4078 4206 331 332 4207 
4079 4207 332 333 4208 
4080 4208 333 334 4209 
4081 4209 334 335 4210 
4082 4210 335 336 4211 
4083 4211 336 337 4212 
4084 4212 337 338 4213 
4085 4213 338 339 4214 
4086 4214 339 340 4215 
4087 4215 340 341 4216 
4088 4216 341 342 4217 
4089 4217 342 343 4218 
4090 4218 343 344 4219 
4091 4219 344 345 4220 
4092 4220 345 346 4221 
4093 4221 346 347 4222 
4094 4222 347 348 4223 
4095 4223 348 349 4224 
4096 4224 349 7 194 
2 5 3 1024
4097 3 71 4225 319 
4098 319 4225 4226 320 
4099 320 4226 4227 321 
4100 321 4227 4228 322 
4101 322 4228 4229 323 
4102 323 4229 4230 324 
4103 324 4230 4231 325 
4104 325 4231 4232 326 
4105 326 4232 4233 327 
4106 327 4233 4234 328 
4107 328 4234 4235 329 
4108 329 4235 4236 330 
4109 330 4236 4237 331 
4110 331 4237 4238 332 
4111 332 4238 4239 333 
4112 333 4239 4240 334 
4113 334 4240 4241 335 
4114 335 4241 4242 336 
4115 336 4242 4243 337 
4116 337 4243 4244 338 
4117 338 4244 4245 339 
4118 339 4245 4246 340 
4119 340 4246 4247 341 
4120 341 4247 4248 342 
4121 342 4248 4249 343 
4122 343 4249 4250 344 
4123 344 4250 4251 345 
4124 345 4251 4252 346 
4125 346 4252 4253 347 
4126 347 4253 4254 348 
4127 348 4254 4255 349 
4128 349 4255 195 7 
4129 71 72 4256 4225 
4130 4225 4256 4257 4226 
4131 4226 4257 4258 4227 
4132 4227 4258 4259 4228 
4133 4228 4259 4260 4229 
4134 4229 4260 4261 4230 
4135 4230 4261 4262 4231 
4136 4231 4262 4263 4232 
4137 4232 4263 4264 4233 
4138 4233 4264 4265 4234 
4139 4234 4265 4266 4235 
4140 4235 4266 4267 4236 
4141 4236 4267 4268 4237 
4142 4237 4268 4269 4238 
4143 4238 4269 4270 4239 
4144 4239 4270 4271 4240 
4145 4240 4271 4272 4241 
4146 4241 4272 4273 4242 
4147 4242 4273 4274 4243 
4148 4243 4274 4275 4244 
4149 4244 4275 4276 4245 
4150 4245 4276 4277 4246 
4151 4246 4277 4278 4247 
4152 4247 4278 4279 4248 
4153 4248 4279 4280 4249 
4154 4249 4280 4281 4250 
4155 4250 4281 4282 4251 
4156 4251 4282 4283 4252 
4157 4252 4283 4284 4253 
4158 4253 4284 4285 4254 
4159 4254 4285 4286 4255 
4160 4255 4286 196 195 
4161 72 73 4287 4256 
4162 4256 4287 4288 4257 
4163 4257 4288 4289 4258 
4164 4258 4289 4290 4259 
4165 4259 4290 4291 4260 
4166 4260 4291 4292 4261 
4167 4261 4292 4293 4262 
4168 4262 4293 4294 4263 
4169 4263 4294 4295 4264 
4170 4264 4295 4296 4265 
4171 4265 4296 4297 4266 
4172 4266 4297 4298 4267 
4173 4267 4298 4299 4268 
4174 4268 4299 4300 4269 
4175 4269 4300 4301 4270 
4176 4270 4301 4302 4271 
4177 4271 4302 4303 4272 
4178 4272 4303 4304 4273 
4179 4273 4304 4305 4274 
4180 4274 4305 4306 4275 
4181 4275 4306 4307 4276 
4182 4276 4307 4308 4277 
4183 4277 4308 4309 4278 
4184 4278 4309 4310 4279 
4185 4279 4310 4311 4280 
4186 4280 4311 4312 4281 
4187 4281 4312 4313 4282 
4188 4282 4313 4314 4283 
4189 4283 4314 4315 4284 
4190 4284 4315 4316 4285 
4191 4285 4316 4317 4286 
4192 4286 4317 197 196 
4193 73 74 4318 4287 
4194 4287 4318 4319 4288 
4195 4288 4319 4320 4289 
4196 4289 4320 4321 4290 
4197 4290 4321 4322 4291 
4198 4291 4322 4323 4292 
4199 4292 4323 4324 4293 
4200 4293 4324 4325 4294 
4201 4294 4325 4326 4295 
4202 4295 4326 4327 4296 
4203 4296 4327 4328 4297 
4204 4297 4328 4329 4298 
4205 4298 4329 4330 4299 
4206 4299 4330 4331 4300 
4207 4300 4331 4332 4301 
4208 4301 4332 4333 4302 
4209 4302 4333 4334 4303 
4210 4303 4334 4335 4304 
4211 4304 4335 4336 4305 
4212 4305 4336 4337 4306 
4213 4306 4337 4338 4307 
4214 4307 4338 4339 4308 
4215 4308 4339 4340 4309 
4216 4309 4340 4341 4310 
4217 4310 4341 4342 4311 
4218 4311 4342 4343 4312 
4219 4312 4343 4344 4313 
4220 4313 4344 4345 4314 
4221 4314 4345 4346 4315 
4222 4315 4346 4347 4316 
4223 4316 4347 4348 4317 
4224 4317 4348 198 197 
4225 74 75 4349 4318 
4226 4318 4349 4350 4319 
4227 4319 4350 4351 4320 
4228 4320 4351 4352 4321 
4229 4321 4352 4353 4322 
4230 4322 4353 4354 4323 
4231 4323 4354 4355 4324 
4232 4324 4355 4356 4325 
4233 4325 4356 4357 4326 
4234 4326 4357 4358 4327 
4235 4327 4358 4359 4328 
4236 4328 4359 4360 4329 
4237 4329 4360 4361 4330 
4238 4330 4361 4362 4331 
4239 4331 4362 4363 4332 
4240 4332 4363 4364 4333 
4241 4333 4364 4365 4334 
4242 4334 4365 4366 4335 
4243 4335 4366 4367 4336 
4244 4336 4367 4368 4337 
4245 4337 4368 4369 4338 
4246 4338 4369 4370 4339 
4247 4339 4370 4371 4340 
4248 4340 4371 4372 4341 
4249 4341 4372 4373 4342 
4250 4342 4373 4374 4343 
4251 4343 4374 4375 4344 
4252 4344 4375 4376 4345 
4253 4345 4376 4377 4346 
4254 4346 4377 4378 4347 
4255 4347 4378 4379 4348 
4256 4348 4379 199 198 
4257 75 76 4380 4349 
4258 4349 4380 4381 4350 
4259 4350 4381 4382 4351 
4260 4351 4382 4383 4352 
4261 4352 4383 4384 4353 
4262 4353 4384 4385 4354 
4263 4354 4385 4386 4355 
4264 4355 4386 4387 4356 
4265 4356 4387 4388 4357 
4266 4357 4388 4389 4358 
4267 4358 4389 4390 4359 
4268 4359 4390 4391 4360 
4269 4360 4391 4392 4361 
4270 4361 4392 4393 4362 
4271 4362 4393 4394 4363 
4272 4363 4394 4395 4364 
4273 4364 4395 4396 4365 
4274 4365 4396 4397 4366 
4275 4366 4397 4398 4367 
4276 4367 4398 4399 4368 
4277 4368 4399 4400 4369 
4278 4369 4400 4401 4370 
4279 4370 4401 4402 4371 
4280 4371 4402 4403 4372 
4281 4372 4403 4404 4373 
4282 4373 4404 4405 4374 
4283 4374 4405 4406 4375 
4284 4375 4406 4407 4376 
4285 4376 4407 4408 4377 
4286 4377 4408 4409 4378 
4287 4378 4409 4410 4379 
4288 4379 4410 200 199 
4289 76 77 4411 4380 
4290 4380 4411 4412 4381 
4291 4381 4412 4413 4382 
4292 4382 4413 4414 4383 
4293 4383 4414 4415 4384 
4294 4384 4415 4416 4385 
4295 4385 4416 4417 4386 
4296 4386 4417 4418 4387 
4297 4387 4418 4419 4388 
4298 4388 4419 4420 4389 
4299 4389 4420 4421 4390 
4300 4390 4421 4422 4391 
4301 4391 4422 4423 4392 
4302 4392 4423 4424 4393 
4303 4393 4424 4425 4394 
4304 4394 4425 4426 4395 
4305 4395 4426 4427 4396 
4306 4396 4427 4428 4397 
4307 4397 4428 4429 4398 
4308 4398 4429 4430 4399 
4309 4399 4430 4431 4400 
4310 4400 4431 4432 4401 
4311 4401 4432 4433 4402 
4312 4402 4433 4434 4403 
4313 4403 4434 4435 4404 
4314 4404 4435 4436 4405 
4315 4405 4436 4437 4406 
4316 4406 4437 4438 4407 
4317 4407 4438 4439 4408 
4318 4408 4439 4440 4409 
4319 4409 4440 4441 4410 
4320 4410 4441 201 200 
4321 77 78 4442 4411 
4322 4411 4442 4443 4412 
4323 4412 4443 4444 4413 
4324 4413 4444 4445 4414 
4325 4414 4445 4446 4415 
4326 4415 4446 4447 4416 
4327 4416 4447 4448 4417 
4328 4417 4448 4449 4418 
4329 4418 4449 4450 4419 
4330 4419 4450 4451 4420 
4331 4420 4451 4452 4421 
4332 4421 4452 4453 4422 
4333 4422 4453 4454 4423 
4334 4423 4454 4455 4424 
4335 4424 4455 4456 4425 
4336 4425 4456 4457 4426 
4337 4426 4457 4458 4427 
4338 4427 4458 4459 4428 
4339 4428 4459 4460 4429 
4340 4429 4460 4461 4430 
4341 4430 4461 4462 4431 
4342 4431 4462 4463 4432 
4343 4432 4463 4464 4433 
4344 4433 4464 4465 4434 
4345 4434 4465 4466 4435 
4346 4435 4466 4467 4436 
4347 4436 4467 4468 4437 
4348 4437 4468 4469 4438 
4349 4438 4469 4470 4439 
4350 4439 4470 4471 4440 
4351 4440 4471 4472 4441 
4352 4441 4472 202 201 
4353 78 79 4473 4442 
4354 4442 4473 4474 4443 
4355 4443 4474 4475 4444 
4356 4444 4475 4476 4445 
4357 4445 4476 4477 4446 
4358 4446 4477 4478 4447 
4359 4447 4478 4479 4448 
4360 4448 4479 4480 4449 
4361 4449 4480 4481 4450 
4362 4450 4481 4482 4451 
4363 4451 4482 4483 4452 
4364 4452 4483 4484 4453 
4365 4453 4484 4485 4454 
4366 4454 4485 4486 4455 
4367 4455 4486 4487 4456 
4368 4456 4487 4488 4457 
4369 4457 4488 4489 4458 
4370 4458 4489 4490 4459 
4371 4459 4490 4491 4460 
4372 4460 4491 4492 4461 
4373 4461 4492 4493 4462 
4374 4462 4493 4494 4463 
4375 4463 4494 4495 4464 
4376 4464 4495 4496 4465 
4377 4465 4496 4497 4466 
4378 4466 4497 4498 4467 
4379 4467 4498 4499 4468 
4380 4468 4499 4500 4469 
4381 4469 4500 4501 4470 
4382 4470 4501 4502 4471 
4383 4471 4502 4503 4472 
4384 4472 4503 203 202 
4385 79 80 4504 4473 
4386 4473 4504 4505 4474 
4387 4474 4505 4506 4475 
4388 4475 4506 4507 4476 
4389 4476 4507 4508 4477 
4390 4477 4508 4509 4478 
4391 4478 4509 4510 4479 
4392 4479 4510 4511 4480 
4393 4480 4511 4512 4481 
4394 4481 4512 4513 4482 
4395 4482 4513 4514 4483 
4396 4483 4514 4515 4484 
4397 4484 4515 4516 4485 
4398 4485 4516 4517 4486 
4399 4486 4517 4518 4487 
4400 4487 4518 4519 4488 
4401 4488 4519 4520 4489 
4402 4489 4520 4521 4490 
4403 4490 4521 4522 4491 
4404 4491 4522 4523 4492 
4405 4492 4523 4524 4493 
4406 4493 4524 4525 4494 
4407 4494 4525 4526 4495 
4408 4495 4526 4527 4496 
4409 4496 4527 4528 4497 
4410 4497 4528 4529 4498 
4411 4498 4529 4530 4499 
4412 4499 4530 4531 4500 
4413 4500 4531 4532 4501 
4414 4501 4532 4533 4502 
4415 4502 4533 4534 4503 
4416 4503 4534 204 203 
4417 80 81 4535 4504 
4418 4504 4535 4536 4505 
4419 4505 4536 4537 4506 
4420 4506 4537 4538 4507 
4421 4507 4538 4539 4508 
4422 4508 4539 4540 4509 
4423 4509 4540 4541 4510 
4424 4510 4541 4542 4511 
4425 4511 4542 4543 4512 
4426 4512 4543 4544 4513 
4427 4513 4544 4545 4514 
4428 4514 4545 4546 4515 
4429 4515 4546 4547 4516 
4430 4516 4547 4548 4517 
4431 4517 4548 4549 4518 
4432 4518 4549 4550 4519 
4433 4519 4550 4551 4520 
4434 4520 4551 4552 4521 
4435 4521 4552 4553 4522 
4436 4522 4553 4554 4523 
4437 4523 4554 4555 4524 
4438 4524 4555 4556 4525 
4439 4525 4556 4557 4526 
4440 4526 4557 4558 4527 
4441 4527 4558 4559 4528 
4442 4528 4559 4560 4529 
4443 4529 4560 4561 4530 
4444 4530 4561 4562 4531 
4445 4531 4562 4563 4532 
4446 4532 4563 4564 4533 
4447 4533 4564 4565 4534 
4448 4534 4565 205 204 
4449 81 82 4566 4535 
4450 4535 4566 4567 4536 
4451 4536 4567 4568 4537 
4452 4537 4568 4569 4538 
4453 4538 4569 4570 4539 
4454 4539 4570 4571 4540 
4455 4540 4571 4572 4541 
4456 4541 4572 4573 4542 
4457 4542 4573 4574 4543 
4458 4543 4574 4575 4544 
4459 4544 4575 4576 4545 
4460 4545 4576 4577 4546 
4461 4546 4577 4578 4547 
4462 4547 4578 4579 4548 
4463 4548 4579 4580 4549 
4464 4549 4580 4581 4550 
4465 4550 4581 4582 4551 
4466 4551 4582 4583 4552 
4467 4552 4583 4584 4553 
4468 4553 4584 4585 4554 
4469 4554 4585 4586 4555 
4470 4555 4586 4587 4556 
4471 4556 4587 4588 4557 
4472 4557 4588 4589 4558 
4473 4558 4589 4590 4559 
4474 4559 4590 4591 4560 
4475 4560 4591 4592 4561 
4476 4561 4592 4593 4562 
4477 4562 4593 4594 4563 
4478 4563 4594 4595 4564 
4479 4564 4595 4596 4565 
4480 4565 4596 206 205 
4481 82 83 4597 4566 
4482 4566 4597 4598 4567 
4483 4567 4598 4599 4568 
4484 4568 4599 4600 4569 
4485 4569 4600 4601 4570 
4486 4570 4601 4602 4571 
4487 4571 4602 4603 4572 
4488 4572 4603 4604 4573 
4489 4573 4604 4605 4574 
4490 4574 4605 4606 4575 
4491 4575 4606 4607 4576 
4492 4576 4607 4608 4577 
4493 4577 4608 4609 4578 
4494 4578 4609 4610 4579 
4495 4579 4610 4611 4580 
4496 4580 4611 4612 4581 
4497 4581 4612 4613 4582 
4498 4582 4613 4614 4583 
4499 4583 4614 4615 4584 
4500 4584 4615 4616 4585 
4501 4585 4616 4617 4586 
4502 4586 4617 4618 4587 
4503 4587 4618 4619 4588 
4504 4588 4619 4620 4589 
4505 4589 4620 4621 4590 
4506 4590 4621 4622 4591 
4507 4591 4622 4623 4592 
4508 4592 4623 4624 4593 
4509 4593 4624 4625 4594 
4510 4594 4625 4626 4595 
4511 4595 4626 4627 4596 
4512 4596 4627 207 206 
4513 83 84 4628 4597 
4514 4597 4628 4629 4598 
4515 4598 4629 4630 4599 
4516 4599 4630 4631 4600 
4517 4600 4631 4632 4601 
4518 4601 4632 4633 4602 
4519 4602 4633 4634 4603 
4520 4603 4634 4635 4604 
4521 4604 4635 4636 4605 
4522 4605 4636 4637 4606 
4523 4606 4637 4638 4607 
4524 4607 4638 4639 4608 
4525 4608 4639 4640 4609 
4526 4609 4640 4641 4610 
4527 4610 4641 4642 4611 
4528 4611 4642 4643 4612 
4529 4612 4643 4644 4613 
4530 4613 4644 4645 4614 
4531 4614 4645 4646 4615 
4532 4615 4646 4647 4616 
4533 4616 4647 4648 4617 
4534 4617 4648 4649 4618 
4535 4618 4649 4650 4619 
4536 4619 4650 4651 4620 
4537 4620 4651 4652 4621 
4538 4621 4652 4653 4622 
4539 4622 4653 4654 4623 
4540 4623 4654 4655 4624 
4541 4624 4655 4656 4625 
4542 4625 4656 4657 4626 
4543 4626 4657 4658 4627 
4544 4627 4658 208 207 
4545 84 85 4659 4628 
4546 4628 4659 4660 4629 
4547 4629 4660 4661 4630 
4548 4630 4661 4662 4631 
4549 4631 4662 4663 4632 
4550 4632 4663 4664 4633 
4551 4633 4664 4665 4634 
4552 4634 4665 4666 4635 
4553 4635 4666 4667 4636 
4554 4636 4667 4668 4637 
4555 4637 4668 4669 4638 
4556 4638 4669 4670 4639 
4557 4639 4670 4671 4640 
4558 4640 4671 4672 4641 
4559 4641 4672 4673 4642 
4560 4642 4673 4674 4643 
4561 4643 4674 4675 4644 
4562 4644 4675 4676 4645 
4563 4645 4676 4677 4646 
4564 4646 4677 4678 4647 
4565 4647 4678 4679 4648 
4566 4648 4679 4680 4649 
4567 4649 4680 4681 4650 
4568 4650 4681 4682 4651 
4569 4651 4682 4683 4652 
4570 4652 4683 4684 4653 
4571 4653 4684 4685 4654 
4572 4654 4685 4686 4655 
4573 4655 4686 4687 4656 
4574 4656 4687 4688 4657 
4575 4657 4688 4689 4658 
4576 4658 4689 209 208 
4577 85 86 4690 4659 
4578 4659 4690 4691 4660 
4579 4660 4691 4692 4661 
4580 4661 4692 4693 4662 
4581 4662 4693 4694 4663 
4582 4663 4694 4695 4664 
4583 4664 4695 4696 4665 
4584 4665 4696 4697 4666 
4585 4666 4697 4698 4667 
4586 4667 4698 4699 4668 
4587 4668 4699 4700 4669 
4588 4669 4700 4701 4670 
4589 4670 4701 4702 4671 
4590 4671 4702 4703 4672 
4591 4672 4703 4704 4673 
4592 4673 4704 4705 4674 
4593 4674 4705 4706 4675 
4594 4675 4706 4707 4676 
4595 4676 4707 4708 4677 
4596 4677 4708 4709 4678 
4597 4678 4709 4710 4679 
4598 4679 4710 4711 4680 
4599 4680 4711 4712 4681 
4600 4681 4712 4713 4682 
4601 4682 4713 4714 4683 
4602 4683 4714 4715 4684 
4603 4684 4715 4716 4685 
4604 4685 4716 4717 4686 
4605 4686 4717 4718 4687 
4606 4687 4718 4719 4688 
4607 4688 4719 4720 4689 
4608 4689 4720 210 209 
4609 86 87 4721 4690 
4610 4690 4721 4722 4691 
4611 4691 4722 4723 4692 
4612 4692 4723 4724 4693 
4613 4693 4724 4725 4694 
4614 4694 4725 4726 4695 
4615 4695 4726 4727 4696 
4616 4696 4727 4728 4697 
4617 4697 4728 4729 4698 
4618 4698 4729 4730 4699 
4619 4699 4730 4731 4700 
4620 4700 4731 4732 4701 
4621 4701 4732 4733 4702 
4622 4702 4733 4734 4703 
4623 4703 4734 4735 4704 
4624 4704 4735 4736 4705 
4625 4705 4736 4737 4706 
4626 4706 4737 4738 4707 
4627 4707 4738 4739 4708 
4628 4708 4739 4740 4709 
4629 4709 4740 4741 4710 
4630 4710 4741 4742 4711 
4631 4711 4742 4743 4712 
4632 4712 4743 4744 4713 
4633 4713 4744 4745 4714 
4634 4714 4745 4746 4715 
4635 4715 4746 4747 4716 
4636 4716 4747 4748 4717 
4637 4717 4748 4749 4718 
4638 4718 4749 4750 4719 
4639 4719 4750 4751 4720 
4640 4720 4751 211 210 
4641 87 88 4752 4721 
4642 4721 4752 4753 4722 
4643 4722 4753 4754 4723 
4644 4723 4754 4755 4724 
4645 4724 4755 4756 4725 
4646 4725 4756 4757 4726 
4647 4726 4757 4758 4727 
4648 4727 4758 4759 4728 
4649 4728 4759 4760 4729 
4650 4729 4760 4761 4730 
4651 4730 4761 4762 4731 
4652 4731 4762 4763 4732 
4653 4732 4763 4764 4733 
4654 4733 4764 4765 4734 
4655 4734 4765 4766 4735 
4656 4735 4766 4767 4736 
4657 4736 4767 4768 4737 
4658 4737 4768 4769 4738 
4659 4738 4769 4770 4739 
4660 4739 4770 4771 4740 
4661 4740 4771 4772 4741 
4662 4741 4772 4773 4742 
4663 4742 4773 4774 4743 
4664 4743 4774 4775 4744 
4665 4744 4775 4776 4745 
4666 4745 4776 4777 4746 
4667 4746 4777 4778 4747 
4668 4747 4778 4779 4748 
4669 4748 4779 4780 4749 
4670 4749 4780 4781 4750 
4671 4750 4781 4782 4751 
4672 4751 4782 212 211 
4673 88 89 4783 4752 
4674 4752 4783 4784 4753 
4675 4753 4784 4785 4754 
4676 4754 4785 4786 4755 
4677 4755 4786 4787 4756 
4678 4756 4787 4788 4757 
4679 4757 4788 4789 4758 
4680 4758 4789 4790 4759 
4681 4759 4790 4791 4760 
4682 4760 4791 4792 4761 
4683 4761 4792 4793 4762 
4684 4762 4793 4794 4763 
4685 4763 4794 4795 4764 
4686 4764 4795 4796 4765 
4687 4765 4796 4797 4766 
4688 4766 4797 4798 4767 
4689 4767 4798 4799 4768 
4690 4768 4799 4800 4769 
4691 4769 4800 4801 4770 
4692 4770 4801 4802 4771 
4693 4771 4802 4803 4772 
4694 4772 4803 4804 4773 
4695 4773 4804 4805 4774 
4696 4774 4805 4806 4775 
4697 4775 4806 4807 4776 
4698 4776 4807 4808 4777 
4699 4777 4808 4809 4778 
4700 4778 4809 4810 4779 
4701 4779 4810 4811 4780 
4702 4780 4811 4812 4781 
4703 4781 4812 4813 4782 
4704 4782 4813 213 212 
4705 89 90 4814 4783 
4706 4783 4814 4815 4784 
4707 4784 4815 4816 4785 
4708 4785 4816 4817 4786 
4709 4786 4817 4818 4787 
4710 4787 4818 4819 4788 
4711 4788 4819 4820 4789 
4712 4789 4820 4821 4790 
4713 4790 4821 4822 4791 
4714 4791 4822 4823 4792 
4715 4792 4823 4824 4793 
4716 4793 4824 4825 4794 
4717 4794 4825 4826 4795 
4718 4795 4826 4827 4796 
4719 4796 4827 4828 4797 
4720 4797 4828 4829 4798 
4721 4798 4829 4830 4799 
4722 4799 4830 4831 4800 
4723 4800 4831 4832 4801 
4724 4801 4832 4833 4802 
4725 4802 4833 4834 4803 
4726 4803 4834 4835 4804 
4727 4804 4835 4836 4805 
4728 4805 4836 4837 4806 
4729 4806 4837 4838 4807 
4730 4807 4838 4839 4808 
4731 4808 4839 4840 4809 
4732 4809 4840 4841 4810 
4733 4810 4841 4842 4811 
4734 4811 4842 4843 4812 
4735 4812 4843 4844 4813 
4736 4813 4844 214 213 
4737 90 91 4845 4814 
4738 4814 4845 4846 4815 
4739 4815 4846 4847 4816 
4740 4816 4847 4848 4817 
4741 4817 4848 4849 4818 
4742 4818 4849 4850 4819 
4743 4819 4850 4851 4820 
4744 4820 4851 4852 4821 
4745 4821 4852 4853 4822 
4746 4822 4853 4854 4823 
4747 4823 4854 4855 4824 
4748 4824 4855 4856 4825 
4749 4825 4856 4857 4826 
4750 4826 4857 4858 4827 
4751 4827 4858 4859 4828 
4752 4828 4859 4860 4829 
4753 4829 4860 4861 4830 
4754 4830 4861 4862 4831 
4755 4831 4862 4863 4832 
4756 4832 4863 4864 4833 
4757 4833 4864 4865 4834 
4758 4834 4865 4866 4835 
4759 4835 4866 4867 4836 
4760 4836 4867 4868 4837 
4761 4837 4868 4869 4838 
4762 4838 4869 4870 4839 
4763 4839 4870 4871 4840 
4764 4840 4871 4872 4841 
4765 4841 4872 4873 4842 
4766 4842 4873 4874 4843 
4767 4843 4874 4875 4844 
4768 4844 4875 215 214 
4769 91 92 4876 4845 
4770 4845 4876 4877 4846 
4771 4846 4877 4878 4847 
4772 4847 4878 4879 4848 
4773 4848 4879 4880 4849 
4774 4849 4880 4881 4850 
4775 4850 4881 4882 4851 
4776 4851 4882 4883 4852 
4777 4852 4883 4884 4853 
4778 4853 4884 4885 4854 
4779 4854 4885 4886 4855 
4780 4855 4886 4887 4856 
4781 4856 4887 4888 4857 
4782 4857 4888 4889 4858 
4783 4858 4889 4890 4859 
4784 4859 4890 4891 4860 
4785 4860 4891 4892 4861 
4786 4861 4892 4893 4862 
4787 4862 4893 4894 4863 
4788 4863 4894 4895 4864 
4789 4864 4895 4896 4865 
4790 4865 4896 4897 4866 
4791 4866 4897 4898 4867 
4792 4867 4898 4899 4868 
4793 4868 4899 4900 4869 
4794 4869 4900 4901 4870 
4795 4870 4901 4902 4871 
4796 4871 4902 4903 4872 
4797 4872 4903 4904 4873 
4798 4873 4904 4905 4874 
4799 4874 4905 4906 4875 
4800 4875 4906 216 215 
4801 92 93 4907 4876 
4802 4876 4907 4908 4877 
4803 4877 4908 4909 4878 
4804 4878 4909 4910 4879 
4805 4879 4910 4911 4880 
4806 4880 4911 4912 4881 
4807 4881 4912 4913 4882 
4808 4882 4913 4914 4883 
4809 4883 4914 4915 4884 
4810 4884 4915 4916 4885 
4811 4885 4916 4917 4886 
4812 4886 4917 4918 4887 
4813 4887 4918 4919 4888 
4814 4888 4919 4920 4889 
4815 4889 4920 4921 4890 
4816 4890 4921 4922 4891 
4817 4891 4922 4923 4892 
4818 4892 4923 4924 4893 
4819 4893 4924 4925 4894 
4820 4894 4925 4926 4895 
4821 4895 4926 4927 4896 
4822 4896 4927 4928 4897 
4823 4897 4928 4929 4898 
4824 4898 4929 4930 4899 
4825 4899 4930 4931 4900 
4826 4900 4931 4932 4901 
4827 4901 4932 4933 4902 
4828 4902 4933 4934 4903 
4829 4903 4934 4935 4904 
4830 4904 4935 4936 4905 
4831 4905 4936 4937 4906 
4832 4906 4937 217 216 
4833 93 94 4938 4907 
4834 4907 4938 4939 4908 
4835 4908 4939 4940 4909 
4836 4909 4940 4941 4910 
4837 4910 4941 4942 4911 
4838 4911 4942 4943 4912 
4839 4912 4943 4944 4913 
4840 4913 4944 4945 4914 
4841 4914 4945 4946 4915 
4842 4915 4946 4947 4916 
4843 4916 4947 4948 4917 
4844 4917 4948 4949 4918 
4845 4918 4949 4950 4919 
4846 4919 4950 4951 4920 
4847 4920 4951 4952 4921 
4848 4921 4952 4953 4922 
4849 4922 4953 4954 4923 
4850 4923 4954 4955 4924 
4851 4924 4955 4956 4925 
4852 4925 4956 4957 4926 
4853 4926 4957 4958 4927 
4854 4927 4958 4959 4928 
4855 4928 4959 4960 4929 
4856 4929 4960 4961 4930 
4857 4930 4961 4962 4931 
4858 4931 4962 4963 4932 
4859 4932 4963 4964 4933 
4860 4933 4964 4965 4934 
4861 4934 4965 4966 4935 
4862 4935 4966 4967 4936 
4863 4936 4967 4968 4937 
4864 4937 4968 218 217 
4865 94 95 4969 4938 
4866 4938 4969 4970 4939 
4867 4939 4970 4971 4940 
4868 4940 4971 4972 4941 
4869 4941 4972 4973 4942 
4870 4942 4973 4974 4943 
4871 4943 4974 4975 4944 
4872 4944 4975 4976 4945 
4873 4945 4976 4977 4946 
4874 4946 4977 4978 4947 
4875 4947 4978 4979 4948 
4876 4948 4979 4980 4949 
4877 4949 4980 4981 4950 
4878 4950 4981 4982 4951 
4879 4951 4982 4983 4952 
4880 4952 4983 4984 4953 
4881 4953 4984 4985 4954 
4882 4954 4985 4986 4955 
4883 4955 4986 4987 4956 
4884 4956 4987 4988 4957 
4885 4957 4988 4989 4958 
4886 4958 4989 4990 4959 
4887 4959 4990 4991 4960 
4888 4960 4991 4992 4961 
4889 4961 4992 4993 4962 
4890 4962 4993 4994 4963 
4891 4963 4994 4995 4964 
4892 4964 4995 4996 4965 
4893 4965 4996 4997 4966 
4894 4966 4997 4998 4967 
4895 4967 4998 4999 4968 
4896 4968 4999 219 218 
4897 95 96 5000 4969 
4898 4969 5000 5001 4970 
4899 4970 5001 5002 4971 
4900 4971 5002 5003 4972 
4901 4972 5003 5004 4973 
4902 4973 5004 5005 4974 
4903 4974 5005 5006 4975 
4904 4975 5006 5007 4976 
4905 4976 5007 5008 4977 
4906 4977 5008 5009 4978 
4907 4978 5009 5010 4979 
4908 4979 5010 5011 4980 
4909 4980 5011 5012 4981 
4910 4981 5012 5013 4982 
4911 4982 5013 5014 4983 
4912 4983 5014 5015 4984 
4913 4984 5015 5016 4985 
4914 4985 5016 5017 4986 
4915 4986 5017 5018 4987 
4916 4987 5018 5019 4988 
4917 4988 5019 5020 4989 
4918 4989 5020 5021 4990 
4919 4990 5021 5022 4991 
4920 4991 5022 5023 4992 
4921 4992 5023 5024 4993 
4922 4993 5024 5025 4994 
4923 4994 5025 5026 4995 
4924 4995 5026 5027 4996 
4925 4996 5027 5028 4997 
4926 4997 5028 5029 4998 
4927 4998 5029 5030 4999 
4928 4999 5030 220 219 
4929 96 97 5031 5000 
4930 5000 5031 5032 5001 
4931 5001 5032 5033 5002 
4932 5002 5033 5034 5003 
4933 5003 5034 5035 5004 
4934 5004 5035 5036 5005 
4935 5005 5036 5037 5006 
4936 5006 5037 5038 5007 
4937 5007 5038 5039 5008 
4938 5008 5039 5040 5009 
4939 5009 5040 5041 5010 
4940 5010 5041 5042 5011 
4941 5011 5042 5043 5012 
4942 5012 5043 5044 5013 
4943 5013 5044 5045 5014 
4944 5014 5045 5046 5015 
4945 5015 5046 5047 5016 
4946 5016 5047 5048 5017 
4947 5017 5048 5049 5018 
4948 5018 5049 5050 5019 
4949 5019 5050 5051 5020 
4950 5020 5051 5052 5021 
4951 5021 5052 5053 5022 
4952 5022 5053 5054 5023 
4953 5023 5054 5055 5024 
4954 5024 5055 5056 5025 
4955 5025 5056 5057 5026 
4956 5026 5057 5058 5027 
4957 5027 5058 5059 5028 
4958 5028 5059 5060 5029 
4959 5029 5060 5061 5030 
4960 5030 5061 221 220 
4961 97 98 5062 5031 
4962 5031 5062 5063 5032 
4963 5032 5063 5064 5033 
4964 5033 5064 5065 5034 
4965 5034 5065 5066 5035 
4966 5035 5066 5067 5036 
4967 5036 5067 5068 5037 
4968 5037 5068 5069 5038 
4969 5038 5069 5070 5039 
4970 5039 5070 5071 5040 
4971 5040 5071 5072 5041 
4972 5041 5072 5073 5042 
4973 5042 5073 5074 5043 
4974 5043 5074 5075 5044 
4975 5044 5075 5076 5045 
4976 5045 5076 5077 5046 
4977 5046 5077 5078 5047 
4978 5047 5078 5079 5048 
4979 5048 5079 5080 5049 
4980 5049 5080 5081 5050 
4981 5050 5081 5082 5051 
4982 5051 5082 5083 5052 
4983 5052 5083 5084 5053 
4984 5053 5084 5085 5054 
4985 5054 5085 5086 5055 
4986 5055 5086 5087 5056 
4987 5056 5087 5088 5057 
4988 5057 5088 5089 5058 
4989 5058 5089 5090 5059 
4990 5059 5090 5091 5060 
4991 5060 5091 5092 5061 
4992 5061 5092 222 221 
4993 98 99 5093 5062 
4994 5062 5093 5094 5063 
4995 5063 5094 5095 5064 
4996 5064 5095 5096 5065 
4997 5065 5096 5097 5066 
4998 5066 5097 5098 5067 
4999 5067 5098 5099 5068 
5000 5068 5099 5100 5069 
5001 5069 5100 5101 5070 
5002 5070 5101 5102 5071 
5003 5071 5102 5103 5072 
5004 5072 5103 5104 5073 
5005 5073 5104 5105 5074 
5006 5074 5105 5106 5075 
5007 5075 5106 5107 5076 
5008 5076 5107 5108 5077 
5009 5077 5108 5109 5078 
5010 5078 5109 5110 5079 
5011 5079 5110 5111 5080 
5012 5080 5111 5112 5081 
5013 5081 5112 5113 5082 
5014 5082 5113 5114 5083 
5015 5083 5114 5115 5084 
5016 5084 5115 5116 5085 
5017 5085 5116 5117 5086 
5018 5086 5117 5118 5087 
5019 5087 5118 5119 5088 
5020 5088 5119 5120 5089 
5021 5089 5120 5121 5090 
5022 5090 5121 5122 5091 
5023 5091 5122 5123 5092 
5024 5092 5123 223 222 
5025 99 100 5124 5093 
5026 5093 5124 5125 5094 
5027 5094 5125 5126 5095 
5028 5095 5126 5127 5096 
5029 5096 5127 5128 5097 
5030 5097 5128 5129 5098 
5031 5098 5129 5130 5099 
5032 5099 5130 5131 5100 
5033 5100 5131 5132 5101 
5034 5101 5132 5133 5102 
5035 5102 5133 5134 5103 
5036 5103 5134 5135 5104 
5037 5104 5135 5136 5105 
5038 5105 5136 5137 5106 
5039 5106 5137 5138 5107 
5040 5107 5138 5139 5108 
5041 5108 5139 5140 5109 
5042 5109 5140 5141 5110 
5043 5110 5141 5142 5111 
5044 5111 5142 5143 5112 
5045 5112 5143 5144 5113 
5046 5113 5144 5145 5114 
5047 5114 5145 5146 5115 
5048 5115 5146 5147 5116 
5049 5116 5147 5148 5117 
5050 5117 5148 5149 5118 
5051 5118 5149 5150 5119 
5052 5119 5150 5151 5120 
5053 5120 5151 5152 5121 
5054 5121 5152 5153 5122 
5055 5122 5153 5154 5123 
5056 5123 5154 224 223 
5057 100 101 5155 5124 
5058 5124 5155 5156 5125 
5059 5125 5156 5157 5126 
5060 5126 5157 5158 5127 
5061 5127 5158 5159 5128 
5062 5128 5159 5160 5129 
5063 5129 5160 5161 5130 
5064 5130 5161 5162 5131 
5065 5131 5162 5163 5132 
5066 5132 5163 5164 5133 
5067 5133 5164 5165 5134 
5068 5134 5165 5166 5135 
5069 5135 5166 5167 5136 
5070 5136 5167 5168 5137 
5071 5137 5168 5169 5138 
5072 5138 5169 5170 5139 
5073 5139 5170 5171 5140 
5074 5140 5171 5172 5141 
5075 5141 5172 5173 5142 
5076 5142 5173 5174 5143 
5077 5143 5174 5175 5144 
5078 5144 5175 5176 5145 
5079 5145 5176 5177 5146 
5080 5146 5177 5178 5147 
5081 5147 5178 5179 5148 
5082 5148 5179 5180 5149 
5083 5149 5180 5181 5150 
5084 5150 5181 5182 5151 
5085 5151 5182 5183 5152 
5086 5152 5183 5184 5153 
5087 5153 5184 5185 5154 
5088 5154 5185 225 224 
5089 101 4 350 5155 
5090 5155 350 351 5156 
5091 5156 351 352 5157 
5092 5157 352 353 5158 
5093 5158 353 354 5159 
5094 5159 354 355 5160 
5095 5160 355 356 5161 
5096 5161 356 357 5162 
5097 5162 357 358 5163 
5098 5163 358 359 5164 
5099 5164 359 360 5165 
5100 5165 360 361 5166 
5101 5166 361 362 5167 
5102 5167 362 363 5168 
5103 5168 363 364 5169 
5104 5169 364 365 5170 
5105 5170 365 366 5171 
5106 5171 366 367 5172 
5107 5172 367 368 5173 
5108 5173 368 369 5174 
5109 5174 369 370 5175 
5110 5175 370 371 5176 
5111 5176 371 372 5177 
5112 5177 372 373 5178 
5113 5178 373 374 5179 
5114 5179 374 375 5180 
5115 5180 375 376 5181 
5116 5181 376 377 5182 
5117 5182 377 378 5183 
5118 5183 378 379 5184 
5119 5184 379 380 5185 
5120 5185 380 8 225 
2 6 3 1024
5121 4 102 5186 350 
5122 350 5186 5187 351 
5123 351 5187 5188 352 
5124 352 5188 5189 353 
5125 353 5189 5190 354 
5126 354 5190 5191 355 
5127 355 5191 5192 356 
5128 356 5192 5193 357 
5129 357 5193 5194 358 
5130 358 5194 5195 359 
5131 359 5195 5196 360 
5132 360 5196 5197 361 
5133 361 5197 5198 362 
5134 362 5198 5199 363 
5135 363 5199 5200 364 
5136 364 5200 5201 365 
5137 365 5201 5202 366 
5138 366 5202 5203 367 
5139 367 5203 5204 368 
5140 368 5204 5205 369 
5141 369 5205 5206 370 
5142 370 5206 5207 371 
5143 371 5207 5208 372 
5144 372 5208 5209 373 
5145 373 5209 5210 374 
5146 374 5210 5211 375 
5147 375 5211 5212 376 
5148 376 5212 5213 377 
5149 377 5213 5214 378 
5150 378 5214 5215 379 
5151 379 5215 5216 380 
5152 380 5216 226 8 
5153 102 103 5217 5186 
5154 5186 5217 5218 5187 
5155 5187 5218 5219 5188 
5156 5188 5219 5220 5189 
5157 5189 5220 5221 5190 
5158 5190 5221 5222 5191 
5159 5191 5222 5223 5192 
5160 5192 5223 5224 5193 
5161 5193 5224 5225 5194 
5162 5194 5225 5226 5195 
5163 5195 5226 5227 5196 
5164 5196 5227 5228 5197 
5165 5197 5228 5229 5198 
5166 5198 5229 5230 5199 
5167 5199 5230 5231 5200 
5168 5200 5231 5232 5201 
5169 5201 5232 5233 5202 
5170 5202 5233 5234 5203 
5171 5203 5234 5235 5204 
5172 5204 5235 5236 5205 
5173 5205 5236 5237 5206 
5174 5206 5237 5238 5207 
5175 5207 5238 5239 5208 
5176 5208 5239 5240 5209 
5177 5209 5240 5241 5210 
5178 5210 5241 5242 5211 
5179 5211 5242 5243 5212 
5180 5212 5243 5244 5213 
5181 5213 5244 5245 5214 
5182 5214 5245 5246 5215 
5183 5215 5246 5247 5216 
5184 5216 5247 227 226 
5185 103 104 5248 5217 
5186 5217 5248 5249 5218 
5187 5218 5249 5250 5219 
5188 5219 5250 5251 5220 
5189 5220 5251 5252 5221 
5190 5221 5252 5253 5222 
5191 5222 5253 5254 5223 
5192 5223 5254 5255 5224 
5193 5224 5255 5256 5225 
5194 5225 5256 5257 5226 
5195 5226 5257 5258 5227 
5196 5227 5258 5259 5228 
5197 5228 5259 5260 5229 
5198 5229 5260 5261 5230 
5199 5230 5261 5262 5231 
5200 5231 5262 5263 5232 
5201 5232 5263 5264 5233 
5202 5233 5264 5265 5234 
5203 5234 5265 5266 5235 
5204 5235 5266 5267 5236 
5205 5236 5267 5268 5237 
5206 5237 5268 5269 5238 
5207 5238 5269 5270 5239 
5208 5239 5270 5271 5240 
5209 5240 5271 5272 5241 
5210 5241 5272 5273 5242 
5211 5242 5273 5274 5243 
5212 5243 5274 5275 5244 
5213 5244 5275 5276 5245 
5214 5245 5276 5277 5246 
5215 5246 5277 5278 5247 
5216 5247 5278 228 227 
5217 104 105 5279 5248 
5218 5248 5279 5280 5249 
5219 5249 5280 5281 5250 
5220 5250 5281 5282 5251 
5221 5251 5282 5283 5252 
5222 5252 5283 5284 5253 
5223 5253 5284 5285 5254 
5224 5254 5285 5286 5255 
5225 5255 5286 5287 5256 
5226 5256 5287 5288 5257 
5227 5257 5288 5289 5258 
5228 5258 5289 5290 5259 
5229 5259 5290 5291 5260 
5230 5260 5291 5292 5261 
5231 5261 5292 5293 5262 
5232 5262 5293 5294 5263 
5233 5263 5294 5295 5264 
5234 5264 5295 5296 5265 
5235 5265 5296 5297 5266 
5236 5266 5297 5298 5267 
5237 5267 5298 5299 5268 
5238 5268 5299 5300 5269 
5239 5269 5300 5301 5270 
5240 5270 5301 5302 5271 
5241 5271 5302 5303 5272 
5242 5272 5303 5304 5273 
5243 5273 5304 5305 5274 
5244 5274 5305 5306 5275 
5245 5275 5306 5307 5276 
5246 5276 5307 5308 5277 
5247 5277 5308 5309 5278 
5248 5278 5309 229 228 
5249 105 106 5310 5279 
5250 5279 5310 5311 5280 
5251 5280 5311 5312 5281 
5252 5281 5312 5313 5282 
5253 5282 5313 5314 5283 
5254 5283 5314 5315 5284 
5255 5284 5315 5316 5285 
5256 5285 5316 5317 5286 
5257 5286 5317 5318 5287 
5258 5287 5318 5319 5288 
5259 5288 5319 5320 5289 
5260 5289 5320 5321 5290 
5261 5290 5321 5322 5291 
5262 5291 5322 5323 5292 
5263 5292 5323 5324 5293 
5264 5293 5324 5325 5294 
5265 5294 5325 5326 5295 
5266 5295 5326 5327 5296 
5267 5296 5327 5328 5297 
5268 5297 5328 5329 5298 
5269 5298 5329 5330 5299 
5270 5299 5330 5331 5300 
5271 5300 5331 5332 5301 
5272 5301 5332 5333 5302 
5273 5302 5333 5334 5303 
5274 5303 5334 5335 5304 
5275 5304 5335 5336 5305 
5276 5305 5336 5337 5306 
5277 5306 5337 5338 5307 
5278 5307 5338 5339 5308 
5279 5308 5339 5340 5309 
5280 5309 5340 230 229 
5281 106 107 5341 5310 
5282 5310 5341 5342 5311 
5283 5311 5342 5343 5312 
5284 5312 5343 5344 5313 
5285 5313 5344 5345 5314 
5286 5314 5345 5346 5315 
5287 5315 5346 5347 5316 
5288 5316 5347 5348 5317 
5289 5317 5348 5349 5318 
5290 5318 5349 5350 5319 
5291 5319 5350 5351 5320 
5292 5320 5351 5352 5321 
5293 5321 5352 5353 5322 
5294 5322 5353 5354 5323 
5295 5323 5354 5355 5324 
5296 5324 5355 5356 5325 
5297 5325 5356 5357 5326 
5298 5326 5357 5358 5327 
5299 5327 5358 5359 5328 
5300 5328 5359 5360 5329 
5301 5329 5360 5361 5330 
5302 5330 5361 5362 5331 
5303 5331 5362 5363 5332 
5304 5332 5363 5364 5333 
5305 5333 5364 5365 5334 
5306 5334 5365 5366 5335 
5307 5335 5366 5367 5336 
5308 5336 5367 5368 5337 
5309 5337 5368 5369 5338 
5310 5338 5369 5370 5339 
5311 5339 5370 5371 5340 
5312 5340 5371 231 230 
5313 107 108 5372 5341 
5314 5341 5372 5373 5342 
5315 5342 5373 5374 5343 
5316 5343 5374 5375 5344 
5317 5344 5375 5376 5345 
5318 5345 5376 5377 5346 
5319 5346 5377 5378 5347 
5320 5347 5378 5379 5348 
5321 5348 5379 5380 5349 
5322 5349 5380 5381 5350 
5323 5350 5381 5382 5351 
5324 5351 5382 5383 5352 
5325 5352 5383 5384 5353 
5326 5353 5384 5385 5354 
5327 5354 5385 5386 5355 
5328 5355 5386 5387 5356 
5329 5356 5387 5388 5357 
5330 5357 5388 5389 5358 
5331 5358 5389 5390 5359 
5332 5359 5390 5391 5360 
5333 5360 5391 5392 5361 
5334 5361 5392 5393 5362 
5335 5362 5393 5394 5363 
5336 5363 5394 5395 5364 
5337 5364 5395 5396 5365 
5338 5365 5396 5397 5366 
5339 5366 5397 5398 5367 
5340 5367 5398 5399 5368 
5341 5368 5399 5400 5369 
5342 5369 5400 5401 5370 
5343 5370 5401 5402 5371 
5344 5371 5402 232 231 
5345 108 109 5403 5372 
5346 5372 5403 5404 5373 
5347 5373 5404 5405 5374 
5348 5374 5405 5406 5375 
5349 5375 5406 5407 5376 
5350 5376 5407 5408 5377 
5351 5377 5408 5409 5378 
5352 5378 5409 5410 5379 
5353 5379 5410 5411 5380 
5354 5380 5411 5412 5381 
5355 5381 5412 5413 5382 
5356 5382 5413 5414 5383 
5357 5383 5414 5415 5384 
5358 5384 5415 5416 5385 
5359 5385 5416 5417 5386 
5360 5386 5417 5418 5387 
5361 5387 5418 5419 5388 
5362 5388 5419 5420 5389 
5363 5389 5420 5421 5390 
5364 5390 5421 5422 5391 
5365 5391 5422 5423 5392 
5366 5392 5423 5424 5393 
5367 5393 5424 5425 5394 
5368 5394 5425 5426 5395 
5369 5395 5426 5427 5396 
5370 5396 5427 5428 5397 
5371 5397 5428 5429 5398 
5372 5398 5429 5430 5399 
5373 5399 5430 5431 5400 
5374 5400 5431 5432 5401 
5375 5401 5432 5433 5402 
5376 5402 5433 233 232 
5377 109 110 5434 5403 
5378 5403 5434 5435 5404 
5379 5404 5435 5436 5405 
5380 5405 5436 5437 5406 
5381 5406 5437 5438 5407 
5382 5407 5438 5439 5408 
5383 5408 5439 5440 5409 
5384 5409 5440 5441 5410 
5385 5410 5441 5442 5411 
5386 5411 5442 5443 5412 
5387 5412 5443 5444 5413 
5388 5413 5444 5445 5414 
5389 5414 5445 5446 5415 
5390 5415 5446 5447 5416 
5391 5416 5447 5448 5417 
5392 5417 5448 5449 5418 
5393 5418 5449 5450 5419 
5394 5419 5450 5451 5420 
5395 5420 5451 5452 5421 
5396 5421 5452 5453 5422 
5397 5422 5453 5454 5423 
5398 5423 5454 5455 5424 
5399 5424 5455 5456 5425 
5400 5425 5456 5457 5426 
5401 5426 5457 5458 5427 
5402 5427 5458 5459 5428 
5403 5428 5459 5460 5429 
5404 5429 5460 5461 5430 
5405 5430 5461 5462 5431 
5406 5431 5462 5463 5432 
5407 5432 5463 5464 5433 
5408 5433 5464 234 233 
5409 110 111 5465 5434 
5410 5434 5465 5466 5435 
5411 5435 5466 5467 5436 
5412 5436 5467 5468 5437 
5413 5437 5468 5469 5438 
5414 5438 5469 5470 5439 
5415 5439 5470 5471 5440 
5416 5440 5471 5472 5441 
5417 5441 5472 5473 5442 
5418 5442 5473 5474 5443 
5419 5443 5474 5475 5444 
5420 5444 5475 5476 5445 
5421 5445 5476 5477 5446 
5422 5446 5477 5478 5447 
5423 5447 5478 5479 5448 
5424 5448 5479 5480 5449 
5425 5449 5480 5481 5450 
5426 5450 5481 5482 5451 
5427 5451 5482 5483 5452 
5428 5452 5483 5484 5453 
5429 5453 5484 5485 5454 
5430 5454 5485 5486 5455 
5431 5455 5486 5487 5456 
5432 5456 5487 5488 5457 
5433 5457 5488 5489 5458 
5434 5458 5489 5490 5459 
5435 5459 5490 5491 5460 
5436 5460 5491 5492 5461 
5437 5461 5492 5493 5462 
5438 5462 5493 5494 5463 
5439 5463 5494 5495 5464 
5440 5464 5495 235 234 
5441 111 112 5496 5465 
5442 5465 5496 5497 5466 
5443 5466 5497 5498 5467 
5444 5467 5498 5499 5468 
5445 5468 5499 5500 5469 
5446 5469 5500 5501 5470 
5447 5470 5501 5502 5471 
5448 5471 5502 5503 5472 
5449 5472 5503 5504 5473 
5450 5473 5504 5505 5474 
5451 5474 5505 5506 5475 
5452 5475 5506 5507 5476 
5453 5476 5507 5508 5477 
5454 5477 5508 5509 5478 
5455 5478 5509 5510 5479 
5456 5479 5510 5511 5480 
5457 5480 5511 5512 5481 
5458 5481 5512 5513 5482 
5459 5482 5513 5514 5483 
5460 5483 5514 5515 5484 
5461 5484 5515 5516 5485 
5462 5485 5516 5517 5486 
5463 5486 5517 5518 5487 
5464 5487 5518 5519 5488 
5465 5488 5519 5520 5489 
5466 5489 5520 5521 5490 
5467 5490 5521 5522 5491 
5468 5491 5522 5523 5492 
5469 5492 5523 5524 5493 
5470 5493 5524 5525 5494 
5471 5494 5525 5526 5495 
5472 5495 5526 236 235 
5473 112 113 5527 5496 
5474 5496 5527 5528 5497 
5475 5497 5528 5529 5498 
5476 5498 5529 5530 5499 
5477 5499 5530 5531 5500 
5478 5500 5531 5532 5501 
5479 5501 5532 5533 5502 
5480 5502 5533 5534 5503 
5481 5503 5534 5535 5504 
5482 5504 5535 5536 5505 
5483 5505 5536 5537 5506 
5484 5506 5537 5538 5507 
5485 5507 5538 5539 5508 
5486 5508 5539 5540 5509 
5487 5509 5540 5541 5510 
5488 5510 5541 5542 5511 
5489 5511 5542 5543 5512 
5490 5512 5543 5544 5513 
5491 5513 5544 5545 5514 
5492 5514 5545 5546 5515 
5493 5515 5546 5547 5516 
5494 5516 5547 5548 5517 
5495 5517 5548 5549 5518 
5496 5518 5549 5550 5519 
5497 5519 5550 5551 5520 
5498 5520 5551 5552 5521 
5499 5521 5552 5553 5522 
5500 5522 5553 5554 5523 
5501 5523 5554 5555 5524 
5502 5524 5555 5556 5525 
5503 5525 5556 5557 5526 
5504 5526 5557 237 236 
5505 113 114 5558 5527 
5506 5527 5558 5559 5528 
5507 5528 5559 5560 5529 
5508 5529 5560 5561 5530 
5509 5530 5561 5562 5531 
5510 5531 5562 5563 5532 
5511 5532 5563 5564 5533 
5512 5533 5564 5565 5534 
5513 5534 5565 5566 5535 
5514 5535 5566 5567 5536 
5515 5536 5567 5568 5537 
5516 5537 5568 5569 5538 
5517 5538 5569 5570 5539 
5518 5539 5570 5571 5540 
5519 5540 5571 5572 5541 
5520 5541 5572 5573 5542 
5521 5542 5573 5574 5543 
5522 5543 5574 5575 5544 
5523 5544 5575 5576 5545 
5524 5545 5576 5577 5546 
5525 5546 5577 5578 5547 
5526 5547 5578 5579 5548 
5527 5548 5579 5580 5549 
5528 5549 5580 5581 5550 
5529 5550 5581 5582 5551 
5530 5551 5582 5583 5552 
5531 5552 5583 5584 5553 
5532 5553 5584 5585 5554 
5533 5554 5585 5586 5555 
5534 5555 5586 5587 5556 
5535 5556 5587 5588 5557 
5536 5557 5588 238 237 
5537 114 115 5589 5558 
5538 5558 5589 5590 5559 
5539 5559 5590 5591 5560 
5540 5560 5591 5592 5561 
5541 5561 5592 5593 5562 
5542 5562 5593 5594 5563 
5543 5563 5594 5595 5564 
5544 5564 5595 5596 5565 
5545 5565 5596 5597 5566 
5546 5566 5597 5598 5567 
5547 5567 5598 5599 5568 
5548 5568 5599 5600 5569 
5549 5569 5600 5601 5570 
5550 5570 5601 5602 5571 
5551 5571 5602 5603 5572 
5552 5572 5603 5604 5573 
5553 5573 5604 5605 5574 
5554 5574 5605 5606 5575 
5555 5575 5606 5607 5576 
5556 5576 5607 5608 5577 
5557 5577 5608 5609 5578 
5558 5578 5609 5610 5579 
5559 5579 5610 5611 5580 
5560 5580 5611 5612 5581 
5561 5581 5612 5613 5582 
5562 5582 5613 5614 5583 
5563 5583 5614 5615 5584 
5564 5584 5615 5616 5585 
5565 5585 5616 5617 5586 
5566 5586 5617 5618 5587 
5567 5587 5618 5619 5588 
5568 5588 5619 239 238 
5569 115 116 5620 5589 
5570 5589 5620 5621 5590 
5571 5590 5621 5622 5591 
5572 5591 5622 5623 5592 
5573 5592 5623 5624 5593 
5574 5593 5624 5625 5594 
5575 5594 5625 5626 5595 
5576 5595 5626 5627 5596 
5577 5596 5627 5628 5597 
5578 5597 5628 5629 5598 
5579 5598 5629 5630 5599 
5580 5599 5630 5631 5600 
5581 5600 5631 5632 5601 
5582 5601 5632 5633 5602 
5583 5602 5633 5634 5603 
5584 5603 5634 5635 5604 
5585 5604 5635 5636 5605 
5586 5605 5636 5637 5606 
5587 5606 5637 5638 5607 
5588 5607 5638 5639 5608 
5589 5608 5639 5640 5609 
5590 5609 5640 5641 5610 
5591 5610 5641 5642 5611 
5592 5611 5642 5643 5612 
5593 5612 5643 5644 5613 
5594 5613 5644 5645 5614 
5595 5614 5645 5646 5615 
5596 5615 5646 5647 5616 
5597 5616 5647 5648 5617 
5598 5617 5648 5649 5618 
5599 5618 5649 5650 5619 
5600 5619 5650 240 239 
5601 116 117 5651 5620 
5602 5620 5651 5652 5621 
5603 5621 5652 5653 5622 
5604 5622 5653 5654 5623 
5605 5623 5654 5655 5624 
5606 5624 5655 5656 5625 
5607 5625 5656 5657 5626 
5608 5626 5657 5658 5627 
5609 5627 5658 5659 5628 
5610 5628 5659 5660 5629 
5611 5629 5660 5661 5630 
5612 5630 5661 5662 5631 
5613 5631 5662 5663 5632 
5614 5632 5663 5664 5633 
5615 5633 5664 5665 5634 
5616 5634 5665 5666 5635 
5617 5635 5666 5667 5636 
5618 5636 5667 5668 5637 
5619 5637 5668 5669 5638 
5620 5638 5669 5670 5639 
5621 5639 5670 5671 5640 
5622 5640 5671 5672 5641 
5623 5641 5672 5673 5642 
5624 5642 5673 5674 5643 
5625 5643 5674 5675 5644 
5626 5644 5675 5676 5645 
5627 5645 5676 5677 5646 
5628 5646 5677 5678 5647 
5629 5647 5678 5679 5648 
5630 5648 5679 5680 5649 
5631 5649 5680 5681 5650 
5632 5650 5681 241 240 
5633 117 118 5682 5651 
5634 5651 5682 5683 5652 
5635 5652 5683 5684 5653 
5636 5653 5684 5685 5654 
5637 5654 5685 5686 5655 
5638 5655 5686 5687 5656 
5639 5656 5687 5688 5657 
5640 5657 5688 5689 5658 
5641 5658 5689 5690 5659 
5642 5659 5690 5691 5660 
5643 5660 5691 5692 5661 
5644 5661 5692 5693 5662 
5645 5662 5693 5694 5663 
5646 5663 5694 5695 5664 
5647 5664 5695 5696 5665 
5648 5665 5696 5697 5666 
5649 5666 5697 5698 5667 
5650 5667 5698 5699 5668 
5651 5668 5699 5700 5669 
5652 5669 5700 5701 5670 
5653 5670 5701 5702 5671 
5654 5671 5702 5703 5672 
5655 5672 5703 5704 5673 
5656 5673 5704 5705 5674 
5657 5674 5705 5706 5675 
5658 5675 5706 5707 5676 
5659 5676 5707 5708 5677 
5660 5677 5708 5709 5678 
5661 5678 5709 5710 5679 
5662 5679 5710 5711 5680 
5663 5680 5711 5712 5681 
5664 5681 5712 242 241 
5665 118 119 5713 5682 
5666 5682 5713 5714 5683 
5667 5683 5714 5715 5684 
5668 5684 5715 5716 5685 
5669 5685 5716 5717 5686 
5670 5686 5717 5718 5687 
5671 5687 5718 5719 5688 
5672 5688 5719 5720 5689 
5673 5689 5720 5721 5690 
5674 5690 5721 5722 5691 
5675 5691 5722 5723 5692 
5676 5692 5723 5724 5693 
5677 5693 5724 5725 5694 
5678 5694 5725 5726 5695 
5679 5695 5726 5727 5696 
5680 5696 5727 5728 5697 
5681 5697 5728 5729 5698 
5682 5698 5729 5730 5699 
5683 5699 5730 5731 5700 
5684 5700 5731 5732 5701 
5685 5701 5732 5733 5702 
5686 5702 5733 5734 5703 
5687 5703 5734 5735 5704 
5688 5704 5735 5736 5705 
5689 5705 5736 5737 5706 
5690 5706 5737 5738 5707 
5691 5707 5738 5739 5708 
5692 5708 5739 5740 5709 
5693 5709 5740 5741 5710 
5694 5710 5741 5742 5711 
5695 5711 5742 5743 5712 
5696 5712 5743 243 242 
5697 119 120 5744 5713 
5698 5713 5744 5745 5714 
5699 5714 5745 5746 5715 
5700 5715 5746 5747 5716 
5701 5716 5747 5748 5717 
5702 5717 5748 5749 5718 
5703 5718 5749 5750 5719 
5704 5719 5750 5751 5720 
5705 5720 5751 5752 5721 
5706 5721 5752 5753 5722 
5707 5722 5753 5754 5723 
5708 5723 5754 5755 5724 
5709 5724 5755 5756 5725 
5710 5725 5756 5757 5726 
5711 5726 5757 5758 5727 
5712 5727 5758 5759 5728 
5713 5728 5759 5760 5729 
5714 5729 5760 5761 5730 
5715 5730 5761 5762 5731 
5716 5731 5762 5763 5732 
5717 5732 5763 5764 5733 
5718 5733 5764 5765 5734 
5719 5734 5765 5766 5735 
5720 5735 5766 5767 5736 
5721 5736 5767 5768 5737 
5722 5737 5768 5769 5738 
5723 5738 5769 5770 5739 
5724 5739 5770 5771 5740 
5725 5740 5771 5772 5741 
5726 5741 5772 5773 5742 
5727 5742 5773 5774 5743 
5728 5743 5774 244 243 
5729 120 121 5775 5744 
5730 5744 5775 5776 5745 
5731 5745 5776 5777 5746 
5732 5746 5777 5778 5747 
5733 5747 5778 5779 5748 
5734 5748 5779 5780 5749 
5735 5749 5780 5781 5750 
5736 5750 5781 5782 5751 
5737 5751 5782 5783 5752 
5738 5752 5783 5784 5753 
5739 5753 5784 5785 5754 
5740 5754 5785 5786 5755 
5741 5755 5786 5787 5756 
5742 5756 5787 5788 5757 
5743 5757 5788 5789 5758 
5744 5758 5789 5790 5759 
5745 5759 5790 5791 5760 
5746 5760 5791 5792 5761 
5747 5761 5792 5793 5762 
5748 5762 5793 5794 5763 
5749 5763 5794 5795 5764 
5750 5764 5795 5796 5765 
5751 5765 5796 5797 5766 
5752 5766 5797 5798 5767 
5753 5767 5798 5799 5768 
5754 5768 5799 5800 5769 
5755 5769 5800 5801 5770 
5756 5770 5801 5802 5771 
5757 5771 5802 5803 5772 
5758 5772 5803 5804 5773 
5759 5773 5804 5805 5774 
5760 5774 5805 245 244 
5761 121 122 5806 5775 
5762 5775 5806 5807 5776 
5763 5776 5807 5808 5777 
5764 5777 5808 5809 5778 
5765 5778 5809 5810 5779 
5766 5779 5810 5811 5780 
5767 5780 5811 5812 5781 
5768 5781 5812 5813 5782 
5769 5782 5813 5814 5783 
5770 5783 5814 5815 5784 
5771 5784 5815 5816 5785 
5772 5785 5816 5817 5786 
5773 5786 5817 5818 5787 
5774 5787 5818 5819 5788 
5775 5788 5819 5820 5789 
5776 5789 5820 5821 5790 
5777 5790 5821 5822 5791 
5778 5791 5822 5823 5792 
5779 5792 5823 5824 5793 
5780 5793 5824 5825 5794 
5781 5794 5825 5826 5795 
5782 5795 5826 5827 5796 
5783 5796 5827 5828 5797 
5784 5797 5828 5829 5798 
5785 5798 5829 5830 5799 
5786 5799 5830 5831 5800 
5787 5800 5831 5832 5801 
5788 5801 5832 5833 5802 
5789 5802 5833 5834 5803 
5790 5803 5834 5835 5804 
5791 5804 5835 5836 5805 
5792 5805 5836 246 245 
5793 122 123 5837 5806 
5794 5806 5837 5838 5807 
5795 5807 5838 5839 5808 
5796 5808 5839 5840 5809 
5797 5809 5840 5841 5810 
5798 5810 5841 5842 5811 
5799 5811 5842 5843 5812 
5800 5812 5843 5844 5813 
5801 5813 5844 5845 5814 
5802 5814 5845 5846 5815 
5803 5815 5846 5847 5816 
5804 5816 5847 5848 5817 
5805 5817 5848 5849 5818 
5806 5818 5849 5850 5819 
5807 5819 5850 5851 5820 
5808 5820 5851 5852 5821 
5809 5821 5852 5853 5822 
5810 5822 5853 5854 5823 
5811 5823 5854 5855 5824 
5812 5824 5855 5856 5825 
5813 5825 5856 5857 5826 
5814 5826 5857 5858 5827 
5815 5827 5858 5859 5828 
5816 5828 5859 5860 5829 
5817 5829 5860 5861 5830 
5818 5830 5861 5862 5831 
5819 5831 5862 5863 5832 
5820 5832 5863 5864 5833 
5821 5833 5864 5865 5834 
5822 5834 5865 5866 5835 
5823 5835 5866 5867 5836 
5824 5836 5867 247 246 
5825 123 124 5868 5837 
5826 5837 5868 5869 5838 
5827 5838 5869 5870 5839 
5828 5839 5870 5871 5840 
5829 5840 5871 5872 5841 
5830 5841 5872 5873 5842 
5831 5842 5873 5874 5843 
5832 5843 5874 5875 5844 
5833 5844 5875 5876 5845 
5834 5845 5876 5877 5846 
5835 5846 5877 5878 5847 
5836 5847 5878 5879 5848 
5837 5848 5879 5880 5849 
5838 5849 5880 5881 5850 
5839 5850 5881 5882 5851 
5840 5851 5882 5883 5852 
5841 5852 5883 5884 5853 
5842 5853 5884 5885 5854 
5843 5854 5885 5886 5855 
5844 5855 5886 5887 5856 
5845 5856 5887 5888 5857 
5846 5857 5888 5889 5858 
5847 5858 5889 5890 5859 
5848 5859 5890 5891 5860 
5849 5860 5891 5892 5861 
5850 5861 5892 5893 5862 
5851 5862 5893 5894 5863 
5852 5863 5894 5895 5864 
5853 5864 5895 5896 5865 
5854 5865 5896 5897 5866 
5855 5866 5897 5898 5867 
5856 5867 5898 248 247 
5857 124 125 5899 5868 
5858 5868 5899 5900 5869 
5859 5869 5900 5901 5870 
5860 5870 5901 5902 5871 
5861 5871 5902 5903 5872 
5862 5872 5903 5904 5873 
5863 5873 5904 5905 5874 
5864 5874 5905 5906 5875 
5865 5875 5906 5907 5876 
5866 5876 5907 5908 5877 
5867 5877 5908 5909 5878 
5868 5878 5909 5910 5879 
5869 5879 5910 5911 5880 
5870 5880 5911 5912 5881 
5871 5881 5912 5913 5882 
5872 5882 5913 5914 5883 
5873 5883 5914 5915 5884 
5874 5884 5915 5916 5885 
5875 5885 5916 5917 5886 
5876 5886 5917 5918 5887 
5877 5887 5918 5919 5888 
5878 5888 5919 5920 5889 
5879 5889 5920 5921 5890 
5880 5890 5921 5922 5891 
5881 5891 5922 5923 5892 
5882 5892 5923 5924 5893 
5883 5893 5924 5925 5894 
5884 5894 5925 5926 5895 
5885 5895 5926 5927 5896 
5886 5896 5927 5928 5897 
5887 5897 5928 5929 5898 
5888 5898 5929 249 248 
5889 125 126 5930 5899 
5890 5899 5930 5931 5900 
5891 5900 5931 5932 5901 
5892 5901 5932 5933 5902 
5893 5902 5933 5934 5903 
5894 5903 5934 5935 5904 
5895 5904 5935 5936 5905 
5896 5905 5936 5937 5906 
5897 5906 5937 5938 5907 
5898 5907 5938 5939 5908 
5899 5908 5939 5940 5909 
5900 5909 5940 5941 5910 
5901 5910 5941 5942 5911 
5902 5911 5942 5943 5912 
5903 5912 5943 5944 5913 
5904 5913 5944 5945 5914 
5905 5914 5945 5946 5915 
5906 5915 5946 5947 5916 
5907 5916 5947 5948 5917 
5908 5917 5948 5949 5918 
5909 5918 5949 5950 5919 
5910 5919 5950 5951 5920 
5911 5920 5951 5952 5921 
5912 5921 5952 5953 5922 
5913 5922 5953 5954 5923 
5914 5923 5954 5955 5924 
5915 5924 5955 5956 5925 
5916 5925 5956 5957 5926 
5917 5926 5957 5958 5927 
5918 5927 5958 5959 5928 
5919 5928 5959 5960 5929 
5920 5929 5960 250 249 
5921 126 127 5961 5930 
5922 5930 5961 5962 5931 
5923 5931 5962 5963 5932 
5924 5932 5963 5964 5933 
5925 5933 5964 5965 5934 
5926 5934 5965 5966 5935 
5927 5935 5966 5967 5936 
5928 5936 5967 5968 5937 
5929 5937 5968 5969 5938 
5930 5938 5969 5970 5939 
5931 5939 5970 5971 5940 
5932 5940 5971 5972 5941 
5933 5941 5972 5973 5942 
5934 5942 5973 5974 5943 
5935 5943 5974 5975 5944 
5936 5944 5975 5976 5945 
5937 5945 5976 5977 5946 
5938 5946 5977 5978 5947 
5939 5947 5978 5979 5948 
5940 5948 5979 5980 5949 
5941 5949 5980 5981 5950 
5942 5950 5981 5982 5951 
5943 5951 5982 5983 5952 
5944 5952 5983 5984 5953 
5945 5953 5984 5985 5954 
5946 5954 5985 5986 5955 
5947 5955 5986 5987 5956 
5948 5956 5987 5988 5957 
5949 5957 5988 5989 5958 
5950 5958 5989 5990 5959 
5951 5959 5990 5991 5960 
5952 5960 5991 251 250 
5953 127 128 5992 5961 
5954 5961 5992 5993 5962 
5955 5962 5993 5994 5963 
5956 5963 5994 5995 5964 
5957 5964 5995 5996 5965 
5958 5965 5996 5997 5966 
5959 5966 5997 5998 5967 
5960 5967 5998 5999 5968 
5961 5968 5999 6000 5969 
5962 5969 6000 6001 5970 
5963 5970 6001 6002 5971 
5964 5971 6002 6003 5972 
5965 5972 6003 6004 5973 
5966 5973 6004 6005 5974 
5967 5974 6005 6006 5975 
5968 5975 6006 6007 5976 
5969 5976 6007 6008 5977 
5970 5977 6008 6009 5978 
5971 5978 6009 6010 5979 
5972 5979 6010 6011 5980 
5973 5980 6011 6012 5981 
5974 5981 6012 6013 5982 
5975 5982 6013 6014 5983 
5976 5983 6014 6015 5984 
5977 5984 6015 6016 5985 
5978 5985 6016 6017 5986 
5979 5986 6017 6018 5987 
5980 5987 6018 6019 5988 
5981 5988 6019 6020 5989 
5982 5989 6020 6021 5990 
5983 5990 6021 6022 5991 
5984 5991 6022 252 251 
5985 128 129 6023 5992 
5986 5992 6023 6024 5993 
5987 5993 6024 6025 5994 
5988 5994 6025 6026 5995 
5989 5995 6026 6027 5996 
5990 5996 6027 6028 5997 
5991 5997 6028 6029 5998 
5992 5998 6029 6030 5999 
5993 5999 6030 6031 6000 
5994 6000 6031 6032 6001 
5995 6001 6032 6033 6002 
5996 6002 6033 6034 6003 
5997 6003 6034 6035 6004 
5998 6004 6035 6036 6005 
5999 6005 6036 6037 6006 
6000 6006 6037 6038 6007 
6001 6007 6038 6039 6008 
6002 6008 6039 6040 6009 
6003 6009 6040 6041 6010 
6004 6010 6041 6042 6011 
6005 6011 6042 6043 6012 
6006 6012 6043 6044 6013 
6007 6013 6044 6045 6014 
6008 6014 6045 6046 6015 
6009 6015 6046 6047 6016 
6010 6016 6047 6048 6017 
6011 6017 6048 6049 6018 
6012 6018 6049 6050 6019 
6013 6019 6050 6051 6020 
6014 6020 6051 6052 6021 
6015 6021 6052 6053 6022 
6016 6022 6053 253 252 
6017 129 130 6054 6023 
6018 6023 6054 6055 6024 
6019 6024 6055 6056 6025 
6020 6025 6056 6057 6026 
6021 6026 6057 6058 6027 
6022 6027 6058 6059 6028 
6023 6028 6059 6060 6029 
6024 6029 6060 6061 6030 
6025 6030 6061 6062 6031 
6026 6031 6062 6063 6032 
6027 6032 6063 6064 6033 
6028 6033 6064 6065 6034 
6029 6034 6065 6066 6035 
6030 6035 6066 6067 6036 
6031 6036 6067 6068 6037 
6032 6037 6068 6069 6038 
6033 6038 6069 6070 6039 
6034 6039 6070 6071 6040 
6035 6040 6071 6072 6041 
6036 6041 6072 6073 6042 
6037 6042 6073 6074 6043 
6038 6043 6074 6075 6044 
6039 6044 6075 6076 6045 
6040 6045 6076 6077 6046 
6041 6046 6077 6078 6047 
6042 6047 6078 6079 6048 
6043 6048 6079 6080 6049 
6044 6049 6080 6081 6050 
6045 6050 6081 6082 6051 
6046 6051 6082 6083 6052 
6047 6052 6083 6084 6053 
6048 6053 6084 254 253 
6049 130 131 6085 6054 
6050 6054 6085 6086 6055 
6051 6055 6086 6087 6056 
6052 6056 6087 6088 6057 
6053 6057 6088 6089 6058 
6054 6058 6089 6090 6059 
6055 6059 6090 6091 6060 
6056 6060 6091 6092 6061 
6057 6061 6092 6093 6062 
6058 6062 6093 6094 6063 
6059 6063 6094 6095 6064 
6060 6064 6095 6096 6065 
6061 6065 6096 6097 6066 
6062 6066 6097 6098 6067 
6063 6067 6098 6099 6068 
6064 6068 6099 6100 6069 
6065 6069 6100 6101 6070 
6066 6070 6101 6102 6071 
6067 6071 6102 6103 6072 
6068 6072 6103 6104 6073 
6069 6073 6104 6105 6074 
6070 6074 6105 6106 6075 
6071 6075 6106 6107 6076 
6072 6076 6107 6108 6077 
6073 6077 6108 6109 6078 
6074 6078 6109 6110 6079 
6075 6079 6110 6111 6080 
6076 6080 6111 6112 6081 
6077 6081 6112 6113 6082 
6078 6082 6113 6114 6083 
6079 6083 6114 6115 6084 
6080 6084 6115 255 254 
6081 131 132 6116 6085 
6082 6085 6116 6117 6086 
6083 6086 6117 6118 6087 
6084 6087 6118 6119 6088 
6085 6088 6119 6120 6089 
6086 6089 6120 6121 6090 
6087 6090 6121 6122 6091 
6088 6091 6122 6123 6092 
6089 6092 6123 6124 6093 
6090 6093 6124 6125 6094 
6091 6094 6125 6126 6095 
6092 6095 6126 6127 6096 
6093 6096 6127 6128 6097 
6094 6097 6128 6129 6098 
6095 6098 6129 6130 6099 
6096 6099 6130 6131 6100 
6097 6100 6131 6132 6101 
6098 6101 6132 6133 6102 
6099 6102 6133 6134 6103 
6100 6103 6134 6135 6104 
6101 6104 6135 6136 6105 
6102 6105 6136 6137 6106 
6103 6106 6137 6138 6107 
6104 6107 6138 6139 6108 
6105 6108 6139 6140 6109 
6106 6109 6140 6141 6110 
6107 6110 6141 6142 6111 
6108 6111 6142 6143 6112 
6109 6112 6143 6144 6113 
6110 6113 6144 6145 6114 
6111 6114 6145 6146 6115 
6112 6115 6146 256 255 
6113 132 1 257 6116 
6114 6116 257 258 6117 
6115 6117 258 259 6118 
6116 6118 259 260 6119 
6117 6119 260 261 6120 
6118 6120 261 262 6121 
6119 6121 262 263 6122 
6120 6122 263 264 6123 
6121 6123 264 265 6124 
6122 6124 265 266 6125 
6123 6125 266 267 6126 
6124 6126 267 268 6127 
6125 6127 268 269 6128 
6126 6128 269 270 6129 
6127 6129 270 271 6130 
6128 6130 271 272 6131 
6129 6131 272 273 6132 
6130 6132 273 274 6133 
6131 6133 274 275 6134 
6132 6134 275 276 6135 
6133 6135 276 277 6136 
6134 6136 277 278 6137 
6135 6137 278 279 6138 
6136 6138 279 280 6139 
6137 6139 280 281 6140 
6138 6140 281 282 6141 
6139 6141 282 283 6142 
6140 6142 283 284 6143 
6141 6143 284 285 6144 
6142 6144 285 286 6145 
6143 6145 286 287 6146 
6144 6146 287 5 256 
$EndElements
