$MeshFormat
4.1 0 8
$EndMeshFormat
$PhysicalNames
4
1 2 "periodicx"
1 3 "bottom"
1 4 "top"
2 1 "domain"
$EndPhysicalNames
$Entities
4 4 1 0
1 0 0 0 0 
2 80 0 0 0 
3 80 35 0 0 
4 0 35 0 0 
1 0 0 0 80 0 0 1 3 2 1 -2 
2 80 0 0 80 35 0 1 2 2 2 -3 
3 0 35 0 80 35 0 1 4 2 3 -4 
4 0 0 0 0 35 0 1 2 2 4 -1 
1 0 0 0 80 35 0 1 1 4 1 2 3 4 
$EndEntities
$Nodes
9 2916 1 2916
0 1 0 1
1
0 0 0
0 2 0 1
2
80 0 0
0 3 0 1
3
80 35 0
0 4 0 1
4
0 35 0
1 1 0 79
5
6
7
8
9
10
11
12
13
14
15
16
17
18
19
20
21
22
23
24
25
26
27
28
29
30
31
32
33
34
35
36
37
38
39
40
41
42
43
44
45
46
47
48
49
50
51
52
53
54
55
56
57
58
59
60
61
62
63
64
65
66
67
68
69
70
71
72
73
74
75
76
77
78
79
80
81
82
83
0.9999999999992639 0 0
1.999999999998545 0 0
2.999999999997566 0 0
3.999999999996395 0 0
4.99999999999559 0 0
5.999999999994888 0 0
6.999999999994185 0 0
7.999999999993483 0 0
8.999999999992781 0 0
9.999999999991731 0 0
10.99999999998916 0 0
11.99999999998623 0 0
12.99999999998331 0 0
13.99999999998039 0 0
14.99999999997747 0 0
15.99999999997454 0 0
16.99999999997162 0 0
17.9999999999687 0 0
18.99999999996577 0 0
19.99999999996285 0 0
20.99999999995993 0 0
21.99999999995701 0 0
22.99999999995409 0 0
23.99999999995118 0 0
24.99999999994825 0 0
25.99999999994533 0 0
26.99999999994242 0 0
27.9999999999395 0 0
28.99999999993658 0 0
29.99999999993366 0 0
30.99999999993074 0 0
31.99999999992809 0 0
32.99999999992851 0 0
33.99999999993003 0 0
34.99999999993155 0 0
35.99999999993307 0 0
36.99999999993459 0 0
37.99999999993611 0 0
38.99999999993764 0 0
39.99999999993915 0 0
40.99999999994067 0 0
41.99999999994219 0 0
42.99999999994373 0 0
43.99999999994524 0 0
44.99999999994675 0 0
45.99999999994828 0 0
46.9999999999498 0 0
47.99999999995133 0 0
48.99999999995284 0 0
49.99999999995437 0 0
50.99999999995589 0 0
51.9999999999574 0 0
52.99999999995893 0 0
53.99999999996045 0 0
54.99999999996198 0 0
55.99999999996349 0 0
56.99999999996501 0 0
57.99999999996654 0 0
58.99999999996807 0 0
59.99999999996958 0 0
60.9999999999711 0 0
61.99999999997262 0 0
62.99999999997415 0 0
63.99999999997567 0 0
64.99999999997718 0 0
65.99999999997871 0 0
66.99999999998023 0 0
67.99999999998175 0 0
68.99999999998327 0 0
69.99999999998479 0 0
70.99999999998631 0 0
71.99999999998784 0 0
72.99999999998936 0 0
73.99999999999088 0 0
74.99999999999241 0 0
75.99999999999392 0 0
76.99999999999544 0 0
77.99999999999697 0 0
78.99999999999849 0 0
1 2 0 34
84
85
86
87
88
89
90
91
92
93
94
95
96
97
98
99
100
101
102
103
104
105
106
107
108
109
110
111
112
113
114
115
116
117
80 0.9999999999971455 0
80 1.999999999994032 0
80 2.999999999990904 0
80 3.999999999987776 0
80 4.999999999984649 0
80 5.999999999981522 0
80 6.999999999978395 0
80 7.999999999975179 0
80 8.99999999996977 0
80 9.999999999964105 0
80 10.99999999995844 0
80 11.99999999995277 0
80 12.9999999999471 0
80 13.99999999994144 0
80 14.99999999993577 0
80 15.9999999999301 0
80 16.99999999992444 0
80 17.99999999992384 0
80 18.99999999992832 0
80 19.99999999993281 0
80 20.99999999993728 0
80 21.99999999994176 0
80 22.99999999994624 0
80 23.99999999995072 0
80 24.9999999999552 0
80 25.99999999995968 0
80 26.99999999996416 0
80 27.99999999996864 0
80 28.99999999997312 0
80 29.9999999999776 0
80 30.99999999998208 0
80 31.99999999998656 0
80 32.99999999999104 0
80 33.99999999999552 0
1 3 0 79
118
119
120
121
122
123
124
125
126
127
128
129
130
131
132
133
134
135
136
137
138
139
140
141
142
143
144
145
146
147
148
149
150
151
152
153
154
155
156
157
158
159
160
161
162
163
164
165
166
167
168
169
170
171
172
173
174
175
176
177
178
179
180
181
182
183
184
185
186
187
188
189
190
191
192
193
194
195
196
79 35 0
78 35 0
77 35 0
76 35 0
75 35 0
74.00000000000001 35 0
73.00000000000001 35 0
72.00000000000001 35 0
71.00000000000001 35 0
70.00000000000001 35 0
69.00000000000001 35 0
68.00000000000003 35 0
67.00000000000003 35 0
66.00000000000003 35 0
65.00000000000003 35 0
64.00000000000003 35 0
63.00000000000004 35 0
62.00000000000004 35 0
61.00000000000004 35 0
60.00000000000004 35 0
59.00000000000004 35 0
58.00000000000004 35 0
57.00000000000004 35 0
56.00000000000004 35 0
55.00000000000004 35 0
54.00000000000004 35 0
53.00000000000004 35 0
52.00000000000004 35 0
51.00000000000004 35 0
50.00000000000004 35 0
49.00000000000004 35 0
48.00000000000004 35 0
47.00000000000004 35 0
46.00000000000003 35 0
45.00000000000003 35 0
44.00000000000003 35 0
43.00000000000003 35 0
42.00000000000003 35 0
41.00000000000003 35 0
40.00000000000003 35 0
39.00000000000003 35 0
38.00000000000003 35 0
37.00000000000003 35 0
36.00000000000002 35 0
35.00000000000003 35 0
34.00000000000002 35 0
33.00000000000003 35 0
32.00000000000003 35 0
31.00000000000002 35 0
30.00000000000003 35 0
29.00000000000002 35 0
28.00000000000003 35 0
27.00000000000002 35 0
26.00000000000002 35 0
25.00000000000001 35 0
24.00000000000002 35 0
23.00000000000001 35 0
22.00000000000002 35 0
21.00000000000001 35 0
20.00000000000001 35 0
19.00000000000001 35 0
18.00000000000001 35 0
17.00000000000001 35 0
16.00000000000001 35 0
15.00000000000001 35 0
14.00000000000001 35 0
13.00000000000001 35 0
12.00000000000001 35 0
11.00000000000001 35 0
10.00000000000001 35 0
9.000000000000014 35 0
8 35 0
7.000000000000014 35 0
6 35 0
5.000000000000014 35 0
4 35 0
3 35 0
2 35 0
1 35 0
1 4 0 34
197
198
199
200
201
202
203
204
205
206
207
208
209
210
211
212
213
214
215
216
217
218
219
220
221
222
223
224
225
226
227
228
229
230
0 33.99999999999575 0
0 32.99999999999151 0
0 31.99999999998861 0
0 30.99999999999447 0
0 30.00000000000038 0
0 29.00000000000628 0
0 28.00000000001218 0
0 27.00000000001809 0
0 26.00000000002399 0
0 25.0000000000299 0
0 24.0000000000358 0
0 23.00000000004171 0
0 22.00000000004762 0
0 21.00000000005353 0
0 20.00000000005943 0
0 19.00000000006534 0
0 18.00000000007125 0
0 17.00000000007207 0
0 16.00000000006784 0
0 15.0000000000636 0
0 14.00000000005936 0
0 13.00000000005512 0
0 12.00000000005087 0
0 11.00000000004664 0
0 10.0000000000424 0
0 9.000000000038156 0
0 8.000000000033921 0
0 7.000000000029683 0
0 6.000000000025437 0
0 5.000000000021199 0
0 4.000000000016961 0
0 3.000000000012719 0
0 2.000000000008484 0
0 1.000000000004242 0
2 1 0 2686
231
232
233
234
235
236
237
238
239
240
241
242
243
244
245
246
247
248
249
250
251
252
253
254
255
256
257
258
259
260
261
262
263
264
265
266
267
268
269
270
271
272
273
274
275
276
277
278
279
280
281
282
283
284
285
286
287
288
289
290
291
292
293
294
295
296
297
298
299
300
301
302
303
304
305
306
307
308
309
310
311
312
313
314
315
316
317
318
319
320
321
322
323
324
325
326
327
328
329
330
331
332
333
334
335
336
337
338
339
340
341
342
343
344
345
346
347
348
349
350
351
352
353
354
355
356
357
358
359
360
361
362
363
364
365
366
367
368
369
370
371
372
373
374
375
376
377
378
379
380
381
382
383
384
385
386
387
388
389
390
391
392
393
394
395
396
397
398
399
400
401
402
403
404
405
406
407
408
409
410
411
412
413
414
415
416
417
418
419
420
421
422
423
424
425
426
427
428
429
430
431
432
433
434
435
436
437
438
439
440
441
442
443
444
445
446
447
448
449
450
451
452
453
454
455
456
457
458
459
460
461
462
463
464
465
466
467
468
469
470
471
472
473
474
475
476
477
478
479
480
481
482
483
484
485
486
487
488
489
490
491
492
493
494
495
496
497
498
499
500
501
502
503
504
505
506
507
508
509
510
511
512
513
514
515
516
517
518
519
520
521
522
523
524
525
526
527
528
529
530
531
532
533
534
535
536
537
538
539
540
541
542
543
544
545
546
547
548
549
550
551
552
553
554
555
556
557
558
559
560
561
562
563
564
565
566
567
568
569
570
571
572
573
574
575
576
577
578
579
580
581
582
583
584
585
586
587
588
589
590
591
592
593
594
595
596
597
598
599
600
601
602
603
604
605
606
607
608
609
610
611
612
613
614
615
616
617
618
619
620
621
622
623
624
625
626
627
628
629
630
631
632
633
634
635
636
637
638
639
640
641
642
643
644
645
646
647
648
649
650
651
652
653
654
655
656
657
658
659
660
661
662
663
664
665
666
667
668
669
670
671
672
673
674
675
676
677
678
679
680
681
682
683
684
685
686
687
688
689
690
691
692
693
694
695
696
697
698
699
700
701
702
703
704
705
706
707
708
709
710
711
712
713
714
715
716
717
718
719
720
721
722
723
724
725
726
727
728
729
730
731
732
733
734
735
736
737
738
739
740
741
742
743
744
745
746
747
748
749
750
751
752
753
754
755
756
757
758
759
760
761
762
763
764
765
766
767
768
769
770
771
772
773
774
775
776
777
778
779
780
781
782
783
784
785
786
787
788
789
790
791
792
793
794
795
796
797
798
799
800
801
802
803
804
805
806
807
808
809
810
811
812
813
814
815
816
817
818
819
820
821
822
823
824
825
826
827
828
829
830
831
832
833
834
835
836
837
838
839
840
841
842
843
844
845
846
847
848
849
850
851
852
853
854
855
856
857
858
859
860
861
862
863
864
865
866
867
868
869
870
871
872
873
874
875
876
877
878
879
880
881
882
883
884
885
886
887
888
889
890
891
892
893
894
895
896
897
898
899
900
901
902
903
904
905
906
907
908
909
910
911
912
913
914
915
916
917
918
919
920
921
922
923
924
925
926
927
928
929
930
931
932
933
934
935
936
937
938
939
940
941
942
943
944
945
946
947
948
949
950
951
952
953
954
955
956
957
958
959
960
961
962
963
964
965
966
967
968
969
970
971
972
973
974
975
976
977
978
979
980
981
982
983
984
985
986
987
988
989
990
991
992
993
994
995
996
997
998
999
1000
1001
1002
1003
1004
1005
1006
1007
1008
1009
1010
1011
1012
1013
1014
1015
1016
1017
1018
1019
1020
1021
1022
1023
1024
1025
1026
1027
1028
1029
1030
1031
1032
1033
1034
1035
1036
1037
1038
1039
1040
1041
1042
1043
1044
1045
1046
1047
1048
1049
1050
1051
1052
1053
1054
1055
1056
1057
1058
1059
1060
1061
1062
1063
1064
1065
1066
1067
1068
1069
1070
1071
1072
1073
1074
1075
1076
1077
1078
1079
1080
1081
1082
1083
1084
1085
1086
1087
1088
1089
1090
1091
1092
1093
1094
1095
1096
1097
1098
1099
1100
1101
1102
1103
1104
1105
1106
1107
1108
1109
1110
1111
1112
1113
1114
1115
1116
1117
1118
1119
1120
1121
1122
1123
1124
1125
1126
1127
1128
1129
1130
1131
1132
1133
1134
1135
1136
1137
1138
1139
1140
1141
1142
1143
1144
1145
1146
1147
1148
1149
1150
1151
1152
1153
1154
1155
1156
1157
1158
1159
1160
1161
1162
1163
1164
1165
1166
1167
1168
1169
1170
1171
1172
1173
1174
1175
1176
1177
1178
1179
1180
1181
1182
1183
1184
1185
1186
1187
1188
1189
1190
1191
1192
1193
1194
1195
1196
1197
1198
1199
1200
1201
1202
1203
1204
1205
1206
1207
1208
1209
1210
1211
1212
1213
1214
1215
1216
1217
1218
1219
1220
1221
1222
1223
1224
1225
1226
1227
1228
1229
1230
1231
1232
1233
1234
1235
1236
1237
1238
1239
1240
1241
1242
1243
1244
1245
1246
1247
1248
1249
1250
1251
1252
1253
1254
1255
1256
1257
1258
1259
1260
1261
1262
1263
1264
1265
1266
1267
1268
1269
1270
1271
1272
1273
1274
1275
1276
1277
1278
1279
1280
1281
1282
1283
1284
1285
1286
1287
1288
1289
1290
1291
1292
1293
1294
1295
1296
1297
1298
1299
1300
1301
1302
1303
1304
1305
1306
1307
1308
1309
1310
1311
1312
1313
1314
1315
1316
1317
1318
1319
1320
1321
1322
1323
1324
1325
1326
1327
1328
1329
1330
1331
1332
1333
1334
1335
1336
1337
1338
1339
1340
1341
1342
1343
1344
1345
1346
1347
1348
1349
1350
1351
1352
1353
1354
1355
1356
1357
1358
1359
1360
1361
1362
1363
1364
1365
1366
1367
1368
1369
1370
1371
1372
1373
1374
1375
1376
1377
1378
1379
1380
1381
1382
1383
1384
1385
1386
1387
1388
1389
1390
1391
1392
1393
1394
1395
1396
1397
1398
1399
1400
1401
1402
1403
1404
1405
1406
1407
1408
1409
1410
1411
1412
1413
1414
1415
1416
1417
1418
1419
1420
1421
1422
1423
1424
1425
1426
1427
1428
1429
1430
1431
1432
1433
1434
1435
1436
1437
1438
1439
1440
1441
1442
1443
1444
1445
1446
1447
1448
1449
1450
1451
1452
1453
1454
1455
1456
1457
1458
1459
1460
1461
1462
1463
1464
1465
1466
1467
1468
1469
1470
1471
1472
1473
1474
1475
1476
1477
1478
1479
1480
1481
1482
1483
1484
1485
1486
1487
1488
1489
1490
1491
1492
1493
1494
1495
1496
1497
1498
1499
1500
1501
1502
1503
1504
1505
1506
1507
1508
1509
1510
1511
1512
1513
1514
1515
1516
1517
1518
1519
1520
1521
1522
1523
1524
1525
1526
1527
1528
1529
1530
1531
1532
1533
1534
1535
1536
1537
1538
1539
1540
1541
1542
1543
1544
1545
1546
1547
1548
1549
1550
1551
1552
1553
1554
1555
1556
1557
1558
1559
1560
1561
1562
1563
1564
1565
1566
1567
1568
1569
1570
1571
1572
1573
1574
1575
1576
1577
1578
1579
1580
1581
1582
1583
1584
1585
1586
1587
1588
1589
1590
1591
1592
1593
1594
1595
1596
1597
1598
1599
1600
1601
1602
1603
1604
1605
1606
1607
1608
1609
1610
1611
1612
1613
1614
1615
1616
1617
1618
1619
1620
1621
1622
1623
1624
1625
1626
1627
1628
1629
1630
1631
1632
1633
1634
1635
1636
1637
1638
1639
1640
1641
1642
1643
1644
1645
1646
1647
1648
1649
1650
1651
1652
1653
1654
1655
1656
1657
1658
1659
1660
1661
1662
1663
1664
1665
1666
1667
1668
1669
1670
1671
1672
1673
1674
1675
1676
1677
1678
1679
1680
1681
1682
1683
1684
1685
1686
1687
1688
1689
1690
1691
1692
1693
1694
1695
1696
1697
1698
1699
1700
1701
1702
1703
1704
1705
1706
1707
1708
1709
1710
1711
1712
1713
1714
1715
1716
1717
1718
1719
1720
1721
1722
1723
1724
1725
1726
1727
1728
1729
1730
1731
1732
1733
1734
1735
1736
1737
1738
1739
1740
1741
1742
1743
1744
1745
1746
1747
1748
1749
1750
1751
1752
1753
1754
1755
1756
1757
1758
1759
1760
1761
1762
1763
1764
1765
1766
1767
1768
1769
1770
1771
1772
1773
1774
1775
1776
1777
1778
1779
1780
1781
1782
1783
1784
1785
1786
1787
1788
1789
1790
1791
1792
1793
1794
1795
1796
1797
1798
1799
1800
1801
1802
1803
1804
1805
1806
1807
1808
1809
1810
1811
1812
1813
1814
1815
1816
1817
1818
1819
1820
1821
1822
1823
1824
1825
1826
1827
1828
1829
1830
1831
1832
1833
1834
1835
1836
1837
1838
1839
1840
1841
1842
1843
1844
1845
1846
1847
1848
1849
1850
1851
1852
1853
1854
1855
1856
1857
1858
1859
1860
1861
1862
1863
1864
1865
1866
1867
1868
1869
1870
1871
1872
1873
1874
1875
1876
1877
1878
1879
1880
1881
1882
1883
1884
1885
1886
1887
1888
1889
1890
1891
1892
1893
1894
1895
1896
1897
1898
1899
1900
1901
1902
1903
1904
1905
1906
1907
1908
1909
1910
1911
1912
1913
1914
1915
1916
1917
1918
1919
1920
1921
1922
1923
1924
1925
1926
1927
1928
1929
1930
1931
1932
1933
1934
1935
1936
1937
1938
1939
1940
1941
1942
1943
1944
1945
1946
1947
1948
1949
1950
1951
1952
1953
1954
1955
1956
1957
1958
1959
1960
1961
1962
1963
1964
1965
1966
1967
1968
1969
1970
1971
1972
1973
1974
1975
1976
1977
1978
1979
1980
1981
1982
1983
1984
1985
1986
1987
1988
1989
1990
1991
1992
1993
1994
1995
1996
1997
1998
1999
2000
2001
2002
2003
2004
2005
2006
2007
2008
2009
2010
2011
2012
2013
2014
2015
2016
2017
2018
2019
2020
2021
2022
2023
2024
2025
2026
2027
2028
2029
2030
2031
2032
2033
2034
2035
2036
2037
2038
2039
2040
2041
2042
2043
2044
2045
2046
2047
2048
2049
2050
2051
2052
2053
2054
2055
2056
2057
2058
2059
2060
2061
2062
2063
2064
2065
2066
2067
2068
2069
2070
2071
2072
2073
2074
2075
2076
2077
2078
2079
2080
2081
2082
2083
2084
2085
2086
2087
2088
2089
2090
2091
2092
2093
2094
2095
2096
2097
2098
2099
2100
2101
2102
2103
2104
2105
2106
2107
2108
2109
2110
2111
2112
2113
2114
2115
2116
2117
2118
2119
2120
2121
2122
2123
2124
2125
2126
2127
2128
2129
2130
2131
2132
2133
2134
2135
2136
2137
2138
2139
2140
2141
2142
2143
2144
2145
2146
2147
2148
2149
2150
2151
2152
2153
2154
2155
2156
2157
2158
2159
2160
2161
2162
2163
2164
2165
2166
2167
2168
2169
2170
2171
2172
2173
2174
2175
2176
2177
2178
2179
2180
2181
2182
2183
2184
2185
2186
2187
2188
2189
2190
2191
2192
2193
2194
2195
2196
2197
2198
2199
2200
2201
2202
2203
2204
2205
2206
2207
2208
2209
2210
2211
2212
2213
2214
2215
2216
2217
2218
2219
2220
2221
2222
2223
2224
2225
2226
2227
2228
2229
2230
2231
2232
2233
2234
2235
2236
2237
2238
2239
2240
2241
2242
2243
2244
2245
2246
2247
2248
2249
2250
2251
2252
2253
2254
2255
2256
2257
2258
2259
2260
2261
2262
2263
2264
2265
2266
2267
2268
2269
2270
2271
2272
2273
2274
2275
2276
2277
2278
2279
2280
2281
2282
2283
2284
2285
2286
2287
2288
2289
2290
2291
2292
2293
2294
2295
2296
2297
2298
2299
2300
2301
2302
2303
2304
2305
2306
2307
2308
2309
2310
2311
2312
2313
2314
2315
2316
2317
2318
2319
2320
2321
2322
2323
2324
2325
2326
2327
2328
2329
2330
2331
2332
2333
2334
2335
2336
2337
2338
2339
2340
2341
2342
2343
2344
2345
2346
2347
2348
2349
2350
2351
2352
2353
2354
2355
2356
2357
2358
2359
2360
2361
2362
2363
2364
2365
2366
2367
2368
2369
2370
2371
2372
2373
2374
2375
2376
2377
2378
2379
2380
2381
2382
2383
2384
2385
2386
2387
2388
2389
2390
2391
2392
2393
2394
2395
2396
2397
2398
2399
2400
2401
2402
2403
2404
2405
2406
2407
2408
2409
2410
2411
2412
2413
2414
2415
2416
2417
2418
2419
2420
2421
2422
2423
2424
2425
2426
2427
2428
2429
2430
2431
2432
2433
2434
2435
2436
2437
2438
2439
2440
2441
2442
2443
2444
2445
2446
2447
2448
2449
2450
2451
2452
2453
2454
2455
2456
2457
2458
2459
2460
2461
2462
2463
2464
2465
2466
2467
2468
2469
2470
2471
2472
2473
2474
2475
2476
2477
2478
2479
2480
2481
2482
2483
2484
2485
2486
2487
2488
2489
2490
2491
2492
2493
2494
2495
2496
2497
2498
2499
2500
2501
2502
2503
2504
2505
2506
2507
2508
2509
2510
2511
2512
2513
2514
2515
2516
2517
2518
2519
2520
2521
2522
2523
2524
2525
2526
2527
2528
2529
2530
2531
2532
2533
2534
2535
2536
2537
2538
2539
2540
2541
2542
2543
2544
2545
2546
2547
2548
2549
2550
2551
2552
2553
2554
2555
2556
2557
2558
2559
2560
2561
2562
2563
2564
2565
2566
2567
2568
2569
2570
2571
2572
2573
2574
2575
2576
2577
2578
2579
2580
2581
2582
2583
2584
2585
2586
2587
2588
2589
2590
2591
2592
2593
2594
2595
2596
2597
2598
2599
2600
2601
2602
2603
2604
2605
2606
2607
2608
2609
2610
2611
2612
2613
2614
2615
2616
2617
2618
2619
2620
2621
2622
2623
2624
2625
2626
2627
2628
2629
2630
2631
2632
2633
2634
2635
2636
2637
2638
2639
2640
2641
2642
2643
2644
2645
2646
2647
2648
2649
2650
2651
2652
2653
2654
2655
2656
2657
2658
2659
2660
2661
2662
2663
2664
2665
2666
2667
2668
2669
2670
2671
2672
2673
2674
2675
2676
2677
2678
2679
2680
2681
2682
2683
2684
2685
2686
2687
2688
2689
2690
2691
2692
2693
2694
2695
2696
2697
2698
2699
2700
2701
2702
2703
2704
2705
2706
2707
2708
2709
2710
2711
2712
2713
2714
2715
2716
2717
2718
2719
2720
2721
2722
2723
2724
2725
2726
2727
2728
2729
2730
2731
2732
2733
2734
2735
2736
2737
2738
2739
2740
2741
2742
2743
2744
2745
2746
2747
2748
2749
2750
2751
2752
2753
2754
2755
2756
2757
2758
2759
2760
2761
2762
2763
2764
2765
2766
2767
2768
2769
2770
2771
2772
2773
2774
2775
2776
2777
2778
2779
2780
2781
2782
2783
2784
2785
2786
2787
2788
2789
2790
2791
2792
2793
2794
2795
2796
2797
2798
2799
2800
2801
2802
2803
2804
2805
2806
2807
2808
2809
2810
2811
2812
2813
2814
2815
2816
2817
2818
2819
2820
2821
2822
2823
2824
2825
2826
2827
2828
2829
2830
2831
2832
2833
2834
2835
2836
2837
2838
2839
2840
2841
2842
2843
2844
2845
2846
2847
2848
2849
2850
2851
2852
2853
2854
2855
2856
2857
2858
2859
2860
2861
2862
2863
2864
2865
2866
2867
2868
2869
2870
2871
2872
2873
2874
2875
2876
2877
2878
2879
2880
2881
2882
2883
2884
2885
2886
2887
2888
2889
2890
2891
2892
2893
2894
2895
2896
2897
2898
2899
2900
2901
2902
2903
2904
2905
2906
2907
2908
2909
2910
2911
2912
2913
2914
2915
2916
0.999999999999285 1.000000000004153 0
0.9999999999993061 2.000000000008303 0
0.999999999999327 3.000000000012446 0
0.9999999999993479 4.000000000016596 0
0.9999999999993692 5.000000000020742 0
0.99999999999939 6.000000000024889 0
0.9999999999994111 7.000000000029042 0
0.999999999999432 8.000000000033188 0
0.9999999999994532 9.000000000037302 0
0.9999999999994742 10.00000000004142 0
0.9999999999994952 11.00000000004553 0
0.9999999999995163 12.00000000004965 0
0.9999999999995373 13.00000000005377 0
0.9999999999995584 14.00000000005789 0
0.9999999999995794 15.000000000062 0
0.9999999999996003 16.00000000006612 0
0.9999999999996214 17.00000000007023 0
0.9999999999996426 18.0000000000694 0
0.9999999999996634 19.00000000006362 0
0.9999999999996844 20.00000000005785 0
0.9999999999997057 21.00000000005208 0
0.9999999999997266 22.0000000000463 0
0.9999999999997475 23.00000000004052 0
0.9999999999997687 24.00000000003474 0
0.9999999999997895 25.00000000002896 0
0.9999999999998106 26.00000000002318 0
0.9999999999998318 27.00000000001741 0
0.9999999999998527 28.00000000001164 0
0.9999999999998739 29.00000000000587 0
0.9999999999998949 30.00000000000009 0
0.9999999999999157 30.99999999999432 0
0.9999999999999371 31.99999999998858 0
0.999999999999958 32.9999999999915 0
0.999999999999979 33.99999999999575 0
1.999999999998586 1.000000000004065 0
1.999999999998628 2.000000000008122 0
1.99999999999867 3.000000000012173 0
1.999999999998711 4.000000000016231 0
1.999999999998753 5.000000000020285 0
1.999999999998794 6.00000000002434 0
1.999999999998836 7.0000000000284 0
1.999999999998878 8.000000000032454 0
1.999999999998919 9.000000000036447 0
1.999999999998961 10.00000000004044 0
1.999999999999003 11.00000000004443 0
1.999999999999044 12.00000000004842 0
1.999999999999085 13.00000000005242 0
1.999999999999127 14.00000000005641 0
1.999999999999168 15.0000000000604 0
1.99999999999921 16.0000000000644 0
1.999999999999252 17.00000000006838 0
1.999999999999293 18.00000000006755 0
1.999999999999335 19.00000000006191 0
1.999999999999377 20.00000000005627 0
1.999999999999418 21.00000000005062 0
1.999999999999459 22.00000000004498 0
1.999999999999501 23.00000000003932 0
1.999999999999543 24.00000000003367 0
1.999999999999584 25.00000000002803 0
1.999999999999626 26.00000000002239 0
1.999999999999667 27.00000000001674 0
1.999999999999709 28.0000000000111 0
1.999999999999751 29.00000000000544 0
1.999999999999792 29.99999999999981 0
1.999999999999834 30.99999999999416 0
1.999999999999875 31.99999999998855 0
1.999999999999917 32.9999999999915 0
1.999999999999958 33.99999999999575 0
2.999999999997634 1.000000000003976 0
2.999999999997705 2.000000000007943 0
2.999999999997774 3.000000000011901 0
2.999999999997844 4.000000000015866 0
2.999999999997913 5.000000000019829 0
2.999999999997983 6.000000000023792 0
2.999999999998053 7.000000000027759 0
2.999999999998122 8.000000000031717 0
2.999999999998191 9.000000000035595 0
2.999999999998261 10.00000000003947 0
2.999999999998331 11.00000000004333 0
2.9999999999984 12.0000000000472 0
2.99999999999847 13.00000000005107 0
2.999999999998539 14.00000000005494 0
2.999999999998609 15.0000000000588 0
2.999999999998678 16.00000000006267 0
2.999999999998749 17.00000000006654 0
2.999999999998818 18.00000000006572 0
2.999999999998888 19.00000000006019 0
2.999999999998956 20.00000000005468 0
2.999999999999026 21.00000000004917 0
2.999999999999096 22.00000000004365 0
2.999999999999165 23.00000000003813 0
2.999999999999235 24.00000000003261 0
2.999999999999305 25.0000000000271 0
2.999999999999374 26.00000000002158 0
2.999999999999444 27.00000000001607 0
2.999999999999513 28.00000000001055 0
2.999999999999582 29.00000000000503 0
2.999999999999652 29.99999999999952 0
2.999999999999722 30.99999999999401 0
2.999999999999792 31.99999999998852 0
2.999999999999861 32.99999999999148 0
2.99999999999993 33.99999999999575 0
3.999999999996498 1.000000000003887 0
3.999999999996601 2.000000000007761 0
3.999999999996704 3.000000000011628 0
3.999999999996807 4.000000000015501 0
3.99999999999691 5.000000000019371 0
3.999999999997012 6.000000000023241 0
3.999999999997116 7.00000000002712 0
3.999999999997219 8.000000000030985 0
3.999999999997322 9.000000000034737 0
3.999999999997425 10.00000000003848 0
3.999999999997529 11.00000000004223 0
3.999999999997631 12.00000000004597 0
3.999999999997734 13.00000000004972 0
3.999999999997837 14.00000000005346 0
3.99999999999794 15.00000000005721 0
3.999999999998043 16.00000000006095 0
3.999999999998146 17.00000000006469 0
3.999999999998249 18.00000000006387 0
3.999999999998352 19.00000000005849 0
3.999999999998455 20.0000000000531 0
3.999999999998558 21.00000000004771 0
3.99999999999866 22.00000000004233 0
3.999999999998765 23.00000000003694 0
3.999999999998866 24.00000000003155 0
3.99999999999897 25.00000000002616 0
3.999999999999073 26.00000000002077 0
3.999999999999175 27.00000000001539 0
3.999999999999278 28.00000000001 0
3.999999999999382 29.00000000000462 0
3.999999999999484 29.99999999999923 0
3.999999999999588 30.99999999999385 0
3.999999999999691 31.9999999999885 0
3.999999999999794 32.99999999999149 0
3.999999999999897 33.99999999999574 0
4.999999999995716 1.000000000003799 0
4.999999999995842 2.00000000000758 0
4.999999999995969 3.000000000011355 0
4.999999999996095 4.000000000015137 0
4.999999999996223 5.000000000018915 0
4.999999999996349 6.000000000022694 0
4.999999999996476 7.000000000026476 0
4.999999999996601 8.00000000003025 0
4.999999999996727 9.00000000003388 0
4.999999999996856 10.0000000000375 0
4.99999999999698 11.00000000004112 0
4.999999999997106 12.00000000004474 0
4.999999999997233 13.00000000004837 0
4.999999999997359 14.00000000005199 0
4.999999999997486 15.00000000005561 0
4.999999999997613 16.00000000005922 0
4.99999999999774 17.00000000006285 0
4.999999999997867 18.00000000006203 0
4.999999999997993 19.00000000005677 0
4.999999999998118 20.00000000005152 0
4.999999999998244 21.00000000004626 0
4.999999999998372 22.000000000041 0
4.999999999998498 23.00000000003574 0
4.999999999998624 24.00000000003049 0
4.99999999999875 25.00000000002523 0
4.999999999998876 26.00000000001997 0
4.999999999999003 27.00000000001472 0
4.999999999999129 28.00000000000946 0
4.999999999999257 29.00000000000421 0
4.999999999999381 29.99999999999896 0
4.999999999999509 30.9999999999937 0
4.999999999999637 31.99999999998848 0
4.999999999999761 32.99999999999147 0
4.999999999999889 33.99999999999574 0
5.999999999995034 1.00000000000371 0
5.999999999995181 2.000000000007399 0
5.999999999995327 3.000000000011082 0
5.999999999995473 4.00000000001477 0
5.999999999995619 5.000000000018457 0
5.999999999995764 6.000000000022144 0
5.999999999995911 7.000000000025837 0
5.999999999996055 8.000000000029514 0
5.999999999996201 9.000000000033028 0
5.999999999996349 10.00000000003653 0
5.999999999996493 11.00000000004002 0
5.99999999999664 12.00000000004352 0
5.999999999996787 13.00000000004702 0
5.999999999996931 14.00000000005052 0
5.99999999999708 15.00000000005401 0
5.999999999997224 16.0000000000575 0
5.999999999997369 17.000000000061 0
5.999999999997516 18.00000000006019 0
5.999999999997663 19.00000000005506 0
5.999999999997809 20.00000000004994 0
5.999999999997955 21.00000000004481 0
5.999999999998101 22.00000000003968 0
5.999999999998247 23.00000000003455 0
5.999999999998393 24.00000000002942 0
5.999999999998538 25.00000000002429 0
5.999999999998685 26.00000000001917 0
5.999999999998829 27.00000000001404 0
5.999999999998977 28.00000000000892 0
5.999999999999123 29.00000000000379 0
5.99999999999927 29.99999999999866 0
5.999999999999416 30.99999999999355 0
5.999999999999562 31.99999999998845 0
5.999999999999708 32.99999999999147 0
5.999999999999853 33.99999999999574 0
6.999999999994353 1.000000000003621 0
6.99999999999452 2.00000000000722 0
6.999999999994685 3.00000000001081 0
6.99999999999485 4.000000000014407 0
6.999999999995017 5.000000000018001 0
6.999999999995186 6.000000000021597 0
6.999999999995352 7.000000000025196 0
6.999999999995518 8.000000000028782 0
6.999999999995683 9.000000000032172 0
6.99999999999585 10.00000000003555 0
6.999999999996017 11.00000000003892 0
6.999999999996184 12.0000000000423 0
6.999999999996351 13.00000000004567 0
6.999999999996517 14.00000000004904 0
6.999999999996684 15.00000000005241 0
6.999999999996849 16.00000000005578 0
6.999999999997016 17.00000000005916 0
6.999999999997183 18.00000000005835 0
6.99999999999735 19.00000000005334 0
6.999999999997517 20.00000000004835 0
6.999999999997684 21.00000000004335 0
6.999999999997851 22.00000000003836 0
6.999999999998016 23.00000000003336 0
6.999999999998181 24.00000000002836 0
6.999999999998348 25.00000000002336 0
6.999999999998514 26.00000000001836 0
6.999999999998682 27.00000000001337 0
6.999999999998849 28.00000000000837 0
6.999999999999014 29.00000000000338 0
6.999999999999184 29.99999999999838 0
6.999999999999348 30.99999999999338 0
6.999999999999513 31.99999999998843 0
6.999999999999681 32.99999999999147 0
6.999999999999847 33.99999999999573 0
7.999999999993669 1.000000000003533 0
7.999999999993856 2.000000000007038 0
7.99999999999404 3.000000000010537 0
7.999999999994228 4.000000000014043 0
7.999999999994412 5.000000000017544 0
7.999999999994601 6.000000000021045 0
7.999999999994787 7.000000000024555 0
7.999999999994971 8.000000000028047 0
7.999999999995158 9.000000000031317 0
7.999999999995343 10.00000000003457 0
7.999999999995531 11.00000000003781 0
7.999999999995715 12.00000000004106 0
7.999999999995904 13.00000000004432 0
7.999999999996088 14.00000000004757 0
7.999999999996276 15.00000000005081 0
7.999999999996464 16.00000000005407 0
7.999999999996647 17.00000000005731 0
7.999999999996835 18.00000000005651 0
7.999999999997021 19.00000000005164 0
7.999999999997208 20.00000000004677 0
7.999999999997392 21.0000000000419 0
7.99999999999758 22.00000000003703 0
7.999999999997765 23.00000000003216 0
7.999999999997955 24.00000000002729 0
7.999999999998138 25.00000000002242 0
7.999999999998323 26.00000000001756 0
7.999999999998511 27.0000000000127 0
7.999999999998696 28.00000000000783 0
7.999999999998884 29.00000000000296 0
7.999999999999069 29.9999999999981 0
7.999999999999254 30.99999999999324 0
7.999999999999442 31.9999999999884 0
7.999999999999627 32.99999999999146 0
7.999999999999813 33.99999999999572 0
8.999999999992989 1.000000000003444 0
8.999999999993195 2.000000000006858 0
8.999999999993399 3.000000000010265 0
8.999999999993607 4.000000000013677 0
8.999999999993813 5.000000000017086 0
8.999999999994019 6.000000000020497 0
8.999999999994229 7.000000000023912 0
8.999999999994435 8.000000000027311 0
8.999999999994639 9.000000000030463 0
8.999999999994847 10.00000000003359 0
8.999999999995055 11.00000000003671 0
8.999999999995261 12.00000000003984 0
8.999999999995467 13.00000000004297 0
8.999999999995675 14.00000000004609 0
8.999999999995879 15.00000000004921 0
8.999999999996087 16.00000000005235 0
8.999999999996291 17.00000000005546 0
8.999999999996497 18.00000000005466 0
8.999999999996707 19.00000000004992 0
8.999999999996914 20.00000000004519 0
8.999999999997121 21.00000000004045 0
8.999999999997327 22.00000000003571 0
8.999999999997533 23.00000000003097 0
8.999999999997742 24.00000000002623 0
8.999999999997947 25.0000000000215 0
8.999999999998154 26.00000000001676 0
8.99999999999836 27.00000000001202 0
8.999999999998565 28.00000000000728 0
8.999999999998771 29.00000000000255 0
8.999999999998977 29.99999999999782 0
8.999999999999188 30.99999999999308 0
8.999999999999394 31.99999999998838 0
8.999999999999604 32.99999999999146 0
8.99999999999981 33.99999999999572 0
9.999999999991966 1.000000000003355 0
9.999999999992205 2.000000000006678 0
9.999999999992442 3.000000000009992 0
9.999999999992676 4.000000000013313 0
9.999999999992914 5.000000000016631 0
9.999999999993152 6.000000000019948 0
9.999999999993388 7.000000000023273 0
9.999999999993625 8.00000000002658 0
9.999999999993859 9.00000000002961 0
9.999999999994097 10.00000000003261 0
9.999999999994332 11.00000000003561 0
9.999999999994573 12.00000000003861 0
9.999999999994809 13.00000000004162 0
9.999999999995046 14.00000000004462 0
9.999999999995284 15.00000000004762 0
9.999999999995518 16.00000000005062 0
9.999999999995753 17.00000000005362 0
9.999999999995991 18.00000000005282 0
9.999999999996227 19.00000000004821 0
9.999999999996465 20.0000000000436 0
9.999999999996701 21.000000000039 0
9.999999999996938 22.00000000003438 0
9.999999999997176 23.00000000002977 0
9.999999999997408 24.00000000002517 0
9.999999999997646 25.00000000002056 0
9.999999999997883 26.00000000001595 0
9.999999999998119 27.00000000001135 0
9.999999999998357 28.00000000000674 0
9.999999999998595 29.00000000000214 0
9.999999999998831 29.99999999999753 0
9.999999999999069 30.99999999999293 0
9.999999999999305 31.99999999998835 0
9.999999999999538 32.99999999999145 0
9.999999999999774 33.99999999999572 0
10.99999999998947 1.000000000003266 0
10.99999999998978 2.000000000006496 0
10.99999999999008 3.000000000009719 0
10.9999999999904 4.000000000012948 0
10.99999999999071 5.000000000016173 0
10.99999999999102 6.0000000000194 0
10.99999999999133 7.00000000002263 0
10.99999999999164 8.000000000025848 0
10.99999999999195 9.000000000028754 0
10.99999999999226 10.00000000003164 0
10.99999999999257 11.00000000003451 0
10.99999999999288 12.00000000003738 0
10.99999999999319 13.00000000004027 0
10.9999999999935 14.00000000004315 0
10.99999999999381 15.00000000004602 0
10.99999999999412 16.0000000000489 0
10.99999999999443 17.00000000005177 0
10.99999999999474 18.00000000005098 0
10.99999999999505 19.00000000004649 0
10.99999999999536 20.00000000004201 0
10.99999999999567 21.00000000003755 0
10.99999999999598 22.00000000003307 0
10.99999999999629 23.00000000002859 0
10.9999999999966 24.00000000002411 0
10.99999999999691 25.00000000001963 0
10.99999999999723 26.00000000001515 0
10.99999999999753 27.00000000001067 0
10.99999999999784 28.00000000000619 0
10.99999999999815 29.00000000000172 0
10.99999999999846 29.99999999999724 0
10.99999999999877 30.99999999999277 0
10.99999999999908 31.99999999998832 0
10.99999999999939 32.99999999999145 0
10.9999999999997 33.99999999999572 0
11.99999999998662 1.000000000003177 0
11.99999999998702 2.000000000006316 0
11.99999999998742 3.000000000009447 0
11.99999999998781 4.000000000012583 0
11.9999999999882 5.000000000015716 0
11.9999999999886 6.000000000018851 0
11.99999999998899 7.00000000002199 0
11.99999999998938 8.000000000025109 0
11.99999999998978 9.000000000027898 0
11.99999999999017 10.00000000003066 0
11.99999999999057 11.00000000003341 0
11.99999999999095 12.00000000003616 0
11.99999999999135 13.00000000003892 0
11.99999999999175 14.00000000004167 0
11.99999999999214 15.00000000004442 0
11.99999999999253 16.00000000004717 0
11.99999999999293 17.00000000004993 0
11.99999999999332 18.00000000004914 0
11.99999999999371 19.00000000004479 0
11.99999999999411 20.00000000004043 0
11.9999999999945 21.00000000003609 0
11.99999999999489 22.00000000003174 0
11.99999999999529 23.00000000002739 0
11.99999999999568 24.00000000002304 0
11.99999999999608 25.00000000001869 0
11.99999999999647 26.00000000001434 0
11.99999999999686 27.00000000001 0
11.99999999999726 28.00000000000565 0
11.99999999999765 29.00000000000131 0
11.99999999999805 29.99999999999696 0
11.99999999999844 30.99999999999262 0
11.99999999999883 31.9999999999883 0
11.99999999999923 32.99999999999144 0
11.99999999999962 33.99999999999572 0
12.99999999998379 1.000000000003089 0
12.99999999998427 2.000000000006136 0
12.99999999998474 3.000000000009174 0
12.99999999998522 4.000000000012216 0
12.9999999999857 5.00000000001526 0
12.99999999998617 6.000000000018303 0
12.99999999998665 7.000000000021348 0
12.99999999998713 8.000000000024377 0
12.99999999998761 9.000000000027045 0
12.99999999998809 10.00000000002967 0
12.99999999998856 11.0000000000323 0
12.99999999998903 12.00000000003493 0
12.99999999998952 13.00000000003757 0
12.99999999998999 14.0000000000402 0
12.99999999999047 15.00000000004283 0
12.99999999999095 16.00000000004545 0
12.99999999999142 17.00000000004809 0
12.9999999999919 18.00000000004729 0
12.99999999999238 19.00000000004307 0
12.99999999999286 20.00000000003885 0
12.99999999999333 21.00000000003464 0
12.99999999999381 22.00000000003042 0
12.99999999999428 23.0000000000262 0
12.99999999999476 24.00000000002197 0
12.99999999999524 25.00000000001776 0
12.99999999999572 26.00000000001354 0
12.9999999999962 27.00000000000932 0
12.99999999999667 28.00000000000511 0
12.99999999999715 29.0000000000009 0
12.99999999999763 29.99999999999667 0
12.99999999999811 30.99999999999245 0
12.99999999999858 31.99999999998828 0
12.99999999999906 32.99999999999142 0
12.99999999999954 33.99999999999572 0
13.99999999998095 1.000000000003 0
13.99999999998151 2.000000000005955 0
13.99999999998207 3.000000000008901 0
13.99999999998263 4.000000000011853 0
13.99999999998319 5.000000000014801 0
13.99999999998375 6.000000000017752 0
13.99999999998432 7.000000000020707 0
13.99999999998488 8.000000000023642 0
13.99999999998543 9.000000000026189 0
13.999999999986 10.0000000000287 0
13.99999999998656 11.0000000000312 0
13.99999999998712 12.00000000003371 0
13.99999999998768 13.00000000003622 0
13.99999999998824 14.00000000003872 0
13.9999999999888 15.00000000004122 0
13.99999999998936 16.00000000004373 0
13.99999999998992 17.00000000004624 0
13.99999999999048 18.00000000004545 0
13.99999999999104 19.00000000004136 0
13.9999999999916 20.00000000003726 0
13.99999999999216 21.00000000003318 0
13.99999999999272 22.00000000002909 0
13.99999999999329 23.000000000025 0
13.99999999999385 24.00000000002091 0
13.9999999999944 25.00000000001682 0
13.99999999999497 26.00000000001273 0
13.99999999999553 27.00000000000865 0
13.99999999999609 28.00000000000456 0
13.99999999999665 29.00000000000047 0
13.99999999999721 29.99999999999639 0
13.99999999999777 30.9999999999923 0
13.99999999999833 31.99999999998825 0
13.99999999999889 32.99999999999143 0
13.99999999999945 33.99999999999572 0
14.99999999997811 1.000000000002912 0
14.99999999997875 2.000000000005774 0
14.9999999999794 3.000000000008628 0
14.99999999998004 4.000000000011489 0
14.99999999998069 5.000000000014348 0
14.99999999998133 6.000000000017204 0
14.99999999998197 7.000000000020066 0
14.99999999998262 8.000000000022906 0
14.99999999998326 9.000000000025334 0
14.99999999998391 10.00000000002772 0
14.99999999998455 11.0000000000301 0
14.99999999998519 12.00000000003248 0
14.99999999998584 13.00000000003487 0
14.99999999998649 14.00000000003725 0
14.99999999998713 15.00000000003963 0
14.99999999998777 16.00000000004201 0
14.99999999998842 17.00000000004439 0
14.99999999998906 18.00000000004361 0
14.99999999998971 19.00000000003965 0
14.99999999999035 20.00000000003569 0
14.999999999991 21.00000000003173 0
14.99999999999164 22.00000000002777 0
14.99999999999228 23.00000000002381 0
14.99999999999293 24.00000000001985 0
14.99999999999357 25.00000000001589 0
14.99999999999422 26.00000000001193 0
14.99999999999486 27.00000000000797 0
14.9999999999955 28.00000000000403 0
14.99999999999615 29.00000000000006 0
14.9999999999968 29.99999999999611 0
14.99999999999743 30.99999999999215 0
14.99999999999808 31.99999999998822 0
14.99999999999873 32.99999999999142 0
14.99999999999937 33.99999999999571 0
15.99999999997527 1.000000000002823 0
15.999999999976 2.000000000005593 0
15.99999999997672 3.000000000008356 0
15.99999999997745 4.000000000011122 0
15.99999999997818 5.000000000013888 0
15.99999999997891 6.000000000016654 0
15.99999999997963 7.000000000019424 0
15.99999999998037 8.000000000022174 0
15.99999999998109 9.00000000002448 0
15.99999999998182 10.00000000002674 0
15.99999999998255 11.000000000029 0
15.99999999998328 12.00000000003126 0
15.999999999984 13.00000000003352 0
15.99999999998473 14.00000000003578 0
15.99999999998546 15.00000000003803 0
15.99999999998619 16.00000000004029 0
15.99999999998691 17.00000000004254 0
15.99999999998764 18.00000000004176 0
15.99999999998837 19.00000000003794 0
15.9999999999891 20.00000000003411 0
15.99999999998982 21.00000000003028 0
15.99999999999055 22.00000000002645 0
15.99999999999128 23.00000000002262 0
15.99999999999201 24.00000000001879 0
15.99999999999274 25.00000000001496 0
15.99999999999346 26.00000000001113 0
15.99999999999419 27.0000000000073 0
15.99999999999492 28.00000000000347 0
15.99999999999565 28.99999999999964 0
15.99999999999638 29.99999999999582 0
15.9999999999971 30.999999999992 0
15.99999999999783 31.9999999999882 0
15.99999999999856 32.99999999999142 0
15.99999999999929 33.99999999999569 0
16.99999999997242 1.000000000002734 0
16.99999999997324 2.000000000005413 0
16.99999999997405 3.000000000008082 0
16.99999999997486 4.000000000010759 0
16.99999999997567 5.000000000013433 0
16.99999999997648 6.000000000016105 0
16.99999999997729 7.000000000018785 0
16.9999999999781 8.000000000021439 0
16.99999999997892 9.000000000023626 0
16.99999999997973 10.00000000002576 0
16.99999999998054 11.0000000000279 0
16.99999999998135 12.00000000003003 0
16.99999999998217 13.00000000003217 0
16.99999999998298 14.0000000000343 0
16.99999999998379 15.00000000003643 0
16.9999999999846 16.00000000003857 0
16.99999999998541 17.0000000000407 0
16.99999999998622 18.00000000003992 0
16.99999999998703 19.00000000003622 0
16.99999999998784 20.00000000003252 0
16.99999999998866 21.00000000002883 0
16.99999999998946 22.00000000002512 0
16.99999999999028 23.00000000002143 0
16.99999999999109 24.00000000001772 0
16.9999999999919 25.00000000001403 0
16.99999999999271 26.00000000001032 0
16.99999999999352 27.00000000000663 0
16.99999999999433 28.00000000000293 0
16.99999999999514 28.99999999999924 0
16.99999999999595 29.99999999999554 0
16.99999999999677 30.99999999999184 0
16.99999999999758 31.99999999998817 0
16.99999999999839 32.99999999999142 0
16.9999999999992 33.99999999999569 0
17.99999999996959 1.000000000002645 0
17.99999999997049 2.000000000005232 0
17.99999999997138 3.000000000007811 0
17.99999999997228 4.000000000010394 0
17.99999999997317 5.000000000012975 0
17.99999999997406 6.000000000015557 0
17.99999999997495 7.000000000018145 0
17.99999999997586 8.000000000020703 0
17.99999999997675 9.000000000022768 0
17.99999999997764 10.00000000002478 0
17.99999999997854 11.00000000002679 0
17.99999999997944 12.0000000000288 0
17.99999999998033 13.00000000003082 0
17.99999999998122 14.00000000003283 0
17.99999999998212 15.00000000003483 0
17.99999999998302 16.00000000003684 0
17.99999999998391 17.00000000003886 0
17.9999999999848 18.00000000003808 0
17.9999999999857 19.00000000003451 0
17.99999999998659 20.00000000003094 0
17.99999999998749 21.00000000002737 0
17.99999999998838 22.0000000000238 0
17.99999999998928 23.00000000002023 0
17.99999999999017 24.00000000001666 0
17.99999999999107 25.00000000001309 0
17.99999999999196 26.00000000000952 0
17.99999999999286 27.00000000000595 0
17.99999999999375 28.00000000000239 0
17.99999999999464 28.99999999999882 0
17.99999999999554 29.99999999999526 0
17.99999999999643 30.99999999999169 0
17.99999999999733 31.99999999998815 0
17.99999999999822 32.9999999999914 0
17.99999999999912 33.99999999999569 0
18.99999999996675 1.000000000002556 0
18.99999999996774 2.000000000005052 0
18.99999999996871 3.000000000007537 0
18.99999999996969 4.000000000010028 0
18.99999999997067 5.000000000012517 0
18.99999999997165 6.000000000015008 0
18.99999999997262 7.000000000017502 0
18.9999999999736 8.000000000019972 0
18.99999999997458 9.000000000021917 0
18.99999999997556 10.00000000002381 0
18.99999999997654 11.00000000002569 0
18.99999999997751 12.00000000002757 0
18.9999999999785 13.00000000002947 0
18.99999999997947 14.00000000003135 0
18.99999999998045 15.00000000003324 0
18.99999999998143 16.00000000003512 0
18.9999999999824 17.00000000003701 0
18.99999999998338 18.00000000003623 0
18.99999999998437 19.0000000000328 0
18.99999999998534 20.00000000002936 0
18.99999999998632 21.00000000002591 0
18.99999999998729 22.00000000002248 0
18.99999999998828 23.00000000001904 0
18.99999999998925 24.0000000000156 0
18.99999999999023 25.00000000001216 0
18.99999999999121 26.00000000000871 0
18.99999999999219 27.00000000000528 0
18.99999999999317 28.00000000000184 0
18.99999999999415 28.9999999999984 0
18.99999999999512 29.99999999999497 0
18.9999999999961 30.99999999999153 0
18.99999999999708 31.99999999998812 0
18.99999999999806 32.99999999999139 0
18.99999999999904 33.99999999999569 0
19.99999999996391 1.000000000002468 0
19.99999999996498 2.000000000004872 0
19.99999999996604 3.000000000007265 0
19.9999999999671 4.000000000009664 0
19.99999999996817 5.000000000012062 0
19.99999999996923 6.00000000001446 0
19.99999999997029 7.000000000016861 0
19.99999999997135 8.000000000019234 0
19.99999999997241 9.000000000021059 0
19.99999999997347 10.00000000002282 0
19.99999999997453 11.00000000002458 0
19.9999999999756 12.00000000002635 0
19.99999999997666 13.00000000002812 0
19.99999999997772 14.00000000002988 0
19.99999999997878 15.00000000003164 0
19.99999999997984 16.0000000000334 0
19.99999999998091 17.00000000003517 0
19.99999999998197 18.00000000003439 0
19.99999999998303 19.00000000003108 0
19.99999999998409 20.00000000002777 0
19.99999999998515 21.00000000002446 0
19.99999999998621 22.00000000002116 0
19.99999999998727 23.00000000001785 0
19.99999999998833 24.00000000001453 0
19.9999999999894 25.00000000001122 0
19.99999999999046 26.00000000000791 0
19.99999999999152 27.0000000000046 0
19.99999999999258 28.00000000000129 0
19.99999999999364 28.99999999999799 0
19.99999999999471 29.99999999999469 0
19.99999999999577 30.99999999999138 0
19.99999999999683 31.9999999999881 0
19.99999999999789 32.99999999999139 0
19.99999999999896 33.99999999999569 0
20.99999999996107 1.000000000002379 0
20.99999999996222 2.00000000000469 0
20.99999999996336 3.000000000006992 0
20.99999999996451 4.0000000000093 0
20.99999999996566 5.000000000011605 0
20.9999999999668 6.000000000013909 0
20.99999999996795 7.00000000001622 0
20.9999999999691 8.000000000018503 0
20.99999999997024 9.000000000020204 0
20.99999999997138 10.00000000002185 0
20.99999999997253 11.00000000002348 0
20.99999999997367 12.00000000002512 0
20.99999999997482 13.00000000002677 0
20.99999999997597 14.00000000002841 0
20.99999999997711 15.00000000003004 0
20.99999999997826 16.00000000003168 0
20.9999999999794 17.00000000003332 0
20.99999999998055 18.00000000003255 0
20.9999999999817 19.00000000002937 0
20.99999999998284 20.0000000000262 0
20.99999999998398 21.00000000002301 0
20.99999999998512 22.00000000001983 0
20.99999999998627 23.00000000001665 0
20.99999999998742 24.00000000001347 0
20.99999999998856 25.00000000001029 0
20.99999999998971 26.00000000000711 0
20.99999999999085 27.00000000000393 0
20.999999999992 28.00000000000075 0
20.99999999999314 28.99999999999757 0
20.99999999999429 29.9999999999944 0
20.99999999999543 30.99999999999122 0
20.99999999999658 31.99999999998807 0
20.99999999999773 32.99999999999139 0
20.99999999999887 33.99999999999569 0
21.99999999995824 1.00000000000229 0
21.99999999995947 2.00000000000451 0
21.9999999999607 3.00000000000672 0
21.99999999996193 4.000000000008934 0
21.99999999996317 5.000000000011148 0
21.99999999996438 6.000000000013362 0
21.99999999996562 7.000000000015579 0
21.99999999996685 8.000000000017769 0
21.99999999996807 9.00000000001935 0
21.9999999999693 10.00000000002087 0
21.99999999997053 11.00000000002238 0
21.99999999997176 12.0000000000239 0
21.99999999997299 13.00000000002542 0
21.99999999997422 14.00000000002693 0
21.99999999997545 15.00000000002844 0
21.99999999997667 16.00000000002996 0
21.9999999999779 17.00000000003147 0
21.99999999997913 18.0000000000307 0
21.99999999998036 19.00000000002765 0
21.99999999998159 20.00000000002461 0
21.99999999998282 21.00000000002156 0
21.99999999998404 22.00000000001851 0
21.99999999998527 23.00000000001546 0
21.9999999999865 24.0000000000124 0
21.99999999998773 25.00000000000936 0
21.99999999998897 26.0000000000063 0
21.99999999999019 27.00000000000325 0
21.99999999999141 28.00000000000021 0
21.99999999999265 28.99999999999716 0
21.99999999999387 29.99999999999411 0
21.99999999999511 30.99999999999106 0
21.99999999999633 31.99999999998804 0
21.99999999999757 32.99999999999139 0
21.99999999999879 33.9999999999957 0
22.9999999999554 1.000000000002202 0
22.99999999995672 2.00000000000433 0
22.99999999995802 3.000000000006446 0
22.99999999995934 4.00000000000857 0
22.99999999996066 5.000000000010691 0
22.99999999996196 6.000000000012811 0
22.99999999996328 7.000000000014938 0
22.99999999996459 8.000000000017032 0
22.9999999999659 9.000000000018499 0
22.99999999996722 10.00000000001989 0
22.99999999996852 11.00000000002128 0
22.99999999996983 12.00000000002267 0
22.99999999997114 13.00000000002406 0
22.99999999997246 14.00000000002546 0
22.99999999997377 15.00000000002685 0
22.99999999997509 16.00000000002824 0
22.9999999999764 17.00000000002963 0
22.99999999997771 18.00000000002887 0
22.99999999997902 19.00000000002595 0
22.99999999998033 20.00000000002303 0
22.99999999998165 21.0000000000201 0
22.99999999998296 22.00000000001719 0
22.99999999998427 23.00000000001426 0
22.99999999998558 24.00000000001135 0
22.99999999998689 25.00000000000843 0
22.9999999999882 26.0000000000055 0
22.99999999998952 27.00000000000259 0
22.99999999999083 27.99999999999967 0
22.99999999999215 28.99999999999675 0
22.99999999999345 29.99999999999383 0
22.99999999999477 30.99999999999091 0
22.99999999999607 31.99999999998801 0
22.9999999999974 32.99999999999137 0
22.99999999999871 33.99999999999568 0
23.99999999995257 1.000000000002113 0
23.99999999995396 2.000000000004148 0
23.99999999995536 3.000000000006175 0
23.99999999995676 4.000000000008205 0
23.99999999995815 5.000000000010233 0
23.99999999995955 6.000000000012264 0
23.99999999996095 7.000000000014298 0
23.99999999996233 8.000000000016298 0
23.99999999996374 9.000000000017637 0
23.99999999996513 10.00000000001891 0
23.99999999996653 11.00000000002018 0
23.99999999996792 12.00000000002145 0
23.99999999996931 13.00000000002272 0
23.99999999997072 14.00000000002398 0
23.9999999999721 15.00000000002525 0
23.9999999999735 16.00000000002652 0
23.9999999999749 17.00000000002778 0
23.99999999997629 18.00000000002703 0
23.99999999997769 19.00000000002423 0
23.99999999997909 20.00000000002144 0
23.99999999998048 21.00000000001865 0
23.99999999998188 22.00000000001586 0
23.99999999998327 23.00000000001307 0
23.99999999998467 24.00000000001028 0
23.99999999998606 25.00000000000749 0
23.99999999998746 26.0000000000047 0
23.99999999998887 27.0000000000019 0
23.99999999999025 27.99999999999912 0
23.99999999999165 28.99999999999633 0
23.99999999999304 29.99999999999354 0
23.99999999999444 30.99999999999076 0
23.99999999999584 31.99999999998799 0
23.99999999999723 32.99999999999136 0
23.99999999999863 33.99999999999568 0
24.99999999994973 1.000000000002024 0
24.99999999995121 2.000000000003967 0
24.99999999995269 3.000000000005901 0
24.99999999995417 4.00000000000784 0
24.99999999995565 5.000000000009778 0
24.99999999995713 6.000000000011713 0
24.99999999995861 7.000000000013655 0
24.9999999999601 8.000000000015568 0
24.99999999996157 9.000000000016787 0
24.99999999996304 10.00000000001793 0
24.99999999996453 11.00000000001907 0
24.999999999966 12.00000000002022 0
24.99999999996748 13.00000000002137 0
24.99999999996896 14.00000000002251 0
24.99999999997043 15.00000000002365 0
24.99999999997192 16.00000000002479 0
24.99999999997339 17.00000000002594 0
24.99999999997488 18.00000000002517 0
24.99999999997635 19.00000000002252 0
24.99999999997784 20.00000000001986 0
24.99999999997931 21.0000000000172 0
24.99999999998079 22.00000000001454 0
24.99999999998227 23.00000000001188 0
24.99999999998375 24.00000000000922 0
24.99999999998522 25.00000000000655 0
24.9999999999867 26.00000000000389 0
24.99999999998818 27.00000000000124 0
24.99999999998966 27.99999999999857 0
24.99999999999115 28.99999999999591 0
24.99999999999261 29.99999999999326 0
24.9999999999941 30.9999999999906 0
24.99999999999558 31.99999999998796 0
24.99999999999706 32.99999999999136 0
24.99999999999854 33.99999999999569 0
25.9999999999469 1.000000000001936 0
25.99999999994845 2.000000000003788 0
25.99999999995003 3.000000000005629 0
25.99999999995158 4.000000000007476 0
25.99999999995315 5.00000000000932 0
25.9999999999547 6.000000000011164 0
25.99999999995627 7.000000000013016 0
25.99999999995784 8.000000000014831 0
25.99999999995939 9.000000000015932 0
25.99999999996096 10.00000000001696 0
25.99999999996251 11.00000000001797 0
25.99999999996408 12.00000000001899 0
25.99999999996565 13.00000000002002 0
25.99999999996721 14.00000000002104 0
25.99999999996878 15.00000000002205 0
25.99999999997034 16.00000000002307 0
25.99999999997189 17.00000000002409 0
25.99999999997346 18.00000000002334 0
25.99999999997503 19.0000000000208 0
25.99999999997658 20.00000000001828 0
25.99999999997815 21.00000000001575 0
25.9999999999797 22.00000000001322 0
25.99999999998127 23.00000000001069 0
25.99999999998283 24.00000000000815 0
25.9999999999844 25.00000000000562 0
25.99999999998595 26.00000000000309 0
25.99999999998752 27.00000000000056 0
25.99999999998908 27.99999999999804 0
25.99999999999065 28.99999999999551 0
25.99999999999221 29.99999999999298 0
25.99999999999377 30.99999999999044 0
25.99999999999534 31.99999999998794 0
25.9999999999969 32.99999999999136 0
25.99999999999846 33.99999999999568 0
26.99999999994406 1.000000000001847 0
26.9999999999457 2.000000000003606 0
26.99999999994735 3.000000000005356 0
26.999999999949 4.000000000007112 0
26.99999999995064 5.000000000008864 0
26.9999999999523 6.000000000010616 0
26.99999999995394 7.000000000012374 0
26.99999999995559 8.000000000014095 0
26.99999999995723 9.000000000015079 0
26.99999999995887 10.00000000001597 0
26.99999999996052 11.00000000001687 0
26.99999999996217 12.00000000001776 0
26.9999999999638 13.00000000001867 0
26.99999999996546 14.00000000001956 0
26.9999999999671 15.00000000002046 0
26.99999999996876 16.00000000002135 0
26.99999999997039 17.00000000002225 0
26.99999999997204 18.00000000002149 0
26.99999999997369 19.0000000000191 0
26.99999999997533 20.0000000000167 0
26.99999999997698 21.0000000000143 0
26.99999999997863 22.00000000001189 0
26.99999999998027 23.00000000000949 0
26.99999999998191 24.00000000000709 0
26.99999999998356 25.00000000000468 0
26.99999999998521 26.00000000000229 0
26.99999999998685 26.99999999999989 0
26.9999999999885 27.99999999999748 0
26.99999999999014 28.99999999999508 0
26.99999999999179 29.99999999999269 0
26.99999999999344 30.99999999999029 0
26.99999999999509 31.99999999998791 0
26.99999999999674 32.99999999999136 0
26.99999999999837 33.99999999999567 0
27.99999999994123 1.000000000001758 0
27.99999999994296 2.000000000003425 0
27.99999999994468 3.000000000005083 0
27.99999999994642 4.000000000006745 0
27.99999999994814 5.000000000008406 0
27.99999999994987 6.000000000010068 0
27.9999999999516 7.000000000011733 0
27.99999999995333 8.000000000013364 0
27.99999999995506 9.000000000014218 0
27.99999999995679 10.00000000001499 0
27.99999999995851 11.00000000001577 0
27.99999999996025 12.00000000001654 0
27.99999999996198 13.00000000001732 0
27.99999999996371 14.00000000001809 0
27.99999999996544 15.00000000001886 0
27.99999999996717 16.00000000001963 0
27.9999999999689 17.0000000000204 0
27.99999999997063 18.00000000001965 0
27.99999999997235 19.00000000001738 0
27.99999999997409 20.00000000001511 0
27.99999999997581 21.00000000001284 0
27.99999999997754 22.00000000001057 0
27.99999999997928 23.0000000000083 0
27.999999999981 24.00000000000602 0
27.99999999998273 25.00000000000375 0
27.99999999998447 26.00000000000149 0
27.99999999998619 26.99999999999922 0
27.99999999998792 27.99999999999694 0
27.99999999998965 28.99999999999467 0
27.99999999999138 29.9999999999924 0
27.99999999999311 30.99999999999014 0
27.99999999999484 31.99999999998789 0
27.99999999999656 32.99999999999134 0
27.99999999999829 33.99999999999567 0
28.99999999993839 1.00000000000167 0
28.99999999994021 2.000000000003246 0
28.99999999994201 3.00000000000481 0
28.99999999994382 4.000000000006379 0
28.99999999994564 5.000000000007948 0
28.99999999994746 6.000000000009517 0
28.99999999994927 7.00000000001109 0
28.99999999995107 8.000000000012625 0
28.99999999995289 9.000000000013367 0
28.99999999995471 10.00000000001402 0
28.99999999995652 11.00000000001467 0
28.99999999995833 12.00000000001532 0
28.99999999996014 13.00000000001596 0
28.99999999996196 14.00000000001661 0
28.99999999996376 15.00000000001726 0
28.99999999996558 16.00000000001791 0
28.9999999999674 17.00000000001856 0
28.99999999996921 18.00000000001781 0
28.99999999997102 19.00000000001567 0
28.99999999997283 20.00000000001353 0
28.99999999997464 21.00000000001139 0
28.99999999997645 22.00000000000925 0
28.99999999997827 23.00000000000711 0
28.99999999998008 24.00000000000496 0
28.9999999999819 25.00000000000282 0
28.99999999998371 26.00000000000068 0
28.99999999998552 26.99999999999854 0
28.99999999998734 27.9999999999964 0
28.99999999998914 28.99999999999426 0
28.99999999999096 29.99999999999212 0
28.99999999999277 30.99999999998998 0
28.99999999999459 31.99999999998787 0
28.99999999999639 32.99999999999133 0
28.99999999999821 33.99999999999567 0
29.99999999993555 1.000000000001581 0
29.99999999993745 2.000000000003064 0
29.99999999993935 3.000000000004538 0
29.99999999994124 4.000000000006017 0
29.99999999994314 5.000000000007494 0
29.99999999994503 6.00000000000897 0
29.99999999994693 7.000000000010449 0
29.99999999994883 8.000000000011893 0
29.99999999995072 9.000000000012513 0
29.99999999995262 10.00000000001304 0
29.99999999995451 11.00000000001356 0
29.99999999995641 12.00000000001408 0
29.99999999995831 13.00000000001462 0
29.9999999999602 14.00000000001514 0
29.9999999999621 15.00000000001566 0
29.999999999964 16.00000000001619 0
29.9999999999659 17.00000000001671 0
29.99999999996779 18.00000000001597 0
29.99999999996969 19.00000000001395 0
29.99999999997159 20.00000000001195 0
29.99999999997348 21.00000000000993 0
29.99999999997537 22.00000000000793 0
29.99999999997727 23.00000000000591 0
29.99999999997917 24.0000000000039 0
29.99999999998106 25.00000000000188 0
29.99999999998296 25.99999999999987 0
29.99999999998486 26.99999999999787 0
29.99999999998676 27.99999999999586 0
29.99999999998865 28.99999999999385 0
29.99999999999054 29.99999999999184 0
29.99999999999245 30.99999999998982 0
29.99999999999434 31.99999999998784 0
29.99999999999624 32.99999999999133 0
29.99999999999813 33.99999999999567 0
30.99999999993272 1.000000000001492 0
30.9999999999347 2.000000000002883 0
30.99999999993668 3.000000000004265 0
30.99999999993865 4.000000000005651 0
30.99999999994063 5.000000000007036 0
30.99999999994261 6.000000000008419 0
30.9999999999446 7.000000000009809 0
30.99999999994657 8.000000000011161 0
30.99999999994855 9.000000000011655 0
30.99999999995054 10.00000000001206 0
30.99999999995251 11.00000000001246 0
30.99999999995449 12.00000000001286 0
30.99999999995647 13.00000000001326 0
30.99999999995845 14.00000000001366 0
30.99999999996043 15.00000000001406 0
30.99999999996241 16.00000000001446 0
30.99999999996439 17.00000000001486 0
30.99999999996637 18.00000000001413 0
30.99999999996835 19.00000000001225 0
30.99999999997032 20.00000000001036 0
30.99999999997231 21.00000000000848 0
30.99999999997429 22.0000000000066 0
30.99999999997627 23.00000000000472 0
30.99999999997825 24.00000000000284 0
30.99999999998023 25.00000000000095 0
30.9999999999822 25.99999999999907 0
30.99999999998419 26.99999999999719 0
30.99999999998617 27.99999999999531 0
30.99999999998814 28.99999999999343 0
30.99999999999012 29.99999999999155 0
30.99999999999211 30.99999999998967 0
30.99999999999408 31.99999999998781 0
30.99999999999606 32.99999999999133 0
30.99999999999805 33.99999999999567 0
31.99999999993015 1.000000000001404 0
31.99999999993221 2.000000000002703 0
31.99999999993426 3.000000000003993 0
31.99999999993632 4.000000000005286 0
31.99999999993836 5.00000000000658 0
31.99999999994043 6.000000000007872 0
31.99999999994248 7.000000000009168 0
31.99999999994454 8.000000000010422 0
31.99999999994659 9.000000000010802 0
31.99999999994864 10.00000000001108 0
31.9999999999507 11.00000000001136 0
31.99999999995275 12.00000000001163 0
31.99999999995482 13.00000000001191 0
31.99999999995687 14.00000000001219 0
31.99999999995892 15.00000000001246 0
31.99999999996098 16.00000000001274 0
31.99999999996303 17.00000000001302 0
31.99999999996509 18.00000000001229 0
31.99999999996714 19.00000000001053 0
31.9999999999692 20.00000000000879 0
31.99999999997125 21.00000000000703 0
31.9999999999733 22.00000000000528 0
31.99999999997536 23.00000000000352 0
31.99999999997742 24.00000000000177 0
31.99999999997947 25.00000000000002 0
31.99999999998153 25.99999999999827 0
31.99999999998359 26.99999999999652 0
31.99999999998564 27.99999999999477 0
31.9999999999877 28.99999999999302 0
31.99999999998975 29.99999999999126 0
31.9999999999918 30.99999999998951 0
31.99999999999386 31.99999999998779 0
31.99999999999593 32.99999999999132 0
31.99999999999797 33.99999999999567 0
32.99999999993056 1.000000000001315 0
32.99999999993259 2.000000000002522 0
32.99999999993464 3.00000000000372 0
32.99999999993668 4.000000000004922 0
32.99999999993873 5.000000000006122 0
32.99999999994076 6.000000000007321 0
32.99999999994281 7.000000000008527 0
32.99999999994485 8.00000000000969 0
32.9999999999469 9.000000000009951 0
32.99999999994893 10.0000000000101 0
32.99999999995097 11.00000000001025 0
32.99999999995304 12.0000000000104 0
32.99999999995507 13.00000000001056 0
32.99999999995712 14.00000000001071 0
32.99999999995916 15.00000000001087 0
32.9999999999612 16.00000000001102 0
32.99999999996325 17.00000000001117 0
32.99999999996529 18.00000000001044 0
32.99999999996732 19.00000000000882 0
32.99999999996937 20.0000000000072 0
32.99999999997141 21.00000000000558 0
32.99999999997347 22.00000000000395 0
32.99999999997551 23.00000000000233 0
32.99999999997755 24.00000000000071 0
32.99999999997959 24.99999999999908 0
32.99999999998163 25.99999999999746 0
32.99999999998369 26.99999999999584 0
32.99999999998573 27.99999999999422 0
32.99999999998777 28.9999999999926 0
32.9999999999898 29.99999999999098 0
32.99999999999185 30.99999999998936 0
32.9999999999939 31.99999999998776 0
32.99999999999594 32.99999999999132 0
32.999999999998 33.99999999999567 0
33.99999999993202 1.000000000001226 0
33.99999999993402 2.000000000002342 0
33.99999999993601 3.000000000003447 0
33.99999999993801 4.000000000004557 0
33.99999999994002 5.000000000005665 0
33.99999999994201 6.000000000006775 0
33.99999999994403 7.000000000007885 0
33.99999999994602 8.000000000008956 0
33.99999999994802 9.00000000000909 0
33.99999999995003 10.00000000000913 0
33.99999999995203 11.00000000000915 0
33.99999999995401 12.00000000000918 0
33.99999999995602 13.00000000000921 0
33.99999999995801 14.00000000000924 0
33.99999999996001 15.00000000000927 0
33.99999999996202 16.0000000000093 0
33.99999999996402 17.00000000000934 0
33.99999999996603 18.00000000000859 0
33.99999999996801 19.00000000000711 0
33.99999999997002 20.00000000000562 0
33.99999999997203 21.00000000000412 0
33.99999999997403 22.00000000000263 0
33.99999999997601 23.00000000000114 0
33.99999999997802 23.99999999999964 0
33.99999999998002 24.99999999999815 0
33.99999999998202 25.99999999999666 0
33.99999999998402 26.99999999999517 0
33.99999999998602 27.99999999999368 0
33.99999999998803 28.99999999999218 0
33.99999999999001 29.99999999999069 0
33.99999999999202 30.9999999999892 0
33.99999999999402 31.99999999998773 0
33.99999999999601 32.9999999999913 0
33.99999999999803 33.99999999999565 0
34.9999999999335 1.000000000001137 0
34.99999999993545 2.000000000002161 0
34.99999999993742 3.000000000003174 0
34.99999999993938 4.00000000000419 0
34.99999999994134 5.000000000005208 0
34.99999999994329 6.000000000006224 0
34.99999999994525 7.000000000007246 0
34.9999999999472 8.000000000008219 0
34.99999999994914 9.000000000008237 0
34.99999999995111 10.00000000000814 0
34.99999999995307 11.00000000000805 0
34.99999999995503 12.00000000000795 0
34.99999999995699 13.00000000000786 0
34.99999999995894 14.00000000000777 0
34.9999999999609 15.00000000000767 0
34.99999999996285 16.00000000000758 0
34.99999999996481 17.00000000000749 0
34.99999999996677 18.00000000000676 0
34.99999999996873 19.00000000000539 0
34.99999999997069 20.00000000000403 0
34.99999999997264 21.00000000000267 0
34.99999999997458 22.00000000000131 0
34.99999999997654 22.99999999999994 0
34.99999999997851 23.99999999999859 0
34.99999999998047 24.99999999999721 0
34.99999999998243 25.99999999999586 0
34.99999999998437 26.9999999999945 0
34.99999999998632 27.99999999999314 0
34.9999999999883 28.99999999999177 0
34.99999999999024 29.99999999999041 0
34.99999999999221 30.99999999998905 0
34.99999999999417 31.99999999998771 0
34.99999999999611 32.9999999999913 0
34.99999999999807 33.99999999999565 0
35.99999999993496 1.000000000001048 0
35.99999999993689 2.000000000001981 0
35.9999999999388 3.000000000002902 0
35.99999999994073 4.000000000003827 0
35.99999999994262 5.000000000004752 0
35.99999999994456 6.000000000005677 0
35.99999999994645 7.000000000006603 0
35.99999999994837 8.000000000007487 0
35.99999999995028 9.000000000007386 0
35.99999999995218 10.00000000000717 0
35.9999999999541 11.00000000000695 0
35.99999999995602 12.00000000000673 0
35.99999999995794 13.00000000000651 0
35.99999999995984 14.0000000000063 0
35.99999999996176 15.00000000000607 0
35.99999999996367 16.00000000000585 0
35.99999999996558 17.00000000000564 0
35.9999999999675 18.00000000000491 0
35.99999999996942 19.00000000000368 0
35.99999999997132 20.00000000000245 0
35.99999999997323 21.00000000000122 0
35.99999999997515 21.99999999999999 0
35.99999999997707 22.99999999999875 0
35.99999999997897 23.99999999999752 0
35.99999999998089 24.99999999999629 0
35.9999999999828 25.99999999999505 0
35.99999999998471 26.99999999999382 0
35.99999999998662 27.99999999999259 0
35.99999999998855 28.99999999999136 0
35.99999999999046 29.99999999999012 0
35.99999999999237 30.99999999998889 0
35.99999999999428 31.99999999998769 0
35.9999999999962 32.9999999999913 0
35.9999999999981 33.99999999999564 0
36.99999999993646 1.00000000000096 0
36.99999999993835 2.0000000000018 0
36.99999999994019 3.000000000002629 0
36.99999999994208 4.000000000003463 0
36.99999999994393 5.000000000004294 0
36.99999999994581 6.000000000005126 0
36.99999999994768 7.000000000005963 0
36.99999999994954 8.000000000006755 0
36.99999999995142 9.000000000006528 0
36.9999999999533 10.00000000000619 0
36.99999999995516 11.00000000000584 0
36.99999999995703 12.0000000000055 0
36.9999999999589 13.00000000000516 0
36.99999999996078 14.00000000000482 0
36.99999999996264 15.00000000000448 0
36.99999999996451 16.00000000000414 0
36.99999999996638 17.00000000000379 0
36.99999999996825 18.00000000000307 0
36.99999999997012 19.00000000000197 0
36.99999999997198 20.00000000000087 0
36.99999999997386 20.99999999999977 0
36.99999999997573 21.99999999999866 0
36.99999999997759 22.99999999999756 0
36.99999999997945 23.99999999999645 0
36.99999999998133 24.99999999999535 0
36.99999999998321 25.99999999999424 0
36.99999999998507 26.99999999999315 0
36.99999999998693 27.99999999999204 0
36.99999999998881 28.99999999999095 0
36.99999999999068 29.99999999998984 0
36.99999999999256 30.99999999998875 0
36.99999999999443 31.99999999998766 0
36.99999999999628 32.99999999999129 0
36.99999999999816 33.99999999999564 0
37.99999999993793 1.000000000000871 0
37.99999999993977 2.000000000001619 0
37.99999999994159 3.000000000002357 0
37.99999999994341 4.000000000003096 0
37.99999999994523 5.000000000003839 0
37.99999999994707 6.000000000004579 0
37.9999999999489 7.000000000005322 0
37.99999999995072 8.000000000006017 0
37.99999999995255 9.000000000005674 0
37.99999999995438 10.00000000000521 0
37.9999999999562 11.00000000000474 0
37.99999999995803 12.00000000000428 0
37.99999999995985 13.00000000000381 0
37.99999999996169 14.00000000000334 0
37.9999999999635 15.00000000000288 0
37.99999999996533 16.00000000000241 0
37.99999999996715 17.00000000000194 0
37.99999999996899 18.00000000000123 0
37.99999999997081 19.00000000000026 0
37.99999999997264 19.99999999999928 0
37.99999999997446 20.99999999999831 0
37.99999999997629 21.99999999999734 0
37.99999999997811 22.99999999999636 0
37.99999999997994 23.99999999999539 0
37.99999999998177 24.99999999999441 0
37.9999999999836 25.99999999999344 0
37.99999999998541 26.99999999999248 0
37.99999999998725 27.9999999999915 0
37.99999999998906 28.99999999999053 0
37.99999999999091 29.99999999998956 0
37.99999999999272 30.99999999998859 0
37.99999999999455 31.99999999998764 0
37.99999999999638 32.99999999999129 0
37.99999999999821 33.99999999999564 0
38.99999999993941 1.000000000000783 0
38.9999999999412 2.000000000001439 0
38.99999999994298 3.000000000002084 0
38.99999999994477 4.000000000002733 0
38.99999999994655 5.00000000000338 0
38.99999999994834 6.000000000004028 0
38.99999999995011 7.000000000004681 0
38.99999999995189 8.000000000005285 0
38.99999999995367 9.000000000004819 0
38.99999999995546 10.00000000000423 0
38.99999999995725 11.00000000000364 0
38.99999999995904 12.00000000000305 0
38.99999999996081 13.00000000000246 0
38.99999999996259 14.00000000000188 0
38.99999999996437 15.00000000000128 0
38.99999999996614 16.00000000000069 0
38.99999999996795 17.0000000000001 0
38.99999999996972 17.99999999999938 0
38.9999999999715 18.99999999999854 0
38.99999999997329 19.9999999999977 0
38.99999999997507 20.99999999999686 0
38.99999999997686 21.99999999999602 0
38.99999999997865 22.99999999999517 0
38.99999999998041 23.99999999999433 0
38.99999999998219 24.99999999999349 0
38.99999999998399 25.99999999999264 0
38.99999999998577 26.9999999999918 0
38.99999999998754 27.99999999999096 0
38.99999999998933 28.99999999999012 0
38.99999999999113 29.99999999998927 0
38.99999999999291 30.99999999998843 0
38.99999999999468 31.99999999998761 0
38.99999999999647 32.99999999999127 0
38.99999999999824 33.99999999999564 0
39.99999999994089 1.000000000000694 0
39.99999999994262 2.000000000001258 0
39.99999999994438 3.000000000001812 0
39.99999999994612 4.000000000002369 0
39.99999999994784 5.000000000002925 0
39.99999999994959 6.000000000003482 0
39.99999999995133 7.000000000004039 0
39.99999999995307 8.000000000004553 0
39.99999999995481 9.000000000003965 0
39.99999999995654 10.00000000000325 0
39.99999999995828 11.00000000000254 0
39.99999999996002 12.00000000000182 0
39.99999999996177 13.00000000000111 0
39.9999999999635 14.0000000000004 0
39.99999999996525 14.99999999999968 0
39.99999999996699 15.99999999999897 0
39.99999999996871 16.99999999999826 0
39.99999999997046 17.99999999999754 0
39.9999999999722 18.99999999999683 0
39.99999999997394 19.99999999999612 0
39.99999999997568 20.9999999999954 0
39.99999999997742 21.9999999999947 0
39.99999999997916 22.99999999999397 0
39.99999999998089 23.99999999999326 0
39.99999999998264 24.99999999999255 0
39.99999999998438 25.99999999999184 0
39.99999999998611 26.99999999999113 0
39.99999999998786 27.99999999999041 0
39.9999999999896 28.9999999999897 0
39.99999999999134 29.99999999998899 0
39.99999999999307 30.99999999998828 0
39.99999999999481 31.99999999998759 0
39.99999999999654 32.99999999999127 0
39.99999999999829 33.99999999999564 0
40.99999999994236 1.000000000000605 0
40.99999999994407 2.000000000001077 0
40.99999999994576 3.000000000001538 0
40.99999999994746 4.000000000002003 0
40.99999999994916 5.000000000002466 0
40.99999999995084 6.000000000002931 0
40.99999999995254 7.000000000003398 0
40.99999999995424 8.000000000003814 0
40.99999999995593 9.000000000003109 0
40.99999999995762 10.00000000000228 0
40.99999999995933 11.00000000000144 0
40.99999999996103 12.0000000000006 0
40.99999999996272 12.99999999999976 0
40.9999999999644 13.99999999999893 0
40.99999999996611 14.99999999999809 0
40.99999999996781 15.99999999999725 0
40.9999999999695 16.99999999999642 0
40.99999999997119 17.9999999999957 0
40.99999999997289 18.99999999999512 0
40.99999999997459 19.99999999999453 0
40.99999999997628 20.99999999999395 0
40.99999999997797 21.99999999999337 0
40.99999999997968 22.99999999999278 0
40.99999999998137 23.99999999999221 0
40.99999999998306 24.99999999999161 0
40.99999999998477 25.99999999999103 0
40.99999999998646 26.99999999999045 0
40.99999999998816 27.99999999998987 0
40.99999999998985 28.99999999998929 0
40.99999999999154 29.9999999999887 0
40.99999999999326 30.99999999998812 0
40.99999999999494 31.99999999998756 0
40.99999999999663 32.99999999999127 0
40.99999999999834 33.99999999999564 0
41.99999999994384 1.000000000000516 0
41.99999999994551 2.000000000000898 0
41.99999999994714 3.000000000001266 0
41.9999999999488 4.000000000001636 0
41.99999999995045 5.000000000002013 0
41.9999999999521 6.000000000002384 0
41.99999999995377 7.000000000002757 0
41.99999999995542 8.000000000003082 0
41.99999999995707 9.000000000002256 0
41.99999999995872 10.0000000000013 0
41.99999999996037 11.00000000000033 0
41.99999999996201 11.99999999999937 0
41.99999999996367 12.99999999999841 0
41.99999999996534 13.99999999999745 0
41.99999999996699 14.99999999999649 0
41.99999999996863 15.99999999999553 0
41.99999999997028 16.99999999999457 0
41.99999999997194 17.99999999999385 0
41.99999999997359 18.99999999999341 0
41.99999999997524 19.99999999999295 0
41.9999999999769 20.9999999999925 0
41.99999999997856 21.99999999999204 0
41.9999999999802 22.99999999999159 0
41.99999999998185 23.99999999999114 0
41.99999999998352 24.99999999999068 0
41.99999999998516 25.99999999999023 0
41.99999999998681 26.99999999998978 0
41.99999999998845 27.99999999998933 0
41.99999999999012 28.99999999998887 0
41.99999999999176 29.99999999998842 0
41.99999999999343 30.99999999998796 0
41.99999999999508 31.99999999998753 0
41.99999999999672 32.99999999999126 0
41.99999999999838 33.99999999999564 0
42.99999999994533 1.000000000000427 0
42.99999999994694 2.000000000000716 0
42.99999999994855 3.000000000000993 0
42.99999999995016 4.000000000001275 0
42.99999999995177 5.000000000001554 0
42.99999999995337 6.000000000001832 0
42.99999999995499 7.000000000002116 0
42.9999999999566 8.00000000000235 0
42.99999999995821 9.000000000001403 0
42.9999999999598 10.00000000000031 0
42.99999999996142 10.99999999999923 0
42.99999999996303 11.99999999999814 0
42.99999999996463 12.99999999999706 0
42.99999999996625 13.99999999999598 0
42.99999999996784 14.99999999999489 0
42.99999999996948 15.9999999999938 0
42.99999999997107 16.99999999999272 0
42.99999999997268 17.99999999999202 0
42.99999999997429 18.99999999999169 0
42.99999999997589 19.99999999999137 0
42.99999999997751 20.99999999999105 0
42.99999999997912 21.99999999999072 0
42.99999999998072 22.99999999999039 0
42.99999999998234 23.99999999999007 0
42.99999999998393 24.99999999998975 0
42.99999999998555 25.99999999998943 0
42.99999999998715 26.9999999999891 0
42.99999999998876 27.99999999998878 0
42.99999999999039 28.99999999998846 0
42.99999999999198 29.99999999998813 0
42.9999999999936 30.99999999998781 0
42.9999999999952 31.99999999998751 0
42.99999999999682 32.99999999999126 0
42.99999999999841 33.99999999999564 0
43.99999999994682 1.000000000000339 0
43.99999999994836 2.000000000000535 0
43.99999999994993 3.00000000000072 0
43.99999999995151 4.000000000000909 0
43.99999999995307 5.000000000001095 0
43.99999999995463 6.000000000001285 0
43.9999999999562 7.000000000001474 0
43.99999999995776 8.000000000001611 0
43.99999999995932 9.000000000000542 0
43.99999999996089 9.999999999999336 0
43.99999999996246 10.99999999999813 0
43.99999999996403 11.99999999999692 0
43.99999999996559 12.99999999999571 0
43.99999999996716 13.9999999999945 0
43.99999999996873 14.99999999999329 0
43.9999999999703 15.99999999999208 0
43.99999999997185 16.99999999999087 0
43.9999999999734 17.99999999999017 0
43.99999999997498 18.99999999998998 0
43.99999999997654 19.99999999998978 0
43.99999999997811 20.99999999998959 0
43.99999999997967 21.9999999999894 0
43.99999999998125 22.9999999999892 0
43.99999999998281 23.99999999998901 0
43.99999999998438 24.99999999998881 0
43.99999999998595 25.99999999998862 0
43.9999999999875 26.99999999998843 0
43.99999999998906 27.99999999998823 0
43.99999999999063 28.99999999998804 0
43.99999999999221 29.99999999998785 0
43.99999999999377 30.99999999998766 0
43.99999999999534 31.99999999998749 0
43.99999999999689 32.99999999999125 0
43.99999999999847 33.99999999999562 0
44.99999999994827 1.00000000000025 0
44.99999999994978 2.000000000000355 0
44.99999999995131 3.000000000000448 0
44.99999999995283 4.000000000000542 0
44.99999999995437 5.00000000000064 0
44.99999999995589 6.000000000000735 0
44.99999999995741 7.000000000000833 0
44.99999999995894 8.000000000000881 0
44.99999999996045 8.999999999999691 0
44.99999999996197 9.99999999999836 0
44.9999999999635 10.99999999999702 0
44.99999999996502 11.99999999999569 0
44.99999999996654 12.99999999999436 0
44.99999999996807 13.99999999999303 0
44.99999999996958 14.99999999999169 0
44.99999999997111 15.99999999999036 0
44.99999999997262 16.99999999998903 0
44.99999999997415 17.99999999998833 0
44.99999999997567 18.99999999998827 0
44.99999999997718 19.99999999998821 0
44.99999999997871 20.99999999998814 0
44.99999999998023 21.99999999998807 0
44.99999999998176 22.99999999998801 0
44.99999999998329 23.99999999998794 0
44.99999999998481 24.99999999998789 0
44.99999999998633 25.99999999998782 0
44.99999999998785 26.99999999998776 0
44.99999999998937 27.99999999998769 0
44.99999999999088 28.99999999998763 0
44.99999999999241 29.99999999998757 0
44.99999999999394 30.9999999999875 0
44.99999999999545 31.99999999998746 0
44.99999999999699 32.99999999999125 0
44.99999999999851 33.99999999999562 0
45.99999999994976 1.000000000000161 0
45.99999999995124 2.000000000000175 0
45.99999999995272 3.000000000000175 0
45.99999999995418 4.00000000000018 0
45.99999999995569 5.000000000000182 0
45.99999999995715 6.000000000000188 0
45.99999999995863 7.000000000000192 0
45.99999999996012 8.000000000000144 0
45.9999999999616 8.999999999998836 0
45.99999999996307 9.999999999997382 0
45.99999999996454 10.99999999999592 0
45.99999999996601 11.99999999999447 0
45.99999999996751 12.99999999999301 0
45.99999999996898 13.99999999999156 0
45.99999999997046 14.99999999999009 0
45.99999999997193 15.99999999998864 0
45.99999999997341 16.99999999998718 0
45.9999999999749 17.99999999998649 0
45.99999999997637 18.99999999998656 0
45.99999999997785 19.99999999998662 0
45.99999999997933 20.99999999998668 0
45.99999999998081 21.99999999998676 0
45.99999999998229 22.99999999998681 0
45.99999999998376 23.99999999998688 0
45.99999999998525 24.99999999998695 0
45.99999999998673 25.99999999998701 0
45.9999999999882 26.99999999998708 0
45.99999999998968 27.99999999998715 0
45.99999999999115 28.99999999998721 0
45.99999999999263 29.99999999998728 0
45.99999999999411 30.99999999998735 0
45.99999999999559 31.99999999998743 0
45.99999999999707 32.99999999999125 0
45.99999999999854 33.99999999999562 0
46.99999999995124 1.000000000000073 0
46.99999999995266 1.999999999999993 0
46.99999999995411 2.999999999999902 0
46.99999999995554 3.999999999999813 0
46.99999999995698 4.999999999999726 0
46.99999999995841 5.999999999999637 0
46.99999999995985 6.999999999999552 0
46.99999999996128 7.999999999999408 0
46.99999999996271 8.999999999997977 0
46.99999999996415 9.999999999996401 0
46.99999999996557 10.99999999999482 0
46.99999999996702 11.99999999999324 0
46.99999999996846 12.99999999999166 0
46.9999999999699 13.99999999999008 0
46.99999999997134 14.9999999999885 0
46.99999999997276 15.99999999998692 0
46.9999999999742 16.99999999998534 0
46.99999999997564 17.99999999998465 0
46.99999999997706 18.99999999998484 0
46.99999999997851 19.99999999998504 0
46.99999999997994 20.99999999998523 0
46.99999999998137 21.99999999998543 0
46.99999999998281 22.99999999998563 0
46.99999999998425 23.99999999998582 0
46.99999999998568 24.99999999998601 0
46.99999999998712 25.99999999998621 0
46.99999999998855 26.99999999998641 0
46.99999999998999 27.9999999999866 0
46.99999999999142 28.9999999999868 0
46.99999999999285 29.999999999987 0
46.99999999999429 30.9999999999872 0
46.99999999999572 31.9999999999874 0
46.99999999999716 32.99999999999123 0
46.9999999999986 33.99999999999561 0
47.99999999995271 0.9999999999999842 0
47.99999999995412 1.999999999999813 0
47.99999999995549 2.99999999999963 0
47.99999999995688 3.999999999999449 0
47.99999999995828 4.99999999999927 0
47.99999999995968 5.999999999999091 0
47.99999999996106 6.999999999998911 0
47.99999999996245 7.999999999998677 0
47.99999999996384 8.999999999997124 0
47.99999999996525 9.999999999995424 0
47.99999999996663 10.99999999999372 0
47.99999999996803 11.99999999999202 0
47.99999999996942 12.99999999999031 0
47.9999999999708 13.99999999998861 0
47.9999999999722 14.9999999999869 0
47.9999999999736 15.9999999999852 0
47.999999999975 16.99999999998349 0
47.99999999997638 17.9999999999828 0
47.99999999997777 18.99999999998313 0
47.99999999997916 19.99999999998347 0
47.99999999998055 20.99999999998378 0
47.99999999998194 21.99999999998411 0
47.99999999998333 22.99999999998443 0
47.99999999998473 23.99999999998476 0
47.99999999998612 24.99999999998507 0
47.99999999998752 25.99999999998541 0
47.9999999999889 26.99999999998573 0
47.99999999999029 27.99999999998606 0
47.99999999999169 28.99999999998639 0
47.99999999999309 29.99999999998671 0
47.99999999999447 30.99999999998704 0
47.99999999999587 31.99999999998738 0
47.99999999999724 32.99999999999123 0
47.99999999999864 33.99999999999561 0
48.99999999995419 0.9999999999998954 0
48.99999999995553 1.999999999999633 0
48.99999999995688 2.999999999999357 0
48.99999999995823 3.999999999999085 0
48.99999999995958 4.999999999998812 0
48.99999999996095 5.99999999999854 0
48.9999999999623 6.999999999998268 0
48.99999999996363 7.999999999997941 0
48.99999999996498 8.999999999996271 0
48.99999999996633 9.999999999994445 0
48.99999999996766 10.99999999999261 0
48.99999999996903 11.99999999999079 0
48.99999999997036 12.99999999998896 0
48.99999999997172 13.99999999998713 0
48.99999999997306 14.9999999999853 0
48.99999999997441 15.99999999998347 0
48.99999999997576 16.99999999998165 0
48.9999999999771 17.99999999998096 0
48.99999999997846 18.99999999998142 0
48.99999999997981 19.99999999998187 0
48.99999999998116 20.99999999998233 0
48.9999999999825 21.99999999998279 0
48.99999999998387 22.99999999998324 0
48.9999999999852 23.99999999998369 0
48.99999999998654 24.99999999998415 0
48.9999999999879 25.9999999999846 0
48.99999999998926 26.99999999998506 0
48.9999999999906 27.99999999998552 0
48.99999999999193 28.99999999998597 0
48.99999999999331 29.99999999998643 0
48.99999999999463 30.99999999998688 0
48.99999999999599 31.99999999998736 0
48.99999999999733 32.99999999999122 0
48.99999999999869 33.99999999999561 0
49.99999999995568 0.9999999999998066 0
49.99999999995697 1.999999999999452 0
49.99999999995828 2.999999999999084 0
49.99999999995959 3.99999999999872 0
49.99999999996088 4.999999999998356 0
49.99999999996218 5.999999999997993 0
49.99999999996349 6.999999999997629 0
49.99999999996481 7.999999999997206 0
49.99999999996611 8.999999999995415 0
49.99999999996741 9.999999999993467 0
49.99999999996871 10.99999999999151 0
49.99999999997002 11.99999999998956 0
49.99999999997133 12.99999999998761 0
49.99999999997262 13.99999999998566 0
49.99999999997394 14.9999999999837 0
49.99999999997524 15.99999999998175 0
49.99999999997655 16.99999999997981 0
49.99999999997785 17.99999999997912 0
49.99999999997915 18.99999999997971 0
49.99999999998045 19.99999999998029 0
49.99999999998175 20.99999999998088 0
49.99999999998307 21.99999999998146 0
49.99999999998437 22.99999999998204 0
49.99999999998568 23.99999999998263 0
49.99999999998698 24.99999999998321 0
49.9999999999883 25.9999999999838 0
49.99999999998959 26.99999999998438 0
49.9999999999909 27.99999999998497 0
49.99999999999221 28.99999999998556 0
49.99999999999351 29.99999999998615 0
49.9999999999948 30.99999999998673 0
49.99999999999611 31.99999999998733 0
49.99999999999742 32.99999999999122 0
49.99999999999873 33.99999999999561 0
50.99999999995713 0.9999999999997178 0
50.99999999995842 1.99999999999927 0
50.99999999995967 2.999999999998811 0
50.99999999996093 3.999999999998354 0
50.9999999999622 4.999999999997898 0
50.99999999996346 5.999999999997442 0
50.99999999996471 6.999999999996987 0
50.99999999996598 7.999999999996474 0
50.99999999996724 8.999999999994559 0
50.99999999996851 9.999999999992486 0
50.99999999996976 10.99999999999041 0
50.99999999997102 11.99999999998833 0
50.99999999997227 12.99999999998626 0
50.99999999997355 13.99999999998418 0
50.9999999999748 14.9999999999821 0
50.99999999997607 15.99999999998003 0
50.99999999997733 16.99999999997796 0
50.9999999999786 17.99999999997727 0
50.99999999997986 18.99999999997799 0
50.99999999998111 19.99999999997871 0
50.99999999998236 20.99999999997942 0
50.99999999998364 21.99999999998014 0
50.99999999998489 22.99999999998085 0
50.99999999998616 23.99999999998156 0
50.99999999998742 24.99999999998228 0
50.99999999998869 25.999999999983 0
50.99999999998995 26.99999999998371 0
50.9999999999912 27.99999999998442 0
50.99999999999247 28.99999999998514 0
50.99999999999373 29.99999999998585 0
50.99999999999498 30.99999999998657 0
50.99999999999625 31.9999999999873 0
50.99999999999751 32.99999999999122 0
50.99999999999877 33.99999999999561 0
51.99999999995862 0.9999999999996294 0
51.99999999995983 1.99999999999909 0
51.99999999996106 2.999999999998539 0
51.99999999996226 3.99999999999799 0
51.99999999996349 4.999999999997441 0
51.9999999999647 5.999999999996895 0
51.99999999996592 6.999999999996346 0
51.99999999996714 7.999999999995739 0
51.99999999996836 8.999999999993706 0
51.99999999996958 9.999999999991507 0
51.99999999997078 10.9999999999893 0
51.99999999997202 11.99999999998711 0
51.99999999997323 12.99999999998491 0
51.99999999997446 13.99999999998271 0
51.99999999997567 14.99999999998051 0
51.99999999997689 15.99999999997831 0
51.9999999999781 16.99999999997611 0
51.99999999997932 17.99999999997543 0
51.99999999998055 18.99999999997628 0
51.99999999998175 19.99999999997712 0
51.99999999998297 20.99999999997797 0
51.99999999998419 21.99999999997881 0
51.99999999998541 22.99999999997966 0
51.99999999998663 23.9999999999805 0
51.99999999998785 24.99999999998134 0
51.99999999998908 25.99999999998219 0
51.99999999999029 26.99999999998304 0
51.9999999999915 27.99999999998388 0
51.99999999999271 28.99999999998472 0
51.99999999999394 29.99999999998558 0
51.99999999999515 30.99999999998641 0
51.99999999999638 31.99999999998728 0
51.9999999999976 32.9999999999912 0
51.99999999999883 33.99999999999561 0
52.9999999999601 0.9999999999995406 0
52.99999999996128 1.99999999999891 0
52.99999999996245 2.999999999998266 0
52.99999999996363 3.999999999997626 0
52.99999999996479 4.999999999996985 0
52.99999999996597 5.999999999996343 0
52.99999999996714 6.999999999995705 0
52.99999999996834 7.999999999995005 0
52.9999999999695 8.99999999999285 0
52.99999999997068 9.99999999999053 0
52.99999999997185 10.9999999999882 0
52.99999999997302 11.99999999998588 0
52.9999999999742 12.99999999998356 0
52.99999999997536 13.99999999998123 0
52.99999999997655 14.99999999997891 0
52.99999999997773 15.99999999997659 0
52.99999999997889 16.99999999997426 0
52.99999999998008 17.99999999997359 0
52.99999999998124 18.99999999997456 0
52.99999999998241 19.99999999997555 0
52.9999999999836 20.99999999997652 0
52.99999999998477 21.99999999997749 0
52.99999999998595 22.99999999997846 0
52.99999999998712 23.99999999997944 0
52.99999999998829 24.99999999998041 0
52.99999999998947 25.99999999998138 0
52.99999999999065 26.99999999998236 0
52.99999999999181 27.99999999998334 0
52.99999999999299 28.99999999998431 0
52.99999999999417 29.99999999998528 0
52.99999999999534 30.99999999998627 0
52.99999999999652 31.99999999998725 0
52.9999999999977 32.9999999999912 0
52.99999999999886 33.99999999999561 0
53.99999999996157 0.9999999999994518 0
53.99999999996271 1.999999999998729 0
53.99999999996383 2.999999999997993 0
53.99999999996498 3.999999999997261 0
53.9999999999661 4.999999999996526 0
53.99999999996724 5.999999999995794 0
53.99999999996837 6.999999999995064 0
53.99999999996951 7.999999999994269 0
53.99999999997063 8.999999999991996 0
53.99999999997176 9.99999999998955 0
53.99999999997289 10.9999999999871 0
53.99999999997402 11.99999999998465 0
53.99999999997517 12.99999999998221 0
53.99999999997628 13.99999999997976 0
53.99999999997742 14.99999999997731 0
53.99999999997854 15.99999999997487 0
53.99999999997968 16.99999999997241 0
53.9999999999808 17.99999999997175 0
53.99999999998196 18.99999999997286 0
53.99999999998308 19.99999999997396 0
53.9999999999842 20.99999999997506 0
53.99999999998533 21.99999999997616 0
53.99999999998646 22.99999999997727 0
53.99999999998761 23.99999999997838 0
53.99999999998874 24.99999999997948 0
53.99999999998986 25.99999999998058 0
53.999999999991 26.99999999998169 0
53.99999999999213 27.99999999998279 0
53.99999999999326 28.9999999999839 0
53.99999999999438 29.99999999998501 0
53.99999999999552 30.99999999998611 0
53.99999999999665 31.99999999998722 0
53.99999999999779 32.99999999999119 0
53.9999999999989 33.99999999999559 0
54.99999999996307 0.9999999999993632 0
54.99999999996414 1.999999999998548 0
54.99999999996524 2.999999999997721 0
54.99999999996633 3.999999999996895 0
54.9999999999674 4.999999999996072 0
54.99999999996849 5.999999999995246 0
54.99999999996959 6.999999999994422 0
54.99999999997068 7.999999999993536 0
54.99999999997176 8.999999999991141 0
54.99999999997286 9.999999999988574 0
54.99999999997394 10.999999999986 0
54.99999999997502 11.99999999998343 0
54.99999999997613 12.99999999998086 0
54.99999999997721 13.99999999997829 0
54.99999999997829 14.99999999997571 0
54.99999999997938 15.99999999997315 0
54.99999999998047 16.99999999997057 0
54.99999999998155 17.99999999996991 0
54.99999999998263 18.99999999997114 0
54.99999999998373 19.99999999997238 0
54.99999999998481 20.99999999997361 0
54.99999999998592 21.99999999997484 0
54.999999999987 22.99999999997608 0
54.99999999998808 23.99999999997731 0
54.99999999998916 24.99999999997855 0
54.99999999999027 25.99999999997978 0
54.99999999999135 26.99999999998101 0
54.99999999999243 27.99999999998225 0
54.99999999999351 28.99999999998349 0
54.99999999999461 29.99999999998472 0
54.99999999999569 30.99999999998595 0
54.99999999999677 31.9999999999872 0
54.99999999999788 32.99999999999119 0
54.99999999999896 33.9999999999956 0
55.99999999996454 0.9999999999992744 0
55.9999999999656 1.999999999998368 0
55.99999999996662 2.999999999997448 0
55.99999999996766 3.999999999996531 0
55.99999999996871 4.999999999995613 0
55.99999999996976 5.999999999994697 0
55.9999999999708 6.999999999993781 0
55.99999999997185 7.999999999992802 0
55.99999999997289 8.999999999990289 0
55.99999999997394 9.999999999987596 0
55.99999999997497 10.9999999999849 0
55.99999999997603 11.9999999999822 0
55.99999999997708 12.99999999997951 0
55.99999999997812 13.99999999997681 0
55.99999999997917 14.99999999997412 0
55.9999999999802 15.99999999997142 0
55.99999999998126 16.99999999996873 0
55.99999999998229 17.99999999996806 0
55.99999999998334 18.99999999996943 0
55.99999999998437 19.9999999999708 0
55.99999999998542 20.99999999997215 0
55.99999999998647 21.99999999997353 0
55.99999999998749 22.99999999997489 0
55.99999999998855 23.99999999997624 0
55.9999999999896 24.99999999997761 0
55.99999999999064 25.99999999997898 0
55.99999999999169 26.99999999998034 0
55.99999999999272 27.9999999999817 0
55.99999999999378 28.99999999998307 0
55.99999999999483 29.99999999998444 0
55.99999999999586 30.9999999999858 0
55.9999999999969 31.99999999998717 0
55.99999999999796 32.99999999999119 0
55.99999999999901 33.99999999999559 0
56.999999999966 0.9999999999991855 0
56.99999999996701 1.999999999998187 0
56.99999999996803 2.999999999997176 0
56.99999999996899 3.999999999996166 0
56.99999999997002 4.999999999995158 0
56.99999999997101 5.999999999994149 0
56.99999999997202 6.999999999993141 0
56.99999999997303 7.999999999992067 0
56.99999999997402 8.999999999989429 0
56.99999999997502 9.999999999986615 0
56.99999999997603 10.99999999998379 0
56.99999999997701 11.99999999998097 0
56.99999999997801 12.99999999997816 0
56.99999999997902 13.99999999997534 0
56.99999999998003 14.99999999997252 0
56.99999999998103 15.9999999999697 0
56.99999999998202 16.99999999996689 0
56.99999999998303 17.99999999996622 0
56.99999999998403 18.99999999996771 0
56.99999999998503 19.99999999996921 0
56.99999999998602 20.9999999999707 0
56.99999999998703 21.9999999999722 0
56.99999999998802 22.99999999997369 0
56.99999999998902 23.99999999997519 0
56.99999999999003 24.99999999997667 0
56.99999999999102 25.99999999997817 0
56.99999999999203 26.99999999997966 0
56.99999999999302 27.99999999998116 0
56.99999999999403 28.99999999998266 0
56.99999999999504 29.99999999998415 0
56.99999999999603 30.99999999998564 0
56.99999999999703 31.99999999998714 0
56.99999999999802 32.99999999999117 0
56.99999999999904 33.99999999999558 0
57.9999999999675 0.9999999999990969 0
57.99999999996847 1.999999999998006 0
57.9999999999694 2.999999999996903 0
57.99999999997038 3.999999999995801 0
57.99999999997134 4.9999999999947 0
57.99999999997229 5.9999999999936 0
57.99999999997324 6.999999999992498 0
57.99999999997421 7.999999999991333 0
57.99999999997516 8.999999999988576 0
57.99999999997611 9.999999999985636 0
57.99999999997706 10.99999999998269 0
57.99999999997803 11.99999999997975 0
57.999999999979 12.99999999997681 0
57.99999999997992 13.99999999997386 0
57.99999999998089 14.99999999997092 0
57.99999999998185 15.99999999996798 0
57.99999999998282 16.99999999996504 0
57.99999999998377 17.99999999996438 0
57.99999999998472 18.99999999996601 0
57.99999999998568 19.99999999996763 0
57.99999999998664 20.99999999996925 0
57.99999999998759 21.99999999997088 0
57.99999999998856 22.9999999999725 0
57.99999999998951 23.99999999997412 0
57.99999999999046 24.99999999997574 0
57.99999999999143 25.99999999997736 0
57.9999999999924 26.999999999979 0
57.99999999999334 27.99999999998062 0
57.9999999999943 28.99999999998224 0
57.99999999999527 29.99999999998386 0
57.99999999999621 30.99999999998549 0
57.99999999999717 31.99999999998712 0
57.99999999999812 32.99999999999116 0
57.99999999999908 33.99999999999558 0
58.99999999996898 0.9999999999990083 0
58.99999999996989 1.999999999997826 0
58.9999999999708 2.99999999999663 0
58.99999999997172 3.999999999995437 0
58.99999999997264 4.999999999994242 0
58.99999999997355 5.999999999993051 0
58.99999999997447 6.999999999991859 0
58.99999999997537 7.9999999999906 0
58.99999999997628 8.999999999987725 0
58.9999999999772 9.999999999984659 0
58.99999999997813 10.99999999998159 0
58.99999999997903 11.99999999997852 0
58.99999999997995 12.99999999997546 0
58.99999999998086 13.99999999997239 0
58.99999999998177 14.99999999996932 0
58.99999999998267 15.99999999996626 0
58.99999999998361 16.99999999996319 0
58.99999999998452 17.99999999996253 0
58.99999999998542 18.99999999996429 0
58.99999999998634 19.99999999996605 0
58.99999999998725 20.9999999999678 0
58.99999999998816 21.99999999996955 0
58.99999999998909 22.99999999997131 0
58.99999999998998 23.99999999997306 0
58.99999999999091 24.99999999997482 0
58.99999999999183 25.99999999997657 0
58.99999999999274 26.99999999997832 0
58.99999999999365 27.99999999998008 0
58.99999999999456 28.99999999998182 0
58.99999999999547 29.99999999998358 0
58.99999999999639 30.99999999998534 0
58.9999999999973 31.9999999999871 0
58.99999999999822 32.99999999999116 0
58.99999999999913 33.99999999999558 0
59.99999999997045 0.9999999999989198 0
59.99999999997133 1.999999999997645 0
59.99999999997219 2.999999999996357 0
59.99999999997307 3.999999999995071 0
59.99999999997394 4.999999999993787 0
59.9999999999748 5.999999999992502 0
59.99999999997567 6.999999999991216 0
59.99999999997654 7.999999999989866 0
59.99999999997742 8.999999999986864 0
59.99999999997829 9.999999999983682 0
59.99999999997915 10.99999999998049 0
59.99999999998001 11.99999999997729 0
59.99999999998089 12.99999999997411 0
59.99999999998177 13.99999999997092 0
59.99999999998265 14.99999999996773 0
59.99999999998351 15.99999999996454 0
59.99999999998438 16.99999999996134 0
59.99999999998523 17.99999999996069 0
59.9999999999861 18.99999999996258 0
59.99999999998698 19.99999999996446 0
59.99999999998785 20.99999999996634 0
59.99999999998872 21.99999999996823 0
59.9999999999896 22.99999999997011 0
59.99999999999046 23.999999999972 0
59.99999999999133 24.99999999997388 0
59.99999999999221 25.99999999997576 0
59.99999999999309 26.99999999997765 0
59.99999999999395 27.99999999997953 0
59.99999999999481 28.99999999998141 0
59.99999999999569 29.9999999999833 0
59.99999999999656 30.99999999998518 0
59.99999999999743 31.99999999998708 0
59.99999999999829 32.99999999999116 0
59.99999999999917 33.99999999999558 0
60.99999999997193 0.9999999999988309 0
60.99999999997274 1.999999999997464 0
60.99999999997358 2.999999999996085 0
60.99999999997439 3.999999999994706 0
60.99999999997523 4.99999999999333 0
60.99999999997606 5.999999999991952 0
60.99999999997689 6.999999999990576 0
60.99999999997771 7.99999999998913 0
60.99999999997853 8.999999999986011 0
60.99999999997937 9.9999999999827 0
60.9999999999802 10.99999999997938 0
60.99999999998102 11.99999999997607 0
60.99999999998184 12.99999999997276 0
60.99999999998267 13.99999999996944 0
60.9999999999835 14.99999999996613 0
60.99999999998433 15.99999999996282 0
60.99999999998515 16.9999999999595 0
60.99999999998598 17.99999999995886 0
60.99999999998681 18.99999999996086 0
60.99999999998763 19.99999999996288 0
60.99999999998846 20.99999999996489 0
60.99999999998929 21.9999999999669 0
60.99999999999012 22.99999999996892 0
60.99999999999095 23.99999999997093 0
60.99999999999177 24.99999999997294 0
60.9999999999926 25.99999999997496 0
60.99999999999341 26.99999999997697 0
60.99999999999424 27.99999999997898 0
60.99999999999508 28.999999999981 0
60.99999999999591 29.99999999998301 0
60.99999999999674 30.99999999998502 0
60.99999999999757 31.99999999998705 0
60.99999999999839 32.99999999999115 0
60.99999999999921 33.99999999999558 0
61.99999999997338 0.9999999999987421 0
61.99999999997419 1.999999999997284 0
61.99999999997497 2.999999999995812 0
61.99999999997574 3.999999999994342 0
61.99999999997652 4.999999999992874 0
61.99999999997731 5.999999999991403 0
61.9999999999781 6.999999999989934 0
61.99999999997889 7.999999999988395 0
61.99999999997968 8.99999999998516 0
61.99999999998047 9.99999999998172 0
61.99999999998124 10.99999999997828 0
61.99999999998202 11.99999999997485 0
61.9999999999828 12.99999999997141 0
61.99999999998359 13.99999999996797 0
61.99999999998437 14.99999999996453 0
61.99999999998516 15.99999999996109 0
61.99999999998593 16.99999999995766 0
61.99999999998672 17.99999999995701 0
61.99999999998752 18.99999999995915 0
61.99999999998829 19.99999999996129 0
61.99999999998906 20.99999999996345 0
61.99999999998985 21.99999999996558 0
61.99999999999064 22.99999999996773 0
61.99999999999141 23.99999999996986 0
61.99999999999221 24.999999999972 0
61.99999999999299 25.99999999997415 0
61.99999999999377 26.9999999999763 0
61.99999999999454 27.99999999997845 0
61.99999999999532 28.99999999998058 0
61.99999999999613 29.99999999998272 0
61.99999999999692 30.99999999998487 0
61.99999999999768 31.99999999998703 0
61.99999999999847 32.99999999999115 0
61.99999999999925 33.99999999999558 0
62.99999999997488 0.9999999999986535 0
62.99999999997564 1.999999999997103 0
62.99999999997636 2.99999999999554 0
62.99999999997711 3.999999999993977 0
62.99999999997786 4.999999999992416 0
62.9999999999786 5.999999999990854 0
62.99999999997932 6.999999999989294 0
62.99999999998007 7.999999999987663 0
62.9999999999808 8.999999999984302 0
62.99999999998154 9.999999999980744 0
62.99999999998226 10.99999999997718 0
62.99999999998303 11.99999999997362 0
62.99999999998376 12.99999999997006 0
62.9999999999845 13.9999999999665 0
62.99999999998526 14.99999999996293 0
62.99999999998598 15.99999999995937 0
62.99999999998672 16.99999999995581 0
62.99999999998746 17.99999999995517 0
62.9999999999882 18.99999999995744 0
62.99999999998894 19.99999999995972 0
62.99999999998968 20.99999999996199 0
62.99999999999042 21.99999999996426 0
62.99999999999116 22.99999999996653 0
62.99999999999189 23.9999999999688 0
62.99999999999264 24.99999999997108 0
62.99999999999338 25.99999999997335 0
62.9999999999941 26.99999999997562 0
62.99999999999485 27.9999999999779 0
62.99999999999561 28.99999999998017 0
62.99999999999635 29.99999999998244 0
62.99999999999707 30.99999999998472 0
62.9999999999978 31.999999999987 0
62.99999999999856 32.99999999999113 0
62.99999999999928 33.99999999999558 0
63.99999999997638 0.9999999999985647 0
63.99999999997707 1.999999999996922 0
63.99999999997775 2.999999999995266 0
63.99999999997845 3.999999999993611 0
63.99999999997917 4.999999999991958 0
63.99999999997985 5.999999999990306 0
63.99999999998054 6.999999999988653 0
63.99999999998126 7.999999999986928 0
63.99999999998192 8.999999999983446 0
63.99999999998265 9.999999999979766 0
63.99999999998332 10.99999999997608 0
63.99999999998402 11.99999999997239 0
63.99999999998472 12.99999999996871 0
63.99999999998541 13.99999999996502 0
63.99999999998611 14.99999999996134 0
63.99999999998681 15.99999999995765 0
63.9999999999875 16.99999999995397 0
63.99999999998821 17.99999999995332 0
63.9999999999889 18.99999999995573 0
63.99999999998958 19.99999999995813 0
63.99999999999029 20.99999999996053 0
63.99999999999099 21.99999999996294 0
63.99999999999168 22.99999999996534 0
63.99999999999238 23.99999999996773 0
63.99999999999308 24.99999999997014 0
63.99999999999378 25.99999999997254 0
63.99999999999447 26.99999999997495 0
63.99999999999515 27.99999999997734 0
63.99999999999584 28.99999999997975 0
63.99999999999654 29.99999999998215 0
63.99999999999725 30.99999999998456 0
63.99999999999794 31.99999999998697 0
63.99999999999864 32.99999999999113 0
63.99999999999934 33.99999999999557 0
64.99999999997783 0.9999999999984761 0
64.99999999997848 1.999999999996742 0
64.99999999997914 2.999999999994994 0
64.99999999997979 3.999999999993247 0
64.99999999998045 4.999999999991503 0
64.9999999999811 5.999999999989757 0
64.99999999998175 6.999999999988011 0
64.99999999998241 7.999999999986192 0
64.99999999998306 8.999999999982593 0
64.99999999998369 9.999999999978785 0
64.99999999998437 10.99999999997497 0
64.99999999998502 11.99999999997117 0
64.99999999998566 12.99999999996736 0
64.9999999999863 13.99999999996355 0
64.99999999998698 14.99999999995974 0
64.99999999998761 15.99999999995593 0
64.99999999998829 16.99999999995212 0
64.99999999998892 17.99999999995148 0
64.99999999998957 18.99999999995401 0
64.99999999999022 19.99999999995655 0
64.99999999999088 20.99999999995908 0
64.99999999999153 21.99999999996161 0
64.99999999999221 22.99999999996415 0
64.99999999999284 23.99999999996668 0
64.99999999999352 24.99999999996922 0
64.99999999999415 25.99999999997174 0
64.9999999999948 26.99999999997428 0
64.99999999999545 27.99999999997681 0
64.99999999999613 28.99999999997934 0
64.99999999999676 29.99999999998187 0
64.99999999999741 30.99999999998441 0
64.99999999999807 31.99999999998694 0
64.99999999999871 32.99999999999113 0
64.99999999999937 33.99999999999557 0
65.99999999997932 0.9999999999983873 0
65.99999999997991 1.999999999996561 0
65.99999999998053 2.999999999994722 0
65.99999999998116 3.999999999992882 0
65.99999999998174 4.999999999991045 0
65.99999999998235 5.999999999989208 0
65.99999999998296 6.99999999998737 0
65.99999999998357 7.999999999985459 0
65.99999999998415 8.999999999981737 0
65.99999999998479 9.999999999977804 0
65.99999999998542 10.99999999997387 0
65.999999999986 11.99999999996994 0
65.99999999998664 12.99999999996601 0
65.99999999998724 13.99999999996208 0
65.99999999998786 14.99999999995814 0
65.99999999998846 15.99999999995421 0
65.99999999998906 16.99999999995027 0
65.99999999998968 17.99999999994963 0
65.99999999999028 18.9999999999523 0
65.99999999999091 19.99999999995497 0
65.9999999999915 20.99999999995762 0
65.9999999999921 21.99999999996029 0
65.99999999999272 22.99999999996295 0
65.99999999999332 23.99999999996561 0
65.99999999999395 24.99999999996828 0
65.99999999999454 25.99999999997094 0
65.99999999999514 26.9999999999736 0
65.99999999999575 27.99999999997627 0
65.99999999999636 28.99999999997893 0
65.99999999999699 29.99999999998158 0
65.99999999999758 30.99999999998425 0
65.9999999999982 31.99999999998692 0
65.99999999999881 32.99999999999112 0
65.99999999999939 33.99999999999557 0
66.99999999998079 0.9999999999982987 0
66.99999999998136 1.999999999996381 0
66.99999999998191 2.999999999994448 0
66.99999999998251 3.999999999992517 0
66.99999999998307 4.999999999990589 0
66.99999999998361 5.999999999988659 0
66.99999999998418 6.999999999986729 0
66.99999999998478 7.999999999984725 0
66.99999999998532 8.999999999980881 0
66.99999999998589 9.999999999976829 0
66.99999999998644 10.99999999997277 0
66.99999999998703 11.99999999996871 0
66.99999999998759 12.99999999996466 0
66.99999999998813 13.9999999999606 0
66.99999999998873 14.99999999995654 0
66.99999999998927 15.99999999995249 0
66.99999999998983 16.99999999994843 0
66.99999999999039 17.9999999999478 0
66.99999999999098 18.99999999995059 0
66.99999999999154 19.99999999995338 0
66.9999999999921 20.99999999995617 0
66.99999999999268 21.99999999995897 0
66.99999999999324 22.99999999996176 0
66.99999999999378 23.99999999996455 0
66.99999999999434 24.99999999996734 0
66.99999999999496 25.99999999997014 0
66.9999999999955 26.99999999997293 0
66.99999999999606 27.99999999997572 0
66.99999999999663 28.99999999997851 0
66.9999999999972 29.9999999999813 0
66.99999999999775 30.9999999999841 0
66.99999999999831 31.9999999999869 0
66.99999999999888 32.99999999999112 0
66.99999999999945 33.99999999999555 0
67.99999999998226 0.9999999999982101 0
67.99999999998279 1.9999999999962 0
67.99999999998333 2.999999999994176 0
67.99999999998384 3.999999999992153 0
67.99999999998438 4.999999999990131 0
67.99999999998487 5.99999999998811 0
67.99999999998541 6.999999999986089 0
67.99999999998592 7.99999999998399 0
67.99999999998646 8.999999999980028 0
67.99999999998695 9.999999999975852 0
67.99999999998751 10.99999999997167 0
67.99999999998801 11.99999999996749 0
67.99999999998852 12.99999999996331 0
67.99999999998907 13.99999999995912 0
67.99999999998957 14.99999999995494 0
67.9999999999901 15.99999999995076 0
67.99999999999062 16.99999999994658 0
67.99999999999113 17.99999999994595 0
67.99999999999169 18.99999999994888 0
67.9999999999922 19.9999999999518 0
67.99999999999271 20.99999999995472 0
67.99999999999324 21.99999999995764 0
67.99999999999375 22.99999999996056 0
67.9999999999943 23.99999999996349 0
67.9999999999948 24.9999999999664 0
67.99999999999531 25.99999999996933 0
67.99999999999586 26.99999999997225 0
67.99999999999638 27.99999999997517 0
67.99999999999689 28.9999999999781 0
67.99999999999743 29.99999999998101 0
67.99999999999793 30.99999999998394 0
67.99999999999845 31.99999999998687 0
67.99999999999895 32.9999999999911 0
67.9999999999995 33.99999999999556 0
68.99999999998374 0.9999999999981213 0
68.99999999998423 1.999999999996019 0
68.99999999998471 2.999999999993903 0
68.99999999998519 3.999999999991788 0
68.99999999998568 4.999999999989676 0
68.99999999998616 5.999999999987561 0
68.99999999998661 6.999999999985447 0
68.9999999999871 7.999999999983256 0
68.99999999998758 8.999999999979172 0
68.99999999998803 9.999999999974872 0
68.99999999998855 10.99999999997056 0
68.99999999998902 11.99999999996626 0
68.99999999998947 12.99999999996196 0
68.99999999998997 13.99999999995765 0
68.99999999999044 14.99999999995335 0
68.99999999999093 15.99999999994904 0
68.99999999999139 16.99999999994474 0
68.9999999999919 17.99999999994411 0
68.99999999999235 18.99999999994716 0
68.99999999999287 19.99999999995023 0
68.99999999999332 20.99999999995327 0
68.99999999999379 21.99999999995632 0
68.99999999999429 22.99999999995937 0
68.99999999999476 23.99999999996242 0
68.99999999999525 24.99999999996547 0
68.99999999999571 25.99999999996852 0
68.99999999999619 26.99999999997157 0
68.99999999999667 27.99999999997463 0
68.99999999999713 28.99999999997769 0
68.99999999999764 29.99999999998073 0
68.9999999999981 30.99999999998379 0
68.99999999999858 31.99999999998684 0
68.99999999999906 32.9999999999911 0
68.99999999999955 33.99999999999555 0
69.99999999998523 0.9999999999980325 0
69.99999999998563 1.999999999995838 0
69.99999999998609 2.99999999999363 0
69.99999999998654 3.999999999991423 0
69.99999999998697 4.999999999989218 0
69.99999999998739 5.99999999998701 0
69.99999999998782 6.999999999984807 0
69.99999999998826 7.999999999982522 0
69.99999999998872 8.999999999978318 0
69.99999999998914 9.999999999973889 0
69.99999999998958 10.99999999996946 0
69.99999999999 11.99999999996503 0
69.99999999999046 12.99999999996061 0
69.99999999999086 13.99999999995618 0
69.9999999999913 14.99999999995175 0
69.99999999999174 15.99999999994732 0
69.99999999999216 16.9999999999429 0
69.99999999999262 17.99999999994227 0
69.99999999999305 18.99999999994545 0
69.99999999999348 19.99999999994863 0
69.99999999999392 20.99999999995182 0
69.99999999999436 21.99999999995499 0
69.99999999999478 22.99999999995818 0
69.99999999999524 23.99999999996136 0
69.99999999999567 24.99999999996454 0
69.99999999999608 25.99999999996773 0
69.99999999999655 26.9999999999709 0
69.99999999999697 27.99999999997409 0
69.9999999999974 28.99999999997726 0
69.99999999999784 29.99999999998045 0
69.99999999999828 30.99999999998363 0
69.99999999999871 31.99999999998682 0
69.99999999999916 32.9999999999911 0
69.99999999999959 33.99999999999555 0
70.99999999998668 0.9999999999979436 0
70.99999999998711 1.999999999995658 0
70.99999999998748 2.999999999993358 0
70.99999999998788 3.999999999991059 0
70.99999999998826 4.99999999998876 0
70.99999999998867 5.999999999986463 0
70.99999999998904 6.999999999984164 0
70.99999999998944 7.999999999981787 0
70.99999999998984 8.999999999977463 0
70.99999999999021 9.999999999972916 0
70.99999999999059 10.99999999996836 0
70.999999999991 11.99999999996381 0
70.99999999999139 12.99999999995926 0
70.9999999999918 13.9999999999547 0
70.99999999999218 14.99999999995015 0
70.99999999999255 15.9999999999456 0
70.99999999999298 16.99999999994105 0
70.99999999999336 17.99999999994042 0
70.99999999999373 18.99999999994374 0
70.99999999999416 19.99999999994705 0
70.99999999999451 20.99999999995036 0
70.99999999999493 21.99999999995367 0
70.99999999999532 22.99999999995698 0
70.99999999999568 23.99999999996029 0
70.99999999999611 24.9999999999636 0
70.99999999999649 25.99999999996692 0
70.99999999999687 26.99999999997023 0
70.99999999999724 27.99999999997354 0
70.99999999999766 28.99999999997685 0
70.99999999999804 29.99999999998016 0
70.99999999999845 30.99999999998347 0
70.99999999999885 31.99999999998679 0
70.99999999999925 32.99999999999109 0
70.99999999999964 33.99999999999555 0
71.99999999998815 0.9999999999978553 0
71.99999999998852 1.999999999995477 0
71.9999999999889 2.999999999993086 0
71.99999999998921 3.999999999990695 0
71.99999999998958 4.999999999988304 0
71.99999999998992 5.999999999985915 0
71.99999999999027 6.999999999983524 0
71.99999999999061 7.999999999981053 0
71.99999999999096 8.999999999976611 0
71.9999999999913 9.999999999971935 0
71.99999999999166 10.99999999996726 0
71.999999999992 11.99999999996258 0
71.99999999999235 12.99999999995791 0
71.99999999999271 13.99999999995323 0
71.99999999999304 14.99999999994855 0
71.99999999999339 15.99999999994388 0
71.99999999999375 16.9999999999392 0
71.99999999999409 17.99999999993858 0
71.99999999999443 18.99999999994203 0
71.99999999999478 19.99999999994547 0
71.99999999999513 20.99999999994891 0
71.9999999999955 21.99999999995235 0
71.99999999999582 22.99999999995579 0
71.99999999999619 23.99999999995923 0
71.99999999999653 24.99999999996267 0
71.99999999999689 25.99999999996611 0
71.99999999999721 26.99999999996956 0
71.99999999999756 27.999999999973 0
71.99999999999793 28.99999999997644 0
71.99999999999827 29.99999999997988 0
71.99999999999862 30.99999999998332 0
71.99999999999898 31.99999999998676 0
71.99999999999933 32.99999999999109 0
71.99999999999966 33.99999999999555 0
72.99999999998967 0.9999999999977665 0
72.99999999998997 1.999999999995297 0
72.99999999999029 2.999999999992813 0
72.99999999999058 3.99999999999033 0
72.99999999999089 4.999999999987847 0
72.9999999999912 5.999999999985365 0
72.9999999999915 6.999999999982883 0
72.99999999999181 7.99999999998032 0
72.99999999999208 8.999999999975753 0
72.9999999999924 9.999999999970957 0
72.99999999999271 10.99999999996616 0
72.99999999999301 11.99999999996135 0
72.99999999999331 12.99999999995656 0
72.99999999999362 13.99999999995175 0
72.99999999999393 14.99999999994695 0
72.99999999999423 15.99999999994216 0
72.99999999999451 16.99999999993735 0
72.99999999999484 17.99999999993674 0
72.99999999999515 18.99999999994031 0
72.99999999999545 19.99999999994388 0
72.99999999999577 20.99999999994746 0
72.99999999999606 21.99999999995103 0
72.99999999999636 22.9999999999546 0
72.99999999999666 23.99999999995817 0
72.99999999999697 24.99999999996174 0
72.99999999999729 25.99999999996531 0
72.9999999999976 26.99999999996888 0
72.99999999999788 27.99999999997246 0
72.99999999999817 28.99999999997603 0
72.99999999999848 29.99999999997959 0
72.99999999999879 30.99999999998317 0
72.9999999999991 31.99999999998674 0
72.99999999999942 32.99999999999108 0
72.9999999999997 33.99999999999555 0
73.99999999999115 0.9999999999976776 0
73.9999999999914 1.999999999995116 0
73.99999999999166 2.999999999992539 0
73.99999999999191 3.999999999989964 0
73.99999999999218 4.99999999998739 0
73.99999999999245 5.999999999984815 0
73.99999999999268 6.999999999982242 0
73.99999999999297 7.999999999979584 0
73.99999999999325 8.999999999974898 0
73.99999999999348 9.999999999969978 0
73.99999999999376 10.99999999996505 0
73.99999999999402 11.99999999996013 0
73.99999999999427 12.99999999995521 0
73.99999999999453 13.99999999995028 0
73.99999999999477 14.99999999994536 0
73.99999999999505 15.99999999994044 0
73.99999999999531 16.99999999993551 0
73.99999999999558 17.99999999993489 0
73.99999999999584 18.99999999993859 0
73.99999999999609 19.99999999994231 0
73.99999999999638 20.99999999994601 0
73.9999999999966 21.9999999999497 0
73.99999999999689 22.9999999999534 0
73.99999999999716 23.9999999999571 0
73.9999999999974 24.9999999999608 0
73.99999999999768 25.99999999996451 0
73.99999999999791 26.99999999996821 0
73.9999999999982 27.99999999997191 0
73.99999999999845 28.99999999997561 0
73.99999999999871 29.99999999997931 0
73.99999999999896 30.99999999998301 0
73.99999999999923 31.99999999998672 0
73.9999999999995 32.99999999999108 0
73.99999999999976 33.99999999999554 0
74.99999999999262 0.999999999997589 0
74.99999999999284 1.999999999994935 0
74.99999999999305 2.999999999992267 0
74.99999999999328 3.999999999989599 0
74.99999999999351 4.999999999986934 0
74.99999999999369 5.999999999984268 0
74.9999999999939 6.9999999999816 0
74.99999999999413 7.999999999978851 0
74.99999999999436 8.999999999974046 0
74.99999999999459 9.999999999969003 0
74.99999999999477 10.99999999996395 0
74.99999999999501 11.99999999995891 0
74.99999999999523 12.99999999995385 0
74.99999999999544 13.99999999994881 0
74.99999999999567 14.99999999994376 0
74.99999999999589 15.99999999993871 0
74.99999999999608 16.99999999993366 0
74.99999999999629 17.99999999993306 0
74.9999999999965 18.99999999993689 0
74.99999999999675 19.99999999994072 0
74.99999999999696 20.99999999994455 0
74.9999999999972 21.99999999994838 0
74.9999999999974 22.99999999995221 0
74.99999999999763 23.99999999995604 0
74.99999999999781 24.99999999995987 0
74.99999999999805 25.99999999996371 0
74.99999999999825 26.99999999996754 0
74.99999999999848 27.99999999997137 0
74.99999999999871 28.99999999997519 0
74.99999999999891 29.99999999997902 0
74.99999999999912 30.99999999998285 0
74.99999999999936 31.99999999998669 0
74.99999999999959 32.99999999999108 0
74.99999999999979 33.99999999999554 0
75.99999999999409 0.9999999999975004 0
75.99999999999429 1.999999999994755 0
75.99999999999446 2.999999999991994 0
75.99999999999464 3.999999999989234 0
75.9999999999948 4.999999999986477 0
75.99999999999494 5.999999999983717 0
75.99999999999514 6.999999999980959 0
75.99999999999531 7.999999999978117 0
75.99999999999548 8.999999999973189 0
75.99999999999565 9.999999999968022 0
75.99999999999582 10.99999999996285 0
75.99999999999602 11.99999999995767 0
75.99999999999619 12.9999999999525 0
75.99999999999633 13.99999999994733 0
75.99999999999653 14.99999999994216 0
75.9999999999967 15.99999999993699 0
75.99999999999687 16.99999999993182 0
75.99999999999707 17.99999999993122 0
75.99999999999721 18.99999999993517 0
75.99999999999739 19.99999999993914 0
75.99999999999758 20.99999999994309 0
75.99999999999775 21.99999999994706 0
75.99999999999793 22.99999999995102 0
75.9999999999981 23.99999999995498 0
75.99999999999827 24.99999999995894 0
75.99999999999844 25.9999999999629 0
75.99999999999861 26.99999999996686 0
75.99999999999878 27.99999999997082 0
75.99999999999895 28.99999999997479 0
75.99999999999912 29.99999999997874 0
75.9999999999993 30.99999999998271 0
75.99999999999949 31.99999999998666 0
75.99999999999966 32.99999999999106 0
75.99999999999983 33.99999999999554 0
76.99999999999557 0.9999999999974116 0
76.99999999999569 1.999999999994574 0
76.99999999999584 2.999999999991722 0
76.99999999999595 3.99999999998887 0
76.99999999999611 4.99999999998602 0
76.99999999999623 5.99999999998317 0
76.99999999999636 6.99999999998032 0
76.99999999999646 7.999999999977382 0
76.9999999999966 8.999999999972335 0
76.99999999999676 9.99999999996704 0
76.9999999999969 10.99999999996174 0
76.99999999999699 11.99999999995645 0
76.9999999999971 12.99999999995115 0
76.99999999999727 13.99999999994586 0
76.9999999999974 14.99999999994056 0
76.99999999999753 15.99999999993527 0
76.99999999999764 16.99999999992997 0
76.99999999999777 17.99999999992937 0
76.99999999999791 18.99999999993346 0
76.99999999999804 19.99999999993756 0
76.99999999999821 20.99999999994165 0
76.99999999999831 21.99999999994574 0
76.99999999999845 22.99999999994982 0
76.99999999999856 23.99999999995391 0
76.99999999999871 24.999999999958 0
76.99999999999882 25.99999999996209 0
76.99999999999896 26.99999999996619 0
76.99999999999906 27.99999999997028 0
76.99999999999922 28.99999999997437 0
76.99999999999933 29.99999999997846 0
76.9999999999995 30.99999999998255 0
76.99999999999962 31.99999999998664 0
76.99999999999973 32.99999999999106 0
76.99999999999987 33.99999999999552 0
77.99999999999704 0.9999999999973228 0
77.99999999999717 1.999999999994393 0
77.99999999999723 2.999999999991449 0
77.99999999999733 3.999999999988505 0
77.99999999999741 4.999999999985564 0
77.9999999999975 5.999999999982619 0
77.99999999999757 6.999999999979677 0
77.99999999999767 7.999999999976648 0
77.99999999999777 8.999999999971482 0
77.99999999999783 9.999999999966063 0
77.99999999999791 10.99999999996064 0
77.999999999998 11.99999999995522 0
77.99999999999811 12.9999999999498 0
77.99999999999821 13.99999999994438 0
77.99999999999827 14.99999999993896 0
77.99999999999838 15.99999999993355 0
77.99999999999844 16.99999999992813 0
77.99999999999854 17.99999999992753 0
77.99999999999862 18.99999999993175 0
77.99999999999871 19.99999999993597 0
77.99999999999879 20.99999999994019 0
77.99999999999888 21.99999999994441 0
77.99999999999896 22.99999999994863 0
77.99999999999905 23.99999999995285 0
77.99999999999913 24.99999999995707 0
77.99999999999922 25.99999999996129 0
77.9999999999993 26.99999999996551 0
77.99999999999939 27.99999999996973 0
77.99999999999947 28.99999999997396 0
77.99999999999957 29.99999999997818 0
77.99999999999964 30.99999999998239 0
77.99999999999972 31.99999999998662 0
77.99999999999982 32.99999999999105 0
77.99999999999994 33.99999999999553 0
78.99999999999855 0.999999999997234 0
78.99999999999856 1.999999999994213 0
78.99999999999862 2.999999999991177 0
78.99999999999868 3.99999999998814 0
78.99999999999871 4.999999999985104 0
78.99999999999876 5.999999999982073 0
78.99999999999881 6.999999999979036 0
78.99999999999881 7.999999999975913 0
78.99999999999889 8.99999999997063 0
78.99999999999892 9.999999999965086 0
78.99999999999899 10.99999999995954 0
78.99999999999901 11.99999999995399 0
78.99999999999905 12.99999999994845 0
78.9999999999991 13.99999999994291 0
78.99999999999913 14.99999999993737 0
78.99999999999918 15.99999999993182 0
78.9999999999992 16.99999999992628 0
78.99999999999926 17.99999999992568 0
78.9999999999993 18.99999999993004 0
78.99999999999935 19.99999999993439 0
78.99999999999937 20.99999999993873 0
78.99999999999945 21.99999999994308 0
78.9999999999995 22.99999999994744 0
78.99999999999952 23.99999999995179 0
78.99999999999956 24.99999999995614 0
78.99999999999962 25.99999999996049 0
78.99999999999967 26.99999999996483 0
78.9999999999997 27.99999999996919 0
78.99999999999973 28.99999999997354 0
78.99999999999977 29.99999999997788 0
78.9999999999998 30.99999999998224 0
78.99999999999987 31.99999999998659 0
78.9999999999999 32.99999999999105 0
78.99999999999996 33.99999999999552 0
$EndNodes
$Elements
5 3030 1 3030
1 1 1 80
1 1 5 
2 5 6 
3 6 7 
4 7 8 
5 8 9 
6 9 10 
7 10 11 
8 11 12 
9 12 13 
10 13 14 
11 14 15 
12 15 16 
13 16 17 
14 17 18 
15 18 19 
16 19 20 
17 20 21 
18 21 22 
19 22 23 
20 23 24 
21 24 25 
22 25 26 
23 26 27 
24 27 28 
25 28 29 
26 29 30 
27 30 31 
28 31 32 
29 32 33 
30 33 34 
31 34 35 
32 35 36 
33 36 37 
34 37 38 
35 38 39 
36 39 40 
37 40 41 
38 41 42 
39 42 43 
40 43 44 
41 44 45 
42 45 46 
43 46 47 
44 47 48 
45 48 49 
46 49 50 
47 50 51 
48 51 52 
49 52 53 
50 53 54 
51 54 55 
52 55 56 
53 56 57 
54 57 58 
55 58 59 
56 59 60 
57 60 61 
58 61 62 
59 62 63 
60 63 64 
61 64 65 
62 65 66 
63 66 67 
64 67 68 
65 68 69 
66 69 70 
67 70 71 
68 71 72 
69 72 73 
70 73 74 
71 74 75 
72 75 76 
73 76 77 
74 77 78 
75 78 79 
76 79 80 
77 80 81 
78 81 82 
79 82 83 
80 83 2 
1 2 1 35
81 2 84 
82 84 85 
83 85 86 
84 86 87 
85 87 88 
86 88 89 
87 89 90 
88 90 91 
89 91 92 
90 92 93 
91 93 94 
92 94 95 
93 95 96 
94 96 97 
95 97 98 
96 98 99 
97 99 100 
98 100 101 
99 101 102 
100 102 103 
101 103 104 
102 104 105 
103 105 106 
104 106 107 
105 107 108 
106 108 109 
107 109 110 
108 110 111 
109 111 112 
110 112 113 
111 113 114 
112 114 115 
113 115 116 
114 116 117 
115 117 3 
1 3 1 80
116 3 118 
117 118 119 
118 119 120 
119 120 121 
120 121 122 
121 122 123 
122 123 124 
123 124 125 
124 125 126 
125 126 127 
126 127 128 
127 128 129 
128 129 130 
129 130 131 
130 131 132 
131 132 133 
132 133 134 
133 134 135 
134 135 136 
135 136 137 
136 137 138 
137 138 139 
138 139 140 
139 140 141 
140 141 142 
141 142 143 
142 143 144 
143 144 145 
144 145 146 
145 146 147 
146 147 148 
147 148 149 
148 149 150 
149 150 151 
150 151 152 
151 152 153 
152 153 154 
153 154 155 
154 155 156 
155 156 157 
156 157 158 
157 158 159 
158 159 160 
159 160 161 
160 161 162 
161 162 163 
162 163 164 
163 164 165 
164 165 166 
165 166 167 
166 167 168 
167 168 169 
168 169 170 
169 170 171 
170 171 172 
171 172 173 
172 173 174 
173 174 175 
174 175 176 
175 176 177 
176 177 178 
177 178 179 
178 179 180 
179 180 181 
180 181 182 
181 182 183 
182 183 184 
183 184 185 
184 185 186 
185 186 187 
186 187 188 
187 188 189 
188 189 190 
189 190 191 
190 191 192 
191 192 193 
192 193 194 
193 194 195 
194 195 196 
195 196 4 
1 4 1 35
196 4 197 
197 197 198 
198 198 199 
199 199 200 
200 200 201 
201 201 202 
202 202 203 
203 203 204 
204 204 205 
205 205 206 
206 206 207 
207 207 208 
208 208 209 
209 209 210 
210 210 211 
211 211 212 
212 212 213 
213 213 214 
214 214 215 
215 215 216 
216 216 217 
217 217 218 
218 218 219 
219 219 220 
220 220 221 
221 221 222 
222 222 223 
223 223 224 
224 224 225 
225 225 226 
226 226 227 
227 227 228 
228 228 229 
229 229 230 
230 230 1 
2 1 3 2800
231 1 5 231 230 
232 230 231 232 229 
233 229 232 233 228 
234 228 233 234 227 
235 227 234 235 226 
236 226 235 236 225 
237 225 236 237 224 
238 224 237 238 223 
239 223 238 239 222 
240 222 239 240 221 
241 221 240 241 220 
242 220 241 242 219 
243 219 242 243 218 
244 218 243 244 217 
245 217 244 245 216 
246 216 245 246 215 
247 215 246 247 214 
248 214 247 248 213 
249 213 248 249 212 
250 212 249 250 211 
251 211 250 251 210 
252 210 251 252 209 
253 209 252 253 208 
254 208 253 254 207 
255 207 254 255 206 
256 206 255 256 205 
257 205 256 257 204 
258 204 257 258 203 
259 203 258 259 202 
260 202 259 260 201 
261 201 260 261 200 
262 200 261 262 199 
263 199 262 263 198 
264 198 263 264 197 
265 197 264 196 4 
266 5 6 265 231 
267 231 265 266 232 
268 232 266 267 233 
269 233 267 268 234 
270 234 268 269 235 
271 235 269 270 236 
272 236 270 271 237 
273 237 271 272 238 
274 238 272 273 239 
275 239 273 274 240 
276 240 274 275 241 
277 241 275 276 242 
278 242 276 277 243 
279 243 277 278 244 
280 244 278 279 245 
281 245 279 280 246 
282 246 280 281 247 
283 247 281 282 248 
284 248 282 283 249 
285 249 283 284 250 
286 250 284 285 251 
287 251 285 286 252 
288 252 286 287 253 
289 253 287 288 254 
290 254 288 289 255 
291 255 289 290 256 
292 256 290 291 257 
293 257 291 292 258 
294 258 292 293 259 
295 259 293 294 260 
296 260 294 295 261 
297 261 295 296 262 
298 262 296 297 263 
299 263 297 298 264 
300 264 298 195 196 
301 6 7 299 265 
302 265 299 300 266 
303 266 300 301 267 
304 267 301 302 268 
305 268 302 303 269 
306 269 303 304 270 
307 270 304 305 271 
308 271 305 306 272 
309 272 306 307 273 
310 273 307 308 274 
311 274 308 309 275 
312 275 309 310 276 
313 276 310 311 277 
314 277 311 312 278 
315 278 312 313 279 
316 279 313 314 280 
317 280 314 315 281 
318 281 315 316 282 
319 282 316 317 283 
320 283 317 318 284 
321 284 318 319 285 
322 285 319 320 286 
323 286 320 321 287 
324 287 321 322 288 
325 288 322 323 289 
326 289 323 324 290 
327 290 324 325 291 
328 291 325 326 292 
329 292 326 327 293 
330 293 327 328 294 
331 294 328 329 295 
332 295 329 330 296 
333 296 330 331 297 
334 297 331 332 298 
335 298 332 194 195 
336 7 8 333 299 
337 299 333 334 300 
338 300 334 335 301 
339 301 335 336 302 
340 302 336 337 303 
341 303 337 338 304 
342 304 338 339 305 
343 305 339 340 306 
344 306 340 341 307 
345 307 341 342 308 
346 308 342 343 309 
347 309 343 344 310 
348 310 344 345 311 
349 311 345 346 312 
350 312 346 347 313 
351 313 347 348 314 
352 314 348 349 315 
353 315 349 350 316 
354 316 350 351 317 
355 317 351 352 318 
356 318 352 353 319 
357 319 353 354 320 
358 320 354 355 321 
359 321 355 356 322 
360 322 356 357 323 
361 323 357 358 324 
362 324 358 359 325 
363 325 359 360 326 
364 326 360 361 327 
365 327 361 362 328 
366 328 362 363 329 
367 329 363 364 330 
368 330 364 365 331 
369 331 365 366 332 
370 332 366 193 194 
371 8 9 367 333 
372 333 367 368 334 
373 334 368 369 335 
374 335 369 370 336 
375 336 370 371 337 
376 337 371 372 338 
377 338 372 373 339 
378 339 373 374 340 
379 340 374 375 341 
380 341 375 376 342 
381 342 376 377 343 
382 343 377 378 344 
383 344 378 379 345 
384 345 379 380 346 
385 346 380 381 347 
386 347 381 382 348 
387 348 382 383 349 
388 349 383 384 350 
389 350 384 385 351 
390 351 385 386 352 
391 352 386 387 353 
392 353 387 388 354 
393 354 388 389 355 
394 355 389 390 356 
395 356 390 391 357 
396 357 391 392 358 
397 358 392 393 359 
398 359 393 394 360 
399 360 394 395 361 
400 361 395 396 362 
401 362 396 397 363 
402 363 397 398 364 
403 364 398 399 365 
404 365 399 400 366 
405 366 400 192 193 
406 9 10 401 367 
407 367 401 402 368 
408 368 402 403 369 
409 369 403 404 370 
410 370 404 405 371 
411 371 405 406 372 
412 372 406 407 373 
413 373 407 408 374 
414 374 408 409 375 
415 375 409 410 376 
416 376 410 411 377 
417 377 411 412 378 
418 378 412 413 379 
419 379 413 414 380 
420 380 414 415 381 
421 381 415 416 382 
422 382 416 417 383 
423 383 417 418 384 
424 384 418 419 385 
425 385 419 420 386 
426 386 420 421 387 
427 387 421 422 388 
428 388 422 423 389 
429 389 423 424 390 
430 390 424 425 391 
431 391 425 426 392 
432 392 426 427 393 
433 393 427 428 394 
434 394 428 429 395 
435 395 429 430 396 
436 396 430 431 397 
437 397 431 432 398 
438 398 432 433 399 
439 399 433 434 400 
440 400 434 191 192 
441 10 11 435 401 
442 401 435 436 402 
443 402 436 437 403 
444 403 437 438 404 
445 404 438 439 405 
446 405 439 440 406 
447 406 440 441 407 
448 407 441 442 408 
449 408 442 443 409 
450 409 443 444 410 
451 410 444 445 411 
452 411 445 446 412 
453 412 446 447 413 
454 413 447 448 414 
455 414 448 449 415 
456 415 449 450 416 
457 416 450 451 417 
458 417 451 452 418 
459 418 452 453 419 
460 419 453 454 420 
461 420 454 455 421 
462 421 455 456 422 
463 422 456 457 423 
464 423 457 458 424 
465 424 458 459 425 
466 425 459 460 426 
467 426 460 461 427 
468 427 461 462 428 
469 428 462 463 429 
470 429 463 464 430 
471 430 464 465 431 
472 431 465 466 432 
473 432 466 467 433 
474 433 467 468 434 
475 434 468 190 191 
476 11 12 469 435 
477 435 469 470 436 
478 436 470 471 437 
479 437 471 472 438 
480 438 472 473 439 
481 439 473 474 440 
482 440 474 475 441 
483 441 475 476 442 
484 442 476 477 443 
485 443 477 478 444 
486 444 478 479 445 
487 445 479 480 446 
488 446 480 481 447 
489 447 481 482 448 
490 448 482 483 449 
491 449 483 484 450 
492 450 484 485 451 
493 451 485 486 452 
494 452 486 487 453 
495 453 487 488 454 
496 454 488 489 455 
497 455 489 490 456 
498 456 490 491 457 
499 457 491 492 458 
500 458 492 493 459 
501 459 493 494 460 
502 460 494 495 461 
503 461 495 496 462 
504 462 496 497 463 
505 463 497 498 464 
506 464 498 499 465 
507 465 499 500 466 
508 466 500 501 467 
509 467 501 502 468 
510 468 502 189 190 
511 12 13 503 469 
512 469 503 504 470 
513 470 504 505 471 
514 471 505 506 472 
515 472 506 507 473 
516 473 507 508 474 
517 474 508 509 475 
518 475 509 510 476 
519 476 510 511 477 
520 477 511 512 478 
521 478 512 513 479 
522 479 513 514 480 
523 480 514 515 481 
524 481 515 516 482 
525 482 516 517 483 
526 483 517 518 484 
527 484 518 519 485 
528 485 519 520 486 
529 486 520 521 487 
530 487 521 522 488 
531 488 522 523 489 
532 489 523 524 490 
533 490 524 525 491 
534 491 525 526 492 
535 492 526 527 493 
536 493 527 528 494 
537 494 528 529 495 
538 495 529 530 496 
539 496 530 531 497 
540 497 531 532 498 
541 498 532 533 499 
542 499 533 534 500 
543 500 534 535 501 
544 501 535 536 502 
545 502 536 188 189 
546 13 14 537 503 
547 503 537 538 504 
548 504 538 539 505 
549 505 539 540 506 
550 506 540 541 507 
551 507 541 542 508 
552 508 542 543 509 
553 509 543 544 510 
554 510 544 545 511 
555 511 545 546 512 
556 512 546 547 513 
557 513 547 548 514 
558 514 548 549 515 
559 515 549 550 516 
560 516 550 551 517 
561 517 551 552 518 
562 518 552 553 519 
563 519 553 554 520 
564 520 554 555 521 
565 521 555 556 522 
566 522 556 557 523 
567 523 557 558 524 
568 524 558 559 525 
569 525 559 560 526 
570 526 560 561 527 
571 527 561 562 528 
572 528 562 563 529 
573 529 563 564 530 
574 530 564 565 531 
575 531 565 566 532 
576 532 566 567 533 
577 533 567 568 534 
578 534 568 569 535 
579 535 569 570 536 
580 536 570 187 188 
581 14 15 571 537 
582 537 571 572 538 
583 538 572 573 539 
584 539 573 574 540 
585 540 574 575 541 
586 541 575 576 542 
587 542 576 577 543 
588 543 577 578 544 
589 544 578 579 545 
590 545 579 580 546 
591 546 580 581 547 
592 547 581 582 548 
593 548 582 583 549 
594 549 583 584 550 
595 550 584 585 551 
596 551 585 586 552 
597 552 586 587 553 
598 553 587 588 554 
599 554 588 589 555 
600 555 589 590 556 
601 556 590 591 557 
602 557 591 592 558 
603 558 592 593 559 
604 559 593 594 560 
605 560 594 595 561 
606 561 595 596 562 
607 562 596 597 563 
608 563 597 598 564 
609 564 598 599 565 
610 565 599 600 566 
611 566 600 601 567 
612 567 601 602 568 
613 568 602 603 569 
614 569 603 604 570 
615 570 604 186 187 
616 15 16 605 571 
617 571 605 606 572 
618 572 606 607 573 
619 573 607 608 574 
620 574 608 609 575 
621 575 609 610 576 
622 576 610 611 577 
623 577 611 612 578 
624 578 612 613 579 
625 579 613 614 580 
626 580 614 615 581 
627 581 615 616 582 
628 582 616 617 583 
629 583 617 618 584 
630 584 618 619 585 
631 585 619 620 586 
632 586 620 621 587 
633 587 621 622 588 
634 588 622 623 589 
635 589 623 624 590 
636 590 624 625 591 
637 591 625 626 592 
638 592 626 627 593 
639 593 627 628 594 
640 594 628 629 595 
641 595 629 630 596 
642 596 630 631 597 
643 597 631 632 598 
644 598 632 633 599 
645 599 633 634 600 
646 600 634 635 601 
647 601 635 636 602 
648 602 636 637 603 
649 603 637 638 604 
650 604 638 185 186 
651 16 17 639 605 
652 605 639 640 606 
653 606 640 641 607 
654 607 641 642 608 
655 608 642 643 609 
656 609 643 644 610 
657 610 644 645 611 
658 611 645 646 612 
659 612 646 647 613 
660 613 647 648 614 
661 614 648 649 615 
662 615 649 650 616 
663 616 650 651 617 
664 617 651 652 618 
665 618 652 653 619 
666 619 653 654 620 
667 620 654 655 621 
668 621 655 656 622 
669 622 656 657 623 
670 623 657 658 624 
671 624 658 659 625 
672 625 659 660 626 
673 626 660 661 627 
674 627 661 662 628 
675 628 662 663 629 
676 629 663 664 630 
677 630 664 665 631 
678 631 665 666 632 
679 632 666 667 633 
680 633 667 668 634 
681 634 668 669 635 
682 635 669 670 636 
683 636 670 671 637 
684 637 671 672 638 
685 638 672 184 185 
686 17 18 673 639 
687 639 673 674 640 
688 640 674 675 641 
689 641 675 676 642 
690 642 676 677 643 
691 643 677 678 644 
692 644 678 679 645 
693 645 679 680 646 
694 646 680 681 647 
695 647 681 682 648 
696 648 682 683 649 
697 649 683 684 650 
698 650 684 685 651 
699 651 685 686 652 
700 652 686 687 653 
701 653 687 688 654 
702 654 688 689 655 
703 655 689 690 656 
704 656 690 691 657 
705 657 691 692 658 
706 658 692 693 659 
707 659 693 694 660 
708 660 694 695 661 
709 661 695 696 662 
710 662 696 697 663 
711 663 697 698 664 
712 664 698 699 665 
713 665 699 700 666 
714 666 700 701 667 
715 667 701 702 668 
716 668 702 703 669 
717 669 703 704 670 
718 670 704 705 671 
719 671 705 706 672 
720 672 706 183 184 
721 18 19 707 673 
722 673 707 708 674 
723 674 708 709 675 
724 675 709 710 676 
725 676 710 711 677 
726 677 711 712 678 
727 678 712 713 679 
728 679 713 714 680 
729 680 714 715 681 
730 681 715 716 682 
731 682 716 717 683 
732 683 717 718 684 
733 684 718 719 685 
734 685 719 720 686 
735 686 720 721 687 
736 687 721 722 688 
737 688 722 723 689 
738 689 723 724 690 
739 690 724 725 691 
740 691 725 726 692 
741 692 726 727 693 
742 693 727 728 694 
743 694 728 729 695 
744 695 729 730 696 
745 696 730 731 697 
746 697 731 732 698 
747 698 732 733 699 
748 699 733 734 700 
749 700 734 735 701 
750 701 735 736 702 
751 702 736 737 703 
752 703 737 738 704 
753 704 738 739 705 
754 705 739 740 706 
755 706 740 182 183 
756 19 20 741 707 
757 707 741 742 708 
758 708 742 743 709 
759 709 743 744 710 
760 710 744 745 711 
761 711 745 746 712 
762 712 746 747 713 
763 713 747 748 714 
764 714 748 749 715 
765 715 749 750 716 
766 716 750 751 717 
767 717 751 752 718 
768 718 752 753 719 
769 719 753 754 720 
770 720 754 755 721 
771 721 755 756 722 
772 722 756 757 723 
773 723 757 758 724 
774 724 758 759 725 
775 725 759 760 726 
776 726 760 761 727 
777 727 761 762 728 
778 728 762 763 729 
779 729 763 764 730 
780 730 764 765 731 
781 731 765 766 732 
782 732 766 767 733 
783 733 767 768 734 
784 734 768 769 735 
785 735 769 770 736 
786 736 770 771 737 
787 737 771 772 738 
788 738 772 773 739 
789 739 773 774 740 
790 740 774 181 182 
791 20 21 775 741 
792 741 775 776 742 
793 742 776 777 743 
794 743 777 778 744 
795 744 778 779 745 
796 745 779 780 746 
797 746 780 781 747 
798 747 781 782 748 
799 748 782 783 749 
800 749 783 784 750 
801 750 784 785 751 
802 751 785 786 752 
803 752 786 787 753 
804 753 787 788 754 
805 754 788 789 755 
806 755 789 790 756 
807 756 790 791 757 
808 757 791 792 758 
809 758 792 793 759 
810 759 793 794 760 
811 760 794 795 761 
812 761 795 796 762 
813 762 796 797 763 
814 763 797 798 764 
815 764 798 799 765 
816 765 799 800 766 
817 766 800 801 767 
818 767 801 802 768 
819 768 802 803 769 
820 769 803 804 770 
821 770 804 805 771 
822 771 805 806 772 
823 772 806 807 773 
824 773 807 808 774 
825 774 808 180 181 
826 21 22 809 775 
827 775 809 810 776 
828 776 810 811 777 
829 777 811 812 778 
830 778 812 813 779 
831 779 813 814 780 
832 780 814 815 781 
833 781 815 816 782 
834 782 816 817 783 
835 783 817 818 784 
836 784 818 819 785 
837 785 819 820 786 
838 786 820 821 787 
839 787 821 822 788 
840 788 822 823 789 
841 789 823 824 790 
842 790 824 825 791 
843 791 825 826 792 
844 792 826 827 793 
845 793 827 828 794 
846 794 828 829 795 
847 795 829 830 796 
848 796 830 831 797 
849 797 831 832 798 
850 798 832 833 799 
851 799 833 834 800 
852 800 834 835 801 
853 801 835 836 802 
854 802 836 837 803 
855 803 837 838 804 
856 804 838 839 805 
857 805 839 840 806 
858 806 840 841 807 
859 807 841 842 808 
860 808 842 179 180 
861 22 23 843 809 
862 809 843 844 810 
863 810 844 845 811 
864 811 845 846 812 
865 812 846 847 813 
866 813 847 848 814 
867 814 848 849 815 
868 815 849 850 816 
869 816 850 851 817 
870 817 851 852 818 
871 818 852 853 819 
872 819 853 854 820 
873 820 854 855 821 
874 821 855 856 822 
875 822 856 857 823 
876 823 857 858 824 
877 824 858 859 825 
878 825 859 860 826 
879 826 860 861 827 
880 827 861 862 828 
881 828 862 863 829 
882 829 863 864 830 
883 830 864 865 831 
884 831 865 866 832 
885 832 866 867 833 
886 833 867 868 834 
887 834 868 869 835 
888 835 869 870 836 
889 836 870 871 837 
890 837 871 872 838 
891 838 872 873 839 
892 839 873 874 840 
893 840 874 875 841 
894 841 875 876 842 
895 842 876 178 179 
896 23 24 877 843 
897 843 877 878 844 
898 844 878 879 845 
899 845 879 880 846 
900 846 880 881 847 
901 847 881 882 848 
902 848 882 883 849 
903 849 883 884 850 
904 850 884 885 851 
905 851 885 886 852 
906 852 886 887 853 
907 853 887 888 854 
908 854 888 889 855 
909 855 889 890 856 
910 856 890 891 857 
911 857 891 892 858 
912 858 892 893 859 
913 859 893 894 860 
914 860 894 895 861 
915 861 895 896 862 
916 862 896 897 863 
917 863 897 898 864 
918 864 898 899 865 
919 865 899 900 866 
920 866 900 901 867 
921 867 901 902 868 
922 868 902 903 869 
923 869 903 904 870 
924 870 904 905 871 
925 871 905 906 872 
926 872 906 907 873 
927 873 907 908 874 
928 874 908 909 875 
929 875 909 910 876 
930 876 910 177 178 
931 24 25 911 877 
932 877 911 912 878 
933 878 912 913 879 
934 879 913 914 880 
935 880 914 915 881 
936 881 915 916 882 
937 882 916 917 883 
938 883 917 918 884 
939 884 918 919 885 
940 885 919 920 886 
941 886 920 921 887 
942 887 921 922 888 
943 888 922 923 889 
944 889 923 924 890 
945 890 924 925 891 
946 891 925 926 892 
947 892 926 927 893 
948 893 927 928 894 
949 894 928 929 895 
950 895 929 930 896 
951 896 930 931 897 
952 897 931 932 898 
953 898 932 933 899 
954 899 933 934 900 
955 900 934 935 901 
956 901 935 936 902 
957 902 936 937 903 
958 903 937 938 904 
959 904 938 939 905 
960 905 939 940 906 
961 906 940 941 907 
962 907 941 942 908 
963 908 942 943 909 
964 909 943 944 910 
965 910 944 176 177 
966 25 26 945 911 
967 911 945 946 912 
968 912 946 947 913 
969 913 947 948 914 
970 914 948 949 915 
971 915 949 950 916 
972 916 950 951 917 
973 917 951 952 918 
974 918 952 953 919 
975 919 953 954 920 
976 920 954 955 921 
977 921 955 956 922 
978 922 956 957 923 
979 923 957 958 924 
980 924 958 959 925 
981 925 959 960 926 
982 926 960 961 927 
983 927 961 962 928 
984 928 962 963 929 
985 929 963 964 930 
986 930 964 965 931 
987 931 965 966 932 
988 932 966 967 933 
989 933 967 968 934 
990 934 968 969 935 
991 935 969 970 936 
992 936 970 971 937 
993 937 971 972 938 
994 938 972 973 939 
995 939 973 974 940 
996 940 974 975 941 
997 941 975 976 942 
998 942 976 977 943 
999 943 977 978 944 
1000 944 978 175 176 
1001 26 27 979 945 
1002 945 979 980 946 
1003 946 980 981 947 
1004 947 981 982 948 
1005 948 982 983 949 
1006 949 983 984 950 
1007 950 984 985 951 
1008 951 985 986 952 
1009 952 986 987 953 
1010 953 987 988 954 
1011 954 988 989 955 
1012 955 989 990 956 
1013 956 990 991 957 
1014 957 991 992 958 
1015 958 992 993 959 
1016 959 993 994 960 
1017 960 994 995 961 
1018 961 995 996 962 
1019 962 996 997 963 
1020 963 997 998 964 
1021 964 998 999 965 
1022 965 999 1000 966 
1023 966 1000 1001 967 
1024 967 1001 1002 968 
1025 968 1002 1003 969 
1026 969 1003 1004 970 
1027 970 1004 1005 971 
1028 971 1005 1006 972 
1029 972 1006 1007 973 
1030 973 1007 1008 974 
1031 974 1008 1009 975 
1032 975 1009 1010 976 
1033 976 1010 1011 977 
1034 977 1011 1012 978 
1035 978 1012 174 175 
1036 27 28 1013 979 
1037 979 1013 1014 980 
1038 980 1014 1015 981 
1039 981 1015 1016 982 
1040 982 1016 1017 983 
1041 983 1017 1018 984 
1042 984 1018 1019 985 
1043 985 1019 1020 986 
1044 986 1020 1021 987 
1045 987 1021 1022 988 
1046 988 1022 1023 989 
1047 989 1023 1024 990 
1048 990 1024 1025 991 
1049 991 1025 1026 992 
1050 992 1026 1027 993 
1051 993 1027 1028 994 
1052 994 1028 1029 995 
1053 995 1029 1030 996 
1054 996 1030 1031 997 
1055 997 1031 1032 998 
1056 998 1032 1033 999 
1057 999 1033 1034 1000 
1058 1000 1034 1035 1001 
1059 1001 1035 1036 1002 
1060 1002 1036 1037 1003 
1061 1003 1037 1038 1004 
1062 1004 1038 1039 1005 
1063 1005 1039 1040 1006 
1064 1006 1040 1041 1007 
1065 1007 1041 1042 1008 
1066 1008 1042 1043 1009 
1067 1009 1043 1044 1010 
1068 1010 1044 1045 1011 
1069 1011 1045 1046 1012 
1070 1012 1046 173 174 
1071 28 29 1047 1013 
1072 1013 1047 1048 1014 
1073 1014 1048 1049 1015 
1074 1015 1049 1050 1016 
1075 1016 1050 1051 1017 
1076 1017 1051 1052 1018 
1077 1018 1052 1053 1019 
1078 1019 1053 1054 1020 
1079 1020 1054 1055 1021 
1080 1021 1055 1056 1022 
1081 1022 1056 1057 1023 
1082 1023 1057 1058 1024 
1083 1024 1058 1059 1025 
1084 1025 1059 1060 1026 
1085 1026 1060 1061 1027 
1086 1027 1061 1062 1028 
1087 1028 1062 1063 1029 
1088 1029 1063 1064 1030 
1089 1030 1064 1065 1031 
1090 1031 1065 1066 1032 
1091 1032 1066 1067 1033 
1092 1033 1067 1068 1034 
1093 1034 1068 1069 1035 
1094 1035 1069 1070 1036 
1095 1036 1070 1071 1037 
1096 1037 1071 1072 1038 
1097 1038 1072 1073 1039 
1098 1039 1073 1074 1040 
1099 1040 1074 1075 1041 
1100 1041 1075 1076 1042 
1101 1042 1076 1077 1043 
1102 1043 1077 1078 1044 
1103 1044 1078 1079 1045 
1104 1045 1079 1080 1046 
1105 1046 1080 172 173 
1106 29 30 1081 1047 
1107 1047 1081 1082 1048 
1108 1048 1082 1083 1049 
1109 1049 1083 1084 1050 
1110 1050 1084 1085 1051 
1111 1051 1085 1086 1052 
1112 1052 1086 1087 1053 
1113 1053 1087 1088 1054 
1114 1054 1088 1089 1055 
1115 1055 1089 1090 1056 
1116 1056 1090 1091 1057 
1117 1057 1091 1092 1058 
1118 1058 1092 1093 1059 
1119 1059 1093 1094 1060 
1120 1060 1094 1095 1061 
1121 1061 1095 1096 1062 
1122 1062 1096 1097 1063 
1123 1063 1097 1098 1064 
1124 1064 1098 1099 1065 
1125 1065 1099 1100 1066 
1126 1066 1100 1101 1067 
1127 1067 1101 1102 1068 
1128 1068 1102 1103 1069 
1129 1069 1103 1104 1070 
1130 1070 1104 1105 1071 
1131 1071 1105 1106 1072 
1132 1072 1106 1107 1073 
1133 1073 1107 1108 1074 
1134 1074 1108 1109 1075 
1135 1075 1109 1110 1076 
1136 1076 1110 1111 1077 
1137 1077 1111 1112 1078 
1138 1078 1112 1113 1079 
1139 1079 1113 1114 1080 
1140 1080 1114 171 172 
1141 30 31 1115 1081 
1142 1081 1115 1116 1082 
1143 1082 1116 1117 1083 
1144 1083 1117 1118 1084 
1145 1084 1118 1119 1085 
1146 1085 1119 1120 1086 
1147 1086 1120 1121 1087 
1148 1087 1121 1122 1088 
1149 1088 1122 1123 1089 
1150 1089 1123 1124 1090 
1151 1090 1124 1125 1091 
1152 1091 1125 1126 1092 
1153 1092 1126 1127 1093 
1154 1093 1127 1128 1094 
1155 1094 1128 1129 1095 
1156 1095 1129 1130 1096 
1157 1096 1130 1131 1097 
1158 1097 1131 1132 1098 
1159 1098 1132 1133 1099 
1160 1099 1133 1134 1100 
1161 1100 1134 1135 1101 
1162 1101 1135 1136 1102 
1163 1102 1136 1137 1103 
1164 1103 1137 1138 1104 
1165 1104 1138 1139 1105 
1166 1105 1139 1140 1106 
1167 1106 1140 1141 1107 
1168 1107 1141 1142 1108 
1169 1108 1142 1143 1109 
1170 1109 1143 1144 1110 
1171 1110 1144 1145 1111 
1172 1111 1145 1146 1112 
1173 1112 1146 1147 1113 
1174 1113 1147 1148 1114 
1175 1114 1148 170 171 
1176 31 32 1149 1115 
1177 1115 1149 1150 1116 
1178 1116 1150 1151 1117 
1179 1117 1151 1152 1118 
1180 1118 1152 1153 1119 
1181 1119 1153 1154 1120 
1182 1120 1154 1155 1121 
1183 1121 1155 1156 1122 
1184 1122 1156 1157 1123 
1185 1123 1157 1158 1124 
1186 1124 1158 1159 1125 
1187 1125 1159 1160 1126 
1188 1126 1160 1161 1127 
1189 1127 1161 1162 1128 
1190 1128 1162 1163 1129 
1191 1129 1163 1164 1130 
1192 1130 1164 1165 1131 
1193 1131 1165 1166 1132 
1194 1132 1166 1167 1133 
1195 1133 1167 1168 1134 
1196 1134 1168 1169 1135 
1197 1135 1169 1170 1136 
1198 1136 1170 1171 1137 
1199 1137 1171 1172 1138 
1200 1138 1172 1173 1139 
1201 1139 1173 1174 1140 
1202 1140 1174 1175 1141 
1203 1141 1175 1176 1142 
1204 1142 1176 1177 1143 
1205 1143 1177 1178 1144 
1206 1144 1178 1179 1145 
1207 1145 1179 1180 1146 
1208 1146 1180 1181 1147 
1209 1147 1181 1182 1148 
1210 1148 1182 169 170 
1211 32 33 1183 1149 
1212 1149 1183 1184 1150 
1213 1150 1184 1185 1151 
1214 1151 1185 1186 1152 
1215 1152 1186 1187 1153 
1216 1153 1187 1188 1154 
1217 1154 1188 1189 1155 
1218 1155 1189 1190 1156 
1219 1156 1190 1191 1157 
1220 1157 1191 1192 1158 
1221 1158 1192 1193 1159 
1222 1159 1193 1194 1160 
1223 1160 1194 1195 1161 
1224 1161 1195 1196 1162 
1225 1162 1196 1197 1163 
1226 1163 1197 1198 1164 
1227 1164 1198 1199 1165 
1228 1165 1199 1200 1166 
1229 1166 1200 1201 1167 
1230 1167 1201 1202 1168 
1231 1168 1202 1203 1169 
1232 1169 1203 1204 1170 
1233 1170 1204 1205 1171 
1234 1171 1205 1206 1172 
1235 1172 1206 1207 1173 
1236 1173 1207 1208 1174 
1237 1174 1208 1209 1175 
1238 1175 1209 1210 1176 
1239 1176 1210 1211 1177 
1240 1177 1211 1212 1178 
1241 1178 1212 1213 1179 
1242 1179 1213 1214 1180 
1243 1180 1214 1215 1181 
1244 1181 1215 1216 1182 
1245 1182 1216 168 169 
1246 33 34 1217 1183 
1247 1183 1217 1218 1184 
1248 1184 1218 1219 1185 
1249 1185 1219 1220 1186 
1250 1186 1220 1221 1187 
1251 1187 1221 1222 1188 
1252 1188 1222 1223 1189 
1253 1189 1223 1224 1190 
1254 1190 1224 1225 1191 
1255 1191 1225 1226 1192 
1256 1192 1226 1227 1193 
1257 1193 1227 1228 1194 
1258 1194 1228 1229 1195 
1259 1195 1229 1230 1196 
1260 1196 1230 1231 1197 
1261 1197 1231 1232 1198 
1262 1198 1232 1233 1199 
1263 1199 1233 1234 1200 
1264 1200 1234 1235 1201 
1265 1201 1235 1236 1202 
1266 1202 1236 1237 1203 
1267 1203 1237 1238 1204 
1268 1204 1238 1239 1205 
1269 1205 1239 1240 1206 
1270 1206 1240 1241 1207 
1271 1207 1241 1242 1208 
1272 1208 1242 1243 1209 
1273 1209 1243 1244 1210 
1274 1210 1244 1245 1211 
1275 1211 1245 1246 1212 
1276 1212 1246 1247 1213 
1277 1213 1247 1248 1214 
1278 1214 1248 1249 1215 
1279 1215 1249 1250 1216 
1280 1216 1250 167 168 
1281 34 35 1251 1217 
1282 1217 1251 1252 1218 
1283 1218 1252 1253 1219 
1284 1219 1253 1254 1220 
1285 1220 1254 1255 1221 
1286 1221 1255 1256 1222 
1287 1222 1256 1257 1223 
1288 1223 1257 1258 1224 
1289 1224 1258 1259 1225 
1290 1225 1259 1260 1226 
1291 1226 1260 1261 1227 
1292 1227 1261 1262 1228 
1293 1228 1262 1263 1229 
1294 1229 1263 1264 1230 
1295 1230 1264 1265 1231 
1296 1231 1265 1266 1232 
1297 1232 1266 1267 1233 
1298 1233 1267 1268 1234 
1299 1234 1268 1269 1235 
1300 1235 1269 1270 1236 
1301 1236 1270 1271 1237 
1302 1237 1271 1272 1238 
1303 1238 1272 1273 1239 
1304 1239 1273 1274 1240 
1305 1240 1274 1275 1241 
1306 1241 1275 1276 1242 
1307 1242 1276 1277 1243 
1308 1243 1277 1278 1244 
1309 1244 1278 1279 1245 
1310 1245 1279 1280 1246 
1311 1246 1280 1281 1247 
1312 1247 1281 1282 1248 
1313 1248 1282 1283 1249 
1314 1249 1283 1284 1250 
1315 1250 1284 166 167 
1316 35 36 1285 1251 
1317 1251 1285 1286 1252 
1318 1252 1286 1287 1253 
1319 1253 1287 1288 1254 
1320 1254 1288 1289 1255 
1321 1255 1289 1290 1256 
1322 1256 1290 1291 1257 
1323 1257 1291 1292 1258 
1324 1258 1292 1293 1259 
1325 1259 1293 1294 1260 
1326 1260 1294 1295 1261 
1327 1261 1295 1296 1262 
1328 1262 1296 1297 1263 
1329 1263 1297 1298 1264 
1330 1264 1298 1299 1265 
1331 1265 1299 1300 1266 
1332 1266 1300 1301 1267 
1333 1267 1301 1302 1268 
1334 1268 1302 1303 1269 
1335 1269 1303 1304 1270 
1336 1270 1304 1305 1271 
1337 1271 1305 1306 1272 
1338 1272 1306 1307 1273 
1339 1273 1307 1308 1274 
1340 1274 1308 1309 1275 
1341 1275 1309 1310 1276 
1342 1276 1310 1311 1277 
1343 1277 1311 1312 1278 
1344 1278 1312 1313 1279 
1345 1279 1313 1314 1280 
1346 1280 1314 1315 1281 
1347 1281 1315 1316 1282 
1348 1282 1316 1317 1283 
1349 1283 1317 1318 1284 
1350 1284 1318 165 166 
1351 36 37 1319 1285 
1352 1285 1319 1320 1286 
1353 1286 1320 1321 1287 
1354 1287 1321 1322 1288 
1355 1288 1322 1323 1289 
1356 1289 1323 1324 1290 
1357 1290 1324 1325 1291 
1358 1291 1325 1326 1292 
1359 1292 1326 1327 1293 
1360 1293 1327 1328 1294 
1361 1294 1328 1329 1295 
1362 1295 1329 1330 1296 
1363 1296 1330 1331 1297 
1364 1297 1331 1332 1298 
1365 1298 1332 1333 1299 
1366 1299 1333 1334 1300 
1367 1300 1334 1335 1301 
1368 1301 1335 1336 1302 
1369 1302 1336 1337 1303 
1370 1303 1337 1338 1304 
1371 1304 1338 1339 1305 
1372 1305 1339 1340 1306 
1373 1306 1340 1341 1307 
1374 1307 1341 1342 1308 
1375 1308 1342 1343 1309 
1376 1309 1343 1344 1310 
1377 1310 1344 1345 1311 
1378 1311 1345 1346 1312 
1379 1312 1346 1347 1313 
1380 1313 1347 1348 1314 
1381 1314 1348 1349 1315 
1382 1315 1349 1350 1316 
1383 1316 1350 1351 1317 
1384 1317 1351 1352 1318 
1385 1318 1352 164 165 
1386 37 38 1353 1319 
1387 1319 1353 1354 1320 
1388 1320 1354 1355 1321 
1389 1321 1355 1356 1322 
1390 1322 1356 1357 1323 
1391 1323 1357 1358 1324 
1392 1324 1358 1359 1325 
1393 1325 1359 1360 1326 
1394 1326 1360 1361 1327 
1395 1327 1361 1362 1328 
1396 1328 1362 1363 1329 
1397 1329 1363 1364 1330 
1398 1330 1364 1365 1331 
1399 1331 1365 1366 1332 
1400 1332 1366 1367 1333 
1401 1333 1367 1368 1334 
1402 1334 1368 1369 1335 
1403 1335 1369 1370 1336 
1404 1336 1370 1371 1337 
1405 1337 1371 1372 1338 
1406 1338 1372 1373 1339 
1407 1339 1373 1374 1340 
1408 1340 1374 1375 1341 
1409 1341 1375 1376 1342 
1410 1342 1376 1377 1343 
1411 1343 1377 1378 1344 
1412 1344 1378 1379 1345 
1413 1345 1379 1380 1346 
1414 1346 1380 1381 1347 
1415 1347 1381 1382 1348 
1416 1348 1382 1383 1349 
1417 1349 1383 1384 1350 
1418 1350 1384 1385 1351 
1419 1351 1385 1386 1352 
1420 1352 1386 163 164 
1421 38 39 1387 1353 
1422 1353 1387 1388 1354 
1423 1354 1388 1389 1355 
1424 1355 1389 1390 1356 
1425 1356 1390 1391 1357 
1426 1357 1391 1392 1358 
1427 1358 1392 1393 1359 
1428 1359 1393 1394 1360 
1429 1360 1394 1395 1361 
1430 1361 1395 1396 1362 
1431 1362 1396 1397 1363 
1432 1363 1397 1398 1364 
1433 1364 1398 1399 1365 
1434 1365 1399 1400 1366 
1435 1366 1400 1401 1367 
1436 1367 1401 1402 1368 
1437 1368 1402 1403 1369 
1438 1369 1403 1404 1370 
1439 1370 1404 1405 1371 
1440 1371 1405 1406 1372 
1441 1372 1406 1407 1373 
1442 1373 1407 1408 1374 
1443 1374 1408 1409 1375 
1444 1375 1409 1410 1376 
1445 1376 1410 1411 1377 
1446 1377 1411 1412 1378 
1447 1378 1412 1413 1379 
1448 1379 1413 1414 1380 
1449 1380 1414 1415 1381 
1450 1381 1415 1416 1382 
1451 1382 1416 1417 1383 
1452 1383 1417 1418 1384 
1453 1384 1418 1419 1385 
1454 1385 1419 1420 1386 
1455 1386 1420 162 163 
1456 39 40 1421 1387 
1457 1387 1421 1422 1388 
1458 1388 1422 1423 1389 
1459 1389 1423 1424 1390 
1460 1390 1424 1425 1391 
1461 1391 1425 1426 1392 
1462 1392 1426 1427 1393 
1463 1393 1427 1428 1394 
1464 1394 1428 1429 1395 
1465 1395 1429 1430 1396 
1466 1396 1430 1431 1397 
1467 1397 1431 1432 1398 
1468 1398 1432 1433 1399 
1469 1399 1433 1434 1400 
1470 1400 1434 1435 1401 
1471 1401 1435 1436 1402 
1472 1402 1436 1437 1403 
1473 1403 1437 1438 1404 
1474 1404 1438 1439 1405 
1475 1405 1439 1440 1406 
1476 1406 1440 1441 1407 
1477 1407 1441 1442 1408 
1478 1408 1442 1443 1409 
1479 1409 1443 1444 1410 
1480 1410 1444 1445 1411 
1481 1411 1445 1446 1412 
1482 1412 1446 1447 1413 
1483 1413 1447 1448 1414 
1484 1414 1448 1449 1415 
1485 1415 1449 1450 1416 
1486 1416 1450 1451 1417 
1487 1417 1451 1452 1418 
1488 1418 1452 1453 1419 
1489 1419 1453 1454 1420 
1490 1420 1454 161 162 
1491 40 41 1455 1421 
1492 1421 1455 1456 1422 
1493 1422 1456 1457 1423 
1494 1423 1457 1458 1424 
1495 1424 1458 1459 1425 
1496 1425 1459 1460 1426 
1497 1426 1460 1461 1427 
1498 1427 1461 1462 1428 
1499 1428 1462 1463 1429 
1500 1429 1463 1464 1430 
1501 1430 1464 1465 1431 
1502 1431 1465 1466 1432 
1503 1432 1466 1467 1433 
1504 1433 1467 1468 1434 
1505 1434 1468 1469 1435 
1506 1435 1469 1470 1436 
1507 1436 1470 1471 1437 
1508 1437 1471 1472 1438 
1509 1438 1472 1473 1439 
1510 1439 1473 1474 1440 
1511 1440 1474 1475 1441 
1512 1441 1475 1476 1442 
1513 1442 1476 1477 1443 
1514 1443 1477 1478 1444 
1515 1444 1478 1479 1445 
1516 1445 1479 1480 1446 
1517 1446 1480 1481 1447 
1518 1447 1481 1482 1448 
1519 1448 1482 1483 1449 
1520 1449 1483 1484 1450 
1521 1450 1484 1485 1451 
1522 1451 1485 1486 1452 
1523 1452 1486 1487 1453 
1524 1453 1487 1488 1454 
1525 1454 1488 160 161 
1526 41 42 1489 1455 
1527 1455 1489 1490 1456 
1528 1456 1490 1491 1457 
1529 1457 1491 1492 1458 
1530 1458 1492 1493 1459 
1531 1459 1493 1494 1460 
1532 1460 1494 1495 1461 
1533 1461 1495 1496 1462 
1534 1462 1496 1497 1463 
1535 1463 1497 1498 1464 
1536 1464 1498 1499 1465 
1537 1465 1499 1500 1466 
1538 1466 1500 1501 1467 
1539 1467 1501 1502 1468 
1540 1468 1502 1503 1469 
1541 1469 1503 1504 1470 
1542 1470 1504 1505 1471 
1543 1471 1505 1506 1472 
1544 1472 1506 1507 1473 
1545 1473 1507 1508 1474 
1546 1474 1508 1509 1475 
1547 1475 1509 1510 1476 
1548 1476 1510 1511 1477 
1549 1477 1511 1512 1478 
1550 1478 1512 1513 1479 
1551 1479 1513 1514 1480 
1552 1480 1514 1515 1481 
1553 1481 1515 1516 1482 
1554 1482 1516 1517 1483 
1555 1483 1517 1518 1484 
1556 1484 1518 1519 1485 
1557 1485 1519 1520 1486 
1558 1486 1520 1521 1487 
1559 1487 1521 1522 1488 
1560 1488 1522 159 160 
1561 42 43 1523 1489 
1562 1489 1523 1524 1490 
1563 1490 1524 1525 1491 
1564 1491 1525 1526 1492 
1565 1492 1526 1527 1493 
1566 1493 1527 1528 1494 
1567 1494 1528 1529 1495 
1568 1495 1529 1530 1496 
1569 1496 1530 1531 1497 
1570 1497 1531 1532 1498 
1571 1498 1532 1533 1499 
1572 1499 1533 1534 1500 
1573 1500 1534 1535 1501 
1574 1501 1535 1536 1502 
1575 1502 1536 1537 1503 
1576 1503 1537 1538 1504 
1577 1504 1538 1539 1505 
1578 1505 1539 1540 1506 
1579 1506 1540 1541 1507 
1580 1507 1541 1542 1508 
1581 1508 1542 1543 1509 
1582 1509 1543 1544 1510 
1583 1510 1544 1545 1511 
1584 1511 1545 1546 1512 
1585 1512 1546 1547 1513 
1586 1513 1547 1548 1514 
1587 1514 1548 1549 1515 
1588 1515 1549 1550 1516 
1589 1516 1550 1551 1517 
1590 1517 1551 1552 1518 
1591 1518 1552 1553 1519 
1592 1519 1553 1554 1520 
1593 1520 1554 1555 1521 
1594 1521 1555 1556 1522 
1595 1522 1556 158 159 
1596 43 44 1557 1523 
1597 1523 1557 1558 1524 
1598 1524 1558 1559 1525 
1599 1525 1559 1560 1526 
1600 1526 1560 1561 1527 
1601 1527 1561 1562 1528 
1602 1528 1562 1563 1529 
1603 1529 1563 1564 1530 
1604 1530 1564 1565 1531 
1605 1531 1565 1566 1532 
1606 1532 1566 1567 1533 
1607 1533 1567 1568 1534 
1608 1534 1568 1569 1535 
1609 1535 1569 1570 1536 
1610 1536 1570 1571 1537 
1611 1537 1571 1572 1538 
1612 1538 1572 1573 1539 
1613 1539 1573 1574 1540 
1614 1540 1574 1575 1541 
1615 1541 1575 1576 1542 
1616 1542 1576 1577 1543 
1617 1543 1577 1578 1544 
1618 1544 1578 1579 1545 
1619 1545 1579 1580 1546 
1620 1546 1580 1581 1547 
1621 1547 1581 1582 1548 
1622 1548 1582 1583 1549 
1623 1549 1583 1584 1550 
1624 1550 1584 1585 1551 
1625 1551 1585 1586 1552 
1626 1552 1586 1587 1553 
1627 1553 1587 1588 1554 
1628 1554 1588 1589 1555 
1629 1555 1589 1590 1556 
1630 1556 1590 157 158 
1631 44 45 1591 1557 
1632 1557 1591 1592 1558 
1633 1558 1592 1593 1559 
1634 1559 1593 1594 1560 
1635 1560 1594 1595 1561 
1636 1561 1595 1596 1562 
1637 1562 1596 1597 1563 
1638 1563 1597 1598 1564 
1639 1564 1598 1599 1565 
1640 1565 1599 1600 1566 
1641 1566 1600 1601 1567 
1642 1567 1601 1602 1568 
1643 1568 1602 1603 1569 
1644 1569 1603 1604 1570 
1645 1570 1604 1605 1571 
1646 1571 1605 1606 1572 
1647 1572 1606 1607 1573 
1648 1573 1607 1608 1574 
1649 1574 1608 1609 1575 
1650 1575 1609 1610 1576 
1651 1576 1610 1611 1577 
1652 1577 1611 1612 1578 
1653 1578 1612 1613 1579 
1654 1579 1613 1614 1580 
1655 1580 1614 1615 1581 
1656 1581 1615 1616 1582 
1657 1582 1616 1617 1583 
1658 1583 1617 1618 1584 
1659 1584 1618 1619 1585 
1660 1585 1619 1620 1586 
1661 1586 1620 1621 1587 
1662 1587 1621 1622 1588 
1663 1588 1622 1623 1589 
1664 1589 1623 1624 1590 
1665 1590 1624 156 157 
1666 45 46 1625 1591 
1667 1591 1625 1626 1592 
1668 1592 1626 1627 1593 
1669 1593 1627 1628 1594 
1670 1594 1628 1629 1595 
1671 1595 1629 1630 1596 
1672 1596 1630 1631 1597 
1673 1597 1631 1632 1598 
1674 1598 1632 1633 1599 
1675 1599 1633 1634 1600 
1676 1600 1634 1635 1601 
1677 1601 1635 1636 1602 
1678 1602 1636 1637 1603 
1679 1603 1637 1638 1604 
1680 1604 1638 1639 1605 
1681 1605 1639 1640 1606 
1682 1606 1640 1641 1607 
1683 1607 1641 1642 1608 
1684 1608 1642 1643 1609 
1685 1609 1643 1644 1610 
1686 1610 1644 1645 1611 
1687 1611 1645 1646 1612 
1688 1612 1646 1647 1613 
1689 1613 1647 1648 1614 
1690 1614 1648 1649 1615 
1691 1615 1649 1650 1616 
1692 1616 1650 1651 1617 
1693 1617 1651 1652 1618 
1694 1618 1652 1653 1619 
1695 1619 1653 1654 1620 
1696 1620 1654 1655 1621 
1697 1621 1655 1656 1622 
1698 1622 1656 1657 1623 
1699 1623 1657 1658 1624 
1700 1624 1658 155 156 
1701 46 47 1659 1625 
1702 1625 1659 1660 1626 
1703 1626 1660 1661 1627 
1704 1627 1661 1662 1628 
1705 1628 1662 1663 1629 
1706 1629 1663 1664 1630 
1707 1630 1664 1665 1631 
1708 1631 1665 1666 1632 
1709 1632 1666 1667 1633 
1710 1633 1667 1668 1634 
1711 1634 1668 1669 1635 
1712 1635 1669 1670 1636 
1713 1636 1670 1671 1637 
1714 1637 1671 1672 1638 
1715 1638 1672 1673 1639 
1716 1639 1673 1674 1640 
1717 1640 1674 1675 1641 
1718 1641 1675 1676 1642 
1719 1642 1676 1677 1643 
1720 1643 1677 1678 1644 
1721 1644 1678 1679 1645 
1722 1645 1679 1680 1646 
1723 1646 1680 1681 1647 
1724 1647 1681 1682 1648 
1725 1648 1682 1683 1649 
1726 1649 1683 1684 1650 
1727 1650 1684 1685 1651 
1728 1651 1685 1686 1652 
1729 1652 1686 1687 1653 
1730 1653 1687 1688 1654 
1731 1654 1688 1689 1655 
1732 1655 1689 1690 1656 
1733 1656 1690 1691 1657 
1734 1657 1691 1692 1658 
1735 1658 1692 154 155 
1736 47 48 1693 1659 
1737 1659 1693 1694 1660 
1738 1660 1694 1695 1661 
1739 1661 1695 1696 1662 
1740 1662 1696 1697 1663 
1741 1663 1697 1698 1664 
1742 1664 1698 1699 1665 
1743 1665 1699 1700 1666 
1744 1666 1700 1701 1667 
1745 1667 1701 1702 1668 
1746 1668 1702 1703 1669 
1747 1669 1703 1704 1670 
1748 1670 1704 1705 1671 
1749 1671 1705 1706 1672 
1750 1672 1706 1707 1673 
1751 1673 1707 1708 1674 
1752 1674 1708 1709 1675 
1753 1675 1709 1710 1676 
1754 1676 1710 1711 1677 
1755 1677 1711 1712 1678 
1756 1678 1712 1713 1679 
1757 1679 1713 1714 1680 
1758 1680 1714 1715 1681 
1759 1681 1715 1716 1682 
1760 1682 1716 1717 1683 
1761 1683 1717 1718 1684 
1762 1684 1718 1719 1685 
1763 1685 1719 1720 1686 
1764 1686 1720 1721 1687 
1765 1687 1721 1722 1688 
1766 1688 1722 1723 1689 
1767 1689 1723 1724 1690 
1768 1690 1724 1725 1691 
1769 1691 1725 1726 1692 
1770 1692 1726 153 154 
1771 48 49 1727 1693 
1772 1693 1727 1728 1694 
1773 1694 1728 1729 1695 
1774 1695 1729 1730 1696 
1775 1696 1730 1731 1697 
1776 1697 1731 1732 1698 
1777 1698 1732 1733 1699 
1778 1699 1733 1734 1700 
1779 1700 1734 1735 1701 
1780 1701 1735 1736 1702 
1781 1702 1736 1737 1703 
1782 1703 1737 1738 1704 
1783 1704 1738 1739 1705 
1784 1705 1739 1740 1706 
1785 1706 1740 1741 1707 
1786 1707 1741 1742 1708 
1787 1708 1742 1743 1709 
1788 1709 1743 1744 1710 
1789 1710 1744 1745 1711 
1790 1711 1745 1746 1712 
1791 1712 1746 1747 1713 
1792 1713 1747 1748 1714 
1793 1714 1748 1749 1715 
1794 1715 1749 1750 1716 
1795 1716 1750 1751 1717 
1796 1717 1751 1752 1718 
1797 1718 1752 1753 1719 
1798 1719 1753 1754 1720 
1799 1720 1754 1755 1721 
1800 1721 1755 1756 1722 
1801 1722 1756 1757 1723 
1802 1723 1757 1758 1724 
1803 1724 1758 1759 1725 
1804 1725 1759 1760 1726 
1805 1726 1760 152 153 
1806 49 50 1761 1727 
1807 1727 1761 1762 1728 
1808 1728 1762 1763 1729 
1809 1729 1763 1764 1730 
1810 1730 1764 1765 1731 
1811 1731 1765 1766 1732 
1812 1732 1766 1767 1733 
1813 1733 1767 1768 1734 
1814 1734 1768 1769 1735 
1815 1735 1769 1770 1736 
1816 1736 1770 1771 1737 
1817 1737 1771 1772 1738 
1818 1738 1772 1773 1739 
1819 1739 1773 1774 1740 
1820 1740 1774 1775 1741 
1821 1741 1775 1776 1742 
1822 1742 1776 1777 1743 
1823 1743 1777 1778 1744 
1824 1744 1778 1779 1745 
1825 1745 1779 1780 1746 
1826 1746 1780 1781 1747 
1827 1747 1781 1782 1748 
1828 1748 1782 1783 1749 
1829 1749 1783 1784 1750 
1830 1750 1784 1785 1751 
1831 1751 1785 1786 1752 
1832 1752 1786 1787 1753 
1833 1753 1787 1788 1754 
1834 1754 1788 1789 1755 
1835 1755 1789 1790 1756 
1836 1756 1790 1791 1757 
1837 1757 1791 1792 1758 
1838 1758 1792 1793 1759 
1839 1759 1793 1794 1760 
1840 1760 1794 151 152 
1841 50 51 1795 1761 
1842 1761 1795 1796 1762 
1843 1762 1796 1797 1763 
1844 1763 1797 1798 1764 
1845 1764 1798 1799 1765 
1846 1765 1799 1800 1766 
1847 1766 1800 1801 1767 
1848 1767 1801 1802 1768 
1849 1768 1802 1803 1769 
1850 1769 1803 1804 1770 
1851 1770 1804 1805 1771 
1852 1771 1805 1806 1772 
1853 1772 1806 1807 1773 
1854 1773 1807 1808 1774 
1855 1774 1808 1809 1775 
1856 1775 1809 1810 1776 
1857 1776 1810 1811 1777 
1858 1777 1811 1812 1778 
1859 1778 1812 1813 1779 
1860 1779 1813 1814 1780 
1861 1780 1814 1815 1781 
1862 1781 1815 1816 1782 
1863 1782 1816 1817 1783 
1864 1783 1817 1818 1784 
1865 1784 1818 1819 1785 
1866 1785 1819 1820 1786 
1867 1786 1820 1821 1787 
1868 1787 1821 1822 1788 
1869 1788 1822 1823 1789 
1870 1789 1823 1824 1790 
1871 1790 1824 1825 1791 
1872 1791 1825 1826 1792 
1873 1792 1826 1827 1793 
1874 1793 1827 1828 1794 
1875 1794 1828 150 151 
1876 51 52 1829 1795 
1877 1795 1829 1830 1796 
1878 1796 1830 1831 1797 
1879 1797 1831 1832 1798 
1880 1798 1832 1833 1799 
1881 1799 1833 1834 1800 
1882 1800 1834 1835 1801 
1883 1801 1835 1836 1802 
1884 1802 1836 1837 1803 
1885 1803 1837 1838 1804 
1886 1804 1838 1839 1805 
1887 1805 1839 1840 1806 
1888 1806 1840 1841 1807 
1889 1807 1841 1842 1808 
1890 1808 1842 1843 1809 
1891 1809 1843 1844 1810 
1892 1810 1844 1845 1811 
1893 1811 1845 1846 1812 
1894 1812 1846 1847 1813 
1895 1813 1847 1848 1814 
1896 1814 1848 1849 1815 
1897 1815 1849 1850 1816 
1898 1816 1850 1851 1817 
1899 1817 1851 1852 1818 
1900 1818 1852 1853 1819 
1901 1819 1853 1854 1820 
1902 1820 1854 1855 1821 
1903 1821 1855 1856 1822 
1904 1822 1856 1857 1823 
1905 1823 1857 1858 1824 
1906 1824 1858 1859 1825 
1907 1825 1859 1860 1826 
1908 1826 1860 1861 1827 
1909 1827 1861 1862 1828 
1910 1828 1862 149 150 
1911 52 53 1863 1829 
1912 1829 1863 1864 1830 
1913 1830 1864 1865 1831 
1914 1831 1865 1866 1832 
1915 1832 1866 1867 1833 
1916 1833 1867 1868 1834 
1917 1834 1868 1869 1835 
1918 1835 1869 1870 1836 
1919 1836 1870 1871 1837 
1920 1837 1871 1872 1838 
1921 1838 1872 1873 1839 
1922 1839 1873 1874 1840 
1923 1840 1874 1875 1841 
1924 1841 1875 1876 1842 
1925 1842 1876 1877 1843 
1926 1843 1877 1878 1844 
1927 1844 1878 1879 1845 
1928 1845 1879 1880 1846 
1929 1846 1880 1881 1847 
1930 1847 1881 1882 1848 
1931 1848 1882 1883 1849 
1932 1849 1883 1884 1850 
1933 1850 1884 1885 1851 
1934 1851 1885 1886 1852 
1935 1852 1886 1887 1853 
1936 1853 1887 1888 1854 
1937 1854 1888 1889 1855 
1938 1855 1889 1890 1856 
1939 1856 1890 1891 1857 
1940 1857 1891 1892 1858 
1941 1858 1892 1893 1859 
1942 1859 1893 1894 1860 
1943 1860 1894 1895 1861 
1944 1861 1895 1896 1862 
1945 1862 1896 148 149 
1946 53 54 1897 1863 
1947 1863 1897 1898 1864 
1948 1864 1898 1899 1865 
1949 1865 1899 1900 1866 
1950 1866 1900 1901 1867 
1951 1867 1901 1902 1868 
1952 1868 1902 1903 1869 
1953 1869 1903 1904 1870 
1954 1870 1904 1905 1871 
1955 1871 1905 1906 1872 
1956 1872 1906 1907 1873 
1957 1873 1907 1908 1874 
1958 1874 1908 1909 1875 
1959 1875 1909 1910 1876 
1960 1876 1910 1911 1877 
1961 1877 1911 1912 1878 
1962 1878 1912 1913 1879 
1963 1879 1913 1914 1880 
1964 1880 1914 1915 1881 
1965 1881 1915 1916 1882 
1966 1882 1916 1917 1883 
1967 1883 1917 1918 1884 
1968 1884 1918 1919 1885 
1969 1885 1919 1920 1886 
1970 1886 1920 1921 1887 
1971 1887 1921 1922 1888 
1972 1888 1922 1923 1889 
1973 1889 1923 1924 1890 
1974 1890 1924 1925 1891 
1975 1891 1925 1926 1892 
1976 1892 1926 1927 1893 
1977 1893 1927 1928 1894 
1978 1894 1928 1929 1895 
1979 1895 1929 1930 1896 
1980 1896 1930 147 148 
1981 54 55 1931 1897 
1982 1897 1931 1932 1898 
1983 1898 1932 1933 1899 
1984 1899 1933 1934 1900 
1985 1900 1934 1935 1901 
1986 1901 1935 1936 1902 
1987 1902 1936 1937 1903 
1988 1903 1937 1938 1904 
1989 1904 1938 1939 1905 
1990 1905 1939 1940 1906 
1991 1906 1940 1941 1907 
1992 1907 1941 1942 1908 
1993 1908 1942 1943 1909 
1994 1909 1943 1944 1910 
1995 1910 1944 1945 1911 
1996 1911 1945 1946 1912 
1997 1912 1946 1947 1913 
1998 1913 1947 1948 1914 
1999 1914 1948 1949 1915 
2000 1915 1949 1950 1916 
2001 1916 1950 1951 1917 
2002 1917 1951 1952 1918 
2003 1918 1952 1953 1919 
2004 1919 1953 1954 1920 
2005 1920 1954 1955 1921 
2006 1921 1955 1956 1922 
2007 1922 1956 1957 1923 
2008 1923 1957 1958 1924 
2009 1924 1958 1959 1925 
2010 1925 1959 1960 1926 
2011 1926 1960 1961 1927 
2012 1927 1961 1962 1928 
2013 1928 1962 1963 1929 
2014 1929 1963 1964 1930 
2015 1930 1964 146 147 
2016 55 56 1965 1931 
2017 1931 1965 1966 1932 
2018 1932 1966 1967 1933 
2019 1933 1967 1968 1934 
2020 1934 1968 1969 1935 
2021 1935 1969 1970 1936 
2022 1936 1970 1971 1937 
2023 1937 1971 1972 1938 
2024 1938 1972 1973 1939 
2025 1939 1973 1974 1940 
2026 1940 1974 1975 1941 
2027 1941 1975 1976 1942 
2028 1942 1976 1977 1943 
2029 1943 1977 1978 1944 
2030 1944 1978 1979 1945 
2031 1945 1979 1980 1946 
2032 1946 1980 1981 1947 
2033 1947 1981 1982 1948 
2034 1948 1982 1983 1949 
2035 1949 1983 1984 1950 
2036 1950 1984 1985 1951 
2037 1951 1985 1986 1952 
2038 1952 1986 1987 1953 
2039 1953 1987 1988 1954 
2040 1954 1988 1989 1955 
2041 1955 1989 1990 1956 
2042 1956 1990 1991 1957 
2043 1957 1991 1992 1958 
2044 1958 1992 1993 1959 
2045 1959 1993 1994 1960 
2046 1960 1994 1995 1961 
2047 1961 1995 1996 1962 
2048 1962 1996 1997 1963 
2049 1963 1997 1998 1964 
2050 1964 1998 145 146 
2051 56 57 1999 1965 
2052 1965 1999 2000 1966 
2053 1966 2000 2001 1967 
2054 1967 2001 2002 1968 
2055 1968 2002 2003 1969 
2056 1969 2003 2004 1970 
2057 1970 2004 2005 1971 
2058 1971 2005 2006 1972 
2059 1972 2006 2007 1973 
2060 1973 2007 2008 1974 
2061 1974 2008 2009 1975 
2062 1975 2009 2010 1976 
2063 1976 2010 2011 1977 
2064 1977 2011 2012 1978 
2065 1978 2012 2013 1979 
2066 1979 2013 2014 1980 
2067 1980 2014 2015 1981 
2068 1981 2015 2016 1982 
2069 1982 2016 2017 1983 
2070 1983 2017 2018 1984 
2071 1984 2018 2019 1985 
2072 1985 2019 2020 1986 
2073 1986 2020 2021 1987 
2074 1987 2021 2022 1988 
2075 1988 2022 2023 1989 
2076 1989 2023 2024 1990 
2077 1990 2024 2025 1991 
2078 1991 2025 2026 1992 
2079 1992 2026 2027 1993 
2080 1993 2027 2028 1994 
2081 1994 2028 2029 1995 
2082 1995 2029 2030 1996 
2083 1996 2030 2031 1997 
2084 1997 2031 2032 1998 
2085 1998 2032 144 145 
2086 57 58 2033 1999 
2087 1999 2033 2034 2000 
2088 2000 2034 2035 2001 
2089 2001 2035 2036 2002 
2090 2002 2036 2037 2003 
2091 2003 2037 2038 2004 
2092 2004 2038 2039 2005 
2093 2005 2039 2040 2006 
2094 2006 2040 2041 2007 
2095 2007 2041 2042 2008 
2096 2008 2042 2043 2009 
2097 2009 2043 2044 2010 
2098 2010 2044 2045 2011 
2099 2011 2045 2046 2012 
2100 2012 2046 2047 2013 
2101 2013 2047 2048 2014 
2102 2014 2048 2049 2015 
2103 2015 2049 2050 2016 
2104 2016 2050 2051 2017 
2105 2017 2051 2052 2018 
2106 2018 2052 2053 2019 
2107 2019 2053 2054 2020 
2108 2020 2054 2055 2021 
2109 2021 2055 2056 2022 
2110 2022 2056 2057 2023 
2111 2023 2057 2058 2024 
2112 2024 2058 2059 2025 
2113 2025 2059 2060 2026 
2114 2026 2060 2061 2027 
2115 2027 2061 2062 2028 
2116 2028 2062 2063 2029 
2117 2029 2063 2064 2030 
2118 2030 2064 2065 2031 
2119 2031 2065 2066 2032 
2120 2032 2066 143 144 
2121 58 59 2067 2033 
2122 2033 2067 2068 2034 
2123 2034 2068 2069 2035 
2124 2035 2069 2070 2036 
2125 2036 2070 2071 2037 
2126 2037 2071 2072 2038 
2127 2038 2072 2073 2039 
2128 2039 2073 2074 2040 
2129 2040 2074 2075 2041 
2130 2041 2075 2076 2042 
2131 2042 2076 2077 2043 
2132 2043 2077 2078 2044 
2133 2044 2078 2079 2045 
2134 2045 2079 2080 2046 
2135 2046 2080 2081 2047 
2136 2047 2081 2082 2048 
2137 2048 2082 2083 2049 
2138 2049 2083 2084 2050 
2139 2050 2084 2085 2051 
2140 2051 2085 2086 2052 
2141 2052 2086 2087 2053 
2142 2053 2087 2088 2054 
2143 2054 2088 2089 2055 
2144 2055 2089 2090 2056 
2145 2056 2090 2091 2057 
2146 2057 2091 2092 2058 
2147 2058 2092 2093 2059 
2148 2059 2093 2094 2060 
2149 2060 2094 2095 2061 
2150 2061 2095 2096 2062 
2151 2062 2096 2097 2063 
2152 2063 2097 2098 2064 
2153 2064 2098 2099 2065 
2154 2065 2099 2100 2066 
2155 2066 2100 142 143 
2156 59 60 2101 2067 
2157 2067 2101 2102 2068 
2158 2068 2102 2103 2069 
2159 2069 2103 2104 2070 
2160 2070 2104 2105 2071 
2161 2071 2105 2106 2072 
2162 2072 2106 2107 2073 
2163 2073 2107 2108 2074 
2164 2074 2108 2109 2075 
2165 2075 2109 2110 2076 
2166 2076 2110 2111 2077 
2167 2077 2111 2112 2078 
2168 2078 2112 2113 2079 
2169 2079 2113 2114 2080 
2170 2080 2114 2115 2081 
2171 2081 2115 2116 2082 
2172 2082 2116 2117 2083 
2173 2083 2117 2118 2084 
2174 2084 2118 2119 2085 
2175 2085 2119 2120 2086 
2176 2086 2120 2121 2087 
2177 2087 2121 2122 2088 
2178 2088 2122 2123 2089 
2179 2089 2123 2124 2090 
2180 2090 2124 2125 2091 
2181 2091 2125 2126 2092 
2182 2092 2126 2127 2093 
2183 2093 2127 2128 2094 
2184 2094 2128 2129 2095 
2185 2095 2129 2130 2096 
2186 2096 2130 2131 2097 
2187 2097 2131 2132 2098 
2188 2098 2132 2133 2099 
2189 2099 2133 2134 2100 
2190 2100 2134 141 142 
2191 60 61 2135 2101 
2192 2101 2135 2136 2102 
2193 2102 2136 2137 2103 
2194 2103 2137 2138 2104 
2195 2104 2138 2139 2105 
2196 2105 2139 2140 2106 
2197 2106 2140 2141 2107 
2198 2107 2141 2142 2108 
2199 2108 2142 2143 2109 
2200 2109 2143 2144 2110 
2201 2110 2144 2145 2111 
2202 2111 2145 2146 2112 
2203 2112 2146 2147 2113 
2204 2113 2147 2148 2114 
2205 2114 2148 2149 2115 
2206 2115 2149 2150 2116 
2207 2116 2150 2151 2117 
2208 2117 2151 2152 2118 
2209 2118 2152 2153 2119 
2210 2119 2153 2154 2120 
2211 2120 2154 2155 2121 
2212 2121 2155 2156 2122 
2213 2122 2156 2157 2123 
2214 2123 2157 2158 2124 
2215 2124 2158 2159 2125 
2216 2125 2159 2160 2126 
2217 2126 2160 2161 2127 
2218 2127 2161 2162 2128 
2219 2128 2162 2163 2129 
2220 2129 2163 2164 2130 
2221 2130 2164 2165 2131 
2222 2131 2165 2166 2132 
2223 2132 2166 2167 2133 
2224 2133 2167 2168 2134 
2225 2134 2168 140 141 
2226 61 62 2169 2135 
2227 2135 2169 2170 2136 
2228 2136 2170 2171 2137 
2229 2137 2171 2172 2138 
2230 2138 2172 2173 2139 
2231 2139 2173 2174 2140 
2232 2140 2174 2175 2141 
2233 2141 2175 2176 2142 
2234 2142 2176 2177 2143 
2235 2143 2177 2178 2144 
2236 2144 2178 2179 2145 
2237 2145 2179 2180 2146 
2238 2146 2180 2181 2147 
2239 2147 2181 2182 2148 
2240 2148 2182 2183 2149 
2241 2149 2183 2184 2150 
2242 2150 2184 2185 2151 
2243 2151 2185 2186 2152 
2244 2152 2186 2187 2153 
2245 2153 2187 2188 2154 
2246 2154 2188 2189 2155 
2247 2155 2189 2190 2156 
2248 2156 2190 2191 2157 
2249 2157 2191 2192 2158 
2250 2158 2192 2193 2159 
2251 2159 2193 2194 2160 
2252 2160 2194 2195 2161 
2253 2161 2195 2196 2162 
2254 2162 2196 2197 2163 
2255 2163 2197 2198 2164 
2256 2164 2198 2199 2165 
2257 2165 2199 2200 2166 
2258 2166 2200 2201 2167 
2259 2167 2201 2202 2168 
2260 2168 2202 139 140 
2261 62 63 2203 2169 
2262 2169 2203 2204 2170 
2263 2170 2204 2205 2171 
2264 2171 2205 2206 2172 
2265 2172 2206 2207 2173 
2266 2173 2207 2208 2174 
2267 2174 2208 2209 2175 
2268 2175 2209 2210 2176 
2269 2176 2210 2211 2177 
2270 2177 2211 2212 2178 
2271 2178 2212 2213 2179 
2272 2179 2213 2214 2180 
2273 2180 2214 2215 2181 
2274 2181 2215 2216 2182 
2275 2182 2216 2217 2183 
2276 2183 2217 2218 2184 
2277 2184 2218 2219 2185 
2278 2185 2219 2220 2186 
2279 2186 2220 2221 2187 
2280 2187 2221 2222 2188 
2281 2188 2222 2223 2189 
2282 2189 2223 2224 2190 
2283 2190 2224 2225 2191 
2284 2191 2225 2226 2192 
2285 2192 2226 2227 2193 
2286 2193 2227 2228 2194 
2287 2194 2228 2229 2195 
2288 2195 2229 2230 2196 
2289 2196 2230 2231 2197 
2290 2197 2231 2232 2198 
2291 2198 2232 2233 2199 
2292 2199 2233 2234 2200 
2293 2200 2234 2235 2201 
2294 2201 2235 2236 2202 
2295 2202 2236 138 139 
2296 63 64 2237 2203 
2297 2203 2237 2238 2204 
2298 2204 2238 2239 2205 
2299 2205 2239 2240 2206 
2300 2206 2240 2241 2207 
2301 2207 2241 2242 2208 
2302 2208 2242 2243 2209 
2303 2209 2243 2244 2210 
2304 2210 2244 2245 2211 
2305 2211 2245 2246 2212 
2306 2212 2246 2247 2213 
2307 2213 2247 2248 2214 
2308 2214 2248 2249 2215 
2309 2215 2249 2250 2216 
2310 2216 2250 2251 2217 
2311 2217 2251 2252 2218 
2312 2218 2252 2253 2219 
2313 2219 2253 2254 2220 
2314 2220 2254 2255 2221 
2315 2221 2255 2256 2222 
2316 2222 2256 2257 2223 
2317 2223 2257 2258 2224 
2318 2224 2258 2259 2225 
2319 2225 2259 2260 2226 
2320 2226 2260 2261 2227 
2321 2227 2261 2262 2228 
2322 2228 2262 2263 2229 
2323 2229 2263 2264 2230 
2324 2230 2264 2265 2231 
2325 2231 2265 2266 2232 
2326 2232 2266 2267 2233 
2327 2233 2267 2268 2234 
2328 2234 2268 2269 2235 
2329 2235 2269 2270 2236 
2330 2236 2270 137 138 
2331 64 65 2271 2237 
2332 2237 2271 2272 2238 
2333 2238 2272 2273 2239 
2334 2239 2273 2274 2240 
2335 2240 2274 2275 2241 
2336 2241 2275 2276 2242 
2337 2242 2276 2277 2243 
2338 2243 2277 2278 2244 
2339 2244 2278 2279 2245 
2340 2245 2279 2280 2246 
2341 2246 2280 2281 2247 
2342 2247 2281 2282 2248 
2343 2248 2282 2283 2249 
2344 2249 2283 2284 2250 
2345 2250 2284 2285 2251 
2346 2251 2285 2286 2252 
2347 2252 2286 2287 2253 
2348 2253 2287 2288 2254 
2349 2254 2288 2289 2255 
2350 2255 2289 2290 2256 
2351 2256 2290 2291 2257 
2352 2257 2291 2292 2258 
2353 2258 2292 2293 2259 
2354 2259 2293 2294 2260 
2355 2260 2294 2295 2261 
2356 2261 2295 2296 2262 
2357 2262 2296 2297 2263 
2358 2263 2297 2298 2264 
2359 2264 2298 2299 2265 
2360 2265 2299 2300 2266 
2361 2266 2300 2301 2267 
2362 2267 2301 2302 2268 
2363 2268 2302 2303 2269 
2364 2269 2303 2304 2270 
2365 2270 2304 136 137 
2366 65 66 2305 2271 
2367 2271 2305 2306 2272 
2368 2272 2306 2307 2273 
2369 2273 2307 2308 2274 
2370 2274 2308 2309 2275 
2371 2275 2309 2310 2276 
2372 2276 2310 2311 2277 
2373 2277 2311 2312 2278 
2374 2278 2312 2313 2279 
2375 2279 2313 2314 2280 
2376 2280 2314 2315 2281 
2377 2281 2315 2316 2282 
2378 2282 2316 2317 2283 
2379 2283 2317 2318 2284 
2380 2284 2318 2319 2285 
2381 2285 2319 2320 2286 
2382 2286 2320 2321 2287 
2383 2287 2321 2322 2288 
2384 2288 2322 2323 2289 
2385 2289 2323 2324 2290 
2386 2290 2324 2325 2291 
2387 2291 2325 2326 2292 
2388 2292 2326 2327 2293 
2389 2293 2327 2328 2294 
2390 2294 2328 2329 2295 
2391 2295 2329 2330 2296 
2392 2296 2330 2331 2297 
2393 2297 2331 2332 2298 
2394 2298 2332 2333 2299 
2395 2299 2333 2334 2300 
2396 2300 2334 2335 2301 
2397 2301 2335 2336 2302 
2398 2302 2336 2337 2303 
2399 2303 2337 2338 2304 
2400 2304 2338 135 136 
2401 66 67 2339 2305 
2402 2305 2339 2340 2306 
2403 2306 2340 2341 2307 
2404 2307 2341 2342 2308 
2405 2308 2342 2343 2309 
2406 2309 2343 2344 2310 
2407 2310 2344 2345 2311 
2408 2311 2345 2346 2312 
2409 2312 2346 2347 2313 
2410 2313 2347 2348 2314 
2411 2314 2348 2349 2315 
2412 2315 2349 2350 2316 
2413 2316 2350 2351 2317 
2414 2317 2351 2352 2318 
2415 2318 2352 2353 2319 
2416 2319 2353 2354 2320 
2417 2320 2354 2355 2321 
2418 2321 2355 2356 2322 
2419 2322 2356 2357 2323 
2420 2323 2357 2358 2324 
2421 2324 2358 2359 2325 
2422 2325 2359 2360 2326 
2423 2326 2360 2361 2327 
2424 2327 2361 2362 2328 
2425 2328 2362 2363 2329 
2426 2329 2363 2364 2330 
2427 2330 2364 2365 2331 
2428 2331 2365 2366 2332 
2429 2332 2366 2367 2333 
2430 2333 2367 2368 2334 
2431 2334 2368 2369 2335 
2432 2335 2369 2370 2336 
2433 2336 2370 2371 2337 
2434 2337 2371 2372 2338 
2435 2338 2372 134 135 
2436 67 68 2373 2339 
2437 2339 2373 2374 2340 
2438 2340 2374 2375 2341 
2439 2341 2375 2376 2342 
2440 2342 2376 2377 2343 
2441 2343 2377 2378 2344 
2442 2344 2378 2379 2345 
2443 2345 2379 2380 2346 
2444 2346 2380 2381 2347 
2445 2347 2381 2382 2348 
2446 2348 2382 2383 2349 
2447 2349 2383 2384 2350 
2448 2350 2384 2385 2351 
2449 2351 2385 2386 2352 
2450 2352 2386 2387 2353 
2451 2353 2387 2388 2354 
2452 2354 2388 2389 2355 
2453 2355 2389 2390 2356 
2454 2356 2390 2391 2357 
2455 2357 2391 2392 2358 
2456 2358 2392 2393 2359 
2457 2359 2393 2394 2360 
2458 2360 2394 2395 2361 
2459 2361 2395 2396 2362 
2460 2362 2396 2397 2363 
2461 2363 2397 2398 2364 
2462 2364 2398 2399 2365 
2463 2365 2399 2400 2366 
2464 2366 2400 2401 2367 
2465 2367 2401 2402 2368 
2466 2368 2402 2403 2369 
2467 2369 2403 2404 2370 
2468 2370 2404 2405 2371 
2469 2371 2405 2406 2372 
2470 2372 2406 133 134 
2471 68 69 2407 2373 
2472 2373 2407 2408 2374 
2473 2374 2408 2409 2375 
2474 2375 2409 2410 2376 
2475 2376 2410 2411 2377 
2476 2377 2411 2412 2378 
2477 2378 2412 2413 2379 
2478 2379 2413 2414 2380 
2479 2380 2414 2415 2381 
2480 2381 2415 2416 2382 
2481 2382 2416 2417 2383 
2482 2383 2417 2418 2384 
2483 2384 2418 2419 2385 
2484 2385 2419 2420 2386 
2485 2386 2420 2421 2387 
2486 2387 2421 2422 2388 
2487 2388 2422 2423 2389 
2488 2389 2423 2424 2390 
2489 2390 2424 2425 2391 
2490 2391 2425 2426 2392 
2491 2392 2426 2427 2393 
2492 2393 2427 2428 2394 
2493 2394 2428 2429 2395 
2494 2395 2429 2430 2396 
2495 2396 2430 2431 2397 
2496 2397 2431 2432 2398 
2497 2398 2432 2433 2399 
2498 2399 2433 2434 2400 
2499 2400 2434 2435 2401 
2500 2401 2435 2436 2402 
2501 2402 2436 2437 2403 
2502 2403 2437 2438 2404 
2503 2404 2438 2439 2405 
2504 2405 2439 2440 2406 
2505 2406 2440 132 133 
2506 69 70 2441 2407 
2507 2407 2441 2442 2408 
2508 2408 2442 2443 2409 
2509 2409 2443 2444 2410 
2510 2410 2444 2445 2411 
2511 2411 2445 2446 2412 
2512 2412 2446 2447 2413 
2513 2413 2447 2448 2414 
2514 2414 2448 2449 2415 
2515 2415 2449 2450 2416 
2516 2416 2450 2451 2417 
2517 2417 2451 2452 2418 
2518 2418 2452 2453 2419 
2519 2419 2453 2454 2420 
2520 2420 2454 2455 2421 
2521 2421 2455 2456 2422 
2522 2422 2456 2457 2423 
2523 2423 2457 2458 2424 
2524 2424 2458 2459 2425 
2525 2425 2459 2460 2426 
2526 2426 2460 2461 2427 
2527 2427 2461 2462 2428 
2528 2428 2462 2463 2429 
2529 2429 2463 2464 2430 
2530 2430 2464 2465 2431 
2531 2431 2465 2466 2432 
2532 2432 2466 2467 2433 
2533 2433 2467 2468 2434 
2534 2434 2468 2469 2435 
2535 2435 2469 2470 2436 
2536 2436 2470 2471 2437 
2537 2437 2471 2472 2438 
2538 2438 2472 2473 2439 
2539 2439 2473 2474 2440 
2540 2440 2474 131 132 
2541 70 71 2475 2441 
2542 2441 2475 2476 2442 
2543 2442 2476 2477 2443 
2544 2443 2477 2478 2444 
2545 2444 2478 2479 2445 
2546 2445 2479 2480 2446 
2547 2446 2480 2481 2447 
2548 2447 2481 2482 2448 
2549 2448 2482 2483 2449 
2550 2449 2483 2484 2450 
2551 2450 2484 2485 2451 
2552 2451 2485 2486 2452 
2553 2452 2486 2487 2453 
2554 2453 2487 2488 2454 
2555 2454 2488 2489 2455 
2556 2455 2489 2490 2456 
2557 2456 2490 2491 2457 
2558 2457 2491 2492 2458 
2559 2458 2492 2493 2459 
2560 2459 2493 2494 2460 
2561 2460 2494 2495 2461 
2562 2461 2495 2496 2462 
2563 2462 2496 2497 2463 
2564 2463 2497 2498 2464 
2565 2464 2498 2499 2465 
2566 2465 2499 2500 2466 
2567 2466 2500 2501 2467 
2568 2467 2501 2502 2468 
2569 2468 2502 2503 2469 
2570 2469 2503 2504 2470 
2571 2470 2504 2505 2471 
2572 2471 2505 2506 2472 
2573 2472 2506 2507 2473 
2574 2473 2507 2508 2474 
2575 2474 2508 130 131 
2576 71 72 2509 2475 
2577 2475 2509 2510 2476 
2578 2476 2510 2511 2477 
2579 2477 2511 2512 2478 
2580 2478 2512 2513 2479 
2581 2479 2513 2514 2480 
2582 2480 2514 2515 2481 
2583 2481 2515 2516 2482 
2584 2482 2516 2517 2483 
2585 2483 2517 2518 2484 
2586 2484 2518 2519 2485 
2587 2485 2519 2520 2486 
2588 2486 2520 2521 2487 
2589 2487 2521 2522 2488 
2590 2488 2522 2523 2489 
2591 2489 2523 2524 2490 
2592 2490 2524 2525 2491 
2593 2491 2525 2526 2492 
2594 2492 2526 2527 2493 
2595 2493 2527 2528 2494 
2596 2494 2528 2529 2495 
2597 2495 2529 2530 2496 
2598 2496 2530 2531 2497 
2599 2497 2531 2532 2498 
2600 2498 2532 2533 2499 
2601 2499 2533 2534 2500 
2602 2500 2534 2535 2501 
2603 2501 2535 2536 2502 
2604 2502 2536 2537 2503 
2605 2503 2537 2538 2504 
2606 2504 2538 2539 2505 
2607 2505 2539 2540 2506 
2608 2506 2540 2541 2507 
2609 2507 2541 2542 2508 
2610 2508 2542 129 130 
2611 72 73 2543 2509 
2612 2509 2543 2544 2510 
2613 2510 2544 2545 2511 
2614 2511 2545 2546 2512 
2615 2512 2546 2547 2513 
2616 2513 2547 2548 2514 
2617 2514 2548 2549 2515 
2618 2515 2549 2550 2516 
2619 2516 2550 2551 2517 
2620 2517 2551 2552 2518 
2621 2518 2552 2553 2519 
2622 2519 2553 2554 2520 
2623 2520 2554 2555 2521 
2624 2521 2555 2556 2522 
2625 2522 2556 2557 2523 
2626 2523 2557 2558 2524 
2627 2524 2558 2559 2525 
2628 2525 2559 2560 2526 
2629 2526 2560 2561 2527 
2630 2527 2561 2562 2528 
2631 2528 2562 2563 2529 
2632 2529 2563 2564 2530 
2633 2530 2564 2565 2531 
2634 2531 2565 2566 2532 
2635 2532 2566 2567 2533 
2636 2533 2567 2568 2534 
2637 2534 2568 2569 2535 
2638 2535 2569 2570 2536 
2639 2536 2570 2571 2537 
2640 2537 2571 2572 2538 
2641 2538 2572 2573 2539 
2642 2539 2573 2574 2540 
2643 2540 2574 2575 2541 
2644 2541 2575 2576 2542 
2645 2542 2576 128 129 
2646 73 74 2577 2543 
2647 2543 2577 2578 2544 
2648 2544 2578 2579 2545 
2649 2545 2579 2580 2546 
2650 2546 2580 2581 2547 
2651 2547 2581 2582 2548 
2652 2548 2582 2583 2549 
2653 2549 2583 2584 2550 
2654 2550 2584 2585 2551 
2655 2551 2585 2586 2552 
2656 2552 2586 2587 2553 
2657 2553 2587 2588 2554 
2658 2554 2588 2589 2555 
2659 2555 2589 2590 2556 
2660 2556 2590 2591 2557 
2661 2557 2591 2592 2558 
2662 2558 2592 2593 2559 
2663 2559 2593 2594 2560 
2664 2560 2594 2595 2561 
2665 2561 2595 2596 2562 
2666 2562 2596 2597 2563 
2667 2563 2597 2598 2564 
2668 2564 2598 2599 2565 
2669 2565 2599 2600 2566 
2670 2566 2600 2601 2567 
2671 2567 2601 2602 2568 
2672 2568 2602 2603 2569 
2673 2569 2603 2604 2570 
2674 2570 2604 2605 2571 
2675 2571 2605 2606 2572 
2676 2572 2606 2607 2573 
2677 2573 2607 2608 2574 
2678 2574 2608 2609 2575 
2679 2575 2609 2610 2576 
2680 2576 2610 127 128 
2681 74 75 2611 2577 
2682 2577 2611 2612 2578 
2683 2578 2612 2613 2579 
2684 2579 2613 2614 2580 
2685 2580 2614 2615 2581 
2686 2581 2615 2616 2582 
2687 2582 2616 2617 2583 
2688 2583 2617 2618 2584 
2689 2584 2618 2619 2585 
2690 2585 2619 2620 2586 
2691 2586 2620 2621 2587 
2692 2587 2621 2622 2588 
2693 2588 2622 2623 2589 
2694 2589 2623 2624 2590 
2695 2590 2624 2625 2591 
2696 2591 2625 2626 2592 
2697 2592 2626 2627 2593 
2698 2593 2627 2628 2594 
2699 2594 2628 2629 2595 
2700 2595 2629 2630 2596 
2701 2596 2630 2631 2597 
2702 2597 2631 2632 2598 
2703 2598 2632 2633 2599 
2704 2599 2633 2634 2600 
2705 2600 2634 2635 2601 
2706 2601 2635 2636 2602 
2707 2602 2636 2637 2603 
2708 2603 2637 2638 2604 
2709 2604 2638 2639 2605 
2710 2605 2639 2640 2606 
2711 2606 2640 2641 2607 
2712 2607 2641 2642 2608 
2713 2608 2642 2643 2609 
2714 2609 2643 2644 2610 
2715 2610 2644 126 127 
2716 75 76 2645 2611 
2717 2611 2645 2646 2612 
2718 2612 2646 2647 2613 
2719 2613 2647 2648 2614 
2720 2614 2648 2649 2615 
2721 2615 2649 2650 2616 
2722 2616 2650 2651 2617 
2723 2617 2651 2652 2618 
2724 2618 2652 2653 2619 
2725 2619 2653 2654 2620 
2726 2620 2654 2655 2621 
2727 2621 2655 2656 2622 
2728 2622 2656 2657 2623 
2729 2623 2657 2658 2624 
2730 2624 2658 2659 2625 
2731 2625 2659 2660 2626 
2732 2626 2660 2661 2627 
2733 2627 2661 2662 2628 
2734 2628 2662 2663 2629 
2735 2629 2663 2664 2630 
2736 2630 2664 2665 2631 
2737 2631 2665 2666 2632 
2738 2632 2666 2667 2633 
2739 2633 2667 2668 2634 
2740 2634 2668 2669 2635 
2741 2635 2669 2670 2636 
2742 2636 2670 2671 2637 
2743 2637 2671 2672 2638 
2744 2638 2672 2673 2639 
2745 2639 2673 2674 2640 
2746 2640 2674 2675 2641 
2747 2641 2675 2676 2642 
2748 2642 2676 2677 2643 
2749 2643 2677 2678 2644 
2750 2644 2678 125 126 
2751 76 77 2679 2645 
2752 2645 2679 2680 2646 
2753 2646 2680 2681 2647 
2754 2647 2681 2682 2648 
2755 2648 2682 2683 2649 
2756 2649 2683 2684 2650 
2757 2650 2684 2685 2651 
2758 2651 2685 2686 2652 
2759 2652 2686 2687 2653 
2760 2653 2687 2688 2654 
2761 2654 2688 2689 2655 
2762 2655 2689 2690 2656 
2763 2656 2690 2691 2657 
2764 2657 2691 2692 2658 
2765 2658 2692 2693 2659 
2766 2659 2693 2694 2660 
2767 2660 2694 2695 2661 
2768 2661 2695 2696 2662 
2769 2662 2696 2697 2663 
2770 2663 2697 2698 2664 
2771 2664 2698 2699 2665 
2772 2665 2699 2700 2666 
2773 2666 2700 2701 2667 
2774 2667 2701 2702 2668 
2775 2668 2702 2703 2669 
2776 2669 2703 2704 2670 
2777 2670 2704 2705 2671 
2778 2671 2705 2706 2672 
2779 2672 2706 2707 2673 
2780 2673 2707 2708 2674 
2781 2674 2708 2709 2675 
2782 2675 2709 2710 2676 
2783 2676 2710 2711 2677 
2784 2677 2711 2712 2678 
2785 2678 2712 124 125 
2786 77 78 2713 2679 
2787 2679 2713 2714 2680 
2788 2680 2714 2715 2681 
2789 2681 2715 2716 2682 
2790 2682 2716 2717 2683 
2791 2683 2717 2718 2684 
2792 2684 2718 2719 2685 
2793 2685 2719 2720 2686 
2794 2686 2720 2721 2687 
2795 2687 2721 2722 2688 
2796 2688 2722 2723 2689 
2797 2689 2723 2724 2690 
2798 2690 2724 2725 2691 
2799 2691 2725 2726 2692 
2800 2692 2726 2727 2693 
2801 2693 2727 2728 2694 
2802 2694 2728 2729 2695 
2803 2695 2729 2730 2696 
2804 2696 2730 2731 2697 
2805 2697 2731 2732 2698 
2806 2698 2732 2733 2699 
2807 2699 2733 2734 2700 
2808 2700 2734 2735 2701 
2809 2701 2735 2736 2702 
2810 2702 2736 2737 2703 
2811 2703 2737 2738 2704 
2812 2704 2738 2739 2705 
2813 2705 2739 2740 2706 
2814 2706 2740 2741 2707 
2815 2707 2741 2742 2708 
2816 2708 2742 2743 2709 
2817 2709 2743 2744 2710 
2818 2710 2744 2745 2711 
2819 2711 2745 2746 2712 
2820 2712 2746 123 124 
2821 78 79 2747 2713 
2822 2713 2747 2748 2714 
2823 2714 2748 2749 2715 
2824 2715 2749 2750 2716 
2825 2716 2750 2751 2717 
2826 2717 2751 2752 2718 
2827 2718 2752 2753 2719 
2828 2719 2753 2754 2720 
2829 2720 2754 2755 2721 
2830 2721 2755 2756 2722 
2831 2722 2756 2757 2723 
2832 2723 2757 2758 2724 
2833 2724 2758 2759 2725 
2834 2725 2759 2760 2726 
2835 2726 2760 2761 2727 
2836 2727 2761 2762 2728 
2837 2728 2762 2763 2729 
2838 2729 2763 2764 2730 
2839 2730 2764 2765 2731 
2840 2731 2765 2766 2732 
2841 2732 2766 2767 2733 
2842 2733 2767 2768 2734 
2843 2734 2768 2769 2735 
2844 2735 2769 2770 2736 
2845 2736 2770 2771 2737 
2846 2737 2771 2772 2738 
2847 2738 2772 2773 2739 
2848 2739 2773 2774 2740 
2849 2740 2774 2775 2741 
2850 2741 2775 2776 2742 
2851 2742 2776 2777 2743 
2852 2743 2777 2778 2744 
2853 2744 2778 2779 2745 
2854 2745 2779 2780 2746 
2855 2746 2780 122 123 
2856 79 80 2781 2747 
2857 2747 2781 2782 2748 
2858 2748 2782 2783 2749 
2859 2749 2783 2784 2750 
2860 2750 2784 2785 2751 
2861 2751 2785 2786 2752 
2862 2752 2786 2787 2753 
2863 2753 2787 2788 2754 
2864 2754 2788 2789 2755 
2865 2755 2789 2790 2756 
2866 2756 2790 2791 2757 
2867 2757 2791 2792 2758 
2868 2758 2792 2793 2759 
2869 2759 2793 2794 2760 
2870 2760 2794 2795 2761 
2871 2761 2795 2796 2762 
2872 2762 2796 2797 2763 
2873 2763 2797 2798 2764 
2874 2764 2798 2799 2765 
2875 2765 2799 2800 2766 
2876 2766 2800 2801 2767 
2877 2767 2801 2802 2768 
2878 2768 2802 2803 2769 
2879 2769 2803 2804 2770 
2880 2770 2804 2805 2771 
2881 2771 2805 2806 2772 
2882 2772 2806 2807 2773 
2883 2773 2807 2808 2774 
2884 2774 2808 2809 2775 
2885 2775 2809 2810 2776 
2886 2776 2810 2811 2777 
2887 2777 2811 2812 2778 
2888 2778 2812 2813 2779 
2889 2779 2813 2814 2780 
2890 2780 2814 121 122 
2891 80 81 2815 2781 
2892 2781 2815 2816 2782 
2893 2782 2816 2817 2783 
2894 2783 2817 2818 2784 
2895 2784 2818 2819 2785 
2896 2785 2819 2820 2786 
2897 2786 2820 2821 2787 
2898 2787 2821 2822 2788 
2899 2788 2822 2823 2789 
2900 2789 2823 2824 2790 
2901 2790 2824 2825 2791 
2902 2791 2825 2826 2792 
2903 2792 2826 2827 2793 
2904 2793 2827 2828 2794 
2905 2794 2828 2829 2795 
2906 2795 2829 2830 2796 
2907 2796 2830 2831 2797 
2908 2797 2831 2832 2798 
2909 2798 2832 2833 2799 
2910 2799 2833 2834 2800 
2911 2800 2834 2835 2801 
2912 2801 2835 2836 2802 
2913 2802 2836 2837 2803 
2914 2803 2837 2838 2804 
2915 2804 2838 2839 2805 
2916 2805 2839 2840 2806 
2917 2806 2840 2841 2807 
2918 2807 2841 2842 2808 
2919 2808 2842 2843 2809 
2920 2809 2843 2844 2810 
2921 2810 2844 2845 2811 
2922 2811 2845 2846 2812 
2923 2812 2846 2847 2813 
2924 2813 2847 2848 2814 
2925 2814 2848 120 121 
2926 81 82 2849 2815 
2927 2815 2849 2850 2816 
2928 2816 2850 2851 2817 
2929 2817 2851 2852 2818 
2930 2818 2852 2853 2819 
2931 2819 2853 2854 2820 
2932 2820 2854 2855 2821 
2933 2821 2855 2856 2822 
2934 2822 2856 2857 2823 
2935 2823 2857 2858 2824 
2936 2824 2858 2859 2825 
2937 2825 2859 2860 2826 
2938 2826 2860 2861 2827 
2939 2827 2861 2862 2828 
2940 2828 2862 2863 2829 
2941 2829 2863 2864 2830 
2942 2830 2864 2865 2831 
2943 2831 2865 2866 2832 
2944 2832 2866 2867 2833 
2945 2833 2867 2868 2834 
2946 2834 2868 2869 2835 
2947 2835 2869 2870 2836 
2948 2836 2870 2871 2837 
2949 2837 2871 2872 2838 
2950 2838 2872 2873 2839 
2951 2839 2873 2874 2840 
2952 2840 2874 2875 2841 
2953 2841 2875 2876 2842 
2954 2842 2876 2877 2843 
2955 2843 2877 2878 2844 
2956 2844 2878 2879 2845 
2957 2845 2879 2880 2846 
2958 2846 2880 2881 2847 
2959 2847 2881 2882 2848 
2960 2848 2882 119 120 
2961 82 83 2883 2849 
2962 2849 2883 2884 2850 
2963 2850 2884 2885 2851 
2964 2851 2885 2886 2852 
2965 2852 2886 2887 2853 
2966 2853 2887 2888 2854 
2967 2854 2888 2889 2855 
2968 2855 2889 2890 2856 
2969 2856 2890 2891 2857 
2970 2857 2891 2892 2858 
2971 2858 2892 2893 2859 
2972 2859 2893 2894 2860 
2973 2860 2894 2895 2861 
2974 2861 2895 2896 2862 
2975 2862 2896 2897 2863 
2976 2863 2897 2898 2864 
2977 2864 2898 2899 2865 
2978 2865 2899 2900 2866 
2979 2866 2900 2901 2867 
2980 2867 2901 2902 2868 
2981 2868 2902 2903 2869 
2982 2869 2903 2904 2870 
2983 2870 2904 2905 2871 
2984 2871 2905 2906 2872 
2985 2872 2906 2907 2873 
2986 2873 2907 2908 2874 
2987 2874 2908 2909 2875 
2988 2875 2909 2910 2876 
2989 2876 2910 2911 2877 
2990 2877 2911 2912 2878 
2991 2878 2912 2913 2879 
2992 2879 2913 2914 2880 
2993 2880 2914 2915 2881 
2994 2881 2915 2916 2882 
2995 2882 2916 118 119 
2996 83 2 84 2883 
2997 2883 84 85 2884 
2998 2884 85 86 2885 
2999 2885 86 87 2886 
3000 2886 87 88 2887 
3001 2887 88 89 2888 
3002 2888 89 90 2889 
3003 2889 90 91 2890 
3004 2890 91 92 2891 
3005 2891 92 93 2892 
3006 2892 93 94 2893 
3007 2893 94 95 2894 
3008 2894 95 96 2895 
3009 2895 96 97 2896 
3010 2896 97 98 2897 
3011 2897 98 99 2898 
3012 2898 99 100 2899 
3013 2899 100 101 2900 
3014 2900 101 102 2901 
3015 2901 102 103 2902 
3016 2902 103 104 2903 
3017 2903 104 105 2904 
3018 2904 105 106 2905 
3019 2905 106 107 2906 
3020 2906 107 108 2907 
3021 2907 108 109 2908 
3022 2908 109 110 2909 
3023 2909 110 111 2910 
3024 2910 111 112 2911 
3025 2911 112 113 2912 
3026 2912 113 114 2913 
3027 2913 114 115 2914 
3028 2914 115 116 2915 
3029 2915 116 117 2916 
3030 2916 117 3 118 
$EndElements
