$MeshFormat
4.1 0 8
$EndMeshFormat
$PhysicalNames
4
1 2 "periodicx"
1 3 "bottom"
1 4 "top"
2 1 "domain"
$EndPhysicalNames
$Entities
4 4 1 0
1 0 0 0 0 
2 80 0 0 0 
3 80 35 0 0 
4 0 35 0 0 
1 0 0 0 80 0 0 1 3 2 1 -2 
2 80 0 0 80 35 0 1 2 2 2 -3 
3 0 35 0 80 35 0 1 4 2 3 -4 
4 0 0 0 0 35 0 1 2 2 4 -1 
1 0 0 0 80 35 0 1 1 4 1 2 3 4 
$EndEntities
$Nodes
9 5751 1 5751
0 1 0 1
1
0 0 0
0 2 0 1
2
80 0 0
0 3 0 1
3
80 35 0
0 4 0 1
4
0 35 0
1 1 0 79
5
6
7
8
9
10
11
12
13
14
15
16
17
18
19
20
21
22
23
24
25
26
27
28
29
30
31
32
33
34
35
36
37
38
39
40
41
42
43
44
45
46
47
48
49
50
51
52
53
54
55
56
57
58
59
60
61
62
63
64
65
66
67
68
69
70
71
72
73
74
75
76
77
78
79
80
81
82
83
0.9999999999992639 0 0
1.999999999998545 0 0
2.999999999997566 0 0
3.999999999996395 0 0
4.99999999999559 0 0
5.999999999994888 0 0
6.999999999994185 0 0
7.999999999993483 0 0
8.999999999992781 0 0
9.999999999991731 0 0
10.99999999998916 0 0
11.99999999998623 0 0
12.99999999998331 0 0
13.99999999998039 0 0
14.99999999997747 0 0
15.99999999997454 0 0
16.99999999997162 0 0
17.9999999999687 0 0
18.99999999996577 0 0
19.99999999996285 0 0
20.99999999995993 0 0
21.99999999995701 0 0
22.99999999995409 0 0
23.99999999995118 0 0
24.99999999994825 0 0
25.99999999994533 0 0
26.99999999994242 0 0
27.9999999999395 0 0
28.99999999993658 0 0
29.99999999993366 0 0
30.99999999993074 0 0
31.99999999992809 0 0
32.99999999992851 0 0
33.99999999993003 0 0
34.99999999993155 0 0
35.99999999993307 0 0
36.99999999993459 0 0
37.99999999993611 0 0
38.99999999993764 0 0
39.99999999993915 0 0
40.99999999994067 0 0
41.99999999994219 0 0
42.99999999994373 0 0
43.99999999994524 0 0
44.99999999994675 0 0
45.99999999994828 0 0
46.9999999999498 0 0
47.99999999995133 0 0
48.99999999995284 0 0
49.99999999995437 0 0
50.99999999995589 0 0
51.9999999999574 0 0
52.99999999995893 0 0
53.99999999996045 0 0
54.99999999996198 0 0
55.99999999996349 0 0
56.99999999996501 0 0
57.99999999996654 0 0
58.99999999996807 0 0
59.99999999996958 0 0
60.9999999999711 0 0
61.99999999997262 0 0
62.99999999997415 0 0
63.99999999997567 0 0
64.99999999997718 0 0
65.99999999997871 0 0
66.99999999998023 0 0
67.99999999998175 0 0
68.99999999998327 0 0
69.99999999998479 0 0
70.99999999998631 0 0
71.99999999998784 0 0
72.99999999998936 0 0
73.99999999999088 0 0
74.99999999999241 0 0
75.99999999999392 0 0
76.99999999999544 0 0
77.99999999999697 0 0
78.99999999999849 0 0
1 2 0 69
84
85
86
87
88
89
90
91
92
93
94
95
96
97
98
99
100
101
102
103
104
105
106
107
108
109
110
111
112
113
114
115
116
117
118
119
120
121
122
123
124
125
126
127
128
129
130
131
132
133
134
135
136
137
138
139
140
141
142
143
144
145
146
147
148
149
150
151
152
80 0.4999999999985794 0
80 0.9999999999971455 0
80 1.499999999995596 0
80 1.999999999994032 0
80 2.499999999992468 0
80 2.999999999990904 0
80 3.49999999998934 0
80 3.999999999987776 0
80 4.499999999986212 0
80 4.999999999984649 0
80 5.499999999983086 0
80 5.999999999981522 0
80 6.499999999979958 0
80 6.999999999978395 0
80 7.499999999976832 0
80 7.999999999975179 0
80 8.499999999972605 0
80 8.99999999996977 0
80 9.499999999966937 0
80 9.999999999964105 0
80 10.49999999996127 0
80 10.99999999995844 0
80 11.4999999999556 0
80 11.99999999995277 0
80 12.49999999994994 0
80 12.9999999999471 0
80 13.49999999994427 0
80 13.99999999994144 0
80 14.4999999999386 0
80 14.99999999993577 0
80 15.49999999993294 0
80 15.9999999999301 0
80 16.49999999992727 0
80 16.99999999992444 0
80 17.4999999999223 0
80 17.99999999992384 0
80 18.49999999992609 0
80 18.99999999992832 0
80 19.49999999993057 0
80 19.99999999993281 0
80 20.49999999993505 0
80 20.99999999993728 0
80 21.49999999993952 0
80 21.99999999994176 0
80 22.499999999944 0
80 22.99999999994624 0
80 23.49999999994849 0
80 23.99999999995072 0
80 24.49999999995297 0
80 24.9999999999552 0
80 25.49999999995744 0
80 25.99999999995968 0
80 26.49999999996192 0
80 26.99999999996416 0
80 27.4999999999664 0
80 27.99999999996864 0
80 28.49999999997088 0
80 28.99999999997312 0
80 29.49999999997537 0
80 29.9999999999776 0
80 30.49999999997984 0
80 30.99999999998208 0
80 31.49999999998432 0
80 31.99999999998656 0
80 32.4999999999888 0
80 32.99999999999104 0
80 33.49999999999329 0
80 33.99999999999552 0
80 34.49999999999776 0
1 3 0 79
153
154
155
156
157
158
159
160
161
162
163
164
165
166
167
168
169
170
171
172
173
174
175
176
177
178
179
180
181
182
183
184
185
186
187
188
189
190
191
192
193
194
195
196
197
198
199
200
201
202
203
204
205
206
207
208
209
210
211
212
213
214
215
216
217
218
219
220
221
222
223
224
225
226
227
228
229
230
231
79 35 0
78 35 0
77 35 0
76 35 0
75 35 0
74.00000000000001 35 0
73.00000000000001 35 0
72.00000000000001 35 0
71.00000000000001 35 0
70.00000000000001 35 0
69.00000000000001 35 0
68.00000000000003 35 0
67.00000000000003 35 0
66.00000000000003 35 0
65.00000000000003 35 0
64.00000000000003 35 0
63.00000000000004 35 0
62.00000000000004 35 0
61.00000000000004 35 0
60.00000000000004 35 0
59.00000000000004 35 0
58.00000000000004 35 0
57.00000000000004 35 0
56.00000000000004 35 0
55.00000000000004 35 0
54.00000000000004 35 0
53.00000000000004 35 0
52.00000000000004 35 0
51.00000000000004 35 0
50.00000000000004 35 0
49.00000000000004 35 0
48.00000000000004 35 0
47.00000000000004 35 0
46.00000000000003 35 0
45.00000000000003 35 0
44.00000000000003 35 0
43.00000000000003 35 0
42.00000000000003 35 0
41.00000000000003 35 0
40.00000000000003 35 0
39.00000000000003 35 0
38.00000000000003 35 0
37.00000000000003 35 0
36.00000000000002 35 0
35.00000000000003 35 0
34.00000000000002 35 0
33.00000000000003 35 0
32.00000000000003 35 0
31.00000000000002 35 0
30.00000000000003 35 0
29.00000000000002 35 0
28.00000000000003 35 0
27.00000000000002 35 0
26.00000000000002 35 0
25.00000000000001 35 0
24.00000000000002 35 0
23.00000000000001 35 0
22.00000000000002 35 0
21.00000000000001 35 0
20.00000000000001 35 0
19.00000000000001 35 0
18.00000000000001 35 0
17.00000000000001 35 0
16.00000000000001 35 0
15.00000000000001 35 0
14.00000000000001 35 0
13.00000000000001 35 0
12.00000000000001 35 0
11.00000000000001 35 0
10.00000000000001 35 0
9.000000000000014 35 0
8 35 0
7.000000000000014 35 0
6 35 0
5.000000000000014 35 0
4 35 0
3 35 0
2 35 0
1 35 0
1 4 0 69
232
233
234
235
236
237
238
239
240
241
242
243
244
245
246
247
248
249
250
251
252
253
254
255
256
257
258
259
260
261
262
263
264
265
266
267
268
269
270
271
272
273
274
275
276
277
278
279
280
281
282
283
284
285
286
287
288
289
290
291
292
293
294
295
296
297
298
299
300
0 34.49999999999788 0
0 33.99999999999575 0
0 33.49999999999363 0
0 32.99999999999151 0
0 32.49999999998938 0
0 31.99999999998861 0
0 31.49999999999152 0
0 30.99999999999447 0
0 30.49999999999742 0
0 30.00000000000038 0
0 29.50000000000333 0
0 29.00000000000628 0
0 28.50000000000923 0
0 28.00000000001218 0
0 27.50000000001513 0
0 27.00000000001809 0
0 26.50000000002104 0
0 26.00000000002399 0
0 25.50000000002694 0
0 25.0000000000299 0
0 24.50000000003285 0
0 24.0000000000358 0
0 23.50000000003876 0
0 23.00000000004171 0
0 22.50000000004466 0
0 22.00000000004762 0
0 21.50000000005057 0
0 21.00000000005353 0
0 20.50000000005648 0
0 20.00000000005943 0
0 19.50000000006239 0
0 19.00000000006534 0
0 18.50000000006829 0
0 18.00000000007125 0
0 17.5000000000735 0
0 17.00000000007207 0
0 16.50000000006996 0
0 16.00000000006784 0
0 15.50000000006571 0
0 15.0000000000636 0
0 14.50000000006148 0
0 14.00000000005936 0
0 13.50000000005724 0
0 13.00000000005512 0
0 12.500000000053 0
0 12.00000000005087 0
0 11.50000000004876 0
0 11.00000000004664 0
0 10.50000000004452 0
0 10.0000000000424 0
0 9.500000000040277 0
0 9.000000000038156 0
0 8.500000000036042 0
0 8.000000000033921 0
0 7.5000000000318 0
0 7.000000000029683 0
0 6.500000000027562 0
0 6.000000000025437 0
0 5.50000000002332 0
0 5.000000000021199 0
0 4.500000000019078 0
0 4.000000000016961 0
0 3.50000000001484 0
0 3.000000000012719 0
0 2.500000000010601 0
0 2.000000000008484 0
0 1.500000000006366 0
0 1.000000000004242 0
0 0.5000000000021245 0
2 1 0 5451
301
302
303
304
305
306
307
308
309
310
311
312
313
314
315
316
317
318
319
320
321
322
323
324
325
326
327
328
329
330
331
332
333
334
335
336
337
338
339
340
341
342
343
344
345
346
347
348
349
350
351
352
353
354
355
356
357
358
359
360
361
362
363
364
365
366
367
368
369
370
371
372
373
374
375
376
377
378
379
380
381
382
383
384
385
386
387
388
389
390
391
392
393
394
395
396
397
398
399
400
401
402
403
404
405
406
407
408
409
410
411
412
413
414
415
416
417
418
419
420
421
422
423
424
425
426
427
428
429
430
431
432
433
434
435
436
437
438
439
440
441
442
443
444
445
446
447
448
449
450
451
452
453
454
455
456
457
458
459
460
461
462
463
464
465
466
467
468
469
470
471
472
473
474
475
476
477
478
479
480
481
482
483
484
485
486
487
488
489
490
491
492
493
494
495
496
497
498
499
500
501
502
503
504
505
506
507
508
509
510
511
512
513
514
515
516
517
518
519
520
521
522
523
524
525
526
527
528
529
530
531
532
533
534
535
536
537
538
539
540
541
542
543
544
545
546
547
548
549
550
551
552
553
554
555
556
557
558
559
560
561
562
563
564
565
566
567
568
569
570
571
572
573
574
575
576
577
578
579
580
581
582
583
584
585
586
587
588
589
590
591
592
593
594
595
596
597
598
599
600
601
602
603
604
605
606
607
608
609
610
611
612
613
614
615
616
617
618
619
620
621
622
623
624
625
626
627
628
629
630
631
632
633
634
635
636
637
638
639
640
641
642
643
644
645
646
647
648
649
650
651
652
653
654
655
656
657
658
659
660
661
662
663
664
665
666
667
668
669
670
671
672
673
674
675
676
677
678
679
680
681
682
683
684
685
686
687
688
689
690
691
692
693
694
695
696
697
698
699
700
701
702
703
704
705
706
707
708
709
710
711
712
713
714
715
716
717
718
719
720
721
722
723
724
725
726
727
728
729
730
731
732
733
734
735
736
737
738
739
740
741
742
743
744
745
746
747
748
749
750
751
752
753
754
755
756
757
758
759
760
761
762
763
764
765
766
767
768
769
770
771
772
773
774
775
776
777
778
779
780
781
782
783
784
785
786
787
788
789
790
791
792
793
794
795
796
797
798
799
800
801
802
803
804
805
806
807
808
809
810
811
812
813
814
815
816
817
818
819
820
821
822
823
824
825
826
827
828
829
830
831
832
833
834
835
836
837
838
839
840
841
842
843
844
845
846
847
848
849
850
851
852
853
854
855
856
857
858
859
860
861
862
863
864
865
866
867
868
869
870
871
872
873
874
875
876
877
878
879
880
881
882
883
884
885
886
887
888
889
890
891
892
893
894
895
896
897
898
899
900
901
902
903
904
905
906
907
908
909
910
911
912
913
914
915
916
917
918
919
920
921
922
923
924
925
926
927
928
929
930
931
932
933
934
935
936
937
938
939
940
941
942
943
944
945
946
947
948
949
950
951
952
953
954
955
956
957
958
959
960
961
962
963
964
965
966
967
968
969
970
971
972
973
974
975
976
977
978
979
980
981
982
983
984
985
986
987
988
989
990
991
992
993
994
995
996
997
998
999
1000
1001
1002
1003
1004
1005
1006
1007
1008
1009
1010
1011
1012
1013
1014
1015
1016
1017
1018
1019
1020
1021
1022
1023
1024
1025
1026
1027
1028
1029
1030
1031
1032
1033
1034
1035
1036
1037
1038
1039
1040
1041
1042
1043
1044
1045
1046
1047
1048
1049
1050
1051
1052
1053
1054
1055
1056
1057
1058
1059
1060
1061
1062
1063
1064
1065
1066
1067
1068
1069
1070
1071
1072
1073
1074
1075
1076
1077
1078
1079
1080
1081
1082
1083
1084
1085
1086
1087
1088
1089
1090
1091
1092
1093
1094
1095
1096
1097
1098
1099
1100
1101
1102
1103
1104
1105
1106
1107
1108
1109
1110
1111
1112
1113
1114
1115
1116
1117
1118
1119
1120
1121
1122
1123
1124
1125
1126
1127
1128
1129
1130
1131
1132
1133
1134
1135
1136
1137
1138
1139
1140
1141
1142
1143
1144
1145
1146
1147
1148
1149
1150
1151
1152
1153
1154
1155
1156
1157
1158
1159
1160
1161
1162
1163
1164
1165
1166
1167
1168
1169
1170
1171
1172
1173
1174
1175
1176
1177
1178
1179
1180
1181
1182
1183
1184
1185
1186
1187
1188
1189
1190
1191
1192
1193
1194
1195
1196
1197
1198
1199
1200
1201
1202
1203
1204
1205
1206
1207
1208
1209
1210
1211
1212
1213
1214
1215
1216
1217
1218
1219
1220
1221
1222
1223
1224
1225
1226
1227
1228
1229
1230
1231
1232
1233
1234
1235
1236
1237
1238
1239
1240
1241
1242
1243
1244
1245
1246
1247
1248
1249
1250
1251
1252
1253
1254
1255
1256
1257
1258
1259
1260
1261
1262
1263
1264
1265
1266
1267
1268
1269
1270
1271
1272
1273
1274
1275
1276
1277
1278
1279
1280
1281
1282
1283
1284
1285
1286
1287
1288
1289
1290
1291
1292
1293
1294
1295
1296
1297
1298
1299
1300
1301
1302
1303
1304
1305
1306
1307
1308
1309
1310
1311
1312
1313
1314
1315
1316
1317
1318
1319
1320
1321
1322
1323
1324
1325
1326
1327
1328
1329
1330
1331
1332
1333
1334
1335
1336
1337
1338
1339
1340
1341
1342
1343
1344
1345
1346
1347
1348
1349
1350
1351
1352
1353
1354
1355
1356
1357
1358
1359
1360
1361
1362
1363
1364
1365
1366
1367
1368
1369
1370
1371
1372
1373
1374
1375
1376
1377
1378
1379
1380
1381
1382
1383
1384
1385
1386
1387
1388
1389
1390
1391
1392
1393
1394
1395
1396
1397
1398
1399
1400
1401
1402
1403
1404
1405
1406
1407
1408
1409
1410
1411
1412
1413
1414
1415
1416
1417
1418
1419
1420
1421
1422
1423
1424
1425
1426
1427
1428
1429
1430
1431
1432
1433
1434
1435
1436
1437
1438
1439
1440
1441
1442
1443
1444
1445
1446
1447
1448
1449
1450
1451
1452
1453
1454
1455
1456
1457
1458
1459
1460
1461
1462
1463
1464
1465
1466
1467
1468
1469
1470
1471
1472
1473
1474
1475
1476
1477
1478
1479
1480
1481
1482
1483
1484
1485
1486
1487
1488
1489
1490
1491
1492
1493
1494
1495
1496
1497
1498
1499
1500
1501
1502
1503
1504
1505
1506
1507
1508
1509
1510
1511
1512
1513
1514
1515
1516
1517
1518
1519
1520
1521
1522
1523
1524
1525
1526
1527
1528
1529
1530
1531
1532
1533
1534
1535
1536
1537
1538
1539
1540
1541
1542
1543
1544
1545
1546
1547
1548
1549
1550
1551
1552
1553
1554
1555
1556
1557
1558
1559
1560
1561
1562
1563
1564
1565
1566
1567
1568
1569
1570
1571
1572
1573
1574
1575
1576
1577
1578
1579
1580
1581
1582
1583
1584
1585
1586
1587
1588
1589
1590
1591
1592
1593
1594
1595
1596
1597
1598
1599
1600
1601
1602
1603
1604
1605
1606
1607
1608
1609
1610
1611
1612
1613
1614
1615
1616
1617
1618
1619
1620
1621
1622
1623
1624
1625
1626
1627
1628
1629
1630
1631
1632
1633
1634
1635
1636
1637
1638
1639
1640
1641
1642
1643
1644
1645
1646
1647
1648
1649
1650
1651
1652
1653
1654
1655
1656
1657
1658
1659
1660
1661
1662
1663
1664
1665
1666
1667
1668
1669
1670
1671
1672
1673
1674
1675
1676
1677
1678
1679
1680
1681
1682
1683
1684
1685
1686
1687
1688
1689
1690
1691
1692
1693
1694
1695
1696
1697
1698
1699
1700
1701
1702
1703
1704
1705
1706
1707
1708
1709
1710
1711
1712
1713
1714
1715
1716
1717
1718
1719
1720
1721
1722
1723
1724
1725
1726
1727
1728
1729
1730
1731
1732
1733
1734
1735
1736
1737
1738
1739
1740
1741
1742
1743
1744
1745
1746
1747
1748
1749
1750
1751
1752
1753
1754
1755
1756
1757
1758
1759
1760
1761
1762
1763
1764
1765
1766
1767
1768
1769
1770
1771
1772
1773
1774
1775
1776
1777
1778
1779
1780
1781
1782
1783
1784
1785
1786
1787
1788
1789
1790
1791
1792
1793
1794
1795
1796
1797
1798
1799
1800
1801
1802
1803
1804
1805
1806
1807
1808
1809
1810
1811
1812
1813
1814
1815
1816
1817
1818
1819
1820
1821
1822
1823
1824
1825
1826
1827
1828
1829
1830
1831
1832
1833
1834
1835
1836
1837
1838
1839
1840
1841
1842
1843
1844
1845
1846
1847
1848
1849
1850
1851
1852
1853
1854
1855
1856
1857
1858
1859
1860
1861
1862
1863
1864
1865
1866
1867
1868
1869
1870
1871
1872
1873
1874
1875
1876
1877
1878
1879
1880
1881
1882
1883
1884
1885
1886
1887
1888
1889
1890
1891
1892
1893
1894
1895
1896
1897
1898
1899
1900
1901
1902
1903
1904
1905
1906
1907
1908
1909
1910
1911
1912
1913
1914
1915
1916
1917
1918
1919
1920
1921
1922
1923
1924
1925
1926
1927
1928
1929
1930
1931
1932
1933
1934
1935
1936
1937
1938
1939
1940
1941
1942
1943
1944
1945
1946
1947
1948
1949
1950
1951
1952
1953
1954
1955
1956
1957
1958
1959
1960
1961
1962
1963
1964
1965
1966
1967
1968
1969
1970
1971
1972
1973
1974
1975
1976
1977
1978
1979
1980
1981
1982
1983
1984
1985
1986
1987
1988
1989
1990
1991
1992
1993
1994
1995
1996
1997
1998
1999
2000
2001
2002
2003
2004
2005
2006
2007
2008
2009
2010
2011
2012
2013
2014
2015
2016
2017
2018
2019
2020
2021
2022
2023
2024
2025
2026
2027
2028
2029
2030
2031
2032
2033
2034
2035
2036
2037
2038
2039
2040
2041
2042
2043
2044
2045
2046
2047
2048
2049
2050
2051
2052
2053
2054
2055
2056
2057
2058
2059
2060
2061
2062
2063
2064
2065
2066
2067
2068
2069
2070
2071
2072
2073
2074
2075
2076
2077
2078
2079
2080
2081
2082
2083
2084
2085
2086
2087
2088
2089
2090
2091
2092
2093
2094
2095
2096
2097
2098
2099
2100
2101
2102
2103
2104
2105
2106
2107
2108
2109
2110
2111
2112
2113
2114
2115
2116
2117
2118
2119
2120
2121
2122
2123
2124
2125
2126
2127
2128
2129
2130
2131
2132
2133
2134
2135
2136
2137
2138
2139
2140
2141
2142
2143
2144
2145
2146
2147
2148
2149
2150
2151
2152
2153
2154
2155
2156
2157
2158
2159
2160
2161
2162
2163
2164
2165
2166
2167
2168
2169
2170
2171
2172
2173
2174
2175
2176
2177
2178
2179
2180
2181
2182
2183
2184
2185
2186
2187
2188
2189
2190
2191
2192
2193
2194
2195
2196
2197
2198
2199
2200
2201
2202
2203
2204
2205
2206
2207
2208
2209
2210
2211
2212
2213
2214
2215
2216
2217
2218
2219
2220
2221
2222
2223
2224
2225
2226
2227
2228
2229
2230
2231
2232
2233
2234
2235
2236
2237
2238
2239
2240
2241
2242
2243
2244
2245
2246
2247
2248
2249
2250
2251
2252
2253
2254
2255
2256
2257
2258
2259
2260
2261
2262
2263
2264
2265
2266
2267
2268
2269
2270
2271
2272
2273
2274
2275
2276
2277
2278
2279
2280
2281
2282
2283
2284
2285
2286
2287
2288
2289
2290
2291
2292
2293
2294
2295
2296
2297
2298
2299
2300
2301
2302
2303
2304
2305
2306
2307
2308
2309
2310
2311
2312
2313
2314
2315
2316
2317
2318
2319
2320
2321
2322
2323
2324
2325
2326
2327
2328
2329
2330
2331
2332
2333
2334
2335
2336
2337
2338
2339
2340
2341
2342
2343
2344
2345
2346
2347
2348
2349
2350
2351
2352
2353
2354
2355
2356
2357
2358
2359
2360
2361
2362
2363
2364
2365
2366
2367
2368
2369
2370
2371
2372
2373
2374
2375
2376
2377
2378
2379
2380
2381
2382
2383
2384
2385
2386
2387
2388
2389
2390
2391
2392
2393
2394
2395
2396
2397
2398
2399
2400
2401
2402
2403
2404
2405
2406
2407
2408
2409
2410
2411
2412
2413
2414
2415
2416
2417
2418
2419
2420
2421
2422
2423
2424
2425
2426
2427
2428
2429
2430
2431
2432
2433
2434
2435
2436
2437
2438
2439
2440
2441
2442
2443
2444
2445
2446
2447
2448
2449
2450
2451
2452
2453
2454
2455
2456
2457
2458
2459
2460
2461
2462
2463
2464
2465
2466
2467
2468
2469
2470
2471
2472
2473
2474
2475
2476
2477
2478
2479
2480
2481
2482
2483
2484
2485
2486
2487
2488
2489
2490
2491
2492
2493
2494
2495
2496
2497
2498
2499
2500
2501
2502
2503
2504
2505
2506
2507
2508
2509
2510
2511
2512
2513
2514
2515
2516
2517
2518
2519
2520
2521
2522
2523
2524
2525
2526
2527
2528
2529
2530
2531
2532
2533
2534
2535
2536
2537
2538
2539
2540
2541
2542
2543
2544
2545
2546
2547
2548
2549
2550
2551
2552
2553
2554
2555
2556
2557
2558
2559
2560
2561
2562
2563
2564
2565
2566
2567
2568
2569
2570
2571
2572
2573
2574
2575
2576
2577
2578
2579
2580
2581
2582
2583
2584
2585
2586
2587
2588
2589
2590
2591
2592
2593
2594
2595
2596
2597
2598
2599
2600
2601
2602
2603
2604
2605
2606
2607
2608
2609
2610
2611
2612
2613
2614
2615
2616
2617
2618
2619
2620
2621
2622
2623
2624
2625
2626
2627
2628
2629
2630
2631
2632
2633
2634
2635
2636
2637
2638
2639
2640
2641
2642
2643
2644
2645
2646
2647
2648
2649
2650
2651
2652
2653
2654
2655
2656
2657
2658
2659
2660
2661
2662
2663
2664
2665
2666
2667
2668
2669
2670
2671
2672
2673
2674
2675
2676
2677
2678
2679
2680
2681
2682
2683
2684
2685
2686
2687
2688
2689
2690
2691
2692
2693
2694
2695
2696
2697
2698
2699
2700
2701
2702
2703
2704
2705
2706
2707
2708
2709
2710
2711
2712
2713
2714
2715
2716
2717
2718
2719
2720
2721
2722
2723
2724
2725
2726
2727
2728
2729
2730
2731
2732
2733
2734
2735
2736
2737
2738
2739
2740
2741
2742
2743
2744
2745
2746
2747
2748
2749
2750
2751
2752
2753
2754
2755
2756
2757
2758
2759
2760
2761
2762
2763
2764
2765
2766
2767
2768
2769
2770
2771
2772
2773
2774
2775
2776
2777
2778
2779
2780
2781
2782
2783
2784
2785
2786
2787
2788
2789
2790
2791
2792
2793
2794
2795
2796
2797
2798
2799
2800
2801
2802
2803
2804
2805
2806
2807
2808
2809
2810
2811
2812
2813
2814
2815
2816
2817
2818
2819
2820
2821
2822
2823
2824
2825
2826
2827
2828
2829
2830
2831
2832
2833
2834
2835
2836
2837
2838
2839
2840
2841
2842
2843
2844
2845
2846
2847
2848
2849
2850
2851
2852
2853
2854
2855
2856
2857
2858
2859
2860
2861
2862
2863
2864
2865
2866
2867
2868
2869
2870
2871
2872
2873
2874
2875
2876
2877
2878
2879
2880
2881
2882
2883
2884
2885
2886
2887
2888
2889
2890
2891
2892
2893
2894
2895
2896
2897
2898
2899
2900
2901
2902
2903
2904
2905
2906
2907
2908
2909
2910
2911
2912
2913
2914
2915
2916
2917
2918
2919
2920
2921
2922
2923
2924
2925
2926
2927
2928
2929
2930
2931
2932
2933
2934
2935
2936
2937
2938
2939
2940
2941
2942
2943
2944
2945
2946
2947
2948
2949
2950
2951
2952
2953
2954
2955
2956
2957
2958
2959
2960
2961
2962
2963
2964
2965
2966
2967
2968
2969
2970
2971
2972
2973
2974
2975
2976
2977
2978
2979
2980
2981
2982
2983
2984
2985
2986
2987
2988
2989
2990
2991
2992
2993
2994
2995
2996
2997
2998
2999
3000
3001
3002
3003
3004
3005
3006
3007
3008
3009
3010
3011
3012
3013
3014
3015
3016
3017
3018
3019
3020
3021
3022
3023
3024
3025
3026
3027
3028
3029
3030
3031
3032
3033
3034
3035
3036
3037
3038
3039
3040
3041
3042
3043
3044
3045
3046
3047
3048
3049
3050
3051
3052
3053
3054
3055
3056
3057
3058
3059
3060
3061
3062
3063
3064
3065
3066
3067
3068
3069
3070
3071
3072
3073
3074
3075
3076
3077
3078
3079
3080
3081
3082
3083
3084
3085
3086
3087
3088
3089
3090
3091
3092
3093
3094
3095
3096
3097
3098
3099
3100
3101
3102
3103
3104
3105
3106
3107
3108
3109
3110
3111
3112
3113
3114
3115
3116
3117
3118
3119
3120
3121
3122
3123
3124
3125
3126
3127
3128
3129
3130
3131
3132
3133
3134
3135
3136
3137
3138
3139
3140
3141
3142
3143
3144
3145
3146
3147
3148
3149
3150
3151
3152
3153
3154
3155
3156
3157
3158
3159
3160
3161
3162
3163
3164
3165
3166
3167
3168
3169
3170
3171
3172
3173
3174
3175
3176
3177
3178
3179
3180
3181
3182
3183
3184
3185
3186
3187
3188
3189
3190
3191
3192
3193
3194
3195
3196
3197
3198
3199
3200
3201
3202
3203
3204
3205
3206
3207
3208
3209
3210
3211
3212
3213
3214
3215
3216
3217
3218
3219
3220
3221
3222
3223
3224
3225
3226
3227
3228
3229
3230
3231
3232
3233
3234
3235
3236
3237
3238
3239
3240
3241
3242
3243
3244
3245
3246
3247
3248
3249
3250
3251
3252
3253
3254
3255
3256
3257
3258
3259
3260
3261
3262
3263
3264
3265
3266
3267
3268
3269
3270
3271
3272
3273
3274
3275
3276
3277
3278
3279
3280
3281
3282
3283
3284
3285
3286
3287
3288
3289
3290
3291
3292
3293
3294
3295
3296
3297
3298
3299
3300
3301
3302
3303
3304
3305
3306
3307
3308
3309
3310
3311
3312
3313
3314
3315
3316
3317
3318
3319
3320
3321
3322
3323
3324
3325
3326
3327
3328
3329
3330
3331
3332
3333
3334
3335
3336
3337
3338
3339
3340
3341
3342
3343
3344
3345
3346
3347
3348
3349
3350
3351
3352
3353
3354
3355
3356
3357
3358
3359
3360
3361
3362
3363
3364
3365
3366
3367
3368
3369
3370
3371
3372
3373
3374
3375
3376
3377
3378
3379
3380
3381
3382
3383
3384
3385
3386
3387
3388
3389
3390
3391
3392
3393
3394
3395
3396
3397
3398
3399
3400
3401
3402
3403
3404
3405
3406
3407
3408
3409
3410
3411
3412
3413
3414
3415
3416
3417
3418
3419
3420
3421
3422
3423
3424
3425
3426
3427
3428
3429
3430
3431
3432
3433
3434
3435
3436
3437
3438
3439
3440
3441
3442
3443
3444
3445
3446
3447
3448
3449
3450
3451
3452
3453
3454
3455
3456
3457
3458
3459
3460
3461
3462
3463
3464
3465
3466
3467
3468
3469
3470
3471
3472
3473
3474
3475
3476
3477
3478
3479
3480
3481
3482
3483
3484
3485
3486
3487
3488
3489
3490
3491
3492
3493
3494
3495
3496
3497
3498
3499
3500
3501
3502
3503
3504
3505
3506
3507
3508
3509
3510
3511
3512
3513
3514
3515
3516
3517
3518
3519
3520
3521
3522
3523
3524
3525
3526
3527
3528
3529
3530
3531
3532
3533
3534
3535
3536
3537
3538
3539
3540
3541
3542
3543
3544
3545
3546
3547
3548
3549
3550
3551
3552
3553
3554
3555
3556
3557
3558
3559
3560
3561
3562
3563
3564
3565
3566
3567
3568
3569
3570
3571
3572
3573
3574
3575
3576
3577
3578
3579
3580
3581
3582
3583
3584
3585
3586
3587
3588
3589
3590
3591
3592
3593
3594
3595
3596
3597
3598
3599
3600
3601
3602
3603
3604
3605
3606
3607
3608
3609
3610
3611
3612
3613
3614
3615
3616
3617
3618
3619
3620
3621
3622
3623
3624
3625
3626
3627
3628
3629
3630
3631
3632
3633
3634
3635
3636
3637
3638
3639
3640
3641
3642
3643
3644
3645
3646
3647
3648
3649
3650
3651
3652
3653
3654
3655
3656
3657
3658
3659
3660
3661
3662
3663
3664
3665
3666
3667
3668
3669
3670
3671
3672
3673
3674
3675
3676
3677
3678
3679
3680
3681
3682
3683
3684
3685
3686
3687
3688
3689
3690
3691
3692
3693
3694
3695
3696
3697
3698
3699
3700
3701
3702
3703
3704
3705
3706
3707
3708
3709
3710
3711
3712
3713
3714
3715
3716
3717
3718
3719
3720
3721
3722
3723
3724
3725
3726
3727
3728
3729
3730
3731
3732
3733
3734
3735
3736
3737
3738
3739
3740
3741
3742
3743
3744
3745
3746
3747
3748
3749
3750
3751
3752
3753
3754
3755
3756
3757
3758
3759
3760
3761
3762
3763
3764
3765
3766
3767
3768
3769
3770
3771
3772
3773
3774
3775
3776
3777
3778
3779
3780
3781
3782
3783
3784
3785
3786
3787
3788
3789
3790
3791
3792
3793
3794
3795
3796
3797
3798
3799
3800
3801
3802
3803
3804
3805
3806
3807
3808
3809
3810
3811
3812
3813
3814
3815
3816
3817
3818
3819
3820
3821
3822
3823
3824
3825
3826
3827
3828
3829
3830
3831
3832
3833
3834
3835
3836
3837
3838
3839
3840
3841
3842
3843
3844
3845
3846
3847
3848
3849
3850
3851
3852
3853
3854
3855
3856
3857
3858
3859
3860
3861
3862
3863
3864
3865
3866
3867
3868
3869
3870
3871
3872
3873
3874
3875
3876
3877
3878
3879
3880
3881
3882
3883
3884
3885
3886
3887
3888
3889
3890
3891
3892
3893
3894
3895
3896
3897
3898
3899
3900
3901
3902
3903
3904
3905
3906
3907
3908
3909
3910
3911
3912
3913
3914
3915
3916
3917
3918
3919
3920
3921
3922
3923
3924
3925
3926
3927
3928
3929
3930
3931
3932
3933
3934
3935
3936
3937
3938
3939
3940
3941
3942
3943
3944
3945
3946
3947
3948
3949
3950
3951
3952
3953
3954
3955
3956
3957
3958
3959
3960
3961
3962
3963
3964
3965
3966
3967
3968
3969
3970
3971
3972
3973
3974
3975
3976
3977
3978
3979
3980
3981
3982
3983
3984
3985
3986
3987
3988
3989
3990
3991
3992
3993
3994
3995
3996
3997
3998
3999
4000
4001
4002
4003
4004
4005
4006
4007
4008
4009
4010
4011
4012
4013
4014
4015
4016
4017
4018
4019
4020
4021
4022
4023
4024
4025
4026
4027
4028
4029
4030
4031
4032
4033
4034
4035
4036
4037
4038
4039
4040
4041
4042
4043
4044
4045
4046
4047
4048
4049
4050
4051
4052
4053
4054
4055
4056
4057
4058
4059
4060
4061
4062
4063
4064
4065
4066
4067
4068
4069
4070
4071
4072
4073
4074
4075
4076
4077
4078
4079
4080
4081
4082
4083
4084
4085
4086
4087
4088
4089
4090
4091
4092
4093
4094
4095
4096
4097
4098
4099
4100
4101
4102
4103
4104
4105
4106
4107
4108
4109
4110
4111
4112
4113
4114
4115
4116
4117
4118
4119
4120
4121
4122
4123
4124
4125
4126
4127
4128
4129
4130
4131
4132
4133
4134
4135
4136
4137
4138
4139
4140
4141
4142
4143
4144
4145
4146
4147
4148
4149
4150
4151
4152
4153
4154
4155
4156
4157
4158
4159
4160
4161
4162
4163
4164
4165
4166
4167
4168
4169
4170
4171
4172
4173
4174
4175
4176
4177
4178
4179
4180
4181
4182
4183
4184
4185
4186
4187
4188
4189
4190
4191
4192
4193
4194
4195
4196
4197
4198
4199
4200
4201
4202
4203
4204
4205
4206
4207
4208
4209
4210
4211
4212
4213
4214
4215
4216
4217
4218
4219
4220
4221
4222
4223
4224
4225
4226
4227
4228
4229
4230
4231
4232
4233
4234
4235
4236
4237
4238
4239
4240
4241
4242
4243
4244
4245
4246
4247
4248
4249
4250
4251
4252
4253
4254
4255
4256
4257
4258
4259
4260
4261
4262
4263
4264
4265
4266
4267
4268
4269
4270
4271
4272
4273
4274
4275
4276
4277
4278
4279
4280
4281
4282
4283
4284
4285
4286
4287
4288
4289
4290
4291
4292
4293
4294
4295
4296
4297
4298
4299
4300
4301
4302
4303
4304
4305
4306
4307
4308
4309
4310
4311
4312
4313
4314
4315
4316
4317
4318
4319
4320
4321
4322
4323
4324
4325
4326
4327
4328
4329
4330
4331
4332
4333
4334
4335
4336
4337
4338
4339
4340
4341
4342
4343
4344
4345
4346
4347
4348
4349
4350
4351
4352
4353
4354
4355
4356
4357
4358
4359
4360
4361
4362
4363
4364
4365
4366
4367
4368
4369
4370
4371
4372
4373
4374
4375
4376
4377
4378
4379
4380
4381
4382
4383
4384
4385
4386
4387
4388
4389
4390
4391
4392
4393
4394
4395
4396
4397
4398
4399
4400
4401
4402
4403
4404
4405
4406
4407
4408
4409
4410
4411
4412
4413
4414
4415
4416
4417
4418
4419
4420
4421
4422
4423
4424
4425
4426
4427
4428
4429
4430
4431
4432
4433
4434
4435
4436
4437
4438
4439
4440
4441
4442
4443
4444
4445
4446
4447
4448
4449
4450
4451
4452
4453
4454
4455
4456
4457
4458
4459
4460
4461
4462
4463
4464
4465
4466
4467
4468
4469
4470
4471
4472
4473
4474
4475
4476
4477
4478
4479
4480
4481
4482
4483
4484
4485
4486
4487
4488
4489
4490
4491
4492
4493
4494
4495
4496
4497
4498
4499
4500
4501
4502
4503
4504
4505
4506
4507
4508
4509
4510
4511
4512
4513
4514
4515
4516
4517
4518
4519
4520
4521
4522
4523
4524
4525
4526
4527
4528
4529
4530
4531
4532
4533
4534
4535
4536
4537
4538
4539
4540
4541
4542
4543
4544
4545
4546
4547
4548
4549
4550
4551
4552
4553
4554
4555
4556
4557
4558
4559
4560
4561
4562
4563
4564
4565
4566
4567
4568
4569
4570
4571
4572
4573
4574
4575
4576
4577
4578
4579
4580
4581
4582
4583
4584
4585
4586
4587
4588
4589
4590
4591
4592
4593
4594
4595
4596
4597
4598
4599
4600
4601
4602
4603
4604
4605
4606
4607
4608
4609
4610
4611
4612
4613
4614
4615
4616
4617
4618
4619
4620
4621
4622
4623
4624
4625
4626
4627
4628
4629
4630
4631
4632
4633
4634
4635
4636
4637
4638
4639
4640
4641
4642
4643
4644
4645
4646
4647
4648
4649
4650
4651
4652
4653
4654
4655
4656
4657
4658
4659
4660
4661
4662
4663
4664
4665
4666
4667
4668
4669
4670
4671
4672
4673
4674
4675
4676
4677
4678
4679
4680
4681
4682
4683
4684
4685
4686
4687
4688
4689
4690
4691
4692
4693
4694
4695
4696
4697
4698
4699
4700
4701
4702
4703
4704
4705
4706
4707
4708
4709
4710
4711
4712
4713
4714
4715
4716
4717
4718
4719
4720
4721
4722
4723
4724
4725
4726
4727
4728
4729
4730
4731
4732
4733
4734
4735
4736
4737
4738
4739
4740
4741
4742
4743
4744
4745
4746
4747
4748
4749
4750
4751
4752
4753
4754
4755
4756
4757
4758
4759
4760
4761
4762
4763
4764
4765
4766
4767
4768
4769
4770
4771
4772
4773
4774
4775
4776
4777
4778
4779
4780
4781
4782
4783
4784
4785
4786
4787
4788
4789
4790
4791
4792
4793
4794
4795
4796
4797
4798
4799
4800
4801
4802
4803
4804
4805
4806
4807
4808
4809
4810
4811
4812
4813
4814
4815
4816
4817
4818
4819
4820
4821
4822
4823
4824
4825
4826
4827
4828
4829
4830
4831
4832
4833
4834
4835
4836
4837
4838
4839
4840
4841
4842
4843
4844
4845
4846
4847
4848
4849
4850
4851
4852
4853
4854
4855
4856
4857
4858
4859
4860
4861
4862
4863
4864
4865
4866
4867
4868
4869
4870
4871
4872
4873
4874
4875
4876
4877
4878
4879
4880
4881
4882
4883
4884
4885
4886
4887
4888
4889
4890
4891
4892
4893
4894
4895
4896
4897
4898
4899
4900
4901
4902
4903
4904
4905
4906
4907
4908
4909
4910
4911
4912
4913
4914
4915
4916
4917
4918
4919
4920
4921
4922
4923
4924
4925
4926
4927
4928
4929
4930
4931
4932
4933
4934
4935
4936
4937
4938
4939
4940
4941
4942
4943
4944
4945
4946
4947
4948
4949
4950
4951
4952
4953
4954
4955
4956
4957
4958
4959
4960
4961
4962
4963
4964
4965
4966
4967
4968
4969
4970
4971
4972
4973
4974
4975
4976
4977
4978
4979
4980
4981
4982
4983
4984
4985
4986
4987
4988
4989
4990
4991
4992
4993
4994
4995
4996
4997
4998
4999
5000
5001
5002
5003
5004
5005
5006
5007
5008
5009
5010
5011
5012
5013
5014
5015
5016
5017
5018
5019
5020
5021
5022
5023
5024
5025
5026
5027
5028
5029
5030
5031
5032
5033
5034
5035
5036
5037
5038
5039
5040
5041
5042
5043
5044
5045
5046
5047
5048
5049
5050
5051
5052
5053
5054
5055
5056
5057
5058
5059
5060
5061
5062
5063
5064
5065
5066
5067
5068
5069
5070
5071
5072
5073
5074
5075
5076
5077
5078
5079
5080
5081
5082
5083
5084
5085
5086
5087
5088
5089
5090
5091
5092
5093
5094
5095
5096
5097
5098
5099
5100
5101
5102
5103
5104
5105
5106
5107
5108
5109
5110
5111
5112
5113
5114
5115
5116
5117
5118
5119
5120
5121
5122
5123
5124
5125
5126
5127
5128
5129
5130
5131
5132
5133
5134
5135
5136
5137
5138
5139
5140
5141
5142
5143
5144
5145
5146
5147
5148
5149
5150
5151
5152
5153
5154
5155
5156
5157
5158
5159
5160
5161
5162
5163
5164
5165
5166
5167
5168
5169
5170
5171
5172
5173
5174
5175
5176
5177
5178
5179
5180
5181
5182
5183
5184
5185
5186
5187
5188
5189
5190
5191
5192
5193
5194
5195
5196
5197
5198
5199
5200
5201
5202
5203
5204
5205
5206
5207
5208
5209
5210
5211
5212
5213
5214
5215
5216
5217
5218
5219
5220
5221
5222
5223
5224
5225
5226
5227
5228
5229
5230
5231
5232
5233
5234
5235
5236
5237
5238
5239
5240
5241
5242
5243
5244
5245
5246
5247
5248
5249
5250
5251
5252
5253
5254
5255
5256
5257
5258
5259
5260
5261
5262
5263
5264
5265
5266
5267
5268
5269
5270
5271
5272
5273
5274
5275
5276
5277
5278
5279
5280
5281
5282
5283
5284
5285
5286
5287
5288
5289
5290
5291
5292
5293
5294
5295
5296
5297
5298
5299
5300
5301
5302
5303
5304
5305
5306
5307
5308
5309
5310
5311
5312
5313
5314
5315
5316
5317
5318
5319
5320
5321
5322
5323
5324
5325
5326
5327
5328
5329
5330
5331
5332
5333
5334
5335
5336
5337
5338
5339
5340
5341
5342
5343
5344
5345
5346
5347
5348
5349
5350
5351
5352
5353
5354
5355
5356
5357
5358
5359
5360
5361
5362
5363
5364
5365
5366
5367
5368
5369
5370
5371
5372
5373
5374
5375
5376
5377
5378
5379
5380
5381
5382
5383
5384
5385
5386
5387
5388
5389
5390
5391
5392
5393
5394
5395
5396
5397
5398
5399
5400
5401
5402
5403
5404
5405
5406
5407
5408
5409
5410
5411
5412
5413
5414
5415
5416
5417
5418
5419
5420
5421
5422
5423
5424
5425
5426
5427
5428
5429
5430
5431
5432
5433
5434
5435
5436
5437
5438
5439
5440
5441
5442
5443
5444
5445
5446
5447
5448
5449
5450
5451
5452
5453
5454
5455
5456
5457
5458
5459
5460
5461
5462
5463
5464
5465
5466
5467
5468
5469
5470
5471
5472
5473
5474
5475
5476
5477
5478
5479
5480
5481
5482
5483
5484
5485
5486
5487
5488
5489
5490
5491
5492
5493
5494
5495
5496
5497
5498
5499
5500
5501
5502
5503
5504
5505
5506
5507
5508
5509
5510
5511
5512
5513
5514
5515
5516
5517
5518
5519
5520
5521
5522
5523
5524
5525
5526
5527
5528
5529
5530
5531
5532
5533
5534
5535
5536
5537
5538
5539
5540
5541
5542
5543
5544
5545
5546
5547
5548
5549
5550
5551
5552
5553
5554
5555
5556
5557
5558
5559
5560
5561
5562
5563
5564
5565
5566
5567
5568
5569
5570
5571
5572
5573
5574
5575
5576
5577
5578
5579
5580
5581
5582
5583
5584
5585
5586
5587
5588
5589
5590
5591
5592
5593
5594
5595
5596
5597
5598
5599
5600
5601
5602
5603
5604
5605
5606
5607
5608
5609
5610
5611
5612
5613
5614
5615
5616
5617
5618
5619
5620
5621
5622
5623
5624
5625
5626
5627
5628
5629
5630
5631
5632
5633
5634
5635
5636
5637
5638
5639
5640
5641
5642
5643
5644
5645
5646
5647
5648
5649
5650
5651
5652
5653
5654
5655
5656
5657
5658
5659
5660
5661
5662
5663
5664
5665
5666
5667
5668
5669
5670
5671
5672
5673
5674
5675
5676
5677
5678
5679
5680
5681
5682
5683
5684
5685
5686
5687
5688
5689
5690
5691
5692
5693
5694
5695
5696
5697
5698
5699
5700
5701
5702
5703
5704
5705
5706
5707
5708
5709
5710
5711
5712
5713
5714
5715
5716
5717
5718
5719
5720
5721
5722
5723
5724
5725
5726
5727
5728
5729
5730
5731
5732
5733
5734
5735
5736
5737
5738
5739
5740
5741
5742
5743
5744
5745
5746
5747
5748
5749
5750
5751
0.9999999999992741 0.5000000000020802 0
0.9999999999992851 1.000000000004153 0
0.9999999999992957 1.500000000006232 0
0.9999999999993061 2.000000000008303 0
0.9999999999993164 2.500000000010375 0
0.9999999999993268 3.000000000012446 0
0.9999999999993374 3.50000000001452 0
0.9999999999993482 4.000000000016597 0
0.9999999999993585 4.500000000018667 0
0.9999999999993692 5.000000000020743 0
0.9999999999993797 5.500000000022817 0
0.9999999999993902 6.000000000024888 0
0.9999999999994006 6.500000000026968 0
0.9999999999994112 7.000000000029043 0
0.9999999999994217 7.500000000031113 0
0.999999999999432 8.000000000033186 0
0.9999999999994427 8.50000000003525 0
0.9999999999994532 9.0000000000373 0
0.9999999999994639 9.500000000039364 0
0.9999999999994743 10.00000000004142 0
0.9999999999994849 10.50000000004347 0
0.9999999999994952 11.00000000004553 0
0.9999999999995056 11.5000000000476 0
0.9999999999995164 12.00000000004965 0
0.9999999999995268 12.5000000000517 0
0.9999999999995376 13.00000000005377 0
0.9999999999995478 13.50000000005583 0
0.9999999999995581 14.00000000005788 0
0.9999999999995689 14.50000000005994 0
0.999999999999579 15.000000000062 0
0.9999999999995901 15.50000000006405 0
0.9999999999996005 16.00000000006612 0
0.9999999999996111 16.50000000006818 0
0.9999999999996213 17.00000000007023 0
0.999999999999632 17.50000000007162 0
0.9999999999996425 18.0000000000694 0
0.9999999999996528 18.50000000006651 0
0.9999999999996635 19.00000000006363 0
0.9999999999996741 19.50000000006074 0
0.9999999999996847 20.00000000005785 0
0.999999999999695 20.50000000005496 0
0.9999999999997056 21.00000000005207 0
0.999999999999716 21.50000000004919 0
0.9999999999997266 22.0000000000463 0
0.9999999999997371 22.5000000000434 0
0.9999999999997473 23.00000000004051 0
0.9999999999997582 23.50000000003763 0
0.9999999999997687 24.00000000003474 0
0.9999999999997792 24.50000000003185 0
0.9999999999997895 25.00000000002896 0
0.9999999999998004 25.50000000002608 0
0.9999999999998109 26.00000000002318 0
0.9999999999998211 26.5000000000203 0
0.9999999999998318 27.00000000001742 0
0.9999999999998422 27.50000000001452 0
0.999999999999853 28.00000000001164 0
0.9999999999998633 28.50000000000875 0
0.9999999999998739 29.00000000000587 0
0.9999999999998842 29.50000000000298 0
0.9999999999998949 30.00000000000009 0
0.9999999999999056 30.4999999999972 0
0.999999999999916 30.99999999999431 0
0.9999999999999264 31.49999999999143 0
0.9999999999999371 31.99999999998858 0
0.9999999999999474 32.49999999998938 0
0.999999999999958 32.9999999999915 0
0.9999999999999685 33.49999999999361 0
0.9999999999999788 33.99999999999574 0
0.9999999999999895 34.49999999999788 0
1.999999999998566 0.5000000000020358 0
1.999999999998586 1.000000000004064 0
1.999999999998607 1.500000000006097 0
1.999999999998628 2.000000000008122 0
1.999999999998648 2.500000000010147 0
1.99999999999867 3.000000000012173 0
1.99999999999869 3.500000000014202 0
1.999999999998711 4.00000000001623 0
1.999999999998732 4.500000000018257 0
1.999999999998753 5.000000000020287 0
1.999999999998774 5.500000000022315 0
1.999999999998794 6.000000000024339 0
1.999999999998815 6.500000000026372 0
1.999999999998836 7.0000000000284 0
1.999999999998857 7.500000000030428 0
1.999999999998878 8.000000000032454 0
1.999999999998898 8.500000000034458 0
1.999999999998919 9.000000000036446 0
1.99999999999894 9.500000000038446 0
1.999999999998961 10.00000000004044 0
1.999999999998982 10.50000000004244 0
1.999999999999002 11.00000000004443 0
1.999999999999023 11.50000000004643 0
1.999999999999044 12.00000000004842 0
1.999999999999065 12.50000000005042 0
1.999999999999085 13.00000000005242 0
1.999999999999106 13.50000000005442 0
1.999999999999127 14.00000000005641 0
1.999999999999148 14.5000000000584 0
1.999999999999168 15.0000000000604 0
1.99999999999919 15.5000000000624 0
1.99999999999921 16.0000000000644 0
1.999999999999231 16.50000000006639 0
1.999999999999251 17.00000000006838 0
1.999999999999273 17.50000000006973 0
1.999999999999293 18.00000000006756 0
1.999999999999314 18.50000000006474 0
1.999999999999335 19.00000000006191 0
1.999999999999355 19.50000000005909 0
1.999999999999376 20.00000000005627 0
1.999999999999397 20.50000000005344 0
1.999999999999418 21.00000000005062 0
1.999999999999439 21.50000000004779 0
1.99999999999946 22.00000000004497 0
1.99999999999948 22.50000000004214 0
1.999999999999501 23.00000000003932 0
1.999999999999522 23.5000000000365 0
1.999999999999543 24.00000000003367 0
1.999999999999563 24.50000000003085 0
1.999999999999585 25.00000000002803 0
1.999999999999605 25.5000000000252 0
1.999999999999626 26.00000000002238 0
1.999999999999647 26.50000000001956 0
1.999999999999667 27.00000000001674 0
1.999999999999688 27.50000000001392 0
1.999999999999709 28.0000000000111 0
1.99999999999973 28.50000000000827 0
1.999999999999751 29.00000000000545 0
1.999999999999771 29.50000000000263 0
1.999999999999792 29.99999999999981 0
1.999999999999813 30.49999999999698 0
1.999999999999834 30.99999999999416 0
1.999999999999855 31.49999999999134 0
1.999999999999875 31.99999999998855 0
1.999999999999896 32.49999999998936 0
1.999999999999917 32.9999999999915 0
1.999999999999938 33.49999999999361 0
1.999999999999958 33.99999999999575 0
1.99999999999998 34.49999999999786 0
2.9999999999976 0.5000000000019915 0
2.999999999997634 1.000000000003975 0
2.99999999999767 1.500000000005962 0
2.999999999997705 2.000000000007942 0
2.999999999997739 2.500000000009922 0
2.999999999997775 3.000000000011901 0
2.999999999997809 3.500000000013884 0
2.999999999997844 4.000000000015867 0
2.999999999997878 4.500000000017844 0
2.999999999997914 5.000000000019828 0
2.999999999997948 5.500000000021811 0
2.999999999997983 6.000000000023791 0
2.999999999998018 6.500000000025778 0
2.999999999998053 7.00000000002776 0
2.999999999998087 7.500000000029739 0
2.999999999998122 8.000000000031719 0
2.999999999998157 8.500000000033662 0
2.999999999998192 9.000000000035591 0
2.999999999998227 9.500000000037529 0
2.999999999998261 10.00000000003946 0
2.999999999998296 10.5000000000414 0
2.999999999998332 11.00000000004333 0
2.999999999998365 11.50000000004526 0
2.9999999999984 12.0000000000472 0
2.999999999998435 12.50000000004913 0
2.999999999998469 13.00000000005107 0
2.999999999998504 13.50000000005301 0
2.999999999998539 14.00000000005493 0
2.999999999998574 14.50000000005687 0
2.999999999998609 15.00000000005881 0
2.999999999998644 15.50000000006074 0
2.999999999998678 16.00000000006267 0
2.999999999998713 16.50000000006461 0
2.999999999998747 17.00000000006654 0
2.999999999998783 17.50000000006783 0
2.999999999998817 18.00000000006571 0
2.999999999998852 18.50000000006296 0
2.999999999998887 19.0000000000602 0
2.999999999998922 19.50000000005745 0
2.999999999998957 20.00000000005468 0
2.999999999998991 20.50000000005192 0
2.999999999999026 21.00000000004917 0
2.999999999999061 21.50000000004641 0
2.999999999999095 22.00000000004365 0
2.99999999999913 22.50000000004089 0
2.999999999999165 23.00000000003813 0
2.9999999999992 23.50000000003537 0
2.999999999999235 24.00000000003261 0
2.999999999999269 24.50000000002985 0
2.999999999999305 25.00000000002709 0
2.999999999999339 25.50000000002433 0
2.999999999999374 26.00000000002158 0
2.999999999999408 26.50000000001882 0
2.999999999999444 27.00000000001607 0
2.999999999999479 27.5000000000133 0
2.999999999999513 28.00000000001055 0
2.999999999999548 28.50000000000779 0
2.999999999999582 29.00000000000503 0
2.999999999999618 29.50000000000228 0
2.999999999999652 29.99999999999953 0
2.999999999999686 30.49999999999677 0
2.999999999999723 30.99999999999401 0
2.999999999999756 31.49999999999125 0
2.999999999999792 31.99999999998852 0
2.999999999999825 32.49999999998936 0
2.999999999999861 32.99999999999148 0
2.999999999999895 33.49999999999361 0
2.99999999999993 33.99999999999575 0
2.999999999999965 34.49999999999788 0
3.999999999996446 0.5000000000019471 0
3.999999999996498 1.000000000003887 0
3.999999999996549 1.500000000005828 0
3.999999999996601 2.000000000007761 0
3.999999999996652 2.500000000009694 0
3.999999999996704 3.000000000011628 0
3.999999999996756 3.500000000013564 0
3.999999999996808 4.000000000015502 0
3.999999999996859 4.500000000017436 0
3.999999999996911 5.000000000019371 0
3.999999999996962 5.500000000021309 0
3.999999999997013 6.000000000023241 0
3.999999999997065 6.500000000025183 0
3.999999999997115 7.00000000002712 0
3.999999999997168 7.500000000029054 0
3.999999999997218 8.000000000030983 0
3.99999999999727 8.500000000032873 0
3.999999999997322 9.000000000034735 0
3.999999999997373 9.500000000036609 0
3.999999999997425 10.00000000003848 0
3.999999999997477 10.50000000004035 0
3.999999999997528 11.00000000004223 0
3.99999999999758 11.5000000000441 0
3.999999999997631 12.00000000004597 0
3.999999999997682 12.50000000004784 0
3.999999999997734 13.00000000004972 0
3.999999999997785 13.50000000005159 0
3.999999999997837 14.00000000005346 0
3.999999999997888 14.50000000005534 0
3.999999999997939 15.00000000005721 0
3.999999999997992 15.50000000005908 0
3.999999999998043 16.00000000006095 0
3.999999999998095 16.50000000006282 0
3.999999999998146 17.00000000006469 0
3.999999999998197 17.50000000006594 0
3.999999999998249 18.00000000006387 0
3.9999999999983 18.50000000006118 0
3.999999999998352 19.00000000005848 0
3.999999999998403 19.5000000000558 0
3.999999999998455 20.0000000000531 0
3.999999999998507 20.5000000000504 0
3.999999999998558 21.00000000004772 0
3.999999999998609 21.50000000004502 0
3.999999999998661 22.00000000004232 0
3.999999999998712 22.50000000003963 0
3.999999999998764 23.00000000003693 0
3.999999999998815 23.50000000003424 0
3.999999999998866 24.00000000003155 0
3.999999999998918 24.50000000002886 0
3.99999999999897 25.00000000002616 0
3.999999999999022 25.50000000002347 0
3.999999999999072 26.00000000002077 0
3.999999999999124 26.50000000001808 0
3.999999999999176 27.00000000001539 0
3.999999999999227 27.50000000001269 0
3.999999999999278 28.00000000001 0
3.99999999999933 28.50000000000732 0
3.999999999999382 29.00000000000462 0
3.999999999999433 29.50000000000193 0
3.999999999999484 29.99999999999924 0
3.999999999999536 30.49999999999654 0
3.999999999999588 30.99999999999385 0
3.999999999999639 31.49999999999116 0
3.999999999999691 31.9999999999885 0
3.999999999999742 32.49999999998936 0
3.999999999999794 32.99999999999149 0
3.999999999999845 33.49999999999361 0
3.999999999999897 33.99999999999574 0
3.999999999999948 34.49999999999786 0
4.999999999995654 0.500000000001903 0
4.999999999995716 1.000000000003799 0
4.999999999995781 1.500000000005693 0
4.999999999995842 2.000000000007581 0
4.999999999995906 2.500000000009468 0
4.999999999995969 3.000000000011355 0
4.999999999996033 3.500000000013247 0
4.999999999996094 4.000000000015137 0
4.999999999996159 4.500000000017023 0
4.999999999996221 5.000000000018915 0
4.999999999996285 5.500000000020806 0
4.999999999996349 6.000000000022692 0
4.999999999996411 6.500000000024588 0
4.999999999996475 7.000000000026477 0
4.999999999996539 7.500000000028367 0
4.999999999996603 8.00000000003025 0
4.999999999996663 8.500000000032077 0
4.999999999996729 9.00000000003388 0
4.999999999996791 9.500000000035694 0
4.999999999996856 10.0000000000375 0
4.999999999996917 10.50000000003932 0
4.99999999999698 11.00000000004113 0
4.999999999997043 11.50000000004293 0
4.999999999997107 12.00000000004475 0
4.999999999997171 12.50000000004655 0
4.999999999997233 13.00000000004837 0
4.999999999997297 13.50000000005018 0
4.999999999997359 14.00000000005199 0
4.999999999997423 14.5000000000538 0
4.999999999997486 15.00000000005561 0
4.99999999999755 15.50000000005742 0
4.999999999997613 16.00000000005922 0
4.999999999997676 16.50000000006104 0
4.99999999999774 17.00000000006285 0
4.999999999997802 17.50000000006406 0
4.999999999997867 18.00000000006204 0
4.99999999999793 18.50000000005941 0
4.999999999997993 19.00000000005678 0
4.999999999998055 19.50000000005415 0
4.999999999998118 20.00000000005152 0
4.999999999998181 20.50000000004889 0
4.999999999998244 21.00000000004626 0
4.999999999998308 21.50000000004363 0
4.99999999999837 22.000000000041 0
4.999999999998434 22.50000000003838 0
4.999999999998497 23.00000000003574 0
4.99999999999856 23.50000000003311 0
4.999999999998624 24.00000000003049 0
4.999999999998686 24.50000000002786 0
4.99999999999875 25.00000000002522 0
4.999999999998813 25.5000000000226 0
4.999999999998877 26.00000000001997 0
4.99999999999894 26.50000000001734 0
4.999999999999003 27.00000000001471 0
4.999999999999066 27.50000000001208 0
4.999999999999129 28.00000000000946 0
4.999999999999194 28.50000000000683 0
4.999999999999257 29.00000000000421 0
4.999999999999321 29.50000000000157 0
4.999999999999383 29.99999999999896 0
4.999999999999446 30.49999999999633 0
4.999999999999508 30.9999999999937 0
4.999999999999573 31.49999999999107 0
4.999999999999637 31.99999999998848 0
4.999999999999697 32.49999999998935 0
4.999999999999761 32.99999999999147 0
4.999999999999825 33.49999999999361 0
4.999999999999889 33.99999999999573 0
4.999999999999951 34.49999999999786 0
5.999999999994961 0.5000000000018586 0
5.999999999995034 1.00000000000371 0
5.999999999995105 1.500000000005559 0
5.999999999995181 2.0000000000074 0
5.999999999995254 2.500000000009241 0
5.999999999995327 3.000000000011083 0
5.9999999999954 3.500000000012927 0
5.999999999995472 4.000000000014773 0
5.999999999995543 4.500000000016612 0
5.999999999995619 5.000000000018458 0
5.999999999995691 5.500000000020304 0
5.999999999995763 6.000000000022144 0
5.999999999995838 6.500000000023992 0
5.999999999995909 7.000000000025837 0
5.999999999995983 7.500000000027677 0
5.999999999996056 8.000000000029516 0
5.99999999999613 8.500000000031283 0
5.999999999996203 9.000000000033028 0
5.999999999996275 9.500000000034778 0
5.999999999996348 10.00000000003653 0
5.999999999996422 10.50000000003827 0
5.999999999996495 11.00000000004002 0
5.999999999996567 11.50000000004177 0
5.999999999996641 12.00000000004352 0
5.999999999996714 12.50000000004527 0
5.999999999996787 13.00000000004702 0
5.999999999996859 13.50000000004877 0
5.999999999996933 14.00000000005052 0
5.999999999997006 14.50000000005227 0
5.999999999997079 15.00000000005401 0
5.999999999997152 15.50000000005576 0
5.999999999997226 16.0000000000575 0
5.999999999997299 16.50000000005925 0
5.99999999999737 17.000000000061 0
5.999999999997445 17.50000000006217 0
5.999999999997516 18.00000000006019 0
5.99999999999759 18.50000000005763 0
5.999999999997663 19.00000000005506 0
5.999999999997736 19.5000000000525 0
5.999999999997809 20.00000000004994 0
5.999999999997882 20.50000000004737 0
5.999999999997955 21.0000000000448 0
5.999999999998027 21.50000000004224 0
5.999999999998103 22.00000000003968 0
5.999999999998174 22.50000000003711 0
5.999999999998249 23.00000000003455 0
5.999999999998321 23.50000000003198 0
5.999999999998393 24.00000000002942 0
5.999999999998465 24.50000000002685 0
5.999999999998539 25.00000000002429 0
5.999999999998612 25.50000000002174 0
5.999999999998684 26.00000000001916 0
5.999999999998759 26.50000000001661 0
5.999999999998832 27.00000000001404 0
5.999999999998904 27.50000000001147 0
5.999999999998976 28.00000000000892 0
5.999999999999051 28.50000000000635 0
5.999999999999124 29.00000000000379 0
5.999999999999196 29.50000000000123 0
5.999999999999271 29.99999999999866 0
5.999999999999341 30.49999999999611 0
5.999999999999416 30.99999999999354 0
5.999999999999489 31.49999999999098 0
5.999999999999562 31.99999999998845 0
5.999999999999635 32.49999999998933 0
5.999999999999708 32.99999999999147 0
5.999999999999782 33.49999999999361 0
5.999999999999854 33.99999999999574 0
5.999999999999926 34.49999999999785 0
6.999999999994268 0.5000000000018143 0
6.999999999994354 1.000000000003621 0
6.999999999994434 1.500000000005424 0
6.99999999999452 2.000000000007219 0
6.999999999994602 2.500000000009014 0
6.999999999994685 3.00000000001081 0
6.999999999994767 3.500000000012609 0
6.999999999994852 4.000000000014408 0
6.999999999994934 4.500000000016202 0
6.999999999995019 5.000000000018002 0
6.9999999999951 5.500000000019798 0
6.999999999995184 6.000000000021594 0
6.999999999995268 6.500000000023396 0
6.999999999995351 7.000000000025196 0
6.999999999995433 7.500000000026993 0
6.999999999995518 8.000000000028781 0
6.9999999999956 8.500000000030493 0
6.999999999995685 9.00000000003217 0
6.999999999995769 9.500000000033857 0
6.999999999995849 10.00000000003555 0
6.999999999995932 10.50000000003723 0
6.999999999996017 11.00000000003892 0
6.999999999996101 11.50000000004061 0
6.999999999996184 12.00000000004229 0
6.999999999996268 12.50000000004398 0
6.99999999999635 13.00000000004566 0
6.999999999996433 13.50000000004736 0
6.999999999996518 14.00000000004904 0
6.9999999999966 14.50000000005073 0
6.999999999996682 15.00000000005241 0
6.999999999996767 15.5000000000541 0
6.999999999996849 16.00000000005578 0
6.999999999996934 16.50000000005748 0
6.999999999997016 17.00000000005915 0
6.999999999997101 17.50000000006028 0
6.999999999997183 18.00000000005835 0
6.999999999997266 18.50000000005585 0
6.99999999999735 19.00000000005335 0
6.999999999997433 19.50000000005085 0
6.999999999997517 20.00000000004835 0
6.9999999999976 20.50000000004586 0
6.999999999997682 21.00000000004335 0
6.999999999997765 21.50000000004085 0
6.999999999997851 22.00000000003836 0
6.999999999997932 22.50000000003586 0
6.999999999998018 23.00000000003335 0
6.999999999998099 23.50000000003086 0
6.999999999998181 24.00000000002836 0
6.999999999998266 24.50000000002585 0
6.999999999998348 25.00000000002336 0
6.999999999998431 25.50000000002087 0
6.999999999998515 26.00000000001836 0
6.999999999998597 26.50000000001586 0
6.999999999998682 27.00000000001337 0
6.999999999998765 27.50000000001087 0
6.999999999998849 28.00000000000837 0
6.999999999998931 28.50000000000588 0
6.999999999999016 29.00000000000338 0
6.999999999999098 29.50000000000088 0
6.999999999999181 29.99999999999838 0
6.999999999999265 30.49999999999589 0
6.999999999999348 30.99999999999339 0
6.999999999999432 31.49999999999089 0
6.999999999999513 31.99999999998843 0
6.999999999999599 32.49999999998933 0
6.999999999999681 32.99999999999147 0
6.999999999999766 33.4999999999936 0
6.999999999999848 33.99999999999572 0
6.999999999999932 34.49999999999786 0
7.999999999993575 0.5000000000017698 0
7.999999999993669 1.000000000003532 0
7.999999999993762 1.50000000000529 0
7.999999999993856 2.000000000007039 0
7.999999999993947 2.500000000008787 0
7.999999999994042 3.000000000010537 0
7.999999999994134 3.500000000012289 0
7.999999999994227 4.000000000014041 0
7.999999999994319 4.50000000001579 0
7.999999999994413 5.000000000017544 0
7.999999999994508 5.500000000019297 0
7.9999999999946 6.000000000021046 0
7.999999999994692 6.500000000022802 0
7.999999999994786 7.000000000024555 0
7.999999999994879 7.500000000026303 0
7.999999999994972 8.000000000028049 0
7.999999999995064 8.500000000029697 0
7.999999999995159 9.000000000031315 0
7.999999999995252 9.500000000032943 0
7.999999999995346 10.00000000003457 0
7.999999999995439 10.50000000003619 0
7.999999999995531 11.00000000003782 0
7.999999999995626 11.50000000003944 0
7.999999999995717 12.00000000004106 0
7.99999999999581 12.50000000004269 0
7.999999999995904 13.00000000004432 0
7.999999999995996 13.50000000004594 0
7.999999999996088 14.00000000004757 0
7.999999999996181 14.50000000004919 0
7.999999999996277 15.00000000005081 0
7.999999999996369 15.50000000005244 0
7.999999999996463 16.00000000005407 0
7.999999999996554 16.50000000005569 0
7.999999999996648 17.00000000005731 0
7.999999999996742 17.50000000005839 0
7.999999999996835 18.00000000005651 0
7.999999999996927 18.50000000005407 0
7.999999999997021 19.00000000005164 0
7.999999999997115 19.50000000004921 0
7.999999999997206 20.00000000004677 0
7.9999999999973 20.50000000004433 0
7.999999999997392 21.00000000004191 0
7.999999999997485 21.50000000003946 0
7.999999999997579 22.00000000003704 0
7.999999999997673 22.5000000000346 0
7.999999999997765 23.00000000003216 0
7.999999999997859 23.50000000002973 0
7.999999999997955 24.00000000002729 0
7.999999999998044 24.50000000002486 0
7.999999999998138 25.00000000002242 0
7.999999999998231 25.50000000001999 0
7.999999999998323 26.00000000001756 0
7.999999999998417 26.50000000001513 0
7.999999999998511 27.0000000000127 0
7.999999999998604 27.50000000001026 0
7.999999999998696 28.00000000000783 0
7.999999999998789 28.50000000000539 0
7.999999999998883 29.00000000000297 0
7.999999999998977 29.50000000000053 0
7.999999999999069 29.9999999999981 0
7.999999999999162 30.49999999999566 0
7.999999999999256 30.99999999999324 0
7.99999999999935 31.4999999999908 0
7.999999999999442 31.9999999999884 0
7.999999999999534 32.49999999998933 0
7.999999999999627 32.99999999999146 0
7.999999999999718 33.49999999999358 0
7.999999999999815 33.99999999999572 0
7.999999999999908 34.49999999999786 0
8.999999999992882 0.5000000000017254 0
8.999999999992989 1.000000000003443 0
8.999999999993092 1.500000000005155 0
8.999999999993195 2.000000000006859 0
8.999999999993294 2.500000000008561 0
8.999999999993401 3.000000000010265 0
8.999999999993507 3.500000000011971 0
8.999999999993609 4.000000000013678 0
8.99999999999371 4.500000000015381 0
8.999999999993811 5.000000000017087 0
8.999999999993916 5.500000000018793 0
8.999999999994023 6.000000000020497 0
8.999999999994126 6.500000000022208 0
8.999999999994227 7.000000000023914 0
8.999999999994332 7.500000000025618 0
8.999999999994435 8.000000000027313 0
8.999999999994536 8.500000000028908 0
8.999999999994639 9.000000000030463 0
8.999999999994742 9.500000000032026 0
8.999999999994845 10.00000000003359 0
8.99999999999495 10.50000000003515 0
8.999999999995055 11.00000000003672 0
8.999999999995156 11.50000000003828 0
8.999999999995262 12.00000000003984 0
8.999999999995364 12.5000000000414 0
8.999999999995469 13.00000000004297 0
8.99999999999557 13.50000000004453 0
8.999999999995673 14.00000000004609 0
8.999999999995776 14.50000000004766 0
8.999999999995879 15.00000000004922 0
8.999999999995984 15.50000000005078 0
8.999999999996085 16.00000000005235 0
8.999999999996188 16.5000000000539 0
8.999999999996291 17.00000000005546 0
8.999999999996394 17.5000000000565 0
8.999999999996497 18.00000000005466 0
8.999999999996604 18.50000000005229 0
8.999999999996708 19.00000000004993 0
8.99999999999681 19.50000000004756 0
8.999999999996914 20.00000000004519 0
8.999999999997017 20.50000000004281 0
8.999999999997121 21.00000000004045 0
8.999999999997224 21.50000000003808 0
8.99999999999733 22.00000000003572 0
8.99999999999743 22.50000000003334 0
8.999999999997536 23.00000000003097 0
8.999999999997636 23.5000000000286 0
8.999999999997742 24.00000000002623 0
8.999999999997845 24.50000000002387 0
8.999999999997947 25.00000000002149 0
8.99999999999805 25.50000000001912 0
8.999999999998153 26.00000000001675 0
8.999999999998256 26.50000000001439 0
8.999999999998359 27.00000000001203 0
8.999999999998462 27.50000000000965 0
8.999999999998566 28.00000000000729 0
8.999999999998668 28.50000000000491 0
8.999999999998771 29.00000000000256 0
8.999999999998874 29.50000000000018 0
8.999999999998982 29.99999999999781 0
8.999999999999085 30.49999999999545 0
8.999999999999188 30.99999999999307 0
8.999999999999291 31.49999999999071 0
8.999999999999394 31.99999999998838 0
8.999999999999497 32.49999999998932 0
8.999999999999604 32.99999999999146 0
8.999999999999702 33.49999999999358 0
8.999999999999808 33.99999999999572 0
8.999999999999909 34.49999999999786 0
9.999999999991848 0.5000000000016815 0
9.999999999991966 1.000000000003355 0
9.999999999992086 1.50000000000502 0
9.999999999992207 2.000000000006677 0
9.999999999992321 2.500000000008334 0
9.999999999992445 3.000000000009992 0
9.999999999992559 3.500000000011652 0
9.99999999999268 4.000000000013313 0
9.999999999992795 4.500000000014969 0
9.999999999992916 5.00000000001663 0
9.999999999993031 5.500000000018291 0
9.999999999993152 6.000000000019948 0
9.999999999993273 6.500000000021611 0
9.999999999993387 7.000000000023272 0
9.999999999993507 7.50000000002493 0
9.999999999993626 8.000000000026578 0
9.999999999993744 8.500000000028113 0
9.999999999993861 9.000000000029608 0
9.999999999993978 9.500000000031109 0
9.999999999994097 10.00000000003261 0
9.999999999994214 10.50000000003411 0
9.999999999994335 11.00000000003562 0
9.999999999994454 11.50000000003711 0
9.999999999994575 12.00000000003861 0
9.999999999994689 12.50000000004011 0
9.999999999994808 13.00000000004161 0
9.999999999994927 13.50000000004312 0
9.999999999995046 14.00000000004462 0
9.999999999995163 14.50000000004612 0
9.999999999995286 15.00000000004762 0
9.999999999995399 15.50000000004912 0
9.999999999995516 16.00000000005062 0
9.999999999995634 16.50000000005212 0
9.999999999995756 17.00000000005362 0
9.999999999995874 17.50000000005461 0
9.999999999995991 18.00000000005282 0
9.999999999996108 18.50000000005051 0
9.999999999996229 19.00000000004821 0
9.999999999996348 19.50000000004591 0
9.999999999996465 20.00000000004361 0
9.999999999996584 20.5000000000413 0
9.999999999996701 21.00000000003899 0
9.999999999996819 21.50000000003669 0
9.999999999996936 22.00000000003438 0
9.999999999997053 22.50000000003208 0
9.999999999997174 23.00000000002978 0
9.999999999997291 23.50000000002747 0
9.999999999997408 24.00000000002517 0
9.999999999997529 24.50000000002286 0
9.999999999997646 25.00000000002056 0
9.999999999997767 25.50000000001825 0
9.999999999997884 26.00000000001595 0
9.999999999998005 26.50000000001365 0
9.999999999998122 27.00000000001135 0
9.99999999999824 27.50000000000905 0
9.999999999998357 28.00000000000674 0
9.999999999998474 28.50000000000443 0
9.999999999998595 29.00000000000214 0
9.99999999999871 29.49999999999984 0
9.999999999998831 29.99999999999753 0
9.99999999999895 30.49999999999522 0
9.999999999999067 30.99999999999292 0
9.999999999999185 31.49999999999062 0
9.999999999999305 31.99999999998835 0
9.999999999999421 32.49999999998931 0
9.999999999999538 32.99999999999145 0
9.999999999999662 33.49999999999358 0
9.99999999999978 33.99999999999572 0
9.999999999999895 34.49999999999786 0
10.99999999998931 0.500000000001637 0
10.99999999998947 1.000000000003266 0
10.99999999998962 1.500000000004885 0
10.99999999998978 2.000000000006497 0
10.99999999998993 2.500000000008108 0
10.99999999999008 3.000000000009719 0
10.99999999999024 3.500000000011334 0
10.9999999999904 4.000000000012947 0
10.99999999999055 4.500000000014557 0
10.99999999999071 5.000000000016174 0
10.99999999999087 5.500000000017788 0
10.99999999999102 6.000000000019399 0
10.99999999999117 6.500000000021017 0
10.99999999999133 7.000000000022632 0
10.99999999999148 7.500000000024242 0
10.99999999999164 8.000000000025846 0
10.99999999999179 8.500000000027319 0
10.99999999999195 9.00000000002875 0
10.9999999999921 9.500000000030193 0
10.99999999999226 10.00000000003163 0
10.99999999999241 10.50000000003307 0
10.99999999999257 11.00000000003451 0
10.99999999999272 11.50000000003595 0
10.99999999999288 12.00000000003739 0
10.99999999999304 12.50000000003883 0
10.99999999999319 13.00000000004026 0
10.99999999999334 13.50000000004171 0
10.9999999999935 14.00000000004315 0
10.99999999999366 14.50000000004458 0
10.99999999999381 15.00000000004602 0
10.99999999999396 15.50000000004746 0
10.99999999999412 16.0000000000489 0
10.99999999999428 16.50000000005034 0
10.99999999999443 17.00000000005178 0
10.99999999999459 17.50000000005272 0
10.99999999999474 18.00000000005098 0
10.99999999999489 18.50000000004874 0
10.99999999999505 19.00000000004651 0
10.99999999999521 19.50000000004426 0
10.99999999999536 20.00000000004201 0
10.99999999999551 20.50000000003978 0
10.99999999999567 21.00000000003754 0
10.99999999999583 21.5000000000353 0
10.99999999999598 22.00000000003306 0
10.99999999999614 22.50000000003083 0
10.99999999999629 23.00000000002858 0
10.99999999999644 23.50000000002634 0
10.9999999999966 24.00000000002411 0
10.99999999999676 24.50000000002186 0
10.99999999999691 25.00000000001963 0
10.99999999999707 25.50000000001739 0
10.99999999999722 26.00000000001514 0
10.99999999999738 26.50000000001291 0
10.99999999999753 27.00000000001068 0
10.99999999999769 27.50000000000843 0
10.99999999999784 28.00000000000619 0
10.999999999998 28.50000000000396 0
10.99999999999816 29.00000000000172 0
10.99999999999831 29.49999999999948 0
10.99999999999846 29.99999999999725 0
10.99999999999862 30.499999999995 0
10.99999999999877 30.99999999999277 0
10.99999999999893 31.49999999999053 0
10.99999999999908 31.99999999998832 0
10.99999999999924 32.4999999999893 0
10.99999999999939 32.99999999999145 0
10.99999999999955 33.49999999999358 0
10.99999999999971 33.99999999999572 0
10.99999999999986 34.49999999999786 0
11.99999999998643 0.5000000000015926 0
11.99999999998662 1.000000000003177 0
11.99999999998682 1.500000000004751 0
11.99999999998702 2.000000000006317 0
11.99999999998722 2.500000000007881 0
11.99999999998741 3.000000000009447 0
11.99999999998761 3.500000000011015 0
11.99999999998781 4.000000000012583 0
11.999999999988 4.500000000014147 0
11.9999999999882 5.000000000015718 0
11.9999999999884 5.500000000017284 0
11.9999999999886 6.00000000001885 0
11.99999999998879 6.500000000020421 0
11.99999999998899 7.00000000002199 0
11.99999999998919 7.500000000023556 0
11.99999999998938 8.000000000025111 0
11.99999999998958 8.500000000026528 0
11.99999999998978 9.000000000027899 0
11.99999999998997 9.500000000029274 0
11.99999999999017 10.00000000003065 0
11.99999999999037 10.50000000003203 0
11.99999999999057 11.00000000003341 0
11.99999999999076 11.50000000003478 0
11.99999999999096 12.00000000003616 0
11.99999999999115 12.50000000003754 0
11.99999999999135 13.00000000003891 0
11.99999999999155 13.50000000004029 0
11.99999999999175 14.00000000004167 0
11.99999999999194 14.50000000004305 0
11.99999999999214 15.00000000004443 0
11.99999999999234 15.5000000000458 0
11.99999999999253 16.00000000004717 0
11.99999999999273 16.50000000004855 0
11.99999999999292 17.00000000004993 0
11.99999999999312 17.50000000005083 0
11.99999999999332 18.00000000004913 0
11.99999999999351 18.50000000004696 0
11.99999999999371 19.00000000004478 0
11.99999999999391 19.50000000004261 0
11.99999999999411 20.00000000004044 0
11.9999999999943 20.50000000003827 0
11.9999999999945 21.00000000003609 0
11.9999999999947 21.50000000003391 0
11.99999999999489 22.00000000003174 0
11.99999999999509 22.50000000002956 0
11.99999999999529 23.00000000002739 0
11.99999999999549 23.50000000002521 0
11.99999999999568 24.00000000002304 0
11.99999999999588 24.50000000002087 0
11.99999999999608 25.00000000001869 0
11.99999999999627 25.50000000001652 0
11.99999999999647 26.00000000001435 0
11.99999999999667 26.50000000001217 0
11.99999999999686 27.00000000000999 0
11.99999999999706 27.50000000000782 0
11.99999999999726 28.00000000000565 0
11.99999999999746 28.50000000000348 0
11.99999999999765 29.0000000000013 0
11.99999999999785 29.49999999999913 0
11.99999999999804 29.99999999999696 0
11.99999999999824 30.49999999999478 0
11.99999999999844 30.99999999999262 0
11.99999999999864 31.49999999999044 0
11.99999999999883 31.9999999999883 0
11.99999999999903 32.4999999999893 0
11.99999999999923 32.99999999999144 0
11.99999999999943 33.49999999999358 0
11.99999999999962 33.99999999999572 0
11.99999999999982 34.49999999999786 0
12.99999999998355 0.5000000000015482 0
12.99999999998379 1.000000000003089 0
12.99999999998403 1.500000000004617 0
12.99999999998427 2.000000000006136 0
12.9999999999845 2.500000000007655 0
12.99999999998474 3.000000000009174 0
12.99999999998498 3.500000000010696 0
12.99999999998522 4.000000000012219 0
12.99999999998546 4.500000000013737 0
12.9999999999857 5.000000000015259 0
12.99999999998593 5.500000000016782 0
12.99999999998617 6.000000000018301 0
12.99999999998641 6.500000000019828 0
12.99999999998665 7.000000000021348 0
12.99999999998689 7.500000000022867 0
12.99999999998713 8.000000000024375 0
12.99999999998736 8.500000000025732 0
12.9999999999876 9.000000000027041 0
12.99999999998784 9.50000000002836 0
12.99999999998808 10.00000000002968 0
12.99999999998832 10.50000000003099 0
12.99999999998856 11.0000000000323 0
12.9999999999888 11.50000000003362 0
12.99999999998904 12.00000000003494 0
12.99999999998928 12.50000000003625 0
12.99999999998951 13.00000000003757 0
12.99999999998975 13.50000000003888 0
12.99999999998999 14.0000000000402 0
12.99999999999023 14.50000000004152 0
12.99999999999047 15.00000000004283 0
12.99999999999071 15.50000000004414 0
12.99999999999095 16.00000000004545 0
12.99999999999118 16.50000000004677 0
12.99999999999143 17.00000000004808 0
12.99999999999166 17.50000000004894 0
12.9999999999919 18.00000000004729 0
12.99999999999214 18.50000000004518 0
12.99999999999238 19.00000000004307 0
12.99999999999262 19.50000000004096 0
12.99999999999285 20.00000000003886 0
12.99999999999309 20.50000000003675 0
12.99999999999333 21.00000000003464 0
12.99999999999357 21.50000000003253 0
12.99999999999381 22.00000000003042 0
12.99999999999405 22.5000000000283 0
12.99999999999429 23.0000000000262 0
12.99999999999452 23.50000000002408 0
12.99999999999476 24.00000000002197 0
12.999999999995 24.50000000001987 0
12.99999999999524 25.00000000001776 0
12.99999999999548 25.50000000001565 0
12.99999999999572 26.00000000001353 0
12.99999999999596 26.50000000001143 0
12.9999999999962 27.00000000000933 0
12.99999999999643 27.50000000000721 0
12.99999999999667 28.00000000000512 0
12.99999999999691 28.50000000000299 0
12.99999999999715 29.00000000000089 0
12.99999999999739 29.49999999999879 0
12.99999999999763 29.99999999999667 0
12.99999999999787 30.49999999999457 0
12.9999999999981 30.99999999999246 0
12.99999999999834 31.49999999999035 0
12.99999999999858 31.99999999998828 0
12.99999999999882 32.49999999998929 0
12.99999999999906 32.99999999999142 0
12.9999999999993 33.49999999999357 0
12.99999999999954 33.99999999999572 0
12.99999999999977 34.49999999999786 0
13.99999999998067 0.5000000000015041 0
13.99999999998095 1.000000000003 0
13.99999999998123 1.500000000004481 0
13.99999999998151 2.000000000005954 0
13.99999999998179 2.500000000007427 0
13.99999999998207 3.000000000008901 0
13.99999999998235 3.500000000010377 0
13.99999999998263 4.000000000011854 0
13.99999999998291 4.500000000013324 0
13.99999999998319 5.000000000014802 0
13.99999999998347 5.500000000016279 0
13.99999999998375 6.000000000017752 0
13.99999999998403 6.500000000019232 0
13.99999999998431 7.000000000020707 0
13.99999999998459 7.500000000022181 0
13.99999999998488 8.000000000023643 0
13.99999999998515 8.500000000024938 0
13.99999999998544 9.000000000026187 0
13.99999999998572 9.500000000027443 0
13.999999999986 10.0000000000287 0
13.99999999998628 10.50000000002995 0
13.99999999998656 11.0000000000312 0
13.99999999998684 11.50000000003245 0
13.99999999998711 12.00000000003371 0
13.9999999999874 12.50000000003496 0
13.99999999998768 13.00000000003621 0
13.99999999998796 13.50000000003747 0
13.99999999998824 14.00000000003872 0
13.99999999998852 14.50000000003997 0
13.9999999999888 15.00000000004123 0
13.99999999998908 15.50000000004248 0
13.99999999998936 16.00000000004373 0
13.99999999998964 16.50000000004498 0
13.99999999998992 17.00000000004624 0
13.9999999999902 17.50000000004705 0
13.99999999999048 18.00000000004545 0
13.99999999999076 18.50000000004341 0
13.99999999999104 19.00000000004136 0
13.99999999999132 19.50000000003931 0
13.9999999999916 20.00000000003727 0
13.99999999999188 20.50000000003523 0
13.99999999999217 21.00000000003318 0
13.99999999999244 21.50000000003114 0
13.99999999999272 22.00000000002909 0
13.99999999999301 22.50000000002705 0
13.99999999999329 23.000000000025 0
13.99999999999357 23.50000000002295 0
13.99999999999385 24.00000000002091 0
13.99999999999413 24.50000000001886 0
13.99999999999441 25.00000000001682 0
13.99999999999469 25.50000000001479 0
13.99999999999497 26.00000000001273 0
13.99999999999525 26.50000000001069 0
13.99999999999553 27.00000000000865 0
13.99999999999581 27.50000000000661 0
13.99999999999609 28.00000000000455 0
13.99999999999637 28.50000000000251 0
13.99999999999665 29.00000000000048 0
13.99999999999693 29.49999999999843 0
13.99999999999721 29.99999999999639 0
13.99999999999749 30.49999999999434 0
13.99999999999777 30.9999999999923 0
13.99999999999805 31.49999999999026 0
13.99999999999833 31.99999999998825 0
13.99999999999861 32.49999999998928 0
13.99999999999889 32.99999999999143 0
13.99999999999917 33.49999999999355 0
13.99999999999945 33.99999999999572 0
13.99999999999973 34.49999999999786 0
14.99999999997779 0.5000000000014599 0
14.99999999997811 1.000000000002911 0
14.99999999997844 1.500000000004347 0
14.99999999997875 2.000000000005774 0
14.99999999997907 2.500000000007201 0
14.9999999999794 3.000000000008629 0
14.99999999997972 3.500000000010058 0
14.99999999998004 4.000000000011489 0
14.99999999998036 4.500000000012916 0
14.99999999998069 5.000000000014346 0
14.99999999998101 5.500000000015776 0
14.99999999998133 6.000000000017202 0
14.99999999998165 6.500000000018638 0
14.99999999998197 7.000000000020066 0
14.9999999999823 7.500000000021494 0
14.99999999998262 8.000000000022908 0
14.99999999998294 8.500000000024148 0
14.99999999998326 9.000000000025333 0
14.99999999998359 9.500000000026526 0
14.99999999998391 10.00000000002771 0
14.99999999998423 10.50000000002891 0
14.99999999998455 11.0000000000301 0
14.99999999998488 11.50000000003129 0
14.9999999999852 12.00000000003248 0
14.99999999998552 12.50000000003367 0
14.99999999998584 13.00000000003487 0
14.99999999998617 13.50000000003606 0
14.99999999998649 14.00000000003725 0
14.99999999998681 14.50000000003844 0
14.99999999998713 15.00000000003963 0
14.99999999998745 15.50000000004082 0
14.99999999998778 16.00000000004201 0
14.9999999999881 16.50000000004321 0
14.99999999998842 17.00000000004439 0
14.99999999998874 17.50000000004515 0
14.99999999998906 18.00000000004361 0
14.99999999998938 18.50000000004163 0
14.9999999999897 19.00000000003965 0
14.99999999999003 19.50000000003767 0
14.99999999999035 20.00000000003569 0
14.99999999999067 20.50000000003371 0
14.999999999991 21.00000000003173 0
14.99999999999132 21.50000000002975 0
14.99999999999164 22.00000000002777 0
14.99999999999196 22.50000000002579 0
14.99999999999228 23.00000000002381 0
14.99999999999261 23.50000000002183 0
14.99999999999293 24.00000000001985 0
14.99999999999325 24.50000000001787 0
14.99999999999357 25.00000000001589 0
14.9999999999939 25.50000000001391 0
14.99999999999422 26.00000000001193 0
14.99999999999454 26.50000000000995 0
14.99999999999486 27.00000000000798 0
14.99999999999518 27.500000000006 0
14.9999999999955 28.00000000000402 0
14.99999999999583 28.50000000000204 0
14.99999999999615 29.00000000000007 0
14.99999999999647 29.49999999999808 0
14.99999999999679 29.9999999999961 0
14.99999999999712 30.49999999999413 0
14.99999999999744 30.99999999999216 0
14.99999999999776 31.49999999999017 0
14.99999999999808 31.99999999998822 0
14.9999999999984 32.49999999998928 0
14.99999999999873 32.99999999999142 0
14.99999999999905 33.49999999999355 0
14.99999999999937 33.99999999999571 0
14.99999999999969 34.49999999999786 0
15.99999999997491 0.5000000000014155 0
15.99999999997527 1.000000000002823 0
15.99999999997563 1.500000000004212 0
15.999999999976 2.000000000005594 0
15.99999999997636 2.500000000006974 0
15.99999999997672 3.000000000008356 0
15.99999999997709 3.50000000000974 0
15.99999999997746 4.000000000011124 0
15.99999999997782 4.500000000012505 0
15.99999999997818 5.00000000001389 0
15.99999999997854 5.500000000015273 0
15.99999999997891 6.000000000016654 0
15.99999999997928 6.500000000018041 0
15.99999999997964 7.000000000019425 0
15.99999999998 7.500000000020806 0
15.99999999998036 8.000000000022172 0
15.99999999998073 8.500000000023352 0
15.99999999998109 9.000000000024478 0
15.99999999998145 9.50000000002561 0
15.99999999998182 10.00000000002674 0
15.99999999998218 10.50000000002787 0
15.99999999998255 11.000000000029 0
15.99999999998291 11.50000000003013 0
15.99999999998327 12.00000000003126 0
15.99999999998364 12.50000000003238 0
15.999999999984 13.00000000003352 0
15.99999999998436 13.50000000003464 0
15.99999999998473 14.00000000003578 0
15.9999999999851 14.5000000000369 0
15.99999999998546 15.00000000003803 0
15.99999999998582 15.50000000003916 0
15.99999999998619 16.00000000004029 0
15.99999999998655 16.50000000004142 0
15.99999999998691 17.00000000004255 0
15.99999999998728 17.50000000004326 0
15.99999999998764 18.00000000004177 0
15.999999999988 18.50000000003985 0
15.99999999998837 19.00000000003794 0
15.99999999998873 19.50000000003602 0
15.9999999999891 20.00000000003411 0
15.99999999998946 20.50000000003219 0
15.99999999998983 21.00000000003028 0
15.99999999999019 21.50000000002836 0
15.99999999999056 22.00000000002645 0
15.99999999999092 22.50000000002454 0
15.99999999999128 23.00000000002262 0
15.99999999999164 23.50000000002069 0
15.99999999999201 24.00000000001879 0
15.99999999999237 24.50000000001688 0
15.99999999999273 25.00000000001496 0
15.9999999999931 25.50000000001304 0
15.99999999999346 26.00000000001113 0
15.99999999999383 26.50000000000922 0
15.99999999999419 27.0000000000073 0
15.99999999999456 27.50000000000539 0
15.99999999999492 28.00000000000348 0
15.99999999999528 28.50000000000156 0
15.99999999999565 28.99999999999964 0
15.99999999999601 29.49999999999774 0
15.99999999999637 29.99999999999582 0
15.99999999999674 30.49999999999391 0
15.99999999999711 30.999999999992 0
15.99999999999747 31.49999999999008 0
15.99999999999783 31.9999999999882 0
15.9999999999982 32.49999999998927 0
15.99999999999856 32.99999999999142 0
15.99999999999893 33.49999999999356 0
15.99999999999929 33.99999999999569 0
15.99999999999965 34.49999999999786 0
16.99999999997201 0.5000000000013711 0
16.99999999997242 1.000000000002734 0
16.99999999997283 1.500000000004078 0
16.99999999997323 2.000000000005413 0
16.99999999997364 2.500000000006747 0
16.99999999997405 3.000000000008082 0
16.99999999997445 3.50000000000942 0
16.99999999997486 4.000000000010759 0
16.99999999997527 4.500000000012092 0
16.99999999997567 5.000000000013433 0
16.99999999997608 5.50000000001477 0
16.99999999997648 6.000000000016104 0
16.99999999997689 6.500000000017448 0
16.99999999997729 7.000000000018786 0
16.9999999999777 7.500000000020122 0
16.99999999997811 8.000000000021441 0
16.99999999997851 8.500000000022563 0
16.99999999997891 9.000000000023622 0
16.99999999997932 9.50000000002469 0
16.99999999997973 10.00000000002576 0
16.99999999998014 10.50000000002682 0
16.99999999998054 11.0000000000279 0
16.99999999998095 11.50000000002897 0
16.99999999998135 12.00000000003003 0
16.99999999998176 12.5000000000311 0
16.99999999998216 13.00000000003217 0
16.99999999998257 13.50000000003324 0
16.99999999998298 14.0000000000343 0
16.99999999998338 14.50000000003537 0
16.99999999998379 15.00000000003643 0
16.99999999998419 15.5000000000375 0
16.9999999999846 16.00000000003857 0
16.999999999985 16.50000000003963 0
16.99999999998541 17.0000000000407 0
16.99999999998581 17.50000000004137 0
16.99999999998622 18.00000000003993 0
16.99999999998663 18.50000000003807 0
16.99999999998703 19.00000000003623 0
16.99999999998744 19.50000000003438 0
16.99999999998784 20.00000000003252 0
16.99999999998825 20.50000000003068 0
16.99999999998866 21.00000000002883 0
16.99999999998906 21.50000000002697 0
16.99999999998947 22.00000000002512 0
16.99999999998987 22.50000000002327 0
16.99999999999028 23.00000000002142 0
16.99999999999068 23.50000000001958 0
16.99999999999109 24.00000000001772 0
16.99999999999149 24.50000000001587 0
16.9999999999919 25.00000000001402 0
16.99999999999231 25.50000000001217 0
16.99999999999271 26.00000000001032 0
16.99999999999311 26.50000000000848 0
16.99999999999352 27.00000000000663 0
16.99999999999393 27.50000000000478 0
16.99999999999433 28.00000000000293 0
16.99999999999473 28.50000000000108 0
16.99999999999514 28.99999999999923 0
16.99999999999554 29.49999999999738 0
16.99999999999595 29.99999999999553 0
16.99999999999637 30.49999999999369 0
16.99999999999676 30.99999999999184 0
16.99999999999718 31.49999999998999 0
16.99999999999758 31.99999999998817 0
16.99999999999798 32.49999999998926 0
16.99999999999839 32.99999999999142 0
16.99999999999879 33.49999999999356 0
16.9999999999992 33.99999999999569 0
16.9999999999996 34.49999999999786 0
17.99999999996915 0.5000000000013267 0
17.99999999996959 1.000000000002645 0
17.99999999997004 1.500000000003944 0
17.99999999997049 2.000000000005232 0
17.99999999997093 2.500000000006521 0
17.99999999997138 3.000000000007811 0
17.99999999997183 3.500000000009102 0
17.99999999997227 4.000000000010395 0
17.99999999997272 4.500000000011684 0
17.99999999997317 5.000000000012975 0
17.99999999997361 5.500000000014268 0
17.99999999997406 6.000000000015557 0
17.99999999997451 6.500000000016851 0
17.99999999997496 7.000000000018144 0
17.99999999997541 7.500000000019432 0
17.99999999997586 8.000000000020705 0
17.9999999999763 8.500000000021767 0
17.99999999997675 9.000000000022769 0
17.9999999999772 9.500000000023773 0
17.99999999997765 10.00000000002478 0
17.99999999997809 10.50000000002579 0
17.99999999997854 11.00000000002679 0
17.99999999997898 11.5000000000278 0
17.99999999997944 12.00000000002881 0
17.99999999997988 12.50000000002981 0
17.99999999998033 13.00000000003082 0
17.99999999998078 13.50000000003182 0
17.99999999998122 14.00000000003283 0
17.99999999998167 14.50000000003384 0
17.99999999998211 15.00000000003484 0
17.99999999998256 15.50000000003584 0
17.99999999998302 16.00000000003684 0
17.99999999998346 16.50000000003785 0
17.99999999998391 17.00000000003886 0
17.99999999998435 17.50000000003948 0
17.9999999999848 18.00000000003808 0
17.99999999998525 18.50000000003629 0
17.9999999999857 19.00000000003451 0
17.99999999998614 19.50000000003273 0
17.99999999998659 20.00000000003094 0
17.99999999998704 20.50000000002916 0
17.99999999998749 21.00000000002737 0
17.99999999998793 21.50000000002558 0
17.99999999998838 22.0000000000238 0
17.99999999998883 22.50000000002202 0
17.99999999998928 23.00000000002023 0
17.99999999998973 23.50000000001845 0
17.99999999999017 24.00000000001666 0
17.99999999999062 24.50000000001487 0
17.99999999999106 25.0000000000131 0
17.99999999999152 25.5000000000113 0
17.99999999999196 26.00000000000951 0
17.99999999999241 26.50000000000774 0
17.99999999999286 27.00000000000595 0
17.99999999999331 27.50000000000417 0
17.99999999999375 28.00000000000238 0
17.9999999999942 28.5000000000006 0
17.99999999999465 28.99999999999882 0
17.99999999999509 29.49999999999703 0
17.99999999999554 29.99999999999525 0
17.99999999999599 30.49999999999347 0
17.99999999999643 30.99999999999168 0
17.99999999999688 31.4999999999899 0
17.99999999999733 31.99999999998815 0
17.99999999999778 32.49999999998925 0
17.99999999999822 32.9999999999914 0
17.99999999999867 33.49999999999356 0
17.99999999999912 33.99999999999569 0
17.99999999999957 34.49999999999785 0
18.99999999996627 0.5000000000012825 0
18.99999999996675 1.000000000002557 0
18.99999999996725 1.500000000003808 0
18.99999999996774 2.000000000005052 0
18.99999999996822 2.500000000006294 0
18.99999999996871 3.000000000007537 0
18.99999999996919 3.500000000008783 0
18.99999999996968 4.000000000010029 0
18.99999999997018 4.500000000011272 0
18.99999999997067 5.000000000012519 0
18.99999999997116 5.500000000013763 0
18.99999999997164 6.000000000015007 0
18.99999999997214 6.500000000016258 0
18.99999999997262 7.000000000017502 0
18.99999999997311 7.500000000018747 0
18.9999999999736 8.00000000001997 0
18.99999999997409 8.500000000020975 0
18.99999999997458 9.000000000021917 0
18.99999999997506 9.500000000022858 0
18.99999999997556 10.0000000000238 0
18.99999999997604 10.50000000002474 0
18.99999999997653 11.00000000002569 0
18.99999999997703 11.50000000002663 0
18.99999999997752 12.00000000002758 0
18.99999999997801 12.50000000002852 0
18.99999999997849 13.00000000002947 0
18.99999999997899 13.50000000003041 0
18.99999999997947 14.00000000003135 0
18.99999999997996 14.5000000000323 0
18.99999999998045 15.00000000003324 0
18.99999999998094 15.50000000003418 0
18.99999999998142 16.00000000003512 0
18.99999999998192 16.50000000003607 0
18.99999999998241 17.00000000003701 0
18.99999999998289 17.50000000003759 0
18.99999999998339 18.00000000003624 0
18.99999999998387 18.50000000003451 0
18.99999999998437 19.0000000000328 0
18.99999999998485 19.50000000003108 0
18.99999999998534 20.00000000002935 0
18.99999999998583 20.50000000002764 0
18.99999999998632 21.00000000002592 0
18.99999999998681 21.50000000002419 0
18.99999999998729 22.00000000002248 0
18.99999999998779 22.50000000002075 0
18.99999999998828 23.00000000001903 0
18.99999999998877 23.50000000001732 0
18.99999999998925 24.0000000000156 0
18.99999999998974 24.50000000001388 0
18.99999999999023 25.00000000001216 0
18.99999999999072 25.50000000001044 0
18.99999999999121 26.00000000000872 0
18.9999999999917 26.500000000007 0
18.99999999999219 27.00000000000528 0
18.99999999999268 27.50000000000356 0
18.99999999999317 28.00000000000185 0
18.99999999999366 28.50000000000013 0
18.99999999999414 28.99999999999841 0
18.99999999999464 29.49999999999669 0
18.99999999999512 29.99999999999497 0
18.99999999999561 30.49999999999325 0
18.9999999999961 30.99999999999153 0
18.99999999999659 31.49999999998981 0
18.99999999999708 31.99999999998812 0
18.99999999999757 32.49999999998925 0
18.99999999999806 32.99999999999139 0
18.99999999999855 33.49999999999354 0
18.99999999999904 33.99999999999569 0
18.99999999999953 34.49999999999785 0
19.99999999996338 0.5000000000012383 0
19.99999999996391 1.000000000002468 0
19.99999999996444 1.500000000003674 0
19.99999999996498 2.000000000004871 0
19.99999999996551 2.500000000006068 0
19.99999999996604 3.000000000007265 0
19.99999999996657 3.500000000008464 0
19.9999999999671 4.000000000009665 0
19.99999999996763 4.50000000001086 0
19.99999999996817 5.000000000012061 0
19.99999999996869 5.500000000013262 0
19.99999999996923 6.00000000001446 0
19.99999999996975 6.500000000015662 0
19.99999999997029 7.000000000016861 0
19.99999999997082 7.500000000018058 0
19.99999999997134 8.000000000019234 0
19.99999999997188 8.500000000020183 0
19.99999999997241 9.000000000021057 0
19.99999999997294 9.50000000002194 0
19.99999999997347 10.00000000002282 0
19.999999999974 10.50000000002371 0
19.99999999997453 11.00000000002459 0
19.99999999997507 11.50000000002547 0
19.99999999997559 12.00000000002635 0
19.99999999997612 12.50000000002723 0
19.99999999997665 13.00000000002812 0
19.99999999997719 13.500000000029 0
19.99999999997772 14.00000000002988 0
19.99999999997825 14.50000000003076 0
19.99999999997878 15.00000000003164 0
19.99999999997931 15.50000000003252 0
19.99999999997984 16.0000000000334 0
19.99999999998037 16.50000000003428 0
19.9999999999809 17.00000000003516 0
19.99999999998143 17.5000000000357 0
19.99999999998197 18.0000000000344 0
19.9999999999825 18.50000000003273 0
19.99999999998303 19.00000000003109 0
19.99999999998356 19.50000000002943 0
19.99999999998408 20.00000000002778 0
19.99999999998462 20.50000000002612 0
19.99999999998515 21.00000000002447 0
19.99999999998568 21.50000000002281 0
19.99999999998621 22.00000000002116 0
19.99999999998674 22.5000000000195 0
19.99999999998727 23.00000000001784 0
19.9999999999878 23.50000000001619 0
19.99999999998833 24.00000000001453 0
19.99999999998887 24.50000000001288 0
19.9999999999894 25.00000000001122 0
19.99999999998992 25.50000000000956 0
19.99999999999046 26.00000000000791 0
19.99999999999099 26.50000000000626 0
19.99999999999153 27.0000000000046 0
19.99999999999205 27.50000000000295 0
19.99999999999258 28.0000000000013 0
19.99999999999311 28.49999999999964 0
19.99999999999364 28.99999999999799 0
19.99999999999417 29.49999999999633 0
19.99999999999471 29.99999999999469 0
19.99999999999523 30.49999999999303 0
19.99999999999577 30.99999999999137 0
19.9999999999963 31.49999999998973 0
19.99999999999683 31.9999999999881 0
19.99999999999737 32.49999999998925 0
19.99999999999789 32.99999999999139 0
19.99999999999843 33.49999999999353 0
19.99999999999896 33.99999999999569 0
19.99999999999948 34.49999999999785 0
20.99999999996051 0.5000000000011939 0
20.99999999996107 1.000000000002379 0
20.99999999996165 1.500000000003539 0
20.99999999996222 2.00000000000469 0
20.9999999999628 2.500000000005842 0
20.99999999996337 3.000000000006992 0
20.99999999996395 3.500000000008145 0
20.99999999996452 4.000000000009299 0
20.99999999996509 4.500000000010451 0
20.99999999996566 5.000000000011604 0
20.99999999996623 5.500000000012758 0
20.99999999996681 6.000000000013909 0
20.99999999996738 6.500000000015067 0
20.99999999996795 7.000000000016221 0
20.99999999996853 7.500000000017372 0
20.99999999996909 8.000000000018499 0
20.99999999996967 8.500000000019387 0
20.99999999997024 9.000000000020204 0
20.99999999997081 9.500000000021023 0
20.99999999997139 10.00000000002185 0
20.99999999997195 10.50000000002266 0
20.99999999997253 11.00000000002349 0
20.9999999999731 11.5000000000243 0
20.99999999997367 12.00000000002512 0
20.99999999997425 12.50000000002594 0
20.99999999997482 13.00000000002677 0
20.99999999997539 13.50000000002759 0
20.99999999997597 14.0000000000284 0
20.99999999997653 14.50000000002922 0
20.99999999997711 15.00000000003004 0
20.99999999997768 15.50000000003086 0
20.99999999997826 16.00000000003168 0
20.99999999997883 16.5000000000325 0
20.9999999999794 17.00000000003332 0
20.99999999997998 17.50000000003381 0
20.99999999998054 18.00000000003255 0
20.99999999998112 18.50000000003096 0
20.99999999998169 19.00000000002937 0
20.99999999998227 19.50000000002778 0
20.99999999998284 20.00000000002619 0
20.99999999998341 20.5000000000246 0
20.99999999998399 21.00000000002301 0
20.99999999998456 21.50000000002142 0
20.99999999998512 22.00000000001982 0
20.9999999999857 22.50000000001824 0
20.99999999998628 23.00000000001665 0
20.99999999998684 23.50000000001506 0
20.99999999998742 24.00000000001347 0
20.99999999998799 24.50000000001188 0
20.99999999998856 25.00000000001029 0
20.99999999998913 25.5000000000087 0
20.99999999998971 26.00000000000711 0
20.99999999999028 26.50000000000552 0
20.99999999999085 27.00000000000393 0
20.99999999999142 27.50000000000234 0
20.999999999992 28.00000000000075 0
20.99999999999257 28.49999999999916 0
20.99999999999314 28.99999999999757 0
20.99999999999371 29.49999999999599 0
20.99999999999429 29.9999999999944 0
20.99999999999486 30.49999999999281 0
20.99999999999543 30.99999999999121 0
20.99999999999601 31.49999999998963 0
20.99999999999658 31.99999999998807 0
20.99999999999715 32.49999999998923 0
20.99999999999773 32.99999999999139 0
20.9999999999983 33.49999999999353 0
20.99999999999887 33.99999999999569 0
20.99999999999944 34.49999999999784 0
21.99999999995763 0.5000000000011495 0
21.99999999995824 1.000000000002291 0
21.99999999995886 1.500000000003405 0
21.99999999995947 2.00000000000451 0
21.99999999996008 2.500000000005614 0
21.99999999996069 3.00000000000672 0
21.99999999996131 3.500000000007827 0
21.99999999996193 4.000000000008936 0
21.99999999996255 4.500000000010039 0
21.99999999996315 5.000000000011148 0
21.99999999996377 5.500000000012255 0
21.99999999996438 6.000000000013362 0
21.99999999996499 6.50000000001447 0
21.99999999996562 7.000000000015579 0
21.99999999996623 7.500000000016686 0
21.99999999996684 8.000000000017767 0
21.99999999996746 8.500000000018598 0
21.99999999996806 9.000000000019352 0
21.99999999996869 9.500000000020107 0
21.9999999999693 10.00000000002087 0
21.99999999996992 10.50000000002162 0
21.99999999997053 11.00000000002238 0
21.99999999997114 11.50000000002314 0
21.99999999997176 12.0000000000239 0
21.99999999997237 12.50000000002466 0
21.99999999997299 13.00000000002542 0
21.99999999997361 13.50000000002617 0
21.99999999997422 14.00000000002693 0
21.99999999997483 14.50000000002769 0
21.99999999997545 15.00000000002845 0
21.99999999997606 15.5000000000292 0
21.99999999997668 16.00000000002996 0
21.99999999997729 16.50000000003072 0
21.9999999999779 17.00000000003147 0
21.99999999997852 17.50000000003192 0
21.99999999997913 18.00000000003071 0
21.99999999997974 18.50000000002918 0
21.99999999998036 19.00000000002766 0
21.99999999998098 19.50000000002613 0
21.99999999998159 20.00000000002461 0
21.99999999998221 20.50000000002308 0
21.99999999998282 21.00000000002155 0
21.99999999998344 21.50000000002003 0
21.99999999998405 22.00000000001851 0
21.99999999998466 22.50000000001698 0
21.99999999998527 23.00000000001545 0
21.99999999998589 23.50000000001393 0
21.9999999999865 24.0000000000124 0
21.99999999998712 24.50000000001088 0
21.99999999998773 25.00000000000936 0
21.99999999998834 25.50000000000783 0
21.99999999998897 26.0000000000063 0
21.99999999998958 26.50000000000478 0
21.99999999999019 27.00000000000326 0
21.9999999999908 27.50000000000173 0
21.99999999999142 28.00000000000021 0
21.99999999999203 28.49999999999868 0
21.99999999999265 28.99999999999716 0
21.99999999999326 29.49999999999563 0
21.99999999999388 29.99999999999411 0
21.9999999999945 30.49999999999259 0
21.99999999999511 30.99999999999106 0
21.99999999999572 31.49999999998954 0
21.99999999999633 31.99999999998804 0
21.99999999999695 32.49999999998922 0
21.99999999999757 32.99999999999139 0
21.99999999999818 33.49999999999353 0
21.99999999999879 33.99999999999569 0
21.99999999999941 34.49999999999783 0
22.99999999995474 0.5000000000011053 0
22.9999999999554 1.000000000002202 0
22.99999999995606 1.50000000000327 0
22.99999999995672 2.000000000004329 0
22.99999999995736 2.500000000005389 0
22.99999999995802 3.000000000006446 0
22.99999999995869 3.500000000007509 0
22.99999999995934 4.000000000008571 0
22.99999999996 4.500000000009629 0
22.99999999996066 5.000000000010691 0
22.99999999996131 5.500000000011752 0
22.99999999996196 6.000000000012811 0
22.99999999996262 6.500000000013878 0
22.99999999996327 7.000000000014937 0
22.99999999996394 7.500000000015998 0
22.99999999996459 8.000000000017032 0
22.99999999996524 8.500000000017803 0
22.9999999999659 9.000000000018495 0
22.99999999996657 9.50000000001919 0
22.99999999996722 10.00000000001989 0
22.99999999996787 10.50000000002058 0
22.99999999996852 11.00000000002128 0
22.99999999996918 11.50000000002198 0
22.99999999996984 12.00000000002267 0
22.99999999997049 12.50000000002337 0
22.99999999997115 13.00000000002407 0
22.9999999999718 13.50000000002476 0
22.99999999997246 14.00000000002546 0
22.99999999997312 14.50000000002615 0
22.99999999997378 15.00000000002685 0
22.99999999997443 15.50000000002754 0
22.99999999997508 16.00000000002824 0
22.99999999997575 16.50000000002893 0
22.9999999999764 17.00000000002962 0
22.99999999997705 17.50000000003003 0
22.99999999997772 18.00000000002887 0
22.99999999997837 18.50000000002741 0
22.99999999997902 19.00000000002594 0
22.99999999997968 19.50000000002449 0
22.99999999998033 20.00000000002303 0
22.99999999998099 20.50000000002157 0
22.99999999998165 21.0000000000201 0
22.9999999999823 21.50000000001864 0
22.99999999998296 22.00000000001718 0
22.99999999998361 22.50000000001572 0
22.99999999998427 23.00000000001426 0
22.99999999998493 23.5000000000128 0
22.99999999998558 24.00000000001135 0
22.99999999998624 24.50000000000988 0
22.9999999999869 25.00000000000842 0
22.99999999998755 25.50000000000696 0
22.9999999999882 26.0000000000055 0
22.99999999998887 26.50000000000404 0
22.99999999998952 27.00000000000258 0
22.99999999999018 27.50000000000112 0
22.99999999999083 27.99999999999967 0
22.99999999999149 28.49999999999821 0
22.99999999999214 28.99999999999675 0
22.99999999999279 29.49999999999529 0
22.99999999999346 29.99999999999383 0
22.99999999999411 30.49999999999237 0
22.99999999999477 30.99999999999091 0
22.99999999999542 31.49999999998945 0
22.99999999999607 31.99999999998801 0
22.99999999999673 32.49999999998922 0
22.9999999999974 32.99999999999137 0
22.99999999999805 33.49999999999353 0
22.9999999999987 33.99999999999568 0
22.99999999999936 34.49999999999784 0
23.99999999995187 0.5000000000010609 0
23.99999999995257 1.000000000002113 0
23.99999999995326 1.500000000003135 0
23.99999999995397 2.000000000004149 0
23.99999999995466 2.500000000005161 0
23.99999999995537 3.000000000006175 0
23.99999999995606 3.500000000007189 0
23.99999999995676 4.000000000008204 0
23.99999999995746 4.500000000009218 0
23.99999999995815 5.000000000010234 0
23.99999999995885 5.500000000011249 0
23.99999999995955 6.000000000012264 0
23.99999999996025 6.50000000001328 0
23.99999999996094 7.000000000014298 0
23.99999999996164 7.50000000001531 0
23.99999999996235 8.000000000016296 0
23.99999999996303 8.50000000001701 0
23.99999999996374 9.000000000017639 0
23.99999999996443 9.500000000018273 0
23.99999999996513 10.00000000001891 0
23.99999999996583 10.50000000001954 0
23.99999999996653 11.00000000002018 0
23.99999999996722 11.50000000002082 0
23.99999999996793 12.00000000002144 0
23.99999999996862 12.50000000002208 0
23.99999999996932 13.00000000002272 0
23.99999999997002 13.50000000002335 0
23.99999999997071 14.00000000002398 0
23.99999999997141 14.50000000002462 0
23.99999999997211 15.00000000002525 0
23.99999999997281 15.50000000002588 0
23.9999999999735 16.00000000002652 0
23.9999999999742 16.50000000002715 0
23.9999999999749 17.00000000002778 0
23.9999999999756 17.50000000002814 0
23.9999999999763 18.00000000002702 0
23.999999999977 18.50000000002563 0
23.99999999997769 19.00000000002424 0
23.99999999997839 19.50000000002284 0
23.99999999997909 20.00000000002144 0
23.99999999997979 20.50000000002005 0
23.99999999998048 21.00000000001866 0
23.99999999998117 21.50000000001726 0
23.99999999998188 22.00000000001586 0
23.99999999998258 22.50000000001446 0
23.99999999998328 23.00000000001307 0
23.99999999998397 23.50000000001167 0
23.99999999998467 24.00000000001028 0
23.99999999998537 24.50000000000888 0
23.99999999998606 25.00000000000749 0
23.99999999998676 25.50000000000609 0
23.99999999998746 26.0000000000047 0
23.99999999998817 26.5000000000033 0
23.99999999998886 27.00000000000191 0
23.99999999998955 27.50000000000051 0
23.99999999999026 27.99999999999912 0
23.99999999999095 28.49999999999772 0
23.99999999999164 28.99999999999633 0
23.99999999999234 29.49999999999494 0
23.99999999999304 29.99999999999354 0
23.99999999999373 30.49999999999215 0
23.99999999999443 30.99999999999076 0
23.99999999999514 31.49999999998937 0
23.99999999999584 31.99999999998799 0
23.99999999999654 32.49999999998922 0
23.99999999999723 32.99999999999136 0
23.99999999999793 33.49999999999352 0
23.99999999999862 33.99999999999568 0
23.99999999999932 34.49999999999783 0
24.99999999994899 0.5000000000010167 0
24.99999999994973 1.000000000002024 0
24.99999999995047 1.500000000003001 0
24.99999999995121 2.000000000003967 0
24.99999999995195 2.500000000004935 0
24.9999999999527 3.000000000005901 0
24.99999999995343 3.500000000006871 0
24.99999999995417 4.000000000007841 0
24.99999999995492 4.500000000008806 0
24.99999999995565 5.000000000009778 0
24.99999999995639 5.500000000010747 0
24.99999999995713 6.000000000011713 0
24.99999999995787 6.500000000012687 0
24.99999999995861 7.000000000013657 0
24.99999999995935 7.500000000014621 0
24.99999999996009 8.000000000015564 0
24.99999999996082 8.500000000016218 0
24.99999999996157 9.000000000016787 0
24.9999999999623 9.500000000017359 0
24.99999999996304 10.00000000001793 0
24.99999999996378 10.5000000000185 0
24.99999999996452 11.00000000001907 0
24.99999999996526 11.50000000001965 0
24.999999999966 12.00000000002022 0
24.99999999996674 12.50000000002079 0
24.99999999996749 13.00000000002137 0
24.99999999996821 13.50000000002194 0
24.99999999996896 14.00000000002251 0
24.9999999999697 14.50000000002308 0
24.99999999997043 15.00000000002365 0
24.99999999997118 15.50000000002422 0
24.99999999997192 16.00000000002479 0
24.99999999997267 16.50000000002537 0
24.9999999999734 17.00000000002594 0
24.99999999997413 17.50000000002625 0
24.99999999997488 18.00000000002519 0
24.99999999997561 18.50000000002385 0
24.99999999997635 19.00000000002252 0
24.9999999999771 19.5000000000212 0
24.99999999997783 20.00000000001986 0
24.99999999997857 20.50000000001853 0
24.99999999997932 21.0000000000172 0
24.99999999998006 21.50000000001587 0
24.99999999998079 22.00000000001454 0
24.99999999998153 22.50000000001321 0
24.99999999998227 23.00000000001187 0
24.99999999998301 23.50000000001054 0
24.99999999998375 24.00000000000922 0
24.99999999998449 24.50000000000788 0
24.99999999998522 25.00000000000655 0
24.99999999998596 25.50000000000522 0
24.99999999998671 26.00000000000389 0
24.99999999998744 26.50000000000257 0
24.99999999998818 27.00000000000124 0
24.99999999998892 27.49999999999991 0
24.99999999998965 27.99999999999857 0
24.9999999999904 28.49999999999725 0
24.99999999999114 28.99999999999592 0
24.99999999999189 29.49999999999459 0
24.99999999999262 29.99999999999326 0
24.99999999999336 30.49999999999193 0
24.9999999999941 30.99999999999061 0
24.99999999999484 31.49999999998927 0
24.99999999999558 31.99999999998796 0
24.99999999999633 32.49999999998919 0
24.99999999999706 32.99999999999136 0
24.9999999999978 33.49999999999352 0
24.99999999999854 33.99999999999568 0
24.99999999999927 34.49999999999784 0
25.99999999994612 0.5000000000009723 0
25.9999999999469 1.000000000001935 0
25.99999999994768 1.500000000002866 0
25.99999999994845 2.000000000003787 0
25.99999999994925 2.500000000004708 0
25.99999999995002 3.000000000005629 0
25.99999999995081 3.500000000006552 0
25.99999999995158 4.000000000007477 0
25.99999999995237 4.500000000008398 0
25.99999999995315 5.000000000009321 0
25.99999999995393 5.500000000010244 0
25.99999999995471 6.000000000011166 0
25.99999999995549 6.50000000001209 0
25.99999999995627 7.000000000013015 0
25.99999999995705 7.500000000013936 0
25.99999999995784 8.000000000014833 0
25.99999999995861 8.500000000015426 0
25.9999999999594 9.00000000001593 0
25.99999999996018 9.500000000016438 0
25.99999999996096 10.00000000001695 0
25.99999999996174 10.50000000001746 0
25.99999999996252 11.00000000001797 0
25.9999999999633 11.50000000001848 0
25.99999999996408 12.00000000001899 0
25.99999999996487 12.5000000000195 0
25.99999999996565 13.00000000002002 0
25.99999999996643 13.50000000002053 0
25.99999999996721 14.00000000002104 0
25.99999999996799 14.50000000002154 0
25.99999999996878 15.00000000002205 0
25.99999999996955 15.50000000002256 0
25.99999999997033 16.00000000002307 0
25.99999999997112 16.50000000002358 0
25.99999999997189 17.00000000002409 0
25.99999999997268 17.50000000002436 0
25.99999999997346 18.00000000002334 0
25.99999999997424 18.50000000002208 0
25.99999999997503 19.00000000002081 0
25.9999999999758 19.50000000001955 0
25.99999999997658 20.00000000001828 0
25.99999999997737 20.50000000001701 0
25.99999999997815 21.00000000001574 0
25.99999999997893 21.50000000001448 0
25.99999999997971 22.00000000001322 0
25.99999999998048 22.50000000001194 0
25.99999999998127 23.00000000001068 0
25.99999999998205 23.50000000000941 0
25.99999999998283 24.00000000000815 0
25.99999999998361 24.50000000000688 0
25.99999999998439 25.00000000000562 0
25.99999999998518 25.50000000000436 0
25.99999999998596 26.00000000000309 0
25.99999999998674 26.50000000000183 0
25.99999999998752 27.00000000000056 0
25.9999999999883 27.4999999999993 0
25.99999999998908 27.99999999999804 0
25.99999999998986 28.49999999999677 0
25.99999999999064 28.99999999999551 0
25.99999999999143 29.49999999999424 0
25.99999999999221 29.99999999999298 0
25.99999999999299 30.49999999999172 0
25.99999999999377 30.99999999999045 0
25.99999999999455 31.49999999998918 0
25.99999999999534 31.99999999998794 0
25.99999999999611 32.49999999998919 0
25.9999999999969 32.99999999999136 0
25.99999999999768 33.49999999999351 0
25.99999999999846 33.99999999999568 0
25.99999999999924 34.49999999999784 0
26.99999999994324 0.5000000000009279 0
26.99999999994406 1.000000000001847 0
26.99999999994488 1.500000000002732 0
26.9999999999457 2.000000000003606 0
26.99999999994652 2.50000000000448 0
26.99999999994735 3.000000000005357 0
26.99999999994817 3.500000000006233 0
26.99999999994901 4.00000000000711 0
26.99999999994983 4.500000000007985 0
26.99999999995065 5.000000000008864 0
26.99999999995147 5.500000000009741 0
26.99999999995229 6.000000000010616 0
26.99999999995312 6.500000000011497 0
26.99999999995394 7.000000000012374 0
26.99999999995477 7.500000000013248 0
26.99999999995559 8.000000000014092 0
26.9999999999564 8.500000000014634 0
26.99999999995723 9.000000000015076 0
26.99999999995805 9.500000000015522 0
26.99999999995888 10.00000000001597 0
26.9999999999597 10.50000000001642 0
26.99999999996052 11.00000000001687 0
26.99999999996135 11.50000000001732 0
26.99999999996216 12.00000000001776 0
26.99999999996299 12.50000000001821 0
26.9999999999638 13.00000000001866 0
26.99999999996464 13.50000000001911 0
26.99999999996546 14.00000000001956 0
26.99999999996628 14.50000000002001 0
26.99999999996711 15.00000000002046 0
26.99999999996793 15.5000000000209 0
26.99999999996874 16.00000000002135 0
26.99999999996958 16.5000000000218 0
26.99999999997039 17.00000000002225 0
26.99999999997121 17.50000000002247 0
26.99999999997204 18.0000000000215 0
26.99999999997286 18.5000000000203 0
26.99999999997369 19.00000000001909 0
26.99999999997451 19.5000000000179 0
26.99999999997533 20.0000000000167 0
26.99999999997615 20.50000000001549 0
26.99999999997698 21.00000000001429 0
26.99999999997781 21.50000000001309 0
26.99999999997862 22.00000000001189 0
26.99999999997945 22.50000000001069 0
26.99999999998026 23.00000000000949 0
26.99999999998109 23.50000000000829 0
26.99999999998191 24.00000000000709 0
26.99999999998274 24.50000000000589 0
26.99999999998356 25.00000000000469 0
26.99999999998438 25.50000000000349 0
26.99999999998521 26.00000000000229 0
26.99999999998603 26.50000000000108 0
26.99999999998686 26.99999999999989 0
26.99999999998767 27.49999999999869 0
26.9999999999885 27.99999999999748 0
26.99999999998932 28.49999999999629 0
26.99999999999015 28.99999999999509 0
26.99999999999097 29.49999999999388 0
26.99999999999179 29.99999999999269 0
26.99999999999261 30.49999999999149 0
26.99999999999344 30.99999999999029 0
26.99999999999426 31.4999999999891 0
26.99999999999509 31.99999999998791 0
26.99999999999591 32.49999999998919 0
26.99999999999674 32.99999999999136 0
26.99999999999756 33.49999999999351 0
26.99999999999837 33.99999999999566 0
26.99999999999919 34.49999999999783 0
27.99999999994036 0.5000000000008837 0
27.99999999994123 1.000000000001758 0
27.99999999994209 1.500000000002597 0
27.99999999994296 2.000000000003426 0
27.99999999994382 2.500000000004255 0
27.99999999994468 3.000000000005084 0
27.99999999994556 3.500000000005915 0
27.99999999994641 4.000000000006747 0
27.99999999994728 4.500000000007575 0
27.99999999994814 5.000000000008406 0
27.99999999994901 5.500000000009239 0
27.99999999994987 6.000000000010068 0
27.99999999995074 6.500000000010902 0
27.9999999999516 7.000000000011733 0
27.99999999995246 7.500000000012562 0
27.99999999995333 8.00000000001336 0
27.99999999995419 8.500000000013838 0
27.99999999995507 9.000000000014222 0
27.99999999995593 9.500000000014605 0
27.99999999995679 10.000000000015 0
27.99999999995766 10.50000000001538 0
27.99999999995851 11.00000000001577 0
27.99999999995939 11.50000000001615 0
27.99999999996025 12.00000000001654 0
27.99999999996112 12.50000000001693 0
27.99999999996198 13.00000000001732 0
27.99999999996284 13.5000000000177 0
27.99999999996371 14.00000000001809 0
27.99999999996457 14.50000000001847 0
27.99999999996544 15.00000000001886 0
27.99999999996631 15.50000000001924 0
27.99999999996717 16.00000000001963 0
27.99999999996803 16.50000000002002 0
27.9999999999689 17.0000000000204 0
27.99999999996976 17.50000000002058 0
27.99999999997063 18.00000000001965 0
27.99999999997149 18.50000000001852 0
27.99999999997236 19.00000000001739 0
27.99999999997323 19.50000000001625 0
27.99999999997409 20.00000000001511 0
27.99999999997495 20.50000000001398 0
27.99999999997581 21.00000000001284 0
27.99999999997668 21.5000000000117 0
27.99999999997755 22.00000000001057 0
27.99999999997841 22.50000000000943 0
27.99999999997927 23.0000000000083 0
27.99999999998014 23.50000000000716 0
27.999999999981 24.00000000000602 0
27.99999999998187 24.50000000000489 0
27.99999999998273 25.00000000000376 0
27.9999999999836 25.50000000000262 0
27.99999999998447 26.00000000000148 0
27.99999999998533 26.50000000000034 0
27.99999999998619 26.99999999999921 0
27.99999999998705 27.49999999999807 0
27.99999999998792 27.99999999999694 0
27.99999999998879 28.4999999999958 0
27.99999999998965 28.99999999999467 0
27.99999999999052 29.49999999999354 0
27.99999999999138 29.9999999999924 0
27.99999999999224 30.49999999999127 0
27.99999999999311 30.99999999999014 0
27.99999999999397 31.499999999989 0
27.99999999999484 31.99999999998789 0
27.99999999999571 32.49999999998919 0
27.99999999999656 32.99999999999134 0
27.99999999999742 33.49999999999349 0
27.9999999999983 33.99999999999567 0
27.99999999999916 34.49999999999783 0
28.99999999993748 0.5000000000008396 0
28.9999999999384 1.00000000000167 0
28.99999999993929 1.500000000002462 0
28.9999999999402 2.000000000003245 0
28.9999999999411 2.500000000004028 0
28.99999999994202 3.00000000000481 0
28.99999999994292 3.500000000005596 0
28.99999999994383 4.000000000006382 0
28.99999999994473 4.500000000007165 0
28.99999999994564 5.00000000000795 0
28.99999999994654 5.500000000008733 0
28.99999999994746 6.000000000009518 0
28.99999999994836 6.500000000010306 0
28.99999999994926 7.00000000001109 0
28.99999999995017 7.500000000011875 0
28.99999999995108 8.000000000012626 0
28.99999999995198 8.500000000013046 0
28.99999999995289 9.000000000013365 0
28.9999999999538 9.50000000001369 0
28.9999999999547 10.00000000001402 0
28.99999999995561 10.50000000001434 0
28.99999999995652 11.00000000001466 0
28.99999999995742 11.50000000001499 0
28.99999999995834 12.00000000001531 0
28.99999999995923 12.50000000001564 0
28.99999999996014 13.00000000001597 0
28.99999999996105 13.50000000001629 0
28.99999999996195 14.00000000001661 0
28.99999999996286 14.50000000001694 0
28.99999999996376 15.00000000001726 0
28.99999999996467 15.50000000001758 0
28.99999999996558 16.00000000001791 0
28.99999999996648 16.50000000001823 0
28.99999999996739 17.00000000001855 0
28.9999999999683 17.50000000001869 0
28.99999999996921 18.00000000001781 0
28.99999999997011 18.50000000001674 0
28.99999999997102 19.00000000001567 0
28.99999999997192 19.5000000000146 0
28.99999999997283 20.00000000001353 0
28.99999999997374 20.50000000001246 0
28.99999999997465 21.00000000001139 0
28.99999999997555 21.50000000001032 0
28.99999999997645 22.00000000000924 0
28.99999999997736 22.50000000000818 0
28.99999999997827 23.0000000000071 0
28.99999999997917 23.50000000000603 0
28.99999999998008 24.00000000000496 0
28.99999999998099 24.50000000000389 0
28.9999999999819 25.00000000000282 0
28.9999999999828 25.50000000000175 0
28.99999999998371 26.00000000000068 0
28.99999999998461 26.49999999999961 0
28.99999999998552 26.99999999999854 0
28.99999999998643 27.49999999999746 0
28.99999999998733 27.9999999999964 0
28.99999999998824 28.49999999999534 0
28.99999999998914 28.99999999999425 0
28.99999999999005 29.49999999999319 0
28.99999999999095 29.99999999999212 0
28.99999999999186 30.49999999999106 0
28.99999999999277 30.99999999998998 0
28.99999999999368 31.49999999998891 0
28.99999999999459 31.99999999998787 0
28.99999999999549 32.49999999998916 0
28.99999999999639 32.99999999999133 0
28.9999999999973 33.4999999999935 0
28.99999999999821 33.99999999999567 0
28.99999999999912 34.49999999999783 0
29.9999999999346 0.5000000000007951 0
29.99999999993555 1.000000000001581 0
29.9999999999365 1.500000000002327 0
29.99999999993745 2.000000000003064 0
29.9999999999384 2.500000000003801 0
29.99999999993934 3.000000000004539 0
29.99999999994029 3.500000000005278 0
29.99999999994124 4.000000000006016 0
29.99999999994218 4.500000000006752 0
29.99999999994314 5.000000000007494 0
29.99999999994408 5.500000000008231 0
29.99999999994504 6.00000000000897 0
29.99999999994598 6.500000000009711 0
29.99999999994693 7.00000000001045 0
29.99999999994788 7.500000000011187 0
29.99999999994882 8.000000000011894 0
29.99999999994978 8.500000000012253 0
29.99999999995072 9.000000000012511 0
29.99999999995168 9.500000000012774 0
29.99999999995262 10.00000000001303 0
29.99999999995357 10.5000000000133 0
29.99999999995452 11.00000000001356 0
29.99999999995546 11.50000000001383 0
29.99999999995641 12.00000000001409 0
29.99999999995736 12.50000000001435 0
29.99999999995831 13.00000000001462 0
29.99999999995926 13.50000000001488 0
29.9999999999602 14.00000000001514 0
29.99999999996115 14.5000000000154 0
29.99999999996211 15.00000000001566 0
29.99999999996304 15.50000000001593 0
29.999999999964 16.00000000001619 0
29.99999999996495 16.50000000001645 0
29.99999999996589 17.00000000001671 0
29.99999999996684 17.5000000000168 0
29.99999999996779 18.00000000001597 0
29.99999999996874 18.50000000001496 0
29.99999999996969 19.00000000001396 0
29.99999999997063 19.50000000001295 0
29.99999999997159 20.00000000001194 0
29.99999999997254 20.50000000001094 0
29.99999999997347 21.00000000000993 0
29.99999999997443 21.50000000000892 0
29.99999999997538 22.00000000000792 0
29.99999999997632 22.50000000000691 0
29.99999999997727 23.00000000000591 0
29.99999999997822 23.50000000000491 0
29.99999999997917 24.0000000000039 0
29.99999999998011 24.50000000000289 0
29.99999999998106 25.00000000000189 0
29.99999999998202 25.50000000000088 0
29.99999999998297 25.99999999999988 0
29.99999999998391 26.49999999999887 0
29.99999999998486 26.99999999999786 0
29.9999999999858 27.49999999999686 0
29.99999999998675 27.99999999999586 0
29.9999999999877 28.49999999999485 0
29.99999999998865 28.99999999999384 0
29.9999999999896 29.49999999999284 0
29.99999999999054 29.99999999999184 0
29.99999999999149 30.49999999999083 0
29.99999999999245 30.99999999998982 0
29.99999999999339 31.49999999998883 0
29.99999999999434 31.99999999998784 0
29.99999999999529 32.49999999998916 0
29.99999999999624 32.99999999999133 0
29.99999999999718 33.49999999999349 0
29.99999999999813 33.99999999999567 0
29.99999999999908 34.49999999999783 0
30.99999999993173 0.5000000000007507 0
30.99999999993272 1.000000000001492 0
30.99999999993371 1.500000000002192 0
30.9999999999347 2.000000000002884 0
30.99999999993568 2.500000000003574 0
30.99999999993669 3.000000000004265 0
30.99999999993766 3.500000000004958 0
30.99999999993865 4.000000000005651 0
30.99999999993964 4.500000000006342 0
30.99999999994063 5.000000000007036 0
30.99999999994163 5.500000000007729 0
30.99999999994261 6.00000000000842 0
30.9999999999436 6.500000000009116 0
30.99999999994459 7.000000000009809 0
30.99999999994559 7.500000000010501 0
30.99999999994657 8.000000000011159 0
30.99999999994756 8.500000000011461 0
30.99999999994855 9.000000000011656 0
30.99999999994954 9.500000000011857 0
30.99999999995052 10.00000000001206 0
30.99999999995153 10.50000000001226 0
30.99999999995251 11.00000000001246 0
30.9999999999535 11.50000000001266 0
30.99999999995449 12.00000000001286 0
30.99999999995548 12.50000000001306 0
30.99999999995647 13.00000000001327 0
30.99999999995746 13.50000000001346 0
30.99999999995845 14.00000000001366 0
30.99999999995944 14.50000000001387 0
30.99999999996043 15.00000000001406 0
30.99999999996142 15.50000000001426 0
30.99999999996241 16.00000000001446 0
30.9999999999634 16.50000000001467 0
30.99999999996439 17.00000000001486 0
30.99999999996538 17.50000000001491 0
30.99999999996636 18.00000000001413 0
30.99999999996736 18.50000000001319 0
30.99999999996835 19.00000000001224 0
30.99999999996934 19.5000000000113 0
30.99999999997033 20.00000000001037 0
30.99999999997132 20.50000000000942 0
30.9999999999723 21.00000000000848 0
30.9999999999733 21.50000000000754 0
30.99999999997429 22.0000000000066 0
30.99999999997527 22.50000000000566 0
30.99999999997627 23.00000000000472 0
30.99999999997726 23.50000000000377 0
30.99999999997825 24.00000000000284 0
30.99999999997924 24.5000000000019 0
30.99999999998023 25.00000000000095 0
30.99999999998122 25.50000000000001 0
30.9999999999822 25.99999999999907 0
30.9999999999832 26.49999999999813 0
30.99999999998419 26.99999999999719 0
30.99999999998517 27.49999999999625 0
30.99999999998617 27.9999999999953 0
30.99999999998716 28.49999999999437 0
30.99999999998814 28.99999999999343 0
30.99999999998914 29.4999999999925 0
30.99999999999013 29.99999999999156 0
30.99999999999111 30.49999999999062 0
30.99999999999211 30.99999999998967 0
30.99999999999309 31.49999999998873 0
30.99999999999408 31.99999999998781 0
30.99999999999507 32.49999999998916 0
30.99999999999606 32.99999999999133 0
30.99999999999705 33.4999999999935 0
30.99999999999805 33.99999999999567 0
30.99999999999902 34.49999999999783 0
31.99999999992912 0.5000000000007063 0
31.99999999993015 1.000000000001403 0
31.99999999993118 1.500000000002058 0
31.99999999993221 2.000000000002704 0
31.99999999993323 2.500000000003347 0
31.99999999993426 3.000000000003993 0
31.99999999993528 3.50000000000464 0
31.99999999993632 4.000000000005288 0
31.99999999993733 4.500000000005932 0
31.99999999993837 5.00000000000658 0
31.9999999999394 5.500000000007226 0
31.99999999994041 6.000000000007871 0
31.99999999994145 6.500000000008521 0
31.99999999994249 7.000000000009168 0
31.9999999999435 7.500000000009813 0
31.99999999994454 8.000000000010424 0
31.99999999994556 8.500000000010669 0
31.9999999999466 9.000000000010804 0
31.99999999994762 9.500000000010941 0
31.99999999994865 10.00000000001108 0
31.99999999994968 10.50000000001122 0
31.9999999999507 11.00000000001136 0
31.99999999995173 11.5000000000115 0
31.99999999995276 12.00000000001164 0
31.99999999995379 12.50000000001177 0
31.99999999995481 13.00000000001191 0
31.99999999995584 13.50000000001205 0
31.99999999995687 14.00000000001219 0
31.9999999999579 14.50000000001233 0
31.99999999995892 15.00000000001247 0
31.99999999995995 15.5000000000126 0
31.99999999996098 16.00000000001274 0
31.999999999962 16.50000000001288 0
31.99999999996303 17.00000000001302 0
31.99999999996406 17.50000000001302 0
31.99999999996509 18.00000000001229 0
31.99999999996611 18.5000000000114 0
31.99999999996714 19.00000000001054 0
31.99999999996817 19.50000000000966 0
31.99999999996919 20.00000000000878 0
31.99999999997023 20.50000000000791 0
31.99999999997125 21.00000000000703 0
31.99999999997228 21.50000000000615 0
31.99999999997332 22.00000000000527 0
31.99999999997434 22.5000000000044 0
31.99999999997536 23.00000000000352 0
31.99999999997639 23.50000000000265 0
31.99999999997742 24.00000000000177 0
31.99999999997845 24.5000000000009 0
31.99999999997948 25.00000000000002 0
31.99999999998051 25.49999999999914 0
31.99999999998153 25.99999999999827 0
31.99999999998256 26.49999999999739 0
31.99999999998359 26.99999999999652 0
31.99999999998461 27.49999999999564 0
31.99999999998564 27.99999999999477 0
31.99999999998667 28.4999999999939 0
31.99999999998769 28.99999999999302 0
31.99999999998873 29.49999999999214 0
31.99999999998976 29.99999999999127 0
31.99999999999078 30.49999999999039 0
31.9999999999918 30.99999999998951 0
31.99999999999283 31.49999999998865 0
31.99999999999386 31.99999999998779 0
31.99999999999489 32.49999999998914 0
31.99999999999593 32.99999999999132 0
31.99999999999695 33.4999999999935 0
31.99999999999797 33.99999999999567 0
31.999999999999 34.49999999999783 0
32.99999999992953 0.5000000000006621 0
32.99999999993056 1.000000000001315 0
32.99999999993157 1.500000000001923 0
32.99999999993259 2.000000000002522 0
32.99999999993361 2.500000000003122 0
32.99999999993464 3.00000000000372 0
32.99999999993566 3.500000000004321 0
32.99999999993668 4.000000000004921 0
32.99999999993769 4.500000000005519 0
32.99999999993872 5.000000000006121 0
32.99999999993975 5.500000000006724 0
32.99999999994076 6.000000000007322 0
32.99999999994178 6.500000000007926 0
32.99999999994281 7.000000000008527 0
32.99999999994382 7.500000000009125 0
32.99999999994485 8.000000000009688 0
32.99999999994586 8.500000000009873 0
32.99999999994689 9.000000000009946 0
32.99999999994792 9.500000000010024 0
32.99999999994893 10.0000000000101 0
32.99999999994996 10.50000000001017 0
32.99999999995099 11.00000000001025 0
32.999999999952 11.50000000001033 0
32.99999999995303 12.00000000001041 0
32.99999999995405 12.50000000001048 0
32.99999999995507 13.00000000001057 0
32.99999999995609 13.50000000001064 0
32.99999999995711 14.00000000001071 0
32.99999999995813 14.50000000001079 0
32.99999999995915 15.00000000001087 0
32.99999999996017 15.50000000001095 0
32.9999999999612 16.00000000001102 0
32.99999999996222 16.5000000000111 0
32.99999999996324 17.00000000001118 0
32.99999999996427 17.50000000001113 0
32.99999999996529 18.00000000001044 0
32.99999999996631 18.50000000000963 0
32.99999999996732 19.00000000000882 0
32.99999999996836 19.50000000000801 0
32.99999999996937 20.0000000000072 0
32.99999999997039 20.50000000000639 0
32.99999999997141 21.00000000000558 0
32.99999999997244 21.50000000000476 0
32.99999999997346 22.00000000000395 0
32.99999999997449 22.50000000000314 0
32.99999999997551 23.00000000000233 0
32.99999999997653 23.50000000000152 0
32.99999999997755 24.00000000000071 0
32.99999999997858 24.49999999999989 0
32.9999999999796 24.99999999999908 0
32.99999999998061 25.49999999999827 0
32.99999999998165 25.99999999999746 0
32.99999999998266 26.49999999999665 0
32.99999999998368 26.99999999999584 0
32.9999999999847 27.49999999999503 0
32.99999999998573 27.99999999999422 0
32.99999999998675 28.49999999999342 0
32.99999999998777 28.99999999999261 0
32.99999999998877 29.49999999999179 0
32.9999999999898 29.99999999999099 0
32.99999999999083 30.49999999999018 0
32.99999999999185 30.99999999998937 0
32.99999999999287 31.49999999998856 0
32.9999999999939 31.99999999998776 0
32.99999999999492 32.49999999998914 0
32.99999999999594 32.99999999999132 0
32.99999999999697 33.49999999999348 0
32.99999999999799 33.99999999999567 0
32.99999999999901 34.49999999999783 0
33.99999999993103 0.500000000000618 0
33.99999999993202 1.000000000001226 0
33.99999999993302 1.500000000001789 0
33.99999999993401 2.000000000002342 0
33.99999999993502 2.500000000002895 0
33.99999999993602 3.000000000003447 0
33.99999999993702 3.500000000004003 0
33.99999999993803 4.000000000004556 0
33.99999999993903 4.500000000005109 0
33.99999999994002 5.000000000005665 0
33.99999999994102 5.500000000006221 0
33.99999999994202 6.000000000006773 0
33.99999999994302 6.50000000000733 0
33.99999999994402 7.000000000007887 0
33.99999999994502 7.500000000008441 0
33.99999999994602 8.000000000008956 0
33.99999999994703 8.500000000009081 0
33.99999999994802 9.000000000009091 0
33.99999999994901 9.500000000009109 0
33.99999999995003 10.00000000000912 0
33.99999999995102 10.50000000000914 0
33.99999999995201 11.00000000000916 0
33.99999999995301 11.50000000000917 0
33.99999999995402 12.00000000000918 0
33.99999999995502 12.50000000000919 0
33.99999999995602 13.00000000000921 0
33.99999999995703 13.50000000000923 0
33.99999999995801 14.00000000000924 0
33.99999999995902 14.50000000000926 0
33.99999999996001 15.00000000000927 0
33.99999999996103 15.50000000000928 0
33.99999999996201 16.0000000000093 0
33.99999999996301 16.50000000000932 0
33.99999999996402 17.00000000000933 0
33.99999999996503 17.50000000000924 0
33.99999999996603 18.0000000000086 0
33.99999999996702 18.50000000000785 0
33.99999999996802 19.00000000000711 0
33.99999999996902 19.50000000000636 0
33.99999999997002 20.00000000000561 0
33.99999999997102 20.50000000000487 0
33.99999999997202 21.00000000000412 0
33.99999999997301 21.50000000000338 0
33.99999999997401 22.00000000000263 0
33.99999999997502 22.50000000000188 0
33.99999999997601 23.00000000000114 0
33.99999999997702 23.50000000000039 0
33.99999999997802 23.99999999999964 0
33.99999999997902 24.4999999999989 0
33.99999999998003 24.99999999999815 0
33.99999999998101 25.49999999999741 0
33.99999999998203 25.99999999999665 0
33.99999999998303 26.49999999999591 0
33.99999999998401 26.99999999999517 0
33.99999999998503 27.49999999999442 0
33.99999999998602 27.99999999999368 0
33.99999999998701 28.49999999999293 0
33.99999999998803 28.99999999999218 0
33.99999999998902 29.49999999999145 0
33.99999999999001 29.99999999999069 0
33.999999999991 30.49999999998995 0
33.99999999999201 30.9999999999892 0
33.99999999999301 31.49999999998846 0
33.99999999999402 31.99999999998773 0
33.99999999999502 32.49999999998914 0
33.99999999999601 32.9999999999913 0
33.99999999999702 33.49999999999347 0
33.99999999999802 33.99999999999565 0
33.99999999999902 34.49999999999784 0
34.99999999993253 0.5000000000005735 0
34.9999999999335 1.000000000001137 0
34.99999999993448 1.500000000001654 0
34.99999999993544 2.000000000002162 0
34.99999999993644 2.500000000002668 0
34.99999999993741 3.000000000003174 0
34.99999999993839 3.500000000003684 0
34.99999999993938 4.000000000004194 0
34.99999999994035 4.500000000004698 0
34.99999999994133 5.000000000005209 0
34.99999999994231 5.500000000005718 0
34.9999999999433 6.000000000006224 0
34.99999999994427 6.500000000006736 0
34.99999999994524 7.000000000007246 0
34.99999999994622 7.500000000007752 0
34.9999999999472 8.000000000008221 0
34.99999999994818 8.500000000008288 0
34.99999999994916 9.000000000008237 0
34.99999999995014 9.500000000008189 0
34.99999999995111 10.00000000000815 0
34.99999999995209 10.50000000000809 0
34.99999999995307 11.00000000000805 0
34.99999999995403 11.500000000008 0
34.99999999995502 12.00000000000796 0
34.999999999956 12.50000000000791 0
34.99999999995698 13.00000000000786 0
34.99999999995795 13.50000000000782 0
34.99999999995893 14.00000000000777 0
34.99999999995992 14.50000000000772 0
34.9999999999609 15.00000000000767 0
34.99999999996189 15.50000000000763 0
34.99999999996285 16.00000000000758 0
34.99999999996384 16.50000000000753 0
34.99999999996481 17.00000000000748 0
34.99999999996579 17.50000000000735 0
34.99999999996677 18.00000000000676 0
34.99999999996773 18.50000000000608 0
34.99999999996873 19.00000000000539 0
34.9999999999697 19.50000000000471 0
34.99999999997068 20.00000000000403 0
34.99999999997166 20.50000000000335 0
34.99999999997264 21.00000000000267 0
34.99999999997362 21.50000000000199 0
34.9999999999746 22.00000000000131 0
34.99999999997559 22.50000000000063 0
34.99999999997654 22.99999999999994 0
34.99999999997753 23.49999999999926 0
34.99999999997851 23.99999999999859 0
34.99999999997948 24.4999999999979 0
34.99999999998047 24.99999999999722 0
34.99999999998143 25.49999999999654 0
34.99999999998241 25.99999999999586 0
34.99999999998339 26.49999999999518 0
34.99999999998438 26.99999999999449 0
34.99999999998536 27.49999999999381 0
34.99999999998634 27.99999999999313 0
34.99999999998732 28.49999999999245 0
34.99999999998828 28.99999999999177 0
34.99999999998928 29.4999999999911 0
34.99999999999024 29.99999999999042 0
34.99999999999122 30.49999999998974 0
34.99999999999221 30.99999999998905 0
34.99999999999317 31.49999999998837 0
34.99999999999417 31.99999999998771 0
34.99999999999513 32.49999999998914 0
34.99999999999611 32.9999999999913 0
34.99999999999709 33.49999999999346 0
34.99999999999806 33.99999999999565 0
34.99999999999906 34.49999999999783 0
35.999999999934 0.5000000000005291 0
35.99999999993496 1.000000000001048 0
35.99999999993592 1.50000000000152 0
35.99999999993688 2.000000000001981 0
35.99999999993784 2.500000000002442 0
35.99999999993879 3.000000000002902 0
35.99999999993976 3.500000000003365 0
35.99999999994071 4.000000000003828 0
35.99999999994167 4.500000000004288 0
35.99999999994263 5.000000000004752 0
35.99999999994359 5.500000000005215 0
35.99999999994454 6.000000000005675 0
35.99999999994549 6.50000000000614 0
35.99999999994646 7.000000000006604 0
35.99999999994743 7.500000000007066 0
35.99999999994836 8.000000000007486 0
35.99999999994933 8.500000000007493 0
35.99999999995028 9.000000000007383 0
35.99999999995124 9.500000000007274 0
35.9999999999522 10.00000000000717 0
35.99999999995315 10.50000000000706 0
35.9999999999541 11.00000000000695 0
35.99999999995505 11.50000000000684 0
35.99999999995602 12.00000000000673 0
35.99999999995697 12.50000000000662 0
35.99999999995794 13.00000000000651 0
35.99999999995889 13.5000000000064 0
35.99999999995984 14.00000000000629 0
35.99999999996081 14.50000000000619 0
35.99999999996176 15.00000000000608 0
35.99999999996272 15.50000000000597 0
35.99999999996366 16.00000000000585 0
35.99999999996464 16.50000000000575 0
35.99999999996558 17.00000000000563 0
35.99999999996653 17.50000000000546 0
35.99999999996749 18.00000000000491 0
35.99999999996846 18.5000000000043 0
35.9999999999694 19.00000000000368 0
35.99999999997038 19.50000000000306 0
35.99999999997132 20.00000000000245 0
35.99999999997227 20.50000000000183 0
35.99999999997323 21.00000000000122 0
35.9999999999742 21.5000000000006 0
35.99999999997515 21.99999999999999 0
35.9999999999761 22.49999999999937 0
35.99999999997706 22.99999999999875 0
35.99999999997802 23.49999999999813 0
35.99999999997897 23.99999999999752 0
35.99999999997993 24.4999999999969 0
35.99999999998089 24.99999999999628 0
35.99999999998184 25.49999999999567 0
35.9999999999828 25.99999999999505 0
35.99999999998376 26.49999999999444 0
35.99999999998471 26.99999999999382 0
35.99999999998566 27.4999999999932 0
35.99999999998663 27.9999999999926 0
35.99999999998759 28.49999999999197 0
35.99999999998853 28.99999999999136 0
35.99999999998951 29.49999999999075 0
35.99999999999046 29.99999999999012 0
35.9999999999914 30.49999999998951 0
35.99999999999236 30.9999999999889 0
35.99999999999333 31.49999999998828 0
35.99999999999428 31.99999999998769 0
35.99999999999523 32.49999999998912 0
35.9999999999962 32.9999999999913 0
35.99999999999715 33.49999999999347 0
35.9999999999981 33.99999999999564 0
35.99999999999906 34.49999999999782 0
36.99999999993553 0.5000000000004849 0
36.99999999993646 1.00000000000096 0
36.99999999993742 1.500000000001385 0
36.99999999993835 2.000000000001799 0
36.99999999993927 2.500000000002214 0
36.9999999999402 3.000000000002629 0
36.99999999994115 3.500000000003046 0
36.99999999994207 4.000000000003462 0
36.99999999994301 4.500000000003878 0
36.99999999994395 5.000000000004295 0
36.99999999994486 5.500000000004711 0
36.99999999994581 6.000000000005127 0
36.99999999994674 6.500000000005546 0
36.99999999994768 7.000000000005963 0
36.99999999994862 7.500000000006377 0
36.99999999994956 8.000000000006754 0
36.99999999995049 8.500000000006704 0
36.99999999995142 9.000000000006526 0
36.99999999995235 9.500000000006356 0
36.99999999995328 10.00000000000619 0
36.99999999995423 10.50000000000601 0
36.99999999995516 11.00000000000584 0
36.9999999999561 11.50000000000567 0
36.99999999995703 12.0000000000055 0
36.99999999995796 12.50000000000533 0
36.9999999999589 13.00000000000516 0
36.99999999995983 13.50000000000499 0
36.99999999996076 14.00000000000482 0
36.99999999996169 14.50000000000465 0
36.99999999996263 15.00000000000448 0
36.99999999996357 15.50000000000431 0
36.99999999996451 16.00000000000414 0
36.99999999996543 16.50000000000396 0
36.99999999996637 17.00000000000379 0
36.99999999996731 17.50000000000357 0
36.99999999996825 18.00000000000308 0
36.99999999996918 18.50000000000252 0
36.99999999997011 19.00000000000197 0
36.99999999997105 19.50000000000141 0
36.99999999997198 20.00000000000087 0
36.99999999997292 20.50000000000032 0
36.99999999997386 20.99999999999977 0
36.99999999997478 21.49999999999921 0
36.99999999997572 21.99999999999866 0
36.99999999997666 22.49999999999811 0
36.99999999997758 22.99999999999756 0
36.99999999997852 23.49999999999701 0
36.99999999997945 23.99999999999645 0
36.9999999999804 24.4999999999959 0
36.99999999998133 24.99999999999535 0
36.99999999998227 25.4999999999948 0
36.99999999998321 25.99999999999425 0
36.99999999998415 26.4999999999937 0
36.99999999998507 26.99999999999315 0
36.99999999998601 27.4999999999926 0
36.99999999998695 27.99999999999205 0
36.99999999998787 28.4999999999915 0
36.99999999998881 28.99999999999094 0
36.99999999998975 29.49999999999039 0
36.99999999999068 29.99999999998984 0
36.99999999999162 30.4999999999893 0
36.99999999999256 30.99999999998874 0
36.99999999999348 31.49999999998819 0
36.99999999999443 31.99999999998766 0
36.99999999999535 32.49999999998911 0
36.99999999999628 32.99999999999129 0
36.99999999999721 33.49999999999347 0
36.99999999999816 33.99999999999563 0
36.9999999999991 34.49999999999783 0
37.99999999993702 0.5000000000004408 0
37.99999999993793 1.000000000000871 0
37.99999999993885 1.50000000000125 0
37.99999999993977 2.000000000001619 0
37.99999999994068 2.500000000001989 0
37.99999999994159 3.000000000002357 0
37.99999999994251 3.500000000002727 0
37.99999999994341 4.0000000000031 0
37.99999999994434 4.500000000003466 0
37.99999999994524 5.000000000003837 0
37.99999999994615 5.500000000004208 0
37.99999999994706 6.000000000004578 0
37.99999999994798 6.500000000004951 0
37.99999999994889 7.000000000005322 0
37.9999999999498 7.50000000000569 0
37.99999999995073 8.000000000006018 0
37.99999999995163 8.500000000005908 0
37.99999999995254 9.000000000005674 0
37.99999999995345 9.500000000005441 0
37.99999999995438 10.00000000000521 0
37.99999999995529 10.50000000000498 0
37.9999999999562 11.00000000000474 0
37.99999999995711 11.50000000000451 0
37.99999999995802 12.00000000000428 0
37.99999999995894 12.50000000000404 0
37.99999999995985 13.00000000000381 0
37.99999999996077 13.50000000000358 0
37.99999999996168 14.00000000000335 0
37.9999999999626 14.50000000000312 0
37.99999999996351 15.00000000000288 0
37.99999999996442 15.50000000000265 0
37.99999999996533 16.00000000000241 0
37.99999999996624 16.50000000000218 0
37.99999999996716 17.00000000000195 0
37.99999999996808 17.50000000000168 0
37.99999999996899 18.00000000000123 0
37.9999999999699 18.50000000000075 0
37.99999999997081 19.00000000000026 0
37.99999999997173 19.49999999999977 0
37.99999999997263 19.99999999999928 0
37.99999999997355 20.4999999999988 0
37.99999999997446 20.99999999999831 0
37.99999999997537 21.49999999999783 0
37.9999999999763 21.99999999999734 0
37.99999999997721 22.49999999999685 0
37.99999999997811 22.99999999999636 0
37.99999999997902 23.49999999999588 0
37.99999999997994 23.99999999999539 0
37.99999999998085 24.49999999999491 0
37.99999999998176 24.99999999999442 0
37.99999999998268 25.49999999999393 0
37.99999999998359 25.99999999999344 0
37.9999999999845 26.49999999999296 0
37.99999999998541 26.99999999999248 0
37.99999999998634 27.49999999999199 0
37.99999999998725 27.9999999999915 0
37.99999999998817 28.49999999999102 0
37.99999999998906 28.99999999999053 0
37.99999999998999 29.49999999999005 0
37.9999999999909 29.99999999998955 0
37.99999999999181 30.49999999998907 0
37.99999999999272 30.99999999998859 0
37.99999999999363 31.4999999999881 0
37.99999999999455 31.99999999998764 0
37.99999999999547 32.49999999998911 0
37.99999999999638 32.99999999999129 0
37.99999999999729 33.49999999999346 0
37.99999999999821 33.99999999999564 0
37.99999999999911 34.49999999999784 0
38.99999999993852 0.5000000000003963 0
38.99999999993941 1.000000000000782 0
38.99999999994031 1.500000000001116 0
38.9999999999412 2.000000000001439 0
38.99999999994209 2.500000000001761 0
38.99999999994299 3.000000000002084 0
38.99999999994387 3.500000000002409 0
38.99999999994477 4.000000000002734 0
38.99999999994566 4.500000000003055 0
38.99999999994655 5.00000000000338 0
38.99999999994744 5.500000000003705 0
38.99999999994834 6.000000000004029 0
38.99999999994923 6.500000000004356 0
38.99999999995011 7.000000000004681 0
38.999999999951 7.500000000005004 0
38.99999999995189 8.000000000005283 0
38.99999999995278 8.500000000005116 0
38.99999999995368 9.000000000004817 0
38.99999999995458 9.500000000004524 0
38.99999999995546 10.00000000000423 0
38.99999999995637 10.50000000000393 0
38.99999999995725 11.00000000000364 0
38.99999999995814 11.50000000000335 0
38.99999999995903 12.00000000000305 0
38.99999999995991 12.50000000000276 0
38.9999999999608 13.00000000000246 0
38.99999999996171 13.50000000000217 0
38.9999999999626 14.00000000000187 0
38.99999999996349 14.50000000000158 0
38.99999999996439 15.00000000000128 0
38.99999999996526 15.50000000000098 0
38.99999999996616 16.00000000000069 0
38.99999999996705 16.5000000000004 0
38.99999999996795 17.0000000000001 0
38.99999999996884 17.49999999999979 0
38.99999999996973 17.99999999999939 0
38.99999999997062 18.49999999999897 0
38.99999999997151 18.99999999999854 0
38.9999999999724 19.49999999999812 0
38.99999999997328 19.9999999999977 0
38.99999999997418 20.49999999999729 0
38.99999999997507 20.99999999999686 0
38.99999999997596 21.49999999999643 0
38.99999999997686 21.99999999999601 0
38.99999999997774 22.49999999999559 0
38.99999999997863 22.99999999999517 0
38.99999999997954 23.49999999999475 0
38.99999999998041 23.99999999999433 0
38.99999999998131 24.4999999999939 0
38.99999999998219 24.99999999999348 0
38.9999999999831 25.49999999999306 0
38.999999999984 25.99999999999264 0
38.99999999998487 26.49999999999222 0
38.99999999998576 26.9999999999918 0
38.99999999998666 27.49999999999138 0
38.99999999998754 27.99999999999096 0
38.99999999998844 28.49999999999053 0
38.99999999998933 28.99999999999012 0
38.99999999999022 29.49999999998969 0
38.99999999999113 29.99999999998927 0
38.99999999999201 30.49999999998886 0
38.99999999999289 30.99999999998843 0
38.9999999999938 31.49999999998801 0
38.99999999999468 31.99999999998761 0
38.99999999999557 32.49999999998911 0
38.99999999999647 32.99999999999127 0
38.99999999999735 33.49999999999347 0
38.99999999999825 33.99999999999564 0
38.99999999999913 34.49999999999783 0
39.99999999994001 0.5000000000003519 0
39.99999999994089 1.000000000000694 0
39.99999999994174 1.500000000000981 0
39.99999999994263 2.000000000001258 0
39.9999999999435 2.500000000001535 0
39.99999999994436 3.000000000001812 0
39.99999999994525 3.500000000002089 0
39.99999999994612 4.000000000002367 0
39.99999999994699 4.500000000002645 0
39.99999999994785 5.000000000002924 0
39.99999999994871 5.500000000003203 0
39.99999999994959 6.00000000000348 0
39.99999999995046 6.500000000003761 0
39.99999999995133 7.000000000004039 0
39.99999999995219 7.500000000004317 0
39.99999999995305 8.000000000004551 0
39.99999999995394 8.500000000004324 0
39.99999999995481 9.000000000003961 0
39.99999999995568 9.500000000003606 0
39.99999999995654 10.00000000000325 0
39.99999999995741 10.50000000000289 0
39.99999999995828 11.00000000000254 0
39.99999999995915 11.50000000000218 0
39.99999999996002 12.00000000000183 0
39.99999999996091 12.50000000000147 0
39.99999999996177 13.00000000000111 0
39.99999999996263 13.50000000000076 0
39.9999999999635 14.0000000000004 0
39.99999999996437 14.50000000000004 0
39.99999999996525 14.99999999999968 0
39.99999999996611 15.49999999999932 0
39.99999999996699 15.99999999999897 0
39.99999999996786 16.49999999999861 0
39.99999999996872 16.99999999999826 0
39.99999999996958 17.4999999999979 0
39.99999999997046 17.99999999999755 0
39.99999999997134 18.49999999999719 0
39.9999999999722 18.99999999999683 0
39.99999999997306 19.49999999999648 0
39.99999999997393 19.99999999999612 0
39.9999999999748 20.49999999999576 0
39.99999999997569 20.99999999999541 0
39.99999999997654 21.49999999999505 0
39.99999999997742 21.99999999999469 0
39.99999999997829 22.49999999999434 0
39.99999999997916 22.99999999999397 0
39.99999999998003 23.49999999999362 0
39.99999999998089 23.99999999999326 0
39.99999999998177 24.49999999999291 0
39.99999999998263 24.99999999999255 0
39.99999999998352 25.49999999999219 0
39.99999999998438 25.99999999999184 0
39.99999999998524 26.49999999999148 0
39.99999999998611 26.99999999999113 0
39.99999999998698 27.49999999999077 0
39.99999999998784 27.99999999999042 0
39.99999999998872 28.49999999999006 0
39.9999999999896 28.9999999999897 0
39.99999999999046 29.49999999998935 0
39.99999999999134 29.99999999998898 0
39.99999999999219 30.49999999998863 0
39.99999999999307 30.99999999998827 0
39.99999999999395 31.49999999998792 0
39.99999999999481 31.99999999998759 0
39.99999999999569 32.49999999998909 0
39.99999999999654 32.99999999999127 0
39.99999999999742 33.49999999999345 0
39.99999999999829 33.99999999999564 0
39.99999999999915 34.49999999999783 0
40.99999999994153 0.5000000000003075 0
40.99999999994236 1.000000000000605 0
40.99999999994321 1.500000000000847 0
40.99999999994407 2.000000000001077 0
40.99999999994491 2.500000000001308 0
40.99999999994576 3.000000000001538 0
40.99999999994662 3.500000000001771 0
40.99999999994746 4.000000000002004 0
40.9999999999483 4.500000000002234 0
40.99999999994915 5.000000000002467 0
40.99999999994999 5.5000000000027 0
40.99999999995084 6.000000000002931 0
40.9999999999517 6.500000000003165 0
40.99999999995255 7.000000000003398 0
40.99999999995339 7.500000000003629 0
40.99999999995423 8.000000000003816 0
40.99999999995508 8.500000000003531 0
40.99999999995593 9.000000000003109 0
40.99999999995678 9.500000000002691 0
40.99999999995763 10.00000000000227 0
40.99999999995849 10.50000000000185 0
40.99999999995933 11.00000000000144 0
40.99999999996017 11.50000000000102 0
40.99999999996103 12.0000000000006 0
40.99999999996187 12.50000000000018 0
40.99999999996272 12.99999999999976 0
40.99999999996356 13.49999999999934 0
40.99999999996442 13.99999999999892 0
40.99999999996527 14.49999999999851 0
40.99999999996611 14.99999999999809 0
40.99999999996696 15.49999999999767 0
40.99999999996781 15.99999999999725 0
40.99999999996865 16.49999999999683 0
40.99999999996949 16.99999999999641 0
40.99999999997034 17.49999999999601 0
40.99999999997119 17.9999999999957 0
40.99999999997205 18.49999999999541 0
40.9999999999729 18.99999999999512 0
40.99999999997374 19.49999999999483 0
40.99999999997458 19.99999999999454 0
40.99999999997544 20.49999999999424 0
40.99999999997628 20.99999999999396 0
40.99999999997713 21.49999999999366 0
40.99999999997799 21.99999999999336 0
40.99999999997883 22.49999999999307 0
40.99999999997968 22.99999999999279 0
40.99999999998053 23.49999999999249 0
40.99999999998137 23.99999999999221 0
40.99999999998222 24.49999999999191 0
40.99999999998307 24.99999999999162 0
40.99999999998391 25.49999999999132 0
40.99999999998477 25.99999999999103 0
40.99999999998562 26.49999999999074 0
40.99999999998646 26.99999999999045 0
40.99999999998731 27.49999999999016 0
40.99999999998816 27.99999999998986 0
40.99999999998902 28.49999999998958 0
40.99999999998985 28.99999999998928 0
40.99999999999069 29.499999999989 0
40.99999999999155 29.9999999999887 0
40.9999999999924 30.49999999998841 0
40.99999999999325 30.99999999998812 0
40.9999999999941 31.49999999998783 0
40.99999999999494 31.99999999998756 0
40.99999999999578 32.49999999998908 0
40.99999999999663 32.99999999999127 0
40.99999999999748 33.49999999999343 0
40.99999999999834 33.99999999999564 0
40.99999999999919 34.4999999999978 0
41.99999999994301 0.5000000000002633 0
41.99999999994385 1.000000000000516 0
41.99999999994466 1.500000000000712 0
41.99999999994551 2.000000000000897 0
41.99999999994634 2.500000000001082 0
41.99999999994714 3.000000000001266 0
41.99999999994797 3.500000000001452 0
41.99999999994879 4.000000000001639 0
41.99999999994964 4.500000000001823 0
41.99999999995045 5.000000000002011 0
41.99999999995129 5.500000000002197 0
41.99999999995212 6.000000000002382 0
41.99999999995294 6.50000000000257 0
41.99999999995376 7.000000000002757 0
41.99999999995457 7.500000000002942 0
41.99999999995542 8.00000000000308 0
41.99999999995624 8.500000000002739 0
41.99999999995708 9.000000000002252 0
41.9999999999579 9.500000000001773 0
41.99999999995872 10.00000000000129 0
41.99999999995954 10.50000000000081 0
41.99999999996038 11.00000000000033 0
41.99999999996118 11.49999999999985 0
41.99999999996201 11.99999999999937 0
41.99999999996285 12.49999999999889 0
41.99999999996368 12.99999999999841 0
41.99999999996449 13.49999999999793 0
41.99999999996533 13.99999999999745 0
41.99999999996616 14.49999999999697 0
41.99999999996697 14.99999999999648 0
41.99999999996781 15.49999999999601 0
41.99999999996864 15.99999999999553 0
41.99999999996946 16.49999999999505 0
41.99999999997029 16.99999999999456 0
41.99999999997112 17.49999999999412 0
41.99999999997194 17.99999999999386 0
41.99999999997276 18.49999999999363 0
41.99999999997359 18.99999999999341 0
41.99999999997442 19.49999999999318 0
41.99999999997524 19.99999999999295 0
41.99999999997606 20.49999999999272 0
41.99999999997689 20.9999999999925 0
41.99999999997772 21.49999999999227 0
41.99999999997855 21.99999999999204 0
41.99999999997937 22.49999999999181 0
41.9999999999802 22.99999999999159 0
41.99999999998103 23.49999999999137 0
41.99999999998185 23.99999999999114 0
41.99999999998268 24.49999999999091 0
41.99999999998352 24.99999999999068 0
41.99999999998433 25.49999999999046 0
41.99999999998516 25.99999999999023 0
41.99999999998598 26.49999999999 0
41.99999999998681 26.99999999998978 0
41.99999999998764 27.49999999998955 0
41.99999999998845 27.99999999998932 0
41.99999999998929 28.4999999999891 0
41.9999999999901 28.99999999998887 0
41.99999999999094 29.49999999998864 0
41.99999999999177 29.99999999998842 0
41.9999999999926 30.49999999998818 0
41.99999999999343 30.99999999998796 0
41.99999999999426 31.49999999998775 0
41.99999999999508 31.99999999998753 0
41.99999999999591 32.49999999998908 0
41.99999999999672 32.99999999999126 0
41.99999999999755 33.49999999999344 0
41.99999999999837 33.99999999999564 0
41.9999999999992 34.4999999999978 0
42.99999999994453 0.5000000000002192 0
42.99999999994533 1.000000000000428 0
42.99999999994613 1.500000000000577 0
42.99999999994694 2.000000000000716 0
42.99999999994776 2.500000000000855 0
42.99999999994856 3.000000000000993 0
42.99999999994936 3.500000000001134 0
42.99999999995016 4.000000000001274 0
42.99999999995097 4.500000000001412 0
42.99999999995178 5.000000000001553 0
42.99999999995257 5.500000000001695 0
42.99999999995337 6.000000000001833 0
42.99999999995417 6.500000000001975 0
42.99999999995499 7.000000000002116 0
42.99999999995579 7.500000000002255 0
42.99999999995659 8.000000000002348 0
42.9999999999574 8.500000000001943 0
42.9999999999582 9.0000000000014 0
42.999999999959 9.500000000000856 0
42.9999999999598 10.00000000000032 0
42.99999999996062 10.49999999999977 0
42.99999999996142 10.99999999999923 0
42.99999999996222 11.49999999999869 0
42.99999999996303 11.99999999999815 0
42.99999999996383 12.4999999999976 0
42.99999999996464 12.99999999999706 0
42.99999999996544 13.49999999999652 0
42.99999999996624 13.99999999999597 0
42.99999999996706 14.49999999999544 0
42.99999999996785 14.99999999999489 0
42.99999999996868 15.49999999999435 0
42.99999999996946 15.9999999999938 0
42.99999999997026 16.49999999999325 0
42.99999999997107 16.99999999999272 0
42.99999999997188 17.49999999999223 0
42.99999999997268 17.99999999999202 0
42.99999999997349 18.49999999999186 0
42.9999999999743 18.99999999999169 0
42.9999999999751 19.49999999999154 0
42.99999999997589 19.99999999999137 0
42.9999999999767 20.49999999999121 0
42.99999999997751 20.99999999999104 0
42.99999999997831 21.49999999999088 0
42.99999999997912 21.99999999999072 0
42.99999999997993 22.49999999999056 0
42.99999999998072 22.9999999999904 0
42.99999999998152 23.49999999999024 0
42.99999999998234 23.99999999999007 0
42.99999999998314 24.49999999998991 0
42.99999999998394 24.99999999998975 0
42.99999999998474 25.49999999998958 0
42.99999999998555 25.99999999998942 0
42.99999999998636 26.49999999998926 0
42.99999999998717 26.9999999999891 0
42.99999999998796 27.49999999998894 0
42.99999999998877 27.99999999998878 0
42.99999999998956 28.49999999998861 0
42.99999999999039 28.99999999998846 0
42.99999999999118 29.4999999999883 0
42.99999999999198 29.99999999998813 0
42.99999999999279 30.49999999998798 0
42.99999999999359 30.99999999998781 0
42.99999999999439 31.49999999998765 0
42.9999999999952 31.99999999998751 0
42.99999999999601 32.49999999998908 0
42.99999999999682 32.99999999999126 0
42.9999999999976 33.49999999999343 0
42.99999999999843 33.99999999999564 0
42.99999999999923 34.49999999999781 0
43.99999999994602 0.5000000000001747 0
43.99999999994682 1.000000000000339 0
43.9999999999476 1.500000000000443 0
43.99999999994836 2.000000000000536 0
43.99999999994917 2.500000000000628 0
43.99999999994994 3.00000000000072 0
43.99999999995071 3.500000000000814 0
43.99999999995151 4.000000000000909 0
43.99999999995229 4.500000000001 0
43.99999999995308 5.000000000001096 0
43.99999999995384 5.50000000000119 0
43.99999999995464 6.000000000001284 0
43.99999999995541 6.50000000000138 0
43.99999999995622 7.000000000001474 0
43.99999999995699 7.500000000001567 0
43.99999999995777 8.000000000001613 0
43.99999999995855 8.500000000001151 0
43.99999999995933 9.000000000000544 0
43.9999999999601 9.499999999999941 0
43.99999999996091 9.999999999999336 0
43.99999999996167 10.49999999999873 0
43.99999999996246 10.99999999999813 0
43.99999999996325 11.49999999999752 0
43.99999999996403 11.99999999999692 0
43.99999999996481 12.49999999999631 0
43.99999999996557 12.99999999999571 0
43.99999999996638 13.49999999999511 0
43.99999999996715 13.9999999999945 0
43.99999999996795 14.4999999999939 0
43.99999999996872 14.9999999999933 0
43.99999999996952 15.49999999999268 0
43.99999999997028 15.99999999999208 0
43.99999999997107 16.49999999999148 0
43.99999999997185 16.99999999999087 0
43.99999999997264 17.49999999999034 0
43.99999999997341 17.99999999999017 0
43.9999999999742 18.49999999999007 0
43.99999999997499 18.99999999998998 0
43.99999999997577 19.49999999998989 0
43.99999999997655 19.99999999998979 0
43.99999999997733 20.49999999998969 0
43.99999999997812 20.99999999998959 0
43.9999999999789 21.49999999998949 0
43.99999999997969 21.9999999999894 0
43.99999999998047 22.4999999999893 0
43.99999999998126 22.9999999999892 0
43.99999999998203 23.49999999998911 0
43.99999999998281 23.99999999998901 0
43.99999999998359 24.49999999998891 0
43.99999999998438 24.99999999998882 0
43.99999999998518 25.49999999998872 0
43.99999999998594 25.99999999998862 0
43.99999999998673 26.49999999998852 0
43.99999999998751 26.99999999998843 0
43.9999999999883 27.49999999998833 0
43.99999999998907 27.99999999998824 0
43.99999999998986 28.49999999998814 0
43.99999999999063 28.99999999998805 0
43.99999999999143 29.49999999998795 0
43.99999999999219 29.99999999998784 0
43.99999999999299 30.49999999998776 0
43.99999999999375 30.99999999998766 0
43.99999999999456 31.49999999998757 0
43.99999999999534 31.99999999998749 0
43.99999999999611 32.49999999998906 0
43.99999999999689 32.99999999999125 0
43.99999999999768 33.49999999999343 0
43.99999999999847 33.99999999999562 0
43.99999999999924 34.4999999999978 0
44.9999999999475 0.5000000000001303 0
44.99999999994827 1.00000000000025 0
44.99999999994904 1.500000000000308 0
44.99999999994979 2.000000000000355 0
44.99999999995055 2.500000000000401 0
44.9999999999513 3.000000000000448 0
44.99999999995207 3.500000000000496 0
44.99999999995284 4.000000000000545 0
44.9999999999536 4.500000000000592 0
44.99999999995436 5.000000000000639 0
44.99999999995513 5.500000000000687 0
44.99999999995589 6.000000000000735 0
44.99999999995665 6.500000000000785 0
44.9999999999574 7.000000000000833 0
44.99999999995818 7.500000000000881 0
44.99999999995893 8.000000000000878 0
44.9999999999597 8.500000000000359 0
44.99999999996047 8.999999999999691 0
44.99999999996123 9.499999999999023 0
44.99999999996197 9.999999999998357 0
44.99999999996272 10.49999999999769 0
44.9999999999635 10.99999999999703 0
44.99999999996426 11.49999999999636 0
44.99999999996501 11.99999999999569 0
44.99999999996578 12.49999999999503 0
44.99999999996655 12.99999999999436 0
44.9999999999673 13.49999999999369 0
44.99999999996807 13.99999999999303 0
44.99999999996882 14.49999999999236 0
44.99999999996959 14.9999999999917 0
44.99999999997036 15.49999999999103 0
44.9999999999711 15.99999999999036 0
44.99999999997186 16.49999999998969 0
44.99999999997263 16.99999999998903 0
44.9999999999734 17.49999999998845 0
44.99999999997415 17.99999999998833 0
44.9999999999749 18.4999999999883 0
44.99999999997567 18.99999999998827 0
44.99999999997644 19.49999999998824 0
44.99999999997719 19.9999999999882 0
44.99999999997796 20.49999999998818 0
44.99999999997871 20.99999999998815 0
44.99999999997948 21.49999999998811 0
44.99999999998024 21.99999999998808 0
44.999999999981 22.49999999998804 0
44.99999999998177 22.99999999998801 0
44.99999999998252 23.49999999998798 0
44.99999999998329 23.99999999998794 0
44.99999999998404 24.49999999998791 0
44.99999999998481 24.99999999998789 0
44.99999999998556 25.49999999998785 0
44.99999999998632 25.99999999998781 0
44.9999999999871 26.49999999998779 0
44.99999999998785 26.99999999998776 0
44.99999999998862 27.49999999998772 0
44.99999999998937 27.99999999998769 0
44.99999999999013 28.49999999998766 0
44.99999999999091 28.99999999998764 0
44.99999999999166 29.49999999998761 0
44.9999999999924 29.99999999998757 0
44.99999999999317 30.49999999998753 0
44.99999999999394 30.99999999998751 0
44.9999999999947 31.49999999998748 0
44.99999999999545 31.99999999998746 0
44.99999999999621 32.49999999998905 0
44.99999999999699 32.99999999999125 0
44.99999999999773 33.49999999999343 0
44.9999999999985 33.99999999999562 0
44.99999999999925 34.4999999999978 0
45.99999999994902 0.5000000000000859 0
45.99999999994976 1.000000000000162 0
45.9999999999505 1.500000000000174 0
45.99999999995124 2.000000000000174 0
45.99999999995196 2.500000000000175 0
45.99999999995271 3.000000000000175 0
45.99999999995347 3.500000000000178 0
45.99999999995419 4.000000000000179 0
45.99999999995493 4.50000000000018 0
45.99999999995569 5.000000000000184 0
45.99999999995641 5.500000000000185 0
45.99999999995715 6.000000000000187 0
45.99999999995791 6.50000000000019 0
45.99999999995863 7.000000000000192 0
45.99999999995936 7.500000000000194 0
45.99999999996011 8.000000000000146 0
45.99999999996084 8.499999999999565 0
45.99999999996159 8.999999999998835 0
45.99999999996233 9.499999999998108 0
45.99999999996307 9.999999999997378 0
45.9999999999638 10.49999999999665 0
45.99999999996454 10.99999999999592 0
45.9999999999653 11.49999999999519 0
45.99999999996602 11.99999999999446 0
45.99999999996675 12.49999999999374 0
45.99999999996751 12.99999999999301 0
45.99999999996825 13.49999999999228 0
45.99999999996898 13.99999999999156 0
45.99999999996973 14.49999999999083 0
45.99999999997046 14.9999999999901 0
45.99999999997121 15.49999999998937 0
45.99999999997195 15.99999999998864 0
45.99999999997268 16.49999999998791 0
45.99999999997342 16.99999999998718 0
45.99999999997416 17.49999999998656 0
45.9999999999749 17.99999999998649 0
45.99999999997564 18.49999999998652 0
45.99999999997638 18.99999999998656 0
45.99999999997712 19.49999999998659 0
45.99999999997786 19.99999999998662 0
45.99999999997859 20.49999999998665 0
45.99999999997934 20.99999999998668 0
45.99999999998007 21.49999999998671 0
45.99999999998081 21.99999999998676 0
45.99999999998155 22.49999999998678 0
45.99999999998229 22.99999999998682 0
45.99999999998303 23.49999999998685 0
45.99999999998376 23.99999999998688 0
45.99999999998451 24.49999999998692 0
45.99999999998524 24.99999999998695 0
45.99999999998598 25.49999999998698 0
45.99999999998672 25.99999999998701 0
45.99999999998746 26.49999999998705 0
45.9999999999882 26.99999999998708 0
45.99999999998894 27.49999999998711 0
45.99999999998968 27.99999999998715 0
45.99999999999041 28.49999999998718 0
45.99999999999116 28.99999999998721 0
45.99999999999189 29.49999999998725 0
45.99999999999263 29.99999999998727 0
45.99999999999337 30.49999999998731 0
45.99999999999411 30.99999999998735 0
45.99999999999485 31.49999999998738 0
45.99999999999559 31.99999999998743 0
45.99999999999633 32.49999999998905 0
45.99999999999707 32.99999999999125 0
45.9999999999978 33.49999999999344 0
45.99999999999855 33.99999999999562 0
45.99999999999928 34.4999999999978 0
46.99999999995052 0.5000000000000417 0
46.99999999995124 1.000000000000073 0
46.99999999995195 1.500000000000039 0
46.99999999995266 1.999999999999993 0
46.9999999999534 2.499999999999948 0
46.99999999995408 2.999999999999902 0
46.99999999995483 3.499999999999858 0
46.99999999995553 3.999999999999814 0
46.99999999995625 4.499999999999767 0
46.999999999957 4.999999999999726 0
46.99999999995771 5.499999999999682 0
46.9999999999584 5.999999999999638 0
46.99999999995914 6.499999999999595 0
46.99999999995984 6.999999999999552 0
46.99999999996055 7.499999999999506 0
46.99999999996128 7.99999999999941 0
46.99999999996201 8.499999999998774 0
46.99999999996272 8.999999999997979 0
46.99999999996344 9.499999999997192 0
46.99999999996416 9.999999999996401 0
46.99999999996488 10.49999999999561 0
46.9999999999656 10.99999999999482 0
46.99999999996632 11.49999999999403 0
46.99999999996702 11.99999999999324 0
46.99999999996774 12.49999999999245 0
46.99999999996847 12.99999999999166 0
46.99999999996916 13.49999999999087 0
46.99999999996991 13.99999999999008 0
46.99999999997061 14.49999999998929 0
46.99999999997133 14.9999999999885 0
46.99999999997205 15.49999999998771 0
46.99999999997276 15.99999999998692 0
46.99999999997349 16.49999999998613 0
46.9999999999742 16.99999999998534 0
46.99999999997492 17.49999999998467 0
46.99999999997564 17.99999999998465 0
46.99999999997636 18.49999999998474 0
46.99999999997707 18.99999999998484 0
46.9999999999778 19.49999999998494 0
46.99999999997851 19.99999999998504 0
46.99999999997922 20.49999999998514 0
46.99999999997996 20.99999999998523 0
46.99999999998065 21.49999999998533 0
46.99999999998137 21.99999999998543 0
46.9999999999821 22.49999999998553 0
46.99999999998281 22.99999999998563 0
46.99999999998354 23.49999999998573 0
46.99999999998425 23.99999999998582 0
46.99999999998496 24.49999999998592 0
46.99999999998567 24.99999999998602 0
46.99999999998641 25.49999999998611 0
46.99999999998712 25.99999999998621 0
46.99999999998783 26.49999999998631 0
46.99999999998853 26.99999999998641 0
46.99999999998928 27.49999999998651 0
46.99999999998999 27.9999999999866 0
46.99999999999071 28.4999999999867 0
46.99999999999142 28.99999999998679 0
46.99999999999215 29.49999999998689 0
46.99999999999286 29.99999999998699 0
46.99999999999356 30.49999999998709 0
46.99999999999429 30.99999999998719 0
46.99999999999502 31.49999999998729 0
46.99999999999572 31.9999999999874 0
46.99999999999645 32.49999999998905 0
46.99999999999716 32.99999999999123 0
46.99999999999789 33.49999999999342 0
46.9999999999986 33.9999999999956 0
46.99999999999931 34.4999999999978 0
47.99999999995202 0.4999999999999976 0
47.99999999995271 0.9999999999999838 0
47.9999999999534 1.499999999999904 0
47.99999999995412 1.999999999999813 0
47.99999999995482 2.499999999999721 0
47.99999999995551 2.99999999999963 0
47.99999999995621 3.499999999999541 0
47.99999999995691 3.99999999999945 0
47.9999999999576 4.499999999999359 0
47.99999999995829 4.999999999999268 0
47.99999999995898 5.499999999999179 0
47.99999999995968 5.999999999999089 0
47.99999999996037 6.499999999999 0
47.99999999996106 6.999999999998911 0
47.99999999996176 7.499999999998819 0
47.99999999996246 7.999999999998675 0
47.99999999996316 8.499999999997979 0
47.99999999996385 8.999999999997126 0
47.99999999996454 9.499999999996273 0
47.99999999996525 9.999999999995422 0
47.99999999996594 10.49999999999457 0
47.99999999996662 10.99999999999372 0
47.99999999996732 11.49999999999287 0
47.99999999996801 11.99999999999201 0
47.99999999996872 12.49999999999116 0
47.99999999996943 12.99999999999031 0
47.99999999997011 13.49999999998946 0
47.99999999997082 13.99999999998861 0
47.99999999997149 14.49999999998776 0
47.9999999999722 14.9999999999869 0
47.9999999999729 15.49999999998605 0
47.99999999997358 15.99999999998519 0
47.9999999999743 16.49999999998435 0
47.99999999997497 16.99999999998349 0
47.99999999997569 17.49999999998278 0
47.99999999997637 17.9999999999828 0
47.99999999997708 18.49999999998297 0
47.99999999997777 18.99999999998312 0
47.99999999997846 19.4999999999833 0
47.99999999997915 19.99999999998346 0
47.99999999997986 20.49999999998362 0
47.99999999998055 20.99999999998379 0
47.99999999998125 21.49999999998395 0
47.99999999998195 21.99999999998411 0
47.99999999998263 22.49999999998427 0
47.99999999998333 22.99999999998443 0
47.99999999998403 23.4999999999846 0
47.99999999998473 23.99999999998476 0
47.99999999998541 24.49999999998492 0
47.99999999998612 24.99999999998508 0
47.99999999998681 25.49999999998524 0
47.99999999998751 25.99999999998541 0
47.9999999999882 26.49999999998557 0
47.99999999998891 26.99999999998573 0
47.99999999998959 27.4999999999859 0
47.99999999999029 27.99999999998606 0
47.99999999999098 28.49999999998623 0
47.99999999999169 28.99999999998639 0
47.99999999999238 29.49999999998656 0
47.99999999999309 29.99999999998671 0
47.99999999999377 30.49999999998688 0
47.99999999999446 30.99999999998703 0
47.99999999999515 31.4999999999872 0
47.99999999999587 31.99999999998738 0
47.99999999999655 32.49999999998904 0
47.99999999999724 32.99999999999123 0
47.99999999999795 33.49999999999341 0
47.99999999999866 33.99999999999561 0
47.99999999999934 34.4999999999978 0
48.99999999995351 0.4999999999999531 0
48.99999999995419 0.9999999999998952 0
48.99999999995486 1.49999999999977 0
48.99999999995554 1.999999999999632 0
48.99999999995622 2.499999999999494 0
48.99999999995688 2.999999999999357 0
48.99999999995755 3.499999999999221 0
48.99999999995824 3.999999999999085 0
48.99999999995891 4.499999999998948 0
48.99999999995958 4.999999999998812 0
48.99999999996025 5.499999999998677 0
48.99999999996093 5.99999999999854 0
48.9999999999616 6.499999999998405 0
48.99999999996228 6.999999999998268 0
48.99999999996297 7.499999999998133 0
48.99999999996363 7.999999999997943 0
48.99999999996431 8.499999999997186 0
48.99999999996498 8.99999999999627 0
48.99999999996565 9.499999999995358 0
48.99999999996633 9.999999999994442 0
48.99999999996702 10.49999999999353 0
48.99999999996767 10.99999999999261 0
48.99999999996835 11.4999999999917 0
48.99999999996903 11.99999999999079 0
48.9999999999697 12.49999999998987 0
48.99999999997037 12.99999999998896 0
48.99999999997104 13.49999999998805 0
48.99999999997172 13.99999999998713 0
48.9999999999724 14.49999999998622 0
48.99999999997308 14.9999999999853 0
48.99999999997374 15.49999999998439 0
48.99999999997441 15.99999999998347 0
48.9999999999751 16.49999999998256 0
48.99999999997576 16.99999999998165 0
48.99999999997645 17.49999999998089 0
48.99999999997711 17.99999999998096 0
48.99999999997778 18.49999999998119 0
48.99999999997846 18.99999999998142 0
48.99999999997913 19.49999999998165 0
48.9999999999798 19.99999999998187 0
48.99999999998048 20.4999999999821 0
48.99999999998116 20.99999999998233 0
48.99999999998184 21.49999999998255 0
48.99999999998251 21.99999999998278 0
48.99999999998318 22.49999999998301 0
48.99999999998386 22.99999999998324 0
48.99999999998452 23.49999999998347 0
48.9999999999852 23.99999999998369 0
48.99999999998588 24.49999999998392 0
48.99999999998656 24.99999999998415 0
48.99999999998722 25.49999999998438 0
48.9999999999879 25.9999999999846 0
48.99999999998858 26.49999999998483 0
48.99999999998925 26.99999999998506 0
48.99999999998992 27.49999999998528 0
48.9999999999906 27.99999999998551 0
48.99999999999127 28.49999999998574 0
48.99999999999195 28.99999999998597 0
48.99999999999262 29.4999999999862 0
48.99999999999329 29.99999999998643 0
48.99999999999397 30.49999999998665 0
48.99999999999464 30.99999999998688 0
48.99999999999532 31.49999999998711 0
48.99999999999599 31.99999999998736 0
48.99999999999667 32.49999999998902 0
48.99999999999733 32.99999999999122 0
48.99999999999802 33.49999999999341 0
48.99999999999871 33.99999999999561 0
48.99999999999936 34.49999999999781 0
49.99999999995502 0.4999999999999087 0
49.99999999995568 0.9999999999998068 0
49.99999999995633 1.499999999999635 0
49.99999999995697 1.999999999999451 0
49.99999999995762 2.499999999999268 0
49.99999999995829 2.999999999999084 0
49.99999999995894 3.499999999998902 0
49.99999999995957 3.999999999998721 0
49.99999999996024 4.499999999998535 0
49.9999999999609 4.999999999998356 0
49.99999999996155 5.499999999998174 0
49.99999999996218 5.999999999997991 0
49.99999999996286 6.49999999999781 0
49.99999999996351 6.999999999997629 0
49.99999999996415 7.499999999997444 0
49.99999999996479 7.999999999997208 0
49.99999999996546 8.499999999996394 0
49.99999999996611 8.999999999995413 0
49.99999999996678 9.499999999994442 0
49.99999999996741 9.999999999993468 0
49.99999999996806 10.49999999999249 0
49.99999999996871 10.99999999999151 0
49.99999999996938 11.49999999999054 0
49.99999999997002 11.99999999998956 0
49.99999999997068 12.49999999998859 0
49.99999999997133 12.99999999998761 0
49.99999999997198 13.49999999998663 0
49.99999999997263 13.99999999998566 0
49.99999999997328 14.49999999998468 0
49.99999999997394 14.9999999999837 0
49.99999999997461 15.49999999998273 0
49.99999999997525 15.99999999998175 0
49.99999999997591 16.49999999998078 0
49.99999999997656 16.9999999999798 0
49.9999999999772 17.499999999979 0
49.99999999997785 17.99999999997912 0
49.99999999997848 18.49999999997942 0
49.99999999997915 18.9999999999797 0
49.99999999997981 19.49999999998 0
49.99999999998046 19.99999999998029 0
49.99999999998111 20.49999999998058 0
49.99999999998177 20.99999999998088 0
49.99999999998241 21.49999999998116 0
49.99999999998307 21.99999999998145 0
49.99999999998371 22.49999999998175 0
49.99999999998438 22.99999999998204 0
49.99999999998502 23.49999999998234 0
49.99999999998568 23.99999999998263 0
49.99999999998633 24.49999999998293 0
49.99999999998699 24.99999999998321 0
49.99999999998764 25.49999999998351 0
49.99999999998829 25.9999999999838 0
49.99999999998895 26.49999999998409 0
49.9999999999896 26.99999999998439 0
49.99999999999024 27.49999999998467 0
49.9999999999909 27.99999999998498 0
49.99999999999156 28.49999999998526 0
49.99999999999221 28.99999999998555 0
49.99999999999286 29.49999999998585 0
49.99999999999351 29.99999999998614 0
49.99999999999417 30.49999999998644 0
49.9999999999948 30.99999999998673 0
49.99999999999547 31.49999999998703 0
49.99999999999611 31.99999999998733 0
49.99999999999676 32.49999999998902 0
49.99999999999742 32.99999999999122 0
49.99999999999807 33.49999999999341 0
49.99999999999873 33.99999999999561 0
49.99999999999938 34.49999999999781 0
50.99999999995651 0.4999999999998646 0
50.99999999995713 0.999999999999718 0
50.99999999995778 1.499999999999501 0
50.99999999995842 1.999999999999271 0
50.99999999995905 2.499999999999041 0
50.99999999995968 2.999999999998812 0
50.9999999999603 3.499999999998584 0
50.99999999996093 3.999999999998356 0
50.99999999996155 4.499999999998126 0
50.99999999996218 4.999999999997899 0
50.99999999996282 5.499999999997669 0
50.99999999996346 5.999999999997442 0
50.99999999996409 6.499999999997215 0
50.99999999996473 6.999999999996987 0
50.99999999996535 7.499999999996758 0
50.99999999996598 7.999999999996472 0
50.9999999999666 8.499999999995602 0
50.99999999996723 8.999999999994561 0
50.99999999996788 9.499999999993522 0
50.99999999996849 9.999999999992488 0
50.99999999996912 10.49999999999145 0
50.99999999996975 10.99999999999041 0
50.99999999997038 11.49999999998937 0
50.99999999997102 11.99999999998833 0
50.99999999997166 12.4999999999873 0
50.99999999997227 12.99999999998626 0
50.99999999997291 13.49999999998522 0
50.99999999997355 13.99999999998418 0
50.99999999997418 14.49999999998314 0
50.9999999999748 14.9999999999821 0
50.99999999997543 15.49999999998107 0
50.99999999997607 15.99999999998003 0
50.99999999997671 16.49999999997899 0
50.99999999997733 16.99999999997795 0
50.99999999997796 17.49999999997711 0
50.99999999997858 17.99999999997728 0
50.99999999997922 18.49999999997764 0
50.99999999997986 18.99999999997799 0
50.99999999998049 19.49999999997835 0
50.99999999998111 19.99999999997871 0
50.99999999998174 20.49999999997906 0
50.99999999998238 20.99999999997942 0
50.999999999983 21.49999999997978 0
50.99999999998364 21.99999999998013 0
50.99999999998426 22.4999999999805 0
50.99999999998489 22.99999999998085 0
50.99999999998552 23.49999999998121 0
50.99999999998616 23.99999999998156 0
50.9999999999868 24.49999999998192 0
50.99999999998742 24.99999999998228 0
50.99999999998805 25.49999999998264 0
50.99999999998869 25.999999999983 0
50.99999999998931 26.49999999998335 0
50.99999999998995 26.99999999998371 0
50.99999999999058 27.49999999998407 0
50.9999999999912 27.99999999998442 0
50.99999999999182 28.49999999998478 0
50.99999999999247 28.99999999998515 0
50.99999999999311 29.4999999999855 0
50.99999999999373 29.99999999998586 0
50.99999999999436 30.49999999998622 0
50.99999999999498 30.99999999998656 0
50.9999999999956 31.49999999998693 0
50.99999999999625 31.9999999999873 0
50.99999999999688 32.49999999998902 0
50.99999999999751 32.99999999999122 0
50.99999999999814 33.49999999999341 0
50.99999999999876 33.99999999999561 0
50.9999999999994 34.4999999999978 0
51.999999999958 0.4999999999998201 0
51.99999999995862 0.9999999999996292 0
51.99999999995924 1.499999999999365 0
51.99999999995983 1.999999999999091 0
51.99999999996046 2.499999999998814 0
51.99999999996105 2.999999999998539 0
51.99999999996166 3.499999999998264 0
51.99999999996228 3.999999999997991 0
51.99999999996288 4.499999999997714 0
51.9999999999635 4.999999999997442 0
51.9999999999641 5.499999999997168 0
51.99999999996471 5.999999999996893 0
51.99999999996531 6.49999999999662 0
51.99999999996594 6.999999999996346 0
51.99999999996654 7.499999999996071 0
51.99999999996716 7.99999999999574 0
51.99999999996776 8.499999999994809 0
51.99999999996835 8.999999999993703 0
51.99999999996898 9.499999999992605 0
51.99999999996957 9.999999999991507 0
51.99999999997019 10.49999999999041 0
51.9999999999708 10.99999999998931 0
51.99999999997142 11.49999999998821 0
51.99999999997201 11.99999999998711 0
51.99999999997262 12.49999999998601 0
51.99999999997323 12.99999999998491 0
51.99999999997384 13.49999999998381 0
51.99999999997445 13.99999999998271 0
51.99999999997506 14.49999999998161 0
51.99999999997567 14.99999999998051 0
51.9999999999763 15.49999999997941 0
51.99999999997688 15.99999999997831 0
51.99999999997751 16.49999999997721 0
51.9999999999781 16.99999999997611 0
51.99999999997871 17.49999999997522 0
51.99999999997932 17.99999999997544 0
51.99999999997993 18.49999999997586 0
51.99999999998054 18.99999999997627 0
51.99999999998116 19.4999999999767 0
51.99999999998177 19.99999999997713 0
51.99999999998236 20.49999999997754 0
51.99999999998298 20.99999999997797 0
51.99999999998359 21.49999999997839 0
51.9999999999842 21.99999999997881 0
51.99999999998479 22.49999999997923 0
51.99999999998541 22.99999999997966 0
51.99999999998602 23.49999999998008 0
51.99999999998663 23.9999999999805 0
51.99999999998726 24.49999999998092 0
51.99999999998786 24.99999999998135 0
51.99999999998845 25.49999999998177 0
51.99999999998907 25.99999999998219 0
51.99999999998968 26.49999999998261 0
51.99999999999029 26.99999999998304 0
51.9999999999909 27.49999999998346 0
51.99999999999151 27.99999999998388 0
51.99999999999212 28.49999999998431 0
51.99999999999271 28.99999999998473 0
51.99999999999334 29.49999999998514 0
51.99999999999393 29.99999999998557 0
51.99999999999456 30.499999999986 0
51.99999999999515 30.99999999998642 0
51.99999999999577 31.49999999998684 0
51.99999999999638 31.99999999998728 0
51.99999999999698 32.49999999998901 0
51.9999999999976 32.9999999999912 0
51.9999999999982 33.49999999999341 0
51.99999999999881 33.99999999999561 0
51.99999999999942 34.4999999999978 0
52.99999999995951 0.499999999999776 0
52.99999999996011 0.9999999999995404 0
52.9999999999607 1.499999999999231 0
52.99999999996128 1.999999999998909 0
52.99999999996187 2.499999999998589 0
52.99999999996245 2.999999999998266 0
52.99999999996305 3.499999999997947 0
52.99999999996363 3.999999999997627 0
52.99999999996422 4.499999999997304 0
52.9999999999648 4.999999999996984 0
52.99999999996539 5.499999999996663 0
52.99999999996599 5.999999999996344 0
52.99999999996657 6.499999999996025 0
52.99999999996715 6.999999999995705 0
52.99999999996773 7.499999999995383 0
52.99999999996833 7.999999999995005 0
52.99999999996892 8.499999999994014 0
52.9999999999695 8.999999999992848 0
52.99999999997008 9.499999999991688 0
52.99999999997068 9.999999999990525 0
52.99999999997127 10.49999999998936 0
52.99999999997184 10.99999999998821 0
52.99999999997245 11.49999999998704 0
52.99999999997303 11.99999999998588 0
52.9999999999736 12.49999999998472 0
52.99999999997421 12.99999999998356 0
52.99999999997478 13.4999999999824 0
52.99999999997537 13.99999999998123 0
52.99999999997596 14.49999999998007 0
52.99999999997655 14.99999999997891 0
52.99999999997713 15.49999999997775 0
52.99999999997772 15.99999999997659 0
52.99999999997831 16.49999999997542 0
52.9999999999789 16.99999999997426 0
52.99999999997949 17.49999999997333 0
52.99999999998008 17.99999999997359 0
52.99999999998067 18.49999999997408 0
52.99999999998124 18.99999999997457 0
52.99999999998184 19.49999999997505 0
52.99999999998242 19.99999999997554 0
52.999999999983 20.49999999997603 0
52.9999999999836 20.99999999997652 0
52.9999999999842 21.499999999977 0
52.99999999998476 21.99999999997749 0
52.99999999998536 22.49999999997798 0
52.99999999998595 22.99999999997846 0
52.99999999998653 23.49999999997895 0
52.99999999998712 23.99999999997944 0
52.99999999998772 24.49999999997993 0
52.99999999998829 24.99999999998041 0
52.99999999998887 25.4999999999809 0
52.99999999998946 25.99999999998139 0
52.99999999999005 26.49999999998187 0
52.99999999999066 26.99999999998236 0
52.99999999999123 27.49999999998285 0
52.99999999999181 27.99999999998334 0
52.99999999999241 28.49999999998383 0
52.99999999999299 28.99999999998431 0
52.99999999999358 29.49999999998481 0
52.99999999999417 29.99999999998529 0
52.99999999999476 30.49999999998577 0
52.99999999999533 30.99999999998627 0
52.99999999999594 31.49999999998676 0
52.99999999999652 31.99999999998725 0
52.9999999999971 32.49999999998899 0
52.9999999999977 32.9999999999912 0
52.99999999999828 33.4999999999934 0
52.99999999999886 33.99999999999561 0
52.99999999999946 34.4999999999978 0
53.99999999996101 0.4999999999997315 0
53.99999999996157 0.999999999999452 0
53.99999999996215 1.499999999999096 0
53.99999999996272 1.999999999998729 0
53.99999999996326 2.499999999998361 0
53.99999999996384 2.999999999997994 0
53.99999999996439 3.499999999997627 0
53.99999999996497 3.999999999997261 0
53.99999999996555 4.499999999996894 0
53.99999999996611 4.999999999996528 0
53.99999999996668 5.499999999996161 0
53.99999999996724 5.999999999995793 0
53.99999999996781 6.499999999995429 0
53.99999999996837 6.999999999995064 0
53.99999999996895 7.499999999994698 0
53.9999999999695 7.999999999994269 0
53.99999999997005 8.499999999993221 0
53.99999999997063 8.999999999991996 0
53.99999999997118 9.499999999990772 0
53.99999999997176 9.999999999989553 0
53.99999999997233 10.49999999998833 0
53.99999999997289 10.9999999999871 0
53.99999999997345 11.49999999998588 0
53.99999999997404 11.99999999998465 0
53.99999999997459 12.49999999998343 0
53.99999999997516 12.99999999998221 0
53.99999999997571 13.49999999998098 0
53.9999999999763 13.99999999997976 0
53.99999999997686 14.49999999997854 0
53.99999999997743 14.99999999997732 0
53.99999999997798 15.49999999997609 0
53.99999999997855 15.99999999997487 0
53.99999999997911 16.49999999997365 0
53.99999999997968 16.99999999997242 0
53.99999999998025 17.49999999997144 0
53.99999999998082 17.99999999997175 0
53.99999999998138 18.4999999999723 0
53.99999999998194 18.99999999997285 0
53.99999999998251 19.4999999999734 0
53.99999999998306 19.99999999997396 0
53.99999999998364 20.49999999997451 0
53.9999999999842 20.99999999997506 0
53.99999999998477 21.49999999997561 0
53.99999999998533 21.99999999997617 0
53.9999999999859 22.49999999997672 0
53.99999999998647 22.99999999997727 0
53.99999999998703 23.49999999997782 0
53.99999999998761 23.99999999997838 0
53.99999999998816 24.49999999997893 0
53.99999999998872 24.99999999997948 0
53.99999999998929 25.49999999998003 0
53.99999999998985 25.99999999998058 0
53.99999999999044 26.49999999998114 0
53.999999999991 26.99999999998169 0
53.99999999999154 27.49999999998224 0
53.99999999999213 27.99999999998279 0
53.9999999999927 28.49999999998334 0
53.99999999999326 28.99999999998389 0
53.99999999999381 29.49999999998445 0
53.99999999999438 29.99999999998501 0
53.99999999999495 30.49999999998556 0
53.99999999999551 30.99999999998611 0
53.99999999999608 31.49999999998667 0
53.99999999999665 31.99999999998722 0
53.99999999999722 32.49999999998899 0
53.99999999999779 32.99999999999119 0
53.99999999999836 33.49999999999338 0
53.9999999999989 33.99999999999559 0
53.99999999999947 34.4999999999978 0
54.9999999999625 0.4999999999996871 0
54.99999999996307 0.9999999999993632 0
54.99999999996361 1.499999999998962 0
54.99999999996414 1.999999999998548 0
54.99999999996469 2.499999999998135 0
54.99999999996525 2.999999999997721 0
54.99999999996577 3.499999999997309 0
54.99999999996633 3.999999999996896 0
54.99999999996687 4.499999999996481 0
54.99999999996741 4.999999999996072 0
54.99999999996795 5.499999999995658 0
54.99999999996851 5.999999999995246 0
54.99999999996904 6.499999999994834 0
54.9999999999696 6.999999999994422 0
54.99999999997014 7.499999999994009 0
54.99999999997068 7.999999999993536 0
54.99999999997122 8.499999999992429 0
54.99999999997176 8.999999999991143 0
54.99999999997233 9.499999999989853 0
54.99999999997286 9.999999999988573 0
54.9999999999734 10.49999999998728 0
54.99999999997394 10.999999999986 0
54.99999999997448 11.49999999998471 0
54.99999999997502 11.99999999998343 0
54.99999999997556 12.49999999998214 0
54.99999999997611 12.99999999998086 0
54.99999999997667 13.49999999997957 0
54.99999999997721 13.99999999997829 0
54.99999999997775 14.499999999977 0
54.9999999999783 14.99999999997572 0
54.99999999997883 15.49999999997443 0
54.99999999997938 15.99999999997315 0
54.99999999997992 16.49999999997186 0
54.99999999998047 16.99999999997058 0
54.999999999981 17.49999999996955 0
54.99999999998157 17.99999999996991 0
54.99999999998209 18.49999999997053 0
54.99999999998265 18.99999999997114 0
54.99999999998319 19.49999999997176 0
54.99999999998373 19.99999999997238 0
54.99999999998427 20.499999999973 0
54.99999999998482 20.99999999997361 0
54.99999999998536 21.49999999997422 0
54.9999999999859 21.99999999997485 0
54.99999999998644 22.49999999997545 0
54.999999999987 22.99999999997607 0
54.99999999998754 23.49999999997669 0
54.99999999998808 23.99999999997731 0
54.99999999998862 24.49999999997793 0
54.99999999998916 24.99999999997855 0
54.99999999998971 25.49999999997916 0
54.99999999999027 25.99999999997978 0
54.99999999999081 26.4999999999804 0
54.99999999999134 26.99999999998101 0
54.99999999999189 27.49999999998163 0
54.99999999999243 27.99999999998225 0
54.99999999999297 28.49999999998287 0
54.9999999999935 28.99999999998348 0
54.99999999999405 29.49999999998411 0
54.99999999999462 29.99999999998472 0
54.99999999999515 30.49999999998533 0
54.99999999999569 30.99999999998596 0
54.99999999999623 31.49999999998657 0
54.99999999999677 31.9999999999872 0
54.99999999999732 32.49999999998899 0
54.99999999999788 32.99999999999119 0
54.99999999999841 33.49999999999338 0
54.99999999999896 33.99999999999559 0
54.9999999999995 34.4999999999978 0
55.99999999996402 0.499999999999643 0
55.99999999996454 0.9999999999992741 0
55.99999999996506 1.499999999998827 0
55.99999999996558 1.999999999998368 0
55.99999999996611 2.499999999997908 0
55.99999999996662 2.999999999997448 0
55.99999999996714 3.49999999999699 0
55.99999999996767 3.999999999996531 0
55.9999999999682 4.499999999996071 0
55.99999999996872 4.999999999995614 0
55.99999999996924 5.499999999995156 0
55.99999999996976 5.999999999994695 0
55.99999999997029 6.499999999994239 0
55.99999999997081 6.999999999993781 0
55.99999999997132 7.499999999993323 0
55.99999999997186 7.999999999992802 0
55.99999999997236 8.499999999991635 0
55.99999999997289 8.999999999990287 0
55.99999999997341 9.499999999988937 0
55.99999999997394 9.999999999987592 0
55.99999999997446 10.49999999998625 0
55.99999999997498 10.9999999999849 0
55.99999999997549 11.49999999998355 0
55.99999999997601 11.9999999999822 0
55.99999999997654 12.49999999998086 0
55.99999999997706 12.99999999997951 0
55.9999999999776 13.49999999997816 0
55.99999999997812 13.99999999997681 0
55.99999999997863 14.49999999997547 0
55.99999999997915 14.99999999997411 0
55.99999999997966 15.49999999997277 0
55.99999999998019 15.99999999997142 0
55.99999999998073 16.49999999997008 0
55.99999999998126 16.99999999996873 0
55.99999999998177 17.49999999996766 0
55.99999999998228 17.99999999996806 0
55.9999999999828 18.49999999996874 0
55.99999999998334 18.99999999996943 0
55.99999999998386 19.49999999997011 0
55.99999999998437 19.9999999999708 0
55.99999999998489 20.49999999997148 0
55.99999999998542 20.99999999997216 0
55.99999999998595 21.49999999997284 0
55.99999999998647 21.99999999997352 0
55.999999999987 22.4999999999742 0
55.99999999998751 22.99999999997488 0
55.99999999998803 23.49999999997556 0
55.99999999998855 23.99999999997624 0
55.99999999998909 24.49999999997693 0
55.9999999999896 24.99999999997761 0
55.99999999999013 25.49999999997829 0
55.99999999999065 25.99999999997898 0
55.99999999999118 26.49999999997966 0
55.99999999999169 26.99999999998034 0
55.99999999999221 27.49999999998102 0
55.99999999999274 27.99999999998171 0
55.99999999999326 28.49999999998239 0
55.99999999999378 28.99999999998307 0
55.99999999999429 29.49999999998376 0
55.99999999999483 29.99999999998444 0
55.99999999999534 30.49999999998512 0
55.99999999999586 30.9999999999858 0
55.99999999999639 31.49999999998648 0
55.9999999999969 31.99999999998717 0
55.99999999999744 32.49999999998897 0
55.99999999999796 32.99999999999119 0
55.99999999999847 33.49999999999338 0
55.99999999999901 33.99999999999559 0
55.99999999999952 34.49999999999781 0
56.9999999999655 0.4999999999995985 0
56.999999999966 0.9999999999991858 0
56.9999999999665 1.499999999998692 0
56.999999999967 1.999999999998187 0
56.99999999996751 2.499999999997681 0
56.999999999968 2.999999999997176 0
56.99999999996851 3.499999999996671 0
56.99999999996901 3.999999999996166 0
56.9999999999695 4.49999999999566 0
56.99999999997001 4.999999999995158 0
56.99999999997053 5.499999999994653 0
56.99999999997102 5.999999999994148 0
56.9999999999715 6.499999999993644 0
56.999999999972 6.999999999993142 0
56.99999999997252 7.499999999992635 0
56.99999999997303 7.999999999992067 0
56.99999999997351 8.499999999990845 0
56.99999999997402 8.999999999989431 0
56.99999999997451 9.499999999988022 0
56.99999999997502 9.999999999986612 0
56.99999999997551 10.4999999999852 0
56.99999999997603 10.99999999998379 0
56.99999999997652 11.49999999998239 0
56.99999999997702 11.99999999998098 0
56.99999999997753 12.49999999997957 0
56.99999999997803 12.99999999997816 0
56.99999999997851 13.49999999997675 0
56.99999999997901 13.99999999997534 0
56.99999999997952 14.49999999997393 0
56.99999999998001 14.99999999997252 0
56.99999999998052 15.49999999997111 0
56.99999999998102 15.9999999999697 0
56.99999999998152 16.49999999996829 0
56.99999999998202 16.99999999996688 0
56.99999999998253 17.49999999996577 0
56.99999999998301 17.99999999996622 0
56.99999999998352 18.49999999996697 0
56.99999999998402 18.99999999996772 0
56.99999999998452 19.49999999996847 0
56.99999999998502 19.99999999996921 0
56.99999999998552 20.49999999996995 0
56.99999999998602 20.99999999997071 0
56.99999999998654 21.49999999997145 0
56.99999999998703 21.9999999999722 0
56.99999999998753 22.49999999997294 0
56.99999999998801 22.99999999997369 0
56.99999999998852 23.49999999997444 0
56.99999999998902 23.99999999997519 0
56.99999999998952 24.49999999997593 0
56.99999999999001 24.99999999997668 0
56.99999999999054 25.49999999997742 0
56.99999999999103 25.99999999997817 0
56.99999999999154 26.49999999997892 0
56.99999999999203 26.99999999997967 0
56.99999999999253 27.49999999998041 0
56.99999999999304 27.99999999998117 0
56.99999999999353 28.49999999998191 0
56.99999999999403 28.99999999998266 0
56.99999999999453 29.4999999999834 0
56.99999999999504 29.99999999998415 0
56.99999999999554 30.4999999999849 0
56.99999999999602 30.99999999998564 0
56.99999999999654 31.49999999998639 0
56.99999999999703 31.99999999998714 0
56.99999999999754 32.49999999998897 0
56.99999999999802 32.99999999999117 0
56.99999999999853 33.49999999999338 0
56.99999999999904 33.99999999999557 0
56.99999999999952 34.4999999999978 0
57.99999999996701 0.4999999999995544 0
57.9999999999675 0.9999999999990972 0
57.99999999996799 1.499999999998558 0
57.99999999996845 1.999999999998006 0
57.99999999996894 2.499999999997455 0
57.99999999996942 2.999999999996903 0
57.9999999999699 3.499999999996352 0
57.99999999997037 3.999999999995802 0
57.99999999997084 4.499999999995249 0
57.99999999997134 4.999999999994699 0
57.99999999997179 5.49999999999415 0
57.99999999997229 5.999999999993597 0
57.99999999997276 6.49999999999305 0
57.99999999997323 6.999999999992499 0
57.99999999997372 7.499999999991949 0
57.99999999997421 7.999999999991333 0
57.99999999997469 8.499999999990049 0
57.99999999997515 8.999999999988578 0
57.99999999997564 9.499999999987105 0
57.99999999997611 9.999999999985636 0
57.99999999997659 10.49999999998416 0
57.99999999997708 10.99999999998269 0
57.99999999997755 11.49999999998122 0
57.99999999997802 11.99999999997975 0
57.9999999999785 12.49999999997828 0
57.99999999997898 12.99999999997681 0
57.99999999997946 13.49999999997534 0
57.99999999997993 13.99999999997387 0
57.99999999998042 14.49999999997239 0
57.99999999998089 14.99999999997092 0
57.99999999998137 15.49999999996945 0
57.99999999998185 15.99999999996798 0
57.99999999998232 16.49999999996651 0
57.99999999998282 16.99999999996503 0
57.9999999999833 17.49999999996388 0
57.99999999998376 17.99999999996438 0
57.99999999998424 18.49999999996519 0
57.99999999998474 18.999999999966 0
57.99999999998521 19.49999999996682 0
57.99999999998569 19.99999999996763 0
57.99999999998617 20.49999999996844 0
57.99999999998663 20.99999999996925 0
57.99999999998712 21.49999999997006 0
57.99999999998759 21.99999999997087 0
57.99999999998808 22.49999999997168 0
57.99999999998856 22.99999999997249 0
57.99999999998903 23.4999999999733 0
57.99999999998951 23.99999999997412 0
57.99999999999 24.49999999997493 0
57.99999999999046 24.99999999997574 0
57.99999999999095 25.49999999997655 0
57.99999999999143 25.99999999997737 0
57.9999999999919 26.49999999997818 0
57.99999999999238 26.99999999997899 0
57.99999999999287 27.4999999999798 0
57.99999999999335 27.99999999998061 0
57.99999999999382 28.49999999998142 0
57.9999999999943 28.99999999998224 0
57.99999999999476 29.49999999998306 0
57.99999999999525 29.99999999998387 0
57.99999999999574 30.49999999998468 0
57.99999999999621 30.99999999998549 0
57.99999999999669 31.4999999999863 0
57.99999999999717 31.99999999998712 0
57.99999999999766 32.49999999998897 0
57.99999999999812 32.99999999999116 0
57.9999999999986 33.49999999999338 0
57.99999999999908 33.99999999999558 0
57.99999999999956 34.49999999999779 0
58.99999999996854 0.4999999999995099 0
58.99999999996897 0.9999999999990083 0
58.99999999996944 1.499999999998423 0
58.99999999996989 1.999999999997826 0
58.99999999997034 2.499999999997228 0
58.99999999997081 2.99999999999663 0
58.99999999997126 3.499999999996034 0
58.99999999997173 3.999999999995437 0
58.99999999997218 4.499999999994841 0
58.99999999997264 4.999999999994243 0
58.9999999999731 5.499999999993648 0
58.99999999997355 5.99999999999305 0
58.999999999974 6.499999999992454 0
58.99999999997446 6.99999999999186 0
58.99999999997492 7.499999999991262 0
58.99999999997537 7.9999999999906 0
58.99999999997583 8.499999999989257 0
58.99999999997628 8.99999999998772 0
58.99999999997675 9.499999999986187 0
58.99999999997721 9.999999999984658 0
58.99999999997766 10.49999999998312 0
58.99999999997812 10.99999999998159 0
58.99999999997858 11.49999999998006 0
58.99999999997902 11.99999999997852 0
58.99999999997947 12.49999999997699 0
58.99999999997995 12.99999999997546 0
58.9999999999804 13.49999999997392 0
58.99999999998086 13.99999999997239 0
58.99999999998131 14.49999999997086 0
58.99999999998178 14.99999999996932 0
58.99999999998222 15.49999999996779 0
58.99999999998268 15.99999999996626 0
58.99999999998315 16.49999999996472 0
58.99999999998359 16.99999999996319 0
58.99999999998406 17.49999999996199 0
58.99999999998451 17.99999999996253 0
58.99999999998496 18.49999999996341 0
58.99999999998542 18.9999999999643 0
58.99999999998587 19.49999999996517 0
58.99999999998634 19.99999999996604 0
58.9999999999868 20.49999999996692 0
58.99999999998725 20.9999999999678 0
58.99999999998771 21.49999999996867 0
58.99999999998816 21.99999999996955 0
58.99999999998861 22.49999999997042 0
58.99999999998907 22.9999999999713 0
58.99999999998953 23.49999999997218 0
58.99999999998998 23.99999999997306 0
58.99999999999046 24.49999999997393 0
58.99999999999092 24.99999999997481 0
58.99999999999137 25.49999999997569 0
58.99999999999183 25.99999999997656 0
58.99999999999228 26.49999999997744 0
58.99999999999274 26.99999999997832 0
58.99999999999319 27.4999999999792 0
58.99999999999365 27.99999999998007 0
58.9999999999941 28.49999999998094 0
58.99999999999456 28.99999999998183 0
58.999999999995 29.4999999999827 0
58.99999999999546 29.99999999998358 0
58.99999999999592 30.49999999998445 0
58.99999999999638 30.99999999998533 0
58.99999999999683 31.49999999998622 0
58.9999999999973 31.9999999999871 0
58.99999999999775 32.49999999998896 0
58.99999999999822 32.99999999999116 0
58.99999999999868 33.49999999999338 0
58.99999999999913 33.99999999999558 0
58.99999999999958 34.49999999999779 0
59.99999999997002 0.4999999999994658 0
59.99999999997045 0.9999999999989195 0
59.9999999999709 1.499999999998288 0
59.99999999997134 1.999999999997645 0
59.99999999997176 2.499999999997002 0
59.99999999997219 2.999999999996358 0
59.99999999997263 3.499999999995715 0
59.99999999997307 3.999999999995071 0
59.99999999997348 4.499999999994428 0
59.99999999997393 4.999999999993787 0
59.99999999997436 5.499999999993142 0
59.9999999999748 5.9999999999925 0
59.99999999997524 6.499999999991859 0
59.99999999997567 6.999999999991217 0
59.99999999997609 7.499999999990573 0
59.99999999997654 7.999999999989864 0
59.99999999997699 8.499999999988464 0
59.99999999997742 8.999999999986866 0
59.99999999997785 9.499999999985272 0
59.99999999997829 9.999999999983677 0
59.99999999997873 10.49999999998208 0
59.99999999997917 10.99999999998049 0
59.99999999997959 11.49999999997889 0
59.99999999998003 11.9999999999773 0
59.99999999998047 12.4999999999757 0
59.9999999999809 12.99999999997411 0
59.99999999998133 13.49999999997251 0
59.99999999998177 13.99999999997092 0
59.99999999998221 14.49999999996932 0
59.99999999998263 14.99999999996773 0
59.99999999998308 15.49999999996613 0
59.9999999999835 15.99999999996454 0
59.99999999998394 16.49999999996295 0
59.99999999998437 16.99999999996135 0
59.99999999998481 17.4999999999601 0
59.99999999998525 17.99999999996069 0
59.99999999998569 18.49999999996164 0
59.99999999998613 18.99999999996258 0
59.99999999998656 19.49999999996352 0
59.99999999998698 19.99999999996447 0
59.99999999998742 20.49999999996541 0
59.99999999998786 20.99999999996635 0
59.99999999998829 21.49999999996729 0
59.99999999998873 21.99999999996822 0
59.99999999998917 22.49999999996917 0
59.9999999999896 22.99999999997011 0
59.99999999999002 23.49999999997105 0
59.99999999999046 23.999999999972 0
59.99999999999091 24.49999999997294 0
59.99999999999135 24.99999999997387 0
59.99999999999179 25.49999999997482 0
59.99999999999222 25.99999999997576 0
59.99999999999264 26.4999999999767 0
59.99999999999309 26.99999999997764 0
59.99999999999352 27.49999999997858 0
59.99999999999395 27.99999999997953 0
59.99999999999437 28.49999999998047 0
59.99999999999483 28.99999999998141 0
59.99999999999525 29.49999999998235 0
59.99999999999571 29.9999999999833 0
59.99999999999612 30.49999999998424 0
59.99999999999655 30.99999999998517 0
59.999999999997 31.49999999998613 0
59.99999999999743 31.99999999998708 0
59.99999999999787 32.49999999998894 0
59.99999999999829 32.99999999999116 0
59.99999999999873 33.49999999999336 0
59.99999999999917 33.99999999999558 0
59.9999999999996 34.49999999999779 0
60.9999999999715 0.4999999999994214 0
60.99999999997193 0.9999999999988309 0
60.99999999997233 1.499999999998154 0
60.99999999997274 1.999999999997464 0
60.99999999997317 2.499999999996775 0
60.99999999997357 2.999999999996085 0
60.99999999997399 3.499999999995396 0
60.99999999997441 3.999999999994708 0
60.99999999997482 4.499999999994015 0
60.99999999997522 4.99999999999333 0
60.99999999997564 5.49999999999264 0
60.99999999997607 5.999999999991953 0
60.99999999997647 6.499999999991265 0
60.99999999997688 6.999999999990577 0
60.99999999997729 7.499999999989887 0
60.99999999997772 7.99999999998913 0
60.99999999997812 8.499999999987672 0
60.99999999997855 8.999999999986013 0
60.99999999997894 9.49999999998435 0
60.99999999997937 9.9999999999827 0
60.99999999997978 10.49999999998104 0
60.99999999998019 10.99999999997938 0
60.99999999998062 11.49999999997773 0
60.99999999998102 11.99999999997607 0
60.99999999998144 12.49999999997441 0
60.99999999998183 12.99999999997276 0
60.99999999998226 13.4999999999711 0
60.99999999998266 13.99999999996944 0
60.99999999998308 14.49999999996779 0
60.99999999998351 14.99999999996613 0
60.99999999998393 15.49999999996447 0
60.99999999998433 15.99999999996282 0
60.99999999998473 16.49999999996115 0
60.99999999998516 16.99999999995951 0
60.99999999998557 17.49999999995821 0
60.999999999986 17.99999999995885 0
60.99999999998639 18.49999999995986 0
60.9999999999868 18.99999999996086 0
60.99999999998722 19.49999999996187 0
60.99999999998765 19.99999999996288 0
60.99999999998806 20.49999999996389 0
60.99999999998847 20.99999999996489 0
60.99999999998887 21.49999999996589 0
60.99999999998929 21.99999999996691 0
60.99999999998972 22.49999999996791 0
60.99999999999012 22.99999999996891 0
60.99999999999054 23.49999999996992 0
60.99999999999095 23.99999999997093 0
60.99999999999137 24.49999999997194 0
60.99999999999176 24.99999999997294 0
60.9999999999922 25.49999999997395 0
60.9999999999926 25.99999999997495 0
60.99999999999302 26.49999999997596 0
60.99999999999341 26.99999999997697 0
60.99999999999385 27.49999999997797 0
60.99999999999427 27.99999999997899 0
60.99999999999467 28.49999999997999 0
60.99999999999508 28.999999999981 0
60.9999999999955 29.49999999998201 0
60.99999999999591 29.99999999998301 0
60.99999999999632 30.49999999998402 0
60.99999999999675 30.99999999998503 0
60.99999999999715 31.49999999998603 0
60.99999999999757 31.99999999998705 0
60.999999999998 32.49999999998894 0
60.99999999999839 32.99999999999115 0
60.9999999999988 33.49999999999336 0
60.99999999999921 33.99999999999558 0
60.99999999999964 34.49999999999779 0
61.99999999997301 0.4999999999993771 0
61.99999999997338 0.9999999999987421 0
61.99999999997379 1.499999999998019 0
61.99999999997419 1.999999999997284 0
61.99999999997458 2.499999999996548 0
61.99999999997497 2.999999999995812 0
61.99999999997537 3.499999999995078 0
61.99999999997576 3.999999999994342 0
61.99999999997614 4.499999999993607 0
61.99999999997654 4.999999999992873 0
61.99999999997694 5.499999999992138 0
61.99999999997732 5.999999999991402 0
61.99999999997772 6.499999999990669 0
61.9999999999781 6.999999999989935 0
61.99999999997848 7.4999999999892 0
61.99999999997888 7.999999999988397 0
61.99999999997926 8.49999999998688 0
61.99999999997966 8.999999999985157 0
61.99999999998006 9.499999999983435 0
61.99999999998045 9.999999999981723 0
61.99999999998084 10.49999999998 0
61.99999999998123 10.99999999997828 0
61.99999999998164 11.49999999997656 0
61.99999999998201 11.99999999997485 0
61.99999999998241 12.49999999997313 0
61.9999999999828 12.99999999997141 0
61.9999999999832 13.49999999996969 0
61.99999999998359 13.99999999996797 0
61.99999999998398 14.49999999996625 0
61.99999999998436 14.99999999996453 0
61.99999999998477 15.49999999996282 0
61.99999999998516 15.99999999996109 0
61.99999999998554 16.49999999995938 0
61.99999999998593 16.99999999995766 0
61.99999999998633 17.49999999995632 0
61.99999999998672 17.99999999995701 0
61.99999999998712 18.49999999995809 0
61.99999999998749 18.99999999995915 0
61.9999999999879 19.49999999996022 0
61.99999999998828 19.9999999999613 0
61.99999999998869 20.49999999996237 0
61.99999999998906 20.99999999996344 0
61.99999999998947 21.49999999996451 0
61.99999999998985 21.99999999996558 0
61.99999999999024 22.49999999996665 0
61.99999999999065 22.99999999996773 0
61.99999999999104 23.4999999999688 0
61.99999999999141 23.99999999996986 0
61.99999999999181 24.49999999997094 0
61.99999999999221 24.99999999997201 0
61.99999999999258 25.49999999997307 0
61.99999999999299 25.99999999997415 0
61.99999999999337 26.49999999997522 0
61.99999999999377 26.9999999999763 0
61.99999999999417 27.49999999997737 0
61.99999999999456 27.99999999997844 0
61.99999999999496 28.4999999999795 0
61.99999999999532 28.99999999998058 0
61.99999999999573 29.49999999998166 0
61.99999999999611 29.99999999998272 0
61.9999999999965 30.4999999999838 0
61.9999999999969 30.99999999998487 0
61.99999999999729 31.49999999998594 0
61.99999999999768 31.99999999998703 0
61.99999999999807 32.49999999998894 0
61.99999999999847 32.99999999999115 0
61.99999999999886 33.49999999999335 0
61.99999999999926 33.99999999999558 0
61.99999999999966 34.49999999999778 0
62.99999999997453 0.4999999999993328 0
62.99999999997488 0.9999999999986535 0
62.99999999997525 1.499999999997885 0
62.99999999997564 1.999999999997103 0
62.999999999976 2.499999999996322 0
62.99999999997638 2.99999999999554 0
62.99999999997674 3.499999999994758 0
62.99999999997711 3.999999999993977 0
62.99999999997748 4.499999999993196 0
62.99999999997785 4.999999999992415 0
62.9999999999782 5.499999999991637 0
62.99999999997859 5.999999999990855 0
62.99999999997896 6.499999999990075 0
62.99999999997932 6.999999999989294 0
62.99999999997971 7.499999999988512 0
62.99999999998008 7.999999999987661 0
62.99999999998044 8.499999999986084 0
62.9999999999808 8.999999999984301 0
62.99999999998118 9.499999999982517 0
62.99999999998154 9.999999999980743 0
62.99999999998192 10.49999999997896 0
62.99999999998229 10.99999999997718 0
62.99999999998266 11.4999999999754 0
62.99999999998303 11.99999999997362 0
62.99999999998339 12.49999999997184 0
62.99999999998376 12.99999999997006 0
62.99999999998414 13.49999999996827 0
62.99999999998452 13.99999999996649 0
62.99999999998487 14.49999999996471 0
62.99999999998524 14.99999999996293 0
62.99999999998562 15.49999999996115 0
62.99999999998599 15.99999999995937 0
62.99999999998636 16.49999999995759 0
62.99999999998672 16.99999999995581 0
62.99999999998709 17.49999999995443 0
62.99999999998746 17.99999999995517 0
62.99999999998783 18.49999999995631 0
62.99999999998819 18.99999999995744 0
62.99999999998857 19.49999999995858 0
62.99999999998894 19.99999999995972 0
62.99999999998931 20.49999999996085 0
62.99999999998968 20.99999999996198 0
62.99999999999005 21.49999999996312 0
62.99999999999041 21.99999999996426 0
62.99999999999078 22.49999999996539 0
62.99999999999115 22.99999999996653 0
62.99999999999152 23.49999999996766 0
62.99999999999189 23.9999999999688 0
62.99999999999226 24.49999999996994 0
62.99999999999265 24.99999999997107 0
62.999999999993 25.49999999997221 0
62.99999999999338 25.99999999997335 0
62.99999999999374 26.49999999997448 0
62.99999999999411 26.99999999997562 0
62.99999999999449 27.49999999997676 0
62.99999999999486 27.9999999999779 0
62.99999999999522 28.49999999997904 0
62.99999999999559 28.99999999998018 0
62.99999999999596 29.49999999998131 0
62.99999999999633 29.99999999998245 0
62.99999999999672 30.49999999998359 0
62.99999999999708 30.99999999998472 0
62.99999999999743 31.49999999998586 0
62.9999999999978 31.999999999987 0
62.99999999999819 32.49999999998894 0
62.99999999999856 32.99999999999113 0
62.99999999999893 33.49999999999336 0
62.9999999999993 33.99999999999558 0
62.99999999999967 34.49999999999778 0
63.99999999997601 0.4999999999992885 0
63.99999999997638 0.9999999999985647 0
63.99999999997672 1.49999999999775 0
63.99999999997707 1.999999999996922 0
63.99999999997742 2.499999999996094 0
63.99999999997775 2.999999999995267 0
63.99999999997809 3.49999999999444 0
63.99999999997844 3.999999999993613 0
63.99999999997881 4.499999999992785 0
63.99999999997915 4.999999999991959 0
63.99999999997949 5.499999999991132 0
63.99999999997985 5.999999999990304 0
63.9999999999802 6.499999999989479 0
63.99999999998055 6.999999999988654 0
63.99999999998088 7.499999999987827 0
63.99999999998124 7.999999999986928 0
63.99999999998159 8.49999999998529 0
63.99999999998194 8.999999999983448 0
63.99999999998228 9.499999999981602 0
63.99999999998262 9.99999999997976 0
63.99999999998298 10.49999999997792 0
63.99999999998334 10.99999999997608 0
63.99999999998367 11.49999999997423 0
63.99999999998404 11.9999999999724 0
63.99999999998437 12.49999999997055 0
63.99999999998472 12.99999999996871 0
63.99999999998508 13.49999999996687 0
63.99999999998541 13.99999999996502 0
63.99999999998575 14.49999999996318 0
63.99999999998609 14.99999999996133 0
63.99999999998646 15.4999999999595 0
63.99999999998681 15.99999999995765 0
63.99999999998716 16.49999999995581 0
63.9999999999875 16.99999999995396 0
63.99999999998785 17.49999999995254 0
63.9999999999882 17.99999999995332 0
63.99999999998856 18.49999999995453 0
63.99999999998889 18.99999999995573 0
63.99999999998924 19.49999999995693 0
63.99999999998959 19.99999999995813 0
63.99999999998993 20.49999999995933 0
63.99999999999029 20.99999999996054 0
63.99999999999064 21.49999999996173 0
63.99999999999099 21.99999999996294 0
63.99999999999134 22.49999999996414 0
63.99999999999169 22.99999999996533 0
63.99999999999202 23.49999999996654 0
63.99999999999238 23.99999999996773 0
63.99999999999273 24.49999999996894 0
63.99999999999308 24.99999999997014 0
63.99999999999341 25.49999999997134 0
63.99999999999378 25.99999999997254 0
63.99999999999412 26.49999999997375 0
63.99999999999447 26.99999999997495 0
63.99999999999481 27.49999999997615 0
63.99999999999515 27.99999999997735 0
63.9999999999955 28.49999999997855 0
63.99999999999586 28.99999999997975 0
63.99999999999621 29.49999999998096 0
63.99999999999655 29.99999999998216 0
63.99999999999689 30.49999999998336 0
63.99999999999726 30.99999999998457 0
63.9999999999976 31.49999999998576 0
63.99999999999794 31.99999999998697 0
63.9999999999983 32.49999999998891 0
63.99999999999864 32.99999999999113 0
63.99999999999898 33.49999999999336 0
63.99999999999932 33.99999999999557 0
63.99999999999967 34.49999999999778 0
64.99999999997749 0.4999999999992442 0
64.99999999997783 0.9999999999984761 0
64.99999999997814 1.499999999997616 0
64.99999999997848 1.999999999996742 0
64.9999999999788 2.499999999995868 0
64.99999999997912 2.999999999994994 0
64.99999999997945 3.499999999994121 0
64.99999999997978 3.999999999993247 0
64.99999999998013 4.499999999992375 0
64.99999999998045 4.999999999991503 0
64.99999999998076 5.499999999990629 0
64.9999999999811 5.999999999989756 0
64.99999999998141 6.499999999988884 0
64.99999999998175 6.999999999988011 0
64.99999999998207 7.499999999987137 0
64.99999999998241 7.999999999986194 0
64.99999999998272 8.4999999999845 0
64.99999999998303 8.999999999982592 0
64.9999999999834 9.499999999980686 0
64.99999999998371 9.999999999978785 0
64.99999999998403 10.49999999997688 0
64.99999999998437 10.99999999997498 0
64.99999999998468 11.49999999997307 0
64.99999999998502 11.99999999997116 0
64.99999999998532 12.49999999996926 0
64.99999999998568 12.99999999996736 0
64.99999999998599 13.49999999996545 0
64.99999999998633 13.99999999996355 0
64.99999999998664 14.49999999996164 0
64.99999999998698 14.99999999995974 0
64.9999999999873 15.49999999995783 0
64.99999999998761 15.99999999995593 0
64.99999999998795 16.49999999995402 0
64.99999999998826 16.99999999995212 0
64.9999999999886 17.49999999995065 0
64.99999999998892 17.99999999995148 0
64.99999999998926 18.49999999995275 0
64.99999999998957 18.99999999995401 0
64.99999999998991 19.49999999995529 0
64.99999999999025 19.99999999995655 0
64.99999999999056 20.49999999995782 0
64.99999999999091 20.99999999995908 0
64.99999999999122 21.49999999996035 0
64.99999999999153 21.99999999996161 0
64.99999999999187 22.49999999996287 0
64.99999999999218 22.99999999996415 0
64.9999999999925 23.49999999996541 0
64.99999999999284 23.99999999996668 0
64.99999999999318 24.49999999996795 0
64.99999999999349 24.99999999996921 0
64.99999999999383 25.49999999997048 0
64.99999999999415 25.99999999997174 0
64.99999999999447 26.49999999997301 0
64.99999999999478 26.99999999997427 0
64.99999999999514 27.49999999997554 0
64.99999999999545 27.9999999999768 0
64.99999999999579 28.49999999997807 0
64.99999999999611 28.99999999997934 0
64.99999999999645 29.49999999998061 0
64.99999999999675 29.99999999998187 0
64.99999999999706 30.49999999998314 0
64.99999999999741 30.99999999998441 0
64.99999999999775 31.49999999998568 0
64.99999999999807 31.99999999998694 0
64.99999999999839 32.49999999998891 0
64.99999999999871 32.99999999999113 0
64.99999999999906 33.49999999999336 0
64.99999999999937 33.99999999999557 0
64.9999999999997 34.49999999999778 0
65.999999999979 0.4999999999991998 0
65.99999999997931 0.9999999999983873 0
65.99999999997962 1.499999999997481 0
65.99999999997991 1.999999999996561 0
65.99999999998022 2.499999999995642 0
65.99999999998055 2.999999999994722 0
65.99999999998084 3.499999999993803 0
65.99999999998116 3.999999999992883 0
65.99999999998144 4.499999999991963 0
65.99999999998174 4.999999999991045 0
65.99999999998207 5.499999999990127 0
65.99999999998238 5.999999999989205 0
65.99999999998269 6.49999999998829 0
65.99999999998296 6.99999999998737 0
65.99999999998329 7.499999999986452 0
65.9999999999836 7.999999999985459 0
65.99999999998388 8.499999999983705 0
65.9999999999842 8.999999999981735 0
65.9999999999845 9.499999999979769 0
65.99999999998479 9.999999999977808 0
65.99999999998511 10.49999999997584 0
65.99999999998542 10.99999999997387 0
65.9999999999857 11.49999999997191 0
65.99999999998602 11.99999999996994 0
65.99999999998631 12.49999999996798 0
65.99999999998664 12.99999999996601 0
65.99999999998694 13.49999999996404 0
65.99999999998722 13.99999999996207 0
65.99999999998755 14.49999999996011 0
65.99999999998784 14.99999999995814 0
65.99999999998815 15.49999999995617 0
65.99999999998846 15.9999999999542 0
65.99999999998877 16.49999999995224 0
65.99999999998906 16.99999999995028 0
65.99999999998937 17.49999999994876 0
65.99999999998968 17.99999999994964 0
65.99999999998997 18.49999999995097 0
65.99999999999028 18.9999999999523 0
65.99999999999059 19.49999999995364 0
65.99999999999088 19.99999999995497 0
65.99999999999119 20.4999999999563 0
65.9999999999915 20.99999999995762 0
65.99999999999179 21.49999999995896 0
65.99999999999213 21.99999999996029 0
65.99999999999241 22.49999999996161 0
65.99999999999272 22.99999999996295 0
65.99999999999304 23.49999999996428 0
65.99999999999332 23.99999999996561 0
65.99999999999363 24.49999999996694 0
65.99999999999395 24.99999999996827 0
65.99999999999423 25.4999999999696 0
65.99999999999453 25.99999999997094 0
65.99999999999486 26.49999999997227 0
65.99999999999514 26.9999999999736 0
65.99999999999545 27.49999999997492 0
65.99999999999577 27.99999999997627 0
65.99999999999606 28.49999999997759 0
65.99999999999639 28.99999999997892 0
65.99999999999667 29.49999999998025 0
65.99999999999699 29.99999999998159 0
65.9999999999973 30.49999999998292 0
65.99999999999758 30.99999999998425 0
65.9999999999979 31.49999999998558 0
65.9999999999982 31.99999999998692 0
65.99999999999849 32.49999999998891 0
65.99999999999881 32.99999999999112 0
65.99999999999912 33.49999999999334 0
65.9999999999994 33.99999999999557 0
65.99999999999974 34.49999999999778 0
66.9999999999805 0.4999999999991556 0
66.99999999998079 0.9999999999982985 0
66.9999999999811 1.499999999997346 0
66.99999999998137 1.999999999996381 0
66.99999999998165 2.499999999995414 0
66.99999999998194 2.999999999994449 0
66.99999999998222 3.499999999993483 0
66.99999999998251 3.999999999992518 0
66.99999999998279 4.499999999991552 0
66.99999999998305 4.99999999999059 0
66.99999999998332 5.499999999989622 0
66.99999999998361 5.999999999988658 0
66.9999999999839 6.499999999987693 0
66.9999999999842 6.99999999998673 0
66.99999999998447 7.499999999985764 0
66.99999999998475 7.999999999984723 0
66.99999999998504 8.499999999982915 0
66.99999999998531 8.999999999980881 0
66.99999999998559 9.499999999978852 0
66.99999999998589 9.999999999976827 0
66.99999999998619 10.4999999999748 0
66.99999999998644 10.99999999997277 0
66.99999999998674 11.49999999997074 0
66.99999999998703 11.99999999996871 0
66.99999999998731 12.49999999996669 0
66.99999999998759 12.99999999996466 0
66.99999999998786 13.49999999996263 0
66.99999999998815 13.9999999999606 0
66.99999999998845 14.49999999995858 0
66.9999999999887 14.99999999995654 0
66.99999999998899 15.49999999995451 0
66.99999999998926 15.99999999995249 0
66.99999999998956 16.49999999995045 0
66.99999999998984 16.99999999994843 0
66.99999999999012 17.49999999994687 0
66.99999999999039 17.9999999999478 0
66.99999999999069 18.49999999994919 0
66.99999999999096 18.99999999995059 0
66.99999999999126 19.49999999995199 0
66.99999999999153 19.99999999995338 0
66.99999999999181 20.49999999995478 0
66.99999999999211 20.99999999995617 0
66.9999999999924 21.49999999995757 0
66.99999999999267 21.99999999995897 0
66.99999999999297 22.49999999996036 0
66.99999999999325 22.99999999996176 0
66.99999999999353 23.49999999996316 0
66.99999999999378 23.99999999996455 0
66.99999999999409 24.49999999996594 0
66.99999999999437 24.99999999996734 0
66.99999999999464 25.49999999996873 0
66.99999999999494 25.99999999997013 0
66.99999999999521 26.49999999997153 0
66.9999999999955 26.99999999997292 0
66.99999999999578 27.49999999997432 0
66.99999999999606 27.99999999997573 0
66.99999999999635 28.49999999997712 0
66.99999999999663 28.99999999997851 0
66.99999999999692 29.49999999997991 0
66.9999999999972 29.9999999999813 0
66.99999999999748 30.49999999998271 0
66.99999999999775 30.99999999998409 0
66.99999999999805 31.49999999998548 0
66.99999999999831 31.9999999999869 0
66.99999999999859 32.49999999998889 0
66.99999999999888 32.99999999999112 0
66.99999999999915 33.49999999999334 0
66.99999999999943 33.99999999999555 0
66.99999999999973 34.49999999999778 0
67.99999999998198 0.4999999999991112 0
67.99999999998226 0.9999999999982099 0
67.99999999998252 1.499999999997212 0
67.99999999998279 1.9999999999962 0
67.99999999998307 2.499999999995188 0
67.99999999998332 2.999999999994176 0
67.99999999998356 3.499999999993165 0
67.99999999998383 3.999999999992154 0
67.99999999998408 4.499999999991141 0
67.99999999998435 4.999999999990131 0
67.99999999998464 5.499999999989121 0
67.99999999998489 5.999999999988109 0
67.99999999998515 6.499999999987101 0
67.99999999998539 6.999999999986089 0
67.99999999998565 7.499999999985077 0
67.99999999998592 7.999999999983991 0
67.9999999999862 8.499999999982119 0
67.99999999998646 8.99999999998003 0
67.9999999999867 9.499999999977936 0
67.99999999998697 9.999999999975847 0
67.99999999998722 10.49999999997375 0
67.99999999998749 10.99999999997167 0
67.99999999998774 11.49999999996958 0
67.99999999998802 11.99999999996748 0
67.99999999998826 12.49999999996539 0
67.99999999998853 12.99999999996331 0
67.99999999998877 13.49999999996122 0
67.99999999998906 13.99999999995913 0
67.99999999998931 14.49999999995704 0
67.99999999998957 14.99999999995494 0
67.99999999998984 15.49999999995285 0
67.9999999999901 15.99999999995076 0
67.99999999999037 16.49999999994867 0
67.99999999999064 16.99999999994659 0
67.99999999999089 17.49999999994498 0
67.99999999999113 17.99999999994596 0
67.9999999999914 18.49999999994741 0
67.99999999999167 18.99999999994888 0
67.99999999999194 19.49999999995034 0
67.9999999999922 19.9999999999518 0
67.99999999999244 20.49999999995326 0
67.99999999999271 20.99999999995472 0
67.99999999999299 21.49999999995618 0
67.99999999999321 21.99999999995764 0
67.99999999999349 22.4999999999591 0
67.99999999999375 22.99999999996055 0
67.999999999994 23.49999999996203 0
67.9999999999943 23.99999999996349 0
67.99999999999456 24.49999999996495 0
67.9999999999948 24.9999999999664 0
67.99999999999505 25.49999999996786 0
67.99999999999532 25.99999999996933 0
67.99999999999558 26.49999999997079 0
67.99999999999586 26.99999999997225 0
67.99999999999611 27.49999999997371 0
67.99999999999636 27.99999999997517 0
67.99999999999663 28.49999999997664 0
67.99999999999689 28.9999999999781 0
67.99999999999714 29.49999999997956 0
67.99999999999741 29.99999999998102 0
67.99999999999766 30.49999999998248 0
67.99999999999794 30.99999999998394 0
67.9999999999982 31.4999999999854 0
67.99999999999845 31.99999999998687 0
67.99999999999874 32.49999999998888 0
67.99999999999895 32.9999999999911 0
67.99999999999925 33.49999999999333 0
67.9999999999995 33.99999999999555 0
67.99999999999976 34.49999999999778 0
68.9999999999835 0.4999999999990669 0
68.99999999998374 0.9999999999981213 0
68.999999999984 1.499999999997077 0
68.99999999998423 1.999999999996019 0
68.99999999998445 2.499999999994961 0
68.99999999998474 2.999999999993904 0
68.99999999998495 3.499999999992846 0
68.99999999998518 3.99999999999179 0
68.99999999998542 4.49999999999073 0
68.99999999998565 4.999999999989676 0
68.9999999999859 5.499999999988617 0
68.99999999998613 5.99999999998756 0
68.99999999998637 6.499999999986504 0
68.9999999999866 6.999999999985446 0
68.99999999998683 7.499999999984392 0
68.9999999999871 7.999999999983256 0
68.99999999998732 8.49999999998133 0
68.99999999998757 8.99999999997917 0
68.99999999998784 9.499999999977017 0
68.99999999998806 9.999999999974872 0
68.99999999998829 10.49999999997272 0
68.99999999998853 10.99999999997056 0
68.99999999998877 11.49999999996841 0
68.999999999989 11.99999999996626 0
68.99999999998926 12.49999999996411 0
68.99999999998951 12.99999999996196 0
68.99999999998974 13.4999999999598 0
68.99999999998995 13.99999999995765 0
68.99999999999019 14.4999999999555 0
68.99999999999045 14.99999999995335 0
68.99999999999068 15.4999999999512 0
68.99999999999093 15.99999999994904 0
68.99999999999116 16.49999999994689 0
68.99999999999142 16.99999999994474 0
68.99999999999164 17.49999999994309 0
68.9999999999919 17.99999999994412 0
68.99999999999213 18.49999999994564 0
68.99999999999235 18.99999999994716 0
68.99999999999258 19.49999999994869 0
68.99999999999284 19.99999999995022 0
68.99999999999309 20.49999999995174 0
68.99999999999332 20.99999999995327 0
68.99999999999355 21.4999999999548 0
68.9999999999938 21.99999999995632 0
68.99999999999403 22.49999999995784 0
68.99999999999429 22.99999999995937 0
68.99999999999451 23.4999999999609 0
68.99999999999476 23.99999999996242 0
68.999999999995 24.49999999996395 0
68.99999999999521 24.99999999996547 0
68.99999999999548 25.499999999967 0
68.99999999999571 25.99999999996852 0
68.99999999999594 26.49999999997005 0
68.99999999999619 26.99999999997158 0
68.99999999999645 27.4999999999731 0
68.99999999999667 27.99999999997463 0
68.9999999999969 28.49999999997615 0
68.99999999999716 28.99999999997769 0
68.99999999999739 29.4999999999792 0
68.99999999999761 29.99999999998073 0
68.99999999999787 30.49999999998226 0
68.99999999999808 30.99999999998378 0
68.99999999999832 31.49999999998532 0
68.99999999999858 31.99999999998684 0
68.99999999999882 32.49999999998888 0
68.99999999999906 32.9999999999911 0
68.99999999999929 33.49999999999333 0
68.9999999999995 33.99999999999554 0
68.99999999999977 34.49999999999778 0
69.99999999998502 0.4999999999990226 0
69.99999999998523 0.9999999999980327 0
69.99999999998543 1.499999999996942 0
69.99999999998563 1.999999999995839 0
69.99999999998589 2.499999999994734 0
69.99999999998609 2.99999999999363 0
69.99999999998631 3.499999999992527 0
69.99999999998653 3.999999999991425 0
69.99999999998677 4.499999999990322 0
69.999999999987 4.999999999989218 0
69.9999999999872 5.499999999988115 0
69.99999999998739 5.999999999987011 0
69.99999999998762 6.499999999985911 0
69.99999999998785 6.999999999984807 0
69.99999999998803 7.499999999983702 0
69.99999999998828 7.999999999982521 0
69.99999999998847 8.499999999980535 0
69.9999999999887 8.999999999978318 0
69.99999999998892 9.499999999976103 0
69.99999999998913 9.999999999973893 0
69.99999999998936 10.49999999997167 0
69.99999999998958 10.99999999996946 0
69.9999999999898 11.49999999996725 0
69.99999999999001 11.99999999996503 0
69.99999999999022 12.49999999996282 0
69.99999999999044 12.99999999996061 0
69.99999999999065 13.49999999995839 0
69.99999999999088 13.99999999995618 0
69.99999999999109 14.49999999995396 0
69.99999999999132 14.99999999995175 0
69.99999999999152 15.49999999994953 0
69.99999999999174 15.99999999994732 0
69.99999999999197 16.4999999999451 0
69.9999999999922 16.99999999994289 0
69.9999999999924 17.4999999999412 0
69.99999999999262 17.99999999994227 0
69.99999999999285 18.49999999994386 0
69.99999999999305 18.99999999994545 0
69.99999999999328 19.49999999994704 0
69.99999999999351 19.99999999994863 0
69.9999999999937 20.49999999995022 0
69.99999999999393 20.99999999995181 0
69.99999999999413 21.4999999999534 0
69.99999999999436 21.99999999995499 0
69.99999999999459 22.49999999995659 0
69.99999999999478 22.99999999995818 0
69.999999999995 23.49999999995977 0
69.99999999999524 23.99999999996136 0
69.99999999999547 24.49999999996295 0
69.99999999999567 24.99999999996454 0
69.99999999999589 25.49999999996613 0
69.99999999999609 25.99999999996772 0
69.99999999999631 26.49999999996931 0
69.99999999999655 26.9999999999709 0
69.99999999999677 27.49999999997249 0
69.99999999999697 27.99999999997409 0
69.9999999999972 28.49999999997567 0
69.9999999999974 28.99999999997727 0
69.99999999999763 29.49999999997886 0
69.99999999999785 29.99999999998045 0
69.99999999999804 30.49999999998204 0
69.99999999999828 30.99999999998363 0
69.99999999999851 31.49999999998522 0
69.99999999999871 31.99999999998682 0
69.99999999999893 32.49999999998888 0
69.99999999999916 32.9999999999911 0
69.99999999999936 33.49999999999333 0
69.99999999999956 33.99999999999554 0
69.99999999999979 34.49999999999778 0
70.9999999999865 0.4999999999989782 0
70.99999999998668 0.9999999999979436 0
70.99999999998691 1.499999999996807 0
70.99999999998711 1.999999999995658 0
70.99999999998731 2.499999999994508 0
70.99999999998749 2.999999999993358 0
70.99999999998766 3.499999999992209 0
70.99999999998788 3.999999999991059 0
70.99999999998805 4.499999999989909 0
70.99999999998828 4.999999999988762 0
70.99999999998846 5.499999999987612 0
70.99999999998867 5.999999999986462 0
70.99999999998886 6.499999999985313 0
70.99999999998903 6.999999999984164 0
70.99999999998924 7.499999999983016 0
70.99999999998944 7.999999999981789 0
70.99999999998964 8.499999999979742 0
70.99999999998984 8.999999999977465 0
70.99999999999002 9.499999999975186 0
70.99999999999022 9.999999999972912 0
70.99999999999044 10.49999999997064 0
70.99999999999059 10.99999999996836 0
70.99999999999081 11.49999999996608 0
70.999999999991 11.99999999996381 0
70.9999999999912 12.49999999996153 0
70.99999999999139 12.99999999995926 0
70.99999999999159 13.49999999995698 0
70.99999999999179 13.9999999999547 0
70.99999999999196 14.49999999995243 0
70.9999999999922 14.99999999995015 0
70.99999999999237 15.49999999994787 0
70.99999999999255 15.9999999999456 0
70.99999999999275 16.49999999994332 0
70.99999999999297 16.99999999994105 0
70.99999999999315 17.49999999993931 0
70.99999999999332 17.99999999994043 0
70.99999999999355 18.49999999994208 0
70.99999999999372 18.99999999994374 0
70.99999999999396 19.49999999994539 0
70.99999999999412 19.99999999994706 0
70.99999999999432 20.49999999994871 0
70.99999999999453 20.99999999995036 0
70.99999999999471 21.49999999995202 0
70.99999999999491 21.99999999995367 0
70.99999999999513 22.49999999995533 0
70.99999999999532 22.99999999995698 0
70.99999999999551 23.49999999995864 0
70.99999999999568 23.99999999996029 0
70.99999999999588 24.49999999996195 0
70.99999999999609 24.99999999996361 0
70.99999999999629 25.49999999996526 0
70.99999999999648 25.99999999996692 0
70.99999999999667 26.49999999996857 0
70.99999999999687 26.99999999997023 0
70.99999999999709 27.49999999997188 0
70.99999999999729 27.99999999997354 0
70.99999999999748 28.4999999999752 0
70.99999999999766 28.99999999997685 0
70.99999999999787 29.49999999997851 0
70.99999999999804 29.99999999998015 0
70.99999999999825 30.49999999998182 0
70.99999999999845 30.99999999998347 0
70.99999999999865 31.49999999998513 0
70.99999999999885 31.99999999998679 0
70.99999999999901 32.49999999998887 0
70.99999999999925 32.99999999999109 0
70.99999999999942 33.49999999999333 0
70.99999999999962 33.99999999999555 0
70.99999999999982 34.49999999999778 0
71.99999999998801 0.499999999998934 0
71.99999999998815 0.999999999997855 0
71.99999999998836 1.499999999996673 0
71.9999999999885 1.999999999995477 0
71.99999999998869 2.499999999994281 0
71.99999999998889 2.999999999993086 0
71.99999999998904 3.49999999999189 0
71.99999999998921 3.999999999990695 0
71.9999999999894 4.499999999989498 0
71.99999999998957 4.999999999988305 0
71.99999999998971 5.499999999987108 0
71.99999999998992 5.999999999985913 0
71.9999999999901 6.49999999998472 0
71.99999999999025 6.999999999983524 0
71.99999999999045 7.499999999982329 0
71.99999999999061 7.999999999981053 0
71.99999999999078 8.499999999978948 0
71.99999999999098 8.999999999976609 0
71.99999999999113 9.499999999974269 0
71.99999999999132 9.999999999971932 0
71.99999999999149 10.4999999999696 0
71.99999999999164 10.99999999996726 0
71.99999999999181 11.49999999996492 0
71.999999999992 11.99999999996258 0
71.99999999999216 12.49999999996024 0
71.99999999999234 12.99999999995791 0
71.99999999999253 13.49999999995556 0
71.9999999999927 13.99999999995323 0
71.99999999999288 14.49999999995089 0
71.99999999999305 14.99999999994855 0
71.99999999999324 15.49999999994622 0
71.99999999999338 15.99999999994388 0
71.99999999999358 16.49999999994153 0
71.99999999999376 16.9999999999392 0
71.99999999999392 17.49999999993742 0
71.99999999999409 17.99999999993859 0
71.99999999999426 18.4999999999403 0
71.99999999999443 18.99999999994203 0
71.99999999999461 19.49999999994375 0
71.99999999999478 19.99999999994547 0
71.99999999999497 20.49999999994719 0
71.99999999999515 20.99999999994891 0
71.99999999999532 21.49999999995063 0
71.99999999999548 21.99999999995235 0
71.99999999999565 22.49999999995406 0
71.99999999999582 22.99999999995579 0
71.99999999999599 23.49999999995752 0
71.99999999999619 23.99999999995923 0
71.99999999999638 24.49999999996096 0
71.99999999999653 24.99999999996267 0
71.99999999999672 25.49999999996439 0
71.99999999999687 25.99999999996611 0
71.99999999999706 26.49999999996783 0
71.99999999999721 26.99999999996955 0
71.9999999999974 27.49999999997127 0
71.99999999999757 27.999999999973 0
71.99999999999774 28.49999999997472 0
71.9999999999979 28.99999999997644 0
71.99999999999811 29.49999999997817 0
71.99999999999827 29.99999999997987 0
71.99999999999844 30.4999999999816 0
71.99999999999861 30.99999999998331 0
71.99999999999879 31.49999999998505 0
71.99999999999898 31.99999999998676 0
71.99999999999916 32.49999999998885 0
71.99999999999933 32.99999999999109 0
71.9999999999995 33.49999999999333 0
71.99999999999967 33.99999999999555 0
71.99999999999984 34.49999999999778 0
72.99999999998953 0.4999999999988896 0
72.99999999998967 0.9999999999977662 0
72.99999999998981 1.499999999996538 0
72.99999999998998 1.999999999995297 0
72.99999999999011 2.499999999994055 0
72.99999999999025 2.999999999992813 0
72.99999999999044 3.499999999991572 0
72.99999999999058 3.99999999999033 0
72.99999999999072 4.499999999989088 0
72.99999999999089 4.999999999987847 0
72.99999999999103 5.499999999986606 0
72.99999999999118 5.999999999985366 0
72.99999999999135 6.499999999984124 0
72.99999999999149 6.999999999982883 0
72.99999999999166 7.499999999981642 0
72.99999999999181 7.999999999980318 0
72.99999999999196 8.499999999978154 0
72.99999999999208 8.999999999975751 0
72.99999999999226 9.499999999973353 0
72.99999999999241 9.999999999970958 0
72.99999999999254 10.49999999996855 0
72.9999999999927 10.99999999996616 0
72.99999999999285 11.49999999996375 0
72.99999999999301 11.99999999996136 0
72.99999999999316 12.49999999995895 0
72.99999999999332 12.99999999995656 0
72.99999999999345 13.49999999995416 0
72.99999999999363 13.99999999995175 0
72.99999999999378 14.49999999994936 0
72.9999999999939 14.99999999994695 0
72.99999999999409 15.49999999994456 0
72.99999999999426 15.99999999994215 0
72.99999999999439 16.49999999993975 0
72.99999999999453 16.99999999993735 0
72.9999999999947 17.49999999993553 0
72.99999999999484 17.99999999993674 0
72.99999999999498 18.49999999993853 0
72.99999999999515 18.99999999994031 0
72.9999999999953 19.49999999994209 0
72.99999999999544 19.99999999994389 0
72.99999999999559 20.49999999994567 0
72.99999999999577 20.99999999994746 0
72.99999999999588 21.49999999994924 0
72.99999999999606 21.99999999995103 0
72.99999999999621 22.49999999995281 0
72.99999999999635 22.9999999999546 0
72.9999999999965 23.49999999995638 0
72.99999999999666 23.99999999995817 0
72.99999999999685 24.49999999995995 0
72.99999999999697 24.99999999996174 0
72.99999999999714 25.49999999996353 0
72.99999999999727 25.99999999996531 0
72.99999999999743 26.49999999996709 0
72.99999999999757 26.99999999996888 0
72.99999999999771 27.49999999997067 0
72.99999999999788 27.99999999997246 0
72.99999999999805 28.49999999997423 0
72.9999999999982 28.99999999997602 0
72.99999999999834 29.49999999997781 0
72.99999999999851 29.99999999997959 0
72.99999999999865 30.49999999998138 0
72.99999999999881 30.99999999998317 0
72.99999999999896 31.49999999998495 0
72.9999999999991 31.99999999998674 0
72.99999999999925 32.49999999998884 0
72.99999999999942 32.99999999999108 0
72.99999999999956 33.49999999999331 0
72.9999999999997 33.99999999999555 0
72.99999999999987 34.49999999999778 0
73.999999999991 0.4999999999988453 0
73.99999999999115 0.9999999999976776 0
73.99999999999129 1.499999999996403 0
73.99999999999137 1.999999999995116 0
73.99999999999152 2.499999999993828 0
73.99999999999164 2.999999999992539 0
73.99999999999177 3.499999999991252 0
73.99999999999194 3.999999999989964 0
73.99999999999206 4.499999999988676 0
73.99999999999217 4.99999999998739 0
73.99999999999231 5.499999999986104 0
73.99999999999245 5.999999999984816 0
73.99999999999257 6.49999999998353 0
73.99999999999271 6.999999999982242 0
73.99999999999285 7.499999999980956 0
73.99999999999297 7.999999999979584 0
73.99999999999311 8.49999999997736 0
73.99999999999322 8.9999999999749 0
73.99999999999336 9.499999999972436 0
73.99999999999348 9.999999999969978 0
73.99999999999363 10.49999999996752 0
73.99999999999375 10.99999999996505 0
73.99999999999389 11.49999999996259 0
73.99999999999403 11.99999999996013 0
73.99999999999416 12.49999999995766 0
73.99999999999427 12.99999999995521 0
73.9999999999944 13.49999999995274 0
73.99999999999451 13.99999999995028 0
73.99999999999467 14.49999999994782 0
73.99999999999478 14.99999999994535 0
73.99999999999491 15.4999999999429 0
73.99999999999507 15.99999999994044 0
73.99999999999518 16.49999999993797 0
73.9999999999953 16.99999999993551 0
73.99999999999544 17.49999999993364 0
73.99999999999558 17.9999999999349 0
73.99999999999569 18.49999999993675 0
73.99999999999585 18.9999999999386 0
73.99999999999599 19.49999999994045 0
73.99999999999609 19.9999999999423 0
73.99999999999623 20.49999999994415 0
73.99999999999635 20.999999999946 0
73.99999999999649 21.49999999994785 0
73.99999999999663 21.99999999994971 0
73.99999999999675 22.49999999995155 0
73.99999999999689 22.9999999999534 0
73.99999999999699 23.49999999995525 0
73.99999999999716 23.9999999999571 0
73.99999999999729 24.49999999995895 0
73.9999999999974 24.9999999999608 0
73.99999999999754 25.49999999996266 0
73.99999999999768 25.99999999996451 0
73.9999999999978 26.49999999996636 0
73.99999999999794 26.99999999996821 0
73.99999999999805 27.49999999997006 0
73.9999999999982 27.99999999997191 0
73.99999999999829 28.49999999997376 0
73.99999999999847 28.99999999997561 0
73.99999999999859 29.49999999997746 0
73.99999999999871 29.99999999997931 0
73.99999999999882 30.49999999998116 0
73.99999999999899 30.99999999998301 0
73.9999999999991 31.49999999998486 0
73.99999999999923 31.99999999998672 0
73.99999999999937 32.49999999998885 0
73.9999999999995 32.99999999999108 0
73.99999999999962 33.49999999999331 0
73.99999999999973 33.99999999999554 0
73.9999999999999 34.49999999999778 0
74.99999999999251 0.499999999998801 0
74.99999999999262 0.999999999997589 0
74.99999999999274 1.499999999996269 0
74.99999999999284 1.999999999994935 0
74.99999999999294 2.499999999993602 0
74.99999999999304 2.999999999992268 0
74.99999999999316 3.499999999990934 0
74.99999999999328 3.9999999999896 0
74.99999999999339 4.499999999988266 0
74.99999999999351 4.999999999986934 0
74.99999999999359 5.4999999999856 0
74.9999999999937 5.999999999984267 0
74.99999999999383 6.499999999982933 0
74.99999999999392 6.9999999999816 0
74.99999999999405 7.499999999980266 0
74.99999999999416 7.999999999978851 0
74.99999999999424 8.499999999976568 0
74.99999999999436 8.999999999974044 0
74.99999999999447 9.49999999997152 0
74.99999999999459 9.999999999968995 0
74.99999999999467 10.49999999996647 0
74.9999999999948 10.99999999996395 0
74.9999999999949 11.49999999996143 0
74.99999999999501 11.9999999999589 0
74.99999999999511 12.49999999995638 0
74.99999999999521 12.99999999995385 0
74.99999999999535 13.49999999995133 0
74.99999999999542 13.99999999994881 0
74.99999999999555 14.49999999994628 0
74.99999999999565 14.99999999994376 0
74.99999999999579 15.49999999994123 0
74.99999999999589 15.99999999993871 0
74.99999999999598 16.49999999993618 0
74.99999999999608 16.99999999993366 0
74.99999999999621 17.49999999993175 0
74.99999999999632 17.99999999993306 0
74.99999999999639 18.49999999993497 0
74.99999999999652 18.99999999993688 0
74.99999999999663 19.4999999999388 0
74.99999999999675 19.99999999994072 0
74.99999999999686 20.49999999994263 0
74.99999999999697 20.99999999994455 0
74.99999999999709 21.49999999994646 0
74.99999999999717 21.99999999994838 0
74.99999999999727 22.49999999995029 0
74.99999999999739 22.99999999995221 0
74.9999999999975 23.49999999995412 0
74.99999999999763 23.99999999995604 0
74.99999999999771 24.49999999995796 0
74.99999999999783 24.99999999995988 0
74.99999999999794 25.49999999996178 0
74.99999999999804 25.9999999999637 0
74.99999999999817 26.49999999996562 0
74.99999999999824 26.99999999996754 0
74.99999999999841 27.49999999996945 0
74.99999999999848 27.99999999997136 0
74.99999999999859 28.49999999997328 0
74.99999999999868 28.9999999999752 0
74.99999999999879 29.49999999997712 0
74.99999999999892 29.99999999997902 0
74.99999999999902 30.49999999998094 0
74.99999999999913 30.99999999998286 0
74.99999999999925 31.49999999998477 0
74.99999999999936 31.99999999998669 0
74.99999999999947 32.49999999998884 0
74.99999999999959 32.99999999999108 0
74.99999999999966 33.4999999999933 0
74.99999999999979 33.99999999999554 0
74.9999999999999 34.49999999999778 0
75.99999999999403 0.4999999999987568 0
75.99999999999409 0.9999999999975002 0
75.9999999999942 1.499999999996135 0
75.99999999999429 1.999999999994754 0
75.99999999999434 2.499999999993375 0
75.99999999999443 2.999999999991994 0
75.99999999999454 3.499999999990615 0
75.99999999999463 3.999999999989235 0
75.99999999999471 4.499999999987855 0
75.9999999999948 4.999999999986476 0
75.99999999999488 5.499999999985095 0
75.99999999999497 5.999999999983717 0
75.99999999999505 6.49999999998234 0
75.99999999999514 6.999999999980959 0
75.99999999999523 7.499999999979581 0
75.99999999999528 7.999999999978115 0
75.9999999999954 8.499999999975778 0
75.99999999999548 8.999999999973188 0
75.99999999999557 9.499999999970603 0
75.99999999999562 9.999999999968017 0
75.99999999999574 10.49999999996543 0
75.99999999999585 10.99999999996285 0
75.99999999999591 11.49999999996026 0
75.99999999999599 11.99999999995768 0
75.99999999999611 12.49999999995509 0
75.99999999999616 12.9999999999525 0
75.99999999999628 13.49999999994992 0
75.99999999999633 13.99999999994733 0
75.99999999999645 14.49999999994475 0
75.9999999999965 14.99999999994216 0
75.99999999999662 15.49999999993958 0
75.99999999999667 15.99999999993699 0
75.99999999999679 16.4999999999344 0
75.99999999999687 16.99999999993182 0
75.99999999999696 17.49999999992986 0
75.99999999999704 17.99999999993121 0
75.99999999999713 18.4999999999332 0
75.99999999999721 18.99999999993518 0
75.9999999999973 19.49999999993715 0
75.99999999999741 19.99999999993915 0
75.99999999999747 20.49999999994112 0
75.99999999999758 20.9999999999431 0
75.99999999999764 21.49999999994508 0
75.99999999999775 21.99999999994706 0
75.99999999999784 22.49999999994903 0
75.99999999999793 22.99999999995101 0
75.99999999999801 23.499999999953 0
75.9999999999981 23.99999999995498 0
75.99999999999818 24.49999999995696 0
75.99999999999827 24.99999999995893 0
75.99999999999835 25.49999999996092 0
75.99999999999844 25.9999999999629 0
75.99999999999852 26.49999999996488 0
75.99999999999861 26.99999999996686 0
75.99999999999869 27.49999999996885 0
75.99999999999878 27.99999999997082 0
75.99999999999886 28.4999999999728 0
75.99999999999895 28.99999999997479 0
75.99999999999903 29.49999999997676 0
75.99999999999912 29.99999999997874 0
75.99999999999923 30.49999999998073 0
75.99999999999929 30.9999999999827 0
75.9999999999994 31.49999999998468 0
75.99999999999949 31.99999999998666 0
75.99999999999957 32.49999999998882 0
75.99999999999966 32.99999999999106 0
75.99999999999974 33.4999999999933 0
75.99999999999983 33.99999999999553 0
75.99999999999991 34.49999999999776 0
76.9999999999955 0.4999999999987124 0
76.99999999999558 0.9999999999974116 0
76.99999999999561 1.499999999996 0
76.99999999999569 1.999999999994574 0
76.99999999999578 2.499999999993147 0
76.99999999999585 2.999999999991723 0
76.99999999999588 3.499999999990296 0
76.99999999999598 3.999999999988871 0
76.99999999999601 4.499999999987444 0
76.99999999999609 4.999999999986021 0
76.99999999999619 5.499999999984595 0
76.99999999999621 5.999999999983169 0
76.99999999999629 6.499999999981743 0
76.99999999999635 6.99999999998032 0
76.99999999999643 7.499999999978893 0
76.99999999999649 7.999999999977382 0
76.99999999999656 8.499999999974985 0
76.9999999999966 8.999999999972335 0
76.99999999999669 9.499999999969686 0
76.99999999999676 9.999999999967043 0
76.99999999999682 10.49999999996439 0
76.99999999999689 10.99999999996175 0
76.99999999999696 11.4999999999591 0
76.999999999997 11.99999999995645 0
76.99999999999707 12.4999999999538 0
76.99999999999712 12.99999999995116 0
76.99999999999719 13.49999999994851 0
76.99999999999727 13.99999999994586 0
76.99999999999731 14.49999999994321 0
76.9999999999974 14.99999999994056 0
76.99999999999747 15.49999999993792 0
76.99999999999751 15.99999999993527 0
76.99999999999758 16.49999999993262 0
76.99999999999766 16.99999999992997 0
76.99999999999771 17.49999999992796 0
76.99999999999777 17.99999999992937 0
76.99999999999785 18.49999999993142 0
76.99999999999791 18.99999999993346 0
76.99999999999795 19.49999999993551 0
76.99999999999805 19.99999999993755 0
76.99999999999811 20.4999999999396 0
76.99999999999818 20.99999999994165 0
76.99999999999827 21.49999999994369 0
76.99999999999832 21.99999999994573 0
76.99999999999838 22.49999999994778 0
76.99999999999842 22.99999999994982 0
76.99999999999851 23.49999999995187 0
76.99999999999856 23.99999999995391 0
76.99999999999865 24.49999999995596 0
76.99999999999872 24.999999999958 0
76.99999999999876 25.49999999996004 0
76.99999999999882 25.99999999996209 0
76.99999999999888 26.49999999996414 0
76.99999999999896 26.99999999996618 0
76.99999999999902 27.49999999996823 0
76.9999999999991 27.99999999997028 0
76.99999999999916 28.49999999997232 0
76.99999999999923 28.99999999997437 0
76.99999999999928 29.49999999997642 0
76.99999999999937 29.99999999997846 0
76.99999999999943 30.4999999999805 0
76.99999999999947 30.99999999998255 0
76.99999999999956 31.49999999998459 0
76.99999999999962 31.99999999998664 0
76.99999999999967 32.49999999998882 0
76.99999999999973 32.99999999999106 0
76.99999999999979 33.4999999999933 0
76.99999999999987 33.99999999999552 0
76.99999999999996 34.49999999999776 0
77.99999999999703 0.4999999999986681 0
77.99999999999704 0.999999999997323 0
77.9999999999971 1.499999999995865 0
77.99999999999717 1.999999999994393 0
77.9999999999972 2.499999999992922 0
77.99999999999721 2.999999999991449 0
77.99999999999729 3.499999999989977 0
77.99999999999731 3.999999999988505 0
77.99999999999737 4.499999999987035 0
77.9999999999974 4.999999999985562 0
77.99999999999743 5.49999999998409 0
77.99999999999751 5.999999999982619 0
77.99999999999754 6.49999999998115 0
77.9999999999976 6.999999999979677 0
77.99999999999761 7.499999999978206 0
77.99999999999766 7.999999999976648 0
77.99999999999768 8.49999999997419 0
77.99999999999775 8.999999999971479 0
77.99999999999778 9.499999999968768 0
77.99999999999784 9.999999999966061 0
77.9999999999979 10.49999999996335 0
77.99999999999793 10.99999999996064 0
77.99999999999797 11.49999999995793 0
77.99999999999801 11.99999999995522 0
77.99999999999804 12.49999999995251 0
77.99999999999808 12.9999999999498 0
77.99999999999812 13.49999999994709 0
77.9999999999982 13.99999999994438 0
77.99999999999824 14.49999999994168 0
77.99999999999827 14.99999999993897 0
77.99999999999831 15.49999999993626 0
77.99999999999835 15.99999999993355 0
77.99999999999839 16.49999999993084 0
77.99999999999845 16.99999999992813 0
77.99999999999851 17.49999999992608 0
77.99999999999854 17.99999999992753 0
77.99999999999856 18.49999999992964 0
77.99999999999864 18.99999999993175 0
77.99999999999865 19.49999999993386 0
77.99999999999871 19.99999999993597 0
77.99999999999874 20.49999999993808 0
77.99999999999879 20.99999999994019 0
77.99999999999881 21.4999999999423 0
77.99999999999889 21.99999999994441 0
77.99999999999891 22.49999999994652 0
77.99999999999896 22.99999999994863 0
77.99999999999902 23.49999999995074 0
77.99999999999905 23.99999999995285 0
77.99999999999912 24.49999999995496 0
77.99999999999913 24.99999999995707 0
77.99999999999919 25.49999999995918 0
77.99999999999923 25.99999999996129 0
77.99999999999928 26.4999999999634 0
77.9999999999993 26.99999999996551 0
77.99999999999936 27.49999999996762 0
77.99999999999939 27.99999999996973 0
77.9999999999994 28.49999999997184 0
77.99999999999947 28.99999999997395 0
77.99999999999953 29.49999999997606 0
77.9999999999996 29.99999999997817 0
77.99999999999959 30.49999999998028 0
77.99999999999964 30.99999999998239 0
77.99999999999972 31.4999999999845 0
77.99999999999972 31.99999999998662 0
77.99999999999979 32.49999999998882 0
77.99999999999982 32.99999999999105 0
77.99999999999989 33.4999999999933 0
77.99999999999993 33.99999999999552 0
77.99999999999994 34.49999999999776 0
78.99999999999854 0.4999999999986237 0
78.99999999999855 0.999999999997234 0
78.99999999999856 1.499999999995731 0
78.99999999999856 1.999999999994213 0
78.99999999999862 2.499999999992695 0
78.99999999999861 2.999999999991177 0
78.99999999999868 3.499999999989658 0
78.99999999999865 3.99999999998814 0
78.99999999999866 4.499999999986623 0
78.99999999999869 4.999999999985105 0
78.99999999999874 5.499999999983587 0
78.99999999999876 5.999999999982071 0
78.99999999999876 6.499999999980553 0
78.99999999999879 6.999999999979036 0
78.99999999999882 7.49999999997752 0
78.99999999999882 7.999999999975913 0
78.99999999999885 8.499999999973397 0
78.99999999999888 8.999999999970626 0
78.99999999999886 9.499999999967853 0
78.99999999999893 9.99999999996508 0
78.99999999999893 10.49999999996231 0
78.99999999999896 10.99999999995954 0
78.99999999999899 11.49999999995676 0
78.99999999999903 11.999999999954 0
78.99999999999903 12.49999999995123 0
78.99999999999905 12.99999999994845 0
78.99999999999908 13.49999999994568 0
78.9999999999991 13.99999999994291 0
78.99999999999909 14.49999999994014 0
78.99999999999915 14.99999999993737 0
78.99999999999916 15.4999999999346 0
78.99999999999916 15.99999999993182 0
78.99999999999919 16.49999999992905 0
78.99999999999922 16.99999999992628 0
78.99999999999925 17.49999999992419 0
78.99999999999926 17.99999999992568 0
78.99999999999929 18.49999999992786 0
78.99999999999932 18.99999999993003 0
78.99999999999932 19.4999999999322 0
78.99999999999932 19.9999999999344 0
78.99999999999939 20.49999999993657 0
78.99999999999939 20.99999999993873 0
78.99999999999942 21.49999999994091 0
78.99999999999945 21.99999999994309 0
78.99999999999943 22.49999999994526 0
78.99999999999947 22.99999999994744 0
78.9999999999995 23.49999999994962 0
78.99999999999952 23.99999999995179 0
78.99999999999956 24.49999999995396 0
78.99999999999957 24.99999999995614 0
78.99999999999959 25.49999999995831 0
78.99999999999962 25.99999999996049 0
78.99999999999962 26.49999999996266 0
78.99999999999966 26.99999999996483 0
78.99999999999966 27.49999999996701 0
78.9999999999997 27.99999999996919 0
78.99999999999973 28.49999999997136 0
78.99999999999973 28.99999999997354 0
78.99999999999976 29.49999999997571 0
78.99999999999977 29.99999999997788 0
78.99999999999982 30.49999999998006 0
78.99999999999984 30.99999999998223 0
78.99999999999984 31.4999999999844 0
78.99999999999987 31.99999999998659 0
78.9999999999999 32.49999999998881 0
78.9999999999999 32.99999999999105 0
78.99999999999996 33.4999999999933 0
78.99999999999996 33.99999999999552 0
78.99999999999999 34.49999999999776 0
$EndNodes
$Elements
5 5900 1 5900
1 1 1 80
1 1 5 
2 5 6 
3 6 7 
4 7 8 
5 8 9 
6 9 10 
7 10 11 
8 11 12 
9 12 13 
10 13 14 
11 14 15 
12 15 16 
13 16 17 
14 17 18 
15 18 19 
16 19 20 
17 20 21 
18 21 22 
19 22 23 
20 23 24 
21 24 25 
22 25 26 
23 26 27 
24 27 28 
25 28 29 
26 29 30 
27 30 31 
28 31 32 
29 32 33 
30 33 34 
31 34 35 
32 35 36 
33 36 37 
34 37 38 
35 38 39 
36 39 40 
37 40 41 
38 41 42 
39 42 43 
40 43 44 
41 44 45 
42 45 46 
43 46 47 
44 47 48 
45 48 49 
46 49 50 
47 50 51 
48 51 52 
49 52 53 
50 53 54 
51 54 55 
52 55 56 
53 56 57 
54 57 58 
55 58 59 
56 59 60 
57 60 61 
58 61 62 
59 62 63 
60 63 64 
61 64 65 
62 65 66 
63 66 67 
64 67 68 
65 68 69 
66 69 70 
67 70 71 
68 71 72 
69 72 73 
70 73 74 
71 74 75 
72 75 76 
73 76 77 
74 77 78 
75 78 79 
76 79 80 
77 80 81 
78 81 82 
79 82 83 
80 83 2 
1 2 1 70
81 2 84 
82 84 85 
83 85 86 
84 86 87 
85 87 88 
86 88 89 
87 89 90 
88 90 91 
89 91 92 
90 92 93 
91 93 94 
92 94 95 
93 95 96 
94 96 97 
95 97 98 
96 98 99 
97 99 100 
98 100 101 
99 101 102 
100 102 103 
101 103 104 
102 104 105 
103 105 106 
104 106 107 
105 107 108 
106 108 109 
107 109 110 
108 110 111 
109 111 112 
110 112 113 
111 113 114 
112 114 115 
113 115 116 
114 116 117 
115 117 118 
116 118 119 
117 119 120 
118 120 121 
119 121 122 
120 122 123 
121 123 124 
122 124 125 
123 125 126 
124 126 127 
125 127 128 
126 128 129 
127 129 130 
128 130 131 
129 131 132 
130 132 133 
131 133 134 
132 134 135 
133 135 136 
134 136 137 
135 137 138 
136 138 139 
137 139 140 
138 140 141 
139 141 142 
140 142 143 
141 143 144 
142 144 145 
143 145 146 
144 146 147 
145 147 148 
146 148 149 
147 149 150 
148 150 151 
149 151 152 
150 152 3 
1 3 1 80
151 3 153 
152 153 154 
153 154 155 
154 155 156 
155 156 157 
156 157 158 
157 158 159 
158 159 160 
159 160 161 
160 161 162 
161 162 163 
162 163 164 
163 164 165 
164 165 166 
165 166 167 
166 167 168 
167 168 169 
168 169 170 
169 170 171 
170 171 172 
171 172 173 
172 173 174 
173 174 175 
174 175 176 
175 176 177 
176 177 178 
177 178 179 
178 179 180 
179 180 181 
180 181 182 
181 182 183 
182 183 184 
183 184 185 
184 185 186 
185 186 187 
186 187 188 
187 188 189 
188 189 190 
189 190 191 
190 191 192 
191 192 193 
192 193 194 
193 194 195 
194 195 196 
195 196 197 
196 197 198 
197 198 199 
198 199 200 
199 200 201 
200 201 202 
201 202 203 
202 203 204 
203 204 205 
204 205 206 
205 206 207 
206 207 208 
207 208 209 
208 209 210 
209 210 211 
210 211 212 
211 212 213 
212 213 214 
213 214 215 
214 215 216 
215 216 217 
216 217 218 
217 218 219 
218 219 220 
219 220 221 
220 221 222 
221 222 223 
222 223 224 
223 224 225 
224 225 226 
225 226 227 
226 227 228 
227 228 229 
228 229 230 
229 230 231 
230 231 4 
1 4 1 70
231 4 232 
232 232 233 
233 233 234 
234 234 235 
235 235 236 
236 236 237 
237 237 238 
238 238 239 
239 239 240 
240 240 241 
241 241 242 
242 242 243 
243 243 244 
244 244 245 
245 245 246 
246 246 247 
247 247 248 
248 248 249 
249 249 250 
250 250 251 
251 251 252 
252 252 253 
253 253 254 
254 254 255 
255 255 256 
256 256 257 
257 257 258 
258 258 259 
259 259 260 
260 260 261 
261 261 262 
262 262 263 
263 263 264 
264 264 265 
265 265 266 
266 266 267 
267 267 268 
268 268 269 
269 269 270 
270 270 271 
271 271 272 
272 272 273 
273 273 274 
274 274 275 
275 275 276 
276 276 277 
277 277 278 
278 278 279 
279 279 280 
280 280 281 
281 281 282 
282 282 283 
283 283 284 
284 284 285 
285 285 286 
286 286 287 
287 287 288 
288 288 289 
289 289 290 
290 290 291 
291 291 292 
292 292 293 
293 293 294 
294 294 295 
295 295 296 
296 296 297 
297 297 298 
298 298 299 
299 299 300 
300 300 1 
2 1 3 5600
301 1 5 301 300 
302 300 301 302 299 
303 299 302 303 298 
304 298 303 304 297 
305 297 304 305 296 
306 296 305 306 295 
307 295 306 307 294 
308 294 307 308 293 
309 293 308 309 292 
310 292 309 310 291 
311 291 310 311 290 
312 290 311 312 289 
313 289 312 313 288 
314 288 313 314 287 
315 287 314 315 286 
316 286 315 316 285 
317 285 316 317 284 
318 284 317 318 283 
319 283 318 319 282 
320 282 319 320 281 
321 281 320 321 280 
322 280 321 322 279 
323 279 322 323 278 
324 278 323 324 277 
325 277 324 325 276 
326 276 325 326 275 
327 275 326 327 274 
328 274 327 328 273 
329 273 328 329 272 
330 272 329 330 271 
331 271 330 331 270 
332 270 331 332 269 
333 269 332 333 268 
334 268 333 334 267 
335 267 334 335 266 
336 266 335 336 265 
337 265 336 337 264 
338 264 337 338 263 
339 263 338 339 262 
340 262 339 340 261 
341 261 340 341 260 
342 260 341 342 259 
343 259 342 343 258 
344 258 343 344 257 
345 257 344 345 256 
346 256 345 346 255 
347 255 346 347 254 
348 254 347 348 253 
349 253 348 349 252 
350 252 349 350 251 
351 251 350 351 250 
352 250 351 352 249 
353 249 352 353 248 
354 248 353 354 247 
355 247 354 355 246 
356 246 355 356 245 
357 245 356 357 244 
358 244 357 358 243 
359 243 358 359 242 
360 242 359 360 241 
361 241 360 361 240 
362 240 361 362 239 
363 239 362 363 238 
364 238 363 364 237 
365 237 364 365 236 
366 236 365 366 235 
367 235 366 367 234 
368 234 367 368 233 
369 233 368 369 232 
370 232 369 231 4 
371 5 6 370 301 
372 301 370 371 302 
373 302 371 372 303 
374 303 372 373 304 
375 304 373 374 305 
376 305 374 375 306 
377 306 375 376 307 
378 307 376 377 308 
379 308 377 378 309 
380 309 378 379 310 
381 310 379 380 311 
382 311 380 381 312 
383 312 381 382 313 
384 313 382 383 314 
385 314 383 384 315 
386 315 384 385 316 
387 316 385 386 317 
388 317 386 387 318 
389 318 387 388 319 
390 319 388 389 320 
391 320 389 390 321 
392 321 390 391 322 
393 322 391 392 323 
394 323 392 393 324 
395 324 393 394 325 
396 325 394 395 326 
397 326 395 396 327 
398 327 396 397 328 
399 328 397 398 329 
400 329 398 399 330 
401 330 399 400 331 
402 331 400 401 332 
403 332 401 402 333 
404 333 402 403 334 
405 334 403 404 335 
406 335 404 405 336 
407 336 405 406 337 
408 337 406 407 338 
409 338 407 408 339 
410 339 408 409 340 
411 340 409 410 341 
412 341 410 411 342 
413 342 411 412 343 
414 343 412 413 344 
415 344 413 414 345 
416 345 414 415 346 
417 346 415 416 347 
418 347 416 417 348 
419 348 417 418 349 
420 349 418 419 350 
421 350 419 420 351 
422 351 420 421 352 
423 352 421 422 353 
424 353 422 423 354 
425 354 423 424 355 
426 355 424 425 356 
427 356 425 426 357 
428 357 426 427 358 
429 358 427 428 359 
430 359 428 429 360 
431 360 429 430 361 
432 361 430 431 362 
433 362 431 432 363 
434 363 432 433 364 
435 364 433 434 365 
436 365 434 435 366 
437 366 435 436 367 
438 367 436 437 368 
439 368 437 438 369 
440 369 438 230 231 
441 6 7 439 370 
442 370 439 440 371 
443 371 440 441 372 
444 372 441 442 373 
445 373 442 443 374 
446 374 443 444 375 
447 375 444 445 376 
448 376 445 446 377 
449 377 446 447 378 
450 378 447 448 379 
451 379 448 449 380 
452 380 449 450 381 
453 381 450 451 382 
454 382 451 452 383 
455 383 452 453 384 
456 384 453 454 385 
457 385 454 455 386 
458 386 455 456 387 
459 387 456 457 388 
460 388 457 458 389 
461 389 458 459 390 
462 390 459 460 391 
463 391 460 461 392 
464 392 461 462 393 
465 393 462 463 394 
466 394 463 464 395 
467 395 464 465 396 
468 396 465 466 397 
469 397 466 467 398 
470 398 467 468 399 
471 399 468 469 400 
472 400 469 470 401 
473 401 470 471 402 
474 402 471 472 403 
475 403 472 473 404 
476 404 473 474 405 
477 405 474 475 406 
478 406 475 476 407 
479 407 476 477 408 
480 408 477 478 409 
481 409 478 479 410 
482 410 479 480 411 
483 411 480 481 412 
484 412 481 482 413 
485 413 482 483 414 
486 414 483 484 415 
487 415 484 485 416 
488 416 485 486 417 
489 417 486 487 418 
490 418 487 488 419 
491 419 488 489 420 
492 420 489 490 421 
493 421 490 491 422 
494 422 491 492 423 
495 423 492 493 424 
496 424 493 494 425 
497 425 494 495 426 
498 426 495 496 427 
499 427 496 497 428 
500 428 497 498 429 
501 429 498 499 430 
502 430 499 500 431 
503 431 500 501 432 
504 432 501 502 433 
505 433 502 503 434 
506 434 503 504 435 
507 435 504 505 436 
508 436 505 506 437 
509 437 506 507 438 
510 438 507 229 230 
511 7 8 508 439 
512 439 508 509 440 
513 440 509 510 441 
514 441 510 511 442 
515 442 511 512 443 
516 443 512 513 444 
517 444 513 514 445 
518 445 514 515 446 
519 446 515 516 447 
520 447 516 517 448 
521 448 517 518 449 
522 449 518 519 450 
523 450 519 520 451 
524 451 520 521 452 
525 452 521 522 453 
526 453 522 523 454 
527 454 523 524 455 
528 455 524 525 456 
529 456 525 526 457 
530 457 526 527 458 
531 458 527 528 459 
532 459 528 529 460 
533 460 529 530 461 
534 461 530 531 462 
535 462 531 532 463 
536 463 532 533 464 
537 464 533 534 465 
538 465 534 535 466 
539 466 535 536 467 
540 467 536 537 468 
541 468 537 538 469 
542 469 538 539 470 
543 470 539 540 471 
544 471 540 541 472 
545 472 541 542 473 
546 473 542 543 474 
547 474 543 544 475 
548 475 544 545 476 
549 476 545 546 477 
550 477 546 547 478 
551 478 547 548 479 
552 479 548 549 480 
553 480 549 550 481 
554 481 550 551 482 
555 482 551 552 483 
556 483 552 553 484 
557 484 553 554 485 
558 485 554 555 486 
559 486 555 556 487 
560 487 556 557 488 
561 488 557 558 489 
562 489 558 559 490 
563 490 559 560 491 
564 491 560 561 492 
565 492 561 562 493 
566 493 562 563 494 
567 494 563 564 495 
568 495 564 565 496 
569 496 565 566 497 
570 497 566 567 498 
571 498 567 568 499 
572 499 568 569 500 
573 500 569 570 501 
574 501 570 571 502 
575 502 571 572 503 
576 503 572 573 504 
577 504 573 574 505 
578 505 574 575 506 
579 506 575 576 507 
580 507 576 228 229 
581 8 9 577 508 
582 508 577 578 509 
583 509 578 579 510 
584 510 579 580 511 
585 511 580 581 512 
586 512 581 582 513 
587 513 582 583 514 
588 514 583 584 515 
589 515 584 585 516 
590 516 585 586 517 
591 517 586 587 518 
592 518 587 588 519 
593 519 588 589 520 
594 520 589 590 521 
595 521 590 591 522 
596 522 591 592 523 
597 523 592 593 524 
598 524 593 594 525 
599 525 594 595 526 
600 526 595 596 527 
601 527 596 597 528 
602 528 597 598 529 
603 529 598 599 530 
604 530 599 600 531 
605 531 600 601 532 
606 532 601 602 533 
607 533 602 603 534 
608 534 603 604 535 
609 535 604 605 536 
610 536 605 606 537 
611 537 606 607 538 
612 538 607 608 539 
613 539 608 609 540 
614 540 609 610 541 
615 541 610 611 542 
616 542 611 612 543 
617 543 612 613 544 
618 544 613 614 545 
619 545 614 615 546 
620 546 615 616 547 
621 547 616 617 548 
622 548 617 618 549 
623 549 618 619 550 
624 550 619 620 551 
625 551 620 621 552 
626 552 621 622 553 
627 553 622 623 554 
628 554 623 624 555 
629 555 624 625 556 
630 556 625 626 557 
631 557 626 627 558 
632 558 627 628 559 
633 559 628 629 560 
634 560 629 630 561 
635 561 630 631 562 
636 562 631 632 563 
637 563 632 633 564 
638 564 633 634 565 
639 565 634 635 566 
640 566 635 636 567 
641 567 636 637 568 
642 568 637 638 569 
643 569 638 639 570 
644 570 639 640 571 
645 571 640 641 572 
646 572 641 642 573 
647 573 642 643 574 
648 574 643 644 575 
649 575 644 645 576 
650 576 645 227 228 
651 9 10 646 577 
652 577 646 647 578 
653 578 647 648 579 
654 579 648 649 580 
655 580 649 650 581 
656 581 650 651 582 
657 582 651 652 583 
658 583 652 653 584 
659 584 653 654 585 
660 585 654 655 586 
661 586 655 656 587 
662 587 656 657 588 
663 588 657 658 589 
664 589 658 659 590 
665 590 659 660 591 
666 591 660 661 592 
667 592 661 662 593 
668 593 662 663 594 
669 594 663 664 595 
670 595 664 665 596 
671 596 665 666 597 
672 597 666 667 598 
673 598 667 668 599 
674 599 668 669 600 
675 600 669 670 601 
676 601 670 671 602 
677 602 671 672 603 
678 603 672 673 604 
679 604 673 674 605 
680 605 674 675 606 
681 606 675 676 607 
682 607 676 677 608 
683 608 677 678 609 
684 609 678 679 610 
685 610 679 680 611 
686 611 680 681 612 
687 612 681 682 613 
688 613 682 683 614 
689 614 683 684 615 
690 615 684 685 616 
691 616 685 686 617 
692 617 686 687 618 
693 618 687 688 619 
694 619 688 689 620 
695 620 689 690 621 
696 621 690 691 622 
697 622 691 692 623 
698 623 692 693 624 
699 624 693 694 625 
700 625 694 695 626 
701 626 695 696 627 
702 627 696 697 628 
703 628 697 698 629 
704 629 698 699 630 
705 630 699 700 631 
706 631 700 701 632 
707 632 701 702 633 
708 633 702 703 634 
709 634 703 704 635 
710 635 704 705 636 
711 636 705 706 637 
712 637 706 707 638 
713 638 707 708 639 
714 639 708 709 640 
715 640 709 710 641 
716 641 710 711 642 
717 642 711 712 643 
718 643 712 713 644 
719 644 713 714 645 
720 645 714 226 227 
721 10 11 715 646 
722 646 715 716 647 
723 647 716 717 648 
724 648 717 718 649 
725 649 718 719 650 
726 650 719 720 651 
727 651 720 721 652 
728 652 721 722 653 
729 653 722 723 654 
730 654 723 724 655 
731 655 724 725 656 
732 656 725 726 657 
733 657 726 727 658 
734 658 727 728 659 
735 659 728 729 660 
736 660 729 730 661 
737 661 730 731 662 
738 662 731 732 663 
739 663 732 733 664 
740 664 733 734 665 
741 665 734 735 666 
742 666 735 736 667 
743 667 736 737 668 
744 668 737 738 669 
745 669 738 739 670 
746 670 739 740 671 
747 671 740 741 672 
748 672 741 742 673 
749 673 742 743 674 
750 674 743 744 675 
751 675 744 745 676 
752 676 745 746 677 
753 677 746 747 678 
754 678 747 748 679 
755 679 748 749 680 
756 680 749 750 681 
757 681 750 751 682 
758 682 751 752 683 
759 683 752 753 684 
760 684 753 754 685 
761 685 754 755 686 
762 686 755 756 687 
763 687 756 757 688 
764 688 757 758 689 
765 689 758 759 690 
766 690 759 760 691 
767 691 760 761 692 
768 692 761 762 693 
769 693 762 763 694 
770 694 763 764 695 
771 695 764 765 696 
772 696 765 766 697 
773 697 766 767 698 
774 698 767 768 699 
775 699 768 769 700 
776 700 769 770 701 
777 701 770 771 702 
778 702 771 772 703 
779 703 772 773 704 
780 704 773 774 705 
781 705 774 775 706 
782 706 775 776 707 
783 707 776 777 708 
784 708 777 778 709 
785 709 778 779 710 
786 710 779 780 711 
787 711 780 781 712 
788 712 781 782 713 
789 713 782 783 714 
790 714 783 225 226 
791 11 12 784 715 
792 715 784 785 716 
793 716 785 786 717 
794 717 786 787 718 
795 718 787 788 719 
796 719 788 789 720 
797 720 789 790 721 
798 721 790 791 722 
799 722 791 792 723 
800 723 792 793 724 
801 724 793 794 725 
802 725 794 795 726 
803 726 795 796 727 
804 727 796 797 728 
805 728 797 798 729 
806 729 798 799 730 
807 730 799 800 731 
808 731 800 801 732 
809 732 801 802 733 
810 733 802 803 734 
811 734 803 804 735 
812 735 804 805 736 
813 736 805 806 737 
814 737 806 807 738 
815 738 807 808 739 
816 739 808 809 740 
817 740 809 810 741 
818 741 810 811 742 
819 742 811 812 743 
820 743 812 813 744 
821 744 813 814 745 
822 745 814 815 746 
823 746 815 816 747 
824 747 816 817 748 
825 748 817 818 749 
826 749 818 819 750 
827 750 819 820 751 
828 751 820 821 752 
829 752 821 822 753 
830 753 822 823 754 
831 754 823 824 755 
832 755 824 825 756 
833 756 825 826 757 
834 757 826 827 758 
835 758 827 828 759 
836 759 828 829 760 
837 760 829 830 761 
838 761 830 831 762 
839 762 831 832 763 
840 763 832 833 764 
841 764 833 834 765 
842 765 834 835 766 
843 766 835 836 767 
844 767 836 837 768 
845 768 837 838 769 
846 769 838 839 770 
847 770 839 840 771 
848 771 840 841 772 
849 772 841 842 773 
850 773 842 843 774 
851 774 843 844 775 
852 775 844 845 776 
853 776 845 846 777 
854 777 846 847 778 
855 778 847 848 779 
856 779 848 849 780 
857 780 849 850 781 
858 781 850 851 782 
859 782 851 852 783 
860 783 852 224 225 
861 12 13 853 784 
862 784 853 854 785 
863 785 854 855 786 
864 786 855 856 787 
865 787 856 857 788 
866 788 857 858 789 
867 789 858 859 790 
868 790 859 860 791 
869 791 860 861 792 
870 792 861 862 793 
871 793 862 863 794 
872 794 863 864 795 
873 795 864 865 796 
874 796 865 866 797 
875 797 866 867 798 
876 798 867 868 799 
877 799 868 869 800 
878 800 869 870 801 
879 801 870 871 802 
880 802 871 872 803 
881 803 872 873 804 
882 804 873 874 805 
883 805 874 875 806 
884 806 875 876 807 
885 807 876 877 808 
886 808 877 878 809 
887 809 878 879 810 
888 810 879 880 811 
889 811 880 881 812 
890 812 881 882 813 
891 813 882 883 814 
892 814 883 884 815 
893 815 884 885 816 
894 816 885 886 817 
895 817 886 887 818 
896 818 887 888 819 
897 819 888 889 820 
898 820 889 890 821 
899 821 890 891 822 
900 822 891 892 823 
901 823 892 893 824 
902 824 893 894 825 
903 825 894 895 826 
904 826 895 896 827 
905 827 896 897 828 
906 828 897 898 829 
907 829 898 899 830 
908 830 899 900 831 
909 831 900 901 832 
910 832 901 902 833 
911 833 902 903 834 
912 834 903 904 835 
913 835 904 905 836 
914 836 905 906 837 
915 837 906 907 838 
916 838 907 908 839 
917 839 908 909 840 
918 840 909 910 841 
919 841 910 911 842 
920 842 911 912 843 
921 843 912 913 844 
922 844 913 914 845 
923 845 914 915 846 
924 846 915 916 847 
925 847 916 917 848 
926 848 917 918 849 
927 849 918 919 850 
928 850 919 920 851 
929 851 920 921 852 
930 852 921 223 224 
931 13 14 922 853 
932 853 922 923 854 
933 854 923 924 855 
934 855 924 925 856 
935 856 925 926 857 
936 857 926 927 858 
937 858 927 928 859 
938 859 928 929 860 
939 860 929 930 861 
940 861 930 931 862 
941 862 931 932 863 
942 863 932 933 864 
943 864 933 934 865 
944 865 934 935 866 
945 866 935 936 867 
946 867 936 937 868 
947 868 937 938 869 
948 869 938 939 870 
949 870 939 940 871 
950 871 940 941 872 
951 872 941 942 873 
952 873 942 943 874 
953 874 943 944 875 
954 875 944 945 876 
955 876 945 946 877 
956 877 946 947 878 
957 878 947 948 879 
958 879 948 949 880 
959 880 949 950 881 
960 881 950 951 882 
961 882 951 952 883 
962 883 952 953 884 
963 884 953 954 885 
964 885 954 955 886 
965 886 955 956 887 
966 887 956 957 888 
967 888 957 958 889 
968 889 958 959 890 
969 890 959 960 891 
970 891 960 961 892 
971 892 961 962 893 
972 893 962 963 894 
973 894 963 964 895 
974 895 964 965 896 
975 896 965 966 897 
976 897 966 967 898 
977 898 967 968 899 
978 899 968 969 900 
979 900 969 970 901 
980 901 970 971 902 
981 902 971 972 903 
982 903 972 973 904 
983 904 973 974 905 
984 905 974 975 906 
985 906 975 976 907 
986 907 976 977 908 
987 908 977 978 909 
988 909 978 979 910 
989 910 979 980 911 
990 911 980 981 912 
991 912 981 982 913 
992 913 982 983 914 
993 914 983 984 915 
994 915 984 985 916 
995 916 985 986 917 
996 917 986 987 918 
997 918 987 988 919 
998 919 988 989 920 
999 920 989 990 921 
1000 921 990 222 223 
1001 14 15 991 922 
1002 922 991 992 923 
1003 923 992 993 924 
1004 924 993 994 925 
1005 925 994 995 926 
1006 926 995 996 927 
1007 927 996 997 928 
1008 928 997 998 929 
1009 929 998 999 930 
1010 930 999 1000 931 
1011 931 1000 1001 932 
1012 932 1001 1002 933 
1013 933 1002 1003 934 
1014 934 1003 1004 935 
1015 935 1004 1005 936 
1016 936 1005 1006 937 
1017 937 1006 1007 938 
1018 938 1007 1008 939 
1019 939 1008 1009 940 
1020 940 1009 1010 941 
1021 941 1010 1011 942 
1022 942 1011 1012 943 
1023 943 1012 1013 944 
1024 944 1013 1014 945 
1025 945 1014 1015 946 
1026 946 1015 1016 947 
1027 947 1016 1017 948 
1028 948 1017 1018 949 
1029 949 1018 1019 950 
1030 950 1019 1020 951 
1031 951 1020 1021 952 
1032 952 1021 1022 953 
1033 953 1022 1023 954 
1034 954 1023 1024 955 
1035 955 1024 1025 956 
1036 956 1025 1026 957 
1037 957 1026 1027 958 
1038 958 1027 1028 959 
1039 959 1028 1029 960 
1040 960 1029 1030 961 
1041 961 1030 1031 962 
1042 962 1031 1032 963 
1043 963 1032 1033 964 
1044 964 1033 1034 965 
1045 965 1034 1035 966 
1046 966 1035 1036 967 
1047 967 1036 1037 968 
1048 968 1037 1038 969 
1049 969 1038 1039 970 
1050 970 1039 1040 971 
1051 971 1040 1041 972 
1052 972 1041 1042 973 
1053 973 1042 1043 974 
1054 974 1043 1044 975 
1055 975 1044 1045 976 
1056 976 1045 1046 977 
1057 977 1046 1047 978 
1058 978 1047 1048 979 
1059 979 1048 1049 980 
1060 980 1049 1050 981 
1061 981 1050 1051 982 
1062 982 1051 1052 983 
1063 983 1052 1053 984 
1064 984 1053 1054 985 
1065 985 1054 1055 986 
1066 986 1055 1056 987 
1067 987 1056 1057 988 
1068 988 1057 1058 989 
1069 989 1058 1059 990 
1070 990 1059 221 222 
1071 15 16 1060 991 
1072 991 1060 1061 992 
1073 992 1061 1062 993 
1074 993 1062 1063 994 
1075 994 1063 1064 995 
1076 995 1064 1065 996 
1077 996 1065 1066 997 
1078 997 1066 1067 998 
1079 998 1067 1068 999 
1080 999 1068 1069 1000 
1081 1000 1069 1070 1001 
1082 1001 1070 1071 1002 
1083 1002 1071 1072 1003 
1084 1003 1072 1073 1004 
1085 1004 1073 1074 1005 
1086 1005 1074 1075 1006 
1087 1006 1075 1076 1007 
1088 1007 1076 1077 1008 
1089 1008 1077 1078 1009 
1090 1009 1078 1079 1010 
1091 1010 1079 1080 1011 
1092 1011 1080 1081 1012 
1093 1012 1081 1082 1013 
1094 1013 1082 1083 1014 
1095 1014 1083 1084 1015 
1096 1015 1084 1085 1016 
1097 1016 1085 1086 1017 
1098 1017 1086 1087 1018 
1099 1018 1087 1088 1019 
1100 1019 1088 1089 1020 
1101 1020 1089 1090 1021 
1102 1021 1090 1091 1022 
1103 1022 1091 1092 1023 
1104 1023 1092 1093 1024 
1105 1024 1093 1094 1025 
1106 1025 1094 1095 1026 
1107 1026 1095 1096 1027 
1108 1027 1096 1097 1028 
1109 1028 1097 1098 1029 
1110 1029 1098 1099 1030 
1111 1030 1099 1100 1031 
1112 1031 1100 1101 1032 
1113 1032 1101 1102 1033 
1114 1033 1102 1103 1034 
1115 1034 1103 1104 1035 
1116 1035 1104 1105 1036 
1117 1036 1105 1106 1037 
1118 1037 1106 1107 1038 
1119 1038 1107 1108 1039 
1120 1039 1108 1109 1040 
1121 1040 1109 1110 1041 
1122 1041 1110 1111 1042 
1123 1042 1111 1112 1043 
1124 1043 1112 1113 1044 
1125 1044 1113 1114 1045 
1126 1045 1114 1115 1046 
1127 1046 1115 1116 1047 
1128 1047 1116 1117 1048 
1129 1048 1117 1118 1049 
1130 1049 1118 1119 1050 
1131 1050 1119 1120 1051 
1132 1051 1120 1121 1052 
1133 1052 1121 1122 1053 
1134 1053 1122 1123 1054 
1135 1054 1123 1124 1055 
1136 1055 1124 1125 1056 
1137 1056 1125 1126 1057 
1138 1057 1126 1127 1058 
1139 1058 1127 1128 1059 
1140 1059 1128 220 221 
1141 16 17 1129 1060 
1142 1060 1129 1130 1061 
1143 1061 1130 1131 1062 
1144 1062 1131 1132 1063 
1145 1063 1132 1133 1064 
1146 1064 1133 1134 1065 
1147 1065 1134 1135 1066 
1148 1066 1135 1136 1067 
1149 1067 1136 1137 1068 
1150 1068 1137 1138 1069 
1151 1069 1138 1139 1070 
1152 1070 1139 1140 1071 
1153 1071 1140 1141 1072 
1154 1072 1141 1142 1073 
1155 1073 1142 1143 1074 
1156 1074 1143 1144 1075 
1157 1075 1144 1145 1076 
1158 1076 1145 1146 1077 
1159 1077 1146 1147 1078 
1160 1078 1147 1148 1079 
1161 1079 1148 1149 1080 
1162 1080 1149 1150 1081 
1163 1081 1150 1151 1082 
1164 1082 1151 1152 1083 
1165 1083 1152 1153 1084 
1166 1084 1153 1154 1085 
1167 1085 1154 1155 1086 
1168 1086 1155 1156 1087 
1169 1087 1156 1157 1088 
1170 1088 1157 1158 1089 
1171 1089 1158 1159 1090 
1172 1090 1159 1160 1091 
1173 1091 1160 1161 1092 
1174 1092 1161 1162 1093 
1175 1093 1162 1163 1094 
1176 1094 1163 1164 1095 
1177 1095 1164 1165 1096 
1178 1096 1165 1166 1097 
1179 1097 1166 1167 1098 
1180 1098 1167 1168 1099 
1181 1099 1168 1169 1100 
1182 1100 1169 1170 1101 
1183 1101 1170 1171 1102 
1184 1102 1171 1172 1103 
1185 1103 1172 1173 1104 
1186 1104 1173 1174 1105 
1187 1105 1174 1175 1106 
1188 1106 1175 1176 1107 
1189 1107 1176 1177 1108 
1190 1108 1177 1178 1109 
1191 1109 1178 1179 1110 
1192 1110 1179 1180 1111 
1193 1111 1180 1181 1112 
1194 1112 1181 1182 1113 
1195 1113 1182 1183 1114 
1196 1114 1183 1184 1115 
1197 1115 1184 1185 1116 
1198 1116 1185 1186 1117 
1199 1117 1186 1187 1118 
1200 1118 1187 1188 1119 
1201 1119 1188 1189 1120 
1202 1120 1189 1190 1121 
1203 1121 1190 1191 1122 
1204 1122 1191 1192 1123 
1205 1123 1192 1193 1124 
1206 1124 1193 1194 1125 
1207 1125 1194 1195 1126 
1208 1126 1195 1196 1127 
1209 1127 1196 1197 1128 
1210 1128 1197 219 220 
1211 17 18 1198 1129 
1212 1129 1198 1199 1130 
1213 1130 1199 1200 1131 
1214 1131 1200 1201 1132 
1215 1132 1201 1202 1133 
1216 1133 1202 1203 1134 
1217 1134 1203 1204 1135 
1218 1135 1204 1205 1136 
1219 1136 1205 1206 1137 
1220 1137 1206 1207 1138 
1221 1138 1207 1208 1139 
1222 1139 1208 1209 1140 
1223 1140 1209 1210 1141 
1224 1141 1210 1211 1142 
1225 1142 1211 1212 1143 
1226 1143 1212 1213 1144 
1227 1144 1213 1214 1145 
1228 1145 1214 1215 1146 
1229 1146 1215 1216 1147 
1230 1147 1216 1217 1148 
1231 1148 1217 1218 1149 
1232 1149 1218 1219 1150 
1233 1150 1219 1220 1151 
1234 1151 1220 1221 1152 
1235 1152 1221 1222 1153 
1236 1153 1222 1223 1154 
1237 1154 1223 1224 1155 
1238 1155 1224 1225 1156 
1239 1156 1225 1226 1157 
1240 1157 1226 1227 1158 
1241 1158 1227 1228 1159 
1242 1159 1228 1229 1160 
1243 1160 1229 1230 1161 
1244 1161 1230 1231 1162 
1245 1162 1231 1232 1163 
1246 1163 1232 1233 1164 
1247 1164 1233 1234 1165 
1248 1165 1234 1235 1166 
1249 1166 1235 1236 1167 
1250 1167 1236 1237 1168 
1251 1168 1237 1238 1169 
1252 1169 1238 1239 1170 
1253 1170 1239 1240 1171 
1254 1171 1240 1241 1172 
1255 1172 1241 1242 1173 
1256 1173 1242 1243 1174 
1257 1174 1243 1244 1175 
1258 1175 1244 1245 1176 
1259 1176 1245 1246 1177 
1260 1177 1246 1247 1178 
1261 1178 1247 1248 1179 
1262 1179 1248 1249 1180 
1263 1180 1249 1250 1181 
1264 1181 1250 1251 1182 
1265 1182 1251 1252 1183 
1266 1183 1252 1253 1184 
1267 1184 1253 1254 1185 
1268 1185 1254 1255 1186 
1269 1186 1255 1256 1187 
1270 1187 1256 1257 1188 
1271 1188 1257 1258 1189 
1272 1189 1258 1259 1190 
1273 1190 1259 1260 1191 
1274 1191 1260 1261 1192 
1275 1192 1261 1262 1193 
1276 1193 1262 1263 1194 
1277 1194 1263 1264 1195 
1278 1195 1264 1265 1196 
1279 1196 1265 1266 1197 
1280 1197 1266 218 219 
1281 18 19 1267 1198 
1282 1198 1267 1268 1199 
1283 1199 1268 1269 1200 
1284 1200 1269 1270 1201 
1285 1201 1270 1271 1202 
1286 1202 1271 1272 1203 
1287 1203 1272 1273 1204 
1288 1204 1273 1274 1205 
1289 1205 1274 1275 1206 
1290 1206 1275 1276 1207 
1291 1207 1276 1277 1208 
1292 1208 1277 1278 1209 
1293 1209 1278 1279 1210 
1294 1210 1279 1280 1211 
1295 1211 1280 1281 1212 
1296 1212 1281 1282 1213 
1297 1213 1282 1283 1214 
1298 1214 1283 1284 1215 
1299 1215 1284 1285 1216 
1300 1216 1285 1286 1217 
1301 1217 1286 1287 1218 
1302 1218 1287 1288 1219 
1303 1219 1288 1289 1220 
1304 1220 1289 1290 1221 
1305 1221 1290 1291 1222 
1306 1222 1291 1292 1223 
1307 1223 1292 1293 1224 
1308 1224 1293 1294 1225 
1309 1225 1294 1295 1226 
1310 1226 1295 1296 1227 
1311 1227 1296 1297 1228 
1312 1228 1297 1298 1229 
1313 1229 1298 1299 1230 
1314 1230 1299 1300 1231 
1315 1231 1300 1301 1232 
1316 1232 1301 1302 1233 
1317 1233 1302 1303 1234 
1318 1234 1303 1304 1235 
1319 1235 1304 1305 1236 
1320 1236 1305 1306 1237 
1321 1237 1306 1307 1238 
1322 1238 1307 1308 1239 
1323 1239 1308 1309 1240 
1324 1240 1309 1310 1241 
1325 1241 1310 1311 1242 
1326 1242 1311 1312 1243 
1327 1243 1312 1313 1244 
1328 1244 1313 1314 1245 
1329 1245 1314 1315 1246 
1330 1246 1315 1316 1247 
1331 1247 1316 1317 1248 
1332 1248 1317 1318 1249 
1333 1249 1318 1319 1250 
1334 1250 1319 1320 1251 
1335 1251 1320 1321 1252 
1336 1252 1321 1322 1253 
1337 1253 1322 1323 1254 
1338 1254 1323 1324 1255 
1339 1255 1324 1325 1256 
1340 1256 1325 1326 1257 
1341 1257 1326 1327 1258 
1342 1258 1327 1328 1259 
1343 1259 1328 1329 1260 
1344 1260 1329 1330 1261 
1345 1261 1330 1331 1262 
1346 1262 1331 1332 1263 
1347 1263 1332 1333 1264 
1348 1264 1333 1334 1265 
1349 1265 1334 1335 1266 
1350 1266 1335 217 218 
1351 19 20 1336 1267 
1352 1267 1336 1337 1268 
1353 1268 1337 1338 1269 
1354 1269 1338 1339 1270 
1355 1270 1339 1340 1271 
1356 1271 1340 1341 1272 
1357 1272 1341 1342 1273 
1358 1273 1342 1343 1274 
1359 1274 1343 1344 1275 
1360 1275 1344 1345 1276 
1361 1276 1345 1346 1277 
1362 1277 1346 1347 1278 
1363 1278 1347 1348 1279 
1364 1279 1348 1349 1280 
1365 1280 1349 1350 1281 
1366 1281 1350 1351 1282 
1367 1282 1351 1352 1283 
1368 1283 1352 1353 1284 
1369 1284 1353 1354 1285 
1370 1285 1354 1355 1286 
1371 1286 1355 1356 1287 
1372 1287 1356 1357 1288 
1373 1288 1357 1358 1289 
1374 1289 1358 1359 1290 
1375 1290 1359 1360 1291 
1376 1291 1360 1361 1292 
1377 1292 1361 1362 1293 
1378 1293 1362 1363 1294 
1379 1294 1363 1364 1295 
1380 1295 1364 1365 1296 
1381 1296 1365 1366 1297 
1382 1297 1366 1367 1298 
1383 1298 1367 1368 1299 
1384 1299 1368 1369 1300 
1385 1300 1369 1370 1301 
1386 1301 1370 1371 1302 
1387 1302 1371 1372 1303 
1388 1303 1372 1373 1304 
1389 1304 1373 1374 1305 
1390 1305 1374 1375 1306 
1391 1306 1375 1376 1307 
1392 1307 1376 1377 1308 
1393 1308 1377 1378 1309 
1394 1309 1378 1379 1310 
1395 1310 1379 1380 1311 
1396 1311 1380 1381 1312 
1397 1312 1381 1382 1313 
1398 1313 1382 1383 1314 
1399 1314 1383 1384 1315 
1400 1315 1384 1385 1316 
1401 1316 1385 1386 1317 
1402 1317 1386 1387 1318 
1403 1318 1387 1388 1319 
1404 1319 1388 1389 1320 
1405 1320 1389 1390 1321 
1406 1321 1390 1391 1322 
1407 1322 1391 1392 1323 
1408 1323 1392 1393 1324 
1409 1324 1393 1394 1325 
1410 1325 1394 1395 1326 
1411 1326 1395 1396 1327 
1412 1327 1396 1397 1328 
1413 1328 1397 1398 1329 
1414 1329 1398 1399 1330 
1415 1330 1399 1400 1331 
1416 1331 1400 1401 1332 
1417 1332 1401 1402 1333 
1418 1333 1402 1403 1334 
1419 1334 1403 1404 1335 
1420 1335 1404 216 217 
1421 20 21 1405 1336 
1422 1336 1405 1406 1337 
1423 1337 1406 1407 1338 
1424 1338 1407 1408 1339 
1425 1339 1408 1409 1340 
1426 1340 1409 1410 1341 
1427 1341 1410 1411 1342 
1428 1342 1411 1412 1343 
1429 1343 1412 1413 1344 
1430 1344 1413 1414 1345 
1431 1345 1414 1415 1346 
1432 1346 1415 1416 1347 
1433 1347 1416 1417 1348 
1434 1348 1417 1418 1349 
1435 1349 1418 1419 1350 
1436 1350 1419 1420 1351 
1437 1351 1420 1421 1352 
1438 1352 1421 1422 1353 
1439 1353 1422 1423 1354 
1440 1354 1423 1424 1355 
1441 1355 1424 1425 1356 
1442 1356 1425 1426 1357 
1443 1357 1426 1427 1358 
1444 1358 1427 1428 1359 
1445 1359 1428 1429 1360 
1446 1360 1429 1430 1361 
1447 1361 1430 1431 1362 
1448 1362 1431 1432 1363 
1449 1363 1432 1433 1364 
1450 1364 1433 1434 1365 
1451 1365 1434 1435 1366 
1452 1366 1435 1436 1367 
1453 1367 1436 1437 1368 
1454 1368 1437 1438 1369 
1455 1369 1438 1439 1370 
1456 1370 1439 1440 1371 
1457 1371 1440 1441 1372 
1458 1372 1441 1442 1373 
1459 1373 1442 1443 1374 
1460 1374 1443 1444 1375 
1461 1375 1444 1445 1376 
1462 1376 1445 1446 1377 
1463 1377 1446 1447 1378 
1464 1378 1447 1448 1379 
1465 1379 1448 1449 1380 
1466 1380 1449 1450 1381 
1467 1381 1450 1451 1382 
1468 1382 1451 1452 1383 
1469 1383 1452 1453 1384 
1470 1384 1453 1454 1385 
1471 1385 1454 1455 1386 
1472 1386 1455 1456 1387 
1473 1387 1456 1457 1388 
1474 1388 1457 1458 1389 
1475 1389 1458 1459 1390 
1476 1390 1459 1460 1391 
1477 1391 1460 1461 1392 
1478 1392 1461 1462 1393 
1479 1393 1462 1463 1394 
1480 1394 1463 1464 1395 
1481 1395 1464 1465 1396 
1482 1396 1465 1466 1397 
1483 1397 1466 1467 1398 
1484 1398 1467 1468 1399 
1485 1399 1468 1469 1400 
1486 1400 1469 1470 1401 
1487 1401 1470 1471 1402 
1488 1402 1471 1472 1403 
1489 1403 1472 1473 1404 
1490 1404 1473 215 216 
1491 21 22 1474 1405 
1492 1405 1474 1475 1406 
1493 1406 1475 1476 1407 
1494 1407 1476 1477 1408 
1495 1408 1477 1478 1409 
1496 1409 1478 1479 1410 
1497 1410 1479 1480 1411 
1498 1411 1480 1481 1412 
1499 1412 1481 1482 1413 
1500 1413 1482 1483 1414 
1501 1414 1483 1484 1415 
1502 1415 1484 1485 1416 
1503 1416 1485 1486 1417 
1504 1417 1486 1487 1418 
1505 1418 1487 1488 1419 
1506 1419 1488 1489 1420 
1507 1420 1489 1490 1421 
1508 1421 1490 1491 1422 
1509 1422 1491 1492 1423 
1510 1423 1492 1493 1424 
1511 1424 1493 1494 1425 
1512 1425 1494 1495 1426 
1513 1426 1495 1496 1427 
1514 1427 1496 1497 1428 
1515 1428 1497 1498 1429 
1516 1429 1498 1499 1430 
1517 1430 1499 1500 1431 
1518 1431 1500 1501 1432 
1519 1432 1501 1502 1433 
1520 1433 1502 1503 1434 
1521 1434 1503 1504 1435 
1522 1435 1504 1505 1436 
1523 1436 1505 1506 1437 
1524 1437 1506 1507 1438 
1525 1438 1507 1508 1439 
1526 1439 1508 1509 1440 
1527 1440 1509 1510 1441 
1528 1441 1510 1511 1442 
1529 1442 1511 1512 1443 
1530 1443 1512 1513 1444 
1531 1444 1513 1514 1445 
1532 1445 1514 1515 1446 
1533 1446 1515 1516 1447 
1534 1447 1516 1517 1448 
1535 1448 1517 1518 1449 
1536 1449 1518 1519 1450 
1537 1450 1519 1520 1451 
1538 1451 1520 1521 1452 
1539 1452 1521 1522 1453 
1540 1453 1522 1523 1454 
1541 1454 1523 1524 1455 
1542 1455 1524 1525 1456 
1543 1456 1525 1526 1457 
1544 1457 1526 1527 1458 
1545 1458 1527 1528 1459 
1546 1459 1528 1529 1460 
1547 1460 1529 1530 1461 
1548 1461 1530 1531 1462 
1549 1462 1531 1532 1463 
1550 1463 1532 1533 1464 
1551 1464 1533 1534 1465 
1552 1465 1534 1535 1466 
1553 1466 1535 1536 1467 
1554 1467 1536 1537 1468 
1555 1468 1537 1538 1469 
1556 1469 1538 1539 1470 
1557 1470 1539 1540 1471 
1558 1471 1540 1541 1472 
1559 1472 1541 1542 1473 
1560 1473 1542 214 215 
1561 22 23 1543 1474 
1562 1474 1543 1544 1475 
1563 1475 1544 1545 1476 
1564 1476 1545 1546 1477 
1565 1477 1546 1547 1478 
1566 1478 1547 1548 1479 
1567 1479 1548 1549 1480 
1568 1480 1549 1550 1481 
1569 1481 1550 1551 1482 
1570 1482 1551 1552 1483 
1571 1483 1552 1553 1484 
1572 1484 1553 1554 1485 
1573 1485 1554 1555 1486 
1574 1486 1555 1556 1487 
1575 1487 1556 1557 1488 
1576 1488 1557 1558 1489 
1577 1489 1558 1559 1490 
1578 1490 1559 1560 1491 
1579 1491 1560 1561 1492 
1580 1492 1561 1562 1493 
1581 1493 1562 1563 1494 
1582 1494 1563 1564 1495 
1583 1495 1564 1565 1496 
1584 1496 1565 1566 1497 
1585 1497 1566 1567 1498 
1586 1498 1567 1568 1499 
1587 1499 1568 1569 1500 
1588 1500 1569 1570 1501 
1589 1501 1570 1571 1502 
1590 1502 1571 1572 1503 
1591 1503 1572 1573 1504 
1592 1504 1573 1574 1505 
1593 1505 1574 1575 1506 
1594 1506 1575 1576 1507 
1595 1507 1576 1577 1508 
1596 1508 1577 1578 1509 
1597 1509 1578 1579 1510 
1598 1510 1579 1580 1511 
1599 1511 1580 1581 1512 
1600 1512 1581 1582 1513 
1601 1513 1582 1583 1514 
1602 1514 1583 1584 1515 
1603 1515 1584 1585 1516 
1604 1516 1585 1586 1517 
1605 1517 1586 1587 1518 
1606 1518 1587 1588 1519 
1607 1519 1588 1589 1520 
1608 1520 1589 1590 1521 
1609 1521 1590 1591 1522 
1610 1522 1591 1592 1523 
1611 1523 1592 1593 1524 
1612 1524 1593 1594 1525 
1613 1525 1594 1595 1526 
1614 1526 1595 1596 1527 
1615 1527 1596 1597 1528 
1616 1528 1597 1598 1529 
1617 1529 1598 1599 1530 
1618 1530 1599 1600 1531 
1619 1531 1600 1601 1532 
1620 1532 1601 1602 1533 
1621 1533 1602 1603 1534 
1622 1534 1603 1604 1535 
1623 1535 1604 1605 1536 
1624 1536 1605 1606 1537 
1625 1537 1606 1607 1538 
1626 1538 1607 1608 1539 
1627 1539 1608 1609 1540 
1628 1540 1609 1610 1541 
1629 1541 1610 1611 1542 
1630 1542 1611 213 214 
1631 23 24 1612 1543 
1632 1543 1612 1613 1544 
1633 1544 1613 1614 1545 
1634 1545 1614 1615 1546 
1635 1546 1615 1616 1547 
1636 1547 1616 1617 1548 
1637 1548 1617 1618 1549 
1638 1549 1618 1619 1550 
1639 1550 1619 1620 1551 
1640 1551 1620 1621 1552 
1641 1552 1621 1622 1553 
1642 1553 1622 1623 1554 
1643 1554 1623 1624 1555 
1644 1555 1624 1625 1556 
1645 1556 1625 1626 1557 
1646 1557 1626 1627 1558 
1647 1558 1627 1628 1559 
1648 1559 1628 1629 1560 
1649 1560 1629 1630 1561 
1650 1561 1630 1631 1562 
1651 1562 1631 1632 1563 
1652 1563 1632 1633 1564 
1653 1564 1633 1634 1565 
1654 1565 1634 1635 1566 
1655 1566 1635 1636 1567 
1656 1567 1636 1637 1568 
1657 1568 1637 1638 1569 
1658 1569 1638 1639 1570 
1659 1570 1639 1640 1571 
1660 1571 1640 1641 1572 
1661 1572 1641 1642 1573 
1662 1573 1642 1643 1574 
1663 1574 1643 1644 1575 
1664 1575 1644 1645 1576 
1665 1576 1645 1646 1577 
1666 1577 1646 1647 1578 
1667 1578 1647 1648 1579 
1668 1579 1648 1649 1580 
1669 1580 1649 1650 1581 
1670 1581 1650 1651 1582 
1671 1582 1651 1652 1583 
1672 1583 1652 1653 1584 
1673 1584 1653 1654 1585 
1674 1585 1654 1655 1586 
1675 1586 1655 1656 1587 
1676 1587 1656 1657 1588 
1677 1588 1657 1658 1589 
1678 1589 1658 1659 1590 
1679 1590 1659 1660 1591 
1680 1591 1660 1661 1592 
1681 1592 1661 1662 1593 
1682 1593 1662 1663 1594 
1683 1594 1663 1664 1595 
1684 1595 1664 1665 1596 
1685 1596 1665 1666 1597 
1686 1597 1666 1667 1598 
1687 1598 1667 1668 1599 
1688 1599 1668 1669 1600 
1689 1600 1669 1670 1601 
1690 1601 1670 1671 1602 
1691 1602 1671 1672 1603 
1692 1603 1672 1673 1604 
1693 1604 1673 1674 1605 
1694 1605 1674 1675 1606 
1695 1606 1675 1676 1607 
1696 1607 1676 1677 1608 
1697 1608 1677 1678 1609 
1698 1609 1678 1679 1610 
1699 1610 1679 1680 1611 
1700 1611 1680 212 213 
1701 24 25 1681 1612 
1702 1612 1681 1682 1613 
1703 1613 1682 1683 1614 
1704 1614 1683 1684 1615 
1705 1615 1684 1685 1616 
1706 1616 1685 1686 1617 
1707 1617 1686 1687 1618 
1708 1618 1687 1688 1619 
1709 1619 1688 1689 1620 
1710 1620 1689 1690 1621 
1711 1621 1690 1691 1622 
1712 1622 1691 1692 1623 
1713 1623 1692 1693 1624 
1714 1624 1693 1694 1625 
1715 1625 1694 1695 1626 
1716 1626 1695 1696 1627 
1717 1627 1696 1697 1628 
1718 1628 1697 1698 1629 
1719 1629 1698 1699 1630 
1720 1630 1699 1700 1631 
1721 1631 1700 1701 1632 
1722 1632 1701 1702 1633 
1723 1633 1702 1703 1634 
1724 1634 1703 1704 1635 
1725 1635 1704 1705 1636 
1726 1636 1705 1706 1637 
1727 1637 1706 1707 1638 
1728 1638 1707 1708 1639 
1729 1639 1708 1709 1640 
1730 1640 1709 1710 1641 
1731 1641 1710 1711 1642 
1732 1642 1711 1712 1643 
1733 1643 1712 1713 1644 
1734 1644 1713 1714 1645 
1735 1645 1714 1715 1646 
1736 1646 1715 1716 1647 
1737 1647 1716 1717 1648 
1738 1648 1717 1718 1649 
1739 1649 1718 1719 1650 
1740 1650 1719 1720 1651 
1741 1651 1720 1721 1652 
1742 1652 1721 1722 1653 
1743 1653 1722 1723 1654 
1744 1654 1723 1724 1655 
1745 1655 1724 1725 1656 
1746 1656 1725 1726 1657 
1747 1657 1726 1727 1658 
1748 1658 1727 1728 1659 
1749 1659 1728 1729 1660 
1750 1660 1729 1730 1661 
1751 1661 1730 1731 1662 
1752 1662 1731 1732 1663 
1753 1663 1732 1733 1664 
1754 1664 1733 1734 1665 
1755 1665 1734 1735 1666 
1756 1666 1735 1736 1667 
1757 1667 1736 1737 1668 
1758 1668 1737 1738 1669 
1759 1669 1738 1739 1670 
1760 1670 1739 1740 1671 
1761 1671 1740 1741 1672 
1762 1672 1741 1742 1673 
1763 1673 1742 1743 1674 
1764 1674 1743 1744 1675 
1765 1675 1744 1745 1676 
1766 1676 1745 1746 1677 
1767 1677 1746 1747 1678 
1768 1678 1747 1748 1679 
1769 1679 1748 1749 1680 
1770 1680 1749 211 212 
1771 25 26 1750 1681 
1772 1681 1750 1751 1682 
1773 1682 1751 1752 1683 
1774 1683 1752 1753 1684 
1775 1684 1753 1754 1685 
1776 1685 1754 1755 1686 
1777 1686 1755 1756 1687 
1778 1687 1756 1757 1688 
1779 1688 1757 1758 1689 
1780 1689 1758 1759 1690 
1781 1690 1759 1760 1691 
1782 1691 1760 1761 1692 
1783 1692 1761 1762 1693 
1784 1693 1762 1763 1694 
1785 1694 1763 1764 1695 
1786 1695 1764 1765 1696 
1787 1696 1765 1766 1697 
1788 1697 1766 1767 1698 
1789 1698 1767 1768 1699 
1790 1699 1768 1769 1700 
1791 1700 1769 1770 1701 
1792 1701 1770 1771 1702 
1793 1702 1771 1772 1703 
1794 1703 1772 1773 1704 
1795 1704 1773 1774 1705 
1796 1705 1774 1775 1706 
1797 1706 1775 1776 1707 
1798 1707 1776 1777 1708 
1799 1708 1777 1778 1709 
1800 1709 1778 1779 1710 
1801 1710 1779 1780 1711 
1802 1711 1780 1781 1712 
1803 1712 1781 1782 1713 
1804 1713 1782 1783 1714 
1805 1714 1783 1784 1715 
1806 1715 1784 1785 1716 
1807 1716 1785 1786 1717 
1808 1717 1786 1787 1718 
1809 1718 1787 1788 1719 
1810 1719 1788 1789 1720 
1811 1720 1789 1790 1721 
1812 1721 1790 1791 1722 
1813 1722 1791 1792 1723 
1814 1723 1792 1793 1724 
1815 1724 1793 1794 1725 
1816 1725 1794 1795 1726 
1817 1726 1795 1796 1727 
1818 1727 1796 1797 1728 
1819 1728 1797 1798 1729 
1820 1729 1798 1799 1730 
1821 1730 1799 1800 1731 
1822 1731 1800 1801 1732 
1823 1732 1801 1802 1733 
1824 1733 1802 1803 1734 
1825 1734 1803 1804 1735 
1826 1735 1804 1805 1736 
1827 1736 1805 1806 1737 
1828 1737 1806 1807 1738 
1829 1738 1807 1808 1739 
1830 1739 1808 1809 1740 
1831 1740 1809 1810 1741 
1832 1741 1810 1811 1742 
1833 1742 1811 1812 1743 
1834 1743 1812 1813 1744 
1835 1744 1813 1814 1745 
1836 1745 1814 1815 1746 
1837 1746 1815 1816 1747 
1838 1747 1816 1817 1748 
1839 1748 1817 1818 1749 
1840 1749 1818 210 211 
1841 26 27 1819 1750 
1842 1750 1819 1820 1751 
1843 1751 1820 1821 1752 
1844 1752 1821 1822 1753 
1845 1753 1822 1823 1754 
1846 1754 1823 1824 1755 
1847 1755 1824 1825 1756 
1848 1756 1825 1826 1757 
1849 1757 1826 1827 1758 
1850 1758 1827 1828 1759 
1851 1759 1828 1829 1760 
1852 1760 1829 1830 1761 
1853 1761 1830 1831 1762 
1854 1762 1831 1832 1763 
1855 1763 1832 1833 1764 
1856 1764 1833 1834 1765 
1857 1765 1834 1835 1766 
1858 1766 1835 1836 1767 
1859 1767 1836 1837 1768 
1860 1768 1837 1838 1769 
1861 1769 1838 1839 1770 
1862 1770 1839 1840 1771 
1863 1771 1840 1841 1772 
1864 1772 1841 1842 1773 
1865 1773 1842 1843 1774 
1866 1774 1843 1844 1775 
1867 1775 1844 1845 1776 
1868 1776 1845 1846 1777 
1869 1777 1846 1847 1778 
1870 1778 1847 1848 1779 
1871 1779 1848 1849 1780 
1872 1780 1849 1850 1781 
1873 1781 1850 1851 1782 
1874 1782 1851 1852 1783 
1875 1783 1852 1853 1784 
1876 1784 1853 1854 1785 
1877 1785 1854 1855 1786 
1878 1786 1855 1856 1787 
1879 1787 1856 1857 1788 
1880 1788 1857 1858 1789 
1881 1789 1858 1859 1790 
1882 1790 1859 1860 1791 
1883 1791 1860 1861 1792 
1884 1792 1861 1862 1793 
1885 1793 1862 1863 1794 
1886 1794 1863 1864 1795 
1887 1795 1864 1865 1796 
1888 1796 1865 1866 1797 
1889 1797 1866 1867 1798 
1890 1798 1867 1868 1799 
1891 1799 1868 1869 1800 
1892 1800 1869 1870 1801 
1893 1801 1870 1871 1802 
1894 1802 1871 1872 1803 
1895 1803 1872 1873 1804 
1896 1804 1873 1874 1805 
1897 1805 1874 1875 1806 
1898 1806 1875 1876 1807 
1899 1807 1876 1877 1808 
1900 1808 1877 1878 1809 
1901 1809 1878 1879 1810 
1902 1810 1879 1880 1811 
1903 1811 1880 1881 1812 
1904 1812 1881 1882 1813 
1905 1813 1882 1883 1814 
1906 1814 1883 1884 1815 
1907 1815 1884 1885 1816 
1908 1816 1885 1886 1817 
1909 1817 1886 1887 1818 
1910 1818 1887 209 210 
1911 27 28 1888 1819 
1912 1819 1888 1889 1820 
1913 1820 1889 1890 1821 
1914 1821 1890 1891 1822 
1915 1822 1891 1892 1823 
1916 1823 1892 1893 1824 
1917 1824 1893 1894 1825 
1918 1825 1894 1895 1826 
1919 1826 1895 1896 1827 
1920 1827 1896 1897 1828 
1921 1828 1897 1898 1829 
1922 1829 1898 1899 1830 
1923 1830 1899 1900 1831 
1924 1831 1900 1901 1832 
1925 1832 1901 1902 1833 
1926 1833 1902 1903 1834 
1927 1834 1903 1904 1835 
1928 1835 1904 1905 1836 
1929 1836 1905 1906 1837 
1930 1837 1906 1907 1838 
1931 1838 1907 1908 1839 
1932 1839 1908 1909 1840 
1933 1840 1909 1910 1841 
1934 1841 1910 1911 1842 
1935 1842 1911 1912 1843 
1936 1843 1912 1913 1844 
1937 1844 1913 1914 1845 
1938 1845 1914 1915 1846 
1939 1846 1915 1916 1847 
1940 1847 1916 1917 1848 
1941 1848 1917 1918 1849 
1942 1849 1918 1919 1850 
1943 1850 1919 1920 1851 
1944 1851 1920 1921 1852 
1945 1852 1921 1922 1853 
1946 1853 1922 1923 1854 
1947 1854 1923 1924 1855 
1948 1855 1924 1925 1856 
1949 1856 1925 1926 1857 
1950 1857 1926 1927 1858 
1951 1858 1927 1928 1859 
1952 1859 1928 1929 1860 
1953 1860 1929 1930 1861 
1954 1861 1930 1931 1862 
1955 1862 1931 1932 1863 
1956 1863 1932 1933 1864 
1957 1864 1933 1934 1865 
1958 1865 1934 1935 1866 
1959 1866 1935 1936 1867 
1960 1867 1936 1937 1868 
1961 1868 1937 1938 1869 
1962 1869 1938 1939 1870 
1963 1870 1939 1940 1871 
1964 1871 1940 1941 1872 
1965 1872 1941 1942 1873 
1966 1873 1942 1943 1874 
1967 1874 1943 1944 1875 
1968 1875 1944 1945 1876 
1969 1876 1945 1946 1877 
1970 1877 1946 1947 1878 
1971 1878 1947 1948 1879 
1972 1879 1948 1949 1880 
1973 1880 1949 1950 1881 
1974 1881 1950 1951 1882 
1975 1882 1951 1952 1883 
1976 1883 1952 1953 1884 
1977 1884 1953 1954 1885 
1978 1885 1954 1955 1886 
1979 1886 1955 1956 1887 
1980 1887 1956 208 209 
1981 28 29 1957 1888 
1982 1888 1957 1958 1889 
1983 1889 1958 1959 1890 
1984 1890 1959 1960 1891 
1985 1891 1960 1961 1892 
1986 1892 1961 1962 1893 
1987 1893 1962 1963 1894 
1988 1894 1963 1964 1895 
1989 1895 1964 1965 1896 
1990 1896 1965 1966 1897 
1991 1897 1966 1967 1898 
1992 1898 1967 1968 1899 
1993 1899 1968 1969 1900 
1994 1900 1969 1970 1901 
1995 1901 1970 1971 1902 
1996 1902 1971 1972 1903 
1997 1903 1972 1973 1904 
1998 1904 1973 1974 1905 
1999 1905 1974 1975 1906 
2000 1906 1975 1976 1907 
2001 1907 1976 1977 1908 
2002 1908 1977 1978 1909 
2003 1909 1978 1979 1910 
2004 1910 1979 1980 1911 
2005 1911 1980 1981 1912 
2006 1912 1981 1982 1913 
2007 1913 1982 1983 1914 
2008 1914 1983 1984 1915 
2009 1915 1984 1985 1916 
2010 1916 1985 1986 1917 
2011 1917 1986 1987 1918 
2012 1918 1987 1988 1919 
2013 1919 1988 1989 1920 
2014 1920 1989 1990 1921 
2015 1921 1990 1991 1922 
2016 1922 1991 1992 1923 
2017 1923 1992 1993 1924 
2018 1924 1993 1994 1925 
2019 1925 1994 1995 1926 
2020 1926 1995 1996 1927 
2021 1927 1996 1997 1928 
2022 1928 1997 1998 1929 
2023 1929 1998 1999 1930 
2024 1930 1999 2000 1931 
2025 1931 2000 2001 1932 
2026 1932 2001 2002 1933 
2027 1933 2002 2003 1934 
2028 1934 2003 2004 1935 
2029 1935 2004 2005 1936 
2030 1936 2005 2006 1937 
2031 1937 2006 2007 1938 
2032 1938 2007 2008 1939 
2033 1939 2008 2009 1940 
2034 1940 2009 2010 1941 
2035 1941 2010 2011 1942 
2036 1942 2011 2012 1943 
2037 1943 2012 2013 1944 
2038 1944 2013 2014 1945 
2039 1945 2014 2015 1946 
2040 1946 2015 2016 1947 
2041 1947 2016 2017 1948 
2042 1948 2017 2018 1949 
2043 1949 2018 2019 1950 
2044 1950 2019 2020 1951 
2045 1951 2020 2021 1952 
2046 1952 2021 2022 1953 
2047 1953 2022 2023 1954 
2048 1954 2023 2024 1955 
2049 1955 2024 2025 1956 
2050 1956 2025 207 208 
2051 29 30 2026 1957 
2052 1957 2026 2027 1958 
2053 1958 2027 2028 1959 
2054 1959 2028 2029 1960 
2055 1960 2029 2030 1961 
2056 1961 2030 2031 1962 
2057 1962 2031 2032 1963 
2058 1963 2032 2033 1964 
2059 1964 2033 2034 1965 
2060 1965 2034 2035 1966 
2061 1966 2035 2036 1967 
2062 1967 2036 2037 1968 
2063 1968 2037 2038 1969 
2064 1969 2038 2039 1970 
2065 1970 2039 2040 1971 
2066 1971 2040 2041 1972 
2067 1972 2041 2042 1973 
2068 1973 2042 2043 1974 
2069 1974 2043 2044 1975 
2070 1975 2044 2045 1976 
2071 1976 2045 2046 1977 
2072 1977 2046 2047 1978 
2073 1978 2047 2048 1979 
2074 1979 2048 2049 1980 
2075 1980 2049 2050 1981 
2076 1981 2050 2051 1982 
2077 1982 2051 2052 1983 
2078 1983 2052 2053 1984 
2079 1984 2053 2054 1985 
2080 1985 2054 2055 1986 
2081 1986 2055 2056 1987 
2082 1987 2056 2057 1988 
2083 1988 2057 2058 1989 
2084 1989 2058 2059 1990 
2085 1990 2059 2060 1991 
2086 1991 2060 2061 1992 
2087 1992 2061 2062 1993 
2088 1993 2062 2063 1994 
2089 1994 2063 2064 1995 
2090 1995 2064 2065 1996 
2091 1996 2065 2066 1997 
2092 1997 2066 2067 1998 
2093 1998 2067 2068 1999 
2094 1999 2068 2069 2000 
2095 2000 2069 2070 2001 
2096 2001 2070 2071 2002 
2097 2002 2071 2072 2003 
2098 2003 2072 2073 2004 
2099 2004 2073 2074 2005 
2100 2005 2074 2075 2006 
2101 2006 2075 2076 2007 
2102 2007 2076 2077 2008 
2103 2008 2077 2078 2009 
2104 2009 2078 2079 2010 
2105 2010 2079 2080 2011 
2106 2011 2080 2081 2012 
2107 2012 2081 2082 2013 
2108 2013 2082 2083 2014 
2109 2014 2083 2084 2015 
2110 2015 2084 2085 2016 
2111 2016 2085 2086 2017 
2112 2017 2086 2087 2018 
2113 2018 2087 2088 2019 
2114 2019 2088 2089 2020 
2115 2020 2089 2090 2021 
2116 2021 2090 2091 2022 
2117 2022 2091 2092 2023 
2118 2023 2092 2093 2024 
2119 2024 2093 2094 2025 
2120 2025 2094 206 207 
2121 30 31 2095 2026 
2122 2026 2095 2096 2027 
2123 2027 2096 2097 2028 
2124 2028 2097 2098 2029 
2125 2029 2098 2099 2030 
2126 2030 2099 2100 2031 
2127 2031 2100 2101 2032 
2128 2032 2101 2102 2033 
2129 2033 2102 2103 2034 
2130 2034 2103 2104 2035 
2131 2035 2104 2105 2036 
2132 2036 2105 2106 2037 
2133 2037 2106 2107 2038 
2134 2038 2107 2108 2039 
2135 2039 2108 2109 2040 
2136 2040 2109 2110 2041 
2137 2041 2110 2111 2042 
2138 2042 2111 2112 2043 
2139 2043 2112 2113 2044 
2140 2044 2113 2114 2045 
2141 2045 2114 2115 2046 
2142 2046 2115 2116 2047 
2143 2047 2116 2117 2048 
2144 2048 2117 2118 2049 
2145 2049 2118 2119 2050 
2146 2050 2119 2120 2051 
2147 2051 2120 2121 2052 
2148 2052 2121 2122 2053 
2149 2053 2122 2123 2054 
2150 2054 2123 2124 2055 
2151 2055 2124 2125 2056 
2152 2056 2125 2126 2057 
2153 2057 2126 2127 2058 
2154 2058 2127 2128 2059 
2155 2059 2128 2129 2060 
2156 2060 2129 2130 2061 
2157 2061 2130 2131 2062 
2158 2062 2131 2132 2063 
2159 2063 2132 2133 2064 
2160 2064 2133 2134 2065 
2161 2065 2134 2135 2066 
2162 2066 2135 2136 2067 
2163 2067 2136 2137 2068 
2164 2068 2137 2138 2069 
2165 2069 2138 2139 2070 
2166 2070 2139 2140 2071 
2167 2071 2140 2141 2072 
2168 2072 2141 2142 2073 
2169 2073 2142 2143 2074 
2170 2074 2143 2144 2075 
2171 2075 2144 2145 2076 
2172 2076 2145 2146 2077 
2173 2077 2146 2147 2078 
2174 2078 2147 2148 2079 
2175 2079 2148 2149 2080 
2176 2080 2149 2150 2081 
2177 2081 2150 2151 2082 
2178 2082 2151 2152 2083 
2179 2083 2152 2153 2084 
2180 2084 2153 2154 2085 
2181 2085 2154 2155 2086 
2182 2086 2155 2156 2087 
2183 2087 2156 2157 2088 
2184 2088 2157 2158 2089 
2185 2089 2158 2159 2090 
2186 2090 2159 2160 2091 
2187 2091 2160 2161 2092 
2188 2092 2161 2162 2093 
2189 2093 2162 2163 2094 
2190 2094 2163 205 206 
2191 31 32 2164 2095 
2192 2095 2164 2165 2096 
2193 2096 2165 2166 2097 
2194 2097 2166 2167 2098 
2195 2098 2167 2168 2099 
2196 2099 2168 2169 2100 
2197 2100 2169 2170 2101 
2198 2101 2170 2171 2102 
2199 2102 2171 2172 2103 
2200 2103 2172 2173 2104 
2201 2104 2173 2174 2105 
2202 2105 2174 2175 2106 
2203 2106 2175 2176 2107 
2204 2107 2176 2177 2108 
2205 2108 2177 2178 2109 
2206 2109 2178 2179 2110 
2207 2110 2179 2180 2111 
2208 2111 2180 2181 2112 
2209 2112 2181 2182 2113 
2210 2113 2182 2183 2114 
2211 2114 2183 2184 2115 
2212 2115 2184 2185 2116 
2213 2116 2185 2186 2117 
2214 2117 2186 2187 2118 
2215 2118 2187 2188 2119 
2216 2119 2188 2189 2120 
2217 2120 2189 2190 2121 
2218 2121 2190 2191 2122 
2219 2122 2191 2192 2123 
2220 2123 2192 2193 2124 
2221 2124 2193 2194 2125 
2222 2125 2194 2195 2126 
2223 2126 2195 2196 2127 
2224 2127 2196 2197 2128 
2225 2128 2197 2198 2129 
2226 2129 2198 2199 2130 
2227 2130 2199 2200 2131 
2228 2131 2200 2201 2132 
2229 2132 2201 2202 2133 
2230 2133 2202 2203 2134 
2231 2134 2203 2204 2135 
2232 2135 2204 2205 2136 
2233 2136 2205 2206 2137 
2234 2137 2206 2207 2138 
2235 2138 2207 2208 2139 
2236 2139 2208 2209 2140 
2237 2140 2209 2210 2141 
2238 2141 2210 2211 2142 
2239 2142 2211 2212 2143 
2240 2143 2212 2213 2144 
2241 2144 2213 2214 2145 
2242 2145 2214 2215 2146 
2243 2146 2215 2216 2147 
2244 2147 2216 2217 2148 
2245 2148 2217 2218 2149 
2246 2149 2218 2219 2150 
2247 2150 2219 2220 2151 
2248 2151 2220 2221 2152 
2249 2152 2221 2222 2153 
2250 2153 2222 2223 2154 
2251 2154 2223 2224 2155 
2252 2155 2224 2225 2156 
2253 2156 2225 2226 2157 
2254 2157 2226 2227 2158 
2255 2158 2227 2228 2159 
2256 2159 2228 2229 2160 
2257 2160 2229 2230 2161 
2258 2161 2230 2231 2162 
2259 2162 2231 2232 2163 
2260 2163 2232 204 205 
2261 32 33 2233 2164 
2262 2164 2233 2234 2165 
2263 2165 2234 2235 2166 
2264 2166 2235 2236 2167 
2265 2167 2236 2237 2168 
2266 2168 2237 2238 2169 
2267 2169 2238 2239 2170 
2268 2170 2239 2240 2171 
2269 2171 2240 2241 2172 
2270 2172 2241 2242 2173 
2271 2173 2242 2243 2174 
2272 2174 2243 2244 2175 
2273 2175 2244 2245 2176 
2274 2176 2245 2246 2177 
2275 2177 2246 2247 2178 
2276 2178 2247 2248 2179 
2277 2179 2248 2249 2180 
2278 2180 2249 2250 2181 
2279 2181 2250 2251 2182 
2280 2182 2251 2252 2183 
2281 2183 2252 2253 2184 
2282 2184 2253 2254 2185 
2283 2185 2254 2255 2186 
2284 2186 2255 2256 2187 
2285 2187 2256 2257 2188 
2286 2188 2257 2258 2189 
2287 2189 2258 2259 2190 
2288 2190 2259 2260 2191 
2289 2191 2260 2261 2192 
2290 2192 2261 2262 2193 
2291 2193 2262 2263 2194 
2292 2194 2263 2264 2195 
2293 2195 2264 2265 2196 
2294 2196 2265 2266 2197 
2295 2197 2266 2267 2198 
2296 2198 2267 2268 2199 
2297 2199 2268 2269 2200 
2298 2200 2269 2270 2201 
2299 2201 2270 2271 2202 
2300 2202 2271 2272 2203 
2301 2203 2272 2273 2204 
2302 2204 2273 2274 2205 
2303 2205 2274 2275 2206 
2304 2206 2275 2276 2207 
2305 2207 2276 2277 2208 
2306 2208 2277 2278 2209 
2307 2209 2278 2279 2210 
2308 2210 2279 2280 2211 
2309 2211 2280 2281 2212 
2310 2212 2281 2282 2213 
2311 2213 2282 2283 2214 
2312 2214 2283 2284 2215 
2313 2215 2284 2285 2216 
2314 2216 2285 2286 2217 
2315 2217 2286 2287 2218 
2316 2218 2287 2288 2219 
2317 2219 2288 2289 2220 
2318 2220 2289 2290 2221 
2319 2221 2290 2291 2222 
2320 2222 2291 2292 2223 
2321 2223 2292 2293 2224 
2322 2224 2293 2294 2225 
2323 2225 2294 2295 2226 
2324 2226 2295 2296 2227 
2325 2227 2296 2297 2228 
2326 2228 2297 2298 2229 
2327 2229 2298 2299 2230 
2328 2230 2299 2300 2231 
2329 2231 2300 2301 2232 
2330 2232 2301 203 204 
2331 33 34 2302 2233 
2332 2233 2302 2303 2234 
2333 2234 2303 2304 2235 
2334 2235 2304 2305 2236 
2335 2236 2305 2306 2237 
2336 2237 2306 2307 2238 
2337 2238 2307 2308 2239 
2338 2239 2308 2309 2240 
2339 2240 2309 2310 2241 
2340 2241 2310 2311 2242 
2341 2242 2311 2312 2243 
2342 2243 2312 2313 2244 
2343 2244 2313 2314 2245 
2344 2245 2314 2315 2246 
2345 2246 2315 2316 2247 
2346 2247 2316 2317 2248 
2347 2248 2317 2318 2249 
2348 2249 2318 2319 2250 
2349 2250 2319 2320 2251 
2350 2251 2320 2321 2252 
2351 2252 2321 2322 2253 
2352 2253 2322 2323 2254 
2353 2254 2323 2324 2255 
2354 2255 2324 2325 2256 
2355 2256 2325 2326 2257 
2356 2257 2326 2327 2258 
2357 2258 2327 2328 2259 
2358 2259 2328 2329 2260 
2359 2260 2329 2330 2261 
2360 2261 2330 2331 2262 
2361 2262 2331 2332 2263 
2362 2263 2332 2333 2264 
2363 2264 2333 2334 2265 
2364 2265 2334 2335 2266 
2365 2266 2335 2336 2267 
2366 2267 2336 2337 2268 
2367 2268 2337 2338 2269 
2368 2269 2338 2339 2270 
2369 2270 2339 2340 2271 
2370 2271 2340 2341 2272 
2371 2272 2341 2342 2273 
2372 2273 2342 2343 2274 
2373 2274 2343 2344 2275 
2374 2275 2344 2345 2276 
2375 2276 2345 2346 2277 
2376 2277 2346 2347 2278 
2377 2278 2347 2348 2279 
2378 2279 2348 2349 2280 
2379 2280 2349 2350 2281 
2380 2281 2350 2351 2282 
2381 2282 2351 2352 2283 
2382 2283 2352 2353 2284 
2383 2284 2353 2354 2285 
2384 2285 2354 2355 2286 
2385 2286 2355 2356 2287 
2386 2287 2356 2357 2288 
2387 2288 2357 2358 2289 
2388 2289 2358 2359 2290 
2389 2290 2359 2360 2291 
2390 2291 2360 2361 2292 
2391 2292 2361 2362 2293 
2392 2293 2362 2363 2294 
2393 2294 2363 2364 2295 
2394 2295 2364 2365 2296 
2395 2296 2365 2366 2297 
2396 2297 2366 2367 2298 
2397 2298 2367 2368 2299 
2398 2299 2368 2369 2300 
2399 2300 2369 2370 2301 
2400 2301 2370 202 203 
2401 34 35 2371 2302 
2402 2302 2371 2372 2303 
2403 2303 2372 2373 2304 
2404 2304 2373 2374 2305 
2405 2305 2374 2375 2306 
2406 2306 2375 2376 2307 
2407 2307 2376 2377 2308 
2408 2308 2377 2378 2309 
2409 2309 2378 2379 2310 
2410 2310 2379 2380 2311 
2411 2311 2380 2381 2312 
2412 2312 2381 2382 2313 
2413 2313 2382 2383 2314 
2414 2314 2383 2384 2315 
2415 2315 2384 2385 2316 
2416 2316 2385 2386 2317 
2417 2317 2386 2387 2318 
2418 2318 2387 2388 2319 
2419 2319 2388 2389 2320 
2420 2320 2389 2390 2321 
2421 2321 2390 2391 2322 
2422 2322 2391 2392 2323 
2423 2323 2392 2393 2324 
2424 2324 2393 2394 2325 
2425 2325 2394 2395 2326 
2426 2326 2395 2396 2327 
2427 2327 2396 2397 2328 
2428 2328 2397 2398 2329 
2429 2329 2398 2399 2330 
2430 2330 2399 2400 2331 
2431 2331 2400 2401 2332 
2432 2332 2401 2402 2333 
2433 2333 2402 2403 2334 
2434 2334 2403 2404 2335 
2435 2335 2404 2405 2336 
2436 2336 2405 2406 2337 
2437 2337 2406 2407 2338 
2438 2338 2407 2408 2339 
2439 2339 2408 2409 2340 
2440 2340 2409 2410 2341 
2441 2341 2410 2411 2342 
2442 2342 2411 2412 2343 
2443 2343 2412 2413 2344 
2444 2344 2413 2414 2345 
2445 2345 2414 2415 2346 
2446 2346 2415 2416 2347 
2447 2347 2416 2417 2348 
2448 2348 2417 2418 2349 
2449 2349 2418 2419 2350 
2450 2350 2419 2420 2351 
2451 2351 2420 2421 2352 
2452 2352 2421 2422 2353 
2453 2353 2422 2423 2354 
2454 2354 2423 2424 2355 
2455 2355 2424 2425 2356 
2456 2356 2425 2426 2357 
2457 2357 2426 2427 2358 
2458 2358 2427 2428 2359 
2459 2359 2428 2429 2360 
2460 2360 2429 2430 2361 
2461 2361 2430 2431 2362 
2462 2362 2431 2432 2363 
2463 2363 2432 2433 2364 
2464 2364 2433 2434 2365 
2465 2365 2434 2435 2366 
2466 2366 2435 2436 2367 
2467 2367 2436 2437 2368 
2468 2368 2437 2438 2369 
2469 2369 2438 2439 2370 
2470 2370 2439 201 202 
2471 35 36 2440 2371 
2472 2371 2440 2441 2372 
2473 2372 2441 2442 2373 
2474 2373 2442 2443 2374 
2475 2374 2443 2444 2375 
2476 2375 2444 2445 2376 
2477 2376 2445 2446 2377 
2478 2377 2446 2447 2378 
2479 2378 2447 2448 2379 
2480 2379 2448 2449 2380 
2481 2380 2449 2450 2381 
2482 2381 2450 2451 2382 
2483 2382 2451 2452 2383 
2484 2383 2452 2453 2384 
2485 2384 2453 2454 2385 
2486 2385 2454 2455 2386 
2487 2386 2455 2456 2387 
2488 2387 2456 2457 2388 
2489 2388 2457 2458 2389 
2490 2389 2458 2459 2390 
2491 2390 2459 2460 2391 
2492 2391 2460 2461 2392 
2493 2392 2461 2462 2393 
2494 2393 2462 2463 2394 
2495 2394 2463 2464 2395 
2496 2395 2464 2465 2396 
2497 2396 2465 2466 2397 
2498 2397 2466 2467 2398 
2499 2398 2467 2468 2399 
2500 2399 2468 2469 2400 
2501 2400 2469 2470 2401 
2502 2401 2470 2471 2402 
2503 2402 2471 2472 2403 
2504 2403 2472 2473 2404 
2505 2404 2473 2474 2405 
2506 2405 2474 2475 2406 
2507 2406 2475 2476 2407 
2508 2407 2476 2477 2408 
2509 2408 2477 2478 2409 
2510 2409 2478 2479 2410 
2511 2410 2479 2480 2411 
2512 2411 2480 2481 2412 
2513 2412 2481 2482 2413 
2514 2413 2482 2483 2414 
2515 2414 2483 2484 2415 
2516 2415 2484 2485 2416 
2517 2416 2485 2486 2417 
2518 2417 2486 2487 2418 
2519 2418 2487 2488 2419 
2520 2419 2488 2489 2420 
2521 2420 2489 2490 2421 
2522 2421 2490 2491 2422 
2523 2422 2491 2492 2423 
2524 2423 2492 2493 2424 
2525 2424 2493 2494 2425 
2526 2425 2494 2495 2426 
2527 2426 2495 2496 2427 
2528 2427 2496 2497 2428 
2529 2428 2497 2498 2429 
2530 2429 2498 2499 2430 
2531 2430 2499 2500 2431 
2532 2431 2500 2501 2432 
2533 2432 2501 2502 2433 
2534 2433 2502 2503 2434 
2535 2434 2503 2504 2435 
2536 2435 2504 2505 2436 
2537 2436 2505 2506 2437 
2538 2437 2506 2507 2438 
2539 2438 2507 2508 2439 
2540 2439 2508 200 201 
2541 36 37 2509 2440 
2542 2440 2509 2510 2441 
2543 2441 2510 2511 2442 
2544 2442 2511 2512 2443 
2545 2443 2512 2513 2444 
2546 2444 2513 2514 2445 
2547 2445 2514 2515 2446 
2548 2446 2515 2516 2447 
2549 2447 2516 2517 2448 
2550 2448 2517 2518 2449 
2551 2449 2518 2519 2450 
2552 2450 2519 2520 2451 
2553 2451 2520 2521 2452 
2554 2452 2521 2522 2453 
2555 2453 2522 2523 2454 
2556 2454 2523 2524 2455 
2557 2455 2524 2525 2456 
2558 2456 2525 2526 2457 
2559 2457 2526 2527 2458 
2560 2458 2527 2528 2459 
2561 2459 2528 2529 2460 
2562 2460 2529 2530 2461 
2563 2461 2530 2531 2462 
2564 2462 2531 2532 2463 
2565 2463 2532 2533 2464 
2566 2464 2533 2534 2465 
2567 2465 2534 2535 2466 
2568 2466 2535 2536 2467 
2569 2467 2536 2537 2468 
2570 2468 2537 2538 2469 
2571 2469 2538 2539 2470 
2572 2470 2539 2540 2471 
2573 2471 2540 2541 2472 
2574 2472 2541 2542 2473 
2575 2473 2542 2543 2474 
2576 2474 2543 2544 2475 
2577 2475 2544 2545 2476 
2578 2476 2545 2546 2477 
2579 2477 2546 2547 2478 
2580 2478 2547 2548 2479 
2581 2479 2548 2549 2480 
2582 2480 2549 2550 2481 
2583 2481 2550 2551 2482 
2584 2482 2551 2552 2483 
2585 2483 2552 2553 2484 
2586 2484 2553 2554 2485 
2587 2485 2554 2555 2486 
2588 2486 2555 2556 2487 
2589 2487 2556 2557 2488 
2590 2488 2557 2558 2489 
2591 2489 2558 2559 2490 
2592 2490 2559 2560 2491 
2593 2491 2560 2561 2492 
2594 2492 2561 2562 2493 
2595 2493 2562 2563 2494 
2596 2494 2563 2564 2495 
2597 2495 2564 2565 2496 
2598 2496 2565 2566 2497 
2599 2497 2566 2567 2498 
2600 2498 2567 2568 2499 
2601 2499 2568 2569 2500 
2602 2500 2569 2570 2501 
2603 2501 2570 2571 2502 
2604 2502 2571 2572 2503 
2605 2503 2572 2573 2504 
2606 2504 2573 2574 2505 
2607 2505 2574 2575 2506 
2608 2506 2575 2576 2507 
2609 2507 2576 2577 2508 
2610 2508 2577 199 200 
2611 37 38 2578 2509 
2612 2509 2578 2579 2510 
2613 2510 2579 2580 2511 
2614 2511 2580 2581 2512 
2615 2512 2581 2582 2513 
2616 2513 2582 2583 2514 
2617 2514 2583 2584 2515 
2618 2515 2584 2585 2516 
2619 2516 2585 2586 2517 
2620 2517 2586 2587 2518 
2621 2518 2587 2588 2519 
2622 2519 2588 2589 2520 
2623 2520 2589 2590 2521 
2624 2521 2590 2591 2522 
2625 2522 2591 2592 2523 
2626 2523 2592 2593 2524 
2627 2524 2593 2594 2525 
2628 2525 2594 2595 2526 
2629 2526 2595 2596 2527 
2630 2527 2596 2597 2528 
2631 2528 2597 2598 2529 
2632 2529 2598 2599 2530 
2633 2530 2599 2600 2531 
2634 2531 2600 2601 2532 
2635 2532 2601 2602 2533 
2636 2533 2602 2603 2534 
2637 2534 2603 2604 2535 
2638 2535 2604 2605 2536 
2639 2536 2605 2606 2537 
2640 2537 2606 2607 2538 
2641 2538 2607 2608 2539 
2642 2539 2608 2609 2540 
2643 2540 2609 2610 2541 
2644 2541 2610 2611 2542 
2645 2542 2611 2612 2543 
2646 2543 2612 2613 2544 
2647 2544 2613 2614 2545 
2648 2545 2614 2615 2546 
2649 2546 2615 2616 2547 
2650 2547 2616 2617 2548 
2651 2548 2617 2618 2549 
2652 2549 2618 2619 2550 
2653 2550 2619 2620 2551 
2654 2551 2620 2621 2552 
2655 2552 2621 2622 2553 
2656 2553 2622 2623 2554 
2657 2554 2623 2624 2555 
2658 2555 2624 2625 2556 
2659 2556 2625 2626 2557 
2660 2557 2626 2627 2558 
2661 2558 2627 2628 2559 
2662 2559 2628 2629 2560 
2663 2560 2629 2630 2561 
2664 2561 2630 2631 2562 
2665 2562 2631 2632 2563 
2666 2563 2632 2633 2564 
2667 2564 2633 2634 2565 
2668 2565 2634 2635 2566 
2669 2566 2635 2636 2567 
2670 2567 2636 2637 2568 
2671 2568 2637 2638 2569 
2672 2569 2638 2639 2570 
2673 2570 2639 2640 2571 
2674 2571 2640 2641 2572 
2675 2572 2641 2642 2573 
2676 2573 2642 2643 2574 
2677 2574 2643 2644 2575 
2678 2575 2644 2645 2576 
2679 2576 2645 2646 2577 
2680 2577 2646 198 199 
2681 38 39 2647 2578 
2682 2578 2647 2648 2579 
2683 2579 2648 2649 2580 
2684 2580 2649 2650 2581 
2685 2581 2650 2651 2582 
2686 2582 2651 2652 2583 
2687 2583 2652 2653 2584 
2688 2584 2653 2654 2585 
2689 2585 2654 2655 2586 
2690 2586 2655 2656 2587 
2691 2587 2656 2657 2588 
2692 2588 2657 2658 2589 
2693 2589 2658 2659 2590 
2694 2590 2659 2660 2591 
2695 2591 2660 2661 2592 
2696 2592 2661 2662 2593 
2697 2593 2662 2663 2594 
2698 2594 2663 2664 2595 
2699 2595 2664 2665 2596 
2700 2596 2665 2666 2597 
2701 2597 2666 2667 2598 
2702 2598 2667 2668 2599 
2703 2599 2668 2669 2600 
2704 2600 2669 2670 2601 
2705 2601 2670 2671 2602 
2706 2602 2671 2672 2603 
2707 2603 2672 2673 2604 
2708 2604 2673 2674 2605 
2709 2605 2674 2675 2606 
2710 2606 2675 2676 2607 
2711 2607 2676 2677 2608 
2712 2608 2677 2678 2609 
2713 2609 2678 2679 2610 
2714 2610 2679 2680 2611 
2715 2611 2680 2681 2612 
2716 2612 2681 2682 2613 
2717 2613 2682 2683 2614 
2718 2614 2683 2684 2615 
2719 2615 2684 2685 2616 
2720 2616 2685 2686 2617 
2721 2617 2686 2687 2618 
2722 2618 2687 2688 2619 
2723 2619 2688 2689 2620 
2724 2620 2689 2690 2621 
2725 2621 2690 2691 2622 
2726 2622 2691 2692 2623 
2727 2623 2692 2693 2624 
2728 2624 2693 2694 2625 
2729 2625 2694 2695 2626 
2730 2626 2695 2696 2627 
2731 2627 2696 2697 2628 
2732 2628 2697 2698 2629 
2733 2629 2698 2699 2630 
2734 2630 2699 2700 2631 
2735 2631 2700 2701 2632 
2736 2632 2701 2702 2633 
2737 2633 2702 2703 2634 
2738 2634 2703 2704 2635 
2739 2635 2704 2705 2636 
2740 2636 2705 2706 2637 
2741 2637 2706 2707 2638 
2742 2638 2707 2708 2639 
2743 2639 2708 2709 2640 
2744 2640 2709 2710 2641 
2745 2641 2710 2711 2642 
2746 2642 2711 2712 2643 
2747 2643 2712 2713 2644 
2748 2644 2713 2714 2645 
2749 2645 2714 2715 2646 
2750 2646 2715 197 198 
2751 39 40 2716 2647 
2752 2647 2716 2717 2648 
2753 2648 2717 2718 2649 
2754 2649 2718 2719 2650 
2755 2650 2719 2720 2651 
2756 2651 2720 2721 2652 
2757 2652 2721 2722 2653 
2758 2653 2722 2723 2654 
2759 2654 2723 2724 2655 
2760 2655 2724 2725 2656 
2761 2656 2725 2726 2657 
2762 2657 2726 2727 2658 
2763 2658 2727 2728 2659 
2764 2659 2728 2729 2660 
2765 2660 2729 2730 2661 
2766 2661 2730 2731 2662 
2767 2662 2731 2732 2663 
2768 2663 2732 2733 2664 
2769 2664 2733 2734 2665 
2770 2665 2734 2735 2666 
2771 2666 2735 2736 2667 
2772 2667 2736 2737 2668 
2773 2668 2737 2738 2669 
2774 2669 2738 2739 2670 
2775 2670 2739 2740 2671 
2776 2671 2740 2741 2672 
2777 2672 2741 2742 2673 
2778 2673 2742 2743 2674 
2779 2674 2743 2744 2675 
2780 2675 2744 2745 2676 
2781 2676 2745 2746 2677 
2782 2677 2746 2747 2678 
2783 2678 2747 2748 2679 
2784 2679 2748 2749 2680 
2785 2680 2749 2750 2681 
2786 2681 2750 2751 2682 
2787 2682 2751 2752 2683 
2788 2683 2752 2753 2684 
2789 2684 2753 2754 2685 
2790 2685 2754 2755 2686 
2791 2686 2755 2756 2687 
2792 2687 2756 2757 2688 
2793 2688 2757 2758 2689 
2794 2689 2758 2759 2690 
2795 2690 2759 2760 2691 
2796 2691 2760 2761 2692 
2797 2692 2761 2762 2693 
2798 2693 2762 2763 2694 
2799 2694 2763 2764 2695 
2800 2695 2764 2765 2696 
2801 2696 2765 2766 2697 
2802 2697 2766 2767 2698 
2803 2698 2767 2768 2699 
2804 2699 2768 2769 2700 
2805 2700 2769 2770 2701 
2806 2701 2770 2771 2702 
2807 2702 2771 2772 2703 
2808 2703 2772 2773 2704 
2809 2704 2773 2774 2705 
2810 2705 2774 2775 2706 
2811 2706 2775 2776 2707 
2812 2707 2776 2777 2708 
2813 2708 2777 2778 2709 
2814 2709 2778 2779 2710 
2815 2710 2779 2780 2711 
2816 2711 2780 2781 2712 
2817 2712 2781 2782 2713 
2818 2713 2782 2783 2714 
2819 2714 2783 2784 2715 
2820 2715 2784 196 197 
2821 40 41 2785 2716 
2822 2716 2785 2786 2717 
2823 2717 2786 2787 2718 
2824 2718 2787 2788 2719 
2825 2719 2788 2789 2720 
2826 2720 2789 2790 2721 
2827 2721 2790 2791 2722 
2828 2722 2791 2792 2723 
2829 2723 2792 2793 2724 
2830 2724 2793 2794 2725 
2831 2725 2794 2795 2726 
2832 2726 2795 2796 2727 
2833 2727 2796 2797 2728 
2834 2728 2797 2798 2729 
2835 2729 2798 2799 2730 
2836 2730 2799 2800 2731 
2837 2731 2800 2801 2732 
2838 2732 2801 2802 2733 
2839 2733 2802 2803 2734 
2840 2734 2803 2804 2735 
2841 2735 2804 2805 2736 
2842 2736 2805 2806 2737 
2843 2737 2806 2807 2738 
2844 2738 2807 2808 2739 
2845 2739 2808 2809 2740 
2846 2740 2809 2810 2741 
2847 2741 2810 2811 2742 
2848 2742 2811 2812 2743 
2849 2743 2812 2813 2744 
2850 2744 2813 2814 2745 
2851 2745 2814 2815 2746 
2852 2746 2815 2816 2747 
2853 2747 2816 2817 2748 
2854 2748 2817 2818 2749 
2855 2749 2818 2819 2750 
2856 2750 2819 2820 2751 
2857 2751 2820 2821 2752 
2858 2752 2821 2822 2753 
2859 2753 2822 2823 2754 
2860 2754 2823 2824 2755 
2861 2755 2824 2825 2756 
2862 2756 2825 2826 2757 
2863 2757 2826 2827 2758 
2864 2758 2827 2828 2759 
2865 2759 2828 2829 2760 
2866 2760 2829 2830 2761 
2867 2761 2830 2831 2762 
2868 2762 2831 2832 2763 
2869 2763 2832 2833 2764 
2870 2764 2833 2834 2765 
2871 2765 2834 2835 2766 
2872 2766 2835 2836 2767 
2873 2767 2836 2837 2768 
2874 2768 2837 2838 2769 
2875 2769 2838 2839 2770 
2876 2770 2839 2840 2771 
2877 2771 2840 2841 2772 
2878 2772 2841 2842 2773 
2879 2773 2842 2843 2774 
2880 2774 2843 2844 2775 
2881 2775 2844 2845 2776 
2882 2776 2845 2846 2777 
2883 2777 2846 2847 2778 
2884 2778 2847 2848 2779 
2885 2779 2848 2849 2780 
2886 2780 2849 2850 2781 
2887 2781 2850 2851 2782 
2888 2782 2851 2852 2783 
2889 2783 2852 2853 2784 
2890 2784 2853 195 196 
2891 41 42 2854 2785 
2892 2785 2854 2855 2786 
2893 2786 2855 2856 2787 
2894 2787 2856 2857 2788 
2895 2788 2857 2858 2789 
2896 2789 2858 2859 2790 
2897 2790 2859 2860 2791 
2898 2791 2860 2861 2792 
2899 2792 2861 2862 2793 
2900 2793 2862 2863 2794 
2901 2794 2863 2864 2795 
2902 2795 2864 2865 2796 
2903 2796 2865 2866 2797 
2904 2797 2866 2867 2798 
2905 2798 2867 2868 2799 
2906 2799 2868 2869 2800 
2907 2800 2869 2870 2801 
2908 2801 2870 2871 2802 
2909 2802 2871 2872 2803 
2910 2803 2872 2873 2804 
2911 2804 2873 2874 2805 
2912 2805 2874 2875 2806 
2913 2806 2875 2876 2807 
2914 2807 2876 2877 2808 
2915 2808 2877 2878 2809 
2916 2809 2878 2879 2810 
2917 2810 2879 2880 2811 
2918 2811 2880 2881 2812 
2919 2812 2881 2882 2813 
2920 2813 2882 2883 2814 
2921 2814 2883 2884 2815 
2922 2815 2884 2885 2816 
2923 2816 2885 2886 2817 
2924 2817 2886 2887 2818 
2925 2818 2887 2888 2819 
2926 2819 2888 2889 2820 
2927 2820 2889 2890 2821 
2928 2821 2890 2891 2822 
2929 2822 2891 2892 2823 
2930 2823 2892 2893 2824 
2931 2824 2893 2894 2825 
2932 2825 2894 2895 2826 
2933 2826 2895 2896 2827 
2934 2827 2896 2897 2828 
2935 2828 2897 2898 2829 
2936 2829 2898 2899 2830 
2937 2830 2899 2900 2831 
2938 2831 2900 2901 2832 
2939 2832 2901 2902 2833 
2940 2833 2902 2903 2834 
2941 2834 2903 2904 2835 
2942 2835 2904 2905 2836 
2943 2836 2905 2906 2837 
2944 2837 2906 2907 2838 
2945 2838 2907 2908 2839 
2946 2839 2908 2909 2840 
2947 2840 2909 2910 2841 
2948 2841 2910 2911 2842 
2949 2842 2911 2912 2843 
2950 2843 2912 2913 2844 
2951 2844 2913 2914 2845 
2952 2845 2914 2915 2846 
2953 2846 2915 2916 2847 
2954 2847 2916 2917 2848 
2955 2848 2917 2918 2849 
2956 2849 2918 2919 2850 
2957 2850 2919 2920 2851 
2958 2851 2920 2921 2852 
2959 2852 2921 2922 2853 
2960 2853 2922 194 195 
2961 42 43 2923 2854 
2962 2854 2923 2924 2855 
2963 2855 2924 2925 2856 
2964 2856 2925 2926 2857 
2965 2857 2926 2927 2858 
2966 2858 2927 2928 2859 
2967 2859 2928 2929 2860 
2968 2860 2929 2930 2861 
2969 2861 2930 2931 2862 
2970 2862 2931 2932 2863 
2971 2863 2932 2933 2864 
2972 2864 2933 2934 2865 
2973 2865 2934 2935 2866 
2974 2866 2935 2936 2867 
2975 2867 2936 2937 2868 
2976 2868 2937 2938 2869 
2977 2869 2938 2939 2870 
2978 2870 2939 2940 2871 
2979 2871 2940 2941 2872 
2980 2872 2941 2942 2873 
2981 2873 2942 2943 2874 
2982 2874 2943 2944 2875 
2983 2875 2944 2945 2876 
2984 2876 2945 2946 2877 
2985 2877 2946 2947 2878 
2986 2878 2947 2948 2879 
2987 2879 2948 2949 2880 
2988 2880 2949 2950 2881 
2989 2881 2950 2951 2882 
2990 2882 2951 2952 2883 
2991 2883 2952 2953 2884 
2992 2884 2953 2954 2885 
2993 2885 2954 2955 2886 
2994 2886 2955 2956 2887 
2995 2887 2956 2957 2888 
2996 2888 2957 2958 2889 
2997 2889 2958 2959 2890 
2998 2890 2959 2960 2891 
2999 2891 2960 2961 2892 
3000 2892 2961 2962 2893 
3001 2893 2962 2963 2894 
3002 2894 2963 2964 2895 
3003 2895 2964 2965 2896 
3004 2896 2965 2966 2897 
3005 2897 2966 2967 2898 
3006 2898 2967 2968 2899 
3007 2899 2968 2969 2900 
3008 2900 2969 2970 2901 
3009 2901 2970 2971 2902 
3010 2902 2971 2972 2903 
3011 2903 2972 2973 2904 
3012 2904 2973 2974 2905 
3013 2905 2974 2975 2906 
3014 2906 2975 2976 2907 
3015 2907 2976 2977 2908 
3016 2908 2977 2978 2909 
3017 2909 2978 2979 2910 
3018 2910 2979 2980 2911 
3019 2911 2980 2981 2912 
3020 2912 2981 2982 2913 
3021 2913 2982 2983 2914 
3022 2914 2983 2984 2915 
3023 2915 2984 2985 2916 
3024 2916 2985 2986 2917 
3025 2917 2986 2987 2918 
3026 2918 2987 2988 2919 
3027 2919 2988 2989 2920 
3028 2920 2989 2990 2921 
3029 2921 2990 2991 2922 
3030 2922 2991 193 194 
3031 43 44 2992 2923 
3032 2923 2992 2993 2924 
3033 2924 2993 2994 2925 
3034 2925 2994 2995 2926 
3035 2926 2995 2996 2927 
3036 2927 2996 2997 2928 
3037 2928 2997 2998 2929 
3038 2929 2998 2999 2930 
3039 2930 2999 3000 2931 
3040 2931 3000 3001 2932 
3041 2932 3001 3002 2933 
3042 2933 3002 3003 2934 
3043 2934 3003 3004 2935 
3044 2935 3004 3005 2936 
3045 2936 3005 3006 2937 
3046 2937 3006 3007 2938 
3047 2938 3007 3008 2939 
3048 2939 3008 3009 2940 
3049 2940 3009 3010 2941 
3050 2941 3010 3011 2942 
3051 2942 3011 3012 2943 
3052 2943 3012 3013 2944 
3053 2944 3013 3014 2945 
3054 2945 3014 3015 2946 
3055 2946 3015 3016 2947 
3056 2947 3016 3017 2948 
3057 2948 3017 3018 2949 
3058 2949 3018 3019 2950 
3059 2950 3019 3020 2951 
3060 2951 3020 3021 2952 
3061 2952 3021 3022 2953 
3062 2953 3022 3023 2954 
3063 2954 3023 3024 2955 
3064 2955 3024 3025 2956 
3065 2956 3025 3026 2957 
3066 2957 3026 3027 2958 
3067 2958 3027 3028 2959 
3068 2959 3028 3029 2960 
3069 2960 3029 3030 2961 
3070 2961 3030 3031 2962 
3071 2962 3031 3032 2963 
3072 2963 3032 3033 2964 
3073 2964 3033 3034 2965 
3074 2965 3034 3035 2966 
3075 2966 3035 3036 2967 
3076 2967 3036 3037 2968 
3077 2968 3037 3038 2969 
3078 2969 3038 3039 2970 
3079 2970 3039 3040 2971 
3080 2971 3040 3041 2972 
3081 2972 3041 3042 2973 
3082 2973 3042 3043 2974 
3083 2974 3043 3044 2975 
3084 2975 3044 3045 2976 
3085 2976 3045 3046 2977 
3086 2977 3046 3047 2978 
3087 2978 3047 3048 2979 
3088 2979 3048 3049 2980 
3089 2980 3049 3050 2981 
3090 2981 3050 3051 2982 
3091 2982 3051 3052 2983 
3092 2983 3052 3053 2984 
3093 2984 3053 3054 2985 
3094 2985 3054 3055 2986 
3095 2986 3055 3056 2987 
3096 2987 3056 3057 2988 
3097 2988 3057 3058 2989 
3098 2989 3058 3059 2990 
3099 2990 3059 3060 2991 
3100 2991 3060 192 193 
3101 44 45 3061 2992 
3102 2992 3061 3062 2993 
3103 2993 3062 3063 2994 
3104 2994 3063 3064 2995 
3105 2995 3064 3065 2996 
3106 2996 3065 3066 2997 
3107 2997 3066 3067 2998 
3108 2998 3067 3068 2999 
3109 2999 3068 3069 3000 
3110 3000 3069 3070 3001 
3111 3001 3070 3071 3002 
3112 3002 3071 3072 3003 
3113 3003 3072 3073 3004 
3114 3004 3073 3074 3005 
3115 3005 3074 3075 3006 
3116 3006 3075 3076 3007 
3117 3007 3076 3077 3008 
3118 3008 3077 3078 3009 
3119 3009 3078 3079 3010 
3120 3010 3079 3080 3011 
3121 3011 3080 3081 3012 
3122 3012 3081 3082 3013 
3123 3013 3082 3083 3014 
3124 3014 3083 3084 3015 
3125 3015 3084 3085 3016 
3126 3016 3085 3086 3017 
3127 3017 3086 3087 3018 
3128 3018 3087 3088 3019 
3129 3019 3088 3089 3020 
3130 3020 3089 3090 3021 
3131 3021 3090 3091 3022 
3132 3022 3091 3092 3023 
3133 3023 3092 3093 3024 
3134 3024 3093 3094 3025 
3135 3025 3094 3095 3026 
3136 3026 3095 3096 3027 
3137 3027 3096 3097 3028 
3138 3028 3097 3098 3029 
3139 3029 3098 3099 3030 
3140 3030 3099 3100 3031 
3141 3031 3100 3101 3032 
3142 3032 3101 3102 3033 
3143 3033 3102 3103 3034 
3144 3034 3103 3104 3035 
3145 3035 3104 3105 3036 
3146 3036 3105 3106 3037 
3147 3037 3106 3107 3038 
3148 3038 3107 3108 3039 
3149 3039 3108 3109 3040 
3150 3040 3109 3110 3041 
3151 3041 3110 3111 3042 
3152 3042 3111 3112 3043 
3153 3043 3112 3113 3044 
3154 3044 3113 3114 3045 
3155 3045 3114 3115 3046 
3156 3046 3115 3116 3047 
3157 3047 3116 3117 3048 
3158 3048 3117 3118 3049 
3159 3049 3118 3119 3050 
3160 3050 3119 3120 3051 
3161 3051 3120 3121 3052 
3162 3052 3121 3122 3053 
3163 3053 3122 3123 3054 
3164 3054 3123 3124 3055 
3165 3055 3124 3125 3056 
3166 3056 3125 3126 3057 
3167 3057 3126 3127 3058 
3168 3058 3127 3128 3059 
3169 3059 3128 3129 3060 
3170 3060 3129 191 192 
3171 45 46 3130 3061 
3172 3061 3130 3131 3062 
3173 3062 3131 3132 3063 
3174 3063 3132 3133 3064 
3175 3064 3133 3134 3065 
3176 3065 3134 3135 3066 
3177 3066 3135 3136 3067 
3178 3067 3136 3137 3068 
3179 3068 3137 3138 3069 
3180 3069 3138 3139 3070 
3181 3070 3139 3140 3071 
3182 3071 3140 3141 3072 
3183 3072 3141 3142 3073 
3184 3073 3142 3143 3074 
3185 3074 3143 3144 3075 
3186 3075 3144 3145 3076 
3187 3076 3145 3146 3077 
3188 3077 3146 3147 3078 
3189 3078 3147 3148 3079 
3190 3079 3148 3149 3080 
3191 3080 3149 3150 3081 
3192 3081 3150 3151 3082 
3193 3082 3151 3152 3083 
3194 3083 3152 3153 3084 
3195 3084 3153 3154 3085 
3196 3085 3154 3155 3086 
3197 3086 3155 3156 3087 
3198 3087 3156 3157 3088 
3199 3088 3157 3158 3089 
3200 3089 3158 3159 3090 
3201 3090 3159 3160 3091 
3202 3091 3160 3161 3092 
3203 3092 3161 3162 3093 
3204 3093 3162 3163 3094 
3205 3094 3163 3164 3095 
3206 3095 3164 3165 3096 
3207 3096 3165 3166 3097 
3208 3097 3166 3167 3098 
3209 3098 3167 3168 3099 
3210 3099 3168 3169 3100 
3211 3100 3169 3170 3101 
3212 3101 3170 3171 3102 
3213 3102 3171 3172 3103 
3214 3103 3172 3173 3104 
3215 3104 3173 3174 3105 
3216 3105 3174 3175 3106 
3217 3106 3175 3176 3107 
3218 3107 3176 3177 3108 
3219 3108 3177 3178 3109 
3220 3109 3178 3179 3110 
3221 3110 3179 3180 3111 
3222 3111 3180 3181 3112 
3223 3112 3181 3182 3113 
3224 3113 3182 3183 3114 
3225 3114 3183 3184 3115 
3226 3115 3184 3185 3116 
3227 3116 3185 3186 3117 
3228 3117 3186 3187 3118 
3229 3118 3187 3188 3119 
3230 3119 3188 3189 3120 
3231 3120 3189 3190 3121 
3232 3121 3190 3191 3122 
3233 3122 3191 3192 3123 
3234 3123 3192 3193 3124 
3235 3124 3193 3194 3125 
3236 3125 3194 3195 3126 
3237 3126 3195 3196 3127 
3238 3127 3196 3197 3128 
3239 3128 3197 3198 3129 
3240 3129 3198 190 191 
3241 46 47 3199 3130 
3242 3130 3199 3200 3131 
3243 3131 3200 3201 3132 
3244 3132 3201 3202 3133 
3245 3133 3202 3203 3134 
3246 3134 3203 3204 3135 
3247 3135 3204 3205 3136 
3248 3136 3205 3206 3137 
3249 3137 3206 3207 3138 
3250 3138 3207 3208 3139 
3251 3139 3208 3209 3140 
3252 3140 3209 3210 3141 
3253 3141 3210 3211 3142 
3254 3142 3211 3212 3143 
3255 3143 3212 3213 3144 
3256 3144 3213 3214 3145 
3257 3145 3214 3215 3146 
3258 3146 3215 3216 3147 
3259 3147 3216 3217 3148 
3260 3148 3217 3218 3149 
3261 3149 3218 3219 3150 
3262 3150 3219 3220 3151 
3263 3151 3220 3221 3152 
3264 3152 3221 3222 3153 
3265 3153 3222 3223 3154 
3266 3154 3223 3224 3155 
3267 3155 3224 3225 3156 
3268 3156 3225 3226 3157 
3269 3157 3226 3227 3158 
3270 3158 3227 3228 3159 
3271 3159 3228 3229 3160 
3272 3160 3229 3230 3161 
3273 3161 3230 3231 3162 
3274 3162 3231 3232 3163 
3275 3163 3232 3233 3164 
3276 3164 3233 3234 3165 
3277 3165 3234 3235 3166 
3278 3166 3235 3236 3167 
3279 3167 3236 3237 3168 
3280 3168 3237 3238 3169 
3281 3169 3238 3239 3170 
3282 3170 3239 3240 3171 
3283 3171 3240 3241 3172 
3284 3172 3241 3242 3173 
3285 3173 3242 3243 3174 
3286 3174 3243 3244 3175 
3287 3175 3244 3245 3176 
3288 3176 3245 3246 3177 
3289 3177 3246 3247 3178 
3290 3178 3247 3248 3179 
3291 3179 3248 3249 3180 
3292 3180 3249 3250 3181 
3293 3181 3250 3251 3182 
3294 3182 3251 3252 3183 
3295 3183 3252 3253 3184 
3296 3184 3253 3254 3185 
3297 3185 3254 3255 3186 
3298 3186 3255 3256 3187 
3299 3187 3256 3257 3188 
3300 3188 3257 3258 3189 
3301 3189 3258 3259 3190 
3302 3190 3259 3260 3191 
3303 3191 3260 3261 3192 
3304 3192 3261 3262 3193 
3305 3193 3262 3263 3194 
3306 3194 3263 3264 3195 
3307 3195 3264 3265 3196 
3308 3196 3265 3266 3197 
3309 3197 3266 3267 3198 
3310 3198 3267 189 190 
3311 47 48 3268 3199 
3312 3199 3268 3269 3200 
3313 3200 3269 3270 3201 
3314 3201 3270 3271 3202 
3315 3202 3271 3272 3203 
3316 3203 3272 3273 3204 
3317 3204 3273 3274 3205 
3318 3205 3274 3275 3206 
3319 3206 3275 3276 3207 
3320 3207 3276 3277 3208 
3321 3208 3277 3278 3209 
3322 3209 3278 3279 3210 
3323 3210 3279 3280 3211 
3324 3211 3280 3281 3212 
3325 3212 3281 3282 3213 
3326 3213 3282 3283 3214 
3327 3214 3283 3284 3215 
3328 3215 3284 3285 3216 
3329 3216 3285 3286 3217 
3330 3217 3286 3287 3218 
3331 3218 3287 3288 3219 
3332 3219 3288 3289 3220 
3333 3220 3289 3290 3221 
3334 3221 3290 3291 3222 
3335 3222 3291 3292 3223 
3336 3223 3292 3293 3224 
3337 3224 3293 3294 3225 
3338 3225 3294 3295 3226 
3339 3226 3295 3296 3227 
3340 3227 3296 3297 3228 
3341 3228 3297 3298 3229 
3342 3229 3298 3299 3230 
3343 3230 3299 3300 3231 
3344 3231 3300 3301 3232 
3345 3232 3301 3302 3233 
3346 3233 3302 3303 3234 
3347 3234 3303 3304 3235 
3348 3235 3304 3305 3236 
3349 3236 3305 3306 3237 
3350 3237 3306 3307 3238 
3351 3238 3307 3308 3239 
3352 3239 3308 3309 3240 
3353 3240 3309 3310 3241 
3354 3241 3310 3311 3242 
3355 3242 3311 3312 3243 
3356 3243 3312 3313 3244 
3357 3244 3313 3314 3245 
3358 3245 3314 3315 3246 
3359 3246 3315 3316 3247 
3360 3247 3316 3317 3248 
3361 3248 3317 3318 3249 
3362 3249 3318 3319 3250 
3363 3250 3319 3320 3251 
3364 3251 3320 3321 3252 
3365 3252 3321 3322 3253 
3366 3253 3322 3323 3254 
3367 3254 3323 3324 3255 
3368 3255 3324 3325 3256 
3369 3256 3325 3326 3257 
3370 3257 3326 3327 3258 
3371 3258 3327 3328 3259 
3372 3259 3328 3329 3260 
3373 3260 3329 3330 3261 
3374 3261 3330 3331 3262 
3375 3262 3331 3332 3263 
3376 3263 3332 3333 3264 
3377 3264 3333 3334 3265 
3378 3265 3334 3335 3266 
3379 3266 3335 3336 3267 
3380 3267 3336 188 189 
3381 48 49 3337 3268 
3382 3268 3337 3338 3269 
3383 3269 3338 3339 3270 
3384 3270 3339 3340 3271 
3385 3271 3340 3341 3272 
3386 3272 3341 3342 3273 
3387 3273 3342 3343 3274 
3388 3274 3343 3344 3275 
3389 3275 3344 3345 3276 
3390 3276 3345 3346 3277 
3391 3277 3346 3347 3278 
3392 3278 3347 3348 3279 
3393 3279 3348 3349 3280 
3394 3280 3349 3350 3281 
3395 3281 3350 3351 3282 
3396 3282 3351 3352 3283 
3397 3283 3352 3353 3284 
3398 3284 3353 3354 3285 
3399 3285 3354 3355 3286 
3400 3286 3355 3356 3287 
3401 3287 3356 3357 3288 
3402 3288 3357 3358 3289 
3403 3289 3358 3359 3290 
3404 3290 3359 3360 3291 
3405 3291 3360 3361 3292 
3406 3292 3361 3362 3293 
3407 3293 3362 3363 3294 
3408 3294 3363 3364 3295 
3409 3295 3364 3365 3296 
3410 3296 3365 3366 3297 
3411 3297 3366 3367 3298 
3412 3298 3367 3368 3299 
3413 3299 3368 3369 3300 
3414 3300 3369 3370 3301 
3415 3301 3370 3371 3302 
3416 3302 3371 3372 3303 
3417 3303 3372 3373 3304 
3418 3304 3373 3374 3305 
3419 3305 3374 3375 3306 
3420 3306 3375 3376 3307 
3421 3307 3376 3377 3308 
3422 3308 3377 3378 3309 
3423 3309 3378 3379 3310 
3424 3310 3379 3380 3311 
3425 3311 3380 3381 3312 
3426 3312 3381 3382 3313 
3427 3313 3382 3383 3314 
3428 3314 3383 3384 3315 
3429 3315 3384 3385 3316 
3430 3316 3385 3386 3317 
3431 3317 3386 3387 3318 
3432 3318 3387 3388 3319 
3433 3319 3388 3389 3320 
3434 3320 3389 3390 3321 
3435 3321 3390 3391 3322 
3436 3322 3391 3392 3323 
3437 3323 3392 3393 3324 
3438 3324 3393 3394 3325 
3439 3325 3394 3395 3326 
3440 3326 3395 3396 3327 
3441 3327 3396 3397 3328 
3442 3328 3397 3398 3329 
3443 3329 3398 3399 3330 
3444 3330 3399 3400 3331 
3445 3331 3400 3401 3332 
3446 3332 3401 3402 3333 
3447 3333 3402 3403 3334 
3448 3334 3403 3404 3335 
3449 3335 3404 3405 3336 
3450 3336 3405 187 188 
3451 49 50 3406 3337 
3452 3337 3406 3407 3338 
3453 3338 3407 3408 3339 
3454 3339 3408 3409 3340 
3455 3340 3409 3410 3341 
3456 3341 3410 3411 3342 
3457 3342 3411 3412 3343 
3458 3343 3412 3413 3344 
3459 3344 3413 3414 3345 
3460 3345 3414 3415 3346 
3461 3346 3415 3416 3347 
3462 3347 3416 3417 3348 
3463 3348 3417 3418 3349 
3464 3349 3418 3419 3350 
3465 3350 3419 3420 3351 
3466 3351 3420 3421 3352 
3467 3352 3421 3422 3353 
3468 3353 3422 3423 3354 
3469 3354 3423 3424 3355 
3470 3355 3424 3425 3356 
3471 3356 3425 3426 3357 
3472 3357 3426 3427 3358 
3473 3358 3427 3428 3359 
3474 3359 3428 3429 3360 
3475 3360 3429 3430 3361 
3476 3361 3430 3431 3362 
3477 3362 3431 3432 3363 
3478 3363 3432 3433 3364 
3479 3364 3433 3434 3365 
3480 3365 3434 3435 3366 
3481 3366 3435 3436 3367 
3482 3367 3436 3437 3368 
3483 3368 3437 3438 3369 
3484 3369 3438 3439 3370 
3485 3370 3439 3440 3371 
3486 3371 3440 3441 3372 
3487 3372 3441 3442 3373 
3488 3373 3442 3443 3374 
3489 3374 3443 3444 3375 
3490 3375 3444 3445 3376 
3491 3376 3445 3446 3377 
3492 3377 3446 3447 3378 
3493 3378 3447 3448 3379 
3494 3379 3448 3449 3380 
3495 3380 3449 3450 3381 
3496 3381 3450 3451 3382 
3497 3382 3451 3452 3383 
3498 3383 3452 3453 3384 
3499 3384 3453 3454 3385 
3500 3385 3454 3455 3386 
3501 3386 3455 3456 3387 
3502 3387 3456 3457 3388 
3503 3388 3457 3458 3389 
3504 3389 3458 3459 3390 
3505 3390 3459 3460 3391 
3506 3391 3460 3461 3392 
3507 3392 3461 3462 3393 
3508 3393 3462 3463 3394 
3509 3394 3463 3464 3395 
3510 3395 3464 3465 3396 
3511 3396 3465 3466 3397 
3512 3397 3466 3467 3398 
3513 3398 3467 3468 3399 
3514 3399 3468 3469 3400 
3515 3400 3469 3470 3401 
3516 3401 3470 3471 3402 
3517 3402 3471 3472 3403 
3518 3403 3472 3473 3404 
3519 3404 3473 3474 3405 
3520 3405 3474 186 187 
3521 50 51 3475 3406 
3522 3406 3475 3476 3407 
3523 3407 3476 3477 3408 
3524 3408 3477 3478 3409 
3525 3409 3478 3479 3410 
3526 3410 3479 3480 3411 
3527 3411 3480 3481 3412 
3528 3412 3481 3482 3413 
3529 3413 3482 3483 3414 
3530 3414 3483 3484 3415 
3531 3415 3484 3485 3416 
3532 3416 3485 3486 3417 
3533 3417 3486 3487 3418 
3534 3418 3487 3488 3419 
3535 3419 3488 3489 3420 
3536 3420 3489 3490 3421 
3537 3421 3490 3491 3422 
3538 3422 3491 3492 3423 
3539 3423 3492 3493 3424 
3540 3424 3493 3494 3425 
3541 3425 3494 3495 3426 
3542 3426 3495 3496 3427 
3543 3427 3496 3497 3428 
3544 3428 3497 3498 3429 
3545 3429 3498 3499 3430 
3546 3430 3499 3500 3431 
3547 3431 3500 3501 3432 
3548 3432 3501 3502 3433 
3549 3433 3502 3503 3434 
3550 3434 3503 3504 3435 
3551 3435 3504 3505 3436 
3552 3436 3505 3506 3437 
3553 3437 3506 3507 3438 
3554 3438 3507 3508 3439 
3555 3439 3508 3509 3440 
3556 3440 3509 3510 3441 
3557 3441 3510 3511 3442 
3558 3442 3511 3512 3443 
3559 3443 3512 3513 3444 
3560 3444 3513 3514 3445 
3561 3445 3514 3515 3446 
3562 3446 3515 3516 3447 
3563 3447 3516 3517 3448 
3564 3448 3517 3518 3449 
3565 3449 3518 3519 3450 
3566 3450 3519 3520 3451 
3567 3451 3520 3521 3452 
3568 3452 3521 3522 3453 
3569 3453 3522 3523 3454 
3570 3454 3523 3524 3455 
3571 3455 3524 3525 3456 
3572 3456 3525 3526 3457 
3573 3457 3526 3527 3458 
3574 3458 3527 3528 3459 
3575 3459 3528 3529 3460 
3576 3460 3529 3530 3461 
3577 3461 3530 3531 3462 
3578 3462 3531 3532 3463 
3579 3463 3532 3533 3464 
3580 3464 3533 3534 3465 
3581 3465 3534 3535 3466 
3582 3466 3535 3536 3467 
3583 3467 3536 3537 3468 
3584 3468 3537 3538 3469 
3585 3469 3538 3539 3470 
3586 3470 3539 3540 3471 
3587 3471 3540 3541 3472 
3588 3472 3541 3542 3473 
3589 3473 3542 3543 3474 
3590 3474 3543 185 186 
3591 51 52 3544 3475 
3592 3475 3544 3545 3476 
3593 3476 3545 3546 3477 
3594 3477 3546 3547 3478 
3595 3478 3547 3548 3479 
3596 3479 3548 3549 3480 
3597 3480 3549 3550 3481 
3598 3481 3550 3551 3482 
3599 3482 3551 3552 3483 
3600 3483 3552 3553 3484 
3601 3484 3553 3554 3485 
3602 3485 3554 3555 3486 
3603 3486 3555 3556 3487 
3604 3487 3556 3557 3488 
3605 3488 3557 3558 3489 
3606 3489 3558 3559 3490 
3607 3490 3559 3560 3491 
3608 3491 3560 3561 3492 
3609 3492 3561 3562 3493 
3610 3493 3562 3563 3494 
3611 3494 3563 3564 3495 
3612 3495 3564 3565 3496 
3613 3496 3565 3566 3497 
3614 3497 3566 3567 3498 
3615 3498 3567 3568 3499 
3616 3499 3568 3569 3500 
3617 3500 3569 3570 3501 
3618 3501 3570 3571 3502 
3619 3502 3571 3572 3503 
3620 3503 3572 3573 3504 
3621 3504 3573 3574 3505 
3622 3505 3574 3575 3506 
3623 3506 3575 3576 3507 
3624 3507 3576 3577 3508 
3625 3508 3577 3578 3509 
3626 3509 3578 3579 3510 
3627 3510 3579 3580 3511 
3628 3511 3580 3581 3512 
3629 3512 3581 3582 3513 
3630 3513 3582 3583 3514 
3631 3514 3583 3584 3515 
3632 3515 3584 3585 3516 
3633 3516 3585 3586 3517 
3634 3517 3586 3587 3518 
3635 3518 3587 3588 3519 
3636 3519 3588 3589 3520 
3637 3520 3589 3590 3521 
3638 3521 3590 3591 3522 
3639 3522 3591 3592 3523 
3640 3523 3592 3593 3524 
3641 3524 3593 3594 3525 
3642 3525 3594 3595 3526 
3643 3526 3595 3596 3527 
3644 3527 3596 3597 3528 
3645 3528 3597 3598 3529 
3646 3529 3598 3599 3530 
3647 3530 3599 3600 3531 
3648 3531 3600 3601 3532 
3649 3532 3601 3602 3533 
3650 3533 3602 3603 3534 
3651 3534 3603 3604 3535 
3652 3535 3604 3605 3536 
3653 3536 3605 3606 3537 
3654 3537 3606 3607 3538 
3655 3538 3607 3608 3539 
3656 3539 3608 3609 3540 
3657 3540 3609 3610 3541 
3658 3541 3610 3611 3542 
3659 3542 3611 3612 3543 
3660 3543 3612 184 185 
3661 52 53 3613 3544 
3662 3544 3613 3614 3545 
3663 3545 3614 3615 3546 
3664 3546 3615 3616 3547 
3665 3547 3616 3617 3548 
3666 3548 3617 3618 3549 
3667 3549 3618 3619 3550 
3668 3550 3619 3620 3551 
3669 3551 3620 3621 3552 
3670 3552 3621 3622 3553 
3671 3553 3622 3623 3554 
3672 3554 3623 3624 3555 
3673 3555 3624 3625 3556 
3674 3556 3625 3626 3557 
3675 3557 3626 3627 3558 
3676 3558 3627 3628 3559 
3677 3559 3628 3629 3560 
3678 3560 3629 3630 3561 
3679 3561 3630 3631 3562 
3680 3562 3631 3632 3563 
3681 3563 3632 3633 3564 
3682 3564 3633 3634 3565 
3683 3565 3634 3635 3566 
3684 3566 3635 3636 3567 
3685 3567 3636 3637 3568 
3686 3568 3637 3638 3569 
3687 3569 3638 3639 3570 
3688 3570 3639 3640 3571 
3689 3571 3640 3641 3572 
3690 3572 3641 3642 3573 
3691 3573 3642 3643 3574 
3692 3574 3643 3644 3575 
3693 3575 3644 3645 3576 
3694 3576 3645 3646 3577 
3695 3577 3646 3647 3578 
3696 3578 3647 3648 3579 
3697 3579 3648 3649 3580 
3698 3580 3649 3650 3581 
3699 3581 3650 3651 3582 
3700 3582 3651 3652 3583 
3701 3583 3652 3653 3584 
3702 3584 3653 3654 3585 
3703 3585 3654 3655 3586 
3704 3586 3655 3656 3587 
3705 3587 3656 3657 3588 
3706 3588 3657 3658 3589 
3707 3589 3658 3659 3590 
3708 3590 3659 3660 3591 
3709 3591 3660 3661 3592 
3710 3592 3661 3662 3593 
3711 3593 3662 3663 3594 
3712 3594 3663 3664 3595 
3713 3595 3664 3665 3596 
3714 3596 3665 3666 3597 
3715 3597 3666 3667 3598 
3716 3598 3667 3668 3599 
3717 3599 3668 3669 3600 
3718 3600 3669 3670 3601 
3719 3601 3670 3671 3602 
3720 3602 3671 3672 3603 
3721 3603 3672 3673 3604 
3722 3604 3673 3674 3605 
3723 3605 3674 3675 3606 
3724 3606 3675 3676 3607 
3725 3607 3676 3677 3608 
3726 3608 3677 3678 3609 
3727 3609 3678 3679 3610 
3728 3610 3679 3680 3611 
3729 3611 3680 3681 3612 
3730 3612 3681 183 184 
3731 53 54 3682 3613 
3732 3613 3682 3683 3614 
3733 3614 3683 3684 3615 
3734 3615 3684 3685 3616 
3735 3616 3685 3686 3617 
3736 3617 3686 3687 3618 
3737 3618 3687 3688 3619 
3738 3619 3688 3689 3620 
3739 3620 3689 3690 3621 
3740 3621 3690 3691 3622 
3741 3622 3691 3692 3623 
3742 3623 3692 3693 3624 
3743 3624 3693 3694 3625 
3744 3625 3694 3695 3626 
3745 3626 3695 3696 3627 
3746 3627 3696 3697 3628 
3747 3628 3697 3698 3629 
3748 3629 3698 3699 3630 
3749 3630 3699 3700 3631 
3750 3631 3700 3701 3632 
3751 3632 3701 3702 3633 
3752 3633 3702 3703 3634 
3753 3634 3703 3704 3635 
3754 3635 3704 3705 3636 
3755 3636 3705 3706 3637 
3756 3637 3706 3707 3638 
3757 3638 3707 3708 3639 
3758 3639 3708 3709 3640 
3759 3640 3709 3710 3641 
3760 3641 3710 3711 3642 
3761 3642 3711 3712 3643 
3762 3643 3712 3713 3644 
3763 3644 3713 3714 3645 
3764 3645 3714 3715 3646 
3765 3646 3715 3716 3647 
3766 3647 3716 3717 3648 
3767 3648 3717 3718 3649 
3768 3649 3718 3719 3650 
3769 3650 3719 3720 3651 
3770 3651 3720 3721 3652 
3771 3652 3721 3722 3653 
3772 3653 3722 3723 3654 
3773 3654 3723 3724 3655 
3774 3655 3724 3725 3656 
3775 3656 3725 3726 3657 
3776 3657 3726 3727 3658 
3777 3658 3727 3728 3659 
3778 3659 3728 3729 3660 
3779 3660 3729 3730 3661 
3780 3661 3730 3731 3662 
3781 3662 3731 3732 3663 
3782 3663 3732 3733 3664 
3783 3664 3733 3734 3665 
3784 3665 3734 3735 3666 
3785 3666 3735 3736 3667 
3786 3667 3736 3737 3668 
3787 3668 3737 3738 3669 
3788 3669 3738 3739 3670 
3789 3670 3739 3740 3671 
3790 3671 3740 3741 3672 
3791 3672 3741 3742 3673 
3792 3673 3742 3743 3674 
3793 3674 3743 3744 3675 
3794 3675 3744 3745 3676 
3795 3676 3745 3746 3677 
3796 3677 3746 3747 3678 
3797 3678 3747 3748 3679 
3798 3679 3748 3749 3680 
3799 3680 3749 3750 3681 
3800 3681 3750 182 183 
3801 54 55 3751 3682 
3802 3682 3751 3752 3683 
3803 3683 3752 3753 3684 
3804 3684 3753 3754 3685 
3805 3685 3754 3755 3686 
3806 3686 3755 3756 3687 
3807 3687 3756 3757 3688 
3808 3688 3757 3758 3689 
3809 3689 3758 3759 3690 
3810 3690 3759 3760 3691 
3811 3691 3760 3761 3692 
3812 3692 3761 3762 3693 
3813 3693 3762 3763 3694 
3814 3694 3763 3764 3695 
3815 3695 3764 3765 3696 
3816 3696 3765 3766 3697 
3817 3697 3766 3767 3698 
3818 3698 3767 3768 3699 
3819 3699 3768 3769 3700 
3820 3700 3769 3770 3701 
3821 3701 3770 3771 3702 
3822 3702 3771 3772 3703 
3823 3703 3772 3773 3704 
3824 3704 3773 3774 3705 
3825 3705 3774 3775 3706 
3826 3706 3775 3776 3707 
3827 3707 3776 3777 3708 
3828 3708 3777 3778 3709 
3829 3709 3778 3779 3710 
3830 3710 3779 3780 3711 
3831 3711 3780 3781 3712 
3832 3712 3781 3782 3713 
3833 3713 3782 3783 3714 
3834 3714 3783 3784 3715 
3835 3715 3784 3785 3716 
3836 3716 3785 3786 3717 
3837 3717 3786 3787 3718 
3838 3718 3787 3788 3719 
3839 3719 3788 3789 3720 
3840 3720 3789 3790 3721 
3841 3721 3790 3791 3722 
3842 3722 3791 3792 3723 
3843 3723 3792 3793 3724 
3844 3724 3793 3794 3725 
3845 3725 3794 3795 3726 
3846 3726 3795 3796 3727 
3847 3727 3796 3797 3728 
3848 3728 3797 3798 3729 
3849 3729 3798 3799 3730 
3850 3730 3799 3800 3731 
3851 3731 3800 3801 3732 
3852 3732 3801 3802 3733 
3853 3733 3802 3803 3734 
3854 3734 3803 3804 3735 
3855 3735 3804 3805 3736 
3856 3736 3805 3806 3737 
3857 3737 3806 3807 3738 
3858 3738 3807 3808 3739 
3859 3739 3808 3809 3740 
3860 3740 3809 3810 3741 
3861 3741 3810 3811 3742 
3862 3742 3811 3812 3743 
3863 3743 3812 3813 3744 
3864 3744 3813 3814 3745 
3865 3745 3814 3815 3746 
3866 3746 3815 3816 3747 
3867 3747 3816 3817 3748 
3868 3748 3817 3818 3749 
3869 3749 3818 3819 3750 
3870 3750 3819 181 182 
3871 55 56 3820 3751 
3872 3751 3820 3821 3752 
3873 3752 3821 3822 3753 
3874 3753 3822 3823 3754 
3875 3754 3823 3824 3755 
3876 3755 3824 3825 3756 
3877 3756 3825 3826 3757 
3878 3757 3826 3827 3758 
3879 3758 3827 3828 3759 
3880 3759 3828 3829 3760 
3881 3760 3829 3830 3761 
3882 3761 3830 3831 3762 
3883 3762 3831 3832 3763 
3884 3763 3832 3833 3764 
3885 3764 3833 3834 3765 
3886 3765 3834 3835 3766 
3887 3766 3835 3836 3767 
3888 3767 3836 3837 3768 
3889 3768 3837 3838 3769 
3890 3769 3838 3839 3770 
3891 3770 3839 3840 3771 
3892 3771 3840 3841 3772 
3893 3772 3841 3842 3773 
3894 3773 3842 3843 3774 
3895 3774 3843 3844 3775 
3896 3775 3844 3845 3776 
3897 3776 3845 3846 3777 
3898 3777 3846 3847 3778 
3899 3778 3847 3848 3779 
3900 3779 3848 3849 3780 
3901 3780 3849 3850 3781 
3902 3781 3850 3851 3782 
3903 3782 3851 3852 3783 
3904 3783 3852 3853 3784 
3905 3784 3853 3854 3785 
3906 3785 3854 3855 3786 
3907 3786 3855 3856 3787 
3908 3787 3856 3857 3788 
3909 3788 3857 3858 3789 
3910 3789 3858 3859 3790 
3911 3790 3859 3860 3791 
3912 3791 3860 3861 3792 
3913 3792 3861 3862 3793 
3914 3793 3862 3863 3794 
3915 3794 3863 3864 3795 
3916 3795 3864 3865 3796 
3917 3796 3865 3866 3797 
3918 3797 3866 3867 3798 
3919 3798 3867 3868 3799 
3920 3799 3868 3869 3800 
3921 3800 3869 3870 3801 
3922 3801 3870 3871 3802 
3923 3802 3871 3872 3803 
3924 3803 3872 3873 3804 
3925 3804 3873 3874 3805 
3926 3805 3874 3875 3806 
3927 3806 3875 3876 3807 
3928 3807 3876 3877 3808 
3929 3808 3877 3878 3809 
3930 3809 3878 3879 3810 
3931 3810 3879 3880 3811 
3932 3811 3880 3881 3812 
3933 3812 3881 3882 3813 
3934 3813 3882 3883 3814 
3935 3814 3883 3884 3815 
3936 3815 3884 3885 3816 
3937 3816 3885 3886 3817 
3938 3817 3886 3887 3818 
3939 3818 3887 3888 3819 
3940 3819 3888 180 181 
3941 56 57 3889 3820 
3942 3820 3889 3890 3821 
3943 3821 3890 3891 3822 
3944 3822 3891 3892 3823 
3945 3823 3892 3893 3824 
3946 3824 3893 3894 3825 
3947 3825 3894 3895 3826 
3948 3826 3895 3896 3827 
3949 3827 3896 3897 3828 
3950 3828 3897 3898 3829 
3951 3829 3898 3899 3830 
3952 3830 3899 3900 3831 
3953 3831 3900 3901 3832 
3954 3832 3901 3902 3833 
3955 3833 3902 3903 3834 
3956 3834 3903 3904 3835 
3957 3835 3904 3905 3836 
3958 3836 3905 3906 3837 
3959 3837 3906 3907 3838 
3960 3838 3907 3908 3839 
3961 3839 3908 3909 3840 
3962 3840 3909 3910 3841 
3963 3841 3910 3911 3842 
3964 3842 3911 3912 3843 
3965 3843 3912 3913 3844 
3966 3844 3913 3914 3845 
3967 3845 3914 3915 3846 
3968 3846 3915 3916 3847 
3969 3847 3916 3917 3848 
3970 3848 3917 3918 3849 
3971 3849 3918 3919 3850 
3972 3850 3919 3920 3851 
3973 3851 3920 3921 3852 
3974 3852 3921 3922 3853 
3975 3853 3922 3923 3854 
3976 3854 3923 3924 3855 
3977 3855 3924 3925 3856 
3978 3856 3925 3926 3857 
3979 3857 3926 3927 3858 
3980 3858 3927 3928 3859 
3981 3859 3928 3929 3860 
3982 3860 3929 3930 3861 
3983 3861 3930 3931 3862 
3984 3862 3931 3932 3863 
3985 3863 3932 3933 3864 
3986 3864 3933 3934 3865 
3987 3865 3934 3935 3866 
3988 3866 3935 3936 3867 
3989 3867 3936 3937 3868 
3990 3868 3937 3938 3869 
3991 3869 3938 3939 3870 
3992 3870 3939 3940 3871 
3993 3871 3940 3941 3872 
3994 3872 3941 3942 3873 
3995 3873 3942 3943 3874 
3996 3874 3943 3944 3875 
3997 3875 3944 3945 3876 
3998 3876 3945 3946 3877 
3999 3877 3946 3947 3878 
4000 3878 3947 3948 3879 
4001 3879 3948 3949 3880 
4002 3880 3949 3950 3881 
4003 3881 3950 3951 3882 
4004 3882 3951 3952 3883 
4005 3883 3952 3953 3884 
4006 3884 3953 3954 3885 
4007 3885 3954 3955 3886 
4008 3886 3955 3956 3887 
4009 3887 3956 3957 3888 
4010 3888 3957 179 180 
4011 57 58 3958 3889 
4012 3889 3958 3959 3890 
4013 3890 3959 3960 3891 
4014 3891 3960 3961 3892 
4015 3892 3961 3962 3893 
4016 3893 3962 3963 3894 
4017 3894 3963 3964 3895 
4018 3895 3964 3965 3896 
4019 3896 3965 3966 3897 
4020 3897 3966 3967 3898 
4021 3898 3967 3968 3899 
4022 3899 3968 3969 3900 
4023 3900 3969 3970 3901 
4024 3901 3970 3971 3902 
4025 3902 3971 3972 3903 
4026 3903 3972 3973 3904 
4027 3904 3973 3974 3905 
4028 3905 3974 3975 3906 
4029 3906 3975 3976 3907 
4030 3907 3976 3977 3908 
4031 3908 3977 3978 3909 
4032 3909 3978 3979 3910 
4033 3910 3979 3980 3911 
4034 3911 3980 3981 3912 
4035 3912 3981 3982 3913 
4036 3913 3982 3983 3914 
4037 3914 3983 3984 3915 
4038 3915 3984 3985 3916 
4039 3916 3985 3986 3917 
4040 3917 3986 3987 3918 
4041 3918 3987 3988 3919 
4042 3919 3988 3989 3920 
4043 3920 3989 3990 3921 
4044 3921 3990 3991 3922 
4045 3922 3991 3992 3923 
4046 3923 3992 3993 3924 
4047 3924 3993 3994 3925 
4048 3925 3994 3995 3926 
4049 3926 3995 3996 3927 
4050 3927 3996 3997 3928 
4051 3928 3997 3998 3929 
4052 3929 3998 3999 3930 
4053 3930 3999 4000 3931 
4054 3931 4000 4001 3932 
4055 3932 4001 4002 3933 
4056 3933 4002 4003 3934 
4057 3934 4003 4004 3935 
4058 3935 4004 4005 3936 
4059 3936 4005 4006 3937 
4060 3937 4006 4007 3938 
4061 3938 4007 4008 3939 
4062 3939 4008 4009 3940 
4063 3940 4009 4010 3941 
4064 3941 4010 4011 3942 
4065 3942 4011 4012 3943 
4066 3943 4012 4013 3944 
4067 3944 4013 4014 3945 
4068 3945 4014 4015 3946 
4069 3946 4015 4016 3947 
4070 3947 4016 4017 3948 
4071 3948 4017 4018 3949 
4072 3949 4018 4019 3950 
4073 3950 4019 4020 3951 
4074 3951 4020 4021 3952 
4075 3952 4021 4022 3953 
4076 3953 4022 4023 3954 
4077 3954 4023 4024 3955 
4078 3955 4024 4025 3956 
4079 3956 4025 4026 3957 
4080 3957 4026 178 179 
4081 58 59 4027 3958 
4082 3958 4027 4028 3959 
4083 3959 4028 4029 3960 
4084 3960 4029 4030 3961 
4085 3961 4030 4031 3962 
4086 3962 4031 4032 3963 
4087 3963 4032 4033 3964 
4088 3964 4033 4034 3965 
4089 3965 4034 4035 3966 
4090 3966 4035 4036 3967 
4091 3967 4036 4037 3968 
4092 3968 4037 4038 3969 
4093 3969 4038 4039 3970 
4094 3970 4039 4040 3971 
4095 3971 4040 4041 3972 
4096 3972 4041 4042 3973 
4097 3973 4042 4043 3974 
4098 3974 4043 4044 3975 
4099 3975 4044 4045 3976 
4100 3976 4045 4046 3977 
4101 3977 4046 4047 3978 
4102 3978 4047 4048 3979 
4103 3979 4048 4049 3980 
4104 3980 4049 4050 3981 
4105 3981 4050 4051 3982 
4106 3982 4051 4052 3983 
4107 3983 4052 4053 3984 
4108 3984 4053 4054 3985 
4109 3985 4054 4055 3986 
4110 3986 4055 4056 3987 
4111 3987 4056 4057 3988 
4112 3988 4057 4058 3989 
4113 3989 4058 4059 3990 
4114 3990 4059 4060 3991 
4115 3991 4060 4061 3992 
4116 3992 4061 4062 3993 
4117 3993 4062 4063 3994 
4118 3994 4063 4064 3995 
4119 3995 4064 4065 3996 
4120 3996 4065 4066 3997 
4121 3997 4066 4067 3998 
4122 3998 4067 4068 3999 
4123 3999 4068 4069 4000 
4124 4000 4069 4070 4001 
4125 4001 4070 4071 4002 
4126 4002 4071 4072 4003 
4127 4003 4072 4073 4004 
4128 4004 4073 4074 4005 
4129 4005 4074 4075 4006 
4130 4006 4075 4076 4007 
4131 4007 4076 4077 4008 
4132 4008 4077 4078 4009 
4133 4009 4078 4079 4010 
4134 4010 4079 4080 4011 
4135 4011 4080 4081 4012 
4136 4012 4081 4082 4013 
4137 4013 4082 4083 4014 
4138 4014 4083 4084 4015 
4139 4015 4084 4085 4016 
4140 4016 4085 4086 4017 
4141 4017 4086 4087 4018 
4142 4018 4087 4088 4019 
4143 4019 4088 4089 4020 
4144 4020 4089 4090 4021 
4145 4021 4090 4091 4022 
4146 4022 4091 4092 4023 
4147 4023 4092 4093 4024 
4148 4024 4093 4094 4025 
4149 4025 4094 4095 4026 
4150 4026 4095 177 178 
4151 59 60 4096 4027 
4152 4027 4096 4097 4028 
4153 4028 4097 4098 4029 
4154 4029 4098 4099 4030 
4155 4030 4099 4100 4031 
4156 4031 4100 4101 4032 
4157 4032 4101 4102 4033 
4158 4033 4102 4103 4034 
4159 4034 4103 4104 4035 
4160 4035 4104 4105 4036 
4161 4036 4105 4106 4037 
4162 4037 4106 4107 4038 
4163 4038 4107 4108 4039 
4164 4039 4108 4109 4040 
4165 4040 4109 4110 4041 
4166 4041 4110 4111 4042 
4167 4042 4111 4112 4043 
4168 4043 4112 4113 4044 
4169 4044 4113 4114 4045 
4170 4045 4114 4115 4046 
4171 4046 4115 4116 4047 
4172 4047 4116 4117 4048 
4173 4048 4117 4118 4049 
4174 4049 4118 4119 4050 
4175 4050 4119 4120 4051 
4176 4051 4120 4121 4052 
4177 4052 4121 4122 4053 
4178 4053 4122 4123 4054 
4179 4054 4123 4124 4055 
4180 4055 4124 4125 4056 
4181 4056 4125 4126 4057 
4182 4057 4126 4127 4058 
4183 4058 4127 4128 4059 
4184 4059 4128 4129 4060 
4185 4060 4129 4130 4061 
4186 4061 4130 4131 4062 
4187 4062 4131 4132 4063 
4188 4063 4132 4133 4064 
4189 4064 4133 4134 4065 
4190 4065 4134 4135 4066 
4191 4066 4135 4136 4067 
4192 4067 4136 4137 4068 
4193 4068 4137 4138 4069 
4194 4069 4138 4139 4070 
4195 4070 4139 4140 4071 
4196 4071 4140 4141 4072 
4197 4072 4141 4142 4073 
4198 4073 4142 4143 4074 
4199 4074 4143 4144 4075 
4200 4075 4144 4145 4076 
4201 4076 4145 4146 4077 
4202 4077 4146 4147 4078 
4203 4078 4147 4148 4079 
4204 4079 4148 4149 4080 
4205 4080 4149 4150 4081 
4206 4081 4150 4151 4082 
4207 4082 4151 4152 4083 
4208 4083 4152 4153 4084 
4209 4084 4153 4154 4085 
4210 4085 4154 4155 4086 
4211 4086 4155 4156 4087 
4212 4087 4156 4157 4088 
4213 4088 4157 4158 4089 
4214 4089 4158 4159 4090 
4215 4090 4159 4160 4091 
4216 4091 4160 4161 4092 
4217 4092 4161 4162 4093 
4218 4093 4162 4163 4094 
4219 4094 4163 4164 4095 
4220 4095 4164 176 177 
4221 60 61 4165 4096 
4222 4096 4165 4166 4097 
4223 4097 4166 4167 4098 
4224 4098 4167 4168 4099 
4225 4099 4168 4169 4100 
4226 4100 4169 4170 4101 
4227 4101 4170 4171 4102 
4228 4102 4171 4172 4103 
4229 4103 4172 4173 4104 
4230 4104 4173 4174 4105 
4231 4105 4174 4175 4106 
4232 4106 4175 4176 4107 
4233 4107 4176 4177 4108 
4234 4108 4177 4178 4109 
4235 4109 4178 4179 4110 
4236 4110 4179 4180 4111 
4237 4111 4180 4181 4112 
4238 4112 4181 4182 4113 
4239 4113 4182 4183 4114 
4240 4114 4183 4184 4115 
4241 4115 4184 4185 4116 
4242 4116 4185 4186 4117 
4243 4117 4186 4187 4118 
4244 4118 4187 4188 4119 
4245 4119 4188 4189 4120 
4246 4120 4189 4190 4121 
4247 4121 4190 4191 4122 
4248 4122 4191 4192 4123 
4249 4123 4192 4193 4124 
4250 4124 4193 4194 4125 
4251 4125 4194 4195 4126 
4252 4126 4195 4196 4127 
4253 4127 4196 4197 4128 
4254 4128 4197 4198 4129 
4255 4129 4198 4199 4130 
4256 4130 4199 4200 4131 
4257 4131 4200 4201 4132 
4258 4132 4201 4202 4133 
4259 4133 4202 4203 4134 
4260 4134 4203 4204 4135 
4261 4135 4204 4205 4136 
4262 4136 4205 4206 4137 
4263 4137 4206 4207 4138 
4264 4138 4207 4208 4139 
4265 4139 4208 4209 4140 
4266 4140 4209 4210 4141 
4267 4141 4210 4211 4142 
4268 4142 4211 4212 4143 
4269 4143 4212 4213 4144 
4270 4144 4213 4214 4145 
4271 4145 4214 4215 4146 
4272 4146 4215 4216 4147 
4273 4147 4216 4217 4148 
4274 4148 4217 4218 4149 
4275 4149 4218 4219 4150 
4276 4150 4219 4220 4151 
4277 4151 4220 4221 4152 
4278 4152 4221 4222 4153 
4279 4153 4222 4223 4154 
4280 4154 4223 4224 4155 
4281 4155 4224 4225 4156 
4282 4156 4225 4226 4157 
4283 4157 4226 4227 4158 
4284 4158 4227 4228 4159 
4285 4159 4228 4229 4160 
4286 4160 4229 4230 4161 
4287 4161 4230 4231 4162 
4288 4162 4231 4232 4163 
4289 4163 4232 4233 4164 
4290 4164 4233 175 176 
4291 61 62 4234 4165 
4292 4165 4234 4235 4166 
4293 4166 4235 4236 4167 
4294 4167 4236 4237 4168 
4295 4168 4237 4238 4169 
4296 4169 4238 4239 4170 
4297 4170 4239 4240 4171 
4298 4171 4240 4241 4172 
4299 4172 4241 4242 4173 
4300 4173 4242 4243 4174 
4301 4174 4243 4244 4175 
4302 4175 4244 4245 4176 
4303 4176 4245 4246 4177 
4304 4177 4246 4247 4178 
4305 4178 4247 4248 4179 
4306 4179 4248 4249 4180 
4307 4180 4249 4250 4181 
4308 4181 4250 4251 4182 
4309 4182 4251 4252 4183 
4310 4183 4252 4253 4184 
4311 4184 4253 4254 4185 
4312 4185 4254 4255 4186 
4313 4186 4255 4256 4187 
4314 4187 4256 4257 4188 
4315 4188 4257 4258 4189 
4316 4189 4258 4259 4190 
4317 4190 4259 4260 4191 
4318 4191 4260 4261 4192 
4319 4192 4261 4262 4193 
4320 4193 4262 4263 4194 
4321 4194 4263 4264 4195 
4322 4195 4264 4265 4196 
4323 4196 4265 4266 4197 
4324 4197 4266 4267 4198 
4325 4198 4267 4268 4199 
4326 4199 4268 4269 4200 
4327 4200 4269 4270 4201 
4328 4201 4270 4271 4202 
4329 4202 4271 4272 4203 
4330 4203 4272 4273 4204 
4331 4204 4273 4274 4205 
4332 4205 4274 4275 4206 
4333 4206 4275 4276 4207 
4334 4207 4276 4277 4208 
4335 4208 4277 4278 4209 
4336 4209 4278 4279 4210 
4337 4210 4279 4280 4211 
4338 4211 4280 4281 4212 
4339 4212 4281 4282 4213 
4340 4213 4282 4283 4214 
4341 4214 4283 4284 4215 
4342 4215 4284 4285 4216 
4343 4216 4285 4286 4217 
4344 4217 4286 4287 4218 
4345 4218 4287 4288 4219 
4346 4219 4288 4289 4220 
4347 4220 4289 4290 4221 
4348 4221 4290 4291 4222 
4349 4222 4291 4292 4223 
4350 4223 4292 4293 4224 
4351 4224 4293 4294 4225 
4352 4225 4294 4295 4226 
4353 4226 4295 4296 4227 
4354 4227 4296 4297 4228 
4355 4228 4297 4298 4229 
4356 4229 4298 4299 4230 
4357 4230 4299 4300 4231 
4358 4231 4300 4301 4232 
4359 4232 4301 4302 4233 
4360 4233 4302 174 175 
4361 62 63 4303 4234 
4362 4234 4303 4304 4235 
4363 4235 4304 4305 4236 
4364 4236 4305 4306 4237 
4365 4237 4306 4307 4238 
4366 4238 4307 4308 4239 
4367 4239 4308 4309 4240 
4368 4240 4309 4310 4241 
4369 4241 4310 4311 4242 
4370 4242 4311 4312 4243 
4371 4243 4312 4313 4244 
4372 4244 4313 4314 4245 
4373 4245 4314 4315 4246 
4374 4246 4315 4316 4247 
4375 4247 4316 4317 4248 
4376 4248 4317 4318 4249 
4377 4249 4318 4319 4250 
4378 4250 4319 4320 4251 
4379 4251 4320 4321 4252 
4380 4252 4321 4322 4253 
4381 4253 4322 4323 4254 
4382 4254 4323 4324 4255 
4383 4255 4324 4325 4256 
4384 4256 4325 4326 4257 
4385 4257 4326 4327 4258 
4386 4258 4327 4328 4259 
4387 4259 4328 4329 4260 
4388 4260 4329 4330 4261 
4389 4261 4330 4331 4262 
4390 4262 4331 4332 4263 
4391 4263 4332 4333 4264 
4392 4264 4333 4334 4265 
4393 4265 4334 4335 4266 
4394 4266 4335 4336 4267 
4395 4267 4336 4337 4268 
4396 4268 4337 4338 4269 
4397 4269 4338 4339 4270 
4398 4270 4339 4340 4271 
4399 4271 4340 4341 4272 
4400 4272 4341 4342 4273 
4401 4273 4342 4343 4274 
4402 4274 4343 4344 4275 
4403 4275 4344 4345 4276 
4404 4276 4345 4346 4277 
4405 4277 4346 4347 4278 
4406 4278 4347 4348 4279 
4407 4279 4348 4349 4280 
4408 4280 4349 4350 4281 
4409 4281 4350 4351 4282 
4410 4282 4351 4352 4283 
4411 4283 4352 4353 4284 
4412 4284 4353 4354 4285 
4413 4285 4354 4355 4286 
4414 4286 4355 4356 4287 
4415 4287 4356 4357 4288 
4416 4288 4357 4358 4289 
4417 4289 4358 4359 4290 
4418 4290 4359 4360 4291 
4419 4291 4360 4361 4292 
4420 4292 4361 4362 4293 
4421 4293 4362 4363 4294 
4422 4294 4363 4364 4295 
4423 4295 4364 4365 4296 
4424 4296 4365 4366 4297 
4425 4297 4366 4367 4298 
4426 4298 4367 4368 4299 
4427 4299 4368 4369 4300 
4428 4300 4369 4370 4301 
4429 4301 4370 4371 4302 
4430 4302 4371 173 174 
4431 63 64 4372 4303 
4432 4303 4372 4373 4304 
4433 4304 4373 4374 4305 
4434 4305 4374 4375 4306 
4435 4306 4375 4376 4307 
4436 4307 4376 4377 4308 
4437 4308 4377 4378 4309 
4438 4309 4378 4379 4310 
4439 4310 4379 4380 4311 
4440 4311 4380 4381 4312 
4441 4312 4381 4382 4313 
4442 4313 4382 4383 4314 
4443 4314 4383 4384 4315 
4444 4315 4384 4385 4316 
4445 4316 4385 4386 4317 
4446 4317 4386 4387 4318 
4447 4318 4387 4388 4319 
4448 4319 4388 4389 4320 
4449 4320 4389 4390 4321 
4450 4321 4390 4391 4322 
4451 4322 4391 4392 4323 
4452 4323 4392 4393 4324 
4453 4324 4393 4394 4325 
4454 4325 4394 4395 4326 
4455 4326 4395 4396 4327 
4456 4327 4396 4397 4328 
4457 4328 4397 4398 4329 
4458 4329 4398 4399 4330 
4459 4330 4399 4400 4331 
4460 4331 4400 4401 4332 
4461 4332 4401 4402 4333 
4462 4333 4402 4403 4334 
4463 4334 4403 4404 4335 
4464 4335 4404 4405 4336 
4465 4336 4405 4406 4337 
4466 4337 4406 4407 4338 
4467 4338 4407 4408 4339 
4468 4339 4408 4409 4340 
4469 4340 4409 4410 4341 
4470 4341 4410 4411 4342 
4471 4342 4411 4412 4343 
4472 4343 4412 4413 4344 
4473 4344 4413 4414 4345 
4474 4345 4414 4415 4346 
4475 4346 4415 4416 4347 
4476 4347 4416 4417 4348 
4477 4348 4417 4418 4349 
4478 4349 4418 4419 4350 
4479 4350 4419 4420 4351 
4480 4351 4420 4421 4352 
4481 4352 4421 4422 4353 
4482 4353 4422 4423 4354 
4483 4354 4423 4424 4355 
4484 4355 4424 4425 4356 
4485 4356 4425 4426 4357 
4486 4357 4426 4427 4358 
4487 4358 4427 4428 4359 
4488 4359 4428 4429 4360 
4489 4360 4429 4430 4361 
4490 4361 4430 4431 4362 
4491 4362 4431 4432 4363 
4492 4363 4432 4433 4364 
4493 4364 4433 4434 4365 
4494 4365 4434 4435 4366 
4495 4366 4435 4436 4367 
4496 4367 4436 4437 4368 
4497 4368 4437 4438 4369 
4498 4369 4438 4439 4370 
4499 4370 4439 4440 4371 
4500 4371 4440 172 173 
4501 64 65 4441 4372 
4502 4372 4441 4442 4373 
4503 4373 4442 4443 4374 
4504 4374 4443 4444 4375 
4505 4375 4444 4445 4376 
4506 4376 4445 4446 4377 
4507 4377 4446 4447 4378 
4508 4378 4447 4448 4379 
4509 4379 4448 4449 4380 
4510 4380 4449 4450 4381 
4511 4381 4450 4451 4382 
4512 4382 4451 4452 4383 
4513 4383 4452 4453 4384 
4514 4384 4453 4454 4385 
4515 4385 4454 4455 4386 
4516 4386 4455 4456 4387 
4517 4387 4456 4457 4388 
4518 4388 4457 4458 4389 
4519 4389 4458 4459 4390 
4520 4390 4459 4460 4391 
4521 4391 4460 4461 4392 
4522 4392 4461 4462 4393 
4523 4393 4462 4463 4394 
4524 4394 4463 4464 4395 
4525 4395 4464 4465 4396 
4526 4396 4465 4466 4397 
4527 4397 4466 4467 4398 
4528 4398 4467 4468 4399 
4529 4399 4468 4469 4400 
4530 4400 4469 4470 4401 
4531 4401 4470 4471 4402 
4532 4402 4471 4472 4403 
4533 4403 4472 4473 4404 
4534 4404 4473 4474 4405 
4535 4405 4474 4475 4406 
4536 4406 4475 4476 4407 
4537 4407 4476 4477 4408 
4538 4408 4477 4478 4409 
4539 4409 4478 4479 4410 
4540 4410 4479 4480 4411 
4541 4411 4480 4481 4412 
4542 4412 4481 4482 4413 
4543 4413 4482 4483 4414 
4544 4414 4483 4484 4415 
4545 4415 4484 4485 4416 
4546 4416 4485 4486 4417 
4547 4417 4486 4487 4418 
4548 4418 4487 4488 4419 
4549 4419 4488 4489 4420 
4550 4420 4489 4490 4421 
4551 4421 4490 4491 4422 
4552 4422 4491 4492 4423 
4553 4423 4492 4493 4424 
4554 4424 4493 4494 4425 
4555 4425 4494 4495 4426 
4556 4426 4495 4496 4427 
4557 4427 4496 4497 4428 
4558 4428 4497 4498 4429 
4559 4429 4498 4499 4430 
4560 4430 4499 4500 4431 
4561 4431 4500 4501 4432 
4562 4432 4501 4502 4433 
4563 4433 4502 4503 4434 
4564 4434 4503 4504 4435 
4565 4435 4504 4505 4436 
4566 4436 4505 4506 4437 
4567 4437 4506 4507 4438 
4568 4438 4507 4508 4439 
4569 4439 4508 4509 4440 
4570 4440 4509 171 172 
4571 65 66 4510 4441 
4572 4441 4510 4511 4442 
4573 4442 4511 4512 4443 
4574 4443 4512 4513 4444 
4575 4444 4513 4514 4445 
4576 4445 4514 4515 4446 
4577 4446 4515 4516 4447 
4578 4447 4516 4517 4448 
4579 4448 4517 4518 4449 
4580 4449 4518 4519 4450 
4581 4450 4519 4520 4451 
4582 4451 4520 4521 4452 
4583 4452 4521 4522 4453 
4584 4453 4522 4523 4454 
4585 4454 4523 4524 4455 
4586 4455 4524 4525 4456 
4587 4456 4525 4526 4457 
4588 4457 4526 4527 4458 
4589 4458 4527 4528 4459 
4590 4459 4528 4529 4460 
4591 4460 4529 4530 4461 
4592 4461 4530 4531 4462 
4593 4462 4531 4532 4463 
4594 4463 4532 4533 4464 
4595 4464 4533 4534 4465 
4596 4465 4534 4535 4466 
4597 4466 4535 4536 4467 
4598 4467 4536 4537 4468 
4599 4468 4537 4538 4469 
4600 4469 4538 4539 4470 
4601 4470 4539 4540 4471 
4602 4471 4540 4541 4472 
4603 4472 4541 4542 4473 
4604 4473 4542 4543 4474 
4605 4474 4543 4544 4475 
4606 4475 4544 4545 4476 
4607 4476 4545 4546 4477 
4608 4477 4546 4547 4478 
4609 4478 4547 4548 4479 
4610 4479 4548 4549 4480 
4611 4480 4549 4550 4481 
4612 4481 4550 4551 4482 
4613 4482 4551 4552 4483 
4614 4483 4552 4553 4484 
4615 4484 4553 4554 4485 
4616 4485 4554 4555 4486 
4617 4486 4555 4556 4487 
4618 4487 4556 4557 4488 
4619 4488 4557 4558 4489 
4620 4489 4558 4559 4490 
4621 4490 4559 4560 4491 
4622 4491 4560 4561 4492 
4623 4492 4561 4562 4493 
4624 4493 4562 4563 4494 
4625 4494 4563 4564 4495 
4626 4495 4564 4565 4496 
4627 4496 4565 4566 4497 
4628 4497 4566 4567 4498 
4629 4498 4567 4568 4499 
4630 4499 4568 4569 4500 
4631 4500 4569 4570 4501 
4632 4501 4570 4571 4502 
4633 4502 4571 4572 4503 
4634 4503 4572 4573 4504 
4635 4504 4573 4574 4505 
4636 4505 4574 4575 4506 
4637 4506 4575 4576 4507 
4638 4507 4576 4577 4508 
4639 4508 4577 4578 4509 
4640 4509 4578 170 171 
4641 66 67 4579 4510 
4642 4510 4579 4580 4511 
4643 4511 4580 4581 4512 
4644 4512 4581 4582 4513 
4645 4513 4582 4583 4514 
4646 4514 4583 4584 4515 
4647 4515 4584 4585 4516 
4648 4516 4585 4586 4517 
4649 4517 4586 4587 4518 
4650 4518 4587 4588 4519 
4651 4519 4588 4589 4520 
4652 4520 4589 4590 4521 
4653 4521 4590 4591 4522 
4654 4522 4591 4592 4523 
4655 4523 4592 4593 4524 
4656 4524 4593 4594 4525 
4657 4525 4594 4595 4526 
4658 4526 4595 4596 4527 
4659 4527 4596 4597 4528 
4660 4528 4597 4598 4529 
4661 4529 4598 4599 4530 
4662 4530 4599 4600 4531 
4663 4531 4600 4601 4532 
4664 4532 4601 4602 4533 
4665 4533 4602 4603 4534 
4666 4534 4603 4604 4535 
4667 4535 4604 4605 4536 
4668 4536 4605 4606 4537 
4669 4537 4606 4607 4538 
4670 4538 4607 4608 4539 
4671 4539 4608 4609 4540 
4672 4540 4609 4610 4541 
4673 4541 4610 4611 4542 
4674 4542 4611 4612 4543 
4675 4543 4612 4613 4544 
4676 4544 4613 4614 4545 
4677 4545 4614 4615 4546 
4678 4546 4615 4616 4547 
4679 4547 4616 4617 4548 
4680 4548 4617 4618 4549 
4681 4549 4618 4619 4550 
4682 4550 4619 4620 4551 
4683 4551 4620 4621 4552 
4684 4552 4621 4622 4553 
4685 4553 4622 4623 4554 
4686 4554 4623 4624 4555 
4687 4555 4624 4625 4556 
4688 4556 4625 4626 4557 
4689 4557 4626 4627 4558 
4690 4558 4627 4628 4559 
4691 4559 4628 4629 4560 
4692 4560 4629 4630 4561 
4693 4561 4630 4631 4562 
4694 4562 4631 4632 4563 
4695 4563 4632 4633 4564 
4696 4564 4633 4634 4565 
4697 4565 4634 4635 4566 
4698 4566 4635 4636 4567 
4699 4567 4636 4637 4568 
4700 4568 4637 4638 4569 
4701 4569 4638 4639 4570 
4702 4570 4639 4640 4571 
4703 4571 4640 4641 4572 
4704 4572 4641 4642 4573 
4705 4573 4642 4643 4574 
4706 4574 4643 4644 4575 
4707 4575 4644 4645 4576 
4708 4576 4645 4646 4577 
4709 4577 4646 4647 4578 
4710 4578 4647 169 170 
4711 67 68 4648 4579 
4712 4579 4648 4649 4580 
4713 4580 4649 4650 4581 
4714 4581 4650 4651 4582 
4715 4582 4651 4652 4583 
4716 4583 4652 4653 4584 
4717 4584 4653 4654 4585 
4718 4585 4654 4655 4586 
4719 4586 4655 4656 4587 
4720 4587 4656 4657 4588 
4721 4588 4657 4658 4589 
4722 4589 4658 4659 4590 
4723 4590 4659 4660 4591 
4724 4591 4660 4661 4592 
4725 4592 4661 4662 4593 
4726 4593 4662 4663 4594 
4727 4594 4663 4664 4595 
4728 4595 4664 4665 4596 
4729 4596 4665 4666 4597 
4730 4597 4666 4667 4598 
4731 4598 4667 4668 4599 
4732 4599 4668 4669 4600 
4733 4600 4669 4670 4601 
4734 4601 4670 4671 4602 
4735 4602 4671 4672 4603 
4736 4603 4672 4673 4604 
4737 4604 4673 4674 4605 
4738 4605 4674 4675 4606 
4739 4606 4675 4676 4607 
4740 4607 4676 4677 4608 
4741 4608 4677 4678 4609 
4742 4609 4678 4679 4610 
4743 4610 4679 4680 4611 
4744 4611 4680 4681 4612 
4745 4612 4681 4682 4613 
4746 4613 4682 4683 4614 
4747 4614 4683 4684 4615 
4748 4615 4684 4685 4616 
4749 4616 4685 4686 4617 
4750 4617 4686 4687 4618 
4751 4618 4687 4688 4619 
4752 4619 4688 4689 4620 
4753 4620 4689 4690 4621 
4754 4621 4690 4691 4622 
4755 4622 4691 4692 4623 
4756 4623 4692 4693 4624 
4757 4624 4693 4694 4625 
4758 4625 4694 4695 4626 
4759 4626 4695 4696 4627 
4760 4627 4696 4697 4628 
4761 4628 4697 4698 4629 
4762 4629 4698 4699 4630 
4763 4630 4699 4700 4631 
4764 4631 4700 4701 4632 
4765 4632 4701 4702 4633 
4766 4633 4702 4703 4634 
4767 4634 4703 4704 4635 
4768 4635 4704 4705 4636 
4769 4636 4705 4706 4637 
4770 4637 4706 4707 4638 
4771 4638 4707 4708 4639 
4772 4639 4708 4709 4640 
4773 4640 4709 4710 4641 
4774 4641 4710 4711 4642 
4775 4642 4711 4712 4643 
4776 4643 4712 4713 4644 
4777 4644 4713 4714 4645 
4778 4645 4714 4715 4646 
4779 4646 4715 4716 4647 
4780 4647 4716 168 169 
4781 68 69 4717 4648 
4782 4648 4717 4718 4649 
4783 4649 4718 4719 4650 
4784 4650 4719 4720 4651 
4785 4651 4720 4721 4652 
4786 4652 4721 4722 4653 
4787 4653 4722 4723 4654 
4788 4654 4723 4724 4655 
4789 4655 4724 4725 4656 
4790 4656 4725 4726 4657 
4791 4657 4726 4727 4658 
4792 4658 4727 4728 4659 
4793 4659 4728 4729 4660 
4794 4660 4729 4730 4661 
4795 4661 4730 4731 4662 
4796 4662 4731 4732 4663 
4797 4663 4732 4733 4664 
4798 4664 4733 4734 4665 
4799 4665 4734 4735 4666 
4800 4666 4735 4736 4667 
4801 4667 4736 4737 4668 
4802 4668 4737 4738 4669 
4803 4669 4738 4739 4670 
4804 4670 4739 4740 4671 
4805 4671 4740 4741 4672 
4806 4672 4741 4742 4673 
4807 4673 4742 4743 4674 
4808 4674 4743 4744 4675 
4809 4675 4744 4745 4676 
4810 4676 4745 4746 4677 
4811 4677 4746 4747 4678 
4812 4678 4747 4748 4679 
4813 4679 4748 4749 4680 
4814 4680 4749 4750 4681 
4815 4681 4750 4751 4682 
4816 4682 4751 4752 4683 
4817 4683 4752 4753 4684 
4818 4684 4753 4754 4685 
4819 4685 4754 4755 4686 
4820 4686 4755 4756 4687 
4821 4687 4756 4757 4688 
4822 4688 4757 4758 4689 
4823 4689 4758 4759 4690 
4824 4690 4759 4760 4691 
4825 4691 4760 4761 4692 
4826 4692 4761 4762 4693 
4827 4693 4762 4763 4694 
4828 4694 4763 4764 4695 
4829 4695 4764 4765 4696 
4830 4696 4765 4766 4697 
4831 4697 4766 4767 4698 
4832 4698 4767 4768 4699 
4833 4699 4768 4769 4700 
4834 4700 4769 4770 4701 
4835 4701 4770 4771 4702 
4836 4702 4771 4772 4703 
4837 4703 4772 4773 4704 
4838 4704 4773 4774 4705 
4839 4705 4774 4775 4706 
4840 4706 4775 4776 4707 
4841 4707 4776 4777 4708 
4842 4708 4777 4778 4709 
4843 4709 4778 4779 4710 
4844 4710 4779 4780 4711 
4845 4711 4780 4781 4712 
4846 4712 4781 4782 4713 
4847 4713 4782 4783 4714 
4848 4714 4783 4784 4715 
4849 4715 4784 4785 4716 
4850 4716 4785 167 168 
4851 69 70 4786 4717 
4852 4717 4786 4787 4718 
4853 4718 4787 4788 4719 
4854 4719 4788 4789 4720 
4855 4720 4789 4790 4721 
4856 4721 4790 4791 4722 
4857 4722 4791 4792 4723 
4858 4723 4792 4793 4724 
4859 4724 4793 4794 4725 
4860 4725 4794 4795 4726 
4861 4726 4795 4796 4727 
4862 4727 4796 4797 4728 
4863 4728 4797 4798 4729 
4864 4729 4798 4799 4730 
4865 4730 4799 4800 4731 
4866 4731 4800 4801 4732 
4867 4732 4801 4802 4733 
4868 4733 4802 4803 4734 
4869 4734 4803 4804 4735 
4870 4735 4804 4805 4736 
4871 4736 4805 4806 4737 
4872 4737 4806 4807 4738 
4873 4738 4807 4808 4739 
4874 4739 4808 4809 4740 
4875 4740 4809 4810 4741 
4876 4741 4810 4811 4742 
4877 4742 4811 4812 4743 
4878 4743 4812 4813 4744 
4879 4744 4813 4814 4745 
4880 4745 4814 4815 4746 
4881 4746 4815 4816 4747 
4882 4747 4816 4817 4748 
4883 4748 4817 4818 4749 
4884 4749 4818 4819 4750 
4885 4750 4819 4820 4751 
4886 4751 4820 4821 4752 
4887 4752 4821 4822 4753 
4888 4753 4822 4823 4754 
4889 4754 4823 4824 4755 
4890 4755 4824 4825 4756 
4891 4756 4825 4826 4757 
4892 4757 4826 4827 4758 
4893 4758 4827 4828 4759 
4894 4759 4828 4829 4760 
4895 4760 4829 4830 4761 
4896 4761 4830 4831 4762 
4897 4762 4831 4832 4763 
4898 4763 4832 4833 4764 
4899 4764 4833 4834 4765 
4900 4765 4834 4835 4766 
4901 4766 4835 4836 4767 
4902 4767 4836 4837 4768 
4903 4768 4837 4838 4769 
4904 4769 4838 4839 4770 
4905 4770 4839 4840 4771 
4906 4771 4840 4841 4772 
4907 4772 4841 4842 4773 
4908 4773 4842 4843 4774 
4909 4774 4843 4844 4775 
4910 4775 4844 4845 4776 
4911 4776 4845 4846 4777 
4912 4777 4846 4847 4778 
4913 4778 4847 4848 4779 
4914 4779 4848 4849 4780 
4915 4780 4849 4850 4781 
4916 4781 4850 4851 4782 
4917 4782 4851 4852 4783 
4918 4783 4852 4853 4784 
4919 4784 4853 4854 4785 
4920 4785 4854 166 167 
4921 70 71 4855 4786 
4922 4786 4855 4856 4787 
4923 4787 4856 4857 4788 
4924 4788 4857 4858 4789 
4925 4789 4858 4859 4790 
4926 4790 4859 4860 4791 
4927 4791 4860 4861 4792 
4928 4792 4861 4862 4793 
4929 4793 4862 4863 4794 
4930 4794 4863 4864 4795 
4931 4795 4864 4865 4796 
4932 4796 4865 4866 4797 
4933 4797 4866 4867 4798 
4934 4798 4867 4868 4799 
4935 4799 4868 4869 4800 
4936 4800 4869 4870 4801 
4937 4801 4870 4871 4802 
4938 4802 4871 4872 4803 
4939 4803 4872 4873 4804 
4940 4804 4873 4874 4805 
4941 4805 4874 4875 4806 
4942 4806 4875 4876 4807 
4943 4807 4876 4877 4808 
4944 4808 4877 4878 4809 
4945 4809 4878 4879 4810 
4946 4810 4879 4880 4811 
4947 4811 4880 4881 4812 
4948 4812 4881 4882 4813 
4949 4813 4882 4883 4814 
4950 4814 4883 4884 4815 
4951 4815 4884 4885 4816 
4952 4816 4885 4886 4817 
4953 4817 4886 4887 4818 
4954 4818 4887 4888 4819 
4955 4819 4888 4889 4820 
4956 4820 4889 4890 4821 
4957 4821 4890 4891 4822 
4958 4822 4891 4892 4823 
4959 4823 4892 4893 4824 
4960 4824 4893 4894 4825 
4961 4825 4894 4895 4826 
4962 4826 4895 4896 4827 
4963 4827 4896 4897 4828 
4964 4828 4897 4898 4829 
4965 4829 4898 4899 4830 
4966 4830 4899 4900 4831 
4967 4831 4900 4901 4832 
4968 4832 4901 4902 4833 
4969 4833 4902 4903 4834 
4970 4834 4903 4904 4835 
4971 4835 4904 4905 4836 
4972 4836 4905 4906 4837 
4973 4837 4906 4907 4838 
4974 4838 4907 4908 4839 
4975 4839 4908 4909 4840 
4976 4840 4909 4910 4841 
4977 4841 4910 4911 4842 
4978 4842 4911 4912 4843 
4979 4843 4912 4913 4844 
4980 4844 4913 4914 4845 
4981 4845 4914 4915 4846 
4982 4846 4915 4916 4847 
4983 4847 4916 4917 4848 
4984 4848 4917 4918 4849 
4985 4849 4918 4919 4850 
4986 4850 4919 4920 4851 
4987 4851 4920 4921 4852 
4988 4852 4921 4922 4853 
4989 4853 4922 4923 4854 
4990 4854 4923 165 166 
4991 71 72 4924 4855 
4992 4855 4924 4925 4856 
4993 4856 4925 4926 4857 
4994 4857 4926 4927 4858 
4995 4858 4927 4928 4859 
4996 4859 4928 4929 4860 
4997 4860 4929 4930 4861 
4998 4861 4930 4931 4862 
4999 4862 4931 4932 4863 
5000 4863 4932 4933 4864 
5001 4864 4933 4934 4865 
5002 4865 4934 4935 4866 
5003 4866 4935 4936 4867 
5004 4867 4936 4937 4868 
5005 4868 4937 4938 4869 
5006 4869 4938 4939 4870 
5007 4870 4939 4940 4871 
5008 4871 4940 4941 4872 
5009 4872 4941 4942 4873 
5010 4873 4942 4943 4874 
5011 4874 4943 4944 4875 
5012 4875 4944 4945 4876 
5013 4876 4945 4946 4877 
5014 4877 4946 4947 4878 
5015 4878 4947 4948 4879 
5016 4879 4948 4949 4880 
5017 4880 4949 4950 4881 
5018 4881 4950 4951 4882 
5019 4882 4951 4952 4883 
5020 4883 4952 4953 4884 
5021 4884 4953 4954 4885 
5022 4885 4954 4955 4886 
5023 4886 4955 4956 4887 
5024 4887 4956 4957 4888 
5025 4888 4957 4958 4889 
5026 4889 4958 4959 4890 
5027 4890 4959 4960 4891 
5028 4891 4960 4961 4892 
5029 4892 4961 4962 4893 
5030 4893 4962 4963 4894 
5031 4894 4963 4964 4895 
5032 4895 4964 4965 4896 
5033 4896 4965 4966 4897 
5034 4897 4966 4967 4898 
5035 4898 4967 4968 4899 
5036 4899 4968 4969 4900 
5037 4900 4969 4970 4901 
5038 4901 4970 4971 4902 
5039 4902 4971 4972 4903 
5040 4903 4972 4973 4904 
5041 4904 4973 4974 4905 
5042 4905 4974 4975 4906 
5043 4906 4975 4976 4907 
5044 4907 4976 4977 4908 
5045 4908 4977 4978 4909 
5046 4909 4978 4979 4910 
5047 4910 4979 4980 4911 
5048 4911 4980 4981 4912 
5049 4912 4981 4982 4913 
5050 4913 4982 4983 4914 
5051 4914 4983 4984 4915 
5052 4915 4984 4985 4916 
5053 4916 4985 4986 4917 
5054 4917 4986 4987 4918 
5055 4918 4987 4988 4919 
5056 4919 4988 4989 4920 
5057 4920 4989 4990 4921 
5058 4921 4990 4991 4922 
5059 4922 4991 4992 4923 
5060 4923 4992 164 165 
5061 72 73 4993 4924 
5062 4924 4993 4994 4925 
5063 4925 4994 4995 4926 
5064 4926 4995 4996 4927 
5065 4927 4996 4997 4928 
5066 4928 4997 4998 4929 
5067 4929 4998 4999 4930 
5068 4930 4999 5000 4931 
5069 4931 5000 5001 4932 
5070 4932 5001 5002 4933 
5071 4933 5002 5003 4934 
5072 4934 5003 5004 4935 
5073 4935 5004 5005 4936 
5074 4936 5005 5006 4937 
5075 4937 5006 5007 4938 
5076 4938 5007 5008 4939 
5077 4939 5008 5009 4940 
5078 4940 5009 5010 4941 
5079 4941 5010 5011 4942 
5080 4942 5011 5012 4943 
5081 4943 5012 5013 4944 
5082 4944 5013 5014 4945 
5083 4945 5014 5015 4946 
5084 4946 5015 5016 4947 
5085 4947 5016 5017 4948 
5086 4948 5017 5018 4949 
5087 4949 5018 5019 4950 
5088 4950 5019 5020 4951 
5089 4951 5020 5021 4952 
5090 4952 5021 5022 4953 
5091 4953 5022 5023 4954 
5092 4954 5023 5024 4955 
5093 4955 5024 5025 4956 
5094 4956 5025 5026 4957 
5095 4957 5026 5027 4958 
5096 4958 5027 5028 4959 
5097 4959 5028 5029 4960 
5098 4960 5029 5030 4961 
5099 4961 5030 5031 4962 
5100 4962 5031 5032 4963 
5101 4963 5032 5033 4964 
5102 4964 5033 5034 4965 
5103 4965 5034 5035 4966 
5104 4966 5035 5036 4967 
5105 4967 5036 5037 4968 
5106 4968 5037 5038 4969 
5107 4969 5038 5039 4970 
5108 4970 5039 5040 4971 
5109 4971 5040 5041 4972 
5110 4972 5041 5042 4973 
5111 4973 5042 5043 4974 
5112 4974 5043 5044 4975 
5113 4975 5044 5045 4976 
5114 4976 5045 5046 4977 
5115 4977 5046 5047 4978 
5116 4978 5047 5048 4979 
5117 4979 5048 5049 4980 
5118 4980 5049 5050 4981 
5119 4981 5050 5051 4982 
5120 4982 5051 5052 4983 
5121 4983 5052 5053 4984 
5122 4984 5053 5054 4985 
5123 4985 5054 5055 4986 
5124 4986 5055 5056 4987 
5125 4987 5056 5057 4988 
5126 4988 5057 5058 4989 
5127 4989 5058 5059 4990 
5128 4990 5059 5060 4991 
5129 4991 5060 5061 4992 
5130 4992 5061 163 164 
5131 73 74 5062 4993 
5132 4993 5062 5063 4994 
5133 4994 5063 5064 4995 
5134 4995 5064 5065 4996 
5135 4996 5065 5066 4997 
5136 4997 5066 5067 4998 
5137 4998 5067 5068 4999 
5138 4999 5068 5069 5000 
5139 5000 5069 5070 5001 
5140 5001 5070 5071 5002 
5141 5002 5071 5072 5003 
5142 5003 5072 5073 5004 
5143 5004 5073 5074 5005 
5144 5005 5074 5075 5006 
5145 5006 5075 5076 5007 
5146 5007 5076 5077 5008 
5147 5008 5077 5078 5009 
5148 5009 5078 5079 5010 
5149 5010 5079 5080 5011 
5150 5011 5080 5081 5012 
5151 5012 5081 5082 5013 
5152 5013 5082 5083 5014 
5153 5014 5083 5084 5015 
5154 5015 5084 5085 5016 
5155 5016 5085 5086 5017 
5156 5017 5086 5087 5018 
5157 5018 5087 5088 5019 
5158 5019 5088 5089 5020 
5159 5020 5089 5090 5021 
5160 5021 5090 5091 5022 
5161 5022 5091 5092 5023 
5162 5023 5092 5093 5024 
5163 5024 5093 5094 5025 
5164 5025 5094 5095 5026 
5165 5026 5095 5096 5027 
5166 5027 5096 5097 5028 
5167 5028 5097 5098 5029 
5168 5029 5098 5099 5030 
5169 5030 5099 5100 5031 
5170 5031 5100 5101 5032 
5171 5032 5101 5102 5033 
5172 5033 5102 5103 5034 
5173 5034 5103 5104 5035 
5174 5035 5104 5105 5036 
5175 5036 5105 5106 5037 
5176 5037 5106 5107 5038 
5177 5038 5107 5108 5039 
5178 5039 5108 5109 5040 
5179 5040 5109 5110 5041 
5180 5041 5110 5111 5042 
5181 5042 5111 5112 5043 
5182 5043 5112 5113 5044 
5183 5044 5113 5114 5045 
5184 5045 5114 5115 5046 
5185 5046 5115 5116 5047 
5186 5047 5116 5117 5048 
5187 5048 5117 5118 5049 
5188 5049 5118 5119 5050 
5189 5050 5119 5120 5051 
5190 5051 5120 5121 5052 
5191 5052 5121 5122 5053 
5192 5053 5122 5123 5054 
5193 5054 5123 5124 5055 
5194 5055 5124 5125 5056 
5195 5056 5125 5126 5057 
5196 5057 5126 5127 5058 
5197 5058 5127 5128 5059 
5198 5059 5128 5129 5060 
5199 5060 5129 5130 5061 
5200 5061 5130 162 163 
5201 74 75 5131 5062 
5202 5062 5131 5132 5063 
5203 5063 5132 5133 5064 
5204 5064 5133 5134 5065 
5205 5065 5134 5135 5066 
5206 5066 5135 5136 5067 
5207 5067 5136 5137 5068 
5208 5068 5137 5138 5069 
5209 5069 5138 5139 5070 
5210 5070 5139 5140 5071 
5211 5071 5140 5141 5072 
5212 5072 5141 5142 5073 
5213 5073 5142 5143 5074 
5214 5074 5143 5144 5075 
5215 5075 5144 5145 5076 
5216 5076 5145 5146 5077 
5217 5077 5146 5147 5078 
5218 5078 5147 5148 5079 
5219 5079 5148 5149 5080 
5220 5080 5149 5150 5081 
5221 5081 5150 5151 5082 
5222 5082 5151 5152 5083 
5223 5083 5152 5153 5084 
5224 5084 5153 5154 5085 
5225 5085 5154 5155 5086 
5226 5086 5155 5156 5087 
5227 5087 5156 5157 5088 
5228 5088 5157 5158 5089 
5229 5089 5158 5159 5090 
5230 5090 5159 5160 5091 
5231 5091 5160 5161 5092 
5232 5092 5161 5162 5093 
5233 5093 5162 5163 5094 
5234 5094 5163 5164 5095 
5235 5095 5164 5165 5096 
5236 5096 5165 5166 5097 
5237 5097 5166 5167 5098 
5238 5098 5167 5168 5099 
5239 5099 5168 5169 5100 
5240 5100 5169 5170 5101 
5241 5101 5170 5171 5102 
5242 5102 5171 5172 5103 
5243 5103 5172 5173 5104 
5244 5104 5173 5174 5105 
5245 5105 5174 5175 5106 
5246 5106 5175 5176 5107 
5247 5107 5176 5177 5108 
5248 5108 5177 5178 5109 
5249 5109 5178 5179 5110 
5250 5110 5179 5180 5111 
5251 5111 5180 5181 5112 
5252 5112 5181 5182 5113 
5253 5113 5182 5183 5114 
5254 5114 5183 5184 5115 
5255 5115 5184 5185 5116 
5256 5116 5185 5186 5117 
5257 5117 5186 5187 5118 
5258 5118 5187 5188 5119 
5259 5119 5188 5189 5120 
5260 5120 5189 5190 5121 
5261 5121 5190 5191 5122 
5262 5122 5191 5192 5123 
5263 5123 5192 5193 5124 
5264 5124 5193 5194 5125 
5265 5125 5194 5195 5126 
5266 5126 5195 5196 5127 
5267 5127 5196 5197 5128 
5268 5128 5197 5198 5129 
5269 5129 5198 5199 5130 
5270 5130 5199 161 162 
5271 75 76 5200 5131 
5272 5131 5200 5201 5132 
5273 5132 5201 5202 5133 
5274 5133 5202 5203 5134 
5275 5134 5203 5204 5135 
5276 5135 5204 5205 5136 
5277 5136 5205 5206 5137 
5278 5137 5206 5207 5138 
5279 5138 5207 5208 5139 
5280 5139 5208 5209 5140 
5281 5140 5209 5210 5141 
5282 5141 5210 5211 5142 
5283 5142 5211 5212 5143 
5284 5143 5212 5213 5144 
5285 5144 5213 5214 5145 
5286 5145 5214 5215 5146 
5287 5146 5215 5216 5147 
5288 5147 5216 5217 5148 
5289 5148 5217 5218 5149 
5290 5149 5218 5219 5150 
5291 5150 5219 5220 5151 
5292 5151 5220 5221 5152 
5293 5152 5221 5222 5153 
5294 5153 5222 5223 5154 
5295 5154 5223 5224 5155 
5296 5155 5224 5225 5156 
5297 5156 5225 5226 5157 
5298 5157 5226 5227 5158 
5299 5158 5227 5228 5159 
5300 5159 5228 5229 5160 
5301 5160 5229 5230 5161 
5302 5161 5230 5231 5162 
5303 5162 5231 5232 5163 
5304 5163 5232 5233 5164 
5305 5164 5233 5234 5165 
5306 5165 5234 5235 5166 
5307 5166 5235 5236 5167 
5308 5167 5236 5237 5168 
5309 5168 5237 5238 5169 
5310 5169 5238 5239 5170 
5311 5170 5239 5240 5171 
5312 5171 5240 5241 5172 
5313 5172 5241 5242 5173 
5314 5173 5242 5243 5174 
5315 5174 5243 5244 5175 
5316 5175 5244 5245 5176 
5317 5176 5245 5246 5177 
5318 5177 5246 5247 5178 
5319 5178 5247 5248 5179 
5320 5179 5248 5249 5180 
5321 5180 5249 5250 5181 
5322 5181 5250 5251 5182 
5323 5182 5251 5252 5183 
5324 5183 5252 5253 5184 
5325 5184 5253 5254 5185 
5326 5185 5254 5255 5186 
5327 5186 5255 5256 5187 
5328 5187 5256 5257 5188 
5329 5188 5257 5258 5189 
5330 5189 5258 5259 5190 
5331 5190 5259 5260 5191 
5332 5191 5260 5261 5192 
5333 5192 5261 5262 5193 
5334 5193 5262 5263 5194 
5335 5194 5263 5264 5195 
5336 5195 5264 5265 5196 
5337 5196 5265 5266 5197 
5338 5197 5266 5267 5198 
5339 5198 5267 5268 5199 
5340 5199 5268 160 161 
5341 76 77 5269 5200 
5342 5200 5269 5270 5201 
5343 5201 5270 5271 5202 
5344 5202 5271 5272 5203 
5345 5203 5272 5273 5204 
5346 5204 5273 5274 5205 
5347 5205 5274 5275 5206 
5348 5206 5275 5276 5207 
5349 5207 5276 5277 5208 
5350 5208 5277 5278 5209 
5351 5209 5278 5279 5210 
5352 5210 5279 5280 5211 
5353 5211 5280 5281 5212 
5354 5212 5281 5282 5213 
5355 5213 5282 5283 5214 
5356 5214 5283 5284 5215 
5357 5215 5284 5285 5216 
5358 5216 5285 5286 5217 
5359 5217 5286 5287 5218 
5360 5218 5287 5288 5219 
5361 5219 5288 5289 5220 
5362 5220 5289 5290 5221 
5363 5221 5290 5291 5222 
5364 5222 5291 5292 5223 
5365 5223 5292 5293 5224 
5366 5224 5293 5294 5225 
5367 5225 5294 5295 5226 
5368 5226 5295 5296 5227 
5369 5227 5296 5297 5228 
5370 5228 5297 5298 5229 
5371 5229 5298 5299 5230 
5372 5230 5299 5300 5231 
5373 5231 5300 5301 5232 
5374 5232 5301 5302 5233 
5375 5233 5302 5303 5234 
5376 5234 5303 5304 5235 
5377 5235 5304 5305 5236 
5378 5236 5305 5306 5237 
5379 5237 5306 5307 5238 
5380 5238 5307 5308 5239 
5381 5239 5308 5309 5240 
5382 5240 5309 5310 5241 
5383 5241 5310 5311 5242 
5384 5242 5311 5312 5243 
5385 5243 5312 5313 5244 
5386 5244 5313 5314 5245 
5387 5245 5314 5315 5246 
5388 5246 5315 5316 5247 
5389 5247 5316 5317 5248 
5390 5248 5317 5318 5249 
5391 5249 5318 5319 5250 
5392 5250 5319 5320 5251 
5393 5251 5320 5321 5252 
5394 5252 5321 5322 5253 
5395 5253 5322 5323 5254 
5396 5254 5323 5324 5255 
5397 5255 5324 5325 5256 
5398 5256 5325 5326 5257 
5399 5257 5326 5327 5258 
5400 5258 5327 5328 5259 
5401 5259 5328 5329 5260 
5402 5260 5329 5330 5261 
5403 5261 5330 5331 5262 
5404 5262 5331 5332 5263 
5405 5263 5332 5333 5264 
5406 5264 5333 5334 5265 
5407 5265 5334 5335 5266 
5408 5266 5335 5336 5267 
5409 5267 5336 5337 5268 
5410 5268 5337 159 160 
5411 77 78 5338 5269 
5412 5269 5338 5339 5270 
5413 5270 5339 5340 5271 
5414 5271 5340 5341 5272 
5415 5272 5341 5342 5273 
5416 5273 5342 5343 5274 
5417 5274 5343 5344 5275 
5418 5275 5344 5345 5276 
5419 5276 5345 5346 5277 
5420 5277 5346 5347 5278 
5421 5278 5347 5348 5279 
5422 5279 5348 5349 5280 
5423 5280 5349 5350 5281 
5424 5281 5350 5351 5282 
5425 5282 5351 5352 5283 
5426 5283 5352 5353 5284 
5427 5284 5353 5354 5285 
5428 5285 5354 5355 5286 
5429 5286 5355 5356 5287 
5430 5287 5356 5357 5288 
5431 5288 5357 5358 5289 
5432 5289 5358 5359 5290 
5433 5290 5359 5360 5291 
5434 5291 5360 5361 5292 
5435 5292 5361 5362 5293 
5436 5293 5362 5363 5294 
5437 5294 5363 5364 5295 
5438 5295 5364 5365 5296 
5439 5296 5365 5366 5297 
5440 5297 5366 5367 5298 
5441 5298 5367 5368 5299 
5442 5299 5368 5369 5300 
5443 5300 5369 5370 5301 
5444 5301 5370 5371 5302 
5445 5302 5371 5372 5303 
5446 5303 5372 5373 5304 
5447 5304 5373 5374 5305 
5448 5305 5374 5375 5306 
5449 5306 5375 5376 5307 
5450 5307 5376 5377 5308 
5451 5308 5377 5378 5309 
5452 5309 5378 5379 5310 
5453 5310 5379 5380 5311 
5454 5311 5380 5381 5312 
5455 5312 5381 5382 5313 
5456 5313 5382 5383 5314 
5457 5314 5383 5384 5315 
5458 5315 5384 5385 5316 
5459 5316 5385 5386 5317 
5460 5317 5386 5387 5318 
5461 5318 5387 5388 5319 
5462 5319 5388 5389 5320 
5463 5320 5389 5390 5321 
5464 5321 5390 5391 5322 
5465 5322 5391 5392 5323 
5466 5323 5392 5393 5324 
5467 5324 5393 5394 5325 
5468 5325 5394 5395 5326 
5469 5326 5395 5396 5327 
5470 5327 5396 5397 5328 
5471 5328 5397 5398 5329 
5472 5329 5398 5399 5330 
5473 5330 5399 5400 5331 
5474 5331 5400 5401 5332 
5475 5332 5401 5402 5333 
5476 5333 5402 5403 5334 
5477 5334 5403 5404 5335 
5478 5335 5404 5405 5336 
5479 5336 5405 5406 5337 
5480 5337 5406 158 159 
5481 78 79 5407 5338 
5482 5338 5407 5408 5339 
5483 5339 5408 5409 5340 
5484 5340 5409 5410 5341 
5485 5341 5410 5411 5342 
5486 5342 5411 5412 5343 
5487 5343 5412 5413 5344 
5488 5344 5413 5414 5345 
5489 5345 5414 5415 5346 
5490 5346 5415 5416 5347 
5491 5347 5416 5417 5348 
5492 5348 5417 5418 5349 
5493 5349 5418 5419 5350 
5494 5350 5419 5420 5351 
5495 5351 5420 5421 5352 
5496 5352 5421 5422 5353 
5497 5353 5422 5423 5354 
5498 5354 5423 5424 5355 
5499 5355 5424 5425 5356 
5500 5356 5425 5426 5357 
5501 5357 5426 5427 5358 
5502 5358 5427 5428 5359 
5503 5359 5428 5429 5360 
5504 5360 5429 5430 5361 
5505 5361 5430 5431 5362 
5506 5362 5431 5432 5363 
5507 5363 5432 5433 5364 
5508 5364 5433 5434 5365 
5509 5365 5434 5435 5366 
5510 5366 5435 5436 5367 
5511 5367 5436 5437 5368 
5512 5368 5437 5438 5369 
5513 5369 5438 5439 5370 
5514 5370 5439 5440 5371 
5515 5371 5440 5441 5372 
5516 5372 5441 5442 5373 
5517 5373 5442 5443 5374 
5518 5374 5443 5444 5375 
5519 5375 5444 5445 5376 
5520 5376 5445 5446 5377 
5521 5377 5446 5447 5378 
5522 5378 5447 5448 5379 
5523 5379 5448 5449 5380 
5524 5380 5449 5450 5381 
5525 5381 5450 5451 5382 
5526 5382 5451 5452 5383 
5527 5383 5452 5453 5384 
5528 5384 5453 5454 5385 
5529 5385 5454 5455 5386 
5530 5386 5455 5456 5387 
5531 5387 5456 5457 5388 
5532 5388 5457 5458 5389 
5533 5389 5458 5459 5390 
5534 5390 5459 5460 5391 
5535 5391 5460 5461 5392 
5536 5392 5461 5462 5393 
5537 5393 5462 5463 5394 
5538 5394 5463 5464 5395 
5539 5395 5464 5465 5396 
5540 5396 5465 5466 5397 
5541 5397 5466 5467 5398 
5542 5398 5467 5468 5399 
5543 5399 5468 5469 5400 
5544 5400 5469 5470 5401 
5545 5401 5470 5471 5402 
5546 5402 5471 5472 5403 
5547 5403 5472 5473 5404 
5548 5404 5473 5474 5405 
5549 5405 5474 5475 5406 
5550 5406 5475 157 158 
5551 79 80 5476 5407 
5552 5407 5476 5477 5408 
5553 5408 5477 5478 5409 
5554 5409 5478 5479 5410 
5555 5410 5479 5480 5411 
5556 5411 5480 5481 5412 
5557 5412 5481 5482 5413 
5558 5413 5482 5483 5414 
5559 5414 5483 5484 5415 
5560 5415 5484 5485 5416 
5561 5416 5485 5486 5417 
5562 5417 5486 5487 5418 
5563 5418 5487 5488 5419 
5564 5419 5488 5489 5420 
5565 5420 5489 5490 5421 
5566 5421 5490 5491 5422 
5567 5422 5491 5492 5423 
5568 5423 5492 5493 5424 
5569 5424 5493 5494 5425 
5570 5425 5494 5495 5426 
5571 5426 5495 5496 5427 
5572 5427 5496 5497 5428 
5573 5428 5497 5498 5429 
5574 5429 5498 5499 5430 
5575 5430 5499 5500 5431 
5576 5431 5500 5501 5432 
5577 5432 5501 5502 5433 
5578 5433 5502 5503 5434 
5579 5434 5503 5504 5435 
5580 5435 5504 5505 5436 
5581 5436 5505 5506 5437 
5582 5437 5506 5507 5438 
5583 5438 5507 5508 5439 
5584 5439 5508 5509 5440 
5585 5440 5509 5510 5441 
5586 5441 5510 5511 5442 
5587 5442 5511 5512 5443 
5588 5443 5512 5513 5444 
5589 5444 5513 5514 5445 
5590 5445 5514 5515 5446 
5591 5446 5515 5516 5447 
5592 5447 5516 5517 5448 
5593 5448 5517 5518 5449 
5594 5449 5518 5519 5450 
5595 5450 5519 5520 5451 
5596 5451 5520 5521 5452 
5597 5452 5521 5522 5453 
5598 5453 5522 5523 5454 
5599 5454 5523 5524 5455 
5600 5455 5524 5525 5456 
5601 5456 5525 5526 5457 
5602 5457 5526 5527 5458 
5603 5458 5527 5528 5459 
5604 5459 5528 5529 5460 
5605 5460 5529 5530 5461 
5606 5461 5530 5531 5462 
5607 5462 5531 5532 5463 
5608 5463 5532 5533 5464 
5609 5464 5533 5534 5465 
5610 5465 5534 5535 5466 
5611 5466 5535 5536 5467 
5612 5467 5536 5537 5468 
5613 5468 5537 5538 5469 
5614 5469 5538 5539 5470 
5615 5470 5539 5540 5471 
5616 5471 5540 5541 5472 
5617 5472 5541 5542 5473 
5618 5473 5542 5543 5474 
5619 5474 5543 5544 5475 
5620 5475 5544 156 157 
5621 80 81 5545 5476 
5622 5476 5545 5546 5477 
5623 5477 5546 5547 5478 
5624 5478 5547 5548 5479 
5625 5479 5548 5549 5480 
5626 5480 5549 5550 5481 
5627 5481 5550 5551 5482 
5628 5482 5551 5552 5483 
5629 5483 5552 5553 5484 
5630 5484 5553 5554 5485 
5631 5485 5554 5555 5486 
5632 5486 5555 5556 5487 
5633 5487 5556 5557 5488 
5634 5488 5557 5558 5489 
5635 5489 5558 5559 5490 
5636 5490 5559 5560 5491 
5637 5491 5560 5561 5492 
5638 5492 5561 5562 5493 
5639 5493 5562 5563 5494 
5640 5494 5563 5564 5495 
5641 5495 5564 5565 5496 
5642 5496 5565 5566 5497 
5643 5497 5566 5567 5498 
5644 5498 5567 5568 5499 
5645 5499 5568 5569 5500 
5646 5500 5569 5570 5501 
5647 5501 5570 5571 5502 
5648 5502 5571 5572 5503 
5649 5503 5572 5573 5504 
5650 5504 5573 5574 5505 
5651 5505 5574 5575 5506 
5652 5506 5575 5576 5507 
5653 5507 5576 5577 5508 
5654 5508 5577 5578 5509 
5655 5509 5578 5579 5510 
5656 5510 5579 5580 5511 
5657 5511 5580 5581 5512 
5658 5512 5581 5582 5513 
5659 5513 5582 5583 5514 
5660 5514 5583 5584 5515 
5661 5515 5584 5585 5516 
5662 5516 5585 5586 5517 
5663 5517 5586 5587 5518 
5664 5518 5587 5588 5519 
5665 5519 5588 5589 5520 
5666 5520 5589 5590 5521 
5667 5521 5590 5591 5522 
5668 5522 5591 5592 5523 
5669 5523 5592 5593 5524 
5670 5524 5593 5594 5525 
5671 5525 5594 5595 5526 
5672 5526 5595 5596 5527 
5673 5527 5596 5597 5528 
5674 5528 5597 5598 5529 
5675 5529 5598 5599 5530 
5676 5530 5599 5600 5531 
5677 5531 5600 5601 5532 
5678 5532 5601 5602 5533 
5679 5533 5602 5603 5534 
5680 5534 5603 5604 5535 
5681 5535 5604 5605 5536 
5682 5536 5605 5606 5537 
5683 5537 5606 5607 5538 
5684 5538 5607 5608 5539 
5685 5539 5608 5609 5540 
5686 5540 5609 5610 5541 
5687 5541 5610 5611 5542 
5688 5542 5611 5612 5543 
5689 5543 5612 5613 5544 
5690 5544 5613 155 156 
5691 81 82 5614 5545 
5692 5545 5614 5615 5546 
5693 5546 5615 5616 5547 
5694 5547 5616 5617 5548 
5695 5548 5617 5618 5549 
5696 5549 5618 5619 5550 
5697 5550 5619 5620 5551 
5698 5551 5620 5621 5552 
5699 5552 5621 5622 5553 
5700 5553 5622 5623 5554 
5701 5554 5623 5624 5555 
5702 5555 5624 5625 5556 
5703 5556 5625 5626 5557 
5704 5557 5626 5627 5558 
5705 5558 5627 5628 5559 
5706 5559 5628 5629 5560 
5707 5560 5629 5630 5561 
5708 5561 5630 5631 5562 
5709 5562 5631 5632 5563 
5710 5563 5632 5633 5564 
5711 5564 5633 5634 5565 
5712 5565 5634 5635 5566 
5713 5566 5635 5636 5567 
5714 5567 5636 5637 5568 
5715 5568 5637 5638 5569 
5716 5569 5638 5639 5570 
5717 5570 5639 5640 5571 
5718 5571 5640 5641 5572 
5719 5572 5641 5642 5573 
5720 5573 5642 5643 5574 
5721 5574 5643 5644 5575 
5722 5575 5644 5645 5576 
5723 5576 5645 5646 5577 
5724 5577 5646 5647 5578 
5725 5578 5647 5648 5579 
5726 5579 5648 5649 5580 
5727 5580 5649 5650 5581 
5728 5581 5650 5651 5582 
5729 5582 5651 5652 5583 
5730 5583 5652 5653 5584 
5731 5584 5653 5654 5585 
5732 5585 5654 5655 5586 
5733 5586 5655 5656 5587 
5734 5587 5656 5657 5588 
5735 5588 5657 5658 5589 
5736 5589 5658 5659 5590 
5737 5590 5659 5660 5591 
5738 5591 5660 5661 5592 
5739 5592 5661 5662 5593 
5740 5593 5662 5663 5594 
5741 5594 5663 5664 5595 
5742 5595 5664 5665 5596 
5743 5596 5665 5666 5597 
5744 5597 5666 5667 5598 
5745 5598 5667 5668 5599 
5746 5599 5668 5669 5600 
5747 5600 5669 5670 5601 
5748 5601 5670 5671 5602 
5749 5602 5671 5672 5603 
5750 5603 5672 5673 5604 
5751 5604 5673 5674 5605 
5752 5605 5674 5675 5606 
5753 5606 5675 5676 5607 
5754 5607 5676 5677 5608 
5755 5608 5677 5678 5609 
5756 5609 5678 5679 5610 
5757 5610 5679 5680 5611 
5758 5611 5680 5681 5612 
5759 5612 5681 5682 5613 
5760 5613 5682 154 155 
5761 82 83 5683 5614 
5762 5614 5683 5684 5615 
5763 5615 5684 5685 5616 
5764 5616 5685 5686 5617 
5765 5617 5686 5687 5618 
5766 5618 5687 5688 5619 
5767 5619 5688 5689 5620 
5768 5620 5689 5690 5621 
5769 5621 5690 5691 5622 
5770 5622 5691 5692 5623 
5771 5623 5692 5693 5624 
5772 5624 5693 5694 5625 
5773 5625 5694 5695 5626 
5774 5626 5695 5696 5627 
5775 5627 5696 5697 5628 
5776 5628 5697 5698 5629 
5777 5629 5698 5699 5630 
5778 5630 5699 5700 5631 
5779 5631 5700 5701 5632 
5780 5632 5701 5702 5633 
5781 5633 5702 5703 5634 
5782 5634 5703 5704 5635 
5783 5635 5704 5705 5636 
5784 5636 5705 5706 5637 
5785 5637 5706 5707 5638 
5786 5638 5707 5708 5639 
5787 5639 5708 5709 5640 
5788 5640 5709 5710 5641 
5789 5641 5710 5711 5642 
5790 5642 5711 5712 5643 
5791 5643 5712 5713 5644 
5792 5644 5713 5714 5645 
5793 5645 5714 5715 5646 
5794 5646 5715 5716 5647 
5795 5647 5716 5717 5648 
5796 5648 5717 5718 5649 
5797 5649 5718 5719 5650 
5798 5650 5719 5720 5651 
5799 5651 5720 5721 5652 
5800 5652 5721 5722 5653 
5801 5653 5722 5723 5654 
5802 5654 5723 5724 5655 
5803 5655 5724 5725 5656 
5804 5656 5725 5726 5657 
5805 5657 5726 5727 5658 
5806 5658 5727 5728 5659 
5807 5659 5728 5729 5660 
5808 5660 5729 5730 5661 
5809 5661 5730 5731 5662 
5810 5662 5731 5732 5663 
5811 5663 5732 5733 5664 
5812 5664 5733 5734 5665 
5813 5665 5734 5735 5666 
5814 5666 5735 5736 5667 
5815 5667 5736 5737 5668 
5816 5668 5737 5738 5669 
5817 5669 5738 5739 5670 
5818 5670 5739 5740 5671 
5819 5671 5740 5741 5672 
5820 5672 5741 5742 5673 
5821 5673 5742 5743 5674 
5822 5674 5743 5744 5675 
5823 5675 5744 5745 5676 
5824 5676 5745 5746 5677 
5825 5677 5746 5747 5678 
5826 5678 5747 5748 5679 
5827 5679 5748 5749 5680 
5828 5680 5749 5750 5681 
5829 5681 5750 5751 5682 
5830 5682 5751 153 154 
5831 83 2 84 5683 
5832 5683 84 85 5684 
5833 5684 85 86 5685 
5834 5685 86 87 5686 
5835 5686 87 88 5687 
5836 5687 88 89 5688 
5837 5688 89 90 5689 
5838 5689 90 91 5690 
5839 5690 91 92 5691 
5840 5691 92 93 5692 
5841 5692 93 94 5693 
5842 5693 94 95 5694 
5843 5694 95 96 5695 
5844 5695 96 97 5696 
5845 5696 97 98 5697 
5846 5697 98 99 5698 
5847 5698 99 100 5699 
5848 5699 100 101 5700 
5849 5700 101 102 5701 
5850 5701 102 103 5702 
5851 5702 103 104 5703 
5852 5703 104 105 5704 
5853 5704 105 106 5705 
5854 5705 106 107 5706 
5855 5706 107 108 5707 
5856 5707 108 109 5708 
5857 5708 109 110 5709 
5858 5709 110 111 5710 
5859 5710 111 112 5711 
5860 5711 112 113 5712 
5861 5712 113 114 5713 
5862 5713 114 115 5714 
5863 5714 115 116 5715 
5864 5715 116 117 5716 
5865 5716 117 118 5717 
5866 5717 118 119 5718 
5867 5718 119 120 5719 
5868 5719 120 121 5720 
5869 5720 121 122 5721 
5870 5721 122 123 5722 
5871 5722 123 124 5723 
5872 5723 124 125 5724 
5873 5724 125 126 5725 
5874 5725 126 127 5726 
5875 5726 127 128 5727 
5876 5727 128 129 5728 
5877 5728 129 130 5729 
5878 5729 130 131 5730 
5879 5730 131 132 5731 
5880 5731 132 133 5732 
5881 5732 133 134 5733 
5882 5733 134 135 5734 
5883 5734 135 136 5735 
5884 5735 136 137 5736 
5885 5736 137 138 5737 
5886 5737 138 139 5738 
5887 5738 139 140 5739 
5888 5739 140 141 5740 
5889 5740 141 142 5741 
5890 5741 142 143 5742 
5891 5742 143 144 5743 
5892 5743 144 145 5744 
5893 5744 145 146 5745 
5894 5745 146 147 5746 
5895 5746 147 148 5747 
5896 5747 148 149 5748 
5897 5748 149 150 5749 
5898 5749 150 151 5750 
5899 5750 151 152 5751 
5900 5751 152 3 153 
$EndElements
