$MeshFormat
4.1 0 8
$EndMeshFormat
$PhysicalNames
4
0 1 "boundary"
1 2 "periodicx"
1 3 "periodicz"
2 4 "domain"
$EndPhysicalNames
$Entities
4 4 1 0
1 -5 0 1 1 1 
2 5 0 1 1 1 
3 5 20 1 1 1 
4 -5 20 1 1 1 
1 -5 0 1 5 0 1 1 2 2 1 -2 
2 5 0 1 5 20 1 1 3 2 2 -3 
3 -5 20 1 5 20 1 1 2 2 3 -4 
4 -5 0 1 -5 20 1 1 3 2 4 -1 
1 -5 0 1 5 20 1 1 4 4 1 2 3 4 
$EndEntities
$Nodes
9 3321 1 3321
0 1 0 1
1
-5 0 1
0 2 0 1
2
5 0 1
0 3 0 1
3
5 20 1
0 4 0 1
4
-5 20 1
1 1 0 39
5
6
7
8
9
10
11
12
13
14
15
16
17
18
19
20
21
22
23
24
25
26
27
28
29
30
31
32
33
34
35
36
37
38
39
40
41
42
43
-4.749999999999691 0 1
-4.499999999999383 0 1
-4.249999999999074 0 1
-3.999999999998765 0 1
-3.749999999998543 0 1
-3.499999999999257 0 1
-3.250000000000059 0 1
-3.00000000000086 0 1
-2.750000000001661 0 1
-2.500000000002463 0 1
-2.250000000003264 0 1
-2.000000000004066 0 1
-1.750000000004867 0 1
-1.500000000005669 0 1
-1.25000000000647 0 1
-1.000000000007237 0 1
-0.7500000000070672 0 1
-0.5000000000067581 0 1
-0.25000000000645 0 1
-6.140865593806666e-12 0 1
0.2499999999941664 0 1
0.4999999999944729 0 1
0.7499999999947811 0 1
0.9999999999950884 0 1
1.249999999995395 0 1
1.499999999995701 0 1
1.749999999996009 0 1
1.999999999996316 0 1
2.249999999996623 0 1
2.49999999999693 0 1
2.749999999997237 0 1
2.999999999997543 0 1
3.249999999997851 0 1
3.499999999998158 0 1
3.749999999998465 0 1
3.999999999998773 0 1
4.24999999999908 0 1
4.499999999999387 0 1
4.749999999999693 0 1
1 2 0 79
44
45
46
47
48
49
50
51
52
53
54
55
56
57
58
59
60
61
62
63
64
65
66
67
68
69
70
71
72
73
74
75
76
77
78
79
80
81
82
83
84
85
86
87
88
89
90
91
92
93
94
95
96
97
98
99
100
101
102
103
104
105
106
107
108
109
110
111
112
113
114
115
116
117
118
119
120
121
122
5 0.249999999999816 1
5 0.4999999999996362 1
5 0.7499999999993914 1
5 0.9999999999990988 1
5 1.249999999998898 1
5 1.499999999998722 1
5 1.749999999998546 1
5 1.999999999998371 1
5 2.249999999998195 1
5 2.499999999997933 1
5 2.749999999997289 1
5 2.999999999996558 1
5 3.249999999995828 1
5 3.499999999995097 1
5 3.749999999994366 1
5 3.999999999993635 1
5 4.249999999992904 1
5 4.499999999992174 1
5 4.749999999991443 1
5 4.999999999990713 1
5 5.249999999989983 1
5 5.499999999989253 1
5 5.749999999988523 1
5 5.999999999987794 1
5 6.249999999987064 1
5 6.499999999986334 1
5 6.749999999985604 1
5 6.999999999984874 1
5 7.249999999984144 1
5 7.499999999983414 1
5 7.749999999982684 1
5 7.999999999982023 1
5 8.249999999982126 1
5 8.499999999982506 1
5 8.749999999982887 1
5 8.999999999983267 1
5 9.249999999983649 1
5 9.499999999984027 1
5 9.749999999984409 1
5 9.999999999984787 1
5 10.24999999998517 1
5 10.49999999998555 1
5 10.74999999998593 1
5 10.99999999998631 1
5 11.24999999998669 1
5 11.49999999998707 1
5 11.74999999998745 1
5 11.99999999998783 1
5 12.24999999998821 1
5 12.49999999998859 1
5 12.74999999998897 1
5 12.99999999998935 1
5 13.24999999998973 1
5 13.49999999999011 1
5 13.74999999999049 1
5 13.99999999999087 1
5 14.24999999999125 1
5 14.49999999999164 1
5 14.74999999999202 1
5 14.9999999999924 1
5 15.24999999999277 1
5 15.49999999999315 1
5 15.74999999999354 1
5 15.99999999999392 1
5 16.24999999999429 1
5 16.49999999999468 1
5 16.74999999999506 1
5 16.99999999999544 1
5 17.24999999999582 1
5 17.4999999999962 1
5 17.74999999999658 1
5 17.99999999999696 1
5 18.24999999999734 1
5 18.49999999999772 1
5 18.7499999999981 1
5 18.99999999999848 1
5 19.24999999999886 1
5 19.49999999999924 1
5 19.74999999999962 1
1 3 0 39
123
124
125
126
127
128
129
130
131
132
133
134
135
136
137
138
139
140
141
142
143
144
145
146
147
148
149
150
151
152
153
154
155
156
157
158
159
160
161
4.749999999999691 20 1
4.499999999999383 20 1
4.249999999999074 20 1
3.999999999998765 20 1
3.749999999998543 20 1
3.499999999999257 20 1
3.250000000000059 20 1
3.00000000000086 20 1
2.750000000001661 20 1
2.500000000002463 20 1
2.250000000003264 20 1
2.000000000004066 20 1
1.750000000004867 20 1
1.500000000005669 20 1
1.25000000000647 20 1
1.000000000007237 20 1
0.7500000000070672 20 1
0.5000000000067581 20 1
0.25000000000645 20 1
6.140865593806666e-12 20 1
-0.2499999999941664 20 1
-0.4999999999944729 20 1
-0.7499999999947811 20 1
-0.9999999999950884 20 1
-1.249999999995395 20 1
-1.499999999995701 20 1
-1.749999999996009 20 1
-1.999999999996316 20 1
-2.249999999996623 20 1
-2.49999999999693 20 1
-2.749999999997237 20 1
-2.999999999997543 20 1
-3.249999999997851 20 1
-3.499999999998158 20 1
-3.749999999998465 20 1
-3.999999999998773 20 1
-4.24999999999908 20 1
-4.499999999999387 20 1
-4.749999999999693 20 1
1 4 0 79
162
163
164
165
166
167
168
169
170
171
172
173
174
175
176
177
178
179
180
181
182
183
184
185
186
187
188
189
190
191
192
193
194
195
196
197
198
199
200
201
202
203
204
205
206
207
208
209
210
211
212
213
214
215
216
217
218
219
220
221
222
223
224
225
226
227
228
229
230
231
232
233
234
235
236
237
238
239
240
-5 19.75 1
-5 19.5 1
-5 19.25 1
-5 19 1
-5 18.75 1
-5 18.5 1
-5 18.25 1
-5 18 1
-5 17.75 1
-5 17.5 1
-5 17.25 1
-5 17.00000000000001 1
-5 16.75000000000001 1
-5 16.50000000000001 1
-5 16.25000000000001 1
-5 16.00000000000001 1
-5 15.75000000000001 1
-5 15.50000000000001 1
-5 15.25000000000001 1
-5 15.00000000000001 1
-5 14.75000000000001 1
-5 14.50000000000001 1
-5 14.25000000000001 1
-5 14.00000000000001 1
-5 13.75000000000001 1
-5 13.50000000000001 1
-5 13.25000000000001 1
-5 13.00000000000001 1
-5 12.75000000000001 1
-5 12.50000000000001 1
-5 12.25000000000001 1
-5 12.00000000000001 1
-5 11.75000000000001 1
-5 11.50000000000001 1
-5 11.25000000000001 1
-5 11.00000000000001 1
-5 10.75000000000001 1
-5 10.50000000000001 1
-5 10.25000000000001 1
-5 10.00000000000001 1
-5 9.750000000000007 1
-5 9.500000000000007 1
-5 9.250000000000007 1
-5 9.000000000000005 1
-5 8.750000000000007 1
-5 8.500000000000005 1
-5 8.250000000000007 1
-5 8.000000000000007 1
-5 7.750000000000005 1
-5 7.500000000000007 1
-5 7.250000000000005 1
-5 7.000000000000007 1
-5 6.750000000000005 1
-5 6.500000000000005 1
-5 6.250000000000004 1
-5 6.000000000000005 1
-5 5.750000000000004 1
-5 5.500000000000005 1
-5 5.250000000000004 1
-5 5.000000000000004 1
-5 4.750000000000004 1
-5 4.500000000000004 1
-5 4.250000000000004 1
-5 4.000000000000004 1
-5 3.750000000000004 1
-5 3.500000000000004 1
-5 3.250000000000004 1
-5 3.000000000000004 1
-5 2.750000000000004 1
-5 2.500000000000004 1
-5 2.250000000000004 1
-5 2 1
-5 1.750000000000004 1
-5 1.5 1
-5 1.250000000000004 1
-5 1 1
-5 0.75 1
-5 0.5 1
-5 0.25 1
2 1 0 3081
241
242
243
244
245
246
247
248
249
250
251
252
253
254
255
256
257
258
259
260
261
262
263
264
265
266
267
268
269
270
271
272
273
274
275
276
277
278
279
280
281
282
283
284
285
286
287
288
289
290
291
292
293
294
295
296
297
298
299
300
301
302
303
304
305
306
307
308
309
310
311
312
313
314
315
316
317
318
319
320
321
322
323
324
325
326
327
328
329
330
331
332
333
334
335
336
337
338
339
340
341
342
343
344
345
346
347
348
349
350
351
352
353
354
355
356
357
358
359
360
361
362
363
364
365
366
367
368
369
370
371
372
373
374
375
376
377
378
379
380
381
382
383
384
385
386
387
388
389
390
391
392
393
394
395
396
397
398
399
400
401
402
403
404
405
406
407
408
409
410
411
412
413
414
415
416
417
418
419
420
421
422
423
424
425
426
427
428
429
430
431
432
433
434
435
436
437
438
439
440
441
442
443
444
445
446
447
448
449
450
451
452
453
454
455
456
457
458
459
460
461
462
463
464
465
466
467
468
469
470
471
472
473
474
475
476
477
478
479
480
481
482
483
484
485
486
487
488
489
490
491
492
493
494
495
496
497
498
499
500
501
502
503
504
505
506
507
508
509
510
511
512
513
514
515
516
517
518
519
520
521
522
523
524
525
526
527
528
529
530
531
532
533
534
535
536
537
538
539
540
541
542
543
544
545
546
547
548
549
550
551
552
553
554
555
556
557
558
559
560
561
562
563
564
565
566
567
568
569
570
571
572
573
574
575
576
577
578
579
580
581
582
583
584
585
586
587
588
589
590
591
592
593
594
595
596
597
598
599
600
601
602
603
604
605
606
607
608
609
610
611
612
613
614
615
616
617
618
619
620
621
622
623
624
625
626
627
628
629
630
631
632
633
634
635
636
637
638
639
640
641
642
643
644
645
646
647
648
649
650
651
652
653
654
655
656
657
658
659
660
661
662
663
664
665
666
667
668
669
670
671
672
673
674
675
676
677
678
679
680
681
682
683
684
685
686
687
688
689
690
691
692
693
694
695
696
697
698
699
700
701
702
703
704
705
706
707
708
709
710
711
712
713
714
715
716
717
718
719
720
721
722
723
724
725
726
727
728
729
730
731
732
733
734
735
736
737
738
739
740
741
742
743
744
745
746
747
748
749
750
751
752
753
754
755
756
757
758
759
760
761
762
763
764
765
766
767
768
769
770
771
772
773
774
775
776
777
778
779
780
781
782
783
784
785
786
787
788
789
790
791
792
793
794
795
796
797
798
799
800
801
802
803
804
805
806
807
808
809
810
811
812
813
814
815
816
817
818
819
820
821
822
823
824
825
826
827
828
829
830
831
832
833
834
835
836
837
838
839
840
841
842
843
844
845
846
847
848
849
850
851
852
853
854
855
856
857
858
859
860
861
862
863
864
865
866
867
868
869
870
871
872
873
874
875
876
877
878
879
880
881
882
883
884
885
886
887
888
889
890
891
892
893
894
895
896
897
898
899
900
901
902
903
904
905
906
907
908
909
910
911
912
913
914
915
916
917
918
919
920
921
922
923
924
925
926
927
928
929
930
931
932
933
934
935
936
937
938
939
940
941
942
943
944
945
946
947
948
949
950
951
952
953
954
955
956
957
958
959
960
961
962
963
964
965
966
967
968
969
970
971
972
973
974
975
976
977
978
979
980
981
982
983
984
985
986
987
988
989
990
991
992
993
994
995
996
997
998
999
1000
1001
1002
1003
1004
1005
1006
1007
1008
1009
1010
1011
1012
1013
1014
1015
1016
1017
1018
1019
1020
1021
1022
1023
1024
1025
1026
1027
1028
1029
1030
1031
1032
1033
1034
1035
1036
1037
1038
1039
1040
1041
1042
1043
1044
1045
1046
1047
1048
1049
1050
1051
1052
1053
1054
1055
1056
1057
1058
1059
1060
1061
1062
1063
1064
1065
1066
1067
1068
1069
1070
1071
1072
1073
1074
1075
1076
1077
1078
1079
1080
1081
1082
1083
1084
1085
1086
1087
1088
1089
1090
1091
1092
1093
1094
1095
1096
1097
1098
1099
1100
1101
1102
1103
1104
1105
1106
1107
1108
1109
1110
1111
1112
1113
1114
1115
1116
1117
1118
1119
1120
1121
1122
1123
1124
1125
1126
1127
1128
1129
1130
1131
1132
1133
1134
1135
1136
1137
1138
1139
1140
1141
1142
1143
1144
1145
1146
1147
1148
1149
1150
1151
1152
1153
1154
1155
1156
1157
1158
1159
1160
1161
1162
1163
1164
1165
1166
1167
1168
1169
1170
1171
1172
1173
1174
1175
1176
1177
1178
1179
1180
1181
1182
1183
1184
1185
1186
1187
1188
1189
1190
1191
1192
1193
1194
1195
1196
1197
1198
1199
1200
1201
1202
1203
1204
1205
1206
1207
1208
1209
1210
1211
1212
1213
1214
1215
1216
1217
1218
1219
1220
1221
1222
1223
1224
1225
1226
1227
1228
1229
1230
1231
1232
1233
1234
1235
1236
1237
1238
1239
1240
1241
1242
1243
1244
1245
1246
1247
1248
1249
1250
1251
1252
1253
1254
1255
1256
1257
1258
1259
1260
1261
1262
1263
1264
1265
1266
1267
1268
1269
1270
1271
1272
1273
1274
1275
1276
1277
1278
1279
1280
1281
1282
1283
1284
1285
1286
1287
1288
1289
1290
1291
1292
1293
1294
1295
1296
1297
1298
1299
1300
1301
1302
1303
1304
1305
1306
1307
1308
1309
1310
1311
1312
1313
1314
1315
1316
1317
1318
1319
1320
1321
1322
1323
1324
1325
1326
1327
1328
1329
1330
1331
1332
1333
1334
1335
1336
1337
1338
1339
1340
1341
1342
1343
1344
1345
1346
1347
1348
1349
1350
1351
1352
1353
1354
1355
1356
1357
1358
1359
1360
1361
1362
1363
1364
1365
1366
1367
1368
1369
1370
1371
1372
1373
1374
1375
1376
1377
1378
1379
1380
1381
1382
1383
1384
1385
1386
1387
1388
1389
1390
1391
1392
1393
1394
1395
1396
1397
1398
1399
1400
1401
1402
1403
1404
1405
1406
1407
1408
1409
1410
1411
1412
1413
1414
1415
1416
1417
1418
1419
1420
1421
1422
1423
1424
1425
1426
1427
1428
1429
1430
1431
1432
1433
1434
1435
1436
1437
1438
1439
1440
1441
1442
1443
1444
1445
1446
1447
1448
1449
1450
1451
1452
1453
1454
1455
1456
1457
1458
1459
1460
1461
1462
1463
1464
1465
1466
1467
1468
1469
1470
1471
1472
1473
1474
1475
1476
1477
1478
1479
1480
1481
1482
1483
1484
1485
1486
1487
1488
1489
1490
1491
1492
1493
1494
1495
1496
1497
1498
1499
1500
1501
1502
1503
1504
1505
1506
1507
1508
1509
1510
1511
1512
1513
1514
1515
1516
1517
1518
1519
1520
1521
1522
1523
1524
1525
1526
1527
1528
1529
1530
1531
1532
1533
1534
1535
1536
1537
1538
1539
1540
1541
1542
1543
1544
1545
1546
1547
1548
1549
1550
1551
1552
1553
1554
1555
1556
1557
1558
1559
1560
1561
1562
1563
1564
1565
1566
1567
1568
1569
1570
1571
1572
1573
1574
1575
1576
1577
1578
1579
1580
1581
1582
1583
1584
1585
1586
1587
1588
1589
1590
1591
1592
1593
1594
1595
1596
1597
1598
1599
1600
1601
1602
1603
1604
1605
1606
1607
1608
1609
1610
1611
1612
1613
1614
1615
1616
1617
1618
1619
1620
1621
1622
1623
1624
1625
1626
1627
1628
1629
1630
1631
1632
1633
1634
1635
1636
1637
1638
1639
1640
1641
1642
1643
1644
1645
1646
1647
1648
1649
1650
1651
1652
1653
1654
1655
1656
1657
1658
1659
1660
1661
1662
1663
1664
1665
1666
1667
1668
1669
1670
1671
1672
1673
1674
1675
1676
1677
1678
1679
1680
1681
1682
1683
1684
1685
1686
1687
1688
1689
1690
1691
1692
1693
1694
1695
1696
1697
1698
1699
1700
1701
1702
1703
1704
1705
1706
1707
1708
1709
1710
1711
1712
1713
1714
1715
1716
1717
1718
1719
1720
1721
1722
1723
1724
1725
1726
1727
1728
1729
1730
1731
1732
1733
1734
1735
1736
1737
1738
1739
1740
1741
1742
1743
1744
1745
1746
1747
1748
1749
1750
1751
1752
1753
1754
1755
1756
1757
1758
1759
1760
1761
1762
1763
1764
1765
1766
1767
1768
1769
1770
1771
1772
1773
1774
1775
1776
1777
1778
1779
1780
1781
1782
1783
1784
1785
1786
1787
1788
1789
1790
1791
1792
1793
1794
1795
1796
1797
1798
1799
1800
1801
1802
1803
1804
1805
1806
1807
1808
1809
1810
1811
1812
1813
1814
1815
1816
1817
1818
1819
1820
1821
1822
1823
1824
1825
1826
1827
1828
1829
1830
1831
1832
1833
1834
1835
1836
1837
1838
1839
1840
1841
1842
1843
1844
1845
1846
1847
1848
1849
1850
1851
1852
1853
1854
1855
1856
1857
1858
1859
1860
1861
1862
1863
1864
1865
1866
1867
1868
1869
1870
1871
1872
1873
1874
1875
1876
1877
1878
1879
1880
1881
1882
1883
1884
1885
1886
1887
1888
1889
1890
1891
1892
1893
1894
1895
1896
1897
1898
1899
1900
1901
1902
1903
1904
1905
1906
1907
1908
1909
1910
1911
1912
1913
1914
1915
1916
1917
1918
1919
1920
1921
1922
1923
1924
1925
1926
1927
1928
1929
1930
1931
1932
1933
1934
1935
1936
1937
1938
1939
1940
1941
1942
1943
1944
1945
1946
1947
1948
1949
1950
1951
1952
1953
1954
1955
1956
1957
1958
1959
1960
1961
1962
1963
1964
1965
1966
1967
1968
1969
1970
1971
1972
1973
1974
1975
1976
1977
1978
1979
1980
1981
1982
1983
1984
1985
1986
1987
1988
1989
1990
1991
1992
1993
1994
1995
1996
1997
1998
1999
2000
2001
2002
2003
2004
2005
2006
2007
2008
2009
2010
2011
2012
2013
2014
2015
2016
2017
2018
2019
2020
2021
2022
2023
2024
2025
2026
2027
2028
2029
2030
2031
2032
2033
2034
2035
2036
2037
2038
2039
2040
2041
2042
2043
2044
2045
2046
2047
2048
2049
2050
2051
2052
2053
2054
2055
2056
2057
2058
2059
2060
2061
2062
2063
2064
2065
2066
2067
2068
2069
2070
2071
2072
2073
2074
2075
2076
2077
2078
2079
2080
2081
2082
2083
2084
2085
2086
2087
2088
2089
2090
2091
2092
2093
2094
2095
2096
2097
2098
2099
2100
2101
2102
2103
2104
2105
2106
2107
2108
2109
2110
2111
2112
2113
2114
2115
2116
2117
2118
2119
2120
2121
2122
2123
2124
2125
2126
2127
2128
2129
2130
2131
2132
2133
2134
2135
2136
2137
2138
2139
2140
2141
2142
2143
2144
2145
2146
2147
2148
2149
2150
2151
2152
2153
2154
2155
2156
2157
2158
2159
2160
2161
2162
2163
2164
2165
2166
2167
2168
2169
2170
2171
2172
2173
2174
2175
2176
2177
2178
2179
2180
2181
2182
2183
2184
2185
2186
2187
2188
2189
2190
2191
2192
2193
2194
2195
2196
2197
2198
2199
2200
2201
2202
2203
2204
2205
2206
2207
2208
2209
2210
2211
2212
2213
2214
2215
2216
2217
2218
2219
2220
2221
2222
2223
2224
2225
2226
2227
2228
2229
2230
2231
2232
2233
2234
2235
2236
2237
2238
2239
2240
2241
2242
2243
2244
2245
2246
2247
2248
2249
2250
2251
2252
2253
2254
2255
2256
2257
2258
2259
2260
2261
2262
2263
2264
2265
2266
2267
2268
2269
2270
2271
2272
2273
2274
2275
2276
2277
2278
2279
2280
2281
2282
2283
2284
2285
2286
2287
2288
2289
2290
2291
2292
2293
2294
2295
2296
2297
2298
2299
2300
2301
2302
2303
2304
2305
2306
2307
2308
2309
2310
2311
2312
2313
2314
2315
2316
2317
2318
2319
2320
2321
2322
2323
2324
2325
2326
2327
2328
2329
2330
2331
2332
2333
2334
2335
2336
2337
2338
2339
2340
2341
2342
2343
2344
2345
2346
2347
2348
2349
2350
2351
2352
2353
2354
2355
2356
2357
2358
2359
2360
2361
2362
2363
2364
2365
2366
2367
2368
2369
2370
2371
2372
2373
2374
2375
2376
2377
2378
2379
2380
2381
2382
2383
2384
2385
2386
2387
2388
2389
2390
2391
2392
2393
2394
2395
2396
2397
2398
2399
2400
2401
2402
2403
2404
2405
2406
2407
2408
2409
2410
2411
2412
2413
2414
2415
2416
2417
2418
2419
2420
2421
2422
2423
2424
2425
2426
2427
2428
2429
2430
2431
2432
2433
2434
2435
2436
2437
2438
2439
2440
2441
2442
2443
2444
2445
2446
2447
2448
2449
2450
2451
2452
2453
2454
2455
2456
2457
2458
2459
2460
2461
2462
2463
2464
2465
2466
2467
2468
2469
2470
2471
2472
2473
2474
2475
2476
2477
2478
2479
2480
2481
2482
2483
2484
2485
2486
2487
2488
2489
2490
2491
2492
2493
2494
2495
2496
2497
2498
2499
2500
2501
2502
2503
2504
2505
2506
2507
2508
2509
2510
2511
2512
2513
2514
2515
2516
2517
2518
2519
2520
2521
2522
2523
2524
2525
2526
2527
2528
2529
2530
2531
2532
2533
2534
2535
2536
2537
2538
2539
2540
2541
2542
2543
2544
2545
2546
2547
2548
2549
2550
2551
2552
2553
2554
2555
2556
2557
2558
2559
2560
2561
2562
2563
2564
2565
2566
2567
2568
2569
2570
2571
2572
2573
2574
2575
2576
2577
2578
2579
2580
2581
2582
2583
2584
2585
2586
2587
2588
2589
2590
2591
2592
2593
2594
2595
2596
2597
2598
2599
2600
2601
2602
2603
2604
2605
2606
2607
2608
2609
2610
2611
2612
2613
2614
2615
2616
2617
2618
2619
2620
2621
2622
2623
2624
2625
2626
2627
2628
2629
2630
2631
2632
2633
2634
2635
2636
2637
2638
2639
2640
2641
2642
2643
2644
2645
2646
2647
2648
2649
2650
2651
2652
2653
2654
2655
2656
2657
2658
2659
2660
2661
2662
2663
2664
2665
2666
2667
2668
2669
2670
2671
2672
2673
2674
2675
2676
2677
2678
2679
2680
2681
2682
2683
2684
2685
2686
2687
2688
2689
2690
2691
2692
2693
2694
2695
2696
2697
2698
2699
2700
2701
2702
2703
2704
2705
2706
2707
2708
2709
2710
2711
2712
2713
2714
2715
2716
2717
2718
2719
2720
2721
2722
2723
2724
2725
2726
2727
2728
2729
2730
2731
2732
2733
2734
2735
2736
2737
2738
2739
2740
2741
2742
2743
2744
2745
2746
2747
2748
2749
2750
2751
2752
2753
2754
2755
2756
2757
2758
2759
2760
2761
2762
2763
2764
2765
2766
2767
2768
2769
2770
2771
2772
2773
2774
2775
2776
2777
2778
2779
2780
2781
2782
2783
2784
2785
2786
2787
2788
2789
2790
2791
2792
2793
2794
2795
2796
2797
2798
2799
2800
2801
2802
2803
2804
2805
2806
2807
2808
2809
2810
2811
2812
2813
2814
2815
2816
2817
2818
2819
2820
2821
2822
2823
2824
2825
2826
2827
2828
2829
2830
2831
2832
2833
2834
2835
2836
2837
2838
2839
2840
2841
2842
2843
2844
2845
2846
2847
2848
2849
2850
2851
2852
2853
2854
2855
2856
2857
2858
2859
2860
2861
2862
2863
2864
2865
2866
2867
2868
2869
2870
2871
2872
2873
2874
2875
2876
2877
2878
2879
2880
2881
2882
2883
2884
2885
2886
2887
2888
2889
2890
2891
2892
2893
2894
2895
2896
2897
2898
2899
2900
2901
2902
2903
2904
2905
2906
2907
2908
2909
2910
2911
2912
2913
2914
2915
2916
2917
2918
2919
2920
2921
2922
2923
2924
2925
2926
2927
2928
2929
2930
2931
2932
2933
2934
2935
2936
2937
2938
2939
2940
2941
2942
2943
2944
2945
2946
2947
2948
2949
2950
2951
2952
2953
2954
2955
2956
2957
2958
2959
2960
2961
2962
2963
2964
2965
2966
2967
2968
2969
2970
2971
2972
2973
2974
2975
2976
2977
2978
2979
2980
2981
2982
2983
2984
2985
2986
2987
2988
2989
2990
2991
2992
2993
2994
2995
2996
2997
2998
2999
3000
3001
3002
3003
3004
3005
3006
3007
3008
3009
3010
3011
3012
3013
3014
3015
3016
3017
3018
3019
3020
3021
3022
3023
3024
3025
3026
3027
3028
3029
3030
3031
3032
3033
3034
3035
3036
3037
3038
3039
3040
3041
3042
3043
3044
3045
3046
3047
3048
3049
3050
3051
3052
3053
3054
3055
3056
3057
3058
3059
3060
3061
3062
3063
3064
3065
3066
3067
3068
3069
3070
3071
3072
3073
3074
3075
3076
3077
3078
3079
3080
3081
3082
3083
3084
3085
3086
3087
3088
3089
3090
3091
3092
3093
3094
3095
3096
3097
3098
3099
3100
3101
3102
3103
3104
3105
3106
3107
3108
3109
3110
3111
3112
3113
3114
3115
3116
3117
3118
3119
3120
3121
3122
3123
3124
3125
3126
3127
3128
3129
3130
3131
3132
3133
3134
3135
3136
3137
3138
3139
3140
3141
3142
3143
3144
3145
3146
3147
3148
3149
3150
3151
3152
3153
3154
3155
3156
3157
3158
3159
3160
3161
3162
3163
3164
3165
3166
3167
3168
3169
3170
3171
3172
3173
3174
3175
3176
3177
3178
3179
3180
3181
3182
3183
3184
3185
3186
3187
3188
3189
3190
3191
3192
3193
3194
3195
3196
3197
3198
3199
3200
3201
3202
3203
3204
3205
3206
3207
3208
3209
3210
3211
3212
3213
3214
3215
3216
3217
3218
3219
3220
3221
3222
3223
3224
3225
3226
3227
3228
3229
3230
3231
3232
3233
3234
3235
3236
3237
3238
3239
3240
3241
3242
3243
3244
3245
3246
3247
3248
3249
3250
3251
3252
3253
3254
3255
3256
3257
3258
3259
3260
3261
3262
3263
3264
3265
3266
3267
3268
3269
3270
3271
3272
3273
3274
3275
3276
3277
3278
3279
3280
3281
3282
3283
3284
3285
3286
3287
3288
3289
3290
3291
3292
3293
3294
3295
3296
3297
3298
3299
3300
3301
3302
3303
3304
3305
3306
3307
3308
3309
3310
3311
3312
3313
3314
3315
3316
3317
3318
3319
3320
3321
-4.749999999999691 0.2499999999999954 1
-4.749999999999691 0.499999999999991 1
-4.749999999999691 0.7499999999999847 1
-4.749999999999693 0.9999999999999772 1
-4.749999999999694 1.249999999999976 1
-4.749999999999693 1.499999999999968 1
-4.749999999999691 1.749999999999967 1
-4.749999999999691 1.999999999999959 1
-4.749999999999694 2.249999999999958 1
-4.749999999999691 2.499999999999952 1
-4.749999999999694 2.749999999999935 1
-4.749999999999691 2.999999999999917 1
-4.749999999999691 3.249999999999898 1
-4.749999999999694 3.499999999999881 1
-4.749999999999692 3.749999999999863 1
-4.749999999999694 3.999999999999845 1
-4.749999999999692 4.249999999999827 1
-4.749999999999692 4.499999999999808 1
-4.749999999999692 4.74999999999979 1
-4.749999999999692 4.999999999999771 1
-4.749999999999694 5.249999999999753 1
-4.749999999999692 5.499999999999735 1
-4.749999999999692 5.749999999999717 1
-4.749999999999692 5.999999999999699 1
-4.749999999999692 6.249999999999681 1
-4.749999999999691 6.499999999999662 1
-4.749999999999693 6.749999999999645 1
-4.749999999999691 6.999999999999628 1
-4.749999999999692 7.249999999999609 1
-4.749999999999693 7.499999999999592 1
-4.749999999999692 7.749999999999572 1
-4.749999999999691 7.999999999999556 1
-4.749999999999694 8.249999999999561 1
-4.749999999999693 8.499999999999568 1
-4.749999999999693 8.749999999999579 1
-4.749999999999692 8.999999999999588 1
-4.749999999999694 9.249999999999597 1
-4.749999999999694 9.499999999999607 1
-4.749999999999692 9.749999999999618 1
-4.749999999999694 9.999999999999627 1
-4.749999999999692 10.24999999999963 1
-4.749999999999694 10.49999999999965 1
-4.749999999999693 10.74999999999966 1
-4.749999999999691 10.99999999999967 1
-4.749999999999694 11.24999999999967 1
-4.749999999999693 11.49999999999968 1
-4.749999999999694 11.7499999999997 1
-4.749999999999694 11.99999999999971 1
-4.749999999999693 12.24999999999971 1
-4.749999999999694 12.49999999999972 1
-4.749999999999694 12.74999999999973 1
-4.749999999999693 12.99999999999974 1
-4.749999999999694 13.24999999999975 1
-4.749999999999694 13.49999999999976 1
-4.749999999999693 13.74999999999977 1
-4.749999999999694 13.99999999999978 1
-4.749999999999693 14.24999999999979 1
-4.749999999999694 14.4999999999998 1
-4.749999999999694 14.74999999999981 1
-4.749999999999694 14.99999999999982 1
-4.749999999999694 15.24999999999983 1
-4.749999999999694 15.49999999999984 1
-4.749999999999694 15.74999999999985 1
-4.749999999999694 15.99999999999985 1
-4.749999999999693 16.24999999999986 1
-4.749999999999694 16.49999999999987 1
-4.749999999999694 16.74999999999989 1
-4.749999999999694 16.9999999999999 1
-4.749999999999694 17.2499999999999 1
-4.749999999999694 17.4999999999999 1
-4.749999999999694 17.74999999999992 1
-4.749999999999694 17.99999999999993 1
-4.749999999999694 18.24999999999994 1
-4.749999999999694 18.49999999999995 1
-4.749999999999693 18.74999999999995 1
-4.749999999999694 18.99999999999996 1
-4.749999999999694 19.24999999999998 1
-4.749999999999694 19.49999999999998 1
-4.749999999999694 19.74999999999999 1
-4.499999999999384 0.2499999999999908 1
-4.499999999999383 0.4999999999999818 1
-4.499999999999384 0.7499999999999697 1
-4.499999999999384 0.9999999999999549 1
-4.499999999999384 1.249999999999948 1
-4.499999999999384 1.499999999999936 1
-4.499999999999383 1.749999999999931 1
-4.499999999999384 1.999999999999918 1
-4.499999999999383 2.249999999999913 1
-4.499999999999384 2.499999999999899 1
-4.499999999999384 2.749999999999868 1
-4.499999999999384 2.999999999999832 1
-4.499999999999384 3.249999999999795 1
-4.499999999999383 3.499999999999758 1
-4.499999999999384 3.749999999999721 1
-4.499999999999384 3.999999999999686 1
-4.499999999999384 4.249999999999649 1
-4.499999999999384 4.499999999999613 1
-4.499999999999384 4.749999999999575 1
-4.499999999999384 4.999999999999539 1
-4.499999999999384 5.249999999999504 1
-4.499999999999386 5.499999999999466 1
-4.499999999999384 5.749999999999431 1
-4.499999999999384 5.999999999999396 1
-4.499999999999384 6.249999999999358 1
-4.499999999999386 6.499999999999321 1
-4.499999999999386 6.749999999999286 1
-4.499999999999386 6.999999999999249 1
-4.499999999999384 7.249999999999212 1
-4.499999999999385 7.499999999999178 1
-4.499999999999385 7.749999999999138 1
-4.499999999999387 7.99999999999911 1
-4.499999999999386 8.249999999999114 1
-4.499999999999387 8.499999999999131 1
-4.499999999999385 8.749999999999153 1
-4.499999999999385 8.99999999999917 1
-4.499999999999385 9.249999999999188 1
-4.499999999999385 9.499999999999211 1
-4.499999999999386 9.749999999999224 1
-4.499999999999385 9.999999999999245 1
-4.499999999999386 10.24999999999926 1
-4.499999999999386 10.49999999999929 1
-4.499999999999386 10.7499999999993 1
-4.499999999999386 10.99999999999932 1
-4.499999999999386 11.24999999999934 1
-4.499999999999386 11.49999999999936 1
-4.499999999999386 11.74999999999938 1
-4.499999999999385 11.9999999999994 1
-4.499999999999386 12.24999999999942 1
-4.499999999999386 12.49999999999944 1
-4.499999999999385 12.74999999999945 1
-4.499999999999385 12.99999999999947 1
-4.499999999999386 13.2499999999995 1
-4.499999999999385 13.49999999999951 1
-4.499999999999386 13.74999999999954 1
-4.499999999999386 13.99999999999955 1
-4.499999999999385 14.24999999999957 1
-4.499999999999386 14.49999999999959 1
-4.499999999999386 14.74999999999961 1
-4.499999999999385 14.99999999999963 1
-4.499999999999386 15.24999999999965 1
-4.499999999999386 15.49999999999967 1
-4.499999999999385 15.74999999999968 1
-4.499999999999388 15.99999999999971 1
-4.499999999999386 16.24999999999972 1
-4.499999999999386 16.49999999999974 1
-4.499999999999388 16.74999999999976 1
-4.499999999999386 16.99999999999978 1
-4.499999999999388 17.24999999999979 1
-4.499999999999387 17.49999999999982 1
-4.499999999999387 17.74999999999983 1
-4.499999999999385 17.99999999999984 1
-4.499999999999388 18.24999999999987 1
-4.499999999999386 18.49999999999989 1
-4.499999999999387 18.7499999999999 1
-4.499999999999388 18.99999999999993 1
-4.499999999999388 19.24999999999995 1
-4.499999999999388 19.49999999999997 1
-4.499999999999386 19.74999999999998 1
-4.249999999999073 0.2499999999999862 1
-4.249999999999075 0.4999999999999727 1
-4.249999999999073 0.7499999999999544 1
-4.249999999999075 0.9999999999999325 1
-4.249999999999075 1.249999999999921 1
-4.249999999999074 1.499999999999904 1
-4.249999999999073 1.749999999999894 1
-4.249999999999072 1.999999999999878 1
-4.249999999999075 2.249999999999868 1
-4.249999999999074 2.499999999999849 1
-4.249999999999074 2.7499999999998 1
-4.249999999999074 2.999999999999744 1
-4.249999999999074 3.24999999999969 1
-4.249999999999075 3.499999999999635 1
-4.249999999999075 3.749999999999581 1
-4.249999999999075 3.999999999999525 1
-4.249999999999074 4.249999999999472 1
-4.249999999999075 4.499999999999417 1
-4.249999999999075 4.749999999999362 1
-4.249999999999075 4.999999999999307 1
-4.249999999999075 5.249999999999252 1
-4.249999999999075 5.499999999999199 1
-4.249999999999075 5.749999999999143 1
-4.249999999999076 5.99999999999909 1
-4.249999999999076 6.249999999999033 1
-4.249999999999076 6.499999999998979 1
-4.249999999999075 6.749999999998924 1
-4.249999999999075 6.999999999998871 1
-4.249999999999076 7.249999999998815 1
-4.249999999999075 7.499999999998761 1
-4.249999999999076 7.749999999998707 1
-4.249999999999076 7.999999999998658 1
-4.249999999999075 8.249999999998666 1
-4.249999999999076 8.499999999998689 1
-4.249999999999075 8.749999999998721 1
-4.249999999999076 8.999999999998751 1
-4.249999999999076 9.24999999999878 1
-4.249999999999075 9.499999999998808 1
-4.249999999999076 9.74999999999884 1
-4.249999999999076 9.999999999998865 1
-4.249999999999075 10.2499999999989 1
-4.249999999999076 10.49999999999893 1
-4.249999999999075 10.74999999999895 1
-4.249999999999075 10.99999999999898 1
-4.249999999999076 11.24999999999901 1
-4.249999999999076 11.49999999999904 1
-4.249999999999078 11.74999999999907 1
-4.249999999999075 11.99999999999909 1
-4.249999999999078 12.24999999999913 1
-4.249999999999076 12.49999999999915 1
-4.249999999999078 12.74999999999918 1
-4.249999999999078 12.99999999999921 1
-4.249999999999078 13.24999999999924 1
-4.249999999999078 13.49999999999927 1
-4.249999999999078 13.7499999999993 1
-4.249999999999077 13.99999999999932 1
-4.249999999999078 14.24999999999936 1
-4.249999999999078 14.49999999999938 1
-4.249999999999078 14.74999999999941 1
-4.249999999999078 14.99999999999944 1
-4.249999999999078 15.24999999999947 1
-4.24999999999908 15.4999999999995 1
-4.249999999999078 15.74999999999952 1
-4.249999999999078 15.99999999999955 1
-4.249999999999079 16.24999999999957 1
-4.249999999999078 16.49999999999961 1
-4.249999999999079 16.74999999999963 1
-4.249999999999079 16.99999999999966 1
-4.24999999999908 17.24999999999969 1
-4.24999999999908 17.49999999999972 1
-4.249999999999079 17.74999999999974 1
-4.24999999999908 17.99999999999978 1
-4.249999999999079 18.24999999999979 1
-4.24999999999908 18.49999999999983 1
-4.249999999999079 18.74999999999985 1
-4.249999999999079 18.99999999999988 1
-4.24999999999908 19.24999999999992 1
-4.249999999999079 19.49999999999994 1
-4.24999999999908 19.74999999999998 1
-3.999999999998765 0.2499999999999816 1
-3.999999999998765 0.4999999999999636 1
-3.999999999998764 0.7499999999999389 1
-3.999999999998765 0.9999999999999098 1
-3.999999999998765 1.249999999999893 1
-3.999999999998765 1.499999999999872 1
-3.999999999998765 1.749999999999858 1
-3.999999999998765 1.999999999999837 1
-3.999999999998765 2.249999999999822 1
-3.999999999998766 2.499999999999796 1
-3.999999999998765 2.749999999999732 1
-3.999999999998765 2.999999999999659 1
-3.999999999998765 3.249999999999586 1
-3.999999999998767 3.499999999999512 1
-3.999999999998766 3.74999999999944 1
-3.999999999998765 3.999999999999367 1
-3.999999999998766 4.249999999999293 1
-3.999999999998766 4.499999999999222 1
-3.999999999998768 4.749999999999148 1
-3.999999999998766 4.999999999999075 1
-3.999999999998766 5.249999999999002 1
-3.999999999998767 5.49999999999893 1
-3.999999999998767 5.749999999998855 1
-3.999999999998768 5.999999999998784 1
-3.999999999998767 6.249999999998709 1
-3.999999999998768 6.499999999998638 1
-3.999999999998766 6.749999999998565 1
-3.999999999998767 6.999999999998494 1
-3.999999999998767 7.249999999998419 1
-3.999999999998768 7.499999999998348 1
-3.999999999998768 7.749999999998273 1
-3.999999999998767 7.999999999998208 1
-3.999999999998768 8.249999999998218 1
-3.999999999998767 8.499999999998256 1
-3.999999999998769 8.749999999998293 1
-3.999999999998768 8.99999999999833 1
-3.999999999998769 9.249999999998369 1
-3.999999999998768 9.499999999998408 1
-3.999999999998768 9.749999999998449 1
-3.999999999998769 9.999999999998488 1
-3.999999999998768 10.24999999999852 1
-3.999999999998769 10.49999999999856 1
-3.999999999998769 10.7499999999986 1
-3.999999999998769 10.99999999999864 1
-3.99999999999877 11.24999999999867 1
-3.999999999998769 11.49999999999871 1
-3.999999999998769 11.74999999999875 1
-3.999999999998769 11.99999999999879 1
-3.999999999998769 12.24999999999883 1
-3.99999999999877 12.49999999999886 1
-3.999999999998769 12.74999999999891 1
-3.99999999999877 12.99999999999894 1
-3.99999999999877 13.24999999999898 1
-3.999999999998771 13.49999999999902 1
-3.999999999998772 13.74999999999906 1
-3.999999999998771 13.9999999999991 1
-3.999999999998771 14.24999999999913 1
-3.99999999999877 14.49999999999917 1
-3.999999999998771 14.74999999999921 1
-3.999999999998771 14.99999999999925 1
-3.999999999998771 15.24999999999929 1
-3.999999999998771 15.49999999999932 1
-3.999999999998771 15.74999999999937 1
-3.999999999998771 15.9999999999994 1
-3.999999999998771 16.24999999999943 1
-3.999999999998771 16.49999999999947 1
-3.999999999998771 16.74999999999951 1
-3.999999999998772 16.99999999999955 1
-3.999999999998773 17.24999999999958 1
-3.999999999998773 17.49999999999962 1
-3.999999999998771 17.74999999999966 1
-3.999999999998771 17.99999999999969 1
-3.999999999998773 18.24999999999974 1
-3.999999999998773 18.49999999999978 1
-3.999999999998773 18.74999999999981 1
-3.999999999998772 18.99999999999985 1
-3.999999999998773 19.24999999999989 1
-3.999999999998773 19.49999999999993 1
-3.999999999998772 19.74999999999996 1
-3.749999999998544 0.249999999999977 1
-3.749999999998542 0.4999999999999546 1
-3.749999999998542 0.7499999999999239 1
-3.749999999998539 0.9999999999998872 1
-3.749999999998539 1.249999999999865 1
-3.749999999998538 1.49999999999984 1
-3.749999999998537 1.749999999999822 1
-3.749999999998536 1.999999999999796 1
-3.749999999998534 2.249999999999777 1
-3.749999999998533 2.499999999999745 1
-3.749999999998533 2.749999999999663 1
-3.749999999998533 2.999999999999573 1
-3.749999999998531 3.249999999999481 1
-3.74999999999853 3.49999999999939 1
-3.74999999999853 3.749999999999298 1
-3.749999999998528 3.999999999999208 1
-3.749999999998527 4.249999999999116 1
-3.749999999998527 4.499999999999025 1
-3.749999999998525 4.749999999998934 1
-3.749999999998525 4.999999999998843 1
-3.749999999998523 5.249999999998751 1
-3.749999999998522 5.499999999998661 1
-3.749999999998521 5.749999999998568 1
-3.74999999999852 5.999999999998479 1
-3.749999999998519 6.249999999998385 1
-3.749999999998518 6.499999999998298 1
-3.749999999998517 6.749999999998206 1
-3.749999999998516 6.999999999998114 1
-3.749999999998516 7.249999999998023 1
-3.749999999998514 7.499999999997932 1
-3.749999999998513 7.749999999997839 1
-3.749999999998512 7.999999999997759 1
-3.749999999998511 8.249999999997771 1
-3.749999999998511 8.499999999997817 1
-3.74999999999851 8.749999999997867 1
-3.749999999998509 8.999999999997913 1
-3.749999999998508 9.249999999997963 1
-3.749999999998507 9.49999999999801 1
-3.749999999998505 9.749999999998058 1
-3.749999999998505 9.999999999998106 1
-3.749999999998504 10.24999999999815 1
-3.749999999998503 10.4999999999982 1
-3.749999999998502 10.74999999999825 1
-3.749999999998502 10.9999999999983 1
-3.7499999999985 11.24999999999834 1
-3.7499999999985 11.49999999999839 1
-3.749999999998498 11.74999999999844 1
-3.749999999998496 11.99999999999848 1
-3.749999999998496 12.24999999999853 1
-3.749999999998495 12.49999999999858 1
-3.749999999998494 12.74999999999863 1
-3.749999999998493 12.99999999999867 1
-3.749999999998493 13.24999999999873 1
-3.749999999998491 13.49999999999877 1
-3.749999999998491 13.74999999999882 1
-3.749999999998489 13.99999999999887 1
-3.749999999998488 14.24999999999892 1
-3.749999999998487 14.49999999999896 1
-3.749999999998487 14.74999999999901 1
-3.749999999998485 14.99999999999905 1
-3.749999999998484 15.24999999999911 1
-3.749999999998484 15.49999999999916 1
-3.749999999998483 15.7499999999992 1
-3.749999999998481 15.99999999999924 1
-3.74999999999848 16.24999999999929 1
-3.749999999998479 16.49999999999934 1
-3.749999999998478 16.74999999999939 1
-3.749999999998477 16.99999999999944 1
-3.749999999998477 17.24999999999948 1
-3.749999999998476 17.49999999999953 1
-3.749999999998475 17.74999999999957 1
-3.749999999998473 17.99999999999962 1
-3.749999999998473 18.24999999999967 1
-3.749999999998472 18.49999999999972 1
-3.749999999998471 18.74999999999976 1
-3.74999999999847 18.99999999999981 1
-3.74999999999847 19.24999999999986 1
-3.749999999998467 19.49999999999991 1
-3.749999999998467 19.74999999999995 1
-3.499999999999243 0.2499999999999724 1
-3.49999999999923 0.4999999999999454 1
-3.499999999999217 0.7499999999999086 1
-3.499999999999202 0.9999999999998647 1
-3.499999999999189 1.249999999999838 1
-3.499999999999174 1.499999999999808 1
-3.499999999999161 1.749999999999785 1
-3.499999999999146 1.999999999999756 1
-3.499999999999133 2.249999999999732 1
-3.499999999999119 2.499999999999693 1
-3.499999999999106 2.749999999999595 1
-3.499999999999092 2.999999999999487 1
-3.499999999999079 3.249999999999377 1
-3.499999999999064 3.499999999999267 1
-3.499999999999051 3.749999999999158 1
-3.499999999999037 3.999999999999049 1
-3.499999999999023 4.249999999998939 1
-3.499999999999009 4.499999999998829 1
-3.499999999998996 4.749999999998721 1
-3.499999999998982 4.999999999998609 1
-3.499999999998969 5.249999999998502 1
-3.499999999998955 5.499999999998393 1
-3.499999999998941 5.74999999999828 1
-3.499999999998927 5.999999999998174 1
-3.499999999998914 6.249999999998064 1
-3.499999999998901 6.499999999997955 1
-3.499999999998886 6.749999999997844 1
-3.499999999998872 6.999999999997737 1
-3.499999999998859 7.249999999997627 1
-3.499999999998845 7.499999999997519 1
-3.49999999999883 7.749999999997407 1
-3.499999999998818 7.99999999999731 1
-3.499999999998804 8.249999999997323 1
-3.499999999998791 8.499999999997383 1
-3.499999999998777 8.74999999999744 1
-3.499999999998763 8.999999999997494 1
-3.499999999998749 9.24999999999755 1
-3.499999999998735 9.499999999997613 1
-3.499999999998721 9.749999999997668 1
-3.499999999998708 9.999999999997724 1
-3.499999999998693 10.24999999999778 1
-3.499999999998679 10.49999999999784 1
-3.499999999998666 10.7499999999979 1
-3.499999999998653 10.99999999999795 1
-3.499999999998638 11.24999999999801 1
-3.499999999998624 11.49999999999807 1
-3.499999999998612 11.74999999999812 1
-3.499999999998598 11.99999999999818 1
-3.499999999998584 12.24999999999824 1
-3.49999999999857 12.4999999999983 1
-3.499999999998556 12.74999999999835 1
-3.499999999998542 12.99999999999841 1
-3.499999999998528 13.24999999999847 1
-3.499999999998515 13.49999999999852 1
-3.499999999998502 13.74999999999858 1
-3.499999999998487 13.99999999999864 1
-3.499999999998474 14.2499999999987 1
-3.499999999998459 14.49999999999875 1
-3.499999999998447 14.74999999999881 1
-3.499999999998432 14.99999999999887 1
-3.499999999998419 15.24999999999892 1
-3.499999999998404 15.49999999999898 1
-3.499999999998392 15.74999999999904 1
-3.499999999998378 15.99999999999909 1
-3.499999999998363 16.24999999999915 1
-3.49999999999835 16.49999999999921 1
-3.499999999998336 16.74999999999926 1
-3.499999999998322 16.99999999999932 1
-3.499999999998308 17.24999999999937 1
-3.499999999998296 17.49999999999944 1
-3.499999999998282 17.74999999999948 1
-3.499999999998267 17.99999999999955 1
-3.499999999998254 18.2499999999996 1
-3.499999999998241 18.49999999999966 1
-3.499999999998226 18.74999999999971 1
-3.499999999998213 18.99999999999977 1
-3.499999999998199 19.24999999999983 1
-3.499999999998185 19.49999999999988 1
-3.499999999998171 19.74999999999995 1
-3.250000000000032 0.2499999999999679 1
-3.250000000000003 0.4999999999999363 1
-3.249999999999976 0.7499999999998935 1
-3.249999999999949 0.9999999999998422 1
-3.249999999999921 1.24999999999981 1
-3.249999999999893 1.499999999999776 1
-3.249999999999866 1.749999999999749 1
-3.249999999999839 1.999999999999715 1
-3.24999999999981 2.249999999999686 1
-3.249999999999783 2.499999999999641 1
-3.249999999999755 2.749999999999528 1
-3.249999999999729 2.9999999999994 1
-3.2499999999997 3.249999999999273 1
-3.249999999999673 3.499999999999145 1
-3.249999999999645 3.749999999999017 1
-3.249999999999618 3.999999999998889 1
-3.249999999999591 4.249999999998761 1
-3.249999999999563 4.499999999998633 1
-3.249999999999535 4.749999999998506 1
-3.249999999999507 4.999999999998378 1
-3.249999999999479 5.249999999998249 1
-3.249999999999452 5.499999999998122 1
-3.249999999999424 5.749999999997995 1
-3.249999999999396 5.999999999997869 1
-3.249999999999369 6.249999999997738 1
-3.249999999999341 6.499999999997612 1
-3.249999999999314 6.749999999997486 1
-3.249999999999287 6.999999999997359 1
-3.249999999999259 7.249999999997229 1
-3.249999999999232 7.499999999997104 1
-3.249999999999203 7.749999999996975 1
-3.249999999999176 7.999999999996861 1
-3.249999999999148 8.249999999996875 1
-3.249999999999121 8.499999999996941 1
-3.249999999999093 8.74999999999701 1
-3.249999999999065 8.999999999997074 1
-3.249999999999038 9.249999999997145 1
-3.24999999999901 9.499999999997215 1
-3.249999999998982 9.749999999997275 1
-3.249999999998954 9.999999999997344 1
-3.249999999998928 10.24999999999741 1
-3.2499999999989 10.49999999999748 1
-3.249999999998872 10.74999999999755 1
-3.249999999998844 10.99999999999761 1
-3.249999999998817 11.24999999999768 1
-3.249999999998789 11.49999999999774 1
-3.249999999998761 11.74999999999781 1
-3.249999999998734 11.99999999999788 1
-3.249999999998706 12.24999999999794 1
-3.249999999998679 12.49999999999801 1
-3.249999999998652 12.74999999999808 1
-3.249999999998624 12.99999999999814 1
-3.249999999998597 13.24999999999821 1
-3.249999999998568 13.49999999999828 1
-3.24999999999854 13.74999999999834 1
-3.249999999998513 13.99999999999841 1
-3.249999999998486 14.24999999999848 1
-3.249999999998459 14.49999999999855 1
-3.24999999999843 14.74999999999861 1
-3.249999999998404 14.99999999999868 1
-3.249999999998375 15.24999999999874 1
-3.249999999998348 15.49999999999881 1
-3.24999999999832 15.74999999999888 1
-3.249999999998292 15.99999999999894 1
-3.249999999998265 16.24999999999901 1
-3.249999999998238 16.49999999999908 1
-3.24999999999821 16.74999999999914 1
-3.249999999998182 16.99999999999921 1
-3.249999999998155 17.24999999999927 1
-3.249999999998127 17.49999999999934 1
-3.249999999998099 17.7499999999994 1
-3.249999999998071 17.99999999999947 1
-3.249999999998044 18.24999999999954 1
-3.249999999998017 18.49999999999961 1
-3.249999999997989 18.74999999999967 1
-3.249999999997961 18.99999999999974 1
-3.249999999997933 19.24999999999981 1
-3.249999999997907 19.49999999999987 1
-3.249999999997879 19.74999999999994 1
-3.000000000000818 0.2499999999999632 1
-3.000000000000777 0.4999999999999273 1
-3.000000000000735 0.7499999999998783 1
-3.000000000000693 0.9999999999998197 1
-3.000000000000652 1.249999999999782 1
-3.000000000000611 1.499999999999745 1
-3.00000000000057 1.749999999999712 1
-3.000000000000528 1.999999999999674 1
-3.000000000000486 2.249999999999642 1
-3.000000000000445 2.49999999999959 1
-3.000000000000403 2.749999999999461 1
-3.000000000000361 2.999999999999314 1
-3.000000000000321 3.249999999999169 1
-3.00000000000028 3.499999999999023 1
-3.000000000000237 3.749999999998876 1
-3.000000000000197 3.999999999998729 1
-3.000000000000155 4.249999999998583 1
-3.000000000000114 4.499999999998437 1
-3.000000000000071 4.74999999999829 1
-3.000000000000031 4.999999999998146 1
-2.99999999999999 5.249999999998001 1
-2.999999999999947 5.499999999997856 1
-2.999999999999906 5.749999999997708 1
-2.999999999999865 5.999999999997565 1
-2.999999999999824 6.249999999997415 1
-2.999999999999782 6.499999999997271 1
-2.99999999999974 6.749999999997124 1
-2.999999999999699 6.999999999996981 1
-2.999999999999656 7.249999999996833 1
-2.999999999999617 7.499999999996687 1
-2.999999999999575 7.749999999996541 1
-2.999999999999533 7.99999999999641 1
-2.999999999999491 8.249999999996431 1
-2.99999999999945 8.499999999996502 1
-2.999999999999409 8.749999999996581 1
-2.999999999999367 8.999999999996655 1
-2.999999999999325 9.249999999996733 1
-2.999999999999284 9.49999999999681 1
-2.999999999999242 9.749999999996886 1
-2.999999999999202 9.999999999996962 1
-2.999999999999159 10.24999999999704 1
-2.999999999999118 10.49999999999712 1
-2.999999999999078 10.74999999999719 1
-2.999999999999035 10.99999999999727 1
-2.999999999998994 11.24999999999734 1
-2.999999999998952 11.49999999999742 1
-2.999999999998911 11.7499999999975 1
-2.999999999998869 11.99999999999757 1
-2.999999999998828 12.24999999999765 1
-2.999999999998787 12.49999999999773 1
-2.999999999998745 12.7499999999978 1
-2.999999999998704 12.99999999999788 1
-2.999999999998662 13.24999999999795 1
-2.999999999998621 13.49999999999803 1
-2.99999999999858 13.74999999999811 1
-2.999999999998538 13.99999999999818 1
-2.999999999998496 14.24999999999826 1
-2.999999999998455 14.49999999999833 1
-2.999999999998414 14.74999999999841 1
-2.999999999998372 14.99999999999849 1
-2.999999999998331 15.24999999999856 1
-2.999999999998288 15.49999999999864 1
-2.999999999998248 15.74999999999871 1
-2.999999999998207 15.99999999999879 1
-2.999999999998164 16.24999999999886 1
-2.999999999998123 16.49999999999894 1
-2.999999999998082 16.74999999999902 1
-2.99999999999804 16.99999999999909 1
-2.999999999997999 17.24999999999917 1
-2.999999999997957 17.49999999999924 1
-2.999999999997915 17.74999999999931 1
-2.999999999997875 17.99999999999939 1
-2.999999999997833 18.24999999999947 1
-2.999999999997791 18.49999999999955 1
-2.99999999999775 18.74999999999962 1
-2.99999999999771 18.99999999999969 1
-2.999999999997667 19.24999999999978 1
-2.999999999997626 19.49999999999985 1
-2.999999999997585 19.74999999999992 1
-2.750000000001606 0.2499999999999586 1
-2.750000000001551 0.4999999999999181 1
-2.750000000001496 0.7499999999998631 1
-2.75000000000144 0.9999999999997971 1
-2.750000000001386 1.249999999999755 1
-2.750000000001329 1.499999999999712 1
-2.750000000001275 1.749999999999676 1
-2.750000000001219 1.999999999999633 1
-2.750000000001163 2.249999999999597 1
-2.750000000001108 2.499999999999538 1
-2.750000000001054 2.749999999999393 1
-2.750000000000998 2.999999999999229 1
-2.750000000000941 3.249999999999064 1
-2.750000000000887 3.4999999999989 1
-2.750000000000832 3.749999999998735 1
-2.750000000000776 3.999999999998572 1
-2.750000000000721 4.249999999998406 1
-2.750000000000667 4.499999999998241 1
-2.750000000000611 4.749999999998078 1
-2.750000000000556 4.999999999997913 1
-2.750000000000499 5.249999999997748 1
-2.750000000000444 5.499999999997586 1
-2.750000000000389 5.74999999999742 1
-2.750000000000335 5.999999999997258 1
-2.750000000000279 6.24999999999709 1
-2.750000000000224 6.49999999999693 1
-2.750000000000169 6.749999999996764 1
-2.750000000000113 6.999999999996604 1
-2.750000000000058 7.249999999996436 1
-2.750000000000003 7.499999999996272 1
-2.749999999999946 7.749999999996106 1
-2.749999999999892 7.999999999995961 1
-2.749999999999836 8.249999999995984 1
-2.749999999999781 8.499999999996067 1
-2.749999999999726 8.749999999996152 1
-2.74999999999967 8.999999999996238 1
-2.749999999999615 9.249999999996328 1
-2.749999999999559 9.499999999996412 1
-2.749999999999504 9.749999999996497 1
-2.749999999999448 9.999999999996584 1
-2.749999999999393 10.24999999999667 1
-2.749999999999338 10.49999999999675 1
-2.749999999999283 10.74999999999684 1
-2.749999999999227 10.99999999999693 1
-2.749999999999172 11.24999999999701 1
-2.749999999999117 11.4999999999971 1
-2.749999999999062 11.74999999999718 1
-2.749999999999007 11.99999999999727 1
-2.749999999998951 12.24999999999735 1
-2.749999999998896 12.49999999999744 1
-2.749999999998841 12.74999999999752 1
-2.749999999998785 12.99999999999761 1
-2.74999999999873 13.2499999999977 1
-2.749999999998674 13.49999999999778 1
-2.74999999999862 13.74999999999787 1
-2.749999999998564 13.99999999999795 1
-2.749999999998509 14.24999999999804 1
-2.749999999998454 14.49999999999813 1
-2.749999999998399 14.74999999999821 1
-2.749999999998343 14.9999999999983 1
-2.749999999998288 15.24999999999838 1
-2.749999999998233 15.49999999999847 1
-2.749999999998177 15.74999999999855 1
-2.749999999998122 15.99999999999864 1
-2.749999999998067 16.24999999999872 1
-2.749999999998011 16.49999999999881 1
-2.749999999997955 16.74999999999889 1
-2.7499999999979 16.99999999999898 1
-2.749999999997845 17.24999999999906 1
-2.74999999999779 17.49999999999915 1
-2.749999999997735 17.74999999999923 1
-2.74999999999768 17.99999999999932 1
-2.749999999997624 18.2499999999994 1
-2.749999999997568 18.49999999999949 1
-2.749999999997513 18.74999999999957 1
-2.749999999997458 18.99999999999966 1
-2.749999999997403 19.24999999999975 1
-2.749999999997348 19.49999999999982 1
-2.749999999997292 19.74999999999992 1
-2.500000000002394 0.2499999999999539 1
-2.500000000002324 0.499999999999909 1
-2.500000000002256 0.7499999999998478 1
-2.500000000002186 0.9999999999997748 1
-2.500000000002118 1.249999999999727 1
-2.500000000002048 1.49999999999968 1
-2.50000000000198 1.749999999999639 1
-2.50000000000191 1.999999999999593 1
-2.500000000001841 2.249999999999551 1
-2.500000000001771 2.499999999999485 1
-2.500000000001703 2.749999999999325 1
-2.500000000001633 2.999999999999142 1
-2.500000000001565 3.249999999998959 1
-2.500000000001495 3.499999999998777 1
-2.500000000001426 3.749999999998594 1
-2.500000000001357 3.999999999998411 1
-2.500000000001287 4.249999999998228 1
-2.500000000001218 4.499999999998045 1
-2.500000000001149 4.749999999997864 1
-2.50000000000108 4.999999999997682 1
-2.50000000000101 5.2499999999975 1
-2.500000000000941 5.499999999997317 1
-2.500000000000873 5.749999999997133 1
-2.500000000000805 5.999999999996954 1
-2.500000000000735 6.249999999996768 1
-2.500000000000664 6.499999999996589 1
-2.500000000000596 6.749999999996406 1
-2.500000000000527 6.999999999996223 1
-2.500000000000457 7.249999999996041 1
-2.500000000000388 7.499999999995859 1
-2.500000000000319 7.749999999995675 1
-2.50000000000025 7.999999999995509 1
-2.500000000000182 8.249999999995536 1
-2.500000000000111 8.499999999995628 1
-2.500000000000043 8.749999999995728 1
-2.499999999999973 8.999999999995818 1
-2.499999999999904 9.249999999995918 1
-2.499999999999836 9.499999999996012 1
-2.499999999999767 9.749999999996104 1
-2.499999999999697 9.9999999999962 1
-2.499999999999628 10.2499999999963 1
-2.499999999999559 10.49999999999639 1
-2.499999999999489 10.74999999999649 1
-2.49999999999942 10.99999999999659 1
-2.499999999999351 11.24999999999668 1
-2.499999999999281 11.49999999999677 1
-2.499999999999213 11.74999999999687 1
-2.499999999999144 11.99999999999696 1
-2.499999999999075 12.24999999999706 1
-2.499999999999005 12.49999999999715 1
-2.499999999998936 12.74999999999725 1
-2.499999999998867 12.99999999999734 1
-2.499999999998798 13.24999999999744 1
-2.499999999998729 13.49999999999754 1
-2.49999999999866 13.74999999999763 1
-2.499999999998591 13.99999999999773 1
-2.499999999998522 14.24999999999782 1
-2.499999999998452 14.49999999999791 1
-2.499999999998383 14.74999999999801 1
-2.499999999998313 14.99999999999811 1
-2.499999999998244 15.2499999999982 1
-2.499999999998176 15.49999999999829 1
-2.499999999998106 15.74999999999839 1
-2.499999999998038 15.99999999999848 1
-2.499999999997968 16.24999999999858 1
-2.499999999997899 16.49999999999867 1
-2.499999999997829 16.74999999999877 1
-2.49999999999776 16.99999999999886 1
-2.499999999997692 17.24999999999896 1
-2.499999999997622 17.49999999999905 1
-2.499999999997553 17.74999999999914 1
-2.499999999997484 17.99999999999923 1
-2.499999999997415 18.24999999999934 1
-2.499999999997346 18.49999999999944 1
-2.499999999997276 18.74999999999953 1
-2.499999999997207 18.99999999999962 1
-2.499999999997138 19.24999999999972 1
-2.499999999997069 19.49999999999981 1
-2.499999999997 19.7499999999999 1
-2.250000000003183 0.2499999999999494 1
-2.250000000003099 0.4999999999998999 1
-2.250000000003015 0.7499999999998327 1
-2.250000000002932 0.9999999999997522 1
-2.250000000002849 1.2499999999997 1
-2.250000000002767 1.499999999999649 1
-2.250000000002683 1.749999999999603 1
-2.2500000000026 1.999999999999552 1
-2.250000000002517 2.249999999999506 1
-2.250000000002434 2.499999999999434 1
-2.250000000002351 2.749999999999257 1
-2.250000000002268 2.999999999999056 1
-2.250000000002186 3.249999999998856 1
-2.250000000002101 3.499999999998654 1
-2.250000000002019 3.749999999998454 1
-2.250000000001936 3.999999999998252 1
-2.250000000001854 4.24999999999805 1
-2.25000000000177 4.499999999997851 1
-2.250000000001687 4.749999999997652 1
-2.250000000001604 4.999999999997449 1
-2.250000000001521 5.249999999997248 1
-2.250000000001438 5.499999999997049 1
-2.250000000001355 5.749999999996848 1
-2.250000000001272 5.999999999996647 1
-2.250000000001189 6.249999999996445 1
-2.250000000001105 6.499999999996246 1
-2.250000000001022 6.749999999996045 1
-2.250000000000941 6.999999999995847 1
-2.250000000000856 7.249999999995643 1
-2.250000000000774 7.499999999995444 1
-2.250000000000691 7.749999999995241 1
-2.250000000000608 7.999999999995063 1
-2.250000000000525 8.249999999995092 1
-2.250000000000442 8.499999999995195 1
-2.250000000000358 8.749999999995302 1
-2.250000000000276 8.999999999995403 1
-2.250000000000192 9.249999999995511 1
-2.25000000000011 9.499999999995614 1
-2.250000000000027 9.749999999995717 1
-2.249999999999944 9.999999999995824 1
-2.249999999999861 10.24999999999593 1
-2.249999999999778 10.49999999999604 1
-2.249999999999694 10.74999999999614 1
-2.249999999999612 10.99999999999624 1
-2.249999999999528 11.24999999999634 1
-2.249999999999446 11.49999999999645 1
-2.249999999999363 11.74999999999655 1
-2.24999999999928 11.99999999999666 1
-2.249999999999197 12.24999999999676 1
-2.249999999999114 12.49999999999687 1
-2.249999999999031 12.74999999999697 1
-2.249999999998947 12.99999999999708 1
-2.249999999998865 13.24999999999719 1
-2.249999999998781 13.49999999999729 1
-2.249999999998699 13.74999999999739 1
-2.249999999998615 13.9999999999975 1
-2.249999999998533 14.2499999999976 1
-2.249999999998449 14.49999999999771 1
-2.249999999998366 14.74999999999781 1
-2.249999999998282 14.99999999999792 1
-2.249999999998201 15.24999999999802 1
-2.249999999998118 15.49999999999812 1
-2.249999999998034 15.74999999999823 1
-2.24999999999795 15.99999999999833 1
-2.249999999997868 16.24999999999844 1
-2.249999999997786 16.49999999999854 1
-2.249999999997702 16.74999999999864 1
-2.249999999997619 16.99999999999875 1
-2.249999999997536 17.24999999999886 1
-2.249999999997454 17.49999999999896 1
-2.249999999997371 17.74999999999906 1
-2.249999999997287 17.99999999999916 1
-2.249999999997204 18.24999999999927 1
-2.249999999997121 18.49999999999938 1
-2.249999999997038 18.74999999999948 1
-2.249999999996955 18.99999999999958 1
-2.249999999996872 19.24999999999969 1
-2.249999999996789 19.49999999999979 1
-2.249999999996706 19.7499999999999 1
-2.000000000003969 0.2499999999999448 1
-2.000000000003872 0.4999999999998909 1
-2.000000000003775 0.7499999999998175 1
-2.000000000003678 0.9999999999997295 1
-2.000000000003581 1.249999999999672 1
-2.000000000003484 1.499999999999617 1
-2.000000000003388 1.749999999999566 1
-2.00000000000329 1.999999999999511 1
-2.000000000003194 2.24999999999946 1
-2.000000000003097 2.499999999999382 1
-2.000000000003 2.749999999999189 1
-2.000000000002903 2.99999999999897 1
-2.000000000002806 3.249999999998751 1
-2.000000000002709 3.499999999998532 1
-2.000000000002612 3.749999999998312 1
-2.000000000002516 3.999999999998094 1
-2.000000000002419 4.249999999997873 1
-2.000000000002322 4.499999999997655 1
-2.000000000002225 4.749999999997435 1
-2.000000000002127 4.999999999997216 1
-2.000000000002031 5.249999999996997 1
-2.000000000001934 5.49999999999678 1
-2.000000000001837 5.74999999999656 1
-2.00000000000174 5.999999999996342 1
-2.000000000001643 6.249999999996122 1
-2.000000000001546 6.499999999995903 1
-2.00000000000145 6.749999999995685 1
-2.000000000001353 6.999999999995468 1
-2.000000000001256 7.249999999995247 1
-2.000000000001159 7.499999999995028 1
-2.000000000001063 7.749999999994809 1
-2.000000000000965 7.999999999994612 1
-2.000000000000869 8.249999999994644 1
-2.000000000000772 8.499999999994753 1
-2.000000000000674 8.749999999994868 1
-2.000000000000578 8.999999999994985 1
-2.000000000000481 9.249999999995099 1
-2.000000000000385 9.499999999995214 1
-2.000000000000287 9.749999999995332 1
-2.00000000000019 9.999999999995442 1
-2.000000000000094 10.24999999999556 1
-1.999999999999996 10.49999999999567 1
-1.9999999999999 10.74999999999578 1
-1.999999999999803 10.9999999999959 1
-1.999999999999706 11.24999999999601 1
-1.999999999999609 11.49999999999613 1
-1.999999999999512 11.74999999999624 1
-1.999999999999415 11.99999999999635 1
-1.999999999999318 12.24999999999647 1
-1.999999999999222 12.49999999999658 1
-1.999999999999125 12.7499999999967 1
-1.999999999999028 12.99999999999681 1
-1.999999999998931 13.24999999999693 1
-1.999999999998834 13.49999999999704 1
-1.999999999998737 13.74999999999715 1
-1.999999999998641 13.99999999999727 1
-1.999999999998543 14.24999999999738 1
-1.999999999998447 14.4999999999975 1
-1.99999999999835 14.74999999999761 1
-1.999999999998253 14.99999999999773 1
-1.999999999998156 15.24999999999784 1
-1.999999999998059 15.49999999999795 1
-1.999999999997962 15.74999999999807 1
-1.999999999997865 15.99999999999818 1
-1.99999999999777 16.24999999999829 1
-1.999999999997672 16.49999999999841 1
-1.999999999997575 16.74999999999853 1
-1.999999999997478 16.99999999999863 1
-1.999999999997381 17.24999999999875 1
-1.999999999997284 17.49999999999887 1
-1.999999999997187 17.74999999999897 1
-1.99999999999709 17.99999999999909 1
-1.999999999996994 18.2499999999992 1
-1.999999999996897 18.49999999999932 1
-1.9999999999968 18.74999999999943 1
-1.999999999996703 18.99999999999954 1
-1.999999999996606 19.24999999999967 1
-1.999999999996509 19.49999999999977 1
-1.999999999996412 19.74999999999989 1
-1.750000000004756 0.2499999999999402 1
-1.750000000004646 0.4999999999998817 1
-1.750000000004535 0.7499999999998022 1
-1.750000000004424 0.999999999999707 1
-1.750000000004314 1.249999999999645 1
-1.750000000004204 1.499999999999585 1
-1.750000000004092 1.74999999999953 1
-1.750000000003981 1.999999999999471 1
-1.750000000003871 2.249999999999416 1
-1.750000000003761 2.499999999999331 1
-1.75000000000365 2.749999999999122 1
-1.750000000003539 2.999999999998883 1
-1.750000000003428 3.249999999998646 1
-1.750000000003317 3.499999999998409 1
-1.750000000003207 3.749999999998171 1
-1.750000000003096 3.999999999997934 1
-1.750000000002985 4.249999999997695 1
-1.750000000002874 4.499999999997459 1
-1.750000000002763 4.749999999997222 1
-1.750000000002652 4.999999999996984 1
-1.750000000002542 5.249999999996747 1
-1.750000000002431 5.49999999999651 1
-1.75000000000232 5.749999999996272 1
-1.75000000000221 5.999999999996037 1
-1.750000000002099 6.249999999995799 1
-1.750000000001988 6.499999999995562 1
-1.750000000001877 6.749999999995325 1
-1.750000000001767 6.99999999999509 1
-1.750000000001656 7.24999999999485 1
-1.750000000001545 7.499999999994613 1
-1.750000000001434 7.749999999994376 1
-1.750000000001324 7.999999999994162 1
-1.750000000001213 8.249999999994197 1
-1.750000000001102 8.499999999994316 1
-1.750000000000991 8.749999999994442 1
-1.750000000000881 8.999999999994566 1
-1.75000000000077 9.249999999994689 1
-1.750000000000659 9.499999999994813 1
-1.750000000000548 9.749999999994939 1
-1.750000000000438 9.99999999999506 1
-1.750000000000327 10.24999999999519 1
-1.750000000000216 10.49999999999531 1
-1.750000000000106 10.74999999999543 1
-1.749999999999995 10.99999999999555 1
-1.749999999999885 11.24999999999568 1
-1.749999999999774 11.4999999999958 1
-1.749999999999662 11.74999999999593 1
-1.749999999999553 11.99999999999605 1
-1.749999999999441 12.24999999999617 1
-1.749999999999331 12.4999999999963 1
-1.74999999999922 12.74999999999642 1
-1.749999999999109 12.99999999999654 1
-1.749999999998998 13.24999999999667 1
-1.749999999998888 13.49999999999679 1
-1.749999999998777 13.74999999999692 1
-1.749999999998666 13.99999999999704 1
-1.749999999998556 14.24999999999716 1
-1.749999999998445 14.49999999999729 1
-1.749999999998334 14.74999999999741 1
-1.749999999998223 14.99999999999753 1
-1.749999999998113 15.24999999999766 1
-1.749999999998002 15.49999999999778 1
-1.74999999999789 15.74999999999791 1
-1.74999999999778 15.99999999999803 1
-1.74999999999767 16.24999999999815 1
-1.749999999997559 16.49999999999827 1
-1.749999999997448 16.7499999999984 1
-1.749999999997338 16.99999999999852 1
-1.749999999997226 17.24999999999864 1
-1.749999999997116 17.49999999999876 1
-1.749999999997005 17.74999999999889 1
-1.749999999996894 17.99999999999901 1
-1.749999999996784 18.24999999999914 1
-1.749999999996673 18.49999999999926 1
-1.749999999996562 18.74999999999939 1
-1.749999999996452 18.99999999999951 1
-1.749999999996341 19.24999999999963 1
-1.74999999999623 19.49999999999975 1
-1.74999999999612 19.74999999999988 1
-1.500000000005545 0.2499999999999356 1
-1.50000000000542 0.4999999999998726 1
-1.500000000005296 0.7499999999997871 1
-1.500000000005171 0.9999999999996845 1
-1.500000000005046 1.249999999999616 1
-1.500000000004922 1.499999999999553 1
-1.500000000004797 1.749999999999494 1
-1.500000000004674 1.99999999999943 1
-1.500000000004548 2.24999999999937 1
-1.500000000004423 2.499999999999279 1
-1.500000000004299 2.749999999999054 1
-1.500000000004174 2.999999999998797 1
-1.500000000004049 3.249999999998542 1
-1.500000000003926 3.499999999998287 1
-1.500000000003801 3.749999999998031 1
-1.500000000003676 3.999999999997775 1
-1.500000000003552 4.249999999997519 1
-1.500000000003426 4.499999999997264 1
-1.500000000003302 4.749999999997009 1
-1.500000000003177 4.999999999996751 1
-1.500000000003054 5.249999999996497 1
-1.500000000002928 5.499999999996242 1
-1.500000000002804 5.749999999995985 1
-1.500000000002679 5.99999999999573 1
-1.500000000002555 6.249999999995476 1
-1.50000000000243 6.499999999995221 1
-1.500000000002305 6.749999999994963 1
-1.500000000002181 6.99999999999471 1
-1.500000000002056 7.249999999994454 1
-1.500000000001931 7.4999999999942 1
-1.500000000001807 7.749999999993943 1
-1.500000000001682 7.999999999993713 1
-1.500000000001557 8.249999999993749 1
-1.500000000001433 8.499999999993879 1
-1.500000000001309 8.749999999994015 1
-1.500000000001184 8.999999999994145 1
-1.500000000001059 9.249999999994282 1
-1.500000000000935 9.499999999994415 1
-1.50000000000081 9.749999999994548 1
-1.500000000000686 9.999999999994682 1
-1.500000000000561 10.24999999999481 1
-1.500000000000437 10.49999999999495 1
-1.500000000000311 10.74999999999508 1
-1.500000000000187 10.99999999999521 1
-1.500000000000063 11.24999999999535 1
-1.499999999999938 11.49999999999548 1
-1.499999999999813 11.74999999999561 1
-1.499999999999689 11.99999999999575 1
-1.499999999999564 12.24999999999588 1
-1.49999999999944 12.49999999999601 1
-1.499999999999315 12.74999999999615 1
-1.499999999999191 12.99999999999628 1
-1.499999999999065 13.24999999999642 1
-1.499999999998941 13.49999999999655 1
-1.499999999998817 13.74999999999668 1
-1.499999999998692 13.99999999999681 1
-1.499999999998567 14.24999999999694 1
-1.499999999998442 14.49999999999708 1
-1.499999999998318 14.74999999999721 1
-1.499999999998194 14.99999999999735 1
-1.499999999998069 15.24999999999748 1
-1.499999999997944 15.49999999999761 1
-1.49999999999782 15.74999999999775 1
-1.499999999997695 15.99999999999788 1
-1.49999999999757 16.24999999999801 1
-1.499999999997446 16.49999999999814 1
-1.499999999997321 16.74999999999827 1
-1.499999999997196 16.9999999999984 1
-1.499999999997072 17.24999999999854 1
-1.499999999996948 17.49999999999867 1
-1.499999999996823 17.7499999999988 1
-1.499999999996698 17.99999999999893 1
-1.499999999996574 18.24999999999907 1
-1.499999999996449 18.4999999999992 1
-1.499999999996324 18.74999999999934 1
-1.4999999999962 18.99999999999947 1
-1.499999999996075 19.24999999999961 1
-1.499999999995951 19.49999999999974 1
-1.499999999995826 19.74999999999987 1
-1.250000000006332 0.249999999999931 1
-1.250000000006193 0.4999999999998635 1
-1.250000000006055 0.7499999999997716 1
-1.250000000005916 0.999999999999662 1
-1.250000000005778 1.249999999999589 1
-1.250000000005639 1.499999999999521 1
-1.2500000000055 1.749999999999457 1
-1.250000000005362 1.999999999999389 1
-1.250000000005224 2.249999999999325 1
-1.250000000005085 2.499999999999228 1
-1.250000000004947 2.749999999998986 1
-1.250000000004808 2.999999999998711 1
-1.25000000000467 3.249999999998438 1
-1.250000000004531 3.499999999998164 1
-1.250000000004393 3.74999999999789 1
-1.250000000004255 3.999999999997616 1
-1.250000000004116 4.249999999997342 1
-1.250000000003977 4.499999999997067 1
-1.250000000003839 4.749999999996795 1
-1.250000000003701 4.99999999999652 1
-1.250000000003562 5.249999999996246 1
-1.250000000003424 5.499999999995974 1
-1.250000000003286 5.749999999995699 1
-1.250000000003147 5.999999999995425 1
-1.250000000003009 6.249999999995151 1
-1.250000000002871 6.499999999994879 1
-1.250000000002732 6.749999999994603 1
-1.250000000002593 6.999999999994333 1
-1.250000000002455 7.249999999994058 1
-1.250000000002316 7.499999999993785 1
-1.250000000002178 7.749999999993511 1
-1.250000000002039 7.999999999993263 1
-1.250000000001902 8.249999999993301 1
-1.250000000001763 8.499999999993443 1
-1.250000000001624 8.749999999993589 1
-1.250000000001486 8.999999999993728 1
-1.250000000001348 9.24999999999387 1
-1.250000000001209 9.499999999994015 1
-1.250000000001071 9.749999999994158 1
-1.250000000000933 9.9999999999943 1
-1.250000000000794 10.24999999999444 1
-1.250000000000655 10.49999999999458 1
-1.250000000000517 10.74999999999473 1
-1.250000000000378 10.99999999999487 1
-1.25000000000024 11.24999999999501 1
-1.250000000000102 11.49999999999516 1
-1.249999999999964 11.7499999999953 1
-1.249999999999825 11.99999999999544 1
-1.249999999999686 12.24999999999558 1
-1.249999999999548 12.49999999999573 1
-1.24999999999941 12.74999999999587 1
-1.249999999999271 12.99999999999601 1
-1.249999999999132 13.24999999999616 1
-1.249999999998994 13.4999999999963 1
-1.249999999998855 13.74999999999644 1
-1.249999999998717 13.99999999999659 1
-1.249999999998579 14.24999999999673 1
-1.24999999999844 14.49999999999687 1
-1.249999999998302 14.74999999999701 1
-1.249999999998163 14.99999999999715 1
-1.249999999998025 15.24999999999729 1
-1.249999999997887 15.49999999999744 1
-1.249999999997748 15.74999999999758 1
-1.24999999999761 15.99999999999773 1
-1.249999999997471 16.24999999999786 1
-1.249999999997333 16.49999999999801 1
-1.249999999997195 16.74999999999815 1
-1.249999999997056 16.99999999999829 1
-1.249999999996918 17.24999999999843 1
-1.249999999996779 17.49999999999858 1
-1.249999999996641 17.74999999999871 1
-1.249999999996502 17.99999999999887 1
-1.249999999996364 18.249999999999 1
-1.249999999996225 18.49999999999915 1
-1.249999999996087 18.74999999999929 1
-1.249999999995949 18.99999999999943 1
-1.24999999999581 19.24999999999958 1
-1.249999999995672 19.49999999999971 1
-1.249999999995533 19.74999999999986 1
-1.000000000007085 0.2499999999999264 1
-1.000000000006933 0.4999999999998544 1
-1.000000000006781 0.7499999999997566 1
-1.00000000000663 0.9999999999996394 1
-1.000000000006478 1.249999999999561 1
-1.000000000006325 1.499999999999489 1
-1.000000000006174 1.74999999999942 1
-1.000000000006022 1.999999999999348 1
-1.00000000000587 2.249999999999281 1
-1.000000000005718 2.499999999999175 1
-1.000000000005566 2.749999999998917 1
-1.000000000005414 2.999999999998626 1
-1.000000000005263 3.249999999998333 1
-1.000000000005111 3.499999999998042 1
-1.000000000004959 3.749999999997748 1
-1.000000000004807 3.999999999997456 1
-1.000000000004655 4.249999999997161 1
-1.000000000004503 4.499999999996872 1
-1.000000000004351 4.749999999996581 1
-1.000000000004199 4.999999999996288 1
-1.000000000004048 5.249999999995996 1
-1.000000000003896 5.499999999995705 1
-1.000000000003744 5.749999999995412 1
-1.000000000003592 5.99999999999512 1
-1.00000000000344 6.249999999994829 1
-1.000000000003288 6.499999999994536 1
-1.000000000003136 6.749999999994246 1
-1.000000000002985 6.999999999993953 1
-1.000000000002833 7.24999999999366 1
-1.000000000002681 7.499999999993369 1
-1.000000000002528 7.749999999993077 1
-1.000000000002377 7.999999999992815 1
-1.000000000002226 8.249999999992854 1
-1.000000000002073 8.499999999993006 1
-1.000000000001922 8.749999999993161 1
-1.000000000001769 8.999999999993307 1
-1.000000000001618 9.249999999993467 1
-1.000000000001466 9.499999999993619 1
-1.000000000001314 9.749999999993769 1
-1.000000000001162 9.999999999993921 1
-1.000000000001011 10.24999999999407 1
-1.000000000000858 10.49999999999422 1
-1.000000000000707 10.74999999999438 1
-1.000000000000555 10.99999999999453 1
-1.000000000000403 11.24999999999468 1
-1.000000000000251 11.49999999999483 1
-1.000000000000099 11.74999999999499 1
-0.9999999999999472 11.99999999999514 1
-0.9999999999997959 12.24999999999529 1
-0.9999999999996441 12.49999999999544 1
-0.999999999999492 12.74999999999559 1
-0.9999999999993403 12.99999999999574 1
-0.9999999999991882 13.2499999999959 1
-0.9999999999990365 13.49999999999605 1
-0.9999999999988844 13.7499999999962 1
-0.999999999998733 13.99999999999635 1
-0.9999999999985809 14.24999999999651 1
-0.9999999999984288 14.49999999999666 1
-0.9999999999982769 14.74999999999681 1
-0.9999999999981251 14.99999999999697 1
-0.9999999999979738 15.24999999999712 1
-0.9999999999978217 15.49999999999727 1
-0.9999999999976694 15.74999999999742 1
-0.9999999999975178 15.99999999999757 1
-0.9999999999973654 16.24999999999773 1
-0.9999999999972138 16.49999999999788 1
-0.9999999999970623 16.74999999999803 1
-0.99999999999691 16.99999999999817 1
-0.9999999999967584 17.24999999999833 1
-0.9999999999966072 17.49999999999849 1
-0.9999999999964548 17.74999999999863 1
-0.9999999999963034 17.99999999999878 1
-0.9999999999961513 18.24999999999894 1
-0.9999999999959988 18.49999999999909 1
-0.9999999999958475 18.74999999999924 1
-0.9999999999956959 18.99999999999939 1
-0.9999999999955438 19.24999999999954 1
-0.9999999999953919 19.4999999999997 1
-0.99999999999524 19.74999999999985 1
-0.7500000000069137 0.2499999999999218 1
-0.7500000000067604 0.4999999999998453 1
-0.7500000000066067 0.7499999999997415 1
-0.7500000000064534 0.999999999999617 1
-0.7500000000063001 1.249999999999534 1
-0.7500000000061462 1.499999999999457 1
-0.7500000000059925 1.749999999999384 1
-0.7500000000058386 1.999999999999307 1
-0.7500000000056852 2.249999999999235 1
-0.7500000000055317 2.499999999999123 1
-0.7500000000053777 2.74999999999885 1
-0.7500000000052249 2.999999999998539 1
-0.7500000000050708 3.249999999998229 1
-0.7500000000049175 3.499999999997919 1
-0.750000000004764 3.749999999997607 1
-0.7500000000046103 3.999999999997298 1
-0.7500000000044562 4.249999999996986 1
-0.7500000000043034 4.499999999996675 1
-0.7500000000041495 4.749999999996366 1
-0.7500000000039958 4.999999999996055 1
-0.7500000000038424 5.249999999995746 1
-0.7500000000036887 5.499999999995435 1
-0.7500000000035353 5.749999999995126 1
-0.7500000000033814 5.999999999994815 1
-0.7500000000032282 6.249999999994506 1
-0.7500000000030743 6.499999999994195 1
-0.7500000000029204 6.749999999993884 1
-0.7500000000027672 6.999999999993575 1
-0.7500000000026135 7.249999999993265 1
-0.75000000000246 7.499999999992955 1
-0.7500000000023065 7.749999999992644 1
-0.7500000000021532 7.999999999992363 1
-0.750000000001999 8.249999999992406 1
-0.7500000000018453 8.499999999992566 1
-0.7500000000016922 8.749999999992731 1
-0.7500000000015385 8.999999999992889 1
-0.750000000001385 9.249999999993054 1
-0.7500000000012315 9.499999999993214 1
-0.7500000000010778 9.749999999993378 1
-0.7500000000009244 9.999999999993538 1
-0.7500000000007707 10.2499999999937 1
-0.7500000000006173 10.49999999999386 1
-0.7500000000004636 10.74999999999402 1
-0.7500000000003102 10.99999999999418 1
-0.7500000000001565 11.24999999999434 1
-0.7500000000000029 11.49999999999451 1
-0.7499999999998495 11.74999999999467 1
-0.749999999999696 11.99999999999483 1
-0.7499999999995424 12.24999999999499 1
-0.7499999999993885 12.49999999999516 1
-0.7499999999992351 12.74999999999532 1
-0.7499999999990818 12.99999999999548 1
-0.7499999999989277 13.24999999999564 1
-0.7499999999987745 13.4999999999958 1
-0.7499999999986209 13.74999999999596 1
-0.7499999999984674 13.99999999999613 1
-0.7499999999983133 14.24999999999629 1
-0.7499999999981597 14.49999999999645 1
-0.749999999998006 14.74999999999661 1
-0.7499999999978528 14.99999999999677 1
-0.749999999997699 15.24999999999693 1
-0.7499999999975455 15.4999999999971 1
-0.7499999999973923 15.74999999999726 1
-0.7499999999972382 15.99999999999742 1
-0.749999999997085 16.24999999999758 1
-0.7499999999969311 16.49999999999774 1
-0.7499999999967775 16.7499999999979 1
-0.7499999999966245 16.99999999999806 1
-0.7499999999964704 17.24999999999822 1
-0.7499999999963167 17.49999999999839 1
-0.749999999996164 17.74999999999855 1
-0.7499999999960101 17.99999999999871 1
-0.7499999999958562 18.24999999999888 1
-0.7499999999957025 18.49999999999904 1
-0.7499999999955489 18.74999999999919 1
-0.7499999999953952 18.99999999999935 1
-0.7499999999952423 19.24999999999952 1
-0.7499999999950886 19.49999999999968 1
-0.7499999999949352 19.74999999999983 1
-0.5000000000066045 0.2499999999999172 1
-0.5000000000064508 0.4999999999998363 1
-0.5000000000062979 0.7499999999997261 1
-0.5000000000061444 0.9999999999995945 1
-0.5000000000059905 1.249999999999506 1
-0.5000000000058371 1.499999999999425 1
-0.5000000000056835 1.749999999999348 1
-0.5000000000055297 1.999999999999267 1
-0.5000000000053766 2.24999999999919 1
-0.5000000000052226 2.499999999999071 1
-0.5000000000050689 2.749999999998782 1
-0.5000000000049154 2.999999999998453 1
-0.5000000000047619 3.249999999998125 1
-0.5000000000046083 3.499999999997796 1
-0.5000000000044547 3.749999999997467 1
-0.5000000000043012 3.999999999997138 1
-0.5000000000041476 4.249999999996809 1
-0.5000000000039938 4.499999999996481 1
-0.5000000000038407 4.749999999996152 1
-0.5000000000036867 4.999999999995824 1
-0.5000000000035332 5.249999999995494 1
-0.5000000000033801 5.499999999995167 1
-0.5000000000032259 5.749999999994837 1
-0.5000000000030731 5.99999999999451 1
-0.5000000000029193 6.249999999994182 1
-0.5000000000027656 6.499999999993853 1
-0.5000000000026121 6.749999999993524 1
-0.5000000000024587 6.999999999993197 1
-0.5000000000023053 7.249999999992868 1
-0.5000000000021514 7.499999999992541 1
-0.5000000000019972 7.749999999992211 1
-0.5000000000018446 7.999999999991916 1
-0.5000000000016909 8.249999999991958 1
-0.5000000000015377 8.499999999992131 1
-0.5000000000013833 8.749999999992303 1
-0.5000000000012299 8.999999999992472 1
-0.5000000000010763 9.249999999992646 1
-0.500000000000923 9.499999999992816 1
-0.5000000000007692 9.749999999992985 1
-0.5000000000006155 9.999999999993161 1
-0.5000000000004621 10.24999999999333 1
-0.5000000000003086 10.4999999999935 1
-0.500000000000155 10.74999999999367 1
-0.5000000000000013 10.99999999999384 1
-0.4999999999998477 11.24999999999401 1
-0.4999999999996947 11.49999999999419 1
-0.499999999999541 11.74999999999436 1
-0.4999999999993872 11.99999999999453 1
-0.4999999999992339 12.2499999999947 1
-0.4999999999990803 12.49999999999487 1
-0.4999999999989261 12.74999999999504 1
-0.4999999999987732 12.99999999999521 1
-0.4999999999986195 13.24999999999539 1
-0.4999999999984654 13.49999999999556 1
-0.4999999999983122 13.74999999999573 1
-0.4999999999981585 13.9999999999959 1
-0.4999999999980054 14.24999999999607 1
-0.4999999999978515 14.49999999999624 1
-0.4999999999976977 14.74999999999642 1
-0.4999999999975446 14.99999999999658 1
-0.4999999999973905 15.24999999999675 1
-0.4999999999972375 15.49999999999693 1
-0.4999999999970839 15.7499999999971 1
-0.49999999999693 15.99999999999727 1
-0.4999999999967768 16.24999999999743 1
-0.4999999999966231 16.49999999999761 1
-0.4999999999964693 16.74999999999778 1
-0.4999999999963161 16.99999999999795 1
-0.4999999999961622 17.24999999999812 1
-0.4999999999960092 17.49999999999829 1
-0.4999999999958553 17.74999999999846 1
-0.4999999999957017 17.99999999999863 1
-0.4999999999955478 18.2499999999988 1
-0.4999999999953947 18.49999999999898 1
-0.4999999999952407 18.74999999999914 1
-0.4999999999950876 18.99999999999932 1
-0.4999999999949341 19.2499999999995 1
-0.49999999999478 19.49999999999966 1
-0.4999999999946269 19.74999999999983 1
-0.2500000000062957 0.2499999999999126 1
-0.2500000000061433 0.4999999999998272 1
-0.250000000005989 0.7499999999997107 1
-0.2500000000058356 0.9999999999995718 1
-0.2500000000056819 1.249999999999478 1
-0.250000000005529 1.499999999999393 1
-0.2500000000053751 1.749999999999312 1
-0.2500000000052214 1.999999999999226 1
-0.250000000005068 2.249999999999144 1
-0.2500000000049143 2.49999999999902 1
-0.2500000000047607 2.749999999998715 1
-0.2500000000046078 2.999999999998367 1
-0.2500000000044539 3.24999999999802 1
-0.2500000000043002 3.499999999997673 1
-0.2500000000041466 3.749999999997326 1
-0.250000000003993 3.999999999996978 1
-0.2500000000038397 4.249999999996632 1
-0.2500000000036861 4.499999999996284 1
-0.2500000000035323 4.749999999995937 1
-0.2500000000033786 4.999999999995591 1
-0.2500000000032252 5.249999999995243 1
-0.250000000003072 5.499999999994897 1
-0.2500000000029183 5.749999999994548 1
-0.2500000000027648 5.999999999994206 1
-0.2500000000026111 6.249999999993858 1
-0.2500000000024574 6.499999999993511 1
-0.250000000002304 6.749999999993165 1
-0.2500000000021506 6.99999999999282 1
-0.2500000000019972 7.249999999992471 1
-0.2500000000018432 7.499999999992125 1
-0.2500000000016902 7.749999999991777 1
-0.2500000000015363 7.999999999991463 1
-0.2500000000013826 8.249999999991513 1
-0.250000000001229 8.49999999999169 1
-0.2500000000010759 8.749999999991877 1
-0.2500000000009219 8.999999999992053 1
-0.2500000000007688 9.249999999992236 1
-0.2500000000006151 9.499999999992417 1
-0.250000000000462 9.749999999992601 1
-0.2500000000003078 9.999999999992774 1
-0.2500000000001549 10.24999999999296 1
-0.2500000000000009 10.49999999999314 1
-0.2499999999998476 10.74999999999332 1
-0.2499999999996938 10.9999999999935 1
-0.2499999999995405 11.24999999999368 1
-0.2499999999993867 11.49999999999386 1
-0.2499999999992332 11.74999999999404 1
-0.2499999999990798 11.99999999999423 1
-0.2499999999989259 12.2499999999944 1
-0.2499999999987725 12.49999999999459 1
-0.2499999999986192 12.74999999999477 1
-0.2499999999984654 12.99999999999494 1
-0.2499999999983121 13.24999999999513 1
-0.2499999999981588 13.49999999999531 1
-0.2499999999980048 13.74999999999549 1
-0.2499999999978513 13.99999999999567 1
-0.2499999999976977 14.24999999999585 1
-0.249999999997544 14.49999999999603 1
-0.2499999999973909 14.74999999999622 1
-0.2499999999972373 14.99999999999639 1
-0.2499999999970838 15.24999999999658 1
-0.24999999999693 15.49999999999675 1
-0.2499999999967767 15.74999999999694 1
-0.2499999999966227 15.99999999999712 1
-0.2499999999964694 16.2499999999973 1
-0.2499999999963156 16.49999999999748 1
-0.2499999999961623 16.74999999999766 1
-0.249999999996009 16.99999999999783 1
-0.2499999999958554 17.24999999999802 1
-0.2499999999957014 17.4999999999982 1
-0.2499999999955479 17.74999999999837 1
-0.2499999999953948 17.99999999999855 1
-0.2499999999952408 18.24999999999874 1
-0.2499999999950877 18.49999999999892 1
-0.2499999999949342 18.7499999999991 1
-0.2499999999947802 18.99999999999928 1
-0.2499999999946271 19.24999999999946 1
-0.2499999999944731 19.49999999999964 1
-0.24999999999432 19.74999999999982 1
-5.987364770643267e-12 0.249999999999908 1
-5.833863947479868e-12 0.4999999999998182 1
-5.680772519056818e-12 0.7499999999996957 1
-5.527292512575165e-12 0.9999999999995495 1
-5.373312905732402e-12 1.249999999999451 1
-5.22023535509714e-12 1.499999999999361 1
-5.066713715252026e-12 1.749999999999275 1
-4.913247586558147e-12 1.999999999999186 1
-4.759781457864263e-12 2.249999999999099 1
-4.606204306867945e-12 2.499999999998968 1
-4.452738178174208e-12 2.749999999998646 1
-4.299161027178035e-12 2.999999999998281 1
-4.145195298123242e-12 3.249999999997916 1
-3.99211774748815e-12 3.49999999999755 1
-3.838596107643207e-12 3.749999999997184 1
-3.684796912042109e-12 3.99999999999682 1
-3.531330783348398e-12 4.249999999996454 1
-3.37803118810838e-12 4.499999999996088 1
-3.224620570565901e-12 4.749999999995723 1
-3.070987908418495e-12 4.999999999995358 1
-2.916689112456315e-12 5.249999999994993 1
-2.763389517216298e-12 5.499999999994629 1
-2.609645832766431e-12 5.749999999994263 1
-2.456346237526413e-12 5.999999999993899 1
-2.302602553076546e-12 6.249999999993535 1
-2.149302957836528e-12 6.499999999993171 1
-1.99555927338666e-12 6.749999999992805 1
-1.842370700449105e-12 6.99999999999244 1
-1.688515993696776e-12 7.249999999992074 1
-1.53532742075922e-12 7.49999999999171 1
-1.381694758611815e-12 7.749999999991344 1
-1.228617207976701e-12 7.999999999991016 1
-1.074651478921652e-12 8.249999999991067 1
-9.213518836812942e-13 8.499999999991257 1
-7.676081992310855e-13 8.749999999991447 1
-6.143086039907276e-13 8.999999999991637 1
-4.605649195405189e-13 9.249999999991831 1
-3.070432796952372e-13 9.499999999992019 1
-1.535216398499523e-13 9.749999999992211 1
-4.669854610516653e-24 9.999999999992399 1
1.530775506307634e-13 10.24999999999259 1
3.070432796858967e-13 10.49999999999278 1
4.605649195311816e-13 10.74999999999297 1
6.140865593764633e-13 10.99999999999316 1
7.671641100118949e-13 11.24999999999335 1
9.211298390670299e-13 11.49999999999354 1
1.074651478912315e-12 11.74999999999373 1
1.228173118757599e-12 11.99999999999392 1
1.381694758602882e-12 12.24999999999411 1
1.535216398448166e-12 12.4999999999943 1
1.688515993688525e-12 12.74999999999449 1
1.842259678138733e-12 12.99999999999468 1
1.995559273379092e-12 13.24999999999487 1
2.1493029578293e-12 13.49999999999506 1
2.302602553069658e-12 13.74999999999525 1
2.45656828212479e-12 13.99999999999544 1
2.610089921970074e-12 14.24999999999563 1
2.763611561815357e-12 14.49999999999582 1
2.916689112450792e-12 14.74999999999601 1
3.070654841505923e-12 14.9999999999962 1
3.223288302931507e-12 15.24999999999639 1
3.377031987381713e-12 15.49999999999658 1
3.530331582622073e-12 15.74999999999677 1
3.68407526707228e-12 15.99999999999696 1
3.837596906917563e-12 16.24999999999715 1
3.991118546762848e-12 16.49999999999734 1
4.14508427581798e-12 16.74999999999753 1
4.298161826453415e-12 16.99999999999772 1
4.451683466298696e-12 17.24999999999791 1
4.605649195353828e-12 17.4999999999981 1
4.759170835199113e-12 17.74999999999829 1
4.912248385834548e-12 17.99999999999848 1
5.066214114889681e-12 18.24999999999867 1
5.219735754734966e-12 18.49999999999887 1
5.373257394580251e-12 18.74999999999905 1
5.526779034425533e-12 18.99999999999924 1
5.680300674270814e-12 19.24999999999944 1
5.833822314116099e-12 19.49999999999963 1
5.987343953961384e-12 19.74999999999981 1
0.2499999999943202 0.2499999999999034 1
0.2499999999944739 0.4999999999998091 1
0.2499999999946272 0.7499999999996805 1
0.2499999999947807 0.9999999999995269 1
0.2499999999949342 1.249999999999422 1
0.2499999999950879 1.499999999999329 1
0.2499999999952413 1.749999999999238 1
0.2499999999953949 1.999999999999145 1
0.2499999999955487 2.249999999999053 1
0.249999999995702 2.499999999998917 1
0.2499999999958555 2.749999999998578 1
0.2499999999960091 2.999999999998195 1
0.2499999999961627 3.249999999997811 1
0.2499999999963164 3.499999999997428 1
0.2499999999964702 3.749999999997044 1
0.2499999999966236 3.99999999999666 1
0.2499999999967766 4.249999999996277 1
0.2499999999969301 4.499999999995893 1
0.2499999999970841 4.749999999995509 1
0.2499999999972374 4.999999999995126 1
0.2499999999973913 5.249999999994743 1
0.2499999999975449 5.499999999994361 1
0.2499999999976986 5.749999999993977 1
0.2499999999978515 5.999999999993595 1
0.2499999999980055 6.24999999999321 1
0.2499999999981587 6.499999999992828 1
0.2499999999983122 6.749999999992444 1
0.2499999999984659 6.999999999992063 1
0.24999999999862 7.249999999991678 1
0.2499999999987732 7.499999999991296 1
0.2499999999989262 7.749999999990912 1
0.24999999999908 7.999999999990564 1
0.2499999999992334 8.249999999990619 1
0.2499999999993873 8.499999999990818 1
0.2499999999995409 8.749999999991017 1
0.2499999999996938 8.999999999991218 1
0.249999999999848 9.249999999991418 1
0.2500000000000011 9.499999999991617 1
0.2500000000001549 9.74999999999182 1
0.2500000000003082 9.999999999992015 1
0.250000000000462 10.24999999999222 1
0.2500000000006155 10.49999999999242 1
0.2500000000007693 10.74999999999262 1
0.2500000000009226 10.99999999999282 1
0.2500000000010764 11.24999999999302 1
0.2500000000012297 11.49999999999321 1
0.2500000000013834 11.74999999999342 1
0.2500000000015365 11.99999999999362 1
0.2500000000016901 12.24999999999381 1
0.2500000000018441 12.49999999999401 1
0.2500000000019974 12.74999999999421 1
0.2500000000021509 12.99999999999441 1
0.2500000000023049 13.24999999999461 1
0.250000000002458 13.49999999999481 1
0.2500000000026118 13.74999999999502 1
0.2500000000027656 13.99999999999521 1
0.2500000000029189 14.24999999999541 1
0.250000000003072 14.49999999999561 1
0.2500000000032255 14.74999999999581 1
0.2500000000033793 14.99999999999601 1
0.2500000000035326 15.24999999999621 1
0.2500000000036864 15.49999999999641 1
0.2500000000038399 15.74999999999661 1
0.2500000000039939 15.99999999999681 1
0.2500000000041466 16.24999999999701 1
0.2500000000043008 16.49999999999721 1
0.2500000000044541 16.74999999999741 1
0.2500000000046074 16.99999999999761 1
0.250000000004761 17.2499999999978 1
0.250000000004915 17.49999999999801 1
0.2500000000050681 17.74999999999821 1
0.250000000005222 17.99999999999841 1
0.2500000000053756 18.2499999999986 1
0.2500000000055282 18.4999999999988 1
0.2500000000056827 18.749999999999 1
0.2500000000058358 18.9999999999992 1
0.2500000000059898 19.24999999999941 1
0.2500000000061429 19.49999999999959 1
0.2500000000062969 19.74999999999981 1
0.499999999994626 0.2499999999998988 1
0.49999999999478 0.4999999999998 1
0.4999999999949329 0.7499999999996649 1
0.499999999995087 0.9999999999995044 1
0.4999999999952408 1.249999999999395 1
0.4999999999953939 1.499999999999297 1
0.4999999999955471 1.749999999999202 1
0.4999999999957013 1.999999999999104 1
0.4999999999958551 2.249999999999009 1
0.4999999999960083 2.499999999998865 1
0.499999999996162 2.74999999999851 1
0.4999999999963154 2.999999999998109 1
0.4999999999964689 3.249999999997706 1
0.4999999999966224 3.499999999997305 1
0.4999999999967759 3.749999999996903 1
0.4999999999969297 3.999999999996501 1
0.4999999999970829 4.249999999996099 1
0.4999999999972369 4.499999999995698 1
0.4999999999973902 4.749999999995295 1
0.4999999999975435 4.999999999994893 1
0.4999999999976973 5.249999999994493 1
0.4999999999978511 5.49999999999409 1
0.4999999999980052 5.749999999993689 1
0.4999999999981583 5.99999999999329 1
0.4999999999983119 6.249999999992887 1
0.4999999999984657 6.499999999992485 1
0.4999999999986184 6.749999999992085 1
0.4999999999987726 6.999999999991683 1
0.4999999999989262 7.249999999991282 1
0.4999999999990794 7.499999999990882 1
0.4999999999992334 7.749999999990479 1
0.4999999999993865 7.999999999990117 1
0.4999999999995403 8.249999999990175 1
0.4999999999996936 8.499999999990381 1
0.4999999999998472 8.749999999990591 1
0.5000000000000009 8.9999999999908 1
0.5000000000001545 9.24999999999101 1
0.500000000000308 9.499999999991218 1
0.5000000000004619 9.749999999991429 1
0.5000000000006155 9.99999999999164 1
0.5000000000007689 10.24999999999185 1
0.5000000000009224 10.49999999999205 1
0.500000000001076 10.74999999999227 1
0.5000000000012297 10.99999999999247 1
0.5000000000013829 11.24999999999268 1
0.5000000000015365 11.49999999999289 1
0.5000000000016904 11.7499999999931 1
0.5000000000018439 11.99999999999331 1
0.5000000000019975 12.24999999999352 1
0.5000000000021507 12.49999999999373 1
0.5000000000023046 12.74999999999394 1
0.5000000000024578 12.99999999999415 1
0.5000000000026115 13.24999999999436 1
0.5000000000027656 13.49999999999457 1
0.5000000000029188 13.74999999999478 1
0.5000000000030727 13.99999999999498 1
0.5000000000032256 14.24999999999519 1
0.5000000000033793 14.4999999999954 1
0.5000000000035325 14.74999999999561 1
0.5000000000036866 14.99999999999582 1
0.5000000000038403 15.24999999999603 1
0.5000000000039933 15.49999999999624 1
0.5000000000041476 15.74999999999645 1
0.5000000000043006 15.99999999999666 1
0.5000000000044542 16.24999999999686 1
0.5000000000046085 16.49999999999708 1
0.5000000000047615 16.74999999999729 1
0.500000000004915 16.99999999999749 1
0.5000000000050684 17.2499999999977 1
0.500000000005222 17.49999999999791 1
0.5000000000053757 17.74999999999812 1
0.5000000000055296 17.99999999999832 1
0.500000000005683 18.24999999999853 1
0.5000000000058362 18.49999999999875 1
0.5000000000059899 18.74999999999896 1
0.500000000006144 18.99999999999916 1
0.5000000000062976 19.24999999999938 1
0.5000000000064504 19.49999999999959 1
0.5000000000066045 19.74999999999979 1
0.7499999999949345 0.2499999999998942 1
0.7499999999950887 0.4999999999997909 1
0.7499999999952418 0.7499999999996499 1
0.7499999999953956 0.9999999999994817 1
0.7499999999955489 1.249999999999367 1
0.7499999999957023 1.499999999999265 1
0.7499999999958558 1.749999999999166 1
0.7499999999960099 1.999999999999063 1
0.749999999996163 2.249999999998963 1
0.7499999999963166 2.499999999998813 1
0.7499999999964704 2.749999999998443 1
0.7499999999966238 2.999999999998022 1
0.7499999999967775 3.249999999997603 1
0.7499999999969311 3.499999999997183 1
0.7499999999970846 3.749999999996762 1
0.7499999999972384 3.999999999996342 1
0.7499999999973916 4.249999999995921 1
0.7499999999975453 4.499999999995502 1
0.7499999999976988 4.749999999995083 1
0.7499999999978524 4.999999999994662 1
0.7499999999980065 5.249999999994242 1
0.7499999999981602 5.499999999993823 1
0.7499999999983133 5.749999999993403 1
0.7499999999984672 5.999999999992984 1
0.7499999999986205 6.249999999992563 1
0.7499999999987743 6.499999999992144 1
0.7499999999989275 6.749999999991725 1
0.7499999999990811 6.999999999991307 1
0.7499999999992344 7.249999999990886 1
0.7499999999993884 7.499999999990466 1
0.7499999999995415 7.749999999990047 1
0.7499999999996949 7.999999999989666 1
0.749999999999849 8.249999999989727 1
0.7500000000000028 8.499999999989944 1
0.7500000000001563 8.749999999990164 1
0.7500000000003098 8.999999999990379 1
0.7500000000004633 9.249999999990601 1
0.7500000000006171 9.499999999990818 1
0.7500000000007707 9.74999999999104 1
0.7500000000009241 9.999999999991257 1
0.7500000000010778 10.24999999999148 1
0.7500000000012312 10.49999999999169 1
0.7500000000013849 10.74999999999191 1
0.7500000000015385 10.99999999999213 1
0.750000000001692 11.24999999999235 1
0.7500000000018456 11.49999999999257 1
0.7500000000019993 11.74999999999279 1
0.7500000000021527 11.99999999999301 1
0.7500000000023062 12.24999999999322 1
0.7500000000024598 12.49999999999344 1
0.7500000000026135 12.74999999999366 1
0.7500000000027671 12.99999999999388 1
0.7500000000029203 13.2499999999941 1
0.7500000000030742 13.49999999999432 1
0.7500000000032274 13.74999999999454 1
0.7500000000033815 13.99999999999476 1
0.7500000000035352 14.24999999999497 1
0.7500000000036884 14.4999999999952 1
0.7500000000038427 14.74999999999541 1
0.7500000000039957 14.99999999999563 1
0.7500000000041491 15.24999999999585 1
0.7500000000043028 15.49999999999607 1
0.7500000000044569 15.74999999999629 1
0.7500000000046101 15.99999999999651 1
0.7500000000047635 16.24999999999672 1
0.7500000000049174 16.49999999999694 1
0.7500000000050711 16.74999999999716 1
0.7500000000052245 16.99999999999738 1
0.7500000000053779 17.2499999999976 1
0.7500000000055316 17.49999999999782 1
0.7500000000056852 17.74999999999804 1
0.7500000000058384 17.99999999999826 1
0.7500000000059921 18.24999999999848 1
0.7500000000061458 18.49999999999869 1
0.7500000000062994 18.74999999999891 1
0.7500000000064526 18.99999999999913 1
0.7500000000066065 19.24999999999935 1
0.7500000000067597 19.49999999999957 1
0.750000000006914 19.74999999999978 1
0.9999999999952407 0.2499999999998896 1
0.9999999999953921 0.4999999999997818 1
0.9999999999955438 0.7499999999996347 1
0.9999999999956963 0.9999999999994592 1
0.9999999999958478 1.24999999999934 1
0.9999999999959996 1.499999999999233 1
0.9999999999961517 1.749999999999129 1
0.9999999999963032 1.999999999999022 1
0.9999999999964548 2.249999999998918 1
0.9999999999966072 2.499999999998761 1
0.9999999999967593 2.749999999998375 1
0.9999999999969109 2.999999999997936 1
0.9999999999970619 3.249999999997498 1
0.9999999999972149 3.49999999999706 1
0.9999999999973668 3.749999999996621 1
0.999999999997518 3.999999999996182 1
0.9999999999976696 4.249999999995744 1
0.9999999999978217 4.499999999995307 1
0.9999999999979741 4.749999999994868 1
0.9999999999981255 4.999999999994429 1
0.9999999999982776 5.249999999993992 1
0.9999999999984297 5.499999999993554 1
0.9999999999985816 5.749999999993114 1
0.9999999999987335 5.99999999999268 1
0.9999999999988842 6.249999999992238 1
0.9999999999990368 6.499999999991803 1
0.9999999999991886 6.749999999991363 1
0.9999999999993405 6.999999999990928 1
0.9999999999994924 7.249999999990489 1
0.9999999999996441 7.499999999990051 1
0.9999999999997962 7.749999999989612 1
0.999999999999948 7.999999999989218 1
1.0000000000001 8.24999999998928 1
1.000000000000251 8.499999999989502 1
1.000000000000403 8.749999999989734 1
1.000000000000555 8.999999999989962 1
1.000000000000707 9.249999999990193 1
1.000000000000859 9.499999999990422 1
1.000000000001011 9.749999999990649 1
1.000000000001163 9.999999999990877 1
1.000000000001315 10.2499999999911 1
1.000000000001467 10.49999999999133 1
1.000000000001619 10.74999999999156 1
1.000000000001771 10.99999999999179 1
1.000000000001922 11.24999999999202 1
1.000000000002074 11.49999999999225 1
1.000000000002226 11.74999999999247 1
1.000000000002378 11.9999999999927 1
1.000000000002529 12.24999999999293 1
1.000000000002681 12.49999999999316 1
1.000000000002834 12.74999999999339 1
1.000000000002986 12.99999999999361 1
1.000000000003136 13.24999999999384 1
1.000000000003288 13.49999999999407 1
1.000000000003441 13.7499999999943 1
1.000000000003592 13.99999999999453 1
1.000000000003744 14.24999999999476 1
1.000000000003896 14.49999999999499 1
1.000000000004048 14.74999999999521 1
1.0000000000042 14.99999999999544 1
1.000000000004352 15.24999999999567 1
1.000000000004504 15.4999999999959 1
1.000000000004656 15.74999999999613 1
1.000000000004807 15.99999999999636 1
1.000000000004959 16.24999999999658 1
1.000000000005111 16.49999999999681 1
1.000000000005263 16.74999999999703 1
1.000000000005415 16.99999999999726 1
1.000000000005567 17.24999999999749 1
1.000000000005719 17.49999999999771 1
1.00000000000587 17.74999999999795 1
1.000000000006022 17.99999999999817 1
1.000000000006174 18.2499999999984 1
1.000000000006326 18.49999999999863 1
1.000000000006478 18.74999999999886 1
1.00000000000663 18.99999999999908 1
1.000000000006782 19.24999999999932 1
1.000000000006934 19.49999999999954 1
1.000000000007085 19.74999999999977 1
1.249999999995533 0.249999999999885 1
1.249999999995672 0.4999999999997727 1
1.24999999999581 0.7499999999996199 1
1.249999999995948 0.9999999999994368 1
1.249999999996087 1.249999999999312 1
1.249999999996225 1.499999999999201 1
1.249999999996364 1.749999999999093 1
1.249999999996503 1.999999999998982 1
1.249999999996641 2.249999999998873 1
1.249999999996779 2.499999999998709 1
1.249999999996917 2.749999999998307 1
1.249999999997056 2.99999999999785 1
1.249999999997194 3.249999999997394 1
1.249999999997333 3.499999999996937 1
1.24999999999747 3.74999999999648 1
1.24999999999761 3.999999999996023 1
1.249999999997748 4.249999999995567 1
1.249999999997887 4.49999999999511 1
1.249999999998024 4.749999999994652 1
1.249999999998163 4.999999999994197 1
1.249999999998302 5.249999999993741 1
1.24999999999844 5.499999999993284 1
1.249999999998578 5.749999999992829 1
1.249999999998717 5.999999999992373 1
1.249999999998856 6.249999999991916 1
1.249999999998995 6.499999999991461 1
1.249999999999132 6.749999999991005 1
1.249999999999271 6.99999999999055 1
1.249999999999409 7.249999999990091 1
1.249999999999548 7.499999999989637 1
1.249999999999686 7.74999999998918 1
1.249999999999825 7.999999999988767 1
1.249999999999964 8.249999999988832 1
1.250000000000102 8.499999999989068 1
1.25000000000024 8.749999999989305 1
1.250000000000378 8.999999999989543 1
1.250000000000517 9.249999999989784 1
1.250000000000655 9.499999999990022 1
1.250000000000794 9.749999999990257 1
1.250000000000932 9.999999999990495 1
1.250000000001071 10.24999999999073 1
1.250000000001209 10.49999999999097 1
1.250000000001348 10.74999999999121 1
1.250000000001486 10.99999999999145 1
1.250000000001624 11.24999999999168 1
1.250000000001763 11.49999999999192 1
1.250000000001902 11.74999999999216 1
1.250000000002039 11.9999999999924 1
1.250000000002178 12.24999999999263 1
1.250000000002317 12.49999999999288 1
1.250000000002454 12.74999999999311 1
1.250000000002593 12.99999999999335 1
1.250000000002731 13.24999999999359 1
1.25000000000287 13.49999999999383 1
1.250000000003008 13.74999999999406 1
1.250000000003147 13.9999999999943 1
1.250000000003286 14.24999999999454 1
1.250000000003424 14.49999999999477 1
1.250000000003562 14.74999999999502 1
1.250000000003701 14.99999999999525 1
1.25000000000384 15.24999999999549 1
1.250000000003978 15.49999999999572 1
1.250000000004116 15.74999999999596 1
1.250000000004255 15.9999999999962 1
1.250000000004393 16.24999999999643 1
1.250000000004531 16.49999999999667 1
1.25000000000467 16.74999999999692 1
1.250000000004809 16.99999999999715 1
1.250000000004947 17.24999999999739 1
1.250000000005085 17.49999999999763 1
1.250000000005224 17.74999999999786 1
1.250000000005362 17.9999999999981 1
1.2500000000055 18.24999999999834 1
1.250000000005639 18.49999999999858 1
1.250000000005777 18.74999999999882 1
1.250000000005916 18.99999999999905 1
1.250000000006055 19.2499999999993 1
1.250000000006193 19.49999999999953 1
1.250000000006332 19.74999999999976 1
1.499999999995826 0.2499999999998803 1
1.499999999995951 0.4999999999997636 1
1.499999999996076 0.7499999999996043 1
1.4999999999962 0.9999999999994142 1
1.499999999996324 1.249999999999285 1
1.49999999999645 1.49999999999917 1
1.499999999996573 1.749999999999056 1
1.499999999996698 1.999999999998941 1
1.499999999996823 2.249999999998828 1
1.499999999996947 2.499999999998658 1
1.499999999997072 2.749999999998238 1
1.499999999997197 2.999999999997764 1
1.499999999997321 3.249999999997289 1
1.499999999997446 3.499999999996814 1
1.49999999999757 3.749999999996339 1
1.499999999997695 3.999999999995864 1
1.49999999999782 4.249999999995389 1
1.499999999997944 4.499999999994914 1
1.499999999998069 4.749999999994439 1
1.499999999998193 4.999999999993966 1
1.499999999998318 5.249999999993491 1
1.499999999998442 5.499999999993016 1
1.499999999998566 5.749999999992543 1
1.499999999998692 5.999999999992068 1
1.499999999998817 6.249999999991592 1
1.499999999998941 6.499999999991118 1
1.499999999999066 6.749999999990643 1
1.49999999999919 6.999999999990171 1
1.499999999999315 7.249999999989695 1
1.49999999999944 7.499999999989221 1
1.499999999999564 7.749999999988747 1
1.499999999999689 7.999999999988317 1
1.499999999999813 8.249999999988384 1
1.499999999999938 8.499999999988628 1
1.500000000000063 8.749999999988878 1
1.500000000000187 8.999999999989122 1
1.500000000000311 9.249999999989372 1
1.500000000000436 9.499999999989621 1
1.500000000000561 9.749999999989866 1
1.500000000000685 9.999999999990116 1
1.50000000000081 10.24999999999036 1
1.500000000000935 10.49999999999061 1
1.500000000001059 10.74999999999086 1
1.500000000001184 10.99999999999111 1
1.500000000001309 11.24999999999135 1
1.500000000001433 11.4999999999916 1
1.500000000001558 11.74999999999185 1
1.500000000001683 11.99999999999209 1
1.500000000001807 12.24999999999234 1
1.500000000001931 12.49999999999259 1
1.500000000002056 12.74999999999283 1
1.500000000002181 12.99999999999308 1
1.500000000002305 13.24999999999333 1
1.50000000000243 13.49999999999358 1
1.500000000002555 13.74999999999383 1
1.500000000002679 13.99999999999407 1
1.500000000002804 14.24999999999432 1
1.500000000002929 14.49999999999457 1
1.500000000003053 14.74999999999482 1
1.500000000003177 14.99999999999506 1
1.500000000003302 15.24999999999531 1
1.500000000003427 15.49999999999555 1
1.500000000003551 15.7499999999958 1
1.500000000003676 15.99999999999605 1
1.5000000000038 16.24999999999629 1
1.500000000003925 16.49999999999654 1
1.50000000000405 16.74999999999679 1
1.500000000004174 16.99999999999704 1
1.500000000004299 17.24999999999728 1
1.500000000004424 17.49999999999753 1
1.500000000004548 17.74999999999778 1
1.500000000004673 17.99999999999802 1
1.500000000004797 18.24999999999828 1
1.500000000004922 18.49999999999852 1
1.500000000005046 18.74999999999876 1
1.500000000005171 18.99999999999901 1
1.500000000005295 19.24999999999926 1
1.50000000000542 19.49999999999951 1
1.500000000005545 19.74999999999975 1
1.749999999996119 0.2499999999998758 1
1.74999999999623 0.4999999999997545 1
1.74999999999634 0.7499999999995891 1
1.749999999996451 0.9999999999993916 1
1.749999999996562 1.249999999999257 1
1.749999999996673 1.499999999999137 1
1.749999999996784 1.74999999999902 1
1.749999999996894 1.9999999999989 1
1.749999999997006 2.249999999998782 1
1.749999999997116 2.499999999998606 1
1.749999999997227 2.749999999998171 1
1.749999999997338 2.999999999997678 1
1.749999999997448 3.249999999997184 1
1.749999999997558 3.499999999996692 1
1.749999999997669 3.749999999996199 1
1.74999999999778 3.999999999995704 1
1.749999999997891 4.249999999995211 1
1.749999999998002 4.499999999994719 1
1.749999999998112 4.749999999994227 1
1.749999999998223 4.999999999993733 1
1.749999999998334 5.249999999993241 1
1.749999999998444 5.499999999992747 1
1.749999999998555 5.749999999992254 1
1.749999999998666 5.999999999991762 1
1.749999999998776 6.249999999991269 1
1.749999999998887 6.499999999990777 1
1.749999999998999 6.749999999990284 1
1.749999999999108 6.999999999989793 1
1.749999999999219 7.249999999989299 1
1.74999999999933 7.499999999988806 1
1.749999999999441 7.749999999988313 1
1.749999999999552 7.999999999987868 1
1.749999999999663 8.249999999987937 1
1.749999999999773 8.499999999988194 1
1.749999999999885 8.749999999988452 1
1.749999999999995 8.999999999988706 1
1.750000000000105 9.249999999988967 1
1.750000000000216 9.499999999989219 1
1.750000000000327 9.749999999989479 1
1.750000000000438 9.999999999989736 1
1.750000000000548 10.24999999998999 1
1.750000000000659 10.49999999999025 1
1.75000000000077 10.7499999999905 1
1.750000000000881 10.99999999999076 1
1.750000000000991 11.24999999999102 1
1.750000000001102 11.49999999999127 1
1.750000000001213 11.74999999999153 1
1.750000000001323 11.99999999999179 1
1.750000000001434 12.24999999999204 1
1.750000000001545 12.4999999999923 1
1.750000000001656 12.74999999999256 1
1.750000000001767 12.99999999999281 1
1.750000000001877 13.24999999999307 1
1.750000000001988 13.49999999999333 1
1.750000000002099 13.74999999999359 1
1.750000000002209 13.99999999999384 1
1.75000000000232 14.2499999999941 1
1.750000000002431 14.49999999999436 1
1.750000000002542 14.74999999999462 1
1.750000000002652 14.99999999999487 1
1.750000000002763 15.24999999999513 1
1.750000000002874 15.49999999999538 1
1.750000000002984 15.74999999999564 1
1.750000000003095 15.99999999999589 1
1.750000000003206 16.24999999999615 1
1.750000000003316 16.49999999999641 1
1.750000000003428 16.74999999999666 1
1.750000000003538 16.99999999999692 1
1.75000000000365 17.24999999999718 1
1.750000000003759 17.49999999999743 1
1.750000000003871 17.74999999999769 1
1.750000000003981 17.99999999999794 1
1.750000000004092 18.24999999999821 1
1.750000000004202 18.49999999999846 1
1.750000000004313 18.74999999999872 1
1.750000000004424 18.99999999999897 1
1.750000000004535 19.24999999999923 1
1.750000000004646 19.49999999999949 1
1.750000000004756 19.74999999999975 1
1.999999999996413 0.2499999999998712 1
1.99999999999651 0.4999999999997454 1
1.999999999996606 0.7499999999995739 1
1.999999999996704 0.9999999999993692 1
1.9999999999968 1.24999999999923 1
1.999999999996897 1.499999999999105 1
1.999999999996994 1.749999999998983 1
1.999999999997092 1.99999999999886 1
1.999999999997188 2.249999999998737 1
1.999999999997285 2.499999999998554 1
1.999999999997382 2.749999999998104 1
1.999999999997478 2.999999999997592 1
1.999999999997575 3.249999999997081 1
1.999999999997672 3.499999999996569 1
1.999999999997769 3.749999999996057 1
1.999999999997866 3.999999999995547 1
1.999999999997963 4.249999999995034 1
1.99999999999806 4.499999999994523 1
1.999999999998156 4.749999999994013 1
1.999999999998253 4.9999999999935 1
1.999999999998351 5.24999999999299 1
1.999999999998447 5.499999999992478 1
1.999999999998544 5.749999999991966 1
1.999999999998641 5.999999999991457 1
1.999999999998737 6.249999999990945 1
1.999999999998835 6.499999999990434 1
1.999999999998931 6.749999999989925 1
1.999999999999028 6.999999999989414 1
1.999999999999126 7.249999999988903 1
1.999999999999222 7.499999999988392 1
1.999999999999319 7.74999999998788 1
1.999999999999416 7.999999999987417 1
1.999999999999513 8.249999999987489 1
1.99999999999961 8.499999999987754 1
1.999999999999706 8.749999999988022 1
1.999999999999803 8.999999999988287 1
1.999999999999901 9.249999999988555 1
1.999999999999996 9.499999999988823 1
2.000000000000094 9.749999999989088 1
2.00000000000019 9.999999999989351 1
2.000000000000288 10.24999999998962 1
2.000000000000385 10.49999999998989 1
2.000000000000481 10.74999999999016 1
2.000000000000578 10.99999999999042 1
2.000000000000675 11.24999999999068 1
2.000000000000772 11.49999999999095 1
2.000000000000869 11.74999999999122 1
2.000000000000966 11.99999999999149 1
2.000000000001062 12.24999999999175 1
2.000000000001159 12.49999999999201 1
2.000000000001256 12.74999999999228 1
2.000000000001354 12.99999999999255 1
2.000000000001451 13.24999999999282 1
2.000000000001547 13.49999999999308 1
2.000000000001644 13.74999999999335 1
2.000000000001741 13.99999999999361 1
2.000000000001838 14.24999999999388 1
2.000000000001934 14.49999999999415 1
2.000000000002031 14.74999999999441 1
2.000000000002128 14.99999999999468 1
2.000000000002224 15.24999999999494 1
2.000000000002322 15.49999999999521 1
2.000000000002419 15.74999999999548 1
2.000000000002515 15.99999999999575 1
2.000000000002613 16.24999999999601 1
2.00000000000271 16.49999999999628 1
2.000000000002807 16.74999999999654 1
2.000000000002903 16.99999999999681 1
2.000000000003001 17.24999999999707 1
2.000000000003097 17.49999999999735 1
2.000000000003193 17.74999999999761 1
2.000000000003291 17.99999999999787 1
2.000000000003388 18.24999999999814 1
2.000000000003485 18.4999999999984 1
2.000000000003581 18.74999999999867 1
2.000000000003678 18.99999999999893 1
2.000000000003775 19.2499999999992 1
2.000000000003872 19.49999999999947 1
2.000000000003968 19.74999999999973 1
2.249999999996706 0.2499999999998666 1
2.249999999996788 0.4999999999997363 1
2.249999999996872 0.7499999999995589 1
2.249999999996955 0.9999999999993467 1
2.249999999997038 1.249999999999202 1
2.249999999997122 1.499999999999073 1
2.249999999997203 1.749999999998947 1
2.249999999997288 1.999999999998819 1
2.24999999999737 2.249999999998693 1
2.249999999997453 2.499999999998503 1
2.249999999997536 2.749999999998036 1
2.249999999997618 2.999999999997506 1
2.249999999997703 3.249999999996976 1
2.249999999997784 3.499999999996446 1
2.249999999997868 3.749999999995917 1
2.249999999997951 3.999999999995387 1
2.249999999998035 4.249999999994856 1
2.249999999998117 4.499999999994326 1
2.249999999998199 4.749999999993797 1
2.249999999998283 4.999999999993268 1
2.249999999998366 5.24999999999274 1
2.249999999998449 5.49999999999221 1
2.249999999998532 5.74999999999168 1
2.249999999998615 5.99999999999115 1
2.249999999998698 6.249999999990623 1
2.249999999998781 6.499999999990095 1
2.249999999998864 6.749999999989564 1
2.249999999998947 6.999999999989036 1
2.24999999999903 7.249999999988507 1
2.249999999999113 7.499999999987978 1
2.249999999999197 7.749999999987446 1
2.249999999999279 7.99999999998697 1
2.249999999999362 8.249999999987041 1
2.249999999999445 8.499999999987319 1
2.249999999999529 8.749999999987592 1
2.249999999999612 8.999999999987867 1
2.249999999999694 9.24999999998815 1
2.249999999999777 9.499999999988425 1
2.24999999999986 9.749999999988701 1
2.249999999999943 9.999999999988974 1
2.250000000000026 10.24999999998925 1
2.25000000000011 10.49999999998953 1
2.250000000000192 10.7499999999898 1
2.250000000000276 10.99999999999008 1
2.250000000000359 11.24999999999035 1
2.250000000000442 11.49999999999063 1
2.250000000000524 11.7499999999909 1
2.250000000000607 11.99999999999118 1
2.250000000000691 12.24999999999145 1
2.250000000000773 12.49999999999173 1
2.250000000000857 12.74999999999201 1
2.250000000000939 12.99999999999228 1
2.250000000001023 13.24999999999256 1
2.250000000001106 13.49999999999283 1
2.250000000001189 13.74999999999311 1
2.250000000001271 13.99999999999338 1
2.250000000001355 14.24999999999366 1
2.250000000001438 14.49999999999394 1
2.250000000001521 14.74999999999422 1
2.250000000001604 14.99999999999449 1
2.250000000001687 15.24999999999477 1
2.250000000001769 15.49999999999504 1
2.250000000001852 15.74999999999532 1
2.250000000001936 15.99999999999559 1
2.25000000000202 16.24999999999586 1
2.250000000002101 16.49999999999614 1
2.250000000002184 16.74999999999642 1
2.250000000002268 16.9999999999967 1
2.250000000002352 17.24999999999697 1
2.250000000002434 17.49999999999725 1
2.250000000002517 17.74999999999752 1
2.2500000000026 17.9999999999978 1
2.250000000002683 18.24999999999807 1
2.250000000002765 18.49999999999834 1
2.250000000002848 18.74999999999863 1
2.250000000002932 18.9999999999989 1
2.250000000003016 19.24999999999918 1
2.250000000003098 19.49999999999945 1
2.250000000003181 19.74999999999973 1
2.499999999996999 0.2499999999998621 1
2.499999999997069 0.4999999999997272 1
2.499999999997137 0.7499999999995435 1
2.499999999997207 0.999999999999324 1
2.499999999997276 1.249999999999174 1
2.499999999997346 1.499999999999041 1
2.499999999997414 1.74999999999891 1
2.499999999997483 1.999999999998778 1
2.499999999997553 2.249999999998647 1
2.499999999997622 2.499999999998451 1
2.499999999997692 2.749999999997968 1
2.49999999999776 2.999999999997419 1
2.499999999997829 3.249999999996871 1
2.499999999997899 3.499999999996324 1
2.499999999997968 3.749999999995776 1
2.499999999998037 3.999999999995227 1
2.499999999998106 4.249999999994678 1
2.499999999998176 4.499999999994131 1
2.499999999998245 4.749999999993583 1
2.499999999998314 4.999999999993035 1
2.499999999998383 5.249999999992488 1
2.499999999998452 5.499999999991942 1
2.499999999998521 5.749999999991394 1
2.49999999999859 5.999999999990846 1
2.499999999998659 6.249999999990298 1
2.499999999998728 6.499999999989754 1
2.499999999998797 6.749999999989204 1
2.499999999998868 6.999999999988658 1
2.499999999998936 7.249999999988109 1
2.499999999999005 7.499999999987564 1
2.499999999999075 7.749999999987015 1
2.499999999999144 7.999999999986519 1
2.499999999999213 8.249999999986597 1
2.499999999999281 8.49999999998688 1
2.499999999999352 8.749999999987166 1
2.49999999999942 8.999999999987454 1
2.499999999999489 9.249999999987738 1
2.499999999999559 9.499999999988022 1
2.499999999999627 9.74999999998831 1
2.499999999999696 9.99999999998859 1
2.499999999999766 10.24999999998888 1
2.499999999999835 10.49999999998916 1
2.499999999999904 10.74999999998945 1
2.499999999999973 10.99999999998974 1
2.500000000000043 11.24999999999002 1
2.500000000000112 11.49999999999031 1
2.500000000000181 11.74999999999059 1
2.50000000000025 11.99999999999087 1
2.500000000000319 12.24999999999116 1
2.500000000000388 12.49999999999145 1
2.500000000000457 12.74999999999173 1
2.500000000000527 12.99999999999202 1
2.500000000000596 13.2499999999923 1
2.500000000000664 13.49999999999259 1
2.500000000000734 13.74999999999287 1
2.500000000000803 13.99999999999316 1
2.500000000000872 14.24999999999344 1
2.500000000000941 14.49999999999373 1
2.50000000000101 14.74999999999401 1
2.50000000000108 14.9999999999943 1
2.500000000001149 15.24999999999458 1
2.500000000001218 15.49999999999487 1
2.500000000001288 15.74999999999516 1
2.500000000001356 15.99999999999544 1
2.500000000001426 16.24999999999572 1
2.500000000001495 16.49999999999601 1
2.500000000001564 16.74999999999629 1
2.500000000001632 16.99999999999658 1
2.500000000001702 17.24999999999687 1
2.500000000001771 17.49999999999714 1
2.50000000000184 17.74999999999744 1
2.50000000000191 17.99999999999772 1
2.500000000001979 18.24999999999801 1
2.500000000002048 18.49999999999829 1
2.500000000002117 18.74999999999858 1
2.500000000002187 18.99999999999886 1
2.500000000002256 19.24999999999915 1
2.500000000002324 19.49999999999943 1
2.500000000002394 19.74999999999972 1
2.749999999997293 0.2499999999998573 1
2.749999999997347 0.4999999999997181 1
2.749999999997403 0.7499999999995283 1
2.74999999999746 0.9999999999993013 1
2.749999999997514 1.249999999999146 1
2.749999999997569 1.49999999999901 1
2.749999999997625 1.749999999998874 1
2.749999999997679 1.999999999998737 1
2.749999999997736 2.249999999998602 1
2.74999999999779 2.499999999998398 1
2.749999999997847 2.749999999997899 1
2.749999999997902 2.999999999997333 1
2.749999999997957 3.249999999996766 1
2.749999999998012 3.499999999996201 1
2.749999999998066 3.749999999995635 1
2.749999999998122 3.999999999995069 1
2.749999999998177 4.249999999994501 1
2.749999999998233 4.499999999993936 1
2.749999999998288 4.74999999999337 1
2.749999999998344 4.999999999992805 1
2.7499999999984 5.249999999992238 1
2.749999999998454 5.499999999991672 1
2.74999999999851 5.749999999991107 1
2.749999999998565 5.999999999990542 1
2.74999999999862 6.249999999989975 1
2.749999999998675 6.499999999989408 1
2.74999999999873 6.749999999988845 1
2.749999999998786 6.99999999998828 1
2.749999999998842 7.249999999987713 1
2.749999999998896 7.499999999987147 1
2.749999999998952 7.749999999986581 1
2.749999999999007 7.99999999998607 1
2.749999999999063 8.24999999998615 1
2.749999999999118 8.499999999986439 1
2.749999999999172 8.749999999986739 1
2.749999999999228 8.999999999987033 1
2.749999999999283 9.249999999987327 1
2.749999999999339 9.499999999987621 1
2.749999999999394 9.749999999987919 1
2.74999999999945 9.999999999988216 1
2.749999999999504 10.24999999998851 1
2.74999999999956 10.4999999999888 1
2.749999999999615 10.7499999999891 1
2.74999999999967 10.9999999999894 1
2.749999999999726 11.24999999998968 1
2.749999999999782 11.49999999998998 1
2.749999999999837 11.74999999999028 1
2.749999999999893 11.99999999999057 1
2.749999999999948 12.24999999999086 1
2.750000000000003 12.49999999999116 1
2.750000000000058 12.74999999999146 1
2.750000000000114 12.99999999999175 1
2.750000000000168 13.24999999999205 1
2.750000000000224 13.49999999999234 1
2.750000000000279 13.74999999999264 1
2.750000000000334 13.99999999999293 1
2.75000000000039 14.24999999999322 1
2.750000000000445 14.49999999999352 1
2.7500000000005 14.74999999999381 1
2.750000000000556 14.99999999999411 1
2.750000000000612 15.2499999999944 1
2.750000000000666 15.4999999999947 1
2.750000000000722 15.749999999995 1
2.750000000000777 15.99999999999529 1
2.750000000000832 16.24999999999558 1
2.750000000000887 16.49999999999588 1
2.750000000000941 16.74999999999616 1
2.750000000000998 16.99999999999647 1
2.750000000001053 17.24999999999676 1
2.750000000001108 17.49999999999705 1
2.750000000001164 17.74999999999735 1
2.750000000001219 17.99999999999764 1
2.750000000001274 18.24999999999794 1
2.75000000000133 18.49999999999823 1
2.750000000001386 18.74999999999853 1
2.750000000001441 18.99999999999882 1
2.750000000001496 19.24999999999912 1
2.750000000001551 19.49999999999941 1
2.750000000001606 19.74999999999971 1
2.999999999997585 0.2499999999998528 1
2.999999999997626 0.4999999999997089 1
2.999999999997668 0.7499999999995132 1
2.999999999997709 0.9999999999992789 1
2.999999999997751 1.249999999999119 1
2.999999999997792 1.499999999998977 1
2.999999999997834 1.749999999998838 1
2.999999999997875 1.999999999998697 1
2.999999999997916 2.249999999998556 1
2.999999999997958 2.499999999998347 1
2.999999999998 2.749999999997832 1
2.999999999998041 2.999999999997247 1
2.999999999998082 3.249999999996664 1
2.999999999998124 3.499999999996079 1
2.999999999998165 3.749999999995493 1
2.999999999998207 3.999999999994908 1
2.999999999998249 4.249999999994324 1
2.99999999999829 4.499999999993739 1
2.999999999998331 4.749999999993157 1
2.999999999998372 4.999999999992572 1
2.999999999998414 5.249999999991987 1
2.999999999998455 5.499999999991405 1
2.999999999998497 5.74999999999082 1
2.999999999998539 5.999999999990236 1
2.99999999999858 6.249999999989652 1
2.999999999998621 6.499999999989067 1
2.999999999998663 6.749999999988486 1
2.999999999998704 6.999999999987901 1
2.999999999998746 7.249999999987317 1
2.999999999998788 7.499999999986732 1
2.999999999998828 7.749999999986148 1
2.999999999998871 7.99999999998562 1
2.999999999998912 8.249999999985702 1
2.999999999998953 8.499999999986006 1
2.999999999998994 8.749999999986313 1
2.999999999999036 8.999999999986615 1
2.999999999999077 9.249999999986921 1
2.999999999999119 9.499999999987224 1
2.99999999999916 9.749999999987528 1
2.999999999999201 9.99999999998783 1
2.999999999999243 10.24999999998814 1
2.999999999999285 10.49999999998844 1
2.999999999999326 10.74999999998874 1
2.999999999999368 10.99999999998905 1
2.999999999999408 11.24999999998935 1
2.999999999999451 11.49999999998966 1
2.999999999999492 11.74999999998996 1
2.999999999999533 11.99999999999027 1
2.999999999999575 12.24999999999057 1
2.999999999999615 12.49999999999088 1
2.999999999999658 12.74999999999118 1
2.9999999999997 12.99999999999148 1
2.999999999999741 13.24999999999179 1
2.999999999999782 13.49999999999209 1
2.999999999999825 13.7499999999924 1
2.999999999999865 13.9999999999927 1
2.999999999999906 14.249999999993 1
2.999999999999948 14.49999999999331 1
2.99999999999999 14.74999999999362 1
3.00000000000003 14.99999999999392 1
3.000000000000072 15.24999999999422 1
3.000000000000114 15.49999999999452 1
3.000000000000155 15.74999999999483 1
3.000000000000196 15.99999999999513 1
3.000000000000238 16.24999999999544 1
3.000000000000279 16.49999999999574 1
3.000000000000322 16.74999999999605 1
3.000000000000363 16.99999999999635 1
3.000000000000403 17.24999999999665 1
3.000000000000446 17.49999999999697 1
3.000000000000487 17.74999999999727 1
3.000000000000528 17.99999999999757 1
3.00000000000057 18.24999999999787 1
3.000000000000612 18.49999999999818 1
3.000000000000652 18.74999999999848 1
3.000000000000695 18.99999999999878 1
3.000000000000736 19.24999999999909 1
3.000000000000778 19.4999999999994 1
3.000000000000819 19.7499999999997 1
3.249999999997879 0.2499999999998482 1
3.249999999997905 0.4999999999996998 1
3.249999999997934 0.749999999999498 1
3.249999999997961 0.9999999999992566 1
3.249999999997988 1.249999999999091 1
3.249999999998016 1.499999999998946 1
3.249999999998044 1.749999999998801 1
3.24999999999807 1.999999999998656 1
3.249999999998098 2.249999999998512 1
3.249999999998126 2.499999999998295 1
3.249999999998154 2.749999999997764 1
3.249999999998181 2.999999999997161 1
3.249999999998209 3.249999999996559 1
3.249999999998237 3.499999999995956 1
3.249999999998264 3.749999999995353 1
3.249999999998292 3.99999999999475 1
3.249999999998319 4.249999999994145 1
3.249999999998347 4.499999999993545 1
3.249999999998374 4.749999999992942 1
3.249999999998402 4.999999999992339 1
3.24999999999843 5.249999999991737 1
3.249999999998457 5.499999999991135 1
3.249999999998485 5.749999999990532 1
3.249999999998513 5.999999999989932 1
3.24999999999854 6.249999999989328 1
3.249999999998568 6.499999999988726 1
3.249999999998595 6.749999999988123 1
3.249999999998623 6.999999999987522 1
3.24999999999865 7.249999999986921 1
3.249999999998678 7.499999999986317 1
3.249999999998706 7.749999999985716 1
3.249999999998734 7.999999999985173 1
3.249999999998762 8.249999999985258 1
3.249999999998789 8.499999999985567 1
3.249999999998817 8.74999999998588 1
3.249999999998844 8.999999999986196 1
3.249999999998872 9.249999999986512 1
3.2499999999989 9.499999999986827 1
3.249999999998927 9.749999999987137 1
3.249999999998956 9.999999999987455 1
3.249999999998982 10.24999999998777 1
3.24999999999901 10.49999999998808 1
3.249999999999037 10.7499999999884 1
3.249999999999066 10.99999999998871 1
3.249999999999092 11.24999999998902 1
3.249999999999121 11.49999999998933 1
3.249999999999148 11.74999999998965 1
3.249999999999176 11.99999999998996 1
3.249999999999203 12.24999999999027 1
3.24999999999923 12.49999999999059 1
3.249999999999258 12.7499999999909 1
3.249999999999286 12.99999999999122 1
3.249999999999313 13.24999999999153 1
3.24999999999934 13.49999999999184 1
3.249999999999369 13.74999999999216 1
3.249999999999396 13.99999999999247 1
3.249999999999424 14.24999999999278 1
3.249999999999452 14.4999999999931 1
3.249999999999479 14.74999999999342 1
3.249999999999506 14.99999999999373 1
3.249999999999534 15.24999999999404 1
3.249999999999562 15.49999999999436 1
3.24999999999959 15.74999999999467 1
3.249999999999617 15.99999999999499 1
3.249999999999645 16.2499999999953 1
3.249999999999672 16.49999999999561 1
3.2499999999997 16.74999999999593 1
3.249999999999728 16.99999999999624 1
3.249999999999754 17.24999999999655 1
3.249999999999783 17.49999999999686 1
3.24999999999981 17.74999999999718 1
3.249999999999837 17.99999999999749 1
3.249999999999864 18.24999999999781 1
3.249999999999893 18.49999999999812 1
3.249999999999921 18.74999999999843 1
3.249999999999948 18.99999999999874 1
3.249999999999977 19.24999999999906 1
3.250000000000004 19.49999999999938 1
3.250000000000031 19.74999999999969 1
3.499999999998171 0.2499999999998436 1
3.499999999998185 0.4999999999996907 1
3.4999999999982 0.7499999999994824 1
3.499999999998213 0.9999999999992338 1
3.499999999998226 1.249999999999064 1
3.499999999998241 1.499999999998914 1
3.499999999998254 1.749999999998765 1
3.499999999998268 1.999999999998615 1
3.499999999998282 2.249999999998467 1
3.499999999998295 2.499999999998244 1
3.49999999999831 2.749999999997697 1
3.499999999998322 2.999999999997074 1
3.499999999998337 3.249999999996454 1
3.49999999999835 3.499999999995834 1
3.499999999998364 3.749999999995212 1
3.499999999998377 3.999999999994591 1
3.499999999998392 4.249999999993968 1
3.499999999998406 4.499999999993349 1
3.499999999998419 4.749999999992727 1
3.499999999998433 4.999999999992109 1
3.499999999998447 5.249999999991486 1
3.49999999999846 5.499999999990864 1
3.499999999998475 5.749999999990246 1
3.499999999998487 5.999999999989625 1
3.4999999999985 6.249999999989006 1
3.499999999998515 6.499999999988385 1
3.499999999998529 6.749999999987765 1
3.499999999998543 6.999999999987145 1
3.499999999998555 7.249999999986525 1
3.49999999999857 7.499999999985905 1
3.499999999998583 7.749999999985283 1
3.499999999998598 7.999999999984722 1
3.499999999998613 8.24999999998481 1
3.499999999998626 8.499999999985134 1
3.499999999998638 8.749999999985452 1
3.499999999998652 8.999999999985777 1
3.499999999998666 9.249999999986104 1
3.49999999999868 9.499999999986429 1
3.499999999998693 9.749999999986745 1
3.499999999998709 9.99999999998707 1
3.499999999998721 10.24999999998739 1
3.499999999998735 10.49999999998772 1
3.499999999998749 10.74999999998804 1
3.499999999998763 10.99999999998836 1
3.499999999998777 11.24999999998868 1
3.49999999999879 11.49999999998901 1
3.499999999998805 11.74999999998933 1
3.499999999998818 11.99999999998966 1
3.499999999998831 12.24999999998998 1
3.499999999998845 12.4999999999903 1
3.499999999998859 12.74999999999063 1
3.499999999998872 12.99999999999095 1
3.499999999998886 13.24999999999127 1
3.499999999998901 13.4999999999916 1
3.499999999998915 13.74999999999192 1
3.499999999998928 13.99999999999224 1
3.499999999998942 14.24999999999256 1
3.499999999998956 14.49999999999289 1
3.499999999998968 14.74999999999322 1
3.499999999998982 14.99999999999354 1
3.499999999998996 15.24999999999386 1
3.49999999999901 15.49999999999418 1
3.499999999999025 15.7499999999945 1
3.499999999999038 15.99999999999483 1
3.499999999999051 16.24999999999515 1
3.499999999999065 16.49999999999547 1
3.499999999999078 16.74999999999579 1
3.499999999999093 16.99999999999612 1
3.499999999999106 17.24999999999645 1
3.499999999999119 17.49999999999677 1
3.499999999999134 17.7499999999971 1
3.499999999999147 17.99999999999742 1
3.499999999999162 18.24999999999774 1
3.499999999999176 18.49999999999806 1
3.499999999999188 18.74999999999839 1
3.499999999999202 18.99999999999871 1
3.499999999999217 19.24999999999903 1
3.49999999999923 19.49999999999936 1
3.499999999999243 19.74999999999967 1
3.749999999998466 0.249999999999839 1
3.749999999998467 0.4999999999996816 1
3.749999999998467 0.7499999999994673 1
3.749999999998469 0.9999999999992115 1
3.74999999999847 1.249999999999036 1
3.749999999998471 1.499999999998882 1
3.749999999998471 1.749999999998729 1
3.749999999998473 1.999999999998574 1
3.749999999998473 2.249999999998421 1
3.749999999998475 2.499999999998192 1
3.749999999998475 2.749999999997628 1
3.749999999998477 2.999999999996989 1
3.749999999998478 3.24999999999635 1
3.749999999998479 3.499999999995711 1
3.749999999998479 3.749999999995071 1
3.74999999999848 3.999999999994431 1
3.749999999998482 4.24999999999379 1
3.749999999998482 4.499999999993154 1
3.749999999998483 4.749999999992514 1
3.749999999998485 4.999999999991873 1
3.749999999998485 5.249999999991236 1
3.749999999998486 5.499999999990597 1
3.749999999998487 5.749999999989959 1
3.749999999998488 5.999999999989321 1
3.749999999998489 6.249999999988683 1
3.749999999998491 6.499999999988042 1
3.749999999998491 6.749999999987402 1
3.749999999998492 6.999999999986766 1
3.749999999998494 7.249999999986128 1
3.749999999998495 7.499999999985489 1
3.749999999998495 7.749999999984849 1
3.749999999998496 7.99999999998427 1
3.749999999998497 8.249999999984363 1
3.749999999998498 8.499999999984693 1
3.749999999998499 8.749999999985027 1
3.7499999999985 8.999999999985356 1
3.749999999998501 9.249999999985691 1
3.749999999998502 9.499999999986022 1
3.749999999998503 9.749999999986354 1
3.749999999998504 9.99999999998669 1
3.749999999998505 10.24999999998702 1
3.749999999998506 10.49999999998736 1
3.749999999998508 10.74999999998769 1
3.749999999998508 10.99999999998802 1
3.749999999998508 11.24999999998835 1
3.749999999998509 11.49999999998869 1
3.749999999998511 11.74999999998902 1
3.749999999998511 11.99999999998935 1
3.749999999998514 12.24999999998968 1
3.749999999998513 12.49999999999002 1
3.749999999998514 12.74999999999035 1
3.749999999998515 12.99999999999068 1
3.749999999998516 13.24999999999102 1
3.749999999998517 13.49999999999135 1
3.749999999998519 13.74999999999168 1
3.749999999998519 13.99999999999201 1
3.74999999999852 14.24999999999235 1
3.749999999998522 14.49999999999268 1
3.749999999998522 14.74999999999302 1
3.749999999998523 14.99999999999335 1
3.749999999998524 15.24999999999368 1
3.749999999998526 15.49999999999401 1
3.749999999998526 15.74999999999435 1
3.749999999998527 15.99999999999468 1
3.749999999998529 16.24999999999501 1
3.749999999998529 16.49999999999535 1
3.749999999998531 16.74999999999567 1
3.749999999998531 16.99999999999601 1
3.749999999998532 17.24999999999634 1
3.749999999998533 17.49999999999667 1
3.749999999998535 17.74999999999701 1
3.749999999998535 17.99999999999734 1
3.749999999998536 18.24999999999768 1
3.749999999998538 18.49999999999801 1
3.749999999998537 18.74999999999833 1
3.749999999998539 18.99999999999867 1
3.749999999998539 19.249999999999 1
3.749999999998541 19.49999999999934 1
3.749999999998542 19.74999999999967 1
3.999999999998773 0.2499999999998344 1
3.999999999998773 0.4999999999996725 1
3.999999999998772 0.7499999999994522 1
3.999999999998773 0.9999999999991891 1
3.999999999998772 1.249999999999008 1
3.999999999998771 1.499999999998849 1
3.999999999998772 1.749999999998692 1
3.999999999998772 1.999999999998534 1
3.999999999998772 2.249999999998376 1
3.999999999998772 2.499999999998141 1
3.999999999998771 2.74999999999756 1
3.99999999999877 2.999999999996902 1
3.999999999998771 3.249999999996245 1
3.999999999998772 3.499999999995588 1
3.99999999999877 3.74999999999493 1
3.999999999998772 3.999999999994272 1
3.999999999998771 4.249999999993612 1
3.999999999998771 4.499999999992959 1
3.99999999999877 4.7499999999923 1
3.99999999999877 4.999999999991643 1
3.99999999999877 5.249999999990985 1
3.999999999998771 5.499999999990329 1
3.999999999998771 5.749999999989671 1
3.999999999998771 5.999999999989016 1
3.99999999999877 6.249999999988359 1
3.999999999998769 6.4999999999877 1
3.999999999998769 6.749999999987043 1
3.999999999998769 6.999999999986388 1
3.999999999998769 7.249999999985731 1
3.999999999998769 7.499999999985073 1
3.99999999999877 7.749999999984417 1
3.999999999998769 7.999999999983822 1
3.999999999998769 8.249999999983915 1
3.999999999998769 8.499999999984256 1
3.999999999998769 8.749999999984601 1
3.999999999998769 8.99999999998494 1
3.999999999998768 9.249999999985285 1
3.999999999998769 9.499999999985624 1
3.999999999998769 9.749999999985969 1
3.999999999998769 9.99999999998631 1
3.999999999998769 10.24999999998665 1
3.999999999998768 10.499999999987 1
3.999999999998769 10.74999999998734 1
3.999999999998767 10.99999999998768 1
3.999999999998768 11.24999999998802 1
3.999999999998766 11.49999999998836 1
3.999999999998769 11.74999999998871 1
3.999999999998768 11.99999999998905 1
3.999999999998767 12.2499999999894 1
3.999999999998767 12.49999999998973 1
3.999999999998767 12.74999999999008 1
3.999999999998768 12.99999999999042 1
3.999999999998767 13.24999999999076 1
3.999999999998768 13.4999999999911 1
3.999999999998768 13.74999999999145 1
3.999999999998767 13.99999999999179 1
3.999999999998767 14.24999999999213 1
3.999999999998767 14.49999999999247 1
3.999999999998767 14.74999999999281 1
3.999999999998767 14.99999999999316 1
3.999999999998767 15.2499999999935 1
3.999999999998767 15.49999999999384 1
3.999999999998765 15.74999999999419 1
3.999999999998766 15.99999999999452 1
3.999999999998766 16.24999999999487 1
3.999999999998766 16.49999999999521 1
3.999999999998765 16.74999999999555 1
3.999999999998765 16.99999999999589 1
3.999999999998766 17.24999999999624 1
3.999999999998765 17.49999999999658 1
3.999999999998765 17.74999999999693 1
3.999999999998765 17.99999999999726 1
3.999999999998765 18.24999999999761 1
3.999999999998766 18.49999999999795 1
3.999999999998765 18.74999999999829 1
3.999999999998765 18.99999999999863 1
3.999999999998765 19.24999999999897 1
3.999999999998765 19.49999999999931 1
3.999999999998764 19.74999999999966 1
4.249999999999078 0.2499999999998298 1
4.24999999999908 0.4999999999996634 1
4.249999999999078 0.7499999999994372 1
4.249999999999081 0.9999999999991664 1
4.24999999999908 1.249999999998981 1
4.249999999999079 1.499999999998818 1
4.24999999999908 1.749999999998656 1
4.249999999999079 1.999999999998493 1
4.249999999999078 2.249999999998331 1
4.249999999999077 2.499999999998087 1
4.249999999999079 2.749999999997492 1
4.249999999999077 2.999999999996817 1
4.249999999999077 3.249999999996141 1
4.249999999999078 3.499999999995466 1
4.249999999999078 3.749999999994789 1
4.249999999999078 3.999999999994113 1
4.249999999999077 4.249999999993435 1
4.249999999999078 4.499999999992761 1
4.249999999999078 4.749999999992086 1
4.249999999999078 4.99999999999141 1
4.249999999999078 5.249999999990736 1
4.249999999999077 5.499999999990058 1
4.249999999999078 5.749999999989384 1
4.249999999999077 5.99999999998871 1
4.249999999999076 6.249999999988035 1
4.249999999999076 6.499999999987358 1
4.249999999999077 6.749999999986684 1
4.249999999999077 6.999999999986009 1
4.249999999999078 7.249999999985334 1
4.249999999999077 7.499999999984657 1
4.249999999999077 7.749999999983983 1
4.249999999999078 7.999999999983372 1
4.249999999999077 8.249999999983467 1
4.249999999999076 8.499999999983817 1
4.249999999999077 8.749999999984169 1
4.249999999999076 8.999999999984523 1
4.249999999999075 9.249999999984874 1
4.249999999999077 9.499999999985226 1
4.249999999999076 9.749999999985578 1
4.249999999999075 9.999999999985929 1
4.249999999999075 10.24999999998628 1
4.249999999999076 10.49999999998663 1
4.249999999999075 10.74999999998699 1
4.249999999999076 10.99999999998734 1
4.249999999999076 11.24999999998769 1
4.249999999999075 11.49999999998804 1
4.249999999999076 11.74999999998839 1
4.249999999999075 11.99999999998874 1
4.249999999999076 12.2499999999891 1
4.249999999999076 12.49999999998945 1
4.249999999999076 12.7499999999898 1
4.249999999999075 12.99999999999015 1
4.249999999999075 13.2499999999905 1
4.249999999999076 13.49999999999086 1
4.249999999999075 13.74999999999121 1
4.249999999999075 13.99999999999156 1
4.249999999999075 14.24999999999191 1
4.249999999999075 14.49999999999227 1
4.249999999999076 14.74999999999262 1
4.249999999999075 14.99999999999297 1
4.249999999999076 15.24999999999332 1
4.249999999999075 15.49999999999367 1
4.249999999999076 15.74999999999402 1
4.249999999999075 15.99999999999438 1
4.249999999999074 16.24999999999472 1
4.249999999999074 16.49999999999508 1
4.249999999999074 16.74999999999542 1
4.249999999999074 16.99999999999577 1
4.249999999999074 17.24999999999613 1
4.249999999999075 17.49999999999648 1
4.249999999999074 17.74999999999683 1
4.249999999999074 17.99999999999719 1
4.249999999999074 18.24999999999753 1
4.249999999999075 18.49999999999789 1
4.249999999999074 18.74999999999825 1
4.249999999999073 18.9999999999986 1
4.249999999999073 19.24999999999894 1
4.249999999999072 19.4999999999993 1
4.249999999999073 19.74999999999965 1
4.499999999999387 0.2499999999998252 1
4.499999999999386 0.4999999999996544 1
4.499999999999387 0.7499999999994217 1
4.499999999999388 0.9999999999991438 1
4.499999999999387 1.249999999998953 1
4.499999999999386 1.499999999998786 1
4.499999999999386 1.749999999998619 1
4.499999999999385 1.999999999998452 1
4.499999999999387 2.249999999998286 1
4.499999999999387 2.499999999998036 1
4.499999999999385 2.749999999997425 1
4.499999999999386 2.99999999999673 1
4.499999999999386 3.249999999996036 1
4.499999999999385 3.499999999995342 1
4.499999999999384 3.749999999994648 1
4.499999999999385 3.999999999993954 1
4.499999999999387 4.249999999993259 1
4.499999999999384 4.499999999992565 1
4.499999999999386 4.749999999991871 1
4.499999999999385 4.999999999991177 1
4.499999999999386 5.249999999990483 1
4.499999999999385 5.49999999998979 1
4.499999999999385 5.749999999989096 1
4.499999999999384 5.999999999988405 1
4.499999999999386 6.249999999987713 1
4.499999999999384 6.499999999987017 1
4.499999999999385 6.749999999986324 1
4.499999999999384 6.999999999985631 1
4.499999999999384 7.249999999984936 1
4.499999999999385 7.499999999984244 1
4.499999999999384 7.749999999983548 1
4.499999999999384 7.999999999982923 1
4.499999999999386 8.24999999998302 1
4.499999999999386 8.499999999983382 1
4.499999999999384 8.749999999983741 1
4.499999999999385 8.999999999984103 1
4.499999999999384 9.249999999984469 1
4.499999999999385 9.499999999984828 1
4.499999999999385 9.749999999985191 1
4.499999999999385 9.999999999985549 1
4.499999999999385 10.24999999998591 1
4.499999999999385 10.49999999998627 1
4.499999999999385 10.74999999998663 1
4.499999999999385 10.99999999998699 1
4.499999999999384 11.24999999998735 1
4.499999999999384 11.49999999998772 1
4.499999999999384 11.74999999998808 1
4.499999999999385 11.99999999998844 1
4.499999999999385 12.2499999999888 1
4.499999999999384 12.49999999998917 1
4.499999999999385 12.74999999998952 1
4.499999999999384 12.99999999998988 1
4.499999999999385 13.24999999999025 1
4.499999999999385 13.49999999999061 1
4.499999999999385 13.74999999999097 1
4.499999999999383 13.99999999999133 1
4.499999999999384 14.24999999999169 1
4.499999999999384 14.49999999999205 1
4.499999999999384 14.74999999999241 1
4.499999999999384 14.99999999999277 1
4.499999999999384 15.24999999999314 1
4.499999999999384 15.4999999999935 1
4.499999999999384 15.74999999999386 1
4.499999999999384 15.99999999999422 1
4.499999999999384 16.24999999999459 1
4.499999999999384 16.49999999999495 1
4.499999999999383 16.74999999999531 1
4.499999999999383 16.99999999999567 1
4.499999999999384 17.24999999999602 1
4.499999999999384 17.49999999999639 1
4.499999999999384 17.74999999999675 1
4.499999999999384 17.99999999999711 1
4.499999999999382 18.24999999999747 1
4.499999999999384 18.49999999999783 1
4.499999999999382 18.74999999999819 1
4.499999999999382 18.99999999999856 1
4.499999999999381 19.24999999999892 1
4.499999999999382 19.49999999999928 1
4.499999999999384 19.74999999999964 1
4.749999999999693 0.2499999999998206 1
4.749999999999693 0.4999999999996453 1
4.749999999999693 0.7499999999994065 1
4.749999999999694 0.9999999999991214 1
4.749999999999693 1.249999999998925 1
4.749999999999693 1.499999999998754 1
4.749999999999695 1.749999999998582 1
4.749999999999693 1.999999999998411 1
4.749999999999694 2.24999999999824 1
4.749999999999693 2.499999999997984 1
4.749999999999691 2.749999999997357 1
4.749999999999693 2.999999999996645 1
4.749999999999693 3.249999999995931 1
4.749999999999693 3.49999999999522 1
4.749999999999694 3.749999999994508 1
4.749999999999694 3.999999999993795 1
4.749999999999693 4.249999999993082 1
4.749999999999692 4.499999999992369 1
4.749999999999694 4.749999999991657 1
4.749999999999694 4.999999999990946 1
4.749999999999692 5.249999999990234 1
4.749999999999693 5.499999999989522 1
4.749999999999693 5.749999999988812 1
4.749999999999693 5.999999999988099 1
4.749999999999692 6.249999999987389 1
4.749999999999693 6.499999999986676 1
4.749999999999692 6.749999999985963 1
4.749999999999693 6.999999999985252 1
4.749999999999694 7.24999999998454 1
4.749999999999694 7.49999999998383 1
4.749999999999694 7.749999999983117 1
4.749999999999693 7.999999999982472 1
4.749999999999694 8.249999999982572 1
4.749999999999694 8.499999999982945 1
4.749999999999691 8.749999999983315 1
4.749999999999692 8.999999999983684 1
4.749999999999694 9.249999999984057 1
4.749999999999694 9.499999999984427 1
4.749999999999693 9.7499999999848 1
4.749999999999692 9.999999999985167 1
4.749999999999693 10.24999999998554 1
4.749999999999694 10.49999999998591 1
4.749999999999693 10.74999999998628 1
4.749999999999693 10.99999999998665 1
4.749999999999692 11.24999999998702 1
4.749999999999693 11.49999999998739 1
4.749999999999694 11.74999999998776 1
4.749999999999694 11.99999999998814 1
4.749999999999691 12.24999999998851 1
4.749999999999691 12.49999999998888 1
4.749999999999691 12.74999999998924 1
4.749999999999693 12.99999999998962 1
4.749999999999691 13.24999999998999 1
4.749999999999692 13.49999999999036 1
4.749999999999691 13.74999999999073 1
4.749999999999692 13.9999999999911 1
4.749999999999691 14.24999999999147 1
4.749999999999692 14.49999999999185 1
4.749999999999693 14.74999999999222 1
4.749999999999692 14.99999999999259 1
4.749999999999693 15.24999999999295 1
4.749999999999691 15.49999999999333 1
4.749999999999691 15.7499999999937 1
4.749999999999692 15.99999999999407 1
4.749999999999691 16.24999999999443 1
4.749999999999692 16.49999999999481 1
4.749999999999692 16.74999999999518 1
4.749999999999692 16.99999999999555 1
4.749999999999694 17.24999999999593 1
4.749999999999691 17.49999999999629 1
4.749999999999691 17.74999999999666 1
4.749999999999691 17.99999999999703 1
4.749999999999691 18.24999999999741 1
4.749999999999692 18.49999999999777 1
4.749999999999691 18.74999999999815 1
4.749999999999692 18.99999999999851 1
4.749999999999691 19.24999999999889 1
4.749999999999691 19.49999999999926 1
4.749999999999691 19.74999999999963 1
$EndNodes
$Elements
9 3444 1 3444
0 1 15 1
1 1 
0 2 15 1
2 2 
0 3 15 1
3 3 
0 4 15 1
4 4 
1 1 1 40
5 1 5 
6 5 6 
7 6 7 
8 7 8 
9 8 9 
10 9 10 
11 10 11 
12 11 12 
13 12 13 
14 13 14 
15 14 15 
16 15 16 
17 16 17 
18 17 18 
19 18 19 
20 19 20 
21 20 21 
22 21 22 
23 22 23 
24 23 24 
25 24 25 
26 25 26 
27 26 27 
28 27 28 
29 28 29 
30 29 30 
31 30 31 
32 31 32 
33 32 33 
34 33 34 
35 34 35 
36 35 36 
37 36 37 
38 37 38 
39 38 39 
40 39 40 
41 40 41 
42 41 42 
43 42 43 
44 43 2 
1 2 1 80
45 2 44 
46 44 45 
47 45 46 
48 46 47 
49 47 48 
50 48 49 
51 49 50 
52 50 51 
53 51 52 
54 52 53 
55 53 54 
56 54 55 
57 55 56 
58 56 57 
59 57 58 
60 58 59 
61 59 60 
62 60 61 
63 61 62 
64 62 63 
65 63 64 
66 64 65 
67 65 66 
68 66 67 
69 67 68 
70 68 69 
71 69 70 
72 70 71 
73 71 72 
74 72 73 
75 73 74 
76 74 75 
77 75 76 
78 76 77 
79 77 78 
80 78 79 
81 79 80 
82 80 81 
83 81 82 
84 82 83 
85 83 84 
86 84 85 
87 85 86 
88 86 87 
89 87 88 
90 88 89 
91 89 90 
92 90 91 
93 91 92 
94 92 93 
95 93 94 
96 94 95 
97 95 96 
98 96 97 
99 97 98 
100 98 99 
101 99 100 
102 100 101 
103 101 102 
104 102 103 
105 103 104 
106 104 105 
107 105 106 
108 106 107 
109 107 108 
110 108 109 
111 109 110 
112 110 111 
113 111 112 
114 112 113 
115 113 114 
116 114 115 
117 115 116 
118 116 117 
119 117 118 
120 118 119 
121 119 120 
122 120 121 
123 121 122 
124 122 3 
1 3 1 40
125 3 123 
126 123 124 
127 124 125 
128 125 126 
129 126 127 
130 127 128 
131 128 129 
132 129 130 
133 130 131 
134 131 132 
135 132 133 
136 133 134 
137 134 135 
138 135 136 
139 136 137 
140 137 138 
141 138 139 
142 139 140 
143 140 141 
144 141 142 
145 142 143 
146 143 144 
147 144 145 
148 145 146 
149 146 147 
150 147 148 
151 148 149 
152 149 150 
153 150 151 
154 151 152 
155 152 153 
156 153 154 
157 154 155 
158 155 156 
159 156 157 
160 157 158 
161 158 159 
162 159 160 
163 160 161 
164 161 4 
1 4 1 80
165 4 162 
166 162 163 
167 163 164 
168 164 165 
169 165 166 
170 166 167 
171 167 168 
172 168 169 
173 169 170 
174 170 171 
175 171 172 
176 172 173 
177 173 174 
178 174 175 
179 175 176 
180 176 177 
181 177 178 
182 178 179 
183 179 180 
184 180 181 
185 181 182 
186 182 183 
187 183 184 
188 184 185 
189 185 186 
190 186 187 
191 187 188 
192 188 189 
193 189 190 
194 190 191 
195 191 192 
196 192 193 
197 193 194 
198 194 195 
199 195 196 
200 196 197 
201 197 198 
202 198 199 
203 199 200 
204 200 201 
205 201 202 
206 202 203 
207 203 204 
208 204 205 
209 205 206 
210 206 207 
211 207 208 
212 208 209 
213 209 210 
214 210 211 
215 211 212 
216 212 213 
217 213 214 
218 214 215 
219 215 216 
220 216 217 
221 217 218 
222 218 219 
223 219 220 
224 220 221 
225 221 222 
226 222 223 
227 223 224 
228 224 225 
229 225 226 
230 226 227 
231 227 228 
232 228 229 
233 229 230 
234 230 231 
235 231 232 
236 232 233 
237 233 234 
238 234 235 
239 235 236 
240 236 237 
241 237 238 
242 238 239 
243 239 240 
244 240 1 
2 1 3 3200
245 1 5 241 240 
246 240 241 242 239 
247 239 242 243 238 
248 238 243 244 237 
249 237 244 245 236 
250 236 245 246 235 
251 235 246 247 234 
252 234 247 248 233 
253 233 248 249 232 
254 232 249 250 231 
255 231 250 251 230 
256 230 251 252 229 
257 229 252 253 228 
258 228 253 254 227 
259 227 254 255 226 
260 226 255 256 225 
261 225 256 257 224 
262 224 257 258 223 
263 223 258 259 222 
264 222 259 260 221 
265 221 260 261 220 
266 220 261 262 219 
267 219 262 263 218 
268 218 263 264 217 
269 217 264 265 216 
270 216 265 266 215 
271 215 266 267 214 
272 214 267 268 213 
273 213 268 269 212 
274 212 269 270 211 
275 211 270 271 210 
276 210 271 272 209 
277 209 272 273 208 
278 208 273 274 207 
279 207 274 275 206 
280 206 275 276 205 
281 205 276 277 204 
282 204 277 278 203 
283 203 278 279 202 
284 202 279 280 201 
285 201 280 281 200 
286 200 281 282 199 
287 199 282 283 198 
288 198 283 284 197 
289 197 284 285 196 
290 196 285 286 195 
291 195 286 287 194 
292 194 287 288 193 
293 193 288 289 192 
294 192 289 290 191 
295 191 290 291 190 
296 190 291 292 189 
297 189 292 293 188 
298 188 293 294 187 
299 187 294 295 186 
300 186 295 296 185 
301 185 296 297 184 
302 184 297 298 183 
303 183 298 299 182 
304 182 299 300 181 
305 181 300 301 180 
306 180 301 302 179 
307 179 302 303 178 
308 178 303 304 177 
309 177 304 305 176 
310 176 305 306 175 
311 175 306 307 174 
312 174 307 308 173 
313 173 308 309 172 
314 172 309 310 171 
315 171 310 311 170 
316 170 311 312 169 
317 169 312 313 168 
318 168 313 314 167 
319 167 314 315 166 
320 166 315 316 165 
321 165 316 317 164 
322 164 317 318 163 
323 163 318 319 162 
324 162 319 161 4 
325 5 6 320 241 
326 241 320 321 242 
327 242 321 322 243 
328 243 322 323 244 
329 244 323 324 245 
330 245 324 325 246 
331 246 325 326 247 
332 247 326 327 248 
333 248 327 328 249 
334 249 328 329 250 
335 250 329 330 251 
336 251 330 331 252 
337 252 331 332 253 
338 253 332 333 254 
339 254 333 334 255 
340 255 334 335 256 
341 256 335 336 257 
342 257 336 337 258 
343 258 337 338 259 
344 259 338 339 260 
345 260 339 340 261 
346 261 340 341 262 
347 262 341 342 263 
348 263 342 343 264 
349 264 343 344 265 
350 265 344 345 266 
351 266 345 346 267 
352 267 346 347 268 
353 268 347 348 269 
354 269 348 349 270 
355 270 349 350 271 
356 271 350 351 272 
357 272 351 352 273 
358 273 352 353 274 
359 274 353 354 275 
360 275 354 355 276 
361 276 355 356 277 
362 277 356 357 278 
363 278 357 358 279 
364 279 358 359 280 
365 280 359 360 281 
366 281 360 361 282 
367 282 361 362 283 
368 283 362 363 284 
369 284 363 364 285 
370 285 364 365 286 
371 286 365 366 287 
372 287 366 367 288 
373 288 367 368 289 
374 289 368 369 290 
375 290 369 370 291 
376 291 370 371 292 
377 292 371 372 293 
378 293 372 373 294 
379 294 373 374 295 
380 295 374 375 296 
381 296 375 376 297 
382 297 376 377 298 
383 298 377 378 299 
384 299 378 379 300 
385 300 379 380 301 
386 301 380 381 302 
387 302 381 382 303 
388 303 382 383 304 
389 304 383 384 305 
390 305 384 385 306 
391 306 385 386 307 
392 307 386 387 308 
393 308 387 388 309 
394 309 388 389 310 
395 310 389 390 311 
396 311 390 391 312 
397 312 391 392 313 
398 313 392 393 314 
399 314 393 394 315 
400 315 394 395 316 
401 316 395 396 317 
402 317 396 397 318 
403 318 397 398 319 
404 319 398 160 161 
405 6 7 399 320 
406 320 399 400 321 
407 321 400 401 322 
408 322 401 402 323 
409 323 402 403 324 
410 324 403 404 325 
411 325 404 405 326 
412 326 405 406 327 
413 327 406 407 328 
414 328 407 408 329 
415 329 408 409 330 
416 330 409 410 331 
417 331 410 411 332 
418 332 411 412 333 
419 333 412 413 334 
420 334 413 414 335 
421 335 414 415 336 
422 336 415 416 337 
423 337 416 417 338 
424 338 417 418 339 
425 339 418 419 340 
426 340 419 420 341 
427 341 420 421 342 
428 342 421 422 343 
429 343 422 423 344 
430 344 423 424 345 
431 345 424 425 346 
432 346 425 426 347 
433 347 426 427 348 
434 348 427 428 349 
435 349 428 429 350 
436 350 429 430 351 
437 351 430 431 352 
438 352 431 432 353 
439 353 432 433 354 
440 354 433 434 355 
441 355 434 435 356 
442 356 435 436 357 
443 357 436 437 358 
444 358 437 438 359 
445 359 438 439 360 
446 360 439 440 361 
447 361 440 441 362 
448 362 441 442 363 
449 363 442 443 364 
450 364 443 444 365 
451 365 444 445 366 
452 366 445 446 367 
453 367 446 447 368 
454 368 447 448 369 
455 369 448 449 370 
456 370 449 450 371 
457 371 450 451 372 
458 372 451 452 373 
459 373 452 453 374 
460 374 453 454 375 
461 375 454 455 376 
462 376 455 456 377 
463 377 456 457 378 
464 378 457 458 379 
465 379 458 459 380 
466 380 459 460 381 
467 381 460 461 382 
468 382 461 462 383 
469 383 462 463 384 
470 384 463 464 385 
471 385 464 465 386 
472 386 465 466 387 
473 387 466 467 388 
474 388 467 468 389 
475 389 468 469 390 
476 390 469 470 391 
477 391 470 471 392 
478 392 471 472 393 
479 393 472 473 394 
480 394 473 474 395 
481 395 474 475 396 
482 396 475 476 397 
483 397 476 477 398 
484 398 477 159 160 
485 7 8 478 399 
486 399 478 479 400 
487 400 479 480 401 
488 401 480 481 402 
489 402 481 482 403 
490 403 482 483 404 
491 404 483 484 405 
492 405 484 485 406 
493 406 485 486 407 
494 407 486 487 408 
495 408 487 488 409 
496 409 488 489 410 
497 410 489 490 411 
498 411 490 491 412 
499 412 491 492 413 
500 413 492 493 414 
501 414 493 494 415 
502 415 494 495 416 
503 416 495 496 417 
504 417 496 497 418 
505 418 497 498 419 
506 419 498 499 420 
507 420 499 500 421 
508 421 500 501 422 
509 422 501 502 423 
510 423 502 503 424 
511 424 503 504 425 
512 425 504 505 426 
513 426 505 506 427 
514 427 506 507 428 
515 428 507 508 429 
516 429 508 509 430 
517 430 509 510 431 
518 431 510 511 432 
519 432 511 512 433 
520 433 512 513 434 
521 434 513 514 435 
522 435 514 515 436 
523 436 515 516 437 
524 437 516 517 438 
525 438 517 518 439 
526 439 518 519 440 
527 440 519 520 441 
528 441 520 521 442 
529 442 521 522 443 
530 443 522 523 444 
531 444 523 524 445 
532 445 524 525 446 
533 446 525 526 447 
534 447 526 527 448 
535 448 527 528 449 
536 449 528 529 450 
537 450 529 530 451 
538 451 530 531 452 
539 452 531 532 453 
540 453 532 533 454 
541 454 533 534 455 
542 455 534 535 456 
543 456 535 536 457 
544 457 536 537 458 
545 458 537 538 459 
546 459 538 539 460 
547 460 539 540 461 
548 461 540 541 462 
549 462 541 542 463 
550 463 542 543 464 
551 464 543 544 465 
552 465 544 545 466 
553 466 545 546 467 
554 467 546 547 468 
555 468 547 548 469 
556 469 548 549 470 
557 470 549 550 471 
558 471 550 551 472 
559 472 551 552 473 
560 473 552 553 474 
561 474 553 554 475 
562 475 554 555 476 
563 476 555 556 477 
564 477 556 158 159 
565 8 9 557 478 
566 478 557 558 479 
567 479 558 559 480 
568 480 559 560 481 
569 481 560 561 482 
570 482 561 562 483 
571 483 562 563 484 
572 484 563 564 485 
573 485 564 565 486 
574 486 565 566 487 
575 487 566 567 488 
576 488 567 568 489 
577 489 568 569 490 
578 490 569 570 491 
579 491 570 571 492 
580 492 571 572 493 
581 493 572 573 494 
582 494 573 574 495 
583 495 574 575 496 
584 496 575 576 497 
585 497 576 577 498 
586 498 577 578 499 
587 499 578 579 500 
588 500 579 580 501 
589 501 580 581 502 
590 502 581 582 503 
591 503 582 583 504 
592 504 583 584 505 
593 505 584 585 506 
594 506 585 586 507 
595 507 586 587 508 
596 508 587 588 509 
597 509 588 589 510 
598 510 589 590 511 
599 511 590 591 512 
600 512 591 592 513 
601 513 592 593 514 
602 514 593 594 515 
603 515 594 595 516 
604 516 595 596 517 
605 517 596 597 518 
606 518 597 598 519 
607 519 598 599 520 
608 520 599 600 521 
609 521 600 601 522 
610 522 601 602 523 
611 523 602 603 524 
612 524 603 604 525 
613 525 604 605 526 
614 526 605 606 527 
615 527 606 607 528 
616 528 607 608 529 
617 529 608 609 530 
618 530 609 610 531 
619 531 610 611 532 
620 532 611 612 533 
621 533 612 613 534 
622 534 613 614 535 
623 535 614 615 536 
624 536 615 616 537 
625 537 616 617 538 
626 538 617 618 539 
627 539 618 619 540 
628 540 619 620 541 
629 541 620 621 542 
630 542 621 622 543 
631 543 622 623 544 
632 544 623 624 545 
633 545 624 625 546 
634 546 625 626 547 
635 547 626 627 548 
636 548 627 628 549 
637 549 628 629 550 
638 550 629 630 551 
639 551 630 631 552 
640 552 631 632 553 
641 553 632 633 554 
642 554 633 634 555 
643 555 634 635 556 
644 556 635 157 158 
645 9 10 636 557 
646 557 636 637 558 
647 558 637 638 559 
648 559 638 639 560 
649 560 639 640 561 
650 561 640 641 562 
651 562 641 642 563 
652 563 642 643 564 
653 564 643 644 565 
654 565 644 645 566 
655 566 645 646 567 
656 567 646 647 568 
657 568 647 648 569 
658 569 648 649 570 
659 570 649 650 571 
660 571 650 651 572 
661 572 651 652 573 
662 573 652 653 574 
663 574 653 654 575 
664 575 654 655 576 
665 576 655 656 577 
666 577 656 657 578 
667 578 657 658 579 
668 579 658 659 580 
669 580 659 660 581 
670 581 660 661 582 
671 582 661 662 583 
672 583 662 663 584 
673 584 663 664 585 
674 585 664 665 586 
675 586 665 666 587 
676 587 666 667 588 
677 588 667 668 589 
678 589 668 669 590 
679 590 669 670 591 
680 591 670 671 592 
681 592 671 672 593 
682 593 672 673 594 
683 594 673 674 595 
684 595 674 675 596 
685 596 675 676 597 
686 597 676 677 598 
687 598 677 678 599 
688 599 678 679 600 
689 600 679 680 601 
690 601 680 681 602 
691 602 681 682 603 
692 603 682 683 604 
693 604 683 684 605 
694 605 684 685 606 
695 606 685 686 607 
696 607 686 687 608 
697 608 687 688 609 
698 609 688 689 610 
699 610 689 690 611 
700 611 690 691 612 
701 612 691 692 613 
702 613 692 693 614 
703 614 693 694 615 
704 615 694 695 616 
705 616 695 696 617 
706 617 696 697 618 
707 618 697 698 619 
708 619 698 699 620 
709 620 699 700 621 
710 621 700 701 622 
711 622 701 702 623 
712 623 702 703 624 
713 624 703 704 625 
714 625 704 705 626 
715 626 705 706 627 
716 627 706 707 628 
717 628 707 708 629 
718 629 708 709 630 
719 630 709 710 631 
720 631 710 711 632 
721 632 711 712 633 
722 633 712 713 634 
723 634 713 714 635 
724 635 714 156 157 
725 10 11 715 636 
726 636 715 716 637 
727 637 716 717 638 
728 638 717 718 639 
729 639 718 719 640 
730 640 719 720 641 
731 641 720 721 642 
732 642 721 722 643 
733 643 722 723 644 
734 644 723 724 645 
735 645 724 725 646 
736 646 725 726 647 
737 647 726 727 648 
738 648 727 728 649 
739 649 728 729 650 
740 650 729 730 651 
741 651 730 731 652 
742 652 731 732 653 
743 653 732 733 654 
744 654 733 734 655 
745 655 734 735 656 
746 656 735 736 657 
747 657 736 737 658 
748 658 737 738 659 
749 659 738 739 660 
750 660 739 740 661 
751 661 740 741 662 
752 662 741 742 663 
753 663 742 743 664 
754 664 743 744 665 
755 665 744 745 666 
756 666 745 746 667 
757 667 746 747 668 
758 668 747 748 669 
759 669 748 749 670 
760 670 749 750 671 
761 671 750 751 672 
762 672 751 752 673 
763 673 752 753 674 
764 674 753 754 675 
765 675 754 755 676 
766 676 755 756 677 
767 677 756 757 678 
768 678 757 758 679 
769 679 758 759 680 
770 680 759 760 681 
771 681 760 761 682 
772 682 761 762 683 
773 683 762 763 684 
774 684 763 764 685 
775 685 764 765 686 
776 686 765 766 687 
777 687 766 767 688 
778 688 767 768 689 
779 689 768 769 690 
780 690 769 770 691 
781 691 770 771 692 
782 692 771 772 693 
783 693 772 773 694 
784 694 773 774 695 
785 695 774 775 696 
786 696 775 776 697 
787 697 776 777 698 
788 698 777 778 699 
789 699 778 779 700 
790 700 779 780 701 
791 701 780 781 702 
792 702 781 782 703 
793 703 782 783 704 
794 704 783 784 705 
795 705 784 785 706 
796 706 785 786 707 
797 707 786 787 708 
798 708 787 788 709 
799 709 788 789 710 
800 710 789 790 711 
801 711 790 791 712 
802 712 791 792 713 
803 713 792 793 714 
804 714 793 155 156 
805 11 12 794 715 
806 715 794 795 716 
807 716 795 796 717 
808 717 796 797 718 
809 718 797 798 719 
810 719 798 799 720 
811 720 799 800 721 
812 721 800 801 722 
813 722 801 802 723 
814 723 802 803 724 
815 724 803 804 725 
816 725 804 805 726 
817 726 805 806 727 
818 727 806 807 728 
819 728 807 808 729 
820 729 808 809 730 
821 730 809 810 731 
822 731 810 811 732 
823 732 811 812 733 
824 733 812 813 734 
825 734 813 814 735 
826 735 814 815 736 
827 736 815 816 737 
828 737 816 817 738 
829 738 817 818 739 
830 739 818 819 740 
831 740 819 820 741 
832 741 820 821 742 
833 742 821 822 743 
834 743 822 823 744 
835 744 823 824 745 
836 745 824 825 746 
837 746 825 826 747 
838 747 826 827 748 
839 748 827 828 749 
840 749 828 829 750 
841 750 829 830 751 
842 751 830 831 752 
843 752 831 832 753 
844 753 832 833 754 
845 754 833 834 755 
846 755 834 835 756 
847 756 835 836 757 
848 757 836 837 758 
849 758 837 838 759 
850 759 838 839 760 
851 760 839 840 761 
852 761 840 841 762 
853 762 841 842 763 
854 763 842 843 764 
855 764 843 844 765 
856 765 844 845 766 
857 766 845 846 767 
858 767 846 847 768 
859 768 847 848 769 
860 769 848 849 770 
861 770 849 850 771 
862 771 850 851 772 
863 772 851 852 773 
864 773 852 853 774 
865 774 853 854 775 
866 775 854 855 776 
867 776 855 856 777 
868 777 856 857 778 
869 778 857 858 779 
870 779 858 859 780 
871 780 859 860 781 
872 781 860 861 782 
873 782 861 862 783 
874 783 862 863 784 
875 784 863 864 785 
876 785 864 865 786 
877 786 865 866 787 
878 787 866 867 788 
879 788 867 868 789 
880 789 868 869 790 
881 790 869 870 791 
882 791 870 871 792 
883 792 871 872 793 
884 793 872 154 155 
885 12 13 873 794 
886 794 873 874 795 
887 795 874 875 796 
888 796 875 876 797 
889 797 876 877 798 
890 798 877 878 799 
891 799 878 879 800 
892 800 879 880 801 
893 801 880 881 802 
894 802 881 882 803 
895 803 882 883 804 
896 804 883 884 805 
897 805 884 885 806 
898 806 885 886 807 
899 807 886 887 808 
900 808 887 888 809 
901 809 888 889 810 
902 810 889 890 811 
903 811 890 891 812 
904 812 891 892 813 
905 813 892 893 814 
906 814 893 894 815 
907 815 894 895 816 
908 816 895 896 817 
909 817 896 897 818 
910 818 897 898 819 
911 819 898 899 820 
912 820 899 900 821 
913 821 900 901 822 
914 822 901 902 823 
915 823 902 903 824 
916 824 903 904 825 
917 825 904 905 826 
918 826 905 906 827 
919 827 906 907 828 
920 828 907 908 829 
921 829 908 909 830 
922 830 909 910 831 
923 831 910 911 832 
924 832 911 912 833 
925 833 912 913 834 
926 834 913 914 835 
927 835 914 915 836 
928 836 915 916 837 
929 837 916 917 838 
930 838 917 918 839 
931 839 918 919 840 
932 840 919 920 841 
933 841 920 921 842 
934 842 921 922 843 
935 843 922 923 844 
936 844 923 924 845 
937 845 924 925 846 
938 846 925 926 847 
939 847 926 927 848 
940 848 927 928 849 
941 849 928 929 850 
942 850 929 930 851 
943 851 930 931 852 
944 852 931 932 853 
945 853 932 933 854 
946 854 933 934 855 
947 855 934 935 856 
948 856 935 936 857 
949 857 936 937 858 
950 858 937 938 859 
951 859 938 939 860 
952 860 939 940 861 
953 861 940 941 862 
954 862 941 942 863 
955 863 942 943 864 
956 864 943 944 865 
957 865 944 945 866 
958 866 945 946 867 
959 867 946 947 868 
960 868 947 948 869 
961 869 948 949 870 
962 870 949 950 871 
963 871 950 951 872 
964 872 951 153 154 
965 13 14 952 873 
966 873 952 953 874 
967 874 953 954 875 
968 875 954 955 876 
969 876 955 956 877 
970 877 956 957 878 
971 878 957 958 879 
972 879 958 959 880 
973 880 959 960 881 
974 881 960 961 882 
975 882 961 962 883 
976 883 962 963 884 
977 884 963 964 885 
978 885 964 965 886 
979 886 965 966 887 
980 887 966 967 888 
981 888 967 968 889 
982 889 968 969 890 
983 890 969 970 891 
984 891 970 971 892 
985 892 971 972 893 
986 893 972 973 894 
987 894 973 974 895 
988 895 974 975 896 
989 896 975 976 897 
990 897 976 977 898 
991 898 977 978 899 
992 899 978 979 900 
993 900 979 980 901 
994 901 980 981 902 
995 902 981 982 903 
996 903 982 983 904 
997 904 983 984 905 
998 905 984 985 906 
999 906 985 986 907 
1000 907 986 987 908 
1001 908 987 988 909 
1002 909 988 989 910 
1003 910 989 990 911 
1004 911 990 991 912 
1005 912 991 992 913 
1006 913 992 993 914 
1007 914 993 994 915 
1008 915 994 995 916 
1009 916 995 996 917 
1010 917 996 997 918 
1011 918 997 998 919 
1012 919 998 999 920 
1013 920 999 1000 921 
1014 921 1000 1001 922 
1015 922 1001 1002 923 
1016 923 1002 1003 924 
1017 924 1003 1004 925 
1018 925 1004 1005 926 
1019 926 1005 1006 927 
1020 927 1006 1007 928 
1021 928 1007 1008 929 
1022 929 1008 1009 930 
1023 930 1009 1010 931 
1024 931 1010 1011 932 
1025 932 1011 1012 933 
1026 933 1012 1013 934 
1027 934 1013 1014 935 
1028 935 1014 1015 936 
1029 936 1015 1016 937 
1030 937 1016 1017 938 
1031 938 1017 1018 939 
1032 939 1018 1019 940 
1033 940 1019 1020 941 
1034 941 1020 1021 942 
1035 942 1021 1022 943 
1036 943 1022 1023 944 
1037 944 1023 1024 945 
1038 945 1024 1025 946 
1039 946 1025 1026 947 
1040 947 1026 1027 948 
1041 948 1027 1028 949 
1042 949 1028 1029 950 
1043 950 1029 1030 951 
1044 951 1030 152 153 
1045 14 15 1031 952 
1046 952 1031 1032 953 
1047 953 1032 1033 954 
1048 954 1033 1034 955 
1049 955 1034 1035 956 
1050 956 1035 1036 957 
1051 957 1036 1037 958 
1052 958 1037 1038 959 
1053 959 1038 1039 960 
1054 960 1039 1040 961 
1055 961 1040 1041 962 
1056 962 1041 1042 963 
1057 963 1042 1043 964 
1058 964 1043 1044 965 
1059 965 1044 1045 966 
1060 966 1045 1046 967 
1061 967 1046 1047 968 
1062 968 1047 1048 969 
1063 969 1048 1049 970 
1064 970 1049 1050 971 
1065 971 1050 1051 972 
1066 972 1051 1052 973 
1067 973 1052 1053 974 
1068 974 1053 1054 975 
1069 975 1054 1055 976 
1070 976 1055 1056 977 
1071 977 1056 1057 978 
1072 978 1057 1058 979 
1073 979 1058 1059 980 
1074 980 1059 1060 981 
1075 981 1060 1061 982 
1076 982 1061 1062 983 
1077 983 1062 1063 984 
1078 984 1063 1064 985 
1079 985 1064 1065 986 
1080 986 1065 1066 987 
1081 987 1066 1067 988 
1082 988 1067 1068 989 
1083 989 1068 1069 990 
1084 990 1069 1070 991 
1085 991 1070 1071 992 
1086 992 1071 1072 993 
1087 993 1072 1073 994 
1088 994 1073 1074 995 
1089 995 1074 1075 996 
1090 996 1075 1076 997 
1091 997 1076 1077 998 
1092 998 1077 1078 999 
1093 999 1078 1079 1000 
1094 1000 1079 1080 1001 
1095 1001 1080 1081 1002 
1096 1002 1081 1082 1003 
1097 1003 1082 1083 1004 
1098 1004 1083 1084 1005 
1099 1005 1084 1085 1006 
1100 1006 1085 1086 1007 
1101 1007 1086 1087 1008 
1102 1008 1087 1088 1009 
1103 1009 1088 1089 1010 
1104 1010 1089 1090 1011 
1105 1011 1090 1091 1012 
1106 1012 1091 1092 1013 
1107 1013 1092 1093 1014 
1108 1014 1093 1094 1015 
1109 1015 1094 1095 1016 
1110 1016 1095 1096 1017 
1111 1017 1096 1097 1018 
1112 1018 1097 1098 1019 
1113 1019 1098 1099 1020 
1114 1020 1099 1100 1021 
1115 1021 1100 1101 1022 
1116 1022 1101 1102 1023 
1117 1023 1102 1103 1024 
1118 1024 1103 1104 1025 
1119 1025 1104 1105 1026 
1120 1026 1105 1106 1027 
1121 1027 1106 1107 1028 
1122 1028 1107 1108 1029 
1123 1029 1108 1109 1030 
1124 1030 1109 151 152 
1125 15 16 1110 1031 
1126 1031 1110 1111 1032 
1127 1032 1111 1112 1033 
1128 1033 1112 1113 1034 
1129 1034 1113 1114 1035 
1130 1035 1114 1115 1036 
1131 1036 1115 1116 1037 
1132 1037 1116 1117 1038 
1133 1038 1117 1118 1039 
1134 1039 1118 1119 1040 
1135 1040 1119 1120 1041 
1136 1041 1120 1121 1042 
1137 1042 1121 1122 1043 
1138 1043 1122 1123 1044 
1139 1044 1123 1124 1045 
1140 1045 1124 1125 1046 
1141 1046 1125 1126 1047 
1142 1047 1126 1127 1048 
1143 1048 1127 1128 1049 
1144 1049 1128 1129 1050 
1145 1050 1129 1130 1051 
1146 1051 1130 1131 1052 
1147 1052 1131 1132 1053 
1148 1053 1132 1133 1054 
1149 1054 1133 1134 1055 
1150 1055 1134 1135 1056 
1151 1056 1135 1136 1057 
1152 1057 1136 1137 1058 
1153 1058 1137 1138 1059 
1154 1059 1138 1139 1060 
1155 1060 1139 1140 1061 
1156 1061 1140 1141 1062 
1157 1062 1141 1142 1063 
1158 1063 1142 1143 1064 
1159 1064 1143 1144 1065 
1160 1065 1144 1145 1066 
1161 1066 1145 1146 1067 
1162 1067 1146 1147 1068 
1163 1068 1147 1148 1069 
1164 1069 1148 1149 1070 
1165 1070 1149 1150 1071 
1166 1071 1150 1151 1072 
1167 1072 1151 1152 1073 
1168 1073 1152 1153 1074 
1169 1074 1153 1154 1075 
1170 1075 1154 1155 1076 
1171 1076 1155 1156 1077 
1172 1077 1156 1157 1078 
1173 1078 1157 1158 1079 
1174 1079 1158 1159 1080 
1175 1080 1159 1160 1081 
1176 1081 1160 1161 1082 
1177 1082 1161 1162 1083 
1178 1083 1162 1163 1084 
1179 1084 1163 1164 1085 
1180 1085 1164 1165 1086 
1181 1086 1165 1166 1087 
1182 1087 1166 1167 1088 
1183 1088 1167 1168 1089 
1184 1089 1168 1169 1090 
1185 1090 1169 1170 1091 
1186 1091 1170 1171 1092 
1187 1092 1171 1172 1093 
1188 1093 1172 1173 1094 
1189 1094 1173 1174 1095 
1190 1095 1174 1175 1096 
1191 1096 1175 1176 1097 
1192 1097 1176 1177 1098 
1193 1098 1177 1178 1099 
1194 1099 1178 1179 1100 
1195 1100 1179 1180 1101 
1196 1101 1180 1181 1102 
1197 1102 1181 1182 1103 
1198 1103 1182 1183 1104 
1199 1104 1183 1184 1105 
1200 1105 1184 1185 1106 
1201 1106 1185 1186 1107 
1202 1107 1186 1187 1108 
1203 1108 1187 1188 1109 
1204 1109 1188 150 151 
1205 16 17 1189 1110 
1206 1110 1189 1190 1111 
1207 1111 1190 1191 1112 
1208 1112 1191 1192 1113 
1209 1113 1192 1193 1114 
1210 1114 1193 1194 1115 
1211 1115 1194 1195 1116 
1212 1116 1195 1196 1117 
1213 1117 1196 1197 1118 
1214 1118 1197 1198 1119 
1215 1119 1198 1199 1120 
1216 1120 1199 1200 1121 
1217 1121 1200 1201 1122 
1218 1122 1201 1202 1123 
1219 1123 1202 1203 1124 
1220 1124 1203 1204 1125 
1221 1125 1204 1205 1126 
1222 1126 1205 1206 1127 
1223 1127 1206 1207 1128 
1224 1128 1207 1208 1129 
1225 1129 1208 1209 1130 
1226 1130 1209 1210 1131 
1227 1131 1210 1211 1132 
1228 1132 1211 1212 1133 
1229 1133 1212 1213 1134 
1230 1134 1213 1214 1135 
1231 1135 1214 1215 1136 
1232 1136 1215 1216 1137 
1233 1137 1216 1217 1138 
1234 1138 1217 1218 1139 
1235 1139 1218 1219 1140 
1236 1140 1219 1220 1141 
1237 1141 1220 1221 1142 
1238 1142 1221 1222 1143 
1239 1143 1222 1223 1144 
1240 1144 1223 1224 1145 
1241 1145 1224 1225 1146 
1242 1146 1225 1226 1147 
1243 1147 1226 1227 1148 
1244 1148 1227 1228 1149 
1245 1149 1228 1229 1150 
1246 1150 1229 1230 1151 
1247 1151 1230 1231 1152 
1248 1152 1231 1232 1153 
1249 1153 1232 1233 1154 
1250 1154 1233 1234 1155 
1251 1155 1234 1235 1156 
1252 1156 1235 1236 1157 
1253 1157 1236 1237 1158 
1254 1158 1237 1238 1159 
1255 1159 1238 1239 1160 
1256 1160 1239 1240 1161 
1257 1161 1240 1241 1162 
1258 1162 1241 1242 1163 
1259 1163 1242 1243 1164 
1260 1164 1243 1244 1165 
1261 1165 1244 1245 1166 
1262 1166 1245 1246 1167 
1263 1167 1246 1247 1168 
1264 1168 1247 1248 1169 
1265 1169 1248 1249 1170 
1266 1170 1249 1250 1171 
1267 1171 1250 1251 1172 
1268 1172 1251 1252 1173 
1269 1173 1252 1253 1174 
1270 1174 1253 1254 1175 
1271 1175 1254 1255 1176 
1272 1176 1255 1256 1177 
1273 1177 1256 1257 1178 
1274 1178 1257 1258 1179 
1275 1179 1258 1259 1180 
1276 1180 1259 1260 1181 
1277 1181 1260 1261 1182 
1278 1182 1261 1262 1183 
1279 1183 1262 1263 1184 
1280 1184 1263 1264 1185 
1281 1185 1264 1265 1186 
1282 1186 1265 1266 1187 
1283 1187 1266 1267 1188 
1284 1188 1267 149 150 
1285 17 18 1268 1189 
1286 1189 1268 1269 1190 
1287 1190 1269 1270 1191 
1288 1191 1270 1271 1192 
1289 1192 1271 1272 1193 
1290 1193 1272 1273 1194 
1291 1194 1273 1274 1195 
1292 1195 1274 1275 1196 
1293 1196 1275 1276 1197 
1294 1197 1276 1277 1198 
1295 1198 1277 1278 1199 
1296 1199 1278 1279 1200 
1297 1200 1279 1280 1201 
1298 1201 1280 1281 1202 
1299 1202 1281 1282 1203 
1300 1203 1282 1283 1204 
1301 1204 1283 1284 1205 
1302 1205 1284 1285 1206 
1303 1206 1285 1286 1207 
1304 1207 1286 1287 1208 
1305 1208 1287 1288 1209 
1306 1209 1288 1289 1210 
1307 1210 1289 1290 1211 
1308 1211 1290 1291 1212 
1309 1212 1291 1292 1213 
1310 1213 1292 1293 1214 
1311 1214 1293 1294 1215 
1312 1215 1294 1295 1216 
1313 1216 1295 1296 1217 
1314 1217 1296 1297 1218 
1315 1218 1297 1298 1219 
1316 1219 1298 1299 1220 
1317 1220 1299 1300 1221 
1318 1221 1300 1301 1222 
1319 1222 1301 1302 1223 
1320 1223 1302 1303 1224 
1321 1224 1303 1304 1225 
1322 1225 1304 1305 1226 
1323 1226 1305 1306 1227 
1324 1227 1306 1307 1228 
1325 1228 1307 1308 1229 
1326 1229 1308 1309 1230 
1327 1230 1309 1310 1231 
1328 1231 1310 1311 1232 
1329 1232 1311 1312 1233 
1330 1233 1312 1313 1234 
1331 1234 1313 1314 1235 
1332 1235 1314 1315 1236 
1333 1236 1315 1316 1237 
1334 1237 1316 1317 1238 
1335 1238 1317 1318 1239 
1336 1239 1318 1319 1240 
1337 1240 1319 1320 1241 
1338 1241 1320 1321 1242 
1339 1242 1321 1322 1243 
1340 1243 1322 1323 1244 
1341 1244 1323 1324 1245 
1342 1245 1324 1325 1246 
1343 1246 1325 1326 1247 
1344 1247 1326 1327 1248 
1345 1248 1327 1328 1249 
1346 1249 1328 1329 1250 
1347 1250 1329 1330 1251 
1348 1251 1330 1331 1252 
1349 1252 1331 1332 1253 
1350 1253 1332 1333 1254 
1351 1254 1333 1334 1255 
1352 1255 1334 1335 1256 
1353 1256 1335 1336 1257 
1354 1257 1336 1337 1258 
1355 1258 1337 1338 1259 
1356 1259 1338 1339 1260 
1357 1260 1339 1340 1261 
1358 1261 1340 1341 1262 
1359 1262 1341 1342 1263 
1360 1263 1342 1343 1264 
1361 1264 1343 1344 1265 
1362 1265 1344 1345 1266 
1363 1266 1345 1346 1267 
1364 1267 1346 148 149 
1365 18 19 1347 1268 
1366 1268 1347 1348 1269 
1367 1269 1348 1349 1270 
1368 1270 1349 1350 1271 
1369 1271 1350 1351 1272 
1370 1272 1351 1352 1273 
1371 1273 1352 1353 1274 
1372 1274 1353 1354 1275 
1373 1275 1354 1355 1276 
1374 1276 1355 1356 1277 
1375 1277 1356 1357 1278 
1376 1278 1357 1358 1279 
1377 1279 1358 1359 1280 
1378 1280 1359 1360 1281 
1379 1281 1360 1361 1282 
1380 1282 1361 1362 1283 
1381 1283 1362 1363 1284 
1382 1284 1363 1364 1285 
1383 1285 1364 1365 1286 
1384 1286 1365 1366 1287 
1385 1287 1366 1367 1288 
1386 1288 1367 1368 1289 
1387 1289 1368 1369 1290 
1388 1290 1369 1370 1291 
1389 1291 1370 1371 1292 
1390 1292 1371 1372 1293 
1391 1293 1372 1373 1294 
1392 1294 1373 1374 1295 
1393 1295 1374 1375 1296 
1394 1296 1375 1376 1297 
1395 1297 1376 1377 1298 
1396 1298 1377 1378 1299 
1397 1299 1378 1379 1300 
1398 1300 1379 1380 1301 
1399 1301 1380 1381 1302 
1400 1302 1381 1382 1303 
1401 1303 1382 1383 1304 
1402 1304 1383 1384 1305 
1403 1305 1384 1385 1306 
1404 1306 1385 1386 1307 
1405 1307 1386 1387 1308 
1406 1308 1387 1388 1309 
1407 1309 1388 1389 1310 
1408 1310 1389 1390 1311 
1409 1311 1390 1391 1312 
1410 1312 1391 1392 1313 
1411 1313 1392 1393 1314 
1412 1314 1393 1394 1315 
1413 1315 1394 1395 1316 
1414 1316 1395 1396 1317 
1415 1317 1396 1397 1318 
1416 1318 1397 1398 1319 
1417 1319 1398 1399 1320 
1418 1320 1399 1400 1321 
1419 1321 1400 1401 1322 
1420 1322 1401 1402 1323 
1421 1323 1402 1403 1324 
1422 1324 1403 1404 1325 
1423 1325 1404 1405 1326 
1424 1326 1405 1406 1327 
1425 1327 1406 1407 1328 
1426 1328 1407 1408 1329 
1427 1329 1408 1409 1330 
1428 1330 1409 1410 1331 
1429 1331 1410 1411 1332 
1430 1332 1411 1412 1333 
1431 1333 1412 1413 1334 
1432 1334 1413 1414 1335 
1433 1335 1414 1415 1336 
1434 1336 1415 1416 1337 
1435 1337 1416 1417 1338 
1436 1338 1417 1418 1339 
1437 1339 1418 1419 1340 
1438 1340 1419 1420 1341 
1439 1341 1420 1421 1342 
1440 1342 1421 1422 1343 
1441 1343 1422 1423 1344 
1442 1344 1423 1424 1345 
1443 1345 1424 1425 1346 
1444 1346 1425 147 148 
1445 19 20 1426 1347 
1446 1347 1426 1427 1348 
1447 1348 1427 1428 1349 
1448 1349 1428 1429 1350 
1449 1350 1429 1430 1351 
1450 1351 1430 1431 1352 
1451 1352 1431 1432 1353 
1452 1353 1432 1433 1354 
1453 1354 1433 1434 1355 
1454 1355 1434 1435 1356 
1455 1356 1435 1436 1357 
1456 1357 1436 1437 1358 
1457 1358 1437 1438 1359 
1458 1359 1438 1439 1360 
1459 1360 1439 1440 1361 
1460 1361 1440 1441 1362 
1461 1362 1441 1442 1363 
1462 1363 1442 1443 1364 
1463 1364 1443 1444 1365 
1464 1365 1444 1445 1366 
1465 1366 1445 1446 1367 
1466 1367 1446 1447 1368 
1467 1368 1447 1448 1369 
1468 1369 1448 1449 1370 
1469 1370 1449 1450 1371 
1470 1371 1450 1451 1372 
1471 1372 1451 1452 1373 
1472 1373 1452 1453 1374 
1473 1374 1453 1454 1375 
1474 1375 1454 1455 1376 
1475 1376 1455 1456 1377 
1476 1377 1456 1457 1378 
1477 1378 1457 1458 1379 
1478 1379 1458 1459 1380 
1479 1380 1459 1460 1381 
1480 1381 1460 1461 1382 
1481 1382 1461 1462 1383 
1482 1383 1462 1463 1384 
1483 1384 1463 1464 1385 
1484 1385 1464 1465 1386 
1485 1386 1465 1466 1387 
1486 1387 1466 1467 1388 
1487 1388 1467 1468 1389 
1488 1389 1468 1469 1390 
1489 1390 1469 1470 1391 
1490 1391 1470 1471 1392 
1491 1392 1471 1472 1393 
1492 1393 1472 1473 1394 
1493 1394 1473 1474 1395 
1494 1395 1474 1475 1396 
1495 1396 1475 1476 1397 
1496 1397 1476 1477 1398 
1497 1398 1477 1478 1399 
1498 1399 1478 1479 1400 
1499 1400 1479 1480 1401 
1500 1401 1480 1481 1402 
1501 1402 1481 1482 1403 
1502 1403 1482 1483 1404 
1503 1404 1483 1484 1405 
1504 1405 1484 1485 1406 
1505 1406 1485 1486 1407 
1506 1407 1486 1487 1408 
1507 1408 1487 1488 1409 
1508 1409 1488 1489 1410 
1509 1410 1489 1490 1411 
1510 1411 1490 1491 1412 
1511 1412 1491 1492 1413 
1512 1413 1492 1493 1414 
1513 1414 1493 1494 1415 
1514 1415 1494 1495 1416 
1515 1416 1495 1496 1417 
1516 1417 1496 1497 1418 
1517 1418 1497 1498 1419 
1518 1419 1498 1499 1420 
1519 1420 1499 1500 1421 
1520 1421 1500 1501 1422 
1521 1422 1501 1502 1423 
1522 1423 1502 1503 1424 
1523 1424 1503 1504 1425 
1524 1425 1504 146 147 
1525 20 21 1505 1426 
1526 1426 1505 1506 1427 
1527 1427 1506 1507 1428 
1528 1428 1507 1508 1429 
1529 1429 1508 1509 1430 
1530 1430 1509 1510 1431 
1531 1431 1510 1511 1432 
1532 1432 1511 1512 1433 
1533 1433 1512 1513 1434 
1534 1434 1513 1514 1435 
1535 1435 1514 1515 1436 
1536 1436 1515 1516 1437 
1537 1437 1516 1517 1438 
1538 1438 1517 1518 1439 
1539 1439 1518 1519 1440 
1540 1440 1519 1520 1441 
1541 1441 1520 1521 1442 
1542 1442 1521 1522 1443 
1543 1443 1522 1523 1444 
1544 1444 1523 1524 1445 
1545 1445 1524 1525 1446 
1546 1446 1525 1526 1447 
1547 1447 1526 1527 1448 
1548 1448 1527 1528 1449 
1549 1449 1528 1529 1450 
1550 1450 1529 1530 1451 
1551 1451 1530 1531 1452 
1552 1452 1531 1532 1453 
1553 1453 1532 1533 1454 
1554 1454 1533 1534 1455 
1555 1455 1534 1535 1456 
1556 1456 1535 1536 1457 
1557 1457 1536 1537 1458 
1558 1458 1537 1538 1459 
1559 1459 1538 1539 1460 
1560 1460 1539 1540 1461 
1561 1461 1540 1541 1462 
1562 1462 1541 1542 1463 
1563 1463 1542 1543 1464 
1564 1464 1543 1544 1465 
1565 1465 1544 1545 1466 
1566 1466 1545 1546 1467 
1567 1467 1546 1547 1468 
1568 1468 1547 1548 1469 
1569 1469 1548 1549 1470 
1570 1470 1549 1550 1471 
1571 1471 1550 1551 1472 
1572 1472 1551 1552 1473 
1573 1473 1552 1553 1474 
1574 1474 1553 1554 1475 
1575 1475 1554 1555 1476 
1576 1476 1555 1556 1477 
1577 1477 1556 1557 1478 
1578 1478 1557 1558 1479 
1579 1479 1558 1559 1480 
1580 1480 1559 1560 1481 
1581 1481 1560 1561 1482 
1582 1482 1561 1562 1483 
1583 1483 1562 1563 1484 
1584 1484 1563 1564 1485 
1585 1485 1564 1565 1486 
1586 1486 1565 1566 1487 
1587 1487 1566 1567 1488 
1588 1488 1567 1568 1489 
1589 1489 1568 1569 1490 
1590 1490 1569 1570 1491 
1591 1491 1570 1571 1492 
1592 1492 1571 1572 1493 
1593 1493 1572 1573 1494 
1594 1494 1573 1574 1495 
1595 1495 1574 1575 1496 
1596 1496 1575 1576 1497 
1597 1497 1576 1577 1498 
1598 1498 1577 1578 1499 
1599 1499 1578 1579 1500 
1600 1500 1579 1580 1501 
1601 1501 1580 1581 1502 
1602 1502 1581 1582 1503 
1603 1503 1582 1583 1504 
1604 1504 1583 145 146 
1605 21 22 1584 1505 
1606 1505 1584 1585 1506 
1607 1506 1585 1586 1507 
1608 1507 1586 1587 1508 
1609 1508 1587 1588 1509 
1610 1509 1588 1589 1510 
1611 1510 1589 1590 1511 
1612 1511 1590 1591 1512 
1613 1512 1591 1592 1513 
1614 1513 1592 1593 1514 
1615 1514 1593 1594 1515 
1616 1515 1594 1595 1516 
1617 1516 1595 1596 1517 
1618 1517 1596 1597 1518 
1619 1518 1597 1598 1519 
1620 1519 1598 1599 1520 
1621 1520 1599 1600 1521 
1622 1521 1600 1601 1522 
1623 1522 1601 1602 1523 
1624 1523 1602 1603 1524 
1625 1524 1603 1604 1525 
1626 1525 1604 1605 1526 
1627 1526 1605 1606 1527 
1628 1527 1606 1607 1528 
1629 1528 1607 1608 1529 
1630 1529 1608 1609 1530 
1631 1530 1609 1610 1531 
1632 1531 1610 1611 1532 
1633 1532 1611 1612 1533 
1634 1533 1612 1613 1534 
1635 1534 1613 1614 1535 
1636 1535 1614 1615 1536 
1637 1536 1615 1616 1537 
1638 1537 1616 1617 1538 
1639 1538 1617 1618 1539 
1640 1539 1618 1619 1540 
1641 1540 1619 1620 1541 
1642 1541 1620 1621 1542 
1643 1542 1621 1622 1543 
1644 1543 1622 1623 1544 
1645 1544 1623 1624 1545 
1646 1545 1624 1625 1546 
1647 1546 1625 1626 1547 
1648 1547 1626 1627 1548 
1649 1548 1627 1628 1549 
1650 1549 1628 1629 1550 
1651 1550 1629 1630 1551 
1652 1551 1630 1631 1552 
1653 1552 1631 1632 1553 
1654 1553 1632 1633 1554 
1655 1554 1633 1634 1555 
1656 1555 1634 1635 1556 
1657 1556 1635 1636 1557 
1658 1557 1636 1637 1558 
1659 1558 1637 1638 1559 
1660 1559 1638 1639 1560 
1661 1560 1639 1640 1561 
1662 1561 1640 1641 1562 
1663 1562 1641 1642 1563 
1664 1563 1642 1643 1564 
1665 1564 1643 1644 1565 
1666 1565 1644 1645 1566 
1667 1566 1645 1646 1567 
1668 1567 1646 1647 1568 
1669 1568 1647 1648 1569 
1670 1569 1648 1649 1570 
1671 1570 1649 1650 1571 
1672 1571 1650 1651 1572 
1673 1572 1651 1652 1573 
1674 1573 1652 1653 1574 
1675 1574 1653 1654 1575 
1676 1575 1654 1655 1576 
1677 1576 1655 1656 1577 
1678 1577 1656 1657 1578 
1679 1578 1657 1658 1579 
1680 1579 1658 1659 1580 
1681 1580 1659 1660 1581 
1682 1581 1660 1661 1582 
1683 1582 1661 1662 1583 
1684 1583 1662 144 145 
1685 22 23 1663 1584 
1686 1584 1663 1664 1585 
1687 1585 1664 1665 1586 
1688 1586 1665 1666 1587 
1689 1587 1666 1667 1588 
1690 1588 1667 1668 1589 
1691 1589 1668 1669 1590 
1692 1590 1669 1670 1591 
1693 1591 1670 1671 1592 
1694 1592 1671 1672 1593 
1695 1593 1672 1673 1594 
1696 1594 1673 1674 1595 
1697 1595 1674 1675 1596 
1698 1596 1675 1676 1597 
1699 1597 1676 1677 1598 
1700 1598 1677 1678 1599 
1701 1599 1678 1679 1600 
1702 1600 1679 1680 1601 
1703 1601 1680 1681 1602 
1704 1602 1681 1682 1603 
1705 1603 1682 1683 1604 
1706 1604 1683 1684 1605 
1707 1605 1684 1685 1606 
1708 1606 1685 1686 1607 
1709 1607 1686 1687 1608 
1710 1608 1687 1688 1609 
1711 1609 1688 1689 1610 
1712 1610 1689 1690 1611 
1713 1611 1690 1691 1612 
1714 1612 1691 1692 1613 
1715 1613 1692 1693 1614 
1716 1614 1693 1694 1615 
1717 1615 1694 1695 1616 
1718 1616 1695 1696 1617 
1719 1617 1696 1697 1618 
1720 1618 1697 1698 1619 
1721 1619 1698 1699 1620 
1722 1620 1699 1700 1621 
1723 1621 1700 1701 1622 
1724 1622 1701 1702 1623 
1725 1623 1702 1703 1624 
1726 1624 1703 1704 1625 
1727 1625 1704 1705 1626 
1728 1626 1705 1706 1627 
1729 1627 1706 1707 1628 
1730 1628 1707 1708 1629 
1731 1629 1708 1709 1630 
1732 1630 1709 1710 1631 
1733 1631 1710 1711 1632 
1734 1632 1711 1712 1633 
1735 1633 1712 1713 1634 
1736 1634 1713 1714 1635 
1737 1635 1714 1715 1636 
1738 1636 1715 1716 1637 
1739 1637 1716 1717 1638 
1740 1638 1717 1718 1639 
1741 1639 1718 1719 1640 
1742 1640 1719 1720 1641 
1743 1641 1720 1721 1642 
1744 1642 1721 1722 1643 
1745 1643 1722 1723 1644 
1746 1644 1723 1724 1645 
1747 1645 1724 1725 1646 
1748 1646 1725 1726 1647 
1749 1647 1726 1727 1648 
1750 1648 1727 1728 1649 
1751 1649 1728 1729 1650 
1752 1650 1729 1730 1651 
1753 1651 1730 1731 1652 
1754 1652 1731 1732 1653 
1755 1653 1732 1733 1654 
1756 1654 1733 1734 1655 
1757 1655 1734 1735 1656 
1758 1656 1735 1736 1657 
1759 1657 1736 1737 1658 
1760 1658 1737 1738 1659 
1761 1659 1738 1739 1660 
1762 1660 1739 1740 1661 
1763 1661 1740 1741 1662 
1764 1662 1741 143 144 
1765 23 24 1742 1663 
1766 1663 1742 1743 1664 
1767 1664 1743 1744 1665 
1768 1665 1744 1745 1666 
1769 1666 1745 1746 1667 
1770 1667 1746 1747 1668 
1771 1668 1747 1748 1669 
1772 1669 1748 1749 1670 
1773 1670 1749 1750 1671 
1774 1671 1750 1751 1672 
1775 1672 1751 1752 1673 
1776 1673 1752 1753 1674 
1777 1674 1753 1754 1675 
1778 1675 1754 1755 1676 
1779 1676 1755 1756 1677 
1780 1677 1756 1757 1678 
1781 1678 1757 1758 1679 
1782 1679 1758 1759 1680 
1783 1680 1759 1760 1681 
1784 1681 1760 1761 1682 
1785 1682 1761 1762 1683 
1786 1683 1762 1763 1684 
1787 1684 1763 1764 1685 
1788 1685 1764 1765 1686 
1789 1686 1765 1766 1687 
1790 1687 1766 1767 1688 
1791 1688 1767 1768 1689 
1792 1689 1768 1769 1690 
1793 1690 1769 1770 1691 
1794 1691 1770 1771 1692 
1795 1692 1771 1772 1693 
1796 1693 1772 1773 1694 
1797 1694 1773 1774 1695 
1798 1695 1774 1775 1696 
1799 1696 1775 1776 1697 
1800 1697 1776 1777 1698 
1801 1698 1777 1778 1699 
1802 1699 1778 1779 1700 
1803 1700 1779 1780 1701 
1804 1701 1780 1781 1702 
1805 1702 1781 1782 1703 
1806 1703 1782 1783 1704 
1807 1704 1783 1784 1705 
1808 1705 1784 1785 1706 
1809 1706 1785 1786 1707 
1810 1707 1786 1787 1708 
1811 1708 1787 1788 1709 
1812 1709 1788 1789 1710 
1813 1710 1789 1790 1711 
1814 1711 1790 1791 1712 
1815 1712 1791 1792 1713 
1816 1713 1792 1793 1714 
1817 1714 1793 1794 1715 
1818 1715 1794 1795 1716 
1819 1716 1795 1796 1717 
1820 1717 1796 1797 1718 
1821 1718 1797 1798 1719 
1822 1719 1798 1799 1720 
1823 1720 1799 1800 1721 
1824 1721 1800 1801 1722 
1825 1722 1801 1802 1723 
1826 1723 1802 1803 1724 
1827 1724 1803 1804 1725 
1828 1725 1804 1805 1726 
1829 1726 1805 1806 1727 
1830 1727 1806 1807 1728 
1831 1728 1807 1808 1729 
1832 1729 1808 1809 1730 
1833 1730 1809 1810 1731 
1834 1731 1810 1811 1732 
1835 1732 1811 1812 1733 
1836 1733 1812 1813 1734 
1837 1734 1813 1814 1735 
1838 1735 1814 1815 1736 
1839 1736 1815 1816 1737 
1840 1737 1816 1817 1738 
1841 1738 1817 1818 1739 
1842 1739 1818 1819 1740 
1843 1740 1819 1820 1741 
1844 1741 1820 142 143 
1845 24 25 1821 1742 
1846 1742 1821 1822 1743 
1847 1743 1822 1823 1744 
1848 1744 1823 1824 1745 
1849 1745 1824 1825 1746 
1850 1746 1825 1826 1747 
1851 1747 1826 1827 1748 
1852 1748 1827 1828 1749 
1853 1749 1828 1829 1750 
1854 1750 1829 1830 1751 
1855 1751 1830 1831 1752 
1856 1752 1831 1832 1753 
1857 1753 1832 1833 1754 
1858 1754 1833 1834 1755 
1859 1755 1834 1835 1756 
1860 1756 1835 1836 1757 
1861 1757 1836 1837 1758 
1862 1758 1837 1838 1759 
1863 1759 1838 1839 1760 
1864 1760 1839 1840 1761 
1865 1761 1840 1841 1762 
1866 1762 1841 1842 1763 
1867 1763 1842 1843 1764 
1868 1764 1843 1844 1765 
1869 1765 1844 1845 1766 
1870 1766 1845 1846 1767 
1871 1767 1846 1847 1768 
1872 1768 1847 1848 1769 
1873 1769 1848 1849 1770 
1874 1770 1849 1850 1771 
1875 1771 1850 1851 1772 
1876 1772 1851 1852 1773 
1877 1773 1852 1853 1774 
1878 1774 1853 1854 1775 
1879 1775 1854 1855 1776 
1880 1776 1855 1856 1777 
1881 1777 1856 1857 1778 
1882 1778 1857 1858 1779 
1883 1779 1858 1859 1780 
1884 1780 1859 1860 1781 
1885 1781 1860 1861 1782 
1886 1782 1861 1862 1783 
1887 1783 1862 1863 1784 
1888 1784 1863 1864 1785 
1889 1785 1864 1865 1786 
1890 1786 1865 1866 1787 
1891 1787 1866 1867 1788 
1892 1788 1867 1868 1789 
1893 1789 1868 1869 1790 
1894 1790 1869 1870 1791 
1895 1791 1870 1871 1792 
1896 1792 1871 1872 1793 
1897 1793 1872 1873 1794 
1898 1794 1873 1874 1795 
1899 1795 1874 1875 1796 
1900 1796 1875 1876 1797 
1901 1797 1876 1877 1798 
1902 1798 1877 1878 1799 
1903 1799 1878 1879 1800 
1904 1800 1879 1880 1801 
1905 1801 1880 1881 1802 
1906 1802 1881 1882 1803 
1907 1803 1882 1883 1804 
1908 1804 1883 1884 1805 
1909 1805 1884 1885 1806 
1910 1806 1885 1886 1807 
1911 1807 1886 1887 1808 
1912 1808 1887 1888 1809 
1913 1809 1888 1889 1810 
1914 1810 1889 1890 1811 
1915 1811 1890 1891 1812 
1916 1812 1891 1892 1813 
1917 1813 1892 1893 1814 
1918 1814 1893 1894 1815 
1919 1815 1894 1895 1816 
1920 1816 1895 1896 1817 
1921 1817 1896 1897 1818 
1922 1818 1897 1898 1819 
1923 1819 1898 1899 1820 
1924 1820 1899 141 142 
1925 25 26 1900 1821 
1926 1821 1900 1901 1822 
1927 1822 1901 1902 1823 
1928 1823 1902 1903 1824 
1929 1824 1903 1904 1825 
1930 1825 1904 1905 1826 
1931 1826 1905 1906 1827 
1932 1827 1906 1907 1828 
1933 1828 1907 1908 1829 
1934 1829 1908 1909 1830 
1935 1830 1909 1910 1831 
1936 1831 1910 1911 1832 
1937 1832 1911 1912 1833 
1938 1833 1912 1913 1834 
1939 1834 1913 1914 1835 
1940 1835 1914 1915 1836 
1941 1836 1915 1916 1837 
1942 1837 1916 1917 1838 
1943 1838 1917 1918 1839 
1944 1839 1918 1919 1840 
1945 1840 1919 1920 1841 
1946 1841 1920 1921 1842 
1947 1842 1921 1922 1843 
1948 1843 1922 1923 1844 
1949 1844 1923 1924 1845 
1950 1845 1924 1925 1846 
1951 1846 1925 1926 1847 
1952 1847 1926 1927 1848 
1953 1848 1927 1928 1849 
1954 1849 1928 1929 1850 
1955 1850 1929 1930 1851 
1956 1851 1930 1931 1852 
1957 1852 1931 1932 1853 
1958 1853 1932 1933 1854 
1959 1854 1933 1934 1855 
1960 1855 1934 1935 1856 
1961 1856 1935 1936 1857 
1962 1857 1936 1937 1858 
1963 1858 1937 1938 1859 
1964 1859 1938 1939 1860 
1965 1860 1939 1940 1861 
1966 1861 1940 1941 1862 
1967 1862 1941 1942 1863 
1968 1863 1942 1943 1864 
1969 1864 1943 1944 1865 
1970 1865 1944 1945 1866 
1971 1866 1945 1946 1867 
1972 1867 1946 1947 1868 
1973 1868 1947 1948 1869 
1974 1869 1948 1949 1870 
1975 1870 1949 1950 1871 
1976 1871 1950 1951 1872 
1977 1872 1951 1952 1873 
1978 1873 1952 1953 1874 
1979 1874 1953 1954 1875 
1980 1875 1954 1955 1876 
1981 1876 1955 1956 1877 
1982 1877 1956 1957 1878 
1983 1878 1957 1958 1879 
1984 1879 1958 1959 1880 
1985 1880 1959 1960 1881 
1986 1881 1960 1961 1882 
1987 1882 1961 1962 1883 
1988 1883 1962 1963 1884 
1989 1884 1963 1964 1885 
1990 1885 1964 1965 1886 
1991 1886 1965 1966 1887 
1992 1887 1966 1967 1888 
1993 1888 1967 1968 1889 
1994 1889 1968 1969 1890 
1995 1890 1969 1970 1891 
1996 1891 1970 1971 1892 
1997 1892 1971 1972 1893 
1998 1893 1972 1973 1894 
1999 1894 1973 1974 1895 
2000 1895 1974 1975 1896 
2001 1896 1975 1976 1897 
2002 1897 1976 1977 1898 
2003 1898 1977 1978 1899 
2004 1899 1978 140 141 
2005 26 27 1979 1900 
2006 1900 1979 1980 1901 
2007 1901 1980 1981 1902 
2008 1902 1981 1982 1903 
2009 1903 1982 1983 1904 
2010 1904 1983 1984 1905 
2011 1905 1984 1985 1906 
2012 1906 1985 1986 1907 
2013 1907 1986 1987 1908 
2014 1908 1987 1988 1909 
2015 1909 1988 1989 1910 
2016 1910 1989 1990 1911 
2017 1911 1990 1991 1912 
2018 1912 1991 1992 1913 
2019 1913 1992 1993 1914 
2020 1914 1993 1994 1915 
2021 1915 1994 1995 1916 
2022 1916 1995 1996 1917 
2023 1917 1996 1997 1918 
2024 1918 1997 1998 1919 
2025 1919 1998 1999 1920 
2026 1920 1999 2000 1921 
2027 1921 2000 2001 1922 
2028 1922 2001 2002 1923 
2029 1923 2002 2003 1924 
2030 1924 2003 2004 1925 
2031 1925 2004 2005 1926 
2032 1926 2005 2006 1927 
2033 1927 2006 2007 1928 
2034 1928 2007 2008 1929 
2035 1929 2008 2009 1930 
2036 1930 2009 2010 1931 
2037 1931 2010 2011 1932 
2038 1932 2011 2012 1933 
2039 1933 2012 2013 1934 
2040 1934 2013 2014 1935 
2041 1935 2014 2015 1936 
2042 1936 2015 2016 1937 
2043 1937 2016 2017 1938 
2044 1938 2017 2018 1939 
2045 1939 2018 2019 1940 
2046 1940 2019 2020 1941 
2047 1941 2020 2021 1942 
2048 1942 2021 2022 1943 
2049 1943 2022 2023 1944 
2050 1944 2023 2024 1945 
2051 1945 2024 2025 1946 
2052 1946 2025 2026 1947 
2053 1947 2026 2027 1948 
2054 1948 2027 2028 1949 
2055 1949 2028 2029 1950 
2056 1950 2029 2030 1951 
2057 1951 2030 2031 1952 
2058 1952 2031 2032 1953 
2059 1953 2032 2033 1954 
2060 1954 2033 2034 1955 
2061 1955 2034 2035 1956 
2062 1956 2035 2036 1957 
2063 1957 2036 2037 1958 
2064 1958 2037 2038 1959 
2065 1959 2038 2039 1960 
2066 1960 2039 2040 1961 
2067 1961 2040 2041 1962 
2068 1962 2041 2042 1963 
2069 1963 2042 2043 1964 
2070 1964 2043 2044 1965 
2071 1965 2044 2045 1966 
2072 1966 2045 2046 1967 
2073 1967 2046 2047 1968 
2074 1968 2047 2048 1969 
2075 1969 2048 2049 1970 
2076 1970 2049 2050 1971 
2077 1971 2050 2051 1972 
2078 1972 2051 2052 1973 
2079 1973 2052 2053 1974 
2080 1974 2053 2054 1975 
2081 1975 2054 2055 1976 
2082 1976 2055 2056 1977 
2083 1977 2056 2057 1978 
2084 1978 2057 139 140 
2085 27 28 2058 1979 
2086 1979 2058 2059 1980 
2087 1980 2059 2060 1981 
2088 1981 2060 2061 1982 
2089 1982 2061 2062 1983 
2090 1983 2062 2063 1984 
2091 1984 2063 2064 1985 
2092 1985 2064 2065 1986 
2093 1986 2065 2066 1987 
2094 1987 2066 2067 1988 
2095 1988 2067 2068 1989 
2096 1989 2068 2069 1990 
2097 1990 2069 2070 1991 
2098 1991 2070 2071 1992 
2099 1992 2071 2072 1993 
2100 1993 2072 2073 1994 
2101 1994 2073 2074 1995 
2102 1995 2074 2075 1996 
2103 1996 2075 2076 1997 
2104 1997 2076 2077 1998 
2105 1998 2077 2078 1999 
2106 1999 2078 2079 2000 
2107 2000 2079 2080 2001 
2108 2001 2080 2081 2002 
2109 2002 2081 2082 2003 
2110 2003 2082 2083 2004 
2111 2004 2083 2084 2005 
2112 2005 2084 2085 2006 
2113 2006 2085 2086 2007 
2114 2007 2086 2087 2008 
2115 2008 2087 2088 2009 
2116 2009 2088 2089 2010 
2117 2010 2089 2090 2011 
2118 2011 2090 2091 2012 
2119 2012 2091 2092 2013 
2120 2013 2092 2093 2014 
2121 2014 2093 2094 2015 
2122 2015 2094 2095 2016 
2123 2016 2095 2096 2017 
2124 2017 2096 2097 2018 
2125 2018 2097 2098 2019 
2126 2019 2098 2099 2020 
2127 2020 2099 2100 2021 
2128 2021 2100 2101 2022 
2129 2022 2101 2102 2023 
2130 2023 2102 2103 2024 
2131 2024 2103 2104 2025 
2132 2025 2104 2105 2026 
2133 2026 2105 2106 2027 
2134 2027 2106 2107 2028 
2135 2028 2107 2108 2029 
2136 2029 2108 2109 2030 
2137 2030 2109 2110 2031 
2138 2031 2110 2111 2032 
2139 2032 2111 2112 2033 
2140 2033 2112 2113 2034 
2141 2034 2113 2114 2035 
2142 2035 2114 2115 2036 
2143 2036 2115 2116 2037 
2144 2037 2116 2117 2038 
2145 2038 2117 2118 2039 
2146 2039 2118 2119 2040 
2147 2040 2119 2120 2041 
2148 2041 2120 2121 2042 
2149 2042 2121 2122 2043 
2150 2043 2122 2123 2044 
2151 2044 2123 2124 2045 
2152 2045 2124 2125 2046 
2153 2046 2125 2126 2047 
2154 2047 2126 2127 2048 
2155 2048 2127 2128 2049 
2156 2049 2128 2129 2050 
2157 2050 2129 2130 2051 
2158 2051 2130 2131 2052 
2159 2052 2131 2132 2053 
2160 2053 2132 2133 2054 
2161 2054 2133 2134 2055 
2162 2055 2134 2135 2056 
2163 2056 2135 2136 2057 
2164 2057 2136 138 139 
2165 28 29 2137 2058 
2166 2058 2137 2138 2059 
2167 2059 2138 2139 2060 
2168 2060 2139 2140 2061 
2169 2061 2140 2141 2062 
2170 2062 2141 2142 2063 
2171 2063 2142 2143 2064 
2172 2064 2143 2144 2065 
2173 2065 2144 2145 2066 
2174 2066 2145 2146 2067 
2175 2067 2146 2147 2068 
2176 2068 2147 2148 2069 
2177 2069 2148 2149 2070 
2178 2070 2149 2150 2071 
2179 2071 2150 2151 2072 
2180 2072 2151 2152 2073 
2181 2073 2152 2153 2074 
2182 2074 2153 2154 2075 
2183 2075 2154 2155 2076 
2184 2076 2155 2156 2077 
2185 2077 2156 2157 2078 
2186 2078 2157 2158 2079 
2187 2079 2158 2159 2080 
2188 2080 2159 2160 2081 
2189 2081 2160 2161 2082 
2190 2082 2161 2162 2083 
2191 2083 2162 2163 2084 
2192 2084 2163 2164 2085 
2193 2085 2164 2165 2086 
2194 2086 2165 2166 2087 
2195 2087 2166 2167 2088 
2196 2088 2167 2168 2089 
2197 2089 2168 2169 2090 
2198 2090 2169 2170 2091 
2199 2091 2170 2171 2092 
2200 2092 2171 2172 2093 
2201 2093 2172 2173 2094 
2202 2094 2173 2174 2095 
2203 2095 2174 2175 2096 
2204 2096 2175 2176 2097 
2205 2097 2176 2177 2098 
2206 2098 2177 2178 2099 
2207 2099 2178 2179 2100 
2208 2100 2179 2180 2101 
2209 2101 2180 2181 2102 
2210 2102 2181 2182 2103 
2211 2103 2182 2183 2104 
2212 2104 2183 2184 2105 
2213 2105 2184 2185 2106 
2214 2106 2185 2186 2107 
2215 2107 2186 2187 2108 
2216 2108 2187 2188 2109 
2217 2109 2188 2189 2110 
2218 2110 2189 2190 2111 
2219 2111 2190 2191 2112 
2220 2112 2191 2192 2113 
2221 2113 2192 2193 2114 
2222 2114 2193 2194 2115 
2223 2115 2194 2195 2116 
2224 2116 2195 2196 2117 
2225 2117 2196 2197 2118 
2226 2118 2197 2198 2119 
2227 2119 2198 2199 2120 
2228 2120 2199 2200 2121 
2229 2121 2200 2201 2122 
2230 2122 2201 2202 2123 
2231 2123 2202 2203 2124 
2232 2124 2203 2204 2125 
2233 2125 2204 2205 2126 
2234 2126 2205 2206 2127 
2235 2127 2206 2207 2128 
2236 2128 2207 2208 2129 
2237 2129 2208 2209 2130 
2238 2130 2209 2210 2131 
2239 2131 2210 2211 2132 
2240 2132 2211 2212 2133 
2241 2133 2212 2213 2134 
2242 2134 2213 2214 2135 
2243 2135 2214 2215 2136 
2244 2136 2215 137 138 
2245 29 30 2216 2137 
2246 2137 2216 2217 2138 
2247 2138 2217 2218 2139 
2248 2139 2218 2219 2140 
2249 2140 2219 2220 2141 
2250 2141 2220 2221 2142 
2251 2142 2221 2222 2143 
2252 2143 2222 2223 2144 
2253 2144 2223 2224 2145 
2254 2145 2224 2225 2146 
2255 2146 2225 2226 2147 
2256 2147 2226 2227 2148 
2257 2148 2227 2228 2149 
2258 2149 2228 2229 2150 
2259 2150 2229 2230 2151 
2260 2151 2230 2231 2152 
2261 2152 2231 2232 2153 
2262 2153 2232 2233 2154 
2263 2154 2233 2234 2155 
2264 2155 2234 2235 2156 
2265 2156 2235 2236 2157 
2266 2157 2236 2237 2158 
2267 2158 2237 2238 2159 
2268 2159 2238 2239 2160 
2269 2160 2239 2240 2161 
2270 2161 2240 2241 2162 
2271 2162 2241 2242 2163 
2272 2163 2242 2243 2164 
2273 2164 2243 2244 2165 
2274 2165 2244 2245 2166 
2275 2166 2245 2246 2167 
2276 2167 2246 2247 2168 
2277 2168 2247 2248 2169 
2278 2169 2248 2249 2170 
2279 2170 2249 2250 2171 
2280 2171 2250 2251 2172 
2281 2172 2251 2252 2173 
2282 2173 2252 2253 2174 
2283 2174 2253 2254 2175 
2284 2175 2254 2255 2176 
2285 2176 2255 2256 2177 
2286 2177 2256 2257 2178 
2287 2178 2257 2258 2179 
2288 2179 2258 2259 2180 
2289 2180 2259 2260 2181 
2290 2181 2260 2261 2182 
2291 2182 2261 2262 2183 
2292 2183 2262 2263 2184 
2293 2184 2263 2264 2185 
2294 2185 2264 2265 2186 
2295 2186 2265 2266 2187 
2296 2187 2266 2267 2188 
2297 2188 2267 2268 2189 
2298 2189 2268 2269 2190 
2299 2190 2269 2270 2191 
2300 2191 2270 2271 2192 
2301 2192 2271 2272 2193 
2302 2193 2272 2273 2194 
2303 2194 2273 2274 2195 
2304 2195 2274 2275 2196 
2305 2196 2275 2276 2197 
2306 2197 2276 2277 2198 
2307 2198 2277 2278 2199 
2308 2199 2278 2279 2200 
2309 2200 2279 2280 2201 
2310 2201 2280 2281 2202 
2311 2202 2281 2282 2203 
2312 2203 2282 2283 2204 
2313 2204 2283 2284 2205 
2314 2205 2284 2285 2206 
2315 2206 2285 2286 2207 
2316 2207 2286 2287 2208 
2317 2208 2287 2288 2209 
2318 2209 2288 2289 2210 
2319 2210 2289 2290 2211 
2320 2211 2290 2291 2212 
2321 2212 2291 2292 2213 
2322 2213 2292 2293 2214 
2323 2214 2293 2294 2215 
2324 2215 2294 136 137 
2325 30 31 2295 2216 
2326 2216 2295 2296 2217 
2327 2217 2296 2297 2218 
2328 2218 2297 2298 2219 
2329 2219 2298 2299 2220 
2330 2220 2299 2300 2221 
2331 2221 2300 2301 2222 
2332 2222 2301 2302 2223 
2333 2223 2302 2303 2224 
2334 2224 2303 2304 2225 
2335 2225 2304 2305 2226 
2336 2226 2305 2306 2227 
2337 2227 2306 2307 2228 
2338 2228 2307 2308 2229 
2339 2229 2308 2309 2230 
2340 2230 2309 2310 2231 
2341 2231 2310 2311 2232 
2342 2232 2311 2312 2233 
2343 2233 2312 2313 2234 
2344 2234 2313 2314 2235 
2345 2235 2314 2315 2236 
2346 2236 2315 2316 2237 
2347 2237 2316 2317 2238 
2348 2238 2317 2318 2239 
2349 2239 2318 2319 2240 
2350 2240 2319 2320 2241 
2351 2241 2320 2321 2242 
2352 2242 2321 2322 2243 
2353 2243 2322 2323 2244 
2354 2244 2323 2324 2245 
2355 2245 2324 2325 2246 
2356 2246 2325 2326 2247 
2357 2247 2326 2327 2248 
2358 2248 2327 2328 2249 
2359 2249 2328 2329 2250 
2360 2250 2329 2330 2251 
2361 2251 2330 2331 2252 
2362 2252 2331 2332 2253 
2363 2253 2332 2333 2254 
2364 2254 2333 2334 2255 
2365 2255 2334 2335 2256 
2366 2256 2335 2336 2257 
2367 2257 2336 2337 2258 
2368 2258 2337 2338 2259 
2369 2259 2338 2339 2260 
2370 2260 2339 2340 2261 
2371 2261 2340 2341 2262 
2372 2262 2341 2342 2263 
2373 2263 2342 2343 2264 
2374 2264 2343 2344 2265 
2375 2265 2344 2345 2266 
2376 2266 2345 2346 2267 
2377 2267 2346 2347 2268 
2378 2268 2347 2348 2269 
2379 2269 2348 2349 2270 
2380 2270 2349 2350 2271 
2381 2271 2350 2351 2272 
2382 2272 2351 2352 2273 
2383 2273 2352 2353 2274 
2384 2274 2353 2354 2275 
2385 2275 2354 2355 2276 
2386 2276 2355 2356 2277 
2387 2277 2356 2357 2278 
2388 2278 2357 2358 2279 
2389 2279 2358 2359 2280 
2390 2280 2359 2360 2281 
2391 2281 2360 2361 2282 
2392 2282 2361 2362 2283 
2393 2283 2362 2363 2284 
2394 2284 2363 2364 2285 
2395 2285 2364 2365 2286 
2396 2286 2365 2366 2287 
2397 2287 2366 2367 2288 
2398 2288 2367 2368 2289 
2399 2289 2368 2369 2290 
2400 2290 2369 2370 2291 
2401 2291 2370 2371 2292 
2402 2292 2371 2372 2293 
2403 2293 2372 2373 2294 
2404 2294 2373 135 136 
2405 31 32 2374 2295 
2406 2295 2374 2375 2296 
2407 2296 2375 2376 2297 
2408 2297 2376 2377 2298 
2409 2298 2377 2378 2299 
2410 2299 2378 2379 2300 
2411 2300 2379 2380 2301 
2412 2301 2380 2381 2302 
2413 2302 2381 2382 2303 
2414 2303 2382 2383 2304 
2415 2304 2383 2384 2305 
2416 2305 2384 2385 2306 
2417 2306 2385 2386 2307 
2418 2307 2386 2387 2308 
2419 2308 2387 2388 2309 
2420 2309 2388 2389 2310 
2421 2310 2389 2390 2311 
2422 2311 2390 2391 2312 
2423 2312 2391 2392 2313 
2424 2313 2392 2393 2314 
2425 2314 2393 2394 2315 
2426 2315 2394 2395 2316 
2427 2316 2395 2396 2317 
2428 2317 2396 2397 2318 
2429 2318 2397 2398 2319 
2430 2319 2398 2399 2320 
2431 2320 2399 2400 2321 
2432 2321 2400 2401 2322 
2433 2322 2401 2402 2323 
2434 2323 2402 2403 2324 
2435 2324 2403 2404 2325 
2436 2325 2404 2405 2326 
2437 2326 2405 2406 2327 
2438 2327 2406 2407 2328 
2439 2328 2407 2408 2329 
2440 2329 2408 2409 2330 
2441 2330 2409 2410 2331 
2442 2331 2410 2411 2332 
2443 2332 2411 2412 2333 
2444 2333 2412 2413 2334 
2445 2334 2413 2414 2335 
2446 2335 2414 2415 2336 
2447 2336 2415 2416 2337 
2448 2337 2416 2417 2338 
2449 2338 2417 2418 2339 
2450 2339 2418 2419 2340 
2451 2340 2419 2420 2341 
2452 2341 2420 2421 2342 
2453 2342 2421 2422 2343 
2454 2343 2422 2423 2344 
2455 2344 2423 2424 2345 
2456 2345 2424 2425 2346 
2457 2346 2425 2426 2347 
2458 2347 2426 2427 2348 
2459 2348 2427 2428 2349 
2460 2349 2428 2429 2350 
2461 2350 2429 2430 2351 
2462 2351 2430 2431 2352 
2463 2352 2431 2432 2353 
2464 2353 2432 2433 2354 
2465 2354 2433 2434 2355 
2466 2355 2434 2435 2356 
2467 2356 2435 2436 2357 
2468 2357 2436 2437 2358 
2469 2358 2437 2438 2359 
2470 2359 2438 2439 2360 
2471 2360 2439 2440 2361 
2472 2361 2440 2441 2362 
2473 2362 2441 2442 2363 
2474 2363 2442 2443 2364 
2475 2364 2443 2444 2365 
2476 2365 2444 2445 2366 
2477 2366 2445 2446 2367 
2478 2367 2446 2447 2368 
2479 2368 2447 2448 2369 
2480 2369 2448 2449 2370 
2481 2370 2449 2450 2371 
2482 2371 2450 2451 2372 
2483 2372 2451 2452 2373 
2484 2373 2452 134 135 
2485 32 33 2453 2374 
2486 2374 2453 2454 2375 
2487 2375 2454 2455 2376 
2488 2376 2455 2456 2377 
2489 2377 2456 2457 2378 
2490 2378 2457 2458 2379 
2491 2379 2458 2459 2380 
2492 2380 2459 2460 2381 
2493 2381 2460 2461 2382 
2494 2382 2461 2462 2383 
2495 2383 2462 2463 2384 
2496 2384 2463 2464 2385 
2497 2385 2464 2465 2386 
2498 2386 2465 2466 2387 
2499 2387 2466 2467 2388 
2500 2388 2467 2468 2389 
2501 2389 2468 2469 2390 
2502 2390 2469 2470 2391 
2503 2391 2470 2471 2392 
2504 2392 2471 2472 2393 
2505 2393 2472 2473 2394 
2506 2394 2473 2474 2395 
2507 2395 2474 2475 2396 
2508 2396 2475 2476 2397 
2509 2397 2476 2477 2398 
2510 2398 2477 2478 2399 
2511 2399 2478 2479 2400 
2512 2400 2479 2480 2401 
2513 2401 2480 2481 2402 
2514 2402 2481 2482 2403 
2515 2403 2482 2483 2404 
2516 2404 2483 2484 2405 
2517 2405 2484 2485 2406 
2518 2406 2485 2486 2407 
2519 2407 2486 2487 2408 
2520 2408 2487 2488 2409 
2521 2409 2488 2489 2410 
2522 2410 2489 2490 2411 
2523 2411 2490 2491 2412 
2524 2412 2491 2492 2413 
2525 2413 2492 2493 2414 
2526 2414 2493 2494 2415 
2527 2415 2494 2495 2416 
2528 2416 2495 2496 2417 
2529 2417 2496 2497 2418 
2530 2418 2497 2498 2419 
2531 2419 2498 2499 2420 
2532 2420 2499 2500 2421 
2533 2421 2500 2501 2422 
2534 2422 2501 2502 2423 
2535 2423 2502 2503 2424 
2536 2424 2503 2504 2425 
2537 2425 2504 2505 2426 
2538 2426 2505 2506 2427 
2539 2427 2506 2507 2428 
2540 2428 2507 2508 2429 
2541 2429 2508 2509 2430 
2542 2430 2509 2510 2431 
2543 2431 2510 2511 2432 
2544 2432 2511 2512 2433 
2545 2433 2512 2513 2434 
2546 2434 2513 2514 2435 
2547 2435 2514 2515 2436 
2548 2436 2515 2516 2437 
2549 2437 2516 2517 2438 
2550 2438 2517 2518 2439 
2551 2439 2518 2519 2440 
2552 2440 2519 2520 2441 
2553 2441 2520 2521 2442 
2554 2442 2521 2522 2443 
2555 2443 2522 2523 2444 
2556 2444 2523 2524 2445 
2557 2445 2524 2525 2446 
2558 2446 2525 2526 2447 
2559 2447 2526 2527 2448 
2560 2448 2527 2528 2449 
2561 2449 2528 2529 2450 
2562 2450 2529 2530 2451 
2563 2451 2530 2531 2452 
2564 2452 2531 133 134 
2565 33 34 2532 2453 
2566 2453 2532 2533 2454 
2567 2454 2533 2534 2455 
2568 2455 2534 2535 2456 
2569 2456 2535 2536 2457 
2570 2457 2536 2537 2458 
2571 2458 2537 2538 2459 
2572 2459 2538 2539 2460 
2573 2460 2539 2540 2461 
2574 2461 2540 2541 2462 
2575 2462 2541 2542 2463 
2576 2463 2542 2543 2464 
2577 2464 2543 2544 2465 
2578 2465 2544 2545 2466 
2579 2466 2545 2546 2467 
2580 2467 2546 2547 2468 
2581 2468 2547 2548 2469 
2582 2469 2548 2549 2470 
2583 2470 2549 2550 2471 
2584 2471 2550 2551 2472 
2585 2472 2551 2552 2473 
2586 2473 2552 2553 2474 
2587 2474 2553 2554 2475 
2588 2475 2554 2555 2476 
2589 2476 2555 2556 2477 
2590 2477 2556 2557 2478 
2591 2478 2557 2558 2479 
2592 2479 2558 2559 2480 
2593 2480 2559 2560 2481 
2594 2481 2560 2561 2482 
2595 2482 2561 2562 2483 
2596 2483 2562 2563 2484 
2597 2484 2563 2564 2485 
2598 2485 2564 2565 2486 
2599 2486 2565 2566 2487 
2600 2487 2566 2567 2488 
2601 2488 2567 2568 2489 
2602 2489 2568 2569 2490 
2603 2490 2569 2570 2491 
2604 2491 2570 2571 2492 
2605 2492 2571 2572 2493 
2606 2493 2572 2573 2494 
2607 2494 2573 2574 2495 
2608 2495 2574 2575 2496 
2609 2496 2575 2576 2497 
2610 2497 2576 2577 2498 
2611 2498 2577 2578 2499 
2612 2499 2578 2579 2500 
2613 2500 2579 2580 2501 
2614 2501 2580 2581 2502 
2615 2502 2581 2582 2503 
2616 2503 2582 2583 2504 
2617 2504 2583 2584 2505 
2618 2505 2584 2585 2506 
2619 2506 2585 2586 2507 
2620 2507 2586 2587 2508 
2621 2508 2587 2588 2509 
2622 2509 2588 2589 2510 
2623 2510 2589 2590 2511 
2624 2511 2590 2591 2512 
2625 2512 2591 2592 2513 
2626 2513 2592 2593 2514 
2627 2514 2593 2594 2515 
2628 2515 2594 2595 2516 
2629 2516 2595 2596 2517 
2630 2517 2596 2597 2518 
2631 2518 2597 2598 2519 
2632 2519 2598 2599 2520 
2633 2520 2599 2600 2521 
2634 2521 2600 2601 2522 
2635 2522 2601 2602 2523 
2636 2523 2602 2603 2524 
2637 2524 2603 2604 2525 
2638 2525 2604 2605 2526 
2639 2526 2605 2606 2527 
2640 2527 2606 2607 2528 
2641 2528 2607 2608 2529 
2642 2529 2608 2609 2530 
2643 2530 2609 2610 2531 
2644 2531 2610 132 133 
2645 34 35 2611 2532 
2646 2532 2611 2612 2533 
2647 2533 2612 2613 2534 
2648 2534 2613 2614 2535 
2649 2535 2614 2615 2536 
2650 2536 2615 2616 2537 
2651 2537 2616 2617 2538 
2652 2538 2617 2618 2539 
2653 2539 2618 2619 2540 
2654 2540 2619 2620 2541 
2655 2541 2620 2621 2542 
2656 2542 2621 2622 2543 
2657 2543 2622 2623 2544 
2658 2544 2623 2624 2545 
2659 2545 2624 2625 2546 
2660 2546 2625 2626 2547 
2661 2547 2626 2627 2548 
2662 2548 2627 2628 2549 
2663 2549 2628 2629 2550 
2664 2550 2629 2630 2551 
2665 2551 2630 2631 2552 
2666 2552 2631 2632 2553 
2667 2553 2632 2633 2554 
2668 2554 2633 2634 2555 
2669 2555 2634 2635 2556 
2670 2556 2635 2636 2557 
2671 2557 2636 2637 2558 
2672 2558 2637 2638 2559 
2673 2559 2638 2639 2560 
2674 2560 2639 2640 2561 
2675 2561 2640 2641 2562 
2676 2562 2641 2642 2563 
2677 2563 2642 2643 2564 
2678 2564 2643 2644 2565 
2679 2565 2644 2645 2566 
2680 2566 2645 2646 2567 
2681 2567 2646 2647 2568 
2682 2568 2647 2648 2569 
2683 2569 2648 2649 2570 
2684 2570 2649 2650 2571 
2685 2571 2650 2651 2572 
2686 2572 2651 2652 2573 
2687 2573 2652 2653 2574 
2688 2574 2653 2654 2575 
2689 2575 2654 2655 2576 
2690 2576 2655 2656 2577 
2691 2577 2656 2657 2578 
2692 2578 2657 2658 2579 
2693 2579 2658 2659 2580 
2694 2580 2659 2660 2581 
2695 2581 2660 2661 2582 
2696 2582 2661 2662 2583 
2697 2583 2662 2663 2584 
2698 2584 2663 2664 2585 
2699 2585 2664 2665 2586 
2700 2586 2665 2666 2587 
2701 2587 2666 2667 2588 
2702 2588 2667 2668 2589 
2703 2589 2668 2669 2590 
2704 2590 2669 2670 2591 
2705 2591 2670 2671 2592 
2706 2592 2671 2672 2593 
2707 2593 2672 2673 2594 
2708 2594 2673 2674 2595 
2709 2595 2674 2675 2596 
2710 2596 2675 2676 2597 
2711 2597 2676 2677 2598 
2712 2598 2677 2678 2599 
2713 2599 2678 2679 2600 
2714 2600 2679 2680 2601 
2715 2601 2680 2681 2602 
2716 2602 2681 2682 2603 
2717 2603 2682 2683 2604 
2718 2604 2683 2684 2605 
2719 2605 2684 2685 2606 
2720 2606 2685 2686 2607 
2721 2607 2686 2687 2608 
2722 2608 2687 2688 2609 
2723 2609 2688 2689 2610 
2724 2610 2689 131 132 
2725 35 36 2690 2611 
2726 2611 2690 2691 2612 
2727 2612 2691 2692 2613 
2728 2613 2692 2693 2614 
2729 2614 2693 2694 2615 
2730 2615 2694 2695 2616 
2731 2616 2695 2696 2617 
2732 2617 2696 2697 2618 
2733 2618 2697 2698 2619 
2734 2619 2698 2699 2620 
2735 2620 2699 2700 2621 
2736 2621 2700 2701 2622 
2737 2622 2701 2702 2623 
2738 2623 2702 2703 2624 
2739 2624 2703 2704 2625 
2740 2625 2704 2705 2626 
2741 2626 2705 2706 2627 
2742 2627 2706 2707 2628 
2743 2628 2707 2708 2629 
2744 2629 2708 2709 2630 
2745 2630 2709 2710 2631 
2746 2631 2710 2711 2632 
2747 2632 2711 2712 2633 
2748 2633 2712 2713 2634 
2749 2634 2713 2714 2635 
2750 2635 2714 2715 2636 
2751 2636 2715 2716 2637 
2752 2637 2716 2717 2638 
2753 2638 2717 2718 2639 
2754 2639 2718 2719 2640 
2755 2640 2719 2720 2641 
2756 2641 2720 2721 2642 
2757 2642 2721 2722 2643 
2758 2643 2722 2723 2644 
2759 2644 2723 2724 2645 
2760 2645 2724 2725 2646 
2761 2646 2725 2726 2647 
2762 2647 2726 2727 2648 
2763 2648 2727 2728 2649 
2764 2649 2728 2729 2650 
2765 2650 2729 2730 2651 
2766 2651 2730 2731 2652 
2767 2652 2731 2732 2653 
2768 2653 2732 2733 2654 
2769 2654 2733 2734 2655 
2770 2655 2734 2735 2656 
2771 2656 2735 2736 2657 
2772 2657 2736 2737 2658 
2773 2658 2737 2738 2659 
2774 2659 2738 2739 2660 
2775 2660 2739 2740 2661 
2776 2661 2740 2741 2662 
2777 2662 2741 2742 2663 
2778 2663 2742 2743 2664 
2779 2664 2743 2744 2665 
2780 2665 2744 2745 2666 
2781 2666 2745 2746 2667 
2782 2667 2746 2747 2668 
2783 2668 2747 2748 2669 
2784 2669 2748 2749 2670 
2785 2670 2749 2750 2671 
2786 2671 2750 2751 2672 
2787 2672 2751 2752 2673 
2788 2673 2752 2753 2674 
2789 2674 2753 2754 2675 
2790 2675 2754 2755 2676 
2791 2676 2755 2756 2677 
2792 2677 2756 2757 2678 
2793 2678 2757 2758 2679 
2794 2679 2758 2759 2680 
2795 2680 2759 2760 2681 
2796 2681 2760 2761 2682 
2797 2682 2761 2762 2683 
2798 2683 2762 2763 2684 
2799 2684 2763 2764 2685 
2800 2685 2764 2765 2686 
2801 2686 2765 2766 2687 
2802 2687 2766 2767 2688 
2803 2688 2767 2768 2689 
2804 2689 2768 130 131 
2805 36 37 2769 2690 
2806 2690 2769 2770 2691 
2807 2691 2770 2771 2692 
2808 2692 2771 2772 2693 
2809 2693 2772 2773 2694 
2810 2694 2773 2774 2695 
2811 2695 2774 2775 2696 
2812 2696 2775 2776 2697 
2813 2697 2776 2777 2698 
2814 2698 2777 2778 2699 
2815 2699 2778 2779 2700 
2816 2700 2779 2780 2701 
2817 2701 2780 2781 2702 
2818 2702 2781 2782 2703 
2819 2703 2782 2783 2704 
2820 2704 2783 2784 2705 
2821 2705 2784 2785 2706 
2822 2706 2785 2786 2707 
2823 2707 2786 2787 2708 
2824 2708 2787 2788 2709 
2825 2709 2788 2789 2710 
2826 2710 2789 2790 2711 
2827 2711 2790 2791 2712 
2828 2712 2791 2792 2713 
2829 2713 2792 2793 2714 
2830 2714 2793 2794 2715 
2831 2715 2794 2795 2716 
2832 2716 2795 2796 2717 
2833 2717 2796 2797 2718 
2834 2718 2797 2798 2719 
2835 2719 2798 2799 2720 
2836 2720 2799 2800 2721 
2837 2721 2800 2801 2722 
2838 2722 2801 2802 2723 
2839 2723 2802 2803 2724 
2840 2724 2803 2804 2725 
2841 2725 2804 2805 2726 
2842 2726 2805 2806 2727 
2843 2727 2806 2807 2728 
2844 2728 2807 2808 2729 
2845 2729 2808 2809 2730 
2846 2730 2809 2810 2731 
2847 2731 2810 2811 2732 
2848 2732 2811 2812 2733 
2849 2733 2812 2813 2734 
2850 2734 2813 2814 2735 
2851 2735 2814 2815 2736 
2852 2736 2815 2816 2737 
2853 2737 2816 2817 2738 
2854 2738 2817 2818 2739 
2855 2739 2818 2819 2740 
2856 2740 2819 2820 2741 
2857 2741 2820 2821 2742 
2858 2742 2821 2822 2743 
2859 2743 2822 2823 2744 
2860 2744 2823 2824 2745 
2861 2745 2824 2825 2746 
2862 2746 2825 2826 2747 
2863 2747 2826 2827 2748 
2864 2748 2827 2828 2749 
2865 2749 2828 2829 2750 
2866 2750 2829 2830 2751 
2867 2751 2830 2831 2752 
2868 2752 2831 2832 2753 
2869 2753 2832 2833 2754 
2870 2754 2833 2834 2755 
2871 2755 2834 2835 2756 
2872 2756 2835 2836 2757 
2873 2757 2836 2837 2758 
2874 2758 2837 2838 2759 
2875 2759 2838 2839 2760 
2876 2760 2839 2840 2761 
2877 2761 2840 2841 2762 
2878 2762 2841 2842 2763 
2879 2763 2842 2843 2764 
2880 2764 2843 2844 2765 
2881 2765 2844 2845 2766 
2882 2766 2845 2846 2767 
2883 2767 2846 2847 2768 
2884 2768 2847 129 130 
2885 37 38 2848 2769 
2886 2769 2848 2849 2770 
2887 2770 2849 2850 2771 
2888 2771 2850 2851 2772 
2889 2772 2851 2852 2773 
2890 2773 2852 2853 2774 
2891 2774 2853 2854 2775 
2892 2775 2854 2855 2776 
2893 2776 2855 2856 2777 
2894 2777 2856 2857 2778 
2895 2778 2857 2858 2779 
2896 2779 2858 2859 2780 
2897 2780 2859 2860 2781 
2898 2781 2860 2861 2782 
2899 2782 2861 2862 2783 
2900 2783 2862 2863 2784 
2901 2784 2863 2864 2785 
2902 2785 2864 2865 2786 
2903 2786 2865 2866 2787 
2904 2787 2866 2867 2788 
2905 2788 2867 2868 2789 
2906 2789 2868 2869 2790 
2907 2790 2869 2870 2791 
2908 2791 2870 2871 2792 
2909 2792 2871 2872 2793 
2910 2793 2872 2873 2794 
2911 2794 2873 2874 2795 
2912 2795 2874 2875 2796 
2913 2796 2875 2876 2797 
2914 2797 2876 2877 2798 
2915 2798 2877 2878 2799 
2916 2799 2878 2879 2800 
2917 2800 2879 2880 2801 
2918 2801 2880 2881 2802 
2919 2802 2881 2882 2803 
2920 2803 2882 2883 2804 
2921 2804 2883 2884 2805 
2922 2805 2884 2885 2806 
2923 2806 2885 2886 2807 
2924 2807 2886 2887 2808 
2925 2808 2887 2888 2809 
2926 2809 2888 2889 2810 
2927 2810 2889 2890 2811 
2928 2811 2890 2891 2812 
2929 2812 2891 2892 2813 
2930 2813 2892 2893 2814 
2931 2814 2893 2894 2815 
2932 2815 2894 2895 2816 
2933 2816 2895 2896 2817 
2934 2817 2896 2897 2818 
2935 2818 2897 2898 2819 
2936 2819 2898 2899 2820 
2937 2820 2899 2900 2821 
2938 2821 2900 2901 2822 
2939 2822 2901 2902 2823 
2940 2823 2902 2903 2824 
2941 2824 2903 2904 2825 
2942 2825 2904 2905 2826 
2943 2826 2905 2906 2827 
2944 2827 2906 2907 2828 
2945 2828 2907 2908 2829 
2946 2829 2908 2909 2830 
2947 2830 2909 2910 2831 
2948 2831 2910 2911 2832 
2949 2832 2911 2912 2833 
2950 2833 2912 2913 2834 
2951 2834 2913 2914 2835 
2952 2835 2914 2915 2836 
2953 2836 2915 2916 2837 
2954 2837 2916 2917 2838 
2955 2838 2917 2918 2839 
2956 2839 2918 2919 2840 
2957 2840 2919 2920 2841 
2958 2841 2920 2921 2842 
2959 2842 2921 2922 2843 
2960 2843 2922 2923 2844 
2961 2844 2923 2924 2845 
2962 2845 2924 2925 2846 
2963 2846 2925 2926 2847 
2964 2847 2926 128 129 
2965 38 39 2927 2848 
2966 2848 2927 2928 2849 
2967 2849 2928 2929 2850 
2968 2850 2929 2930 2851 
2969 2851 2930 2931 2852 
2970 2852 2931 2932 2853 
2971 2853 2932 2933 2854 
2972 2854 2933 2934 2855 
2973 2855 2934 2935 2856 
2974 2856 2935 2936 2857 
2975 2857 2936 2937 2858 
2976 2858 2937 2938 2859 
2977 2859 2938 2939 2860 
2978 2860 2939 2940 2861 
2979 2861 2940 2941 2862 
2980 2862 2941 2942 2863 
2981 2863 2942 2943 2864 
2982 2864 2943 2944 2865 
2983 2865 2944 2945 2866 
2984 2866 2945 2946 2867 
2985 2867 2946 2947 2868 
2986 2868 2947 2948 2869 
2987 2869 2948 2949 2870 
2988 2870 2949 2950 2871 
2989 2871 2950 2951 2872 
2990 2872 2951 2952 2873 
2991 2873 2952 2953 2874 
2992 2874 2953 2954 2875 
2993 2875 2954 2955 2876 
2994 2876 2955 2956 2877 
2995 2877 2956 2957 2878 
2996 2878 2957 2958 2879 
2997 2879 2958 2959 2880 
2998 2880 2959 2960 2881 
2999 2881 2960 2961 2882 
3000 2882 2961 2962 2883 
3001 2883 2962 2963 2884 
3002 2884 2963 2964 2885 
3003 2885 2964 2965 2886 
3004 2886 2965 2966 2887 
3005 2887 2966 2967 2888 
3006 2888 2967 2968 2889 
3007 2889 2968 2969 2890 
3008 2890 2969 2970 2891 
3009 2891 2970 2971 2892 
3010 2892 2971 2972 2893 
3011 2893 2972 2973 2894 
3012 2894 2973 2974 2895 
3013 2895 2974 2975 2896 
3014 2896 2975 2976 2897 
3015 2897 2976 2977 2898 
3016 2898 2977 2978 2899 
3017 2899 2978 2979 2900 
3018 2900 2979 2980 2901 
3019 2901 2980 2981 2902 
3020 2902 2981 2982 2903 
3021 2903 2982 2983 2904 
3022 2904 2983 2984 2905 
3023 2905 2984 2985 2906 
3024 2906 2985 2986 2907 
3025 2907 2986 2987 2908 
3026 2908 2987 2988 2909 
3027 2909 2988 2989 2910 
3028 2910 2989 2990 2911 
3029 2911 2990 2991 2912 
3030 2912 2991 2992 2913 
3031 2913 2992 2993 2914 
3032 2914 2993 2994 2915 
3033 2915 2994 2995 2916 
3034 2916 2995 2996 2917 
3035 2917 2996 2997 2918 
3036 2918 2997 2998 2919 
3037 2919 2998 2999 2920 
3038 2920 2999 3000 2921 
3039 2921 3000 3001 2922 
3040 2922 3001 3002 2923 
3041 2923 3002 3003 2924 
3042 2924 3003 3004 2925 
3043 2925 3004 3005 2926 
3044 2926 3005 127 128 
3045 39 40 3006 2927 
3046 2927 3006 3007 2928 
3047 2928 3007 3008 2929 
3048 2929 3008 3009 2930 
3049 2930 3009 3010 2931 
3050 2931 3010 3011 2932 
3051 2932 3011 3012 2933 
3052 2933 3012 3013 2934 
3053 2934 3013 3014 2935 
3054 2935 3014 3015 2936 
3055 2936 3015 3016 2937 
3056 2937 3016 3017 2938 
3057 2938 3017 3018 2939 
3058 2939 3018 3019 2940 
3059 2940 3019 3020 2941 
3060 2941 3020 3021 2942 
3061 2942 3021 3022 2943 
3062 2943 3022 3023 2944 
3063 2944 3023 3024 2945 
3064 2945 3024 3025 2946 
3065 2946 3025 3026 2947 
3066 2947 3026 3027 2948 
3067 2948 3027 3028 2949 
3068 2949 3028 3029 2950 
3069 2950 3029 3030 2951 
3070 2951 3030 3031 2952 
3071 2952 3031 3032 2953 
3072 2953 3032 3033 2954 
3073 2954 3033 3034 2955 
3074 2955 3034 3035 2956 
3075 2956 3035 3036 2957 
3076 2957 3036 3037 2958 
3077 2958 3037 3038 2959 
3078 2959 3038 3039 2960 
3079 2960 3039 3040 2961 
3080 2961 3040 3041 2962 
3081 2962 3041 3042 2963 
3082 2963 3042 3043 2964 
3083 2964 3043 3044 2965 
3084 2965 3044 3045 2966 
3085 2966 3045 3046 2967 
3086 2967 3046 3047 2968 
3087 2968 3047 3048 2969 
3088 2969 3048 3049 2970 
3089 2970 3049 3050 2971 
3090 2971 3050 3051 2972 
3091 2972 3051 3052 2973 
3092 2973 3052 3053 2974 
3093 2974 3053 3054 2975 
3094 2975 3054 3055 2976 
3095 2976 3055 3056 2977 
3096 2977 3056 3057 2978 
3097 2978 3057 3058 2979 
3098 2979 3058 3059 2980 
3099 2980 3059 3060 2981 
3100 2981 3060 3061 2982 
3101 2982 3061 3062 2983 
3102 2983 3062 3063 2984 
3103 2984 3063 3064 2985 
3104 2985 3064 3065 2986 
3105 2986 3065 3066 2987 
3106 2987 3066 3067 2988 
3107 2988 3067 3068 2989 
3108 2989 3068 3069 2990 
3109 2990 3069 3070 2991 
3110 2991 3070 3071 2992 
3111 2992 3071 3072 2993 
3112 2993 3072 3073 2994 
3113 2994 3073 3074 2995 
3114 2995 3074 3075 2996 
3115 2996 3075 3076 2997 
3116 2997 3076 3077 2998 
3117 2998 3077 3078 2999 
3118 2999 3078 3079 3000 
3119 3000 3079 3080 3001 
3120 3001 3080 3081 3002 
3121 3002 3081 3082 3003 
3122 3003 3082 3083 3004 
3123 3004 3083 3084 3005 
3124 3005 3084 126 127 
3125 40 41 3085 3006 
3126 3006 3085 3086 3007 
3127 3007 3086 3087 3008 
3128 3008 3087 3088 3009 
3129 3009 3088 3089 3010 
3130 3010 3089 3090 3011 
3131 3011 3090 3091 3012 
3132 3012 3091 3092 3013 
3133 3013 3092 3093 3014 
3134 3014 3093 3094 3015 
3135 3015 3094 3095 3016 
3136 3016 3095 3096 3017 
3137 3017 3096 3097 3018 
3138 3018 3097 3098 3019 
3139 3019 3098 3099 3020 
3140 3020 3099 3100 3021 
3141 3021 3100 3101 3022 
3142 3022 3101 3102 3023 
3143 3023 3102 3103 3024 
3144 3024 3103 3104 3025 
3145 3025 3104 3105 3026 
3146 3026 3105 3106 3027 
3147 3027 3106 3107 3028 
3148 3028 3107 3108 3029 
3149 3029 3108 3109 3030 
3150 3030 3109 3110 3031 
3151 3031 3110 3111 3032 
3152 3032 3111 3112 3033 
3153 3033 3112 3113 3034 
3154 3034 3113 3114 3035 
3155 3035 3114 3115 3036 
3156 3036 3115 3116 3037 
3157 3037 3116 3117 3038 
3158 3038 3117 3118 3039 
3159 3039 3118 3119 3040 
3160 3040 3119 3120 3041 
3161 3041 3120 3121 3042 
3162 3042 3121 3122 3043 
3163 3043 3122 3123 3044 
3164 3044 3123 3124 3045 
3165 3045 3124 3125 3046 
3166 3046 3125 3126 3047 
3167 3047 3126 3127 3048 
3168 3048 3127 3128 3049 
3169 3049 3128 3129 3050 
3170 3050 3129 3130 3051 
3171 3051 3130 3131 3052 
3172 3052 3131 3132 3053 
3173 3053 3132 3133 3054 
3174 3054 3133 3134 3055 
3175 3055 3134 3135 3056 
3176 3056 3135 3136 3057 
3177 3057 3136 3137 3058 
3178 3058 3137 3138 3059 
3179 3059 3138 3139 3060 
3180 3060 3139 3140 3061 
3181 3061 3140 3141 3062 
3182 3062 3141 3142 3063 
3183 3063 3142 3143 3064 
3184 3064 3143 3144 3065 
3185 3065 3144 3145 3066 
3186 3066 3145 3146 3067 
3187 3067 3146 3147 3068 
3188 3068 3147 3148 3069 
3189 3069 3148 3149 3070 
3190 3070 3149 3150 3071 
3191 3071 3150 3151 3072 
3192 3072 3151 3152 3073 
3193 3073 3152 3153 3074 
3194 3074 3153 3154 3075 
3195 3075 3154 3155 3076 
3196 3076 3155 3156 3077 
3197 3077 3156 3157 3078 
3198 3078 3157 3158 3079 
3199 3079 3158 3159 3080 
3200 3080 3159 3160 3081 
3201 3081 3160 3161 3082 
3202 3082 3161 3162 3083 
3203 3083 3162 3163 3084 
3204 3084 3163 125 126 
3205 41 42 3164 3085 
3206 3085 3164 3165 3086 
3207 3086 3165 3166 3087 
3208 3087 3166 3167 3088 
3209 3088 3167 3168 3089 
3210 3089 3168 3169 3090 
3211 3090 3169 3170 3091 
3212 3091 3170 3171 3092 
3213 3092 3171 3172 3093 
3214 3093 3172 3173 3094 
3215 3094 3173 3174 3095 
3216 3095 3174 3175 3096 
3217 3096 3175 3176 3097 
3218 3097 3176 3177 3098 
3219 3098 3177 3178 3099 
3220 3099 3178 3179 3100 
3221 3100 3179 3180 3101 
3222 3101 3180 3181 3102 
3223 3102 3181 3182 3103 
3224 3103 3182 3183 3104 
3225 3104 3183 3184 3105 
3226 3105 3184 3185 3106 
3227 3106 3185 3186 3107 
3228 3107 3186 3187 3108 
3229 3108 3187 3188 3109 
3230 3109 3188 3189 3110 
3231 3110 3189 3190 3111 
3232 3111 3190 3191 3112 
3233 3112 3191 3192 3113 
3234 3113 3192 3193 3114 
3235 3114 3193 3194 3115 
3236 3115 3194 3195 3116 
3237 3116 3195 3196 3117 
3238 3117 3196 3197 3118 
3239 3118 3197 3198 3119 
3240 3119 3198 3199 3120 
3241 3120 3199 3200 3121 
3242 3121 3200 3201 3122 
3243 3122 3201 3202 3123 
3244 3123 3202 3203 3124 
3245 3124 3203 3204 3125 
3246 3125 3204 3205 3126 
3247 3126 3205 3206 3127 
3248 3127 3206 3207 3128 
3249 3128 3207 3208 3129 
3250 3129 3208 3209 3130 
3251 3130 3209 3210 3131 
3252 3131 3210 3211 3132 
3253 3132 3211 3212 3133 
3254 3133 3212 3213 3134 
3255 3134 3213 3214 3135 
3256 3135 3214 3215 3136 
3257 3136 3215 3216 3137 
3258 3137 3216 3217 3138 
3259 3138 3217 3218 3139 
3260 3139 3218 3219 3140 
3261 3140 3219 3220 3141 
3262 3141 3220 3221 3142 
3263 3142 3221 3222 3143 
3264 3143 3222 3223 3144 
3265 3144 3223 3224 3145 
3266 3145 3224 3225 3146 
3267 3146 3225 3226 3147 
3268 3147 3226 3227 3148 
3269 3148 3227 3228 3149 
3270 3149 3228 3229 3150 
3271 3150 3229 3230 3151 
3272 3151 3230 3231 3152 
3273 3152 3231 3232 3153 
3274 3153 3232 3233 3154 
3275 3154 3233 3234 3155 
3276 3155 3234 3235 3156 
3277 3156 3235 3236 3157 
3278 3157 3236 3237 3158 
3279 3158 3237 3238 3159 
3280 3159 3238 3239 3160 
3281 3160 3239 3240 3161 
3282 3161 3240 3241 3162 
3283 3162 3241 3242 3163 
3284 3163 3242 124 125 
3285 42 43 3243 3164 
3286 3164 3243 3244 3165 
3287 3165 3244 3245 3166 
3288 3166 3245 3246 3167 
3289 3167 3246 3247 3168 
3290 3168 3247 3248 3169 
3291 3169 3248 3249 3170 
3292 3170 3249 3250 3171 
3293 3171 3250 3251 3172 
3294 3172 3251 3252 3173 
3295 3173 3252 3253 3174 
3296 3174 3253 3254 3175 
3297 3175 3254 3255 3176 
3298 3176 3255 3256 3177 
3299 3177 3256 3257 3178 
3300 3178 3257 3258 3179 
3301 3179 3258 3259 3180 
3302 3180 3259 3260 3181 
3303 3181 3260 3261 3182 
3304 3182 3261 3262 3183 
3305 3183 3262 3263 3184 
3306 3184 3263 3264 3185 
3307 3185 3264 3265 3186 
3308 3186 3265 3266 3187 
3309 3187 3266 3267 3188 
3310 3188 3267 3268 3189 
3311 3189 3268 3269 3190 
3312 3190 3269 3270 3191 
3313 3191 3270 3271 3192 
3314 3192 3271 3272 3193 
3315 3193 3272 3273 3194 
3316 3194 3273 3274 3195 
3317 3195 3274 3275 3196 
3318 3196 3275 3276 3197 
3319 3197 3276 3277 3198 
3320 3198 3277 3278 3199 
3321 3199 3278 3279 3200 
3322 3200 3279 3280 3201 
3323 3201 3280 3281 3202 
3324 3202 3281 3282 3203 
3325 3203 3282 3283 3204 
3326 3204 3283 3284 3205 
3327 3205 3284 3285 3206 
3328 3206 3285 3286 3207 
3329 3207 3286 3287 3208 
3330 3208 3287 3288 3209 
3331 3209 3288 3289 3210 
3332 3210 3289 3290 3211 
3333 3211 3290 3291 3212 
3334 3212 3291 3292 3213 
3335 3213 3292 3293 3214 
3336 3214 3293 3294 3215 
3337 3215 3294 3295 3216 
3338 3216 3295 3296 3217 
3339 3217 3296 3297 3218 
3340 3218 3297 3298 3219 
3341 3219 3298 3299 3220 
3342 3220 3299 3300 3221 
3343 3221 3300 3301 3222 
3344 3222 3301 3302 3223 
3345 3223 3302 3303 3224 
3346 3224 3303 3304 3225 
3347 3225 3304 3305 3226 
3348 3226 3305 3306 3227 
3349 3227 3306 3307 3228 
3350 3228 3307 3308 3229 
3351 3229 3308 3309 3230 
3352 3230 3309 3310 3231 
3353 3231 3310 3311 3232 
3354 3232 3311 3312 3233 
3355 3233 3312 3313 3234 
3356 3234 3313 3314 3235 
3357 3235 3314 3315 3236 
3358 3236 3315 3316 3237 
3359 3237 3316 3317 3238 
3360 3238 3317 3318 3239 
3361 3239 3318 3319 3240 
3362 3240 3319 3320 3241 
3363 3241 3320 3321 3242 
3364 3242 3321 123 124 
3365 43 2 44 3243 
3366 3243 44 45 3244 
3367 3244 45 46 3245 
3368 3245 46 47 3246 
3369 3246 47 48 3247 
3370 3247 48 49 3248 
3371 3248 49 50 3249 
3372 3249 50 51 3250 
3373 3250 51 52 3251 
3374 3251 52 53 3252 
3375 3252 53 54 3253 
3376 3253 54 55 3254 
3377 3254 55 56 3255 
3378 3255 56 57 3256 
3379 3256 57 58 3257 
3380 3257 58 59 3258 
3381 3258 59 60 3259 
3382 3259 60 61 3260 
3383 3260 61 62 3261 
3384 3261 62 63 3262 
3385 3262 63 64 3263 
3386 3263 64 65 3264 
3387 3264 65 66 3265 
3388 3265 66 67 3266 
3389 3266 67 68 3267 
3390 3267 68 69 3268 
3391 3268 69 70 3269 
3392 3269 70 71 3270 
3393 3270 71 72 3271 
3394 3271 72 73 3272 
3395 3272 73 74 3273 
3396 3273 74 75 3274 
3397 3274 75 76 3275 
3398 3275 76 77 3276 
3399 3276 77 78 3277 
3400 3277 78 79 3278 
3401 3278 79 80 3279 
3402 3279 80 81 3280 
3403 3280 81 82 3281 
3404 3281 82 83 3282 
3405 3282 83 84 3283 
3406 3283 84 85 3284 
3407 3284 85 86 3285 
3408 3285 86 87 3286 
3409 3286 87 88 3287 
3410 3287 88 89 3288 
3411 3288 89 90 3289 
3412 3289 90 91 3290 
3413 3290 91 92 3291 
3414 3291 92 93 3292 
3415 3292 93 94 3293 
3416 3293 94 95 3294 
3417 3294 95 96 3295 
3418 3295 96 97 3296 
3419 3296 97 98 3297 
3420 3297 98 99 3298 
3421 3298 99 100 3299 
3422 3299 100 101 3300 
3423 3300 101 102 3301 
3424 3301 102 103 3302 
3425 3302 103 104 3303 
3426 3303 104 105 3304 
3427 3304 105 106 3305 
3428 3305 106 107 3306 
3429 3306 107 108 3307 
3430 3307 108 109 3308 
3431 3308 109 110 3309 
3432 3309 110 111 3310 
3433 3310 111 112 3311 
3434 3311 112 113 3312 
3435 3312 113 114 3313 
3436 3313 114 115 3314 
3437 3314 115 116 3315 
3438 3315 116 117 3316 
3439 3316 117 118 3317 
3440 3317 118 119 3318 
3441 3318 119 120 3319 
3442 3319 120 121 3320 
3443 3320 121 122 3321 
3444 3321 122 3 123 
$EndElements
