$MeshFormat
4.1 0 8
$EndMeshFormat
$PhysicalNames
5
1 2 "bottom"
1 3 "right"
1 4 "top"
1 5 "left"
2 1 "domain"
$EndPhysicalNames
$Entities
4 4 1 0
1 -0.5 0 0 0 
2 0.5 0 0 0 
3 0.5 1.5 0 0 
4 -0.5 1.5 0 0 
1 -0.5 0 0 0.5 0 0 1 2 2 1 -2 
2 0.5 0 0 0.5 1.5 0 1 3 2 2 -3 
3 -0.5 1.5 0 0.5 1.5 0 1 4 2 3 -4 
4 -0.5 0 0 -0.5 1.5 0 1 5 2 4 -1 
1 -0.5 0 0 0.5 1.5 0 1 1 4 1 2 3 4 
$EndEntities
$Nodes
9 15251 1 15251
0 1 0 1
1
-0.5 0 0
0 2 0 1
2
0.5 0 0
0 3 0 1
3
0.5 1.5 0
0 4 0 1
4
-0.5 1.5 0
1 1 0 99
5
6
7
8
9
10
11
12
13
14
15
16
17
18
19
20
21
22
23
24
25
26
27
28
29
30
31
32
33
34
35
36
37
38
39
40
41
42
43
44
45
46
47
48
49
50
51
52
53
54
55
56
57
58
59
60
61
62
63
64
65
66
67
68
69
70
71
72
73
74
75
76
77
78
79
80
81
82
83
84
85
86
87
88
89
90
91
92
93
94
95
96
97
98
99
100
101
102
103
-0.49 0 0
-0.48 0 0
-0.47 0 0
-0.46 0 0
-0.45 0 0
-0.44 0 0
-0.43 0 0
-0.42 0 0
-0.41000000000000003 0 0
-0.4 0 0
-0.39 0 0
-0.38 0 0
-0.37 0 0
-0.36 0 0
-0.35 0 0
-0.33999999999999997 0 0
-0.32999999999999996 0 0
-0.32 0 0
-0.31 0 0
-0.3 0 0
-0.29000000000000004 0 0
-0.28 0 0
-0.27 0 0
-0.26 0 0
-0.25 0 0
-0.24 0 0
-0.22999999999999998 0 0
-0.21999999999999997 0 0
-0.21000000000000002 0 0
-0.2 0 0
-0.19 0 0
-0.18 0 0
-0.16999999999999998 0 0
-0.15999999999999998 0 0
-0.14999999999999997 0 0
-0.14 0 0
-0.13 0 0
-0.12 0 0
-0.10999999999999999 0 0
-0.09999999999999998 0 0
-0.08999999999999997 0 0
-0.08000000000000002 0 0
-0.07 0 0
-0.06 0 0
-0.04999999999999999 0 0
-0.03999999999999998 0 0
-0.02999999999999997 0 0
-0.020000000000000018 0 0
-0.010000000000000009 0 0
0 0 0
0.010000000000000009 0 0
0.020000000000000018 0 0
0.030000000000000027 0 0
0.040000000000000036 0 0
0.050000000000000044 0 0
0.06000000000000005 0 0
0.07000000000000006 0 0
0.07999999999999996 0 0
0.08999999999999997 0 0
0.09999999999999998 0 0
0.10999999999999999 0 0
0.12 0 0
0.13 0 0
0.14 0 0
0.15000000000000002 0 0
0.16000000000000003 0 0
0.17000000000000004 0 0
0.18000000000000005 0 0
0.19000000000000006 0 0
0.20000000000000007 0 0
0.20999999999999996 0 0
0.21999999999999997 0 0
0.22999999999999998 0 0
0.24 0 0
0.25 0 0
0.26 0 0
0.27 0 0
0.28 0 0
0.29000000000000004 0 0
0.30000000000000004 0 0
0.31000000000000005 0 0
0.32000000000000006 0 0
0.33000000000000007 0 0
0.33999999999999997 0 0
0.35 0 0
0.36 0 0
0.37 0 0
0.38 0 0
0.39 0 0
0.4 0 0
0.41000000000000003 0 0
0.42000000000000004 0 0
0.43000000000000005 0 0
0.44000000000000006 0 0
0.45000000000000007 0 0
0.45999999999999996 0 0
0.47 0 0
0.48 0 0
0.49 0 0
1 2 0 149
104
105
106
107
108
109
110
111
112
113
114
115
116
117
118
119
120
121
122
123
124
125
126
127
128
129
130
131
132
133
134
135
136
137
138
139
140
141
142
143
144
145
146
147
148
149
150
151
152
153
154
155
156
157
158
159
160
161
162
163
164
165
166
167
168
169
170
171
172
173
174
175
176
177
178
179
180
181
182
183
184
185
186
187
188
189
190
191
192
193
194
195
196
197
198
199
200
201
202
203
204
205
206
207
208
209
210
211
212
213
214
215
216
217
218
219
220
221
222
223
224
225
226
227
228
229
230
231
232
233
234
235
236
237
238
239
240
241
242
243
244
245
246
247
248
249
250
251
252
0.5 0.01 0
0.5 0.02 0
0.5 0.03 0
0.5 0.04 0
0.5 0.05 0
0.5 0.06 0
0.5 0.07 0
0.5 0.08 0
0.5 0.09 0
0.5 0.1 0
0.5 0.11 0
0.5 0.12 0
0.5 0.13 0
0.5 0.14 0
0.5 0.15 0
0.5 0.16 0
0.5 0.17 0
0.5 0.18 0
0.5 0.19 0
0.5 0.2 0
0.5 0.21 0
0.5 0.22 0
0.5 0.23 0
0.5 0.24 0
0.5 0.25 0
0.5 0.26 0
0.5 0.27 0
0.5 0.28 0
0.5 0.29 0
0.5 0.3 0
0.5 0.31 0
0.5 0.32 0
0.5 0.33 0
0.5 0.34 0
0.5 0.35000000000000003 0
0.5 0.36 0
0.5 0.37 0
0.5 0.38 0
0.5 0.39 0
0.5 0.4 0
0.5 0.41000000000000003 0
0.5 0.42 0
0.5 0.43 0
0.5 0.44 0
0.5 0.45 0
0.5 0.46 0
0.5 0.47000000000000003 0
0.5 0.48 0
0.5 0.49 0
0.5 0.5 0
0.5 0.51 0
0.5 0.52 0
0.5 0.53 0
0.5 0.54 0
0.5 0.55 0
0.5 0.56 0
0.5 0.5700000000000001 0
0.5 0.58 0
0.5 0.59 0
0.5 0.6 0
0.5 0.61 0
0.5 0.62 0
0.5 0.63 0
0.5 0.64 0
0.5 0.65 0
0.5 0.66 0
0.5 0.67 0
0.5 0.68 0
0.5 0.6900000000000001 0
0.5 0.7000000000000001 0
0.5 0.71 0
0.5 0.72 0
0.5 0.73 0
0.5 0.74 0
0.5 0.75 0
0.5 0.76 0
0.5 0.77 0
0.5 0.78 0
0.5 0.79 0
0.5 0.8 0
0.5 0.81 0
0.5 0.8200000000000001 0
0.5 0.8300000000000001 0
0.5 0.84 0
0.5 0.85 0
0.5 0.86 0
0.5 0.87 0
0.5 0.88 0
0.5 0.89 0
0.5 0.9 0
0.5 0.91 0
0.5 0.92 0
0.5 0.93 0
0.5 0.9400000000000001 0
0.5 0.9500000000000001 0
0.5 0.96 0
0.5 0.97 0
0.5 0.98 0
0.5 0.99 0
0.5 1 0
0.5 1.01 0
0.5 1.02 0
0.5 1.03 0
0.5 1.04 0
0.5 1.05 0
0.5 1.06 0
0.5 1.07 0
0.5 1.08 0
0.5 1.09 0
0.5 1.1 0
0.5 1.11 0
0.5 1.12 0
0.5 1.1300000000000001 0
0.5 1.1400000000000001 0
0.5 1.1500000000000001 0
0.5 1.16 0
0.5 1.17 0
0.5 1.18 0
0.5 1.19 0
0.5 1.2 0
0.5 1.21 0
0.5 1.22 0
0.5 1.23 0
0.5 1.24 0
0.5 1.25 0
0.5 1.26 0
0.5 1.27 0
0.5 1.28 0
0.5 1.29 0
0.5 1.3 0
0.5 1.31 0
0.5 1.32 0
0.5 1.33 0
0.5 1.34 0
0.5 1.35 0
0.5 1.36 0
0.5 1.37 0
0.5 1.3800000000000001 0
0.5 1.3900000000000001 0
0.5 1.4000000000000001 0
0.5 1.41 0
0.5 1.42 0
0.5 1.43 0
0.5 1.44 0
0.5 1.45 0
0.5 1.46 0
0.5 1.47 0
0.5 1.48 0
0.5 1.49 0
1 3 0 99
253
254
255
256
257
258
259
260
261
262
263
264
265
266
267
268
269
270
271
272
273
274
275
276
277
278
279
280
281
282
283
284
285
286
287
288
289
290
291
292
293
294
295
296
297
298
299
300
301
302
303
304
305
306
307
308
309
310
311
312
313
314
315
316
317
318
319
320
321
322
323
324
325
326
327
328
329
330
331
332
333
334
335
336
337
338
339
340
341
342
343
344
345
346
347
348
349
350
351
0.49 1.5 0
0.48 1.5 0
0.47 1.5 0
0.45999999999999996 1.5 0
0.45000000000000007 1.5 0
0.44000000000000006 1.5 0
0.43000000000000005 1.5 0
0.42000000000000004 1.5 0
0.41000000000000003 1.5 0
0.4 1.5 0
0.39 1.5 0
0.38 1.5 0
0.37 1.5 0
0.36 1.5 0
0.35 1.5 0
0.33999999999999997 1.5 0
0.33000000000000007 1.5 0
0.32000000000000006 1.5 0
0.31000000000000005 1.5 0
0.30000000000000004 1.5 0
0.29000000000000004 1.5 0
0.28 1.5 0
0.27 1.5 0
0.26 1.5 0
0.25 1.5 0
0.24 1.5 0
0.22999999999999998 1.5 0
0.21999999999999997 1.5 0
0.20999999999999996 1.5 0
0.20000000000000007 1.5 0
0.19000000000000006 1.5 0
0.18000000000000005 1.5 0
0.17000000000000004 1.5 0
0.16000000000000003 1.5 0
0.15000000000000002 1.5 0
0.14 1.5 0
0.13 1.5 0
0.12 1.5 0
0.10999999999999999 1.5 0
0.09999999999999998 1.5 0
0.08999999999999997 1.5 0
0.07999999999999996 1.5 0
0.07000000000000006 1.5 0
0.06000000000000005 1.5 0
0.050000000000000044 1.5 0
0.040000000000000036 1.5 0
0.030000000000000027 1.5 0
0.020000000000000018 1.5 0
0.010000000000000009 1.5 0
0 1.5 0
-0.010000000000000009 1.5 0
-0.020000000000000018 1.5 0
-0.02999999999999997 1.5 0
-0.03999999999999998 1.5 0
-0.04999999999999999 1.5 0
-0.06 1.5 0
-0.07 1.5 0
-0.08000000000000002 1.5 0
-0.08999999999999997 1.5 0
-0.09999999999999998 1.5 0
-0.10999999999999999 1.5 0
-0.12 1.5 0
-0.13 1.5 0
-0.14 1.5 0
-0.14999999999999997 1.5 0
-0.15999999999999998 1.5 0
-0.16999999999999998 1.5 0
-0.18 1.5 0
-0.19 1.5 0
-0.2 1.5 0
-0.21000000000000002 1.5 0
-0.21999999999999997 1.5 0
-0.22999999999999998 1.5 0
-0.24 1.5 0
-0.25 1.5 0
-0.26 1.5 0
-0.27 1.5 0
-0.28 1.5 0
-0.29000000000000004 1.5 0
-0.3 1.5 0
-0.31 1.5 0
-0.32 1.5 0
-0.32999999999999996 1.5 0
-0.33999999999999997 1.5 0
-0.35 1.5 0
-0.36 1.5 0
-0.37 1.5 0
-0.38 1.5 0
-0.39 1.5 0
-0.4 1.5 0
-0.41000000000000003 1.5 0
-0.42 1.5 0
-0.43 1.5 0
-0.44 1.5 0
-0.45 1.5 0
-0.46 1.5 0
-0.47 1.5 0
-0.48 1.5 0
-0.49 1.5 0
1 4 0 149
352
353
354
355
356
357
358
359
360
361
362
363
364
365
366
367
368
369
370
371
372
373
374
375
376
377
378
379
380
381
382
383
384
385
386
387
388
389
390
391
392
393
394
395
396
397
398
399
400
401
402
403
404
405
406
407
408
409
410
411
412
413
414
415
416
417
418
419
420
421
422
423
424
425
426
427
428
429
430
431
432
433
434
435
436
437
438
439
440
441
442
443
444
445
446
447
448
449
450
451
452
453
454
455
456
457
458
459
460
461
462
463
464
465
466
467
468
469
470
471
472
473
474
475
476
477
478
479
480
481
482
483
484
485
486
487
488
489
490
491
492
493
494
495
496
497
498
499
500
-0.5 1.49 0
-0.5 1.48 0
-0.5 1.47 0
-0.5 1.46 0
-0.5 1.45 0
-0.5 1.44 0
-0.5 1.43 0
-0.5 1.42 0
-0.5 1.41 0
-0.5 1.4000000000000001 0
-0.5 1.3900000000000001 0
-0.5 1.3800000000000001 0
-0.5 1.37 0
-0.5 1.36 0
-0.5 1.35 0
-0.5 1.34 0
-0.5 1.33 0
-0.5 1.32 0
-0.5 1.31 0
-0.5 1.3 0
-0.5 1.29 0
-0.5 1.28 0
-0.5 1.27 0
-0.5 1.26 0
-0.5 1.25 0
-0.5 1.24 0
-0.5 1.23 0
-0.5 1.22 0
-0.5 1.21 0
-0.5 1.2 0
-0.5 1.19 0
-0.5 1.18 0
-0.5 1.17 0
-0.5 1.16 0
-0.5 1.1500000000000001 0
-0.5 1.1400000000000001 0
-0.5 1.1300000000000001 0
-0.5 1.12 0
-0.5 1.11 0
-0.5 1.1 0
-0.5 1.09 0
-0.5 1.08 0
-0.5 1.07 0
-0.5 1.06 0
-0.5 1.05 0
-0.5 1.04 0
-0.5 1.03 0
-0.5 1.02 0
-0.5 1.01 0
-0.5 1 0
-0.5 0.99 0
-0.5 0.98 0
-0.5 0.97 0
-0.5 0.96 0
-0.5 0.9500000000000001 0
-0.5 0.9400000000000001 0
-0.5 0.93 0
-0.5 0.92 0
-0.5 0.91 0
-0.5 0.9 0
-0.5 0.89 0
-0.5 0.88 0
-0.5 0.87 0
-0.5 0.86 0
-0.5 0.85 0
-0.5 0.84 0
-0.5 0.8300000000000001 0
-0.5 0.8200000000000001 0
-0.5 0.81 0
-0.5 0.8 0
-0.5 0.79 0
-0.5 0.78 0
-0.5 0.77 0
-0.5 0.76 0
-0.5 0.75 0
-0.5 0.74 0
-0.5 0.73 0
-0.5 0.72 0
-0.5 0.71 0
-0.5 0.7000000000000001 0
-0.5 0.6900000000000001 0
-0.5 0.68 0
-0.5 0.67 0
-0.5 0.66 0
-0.5 0.65 0
-0.5 0.64 0
-0.5 0.63 0
-0.5 0.62 0
-0.5 0.61 0
-0.5 0.6 0
-0.5 0.59 0
-0.5 0.58 0
-0.5 0.5700000000000001 0
-0.5 0.56 0
-0.5 0.55 0
-0.5 0.54 0
-0.5 0.53 0
-0.5 0.52 0
-0.5 0.51 0
-0.5 0.5 0
-0.5 0.49 0
-0.5 0.48 0
-0.5 0.47000000000000003 0
-0.5 0.46 0
-0.5 0.45 0
-0.5 0.44 0
-0.5 0.43 0
-0.5 0.42 0
-0.5 0.41000000000000003 0
-0.5 0.4 0
-0.5 0.39 0
-0.5 0.38 0
-0.5 0.37 0
-0.5 0.36 0
-0.5 0.35000000000000003 0
-0.5 0.34 0
-0.5 0.33 0
-0.5 0.32 0
-0.5 0.31 0
-0.5 0.3 0
-0.5 0.29 0
-0.5 0.28 0
-0.5 0.27 0
-0.5 0.26 0
-0.5 0.25 0
-0.5 0.24 0
-0.5 0.23 0
-0.5 0.22 0
-0.5 0.21 0
-0.5 0.2 0
-0.5 0.19 0
-0.5 0.18 0
-0.5 0.17 0
-0.5 0.16 0
-0.5 0.15 0
-0.5 0.14 0
-0.5 0.13 0
-0.5 0.12 0
-0.5 0.11 0
-0.5 0.1 0
-0.5 0.09 0
-0.5 0.08 0
-0.5 0.07 0
-0.5 0.06 0
-0.5 0.05 0
-0.5 0.04 0
-0.5 0.03 0
-0.5 0.02 0
-0.5 0.01 0
2 1 0 14751
501
502
503
504
505
506
507
508
509
510
511
512
513
514
515
516
517
518
519
520
521
522
523
524
525
526
527
528
529
530
531
532
533
534
535
536
537
538
539
540
541
542
543
544
545
546
547
548
549
550
551
552
553
554
555
556
557
558
559
560
561
562
563
564
565
566
567
568
569
570
571
572
573
574
575
576
577
578
579
580
581
582
583
584
585
586
587
588
589
590
591
592
593
594
595
596
597
598
599
600
601
602
603
604
605
606
607
608
609
610
611
612
613
614
615
616
617
618
619
620
621
622
623
624
625
626
627
628
629
630
631
632
633
634
635
636
637
638
639
640
641
642
643
644
645
646
647
648
649
650
651
652
653
654
655
656
657
658
659
660
661
662
663
664
665
666
667
668
669
670
671
672
673
674
675
676
677
678
679
680
681
682
683
684
685
686
687
688
689
690
691
692
693
694
695
696
697
698
699
700
701
702
703
704
705
706
707
708
709
710
711
712
713
714
715
716
717
718
719
720
721
722
723
724
725
726
727
728
729
730
731
732
733
734
735
736
737
738
739
740
741
742
743
744
745
746
747
748
749
750
751
752
753
754
755
756
757
758
759
760
761
762
763
764
765
766
767
768
769
770
771
772
773
774
775
776
777
778
779
780
781
782
783
784
785
786
787
788
789
790
791
792
793
794
795
796
797
798
799
800
801
802
803
804
805
806
807
808
809
810
811
812
813
814
815
816
817
818
819
820
821
822
823
824
825
826
827
828
829
830
831
832
833
834
835
836
837
838
839
840
841
842
843
844
845
846
847
848
849
850
851
852
853
854
855
856
857
858
859
860
861
862
863
864
865
866
867
868
869
870
871
872
873
874
875
876
877
878
879
880
881
882
883
884
885
886
887
888
889
890
891
892
893
894
895
896
897
898
899
900
901
902
903
904
905
906
907
908
909
910
911
912
913
914
915
916
917
918
919
920
921
922
923
924
925
926
927
928
929
930
931
932
933
934
935
936
937
938
939
940
941
942
943
944
945
946
947
948
949
950
951
952
953
954
955
956
957
958
959
960
961
962
963
964
965
966
967
968
969
970
971
972
973
974
975
976
977
978
979
980
981
982
983
984
985
986
987
988
989
990
991
992
993
994
995
996
997
998
999
1000
1001
1002
1003
1004
1005
1006
1007
1008
1009
1010
1011
1012
1013
1014
1015
1016
1017
1018
1019
1020
1021
1022
1023
1024
1025
1026
1027
1028
1029
1030
1031
1032
1033
1034
1035
1036
1037
1038
1039
1040
1041
1042
1043
1044
1045
1046
1047
1048
1049
1050
1051
1052
1053
1054
1055
1056
1057
1058
1059
1060
1061
1062
1063
1064
1065
1066
1067
1068
1069
1070
1071
1072
1073
1074
1075
1076
1077
1078
1079
1080
1081
1082
1083
1084
1085
1086
1087
1088
1089
1090
1091
1092
1093
1094
1095
1096
1097
1098
1099
1100
1101
1102
1103
1104
1105
1106
1107
1108
1109
1110
1111
1112
1113
1114
1115
1116
1117
1118
1119
1120
1121
1122
1123
1124
1125
1126
1127
1128
1129
1130
1131
1132
1133
1134
1135
1136
1137
1138
1139
1140
1141
1142
1143
1144
1145
1146
1147
1148
1149
1150
1151
1152
1153
1154
1155
1156
1157
1158
1159
1160
1161
1162
1163
1164
1165
1166
1167
1168
1169
1170
1171
1172
1173
1174
1175
1176
1177
1178
1179
1180
1181
1182
1183
1184
1185
1186
1187
1188
1189
1190
1191
1192
1193
1194
1195
1196
1197
1198
1199
1200
1201
1202
1203
1204
1205
1206
1207
1208
1209
1210
1211
1212
1213
1214
1215
1216
1217
1218
1219
1220
1221
1222
1223
1224
1225
1226
1227
1228
1229
1230
1231
1232
1233
1234
1235
1236
1237
1238
1239
1240
1241
1242
1243
1244
1245
1246
1247
1248
1249
1250
1251
1252
1253
1254
1255
1256
1257
1258
1259
1260
1261
1262
1263
1264
1265
1266
1267
1268
1269
1270
1271
1272
1273
1274
1275
1276
1277
1278
1279
1280
1281
1282
1283
1284
1285
1286
1287
1288
1289
1290
1291
1292
1293
1294
1295
1296
1297
1298
1299
1300
1301
1302
1303
1304
1305
1306
1307
1308
1309
1310
1311
1312
1313
1314
1315
1316
1317
1318
1319
1320
1321
1322
1323
1324
1325
1326
1327
1328
1329
1330
1331
1332
1333
1334
1335
1336
1337
1338
1339
1340
1341
1342
1343
1344
1345
1346
1347
1348
1349
1350
1351
1352
1353
1354
1355
1356
1357
1358
1359
1360
1361
1362
1363
1364
1365
1366
1367
1368
1369
1370
1371
1372
1373
1374
1375
1376
1377
1378
1379
1380
1381
1382
1383
1384
1385
1386
1387
1388
1389
1390
1391
1392
1393
1394
1395
1396
1397
1398
1399
1400
1401
1402
1403
1404
1405
1406
1407
1408
1409
1410
1411
1412
1413
1414
1415
1416
1417
1418
1419
1420
1421
1422
1423
1424
1425
1426
1427
1428
1429
1430
1431
1432
1433
1434
1435
1436
1437
1438
1439
1440
1441
1442
1443
1444
1445
1446
1447
1448
1449
1450
1451
1452
1453
1454
1455
1456
1457
1458
1459
1460
1461
1462
1463
1464
1465
1466
1467
1468
1469
1470
1471
1472
1473
1474
1475
1476
1477
1478
1479
1480
1481
1482
1483
1484
1485
1486
1487
1488
1489
1490
1491
1492
1493
1494
1495
1496
1497
1498
1499
1500
1501
1502
1503
1504
1505
1506
1507
1508
1509
1510
1511
1512
1513
1514
1515
1516
1517
1518
1519
1520
1521
1522
1523
1524
1525
1526
1527
1528
1529
1530
1531
1532
1533
1534
1535
1536
1537
1538
1539
1540
1541
1542
1543
1544
1545
1546
1547
1548
1549
1550
1551
1552
1553
1554
1555
1556
1557
1558
1559
1560
1561
1562
1563
1564
1565
1566
1567
1568
1569
1570
1571
1572
1573
1574
1575
1576
1577
1578
1579
1580
1581
1582
1583
1584
1585
1586
1587
1588
1589
1590
1591
1592
1593
1594
1595
1596
1597
1598
1599
1600
1601
1602
1603
1604
1605
1606
1607
1608
1609
1610
1611
1612
1613
1614
1615
1616
1617
1618
1619
1620
1621
1622
1623
1624
1625
1626
1627
1628
1629
1630
1631
1632
1633
1634
1635
1636
1637
1638
1639
1640
1641
1642
1643
1644
1645
1646
1647
1648
1649
1650
1651
1652
1653
1654
1655
1656
1657
1658
1659
1660
1661
1662
1663
1664
1665
1666
1667
1668
1669
1670
1671
1672
1673
1674
1675
1676
1677
1678
1679
1680
1681
1682
1683
1684
1685
1686
1687
1688
1689
1690
1691
1692
1693
1694
1695
1696
1697
1698
1699
1700
1701
1702
1703
1704
1705
1706
1707
1708
1709
1710
1711
1712
1713
1714
1715
1716
1717
1718
1719
1720
1721
1722
1723
1724
1725
1726
1727
1728
1729
1730
1731
1732
1733
1734
1735
1736
1737
1738
1739
1740
1741
1742
1743
1744
1745
1746
1747
1748
1749
1750
1751
1752
1753
1754
1755
1756
1757
1758
1759
1760
1761
1762
1763
1764
1765
1766
1767
1768
1769
1770
1771
1772
1773
1774
1775
1776
1777
1778
1779
1780
1781
1782
1783
1784
1785
1786
1787
1788
1789
1790
1791
1792
1793
1794
1795
1796
1797
1798
1799
1800
1801
1802
1803
1804
1805
1806
1807
1808
1809
1810
1811
1812
1813
1814
1815
1816
1817
1818
1819
1820
1821
1822
1823
1824
1825
1826
1827
1828
1829
1830
1831
1832
1833
1834
1835
1836
1837
1838
1839
1840
1841
1842
1843
1844
1845
1846
1847
1848
1849
1850
1851
1852
1853
1854
1855
1856
1857
1858
1859
1860
1861
1862
1863
1864
1865
1866
1867
1868
1869
1870
1871
1872
1873
1874
1875
1876
1877
1878
1879
1880
1881
1882
1883
1884
1885
1886
1887
1888
1889
1890
1891
1892
1893
1894
1895
1896
1897
1898
1899
1900
1901
1902
1903
1904
1905
1906
1907
1908
1909
1910
1911
1912
1913
1914
1915
1916
1917
1918
1919
1920
1921
1922
1923
1924
1925
1926
1927
1928
1929
1930
1931
1932
1933
1934
1935
1936
1937
1938
1939
1940
1941
1942
1943
1944
1945
1946
1947
1948
1949
1950
1951
1952
1953
1954
1955
1956
1957
1958
1959
1960
1961
1962
1963
1964
1965
1966
1967
1968
1969
1970
1971
1972
1973
1974
1975
1976
1977
1978
1979
1980
1981
1982
1983
1984
1985
1986
1987
1988
1989
1990
1991
1992
1993
1994
1995
1996
1997
1998
1999
2000
2001
2002
2003
2004
2005
2006
2007
2008
2009
2010
2011
2012
2013
2014
2015
2016
2017
2018
2019
2020
2021
2022
2023
2024
2025
2026
2027
2028
2029
2030
2031
2032
2033
2034
2035
2036
2037
2038
2039
2040
2041
2042
2043
2044
2045
2046
2047
2048
2049
2050
2051
2052
2053
2054
2055
2056
2057
2058
2059
2060
2061
2062
2063
2064
2065
2066
2067
2068
2069
2070
2071
2072
2073
2074
2075
2076
2077
2078
2079
2080
2081
2082
2083
2084
2085
2086
2087
2088
2089
2090
2091
2092
2093
2094
2095
2096
2097
2098
2099
2100
2101
2102
2103
2104
2105
2106
2107
2108
2109
2110
2111
2112
2113
2114
2115
2116
2117
2118
2119
2120
2121
2122
2123
2124
2125
2126
2127
2128
2129
2130
2131
2132
2133
2134
2135
2136
2137
2138
2139
2140
2141
2142
2143
2144
2145
2146
2147
2148
2149
2150
2151
2152
2153
2154
2155
2156
2157
2158
2159
2160
2161
2162
2163
2164
2165
2166
2167
2168
2169
2170
2171
2172
2173
2174
2175
2176
2177
2178
2179
2180
2181
2182
2183
2184
2185
2186
2187
2188
2189
2190
2191
2192
2193
2194
2195
2196
2197
2198
2199
2200
2201
2202
2203
2204
2205
2206
2207
2208
2209
2210
2211
2212
2213
2214
2215
2216
2217
2218
2219
2220
2221
2222
2223
2224
2225
2226
2227
2228
2229
2230
2231
2232
2233
2234
2235
2236
2237
2238
2239
2240
2241
2242
2243
2244
2245
2246
2247
2248
2249
2250
2251
2252
2253
2254
2255
2256
2257
2258
2259
2260
2261
2262
2263
2264
2265
2266
2267
2268
2269
2270
2271
2272
2273
2274
2275
2276
2277
2278
2279
2280
2281
2282
2283
2284
2285
2286
2287
2288
2289
2290
2291
2292
2293
2294
2295
2296
2297
2298
2299
2300
2301
2302
2303
2304
2305
2306
2307
2308
2309
2310
2311
2312
2313
2314
2315
2316
2317
2318
2319
2320
2321
2322
2323
2324
2325
2326
2327
2328
2329
2330
2331
2332
2333
2334
2335
2336
2337
2338
2339
2340
2341
2342
2343
2344
2345
2346
2347
2348
2349
2350
2351
2352
2353
2354
2355
2356
2357
2358
2359
2360
2361
2362
2363
2364
2365
2366
2367
2368
2369
2370
2371
2372
2373
2374
2375
2376
2377
2378
2379
2380
2381
2382
2383
2384
2385
2386
2387
2388
2389
2390
2391
2392
2393
2394
2395
2396
2397
2398
2399
2400
2401
2402
2403
2404
2405
2406
2407
2408
2409
2410
2411
2412
2413
2414
2415
2416
2417
2418
2419
2420
2421
2422
2423
2424
2425
2426
2427
2428
2429
2430
2431
2432
2433
2434
2435
2436
2437
2438
2439
2440
2441
2442
2443
2444
2445
2446
2447
2448
2449
2450
2451
2452
2453
2454
2455
2456
2457
2458
2459
2460
2461
2462
2463
2464
2465
2466
2467
2468
2469
2470
2471
2472
2473
2474
2475
2476
2477
2478
2479
2480
2481
2482
2483
2484
2485
2486
2487
2488
2489
2490
2491
2492
2493
2494
2495
2496
2497
2498
2499
2500
2501
2502
2503
2504
2505
2506
2507
2508
2509
2510
2511
2512
2513
2514
2515
2516
2517
2518
2519
2520
2521
2522
2523
2524
2525
2526
2527
2528
2529
2530
2531
2532
2533
2534
2535
2536
2537
2538
2539
2540
2541
2542
2543
2544
2545
2546
2547
2548
2549
2550
2551
2552
2553
2554
2555
2556
2557
2558
2559
2560
2561
2562
2563
2564
2565
2566
2567
2568
2569
2570
2571
2572
2573
2574
2575
2576
2577
2578
2579
2580
2581
2582
2583
2584
2585
2586
2587
2588
2589
2590
2591
2592
2593
2594
2595
2596
2597
2598
2599
2600
2601
2602
2603
2604
2605
2606
2607
2608
2609
2610
2611
2612
2613
2614
2615
2616
2617
2618
2619
2620
2621
2622
2623
2624
2625
2626
2627
2628
2629
2630
2631
2632
2633
2634
2635
2636
2637
2638
2639
2640
2641
2642
2643
2644
2645
2646
2647
2648
2649
2650
2651
2652
2653
2654
2655
2656
2657
2658
2659
2660
2661
2662
2663
2664
2665
2666
2667
2668
2669
2670
2671
2672
2673
2674
2675
2676
2677
2678
2679
2680
2681
2682
2683
2684
2685
2686
2687
2688
2689
2690
2691
2692
2693
2694
2695
2696
2697
2698
2699
2700
2701
2702
2703
2704
2705
2706
2707
2708
2709
2710
2711
2712
2713
2714
2715
2716
2717
2718
2719
2720
2721
2722
2723
2724
2725
2726
2727
2728
2729
2730
2731
2732
2733
2734
2735
2736
2737
2738
2739
2740
2741
2742
2743
2744
2745
2746
2747
2748
2749
2750
2751
2752
2753
2754
2755
2756
2757
2758
2759
2760
2761
2762
2763
2764
2765
2766
2767
2768
2769
2770
2771
2772
2773
2774
2775
2776
2777
2778
2779
2780
2781
2782
2783
2784
2785
2786
2787
2788
2789
2790
2791
2792
2793
2794
2795
2796
2797
2798
2799
2800
2801
2802
2803
2804
2805
2806
2807
2808
2809
2810
2811
2812
2813
2814
2815
2816
2817
2818
2819
2820
2821
2822
2823
2824
2825
2826
2827
2828
2829
2830
2831
2832
2833
2834
2835
2836
2837
2838
2839
2840
2841
2842
2843
2844
2845
2846
2847
2848
2849
2850
2851
2852
2853
2854
2855
2856
2857
2858
2859
2860
2861
2862
2863
2864
2865
2866
2867
2868
2869
2870
2871
2872
2873
2874
2875
2876
2877
2878
2879
2880
2881
2882
2883
2884
2885
2886
2887
2888
2889
2890
2891
2892
2893
2894
2895
2896
2897
2898
2899
2900
2901
2902
2903
2904
2905
2906
2907
2908
2909
2910
2911
2912
2913
2914
2915
2916
2917
2918
2919
2920
2921
2922
2923
2924
2925
2926
2927
2928
2929
2930
2931
2932
2933
2934
2935
2936
2937
2938
2939
2940
2941
2942
2943
2944
2945
2946
2947
2948
2949
2950
2951
2952
2953
2954
2955
2956
2957
2958
2959
2960
2961
2962
2963
2964
2965
2966
2967
2968
2969
2970
2971
2972
2973
2974
2975
2976
2977
2978
2979
2980
2981
2982
2983
2984
2985
2986
2987
2988
2989
2990
2991
2992
2993
2994
2995
2996
2997
2998
2999
3000
3001
3002
3003
3004
3005
3006
3007
3008
3009
3010
3011
3012
3013
3014
3015
3016
3017
3018
3019
3020
3021
3022
3023
3024
3025
3026
3027
3028
3029
3030
3031
3032
3033
3034
3035
3036
3037
3038
3039
3040
3041
3042
3043
3044
3045
3046
3047
3048
3049
3050
3051
3052
3053
3054
3055
3056
3057
3058
3059
3060
3061
3062
3063
3064
3065
3066
3067
3068
3069
3070
3071
3072
3073
3074
3075
3076
3077
3078
3079
3080
3081
3082
3083
3084
3085
3086
3087
3088
3089
3090
3091
3092
3093
3094
3095
3096
3097
3098
3099
3100
3101
3102
3103
3104
3105
3106
3107
3108
3109
3110
3111
3112
3113
3114
3115
3116
3117
3118
3119
3120
3121
3122
3123
3124
3125
3126
3127
3128
3129
3130
3131
3132
3133
3134
3135
3136
3137
3138
3139
3140
3141
3142
3143
3144
3145
3146
3147
3148
3149
3150
3151
3152
3153
3154
3155
3156
3157
3158
3159
3160
3161
3162
3163
3164
3165
3166
3167
3168
3169
3170
3171
3172
3173
3174
3175
3176
3177
3178
3179
3180
3181
3182
3183
3184
3185
3186
3187
3188
3189
3190
3191
3192
3193
3194
3195
3196
3197
3198
3199
3200
3201
3202
3203
3204
3205
3206
3207
3208
3209
3210
3211
3212
3213
3214
3215
3216
3217
3218
3219
3220
3221
3222
3223
3224
3225
3226
3227
3228
3229
3230
3231
3232
3233
3234
3235
3236
3237
3238
3239
3240
3241
3242
3243
3244
3245
3246
3247
3248
3249
3250
3251
3252
3253
3254
3255
3256
3257
3258
3259
3260
3261
3262
3263
3264
3265
3266
3267
3268
3269
3270
3271
3272
3273
3274
3275
3276
3277
3278
3279
3280
3281
3282
3283
3284
3285
3286
3287
3288
3289
3290
3291
3292
3293
3294
3295
3296
3297
3298
3299
3300
3301
3302
3303
3304
3305
3306
3307
3308
3309
3310
3311
3312
3313
3314
3315
3316
3317
3318
3319
3320
3321
3322
3323
3324
3325
3326
3327
3328
3329
3330
3331
3332
3333
3334
3335
3336
3337
3338
3339
3340
3341
3342
3343
3344
3345
3346
3347
3348
3349
3350
3351
3352
3353
3354
3355
3356
3357
3358
3359
3360
3361
3362
3363
3364
3365
3366
3367
3368
3369
3370
3371
3372
3373
3374
3375
3376
3377
3378
3379
3380
3381
3382
3383
3384
3385
3386
3387
3388
3389
3390
3391
3392
3393
3394
3395
3396
3397
3398
3399
3400
3401
3402
3403
3404
3405
3406
3407
3408
3409
3410
3411
3412
3413
3414
3415
3416
3417
3418
3419
3420
3421
3422
3423
3424
3425
3426
3427
3428
3429
3430
3431
3432
3433
3434
3435
3436
3437
3438
3439
3440
3441
3442
3443
3444
3445
3446
3447
3448
3449
3450
3451
3452
3453
3454
3455
3456
3457
3458
3459
3460
3461
3462
3463
3464
3465
3466
3467
3468
3469
3470
3471
3472
3473
3474
3475
3476
3477
3478
3479
3480
3481
3482
3483
3484
3485
3486
3487
3488
3489
3490
3491
3492
3493
3494
3495
3496
3497
3498
3499
3500
3501
3502
3503
3504
3505
3506
3507
3508
3509
3510
3511
3512
3513
3514
3515
3516
3517
3518
3519
3520
3521
3522
3523
3524
3525
3526
3527
3528
3529
3530
3531
3532
3533
3534
3535
3536
3537
3538
3539
3540
3541
3542
3543
3544
3545
3546
3547
3548
3549
3550
3551
3552
3553
3554
3555
3556
3557
3558
3559
3560
3561
3562
3563
3564
3565
3566
3567
3568
3569
3570
3571
3572
3573
3574
3575
3576
3577
3578
3579
3580
3581
3582
3583
3584
3585
3586
3587
3588
3589
3590
3591
3592
3593
3594
3595
3596
3597
3598
3599
3600
3601
3602
3603
3604
3605
3606
3607
3608
3609
3610
3611
3612
3613
3614
3615
3616
3617
3618
3619
3620
3621
3622
3623
3624
3625
3626
3627
3628
3629
3630
3631
3632
3633
3634
3635
3636
3637
3638
3639
3640
3641
3642
3643
3644
3645
3646
3647
3648
3649
3650
3651
3652
3653
3654
3655
3656
3657
3658
3659
3660
3661
3662
3663
3664
3665
3666
3667
3668
3669
3670
3671
3672
3673
3674
3675
3676
3677
3678
3679
3680
3681
3682
3683
3684
3685
3686
3687
3688
3689
3690
3691
3692
3693
3694
3695
3696
3697
3698
3699
3700
3701
3702
3703
3704
3705
3706
3707
3708
3709
3710
3711
3712
3713
3714
3715
3716
3717
3718
3719
3720
3721
3722
3723
3724
3725
3726
3727
3728
3729
3730
3731
3732
3733
3734
3735
3736
3737
3738
3739
3740
3741
3742
3743
3744
3745
3746
3747
3748
3749
3750
3751
3752
3753
3754
3755
3756
3757
3758
3759
3760
3761
3762
3763
3764
3765
3766
3767
3768
3769
3770
3771
3772
3773
3774
3775
3776
3777
3778
3779
3780
3781
3782
3783
3784
3785
3786
3787
3788
3789
3790
3791
3792
3793
3794
3795
3796
3797
3798
3799
3800
3801
3802
3803
3804
3805
3806
3807
3808
3809
3810
3811
3812
3813
3814
3815
3816
3817
3818
3819
3820
3821
3822
3823
3824
3825
3826
3827
3828
3829
3830
3831
3832
3833
3834
3835
3836
3837
3838
3839
3840
3841
3842
3843
3844
3845
3846
3847
3848
3849
3850
3851
3852
3853
3854
3855
3856
3857
3858
3859
3860
3861
3862
3863
3864
3865
3866
3867
3868
3869
3870
3871
3872
3873
3874
3875
3876
3877
3878
3879
3880
3881
3882
3883
3884
3885
3886
3887
3888
3889
3890
3891
3892
3893
3894
3895
3896
3897
3898
3899
3900
3901
3902
3903
3904
3905
3906
3907
3908
3909
3910
3911
3912
3913
3914
3915
3916
3917
3918
3919
3920
3921
3922
3923
3924
3925
3926
3927
3928
3929
3930
3931
3932
3933
3934
3935
3936
3937
3938
3939
3940
3941
3942
3943
3944
3945
3946
3947
3948
3949
3950
3951
3952
3953
3954
3955
3956
3957
3958
3959
3960
3961
3962
3963
3964
3965
3966
3967
3968
3969
3970
3971
3972
3973
3974
3975
3976
3977
3978
3979
3980
3981
3982
3983
3984
3985
3986
3987
3988
3989
3990
3991
3992
3993
3994
3995
3996
3997
3998
3999
4000
4001
4002
4003
4004
4005
4006
4007
4008
4009
4010
4011
4012
4013
4014
4015
4016
4017
4018
4019
4020
4021
4022
4023
4024
4025
4026
4027
4028
4029
4030
4031
4032
4033
4034
4035
4036
4037
4038
4039
4040
4041
4042
4043
4044
4045
4046
4047
4048
4049
4050
4051
4052
4053
4054
4055
4056
4057
4058
4059
4060
4061
4062
4063
4064
4065
4066
4067
4068
4069
4070
4071
4072
4073
4074
4075
4076
4077
4078
4079
4080
4081
4082
4083
4084
4085
4086
4087
4088
4089
4090
4091
4092
4093
4094
4095
4096
4097
4098
4099
4100
4101
4102
4103
4104
4105
4106
4107
4108
4109
4110
4111
4112
4113
4114
4115
4116
4117
4118
4119
4120
4121
4122
4123
4124
4125
4126
4127
4128
4129
4130
4131
4132
4133
4134
4135
4136
4137
4138
4139
4140
4141
4142
4143
4144
4145
4146
4147
4148
4149
4150
4151
4152
4153
4154
4155
4156
4157
4158
4159
4160
4161
4162
4163
4164
4165
4166
4167
4168
4169
4170
4171
4172
4173
4174
4175
4176
4177
4178
4179
4180
4181
4182
4183
4184
4185
4186
4187
4188
4189
4190
4191
4192
4193
4194
4195
4196
4197
4198
4199
4200
4201
4202
4203
4204
4205
4206
4207
4208
4209
4210
4211
4212
4213
4214
4215
4216
4217
4218
4219
4220
4221
4222
4223
4224
4225
4226
4227
4228
4229
4230
4231
4232
4233
4234
4235
4236
4237
4238
4239
4240
4241
4242
4243
4244
4245
4246
4247
4248
4249
4250
4251
4252
4253
4254
4255
4256
4257
4258
4259
4260
4261
4262
4263
4264
4265
4266
4267
4268
4269
4270
4271
4272
4273
4274
4275
4276
4277
4278
4279
4280
4281
4282
4283
4284
4285
4286
4287
4288
4289
4290
4291
4292
4293
4294
4295
4296
4297
4298
4299
4300
4301
4302
4303
4304
4305
4306
4307
4308
4309
4310
4311
4312
4313
4314
4315
4316
4317
4318
4319
4320
4321
4322
4323
4324
4325
4326
4327
4328
4329
4330
4331
4332
4333
4334
4335
4336
4337
4338
4339
4340
4341
4342
4343
4344
4345
4346
4347
4348
4349
4350
4351
4352
4353
4354
4355
4356
4357
4358
4359
4360
4361
4362
4363
4364
4365
4366
4367
4368
4369
4370
4371
4372
4373
4374
4375
4376
4377
4378
4379
4380
4381
4382
4383
4384
4385
4386
4387
4388
4389
4390
4391
4392
4393
4394
4395
4396
4397
4398
4399
4400
4401
4402
4403
4404
4405
4406
4407
4408
4409
4410
4411
4412
4413
4414
4415
4416
4417
4418
4419
4420
4421
4422
4423
4424
4425
4426
4427
4428
4429
4430
4431
4432
4433
4434
4435
4436
4437
4438
4439
4440
4441
4442
4443
4444
4445
4446
4447
4448
4449
4450
4451
4452
4453
4454
4455
4456
4457
4458
4459
4460
4461
4462
4463
4464
4465
4466
4467
4468
4469
4470
4471
4472
4473
4474
4475
4476
4477
4478
4479
4480
4481
4482
4483
4484
4485
4486
4487
4488
4489
4490
4491
4492
4493
4494
4495
4496
4497
4498
4499
4500
4501
4502
4503
4504
4505
4506
4507
4508
4509
4510
4511
4512
4513
4514
4515
4516
4517
4518
4519
4520
4521
4522
4523
4524
4525
4526
4527
4528
4529
4530
4531
4532
4533
4534
4535
4536
4537
4538
4539
4540
4541
4542
4543
4544
4545
4546
4547
4548
4549
4550
4551
4552
4553
4554
4555
4556
4557
4558
4559
4560
4561
4562
4563
4564
4565
4566
4567
4568
4569
4570
4571
4572
4573
4574
4575
4576
4577
4578
4579
4580
4581
4582
4583
4584
4585
4586
4587
4588
4589
4590
4591
4592
4593
4594
4595
4596
4597
4598
4599
4600
4601
4602
4603
4604
4605
4606
4607
4608
4609
4610
4611
4612
4613
4614
4615
4616
4617
4618
4619
4620
4621
4622
4623
4624
4625
4626
4627
4628
4629
4630
4631
4632
4633
4634
4635
4636
4637
4638
4639
4640
4641
4642
4643
4644
4645
4646
4647
4648
4649
4650
4651
4652
4653
4654
4655
4656
4657
4658
4659
4660
4661
4662
4663
4664
4665
4666
4667
4668
4669
4670
4671
4672
4673
4674
4675
4676
4677
4678
4679
4680
4681
4682
4683
4684
4685
4686
4687
4688
4689
4690
4691
4692
4693
4694
4695
4696
4697
4698
4699
4700
4701
4702
4703
4704
4705
4706
4707
4708
4709
4710
4711
4712
4713
4714
4715
4716
4717
4718
4719
4720
4721
4722
4723
4724
4725
4726
4727
4728
4729
4730
4731
4732
4733
4734
4735
4736
4737
4738
4739
4740
4741
4742
4743
4744
4745
4746
4747
4748
4749
4750
4751
4752
4753
4754
4755
4756
4757
4758
4759
4760
4761
4762
4763
4764
4765
4766
4767
4768
4769
4770
4771
4772
4773
4774
4775
4776
4777
4778
4779
4780
4781
4782
4783
4784
4785
4786
4787
4788
4789
4790
4791
4792
4793
4794
4795
4796
4797
4798
4799
4800
4801
4802
4803
4804
4805
4806
4807
4808
4809
4810
4811
4812
4813
4814
4815
4816
4817
4818
4819
4820
4821
4822
4823
4824
4825
4826
4827
4828
4829
4830
4831
4832
4833
4834
4835
4836
4837
4838
4839
4840
4841
4842
4843
4844
4845
4846
4847
4848
4849
4850
4851
4852
4853
4854
4855
4856
4857
4858
4859
4860
4861
4862
4863
4864
4865
4866
4867
4868
4869
4870
4871
4872
4873
4874
4875
4876
4877
4878
4879
4880
4881
4882
4883
4884
4885
4886
4887
4888
4889
4890
4891
4892
4893
4894
4895
4896
4897
4898
4899
4900
4901
4902
4903
4904
4905
4906
4907
4908
4909
4910
4911
4912
4913
4914
4915
4916
4917
4918
4919
4920
4921
4922
4923
4924
4925
4926
4927
4928
4929
4930
4931
4932
4933
4934
4935
4936
4937
4938
4939
4940
4941
4942
4943
4944
4945
4946
4947
4948
4949
4950
4951
4952
4953
4954
4955
4956
4957
4958
4959
4960
4961
4962
4963
4964
4965
4966
4967
4968
4969
4970
4971
4972
4973
4974
4975
4976
4977
4978
4979
4980
4981
4982
4983
4984
4985
4986
4987
4988
4989
4990
4991
4992
4993
4994
4995
4996
4997
4998
4999
5000
5001
5002
5003
5004
5005
5006
5007
5008
5009
5010
5011
5012
5013
5014
5015
5016
5017
5018
5019
5020
5021
5022
5023
5024
5025
5026
5027
5028
5029
5030
5031
5032
5033
5034
5035
5036
5037
5038
5039
5040
5041
5042
5043
5044
5045
5046
5047
5048
5049
5050
5051
5052
5053
5054
5055
5056
5057
5058
5059
5060
5061
5062
5063
5064
5065
5066
5067
5068
5069
5070
5071
5072
5073
5074
5075
5076
5077
5078
5079
5080
5081
5082
5083
5084
5085
5086
5087
5088
5089
5090
5091
5092
5093
5094
5095
5096
5097
5098
5099
5100
5101
5102
5103
5104
5105
5106
5107
5108
5109
5110
5111
5112
5113
5114
5115
5116
5117
5118
5119
5120
5121
5122
5123
5124
5125
5126
5127
5128
5129
5130
5131
5132
5133
5134
5135
5136
5137
5138
5139
5140
5141
5142
5143
5144
5145
5146
5147
5148
5149
5150
5151
5152
5153
5154
5155
5156
5157
5158
5159
5160
5161
5162
5163
5164
5165
5166
5167
5168
5169
5170
5171
5172
5173
5174
5175
5176
5177
5178
5179
5180
5181
5182
5183
5184
5185
5186
5187
5188
5189
5190
5191
5192
5193
5194
5195
5196
5197
5198
5199
5200
5201
5202
5203
5204
5205
5206
5207
5208
5209
5210
5211
5212
5213
5214
5215
5216
5217
5218
5219
5220
5221
5222
5223
5224
5225
5226
5227
5228
5229
5230
5231
5232
5233
5234
5235
5236
5237
5238
5239
5240
5241
5242
5243
5244
5245
5246
5247
5248
5249
5250
5251
5252
5253
5254
5255
5256
5257
5258
5259
5260
5261
5262
5263
5264
5265
5266
5267
5268
5269
5270
5271
5272
5273
5274
5275
5276
5277
5278
5279
5280
5281
5282
5283
5284
5285
5286
5287
5288
5289
5290
5291
5292
5293
5294
5295
5296
5297
5298
5299
5300
5301
5302
5303
5304
5305
5306
5307
5308
5309
5310
5311
5312
5313
5314
5315
5316
5317
5318
5319
5320
5321
5322
5323
5324
5325
5326
5327
5328
5329
5330
5331
5332
5333
5334
5335
5336
5337
5338
5339
5340
5341
5342
5343
5344
5345
5346
5347
5348
5349
5350
5351
5352
5353
5354
5355
5356
5357
5358
5359
5360
5361
5362
5363
5364
5365
5366
5367
5368
5369
5370
5371
5372
5373
5374
5375
5376
5377
5378
5379
5380
5381
5382
5383
5384
5385
5386
5387
5388
5389
5390
5391
5392
5393
5394
5395
5396
5397
5398
5399
5400
5401
5402
5403
5404
5405
5406
5407
5408
5409
5410
5411
5412
5413
5414
5415
5416
5417
5418
5419
5420
5421
5422
5423
5424
5425
5426
5427
5428
5429
5430
5431
5432
5433
5434
5435
5436
5437
5438
5439
5440
5441
5442
5443
5444
5445
5446
5447
5448
5449
5450
5451
5452
5453
5454
5455
5456
5457
5458
5459
5460
5461
5462
5463
5464
5465
5466
5467
5468
5469
5470
5471
5472
5473
5474
5475
5476
5477
5478
5479
5480
5481
5482
5483
5484
5485
5486
5487
5488
5489
5490
5491
5492
5493
5494
5495
5496
5497
5498
5499
5500
5501
5502
5503
5504
5505
5506
5507
5508
5509
5510
5511
5512
5513
5514
5515
5516
5517
5518
5519
5520
5521
5522
5523
5524
5525
5526
5527
5528
5529
5530
5531
5532
5533
5534
5535
5536
5537
5538
5539
5540
5541
5542
5543
5544
5545
5546
5547
5548
5549
5550
5551
5552
5553
5554
5555
5556
5557
5558
5559
5560
5561
5562
5563
5564
5565
5566
5567
5568
5569
5570
5571
5572
5573
5574
5575
5576
5577
5578
5579
5580
5581
5582
5583
5584
5585
5586
5587
5588
5589
5590
5591
5592
5593
5594
5595
5596
5597
5598
5599
5600
5601
5602
5603
5604
5605
5606
5607
5608
5609
5610
5611
5612
5613
5614
5615
5616
5617
5618
5619
5620
5621
5622
5623
5624
5625
5626
5627
5628
5629
5630
5631
5632
5633
5634
5635
5636
5637
5638
5639
5640
5641
5642
5643
5644
5645
5646
5647
5648
5649
5650
5651
5652
5653
5654
5655
5656
5657
5658
5659
5660
5661
5662
5663
5664
5665
5666
5667
5668
5669
5670
5671
5672
5673
5674
5675
5676
5677
5678
5679
5680
5681
5682
5683
5684
5685
5686
5687
5688
5689
5690
5691
5692
5693
5694
5695
5696
5697
5698
5699
5700
5701
5702
5703
5704
5705
5706
5707
5708
5709
5710
5711
5712
5713
5714
5715
5716
5717
5718
5719
5720
5721
5722
5723
5724
5725
5726
5727
5728
5729
5730
5731
5732
5733
5734
5735
5736
5737
5738
5739
5740
5741
5742
5743
5744
5745
5746
5747
5748
5749
5750
5751
5752
5753
5754
5755
5756
5757
5758
5759
5760
5761
5762
5763
5764
5765
5766
5767
5768
5769
5770
5771
5772
5773
5774
5775
5776
5777
5778
5779
5780
5781
5782
5783
5784
5785
5786
5787
5788
5789
5790
5791
5792
5793
5794
5795
5796
5797
5798
5799
5800
5801
5802
5803
5804
5805
5806
5807
5808
5809
5810
5811
5812
5813
5814
5815
5816
5817
5818
5819
5820
5821
5822
5823
5824
5825
5826
5827
5828
5829
5830
5831
5832
5833
5834
5835
5836
5837
5838
5839
5840
5841
5842
5843
5844
5845
5846
5847
5848
5849
5850
5851
5852
5853
5854
5855
5856
5857
5858
5859
5860
5861
5862
5863
5864
5865
5866
5867
5868
5869
5870
5871
5872
5873
5874
5875
5876
5877
5878
5879
5880
5881
5882
5883
5884
5885
5886
5887
5888
5889
5890
5891
5892
5893
5894
5895
5896
5897
5898
5899
5900
5901
5902
5903
5904
5905
5906
5907
5908
5909
5910
5911
5912
5913
5914
5915
5916
5917
5918
5919
5920
5921
5922
5923
5924
5925
5926
5927
5928
5929
5930
5931
5932
5933
5934
5935
5936
5937
5938
5939
5940
5941
5942
5943
5944
5945
5946
5947
5948
5949
5950
5951
5952
5953
5954
5955
5956
5957
5958
5959
5960
5961
5962
5963
5964
5965
5966
5967
5968
5969
5970
5971
5972
5973
5974
5975
5976
5977
5978
5979
5980
5981
5982
5983
5984
5985
5986
5987
5988
5989
5990
5991
5992
5993
5994
5995
5996
5997
5998
5999
6000
6001
6002
6003
6004
6005
6006
6007
6008
6009
6010
6011
6012
6013
6014
6015
6016
6017
6018
6019
6020
6021
6022
6023
6024
6025
6026
6027
6028
6029
6030
6031
6032
6033
6034
6035
6036
6037
6038
6039
6040
6041
6042
6043
6044
6045
6046
6047
6048
6049
6050
6051
6052
6053
6054
6055
6056
6057
6058
6059
6060
6061
6062
6063
6064
6065
6066
6067
6068
6069
6070
6071
6072
6073
6074
6075
6076
6077
6078
6079
6080
6081
6082
6083
6084
6085
6086
6087
6088
6089
6090
6091
6092
6093
6094
6095
6096
6097
6098
6099
6100
6101
6102
6103
6104
6105
6106
6107
6108
6109
6110
6111
6112
6113
6114
6115
6116
6117
6118
6119
6120
6121
6122
6123
6124
6125
6126
6127
6128
6129
6130
6131
6132
6133
6134
6135
6136
6137
6138
6139
6140
6141
6142
6143
6144
6145
6146
6147
6148
6149
6150
6151
6152
6153
6154
6155
6156
6157
6158
6159
6160
6161
6162
6163
6164
6165
6166
6167
6168
6169
6170
6171
6172
6173
6174
6175
6176
6177
6178
6179
6180
6181
6182
6183
6184
6185
6186
6187
6188
6189
6190
6191
6192
6193
6194
6195
6196
6197
6198
6199
6200
6201
6202
6203
6204
6205
6206
6207
6208
6209
6210
6211
6212
6213
6214
6215
6216
6217
6218
6219
6220
6221
6222
6223
6224
6225
6226
6227
6228
6229
6230
6231
6232
6233
6234
6235
6236
6237
6238
6239
6240
6241
6242
6243
6244
6245
6246
6247
6248
6249
6250
6251
6252
6253
6254
6255
6256
6257
6258
6259
6260
6261
6262
6263
6264
6265
6266
6267
6268
6269
6270
6271
6272
6273
6274
6275
6276
6277
6278
6279
6280
6281
6282
6283
6284
6285
6286
6287
6288
6289
6290
6291
6292
6293
6294
6295
6296
6297
6298
6299
6300
6301
6302
6303
6304
6305
6306
6307
6308
6309
6310
6311
6312
6313
6314
6315
6316
6317
6318
6319
6320
6321
6322
6323
6324
6325
6326
6327
6328
6329
6330
6331
6332
6333
6334
6335
6336
6337
6338
6339
6340
6341
6342
6343
6344
6345
6346
6347
6348
6349
6350
6351
6352
6353
6354
6355
6356
6357
6358
6359
6360
6361
6362
6363
6364
6365
6366
6367
6368
6369
6370
6371
6372
6373
6374
6375
6376
6377
6378
6379
6380
6381
6382
6383
6384
6385
6386
6387
6388
6389
6390
6391
6392
6393
6394
6395
6396
6397
6398
6399
6400
6401
6402
6403
6404
6405
6406
6407
6408
6409
6410
6411
6412
6413
6414
6415
6416
6417
6418
6419
6420
6421
6422
6423
6424
6425
6426
6427
6428
6429
6430
6431
6432
6433
6434
6435
6436
6437
6438
6439
6440
6441
6442
6443
6444
6445
6446
6447
6448
6449
6450
6451
6452
6453
6454
6455
6456
6457
6458
6459
6460
6461
6462
6463
6464
6465
6466
6467
6468
6469
6470
6471
6472
6473
6474
6475
6476
6477
6478
6479
6480
6481
6482
6483
6484
6485
6486
6487
6488
6489
6490
6491
6492
6493
6494
6495
6496
6497
6498
6499
6500
6501
6502
6503
6504
6505
6506
6507
6508
6509
6510
6511
6512
6513
6514
6515
6516
6517
6518
6519
6520
6521
6522
6523
6524
6525
6526
6527
6528
6529
6530
6531
6532
6533
6534
6535
6536
6537
6538
6539
6540
6541
6542
6543
6544
6545
6546
6547
6548
6549
6550
6551
6552
6553
6554
6555
6556
6557
6558
6559
6560
6561
6562
6563
6564
6565
6566
6567
6568
6569
6570
6571
6572
6573
6574
6575
6576
6577
6578
6579
6580
6581
6582
6583
6584
6585
6586
6587
6588
6589
6590
6591
6592
6593
6594
6595
6596
6597
6598
6599
6600
6601
6602
6603
6604
6605
6606
6607
6608
6609
6610
6611
6612
6613
6614
6615
6616
6617
6618
6619
6620
6621
6622
6623
6624
6625
6626
6627
6628
6629
6630
6631
6632
6633
6634
6635
6636
6637
6638
6639
6640
6641
6642
6643
6644
6645
6646
6647
6648
6649
6650
6651
6652
6653
6654
6655
6656
6657
6658
6659
6660
6661
6662
6663
6664
6665
6666
6667
6668
6669
6670
6671
6672
6673
6674
6675
6676
6677
6678
6679
6680
6681
6682
6683
6684
6685
6686
6687
6688
6689
6690
6691
6692
6693
6694
6695
6696
6697
6698
6699
6700
6701
6702
6703
6704
6705
6706
6707
6708
6709
6710
6711
6712
6713
6714
6715
6716
6717
6718
6719
6720
6721
6722
6723
6724
6725
6726
6727
6728
6729
6730
6731
6732
6733
6734
6735
6736
6737
6738
6739
6740
6741
6742
6743
6744
6745
6746
6747
6748
6749
6750
6751
6752
6753
6754
6755
6756
6757
6758
6759
6760
6761
6762
6763
6764
6765
6766
6767
6768
6769
6770
6771
6772
6773
6774
6775
6776
6777
6778
6779
6780
6781
6782
6783
6784
6785
6786
6787
6788
6789
6790
6791
6792
6793
6794
6795
6796
6797
6798
6799
6800
6801
6802
6803
6804
6805
6806
6807
6808
6809
6810
6811
6812
6813
6814
6815
6816
6817
6818
6819
6820
6821
6822
6823
6824
6825
6826
6827
6828
6829
6830
6831
6832
6833
6834
6835
6836
6837
6838
6839
6840
6841
6842
6843
6844
6845
6846
6847
6848
6849
6850
6851
6852
6853
6854
6855
6856
6857
6858
6859
6860
6861
6862
6863
6864
6865
6866
6867
6868
6869
6870
6871
6872
6873
6874
6875
6876
6877
6878
6879
6880
6881
6882
6883
6884
6885
6886
6887
6888
6889
6890
6891
6892
6893
6894
6895
6896
6897
6898
6899
6900
6901
6902
6903
6904
6905
6906
6907
6908
6909
6910
6911
6912
6913
6914
6915
6916
6917
6918
6919
6920
6921
6922
6923
6924
6925
6926
6927
6928
6929
6930
6931
6932
6933
6934
6935
6936
6937
6938
6939
6940
6941
6942
6943
6944
6945
6946
6947
6948
6949
6950
6951
6952
6953
6954
6955
6956
6957
6958
6959
6960
6961
6962
6963
6964
6965
6966
6967
6968
6969
6970
6971
6972
6973
6974
6975
6976
6977
6978
6979
6980
6981
6982
6983
6984
6985
6986
6987
6988
6989
6990
6991
6992
6993
6994
6995
6996
6997
6998
6999
7000
7001
7002
7003
7004
7005
7006
7007
7008
7009
7010
7011
7012
7013
7014
7015
7016
7017
7018
7019
7020
7021
7022
7023
7024
7025
7026
7027
7028
7029
7030
7031
7032
7033
7034
7035
7036
7037
7038
7039
7040
7041
7042
7043
7044
7045
7046
7047
7048
7049
7050
7051
7052
7053
7054
7055
7056
7057
7058
7059
7060
7061
7062
7063
7064
7065
7066
7067
7068
7069
7070
7071
7072
7073
7074
7075
7076
7077
7078
7079
7080
7081
7082
7083
7084
7085
7086
7087
7088
7089
7090
7091
7092
7093
7094
7095
7096
7097
7098
7099
7100
7101
7102
7103
7104
7105
7106
7107
7108
7109
7110
7111
7112
7113
7114
7115
7116
7117
7118
7119
7120
7121
7122
7123
7124
7125
7126
7127
7128
7129
7130
7131
7132
7133
7134
7135
7136
7137
7138
7139
7140
7141
7142
7143
7144
7145
7146
7147
7148
7149
7150
7151
7152
7153
7154
7155
7156
7157
7158
7159
7160
7161
7162
7163
7164
7165
7166
7167
7168
7169
7170
7171
7172
7173
7174
7175
7176
7177
7178
7179
7180
7181
7182
7183
7184
7185
7186
7187
7188
7189
7190
7191
7192
7193
7194
7195
7196
7197
7198
7199
7200
7201
7202
7203
7204
7205
7206
7207
7208
7209
7210
7211
7212
7213
7214
7215
7216
7217
7218
7219
7220
7221
7222
7223
7224
7225
7226
7227
7228
7229
7230
7231
7232
7233
7234
7235
7236
7237
7238
7239
7240
7241
7242
7243
7244
7245
7246
7247
7248
7249
7250
7251
7252
7253
7254
7255
7256
7257
7258
7259
7260
7261
7262
7263
7264
7265
7266
7267
7268
7269
7270
7271
7272
7273
7274
7275
7276
7277
7278
7279
7280
7281
7282
7283
7284
7285
7286
7287
7288
7289
7290
7291
7292
7293
7294
7295
7296
7297
7298
7299
7300
7301
7302
7303
7304
7305
7306
7307
7308
7309
7310
7311
7312
7313
7314
7315
7316
7317
7318
7319
7320
7321
7322
7323
7324
7325
7326
7327
7328
7329
7330
7331
7332
7333
7334
7335
7336
7337
7338
7339
7340
7341
7342
7343
7344
7345
7346
7347
7348
7349
7350
7351
7352
7353
7354
7355
7356
7357
7358
7359
7360
7361
7362
7363
7364
7365
7366
7367
7368
7369
7370
7371
7372
7373
7374
7375
7376
7377
7378
7379
7380
7381
7382
7383
7384
7385
7386
7387
7388
7389
7390
7391
7392
7393
7394
7395
7396
7397
7398
7399
7400
7401
7402
7403
7404
7405
7406
7407
7408
7409
7410
7411
7412
7413
7414
7415
7416
7417
7418
7419
7420
7421
7422
7423
7424
7425
7426
7427
7428
7429
7430
7431
7432
7433
7434
7435
7436
7437
7438
7439
7440
7441
7442
7443
7444
7445
7446
7447
7448
7449
7450
7451
7452
7453
7454
7455
7456
7457
7458
7459
7460
7461
7462
7463
7464
7465
7466
7467
7468
7469
7470
7471
7472
7473
7474
7475
7476
7477
7478
7479
7480
7481
7482
7483
7484
7485
7486
7487
7488
7489
7490
7491
7492
7493
7494
7495
7496
7497
7498
7499
7500
7501
7502
7503
7504
7505
7506
7507
7508
7509
7510
7511
7512
7513
7514
7515
7516
7517
7518
7519
7520
7521
7522
7523
7524
7525
7526
7527
7528
7529
7530
7531
7532
7533
7534
7535
7536
7537
7538
7539
7540
7541
7542
7543
7544
7545
7546
7547
7548
7549
7550
7551
7552
7553
7554
7555
7556
7557
7558
7559
7560
7561
7562
7563
7564
7565
7566
7567
7568
7569
7570
7571
7572
7573
7574
7575
7576
7577
7578
7579
7580
7581
7582
7583
7584
7585
7586
7587
7588
7589
7590
7591
7592
7593
7594
7595
7596
7597
7598
7599
7600
7601
7602
7603
7604
7605
7606
7607
7608
7609
7610
7611
7612
7613
7614
7615
7616
7617
7618
7619
7620
7621
7622
7623
7624
7625
7626
7627
7628
7629
7630
7631
7632
7633
7634
7635
7636
7637
7638
7639
7640
7641
7642
7643
7644
7645
7646
7647
7648
7649
7650
7651
7652
7653
7654
7655
7656
7657
7658
7659
7660
7661
7662
7663
7664
7665
7666
7667
7668
7669
7670
7671
7672
7673
7674
7675
7676
7677
7678
7679
7680
7681
7682
7683
7684
7685
7686
7687
7688
7689
7690
7691
7692
7693
7694
7695
7696
7697
7698
7699
7700
7701
7702
7703
7704
7705
7706
7707
7708
7709
7710
7711
7712
7713
7714
7715
7716
7717
7718
7719
7720
7721
7722
7723
7724
7725
7726
7727
7728
7729
7730
7731
7732
7733
7734
7735
7736
7737
7738
7739
7740
7741
7742
7743
7744
7745
7746
7747
7748
7749
7750
7751
7752
7753
7754
7755
7756
7757
7758
7759
7760
7761
7762
7763
7764
7765
7766
7767
7768
7769
7770
7771
7772
7773
7774
7775
7776
7777
7778
7779
7780
7781
7782
7783
7784
7785
7786
7787
7788
7789
7790
7791
7792
7793
7794
7795
7796
7797
7798
7799
7800
7801
7802
7803
7804
7805
7806
7807
7808
7809
7810
7811
7812
7813
7814
7815
7816
7817
7818
7819
7820
7821
7822
7823
7824
7825
7826
7827
7828
7829
7830
7831
7832
7833
7834
7835
7836
7837
7838
7839
7840
7841
7842
7843
7844
7845
7846
7847
7848
7849
7850
7851
7852
7853
7854
7855
7856
7857
7858
7859
7860
7861
7862
7863
7864
7865
7866
7867
7868
7869
7870
7871
7872
7873
7874
7875
7876
7877
7878
7879
7880
7881
7882
7883
7884
7885
7886
7887
7888
7889
7890
7891
7892
7893
7894
7895
7896
7897
7898
7899
7900
7901
7902
7903
7904
7905
7906
7907
7908
7909
7910
7911
7912
7913
7914
7915
7916
7917
7918
7919
7920
7921
7922
7923
7924
7925
7926
7927
7928
7929
7930
7931
7932
7933
7934
7935
7936
7937
7938
7939
7940
7941
7942
7943
7944
7945
7946
7947
7948
7949
7950
7951
7952
7953
7954
7955
7956
7957
7958
7959
7960
7961
7962
7963
7964
7965
7966
7967
7968
7969
7970
7971
7972
7973
7974
7975
7976
7977
7978
7979
7980
7981
7982
7983
7984
7985
7986
7987
7988
7989
7990
7991
7992
7993
7994
7995
7996
7997
7998
7999
8000
8001
8002
8003
8004
8005
8006
8007
8008
8009
8010
8011
8012
8013
8014
8015
8016
8017
8018
8019
8020
8021
8022
8023
8024
8025
8026
8027
8028
8029
8030
8031
8032
8033
8034
8035
8036
8037
8038
8039
8040
8041
8042
8043
8044
8045
8046
8047
8048
8049
8050
8051
8052
8053
8054
8055
8056
8057
8058
8059
8060
8061
8062
8063
8064
8065
8066
8067
8068
8069
8070
8071
8072
8073
8074
8075
8076
8077
8078
8079
8080
8081
8082
8083
8084
8085
8086
8087
8088
8089
8090
8091
8092
8093
8094
8095
8096
8097
8098
8099
8100
8101
8102
8103
8104
8105
8106
8107
8108
8109
8110
8111
8112
8113
8114
8115
8116
8117
8118
8119
8120
8121
8122
8123
8124
8125
8126
8127
8128
8129
8130
8131
8132
8133
8134
8135
8136
8137
8138
8139
8140
8141
8142
8143
8144
8145
8146
8147
8148
8149
8150
8151
8152
8153
8154
8155
8156
8157
8158
8159
8160
8161
8162
8163
8164
8165
8166
8167
8168
8169
8170
8171
8172
8173
8174
8175
8176
8177
8178
8179
8180
8181
8182
8183
8184
8185
8186
8187
8188
8189
8190
8191
8192
8193
8194
8195
8196
8197
8198
8199
8200
8201
8202
8203
8204
8205
8206
8207
8208
8209
8210
8211
8212
8213
8214
8215
8216
8217
8218
8219
8220
8221
8222
8223
8224
8225
8226
8227
8228
8229
8230
8231
8232
8233
8234
8235
8236
8237
8238
8239
8240
8241
8242
8243
8244
8245
8246
8247
8248
8249
8250
8251
8252
8253
8254
8255
8256
8257
8258
8259
8260
8261
8262
8263
8264
8265
8266
8267
8268
8269
8270
8271
8272
8273
8274
8275
8276
8277
8278
8279
8280
8281
8282
8283
8284
8285
8286
8287
8288
8289
8290
8291
8292
8293
8294
8295
8296
8297
8298
8299
8300
8301
8302
8303
8304
8305
8306
8307
8308
8309
8310
8311
8312
8313
8314
8315
8316
8317
8318
8319
8320
8321
8322
8323
8324
8325
8326
8327
8328
8329
8330
8331
8332
8333
8334
8335
8336
8337
8338
8339
8340
8341
8342
8343
8344
8345
8346
8347
8348
8349
8350
8351
8352
8353
8354
8355
8356
8357
8358
8359
8360
8361
8362
8363
8364
8365
8366
8367
8368
8369
8370
8371
8372
8373
8374
8375
8376
8377
8378
8379
8380
8381
8382
8383
8384
8385
8386
8387
8388
8389
8390
8391
8392
8393
8394
8395
8396
8397
8398
8399
8400
8401
8402
8403
8404
8405
8406
8407
8408
8409
8410
8411
8412
8413
8414
8415
8416
8417
8418
8419
8420
8421
8422
8423
8424
8425
8426
8427
8428
8429
8430
8431
8432
8433
8434
8435
8436
8437
8438
8439
8440
8441
8442
8443
8444
8445
8446
8447
8448
8449
8450
8451
8452
8453
8454
8455
8456
8457
8458
8459
8460
8461
8462
8463
8464
8465
8466
8467
8468
8469
8470
8471
8472
8473
8474
8475
8476
8477
8478
8479
8480
8481
8482
8483
8484
8485
8486
8487
8488
8489
8490
8491
8492
8493
8494
8495
8496
8497
8498
8499
8500
8501
8502
8503
8504
8505
8506
8507
8508
8509
8510
8511
8512
8513
8514
8515
8516
8517
8518
8519
8520
8521
8522
8523
8524
8525
8526
8527
8528
8529
8530
8531
8532
8533
8534
8535
8536
8537
8538
8539
8540
8541
8542
8543
8544
8545
8546
8547
8548
8549
8550
8551
8552
8553
8554
8555
8556
8557
8558
8559
8560
8561
8562
8563
8564
8565
8566
8567
8568
8569
8570
8571
8572
8573
8574
8575
8576
8577
8578
8579
8580
8581
8582
8583
8584
8585
8586
8587
8588
8589
8590
8591
8592
8593
8594
8595
8596
8597
8598
8599
8600
8601
8602
8603
8604
8605
8606
8607
8608
8609
8610
8611
8612
8613
8614
8615
8616
8617
8618
8619
8620
8621
8622
8623
8624
8625
8626
8627
8628
8629
8630
8631
8632
8633
8634
8635
8636
8637
8638
8639
8640
8641
8642
8643
8644
8645
8646
8647
8648
8649
8650
8651
8652
8653
8654
8655
8656
8657
8658
8659
8660
8661
8662
8663
8664
8665
8666
8667
8668
8669
8670
8671
8672
8673
8674
8675
8676
8677
8678
8679
8680
8681
8682
8683
8684
8685
8686
8687
8688
8689
8690
8691
8692
8693
8694
8695
8696
8697
8698
8699
8700
8701
8702
8703
8704
8705
8706
8707
8708
8709
8710
8711
8712
8713
8714
8715
8716
8717
8718
8719
8720
8721
8722
8723
8724
8725
8726
8727
8728
8729
8730
8731
8732
8733
8734
8735
8736
8737
8738
8739
8740
8741
8742
8743
8744
8745
8746
8747
8748
8749
8750
8751
8752
8753
8754
8755
8756
8757
8758
8759
8760
8761
8762
8763
8764
8765
8766
8767
8768
8769
8770
8771
8772
8773
8774
8775
8776
8777
8778
8779
8780
8781
8782
8783
8784
8785
8786
8787
8788
8789
8790
8791
8792
8793
8794
8795
8796
8797
8798
8799
8800
8801
8802
8803
8804
8805
8806
8807
8808
8809
8810
8811
8812
8813
8814
8815
8816
8817
8818
8819
8820
8821
8822
8823
8824
8825
8826
8827
8828
8829
8830
8831
8832
8833
8834
8835
8836
8837
8838
8839
8840
8841
8842
8843
8844
8845
8846
8847
8848
8849
8850
8851
8852
8853
8854
8855
8856
8857
8858
8859
8860
8861
8862
8863
8864
8865
8866
8867
8868
8869
8870
8871
8872
8873
8874
8875
8876
8877
8878
8879
8880
8881
8882
8883
8884
8885
8886
8887
8888
8889
8890
8891
8892
8893
8894
8895
8896
8897
8898
8899
8900
8901
8902
8903
8904
8905
8906
8907
8908
8909
8910
8911
8912
8913
8914
8915
8916
8917
8918
8919
8920
8921
8922
8923
8924
8925
8926
8927
8928
8929
8930
8931
8932
8933
8934
8935
8936
8937
8938
8939
8940
8941
8942
8943
8944
8945
8946
8947
8948
8949
8950
8951
8952
8953
8954
8955
8956
8957
8958
8959
8960
8961
8962
8963
8964
8965
8966
8967
8968
8969
8970
8971
8972
8973
8974
8975
8976
8977
8978
8979
8980
8981
8982
8983
8984
8985
8986
8987
8988
8989
8990
8991
8992
8993
8994
8995
8996
8997
8998
8999
9000
9001
9002
9003
9004
9005
9006
9007
9008
9009
9010
9011
9012
9013
9014
9015
9016
9017
9018
9019
9020
9021
9022
9023
9024
9025
9026
9027
9028
9029
9030
9031
9032
9033
9034
9035
9036
9037
9038
9039
9040
9041
9042
9043
9044
9045
9046
9047
9048
9049
9050
9051
9052
9053
9054
9055
9056
9057
9058
9059
9060
9061
9062
9063
9064
9065
9066
9067
9068
9069
9070
9071
9072
9073
9074
9075
9076
9077
9078
9079
9080
9081
9082
9083
9084
9085
9086
9087
9088
9089
9090
9091
9092
9093
9094
9095
9096
9097
9098
9099
9100
9101
9102
9103
9104
9105
9106
9107
9108
9109
9110
9111
9112
9113
9114
9115
9116
9117
9118
9119
9120
9121
9122
9123
9124
9125
9126
9127
9128
9129
9130
9131
9132
9133
9134
9135
9136
9137
9138
9139
9140
9141
9142
9143
9144
9145
9146
9147
9148
9149
9150
9151
9152
9153
9154
9155
9156
9157
9158
9159
9160
9161
9162
9163
9164
9165
9166
9167
9168
9169
9170
9171
9172
9173
9174
9175
9176
9177
9178
9179
9180
9181
9182
9183
9184
9185
9186
9187
9188
9189
9190
9191
9192
9193
9194
9195
9196
9197
9198
9199
9200
9201
9202
9203
9204
9205
9206
9207
9208
9209
9210
9211
9212
9213
9214
9215
9216
9217
9218
9219
9220
9221
9222
9223
9224
9225
9226
9227
9228
9229
9230
9231
9232
9233
9234
9235
9236
9237
9238
9239
9240
9241
9242
9243
9244
9245
9246
9247
9248
9249
9250
9251
9252
9253
9254
9255
9256
9257
9258
9259
9260
9261
9262
9263
9264
9265
9266
9267
9268
9269
9270
9271
9272
9273
9274
9275
9276
9277
9278
9279
9280
9281
9282
9283
9284
9285
9286
9287
9288
9289
9290
9291
9292
9293
9294
9295
9296
9297
9298
9299
9300
9301
9302
9303
9304
9305
9306
9307
9308
9309
9310
9311
9312
9313
9314
9315
9316
9317
9318
9319
9320
9321
9322
9323
9324
9325
9326
9327
9328
9329
9330
9331
9332
9333
9334
9335
9336
9337
9338
9339
9340
9341
9342
9343
9344
9345
9346
9347
9348
9349
9350
9351
9352
9353
9354
9355
9356
9357
9358
9359
9360
9361
9362
9363
9364
9365
9366
9367
9368
9369
9370
9371
9372
9373
9374
9375
9376
9377
9378
9379
9380
9381
9382
9383
9384
9385
9386
9387
9388
9389
9390
9391
9392
9393
9394
9395
9396
9397
9398
9399
9400
9401
9402
9403
9404
9405
9406
9407
9408
9409
9410
9411
9412
9413
9414
9415
9416
9417
9418
9419
9420
9421
9422
9423
9424
9425
9426
9427
9428
9429
9430
9431
9432
9433
9434
9435
9436
9437
9438
9439
9440
9441
9442
9443
9444
9445
9446
9447
9448
9449
9450
9451
9452
9453
9454
9455
9456
9457
9458
9459
9460
9461
9462
9463
9464
9465
9466
9467
9468
9469
9470
9471
9472
9473
9474
9475
9476
9477
9478
9479
9480
9481
9482
9483
9484
9485
9486
9487
9488
9489
9490
9491
9492
9493
9494
9495
9496
9497
9498
9499
9500
9501
9502
9503
9504
9505
9506
9507
9508
9509
9510
9511
9512
9513
9514
9515
9516
9517
9518
9519
9520
9521
9522
9523
9524
9525
9526
9527
9528
9529
9530
9531
9532
9533
9534
9535
9536
9537
9538
9539
9540
9541
9542
9543
9544
9545
9546
9547
9548
9549
9550
9551
9552
9553
9554
9555
9556
9557
9558
9559
9560
9561
9562
9563
9564
9565
9566
9567
9568
9569
9570
9571
9572
9573
9574
9575
9576
9577
9578
9579
9580
9581
9582
9583
9584
9585
9586
9587
9588
9589
9590
9591
9592
9593
9594
9595
9596
9597
9598
9599
9600
9601
9602
9603
9604
9605
9606
9607
9608
9609
9610
9611
9612
9613
9614
9615
9616
9617
9618
9619
9620
9621
9622
9623
9624
9625
9626
9627
9628
9629
9630
9631
9632
9633
9634
9635
9636
9637
9638
9639
9640
9641
9642
9643
9644
9645
9646
9647
9648
9649
9650
9651
9652
9653
9654
9655
9656
9657
9658
9659
9660
9661
9662
9663
9664
9665
9666
9667
9668
9669
9670
9671
9672
9673
9674
9675
9676
9677
9678
9679
9680
9681
9682
9683
9684
9685
9686
9687
9688
9689
9690
9691
9692
9693
9694
9695
9696
9697
9698
9699
9700
9701
9702
9703
9704
9705
9706
9707
9708
9709
9710
9711
9712
9713
9714
9715
9716
9717
9718
9719
9720
9721
9722
9723
9724
9725
9726
9727
9728
9729
9730
9731
9732
9733
9734
9735
9736
9737
9738
9739
9740
9741
9742
9743
9744
9745
9746
9747
9748
9749
9750
9751
9752
9753
9754
9755
9756
9757
9758
9759
9760
9761
9762
9763
9764
9765
9766
9767
9768
9769
9770
9771
9772
9773
9774
9775
9776
9777
9778
9779
9780
9781
9782
9783
9784
9785
9786
9787
9788
9789
9790
9791
9792
9793
9794
9795
9796
9797
9798
9799
9800
9801
9802
9803
9804
9805
9806
9807
9808
9809
9810
9811
9812
9813
9814
9815
9816
9817
9818
9819
9820
9821
9822
9823
9824
9825
9826
9827
9828
9829
9830
9831
9832
9833
9834
9835
9836
9837
9838
9839
9840
9841
9842
9843
9844
9845
9846
9847
9848
9849
9850
9851
9852
9853
9854
9855
9856
9857
9858
9859
9860
9861
9862
9863
9864
9865
9866
9867
9868
9869
9870
9871
9872
9873
9874
9875
9876
9877
9878
9879
9880
9881
9882
9883
9884
9885
9886
9887
9888
9889
9890
9891
9892
9893
9894
9895
9896
9897
9898
9899
9900
9901
9902
9903
9904
9905
9906
9907
9908
9909
9910
9911
9912
9913
9914
9915
9916
9917
9918
9919
9920
9921
9922
9923
9924
9925
9926
9927
9928
9929
9930
9931
9932
9933
9934
9935
9936
9937
9938
9939
9940
9941
9942
9943
9944
9945
9946
9947
9948
9949
9950
9951
9952
9953
9954
9955
9956
9957
9958
9959
9960
9961
9962
9963
9964
9965
9966
9967
9968
9969
9970
9971
9972
9973
9974
9975
9976
9977
9978
9979
9980
9981
9982
9983
9984
9985
9986
9987
9988
9989
9990
9991
9992
9993
9994
9995
9996
9997
9998
9999
10000
10001
10002
10003
10004
10005
10006
10007
10008
10009
10010
10011
10012
10013
10014
10015
10016
10017
10018
10019
10020
10021
10022
10023
10024
10025
10026
10027
10028
10029
10030
10031
10032
10033
10034
10035
10036
10037
10038
10039
10040
10041
10042
10043
10044
10045
10046
10047
10048
10049
10050
10051
10052
10053
10054
10055
10056
10057
10058
10059
10060
10061
10062
10063
10064
10065
10066
10067
10068
10069
10070
10071
10072
10073
10074
10075
10076
10077
10078
10079
10080
10081
10082
10083
10084
10085
10086
10087
10088
10089
10090
10091
10092
10093
10094
10095
10096
10097
10098
10099
10100
10101
10102
10103
10104
10105
10106
10107
10108
10109
10110
10111
10112
10113
10114
10115
10116
10117
10118
10119
10120
10121
10122
10123
10124
10125
10126
10127
10128
10129
10130
10131
10132
10133
10134
10135
10136
10137
10138
10139
10140
10141
10142
10143
10144
10145
10146
10147
10148
10149
10150
10151
10152
10153
10154
10155
10156
10157
10158
10159
10160
10161
10162
10163
10164
10165
10166
10167
10168
10169
10170
10171
10172
10173
10174
10175
10176
10177
10178
10179
10180
10181
10182
10183
10184
10185
10186
10187
10188
10189
10190
10191
10192
10193
10194
10195
10196
10197
10198
10199
10200
10201
10202
10203
10204
10205
10206
10207
10208
10209
10210
10211
10212
10213
10214
10215
10216
10217
10218
10219
10220
10221
10222
10223
10224
10225
10226
10227
10228
10229
10230
10231
10232
10233
10234
10235
10236
10237
10238
10239
10240
10241
10242
10243
10244
10245
10246
10247
10248
10249
10250
10251
10252
10253
10254
10255
10256
10257
10258
10259
10260
10261
10262
10263
10264
10265
10266
10267
10268
10269
10270
10271
10272
10273
10274
10275
10276
10277
10278
10279
10280
10281
10282
10283
10284
10285
10286
10287
10288
10289
10290
10291
10292
10293
10294
10295
10296
10297
10298
10299
10300
10301
10302
10303
10304
10305
10306
10307
10308
10309
10310
10311
10312
10313
10314
10315
10316
10317
10318
10319
10320
10321
10322
10323
10324
10325
10326
10327
10328
10329
10330
10331
10332
10333
10334
10335
10336
10337
10338
10339
10340
10341
10342
10343
10344
10345
10346
10347
10348
10349
10350
10351
10352
10353
10354
10355
10356
10357
10358
10359
10360
10361
10362
10363
10364
10365
10366
10367
10368
10369
10370
10371
10372
10373
10374
10375
10376
10377
10378
10379
10380
10381
10382
10383
10384
10385
10386
10387
10388
10389
10390
10391
10392
10393
10394
10395
10396
10397
10398
10399
10400
10401
10402
10403
10404
10405
10406
10407
10408
10409
10410
10411
10412
10413
10414
10415
10416
10417
10418
10419
10420
10421
10422
10423
10424
10425
10426
10427
10428
10429
10430
10431
10432
10433
10434
10435
10436
10437
10438
10439
10440
10441
10442
10443
10444
10445
10446
10447
10448
10449
10450
10451
10452
10453
10454
10455
10456
10457
10458
10459
10460
10461
10462
10463
10464
10465
10466
10467
10468
10469
10470
10471
10472
10473
10474
10475
10476
10477
10478
10479
10480
10481
10482
10483
10484
10485
10486
10487
10488
10489
10490
10491
10492
10493
10494
10495
10496
10497
10498
10499
10500
10501
10502
10503
10504
10505
10506
10507
10508
10509
10510
10511
10512
10513
10514
10515
10516
10517
10518
10519
10520
10521
10522
10523
10524
10525
10526
10527
10528
10529
10530
10531
10532
10533
10534
10535
10536
10537
10538
10539
10540
10541
10542
10543
10544
10545
10546
10547
10548
10549
10550
10551
10552
10553
10554
10555
10556
10557
10558
10559
10560
10561
10562
10563
10564
10565
10566
10567
10568
10569
10570
10571
10572
10573
10574
10575
10576
10577
10578
10579
10580
10581
10582
10583
10584
10585
10586
10587
10588
10589
10590
10591
10592
10593
10594
10595
10596
10597
10598
10599
10600
10601
10602
10603
10604
10605
10606
10607
10608
10609
10610
10611
10612
10613
10614
10615
10616
10617
10618
10619
10620
10621
10622
10623
10624
10625
10626
10627
10628
10629
10630
10631
10632
10633
10634
10635
10636
10637
10638
10639
10640
10641
10642
10643
10644
10645
10646
10647
10648
10649
10650
10651
10652
10653
10654
10655
10656
10657
10658
10659
10660
10661
10662
10663
10664
10665
10666
10667
10668
10669
10670
10671
10672
10673
10674
10675
10676
10677
10678
10679
10680
10681
10682
10683
10684
10685
10686
10687
10688
10689
10690
10691
10692
10693
10694
10695
10696
10697
10698
10699
10700
10701
10702
10703
10704
10705
10706
10707
10708
10709
10710
10711
10712
10713
10714
10715
10716
10717
10718
10719
10720
10721
10722
10723
10724
10725
10726
10727
10728
10729
10730
10731
10732
10733
10734
10735
10736
10737
10738
10739
10740
10741
10742
10743
10744
10745
10746
10747
10748
10749
10750
10751
10752
10753
10754
10755
10756
10757
10758
10759
10760
10761
10762
10763
10764
10765
10766
10767
10768
10769
10770
10771
10772
10773
10774
10775
10776
10777
10778
10779
10780
10781
10782
10783
10784
10785
10786
10787
10788
10789
10790
10791
10792
10793
10794
10795
10796
10797
10798
10799
10800
10801
10802
10803
10804
10805
10806
10807
10808
10809
10810
10811
10812
10813
10814
10815
10816
10817
10818
10819
10820
10821
10822
10823
10824
10825
10826
10827
10828
10829
10830
10831
10832
10833
10834
10835
10836
10837
10838
10839
10840
10841
10842
10843
10844
10845
10846
10847
10848
10849
10850
10851
10852
10853
10854
10855
10856
10857
10858
10859
10860
10861
10862
10863
10864
10865
10866
10867
10868
10869
10870
10871
10872
10873
10874
10875
10876
10877
10878
10879
10880
10881
10882
10883
10884
10885
10886
10887
10888
10889
10890
10891
10892
10893
10894
10895
10896
10897
10898
10899
10900
10901
10902
10903
10904
10905
10906
10907
10908
10909
10910
10911
10912
10913
10914
10915
10916
10917
10918
10919
10920
10921
10922
10923
10924
10925
10926
10927
10928
10929
10930
10931
10932
10933
10934
10935
10936
10937
10938
10939
10940
10941
10942
10943
10944
10945
10946
10947
10948
10949
10950
10951
10952
10953
10954
10955
10956
10957
10958
10959
10960
10961
10962
10963
10964
10965
10966
10967
10968
10969
10970
10971
10972
10973
10974
10975
10976
10977
10978
10979
10980
10981
10982
10983
10984
10985
10986
10987
10988
10989
10990
10991
10992
10993
10994
10995
10996
10997
10998
10999
11000
11001
11002
11003
11004
11005
11006
11007
11008
11009
11010
11011
11012
11013
11014
11015
11016
11017
11018
11019
11020
11021
11022
11023
11024
11025
11026
11027
11028
11029
11030
11031
11032
11033
11034
11035
11036
11037
11038
11039
11040
11041
11042
11043
11044
11045
11046
11047
11048
11049
11050
11051
11052
11053
11054
11055
11056
11057
11058
11059
11060
11061
11062
11063
11064
11065
11066
11067
11068
11069
11070
11071
11072
11073
11074
11075
11076
11077
11078
11079
11080
11081
11082
11083
11084
11085
11086
11087
11088
11089
11090
11091
11092
11093
11094
11095
11096
11097
11098
11099
11100
11101
11102
11103
11104
11105
11106
11107
11108
11109
11110
11111
11112
11113
11114
11115
11116
11117
11118
11119
11120
11121
11122
11123
11124
11125
11126
11127
11128
11129
11130
11131
11132
11133
11134
11135
11136
11137
11138
11139
11140
11141
11142
11143
11144
11145
11146
11147
11148
11149
11150
11151
11152
11153
11154
11155
11156
11157
11158
11159
11160
11161
11162
11163
11164
11165
11166
11167
11168
11169
11170
11171
11172
11173
11174
11175
11176
11177
11178
11179
11180
11181
11182
11183
11184
11185
11186
11187
11188
11189
11190
11191
11192
11193
11194
11195
11196
11197
11198
11199
11200
11201
11202
11203
11204
11205
11206
11207
11208
11209
11210
11211
11212
11213
11214
11215
11216
11217
11218
11219
11220
11221
11222
11223
11224
11225
11226
11227
11228
11229
11230
11231
11232
11233
11234
11235
11236
11237
11238
11239
11240
11241
11242
11243
11244
11245
11246
11247
11248
11249
11250
11251
11252
11253
11254
11255
11256
11257
11258
11259
11260
11261
11262
11263
11264
11265
11266
11267
11268
11269
11270
11271
11272
11273
11274
11275
11276
11277
11278
11279
11280
11281
11282
11283
11284
11285
11286
11287
11288
11289
11290
11291
11292
11293
11294
11295
11296
11297
11298
11299
11300
11301
11302
11303
11304
11305
11306
11307
11308
11309
11310
11311
11312
11313
11314
11315
11316
11317
11318
11319
11320
11321
11322
11323
11324
11325
11326
11327
11328
11329
11330
11331
11332
11333
11334
11335
11336
11337
11338
11339
11340
11341
11342
11343
11344
11345
11346
11347
11348
11349
11350
11351
11352
11353
11354
11355
11356
11357
11358
11359
11360
11361
11362
11363
11364
11365
11366
11367
11368
11369
11370
11371
11372
11373
11374
11375
11376
11377
11378
11379
11380
11381
11382
11383
11384
11385
11386
11387
11388
11389
11390
11391
11392
11393
11394
11395
11396
11397
11398
11399
11400
11401
11402
11403
11404
11405
11406
11407
11408
11409
11410
11411
11412
11413
11414
11415
11416
11417
11418
11419
11420
11421
11422
11423
11424
11425
11426
11427
11428
11429
11430
11431
11432
11433
11434
11435
11436
11437
11438
11439
11440
11441
11442
11443
11444
11445
11446
11447
11448
11449
11450
11451
11452
11453
11454
11455
11456
11457
11458
11459
11460
11461
11462
11463
11464
11465
11466
11467
11468
11469
11470
11471
11472
11473
11474
11475
11476
11477
11478
11479
11480
11481
11482
11483
11484
11485
11486
11487
11488
11489
11490
11491
11492
11493
11494
11495
11496
11497
11498
11499
11500
11501
11502
11503
11504
11505
11506
11507
11508
11509
11510
11511
11512
11513
11514
11515
11516
11517
11518
11519
11520
11521
11522
11523
11524
11525
11526
11527
11528
11529
11530
11531
11532
11533
11534
11535
11536
11537
11538
11539
11540
11541
11542
11543
11544
11545
11546
11547
11548
11549
11550
11551
11552
11553
11554
11555
11556
11557
11558
11559
11560
11561
11562
11563
11564
11565
11566
11567
11568
11569
11570
11571
11572
11573
11574
11575
11576
11577
11578
11579
11580
11581
11582
11583
11584
11585
11586
11587
11588
11589
11590
11591
11592
11593
11594
11595
11596
11597
11598
11599
11600
11601
11602
11603
11604
11605
11606
11607
11608
11609
11610
11611
11612
11613
11614
11615
11616
11617
11618
11619
11620
11621
11622
11623
11624
11625
11626
11627
11628
11629
11630
11631
11632
11633
11634
11635
11636
11637
11638
11639
11640
11641
11642
11643
11644
11645
11646
11647
11648
11649
11650
11651
11652
11653
11654
11655
11656
11657
11658
11659
11660
11661
11662
11663
11664
11665
11666
11667
11668
11669
11670
11671
11672
11673
11674
11675
11676
11677
11678
11679
11680
11681
11682
11683
11684
11685
11686
11687
11688
11689
11690
11691
11692
11693
11694
11695
11696
11697
11698
11699
11700
11701
11702
11703
11704
11705
11706
11707
11708
11709
11710
11711
11712
11713
11714
11715
11716
11717
11718
11719
11720
11721
11722
11723
11724
11725
11726
11727
11728
11729
11730
11731
11732
11733
11734
11735
11736
11737
11738
11739
11740
11741
11742
11743
11744
11745
11746
11747
11748
11749
11750
11751
11752
11753
11754
11755
11756
11757
11758
11759
11760
11761
11762
11763
11764
11765
11766
11767
11768
11769
11770
11771
11772
11773
11774
11775
11776
11777
11778
11779
11780
11781
11782
11783
11784
11785
11786
11787
11788
11789
11790
11791
11792
11793
11794
11795
11796
11797
11798
11799
11800
11801
11802
11803
11804
11805
11806
11807
11808
11809
11810
11811
11812
11813
11814
11815
11816
11817
11818
11819
11820
11821
11822
11823
11824
11825
11826
11827
11828
11829
11830
11831
11832
11833
11834
11835
11836
11837
11838
11839
11840
11841
11842
11843
11844
11845
11846
11847
11848
11849
11850
11851
11852
11853
11854
11855
11856
11857
11858
11859
11860
11861
11862
11863
11864
11865
11866
11867
11868
11869
11870
11871
11872
11873
11874
11875
11876
11877
11878
11879
11880
11881
11882
11883
11884
11885
11886
11887
11888
11889
11890
11891
11892
11893
11894
11895
11896
11897
11898
11899
11900
11901
11902
11903
11904
11905
11906
11907
11908
11909
11910
11911
11912
11913
11914
11915
11916
11917
11918
11919
11920
11921
11922
11923
11924
11925
11926
11927
11928
11929
11930
11931
11932
11933
11934
11935
11936
11937
11938
11939
11940
11941
11942
11943
11944
11945
11946
11947
11948
11949
11950
11951
11952
11953
11954
11955
11956
11957
11958
11959
11960
11961
11962
11963
11964
11965
11966
11967
11968
11969
11970
11971
11972
11973
11974
11975
11976
11977
11978
11979
11980
11981
11982
11983
11984
11985
11986
11987
11988
11989
11990
11991
11992
11993
11994
11995
11996
11997
11998
11999
12000
12001
12002
12003
12004
12005
12006
12007
12008
12009
12010
12011
12012
12013
12014
12015
12016
12017
12018
12019
12020
12021
12022
12023
12024
12025
12026
12027
12028
12029
12030
12031
12032
12033
12034
12035
12036
12037
12038
12039
12040
12041
12042
12043
12044
12045
12046
12047
12048
12049
12050
12051
12052
12053
12054
12055
12056
12057
12058
12059
12060
12061
12062
12063
12064
12065
12066
12067
12068
12069
12070
12071
12072
12073
12074
12075
12076
12077
12078
12079
12080
12081
12082
12083
12084
12085
12086
12087
12088
12089
12090
12091
12092
12093
12094
12095
12096
12097
12098
12099
12100
12101
12102
12103
12104
12105
12106
12107
12108
12109
12110
12111
12112
12113
12114
12115
12116
12117
12118
12119
12120
12121
12122
12123
12124
12125
12126
12127
12128
12129
12130
12131
12132
12133
12134
12135
12136
12137
12138
12139
12140
12141
12142
12143
12144
12145
12146
12147
12148
12149
12150
12151
12152
12153
12154
12155
12156
12157
12158
12159
12160
12161
12162
12163
12164
12165
12166
12167
12168
12169
12170
12171
12172
12173
12174
12175
12176
12177
12178
12179
12180
12181
12182
12183
12184
12185
12186
12187
12188
12189
12190
12191
12192
12193
12194
12195
12196
12197
12198
12199
12200
12201
12202
12203
12204
12205
12206
12207
12208
12209
12210
12211
12212
12213
12214
12215
12216
12217
12218
12219
12220
12221
12222
12223
12224
12225
12226
12227
12228
12229
12230
12231
12232
12233
12234
12235
12236
12237
12238
12239
12240
12241
12242
12243
12244
12245
12246
12247
12248
12249
12250
12251
12252
12253
12254
12255
12256
12257
12258
12259
12260
12261
12262
12263
12264
12265
12266
12267
12268
12269
12270
12271
12272
12273
12274
12275
12276
12277
12278
12279
12280
12281
12282
12283
12284
12285
12286
12287
12288
12289
12290
12291
12292
12293
12294
12295
12296
12297
12298
12299
12300
12301
12302
12303
12304
12305
12306
12307
12308
12309
12310
12311
12312
12313
12314
12315
12316
12317
12318
12319
12320
12321
12322
12323
12324
12325
12326
12327
12328
12329
12330
12331
12332
12333
12334
12335
12336
12337
12338
12339
12340
12341
12342
12343
12344
12345
12346
12347
12348
12349
12350
12351
12352
12353
12354
12355
12356
12357
12358
12359
12360
12361
12362
12363
12364
12365
12366
12367
12368
12369
12370
12371
12372
12373
12374
12375
12376
12377
12378
12379
12380
12381
12382
12383
12384
12385
12386
12387
12388
12389
12390
12391
12392
12393
12394
12395
12396
12397
12398
12399
12400
12401
12402
12403
12404
12405
12406
12407
12408
12409
12410
12411
12412
12413
12414
12415
12416
12417
12418
12419
12420
12421
12422
12423
12424
12425
12426
12427
12428
12429
12430
12431
12432
12433
12434
12435
12436
12437
12438
12439
12440
12441
12442
12443
12444
12445
12446
12447
12448
12449
12450
12451
12452
12453
12454
12455
12456
12457
12458
12459
12460
12461
12462
12463
12464
12465
12466
12467
12468
12469
12470
12471
12472
12473
12474
12475
12476
12477
12478
12479
12480
12481
12482
12483
12484
12485
12486
12487
12488
12489
12490
12491
12492
12493
12494
12495
12496
12497
12498
12499
12500
12501
12502
12503
12504
12505
12506
12507
12508
12509
12510
12511
12512
12513
12514
12515
12516
12517
12518
12519
12520
12521
12522
12523
12524
12525
12526
12527
12528
12529
12530
12531
12532
12533
12534
12535
12536
12537
12538
12539
12540
12541
12542
12543
12544
12545
12546
12547
12548
12549
12550
12551
12552
12553
12554
12555
12556
12557
12558
12559
12560
12561
12562
12563
12564
12565
12566
12567
12568
12569
12570
12571
12572
12573
12574
12575
12576
12577
12578
12579
12580
12581
12582
12583
12584
12585
12586
12587
12588
12589
12590
12591
12592
12593
12594
12595
12596
12597
12598
12599
12600
12601
12602
12603
12604
12605
12606
12607
12608
12609
12610
12611
12612
12613
12614
12615
12616
12617
12618
12619
12620
12621
12622
12623
12624
12625
12626
12627
12628
12629
12630
12631
12632
12633
12634
12635
12636
12637
12638
12639
12640
12641
12642
12643
12644
12645
12646
12647
12648
12649
12650
12651
12652
12653
12654
12655
12656
12657
12658
12659
12660
12661
12662
12663
12664
12665
12666
12667
12668
12669
12670
12671
12672
12673
12674
12675
12676
12677
12678
12679
12680
12681
12682
12683
12684
12685
12686
12687
12688
12689
12690
12691
12692
12693
12694
12695
12696
12697
12698
12699
12700
12701
12702
12703
12704
12705
12706
12707
12708
12709
12710
12711
12712
12713
12714
12715
12716
12717
12718
12719
12720
12721
12722
12723
12724
12725
12726
12727
12728
12729
12730
12731
12732
12733
12734
12735
12736
12737
12738
12739
12740
12741
12742
12743
12744
12745
12746
12747
12748
12749
12750
12751
12752
12753
12754
12755
12756
12757
12758
12759
12760
12761
12762
12763
12764
12765
12766
12767
12768
12769
12770
12771
12772
12773
12774
12775
12776
12777
12778
12779
12780
12781
12782
12783
12784
12785
12786
12787
12788
12789
12790
12791
12792
12793
12794
12795
12796
12797
12798
12799
12800
12801
12802
12803
12804
12805
12806
12807
12808
12809
12810
12811
12812
12813
12814
12815
12816
12817
12818
12819
12820
12821
12822
12823
12824
12825
12826
12827
12828
12829
12830
12831
12832
12833
12834
12835
12836
12837
12838
12839
12840
12841
12842
12843
12844
12845
12846
12847
12848
12849
12850
12851
12852
12853
12854
12855
12856
12857
12858
12859
12860
12861
12862
12863
12864
12865
12866
12867
12868
12869
12870
12871
12872
12873
12874
12875
12876
12877
12878
12879
12880
12881
12882
12883
12884
12885
12886
12887
12888
12889
12890
12891
12892
12893
12894
12895
12896
12897
12898
12899
12900
12901
12902
12903
12904
12905
12906
12907
12908
12909
12910
12911
12912
12913
12914
12915
12916
12917
12918
12919
12920
12921
12922
12923
12924
12925
12926
12927
12928
12929
12930
12931
12932
12933
12934
12935
12936
12937
12938
12939
12940
12941
12942
12943
12944
12945
12946
12947
12948
12949
12950
12951
12952
12953
12954
12955
12956
12957
12958
12959
12960
12961
12962
12963
12964
12965
12966
12967
12968
12969
12970
12971
12972
12973
12974
12975
12976
12977
12978
12979
12980
12981
12982
12983
12984
12985
12986
12987
12988
12989
12990
12991
12992
12993
12994
12995
12996
12997
12998
12999
13000
13001
13002
13003
13004
13005
13006
13007
13008
13009
13010
13011
13012
13013
13014
13015
13016
13017
13018
13019
13020
13021
13022
13023
13024
13025
13026
13027
13028
13029
13030
13031
13032
13033
13034
13035
13036
13037
13038
13039
13040
13041
13042
13043
13044
13045
13046
13047
13048
13049
13050
13051
13052
13053
13054
13055
13056
13057
13058
13059
13060
13061
13062
13063
13064
13065
13066
13067
13068
13069
13070
13071
13072
13073
13074
13075
13076
13077
13078
13079
13080
13081
13082
13083
13084
13085
13086
13087
13088
13089
13090
13091
13092
13093
13094
13095
13096
13097
13098
13099
13100
13101
13102
13103
13104
13105
13106
13107
13108
13109
13110
13111
13112
13113
13114
13115
13116
13117
13118
13119
13120
13121
13122
13123
13124
13125
13126
13127
13128
13129
13130
13131
13132
13133
13134
13135
13136
13137
13138
13139
13140
13141
13142
13143
13144
13145
13146
13147
13148
13149
13150
13151
13152
13153
13154
13155
13156
13157
13158
13159
13160
13161
13162
13163
13164
13165
13166
13167
13168
13169
13170
13171
13172
13173
13174
13175
13176
13177
13178
13179
13180
13181
13182
13183
13184
13185
13186
13187
13188
13189
13190
13191
13192
13193
13194
13195
13196
13197
13198
13199
13200
13201
13202
13203
13204
13205
13206
13207
13208
13209
13210
13211
13212
13213
13214
13215
13216
13217
13218
13219
13220
13221
13222
13223
13224
13225
13226
13227
13228
13229
13230
13231
13232
13233
13234
13235
13236
13237
13238
13239
13240
13241
13242
13243
13244
13245
13246
13247
13248
13249
13250
13251
13252
13253
13254
13255
13256
13257
13258
13259
13260
13261
13262
13263
13264
13265
13266
13267
13268
13269
13270
13271
13272
13273
13274
13275
13276
13277
13278
13279
13280
13281
13282
13283
13284
13285
13286
13287
13288
13289
13290
13291
13292
13293
13294
13295
13296
13297
13298
13299
13300
13301
13302
13303
13304
13305
13306
13307
13308
13309
13310
13311
13312
13313
13314
13315
13316
13317
13318
13319
13320
13321
13322
13323
13324
13325
13326
13327
13328
13329
13330
13331
13332
13333
13334
13335
13336
13337
13338
13339
13340
13341
13342
13343
13344
13345
13346
13347
13348
13349
13350
13351
13352
13353
13354
13355
13356
13357
13358
13359
13360
13361
13362
13363
13364
13365
13366
13367
13368
13369
13370
13371
13372
13373
13374
13375
13376
13377
13378
13379
13380
13381
13382
13383
13384
13385
13386
13387
13388
13389
13390
13391
13392
13393
13394
13395
13396
13397
13398
13399
13400
13401
13402
13403
13404
13405
13406
13407
13408
13409
13410
13411
13412
13413
13414
13415
13416
13417
13418
13419
13420
13421
13422
13423
13424
13425
13426
13427
13428
13429
13430
13431
13432
13433
13434
13435
13436
13437
13438
13439
13440
13441
13442
13443
13444
13445
13446
13447
13448
13449
13450
13451
13452
13453
13454
13455
13456
13457
13458
13459
13460
13461
13462
13463
13464
13465
13466
13467
13468
13469
13470
13471
13472
13473
13474
13475
13476
13477
13478
13479
13480
13481
13482
13483
13484
13485
13486
13487
13488
13489
13490
13491
13492
13493
13494
13495
13496
13497
13498
13499
13500
13501
13502
13503
13504
13505
13506
13507
13508
13509
13510
13511
13512
13513
13514
13515
13516
13517
13518
13519
13520
13521
13522
13523
13524
13525
13526
13527
13528
13529
13530
13531
13532
13533
13534
13535
13536
13537
13538
13539
13540
13541
13542
13543
13544
13545
13546
13547
13548
13549
13550
13551
13552
13553
13554
13555
13556
13557
13558
13559
13560
13561
13562
13563
13564
13565
13566
13567
13568
13569
13570
13571
13572
13573
13574
13575
13576
13577
13578
13579
13580
13581
13582
13583
13584
13585
13586
13587
13588
13589
13590
13591
13592
13593
13594
13595
13596
13597
13598
13599
13600
13601
13602
13603
13604
13605
13606
13607
13608
13609
13610
13611
13612
13613
13614
13615
13616
13617
13618
13619
13620
13621
13622
13623
13624
13625
13626
13627
13628
13629
13630
13631
13632
13633
13634
13635
13636
13637
13638
13639
13640
13641
13642
13643
13644
13645
13646
13647
13648
13649
13650
13651
13652
13653
13654
13655
13656
13657
13658
13659
13660
13661
13662
13663
13664
13665
13666
13667
13668
13669
13670
13671
13672
13673
13674
13675
13676
13677
13678
13679
13680
13681
13682
13683
13684
13685
13686
13687
13688
13689
13690
13691
13692
13693
13694
13695
13696
13697
13698
13699
13700
13701
13702
13703
13704
13705
13706
13707
13708
13709
13710
13711
13712
13713
13714
13715
13716
13717
13718
13719
13720
13721
13722
13723
13724
13725
13726
13727
13728
13729
13730
13731
13732
13733
13734
13735
13736
13737
13738
13739
13740
13741
13742
13743
13744
13745
13746
13747
13748
13749
13750
13751
13752
13753
13754
13755
13756
13757
13758
13759
13760
13761
13762
13763
13764
13765
13766
13767
13768
13769
13770
13771
13772
13773
13774
13775
13776
13777
13778
13779
13780
13781
13782
13783
13784
13785
13786
13787
13788
13789
13790
13791
13792
13793
13794
13795
13796
13797
13798
13799
13800
13801
13802
13803
13804
13805
13806
13807
13808
13809
13810
13811
13812
13813
13814
13815
13816
13817
13818
13819
13820
13821
13822
13823
13824
13825
13826
13827
13828
13829
13830
13831
13832
13833
13834
13835
13836
13837
13838
13839
13840
13841
13842
13843
13844
13845
13846
13847
13848
13849
13850
13851
13852
13853
13854
13855
13856
13857
13858
13859
13860
13861
13862
13863
13864
13865
13866
13867
13868
13869
13870
13871
13872
13873
13874
13875
13876
13877
13878
13879
13880
13881
13882
13883
13884
13885
13886
13887
13888
13889
13890
13891
13892
13893
13894
13895
13896
13897
13898
13899
13900
13901
13902
13903
13904
13905
13906
13907
13908
13909
13910
13911
13912
13913
13914
13915
13916
13917
13918
13919
13920
13921
13922
13923
13924
13925
13926
13927
13928
13929
13930
13931
13932
13933
13934
13935
13936
13937
13938
13939
13940
13941
13942
13943
13944
13945
13946
13947
13948
13949
13950
13951
13952
13953
13954
13955
13956
13957
13958
13959
13960
13961
13962
13963
13964
13965
13966
13967
13968
13969
13970
13971
13972
13973
13974
13975
13976
13977
13978
13979
13980
13981
13982
13983
13984
13985
13986
13987
13988
13989
13990
13991
13992
13993
13994
13995
13996
13997
13998
13999
14000
14001
14002
14003
14004
14005
14006
14007
14008
14009
14010
14011
14012
14013
14014
14015
14016
14017
14018
14019
14020
14021
14022
14023
14024
14025
14026
14027
14028
14029
14030
14031
14032
14033
14034
14035
14036
14037
14038
14039
14040
14041
14042
14043
14044
14045
14046
14047
14048
14049
14050
14051
14052
14053
14054
14055
14056
14057
14058
14059
14060
14061
14062
14063
14064
14065
14066
14067
14068
14069
14070
14071
14072
14073
14074
14075
14076
14077
14078
14079
14080
14081
14082
14083
14084
14085
14086
14087
14088
14089
14090
14091
14092
14093
14094
14095
14096
14097
14098
14099
14100
14101
14102
14103
14104
14105
14106
14107
14108
14109
14110
14111
14112
14113
14114
14115
14116
14117
14118
14119
14120
14121
14122
14123
14124
14125
14126
14127
14128
14129
14130
14131
14132
14133
14134
14135
14136
14137
14138
14139
14140
14141
14142
14143
14144
14145
14146
14147
14148
14149
14150
14151
14152
14153
14154
14155
14156
14157
14158
14159
14160
14161
14162
14163
14164
14165
14166
14167
14168
14169
14170
14171
14172
14173
14174
14175
14176
14177
14178
14179
14180
14181
14182
14183
14184
14185
14186
14187
14188
14189
14190
14191
14192
14193
14194
14195
14196
14197
14198
14199
14200
14201
14202
14203
14204
14205
14206
14207
14208
14209
14210
14211
14212
14213
14214
14215
14216
14217
14218
14219
14220
14221
14222
14223
14224
14225
14226
14227
14228
14229
14230
14231
14232
14233
14234
14235
14236
14237
14238
14239
14240
14241
14242
14243
14244
14245
14246
14247
14248
14249
14250
14251
14252
14253
14254
14255
14256
14257
14258
14259
14260
14261
14262
14263
14264
14265
14266
14267
14268
14269
14270
14271
14272
14273
14274
14275
14276
14277
14278
14279
14280
14281
14282
14283
14284
14285
14286
14287
14288
14289
14290
14291
14292
14293
14294
14295
14296
14297
14298
14299
14300
14301
14302
14303
14304
14305
14306
14307
14308
14309
14310
14311
14312
14313
14314
14315
14316
14317
14318
14319
14320
14321
14322
14323
14324
14325
14326
14327
14328
14329
14330
14331
14332
14333
14334
14335
14336
14337
14338
14339
14340
14341
14342
14343
14344
14345
14346
14347
14348
14349
14350
14351
14352
14353
14354
14355
14356
14357
14358
14359
14360
14361
14362
14363
14364
14365
14366
14367
14368
14369
14370
14371
14372
14373
14374
14375
14376
14377
14378
14379
14380
14381
14382
14383
14384
14385
14386
14387
14388
14389
14390
14391
14392
14393
14394
14395
14396
14397
14398
14399
14400
14401
14402
14403
14404
14405
14406
14407
14408
14409
14410
14411
14412
14413
14414
14415
14416
14417
14418
14419
14420
14421
14422
14423
14424
14425
14426
14427
14428
14429
14430
14431
14432
14433
14434
14435
14436
14437
14438
14439
14440
14441
14442
14443
14444
14445
14446
14447
14448
14449
14450
14451
14452
14453
14454
14455
14456
14457
14458
14459
14460
14461
14462
14463
14464
14465
14466
14467
14468
14469
14470
14471
14472
14473
14474
14475
14476
14477
14478
14479
14480
14481
14482
14483
14484
14485
14486
14487
14488
14489
14490
14491
14492
14493
14494
14495
14496
14497
14498
14499
14500
14501
14502
14503
14504
14505
14506
14507
14508
14509
14510
14511
14512
14513
14514
14515
14516
14517
14518
14519
14520
14521
14522
14523
14524
14525
14526
14527
14528
14529
14530
14531
14532
14533
14534
14535
14536
14537
14538
14539
14540
14541
14542
14543
14544
14545
14546
14547
14548
14549
14550
14551
14552
14553
14554
14555
14556
14557
14558
14559
14560
14561
14562
14563
14564
14565
14566
14567
14568
14569
14570
14571
14572
14573
14574
14575
14576
14577
14578
14579
14580
14581
14582
14583
14584
14585
14586
14587
14588
14589
14590
14591
14592
14593
14594
14595
14596
14597
14598
14599
14600
14601
14602
14603
14604
14605
14606
14607
14608
14609
14610
14611
14612
14613
14614
14615
14616
14617
14618
14619
14620
14621
14622
14623
14624
14625
14626
14627
14628
14629
14630
14631
14632
14633
14634
14635
14636
14637
14638
14639
14640
14641
14642
14643
14644
14645
14646
14647
14648
14649
14650
14651
14652
14653
14654
14655
14656
14657
14658
14659
14660
14661
14662
14663
14664
14665
14666
14667
14668
14669
14670
14671
14672
14673
14674
14675
14676
14677
14678
14679
14680
14681
14682
14683
14684
14685
14686
14687
14688
14689
14690
14691
14692
14693
14694
14695
14696
14697
14698
14699
14700
14701
14702
14703
14704
14705
14706
14707
14708
14709
14710
14711
14712
14713
14714
14715
14716
14717
14718
14719
14720
14721
14722
14723
14724
14725
14726
14727
14728
14729
14730
14731
14732
14733
14734
14735
14736
14737
14738
14739
14740
14741
14742
14743
14744
14745
14746
14747
14748
14749
14750
14751
14752
14753
14754
14755
14756
14757
14758
14759
14760
14761
14762
14763
14764
14765
14766
14767
14768
14769
14770
14771
14772
14773
14774
14775
14776
14777
14778
14779
14780
14781
14782
14783
14784
14785
14786
14787
14788
14789
14790
14791
14792
14793
14794
14795
14796
14797
14798
14799
14800
14801
14802
14803
14804
14805
14806
14807
14808
14809
14810
14811
14812
14813
14814
14815
14816
14817
14818
14819
14820
14821
14822
14823
14824
14825
14826
14827
14828
14829
14830
14831
14832
14833
14834
14835
14836
14837
14838
14839
14840
14841
14842
14843
14844
14845
14846
14847
14848
14849
14850
14851
14852
14853
14854
14855
14856
14857
14858
14859
14860
14861
14862
14863
14864
14865
14866
14867
14868
14869
14870
14871
14872
14873
14874
14875
14876
14877
14878
14879
14880
14881
14882
14883
14884
14885
14886
14887
14888
14889
14890
14891
14892
14893
14894
14895
14896
14897
14898
14899
14900
14901
14902
14903
14904
14905
14906
14907
14908
14909
14910
14911
14912
14913
14914
14915
14916
14917
14918
14919
14920
14921
14922
14923
14924
14925
14926
14927
14928
14929
14930
14931
14932
14933
14934
14935
14936
14937
14938
14939
14940
14941
14942
14943
14944
14945
14946
14947
14948
14949
14950
14951
14952
14953
14954
14955
14956
14957
14958
14959
14960
14961
14962
14963
14964
14965
14966
14967
14968
14969
14970
14971
14972
14973
14974
14975
14976
14977
14978
14979
14980
14981
14982
14983
14984
14985
14986
14987
14988
14989
14990
14991
14992
14993
14994
14995
14996
14997
14998
14999
15000
15001
15002
15003
15004
15005
15006
15007
15008
15009
15010
15011
15012
15013
15014
15015
15016
15017
15018
15019
15020
15021
15022
15023
15024
15025
15026
15027
15028
15029
15030
15031
15032
15033
15034
15035
15036
15037
15038
15039
15040
15041
15042
15043
15044
15045
15046
15047
15048
15049
15050
15051
15052
15053
15054
15055
15056
15057
15058
15059
15060
15061
15062
15063
15064
15065
15066
15067
15068
15069
15070
15071
15072
15073
15074
15075
15076
15077
15078
15079
15080
15081
15082
15083
15084
15085
15086
15087
15088
15089
15090
15091
15092
15093
15094
15095
15096
15097
15098
15099
15100
15101
15102
15103
15104
15105
15106
15107
15108
15109
15110
15111
15112
15113
15114
15115
15116
15117
15118
15119
15120
15121
15122
15123
15124
15125
15126
15127
15128
15129
15130
15131
15132
15133
15134
15135
15136
15137
15138
15139
15140
15141
15142
15143
15144
15145
15146
15147
15148
15149
15150
15151
15152
15153
15154
15155
15156
15157
15158
15159
15160
15161
15162
15163
15164
15165
15166
15167
15168
15169
15170
15171
15172
15173
15174
15175
15176
15177
15178
15179
15180
15181
15182
15183
15184
15185
15186
15187
15188
15189
15190
15191
15192
15193
15194
15195
15196
15197
15198
15199
15200
15201
15202
15203
15204
15205
15206
15207
15208
15209
15210
15211
15212
15213
15214
15215
15216
15217
15218
15219
15220
15221
15222
15223
15224
15225
15226
15227
15228
15229
15230
15231
15232
15233
15234
15235
15236
15237
15238
15239
15240
15241
15242
15243
15244
15245
15246
15247
15248
15249
15250
15251
-0.49 0.01 0
-0.48 0.01 0
-0.47 0.01 0
-0.46 0.01 0
-0.45 0.01 0
-0.44 0.01 0
-0.43 0.01 0
-0.42 0.01 0
-0.41000000000000003 0.01 0
-0.4 0.01 0
-0.39 0.01 0
-0.38 0.01 0
-0.37 0.01 0
-0.36 0.01 0
-0.35 0.01 0
-0.33999999999999997 0.01 0
-0.32999999999999996 0.01 0
-0.32 0.01 0
-0.31 0.01 0
-0.3 0.01 0
-0.29000000000000004 0.01 0
-0.28 0.01 0
-0.27 0.01 0
-0.26 0.01 0
-0.25 0.01 0
-0.24 0.01 0
-0.22999999999999998 0.01 0
-0.21999999999999997 0.01 0
-0.21000000000000002 0.01 0
-0.2 0.01 0
-0.19 0.01 0
-0.18 0.01 0
-0.16999999999999998 0.01 0
-0.15999999999999998 0.01 0
-0.14999999999999997 0.01 0
-0.14 0.01 0
-0.13 0.01 0
-0.12 0.01 0
-0.10999999999999999 0.01 0
-0.09999999999999998 0.01 0
-0.08999999999999997 0.01 0
-0.08000000000000002 0.01 0
-0.07 0.01 0
-0.06 0.01 0
-0.04999999999999999 0.01 0
-0.03999999999999998 0.01 0
-0.02999999999999997 0.01 0
-0.020000000000000018 0.01 0
-0.010000000000000009 0.01 0
0 0.01 0
0.010000000000000009 0.01 0
0.020000000000000018 0.01 0
0.030000000000000027 0.01 0
0.040000000000000036 0.01 0
0.050000000000000044 0.01 0
0.06000000000000005 0.01 0
0.07000000000000006 0.01 0
0.07999999999999996 0.01 0
0.08999999999999997 0.01 0
0.09999999999999998 0.01 0
0.10999999999999999 0.01 0
0.12 0.01 0
0.13 0.01 0
0.14 0.01 0
0.15000000000000002 0.01 0
0.16000000000000003 0.01 0
0.17000000000000004 0.01 0
0.18000000000000005 0.01 0
0.19000000000000006 0.01 0
0.20000000000000007 0.01 0
0.20999999999999996 0.01 0
0.21999999999999997 0.01 0
0.22999999999999998 0.01 0
0.24 0.01 0
0.25 0.01 0
0.26 0.01 0
0.27 0.01 0
0.28 0.01 0
0.29000000000000004 0.01 0
0.30000000000000004 0.01 0
0.31000000000000005 0.01 0
0.32000000000000006 0.01 0
0.33000000000000007 0.01 0
0.33999999999999997 0.01 0
0.35 0.01 0
0.36 0.01 0
0.37 0.01 0
0.38 0.01 0
0.39 0.01 0
0.4 0.01 0
0.41000000000000003 0.01 0
0.42000000000000004 0.01 0
0.43000000000000005 0.01 0
0.44000000000000006 0.01 0
0.45000000000000007 0.01 0
0.45999999999999996 0.01 0
0.47 0.01 0
0.48 0.01 0
0.49 0.01 0
-0.49 0.02 0
-0.48 0.02 0
-0.47 0.02 0
-0.46 0.02 0
-0.45 0.02 0
-0.44 0.02 0
-0.43 0.02 0
-0.42 0.02 0
-0.41000000000000003 0.02 0
-0.4 0.02 0
-0.39 0.02 0
-0.38 0.02 0
-0.37 0.02 0
-0.36 0.02 0
-0.35 0.02 0
-0.33999999999999997 0.02 0
-0.32999999999999996 0.02 0
-0.32 0.02 0
-0.31 0.02 0
-0.3 0.02 0
-0.29000000000000004 0.02 0
-0.28 0.02 0
-0.27 0.02 0
-0.26 0.02 0
-0.25 0.02 0
-0.24 0.02 0
-0.22999999999999998 0.02 0
-0.21999999999999997 0.02 0
-0.21000000000000002 0.02 0
-0.2 0.02 0
-0.19 0.02 0
-0.18 0.02 0
-0.16999999999999998 0.02 0
-0.15999999999999998 0.02 0
-0.14999999999999997 0.02 0
-0.14 0.02 0
-0.13 0.02 0
-0.12 0.02 0
-0.10999999999999999 0.02 0
-0.09999999999999998 0.02 0
-0.08999999999999997 0.02 0
-0.08000000000000002 0.02 0
-0.07 0.02 0
-0.06 0.02 0
-0.04999999999999999 0.02 0
-0.03999999999999998 0.02 0
-0.02999999999999997 0.02 0
-0.020000000000000018 0.02 0
-0.010000000000000009 0.02 0
0 0.02 0
0.010000000000000009 0.02 0
0.020000000000000018 0.02 0
0.030000000000000027 0.02 0
0.040000000000000036 0.02 0
0.050000000000000044 0.02 0
0.06000000000000005 0.02 0
0.07000000000000006 0.02 0
0.07999999999999996 0.02 0
0.08999999999999997 0.02 0
0.09999999999999998 0.02 0
0.10999999999999999 0.02 0
0.12 0.02 0
0.13 0.02 0
0.14 0.02 0
0.15000000000000002 0.02 0
0.16000000000000003 0.02 0
0.17000000000000004 0.02 0
0.18000000000000005 0.02 0
0.19000000000000006 0.02 0
0.20000000000000007 0.02 0
0.20999999999999996 0.02 0
0.21999999999999997 0.02 0
0.22999999999999998 0.02 0
0.24 0.02 0
0.25 0.02 0
0.26 0.02 0
0.27 0.02 0
0.28 0.02 0
0.29000000000000004 0.02 0
0.30000000000000004 0.02 0
0.31000000000000005 0.02 0
0.32000000000000006 0.02 0
0.33000000000000007 0.02 0
0.33999999999999997 0.02 0
0.35 0.02 0
0.36 0.02 0
0.37 0.02 0
0.38 0.02 0
0.39 0.02 0
0.4 0.02 0
0.41000000000000003 0.02 0
0.42000000000000004 0.02 0
0.43000000000000005 0.02 0
0.44000000000000006 0.02 0
0.45000000000000007 0.02 0
0.45999999999999996 0.02 0
0.47 0.02 0
0.48 0.02 0
0.49 0.02 0
-0.49 0.03 0
-0.48 0.03 0
-0.47 0.03 0
-0.46 0.03 0
-0.45 0.03 0
-0.44 0.03 0
-0.43 0.03 0
-0.42 0.03 0
-0.41000000000000003 0.03 0
-0.4 0.03 0
-0.39 0.03 0
-0.38 0.03 0
-0.37 0.03 0
-0.36 0.03 0
-0.35 0.03 0
-0.33999999999999997 0.03 0
-0.32999999999999996 0.03 0
-0.32 0.03 0
-0.31 0.03 0
-0.3 0.03 0
-0.29000000000000004 0.03 0
-0.28 0.03 0
-0.27 0.03 0
-0.26 0.03 0
-0.25 0.03 0
-0.24 0.03 0
-0.22999999999999998 0.03 0
-0.21999999999999997 0.03 0
-0.21000000000000002 0.03 0
-0.2 0.03 0
-0.19 0.03 0
-0.18 0.03 0
-0.16999999999999998 0.03 0
-0.15999999999999998 0.03 0
-0.14999999999999997 0.03 0
-0.14 0.03 0
-0.13 0.03 0
-0.12 0.03 0
-0.10999999999999999 0.03 0
-0.09999999999999998 0.03 0
-0.08999999999999997 0.03 0
-0.08000000000000002 0.03 0
-0.07 0.03 0
-0.06 0.03 0
-0.04999999999999999 0.03 0
-0.03999999999999998 0.03 0
-0.02999999999999997 0.03 0
-0.020000000000000018 0.03 0
-0.010000000000000009 0.03 0
0 0.03 0
0.010000000000000009 0.03 0
0.020000000000000018 0.03 0
0.030000000000000027 0.03 0
0.040000000000000036 0.03 0
0.050000000000000044 0.03 0
0.06000000000000005 0.03 0
0.07000000000000006 0.03 0
0.07999999999999996 0.03 0
0.08999999999999997 0.03 0
0.09999999999999998 0.03 0
0.10999999999999999 0.03 0
0.12 0.03 0
0.13 0.03 0
0.14 0.03 0
0.15000000000000002 0.03 0
0.16000000000000003 0.03 0
0.17000000000000004 0.03 0
0.18000000000000005 0.03 0
0.19000000000000006 0.03 0
0.20000000000000007 0.03 0
0.20999999999999996 0.03 0
0.21999999999999997 0.03 0
0.22999999999999998 0.03 0
0.24 0.03 0
0.25 0.03 0
0.26 0.03 0
0.27 0.03 0
0.28 0.03 0
0.29000000000000004 0.03 0
0.30000000000000004 0.03 0
0.31000000000000005 0.03 0
0.32000000000000006 0.03 0
0.33000000000000007 0.03 0
0.33999999999999997 0.03 0
0.35 0.03 0
0.36 0.03 0
0.37 0.03 0
0.38 0.03 0
0.39 0.03 0
0.4 0.03 0
0.41000000000000003 0.03 0
0.42000000000000004 0.03 0
0.43000000000000005 0.03 0
0.44000000000000006 0.03 0
0.45000000000000007 0.03 0
0.45999999999999996 0.03 0
0.47 0.03 0
0.48 0.03 0
0.49 0.03 0
-0.49 0.04 0
-0.48 0.04 0
-0.47 0.04 0
-0.46 0.04 0
-0.45 0.04 0
-0.44 0.04 0
-0.43 0.04 0
-0.42 0.04 0
-0.41000000000000003 0.04 0
-0.4 0.04 0
-0.39 0.04 0
-0.38 0.04 0
-0.37 0.04 0
-0.36 0.04 0
-0.35 0.04 0
-0.33999999999999997 0.04 0
-0.32999999999999996 0.04 0
-0.32 0.04 0
-0.31 0.04 0
-0.3 0.04 0
-0.29000000000000004 0.04 0
-0.28 0.04 0
-0.27 0.04 0
-0.26 0.04 0
-0.25 0.04 0
-0.24 0.04 0
-0.22999999999999998 0.04 0
-0.21999999999999997 0.04 0
-0.21000000000000002 0.04 0
-0.2 0.04 0
-0.19 0.04 0
-0.18 0.04 0
-0.16999999999999998 0.04 0
-0.15999999999999998 0.04 0
-0.14999999999999997 0.04 0
-0.14 0.04 0
-0.13 0.04 0
-0.12 0.04 0
-0.10999999999999999 0.04 0
-0.09999999999999998 0.04 0
-0.08999999999999997 0.04 0
-0.08000000000000002 0.04 0
-0.07 0.04 0
-0.06 0.04 0
-0.04999999999999999 0.04 0
-0.03999999999999998 0.04 0
-0.02999999999999997 0.04 0
-0.020000000000000018 0.04 0
-0.010000000000000009 0.04 0
0 0.04 0
0.010000000000000009 0.04 0
0.020000000000000018 0.04 0
0.030000000000000027 0.04 0
0.040000000000000036 0.04 0
0.050000000000000044 0.04 0
0.06000000000000005 0.04 0
0.07000000000000006 0.04 0
0.07999999999999996 0.04 0
0.08999999999999997 0.04 0
0.09999999999999998 0.04 0
0.10999999999999999 0.04 0
0.12 0.04 0
0.13 0.04 0
0.14 0.04 0
0.15000000000000002 0.04 0
0.16000000000000003 0.04 0
0.17000000000000004 0.04 0
0.18000000000000005 0.04 0
0.19000000000000006 0.04 0
0.20000000000000007 0.04 0
0.20999999999999996 0.04 0
0.21999999999999997 0.04 0
0.22999999999999998 0.04 0
0.24 0.04 0
0.25 0.04 0
0.26 0.04 0
0.27 0.04 0
0.28 0.04 0
0.29000000000000004 0.04 0
0.30000000000000004 0.04 0
0.31000000000000005 0.04 0
0.32000000000000006 0.04 0
0.33000000000000007 0.04 0
0.33999999999999997 0.04 0
0.35 0.04 0
0.36 0.04 0
0.37 0.04 0
0.38 0.04 0
0.39 0.04 0
0.4 0.04 0
0.41000000000000003 0.04 0
0.42000000000000004 0.04 0
0.43000000000000005 0.04 0
0.44000000000000006 0.04 0
0.45000000000000007 0.04 0
0.45999999999999996 0.04 0
0.47 0.04 0
0.48 0.04 0
0.49 0.04 0
-0.49 0.05 0
-0.48 0.05 0
-0.47 0.05 0
-0.46 0.05 0
-0.45 0.05 0
-0.44 0.05 0
-0.43 0.05 0
-0.42 0.05 0
-0.41000000000000003 0.05 0
-0.4 0.05 0
-0.39 0.05 0
-0.38 0.05 0
-0.37 0.05 0
-0.36 0.05 0
-0.35 0.05 0
-0.33999999999999997 0.05 0
-0.32999999999999996 0.05 0
-0.32 0.05 0
-0.31 0.05 0
-0.3 0.05 0
-0.29000000000000004 0.05 0
-0.28 0.05 0
-0.27 0.05 0
-0.26 0.05 0
-0.25 0.05 0
-0.24 0.05 0
-0.22999999999999998 0.05 0
-0.21999999999999997 0.05 0
-0.21000000000000002 0.05 0
-0.2 0.05 0
-0.19 0.05 0
-0.18 0.05 0
-0.16999999999999998 0.05 0
-0.15999999999999998 0.05 0
-0.14999999999999997 0.05 0
-0.14 0.05 0
-0.13 0.05 0
-0.12 0.05 0
-0.10999999999999999 0.05 0
-0.09999999999999998 0.05 0
-0.08999999999999997 0.05 0
-0.08000000000000002 0.05 0
-0.07 0.05 0
-0.06 0.05 0
-0.04999999999999999 0.05 0
-0.03999999999999998 0.05 0
-0.02999999999999997 0.05 0
-0.020000000000000018 0.05 0
-0.010000000000000009 0.05 0
0 0.05 0
0.010000000000000009 0.05 0
0.020000000000000018 0.05 0
0.030000000000000027 0.05 0
0.040000000000000036 0.05 0
0.050000000000000044 0.05 0
0.06000000000000005 0.05 0
0.07000000000000006 0.05 0
0.07999999999999996 0.05 0
0.08999999999999997 0.05 0
0.09999999999999998 0.05 0
0.10999999999999999 0.05 0
0.12 0.05 0
0.13 0.05 0
0.14 0.05 0
0.15000000000000002 0.05 0
0.16000000000000003 0.05 0
0.17000000000000004 0.05 0
0.18000000000000005 0.05 0
0.19000000000000006 0.05 0
0.20000000000000007 0.05 0
0.20999999999999996 0.05 0
0.21999999999999997 0.05 0
0.22999999999999998 0.05 0
0.24 0.05 0
0.25 0.05 0
0.26 0.05 0
0.27 0.05 0
0.28 0.05 0
0.29000000000000004 0.05 0
0.30000000000000004 0.05 0
0.31000000000000005 0.05 0
0.32000000000000006 0.05 0
0.33000000000000007 0.05 0
0.33999999999999997 0.05 0
0.35 0.05 0
0.36 0.05 0
0.37 0.05 0
0.38 0.05 0
0.39 0.05 0
0.4 0.05 0
0.41000000000000003 0.05 0
0.42000000000000004 0.05 0
0.43000000000000005 0.05 0
0.44000000000000006 0.05 0
0.45000000000000007 0.05 0
0.45999999999999996 0.05 0
0.47 0.05 0
0.48 0.05 0
0.49 0.05 0
-0.49 0.06 0
-0.48 0.06 0
-0.47 0.06 0
-0.46 0.06 0
-0.45 0.06 0
-0.44 0.06 0
-0.43 0.06 0
-0.42 0.06 0
-0.41000000000000003 0.06 0
-0.4 0.06 0
-0.39 0.06 0
-0.38 0.06 0
-0.37 0.06 0
-0.36 0.06 0
-0.35 0.06 0
-0.33999999999999997 0.06 0
-0.32999999999999996 0.06 0
-0.32 0.06 0
-0.31 0.06 0
-0.3 0.06 0
-0.29000000000000004 0.06 0
-0.28 0.06 0
-0.27 0.06 0
-0.26 0.06 0
-0.25 0.06 0
-0.24 0.06 0
-0.22999999999999998 0.06 0
-0.21999999999999997 0.06 0
-0.21000000000000002 0.06 0
-0.2 0.06 0
-0.19 0.06 0
-0.18 0.06 0
-0.16999999999999998 0.06 0
-0.15999999999999998 0.06 0
-0.14999999999999997 0.06 0
-0.14 0.06 0
-0.13 0.06 0
-0.12 0.06 0
-0.10999999999999999 0.06 0
-0.09999999999999998 0.06 0
-0.08999999999999997 0.06 0
-0.08000000000000002 0.06 0
-0.07 0.06 0
-0.06 0.06 0
-0.04999999999999999 0.06 0
-0.03999999999999998 0.06 0
-0.02999999999999997 0.06 0
-0.020000000000000018 0.06 0
-0.010000000000000009 0.06 0
0 0.06 0
0.010000000000000009 0.06 0
0.020000000000000018 0.06 0
0.030000000000000027 0.06 0
0.040000000000000036 0.06 0
0.050000000000000044 0.06 0
0.06000000000000005 0.06 0
0.07000000000000006 0.06 0
0.07999999999999996 0.06 0
0.08999999999999997 0.06 0
0.09999999999999998 0.06 0
0.10999999999999999 0.06 0
0.12 0.06 0
0.13 0.06 0
0.14 0.06 0
0.15000000000000002 0.06 0
0.16000000000000003 0.06 0
0.17000000000000004 0.06 0
0.18000000000000005 0.06 0
0.19000000000000006 0.06 0
0.20000000000000007 0.06 0
0.20999999999999996 0.06 0
0.21999999999999997 0.06 0
0.22999999999999998 0.06 0
0.24 0.06 0
0.25 0.06 0
0.26 0.06 0
0.27 0.06 0
0.28 0.06 0
0.29000000000000004 0.06 0
0.30000000000000004 0.06 0
0.31000000000000005 0.06 0
0.32000000000000006 0.06 0
0.33000000000000007 0.06 0
0.33999999999999997 0.06 0
0.35 0.06 0
0.36 0.06 0
0.37 0.06 0
0.38 0.06 0
0.39 0.06 0
0.4 0.06 0
0.41000000000000003 0.06 0
0.42000000000000004 0.06 0
0.43000000000000005 0.06 0
0.44000000000000006 0.06 0
0.45000000000000007 0.06 0
0.45999999999999996 0.06 0
0.47 0.06 0
0.48 0.06 0
0.49 0.06 0
-0.49 0.07 0
-0.48 0.07 0
-0.47 0.07 0
-0.46 0.07 0
-0.45 0.07 0
-0.44 0.07 0
-0.43 0.07 0
-0.42 0.07 0
-0.41000000000000003 0.07 0
-0.4 0.07 0
-0.39 0.07 0
-0.38 0.07 0
-0.37 0.07 0
-0.36 0.07 0
-0.35 0.07 0
-0.33999999999999997 0.07 0
-0.32999999999999996 0.07 0
-0.32 0.07 0
-0.31 0.07 0
-0.3 0.07 0
-0.29000000000000004 0.07 0
-0.28 0.07 0
-0.27 0.07 0
-0.26 0.07 0
-0.25 0.07 0
-0.24 0.07 0
-0.22999999999999998 0.07 0
-0.21999999999999997 0.07 0
-0.21000000000000002 0.07 0
-0.2 0.07 0
-0.19 0.07 0
-0.18 0.07 0
-0.16999999999999998 0.07 0
-0.15999999999999998 0.07 0
-0.14999999999999997 0.07 0
-0.14 0.07 0
-0.13 0.07 0
-0.12 0.07 0
-0.10999999999999999 0.07 0
-0.09999999999999998 0.07 0
-0.08999999999999997 0.07 0
-0.08000000000000002 0.07 0
-0.07 0.07 0
-0.06 0.07 0
-0.04999999999999999 0.07 0
-0.03999999999999998 0.07 0
-0.02999999999999997 0.07 0
-0.020000000000000018 0.07 0
-0.010000000000000009 0.07 0
0 0.07 0
0.010000000000000009 0.07 0
0.020000000000000018 0.07 0
0.030000000000000027 0.07 0
0.040000000000000036 0.07 0
0.050000000000000044 0.07 0
0.06000000000000005 0.07 0
0.07000000000000006 0.07 0
0.07999999999999996 0.07 0
0.08999999999999997 0.07 0
0.09999999999999998 0.07 0
0.10999999999999999 0.07 0
0.12 0.07 0
0.13 0.07 0
0.14 0.07 0
0.15000000000000002 0.07 0
0.16000000000000003 0.07 0
0.17000000000000004 0.07 0
0.18000000000000005 0.07 0
0.19000000000000006 0.07 0
0.20000000000000007 0.07 0
0.20999999999999996 0.07 0
0.21999999999999997 0.07 0
0.22999999999999998 0.07 0
0.24 0.07 0
0.25 0.07 0
0.26 0.07 0
0.27 0.07 0
0.28 0.07 0
0.29000000000000004 0.07 0
0.30000000000000004 0.07 0
0.31000000000000005 0.07 0
0.32000000000000006 0.07 0
0.33000000000000007 0.07 0
0.33999999999999997 0.07 0
0.35 0.07 0
0.36 0.07 0
0.37 0.07 0
0.38 0.07 0
0.39 0.07 0
0.4 0.07 0
0.41000000000000003 0.07 0
0.42000000000000004 0.07 0
0.43000000000000005 0.07 0
0.44000000000000006 0.07 0
0.45000000000000007 0.07 0
0.45999999999999996 0.07 0
0.47 0.07 0
0.48 0.07 0
0.49 0.07 0
-0.49 0.08 0
-0.48 0.08 0
-0.47 0.08 0
-0.46 0.08 0
-0.45 0.08 0
-0.44 0.08 0
-0.43 0.08 0
-0.42 0.08 0
-0.41000000000000003 0.08 0
-0.4 0.08 0
-0.39 0.08 0
-0.38 0.08 0
-0.37 0.08 0
-0.36 0.08 0
-0.35 0.08 0
-0.33999999999999997 0.08 0
-0.32999999999999996 0.08 0
-0.32 0.08 0
-0.31 0.08 0
-0.3 0.08 0
-0.29000000000000004 0.08 0
-0.28 0.08 0
-0.27 0.08 0
-0.26 0.08 0
-0.25 0.08 0
-0.24 0.08 0
-0.22999999999999998 0.08 0
-0.21999999999999997 0.08 0
-0.21000000000000002 0.08 0
-0.2 0.08 0
-0.19 0.08 0
-0.18 0.08 0
-0.16999999999999998 0.08 0
-0.15999999999999998 0.08 0
-0.14999999999999997 0.08 0
-0.14 0.08 0
-0.13 0.08 0
-0.12 0.08 0
-0.10999999999999999 0.08 0
-0.09999999999999998 0.08 0
-0.08999999999999997 0.08 0
-0.08000000000000002 0.08 0
-0.07 0.08 0
-0.06 0.08 0
-0.04999999999999999 0.08 0
-0.03999999999999998 0.08 0
-0.02999999999999997 0.08 0
-0.020000000000000018 0.08 0
-0.010000000000000009 0.08 0
0 0.08 0
0.010000000000000009 0.08 0
0.020000000000000018 0.08 0
0.030000000000000027 0.08 0
0.040000000000000036 0.08 0
0.050000000000000044 0.08 0
0.06000000000000005 0.08 0
0.07000000000000006 0.08 0
0.07999999999999996 0.08 0
0.08999999999999997 0.08 0
0.09999999999999998 0.08 0
0.10999999999999999 0.08 0
0.12 0.08 0
0.13 0.08 0
0.14 0.08 0
0.15000000000000002 0.08 0
0.16000000000000003 0.08 0
0.17000000000000004 0.08 0
0.18000000000000005 0.08 0
0.19000000000000006 0.08 0
0.20000000000000007 0.08 0
0.20999999999999996 0.08 0
0.21999999999999997 0.08 0
0.22999999999999998 0.08 0
0.24 0.08 0
0.25 0.08 0
0.26 0.08 0
0.27 0.08 0
0.28 0.08 0
0.29000000000000004 0.08 0
0.30000000000000004 0.08 0
0.31000000000000005 0.08 0
0.32000000000000006 0.08 0
0.33000000000000007 0.08 0
0.33999999999999997 0.08 0
0.35 0.08 0
0.36 0.08 0
0.37 0.08 0
0.38 0.08 0
0.39 0.08 0
0.4 0.08 0
0.41000000000000003 0.08 0
0.42000000000000004 0.08 0
0.43000000000000005 0.08 0
0.44000000000000006 0.08 0
0.45000000000000007 0.08 0
0.45999999999999996 0.08 0
0.47 0.08 0
0.48 0.08 0
0.49 0.08 0
-0.49 0.09 0
-0.48 0.09 0
-0.47 0.09 0
-0.46 0.09 0
-0.45 0.09 0
-0.44 0.09 0
-0.43 0.09 0
-0.42 0.09 0
-0.41000000000000003 0.09 0
-0.4 0.09 0
-0.39 0.09 0
-0.38 0.09 0
-0.37 0.09 0
-0.36 0.09 0
-0.35 0.09 0
-0.33999999999999997 0.09 0
-0.32999999999999996 0.09 0
-0.32 0.09 0
-0.31 0.09 0
-0.3 0.09 0
-0.29000000000000004 0.09 0
-0.28 0.09 0
-0.27 0.09 0
-0.26 0.09 0
-0.25 0.09 0
-0.24 0.09 0
-0.22999999999999998 0.09 0
-0.21999999999999997 0.09 0
-0.21000000000000002 0.09 0
-0.2 0.09 0
-0.19 0.09 0
-0.18 0.09 0
-0.16999999999999998 0.09 0
-0.15999999999999998 0.09 0
-0.14999999999999997 0.09 0
-0.14 0.09 0
-0.13 0.09 0
-0.12 0.09 0
-0.10999999999999999 0.09 0
-0.09999999999999998 0.09 0
-0.08999999999999997 0.09 0
-0.08000000000000002 0.09 0
-0.07 0.09 0
-0.06 0.09 0
-0.04999999999999999 0.09 0
-0.03999999999999998 0.09 0
-0.02999999999999997 0.09 0
-0.020000000000000018 0.09 0
-0.010000000000000009 0.09 0
0 0.09 0
0.010000000000000009 0.09 0
0.020000000000000018 0.09 0
0.030000000000000027 0.09 0
0.040000000000000036 0.09 0
0.050000000000000044 0.09 0
0.06000000000000005 0.09 0
0.07000000000000006 0.09 0
0.07999999999999996 0.09 0
0.08999999999999997 0.09 0
0.09999999999999998 0.09 0
0.10999999999999999 0.09 0
0.12 0.09 0
0.13 0.09 0
0.14 0.09 0
0.15000000000000002 0.09 0
0.16000000000000003 0.09 0
0.17000000000000004 0.09 0
0.18000000000000005 0.09 0
0.19000000000000006 0.09 0
0.20000000000000007 0.09 0
0.20999999999999996 0.09 0
0.21999999999999997 0.09 0
0.22999999999999998 0.09 0
0.24 0.09 0
0.25 0.09 0
0.26 0.09 0
0.27 0.09 0
0.28 0.09 0
0.29000000000000004 0.09 0
0.30000000000000004 0.09 0
0.31000000000000005 0.09 0
0.32000000000000006 0.09 0
0.33000000000000007 0.09 0
0.33999999999999997 0.09 0
0.35 0.09 0
0.36 0.09 0
0.37 0.09 0
0.38 0.09 0
0.39 0.09 0
0.4 0.09 0
0.41000000000000003 0.09 0
0.42000000000000004 0.09 0
0.43000000000000005 0.09 0
0.44000000000000006 0.09 0
0.45000000000000007 0.09 0
0.45999999999999996 0.09 0
0.47 0.09 0
0.48 0.09 0
0.49 0.09 0
-0.49 0.1 0
-0.48 0.1 0
-0.47 0.1 0
-0.46 0.1 0
-0.45 0.1 0
-0.44 0.1 0
-0.43 0.1 0
-0.42 0.1 0
-0.41000000000000003 0.1 0
-0.4 0.1 0
-0.39 0.1 0
-0.38 0.1 0
-0.37 0.1 0
-0.36 0.1 0
-0.35 0.1 0
-0.33999999999999997 0.1 0
-0.32999999999999996 0.1 0
-0.32 0.1 0
-0.31 0.1 0
-0.3 0.1 0
-0.29000000000000004 0.1 0
-0.28 0.1 0
-0.27 0.1 0
-0.26 0.1 0
-0.25 0.1 0
-0.24 0.1 0
-0.22999999999999998 0.1 0
-0.21999999999999997 0.1 0
-0.21000000000000002 0.1 0
-0.2 0.1 0
-0.19 0.1 0
-0.18 0.1 0
-0.16999999999999998 0.1 0
-0.15999999999999998 0.1 0
-0.14999999999999997 0.1 0
-0.14 0.1 0
-0.13 0.1 0
-0.12 0.1 0
-0.10999999999999999 0.1 0
-0.09999999999999998 0.1 0
-0.08999999999999997 0.1 0
-0.08000000000000002 0.1 0
-0.07 0.1 0
-0.06 0.1 0
-0.04999999999999999 0.1 0
-0.03999999999999998 0.1 0
-0.02999999999999997 0.1 0
-0.020000000000000018 0.1 0
-0.010000000000000009 0.1 0
0 0.1 0
0.010000000000000009 0.1 0
0.020000000000000018 0.1 0
0.030000000000000027 0.1 0
0.040000000000000036 0.1 0
0.050000000000000044 0.1 0
0.06000000000000005 0.1 0
0.07000000000000006 0.1 0
0.07999999999999996 0.1 0
0.08999999999999997 0.1 0
0.09999999999999998 0.1 0
0.10999999999999999 0.1 0
0.12 0.1 0
0.13 0.1 0
0.14 0.1 0
0.15000000000000002 0.1 0
0.16000000000000003 0.1 0
0.17000000000000004 0.1 0
0.18000000000000005 0.1 0
0.19000000000000006 0.1 0
0.20000000000000007 0.1 0
0.20999999999999996 0.1 0
0.21999999999999997 0.1 0
0.22999999999999998 0.1 0
0.24 0.1 0
0.25 0.1 0
0.26 0.1 0
0.27 0.1 0
0.28 0.1 0
0.29000000000000004 0.1 0
0.30000000000000004 0.1 0
0.31000000000000005 0.1 0
0.32000000000000006 0.1 0
0.33000000000000007 0.1 0
0.33999999999999997 0.1 0
0.35 0.1 0
0.36 0.1 0
0.37 0.1 0
0.38 0.1 0
0.39 0.1 0
0.4 0.1 0
0.41000000000000003 0.1 0
0.42000000000000004 0.1 0
0.43000000000000005 0.1 0
0.44000000000000006 0.1 0
0.45000000000000007 0.1 0
0.45999999999999996 0.1 0
0.47 0.1 0
0.48 0.1 0
0.49 0.1 0
-0.49 0.11 0
-0.48 0.11 0
-0.47 0.11 0
-0.46 0.11 0
-0.45 0.11 0
-0.44 0.11 0
-0.43 0.11 0
-0.42 0.11 0
-0.41000000000000003 0.11 0
-0.4 0.11 0
-0.39 0.11 0
-0.38 0.11 0
-0.37 0.11 0
-0.36 0.11 0
-0.35 0.11 0
-0.33999999999999997 0.11 0
-0.32999999999999996 0.11 0
-0.32 0.11 0
-0.31 0.11 0
-0.3 0.11 0
-0.29000000000000004 0.11 0
-0.28 0.11 0
-0.27 0.11 0
-0.26 0.11 0
-0.25 0.11 0
-0.24 0.11 0
-0.22999999999999998 0.11 0
-0.21999999999999997 0.11 0
-0.21000000000000002 0.11 0
-0.2 0.11 0
-0.19 0.11 0
-0.18 0.11 0
-0.16999999999999998 0.11 0
-0.15999999999999998 0.11 0
-0.14999999999999997 0.11 0
-0.14 0.11 0
-0.13 0.11 0
-0.12 0.11 0
-0.10999999999999999 0.11 0
-0.09999999999999998 0.11 0
-0.08999999999999997 0.11 0
-0.08000000000000002 0.11 0
-0.07 0.11 0
-0.06 0.11 0
-0.04999999999999999 0.11 0
-0.03999999999999998 0.11 0
-0.02999999999999997 0.11 0
-0.020000000000000018 0.11 0
-0.010000000000000009 0.11 0
0 0.11 0
0.010000000000000009 0.11 0
0.020000000000000018 0.11 0
0.030000000000000027 0.11 0
0.040000000000000036 0.11 0
0.050000000000000044 0.11 0
0.06000000000000005 0.11 0
0.07000000000000006 0.11 0
0.07999999999999996 0.11 0
0.08999999999999997 0.11 0
0.09999999999999998 0.11 0
0.10999999999999999 0.11 0
0.12 0.11 0
0.13 0.11 0
0.14 0.11 0
0.15000000000000002 0.11 0
0.16000000000000003 0.11 0
0.17000000000000004 0.11 0
0.18000000000000005 0.11 0
0.19000000000000006 0.11 0
0.20000000000000007 0.11 0
0.20999999999999996 0.11 0
0.21999999999999997 0.11 0
0.22999999999999998 0.11 0
0.24 0.11 0
0.25 0.11 0
0.26 0.11 0
0.27 0.11 0
0.28 0.11 0
0.29000000000000004 0.11 0
0.30000000000000004 0.11 0
0.31000000000000005 0.11 0
0.32000000000000006 0.11 0
0.33000000000000007 0.11 0
0.33999999999999997 0.11 0
0.35 0.11 0
0.36 0.11 0
0.37 0.11 0
0.38 0.11 0
0.39 0.11 0
0.4 0.11 0
0.41000000000000003 0.11 0
0.42000000000000004 0.11 0
0.43000000000000005 0.11 0
0.44000000000000006 0.11 0
0.45000000000000007 0.11 0
0.45999999999999996 0.11 0
0.47 0.11 0
0.48 0.11 0
0.49 0.11 0
-0.49 0.12 0
-0.48 0.12 0
-0.47 0.12 0
-0.46 0.12 0
-0.45 0.12 0
-0.44 0.12 0
-0.43 0.12 0
-0.42 0.12 0
-0.41000000000000003 0.12 0
-0.4 0.12 0
-0.39 0.12 0
-0.38 0.12 0
-0.37 0.12 0
-0.36 0.12 0
-0.35 0.12 0
-0.33999999999999997 0.12 0
-0.32999999999999996 0.12 0
-0.32 0.12 0
-0.31 0.12 0
-0.3 0.12 0
-0.29000000000000004 0.12 0
-0.28 0.12 0
-0.27 0.12 0
-0.26 0.12 0
-0.25 0.12 0
-0.24 0.12 0
-0.22999999999999998 0.12 0
-0.21999999999999997 0.12 0
-0.21000000000000002 0.12 0
-0.2 0.12 0
-0.19 0.12 0
-0.18 0.12 0
-0.16999999999999998 0.12 0
-0.15999999999999998 0.12 0
-0.14999999999999997 0.12 0
-0.14 0.12 0
-0.13 0.12 0
-0.12 0.12 0
-0.10999999999999999 0.12 0
-0.09999999999999998 0.12 0
-0.08999999999999997 0.12 0
-0.08000000000000002 0.12 0
-0.07 0.12 0
-0.06 0.12 0
-0.04999999999999999 0.12 0
-0.03999999999999998 0.12 0
-0.02999999999999997 0.12 0
-0.020000000000000018 0.12 0
-0.010000000000000009 0.12 0
0 0.12 0
0.010000000000000009 0.12 0
0.020000000000000018 0.12 0
0.030000000000000027 0.12 0
0.040000000000000036 0.12 0
0.050000000000000044 0.12 0
0.06000000000000005 0.12 0
0.07000000000000006 0.12 0
0.07999999999999996 0.12 0
0.08999999999999997 0.12 0
0.09999999999999998 0.12 0
0.10999999999999999 0.12 0
0.12 0.12 0
0.13 0.12 0
0.14 0.12 0
0.15000000000000002 0.12 0
0.16000000000000003 0.12 0
0.17000000000000004 0.12 0
0.18000000000000005 0.12 0
0.19000000000000006 0.12 0
0.20000000000000007 0.12 0
0.20999999999999996 0.12 0
0.21999999999999997 0.12 0
0.22999999999999998 0.12 0
0.24 0.12 0
0.25 0.12 0
0.26 0.12 0
0.27 0.12 0
0.28 0.12 0
0.29000000000000004 0.12 0
0.30000000000000004 0.12 0
0.31000000000000005 0.12 0
0.32000000000000006 0.12 0
0.33000000000000007 0.12 0
0.33999999999999997 0.12 0
0.35 0.12 0
0.36 0.12 0
0.37 0.12 0
0.38 0.12 0
0.39 0.12 0
0.4 0.12 0
0.41000000000000003 0.12 0
0.42000000000000004 0.12 0
0.43000000000000005 0.12 0
0.44000000000000006 0.12 0
0.45000000000000007 0.12 0
0.45999999999999996 0.12 0
0.47 0.12 0
0.48 0.12 0
0.49 0.12 0
-0.49 0.13 0
-0.48 0.13 0
-0.47 0.13 0
-0.46 0.13 0
-0.45 0.13 0
-0.44 0.13 0
-0.43 0.13 0
-0.42 0.13 0
-0.41000000000000003 0.13 0
-0.4 0.13 0
-0.39 0.13 0
-0.38 0.13 0
-0.37 0.13 0
-0.36 0.13 0
-0.35 0.13 0
-0.33999999999999997 0.13 0
-0.32999999999999996 0.13 0
-0.32 0.13 0
-0.31 0.13 0
-0.3 0.13 0
-0.29000000000000004 0.13 0
-0.28 0.13 0
-0.27 0.13 0
-0.26 0.13 0
-0.25 0.13 0
-0.24 0.13 0
-0.22999999999999998 0.13 0
-0.21999999999999997 0.13 0
-0.21000000000000002 0.13 0
-0.2 0.13 0
-0.19 0.13 0
-0.18 0.13 0
-0.16999999999999998 0.13 0
-0.15999999999999998 0.13 0
-0.14999999999999997 0.13 0
-0.14 0.13 0
-0.13 0.13 0
-0.12 0.13 0
-0.10999999999999999 0.13 0
-0.09999999999999998 0.13 0
-0.08999999999999997 0.13 0
-0.08000000000000002 0.13 0
-0.07 0.13 0
-0.06 0.13 0
-0.04999999999999999 0.13 0
-0.03999999999999998 0.13 0
-0.02999999999999997 0.13 0
-0.020000000000000018 0.13 0
-0.010000000000000009 0.13 0
0 0.13 0
0.010000000000000009 0.13 0
0.020000000000000018 0.13 0
0.030000000000000027 0.13 0
0.040000000000000036 0.13 0
0.050000000000000044 0.13 0
0.06000000000000005 0.13 0
0.07000000000000006 0.13 0
0.07999999999999996 0.13 0
0.08999999999999997 0.13 0
0.09999999999999998 0.13 0
0.10999999999999999 0.13 0
0.12 0.13 0
0.13 0.13 0
0.14 0.13 0
0.15000000000000002 0.13 0
0.16000000000000003 0.13 0
0.17000000000000004 0.13 0
0.18000000000000005 0.13 0
0.19000000000000006 0.13 0
0.20000000000000007 0.13 0
0.20999999999999996 0.13 0
0.21999999999999997 0.13 0
0.22999999999999998 0.13 0
0.24 0.13 0
0.25 0.13 0
0.26 0.13 0
0.27 0.13 0
0.28 0.13 0
0.29000000000000004 0.13 0
0.30000000000000004 0.13 0
0.31000000000000005 0.13 0
0.32000000000000006 0.13 0
0.33000000000000007 0.13 0
0.33999999999999997 0.13 0
0.35 0.13 0
0.36 0.13 0
0.37 0.13 0
0.38 0.13 0
0.39 0.13 0
0.4 0.13 0
0.41000000000000003 0.13 0
0.42000000000000004 0.13 0
0.43000000000000005 0.13 0
0.44000000000000006 0.13 0
0.45000000000000007 0.13 0
0.45999999999999996 0.13 0
0.47 0.13 0
0.48 0.13 0
0.49 0.13 0
-0.49 0.14 0
-0.48 0.14 0
-0.47 0.14 0
-0.46 0.14 0
-0.45 0.14 0
-0.44 0.14 0
-0.43 0.14 0
-0.42 0.14 0
-0.41000000000000003 0.14 0
-0.4 0.14 0
-0.39 0.14 0
-0.38 0.14 0
-0.37 0.14 0
-0.36 0.14 0
-0.35 0.14 0
-0.33999999999999997 0.14 0
-0.32999999999999996 0.14 0
-0.32 0.14 0
-0.31 0.14 0
-0.3 0.14 0
-0.29000000000000004 0.14 0
-0.28 0.14 0
-0.27 0.14 0
-0.26 0.14 0
-0.25 0.14 0
-0.24 0.14 0
-0.22999999999999998 0.14 0
-0.21999999999999997 0.14 0
-0.21000000000000002 0.14 0
-0.2 0.14 0
-0.19 0.14 0
-0.18 0.14 0
-0.16999999999999998 0.14 0
-0.15999999999999998 0.14 0
-0.14999999999999997 0.14 0
-0.14 0.14 0
-0.13 0.14 0
-0.12 0.14 0
-0.10999999999999999 0.14 0
-0.09999999999999998 0.14 0
-0.08999999999999997 0.14 0
-0.08000000000000002 0.14 0
-0.07 0.14 0
-0.06 0.14 0
-0.04999999999999999 0.14 0
-0.03999999999999998 0.14 0
-0.02999999999999997 0.14 0
-0.020000000000000018 0.14 0
-0.010000000000000009 0.14 0
0 0.14 0
0.010000000000000009 0.14 0
0.020000000000000018 0.14 0
0.030000000000000027 0.14 0
0.040000000000000036 0.14 0
0.050000000000000044 0.14 0
0.06000000000000005 0.14 0
0.07000000000000006 0.14 0
0.07999999999999996 0.14 0
0.08999999999999997 0.14 0
0.09999999999999998 0.14 0
0.10999999999999999 0.14 0
0.12 0.14 0
0.13 0.14 0
0.14 0.14 0
0.15000000000000002 0.14 0
0.16000000000000003 0.14 0
0.17000000000000004 0.14 0
0.18000000000000005 0.14 0
0.19000000000000006 0.14 0
0.20000000000000007 0.14 0
0.20999999999999996 0.14 0
0.21999999999999997 0.14 0
0.22999999999999998 0.14 0
0.24 0.14 0
0.25 0.14 0
0.26 0.14 0
0.27 0.14 0
0.28 0.14 0
0.29000000000000004 0.14 0
0.30000000000000004 0.14 0
0.31000000000000005 0.14 0
0.32000000000000006 0.14 0
0.33000000000000007 0.14 0
0.33999999999999997 0.14 0
0.35 0.14 0
0.36 0.14 0
0.37 0.14 0
0.38 0.14 0
0.39 0.14 0
0.4 0.14 0
0.41000000000000003 0.14 0
0.42000000000000004 0.14 0
0.43000000000000005 0.14 0
0.44000000000000006 0.14 0
0.45000000000000007 0.14 0
0.45999999999999996 0.14 0
0.47 0.14 0
0.48 0.14 0
0.49 0.14 0
-0.49 0.15 0
-0.48 0.15 0
-0.47 0.15 0
-0.46 0.15 0
-0.45 0.15 0
-0.44 0.15 0
-0.43 0.15 0
-0.42 0.15 0
-0.41000000000000003 0.15 0
-0.4 0.15 0
-0.39 0.15 0
-0.38 0.15 0
-0.37 0.15 0
-0.36 0.15 0
-0.35 0.15 0
-0.33999999999999997 0.15 0
-0.32999999999999996 0.15 0
-0.32 0.15 0
-0.31 0.15 0
-0.3 0.15 0
-0.29000000000000004 0.15 0
-0.28 0.15 0
-0.27 0.15 0
-0.26 0.15 0
-0.25 0.15 0
-0.24 0.15 0
-0.22999999999999998 0.15 0
-0.21999999999999997 0.15 0
-0.21000000000000002 0.15 0
-0.2 0.15 0
-0.19 0.15 0
-0.18 0.15 0
-0.16999999999999998 0.15 0
-0.15999999999999998 0.15 0
-0.14999999999999997 0.15 0
-0.14 0.15 0
-0.13 0.15 0
-0.12 0.15 0
-0.10999999999999999 0.15 0
-0.09999999999999998 0.15 0
-0.08999999999999997 0.15 0
-0.08000000000000002 0.15 0
-0.07 0.15 0
-0.06 0.15 0
-0.04999999999999999 0.15 0
-0.03999999999999998 0.15 0
-0.02999999999999997 0.15 0
-0.020000000000000018 0.15 0
-0.010000000000000009 0.15 0
0 0.15 0
0.010000000000000009 0.15 0
0.020000000000000018 0.15 0
0.030000000000000027 0.15 0
0.040000000000000036 0.15 0
0.050000000000000044 0.15 0
0.06000000000000005 0.15 0
0.07000000000000006 0.15 0
0.07999999999999996 0.15 0
0.08999999999999997 0.15 0
0.09999999999999998 0.15 0
0.10999999999999999 0.15 0
0.12 0.15 0
0.13 0.15 0
0.14 0.15 0
0.15000000000000002 0.15 0
0.16000000000000003 0.15 0
0.17000000000000004 0.15 0
0.18000000000000005 0.15 0
0.19000000000000006 0.15 0
0.20000000000000007 0.15 0
0.20999999999999996 0.15 0
0.21999999999999997 0.15 0
0.22999999999999998 0.15 0
0.24 0.15 0
0.25 0.15 0
0.26 0.15 0
0.27 0.15 0
0.28 0.15 0
0.29000000000000004 0.15 0
0.30000000000000004 0.15 0
0.31000000000000005 0.15 0
0.32000000000000006 0.15 0
0.33000000000000007 0.15 0
0.33999999999999997 0.15 0
0.35 0.15 0
0.36 0.15 0
0.37 0.15 0
0.38 0.15 0
0.39 0.15 0
0.4 0.15 0
0.41000000000000003 0.15 0
0.42000000000000004 0.15 0
0.43000000000000005 0.15 0
0.44000000000000006 0.15 0
0.45000000000000007 0.15 0
0.45999999999999996 0.15 0
0.47 0.15 0
0.48 0.15 0
0.49 0.15 0
-0.49 0.16 0
-0.48 0.16 0
-0.47 0.16 0
-0.46 0.16 0
-0.45 0.16 0
-0.44 0.16 0
-0.43 0.16 0
-0.42 0.16 0
-0.41000000000000003 0.16 0
-0.4 0.16 0
-0.39 0.16 0
-0.38 0.16 0
-0.37 0.16 0
-0.36 0.16 0
-0.35 0.16 0
-0.33999999999999997 0.16 0
-0.32999999999999996 0.16 0
-0.32 0.16 0
-0.31 0.16 0
-0.3 0.16 0
-0.29000000000000004 0.16 0
-0.28 0.16 0
-0.27 0.16 0
-0.26 0.16 0
-0.25 0.16 0
-0.24 0.16 0
-0.22999999999999998 0.16 0
-0.21999999999999997 0.16 0
-0.21000000000000002 0.16 0
-0.2 0.16 0
-0.19 0.16 0
-0.18 0.16 0
-0.16999999999999998 0.16 0
-0.15999999999999998 0.16 0
-0.14999999999999997 0.16 0
-0.14 0.16 0
-0.13 0.16 0
-0.12 0.16 0
-0.10999999999999999 0.16 0
-0.09999999999999998 0.16 0
-0.08999999999999997 0.16 0
-0.08000000000000002 0.16 0
-0.07 0.16 0
-0.06 0.16 0
-0.04999999999999999 0.16 0
-0.03999999999999998 0.16 0
-0.02999999999999997 0.16 0
-0.020000000000000018 0.16 0
-0.010000000000000009 0.16 0
0 0.16 0
0.010000000000000009 0.16 0
0.020000000000000018 0.16 0
0.030000000000000027 0.16 0
0.040000000000000036 0.16 0
0.050000000000000044 0.16 0
0.06000000000000005 0.16 0
0.07000000000000006 0.16 0
0.07999999999999996 0.16 0
0.08999999999999997 0.16 0
0.09999999999999998 0.16 0
0.10999999999999999 0.16 0
0.12 0.16 0
0.13 0.16 0
0.14 0.16 0
0.15000000000000002 0.16 0
0.16000000000000003 0.16 0
0.17000000000000004 0.16 0
0.18000000000000005 0.16 0
0.19000000000000006 0.16 0
0.20000000000000007 0.16 0
0.20999999999999996 0.16 0
0.21999999999999997 0.16 0
0.22999999999999998 0.16 0
0.24 0.16 0
0.25 0.16 0
0.26 0.16 0
0.27 0.16 0
0.28 0.16 0
0.29000000000000004 0.16 0
0.30000000000000004 0.16 0
0.31000000000000005 0.16 0
0.32000000000000006 0.16 0
0.33000000000000007 0.16 0
0.33999999999999997 0.16 0
0.35 0.16 0
0.36 0.16 0
0.37 0.16 0
0.38 0.16 0
0.39 0.16 0
0.4 0.16 0
0.41000000000000003 0.16 0
0.42000000000000004 0.16 0
0.43000000000000005 0.16 0
0.44000000000000006 0.16 0
0.45000000000000007 0.16 0
0.45999999999999996 0.16 0
0.47 0.16 0
0.48 0.16 0
0.49 0.16 0
-0.49 0.17 0
-0.48 0.17 0
-0.47 0.17 0
-0.46 0.17 0
-0.45 0.17 0
-0.44 0.17 0
-0.43 0.17 0
-0.42 0.17 0
-0.41000000000000003 0.17 0
-0.4 0.17 0
-0.39 0.17 0
-0.38 0.17 0
-0.37 0.17 0
-0.36 0.17 0
-0.35 0.17 0
-0.33999999999999997 0.17 0
-0.32999999999999996 0.17 0
-0.32 0.17 0
-0.31 0.17 0
-0.3 0.17 0
-0.29000000000000004 0.17 0
-0.28 0.17 0
-0.27 0.17 0
-0.26 0.17 0
-0.25 0.17 0
-0.24 0.17 0
-0.22999999999999998 0.17 0
-0.21999999999999997 0.17 0
-0.21000000000000002 0.17 0
-0.2 0.17 0
-0.19 0.17 0
-0.18 0.17 0
-0.16999999999999998 0.17 0
-0.15999999999999998 0.17 0
-0.14999999999999997 0.17 0
-0.14 0.17 0
-0.13 0.17 0
-0.12 0.17 0
-0.10999999999999999 0.17 0
-0.09999999999999998 0.17 0
-0.08999999999999997 0.17 0
-0.08000000000000002 0.17 0
-0.07 0.17 0
-0.06 0.17 0
-0.04999999999999999 0.17 0
-0.03999999999999998 0.17 0
-0.02999999999999997 0.17 0
-0.020000000000000018 0.17 0
-0.010000000000000009 0.17 0
0 0.17 0
0.010000000000000009 0.17 0
0.020000000000000018 0.17 0
0.030000000000000027 0.17 0
0.040000000000000036 0.17 0
0.050000000000000044 0.17 0
0.06000000000000005 0.17 0
0.07000000000000006 0.17 0
0.07999999999999996 0.17 0
0.08999999999999997 0.17 0
0.09999999999999998 0.17 0
0.10999999999999999 0.17 0
0.12 0.17 0
0.13 0.17 0
0.14 0.17 0
0.15000000000000002 0.17 0
0.16000000000000003 0.17 0
0.17000000000000004 0.17 0
0.18000000000000005 0.17 0
0.19000000000000006 0.17 0
0.20000000000000007 0.17 0
0.20999999999999996 0.17 0
0.21999999999999997 0.17 0
0.22999999999999998 0.17 0
0.24 0.17 0
0.25 0.17 0
0.26 0.17 0
0.27 0.17 0
0.28 0.17 0
0.29000000000000004 0.17 0
0.30000000000000004 0.17 0
0.31000000000000005 0.17 0
0.32000000000000006 0.17 0
0.33000000000000007 0.17 0
0.33999999999999997 0.17 0
0.35 0.17 0
0.36 0.17 0
0.37 0.17 0
0.38 0.17 0
0.39 0.17 0
0.4 0.17 0
0.41000000000000003 0.17 0
0.42000000000000004 0.17 0
0.43000000000000005 0.17 0
0.44000000000000006 0.17 0
0.45000000000000007 0.17 0
0.45999999999999996 0.17 0
0.47 0.17 0
0.48 0.17 0
0.49 0.17 0
-0.49 0.18 0
-0.48 0.18 0
-0.47 0.18 0
-0.46 0.18 0
-0.45 0.18 0
-0.44 0.18 0
-0.43 0.18 0
-0.42 0.18 0
-0.41000000000000003 0.18 0
-0.4 0.18 0
-0.39 0.18 0
-0.38 0.18 0
-0.37 0.18 0
-0.36 0.18 0
-0.35 0.18 0
-0.33999999999999997 0.18 0
-0.32999999999999996 0.18 0
-0.32 0.18 0
-0.31 0.18 0
-0.3 0.18 0
-0.29000000000000004 0.18 0
-0.28 0.18 0
-0.27 0.18 0
-0.26 0.18 0
-0.25 0.18 0
-0.24 0.18 0
-0.22999999999999998 0.18 0
-0.21999999999999997 0.18 0
-0.21000000000000002 0.18 0
-0.2 0.18 0
-0.19 0.18 0
-0.18 0.18 0
-0.16999999999999998 0.18 0
-0.15999999999999998 0.18 0
-0.14999999999999997 0.18 0
-0.14 0.18 0
-0.13 0.18 0
-0.12 0.18 0
-0.10999999999999999 0.18 0
-0.09999999999999998 0.18 0
-0.08999999999999997 0.18 0
-0.08000000000000002 0.18 0
-0.07 0.18 0
-0.06 0.18 0
-0.04999999999999999 0.18 0
-0.03999999999999998 0.18 0
-0.02999999999999997 0.18 0
-0.020000000000000018 0.18 0
-0.010000000000000009 0.18 0
0 0.18 0
0.010000000000000009 0.18 0
0.020000000000000018 0.18 0
0.030000000000000027 0.18 0
0.040000000000000036 0.18 0
0.050000000000000044 0.18 0
0.06000000000000005 0.18 0
0.07000000000000006 0.18 0
0.07999999999999996 0.18 0
0.08999999999999997 0.18 0
0.09999999999999998 0.18 0
0.10999999999999999 0.18 0
0.12 0.18 0
0.13 0.18 0
0.14 0.18 0
0.15000000000000002 0.18 0
0.16000000000000003 0.18 0
0.17000000000000004 0.18 0
0.18000000000000005 0.18 0
0.19000000000000006 0.18 0
0.20000000000000007 0.18 0
0.20999999999999996 0.18 0
0.21999999999999997 0.18 0
0.22999999999999998 0.18 0
0.24 0.18 0
0.25 0.18 0
0.26 0.18 0
0.27 0.18 0
0.28 0.18 0
0.29000000000000004 0.18 0
0.30000000000000004 0.18 0
0.31000000000000005 0.18 0
0.32000000000000006 0.18 0
0.33000000000000007 0.18 0
0.33999999999999997 0.18 0
0.35 0.18 0
0.36 0.18 0
0.37 0.18 0
0.38 0.18 0
0.39 0.18 0
0.4 0.18 0
0.41000000000000003 0.18 0
0.42000000000000004 0.18 0
0.43000000000000005 0.18 0
0.44000000000000006 0.18 0
0.45000000000000007 0.18 0
0.45999999999999996 0.18 0
0.47 0.18 0
0.48 0.18 0
0.49 0.18 0
-0.49 0.19 0
-0.48 0.19 0
-0.47 0.19 0
-0.46 0.19 0
-0.45 0.19 0
-0.44 0.19 0
-0.43 0.19 0
-0.42 0.19 0
-0.41000000000000003 0.19 0
-0.4 0.19 0
-0.39 0.19 0
-0.38 0.19 0
-0.37 0.19 0
-0.36 0.19 0
-0.35 0.19 0
-0.33999999999999997 0.19 0
-0.32999999999999996 0.19 0
-0.32 0.19 0
-0.31 0.19 0
-0.3 0.19 0
-0.29000000000000004 0.19 0
-0.28 0.19 0
-0.27 0.19 0
-0.26 0.19 0
-0.25 0.19 0
-0.24 0.19 0
-0.22999999999999998 0.19 0
-0.21999999999999997 0.19 0
-0.21000000000000002 0.19 0
-0.2 0.19 0
-0.19 0.19 0
-0.18 0.19 0
-0.16999999999999998 0.19 0
-0.15999999999999998 0.19 0
-0.14999999999999997 0.19 0
-0.14 0.19 0
-0.13 0.19 0
-0.12 0.19 0
-0.10999999999999999 0.19 0
-0.09999999999999998 0.19 0
-0.08999999999999997 0.19 0
-0.08000000000000002 0.19 0
-0.07 0.19 0
-0.06 0.19 0
-0.04999999999999999 0.19 0
-0.03999999999999998 0.19 0
-0.02999999999999997 0.19 0
-0.020000000000000018 0.19 0
-0.010000000000000009 0.19 0
0 0.19 0
0.010000000000000009 0.19 0
0.020000000000000018 0.19 0
0.030000000000000027 0.19 0
0.040000000000000036 0.19 0
0.050000000000000044 0.19 0
0.06000000000000005 0.19 0
0.07000000000000006 0.19 0
0.07999999999999996 0.19 0
0.08999999999999997 0.19 0
0.09999999999999998 0.19 0
0.10999999999999999 0.19 0
0.12 0.19 0
0.13 0.19 0
0.14 0.19 0
0.15000000000000002 0.19 0
0.16000000000000003 0.19 0
0.17000000000000004 0.19 0
0.18000000000000005 0.19 0
0.19000000000000006 0.19 0
0.20000000000000007 0.19 0
0.20999999999999996 0.19 0
0.21999999999999997 0.19 0
0.22999999999999998 0.19 0
0.24 0.19 0
0.25 0.19 0
0.26 0.19 0
0.27 0.19 0
0.28 0.19 0
0.29000000000000004 0.19 0
0.30000000000000004 0.19 0
0.31000000000000005 0.19 0
0.32000000000000006 0.19 0
0.33000000000000007 0.19 0
0.33999999999999997 0.19 0
0.35 0.19 0
0.36 0.19 0
0.37 0.19 0
0.38 0.19 0
0.39 0.19 0
0.4 0.19 0
0.41000000000000003 0.19 0
0.42000000000000004 0.19 0
0.43000000000000005 0.19 0
0.44000000000000006 0.19 0
0.45000000000000007 0.19 0
0.45999999999999996 0.19 0
0.47 0.19 0
0.48 0.19 0
0.49 0.19 0
-0.49 0.2 0
-0.48 0.2 0
-0.47 0.2 0
-0.46 0.2 0
-0.45 0.2 0
-0.44 0.2 0
-0.43 0.2 0
-0.42 0.2 0
-0.41000000000000003 0.2 0
-0.4 0.2 0
-0.39 0.2 0
-0.38 0.2 0
-0.37 0.2 0
-0.36 0.2 0
-0.35 0.2 0
-0.33999999999999997 0.2 0
-0.32999999999999996 0.2 0
-0.32 0.2 0
-0.31 0.2 0
-0.3 0.2 0
-0.29000000000000004 0.2 0
-0.28 0.2 0
-0.27 0.2 0
-0.26 0.2 0
-0.25 0.2 0
-0.24 0.2 0
-0.22999999999999998 0.2 0
-0.21999999999999997 0.2 0
-0.21000000000000002 0.2 0
-0.2 0.2 0
-0.19 0.2 0
-0.18 0.2 0
-0.16999999999999998 0.2 0
-0.15999999999999998 0.2 0
-0.14999999999999997 0.2 0
-0.14 0.2 0
-0.13 0.2 0
-0.12 0.2 0
-0.10999999999999999 0.2 0
-0.09999999999999998 0.2 0
-0.08999999999999997 0.2 0
-0.08000000000000002 0.2 0
-0.07 0.2 0
-0.06 0.2 0
-0.04999999999999999 0.2 0
-0.03999999999999998 0.2 0
-0.02999999999999997 0.2 0
-0.020000000000000018 0.2 0
-0.010000000000000009 0.2 0
0 0.2 0
0.010000000000000009 0.2 0
0.020000000000000018 0.2 0
0.030000000000000027 0.2 0
0.040000000000000036 0.2 0
0.050000000000000044 0.2 0
0.06000000000000005 0.2 0
0.07000000000000006 0.2 0
0.07999999999999996 0.2 0
0.08999999999999997 0.2 0
0.09999999999999998 0.2 0
0.10999999999999999 0.2 0
0.12 0.2 0
0.13 0.2 0
0.14 0.2 0
0.15000000000000002 0.2 0
0.16000000000000003 0.2 0
0.17000000000000004 0.2 0
0.18000000000000005 0.2 0
0.19000000000000006 0.2 0
0.20000000000000007 0.2 0
0.20999999999999996 0.2 0
0.21999999999999997 0.2 0
0.22999999999999998 0.2 0
0.24 0.2 0
0.25 0.2 0
0.26 0.2 0
0.27 0.2 0
0.28 0.2 0
0.29000000000000004 0.2 0
0.30000000000000004 0.2 0
0.31000000000000005 0.2 0
0.32000000000000006 0.2 0
0.33000000000000007 0.2 0
0.33999999999999997 0.2 0
0.35 0.2 0
0.36 0.2 0
0.37 0.2 0
0.38 0.2 0
0.39 0.2 0
0.4 0.2 0
0.41000000000000003 0.2 0
0.42000000000000004 0.2 0
0.43000000000000005 0.2 0
0.44000000000000006 0.2 0
0.45000000000000007 0.2 0
0.45999999999999996 0.2 0
0.47 0.2 0
0.48 0.2 0
0.49 0.2 0
-0.49 0.21 0
-0.48 0.21 0
-0.47 0.21 0
-0.46 0.21 0
-0.45 0.21 0
-0.44 0.21 0
-0.43 0.21 0
-0.42 0.21 0
-0.41000000000000003 0.21 0
-0.4 0.21 0
-0.39 0.21 0
-0.38 0.21 0
-0.37 0.21 0
-0.36 0.21 0
-0.35 0.21 0
-0.33999999999999997 0.21 0
-0.32999999999999996 0.21 0
-0.32 0.21 0
-0.31 0.21 0
-0.3 0.21 0
-0.29000000000000004 0.21 0
-0.28 0.21 0
-0.27 0.21 0
-0.26 0.21 0
-0.25 0.21 0
-0.24 0.21 0
-0.22999999999999998 0.21 0
-0.21999999999999997 0.21 0
-0.21000000000000002 0.21 0
-0.2 0.21 0
-0.19 0.21 0
-0.18 0.21 0
-0.16999999999999998 0.21 0
-0.15999999999999998 0.21 0
-0.14999999999999997 0.21 0
-0.14 0.21 0
-0.13 0.21 0
-0.12 0.21 0
-0.10999999999999999 0.21 0
-0.09999999999999998 0.21 0
-0.08999999999999997 0.21 0
-0.08000000000000002 0.21 0
-0.07 0.21 0
-0.06 0.21 0
-0.04999999999999999 0.21 0
-0.03999999999999998 0.21 0
-0.02999999999999997 0.21 0
-0.020000000000000018 0.21 0
-0.010000000000000009 0.21 0
0 0.21 0
0.010000000000000009 0.21 0
0.020000000000000018 0.21 0
0.030000000000000027 0.21 0
0.040000000000000036 0.21 0
0.050000000000000044 0.21 0
0.06000000000000005 0.21 0
0.07000000000000006 0.21 0
0.07999999999999996 0.21 0
0.08999999999999997 0.21 0
0.09999999999999998 0.21 0
0.10999999999999999 0.21 0
0.12 0.21 0
0.13 0.21 0
0.14 0.21 0
0.15000000000000002 0.21 0
0.16000000000000003 0.21 0
0.17000000000000004 0.21 0
0.18000000000000005 0.21 0
0.19000000000000006 0.21 0
0.20000000000000007 0.21 0
0.20999999999999996 0.21 0
0.21999999999999997 0.21 0
0.22999999999999998 0.21 0
0.24 0.21 0
0.25 0.21 0
0.26 0.21 0
0.27 0.21 0
0.28 0.21 0
0.29000000000000004 0.21 0
0.30000000000000004 0.21 0
0.31000000000000005 0.21 0
0.32000000000000006 0.21 0
0.33000000000000007 0.21 0
0.33999999999999997 0.21 0
0.35 0.21 0
0.36 0.21 0
0.37 0.21 0
0.38 0.21 0
0.39 0.21 0
0.4 0.21 0
0.41000000000000003 0.21 0
0.42000000000000004 0.21 0
0.43000000000000005 0.21 0
0.44000000000000006 0.21 0
0.45000000000000007 0.21 0
0.45999999999999996 0.21 0
0.47 0.21 0
0.48 0.21 0
0.49 0.21 0
-0.49 0.22 0
-0.48 0.22 0
-0.47 0.22 0
-0.46 0.22 0
-0.45 0.22 0
-0.44 0.22 0
-0.43 0.22 0
-0.42 0.22 0
-0.41000000000000003 0.22 0
-0.4 0.22 0
-0.39 0.22 0
-0.38 0.22 0
-0.37 0.22 0
-0.36 0.22 0
-0.35 0.22 0
-0.33999999999999997 0.22 0
-0.32999999999999996 0.22 0
-0.32 0.22 0
-0.31 0.22 0
-0.3 0.22 0
-0.29000000000000004 0.22 0
-0.28 0.22 0
-0.27 0.22 0
-0.26 0.22 0
-0.25 0.22 0
-0.24 0.22 0
-0.22999999999999998 0.22 0
-0.21999999999999997 0.22 0
-0.21000000000000002 0.22 0
-0.2 0.22 0
-0.19 0.22 0
-0.18 0.22 0
-0.16999999999999998 0.22 0
-0.15999999999999998 0.22 0
-0.14999999999999997 0.22 0
-0.14 0.22 0
-0.13 0.22 0
-0.12 0.22 0
-0.10999999999999999 0.22 0
-0.09999999999999998 0.22 0
-0.08999999999999997 0.22 0
-0.08000000000000002 0.22 0
-0.07 0.22 0
-0.06 0.22 0
-0.04999999999999999 0.22 0
-0.03999999999999998 0.22 0
-0.02999999999999997 0.22 0
-0.020000000000000018 0.22 0
-0.010000000000000009 0.22 0
0 0.22 0
0.010000000000000009 0.22 0
0.020000000000000018 0.22 0
0.030000000000000027 0.22 0
0.040000000000000036 0.22 0
0.050000000000000044 0.22 0
0.06000000000000005 0.22 0
0.07000000000000006 0.22 0
0.07999999999999996 0.22 0
0.08999999999999997 0.22 0
0.09999999999999998 0.22 0
0.10999999999999999 0.22 0
0.12 0.22 0
0.13 0.22 0
0.14 0.22 0
0.15000000000000002 0.22 0
0.16000000000000003 0.22 0
0.17000000000000004 0.22 0
0.18000000000000005 0.22 0
0.19000000000000006 0.22 0
0.20000000000000007 0.22 0
0.20999999999999996 0.22 0
0.21999999999999997 0.22 0
0.22999999999999998 0.22 0
0.24 0.22 0
0.25 0.22 0
0.26 0.22 0
0.27 0.22 0
0.28 0.22 0
0.29000000000000004 0.22 0
0.30000000000000004 0.22 0
0.31000000000000005 0.22 0
0.32000000000000006 0.22 0
0.33000000000000007 0.22 0
0.33999999999999997 0.22 0
0.35 0.22 0
0.36 0.22 0
0.37 0.22 0
0.38 0.22 0
0.39 0.22 0
0.4 0.22 0
0.41000000000000003 0.22 0
0.42000000000000004 0.22 0
0.43000000000000005 0.22 0
0.44000000000000006 0.22 0
0.45000000000000007 0.22 0
0.45999999999999996 0.22 0
0.47 0.22 0
0.48 0.22 0
0.49 0.22 0
-0.49 0.23 0
-0.48 0.23 0
-0.47 0.23 0
-0.46 0.23 0
-0.45 0.23 0
-0.44 0.23 0
-0.43 0.23 0
-0.42 0.23 0
-0.41000000000000003 0.23 0
-0.4 0.23 0
-0.39 0.23 0
-0.38 0.23 0
-0.37 0.23 0
-0.36 0.23 0
-0.35 0.23 0
-0.33999999999999997 0.23 0
-0.32999999999999996 0.23 0
-0.32 0.23 0
-0.31 0.23 0
-0.3 0.23 0
-0.29000000000000004 0.23 0
-0.28 0.23 0
-0.27 0.23 0
-0.26 0.23 0
-0.25 0.23 0
-0.24 0.23 0
-0.22999999999999998 0.23 0
-0.21999999999999997 0.23 0
-0.21000000000000002 0.23 0
-0.2 0.23 0
-0.19 0.23 0
-0.18 0.23 0
-0.16999999999999998 0.23 0
-0.15999999999999998 0.23 0
-0.14999999999999997 0.23 0
-0.14 0.23 0
-0.13 0.23 0
-0.12 0.23 0
-0.10999999999999999 0.23 0
-0.09999999999999998 0.23 0
-0.08999999999999997 0.23 0
-0.08000000000000002 0.23 0
-0.07 0.23 0
-0.06 0.23 0
-0.04999999999999999 0.23 0
-0.03999999999999998 0.23 0
-0.02999999999999997 0.23 0
-0.020000000000000018 0.23 0
-0.010000000000000009 0.23 0
0 0.23 0
0.010000000000000009 0.23 0
0.020000000000000018 0.23 0
0.030000000000000027 0.23 0
0.040000000000000036 0.23 0
0.050000000000000044 0.23 0
0.06000000000000005 0.23 0
0.07000000000000006 0.23 0
0.07999999999999996 0.23 0
0.08999999999999997 0.23 0
0.09999999999999998 0.23 0
0.10999999999999999 0.23 0
0.12 0.23 0
0.13 0.23 0
0.14 0.23 0
0.15000000000000002 0.23 0
0.16000000000000003 0.23 0
0.17000000000000004 0.23 0
0.18000000000000005 0.23 0
0.19000000000000006 0.23 0
0.20000000000000007 0.23 0
0.20999999999999996 0.23 0
0.21999999999999997 0.23 0
0.22999999999999998 0.23 0
0.24 0.23 0
0.25 0.23 0
0.26 0.23 0
0.27 0.23 0
0.28 0.23 0
0.29000000000000004 0.23 0
0.30000000000000004 0.23 0
0.31000000000000005 0.23 0
0.32000000000000006 0.23 0
0.33000000000000007 0.23 0
0.33999999999999997 0.23 0
0.35 0.23 0
0.36 0.23 0
0.37 0.23 0
0.38 0.23 0
0.39 0.23 0
0.4 0.23 0
0.41000000000000003 0.23 0
0.42000000000000004 0.23 0
0.43000000000000005 0.23 0
0.44000000000000006 0.23 0
0.45000000000000007 0.23 0
0.45999999999999996 0.23 0
0.47 0.23 0
0.48 0.23 0
0.49 0.23 0
-0.49 0.24 0
-0.48 0.24 0
-0.47 0.24 0
-0.46 0.24 0
-0.45 0.24 0
-0.44 0.24 0
-0.43 0.24 0
-0.42 0.24 0
-0.41000000000000003 0.24 0
-0.4 0.24 0
-0.39 0.24 0
-0.38 0.24 0
-0.37 0.24 0
-0.36 0.24 0
-0.35 0.24 0
-0.33999999999999997 0.24 0
-0.32999999999999996 0.24 0
-0.32 0.24 0
-0.31 0.24 0
-0.3 0.24 0
-0.29000000000000004 0.24 0
-0.28 0.24 0
-0.27 0.24 0
-0.26 0.24 0
-0.25 0.24 0
-0.24 0.24 0
-0.22999999999999998 0.24 0
-0.21999999999999997 0.24 0
-0.21000000000000002 0.24 0
-0.2 0.24 0
-0.19 0.24 0
-0.18 0.24 0
-0.16999999999999998 0.24 0
-0.15999999999999998 0.24 0
-0.14999999999999997 0.24 0
-0.14 0.24 0
-0.13 0.24 0
-0.12 0.24 0
-0.10999999999999999 0.24 0
-0.09999999999999998 0.24 0
-0.08999999999999997 0.24 0
-0.08000000000000002 0.24 0
-0.07 0.24 0
-0.06 0.24 0
-0.04999999999999999 0.24 0
-0.03999999999999998 0.24 0
-0.02999999999999997 0.24 0
-0.020000000000000018 0.24 0
-0.010000000000000009 0.24 0
0 0.24 0
0.010000000000000009 0.24 0
0.020000000000000018 0.24 0
0.030000000000000027 0.24 0
0.040000000000000036 0.24 0
0.050000000000000044 0.24 0
0.06000000000000005 0.24 0
0.07000000000000006 0.24 0
0.07999999999999996 0.24 0
0.08999999999999997 0.24 0
0.09999999999999998 0.24 0
0.10999999999999999 0.24 0
0.12 0.24 0
0.13 0.24 0
0.14 0.24 0
0.15000000000000002 0.24 0
0.16000000000000003 0.24 0
0.17000000000000004 0.24 0
0.18000000000000005 0.24 0
0.19000000000000006 0.24 0
0.20000000000000007 0.24 0
0.20999999999999996 0.24 0
0.21999999999999997 0.24 0
0.22999999999999998 0.24 0
0.24 0.24 0
0.25 0.24 0
0.26 0.24 0
0.27 0.24 0
0.28 0.24 0
0.29000000000000004 0.24 0
0.30000000000000004 0.24 0
0.31000000000000005 0.24 0
0.32000000000000006 0.24 0
0.33000000000000007 0.24 0
0.33999999999999997 0.24 0
0.35 0.24 0
0.36 0.24 0
0.37 0.24 0
0.38 0.24 0
0.39 0.24 0
0.4 0.24 0
0.41000000000000003 0.24 0
0.42000000000000004 0.24 0
0.43000000000000005 0.24 0
0.44000000000000006 0.24 0
0.45000000000000007 0.24 0
0.45999999999999996 0.24 0
0.47 0.24 0
0.48 0.24 0
0.49 0.24 0
-0.49 0.25 0
-0.48 0.25 0
-0.47 0.25 0
-0.46 0.25 0
-0.45 0.25 0
-0.44 0.25 0
-0.43 0.25 0
-0.42 0.25 0
-0.41000000000000003 0.25 0
-0.4 0.25 0
-0.39 0.25 0
-0.38 0.25 0
-0.37 0.25 0
-0.36 0.25 0
-0.35 0.25 0
-0.33999999999999997 0.25 0
-0.32999999999999996 0.25 0
-0.32 0.25 0
-0.31 0.25 0
-0.3 0.25 0
-0.29000000000000004 0.25 0
-0.28 0.25 0
-0.27 0.25 0
-0.26 0.25 0
-0.25 0.25 0
-0.24 0.25 0
-0.22999999999999998 0.25 0
-0.21999999999999997 0.25 0
-0.21000000000000002 0.25 0
-0.2 0.25 0
-0.19 0.25 0
-0.18 0.25 0
-0.16999999999999998 0.25 0
-0.15999999999999998 0.25 0
-0.14999999999999997 0.25 0
-0.14 0.25 0
-0.13 0.25 0
-0.12 0.25 0
-0.10999999999999999 0.25 0
-0.09999999999999998 0.25 0
-0.08999999999999997 0.25 0
-0.08000000000000002 0.25 0
-0.07 0.25 0
-0.06 0.25 0
-0.04999999999999999 0.25 0
-0.03999999999999998 0.25 0
-0.02999999999999997 0.25 0
-0.020000000000000018 0.25 0
-0.010000000000000009 0.25 0
0 0.25 0
0.010000000000000009 0.25 0
0.020000000000000018 0.25 0
0.030000000000000027 0.25 0
0.040000000000000036 0.25 0
0.050000000000000044 0.25 0
0.06000000000000005 0.25 0
0.07000000000000006 0.25 0
0.07999999999999996 0.25 0
0.08999999999999997 0.25 0
0.09999999999999998 0.25 0
0.10999999999999999 0.25 0
0.12 0.25 0
0.13 0.25 0
0.14 0.25 0
0.15000000000000002 0.25 0
0.16000000000000003 0.25 0
0.17000000000000004 0.25 0
0.18000000000000005 0.25 0
0.19000000000000006 0.25 0
0.20000000000000007 0.25 0
0.20999999999999996 0.25 0
0.21999999999999997 0.25 0
0.22999999999999998 0.25 0
0.24 0.25 0
0.25 0.25 0
0.26 0.25 0
0.27 0.25 0
0.28 0.25 0
0.29000000000000004 0.25 0
0.30000000000000004 0.25 0
0.31000000000000005 0.25 0
0.32000000000000006 0.25 0
0.33000000000000007 0.25 0
0.33999999999999997 0.25 0
0.35 0.25 0
0.36 0.25 0
0.37 0.25 0
0.38 0.25 0
0.39 0.25 0
0.4 0.25 0
0.41000000000000003 0.25 0
0.42000000000000004 0.25 0
0.43000000000000005 0.25 0
0.44000000000000006 0.25 0
0.45000000000000007 0.25 0
0.45999999999999996 0.25 0
0.47 0.25 0
0.48 0.25 0
0.49 0.25 0
-0.49 0.26 0
-0.48 0.26 0
-0.47 0.26 0
-0.46 0.26 0
-0.45 0.26 0
-0.44 0.26 0
-0.43 0.26 0
-0.42 0.26 0
-0.41000000000000003 0.26 0
-0.4 0.26 0
-0.39 0.26 0
-0.38 0.26 0
-0.37 0.26 0
-0.36 0.26 0
-0.35 0.26 0
-0.33999999999999997 0.26 0
-0.32999999999999996 0.26 0
-0.32 0.26 0
-0.31 0.26 0
-0.3 0.26 0
-0.29000000000000004 0.26 0
-0.28 0.26 0
-0.27 0.26 0
-0.26 0.26 0
-0.25 0.26 0
-0.24 0.26 0
-0.22999999999999998 0.26 0
-0.21999999999999997 0.26 0
-0.21000000000000002 0.26 0
-0.2 0.26 0
-0.19 0.26 0
-0.18 0.26 0
-0.16999999999999998 0.26 0
-0.15999999999999998 0.26 0
-0.14999999999999997 0.26 0
-0.14 0.26 0
-0.13 0.26 0
-0.12 0.26 0
-0.10999999999999999 0.26 0
-0.09999999999999998 0.26 0
-0.08999999999999997 0.26 0
-0.08000000000000002 0.26 0
-0.07 0.26 0
-0.06 0.26 0
-0.04999999999999999 0.26 0
-0.03999999999999998 0.26 0
-0.02999999999999997 0.26 0
-0.020000000000000018 0.26 0
-0.010000000000000009 0.26 0
0 0.26 0
0.010000000000000009 0.26 0
0.020000000000000018 0.26 0
0.030000000000000027 0.26 0
0.040000000000000036 0.26 0
0.050000000000000044 0.26 0
0.06000000000000005 0.26 0
0.07000000000000006 0.26 0
0.07999999999999996 0.26 0
0.08999999999999997 0.26 0
0.09999999999999998 0.26 0
0.10999999999999999 0.26 0
0.12 0.26 0
0.13 0.26 0
0.14 0.26 0
0.15000000000000002 0.26 0
0.16000000000000003 0.26 0
0.17000000000000004 0.26 0
0.18000000000000005 0.26 0
0.19000000000000006 0.26 0
0.20000000000000007 0.26 0
0.20999999999999996 0.26 0
0.21999999999999997 0.26 0
0.22999999999999998 0.26 0
0.24 0.26 0
0.25 0.26 0
0.26 0.26 0
0.27 0.26 0
0.28 0.26 0
0.29000000000000004 0.26 0
0.30000000000000004 0.26 0
0.31000000000000005 0.26 0
0.32000000000000006 0.26 0
0.33000000000000007 0.26 0
0.33999999999999997 0.26 0
0.35 0.26 0
0.36 0.26 0
0.37 0.26 0
0.38 0.26 0
0.39 0.26 0
0.4 0.26 0
0.41000000000000003 0.26 0
0.42000000000000004 0.26 0
0.43000000000000005 0.26 0
0.44000000000000006 0.26 0
0.45000000000000007 0.26 0
0.45999999999999996 0.26 0
0.47 0.26 0
0.48 0.26 0
0.49 0.26 0
-0.49 0.27 0
-0.48 0.27 0
-0.47 0.27 0
-0.46 0.27 0
-0.45 0.27 0
-0.44 0.27 0
-0.43 0.27 0
-0.42 0.27 0
-0.41000000000000003 0.27 0
-0.4 0.27 0
-0.39 0.27 0
-0.38 0.27 0
-0.37 0.27 0
-0.36 0.27 0
-0.35 0.27 0
-0.33999999999999997 0.27 0
-0.32999999999999996 0.27 0
-0.32 0.27 0
-0.31 0.27 0
-0.3 0.27 0
-0.29000000000000004 0.27 0
-0.28 0.27 0
-0.27 0.27 0
-0.26 0.27 0
-0.25 0.27 0
-0.24 0.27 0
-0.22999999999999998 0.27 0
-0.21999999999999997 0.27 0
-0.21000000000000002 0.27 0
-0.2 0.27 0
-0.19 0.27 0
-0.18 0.27 0
-0.16999999999999998 0.27 0
-0.15999999999999998 0.27 0
-0.14999999999999997 0.27 0
-0.14 0.27 0
-0.13 0.27 0
-0.12 0.27 0
-0.10999999999999999 0.27 0
-0.09999999999999998 0.27 0
-0.08999999999999997 0.27 0
-0.08000000000000002 0.27 0
-0.07 0.27 0
-0.06 0.27 0
-0.04999999999999999 0.27 0
-0.03999999999999998 0.27 0
-0.02999999999999997 0.27 0
-0.020000000000000018 0.27 0
-0.010000000000000009 0.27 0
0 0.27 0
0.010000000000000009 0.27 0
0.020000000000000018 0.27 0
0.030000000000000027 0.27 0
0.040000000000000036 0.27 0
0.050000000000000044 0.27 0
0.06000000000000005 0.27 0
0.07000000000000006 0.27 0
0.07999999999999996 0.27 0
0.08999999999999997 0.27 0
0.09999999999999998 0.27 0
0.10999999999999999 0.27 0
0.12 0.27 0
0.13 0.27 0
0.14 0.27 0
0.15000000000000002 0.27 0
0.16000000000000003 0.27 0
0.17000000000000004 0.27 0
0.18000000000000005 0.27 0
0.19000000000000006 0.27 0
0.20000000000000007 0.27 0
0.20999999999999996 0.27 0
0.21999999999999997 0.27 0
0.22999999999999998 0.27 0
0.24 0.27 0
0.25 0.27 0
0.26 0.27 0
0.27 0.27 0
0.28 0.27 0
0.29000000000000004 0.27 0
0.30000000000000004 0.27 0
0.31000000000000005 0.27 0
0.32000000000000006 0.27 0
0.33000000000000007 0.27 0
0.33999999999999997 0.27 0
0.35 0.27 0
0.36 0.27 0
0.37 0.27 0
0.38 0.27 0
0.39 0.27 0
0.4 0.27 0
0.41000000000000003 0.27 0
0.42000000000000004 0.27 0
0.43000000000000005 0.27 0
0.44000000000000006 0.27 0
0.45000000000000007 0.27 0
0.45999999999999996 0.27 0
0.47 0.27 0
0.48 0.27 0
0.49 0.27 0
-0.49 0.28 0
-0.48 0.28 0
-0.47 0.28 0
-0.46 0.28 0
-0.45 0.28 0
-0.44 0.28 0
-0.43 0.28 0
-0.42 0.28 0
-0.41000000000000003 0.28 0
-0.4 0.28 0
-0.39 0.28 0
-0.38 0.28 0
-0.37 0.28 0
-0.36 0.28 0
-0.35 0.28 0
-0.33999999999999997 0.28 0
-0.32999999999999996 0.28 0
-0.32 0.28 0
-0.31 0.28 0
-0.3 0.28 0
-0.29000000000000004 0.28 0
-0.28 0.28 0
-0.27 0.28 0
-0.26 0.28 0
-0.25 0.28 0
-0.24 0.28 0
-0.22999999999999998 0.28 0
-0.21999999999999997 0.28 0
-0.21000000000000002 0.28 0
-0.2 0.28 0
-0.19 0.28 0
-0.18 0.28 0
-0.16999999999999998 0.28 0
-0.15999999999999998 0.28 0
-0.14999999999999997 0.28 0
-0.14 0.28 0
-0.13 0.28 0
-0.12 0.28 0
-0.10999999999999999 0.28 0
-0.09999999999999998 0.28 0
-0.08999999999999997 0.28 0
-0.08000000000000002 0.28 0
-0.07 0.28 0
-0.06 0.28 0
-0.04999999999999999 0.28 0
-0.03999999999999998 0.28 0
-0.02999999999999997 0.28 0
-0.020000000000000018 0.28 0
-0.010000000000000009 0.28 0
0 0.28 0
0.010000000000000009 0.28 0
0.020000000000000018 0.28 0
0.030000000000000027 0.28 0
0.040000000000000036 0.28 0
0.050000000000000044 0.28 0
0.06000000000000005 0.28 0
0.07000000000000006 0.28 0
0.07999999999999996 0.28 0
0.08999999999999997 0.28 0
0.09999999999999998 0.28 0
0.10999999999999999 0.28 0
0.12 0.28 0
0.13 0.28 0
0.14 0.28 0
0.15000000000000002 0.28 0
0.16000000000000003 0.28 0
0.17000000000000004 0.28 0
0.18000000000000005 0.28 0
0.19000000000000006 0.28 0
0.20000000000000007 0.28 0
0.20999999999999996 0.28 0
0.21999999999999997 0.28 0
0.22999999999999998 0.28 0
0.24 0.28 0
0.25 0.28 0
0.26 0.28 0
0.27 0.28 0
0.28 0.28 0
0.29000000000000004 0.28 0
0.30000000000000004 0.28 0
0.31000000000000005 0.28 0
0.32000000000000006 0.28 0
0.33000000000000007 0.28 0
0.33999999999999997 0.28 0
0.35 0.28 0
0.36 0.28 0
0.37 0.28 0
0.38 0.28 0
0.39 0.28 0
0.4 0.28 0
0.41000000000000003 0.28 0
0.42000000000000004 0.28 0
0.43000000000000005 0.28 0
0.44000000000000006 0.28 0
0.45000000000000007 0.28 0
0.45999999999999996 0.28 0
0.47 0.28 0
0.48 0.28 0
0.49 0.28 0
-0.49 0.29 0
-0.48 0.29 0
-0.47 0.29 0
-0.46 0.29 0
-0.45 0.29 0
-0.44 0.29 0
-0.43 0.29 0
-0.42 0.29 0
-0.41000000000000003 0.29 0
-0.4 0.29 0
-0.39 0.29 0
-0.38 0.29 0
-0.37 0.29 0
-0.36 0.29 0
-0.35 0.29 0
-0.33999999999999997 0.29 0
-0.32999999999999996 0.29 0
-0.32 0.29 0
-0.31 0.29 0
-0.3 0.29 0
-0.29000000000000004 0.29 0
-0.28 0.29 0
-0.27 0.29 0
-0.26 0.29 0
-0.25 0.29 0
-0.24 0.29 0
-0.22999999999999998 0.29 0
-0.21999999999999997 0.29 0
-0.21000000000000002 0.29 0
-0.2 0.29 0
-0.19 0.29 0
-0.18 0.29 0
-0.16999999999999998 0.29 0
-0.15999999999999998 0.29 0
-0.14999999999999997 0.29 0
-0.14 0.29 0
-0.13 0.29 0
-0.12 0.29 0
-0.10999999999999999 0.29 0
-0.09999999999999998 0.29 0
-0.08999999999999997 0.29 0
-0.08000000000000002 0.29 0
-0.07 0.29 0
-0.06 0.29 0
-0.04999999999999999 0.29 0
-0.03999999999999998 0.29 0
-0.02999999999999997 0.29 0
-0.020000000000000018 0.29 0
-0.010000000000000009 0.29 0
0 0.29 0
0.010000000000000009 0.29 0
0.020000000000000018 0.29 0
0.030000000000000027 0.29 0
0.040000000000000036 0.29 0
0.050000000000000044 0.29 0
0.06000000000000005 0.29 0
0.07000000000000006 0.29 0
0.07999999999999996 0.29 0
0.08999999999999997 0.29 0
0.09999999999999998 0.29 0
0.10999999999999999 0.29 0
0.12 0.29 0
0.13 0.29 0
0.14 0.29 0
0.15000000000000002 0.29 0
0.16000000000000003 0.29 0
0.17000000000000004 0.29 0
0.18000000000000005 0.29 0
0.19000000000000006 0.29 0
0.20000000000000007 0.29 0
0.20999999999999996 0.29 0
0.21999999999999997 0.29 0
0.22999999999999998 0.29 0
0.24 0.29 0
0.25 0.29 0
0.26 0.29 0
0.27 0.29 0
0.28 0.29 0
0.29000000000000004 0.29 0
0.30000000000000004 0.29 0
0.31000000000000005 0.29 0
0.32000000000000006 0.29 0
0.33000000000000007 0.29 0
0.33999999999999997 0.29 0
0.35 0.29 0
0.36 0.29 0
0.37 0.29 0
0.38 0.29 0
0.39 0.29 0
0.4 0.29 0
0.41000000000000003 0.29 0
0.42000000000000004 0.29 0
0.43000000000000005 0.29 0
0.44000000000000006 0.29 0
0.45000000000000007 0.29 0
0.45999999999999996 0.29 0
0.47 0.29 0
0.48 0.29 0
0.49 0.29 0
-0.49 0.3 0
-0.48 0.3 0
-0.47 0.3 0
-0.46 0.3 0
-0.45 0.3 0
-0.44 0.3 0
-0.43 0.3 0
-0.42 0.3 0
-0.41000000000000003 0.3 0
-0.4 0.3 0
-0.39 0.3 0
-0.38 0.3 0
-0.37 0.3 0
-0.36 0.3 0
-0.35 0.3 0
-0.33999999999999997 0.3 0
-0.32999999999999996 0.3 0
-0.32 0.3 0
-0.31 0.3 0
-0.3 0.3 0
-0.29000000000000004 0.3 0
-0.28 0.3 0
-0.27 0.3 0
-0.26 0.3 0
-0.25 0.3 0
-0.24 0.3 0
-0.22999999999999998 0.3 0
-0.21999999999999997 0.3 0
-0.21000000000000002 0.3 0
-0.2 0.3 0
-0.19 0.3 0
-0.18 0.3 0
-0.16999999999999998 0.3 0
-0.15999999999999998 0.3 0
-0.14999999999999997 0.3 0
-0.14 0.3 0
-0.13 0.3 0
-0.12 0.3 0
-0.10999999999999999 0.3 0
-0.09999999999999998 0.3 0
-0.08999999999999997 0.3 0
-0.08000000000000002 0.3 0
-0.07 0.3 0
-0.06 0.3 0
-0.04999999999999999 0.3 0
-0.03999999999999998 0.3 0
-0.02999999999999997 0.3 0
-0.020000000000000018 0.3 0
-0.010000000000000009 0.3 0
0 0.3 0
0.010000000000000009 0.3 0
0.020000000000000018 0.3 0
0.030000000000000027 0.3 0
0.040000000000000036 0.3 0
0.050000000000000044 0.3 0
0.06000000000000005 0.3 0
0.07000000000000006 0.3 0
0.07999999999999996 0.3 0
0.08999999999999997 0.3 0
0.09999999999999998 0.3 0
0.10999999999999999 0.3 0
0.12 0.3 0
0.13 0.3 0
0.14 0.3 0
0.15000000000000002 0.3 0
0.16000000000000003 0.3 0
0.17000000000000004 0.3 0
0.18000000000000005 0.3 0
0.19000000000000006 0.3 0
0.20000000000000007 0.3 0
0.20999999999999996 0.3 0
0.21999999999999997 0.3 0
0.22999999999999998 0.3 0
0.24 0.3 0
0.25 0.3 0
0.26 0.3 0
0.27 0.3 0
0.28 0.3 0
0.29000000000000004 0.3 0
0.30000000000000004 0.3 0
0.31000000000000005 0.3 0
0.32000000000000006 0.3 0
0.33000000000000007 0.3 0
0.33999999999999997 0.3 0
0.35 0.3 0
0.36 0.3 0
0.37 0.3 0
0.38 0.3 0
0.39 0.3 0
0.4 0.3 0
0.41000000000000003 0.3 0
0.42000000000000004 0.3 0
0.43000000000000005 0.3 0
0.44000000000000006 0.3 0
0.45000000000000007 0.3 0
0.45999999999999996 0.3 0
0.47 0.3 0
0.48 0.3 0
0.49 0.3 0
-0.49 0.31 0
-0.48 0.31 0
-0.47 0.31 0
-0.46 0.31 0
-0.45 0.31 0
-0.44 0.31 0
-0.43 0.31 0
-0.42 0.31 0
-0.41000000000000003 0.31 0
-0.4 0.31 0
-0.39 0.31 0
-0.38 0.31 0
-0.37 0.31 0
-0.36 0.31 0
-0.35 0.31 0
-0.33999999999999997 0.31 0
-0.32999999999999996 0.31 0
-0.32 0.31 0
-0.31 0.31 0
-0.3 0.31 0
-0.29000000000000004 0.31 0
-0.28 0.31 0
-0.27 0.31 0
-0.26 0.31 0
-0.25 0.31 0
-0.24 0.31 0
-0.22999999999999998 0.31 0
-0.21999999999999997 0.31 0
-0.21000000000000002 0.31 0
-0.2 0.31 0
-0.19 0.31 0
-0.18 0.31 0
-0.16999999999999998 0.31 0
-0.15999999999999998 0.31 0
-0.14999999999999997 0.31 0
-0.14 0.31 0
-0.13 0.31 0
-0.12 0.31 0
-0.10999999999999999 0.31 0
-0.09999999999999998 0.31 0
-0.08999999999999997 0.31 0
-0.08000000000000002 0.31 0
-0.07 0.31 0
-0.06 0.31 0
-0.04999999999999999 0.31 0
-0.03999999999999998 0.31 0
-0.02999999999999997 0.31 0
-0.020000000000000018 0.31 0
-0.010000000000000009 0.31 0
0 0.31 0
0.010000000000000009 0.31 0
0.020000000000000018 0.31 0
0.030000000000000027 0.31 0
0.040000000000000036 0.31 0
0.050000000000000044 0.31 0
0.06000000000000005 0.31 0
0.07000000000000006 0.31 0
0.07999999999999996 0.31 0
0.08999999999999997 0.31 0
0.09999999999999998 0.31 0
0.10999999999999999 0.31 0
0.12 0.31 0
0.13 0.31 0
0.14 0.31 0
0.15000000000000002 0.31 0
0.16000000000000003 0.31 0
0.17000000000000004 0.31 0
0.18000000000000005 0.31 0
0.19000000000000006 0.31 0
0.20000000000000007 0.31 0
0.20999999999999996 0.31 0
0.21999999999999997 0.31 0
0.22999999999999998 0.31 0
0.24 0.31 0
0.25 0.31 0
0.26 0.31 0
0.27 0.31 0
0.28 0.31 0
0.29000000000000004 0.31 0
0.30000000000000004 0.31 0
0.31000000000000005 0.31 0
0.32000000000000006 0.31 0
0.33000000000000007 0.31 0
0.33999999999999997 0.31 0
0.35 0.31 0
0.36 0.31 0
0.37 0.31 0
0.38 0.31 0
0.39 0.31 0
0.4 0.31 0
0.41000000000000003 0.31 0
0.42000000000000004 0.31 0
0.43000000000000005 0.31 0
0.44000000000000006 0.31 0
0.45000000000000007 0.31 0
0.45999999999999996 0.31 0
0.47 0.31 0
0.48 0.31 0
0.49 0.31 0
-0.49 0.32 0
-0.48 0.32 0
-0.47 0.32 0
-0.46 0.32 0
-0.45 0.32 0
-0.44 0.32 0
-0.43 0.32 0
-0.42 0.32 0
-0.41000000000000003 0.32 0
-0.4 0.32 0
-0.39 0.32 0
-0.38 0.32 0
-0.37 0.32 0
-0.36 0.32 0
-0.35 0.32 0
-0.33999999999999997 0.32 0
-0.32999999999999996 0.32 0
-0.32 0.32 0
-0.31 0.32 0
-0.3 0.32 0
-0.29000000000000004 0.32 0
-0.28 0.32 0
-0.27 0.32 0
-0.26 0.32 0
-0.25 0.32 0
-0.24 0.32 0
-0.22999999999999998 0.32 0
-0.21999999999999997 0.32 0
-0.21000000000000002 0.32 0
-0.2 0.32 0
-0.19 0.32 0
-0.18 0.32 0
-0.16999999999999998 0.32 0
-0.15999999999999998 0.32 0
-0.14999999999999997 0.32 0
-0.14 0.32 0
-0.13 0.32 0
-0.12 0.32 0
-0.10999999999999999 0.32 0
-0.09999999999999998 0.32 0
-0.08999999999999997 0.32 0
-0.08000000000000002 0.32 0
-0.07 0.32 0
-0.06 0.32 0
-0.04999999999999999 0.32 0
-0.03999999999999998 0.32 0
-0.02999999999999997 0.32 0
-0.020000000000000018 0.32 0
-0.010000000000000009 0.32 0
0 0.32 0
0.010000000000000009 0.32 0
0.020000000000000018 0.32 0
0.030000000000000027 0.32 0
0.040000000000000036 0.32 0
0.050000000000000044 0.32 0
0.06000000000000005 0.32 0
0.07000000000000006 0.32 0
0.07999999999999996 0.32 0
0.08999999999999997 0.32 0
0.09999999999999998 0.32 0
0.10999999999999999 0.32 0
0.12 0.32 0
0.13 0.32 0
0.14 0.32 0
0.15000000000000002 0.32 0
0.16000000000000003 0.32 0
0.17000000000000004 0.32 0
0.18000000000000005 0.32 0
0.19000000000000006 0.32 0
0.20000000000000007 0.32 0
0.20999999999999996 0.32 0
0.21999999999999997 0.32 0
0.22999999999999998 0.32 0
0.24 0.32 0
0.25 0.32 0
0.26 0.32 0
0.27 0.32 0
0.28 0.32 0
0.29000000000000004 0.32 0
0.30000000000000004 0.32 0
0.31000000000000005 0.32 0
0.32000000000000006 0.32 0
0.33000000000000007 0.32 0
0.33999999999999997 0.32 0
0.35 0.32 0
0.36 0.32 0
0.37 0.32 0
0.38 0.32 0
0.39 0.32 0
0.4 0.32 0
0.41000000000000003 0.32 0
0.42000000000000004 0.32 0
0.43000000000000005 0.32 0
0.44000000000000006 0.32 0
0.45000000000000007 0.32 0
0.45999999999999996 0.32 0
0.47 0.32 0
0.48 0.32 0
0.49 0.32 0
-0.49 0.33 0
-0.48 0.33 0
-0.47 0.33 0
-0.46 0.33 0
-0.45 0.33 0
-0.44 0.33 0
-0.43 0.33 0
-0.42 0.33 0
-0.41000000000000003 0.33 0
-0.4 0.33 0
-0.39 0.33 0
-0.38 0.33 0
-0.37 0.33 0
-0.36 0.33 0
-0.35 0.33 0
-0.33999999999999997 0.33 0
-0.32999999999999996 0.33 0
-0.32 0.33 0
-0.31 0.33 0
-0.3 0.33 0
-0.29000000000000004 0.33 0
-0.28 0.33 0
-0.27 0.33 0
-0.26 0.33 0
-0.25 0.33 0
-0.24 0.33 0
-0.22999999999999998 0.33 0
-0.21999999999999997 0.33 0
-0.21000000000000002 0.33 0
-0.2 0.33 0
-0.19 0.33 0
-0.18 0.33 0
-0.16999999999999998 0.33 0
-0.15999999999999998 0.33 0
-0.14999999999999997 0.33 0
-0.14 0.33 0
-0.13 0.33 0
-0.12 0.33 0
-0.10999999999999999 0.33 0
-0.09999999999999998 0.33 0
-0.08999999999999997 0.33 0
-0.08000000000000002 0.33 0
-0.07 0.33 0
-0.06 0.33 0
-0.04999999999999999 0.33 0
-0.03999999999999998 0.33 0
-0.02999999999999997 0.33 0
-0.020000000000000018 0.33 0
-0.010000000000000009 0.33 0
0 0.33 0
0.010000000000000009 0.33 0
0.020000000000000018 0.33 0
0.030000000000000027 0.33 0
0.040000000000000036 0.33 0
0.050000000000000044 0.33 0
0.06000000000000005 0.33 0
0.07000000000000006 0.33 0
0.07999999999999996 0.33 0
0.08999999999999997 0.33 0
0.09999999999999998 0.33 0
0.10999999999999999 0.33 0
0.12 0.33 0
0.13 0.33 0
0.14 0.33 0
0.15000000000000002 0.33 0
0.16000000000000003 0.33 0
0.17000000000000004 0.33 0
0.18000000000000005 0.33 0
0.19000000000000006 0.33 0
0.20000000000000007 0.33 0
0.20999999999999996 0.33 0
0.21999999999999997 0.33 0
0.22999999999999998 0.33 0
0.24 0.33 0
0.25 0.33 0
0.26 0.33 0
0.27 0.33 0
0.28 0.33 0
0.29000000000000004 0.33 0
0.30000000000000004 0.33 0
0.31000000000000005 0.33 0
0.32000000000000006 0.33 0
0.33000000000000007 0.33 0
0.33999999999999997 0.33 0
0.35 0.33 0
0.36 0.33 0
0.37 0.33 0
0.38 0.33 0
0.39 0.33 0
0.4 0.33 0
0.41000000000000003 0.33 0
0.42000000000000004 0.33 0
0.43000000000000005 0.33 0
0.44000000000000006 0.33 0
0.45000000000000007 0.33 0
0.45999999999999996 0.33 0
0.47 0.33 0
0.48 0.33 0
0.49 0.33 0
-0.49 0.34 0
-0.48 0.34 0
-0.47 0.34 0
-0.46 0.34 0
-0.45 0.34 0
-0.44 0.34 0
-0.43 0.34 0
-0.42 0.34 0
-0.41000000000000003 0.34 0
-0.4 0.34 0
-0.39 0.34 0
-0.38 0.34 0
-0.37 0.34 0
-0.36 0.34 0
-0.35 0.34 0
-0.33999999999999997 0.34 0
-0.32999999999999996 0.34 0
-0.32 0.34 0
-0.31 0.34 0
-0.3 0.34 0
-0.29000000000000004 0.34 0
-0.28 0.34 0
-0.27 0.34 0
-0.26 0.34 0
-0.25 0.34 0
-0.24 0.34 0
-0.22999999999999998 0.34 0
-0.21999999999999997 0.34 0
-0.21000000000000002 0.34 0
-0.2 0.34 0
-0.19 0.34 0
-0.18 0.34 0
-0.16999999999999998 0.34 0
-0.15999999999999998 0.34 0
-0.14999999999999997 0.34 0
-0.14 0.34 0
-0.13 0.34 0
-0.12 0.34 0
-0.10999999999999999 0.34 0
-0.09999999999999998 0.34 0
-0.08999999999999997 0.34 0
-0.08000000000000002 0.34 0
-0.07 0.34 0
-0.06 0.34 0
-0.04999999999999999 0.34 0
-0.03999999999999998 0.34 0
-0.02999999999999997 0.34 0
-0.020000000000000018 0.34 0
-0.010000000000000009 0.34 0
0 0.34 0
0.010000000000000009 0.34 0
0.020000000000000018 0.34 0
0.030000000000000027 0.34 0
0.040000000000000036 0.34 0
0.050000000000000044 0.34 0
0.06000000000000005 0.34 0
0.07000000000000006 0.34 0
0.07999999999999996 0.34 0
0.08999999999999997 0.34 0
0.09999999999999998 0.34 0
0.10999999999999999 0.34 0
0.12 0.34 0
0.13 0.34 0
0.14 0.34 0
0.15000000000000002 0.34 0
0.16000000000000003 0.34 0
0.17000000000000004 0.34 0
0.18000000000000005 0.34 0
0.19000000000000006 0.34 0
0.20000000000000007 0.34 0
0.20999999999999996 0.34 0
0.21999999999999997 0.34 0
0.22999999999999998 0.34 0
0.24 0.34 0
0.25 0.34 0
0.26 0.34 0
0.27 0.34 0
0.28 0.34 0
0.29000000000000004 0.34 0
0.30000000000000004 0.34 0
0.31000000000000005 0.34 0
0.32000000000000006 0.34 0
0.33000000000000007 0.34 0
0.33999999999999997 0.34 0
0.35 0.34 0
0.36 0.34 0
0.37 0.34 0
0.38 0.34 0
0.39 0.34 0
0.4 0.34 0
0.41000000000000003 0.34 0
0.42000000000000004 0.34 0
0.43000000000000005 0.34 0
0.44000000000000006 0.34 0
0.45000000000000007 0.34 0
0.45999999999999996 0.34 0
0.47 0.34 0
0.48 0.34 0
0.49 0.34 0
-0.49 0.35000000000000003 0
-0.48 0.35000000000000003 0
-0.47 0.35000000000000003 0
-0.46 0.35000000000000003 0
-0.45 0.35000000000000003 0
-0.44 0.35000000000000003 0
-0.43 0.35000000000000003 0
-0.42 0.35000000000000003 0
-0.41000000000000003 0.35000000000000003 0
-0.4 0.35000000000000003 0
-0.39 0.35000000000000003 0
-0.38 0.35000000000000003 0
-0.37 0.35000000000000003 0
-0.36 0.35000000000000003 0
-0.35 0.35000000000000003 0
-0.33999999999999997 0.35000000000000003 0
-0.32999999999999996 0.35000000000000003 0
-0.32 0.35000000000000003 0
-0.31 0.35000000000000003 0
-0.3 0.35000000000000003 0
-0.29000000000000004 0.35000000000000003 0
-0.28 0.35000000000000003 0
-0.27 0.35000000000000003 0
-0.26 0.35000000000000003 0
-0.25 0.35000000000000003 0
-0.24 0.35000000000000003 0
-0.22999999999999998 0.35000000000000003 0
-0.21999999999999997 0.35000000000000003 0
-0.21000000000000002 0.35000000000000003 0
-0.2 0.35000000000000003 0
-0.19 0.35000000000000003 0
-0.18 0.35000000000000003 0
-0.16999999999999998 0.35000000000000003 0
-0.15999999999999998 0.35000000000000003 0
-0.14999999999999997 0.35000000000000003 0
-0.14 0.35000000000000003 0
-0.13 0.35000000000000003 0
-0.12 0.35000000000000003 0
-0.10999999999999999 0.35000000000000003 0
-0.09999999999999998 0.35000000000000003 0
-0.08999999999999997 0.35000000000000003 0
-0.08000000000000002 0.35000000000000003 0
-0.07 0.35000000000000003 0
-0.06 0.35000000000000003 0
-0.04999999999999999 0.35000000000000003 0
-0.03999999999999998 0.35000000000000003 0
-0.02999999999999997 0.35000000000000003 0
-0.020000000000000018 0.35000000000000003 0
-0.010000000000000009 0.35000000000000003 0
0 0.35000000000000003 0
0.010000000000000009 0.35000000000000003 0
0.020000000000000018 0.35000000000000003 0
0.030000000000000027 0.35000000000000003 0
0.040000000000000036 0.35000000000000003 0
0.050000000000000044 0.35000000000000003 0
0.06000000000000005 0.35000000000000003 0
0.07000000000000006 0.35000000000000003 0
0.07999999999999996 0.35000000000000003 0
0.08999999999999997 0.35000000000000003 0
0.09999999999999998 0.35000000000000003 0
0.10999999999999999 0.35000000000000003 0
0.12 0.35000000000000003 0
0.13 0.35000000000000003 0
0.14 0.35000000000000003 0
0.15000000000000002 0.35000000000000003 0
0.16000000000000003 0.35000000000000003 0
0.17000000000000004 0.35000000000000003 0
0.18000000000000005 0.35000000000000003 0
0.19000000000000006 0.35000000000000003 0
0.20000000000000007 0.35000000000000003 0
0.20999999999999996 0.35000000000000003 0
0.21999999999999997 0.35000000000000003 0
0.22999999999999998 0.35000000000000003 0
0.24 0.35000000000000003 0
0.25 0.35000000000000003 0
0.26 0.35000000000000003 0
0.27 0.35000000000000003 0
0.28 0.35000000000000003 0
0.29000000000000004 0.35000000000000003 0
0.30000000000000004 0.35000000000000003 0
0.31000000000000005 0.35000000000000003 0
0.32000000000000006 0.35000000000000003 0
0.33000000000000007 0.35000000000000003 0
0.33999999999999997 0.35000000000000003 0
0.35 0.35000000000000003 0
0.36 0.35000000000000003 0
0.37 0.35000000000000003 0
0.38 0.35000000000000003 0
0.39 0.35000000000000003 0
0.4 0.35000000000000003 0
0.41000000000000003 0.35000000000000003 0
0.42000000000000004 0.35000000000000003 0
0.43000000000000005 0.35000000000000003 0
0.44000000000000006 0.35000000000000003 0
0.45000000000000007 0.35000000000000003 0
0.45999999999999996 0.35000000000000003 0
0.47 0.35000000000000003 0
0.48 0.35000000000000003 0
0.49 0.35000000000000003 0
-0.49 0.36 0
-0.48 0.36 0
-0.47 0.36 0
-0.46 0.36 0
-0.45 0.36 0
-0.44 0.36 0
-0.43 0.36 0
-0.42 0.36 0
-0.41000000000000003 0.36 0
-0.4 0.36 0
-0.39 0.36 0
-0.38 0.36 0
-0.37 0.36 0
-0.36 0.36 0
-0.35 0.36 0
-0.33999999999999997 0.36 0
-0.32999999999999996 0.36 0
-0.32 0.36 0
-0.31 0.36 0
-0.3 0.36 0
-0.29000000000000004 0.36 0
-0.28 0.36 0
-0.27 0.36 0
-0.26 0.36 0
-0.25 0.36 0
-0.24 0.36 0
-0.22999999999999998 0.36 0
-0.21999999999999997 0.36 0
-0.21000000000000002 0.36 0
-0.2 0.36 0
-0.19 0.36 0
-0.18 0.36 0
-0.16999999999999998 0.36 0
-0.15999999999999998 0.36 0
-0.14999999999999997 0.36 0
-0.14 0.36 0
-0.13 0.36 0
-0.12 0.36 0
-0.10999999999999999 0.36 0
-0.09999999999999998 0.36 0
-0.08999999999999997 0.36 0
-0.08000000000000002 0.36 0
-0.07 0.36 0
-0.06 0.36 0
-0.04999999999999999 0.36 0
-0.03999999999999998 0.36 0
-0.02999999999999997 0.36 0
-0.020000000000000018 0.36 0
-0.010000000000000009 0.36 0
0 0.36 0
0.010000000000000009 0.36 0
0.020000000000000018 0.36 0
0.030000000000000027 0.36 0
0.040000000000000036 0.36 0
0.050000000000000044 0.36 0
0.06000000000000005 0.36 0
0.07000000000000006 0.36 0
0.07999999999999996 0.36 0
0.08999999999999997 0.36 0
0.09999999999999998 0.36 0
0.10999999999999999 0.36 0
0.12 0.36 0
0.13 0.36 0
0.14 0.36 0
0.15000000000000002 0.36 0
0.16000000000000003 0.36 0
0.17000000000000004 0.36 0
0.18000000000000005 0.36 0
0.19000000000000006 0.36 0
0.20000000000000007 0.36 0
0.20999999999999996 0.36 0
0.21999999999999997 0.36 0
0.22999999999999998 0.36 0
0.24 0.36 0
0.25 0.36 0
0.26 0.36 0
0.27 0.36 0
0.28 0.36 0
0.29000000000000004 0.36 0
0.30000000000000004 0.36 0
0.31000000000000005 0.36 0
0.32000000000000006 0.36 0
0.33000000000000007 0.36 0
0.33999999999999997 0.36 0
0.35 0.36 0
0.36 0.36 0
0.37 0.36 0
0.38 0.36 0
0.39 0.36 0
0.4 0.36 0
0.41000000000000003 0.36 0
0.42000000000000004 0.36 0
0.43000000000000005 0.36 0
0.44000000000000006 0.36 0
0.45000000000000007 0.36 0
0.45999999999999996 0.36 0
0.47 0.36 0
0.48 0.36 0
0.49 0.36 0
-0.49 0.37 0
-0.48 0.37 0
-0.47 0.37 0
-0.46 0.37 0
-0.45 0.37 0
-0.44 0.37 0
-0.43 0.37 0
-0.42 0.37 0
-0.41000000000000003 0.37 0
-0.4 0.37 0
-0.39 0.37 0
-0.38 0.37 0
-0.37 0.37 0
-0.36 0.37 0
-0.35 0.37 0
-0.33999999999999997 0.37 0
-0.32999999999999996 0.37 0
-0.32 0.37 0
-0.31 0.37 0
-0.3 0.37 0
-0.29000000000000004 0.37 0
-0.28 0.37 0
-0.27 0.37 0
-0.26 0.37 0
-0.25 0.37 0
-0.24 0.37 0
-0.22999999999999998 0.37 0
-0.21999999999999997 0.37 0
-0.21000000000000002 0.37 0
-0.2 0.37 0
-0.19 0.37 0
-0.18 0.37 0
-0.16999999999999998 0.37 0
-0.15999999999999998 0.37 0
-0.14999999999999997 0.37 0
-0.14 0.37 0
-0.13 0.37 0
-0.12 0.37 0
-0.10999999999999999 0.37 0
-0.09999999999999998 0.37 0
-0.08999999999999997 0.37 0
-0.08000000000000002 0.37 0
-0.07 0.37 0
-0.06 0.37 0
-0.04999999999999999 0.37 0
-0.03999999999999998 0.37 0
-0.02999999999999997 0.37 0
-0.020000000000000018 0.37 0
-0.010000000000000009 0.37 0
0 0.37 0
0.010000000000000009 0.37 0
0.020000000000000018 0.37 0
0.030000000000000027 0.37 0
0.040000000000000036 0.37 0
0.050000000000000044 0.37 0
0.06000000000000005 0.37 0
0.07000000000000006 0.37 0
0.07999999999999996 0.37 0
0.08999999999999997 0.37 0
0.09999999999999998 0.37 0
0.10999999999999999 0.37 0
0.12 0.37 0
0.13 0.37 0
0.14 0.37 0
0.15000000000000002 0.37 0
0.16000000000000003 0.37 0
0.17000000000000004 0.37 0
0.18000000000000005 0.37 0
0.19000000000000006 0.37 0
0.20000000000000007 0.37 0
0.20999999999999996 0.37 0
0.21999999999999997 0.37 0
0.22999999999999998 0.37 0
0.24 0.37 0
0.25 0.37 0
0.26 0.37 0
0.27 0.37 0
0.28 0.37 0
0.29000000000000004 0.37 0
0.30000000000000004 0.37 0
0.31000000000000005 0.37 0
0.32000000000000006 0.37 0
0.33000000000000007 0.37 0
0.33999999999999997 0.37 0
0.35 0.37 0
0.36 0.37 0
0.37 0.37 0
0.38 0.37 0
0.39 0.37 0
0.4 0.37 0
0.41000000000000003 0.37 0
0.42000000000000004 0.37 0
0.43000000000000005 0.37 0
0.44000000000000006 0.37 0
0.45000000000000007 0.37 0
0.45999999999999996 0.37 0
0.47 0.37 0
0.48 0.37 0
0.49 0.37 0
-0.49 0.38 0
-0.48 0.38 0
-0.47 0.38 0
-0.46 0.38 0
-0.45 0.38 0
-0.44 0.38 0
-0.43 0.38 0
-0.42 0.38 0
-0.41000000000000003 0.38 0
-0.4 0.38 0
-0.39 0.38 0
-0.38 0.38 0
-0.37 0.38 0
-0.36 0.38 0
-0.35 0.38 0
-0.33999999999999997 0.38 0
-0.32999999999999996 0.38 0
-0.32 0.38 0
-0.31 0.38 0
-0.3 0.38 0
-0.29000000000000004 0.38 0
-0.28 0.38 0
-0.27 0.38 0
-0.26 0.38 0
-0.25 0.38 0
-0.24 0.38 0
-0.22999999999999998 0.38 0
-0.21999999999999997 0.38 0
-0.21000000000000002 0.38 0
-0.2 0.38 0
-0.19 0.38 0
-0.18 0.38 0
-0.16999999999999998 0.38 0
-0.15999999999999998 0.38 0
-0.14999999999999997 0.38 0
-0.14 0.38 0
-0.13 0.38 0
-0.12 0.38 0
-0.10999999999999999 0.38 0
-0.09999999999999998 0.38 0
-0.08999999999999997 0.38 0
-0.08000000000000002 0.38 0
-0.07 0.38 0
-0.06 0.38 0
-0.04999999999999999 0.38 0
-0.03999999999999998 0.38 0
-0.02999999999999997 0.38 0
-0.020000000000000018 0.38 0
-0.010000000000000009 0.38 0
0 0.38 0
0.010000000000000009 0.38 0
0.020000000000000018 0.38 0
0.030000000000000027 0.38 0
0.040000000000000036 0.38 0
0.050000000000000044 0.38 0
0.06000000000000005 0.38 0
0.07000000000000006 0.38 0
0.07999999999999996 0.38 0
0.08999999999999997 0.38 0
0.09999999999999998 0.38 0
0.10999999999999999 0.38 0
0.12 0.38 0
0.13 0.38 0
0.14 0.38 0
0.15000000000000002 0.38 0
0.16000000000000003 0.38 0
0.17000000000000004 0.38 0
0.18000000000000005 0.38 0
0.19000000000000006 0.38 0
0.20000000000000007 0.38 0
0.20999999999999996 0.38 0
0.21999999999999997 0.38 0
0.22999999999999998 0.38 0
0.24 0.38 0
0.25 0.38 0
0.26 0.38 0
0.27 0.38 0
0.28 0.38 0
0.29000000000000004 0.38 0
0.30000000000000004 0.38 0
0.31000000000000005 0.38 0
0.32000000000000006 0.38 0
0.33000000000000007 0.38 0
0.33999999999999997 0.38 0
0.35 0.38 0
0.36 0.38 0
0.37 0.38 0
0.38 0.38 0
0.39 0.38 0
0.4 0.38 0
0.41000000000000003 0.38 0
0.42000000000000004 0.38 0
0.43000000000000005 0.38 0
0.44000000000000006 0.38 0
0.45000000000000007 0.38 0
0.45999999999999996 0.38 0
0.47 0.38 0
0.48 0.38 0
0.49 0.38 0
-0.49 0.39 0
-0.48 0.39 0
-0.47 0.39 0
-0.46 0.39 0
-0.45 0.39 0
-0.44 0.39 0
-0.43 0.39 0
-0.42 0.39 0
-0.41000000000000003 0.39 0
-0.4 0.39 0
-0.39 0.39 0
-0.38 0.39 0
-0.37 0.39 0
-0.36 0.39 0
-0.35 0.39 0
-0.33999999999999997 0.39 0
-0.32999999999999996 0.39 0
-0.32 0.39 0
-0.31 0.39 0
-0.3 0.39 0
-0.29000000000000004 0.39 0
-0.28 0.39 0
-0.27 0.39 0
-0.26 0.39 0
-0.25 0.39 0
-0.24 0.39 0
-0.22999999999999998 0.39 0
-0.21999999999999997 0.39 0
-0.21000000000000002 0.39 0
-0.2 0.39 0
-0.19 0.39 0
-0.18 0.39 0
-0.16999999999999998 0.39 0
-0.15999999999999998 0.39 0
-0.14999999999999997 0.39 0
-0.14 0.39 0
-0.13 0.39 0
-0.12 0.39 0
-0.10999999999999999 0.39 0
-0.09999999999999998 0.39 0
-0.08999999999999997 0.39 0
-0.08000000000000002 0.39 0
-0.07 0.39 0
-0.06 0.39 0
-0.04999999999999999 0.39 0
-0.03999999999999998 0.39 0
-0.02999999999999997 0.39 0
-0.020000000000000018 0.39 0
-0.010000000000000009 0.39 0
0 0.39 0
0.010000000000000009 0.39 0
0.020000000000000018 0.39 0
0.030000000000000027 0.39 0
0.040000000000000036 0.39 0
0.050000000000000044 0.39 0
0.06000000000000005 0.39 0
0.07000000000000006 0.39 0
0.07999999999999996 0.39 0
0.08999999999999997 0.39 0
0.09999999999999998 0.39 0
0.10999999999999999 0.39 0
0.12 0.39 0
0.13 0.39 0
0.14 0.39 0
0.15000000000000002 0.39 0
0.16000000000000003 0.39 0
0.17000000000000004 0.39 0
0.18000000000000005 0.39 0
0.19000000000000006 0.39 0
0.20000000000000007 0.39 0
0.20999999999999996 0.39 0
0.21999999999999997 0.39 0
0.22999999999999998 0.39 0
0.24 0.39 0
0.25 0.39 0
0.26 0.39 0
0.27 0.39 0
0.28 0.39 0
0.29000000000000004 0.39 0
0.30000000000000004 0.39 0
0.31000000000000005 0.39 0
0.32000000000000006 0.39 0
0.33000000000000007 0.39 0
0.33999999999999997 0.39 0
0.35 0.39 0
0.36 0.39 0
0.37 0.39 0
0.38 0.39 0
0.39 0.39 0
0.4 0.39 0
0.41000000000000003 0.39 0
0.42000000000000004 0.39 0
0.43000000000000005 0.39 0
0.44000000000000006 0.39 0
0.45000000000000007 0.39 0
0.45999999999999996 0.39 0
0.47 0.39 0
0.48 0.39 0
0.49 0.39 0
-0.49 0.4 0
-0.48 0.4 0
-0.47 0.4 0
-0.46 0.4 0
-0.45 0.4 0
-0.44 0.4 0
-0.43 0.4 0
-0.42 0.4 0
-0.41000000000000003 0.4 0
-0.4 0.4 0
-0.39 0.4 0
-0.38 0.4 0
-0.37 0.4 0
-0.36 0.4 0
-0.35 0.4 0
-0.33999999999999997 0.4 0
-0.32999999999999996 0.4 0
-0.32 0.4 0
-0.31 0.4 0
-0.3 0.4 0
-0.29000000000000004 0.4 0
-0.28 0.4 0
-0.27 0.4 0
-0.26 0.4 0
-0.25 0.4 0
-0.24 0.4 0
-0.22999999999999998 0.4 0
-0.21999999999999997 0.4 0
-0.21000000000000002 0.4 0
-0.2 0.4 0
-0.19 0.4 0
-0.18 0.4 0
-0.16999999999999998 0.4 0
-0.15999999999999998 0.4 0
-0.14999999999999997 0.4 0
-0.14 0.4 0
-0.13 0.4 0
-0.12 0.4 0
-0.10999999999999999 0.4 0
-0.09999999999999998 0.4 0
-0.08999999999999997 0.4 0
-0.08000000000000002 0.4 0
-0.07 0.4 0
-0.06 0.4 0
-0.04999999999999999 0.4 0
-0.03999999999999998 0.4 0
-0.02999999999999997 0.4 0
-0.020000000000000018 0.4 0
-0.010000000000000009 0.4 0
0 0.4 0
0.010000000000000009 0.4 0
0.020000000000000018 0.4 0
0.030000000000000027 0.4 0
0.040000000000000036 0.4 0
0.050000000000000044 0.4 0
0.06000000000000005 0.4 0
0.07000000000000006 0.4 0
0.07999999999999996 0.4 0
0.08999999999999997 0.4 0
0.09999999999999998 0.4 0
0.10999999999999999 0.4 0
0.12 0.4 0
0.13 0.4 0
0.14 0.4 0
0.15000000000000002 0.4 0
0.16000000000000003 0.4 0
0.17000000000000004 0.4 0
0.18000000000000005 0.4 0
0.19000000000000006 0.4 0
0.20000000000000007 0.4 0
0.20999999999999996 0.4 0
0.21999999999999997 0.4 0
0.22999999999999998 0.4 0
0.24 0.4 0
0.25 0.4 0
0.26 0.4 0
0.27 0.4 0
0.28 0.4 0
0.29000000000000004 0.4 0
0.30000000000000004 0.4 0
0.31000000000000005 0.4 0
0.32000000000000006 0.4 0
0.33000000000000007 0.4 0
0.33999999999999997 0.4 0
0.35 0.4 0
0.36 0.4 0
0.37 0.4 0
0.38 0.4 0
0.39 0.4 0
0.4 0.4 0
0.41000000000000003 0.4 0
0.42000000000000004 0.4 0
0.43000000000000005 0.4 0
0.44000000000000006 0.4 0
0.45000000000000007 0.4 0
0.45999999999999996 0.4 0
0.47 0.4 0
0.48 0.4 0
0.49 0.4 0
-0.49 0.41000000000000003 0
-0.48 0.41000000000000003 0
-0.47 0.41000000000000003 0
-0.46 0.41000000000000003 0
-0.45 0.41000000000000003 0
-0.44 0.41000000000000003 0
-0.43 0.41000000000000003 0
-0.42 0.41000000000000003 0
-0.41000000000000003 0.41000000000000003 0
-0.4 0.41000000000000003 0
-0.39 0.41000000000000003 0
-0.38 0.41000000000000003 0
-0.37 0.41000000000000003 0
-0.36 0.41000000000000003 0
-0.35 0.41000000000000003 0
-0.33999999999999997 0.41000000000000003 0
-0.32999999999999996 0.41000000000000003 0
-0.32 0.41000000000000003 0
-0.31 0.41000000000000003 0
-0.3 0.41000000000000003 0
-0.29000000000000004 0.41000000000000003 0
-0.28 0.41000000000000003 0
-0.27 0.41000000000000003 0
-0.26 0.41000000000000003 0
-0.25 0.41000000000000003 0
-0.24 0.41000000000000003 0
-0.22999999999999998 0.41000000000000003 0
-0.21999999999999997 0.41000000000000003 0
-0.21000000000000002 0.41000000000000003 0
-0.2 0.41000000000000003 0
-0.19 0.41000000000000003 0
-0.18 0.41000000000000003 0
-0.16999999999999998 0.41000000000000003 0
-0.15999999999999998 0.41000000000000003 0
-0.14999999999999997 0.41000000000000003 0
-0.14 0.41000000000000003 0
-0.13 0.41000000000000003 0
-0.12 0.41000000000000003 0
-0.10999999999999999 0.41000000000000003 0
-0.09999999999999998 0.41000000000000003 0
-0.08999999999999997 0.41000000000000003 0
-0.08000000000000002 0.41000000000000003 0
-0.07 0.41000000000000003 0
-0.06 0.41000000000000003 0
-0.04999999999999999 0.41000000000000003 0
-0.03999999999999998 0.41000000000000003 0
-0.02999999999999997 0.41000000000000003 0
-0.020000000000000018 0.41000000000000003 0
-0.010000000000000009 0.41000000000000003 0
0 0.41000000000000003 0
0.010000000000000009 0.41000000000000003 0
0.020000000000000018 0.41000000000000003 0
0.030000000000000027 0.41000000000000003 0
0.040000000000000036 0.41000000000000003 0
0.050000000000000044 0.41000000000000003 0
0.06000000000000005 0.41000000000000003 0
0.07000000000000006 0.41000000000000003 0
0.07999999999999996 0.41000000000000003 0
0.08999999999999997 0.41000000000000003 0
0.09999999999999998 0.41000000000000003 0
0.10999999999999999 0.41000000000000003 0
0.12 0.41000000000000003 0
0.13 0.41000000000000003 0
0.14 0.41000000000000003 0
0.15000000000000002 0.41000000000000003 0
0.16000000000000003 0.41000000000000003 0
0.17000000000000004 0.41000000000000003 0
0.18000000000000005 0.41000000000000003 0
0.19000000000000006 0.41000000000000003 0
0.20000000000000007 0.41000000000000003 0
0.20999999999999996 0.41000000000000003 0
0.21999999999999997 0.41000000000000003 0
0.22999999999999998 0.41000000000000003 0
0.24 0.41000000000000003 0
0.25 0.41000000000000003 0
0.26 0.41000000000000003 0
0.27 0.41000000000000003 0
0.28 0.41000000000000003 0
0.29000000000000004 0.41000000000000003 0
0.30000000000000004 0.41000000000000003 0
0.31000000000000005 0.41000000000000003 0
0.32000000000000006 0.41000000000000003 0
0.33000000000000007 0.41000000000000003 0
0.33999999999999997 0.41000000000000003 0
0.35 0.41000000000000003 0
0.36 0.41000000000000003 0
0.37 0.41000000000000003 0
0.38 0.41000000000000003 0
0.39 0.41000000000000003 0
0.4 0.41000000000000003 0
0.41000000000000003 0.41000000000000003 0
0.42000000000000004 0.41000000000000003 0
0.43000000000000005 0.41000000000000003 0
0.44000000000000006 0.41000000000000003 0
0.45000000000000007 0.41000000000000003 0
0.45999999999999996 0.41000000000000003 0
0.47 0.41000000000000003 0
0.48 0.41000000000000003 0
0.49 0.41000000000000003 0
-0.49 0.42 0
-0.48 0.42 0
-0.47 0.42 0
-0.46 0.42 0
-0.45 0.42 0
-0.44 0.42 0
-0.43 0.42 0
-0.42 0.42 0
-0.41000000000000003 0.42 0
-0.4 0.42 0
-0.39 0.42 0
-0.38 0.42 0
-0.37 0.42 0
-0.36 0.42 0
-0.35 0.42 0
-0.33999999999999997 0.42 0
-0.32999999999999996 0.42 0
-0.32 0.42 0
-0.31 0.42 0
-0.3 0.42 0
-0.29000000000000004 0.42 0
-0.28 0.42 0
-0.27 0.42 0
-0.26 0.42 0
-0.25 0.42 0
-0.24 0.42 0
-0.22999999999999998 0.42 0
-0.21999999999999997 0.42 0
-0.21000000000000002 0.42 0
-0.2 0.42 0
-0.19 0.42 0
-0.18 0.42 0
-0.16999999999999998 0.42 0
-0.15999999999999998 0.42 0
-0.14999999999999997 0.42 0
-0.14 0.42 0
-0.13 0.42 0
-0.12 0.42 0
-0.10999999999999999 0.42 0
-0.09999999999999998 0.42 0
-0.08999999999999997 0.42 0
-0.08000000000000002 0.42 0
-0.07 0.42 0
-0.06 0.42 0
-0.04999999999999999 0.42 0
-0.03999999999999998 0.42 0
-0.02999999999999997 0.42 0
-0.020000000000000018 0.42 0
-0.010000000000000009 0.42 0
0 0.42 0
0.010000000000000009 0.42 0
0.020000000000000018 0.42 0
0.030000000000000027 0.42 0
0.040000000000000036 0.42 0
0.050000000000000044 0.42 0
0.06000000000000005 0.42 0
0.07000000000000006 0.42 0
0.07999999999999996 0.42 0
0.08999999999999997 0.42 0
0.09999999999999998 0.42 0
0.10999999999999999 0.42 0
0.12 0.42 0
0.13 0.42 0
0.14 0.42 0
0.15000000000000002 0.42 0
0.16000000000000003 0.42 0
0.17000000000000004 0.42 0
0.18000000000000005 0.42 0
0.19000000000000006 0.42 0
0.20000000000000007 0.42 0
0.20999999999999996 0.42 0
0.21999999999999997 0.42 0
0.22999999999999998 0.42 0
0.24 0.42 0
0.25 0.42 0
0.26 0.42 0
0.27 0.42 0
0.28 0.42 0
0.29000000000000004 0.42 0
0.30000000000000004 0.42 0
0.31000000000000005 0.42 0
0.32000000000000006 0.42 0
0.33000000000000007 0.42 0
0.33999999999999997 0.42 0
0.35 0.42 0
0.36 0.42 0
0.37 0.42 0
0.38 0.42 0
0.39 0.42 0
0.4 0.42 0
0.41000000000000003 0.42 0
0.42000000000000004 0.42 0
0.43000000000000005 0.42 0
0.44000000000000006 0.42 0
0.45000000000000007 0.42 0
0.45999999999999996 0.42 0
0.47 0.42 0
0.48 0.42 0
0.49 0.42 0
-0.49 0.43 0
-0.48 0.43 0
-0.47 0.43 0
-0.46 0.43 0
-0.45 0.43 0
-0.44 0.43 0
-0.43 0.43 0
-0.42 0.43 0
-0.41000000000000003 0.43 0
-0.4 0.43 0
-0.39 0.43 0
-0.38 0.43 0
-0.37 0.43 0
-0.36 0.43 0
-0.35 0.43 0
-0.33999999999999997 0.43 0
-0.32999999999999996 0.43 0
-0.32 0.43 0
-0.31 0.43 0
-0.3 0.43 0
-0.29000000000000004 0.43 0
-0.28 0.43 0
-0.27 0.43 0
-0.26 0.43 0
-0.25 0.43 0
-0.24 0.43 0
-0.22999999999999998 0.43 0
-0.21999999999999997 0.43 0
-0.21000000000000002 0.43 0
-0.2 0.43 0
-0.19 0.43 0
-0.18 0.43 0
-0.16999999999999998 0.43 0
-0.15999999999999998 0.43 0
-0.14999999999999997 0.43 0
-0.14 0.43 0
-0.13 0.43 0
-0.12 0.43 0
-0.10999999999999999 0.43 0
-0.09999999999999998 0.43 0
-0.08999999999999997 0.43 0
-0.08000000000000002 0.43 0
-0.07 0.43 0
-0.06 0.43 0
-0.04999999999999999 0.43 0
-0.03999999999999998 0.43 0
-0.02999999999999997 0.43 0
-0.020000000000000018 0.43 0
-0.010000000000000009 0.43 0
0 0.43 0
0.010000000000000009 0.43 0
0.020000000000000018 0.43 0
0.030000000000000027 0.43 0
0.040000000000000036 0.43 0
0.050000000000000044 0.43 0
0.06000000000000005 0.43 0
0.07000000000000006 0.43 0
0.07999999999999996 0.43 0
0.08999999999999997 0.43 0
0.09999999999999998 0.43 0
0.10999999999999999 0.43 0
0.12 0.43 0
0.13 0.43 0
0.14 0.43 0
0.15000000000000002 0.43 0
0.16000000000000003 0.43 0
0.17000000000000004 0.43 0
0.18000000000000005 0.43 0
0.19000000000000006 0.43 0
0.20000000000000007 0.43 0
0.20999999999999996 0.43 0
0.21999999999999997 0.43 0
0.22999999999999998 0.43 0
0.24 0.43 0
0.25 0.43 0
0.26 0.43 0
0.27 0.43 0
0.28 0.43 0
0.29000000000000004 0.43 0
0.30000000000000004 0.43 0
0.31000000000000005 0.43 0
0.32000000000000006 0.43 0
0.33000000000000007 0.43 0
0.33999999999999997 0.43 0
0.35 0.43 0
0.36 0.43 0
0.37 0.43 0
0.38 0.43 0
0.39 0.43 0
0.4 0.43 0
0.41000000000000003 0.43 0
0.42000000000000004 0.43 0
0.43000000000000005 0.43 0
0.44000000000000006 0.43 0
0.45000000000000007 0.43 0
0.45999999999999996 0.43 0
0.47 0.43 0
0.48 0.43 0
0.49 0.43 0
-0.49 0.44 0
-0.48 0.44 0
-0.47 0.44 0
-0.46 0.44 0
-0.45 0.44 0
-0.44 0.44 0
-0.43 0.44 0
-0.42 0.44 0
-0.41000000000000003 0.44 0
-0.4 0.44 0
-0.39 0.44 0
-0.38 0.44 0
-0.37 0.44 0
-0.36 0.44 0
-0.35 0.44 0
-0.33999999999999997 0.44 0
-0.32999999999999996 0.44 0
-0.32 0.44 0
-0.31 0.44 0
-0.3 0.44 0
-0.29000000000000004 0.44 0
-0.28 0.44 0
-0.27 0.44 0
-0.26 0.44 0
-0.25 0.44 0
-0.24 0.44 0
-0.22999999999999998 0.44 0
-0.21999999999999997 0.44 0
-0.21000000000000002 0.44 0
-0.2 0.44 0
-0.19 0.44 0
-0.18 0.44 0
-0.16999999999999998 0.44 0
-0.15999999999999998 0.44 0
-0.14999999999999997 0.44 0
-0.14 0.44 0
-0.13 0.44 0
-0.12 0.44 0
-0.10999999999999999 0.44 0
-0.09999999999999998 0.44 0
-0.08999999999999997 0.44 0
-0.08000000000000002 0.44 0
-0.07 0.44 0
-0.06 0.44 0
-0.04999999999999999 0.44 0
-0.03999999999999998 0.44 0
-0.02999999999999997 0.44 0
-0.020000000000000018 0.44 0
-0.010000000000000009 0.44 0
0 0.44 0
0.010000000000000009 0.44 0
0.020000000000000018 0.44 0
0.030000000000000027 0.44 0
0.040000000000000036 0.44 0
0.050000000000000044 0.44 0
0.06000000000000005 0.44 0
0.07000000000000006 0.44 0
0.07999999999999996 0.44 0
0.08999999999999997 0.44 0
0.09999999999999998 0.44 0
0.10999999999999999 0.44 0
0.12 0.44 0
0.13 0.44 0
0.14 0.44 0
0.15000000000000002 0.44 0
0.16000000000000003 0.44 0
0.17000000000000004 0.44 0
0.18000000000000005 0.44 0
0.19000000000000006 0.44 0
0.20000000000000007 0.44 0
0.20999999999999996 0.44 0
0.21999999999999997 0.44 0
0.22999999999999998 0.44 0
0.24 0.44 0
0.25 0.44 0
0.26 0.44 0
0.27 0.44 0
0.28 0.44 0
0.29000000000000004 0.44 0
0.30000000000000004 0.44 0
0.31000000000000005 0.44 0
0.32000000000000006 0.44 0
0.33000000000000007 0.44 0
0.33999999999999997 0.44 0
0.35 0.44 0
0.36 0.44 0
0.37 0.44 0
0.38 0.44 0
0.39 0.44 0
0.4 0.44 0
0.41000000000000003 0.44 0
0.42000000000000004 0.44 0
0.43000000000000005 0.44 0
0.44000000000000006 0.44 0
0.45000000000000007 0.44 0
0.45999999999999996 0.44 0
0.47 0.44 0
0.48 0.44 0
0.49 0.44 0
-0.49 0.45 0
-0.48 0.45 0
-0.47 0.45 0
-0.46 0.45 0
-0.45 0.45 0
-0.44 0.45 0
-0.43 0.45 0
-0.42 0.45 0
-0.41000000000000003 0.45 0
-0.4 0.45 0
-0.39 0.45 0
-0.38 0.45 0
-0.37 0.45 0
-0.36 0.45 0
-0.35 0.45 0
-0.33999999999999997 0.45 0
-0.32999999999999996 0.45 0
-0.32 0.45 0
-0.31 0.45 0
-0.3 0.45 0
-0.29000000000000004 0.45 0
-0.28 0.45 0
-0.27 0.45 0
-0.26 0.45 0
-0.25 0.45 0
-0.24 0.45 0
-0.22999999999999998 0.45 0
-0.21999999999999997 0.45 0
-0.21000000000000002 0.45 0
-0.2 0.45 0
-0.19 0.45 0
-0.18 0.45 0
-0.16999999999999998 0.45 0
-0.15999999999999998 0.45 0
-0.14999999999999997 0.45 0
-0.14 0.45 0
-0.13 0.45 0
-0.12 0.45 0
-0.10999999999999999 0.45 0
-0.09999999999999998 0.45 0
-0.08999999999999997 0.45 0
-0.08000000000000002 0.45 0
-0.07 0.45 0
-0.06 0.45 0
-0.04999999999999999 0.45 0
-0.03999999999999998 0.45 0
-0.02999999999999997 0.45 0
-0.020000000000000018 0.45 0
-0.010000000000000009 0.45 0
0 0.45 0
0.010000000000000009 0.45 0
0.020000000000000018 0.45 0
0.030000000000000027 0.45 0
0.040000000000000036 0.45 0
0.050000000000000044 0.45 0
0.06000000000000005 0.45 0
0.07000000000000006 0.45 0
0.07999999999999996 0.45 0
0.08999999999999997 0.45 0
0.09999999999999998 0.45 0
0.10999999999999999 0.45 0
0.12 0.45 0
0.13 0.45 0
0.14 0.45 0
0.15000000000000002 0.45 0
0.16000000000000003 0.45 0
0.17000000000000004 0.45 0
0.18000000000000005 0.45 0
0.19000000000000006 0.45 0
0.20000000000000007 0.45 0
0.20999999999999996 0.45 0
0.21999999999999997 0.45 0
0.22999999999999998 0.45 0
0.24 0.45 0
0.25 0.45 0
0.26 0.45 0
0.27 0.45 0
0.28 0.45 0
0.29000000000000004 0.45 0
0.30000000000000004 0.45 0
0.31000000000000005 0.45 0
0.32000000000000006 0.45 0
0.33000000000000007 0.45 0
0.33999999999999997 0.45 0
0.35 0.45 0
0.36 0.45 0
0.37 0.45 0
0.38 0.45 0
0.39 0.45 0
0.4 0.45 0
0.41000000000000003 0.45 0
0.42000000000000004 0.45 0
0.43000000000000005 0.45 0
0.44000000000000006 0.45 0
0.45000000000000007 0.45 0
0.45999999999999996 0.45 0
0.47 0.45 0
0.48 0.45 0
0.49 0.45 0
-0.49 0.46 0
-0.48 0.46 0
-0.47 0.46 0
-0.46 0.46 0
-0.45 0.46 0
-0.44 0.46 0
-0.43 0.46 0
-0.42 0.46 0
-0.41000000000000003 0.46 0
-0.4 0.46 0
-0.39 0.46 0
-0.38 0.46 0
-0.37 0.46 0
-0.36 0.46 0
-0.35 0.46 0
-0.33999999999999997 0.46 0
-0.32999999999999996 0.46 0
-0.32 0.46 0
-0.31 0.46 0
-0.3 0.46 0
-0.29000000000000004 0.46 0
-0.28 0.46 0
-0.27 0.46 0
-0.26 0.46 0
-0.25 0.46 0
-0.24 0.46 0
-0.22999999999999998 0.46 0
-0.21999999999999997 0.46 0
-0.21000000000000002 0.46 0
-0.2 0.46 0
-0.19 0.46 0
-0.18 0.46 0
-0.16999999999999998 0.46 0
-0.15999999999999998 0.46 0
-0.14999999999999997 0.46 0
-0.14 0.46 0
-0.13 0.46 0
-0.12 0.46 0
-0.10999999999999999 0.46 0
-0.09999999999999998 0.46 0
-0.08999999999999997 0.46 0
-0.08000000000000002 0.46 0
-0.07 0.46 0
-0.06 0.46 0
-0.04999999999999999 0.46 0
-0.03999999999999998 0.46 0
-0.02999999999999997 0.46 0
-0.020000000000000018 0.46 0
-0.010000000000000009 0.46 0
0 0.46 0
0.010000000000000009 0.46 0
0.020000000000000018 0.46 0
0.030000000000000027 0.46 0
0.040000000000000036 0.46 0
0.050000000000000044 0.46 0
0.06000000000000005 0.46 0
0.07000000000000006 0.46 0
0.07999999999999996 0.46 0
0.08999999999999997 0.46 0
0.09999999999999998 0.46 0
0.10999999999999999 0.46 0
0.12 0.46 0
0.13 0.46 0
0.14 0.46 0
0.15000000000000002 0.46 0
0.16000000000000003 0.46 0
0.17000000000000004 0.46 0
0.18000000000000005 0.46 0
0.19000000000000006 0.46 0
0.20000000000000007 0.46 0
0.20999999999999996 0.46 0
0.21999999999999997 0.46 0
0.22999999999999998 0.46 0
0.24 0.46 0
0.25 0.46 0
0.26 0.46 0
0.27 0.46 0
0.28 0.46 0
0.29000000000000004 0.46 0
0.30000000000000004 0.46 0
0.31000000000000005 0.46 0
0.32000000000000006 0.46 0
0.33000000000000007 0.46 0
0.33999999999999997 0.46 0
0.35 0.46 0
0.36 0.46 0
0.37 0.46 0
0.38 0.46 0
0.39 0.46 0
0.4 0.46 0
0.41000000000000003 0.46 0
0.42000000000000004 0.46 0
0.43000000000000005 0.46 0
0.44000000000000006 0.46 0
0.45000000000000007 0.46 0
0.45999999999999996 0.46 0
0.47 0.46 0
0.48 0.46 0
0.49 0.46 0
-0.49 0.47000000000000003 0
-0.48 0.47000000000000003 0
-0.47 0.47000000000000003 0
-0.46 0.47000000000000003 0
-0.45 0.47000000000000003 0
-0.44 0.47000000000000003 0
-0.43 0.47000000000000003 0
-0.42 0.47000000000000003 0
-0.41000000000000003 0.47000000000000003 0
-0.4 0.47000000000000003 0
-0.39 0.47000000000000003 0
-0.38 0.47000000000000003 0
-0.37 0.47000000000000003 0
-0.36 0.47000000000000003 0
-0.35 0.47000000000000003 0
-0.33999999999999997 0.47000000000000003 0
-0.32999999999999996 0.47000000000000003 0
-0.32 0.47000000000000003 0
-0.31 0.47000000000000003 0
-0.3 0.47000000000000003 0
-0.29000000000000004 0.47000000000000003 0
-0.28 0.47000000000000003 0
-0.27 0.47000000000000003 0
-0.26 0.47000000000000003 0
-0.25 0.47000000000000003 0
-0.24 0.47000000000000003 0
-0.22999999999999998 0.47000000000000003 0
-0.21999999999999997 0.47000000000000003 0
-0.21000000000000002 0.47000000000000003 0
-0.2 0.47000000000000003 0
-0.19 0.47000000000000003 0
-0.18 0.47000000000000003 0
-0.16999999999999998 0.47000000000000003 0
-0.15999999999999998 0.47000000000000003 0
-0.14999999999999997 0.47000000000000003 0
-0.14 0.47000000000000003 0
-0.13 0.47000000000000003 0
-0.12 0.47000000000000003 0
-0.10999999999999999 0.47000000000000003 0
-0.09999999999999998 0.47000000000000003 0
-0.08999999999999997 0.47000000000000003 0
-0.08000000000000002 0.47000000000000003 0
-0.07 0.47000000000000003 0
-0.06 0.47000000000000003 0
-0.04999999999999999 0.47000000000000003 0
-0.03999999999999998 0.47000000000000003 0
-0.02999999999999997 0.47000000000000003 0
-0.020000000000000018 0.47000000000000003 0
-0.010000000000000009 0.47000000000000003 0
0 0.47000000000000003 0
0.010000000000000009 0.47000000000000003 0
0.020000000000000018 0.47000000000000003 0
0.030000000000000027 0.47000000000000003 0
0.040000000000000036 0.47000000000000003 0
0.050000000000000044 0.47000000000000003 0
0.06000000000000005 0.47000000000000003 0
0.07000000000000006 0.47000000000000003 0
0.07999999999999996 0.47000000000000003 0
0.08999999999999997 0.47000000000000003 0
0.09999999999999998 0.47000000000000003 0
0.10999999999999999 0.47000000000000003 0
0.12 0.47000000000000003 0
0.13 0.47000000000000003 0
0.14 0.47000000000000003 0
0.15000000000000002 0.47000000000000003 0
0.16000000000000003 0.47000000000000003 0
0.17000000000000004 0.47000000000000003 0
0.18000000000000005 0.47000000000000003 0
0.19000000000000006 0.47000000000000003 0
0.20000000000000007 0.47000000000000003 0
0.20999999999999996 0.47000000000000003 0
0.21999999999999997 0.47000000000000003 0
0.22999999999999998 0.47000000000000003 0
0.24 0.47000000000000003 0
0.25 0.47000000000000003 0
0.26 0.47000000000000003 0
0.27 0.47000000000000003 0
0.28 0.47000000000000003 0
0.29000000000000004 0.47000000000000003 0
0.30000000000000004 0.47000000000000003 0
0.31000000000000005 0.47000000000000003 0
0.32000000000000006 0.47000000000000003 0
0.33000000000000007 0.47000000000000003 0
0.33999999999999997 0.47000000000000003 0
0.35 0.47000000000000003 0
0.36 0.47000000000000003 0
0.37 0.47000000000000003 0
0.38 0.47000000000000003 0
0.39 0.47000000000000003 0
0.4 0.47000000000000003 0
0.41000000000000003 0.47000000000000003 0
0.42000000000000004 0.47000000000000003 0
0.43000000000000005 0.47000000000000003 0
0.44000000000000006 0.47000000000000003 0
0.45000000000000007 0.47000000000000003 0
0.45999999999999996 0.47000000000000003 0
0.47 0.47000000000000003 0
0.48 0.47000000000000003 0
0.49 0.47000000000000003 0
-0.49 0.48 0
-0.48 0.48 0
-0.47 0.48 0
-0.46 0.48 0
-0.45 0.48 0
-0.44 0.48 0
-0.43 0.48 0
-0.42 0.48 0
-0.41000000000000003 0.48 0
-0.4 0.48 0
-0.39 0.48 0
-0.38 0.48 0
-0.37 0.48 0
-0.36 0.48 0
-0.35 0.48 0
-0.33999999999999997 0.48 0
-0.32999999999999996 0.48 0
-0.32 0.48 0
-0.31 0.48 0
-0.3 0.48 0
-0.29000000000000004 0.48 0
-0.28 0.48 0
-0.27 0.48 0
-0.26 0.48 0
-0.25 0.48 0
-0.24 0.48 0
-0.22999999999999998 0.48 0
-0.21999999999999997 0.48 0
-0.21000000000000002 0.48 0
-0.2 0.48 0
-0.19 0.48 0
-0.18 0.48 0
-0.16999999999999998 0.48 0
-0.15999999999999998 0.48 0
-0.14999999999999997 0.48 0
-0.14 0.48 0
-0.13 0.48 0
-0.12 0.48 0
-0.10999999999999999 0.48 0
-0.09999999999999998 0.48 0
-0.08999999999999997 0.48 0
-0.08000000000000002 0.48 0
-0.07 0.48 0
-0.06 0.48 0
-0.04999999999999999 0.48 0
-0.03999999999999998 0.48 0
-0.02999999999999997 0.48 0
-0.020000000000000018 0.48 0
-0.010000000000000009 0.48 0
0 0.48 0
0.010000000000000009 0.48 0
0.020000000000000018 0.48 0
0.030000000000000027 0.48 0
0.040000000000000036 0.48 0
0.050000000000000044 0.48 0
0.06000000000000005 0.48 0
0.07000000000000006 0.48 0
0.07999999999999996 0.48 0
0.08999999999999997 0.48 0
0.09999999999999998 0.48 0
0.10999999999999999 0.48 0
0.12 0.48 0
0.13 0.48 0
0.14 0.48 0
0.15000000000000002 0.48 0
0.16000000000000003 0.48 0
0.17000000000000004 0.48 0
0.18000000000000005 0.48 0
0.19000000000000006 0.48 0
0.20000000000000007 0.48 0
0.20999999999999996 0.48 0
0.21999999999999997 0.48 0
0.22999999999999998 0.48 0
0.24 0.48 0
0.25 0.48 0
0.26 0.48 0
0.27 0.48 0
0.28 0.48 0
0.29000000000000004 0.48 0
0.30000000000000004 0.48 0
0.31000000000000005 0.48 0
0.32000000000000006 0.48 0
0.33000000000000007 0.48 0
0.33999999999999997 0.48 0
0.35 0.48 0
0.36 0.48 0
0.37 0.48 0
0.38 0.48 0
0.39 0.48 0
0.4 0.48 0
0.41000000000000003 0.48 0
0.42000000000000004 0.48 0
0.43000000000000005 0.48 0
0.44000000000000006 0.48 0
0.45000000000000007 0.48 0
0.45999999999999996 0.48 0
0.47 0.48 0
0.48 0.48 0
0.49 0.48 0
-0.49 0.49 0
-0.48 0.49 0
-0.47 0.49 0
-0.46 0.49 0
-0.45 0.49 0
-0.44 0.49 0
-0.43 0.49 0
-0.42 0.49 0
-0.41000000000000003 0.49 0
-0.4 0.49 0
-0.39 0.49 0
-0.38 0.49 0
-0.37 0.49 0
-0.36 0.49 0
-0.35 0.49 0
-0.33999999999999997 0.49 0
-0.32999999999999996 0.49 0
-0.32 0.49 0
-0.31 0.49 0
-0.3 0.49 0
-0.29000000000000004 0.49 0
-0.28 0.49 0
-0.27 0.49 0
-0.26 0.49 0
-0.25 0.49 0
-0.24 0.49 0
-0.22999999999999998 0.49 0
-0.21999999999999997 0.49 0
-0.21000000000000002 0.49 0
-0.2 0.49 0
-0.19 0.49 0
-0.18 0.49 0
-0.16999999999999998 0.49 0
-0.15999999999999998 0.49 0
-0.14999999999999997 0.49 0
-0.14 0.49 0
-0.13 0.49 0
-0.12 0.49 0
-0.10999999999999999 0.49 0
-0.09999999999999998 0.49 0
-0.08999999999999997 0.49 0
-0.08000000000000002 0.49 0
-0.07 0.49 0
-0.06 0.49 0
-0.04999999999999999 0.49 0
-0.03999999999999998 0.49 0
-0.02999999999999997 0.49 0
-0.020000000000000018 0.49 0
-0.010000000000000009 0.49 0
0 0.49 0
0.010000000000000009 0.49 0
0.020000000000000018 0.49 0
0.030000000000000027 0.49 0
0.040000000000000036 0.49 0
0.050000000000000044 0.49 0
0.06000000000000005 0.49 0
0.07000000000000006 0.49 0
0.07999999999999996 0.49 0
0.08999999999999997 0.49 0
0.09999999999999998 0.49 0
0.10999999999999999 0.49 0
0.12 0.49 0
0.13 0.49 0
0.14 0.49 0
0.15000000000000002 0.49 0
0.16000000000000003 0.49 0
0.17000000000000004 0.49 0
0.18000000000000005 0.49 0
0.19000000000000006 0.49 0
0.20000000000000007 0.49 0
0.20999999999999996 0.49 0
0.21999999999999997 0.49 0
0.22999999999999998 0.49 0
0.24 0.49 0
0.25 0.49 0
0.26 0.49 0
0.27 0.49 0
0.28 0.49 0
0.29000000000000004 0.49 0
0.30000000000000004 0.49 0
0.31000000000000005 0.49 0
0.32000000000000006 0.49 0
0.33000000000000007 0.49 0
0.33999999999999997 0.49 0
0.35 0.49 0
0.36 0.49 0
0.37 0.49 0
0.38 0.49 0
0.39 0.49 0
0.4 0.49 0
0.41000000000000003 0.49 0
0.42000000000000004 0.49 0
0.43000000000000005 0.49 0
0.44000000000000006 0.49 0
0.45000000000000007 0.49 0
0.45999999999999996 0.49 0
0.47 0.49 0
0.48 0.49 0
0.49 0.49 0
-0.49 0.5 0
-0.48 0.5 0
-0.47 0.5 0
-0.46 0.5 0
-0.45 0.5 0
-0.44 0.5 0
-0.43 0.5 0
-0.42 0.5 0
-0.41000000000000003 0.5 0
-0.4 0.5 0
-0.39 0.5 0
-0.38 0.5 0
-0.37 0.5 0
-0.36 0.5 0
-0.35 0.5 0
-0.33999999999999997 0.5 0
-0.32999999999999996 0.5 0
-0.32 0.5 0
-0.31 0.5 0
-0.3 0.5 0
-0.29000000000000004 0.5 0
-0.28 0.5 0
-0.27 0.5 0
-0.26 0.5 0
-0.25 0.5 0
-0.24 0.5 0
-0.22999999999999998 0.5 0
-0.21999999999999997 0.5 0
-0.21000000000000002 0.5 0
-0.2 0.5 0
-0.19 0.5 0
-0.18 0.5 0
-0.16999999999999998 0.5 0
-0.15999999999999998 0.5 0
-0.14999999999999997 0.5 0
-0.14 0.5 0
-0.13 0.5 0
-0.12 0.5 0
-0.10999999999999999 0.5 0
-0.09999999999999998 0.5 0
-0.08999999999999997 0.5 0
-0.08000000000000002 0.5 0
-0.07 0.5 0
-0.06 0.5 0
-0.04999999999999999 0.5 0
-0.03999999999999998 0.5 0
-0.02999999999999997 0.5 0
-0.020000000000000018 0.5 0
-0.010000000000000009 0.5 0
0 0.5 0
0.010000000000000009 0.5 0
0.020000000000000018 0.5 0
0.030000000000000027 0.5 0
0.040000000000000036 0.5 0
0.050000000000000044 0.5 0
0.06000000000000005 0.5 0
0.07000000000000006 0.5 0
0.07999999999999996 0.5 0
0.08999999999999997 0.5 0
0.09999999999999998 0.5 0
0.10999999999999999 0.5 0
0.12 0.5 0
0.13 0.5 0
0.14 0.5 0
0.15000000000000002 0.5 0
0.16000000000000003 0.5 0
0.17000000000000004 0.5 0
0.18000000000000005 0.5 0
0.19000000000000006 0.5 0
0.20000000000000007 0.5 0
0.20999999999999996 0.5 0
0.21999999999999997 0.5 0
0.22999999999999998 0.5 0
0.24 0.5 0
0.25 0.5 0
0.26 0.5 0
0.27 0.5 0
0.28 0.5 0
0.29000000000000004 0.5 0
0.30000000000000004 0.5 0
0.31000000000000005 0.5 0
0.32000000000000006 0.5 0
0.33000000000000007 0.5 0
0.33999999999999997 0.5 0
0.35 0.5 0
0.36 0.5 0
0.37 0.5 0
0.38 0.5 0
0.39 0.5 0
0.4 0.5 0
0.41000000000000003 0.5 0
0.42000000000000004 0.5 0
0.43000000000000005 0.5 0
0.44000000000000006 0.5 0
0.45000000000000007 0.5 0
0.45999999999999996 0.5 0
0.47 0.5 0
0.48 0.5 0
0.49 0.5 0
-0.49 0.51 0
-0.48 0.51 0
-0.47 0.51 0
-0.46 0.51 0
-0.45 0.51 0
-0.44 0.51 0
-0.43 0.51 0
-0.42 0.51 0
-0.41000000000000003 0.51 0
-0.4 0.51 0
-0.39 0.51 0
-0.38 0.51 0
-0.37 0.51 0
-0.36 0.51 0
-0.35 0.51 0
-0.33999999999999997 0.51 0
-0.32999999999999996 0.51 0
-0.32 0.51 0
-0.31 0.51 0
-0.3 0.51 0
-0.29000000000000004 0.51 0
-0.28 0.51 0
-0.27 0.51 0
-0.26 0.51 0
-0.25 0.51 0
-0.24 0.51 0
-0.22999999999999998 0.51 0
-0.21999999999999997 0.51 0
-0.21000000000000002 0.51 0
-0.2 0.51 0
-0.19 0.51 0
-0.18 0.51 0
-0.16999999999999998 0.51 0
-0.15999999999999998 0.51 0
-0.14999999999999997 0.51 0
-0.14 0.51 0
-0.13 0.51 0
-0.12 0.51 0
-0.10999999999999999 0.51 0
-0.09999999999999998 0.51 0
-0.08999999999999997 0.51 0
-0.08000000000000002 0.51 0
-0.07 0.51 0
-0.06 0.51 0
-0.04999999999999999 0.51 0
-0.03999999999999998 0.51 0
-0.02999999999999997 0.51 0
-0.020000000000000018 0.51 0
-0.010000000000000009 0.51 0
0 0.51 0
0.010000000000000009 0.51 0
0.020000000000000018 0.51 0
0.030000000000000027 0.51 0
0.040000000000000036 0.51 0
0.050000000000000044 0.51 0
0.06000000000000005 0.51 0
0.07000000000000006 0.51 0
0.07999999999999996 0.51 0
0.08999999999999997 0.51 0
0.09999999999999998 0.51 0
0.10999999999999999 0.51 0
0.12 0.51 0
0.13 0.51 0
0.14 0.51 0
0.15000000000000002 0.51 0
0.16000000000000003 0.51 0
0.17000000000000004 0.51 0
0.18000000000000005 0.51 0
0.19000000000000006 0.51 0
0.20000000000000007 0.51 0
0.20999999999999996 0.51 0
0.21999999999999997 0.51 0
0.22999999999999998 0.51 0
0.24 0.51 0
0.25 0.51 0
0.26 0.51 0
0.27 0.51 0
0.28 0.51 0
0.29000000000000004 0.51 0
0.30000000000000004 0.51 0
0.31000000000000005 0.51 0
0.32000000000000006 0.51 0
0.33000000000000007 0.51 0
0.33999999999999997 0.51 0
0.35 0.51 0
0.36 0.51 0
0.37 0.51 0
0.38 0.51 0
0.39 0.51 0
0.4 0.51 0
0.41000000000000003 0.51 0
0.42000000000000004 0.51 0
0.43000000000000005 0.51 0
0.44000000000000006 0.51 0
0.45000000000000007 0.51 0
0.45999999999999996 0.51 0
0.47 0.51 0
0.48 0.51 0
0.49 0.51 0
-0.49 0.52 0
-0.48 0.52 0
-0.47 0.52 0
-0.46 0.52 0
-0.45 0.52 0
-0.44 0.52 0
-0.43 0.52 0
-0.42 0.52 0
-0.41000000000000003 0.52 0
-0.4 0.52 0
-0.39 0.52 0
-0.38 0.52 0
-0.37 0.52 0
-0.36 0.52 0
-0.35 0.52 0
-0.33999999999999997 0.52 0
-0.32999999999999996 0.52 0
-0.32 0.52 0
-0.31 0.52 0
-0.3 0.52 0
-0.29000000000000004 0.52 0
-0.28 0.52 0
-0.27 0.52 0
-0.26 0.52 0
-0.25 0.52 0
-0.24 0.52 0
-0.22999999999999998 0.52 0
-0.21999999999999997 0.52 0
-0.21000000000000002 0.52 0
-0.2 0.52 0
-0.19 0.52 0
-0.18 0.52 0
-0.16999999999999998 0.52 0
-0.15999999999999998 0.52 0
-0.14999999999999997 0.52 0
-0.14 0.52 0
-0.13 0.52 0
-0.12 0.52 0
-0.10999999999999999 0.52 0
-0.09999999999999998 0.52 0
-0.08999999999999997 0.52 0
-0.08000000000000002 0.52 0
-0.07 0.52 0
-0.06 0.52 0
-0.04999999999999999 0.52 0
-0.03999999999999998 0.52 0
-0.02999999999999997 0.52 0
-0.020000000000000018 0.52 0
-0.010000000000000009 0.52 0
0 0.52 0
0.010000000000000009 0.52 0
0.020000000000000018 0.52 0
0.030000000000000027 0.52 0
0.040000000000000036 0.52 0
0.050000000000000044 0.52 0
0.06000000000000005 0.52 0
0.07000000000000006 0.52 0
0.07999999999999996 0.52 0
0.08999999999999997 0.52 0
0.09999999999999998 0.52 0
0.10999999999999999 0.52 0
0.12 0.52 0
0.13 0.52 0
0.14 0.52 0
0.15000000000000002 0.52 0
0.16000000000000003 0.52 0
0.17000000000000004 0.52 0
0.18000000000000005 0.52 0
0.19000000000000006 0.52 0
0.20000000000000007 0.52 0
0.20999999999999996 0.52 0
0.21999999999999997 0.52 0
0.22999999999999998 0.52 0
0.24 0.52 0
0.25 0.52 0
0.26 0.52 0
0.27 0.52 0
0.28 0.52 0
0.29000000000000004 0.52 0
0.30000000000000004 0.52 0
0.31000000000000005 0.52 0
0.32000000000000006 0.52 0
0.33000000000000007 0.52 0
0.33999999999999997 0.52 0
0.35 0.52 0
0.36 0.52 0
0.37 0.52 0
0.38 0.52 0
0.39 0.52 0
0.4 0.52 0
0.41000000000000003 0.52 0
0.42000000000000004 0.52 0
0.43000000000000005 0.52 0
0.44000000000000006 0.52 0
0.45000000000000007 0.52 0
0.45999999999999996 0.52 0
0.47 0.52 0
0.48 0.52 0
0.49 0.52 0
-0.49 0.53 0
-0.48 0.53 0
-0.47 0.53 0
-0.46 0.53 0
-0.45 0.53 0
-0.44 0.53 0
-0.43 0.53 0
-0.42 0.53 0
-0.41000000000000003 0.53 0
-0.4 0.53 0
-0.39 0.53 0
-0.38 0.53 0
-0.37 0.53 0
-0.36 0.53 0
-0.35 0.53 0
-0.33999999999999997 0.53 0
-0.32999999999999996 0.53 0
-0.32 0.53 0
-0.31 0.53 0
-0.3 0.53 0
-0.29000000000000004 0.53 0
-0.28 0.53 0
-0.27 0.53 0
-0.26 0.53 0
-0.25 0.53 0
-0.24 0.53 0
-0.22999999999999998 0.53 0
-0.21999999999999997 0.53 0
-0.21000000000000002 0.53 0
-0.2 0.53 0
-0.19 0.53 0
-0.18 0.53 0
-0.16999999999999998 0.53 0
-0.15999999999999998 0.53 0
-0.14999999999999997 0.53 0
-0.14 0.53 0
-0.13 0.53 0
-0.12 0.53 0
-0.10999999999999999 0.53 0
-0.09999999999999998 0.53 0
-0.08999999999999997 0.53 0
-0.08000000000000002 0.53 0
-0.07 0.53 0
-0.06 0.53 0
-0.04999999999999999 0.53 0
-0.03999999999999998 0.53 0
-0.02999999999999997 0.53 0
-0.020000000000000018 0.53 0
-0.010000000000000009 0.53 0
0 0.53 0
0.010000000000000009 0.53 0
0.020000000000000018 0.53 0
0.030000000000000027 0.53 0
0.040000000000000036 0.53 0
0.050000000000000044 0.53 0
0.06000000000000005 0.53 0
0.07000000000000006 0.53 0
0.07999999999999996 0.53 0
0.08999999999999997 0.53 0
0.09999999999999998 0.53 0
0.10999999999999999 0.53 0
0.12 0.53 0
0.13 0.53 0
0.14 0.53 0
0.15000000000000002 0.53 0
0.16000000000000003 0.53 0
0.17000000000000004 0.53 0
0.18000000000000005 0.53 0
0.19000000000000006 0.53 0
0.20000000000000007 0.53 0
0.20999999999999996 0.53 0
0.21999999999999997 0.53 0
0.22999999999999998 0.53 0
0.24 0.53 0
0.25 0.53 0
0.26 0.53 0
0.27 0.53 0
0.28 0.53 0
0.29000000000000004 0.53 0
0.30000000000000004 0.53 0
0.31000000000000005 0.53 0
0.32000000000000006 0.53 0
0.33000000000000007 0.53 0
0.33999999999999997 0.53 0
0.35 0.53 0
0.36 0.53 0
0.37 0.53 0
0.38 0.53 0
0.39 0.53 0
0.4 0.53 0
0.41000000000000003 0.53 0
0.42000000000000004 0.53 0
0.43000000000000005 0.53 0
0.44000000000000006 0.53 0
0.45000000000000007 0.53 0
0.45999999999999996 0.53 0
0.47 0.53 0
0.48 0.53 0
0.49 0.53 0
-0.49 0.54 0
-0.48 0.54 0
-0.47 0.54 0
-0.46 0.54 0
-0.45 0.54 0
-0.44 0.54 0
-0.43 0.54 0
-0.42 0.54 0
-0.41000000000000003 0.54 0
-0.4 0.54 0
-0.39 0.54 0
-0.38 0.54 0
-0.37 0.54 0
-0.36 0.54 0
-0.35 0.54 0
-0.33999999999999997 0.54 0
-0.32999999999999996 0.54 0
-0.32 0.54 0
-0.31 0.54 0
-0.3 0.54 0
-0.29000000000000004 0.54 0
-0.28 0.54 0
-0.27 0.54 0
-0.26 0.54 0
-0.25 0.54 0
-0.24 0.54 0
-0.22999999999999998 0.54 0
-0.21999999999999997 0.54 0
-0.21000000000000002 0.54 0
-0.2 0.54 0
-0.19 0.54 0
-0.18 0.54 0
-0.16999999999999998 0.54 0
-0.15999999999999998 0.54 0
-0.14999999999999997 0.54 0
-0.14 0.54 0
-0.13 0.54 0
-0.12 0.54 0
-0.10999999999999999 0.54 0
-0.09999999999999998 0.54 0
-0.08999999999999997 0.54 0
-0.08000000000000002 0.54 0
-0.07 0.54 0
-0.06 0.54 0
-0.04999999999999999 0.54 0
-0.03999999999999998 0.54 0
-0.02999999999999997 0.54 0
-0.020000000000000018 0.54 0
-0.010000000000000009 0.54 0
0 0.54 0
0.010000000000000009 0.54 0
0.020000000000000018 0.54 0
0.030000000000000027 0.54 0
0.040000000000000036 0.54 0
0.050000000000000044 0.54 0
0.06000000000000005 0.54 0
0.07000000000000006 0.54 0
0.07999999999999996 0.54 0
0.08999999999999997 0.54 0
0.09999999999999998 0.54 0
0.10999999999999999 0.54 0
0.12 0.54 0
0.13 0.54 0
0.14 0.54 0
0.15000000000000002 0.54 0
0.16000000000000003 0.54 0
0.17000000000000004 0.54 0
0.18000000000000005 0.54 0
0.19000000000000006 0.54 0
0.20000000000000007 0.54 0
0.20999999999999996 0.54 0
0.21999999999999997 0.54 0
0.22999999999999998 0.54 0
0.24 0.54 0
0.25 0.54 0
0.26 0.54 0
0.27 0.54 0
0.28 0.54 0
0.29000000000000004 0.54 0
0.30000000000000004 0.54 0
0.31000000000000005 0.54 0
0.32000000000000006 0.54 0
0.33000000000000007 0.54 0
0.33999999999999997 0.54 0
0.35 0.54 0
0.36 0.54 0
0.37 0.54 0
0.38 0.54 0
0.39 0.54 0
0.4 0.54 0
0.41000000000000003 0.54 0
0.42000000000000004 0.54 0
0.43000000000000005 0.54 0
0.44000000000000006 0.54 0
0.45000000000000007 0.54 0
0.45999999999999996 0.54 0
0.47 0.54 0
0.48 0.54 0
0.49 0.54 0
-0.49 0.55 0
-0.48 0.55 0
-0.47 0.55 0
-0.46 0.55 0
-0.45 0.55 0
-0.44 0.55 0
-0.43 0.55 0
-0.42 0.55 0
-0.41000000000000003 0.55 0
-0.4 0.55 0
-0.39 0.55 0
-0.38 0.55 0
-0.37 0.55 0
-0.36 0.55 0
-0.35 0.55 0
-0.33999999999999997 0.55 0
-0.32999999999999996 0.55 0
-0.32 0.55 0
-0.31 0.55 0
-0.3 0.55 0
-0.29000000000000004 0.55 0
-0.28 0.55 0
-0.27 0.55 0
-0.26 0.55 0
-0.25 0.55 0
-0.24 0.55 0
-0.22999999999999998 0.55 0
-0.21999999999999997 0.55 0
-0.21000000000000002 0.55 0
-0.2 0.55 0
-0.19 0.55 0
-0.18 0.55 0
-0.16999999999999998 0.55 0
-0.15999999999999998 0.55 0
-0.14999999999999997 0.55 0
-0.14 0.55 0
-0.13 0.55 0
-0.12 0.55 0
-0.10999999999999999 0.55 0
-0.09999999999999998 0.55 0
-0.08999999999999997 0.55 0
-0.08000000000000002 0.55 0
-0.07 0.55 0
-0.06 0.55 0
-0.04999999999999999 0.55 0
-0.03999999999999998 0.55 0
-0.02999999999999997 0.55 0
-0.020000000000000018 0.55 0
-0.010000000000000009 0.55 0
0 0.55 0
0.010000000000000009 0.55 0
0.020000000000000018 0.55 0
0.030000000000000027 0.55 0
0.040000000000000036 0.55 0
0.050000000000000044 0.55 0
0.06000000000000005 0.55 0
0.07000000000000006 0.55 0
0.07999999999999996 0.55 0
0.08999999999999997 0.55 0
0.09999999999999998 0.55 0
0.10999999999999999 0.55 0
0.12 0.55 0
0.13 0.55 0
0.14 0.55 0
0.15000000000000002 0.55 0
0.16000000000000003 0.55 0
0.17000000000000004 0.55 0
0.18000000000000005 0.55 0
0.19000000000000006 0.55 0
0.20000000000000007 0.55 0
0.20999999999999996 0.55 0
0.21999999999999997 0.55 0
0.22999999999999998 0.55 0
0.24 0.55 0
0.25 0.55 0
0.26 0.55 0
0.27 0.55 0
0.28 0.55 0
0.29000000000000004 0.55 0
0.30000000000000004 0.55 0
0.31000000000000005 0.55 0
0.32000000000000006 0.55 0
0.33000000000000007 0.55 0
0.33999999999999997 0.55 0
0.35 0.55 0
0.36 0.55 0
0.37 0.55 0
0.38 0.55 0
0.39 0.55 0
0.4 0.55 0
0.41000000000000003 0.55 0
0.42000000000000004 0.55 0
0.43000000000000005 0.55 0
0.44000000000000006 0.55 0
0.45000000000000007 0.55 0
0.45999999999999996 0.55 0
0.47 0.55 0
0.48 0.55 0
0.49 0.55 0
-0.49 0.56 0
-0.48 0.56 0
-0.47 0.56 0
-0.46 0.56 0
-0.45 0.56 0
-0.44 0.56 0
-0.43 0.56 0
-0.42 0.56 0
-0.41000000000000003 0.56 0
-0.4 0.56 0
-0.39 0.56 0
-0.38 0.56 0
-0.37 0.56 0
-0.36 0.56 0
-0.35 0.56 0
-0.33999999999999997 0.56 0
-0.32999999999999996 0.56 0
-0.32 0.56 0
-0.31 0.56 0
-0.3 0.56 0
-0.29000000000000004 0.56 0
-0.28 0.56 0
-0.27 0.56 0
-0.26 0.56 0
-0.25 0.56 0
-0.24 0.56 0
-0.22999999999999998 0.56 0
-0.21999999999999997 0.56 0
-0.21000000000000002 0.56 0
-0.2 0.56 0
-0.19 0.56 0
-0.18 0.56 0
-0.16999999999999998 0.56 0
-0.15999999999999998 0.56 0
-0.14999999999999997 0.56 0
-0.14 0.56 0
-0.13 0.56 0
-0.12 0.56 0
-0.10999999999999999 0.56 0
-0.09999999999999998 0.56 0
-0.08999999999999997 0.56 0
-0.08000000000000002 0.56 0
-0.07 0.56 0
-0.06 0.56 0
-0.04999999999999999 0.56 0
-0.03999999999999998 0.56 0
-0.02999999999999997 0.56 0
-0.020000000000000018 0.56 0
-0.010000000000000009 0.56 0
0 0.56 0
0.010000000000000009 0.56 0
0.020000000000000018 0.56 0
0.030000000000000027 0.56 0
0.040000000000000036 0.56 0
0.050000000000000044 0.56 0
0.06000000000000005 0.56 0
0.07000000000000006 0.56 0
0.07999999999999996 0.56 0
0.08999999999999997 0.56 0
0.09999999999999998 0.56 0
0.10999999999999999 0.56 0
0.12 0.56 0
0.13 0.56 0
0.14 0.56 0
0.15000000000000002 0.56 0
0.16000000000000003 0.56 0
0.17000000000000004 0.56 0
0.18000000000000005 0.56 0
0.19000000000000006 0.56 0
0.20000000000000007 0.56 0
0.20999999999999996 0.56 0
0.21999999999999997 0.56 0
0.22999999999999998 0.56 0
0.24 0.56 0
0.25 0.56 0
0.26 0.56 0
0.27 0.56 0
0.28 0.56 0
0.29000000000000004 0.56 0
0.30000000000000004 0.56 0
0.31000000000000005 0.56 0
0.32000000000000006 0.56 0
0.33000000000000007 0.56 0
0.33999999999999997 0.56 0
0.35 0.56 0
0.36 0.56 0
0.37 0.56 0
0.38 0.56 0
0.39 0.56 0
0.4 0.56 0
0.41000000000000003 0.56 0
0.42000000000000004 0.56 0
0.43000000000000005 0.56 0
0.44000000000000006 0.56 0
0.45000000000000007 0.56 0
0.45999999999999996 0.56 0
0.47 0.56 0
0.48 0.56 0
0.49 0.56 0
-0.49 0.5700000000000001 0
-0.48 0.5700000000000001 0
-0.47 0.5700000000000001 0
-0.46 0.5700000000000001 0
-0.45 0.5700000000000001 0
-0.44 0.5700000000000001 0
-0.43 0.5700000000000001 0
-0.42 0.5700000000000001 0
-0.41000000000000003 0.5700000000000001 0
-0.4 0.5700000000000001 0
-0.39 0.5700000000000001 0
-0.38 0.5700000000000001 0
-0.37 0.5700000000000001 0
-0.36 0.5700000000000001 0
-0.35 0.5700000000000001 0
-0.33999999999999997 0.5700000000000001 0
-0.32999999999999996 0.5700000000000001 0
-0.32 0.5700000000000001 0
-0.31 0.5700000000000001 0
-0.3 0.5700000000000001 0
-0.29000000000000004 0.5700000000000001 0
-0.28 0.5700000000000001 0
-0.27 0.5700000000000001 0
-0.26 0.5700000000000001 0
-0.25 0.5700000000000001 0
-0.24 0.5700000000000001 0
-0.22999999999999998 0.5700000000000001 0
-0.21999999999999997 0.5700000000000001 0
-0.21000000000000002 0.5700000000000001 0
-0.2 0.5700000000000001 0
-0.19 0.5700000000000001 0
-0.18 0.5700000000000001 0
-0.16999999999999998 0.5700000000000001 0
-0.15999999999999998 0.5700000000000001 0
-0.14999999999999997 0.5700000000000001 0
-0.14 0.5700000000000001 0
-0.13 0.5700000000000001 0
-0.12 0.5700000000000001 0
-0.10999999999999999 0.5700000000000001 0
-0.09999999999999998 0.5700000000000001 0
-0.08999999999999997 0.5700000000000001 0
-0.08000000000000002 0.5700000000000001 0
-0.07 0.5700000000000001 0
-0.06 0.5700000000000001 0
-0.04999999999999999 0.5700000000000001 0
-0.03999999999999998 0.5700000000000001 0
-0.02999999999999997 0.5700000000000001 0
-0.020000000000000018 0.5700000000000001 0
-0.010000000000000009 0.5700000000000001 0
0 0.5700000000000001 0
0.010000000000000009 0.5700000000000001 0
0.020000000000000018 0.5700000000000001 0
0.030000000000000027 0.5700000000000001 0
0.040000000000000036 0.5700000000000001 0
0.050000000000000044 0.5700000000000001 0
0.06000000000000005 0.5700000000000001 0
0.07000000000000006 0.5700000000000001 0
0.07999999999999996 0.5700000000000001 0
0.08999999999999997 0.5700000000000001 0
0.09999999999999998 0.5700000000000001 0
0.10999999999999999 0.5700000000000001 0
0.12 0.5700000000000001 0
0.13 0.5700000000000001 0
0.14 0.5700000000000001 0
0.15000000000000002 0.5700000000000001 0
0.16000000000000003 0.5700000000000001 0
0.17000000000000004 0.5700000000000001 0
0.18000000000000005 0.5700000000000001 0
0.19000000000000006 0.5700000000000001 0
0.20000000000000007 0.5700000000000001 0
0.20999999999999996 0.5700000000000001 0
0.21999999999999997 0.5700000000000001 0
0.22999999999999998 0.5700000000000001 0
0.24 0.5700000000000001 0
0.25 0.5700000000000001 0
0.26 0.5700000000000001 0
0.27 0.5700000000000001 0
0.28 0.5700000000000001 0
0.29000000000000004 0.5700000000000001 0
0.30000000000000004 0.5700000000000001 0
0.31000000000000005 0.5700000000000001 0
0.32000000000000006 0.5700000000000001 0
0.33000000000000007 0.5700000000000001 0
0.33999999999999997 0.5700000000000001 0
0.35 0.5700000000000001 0
0.36 0.5700000000000001 0
0.37 0.5700000000000001 0
0.38 0.5700000000000001 0
0.39 0.5700000000000001 0
0.4 0.5700000000000001 0
0.41000000000000003 0.5700000000000001 0
0.42000000000000004 0.5700000000000001 0
0.43000000000000005 0.5700000000000001 0
0.44000000000000006 0.5700000000000001 0
0.45000000000000007 0.5700000000000001 0
0.45999999999999996 0.5700000000000001 0
0.47 0.5700000000000001 0
0.48 0.5700000000000001 0
0.49 0.5700000000000001 0
-0.49 0.58 0
-0.48 0.58 0
-0.47 0.58 0
-0.46 0.58 0
-0.45 0.58 0
-0.44 0.58 0
-0.43 0.58 0
-0.42 0.58 0
-0.41000000000000003 0.58 0
-0.4 0.58 0
-0.39 0.58 0
-0.38 0.58 0
-0.37 0.58 0
-0.36 0.58 0
-0.35 0.58 0
-0.33999999999999997 0.58 0
-0.32999999999999996 0.58 0
-0.32 0.58 0
-0.31 0.58 0
-0.3 0.58 0
-0.29000000000000004 0.58 0
-0.28 0.58 0
-0.27 0.58 0
-0.26 0.58 0
-0.25 0.58 0
-0.24 0.58 0
-0.22999999999999998 0.58 0
-0.21999999999999997 0.58 0
-0.21000000000000002 0.58 0
-0.2 0.58 0
-0.19 0.58 0
-0.18 0.58 0
-0.16999999999999998 0.58 0
-0.15999999999999998 0.58 0
-0.14999999999999997 0.58 0
-0.14 0.58 0
-0.13 0.58 0
-0.12 0.58 0
-0.10999999999999999 0.58 0
-0.09999999999999998 0.58 0
-0.08999999999999997 0.58 0
-0.08000000000000002 0.58 0
-0.07 0.58 0
-0.06 0.58 0
-0.04999999999999999 0.58 0
-0.03999999999999998 0.58 0
-0.02999999999999997 0.58 0
-0.020000000000000018 0.58 0
-0.010000000000000009 0.58 0
0 0.58 0
0.010000000000000009 0.58 0
0.020000000000000018 0.58 0
0.030000000000000027 0.58 0
0.040000000000000036 0.58 0
0.050000000000000044 0.58 0
0.06000000000000005 0.58 0
0.07000000000000006 0.58 0
0.07999999999999996 0.58 0
0.08999999999999997 0.58 0
0.09999999999999998 0.58 0
0.10999999999999999 0.58 0
0.12 0.58 0
0.13 0.58 0
0.14 0.58 0
0.15000000000000002 0.58 0
0.16000000000000003 0.58 0
0.17000000000000004 0.58 0
0.18000000000000005 0.58 0
0.19000000000000006 0.58 0
0.20000000000000007 0.58 0
0.20999999999999996 0.58 0
0.21999999999999997 0.58 0
0.22999999999999998 0.58 0
0.24 0.58 0
0.25 0.58 0
0.26 0.58 0
0.27 0.58 0
0.28 0.58 0
0.29000000000000004 0.58 0
0.30000000000000004 0.58 0
0.31000000000000005 0.58 0
0.32000000000000006 0.58 0
0.33000000000000007 0.58 0
0.33999999999999997 0.58 0
0.35 0.58 0
0.36 0.58 0
0.37 0.58 0
0.38 0.58 0
0.39 0.58 0
0.4 0.58 0
0.41000000000000003 0.58 0
0.42000000000000004 0.58 0
0.43000000000000005 0.58 0
0.44000000000000006 0.58 0
0.45000000000000007 0.58 0
0.45999999999999996 0.58 0
0.47 0.58 0
0.48 0.58 0
0.49 0.58 0
-0.49 0.59 0
-0.48 0.59 0
-0.47 0.59 0
-0.46 0.59 0
-0.45 0.59 0
-0.44 0.59 0
-0.43 0.59 0
-0.42 0.59 0
-0.41000000000000003 0.59 0
-0.4 0.59 0
-0.39 0.59 0
-0.38 0.59 0
-0.37 0.59 0
-0.36 0.59 0
-0.35 0.59 0
-0.33999999999999997 0.59 0
-0.32999999999999996 0.59 0
-0.32 0.59 0
-0.31 0.59 0
-0.3 0.59 0
-0.29000000000000004 0.59 0
-0.28 0.59 0
-0.27 0.59 0
-0.26 0.59 0
-0.25 0.59 0
-0.24 0.59 0
-0.22999999999999998 0.59 0
-0.21999999999999997 0.59 0
-0.21000000000000002 0.59 0
-0.2 0.59 0
-0.19 0.59 0
-0.18 0.59 0
-0.16999999999999998 0.59 0
-0.15999999999999998 0.59 0
-0.14999999999999997 0.59 0
-0.14 0.59 0
-0.13 0.59 0
-0.12 0.59 0
-0.10999999999999999 0.59 0
-0.09999999999999998 0.59 0
-0.08999999999999997 0.59 0
-0.08000000000000002 0.59 0
-0.07 0.59 0
-0.06 0.59 0
-0.04999999999999999 0.59 0
-0.03999999999999998 0.59 0
-0.02999999999999997 0.59 0
-0.020000000000000018 0.59 0
-0.010000000000000009 0.59 0
0 0.59 0
0.010000000000000009 0.59 0
0.020000000000000018 0.59 0
0.030000000000000027 0.59 0
0.040000000000000036 0.59 0
0.050000000000000044 0.59 0
0.06000000000000005 0.59 0
0.07000000000000006 0.59 0
0.07999999999999996 0.59 0
0.08999999999999997 0.59 0
0.09999999999999998 0.59 0
0.10999999999999999 0.59 0
0.12 0.59 0
0.13 0.59 0
0.14 0.59 0
0.15000000000000002 0.59 0
0.16000000000000003 0.59 0
0.17000000000000004 0.59 0
0.18000000000000005 0.59 0
0.19000000000000006 0.59 0
0.20000000000000007 0.59 0
0.20999999999999996 0.59 0
0.21999999999999997 0.59 0
0.22999999999999998 0.59 0
0.24 0.59 0
0.25 0.59 0
0.26 0.59 0
0.27 0.59 0
0.28 0.59 0
0.29000000000000004 0.59 0
0.30000000000000004 0.59 0
0.31000000000000005 0.59 0
0.32000000000000006 0.59 0
0.33000000000000007 0.59 0
0.33999999999999997 0.59 0
0.35 0.59 0
0.36 0.59 0
0.37 0.59 0
0.38 0.59 0
0.39 0.59 0
0.4 0.59 0
0.41000000000000003 0.59 0
0.42000000000000004 0.59 0
0.43000000000000005 0.59 0
0.44000000000000006 0.59 0
0.45000000000000007 0.59 0
0.45999999999999996 0.59 0
0.47 0.59 0
0.48 0.59 0
0.49 0.59 0
-0.49 0.6 0
-0.48 0.6 0
-0.47 0.6 0
-0.46 0.6 0
-0.45 0.6 0
-0.44 0.6 0
-0.43 0.6 0
-0.42 0.6 0
-0.41000000000000003 0.6 0
-0.4 0.6 0
-0.39 0.6 0
-0.38 0.6 0
-0.37 0.6 0
-0.36 0.6 0
-0.35 0.6 0
-0.33999999999999997 0.6 0
-0.32999999999999996 0.6 0
-0.32 0.6 0
-0.31 0.6 0
-0.3 0.6 0
-0.29000000000000004 0.6 0
-0.28 0.6 0
-0.27 0.6 0
-0.26 0.6 0
-0.25 0.6 0
-0.24 0.6 0
-0.22999999999999998 0.6 0
-0.21999999999999997 0.6 0
-0.21000000000000002 0.6 0
-0.2 0.6 0
-0.19 0.6 0
-0.18 0.6 0
-0.16999999999999998 0.6 0
-0.15999999999999998 0.6 0
-0.14999999999999997 0.6 0
-0.14 0.6 0
-0.13 0.6 0
-0.12 0.6 0
-0.10999999999999999 0.6 0
-0.09999999999999998 0.6 0
-0.08999999999999997 0.6 0
-0.08000000000000002 0.6 0
-0.07 0.6 0
-0.06 0.6 0
-0.04999999999999999 0.6 0
-0.03999999999999998 0.6 0
-0.02999999999999997 0.6 0
-0.020000000000000018 0.6 0
-0.010000000000000009 0.6 0
0 0.6 0
0.010000000000000009 0.6 0
0.020000000000000018 0.6 0
0.030000000000000027 0.6 0
0.040000000000000036 0.6 0
0.050000000000000044 0.6 0
0.06000000000000005 0.6 0
0.07000000000000006 0.6 0
0.07999999999999996 0.6 0
0.08999999999999997 0.6 0
0.09999999999999998 0.6 0
0.10999999999999999 0.6 0
0.12 0.6 0
0.13 0.6 0
0.14 0.6 0
0.15000000000000002 0.6 0
0.16000000000000003 0.6 0
0.17000000000000004 0.6 0
0.18000000000000005 0.6 0
0.19000000000000006 0.6 0
0.20000000000000007 0.6 0
0.20999999999999996 0.6 0
0.21999999999999997 0.6 0
0.22999999999999998 0.6 0
0.24 0.6 0
0.25 0.6 0
0.26 0.6 0
0.27 0.6 0
0.28 0.6 0
0.29000000000000004 0.6 0
0.30000000000000004 0.6 0
0.31000000000000005 0.6 0
0.32000000000000006 0.6 0
0.33000000000000007 0.6 0
0.33999999999999997 0.6 0
0.35 0.6 0
0.36 0.6 0
0.37 0.6 0
0.38 0.6 0
0.39 0.6 0
0.4 0.6 0
0.41000000000000003 0.6 0
0.42000000000000004 0.6 0
0.43000000000000005 0.6 0
0.44000000000000006 0.6 0
0.45000000000000007 0.6 0
0.45999999999999996 0.6 0
0.47 0.6 0
0.48 0.6 0
0.49 0.6 0
-0.49 0.61 0
-0.48 0.61 0
-0.47 0.61 0
-0.46 0.61 0
-0.45 0.61 0
-0.44 0.61 0
-0.43 0.61 0
-0.42 0.61 0
-0.41000000000000003 0.61 0
-0.4 0.61 0
-0.39 0.61 0
-0.38 0.61 0
-0.37 0.61 0
-0.36 0.61 0
-0.35 0.61 0
-0.33999999999999997 0.61 0
-0.32999999999999996 0.61 0
-0.32 0.61 0
-0.31 0.61 0
-0.3 0.61 0
-0.29000000000000004 0.61 0
-0.28 0.61 0
-0.27 0.61 0
-0.26 0.61 0
-0.25 0.61 0
-0.24 0.61 0
-0.22999999999999998 0.61 0
-0.21999999999999997 0.61 0
-0.21000000000000002 0.61 0
-0.2 0.61 0
-0.19 0.61 0
-0.18 0.61 0
-0.16999999999999998 0.61 0
-0.15999999999999998 0.61 0
-0.14999999999999997 0.61 0
-0.14 0.61 0
-0.13 0.61 0
-0.12 0.61 0
-0.10999999999999999 0.61 0
-0.09999999999999998 0.61 0
-0.08999999999999997 0.61 0
-0.08000000000000002 0.61 0
-0.07 0.61 0
-0.06 0.61 0
-0.04999999999999999 0.61 0
-0.03999999999999998 0.61 0
-0.02999999999999997 0.61 0
-0.020000000000000018 0.61 0
-0.010000000000000009 0.61 0
0 0.61 0
0.010000000000000009 0.61 0
0.020000000000000018 0.61 0
0.030000000000000027 0.61 0
0.040000000000000036 0.61 0
0.050000000000000044 0.61 0
0.06000000000000005 0.61 0
0.07000000000000006 0.61 0
0.07999999999999996 0.61 0
0.08999999999999997 0.61 0
0.09999999999999998 0.61 0
0.10999999999999999 0.61 0
0.12 0.61 0
0.13 0.61 0
0.14 0.61 0
0.15000000000000002 0.61 0
0.16000000000000003 0.61 0
0.17000000000000004 0.61 0
0.18000000000000005 0.61 0
0.19000000000000006 0.61 0
0.20000000000000007 0.61 0
0.20999999999999996 0.61 0
0.21999999999999997 0.61 0
0.22999999999999998 0.61 0
0.24 0.61 0
0.25 0.61 0
0.26 0.61 0
0.27 0.61 0
0.28 0.61 0
0.29000000000000004 0.61 0
0.30000000000000004 0.61 0
0.31000000000000005 0.61 0
0.32000000000000006 0.61 0
0.33000000000000007 0.61 0
0.33999999999999997 0.61 0
0.35 0.61 0
0.36 0.61 0
0.37 0.61 0
0.38 0.61 0
0.39 0.61 0
0.4 0.61 0
0.41000000000000003 0.61 0
0.42000000000000004 0.61 0
0.43000000000000005 0.61 0
0.44000000000000006 0.61 0
0.45000000000000007 0.61 0
0.45999999999999996 0.61 0
0.47 0.61 0
0.48 0.61 0
0.49 0.61 0
-0.49 0.62 0
-0.48 0.62 0
-0.47 0.62 0
-0.46 0.62 0
-0.45 0.62 0
-0.44 0.62 0
-0.43 0.62 0
-0.42 0.62 0
-0.41000000000000003 0.62 0
-0.4 0.62 0
-0.39 0.62 0
-0.38 0.62 0
-0.37 0.62 0
-0.36 0.62 0
-0.35 0.62 0
-0.33999999999999997 0.62 0
-0.32999999999999996 0.62 0
-0.32 0.62 0
-0.31 0.62 0
-0.3 0.62 0
-0.29000000000000004 0.62 0
-0.28 0.62 0
-0.27 0.62 0
-0.26 0.62 0
-0.25 0.62 0
-0.24 0.62 0
-0.22999999999999998 0.62 0
-0.21999999999999997 0.62 0
-0.21000000000000002 0.62 0
-0.2 0.62 0
-0.19 0.62 0
-0.18 0.62 0
-0.16999999999999998 0.62 0
-0.15999999999999998 0.62 0
-0.14999999999999997 0.62 0
-0.14 0.62 0
-0.13 0.62 0
-0.12 0.62 0
-0.10999999999999999 0.62 0
-0.09999999999999998 0.62 0
-0.08999999999999997 0.62 0
-0.08000000000000002 0.62 0
-0.07 0.62 0
-0.06 0.62 0
-0.04999999999999999 0.62 0
-0.03999999999999998 0.62 0
-0.02999999999999997 0.62 0
-0.020000000000000018 0.62 0
-0.010000000000000009 0.62 0
0 0.62 0
0.010000000000000009 0.62 0
0.020000000000000018 0.62 0
0.030000000000000027 0.62 0
0.040000000000000036 0.62 0
0.050000000000000044 0.62 0
0.06000000000000005 0.62 0
0.07000000000000006 0.62 0
0.07999999999999996 0.62 0
0.08999999999999997 0.62 0
0.09999999999999998 0.62 0
0.10999999999999999 0.62 0
0.12 0.62 0
0.13 0.62 0
0.14 0.62 0
0.15000000000000002 0.62 0
0.16000000000000003 0.62 0
0.17000000000000004 0.62 0
0.18000000000000005 0.62 0
0.19000000000000006 0.62 0
0.20000000000000007 0.62 0
0.20999999999999996 0.62 0
0.21999999999999997 0.62 0
0.22999999999999998 0.62 0
0.24 0.62 0
0.25 0.62 0
0.26 0.62 0
0.27 0.62 0
0.28 0.62 0
0.29000000000000004 0.62 0
0.30000000000000004 0.62 0
0.31000000000000005 0.62 0
0.32000000000000006 0.62 0
0.33000000000000007 0.62 0
0.33999999999999997 0.62 0
0.35 0.62 0
0.36 0.62 0
0.37 0.62 0
0.38 0.62 0
0.39 0.62 0
0.4 0.62 0
0.41000000000000003 0.62 0
0.42000000000000004 0.62 0
0.43000000000000005 0.62 0
0.44000000000000006 0.62 0
0.45000000000000007 0.62 0
0.45999999999999996 0.62 0
0.47 0.62 0
0.48 0.62 0
0.49 0.62 0
-0.49 0.63 0
-0.48 0.63 0
-0.47 0.63 0
-0.46 0.63 0
-0.45 0.63 0
-0.44 0.63 0
-0.43 0.63 0
-0.42 0.63 0
-0.41000000000000003 0.63 0
-0.4 0.63 0
-0.39 0.63 0
-0.38 0.63 0
-0.37 0.63 0
-0.36 0.63 0
-0.35 0.63 0
-0.33999999999999997 0.63 0
-0.32999999999999996 0.63 0
-0.32 0.63 0
-0.31 0.63 0
-0.3 0.63 0
-0.29000000000000004 0.63 0
-0.28 0.63 0
-0.27 0.63 0
-0.26 0.63 0
-0.25 0.63 0
-0.24 0.63 0
-0.22999999999999998 0.63 0
-0.21999999999999997 0.63 0
-0.21000000000000002 0.63 0
-0.2 0.63 0
-0.19 0.63 0
-0.18 0.63 0
-0.16999999999999998 0.63 0
-0.15999999999999998 0.63 0
-0.14999999999999997 0.63 0
-0.14 0.63 0
-0.13 0.63 0
-0.12 0.63 0
-0.10999999999999999 0.63 0
-0.09999999999999998 0.63 0
-0.08999999999999997 0.63 0
-0.08000000000000002 0.63 0
-0.07 0.63 0
-0.06 0.63 0
-0.04999999999999999 0.63 0
-0.03999999999999998 0.63 0
-0.02999999999999997 0.63 0
-0.020000000000000018 0.63 0
-0.010000000000000009 0.63 0
0 0.63 0
0.010000000000000009 0.63 0
0.020000000000000018 0.63 0
0.030000000000000027 0.63 0
0.040000000000000036 0.63 0
0.050000000000000044 0.63 0
0.06000000000000005 0.63 0
0.07000000000000006 0.63 0
0.07999999999999996 0.63 0
0.08999999999999997 0.63 0
0.09999999999999998 0.63 0
0.10999999999999999 0.63 0
0.12 0.63 0
0.13 0.63 0
0.14 0.63 0
0.15000000000000002 0.63 0
0.16000000000000003 0.63 0
0.17000000000000004 0.63 0
0.18000000000000005 0.63 0
0.19000000000000006 0.63 0
0.20000000000000007 0.63 0
0.20999999999999996 0.63 0
0.21999999999999997 0.63 0
0.22999999999999998 0.63 0
0.24 0.63 0
0.25 0.63 0
0.26 0.63 0
0.27 0.63 0
0.28 0.63 0
0.29000000000000004 0.63 0
0.30000000000000004 0.63 0
0.31000000000000005 0.63 0
0.32000000000000006 0.63 0
0.33000000000000007 0.63 0
0.33999999999999997 0.63 0
0.35 0.63 0
0.36 0.63 0
0.37 0.63 0
0.38 0.63 0
0.39 0.63 0
0.4 0.63 0
0.41000000000000003 0.63 0
0.42000000000000004 0.63 0
0.43000000000000005 0.63 0
0.44000000000000006 0.63 0
0.45000000000000007 0.63 0
0.45999999999999996 0.63 0
0.47 0.63 0
0.48 0.63 0
0.49 0.63 0
-0.49 0.64 0
-0.48 0.64 0
-0.47 0.64 0
-0.46 0.64 0
-0.45 0.64 0
-0.44 0.64 0
-0.43 0.64 0
-0.42 0.64 0
-0.41000000000000003 0.64 0
-0.4 0.64 0
-0.39 0.64 0
-0.38 0.64 0
-0.37 0.64 0
-0.36 0.64 0
-0.35 0.64 0
-0.33999999999999997 0.64 0
-0.32999999999999996 0.64 0
-0.32 0.64 0
-0.31 0.64 0
-0.3 0.64 0
-0.29000000000000004 0.64 0
-0.28 0.64 0
-0.27 0.64 0
-0.26 0.64 0
-0.25 0.64 0
-0.24 0.64 0
-0.22999999999999998 0.64 0
-0.21999999999999997 0.64 0
-0.21000000000000002 0.64 0
-0.2 0.64 0
-0.19 0.64 0
-0.18 0.64 0
-0.16999999999999998 0.64 0
-0.15999999999999998 0.64 0
-0.14999999999999997 0.64 0
-0.14 0.64 0
-0.13 0.64 0
-0.12 0.64 0
-0.10999999999999999 0.64 0
-0.09999999999999998 0.64 0
-0.08999999999999997 0.64 0
-0.08000000000000002 0.64 0
-0.07 0.64 0
-0.06 0.64 0
-0.04999999999999999 0.64 0
-0.03999999999999998 0.64 0
-0.02999999999999997 0.64 0
-0.020000000000000018 0.64 0
-0.010000000000000009 0.64 0
0 0.64 0
0.010000000000000009 0.64 0
0.020000000000000018 0.64 0
0.030000000000000027 0.64 0
0.040000000000000036 0.64 0
0.050000000000000044 0.64 0
0.06000000000000005 0.64 0
0.07000000000000006 0.64 0
0.07999999999999996 0.64 0
0.08999999999999997 0.64 0
0.09999999999999998 0.64 0
0.10999999999999999 0.64 0
0.12 0.64 0
0.13 0.64 0
0.14 0.64 0
0.15000000000000002 0.64 0
0.16000000000000003 0.64 0
0.17000000000000004 0.64 0
0.18000000000000005 0.64 0
0.19000000000000006 0.64 0
0.20000000000000007 0.64 0
0.20999999999999996 0.64 0
0.21999999999999997 0.64 0
0.22999999999999998 0.64 0
0.24 0.64 0
0.25 0.64 0
0.26 0.64 0
0.27 0.64 0
0.28 0.64 0
0.29000000000000004 0.64 0
0.30000000000000004 0.64 0
0.31000000000000005 0.64 0
0.32000000000000006 0.64 0
0.33000000000000007 0.64 0
0.33999999999999997 0.64 0
0.35 0.64 0
0.36 0.64 0
0.37 0.64 0
0.38 0.64 0
0.39 0.64 0
0.4 0.64 0
0.41000000000000003 0.64 0
0.42000000000000004 0.64 0
0.43000000000000005 0.64 0
0.44000000000000006 0.64 0
0.45000000000000007 0.64 0
0.45999999999999996 0.64 0
0.47 0.64 0
0.48 0.64 0
0.49 0.64 0
-0.49 0.65 0
-0.48 0.65 0
-0.47 0.65 0
-0.46 0.65 0
-0.45 0.65 0
-0.44 0.65 0
-0.43 0.65 0
-0.42 0.65 0
-0.41000000000000003 0.65 0
-0.4 0.65 0
-0.39 0.65 0
-0.38 0.65 0
-0.37 0.65 0
-0.36 0.65 0
-0.35 0.65 0
-0.33999999999999997 0.65 0
-0.32999999999999996 0.65 0
-0.32 0.65 0
-0.31 0.65 0
-0.3 0.65 0
-0.29000000000000004 0.65 0
-0.28 0.65 0
-0.27 0.65 0
-0.26 0.65 0
-0.25 0.65 0
-0.24 0.65 0
-0.22999999999999998 0.65 0
-0.21999999999999997 0.65 0
-0.21000000000000002 0.65 0
-0.2 0.65 0
-0.19 0.65 0
-0.18 0.65 0
-0.16999999999999998 0.65 0
-0.15999999999999998 0.65 0
-0.14999999999999997 0.65 0
-0.14 0.65 0
-0.13 0.65 0
-0.12 0.65 0
-0.10999999999999999 0.65 0
-0.09999999999999998 0.65 0
-0.08999999999999997 0.65 0
-0.08000000000000002 0.65 0
-0.07 0.65 0
-0.06 0.65 0
-0.04999999999999999 0.65 0
-0.03999999999999998 0.65 0
-0.02999999999999997 0.65 0
-0.020000000000000018 0.65 0
-0.010000000000000009 0.65 0
0 0.65 0
0.010000000000000009 0.65 0
0.020000000000000018 0.65 0
0.030000000000000027 0.65 0
0.040000000000000036 0.65 0
0.050000000000000044 0.65 0
0.06000000000000005 0.65 0
0.07000000000000006 0.65 0
0.07999999999999996 0.65 0
0.08999999999999997 0.65 0
0.09999999999999998 0.65 0
0.10999999999999999 0.65 0
0.12 0.65 0
0.13 0.65 0
0.14 0.65 0
0.15000000000000002 0.65 0
0.16000000000000003 0.65 0
0.17000000000000004 0.65 0
0.18000000000000005 0.65 0
0.19000000000000006 0.65 0
0.20000000000000007 0.65 0
0.20999999999999996 0.65 0
0.21999999999999997 0.65 0
0.22999999999999998 0.65 0
0.24 0.65 0
0.25 0.65 0
0.26 0.65 0
0.27 0.65 0
0.28 0.65 0
0.29000000000000004 0.65 0
0.30000000000000004 0.65 0
0.31000000000000005 0.65 0
0.32000000000000006 0.65 0
0.33000000000000007 0.65 0
0.33999999999999997 0.65 0
0.35 0.65 0
0.36 0.65 0
0.37 0.65 0
0.38 0.65 0
0.39 0.65 0
0.4 0.65 0
0.41000000000000003 0.65 0
0.42000000000000004 0.65 0
0.43000000000000005 0.65 0
0.44000000000000006 0.65 0
0.45000000000000007 0.65 0
0.45999999999999996 0.65 0
0.47 0.65 0
0.48 0.65 0
0.49 0.65 0
-0.49 0.66 0
-0.48 0.66 0
-0.47 0.66 0
-0.46 0.66 0
-0.45 0.66 0
-0.44 0.66 0
-0.43 0.66 0
-0.42 0.66 0
-0.41000000000000003 0.66 0
-0.4 0.66 0
-0.39 0.66 0
-0.38 0.66 0
-0.37 0.66 0
-0.36 0.66 0
-0.35 0.66 0
-0.33999999999999997 0.66 0
-0.32999999999999996 0.66 0
-0.32 0.66 0
-0.31 0.66 0
-0.3 0.66 0
-0.29000000000000004 0.66 0
-0.28 0.66 0
-0.27 0.66 0
-0.26 0.66 0
-0.25 0.66 0
-0.24 0.66 0
-0.22999999999999998 0.66 0
-0.21999999999999997 0.66 0
-0.21000000000000002 0.66 0
-0.2 0.66 0
-0.19 0.66 0
-0.18 0.66 0
-0.16999999999999998 0.66 0
-0.15999999999999998 0.66 0
-0.14999999999999997 0.66 0
-0.14 0.66 0
-0.13 0.66 0
-0.12 0.66 0
-0.10999999999999999 0.66 0
-0.09999999999999998 0.66 0
-0.08999999999999997 0.66 0
-0.08000000000000002 0.66 0
-0.07 0.66 0
-0.06 0.66 0
-0.04999999999999999 0.66 0
-0.03999999999999998 0.66 0
-0.02999999999999997 0.66 0
-0.020000000000000018 0.66 0
-0.010000000000000009 0.66 0
0 0.66 0
0.010000000000000009 0.66 0
0.020000000000000018 0.66 0
0.030000000000000027 0.66 0
0.040000000000000036 0.66 0
0.050000000000000044 0.66 0
0.06000000000000005 0.66 0
0.07000000000000006 0.66 0
0.07999999999999996 0.66 0
0.08999999999999997 0.66 0
0.09999999999999998 0.66 0
0.10999999999999999 0.66 0
0.12 0.66 0
0.13 0.66 0
0.14 0.66 0
0.15000000000000002 0.66 0
0.16000000000000003 0.66 0
0.17000000000000004 0.66 0
0.18000000000000005 0.66 0
0.19000000000000006 0.66 0
0.20000000000000007 0.66 0
0.20999999999999996 0.66 0
0.21999999999999997 0.66 0
0.22999999999999998 0.66 0
0.24 0.66 0
0.25 0.66 0
0.26 0.66 0
0.27 0.66 0
0.28 0.66 0
0.29000000000000004 0.66 0
0.30000000000000004 0.66 0
0.31000000000000005 0.66 0
0.32000000000000006 0.66 0
0.33000000000000007 0.66 0
0.33999999999999997 0.66 0
0.35 0.66 0
0.36 0.66 0
0.37 0.66 0
0.38 0.66 0
0.39 0.66 0
0.4 0.66 0
0.41000000000000003 0.66 0
0.42000000000000004 0.66 0
0.43000000000000005 0.66 0
0.44000000000000006 0.66 0
0.45000000000000007 0.66 0
0.45999999999999996 0.66 0
0.47 0.66 0
0.48 0.66 0
0.49 0.66 0
-0.49 0.67 0
-0.48 0.67 0
-0.47 0.67 0
-0.46 0.67 0
-0.45 0.67 0
-0.44 0.67 0
-0.43 0.67 0
-0.42 0.67 0
-0.41000000000000003 0.67 0
-0.4 0.67 0
-0.39 0.67 0
-0.38 0.67 0
-0.37 0.67 0
-0.36 0.67 0
-0.35 0.67 0
-0.33999999999999997 0.67 0
-0.32999999999999996 0.67 0
-0.32 0.67 0
-0.31 0.67 0
-0.3 0.67 0
-0.29000000000000004 0.67 0
-0.28 0.67 0
-0.27 0.67 0
-0.26 0.67 0
-0.25 0.67 0
-0.24 0.67 0
-0.22999999999999998 0.67 0
-0.21999999999999997 0.67 0
-0.21000000000000002 0.67 0
-0.2 0.67 0
-0.19 0.67 0
-0.18 0.67 0
-0.16999999999999998 0.67 0
-0.15999999999999998 0.67 0
-0.14999999999999997 0.67 0
-0.14 0.67 0
-0.13 0.67 0
-0.12 0.67 0
-0.10999999999999999 0.67 0
-0.09999999999999998 0.67 0
-0.08999999999999997 0.67 0
-0.08000000000000002 0.67 0
-0.07 0.67 0
-0.06 0.67 0
-0.04999999999999999 0.67 0
-0.03999999999999998 0.67 0
-0.02999999999999997 0.67 0
-0.020000000000000018 0.67 0
-0.010000000000000009 0.67 0
0 0.67 0
0.010000000000000009 0.67 0
0.020000000000000018 0.67 0
0.030000000000000027 0.67 0
0.040000000000000036 0.67 0
0.050000000000000044 0.67 0
0.06000000000000005 0.67 0
0.07000000000000006 0.67 0
0.07999999999999996 0.67 0
0.08999999999999997 0.67 0
0.09999999999999998 0.67 0
0.10999999999999999 0.67 0
0.12 0.67 0
0.13 0.67 0
0.14 0.67 0
0.15000000000000002 0.67 0
0.16000000000000003 0.67 0
0.17000000000000004 0.67 0
0.18000000000000005 0.67 0
0.19000000000000006 0.67 0
0.20000000000000007 0.67 0
0.20999999999999996 0.67 0
0.21999999999999997 0.67 0
0.22999999999999998 0.67 0
0.24 0.67 0
0.25 0.67 0
0.26 0.67 0
0.27 0.67 0
0.28 0.67 0
0.29000000000000004 0.67 0
0.30000000000000004 0.67 0
0.31000000000000005 0.67 0
0.32000000000000006 0.67 0
0.33000000000000007 0.67 0
0.33999999999999997 0.67 0
0.35 0.67 0
0.36 0.67 0
0.37 0.67 0
0.38 0.67 0
0.39 0.67 0
0.4 0.67 0
0.41000000000000003 0.67 0
0.42000000000000004 0.67 0
0.43000000000000005 0.67 0
0.44000000000000006 0.67 0
0.45000000000000007 0.67 0
0.45999999999999996 0.67 0
0.47 0.67 0
0.48 0.67 0
0.49 0.67 0
-0.49 0.68 0
-0.48 0.68 0
-0.47 0.68 0
-0.46 0.68 0
-0.45 0.68 0
-0.44 0.68 0
-0.43 0.68 0
-0.42 0.68 0
-0.41000000000000003 0.68 0
-0.4 0.68 0
-0.39 0.68 0
-0.38 0.68 0
-0.37 0.68 0
-0.36 0.68 0
-0.35 0.68 0
-0.33999999999999997 0.68 0
-0.32999999999999996 0.68 0
-0.32 0.68 0
-0.31 0.68 0
-0.3 0.68 0
-0.29000000000000004 0.68 0
-0.28 0.68 0
-0.27 0.68 0
-0.26 0.68 0
-0.25 0.68 0
-0.24 0.68 0
-0.22999999999999998 0.68 0
-0.21999999999999997 0.68 0
-0.21000000000000002 0.68 0
-0.2 0.68 0
-0.19 0.68 0
-0.18 0.68 0
-0.16999999999999998 0.68 0
-0.15999999999999998 0.68 0
-0.14999999999999997 0.68 0
-0.14 0.68 0
-0.13 0.68 0
-0.12 0.68 0
-0.10999999999999999 0.68 0
-0.09999999999999998 0.68 0
-0.08999999999999997 0.68 0
-0.08000000000000002 0.68 0
-0.07 0.68 0
-0.06 0.68 0
-0.04999999999999999 0.68 0
-0.03999999999999998 0.68 0
-0.02999999999999997 0.68 0
-0.020000000000000018 0.68 0
-0.010000000000000009 0.68 0
0 0.68 0
0.010000000000000009 0.68 0
0.020000000000000018 0.68 0
0.030000000000000027 0.68 0
0.040000000000000036 0.68 0
0.050000000000000044 0.68 0
0.06000000000000005 0.68 0
0.07000000000000006 0.68 0
0.07999999999999996 0.68 0
0.08999999999999997 0.68 0
0.09999999999999998 0.68 0
0.10999999999999999 0.68 0
0.12 0.68 0
0.13 0.68 0
0.14 0.68 0
0.15000000000000002 0.68 0
0.16000000000000003 0.68 0
0.17000000000000004 0.68 0
0.18000000000000005 0.68 0
0.19000000000000006 0.68 0
0.20000000000000007 0.68 0
0.20999999999999996 0.68 0
0.21999999999999997 0.68 0
0.22999999999999998 0.68 0
0.24 0.68 0
0.25 0.68 0
0.26 0.68 0
0.27 0.68 0
0.28 0.68 0
0.29000000000000004 0.68 0
0.30000000000000004 0.68 0
0.31000000000000005 0.68 0
0.32000000000000006 0.68 0
0.33000000000000007 0.68 0
0.33999999999999997 0.68 0
0.35 0.68 0
0.36 0.68 0
0.37 0.68 0
0.38 0.68 0
0.39 0.68 0
0.4 0.68 0
0.41000000000000003 0.68 0
0.42000000000000004 0.68 0
0.43000000000000005 0.68 0
0.44000000000000006 0.68 0
0.45000000000000007 0.68 0
0.45999999999999996 0.68 0
0.47 0.68 0
0.48 0.68 0
0.49 0.68 0
-0.49 0.6900000000000001 0
-0.48 0.6900000000000001 0
-0.47 0.6900000000000001 0
-0.46 0.6900000000000001 0
-0.45 0.6900000000000001 0
-0.44 0.6900000000000001 0
-0.43 0.6900000000000001 0
-0.42 0.6900000000000001 0
-0.41000000000000003 0.6900000000000001 0
-0.4 0.6900000000000001 0
-0.39 0.6900000000000001 0
-0.38 0.6900000000000001 0
-0.37 0.6900000000000001 0
-0.36 0.6900000000000001 0
-0.35 0.6900000000000001 0
-0.33999999999999997 0.6900000000000001 0
-0.32999999999999996 0.6900000000000001 0
-0.32 0.6900000000000001 0
-0.31 0.6900000000000001 0
-0.3 0.6900000000000001 0
-0.29000000000000004 0.6900000000000001 0
-0.28 0.6900000000000001 0
-0.27 0.6900000000000001 0
-0.26 0.6900000000000001 0
-0.25 0.6900000000000001 0
-0.24 0.6900000000000001 0
-0.22999999999999998 0.6900000000000001 0
-0.21999999999999997 0.6900000000000001 0
-0.21000000000000002 0.6900000000000001 0
-0.2 0.6900000000000001 0
-0.19 0.6900000000000001 0
-0.18 0.6900000000000001 0
-0.16999999999999998 0.6900000000000001 0
-0.15999999999999998 0.6900000000000001 0
-0.14999999999999997 0.6900000000000001 0
-0.14 0.6900000000000001 0
-0.13 0.6900000000000001 0
-0.12 0.6900000000000001 0
-0.10999999999999999 0.6900000000000001 0
-0.09999999999999998 0.6900000000000001 0
-0.08999999999999997 0.6900000000000001 0
-0.08000000000000002 0.6900000000000001 0
-0.07 0.6900000000000001 0
-0.06 0.6900000000000001 0
-0.04999999999999999 0.6900000000000001 0
-0.03999999999999998 0.6900000000000001 0
-0.02999999999999997 0.6900000000000001 0
-0.020000000000000018 0.6900000000000001 0
-0.010000000000000009 0.6900000000000001 0
0 0.6900000000000001 0
0.010000000000000009 0.6900000000000001 0
0.020000000000000018 0.6900000000000001 0
0.030000000000000027 0.6900000000000001 0
0.040000000000000036 0.6900000000000001 0
0.050000000000000044 0.6900000000000001 0
0.06000000000000005 0.6900000000000001 0
0.07000000000000006 0.6900000000000001 0
0.07999999999999996 0.6900000000000001 0
0.08999999999999997 0.6900000000000001 0
0.09999999999999998 0.6900000000000001 0
0.10999999999999999 0.6900000000000001 0
0.12 0.6900000000000001 0
0.13 0.6900000000000001 0
0.14 0.6900000000000001 0
0.15000000000000002 0.6900000000000001 0
0.16000000000000003 0.6900000000000001 0
0.17000000000000004 0.6900000000000001 0
0.18000000000000005 0.6900000000000001 0
0.19000000000000006 0.6900000000000001 0
0.20000000000000007 0.6900000000000001 0
0.20999999999999996 0.6900000000000001 0
0.21999999999999997 0.6900000000000001 0
0.22999999999999998 0.6900000000000001 0
0.24 0.6900000000000001 0
0.25 0.6900000000000001 0
0.26 0.6900000000000001 0
0.27 0.6900000000000001 0
0.28 0.6900000000000001 0
0.29000000000000004 0.6900000000000001 0
0.30000000000000004 0.6900000000000001 0
0.31000000000000005 0.6900000000000001 0
0.32000000000000006 0.6900000000000001 0
0.33000000000000007 0.6900000000000001 0
0.33999999999999997 0.6900000000000001 0
0.35 0.6900000000000001 0
0.36 0.6900000000000001 0
0.37 0.6900000000000001 0
0.38 0.6900000000000001 0
0.39 0.6900000000000001 0
0.4 0.6900000000000001 0
0.41000000000000003 0.6900000000000001 0
0.42000000000000004 0.6900000000000001 0
0.43000000000000005 0.6900000000000001 0
0.44000000000000006 0.6900000000000001 0
0.45000000000000007 0.6900000000000001 0
0.45999999999999996 0.6900000000000001 0
0.47 0.6900000000000001 0
0.48 0.6900000000000001 0
0.49 0.6900000000000001 0
-0.49 0.7000000000000001 0
-0.48 0.7000000000000001 0
-0.47 0.7000000000000001 0
-0.46 0.7000000000000001 0
-0.45 0.7000000000000001 0
-0.44 0.7000000000000001 0
-0.43 0.7000000000000001 0
-0.42 0.7000000000000001 0
-0.41000000000000003 0.7000000000000001 0
-0.4 0.7000000000000001 0
-0.39 0.7000000000000001 0
-0.38 0.7000000000000001 0
-0.37 0.7000000000000001 0
-0.36 0.7000000000000001 0
-0.35 0.7000000000000001 0
-0.33999999999999997 0.7000000000000001 0
-0.32999999999999996 0.7000000000000001 0
-0.32 0.7000000000000001 0
-0.31 0.7000000000000001 0
-0.3 0.7000000000000001 0
-0.29000000000000004 0.7000000000000001 0
-0.28 0.7000000000000001 0
-0.27 0.7000000000000001 0
-0.26 0.7000000000000001 0
-0.25 0.7000000000000001 0
-0.24 0.7000000000000001 0
-0.22999999999999998 0.7000000000000001 0
-0.21999999999999997 0.7000000000000001 0
-0.21000000000000002 0.7000000000000001 0
-0.2 0.7000000000000001 0
-0.19 0.7000000000000001 0
-0.18 0.7000000000000001 0
-0.16999999999999998 0.7000000000000001 0
-0.15999999999999998 0.7000000000000001 0
-0.14999999999999997 0.7000000000000001 0
-0.14 0.7000000000000001 0
-0.13 0.7000000000000001 0
-0.12 0.7000000000000001 0
-0.10999999999999999 0.7000000000000001 0
-0.09999999999999998 0.7000000000000001 0
-0.08999999999999997 0.7000000000000001 0
-0.08000000000000002 0.7000000000000001 0
-0.07 0.7000000000000001 0
-0.06 0.7000000000000001 0
-0.04999999999999999 0.7000000000000001 0
-0.03999999999999998 0.7000000000000001 0
-0.02999999999999997 0.7000000000000001 0
-0.020000000000000018 0.7000000000000001 0
-0.010000000000000009 0.7000000000000001 0
0 0.7000000000000001 0
0.010000000000000009 0.7000000000000001 0
0.020000000000000018 0.7000000000000001 0
0.030000000000000027 0.7000000000000001 0
0.040000000000000036 0.7000000000000001 0
0.050000000000000044 0.7000000000000001 0
0.06000000000000005 0.7000000000000001 0
0.07000000000000006 0.7000000000000001 0
0.07999999999999996 0.7000000000000001 0
0.08999999999999997 0.7000000000000001 0
0.09999999999999998 0.7000000000000001 0
0.10999999999999999 0.7000000000000001 0
0.12 0.7000000000000001 0
0.13 0.7000000000000001 0
0.14 0.7000000000000001 0
0.15000000000000002 0.7000000000000001 0
0.16000000000000003 0.7000000000000001 0
0.17000000000000004 0.7000000000000001 0
0.18000000000000005 0.7000000000000001 0
0.19000000000000006 0.7000000000000001 0
0.20000000000000007 0.7000000000000001 0
0.20999999999999996 0.7000000000000001 0
0.21999999999999997 0.7000000000000001 0
0.22999999999999998 0.7000000000000001 0
0.24 0.7000000000000001 0
0.25 0.7000000000000001 0
0.26 0.7000000000000001 0
0.27 0.7000000000000001 0
0.28 0.7000000000000001 0
0.29000000000000004 0.7000000000000001 0
0.30000000000000004 0.7000000000000001 0
0.31000000000000005 0.7000000000000001 0
0.32000000000000006 0.7000000000000001 0
0.33000000000000007 0.7000000000000001 0
0.33999999999999997 0.7000000000000001 0
0.35 0.7000000000000001 0
0.36 0.7000000000000001 0
0.37 0.7000000000000001 0
0.38 0.7000000000000001 0
0.39 0.7000000000000001 0
0.4 0.7000000000000001 0
0.41000000000000003 0.7000000000000001 0
0.42000000000000004 0.7000000000000001 0
0.43000000000000005 0.7000000000000001 0
0.44000000000000006 0.7000000000000001 0
0.45000000000000007 0.7000000000000001 0
0.45999999999999996 0.7000000000000001 0
0.47 0.7000000000000001 0
0.48 0.7000000000000001 0
0.49 0.7000000000000001 0
-0.49 0.71 0
-0.48 0.71 0
-0.47 0.71 0
-0.46 0.71 0
-0.45 0.71 0
-0.44 0.71 0
-0.43 0.71 0
-0.42 0.71 0
-0.41000000000000003 0.71 0
-0.4 0.71 0
-0.39 0.71 0
-0.38 0.71 0
-0.37 0.71 0
-0.36 0.71 0
-0.35 0.71 0
-0.33999999999999997 0.71 0
-0.32999999999999996 0.71 0
-0.32 0.71 0
-0.31 0.71 0
-0.3 0.71 0
-0.29000000000000004 0.71 0
-0.28 0.71 0
-0.27 0.71 0
-0.26 0.71 0
-0.25 0.71 0
-0.24 0.71 0
-0.22999999999999998 0.71 0
-0.21999999999999997 0.71 0
-0.21000000000000002 0.71 0
-0.2 0.71 0
-0.19 0.71 0
-0.18 0.71 0
-0.16999999999999998 0.71 0
-0.15999999999999998 0.71 0
-0.14999999999999997 0.71 0
-0.14 0.71 0
-0.13 0.71 0
-0.12 0.71 0
-0.10999999999999999 0.71 0
-0.09999999999999998 0.71 0
-0.08999999999999997 0.71 0
-0.08000000000000002 0.71 0
-0.07 0.71 0
-0.06 0.71 0
-0.04999999999999999 0.71 0
-0.03999999999999998 0.71 0
-0.02999999999999997 0.71 0
-0.020000000000000018 0.71 0
-0.010000000000000009 0.71 0
0 0.71 0
0.010000000000000009 0.71 0
0.020000000000000018 0.71 0
0.030000000000000027 0.71 0
0.040000000000000036 0.71 0
0.050000000000000044 0.71 0
0.06000000000000005 0.71 0
0.07000000000000006 0.71 0
0.07999999999999996 0.71 0
0.08999999999999997 0.71 0
0.09999999999999998 0.71 0
0.10999999999999999 0.71 0
0.12 0.71 0
0.13 0.71 0
0.14 0.71 0
0.15000000000000002 0.71 0
0.16000000000000003 0.71 0
0.17000000000000004 0.71 0
0.18000000000000005 0.71 0
0.19000000000000006 0.71 0
0.20000000000000007 0.71 0
0.20999999999999996 0.71 0
0.21999999999999997 0.71 0
0.22999999999999998 0.71 0
0.24 0.71 0
0.25 0.71 0
0.26 0.71 0
0.27 0.71 0
0.28 0.71 0
0.29000000000000004 0.71 0
0.30000000000000004 0.71 0
0.31000000000000005 0.71 0
0.32000000000000006 0.71 0
0.33000000000000007 0.71 0
0.33999999999999997 0.71 0
0.35 0.71 0
0.36 0.71 0
0.37 0.71 0
0.38 0.71 0
0.39 0.71 0
0.4 0.71 0
0.41000000000000003 0.71 0
0.42000000000000004 0.71 0
0.43000000000000005 0.71 0
0.44000000000000006 0.71 0
0.45000000000000007 0.71 0
0.45999999999999996 0.71 0
0.47 0.71 0
0.48 0.71 0
0.49 0.71 0
-0.49 0.72 0
-0.48 0.72 0
-0.47 0.72 0
-0.46 0.72 0
-0.45 0.72 0
-0.44 0.72 0
-0.43 0.72 0
-0.42 0.72 0
-0.41000000000000003 0.72 0
-0.4 0.72 0
-0.39 0.72 0
-0.38 0.72 0
-0.37 0.72 0
-0.36 0.72 0
-0.35 0.72 0
-0.33999999999999997 0.72 0
-0.32999999999999996 0.72 0
-0.32 0.72 0
-0.31 0.72 0
-0.3 0.72 0
-0.29000000000000004 0.72 0
-0.28 0.72 0
-0.27 0.72 0
-0.26 0.72 0
-0.25 0.72 0
-0.24 0.72 0
-0.22999999999999998 0.72 0
-0.21999999999999997 0.72 0
-0.21000000000000002 0.72 0
-0.2 0.72 0
-0.19 0.72 0
-0.18 0.72 0
-0.16999999999999998 0.72 0
-0.15999999999999998 0.72 0
-0.14999999999999997 0.72 0
-0.14 0.72 0
-0.13 0.72 0
-0.12 0.72 0
-0.10999999999999999 0.72 0
-0.09999999999999998 0.72 0
-0.08999999999999997 0.72 0
-0.08000000000000002 0.72 0
-0.07 0.72 0
-0.06 0.72 0
-0.04999999999999999 0.72 0
-0.03999999999999998 0.72 0
-0.02999999999999997 0.72 0
-0.020000000000000018 0.72 0
-0.010000000000000009 0.72 0
0 0.72 0
0.010000000000000009 0.72 0
0.020000000000000018 0.72 0
0.030000000000000027 0.72 0
0.040000000000000036 0.72 0
0.050000000000000044 0.72 0
0.06000000000000005 0.72 0
0.07000000000000006 0.72 0
0.07999999999999996 0.72 0
0.08999999999999997 0.72 0
0.09999999999999998 0.72 0
0.10999999999999999 0.72 0
0.12 0.72 0
0.13 0.72 0
0.14 0.72 0
0.15000000000000002 0.72 0
0.16000000000000003 0.72 0
0.17000000000000004 0.72 0
0.18000000000000005 0.72 0
0.19000000000000006 0.72 0
0.20000000000000007 0.72 0
0.20999999999999996 0.72 0
0.21999999999999997 0.72 0
0.22999999999999998 0.72 0
0.24 0.72 0
0.25 0.72 0
0.26 0.72 0
0.27 0.72 0
0.28 0.72 0
0.29000000000000004 0.72 0
0.30000000000000004 0.72 0
0.31000000000000005 0.72 0
0.32000000000000006 0.72 0
0.33000000000000007 0.72 0
0.33999999999999997 0.72 0
0.35 0.72 0
0.36 0.72 0
0.37 0.72 0
0.38 0.72 0
0.39 0.72 0
0.4 0.72 0
0.41000000000000003 0.72 0
0.42000000000000004 0.72 0
0.43000000000000005 0.72 0
0.44000000000000006 0.72 0
0.45000000000000007 0.72 0
0.45999999999999996 0.72 0
0.47 0.72 0
0.48 0.72 0
0.49 0.72 0
-0.49 0.73 0
-0.48 0.73 0
-0.47 0.73 0
-0.46 0.73 0
-0.45 0.73 0
-0.44 0.73 0
-0.43 0.73 0
-0.42 0.73 0
-0.41000000000000003 0.73 0
-0.4 0.73 0
-0.39 0.73 0
-0.38 0.73 0
-0.37 0.73 0
-0.36 0.73 0
-0.35 0.73 0
-0.33999999999999997 0.73 0
-0.32999999999999996 0.73 0
-0.32 0.73 0
-0.31 0.73 0
-0.3 0.73 0
-0.29000000000000004 0.73 0
-0.28 0.73 0
-0.27 0.73 0
-0.26 0.73 0
-0.25 0.73 0
-0.24 0.73 0
-0.22999999999999998 0.73 0
-0.21999999999999997 0.73 0
-0.21000000000000002 0.73 0
-0.2 0.73 0
-0.19 0.73 0
-0.18 0.73 0
-0.16999999999999998 0.73 0
-0.15999999999999998 0.73 0
-0.14999999999999997 0.73 0
-0.14 0.73 0
-0.13 0.73 0
-0.12 0.73 0
-0.10999999999999999 0.73 0
-0.09999999999999998 0.73 0
-0.08999999999999997 0.73 0
-0.08000000000000002 0.73 0
-0.07 0.73 0
-0.06 0.73 0
-0.04999999999999999 0.73 0
-0.03999999999999998 0.73 0
-0.02999999999999997 0.73 0
-0.020000000000000018 0.73 0
-0.010000000000000009 0.73 0
0 0.73 0
0.010000000000000009 0.73 0
0.020000000000000018 0.73 0
0.030000000000000027 0.73 0
0.040000000000000036 0.73 0
0.050000000000000044 0.73 0
0.06000000000000005 0.73 0
0.07000000000000006 0.73 0
0.07999999999999996 0.73 0
0.08999999999999997 0.73 0
0.09999999999999998 0.73 0
0.10999999999999999 0.73 0
0.12 0.73 0
0.13 0.73 0
0.14 0.73 0
0.15000000000000002 0.73 0
0.16000000000000003 0.73 0
0.17000000000000004 0.73 0
0.18000000000000005 0.73 0
0.19000000000000006 0.73 0
0.20000000000000007 0.73 0
0.20999999999999996 0.73 0
0.21999999999999997 0.73 0
0.22999999999999998 0.73 0
0.24 0.73 0
0.25 0.73 0
0.26 0.73 0
0.27 0.73 0
0.28 0.73 0
0.29000000000000004 0.73 0
0.30000000000000004 0.73 0
0.31000000000000005 0.73 0
0.32000000000000006 0.73 0
0.33000000000000007 0.73 0
0.33999999999999997 0.73 0
0.35 0.73 0
0.36 0.73 0
0.37 0.73 0
0.38 0.73 0
0.39 0.73 0
0.4 0.73 0
0.41000000000000003 0.73 0
0.42000000000000004 0.73 0
0.43000000000000005 0.73 0
0.44000000000000006 0.73 0
0.45000000000000007 0.73 0
0.45999999999999996 0.73 0
0.47 0.73 0
0.48 0.73 0
0.49 0.73 0
-0.49 0.74 0
-0.48 0.74 0
-0.47 0.74 0
-0.46 0.74 0
-0.45 0.74 0
-0.44 0.74 0
-0.43 0.74 0
-0.42 0.74 0
-0.41000000000000003 0.74 0
-0.4 0.74 0
-0.39 0.74 0
-0.38 0.74 0
-0.37 0.74 0
-0.36 0.74 0
-0.35 0.74 0
-0.33999999999999997 0.74 0
-0.32999999999999996 0.74 0
-0.32 0.74 0
-0.31 0.74 0
-0.3 0.74 0
-0.29000000000000004 0.74 0
-0.28 0.74 0
-0.27 0.74 0
-0.26 0.74 0
-0.25 0.74 0
-0.24 0.74 0
-0.22999999999999998 0.74 0
-0.21999999999999997 0.74 0
-0.21000000000000002 0.74 0
-0.2 0.74 0
-0.19 0.74 0
-0.18 0.74 0
-0.16999999999999998 0.74 0
-0.15999999999999998 0.74 0
-0.14999999999999997 0.74 0
-0.14 0.74 0
-0.13 0.74 0
-0.12 0.74 0
-0.10999999999999999 0.74 0
-0.09999999999999998 0.74 0
-0.08999999999999997 0.74 0
-0.08000000000000002 0.74 0
-0.07 0.74 0
-0.06 0.74 0
-0.04999999999999999 0.74 0
-0.03999999999999998 0.74 0
-0.02999999999999997 0.74 0
-0.020000000000000018 0.74 0
-0.010000000000000009 0.74 0
0 0.74 0
0.010000000000000009 0.74 0
0.020000000000000018 0.74 0
0.030000000000000027 0.74 0
0.040000000000000036 0.74 0
0.050000000000000044 0.74 0
0.06000000000000005 0.74 0
0.07000000000000006 0.74 0
0.07999999999999996 0.74 0
0.08999999999999997 0.74 0
0.09999999999999998 0.74 0
0.10999999999999999 0.74 0
0.12 0.74 0
0.13 0.74 0
0.14 0.74 0
0.15000000000000002 0.74 0
0.16000000000000003 0.74 0
0.17000000000000004 0.74 0
0.18000000000000005 0.74 0
0.19000000000000006 0.74 0
0.20000000000000007 0.74 0
0.20999999999999996 0.74 0
0.21999999999999997 0.74 0
0.22999999999999998 0.74 0
0.24 0.74 0
0.25 0.74 0
0.26 0.74 0
0.27 0.74 0
0.28 0.74 0
0.29000000000000004 0.74 0
0.30000000000000004 0.74 0
0.31000000000000005 0.74 0
0.32000000000000006 0.74 0
0.33000000000000007 0.74 0
0.33999999999999997 0.74 0
0.35 0.74 0
0.36 0.74 0
0.37 0.74 0
0.38 0.74 0
0.39 0.74 0
0.4 0.74 0
0.41000000000000003 0.74 0
0.42000000000000004 0.74 0
0.43000000000000005 0.74 0
0.44000000000000006 0.74 0
0.45000000000000007 0.74 0
0.45999999999999996 0.74 0
0.47 0.74 0
0.48 0.74 0
0.49 0.74 0
-0.49 0.75 0
-0.48 0.75 0
-0.47 0.75 0
-0.46 0.75 0
-0.45 0.75 0
-0.44 0.75 0
-0.43 0.75 0
-0.42 0.75 0
-0.41000000000000003 0.75 0
-0.4 0.75 0
-0.39 0.75 0
-0.38 0.75 0
-0.37 0.75 0
-0.36 0.75 0
-0.35 0.75 0
-0.33999999999999997 0.75 0
-0.32999999999999996 0.75 0
-0.32 0.75 0
-0.31 0.75 0
-0.3 0.75 0
-0.29000000000000004 0.75 0
-0.28 0.75 0
-0.27 0.75 0
-0.26 0.75 0
-0.25 0.75 0
-0.24 0.75 0
-0.22999999999999998 0.75 0
-0.21999999999999997 0.75 0
-0.21000000000000002 0.75 0
-0.2 0.75 0
-0.19 0.75 0
-0.18 0.75 0
-0.16999999999999998 0.75 0
-0.15999999999999998 0.75 0
-0.14999999999999997 0.75 0
-0.14 0.75 0
-0.13 0.75 0
-0.12 0.75 0
-0.10999999999999999 0.75 0
-0.09999999999999998 0.75 0
-0.08999999999999997 0.75 0
-0.08000000000000002 0.75 0
-0.07 0.75 0
-0.06 0.75 0
-0.04999999999999999 0.75 0
-0.03999999999999998 0.75 0
-0.02999999999999997 0.75 0
-0.020000000000000018 0.75 0
-0.010000000000000009 0.75 0
0 0.75 0
0.010000000000000009 0.75 0
0.020000000000000018 0.75 0
0.030000000000000027 0.75 0
0.040000000000000036 0.75 0
0.050000000000000044 0.75 0
0.06000000000000005 0.75 0
0.07000000000000006 0.75 0
0.07999999999999996 0.75 0
0.08999999999999997 0.75 0
0.09999999999999998 0.75 0
0.10999999999999999 0.75 0
0.12 0.75 0
0.13 0.75 0
0.14 0.75 0
0.15000000000000002 0.75 0
0.16000000000000003 0.75 0
0.17000000000000004 0.75 0
0.18000000000000005 0.75 0
0.19000000000000006 0.75 0
0.20000000000000007 0.75 0
0.20999999999999996 0.75 0
0.21999999999999997 0.75 0
0.22999999999999998 0.75 0
0.24 0.75 0
0.25 0.75 0
0.26 0.75 0
0.27 0.75 0
0.28 0.75 0
0.29000000000000004 0.75 0
0.30000000000000004 0.75 0
0.31000000000000005 0.75 0
0.32000000000000006 0.75 0
0.33000000000000007 0.75 0
0.33999999999999997 0.75 0
0.35 0.75 0
0.36 0.75 0
0.37 0.75 0
0.38 0.75 0
0.39 0.75 0
0.4 0.75 0
0.41000000000000003 0.75 0
0.42000000000000004 0.75 0
0.43000000000000005 0.75 0
0.44000000000000006 0.75 0
0.45000000000000007 0.75 0
0.45999999999999996 0.75 0
0.47 0.75 0
0.48 0.75 0
0.49 0.75 0
-0.49 0.76 0
-0.48 0.76 0
-0.47 0.76 0
-0.46 0.76 0
-0.45 0.76 0
-0.44 0.76 0
-0.43 0.76 0
-0.42 0.76 0
-0.41000000000000003 0.76 0
-0.4 0.76 0
-0.39 0.76 0
-0.38 0.76 0
-0.37 0.76 0
-0.36 0.76 0
-0.35 0.76 0
-0.33999999999999997 0.76 0
-0.32999999999999996 0.76 0
-0.32 0.76 0
-0.31 0.76 0
-0.3 0.76 0
-0.29000000000000004 0.76 0
-0.28 0.76 0
-0.27 0.76 0
-0.26 0.76 0
-0.25 0.76 0
-0.24 0.76 0
-0.22999999999999998 0.76 0
-0.21999999999999997 0.76 0
-0.21000000000000002 0.76 0
-0.2 0.76 0
-0.19 0.76 0
-0.18 0.76 0
-0.16999999999999998 0.76 0
-0.15999999999999998 0.76 0
-0.14999999999999997 0.76 0
-0.14 0.76 0
-0.13 0.76 0
-0.12 0.76 0
-0.10999999999999999 0.76 0
-0.09999999999999998 0.76 0
-0.08999999999999997 0.76 0
-0.08000000000000002 0.76 0
-0.07 0.76 0
-0.06 0.76 0
-0.04999999999999999 0.76 0
-0.03999999999999998 0.76 0
-0.02999999999999997 0.76 0
-0.020000000000000018 0.76 0
-0.010000000000000009 0.76 0
0 0.76 0
0.010000000000000009 0.76 0
0.020000000000000018 0.76 0
0.030000000000000027 0.76 0
0.040000000000000036 0.76 0
0.050000000000000044 0.76 0
0.06000000000000005 0.76 0
0.07000000000000006 0.76 0
0.07999999999999996 0.76 0
0.08999999999999997 0.76 0
0.09999999999999998 0.76 0
0.10999999999999999 0.76 0
0.12 0.76 0
0.13 0.76 0
0.14 0.76 0
0.15000000000000002 0.76 0
0.16000000000000003 0.76 0
0.17000000000000004 0.76 0
0.18000000000000005 0.76 0
0.19000000000000006 0.76 0
0.20000000000000007 0.76 0
0.20999999999999996 0.76 0
0.21999999999999997 0.76 0
0.22999999999999998 0.76 0
0.24 0.76 0
0.25 0.76 0
0.26 0.76 0
0.27 0.76 0
0.28 0.76 0
0.29000000000000004 0.76 0
0.30000000000000004 0.76 0
0.31000000000000005 0.76 0
0.32000000000000006 0.76 0
0.33000000000000007 0.76 0
0.33999999999999997 0.76 0
0.35 0.76 0
0.36 0.76 0
0.37 0.76 0
0.38 0.76 0
0.39 0.76 0
0.4 0.76 0
0.41000000000000003 0.76 0
0.42000000000000004 0.76 0
0.43000000000000005 0.76 0
0.44000000000000006 0.76 0
0.45000000000000007 0.76 0
0.45999999999999996 0.76 0
0.47 0.76 0
0.48 0.76 0
0.49 0.76 0
-0.49 0.77 0
-0.48 0.77 0
-0.47 0.77 0
-0.46 0.77 0
-0.45 0.77 0
-0.44 0.77 0
-0.43 0.77 0
-0.42 0.77 0
-0.41000000000000003 0.77 0
-0.4 0.77 0
-0.39 0.77 0
-0.38 0.77 0
-0.37 0.77 0
-0.36 0.77 0
-0.35 0.77 0
-0.33999999999999997 0.77 0
-0.32999999999999996 0.77 0
-0.32 0.77 0
-0.31 0.77 0
-0.3 0.77 0
-0.29000000000000004 0.77 0
-0.28 0.77 0
-0.27 0.77 0
-0.26 0.77 0
-0.25 0.77 0
-0.24 0.77 0
-0.22999999999999998 0.77 0
-0.21999999999999997 0.77 0
-0.21000000000000002 0.77 0
-0.2 0.77 0
-0.19 0.77 0
-0.18 0.77 0
-0.16999999999999998 0.77 0
-0.15999999999999998 0.77 0
-0.14999999999999997 0.77 0
-0.14 0.77 0
-0.13 0.77 0
-0.12 0.77 0
-0.10999999999999999 0.77 0
-0.09999999999999998 0.77 0
-0.08999999999999997 0.77 0
-0.08000000000000002 0.77 0
-0.07 0.77 0
-0.06 0.77 0
-0.04999999999999999 0.77 0
-0.03999999999999998 0.77 0
-0.02999999999999997 0.77 0
-0.020000000000000018 0.77 0
-0.010000000000000009 0.77 0
0 0.77 0
0.010000000000000009 0.77 0
0.020000000000000018 0.77 0
0.030000000000000027 0.77 0
0.040000000000000036 0.77 0
0.050000000000000044 0.77 0
0.06000000000000005 0.77 0
0.07000000000000006 0.77 0
0.07999999999999996 0.77 0
0.08999999999999997 0.77 0
0.09999999999999998 0.77 0
0.10999999999999999 0.77 0
0.12 0.77 0
0.13 0.77 0
0.14 0.77 0
0.15000000000000002 0.77 0
0.16000000000000003 0.77 0
0.17000000000000004 0.77 0
0.18000000000000005 0.77 0
0.19000000000000006 0.77 0
0.20000000000000007 0.77 0
0.20999999999999996 0.77 0
0.21999999999999997 0.77 0
0.22999999999999998 0.77 0
0.24 0.77 0
0.25 0.77 0
0.26 0.77 0
0.27 0.77 0
0.28 0.77 0
0.29000000000000004 0.77 0
0.30000000000000004 0.77 0
0.31000000000000005 0.77 0
0.32000000000000006 0.77 0
0.33000000000000007 0.77 0
0.33999999999999997 0.77 0
0.35 0.77 0
0.36 0.77 0
0.37 0.77 0
0.38 0.77 0
0.39 0.77 0
0.4 0.77 0
0.41000000000000003 0.77 0
0.42000000000000004 0.77 0
0.43000000000000005 0.77 0
0.44000000000000006 0.77 0
0.45000000000000007 0.77 0
0.45999999999999996 0.77 0
0.47 0.77 0
0.48 0.77 0
0.49 0.77 0
-0.49 0.78 0
-0.48 0.78 0
-0.47 0.78 0
-0.46 0.78 0
-0.45 0.78 0
-0.44 0.78 0
-0.43 0.78 0
-0.42 0.78 0
-0.41000000000000003 0.78 0
-0.4 0.78 0
-0.39 0.78 0
-0.38 0.78 0
-0.37 0.78 0
-0.36 0.78 0
-0.35 0.78 0
-0.33999999999999997 0.78 0
-0.32999999999999996 0.78 0
-0.32 0.78 0
-0.31 0.78 0
-0.3 0.78 0
-0.29000000000000004 0.78 0
-0.28 0.78 0
-0.27 0.78 0
-0.26 0.78 0
-0.25 0.78 0
-0.24 0.78 0
-0.22999999999999998 0.78 0
-0.21999999999999997 0.78 0
-0.21000000000000002 0.78 0
-0.2 0.78 0
-0.19 0.78 0
-0.18 0.78 0
-0.16999999999999998 0.78 0
-0.15999999999999998 0.78 0
-0.14999999999999997 0.78 0
-0.14 0.78 0
-0.13 0.78 0
-0.12 0.78 0
-0.10999999999999999 0.78 0
-0.09999999999999998 0.78 0
-0.08999999999999997 0.78 0
-0.08000000000000002 0.78 0
-0.07 0.78 0
-0.06 0.78 0
-0.04999999999999999 0.78 0
-0.03999999999999998 0.78 0
-0.02999999999999997 0.78 0
-0.020000000000000018 0.78 0
-0.010000000000000009 0.78 0
0 0.78 0
0.010000000000000009 0.78 0
0.020000000000000018 0.78 0
0.030000000000000027 0.78 0
0.040000000000000036 0.78 0
0.050000000000000044 0.78 0
0.06000000000000005 0.78 0
0.07000000000000006 0.78 0
0.07999999999999996 0.78 0
0.08999999999999997 0.78 0
0.09999999999999998 0.78 0
0.10999999999999999 0.78 0
0.12 0.78 0
0.13 0.78 0
0.14 0.78 0
0.15000000000000002 0.78 0
0.16000000000000003 0.78 0
0.17000000000000004 0.78 0
0.18000000000000005 0.78 0
0.19000000000000006 0.78 0
0.20000000000000007 0.78 0
0.20999999999999996 0.78 0
0.21999999999999997 0.78 0
0.22999999999999998 0.78 0
0.24 0.78 0
0.25 0.78 0
0.26 0.78 0
0.27 0.78 0
0.28 0.78 0
0.29000000000000004 0.78 0
0.30000000000000004 0.78 0
0.31000000000000005 0.78 0
0.32000000000000006 0.78 0
0.33000000000000007 0.78 0
0.33999999999999997 0.78 0
0.35 0.78 0
0.36 0.78 0
0.37 0.78 0
0.38 0.78 0
0.39 0.78 0
0.4 0.78 0
0.41000000000000003 0.78 0
0.42000000000000004 0.78 0
0.43000000000000005 0.78 0
0.44000000000000006 0.78 0
0.45000000000000007 0.78 0
0.45999999999999996 0.78 0
0.47 0.78 0
0.48 0.78 0
0.49 0.78 0
-0.49 0.79 0
-0.48 0.79 0
-0.47 0.79 0
-0.46 0.79 0
-0.45 0.79 0
-0.44 0.79 0
-0.43 0.79 0
-0.42 0.79 0
-0.41000000000000003 0.79 0
-0.4 0.79 0
-0.39 0.79 0
-0.38 0.79 0
-0.37 0.79 0
-0.36 0.79 0
-0.35 0.79 0
-0.33999999999999997 0.79 0
-0.32999999999999996 0.79 0
-0.32 0.79 0
-0.31 0.79 0
-0.3 0.79 0
-0.29000000000000004 0.79 0
-0.28 0.79 0
-0.27 0.79 0
-0.26 0.79 0
-0.25 0.79 0
-0.24 0.79 0
-0.22999999999999998 0.79 0
-0.21999999999999997 0.79 0
-0.21000000000000002 0.79 0
-0.2 0.79 0
-0.19 0.79 0
-0.18 0.79 0
-0.16999999999999998 0.79 0
-0.15999999999999998 0.79 0
-0.14999999999999997 0.79 0
-0.14 0.79 0
-0.13 0.79 0
-0.12 0.79 0
-0.10999999999999999 0.79 0
-0.09999999999999998 0.79 0
-0.08999999999999997 0.79 0
-0.08000000000000002 0.79 0
-0.07 0.79 0
-0.06 0.79 0
-0.04999999999999999 0.79 0
-0.03999999999999998 0.79 0
-0.02999999999999997 0.79 0
-0.020000000000000018 0.79 0
-0.010000000000000009 0.79 0
0 0.79 0
0.010000000000000009 0.79 0
0.020000000000000018 0.79 0
0.030000000000000027 0.79 0
0.040000000000000036 0.79 0
0.050000000000000044 0.79 0
0.06000000000000005 0.79 0
0.07000000000000006 0.79 0
0.07999999999999996 0.79 0
0.08999999999999997 0.79 0
0.09999999999999998 0.79 0
0.10999999999999999 0.79 0
0.12 0.79 0
0.13 0.79 0
0.14 0.79 0
0.15000000000000002 0.79 0
0.16000000000000003 0.79 0
0.17000000000000004 0.79 0
0.18000000000000005 0.79 0
0.19000000000000006 0.79 0
0.20000000000000007 0.79 0
0.20999999999999996 0.79 0
0.21999999999999997 0.79 0
0.22999999999999998 0.79 0
0.24 0.79 0
0.25 0.79 0
0.26 0.79 0
0.27 0.79 0
0.28 0.79 0
0.29000000000000004 0.79 0
0.30000000000000004 0.79 0
0.31000000000000005 0.79 0
0.32000000000000006 0.79 0
0.33000000000000007 0.79 0
0.33999999999999997 0.79 0
0.35 0.79 0
0.36 0.79 0
0.37 0.79 0
0.38 0.79 0
0.39 0.79 0
0.4 0.79 0
0.41000000000000003 0.79 0
0.42000000000000004 0.79 0
0.43000000000000005 0.79 0
0.44000000000000006 0.79 0
0.45000000000000007 0.79 0
0.45999999999999996 0.79 0
0.47 0.79 0
0.48 0.79 0
0.49 0.79 0
-0.49 0.8 0
-0.48 0.8 0
-0.47 0.8 0
-0.46 0.8 0
-0.45 0.8 0
-0.44 0.8 0
-0.43 0.8 0
-0.42 0.8 0
-0.41000000000000003 0.8 0
-0.4 0.8 0
-0.39 0.8 0
-0.38 0.8 0
-0.37 0.8 0
-0.36 0.8 0
-0.35 0.8 0
-0.33999999999999997 0.8 0
-0.32999999999999996 0.8 0
-0.32 0.8 0
-0.31 0.8 0
-0.3 0.8 0
-0.29000000000000004 0.8 0
-0.28 0.8 0
-0.27 0.8 0
-0.26 0.8 0
-0.25 0.8 0
-0.24 0.8 0
-0.22999999999999998 0.8 0
-0.21999999999999997 0.8 0
-0.21000000000000002 0.8 0
-0.2 0.8 0
-0.19 0.8 0
-0.18 0.8 0
-0.16999999999999998 0.8 0
-0.15999999999999998 0.8 0
-0.14999999999999997 0.8 0
-0.14 0.8 0
-0.13 0.8 0
-0.12 0.8 0
-0.10999999999999999 0.8 0
-0.09999999999999998 0.8 0
-0.08999999999999997 0.8 0
-0.08000000000000002 0.8 0
-0.07 0.8 0
-0.06 0.8 0
-0.04999999999999999 0.8 0
-0.03999999999999998 0.8 0
-0.02999999999999997 0.8 0
-0.020000000000000018 0.8 0
-0.010000000000000009 0.8 0
0 0.8 0
0.010000000000000009 0.8 0
0.020000000000000018 0.8 0
0.030000000000000027 0.8 0
0.040000000000000036 0.8 0
0.050000000000000044 0.8 0
0.06000000000000005 0.8 0
0.07000000000000006 0.8 0
0.07999999999999996 0.8 0
0.08999999999999997 0.8 0
0.09999999999999998 0.8 0
0.10999999999999999 0.8 0
0.12 0.8 0
0.13 0.8 0
0.14 0.8 0
0.15000000000000002 0.8 0
0.16000000000000003 0.8 0
0.17000000000000004 0.8 0
0.18000000000000005 0.8 0
0.19000000000000006 0.8 0
0.20000000000000007 0.8 0
0.20999999999999996 0.8 0
0.21999999999999997 0.8 0
0.22999999999999998 0.8 0
0.24 0.8 0
0.25 0.8 0
0.26 0.8 0
0.27 0.8 0
0.28 0.8 0
0.29000000000000004 0.8 0
0.30000000000000004 0.8 0
0.31000000000000005 0.8 0
0.32000000000000006 0.8 0
0.33000000000000007 0.8 0
0.33999999999999997 0.8 0
0.35 0.8 0
0.36 0.8 0
0.37 0.8 0
0.38 0.8 0
0.39 0.8 0
0.4 0.8 0
0.41000000000000003 0.8 0
0.42000000000000004 0.8 0
0.43000000000000005 0.8 0
0.44000000000000006 0.8 0
0.45000000000000007 0.8 0
0.45999999999999996 0.8 0
0.47 0.8 0
0.48 0.8 0
0.49 0.8 0
-0.49 0.81 0
-0.48 0.81 0
-0.47 0.81 0
-0.46 0.81 0
-0.45 0.81 0
-0.44 0.81 0
-0.43 0.81 0
-0.42 0.81 0
-0.41000000000000003 0.81 0
-0.4 0.81 0
-0.39 0.81 0
-0.38 0.81 0
-0.37 0.81 0
-0.36 0.81 0
-0.35 0.81 0
-0.33999999999999997 0.81 0
-0.32999999999999996 0.81 0
-0.32 0.81 0
-0.31 0.81 0
-0.3 0.81 0
-0.29000000000000004 0.81 0
-0.28 0.81 0
-0.27 0.81 0
-0.26 0.81 0
-0.25 0.81 0
-0.24 0.81 0
-0.22999999999999998 0.81 0
-0.21999999999999997 0.81 0
-0.21000000000000002 0.81 0
-0.2 0.81 0
-0.19 0.81 0
-0.18 0.81 0
-0.16999999999999998 0.81 0
-0.15999999999999998 0.81 0
-0.14999999999999997 0.81 0
-0.14 0.81 0
-0.13 0.81 0
-0.12 0.81 0
-0.10999999999999999 0.81 0
-0.09999999999999998 0.81 0
-0.08999999999999997 0.81 0
-0.08000000000000002 0.81 0
-0.07 0.81 0
-0.06 0.81 0
-0.04999999999999999 0.81 0
-0.03999999999999998 0.81 0
-0.02999999999999997 0.81 0
-0.020000000000000018 0.81 0
-0.010000000000000009 0.81 0
0 0.81 0
0.010000000000000009 0.81 0
0.020000000000000018 0.81 0
0.030000000000000027 0.81 0
0.040000000000000036 0.81 0
0.050000000000000044 0.81 0
0.06000000000000005 0.81 0
0.07000000000000006 0.81 0
0.07999999999999996 0.81 0
0.08999999999999997 0.81 0
0.09999999999999998 0.81 0
0.10999999999999999 0.81 0
0.12 0.81 0
0.13 0.81 0
0.14 0.81 0
0.15000000000000002 0.81 0
0.16000000000000003 0.81 0
0.17000000000000004 0.81 0
0.18000000000000005 0.81 0
0.19000000000000006 0.81 0
0.20000000000000007 0.81 0
0.20999999999999996 0.81 0
0.21999999999999997 0.81 0
0.22999999999999998 0.81 0
0.24 0.81 0
0.25 0.81 0
0.26 0.81 0
0.27 0.81 0
0.28 0.81 0
0.29000000000000004 0.81 0
0.30000000000000004 0.81 0
0.31000000000000005 0.81 0
0.32000000000000006 0.81 0
0.33000000000000007 0.81 0
0.33999999999999997 0.81 0
0.35 0.81 0
0.36 0.81 0
0.37 0.81 0
0.38 0.81 0
0.39 0.81 0
0.4 0.81 0
0.41000000000000003 0.81 0
0.42000000000000004 0.81 0
0.43000000000000005 0.81 0
0.44000000000000006 0.81 0
0.45000000000000007 0.81 0
0.45999999999999996 0.81 0
0.47 0.81 0
0.48 0.81 0
0.49 0.81 0
-0.49 0.8200000000000001 0
-0.48 0.8200000000000001 0
-0.47 0.8200000000000001 0
-0.46 0.8200000000000001 0
-0.45 0.8200000000000001 0
-0.44 0.8200000000000001 0
-0.43 0.8200000000000001 0
-0.42 0.8200000000000001 0
-0.41000000000000003 0.8200000000000001 0
-0.4 0.8200000000000001 0
-0.39 0.8200000000000001 0
-0.38 0.8200000000000001 0
-0.37 0.8200000000000001 0
-0.36 0.8200000000000001 0
-0.35 0.8200000000000001 0
-0.33999999999999997 0.8200000000000001 0
-0.32999999999999996 0.8200000000000001 0
-0.32 0.8200000000000001 0
-0.31 0.8200000000000001 0
-0.3 0.8200000000000001 0
-0.29000000000000004 0.8200000000000001 0
-0.28 0.8200000000000001 0
-0.27 0.8200000000000001 0
-0.26 0.8200000000000001 0
-0.25 0.8200000000000001 0
-0.24 0.8200000000000001 0
-0.22999999999999998 0.8200000000000001 0
-0.21999999999999997 0.8200000000000001 0
-0.21000000000000002 0.8200000000000001 0
-0.2 0.8200000000000001 0
-0.19 0.8200000000000001 0
-0.18 0.8200000000000001 0
-0.16999999999999998 0.8200000000000001 0
-0.15999999999999998 0.8200000000000001 0
-0.14999999999999997 0.8200000000000001 0
-0.14 0.8200000000000001 0
-0.13 0.8200000000000001 0
-0.12 0.8200000000000001 0
-0.10999999999999999 0.8200000000000001 0
-0.09999999999999998 0.8200000000000001 0
-0.08999999999999997 0.8200000000000001 0
-0.08000000000000002 0.8200000000000001 0
-0.07 0.8200000000000001 0
-0.06 0.8200000000000001 0
-0.04999999999999999 0.8200000000000001 0
-0.03999999999999998 0.8200000000000001 0
-0.02999999999999997 0.8200000000000001 0
-0.020000000000000018 0.8200000000000001 0
-0.010000000000000009 0.8200000000000001 0
0 0.8200000000000001 0
0.010000000000000009 0.8200000000000001 0
0.020000000000000018 0.8200000000000001 0
0.030000000000000027 0.8200000000000001 0
0.040000000000000036 0.8200000000000001 0
0.050000000000000044 0.8200000000000001 0
0.06000000000000005 0.8200000000000001 0
0.07000000000000006 0.8200000000000001 0
0.07999999999999996 0.8200000000000001 0
0.08999999999999997 0.8200000000000001 0
0.09999999999999998 0.8200000000000001 0
0.10999999999999999 0.8200000000000001 0
0.12 0.8200000000000001 0
0.13 0.8200000000000001 0
0.14 0.8200000000000001 0
0.15000000000000002 0.8200000000000001 0
0.16000000000000003 0.8200000000000001 0
0.17000000000000004 0.8200000000000001 0
0.18000000000000005 0.8200000000000001 0
0.19000000000000006 0.8200000000000001 0
0.20000000000000007 0.8200000000000001 0
0.20999999999999996 0.8200000000000001 0
0.21999999999999997 0.8200000000000001 0
0.22999999999999998 0.8200000000000001 0
0.24 0.8200000000000001 0
0.25 0.8200000000000001 0
0.26 0.8200000000000001 0
0.27 0.8200000000000001 0
0.28 0.8200000000000001 0
0.29000000000000004 0.8200000000000001 0
0.30000000000000004 0.8200000000000001 0
0.31000000000000005 0.8200000000000001 0
0.32000000000000006 0.8200000000000001 0
0.33000000000000007 0.8200000000000001 0
0.33999999999999997 0.8200000000000001 0
0.35 0.8200000000000001 0
0.36 0.8200000000000001 0
0.37 0.8200000000000001 0
0.38 0.8200000000000001 0
0.39 0.8200000000000001 0
0.4 0.8200000000000001 0
0.41000000000000003 0.8200000000000001 0
0.42000000000000004 0.8200000000000001 0
0.43000000000000005 0.8200000000000001 0
0.44000000000000006 0.8200000000000001 0
0.45000000000000007 0.8200000000000001 0
0.45999999999999996 0.8200000000000001 0
0.47 0.8200000000000001 0
0.48 0.8200000000000001 0
0.49 0.8200000000000001 0
-0.49 0.8300000000000001 0
-0.48 0.8300000000000001 0
-0.47 0.8300000000000001 0
-0.46 0.8300000000000001 0
-0.45 0.8300000000000001 0
-0.44 0.8300000000000001 0
-0.43 0.8300000000000001 0
-0.42 0.8300000000000001 0
-0.41000000000000003 0.8300000000000001 0
-0.4 0.8300000000000001 0
-0.39 0.8300000000000001 0
-0.38 0.8300000000000001 0
-0.37 0.8300000000000001 0
-0.36 0.8300000000000001 0
-0.35 0.8300000000000001 0
-0.33999999999999997 0.8300000000000001 0
-0.32999999999999996 0.8300000000000001 0
-0.32 0.8300000000000001 0
-0.31 0.8300000000000001 0
-0.3 0.8300000000000001 0
-0.29000000000000004 0.8300000000000001 0
-0.28 0.8300000000000001 0
-0.27 0.8300000000000001 0
-0.26 0.8300000000000001 0
-0.25 0.8300000000000001 0
-0.24 0.8300000000000001 0
-0.22999999999999998 0.8300000000000001 0
-0.21999999999999997 0.8300000000000001 0
-0.21000000000000002 0.8300000000000001 0
-0.2 0.8300000000000001 0
-0.19 0.8300000000000001 0
-0.18 0.8300000000000001 0
-0.16999999999999998 0.8300000000000001 0
-0.15999999999999998 0.8300000000000001 0
-0.14999999999999997 0.8300000000000001 0
-0.14 0.8300000000000001 0
-0.13 0.8300000000000001 0
-0.12 0.8300000000000001 0
-0.10999999999999999 0.8300000000000001 0
-0.09999999999999998 0.8300000000000001 0
-0.08999999999999997 0.8300000000000001 0
-0.08000000000000002 0.8300000000000001 0
-0.07 0.8300000000000001 0
-0.06 0.8300000000000001 0
-0.04999999999999999 0.8300000000000001 0
-0.03999999999999998 0.8300000000000001 0
-0.02999999999999997 0.8300000000000001 0
-0.020000000000000018 0.8300000000000001 0
-0.010000000000000009 0.8300000000000001 0
0 0.8300000000000001 0
0.010000000000000009 0.8300000000000001 0
0.020000000000000018 0.8300000000000001 0
0.030000000000000027 0.8300000000000001 0
0.040000000000000036 0.8300000000000001 0
0.050000000000000044 0.8300000000000001 0
0.06000000000000005 0.8300000000000001 0
0.07000000000000006 0.8300000000000001 0
0.07999999999999996 0.8300000000000001 0
0.08999999999999997 0.8300000000000001 0
0.09999999999999998 0.8300000000000001 0
0.10999999999999999 0.8300000000000001 0
0.12 0.8300000000000001 0
0.13 0.8300000000000001 0
0.14 0.8300000000000001 0
0.15000000000000002 0.8300000000000001 0
0.16000000000000003 0.8300000000000001 0
0.17000000000000004 0.8300000000000001 0
0.18000000000000005 0.8300000000000001 0
0.19000000000000006 0.8300000000000001 0
0.20000000000000007 0.8300000000000001 0
0.20999999999999996 0.8300000000000001 0
0.21999999999999997 0.8300000000000001 0
0.22999999999999998 0.8300000000000001 0
0.24 0.8300000000000001 0
0.25 0.8300000000000001 0
0.26 0.8300000000000001 0
0.27 0.8300000000000001 0
0.28 0.8300000000000001 0
0.29000000000000004 0.8300000000000001 0
0.30000000000000004 0.8300000000000001 0
0.31000000000000005 0.8300000000000001 0
0.32000000000000006 0.8300000000000001 0
0.33000000000000007 0.8300000000000001 0
0.33999999999999997 0.8300000000000001 0
0.35 0.8300000000000001 0
0.36 0.8300000000000001 0
0.37 0.8300000000000001 0
0.38 0.8300000000000001 0
0.39 0.8300000000000001 0
0.4 0.8300000000000001 0
0.41000000000000003 0.8300000000000001 0
0.42000000000000004 0.8300000000000001 0
0.43000000000000005 0.8300000000000001 0
0.44000000000000006 0.8300000000000001 0
0.45000000000000007 0.8300000000000001 0
0.45999999999999996 0.8300000000000001 0
0.47 0.8300000000000001 0
0.48 0.8300000000000001 0
0.49 0.8300000000000001 0
-0.49 0.84 0
-0.48 0.84 0
-0.47 0.84 0
-0.46 0.84 0
-0.45 0.84 0
-0.44 0.84 0
-0.43 0.84 0
-0.42 0.84 0
-0.41000000000000003 0.84 0
-0.4 0.84 0
-0.39 0.84 0
-0.38 0.84 0
-0.37 0.84 0
-0.36 0.84 0
-0.35 0.84 0
-0.33999999999999997 0.84 0
-0.32999999999999996 0.84 0
-0.32 0.84 0
-0.31 0.84 0
-0.3 0.84 0
-0.29000000000000004 0.84 0
-0.28 0.84 0
-0.27 0.84 0
-0.26 0.84 0
-0.25 0.84 0
-0.24 0.84 0
-0.22999999999999998 0.84 0
-0.21999999999999997 0.84 0
-0.21000000000000002 0.84 0
-0.2 0.84 0
-0.19 0.84 0
-0.18 0.84 0
-0.16999999999999998 0.84 0
-0.15999999999999998 0.84 0
-0.14999999999999997 0.84 0
-0.14 0.84 0
-0.13 0.84 0
-0.12 0.84 0
-0.10999999999999999 0.84 0
-0.09999999999999998 0.84 0
-0.08999999999999997 0.84 0
-0.08000000000000002 0.84 0
-0.07 0.84 0
-0.06 0.84 0
-0.04999999999999999 0.84 0
-0.03999999999999998 0.84 0
-0.02999999999999997 0.84 0
-0.020000000000000018 0.84 0
-0.010000000000000009 0.84 0
0 0.84 0
0.010000000000000009 0.84 0
0.020000000000000018 0.84 0
0.030000000000000027 0.84 0
0.040000000000000036 0.84 0
0.050000000000000044 0.84 0
0.06000000000000005 0.84 0
0.07000000000000006 0.84 0
0.07999999999999996 0.84 0
0.08999999999999997 0.84 0
0.09999999999999998 0.84 0
0.10999999999999999 0.84 0
0.12 0.84 0
0.13 0.84 0
0.14 0.84 0
0.15000000000000002 0.84 0
0.16000000000000003 0.84 0
0.17000000000000004 0.84 0
0.18000000000000005 0.84 0
0.19000000000000006 0.84 0
0.20000000000000007 0.84 0
0.20999999999999996 0.84 0
0.21999999999999997 0.84 0
0.22999999999999998 0.84 0
0.24 0.84 0
0.25 0.84 0
0.26 0.84 0
0.27 0.84 0
0.28 0.84 0
0.29000000000000004 0.84 0
0.30000000000000004 0.84 0
0.31000000000000005 0.84 0
0.32000000000000006 0.84 0
0.33000000000000007 0.84 0
0.33999999999999997 0.84 0
0.35 0.84 0
0.36 0.84 0
0.37 0.84 0
0.38 0.84 0
0.39 0.84 0
0.4 0.84 0
0.41000000000000003 0.84 0
0.42000000000000004 0.84 0
0.43000000000000005 0.84 0
0.44000000000000006 0.84 0
0.45000000000000007 0.84 0
0.45999999999999996 0.84 0
0.47 0.84 0
0.48 0.84 0
0.49 0.84 0
-0.49 0.85 0
-0.48 0.85 0
-0.47 0.85 0
-0.46 0.85 0
-0.45 0.85 0
-0.44 0.85 0
-0.43 0.85 0
-0.42 0.85 0
-0.41000000000000003 0.85 0
-0.4 0.85 0
-0.39 0.85 0
-0.38 0.85 0
-0.37 0.85 0
-0.36 0.85 0
-0.35 0.85 0
-0.33999999999999997 0.85 0
-0.32999999999999996 0.85 0
-0.32 0.85 0
-0.31 0.85 0
-0.3 0.85 0
-0.29000000000000004 0.85 0
-0.28 0.85 0
-0.27 0.85 0
-0.26 0.85 0
-0.25 0.85 0
-0.24 0.85 0
-0.22999999999999998 0.85 0
-0.21999999999999997 0.85 0
-0.21000000000000002 0.85 0
-0.2 0.85 0
-0.19 0.85 0
-0.18 0.85 0
-0.16999999999999998 0.85 0
-0.15999999999999998 0.85 0
-0.14999999999999997 0.85 0
-0.14 0.85 0
-0.13 0.85 0
-0.12 0.85 0
-0.10999999999999999 0.85 0
-0.09999999999999998 0.85 0
-0.08999999999999997 0.85 0
-0.08000000000000002 0.85 0
-0.07 0.85 0
-0.06 0.85 0
-0.04999999999999999 0.85 0
-0.03999999999999998 0.85 0
-0.02999999999999997 0.85 0
-0.020000000000000018 0.85 0
-0.010000000000000009 0.85 0
0 0.85 0
0.010000000000000009 0.85 0
0.020000000000000018 0.85 0
0.030000000000000027 0.85 0
0.040000000000000036 0.85 0
0.050000000000000044 0.85 0
0.06000000000000005 0.85 0
0.07000000000000006 0.85 0
0.07999999999999996 0.85 0
0.08999999999999997 0.85 0
0.09999999999999998 0.85 0
0.10999999999999999 0.85 0
0.12 0.85 0
0.13 0.85 0
0.14 0.85 0
0.15000000000000002 0.85 0
0.16000000000000003 0.85 0
0.17000000000000004 0.85 0
0.18000000000000005 0.85 0
0.19000000000000006 0.85 0
0.20000000000000007 0.85 0
0.20999999999999996 0.85 0
0.21999999999999997 0.85 0
0.22999999999999998 0.85 0
0.24 0.85 0
0.25 0.85 0
0.26 0.85 0
0.27 0.85 0
0.28 0.85 0
0.29000000000000004 0.85 0
0.30000000000000004 0.85 0
0.31000000000000005 0.85 0
0.32000000000000006 0.85 0
0.33000000000000007 0.85 0
0.33999999999999997 0.85 0
0.35 0.85 0
0.36 0.85 0
0.37 0.85 0
0.38 0.85 0
0.39 0.85 0
0.4 0.85 0
0.41000000000000003 0.85 0
0.42000000000000004 0.85 0
0.43000000000000005 0.85 0
0.44000000000000006 0.85 0
0.45000000000000007 0.85 0
0.45999999999999996 0.85 0
0.47 0.85 0
0.48 0.85 0
0.49 0.85 0
-0.49 0.86 0
-0.48 0.86 0
-0.47 0.86 0
-0.46 0.86 0
-0.45 0.86 0
-0.44 0.86 0
-0.43 0.86 0
-0.42 0.86 0
-0.41000000000000003 0.86 0
-0.4 0.86 0
-0.39 0.86 0
-0.38 0.86 0
-0.37 0.86 0
-0.36 0.86 0
-0.35 0.86 0
-0.33999999999999997 0.86 0
-0.32999999999999996 0.86 0
-0.32 0.86 0
-0.31 0.86 0
-0.3 0.86 0
-0.29000000000000004 0.86 0
-0.28 0.86 0
-0.27 0.86 0
-0.26 0.86 0
-0.25 0.86 0
-0.24 0.86 0
-0.22999999999999998 0.86 0
-0.21999999999999997 0.86 0
-0.21000000000000002 0.86 0
-0.2 0.86 0
-0.19 0.86 0
-0.18 0.86 0
-0.16999999999999998 0.86 0
-0.15999999999999998 0.86 0
-0.14999999999999997 0.86 0
-0.14 0.86 0
-0.13 0.86 0
-0.12 0.86 0
-0.10999999999999999 0.86 0
-0.09999999999999998 0.86 0
-0.08999999999999997 0.86 0
-0.08000000000000002 0.86 0
-0.07 0.86 0
-0.06 0.86 0
-0.04999999999999999 0.86 0
-0.03999999999999998 0.86 0
-0.02999999999999997 0.86 0
-0.020000000000000018 0.86 0
-0.010000000000000009 0.86 0
0 0.86 0
0.010000000000000009 0.86 0
0.020000000000000018 0.86 0
0.030000000000000027 0.86 0
0.040000000000000036 0.86 0
0.050000000000000044 0.86 0
0.06000000000000005 0.86 0
0.07000000000000006 0.86 0
0.07999999999999996 0.86 0
0.08999999999999997 0.86 0
0.09999999999999998 0.86 0
0.10999999999999999 0.86 0
0.12 0.86 0
0.13 0.86 0
0.14 0.86 0
0.15000000000000002 0.86 0
0.16000000000000003 0.86 0
0.17000000000000004 0.86 0
0.18000000000000005 0.86 0
0.19000000000000006 0.86 0
0.20000000000000007 0.86 0
0.20999999999999996 0.86 0
0.21999999999999997 0.86 0
0.22999999999999998 0.86 0
0.24 0.86 0
0.25 0.86 0
0.26 0.86 0
0.27 0.86 0
0.28 0.86 0
0.29000000000000004 0.86 0
0.30000000000000004 0.86 0
0.31000000000000005 0.86 0
0.32000000000000006 0.86 0
0.33000000000000007 0.86 0
0.33999999999999997 0.86 0
0.35 0.86 0
0.36 0.86 0
0.37 0.86 0
0.38 0.86 0
0.39 0.86 0
0.4 0.86 0
0.41000000000000003 0.86 0
0.42000000000000004 0.86 0
0.43000000000000005 0.86 0
0.44000000000000006 0.86 0
0.45000000000000007 0.86 0
0.45999999999999996 0.86 0
0.47 0.86 0
0.48 0.86 0
0.49 0.86 0
-0.49 0.87 0
-0.48 0.87 0
-0.47 0.87 0
-0.46 0.87 0
-0.45 0.87 0
-0.44 0.87 0
-0.43 0.87 0
-0.42 0.87 0
-0.41000000000000003 0.87 0
-0.4 0.87 0
-0.39 0.87 0
-0.38 0.87 0
-0.37 0.87 0
-0.36 0.87 0
-0.35 0.87 0
-0.33999999999999997 0.87 0
-0.32999999999999996 0.87 0
-0.32 0.87 0
-0.31 0.87 0
-0.3 0.87 0
-0.29000000000000004 0.87 0
-0.28 0.87 0
-0.27 0.87 0
-0.26 0.87 0
-0.25 0.87 0
-0.24 0.87 0
-0.22999999999999998 0.87 0
-0.21999999999999997 0.87 0
-0.21000000000000002 0.87 0
-0.2 0.87 0
-0.19 0.87 0
-0.18 0.87 0
-0.16999999999999998 0.87 0
-0.15999999999999998 0.87 0
-0.14999999999999997 0.87 0
-0.14 0.87 0
-0.13 0.87 0
-0.12 0.87 0
-0.10999999999999999 0.87 0
-0.09999999999999998 0.87 0
-0.08999999999999997 0.87 0
-0.08000000000000002 0.87 0
-0.07 0.87 0
-0.06 0.87 0
-0.04999999999999999 0.87 0
-0.03999999999999998 0.87 0
-0.02999999999999997 0.87 0
-0.020000000000000018 0.87 0
-0.010000000000000009 0.87 0
0 0.87 0
0.010000000000000009 0.87 0
0.020000000000000018 0.87 0
0.030000000000000027 0.87 0
0.040000000000000036 0.87 0
0.050000000000000044 0.87 0
0.06000000000000005 0.87 0
0.07000000000000006 0.87 0
0.07999999999999996 0.87 0
0.08999999999999997 0.87 0
0.09999999999999998 0.87 0
0.10999999999999999 0.87 0
0.12 0.87 0
0.13 0.87 0
0.14 0.87 0
0.15000000000000002 0.87 0
0.16000000000000003 0.87 0
0.17000000000000004 0.87 0
0.18000000000000005 0.87 0
0.19000000000000006 0.87 0
0.20000000000000007 0.87 0
0.20999999999999996 0.87 0
0.21999999999999997 0.87 0
0.22999999999999998 0.87 0
0.24 0.87 0
0.25 0.87 0
0.26 0.87 0
0.27 0.87 0
0.28 0.87 0
0.29000000000000004 0.87 0
0.30000000000000004 0.87 0
0.31000000000000005 0.87 0
0.32000000000000006 0.87 0
0.33000000000000007 0.87 0
0.33999999999999997 0.87 0
0.35 0.87 0
0.36 0.87 0
0.37 0.87 0
0.38 0.87 0
0.39 0.87 0
0.4 0.87 0
0.41000000000000003 0.87 0
0.42000000000000004 0.87 0
0.43000000000000005 0.87 0
0.44000000000000006 0.87 0
0.45000000000000007 0.87 0
0.45999999999999996 0.87 0
0.47 0.87 0
0.48 0.87 0
0.49 0.87 0
-0.49 0.88 0
-0.48 0.88 0
-0.47 0.88 0
-0.46 0.88 0
-0.45 0.88 0
-0.44 0.88 0
-0.43 0.88 0
-0.42 0.88 0
-0.41000000000000003 0.88 0
-0.4 0.88 0
-0.39 0.88 0
-0.38 0.88 0
-0.37 0.88 0
-0.36 0.88 0
-0.35 0.88 0
-0.33999999999999997 0.88 0
-0.32999999999999996 0.88 0
-0.32 0.88 0
-0.31 0.88 0
-0.3 0.88 0
-0.29000000000000004 0.88 0
-0.28 0.88 0
-0.27 0.88 0
-0.26 0.88 0
-0.25 0.88 0
-0.24 0.88 0
-0.22999999999999998 0.88 0
-0.21999999999999997 0.88 0
-0.21000000000000002 0.88 0
-0.2 0.88 0
-0.19 0.88 0
-0.18 0.88 0
-0.16999999999999998 0.88 0
-0.15999999999999998 0.88 0
-0.14999999999999997 0.88 0
-0.14 0.88 0
-0.13 0.88 0
-0.12 0.88 0
-0.10999999999999999 0.88 0
-0.09999999999999998 0.88 0
-0.08999999999999997 0.88 0
-0.08000000000000002 0.88 0
-0.07 0.88 0
-0.06 0.88 0
-0.04999999999999999 0.88 0
-0.03999999999999998 0.88 0
-0.02999999999999997 0.88 0
-0.020000000000000018 0.88 0
-0.010000000000000009 0.88 0
0 0.88 0
0.010000000000000009 0.88 0
0.020000000000000018 0.88 0
0.030000000000000027 0.88 0
0.040000000000000036 0.88 0
0.050000000000000044 0.88 0
0.06000000000000005 0.88 0
0.07000000000000006 0.88 0
0.07999999999999996 0.88 0
0.08999999999999997 0.88 0
0.09999999999999998 0.88 0
0.10999999999999999 0.88 0
0.12 0.88 0
0.13 0.88 0
0.14 0.88 0
0.15000000000000002 0.88 0
0.16000000000000003 0.88 0
0.17000000000000004 0.88 0
0.18000000000000005 0.88 0
0.19000000000000006 0.88 0
0.20000000000000007 0.88 0
0.20999999999999996 0.88 0
0.21999999999999997 0.88 0
0.22999999999999998 0.88 0
0.24 0.88 0
0.25 0.88 0
0.26 0.88 0
0.27 0.88 0
0.28 0.88 0
0.29000000000000004 0.88 0
0.30000000000000004 0.88 0
0.31000000000000005 0.88 0
0.32000000000000006 0.88 0
0.33000000000000007 0.88 0
0.33999999999999997 0.88 0
0.35 0.88 0
0.36 0.88 0
0.37 0.88 0
0.38 0.88 0
0.39 0.88 0
0.4 0.88 0
0.41000000000000003 0.88 0
0.42000000000000004 0.88 0
0.43000000000000005 0.88 0
0.44000000000000006 0.88 0
0.45000000000000007 0.88 0
0.45999999999999996 0.88 0
0.47 0.88 0
0.48 0.88 0
0.49 0.88 0
-0.49 0.89 0
-0.48 0.89 0
-0.47 0.89 0
-0.46 0.89 0
-0.45 0.89 0
-0.44 0.89 0
-0.43 0.89 0
-0.42 0.89 0
-0.41000000000000003 0.89 0
-0.4 0.89 0
-0.39 0.89 0
-0.38 0.89 0
-0.37 0.89 0
-0.36 0.89 0
-0.35 0.89 0
-0.33999999999999997 0.89 0
-0.32999999999999996 0.89 0
-0.32 0.89 0
-0.31 0.89 0
-0.3 0.89 0
-0.29000000000000004 0.89 0
-0.28 0.89 0
-0.27 0.89 0
-0.26 0.89 0
-0.25 0.89 0
-0.24 0.89 0
-0.22999999999999998 0.89 0
-0.21999999999999997 0.89 0
-0.21000000000000002 0.89 0
-0.2 0.89 0
-0.19 0.89 0
-0.18 0.89 0
-0.16999999999999998 0.89 0
-0.15999999999999998 0.89 0
-0.14999999999999997 0.89 0
-0.14 0.89 0
-0.13 0.89 0
-0.12 0.89 0
-0.10999999999999999 0.89 0
-0.09999999999999998 0.89 0
-0.08999999999999997 0.89 0
-0.08000000000000002 0.89 0
-0.07 0.89 0
-0.06 0.89 0
-0.04999999999999999 0.89 0
-0.03999999999999998 0.89 0
-0.02999999999999997 0.89 0
-0.020000000000000018 0.89 0
-0.010000000000000009 0.89 0
0 0.89 0
0.010000000000000009 0.89 0
0.020000000000000018 0.89 0
0.030000000000000027 0.89 0
0.040000000000000036 0.89 0
0.050000000000000044 0.89 0
0.06000000000000005 0.89 0
0.07000000000000006 0.89 0
0.07999999999999996 0.89 0
0.08999999999999997 0.89 0
0.09999999999999998 0.89 0
0.10999999999999999 0.89 0
0.12 0.89 0
0.13 0.89 0
0.14 0.89 0
0.15000000000000002 0.89 0
0.16000000000000003 0.89 0
0.17000000000000004 0.89 0
0.18000000000000005 0.89 0
0.19000000000000006 0.89 0
0.20000000000000007 0.89 0
0.20999999999999996 0.89 0
0.21999999999999997 0.89 0
0.22999999999999998 0.89 0
0.24 0.89 0
0.25 0.89 0
0.26 0.89 0
0.27 0.89 0
0.28 0.89 0
0.29000000000000004 0.89 0
0.30000000000000004 0.89 0
0.31000000000000005 0.89 0
0.32000000000000006 0.89 0
0.33000000000000007 0.89 0
0.33999999999999997 0.89 0
0.35 0.89 0
0.36 0.89 0
0.37 0.89 0
0.38 0.89 0
0.39 0.89 0
0.4 0.89 0
0.41000000000000003 0.89 0
0.42000000000000004 0.89 0
0.43000000000000005 0.89 0
0.44000000000000006 0.89 0
0.45000000000000007 0.89 0
0.45999999999999996 0.89 0
0.47 0.89 0
0.48 0.89 0
0.49 0.89 0
-0.49 0.9 0
-0.48 0.9 0
-0.47 0.9 0
-0.46 0.9 0
-0.45 0.9 0
-0.44 0.9 0
-0.43 0.9 0
-0.42 0.9 0
-0.41000000000000003 0.9 0
-0.4 0.9 0
-0.39 0.9 0
-0.38 0.9 0
-0.37 0.9 0
-0.36 0.9 0
-0.35 0.9 0
-0.33999999999999997 0.9 0
-0.32999999999999996 0.9 0
-0.32 0.9 0
-0.31 0.9 0
-0.3 0.9 0
-0.29000000000000004 0.9 0
-0.28 0.9 0
-0.27 0.9 0
-0.26 0.9 0
-0.25 0.9 0
-0.24 0.9 0
-0.22999999999999998 0.9 0
-0.21999999999999997 0.9 0
-0.21000000000000002 0.9 0
-0.2 0.9 0
-0.19 0.9 0
-0.18 0.9 0
-0.16999999999999998 0.9 0
-0.15999999999999998 0.9 0
-0.14999999999999997 0.9 0
-0.14 0.9 0
-0.13 0.9 0
-0.12 0.9 0
-0.10999999999999999 0.9 0
-0.09999999999999998 0.9 0
-0.08999999999999997 0.9 0
-0.08000000000000002 0.9 0
-0.07 0.9 0
-0.06 0.9 0
-0.04999999999999999 0.9 0
-0.03999999999999998 0.9 0
-0.02999999999999997 0.9 0
-0.020000000000000018 0.9 0
-0.010000000000000009 0.9 0
0 0.9 0
0.010000000000000009 0.9 0
0.020000000000000018 0.9 0
0.030000000000000027 0.9 0
0.040000000000000036 0.9 0
0.050000000000000044 0.9 0
0.06000000000000005 0.9 0
0.07000000000000006 0.9 0
0.07999999999999996 0.9 0
0.08999999999999997 0.9 0
0.09999999999999998 0.9 0
0.10999999999999999 0.9 0
0.12 0.9 0
0.13 0.9 0
0.14 0.9 0
0.15000000000000002 0.9 0
0.16000000000000003 0.9 0
0.17000000000000004 0.9 0
0.18000000000000005 0.9 0
0.19000000000000006 0.9 0
0.20000000000000007 0.9 0
0.20999999999999996 0.9 0
0.21999999999999997 0.9 0
0.22999999999999998 0.9 0
0.24 0.9 0
0.25 0.9 0
0.26 0.9 0
0.27 0.9 0
0.28 0.9 0
0.29000000000000004 0.9 0
0.30000000000000004 0.9 0
0.31000000000000005 0.9 0
0.32000000000000006 0.9 0
0.33000000000000007 0.9 0
0.33999999999999997 0.9 0
0.35 0.9 0
0.36 0.9 0
0.37 0.9 0
0.38 0.9 0
0.39 0.9 0
0.4 0.9 0
0.41000000000000003 0.9 0
0.42000000000000004 0.9 0
0.43000000000000005 0.9 0
0.44000000000000006 0.9 0
0.45000000000000007 0.9 0
0.45999999999999996 0.9 0
0.47 0.9 0
0.48 0.9 0
0.49 0.9 0
-0.49 0.91 0
-0.48 0.91 0
-0.47 0.91 0
-0.46 0.91 0
-0.45 0.91 0
-0.44 0.91 0
-0.43 0.91 0
-0.42 0.91 0
-0.41000000000000003 0.91 0
-0.4 0.91 0
-0.39 0.91 0
-0.38 0.91 0
-0.37 0.91 0
-0.36 0.91 0
-0.35 0.91 0
-0.33999999999999997 0.91 0
-0.32999999999999996 0.91 0
-0.32 0.91 0
-0.31 0.91 0
-0.3 0.91 0
-0.29000000000000004 0.91 0
-0.28 0.91 0
-0.27 0.91 0
-0.26 0.91 0
-0.25 0.91 0
-0.24 0.91 0
-0.22999999999999998 0.91 0
-0.21999999999999997 0.91 0
-0.21000000000000002 0.91 0
-0.2 0.91 0
-0.19 0.91 0
-0.18 0.91 0
-0.16999999999999998 0.91 0
-0.15999999999999998 0.91 0
-0.14999999999999997 0.91 0
-0.14 0.91 0
-0.13 0.91 0
-0.12 0.91 0
-0.10999999999999999 0.91 0
-0.09999999999999998 0.91 0
-0.08999999999999997 0.91 0
-0.08000000000000002 0.91 0
-0.07 0.91 0
-0.06 0.91 0
-0.04999999999999999 0.91 0
-0.03999999999999998 0.91 0
-0.02999999999999997 0.91 0
-0.020000000000000018 0.91 0
-0.010000000000000009 0.91 0
0 0.91 0
0.010000000000000009 0.91 0
0.020000000000000018 0.91 0
0.030000000000000027 0.91 0
0.040000000000000036 0.91 0
0.050000000000000044 0.91 0
0.06000000000000005 0.91 0
0.07000000000000006 0.91 0
0.07999999999999996 0.91 0
0.08999999999999997 0.91 0
0.09999999999999998 0.91 0
0.10999999999999999 0.91 0
0.12 0.91 0
0.13 0.91 0
0.14 0.91 0
0.15000000000000002 0.91 0
0.16000000000000003 0.91 0
0.17000000000000004 0.91 0
0.18000000000000005 0.91 0
0.19000000000000006 0.91 0
0.20000000000000007 0.91 0
0.20999999999999996 0.91 0
0.21999999999999997 0.91 0
0.22999999999999998 0.91 0
0.24 0.91 0
0.25 0.91 0
0.26 0.91 0
0.27 0.91 0
0.28 0.91 0
0.29000000000000004 0.91 0
0.30000000000000004 0.91 0
0.31000000000000005 0.91 0
0.32000000000000006 0.91 0
0.33000000000000007 0.91 0
0.33999999999999997 0.91 0
0.35 0.91 0
0.36 0.91 0
0.37 0.91 0
0.38 0.91 0
0.39 0.91 0
0.4 0.91 0
0.41000000000000003 0.91 0
0.42000000000000004 0.91 0
0.43000000000000005 0.91 0
0.44000000000000006 0.91 0
0.45000000000000007 0.91 0
0.45999999999999996 0.91 0
0.47 0.91 0
0.48 0.91 0
0.49 0.91 0
-0.49 0.92 0
-0.48 0.92 0
-0.47 0.92 0
-0.46 0.92 0
-0.45 0.92 0
-0.44 0.92 0
-0.43 0.92 0
-0.42 0.92 0
-0.41000000000000003 0.92 0
-0.4 0.92 0
-0.39 0.92 0
-0.38 0.92 0
-0.37 0.92 0
-0.36 0.92 0
-0.35 0.92 0
-0.33999999999999997 0.92 0
-0.32999999999999996 0.92 0
-0.32 0.92 0
-0.31 0.92 0
-0.3 0.92 0
-0.29000000000000004 0.92 0
-0.28 0.92 0
-0.27 0.92 0
-0.26 0.92 0
-0.25 0.92 0
-0.24 0.92 0
-0.22999999999999998 0.92 0
-0.21999999999999997 0.92 0
-0.21000000000000002 0.92 0
-0.2 0.92 0
-0.19 0.92 0
-0.18 0.92 0
-0.16999999999999998 0.92 0
-0.15999999999999998 0.92 0
-0.14999999999999997 0.92 0
-0.14 0.92 0
-0.13 0.92 0
-0.12 0.92 0
-0.10999999999999999 0.92 0
-0.09999999999999998 0.92 0
-0.08999999999999997 0.92 0
-0.08000000000000002 0.92 0
-0.07 0.92 0
-0.06 0.92 0
-0.04999999999999999 0.92 0
-0.03999999999999998 0.92 0
-0.02999999999999997 0.92 0
-0.020000000000000018 0.92 0
-0.010000000000000009 0.92 0
0 0.92 0
0.010000000000000009 0.92 0
0.020000000000000018 0.92 0
0.030000000000000027 0.92 0
0.040000000000000036 0.92 0
0.050000000000000044 0.92 0
0.06000000000000005 0.92 0
0.07000000000000006 0.92 0
0.07999999999999996 0.92 0
0.08999999999999997 0.92 0
0.09999999999999998 0.92 0
0.10999999999999999 0.92 0
0.12 0.92 0
0.13 0.92 0
0.14 0.92 0
0.15000000000000002 0.92 0
0.16000000000000003 0.92 0
0.17000000000000004 0.92 0
0.18000000000000005 0.92 0
0.19000000000000006 0.92 0
0.20000000000000007 0.92 0
0.20999999999999996 0.92 0
0.21999999999999997 0.92 0
0.22999999999999998 0.92 0
0.24 0.92 0
0.25 0.92 0
0.26 0.92 0
0.27 0.92 0
0.28 0.92 0
0.29000000000000004 0.92 0
0.30000000000000004 0.92 0
0.31000000000000005 0.92 0
0.32000000000000006 0.92 0
0.33000000000000007 0.92 0
0.33999999999999997 0.92 0
0.35 0.92 0
0.36 0.92 0
0.37 0.92 0
0.38 0.92 0
0.39 0.92 0
0.4 0.92 0
0.41000000000000003 0.92 0
0.42000000000000004 0.92 0
0.43000000000000005 0.92 0
0.44000000000000006 0.92 0
0.45000000000000007 0.92 0
0.45999999999999996 0.92 0
0.47 0.92 0
0.48 0.92 0
0.49 0.92 0
-0.49 0.93 0
-0.48 0.93 0
-0.47 0.93 0
-0.46 0.93 0
-0.45 0.93 0
-0.44 0.93 0
-0.43 0.93 0
-0.42 0.93 0
-0.41000000000000003 0.93 0
-0.4 0.93 0
-0.39 0.93 0
-0.38 0.93 0
-0.37 0.93 0
-0.36 0.93 0
-0.35 0.93 0
-0.33999999999999997 0.93 0
-0.32999999999999996 0.93 0
-0.32 0.93 0
-0.31 0.93 0
-0.3 0.93 0
-0.29000000000000004 0.93 0
-0.28 0.93 0
-0.27 0.93 0
-0.26 0.93 0
-0.25 0.93 0
-0.24 0.93 0
-0.22999999999999998 0.93 0
-0.21999999999999997 0.93 0
-0.21000000000000002 0.93 0
-0.2 0.93 0
-0.19 0.93 0
-0.18 0.93 0
-0.16999999999999998 0.93 0
-0.15999999999999998 0.93 0
-0.14999999999999997 0.93 0
-0.14 0.93 0
-0.13 0.93 0
-0.12 0.93 0
-0.10999999999999999 0.93 0
-0.09999999999999998 0.93 0
-0.08999999999999997 0.93 0
-0.08000000000000002 0.93 0
-0.07 0.93 0
-0.06 0.93 0
-0.04999999999999999 0.93 0
-0.03999999999999998 0.93 0
-0.02999999999999997 0.93 0
-0.020000000000000018 0.93 0
-0.010000000000000009 0.93 0
0 0.93 0
0.010000000000000009 0.93 0
0.020000000000000018 0.93 0
0.030000000000000027 0.93 0
0.040000000000000036 0.93 0
0.050000000000000044 0.93 0
0.06000000000000005 0.93 0
0.07000000000000006 0.93 0
0.07999999999999996 0.93 0
0.08999999999999997 0.93 0
0.09999999999999998 0.93 0
0.10999999999999999 0.93 0
0.12 0.93 0
0.13 0.93 0
0.14 0.93 0
0.15000000000000002 0.93 0
0.16000000000000003 0.93 0
0.17000000000000004 0.93 0
0.18000000000000005 0.93 0
0.19000000000000006 0.93 0
0.20000000000000007 0.93 0
0.20999999999999996 0.93 0
0.21999999999999997 0.93 0
0.22999999999999998 0.93 0
0.24 0.93 0
0.25 0.93 0
0.26 0.93 0
0.27 0.93 0
0.28 0.93 0
0.29000000000000004 0.93 0
0.30000000000000004 0.93 0
0.31000000000000005 0.93 0
0.32000000000000006 0.93 0
0.33000000000000007 0.93 0
0.33999999999999997 0.93 0
0.35 0.93 0
0.36 0.93 0
0.37 0.93 0
0.38 0.93 0
0.39 0.93 0
0.4 0.93 0
0.41000000000000003 0.93 0
0.42000000000000004 0.93 0
0.43000000000000005 0.93 0
0.44000000000000006 0.93 0
0.45000000000000007 0.93 0
0.45999999999999996 0.93 0
0.47 0.93 0
0.48 0.93 0
0.49 0.93 0
-0.49 0.9400000000000001 0
-0.48 0.9400000000000001 0
-0.47 0.9400000000000001 0
-0.46 0.9400000000000001 0
-0.45 0.9400000000000001 0
-0.44 0.9400000000000001 0
-0.43 0.9400000000000001 0
-0.42 0.9400000000000001 0
-0.41000000000000003 0.9400000000000001 0
-0.4 0.9400000000000001 0
-0.39 0.9400000000000001 0
-0.38 0.9400000000000001 0
-0.37 0.9400000000000001 0
-0.36 0.9400000000000001 0
-0.35 0.9400000000000001 0
-0.33999999999999997 0.9400000000000001 0
-0.32999999999999996 0.9400000000000001 0
-0.32 0.9400000000000001 0
-0.31 0.9400000000000001 0
-0.3 0.9400000000000001 0
-0.29000000000000004 0.9400000000000001 0
-0.28 0.9400000000000001 0
-0.27 0.9400000000000001 0
-0.26 0.9400000000000001 0
-0.25 0.9400000000000001 0
-0.24 0.9400000000000001 0
-0.22999999999999998 0.9400000000000001 0
-0.21999999999999997 0.9400000000000001 0
-0.21000000000000002 0.9400000000000001 0
-0.2 0.9400000000000001 0
-0.19 0.9400000000000001 0
-0.18 0.9400000000000001 0
-0.16999999999999998 0.9400000000000001 0
-0.15999999999999998 0.9400000000000001 0
-0.14999999999999997 0.9400000000000001 0
-0.14 0.9400000000000001 0
-0.13 0.9400000000000001 0
-0.12 0.9400000000000001 0
-0.10999999999999999 0.9400000000000001 0
-0.09999999999999998 0.9400000000000001 0
-0.08999999999999997 0.9400000000000001 0
-0.08000000000000002 0.9400000000000001 0
-0.07 0.9400000000000001 0
-0.06 0.9400000000000001 0
-0.04999999999999999 0.9400000000000001 0
-0.03999999999999998 0.9400000000000001 0
-0.02999999999999997 0.9400000000000001 0
-0.020000000000000018 0.9400000000000001 0
-0.010000000000000009 0.9400000000000001 0
0 0.9400000000000001 0
0.010000000000000009 0.9400000000000001 0
0.020000000000000018 0.9400000000000001 0
0.030000000000000027 0.9400000000000001 0
0.040000000000000036 0.9400000000000001 0
0.050000000000000044 0.9400000000000001 0
0.06000000000000005 0.9400000000000001 0
0.07000000000000006 0.9400000000000001 0
0.07999999999999996 0.9400000000000001 0
0.08999999999999997 0.9400000000000001 0
0.09999999999999998 0.9400000000000001 0
0.10999999999999999 0.9400000000000001 0
0.12 0.9400000000000001 0
0.13 0.9400000000000001 0
0.14 0.9400000000000001 0
0.15000000000000002 0.9400000000000001 0
0.16000000000000003 0.9400000000000001 0
0.17000000000000004 0.9400000000000001 0
0.18000000000000005 0.9400000000000001 0
0.19000000000000006 0.9400000000000001 0
0.20000000000000007 0.9400000000000001 0
0.20999999999999996 0.9400000000000001 0
0.21999999999999997 0.9400000000000001 0
0.22999999999999998 0.9400000000000001 0
0.24 0.9400000000000001 0
0.25 0.9400000000000001 0
0.26 0.9400000000000001 0
0.27 0.9400000000000001 0
0.28 0.9400000000000001 0
0.29000000000000004 0.9400000000000001 0
0.30000000000000004 0.9400000000000001 0
0.31000000000000005 0.9400000000000001 0
0.32000000000000006 0.9400000000000001 0
0.33000000000000007 0.9400000000000001 0
0.33999999999999997 0.9400000000000001 0
0.35 0.9400000000000001 0
0.36 0.9400000000000001 0
0.37 0.9400000000000001 0
0.38 0.9400000000000001 0
0.39 0.9400000000000001 0
0.4 0.9400000000000001 0
0.41000000000000003 0.9400000000000001 0
0.42000000000000004 0.9400000000000001 0
0.43000000000000005 0.9400000000000001 0
0.44000000000000006 0.9400000000000001 0
0.45000000000000007 0.9400000000000001 0
0.45999999999999996 0.9400000000000001 0
0.47 0.9400000000000001 0
0.48 0.9400000000000001 0
0.49 0.9400000000000001 0
-0.49 0.9500000000000001 0
-0.48 0.9500000000000001 0
-0.47 0.9500000000000001 0
-0.46 0.9500000000000001 0
-0.45 0.9500000000000001 0
-0.44 0.9500000000000001 0
-0.43 0.9500000000000001 0
-0.42 0.9500000000000001 0
-0.41000000000000003 0.9500000000000001 0
-0.4 0.9500000000000001 0
-0.39 0.9500000000000001 0
-0.38 0.9500000000000001 0
-0.37 0.9500000000000001 0
-0.36 0.9500000000000001 0
-0.35 0.9500000000000001 0
-0.33999999999999997 0.9500000000000001 0
-0.32999999999999996 0.9500000000000001 0
-0.32 0.9500000000000001 0
-0.31 0.9500000000000001 0
-0.3 0.9500000000000001 0
-0.29000000000000004 0.9500000000000001 0
-0.28 0.9500000000000001 0
-0.27 0.9500000000000001 0
-0.26 0.9500000000000001 0
-0.25 0.9500000000000001 0
-0.24 0.9500000000000001 0
-0.22999999999999998 0.9500000000000001 0
-0.21999999999999997 0.9500000000000001 0
-0.21000000000000002 0.9500000000000001 0
-0.2 0.9500000000000001 0
-0.19 0.9500000000000001 0
-0.18 0.9500000000000001 0
-0.16999999999999998 0.9500000000000001 0
-0.15999999999999998 0.9500000000000001 0
-0.14999999999999997 0.9500000000000001 0
-0.14 0.9500000000000001 0
-0.13 0.9500000000000001 0
-0.12 0.9500000000000001 0
-0.10999999999999999 0.9500000000000001 0
-0.09999999999999998 0.9500000000000001 0
-0.08999999999999997 0.9500000000000001 0
-0.08000000000000002 0.9500000000000001 0
-0.07 0.9500000000000001 0
-0.06 0.9500000000000001 0
-0.04999999999999999 0.9500000000000001 0
-0.03999999999999998 0.9500000000000001 0
-0.02999999999999997 0.9500000000000001 0
-0.020000000000000018 0.9500000000000001 0
-0.010000000000000009 0.9500000000000001 0
0 0.9500000000000001 0
0.010000000000000009 0.9500000000000001 0
0.020000000000000018 0.9500000000000001 0
0.030000000000000027 0.9500000000000001 0
0.040000000000000036 0.9500000000000001 0
0.050000000000000044 0.9500000000000001 0
0.06000000000000005 0.9500000000000001 0
0.07000000000000006 0.9500000000000001 0
0.07999999999999996 0.9500000000000001 0
0.08999999999999997 0.9500000000000001 0
0.09999999999999998 0.9500000000000001 0
0.10999999999999999 0.9500000000000001 0
0.12 0.9500000000000001 0
0.13 0.9500000000000001 0
0.14 0.9500000000000001 0
0.15000000000000002 0.9500000000000001 0
0.16000000000000003 0.9500000000000001 0
0.17000000000000004 0.9500000000000001 0
0.18000000000000005 0.9500000000000001 0
0.19000000000000006 0.9500000000000001 0
0.20000000000000007 0.9500000000000001 0
0.20999999999999996 0.9500000000000001 0
0.21999999999999997 0.9500000000000001 0
0.22999999999999998 0.9500000000000001 0
0.24 0.9500000000000001 0
0.25 0.9500000000000001 0
0.26 0.9500000000000001 0
0.27 0.9500000000000001 0
0.28 0.9500000000000001 0
0.29000000000000004 0.9500000000000001 0
0.30000000000000004 0.9500000000000001 0
0.31000000000000005 0.9500000000000001 0
0.32000000000000006 0.9500000000000001 0
0.33000000000000007 0.9500000000000001 0
0.33999999999999997 0.9500000000000001 0
0.35 0.9500000000000001 0
0.36 0.9500000000000001 0
0.37 0.9500000000000001 0
0.38 0.9500000000000001 0
0.39 0.9500000000000001 0
0.4 0.9500000000000001 0
0.41000000000000003 0.9500000000000001 0
0.42000000000000004 0.9500000000000001 0
0.43000000000000005 0.9500000000000001 0
0.44000000000000006 0.9500000000000001 0
0.45000000000000007 0.9500000000000001 0
0.45999999999999996 0.9500000000000001 0
0.47 0.9500000000000001 0
0.48 0.9500000000000001 0
0.49 0.9500000000000001 0
-0.49 0.96 0
-0.48 0.96 0
-0.47 0.96 0
-0.46 0.96 0
-0.45 0.96 0
-0.44 0.96 0
-0.43 0.96 0
-0.42 0.96 0
-0.41000000000000003 0.96 0
-0.4 0.96 0
-0.39 0.96 0
-0.38 0.96 0
-0.37 0.96 0
-0.36 0.96 0
-0.35 0.96 0
-0.33999999999999997 0.96 0
-0.32999999999999996 0.96 0
-0.32 0.96 0
-0.31 0.96 0
-0.3 0.96 0
-0.29000000000000004 0.96 0
-0.28 0.96 0
-0.27 0.96 0
-0.26 0.96 0
-0.25 0.96 0
-0.24 0.96 0
-0.22999999999999998 0.96 0
-0.21999999999999997 0.96 0
-0.21000000000000002 0.96 0
-0.2 0.96 0
-0.19 0.96 0
-0.18 0.96 0
-0.16999999999999998 0.96 0
-0.15999999999999998 0.96 0
-0.14999999999999997 0.96 0
-0.14 0.96 0
-0.13 0.96 0
-0.12 0.96 0
-0.10999999999999999 0.96 0
-0.09999999999999998 0.96 0
-0.08999999999999997 0.96 0
-0.08000000000000002 0.96 0
-0.07 0.96 0
-0.06 0.96 0
-0.04999999999999999 0.96 0
-0.03999999999999998 0.96 0
-0.02999999999999997 0.96 0
-0.020000000000000018 0.96 0
-0.010000000000000009 0.96 0
0 0.96 0
0.010000000000000009 0.96 0
0.020000000000000018 0.96 0
0.030000000000000027 0.96 0
0.040000000000000036 0.96 0
0.050000000000000044 0.96 0
0.06000000000000005 0.96 0
0.07000000000000006 0.96 0
0.07999999999999996 0.96 0
0.08999999999999997 0.96 0
0.09999999999999998 0.96 0
0.10999999999999999 0.96 0
0.12 0.96 0
0.13 0.96 0
0.14 0.96 0
0.15000000000000002 0.96 0
0.16000000000000003 0.96 0
0.17000000000000004 0.96 0
0.18000000000000005 0.96 0
0.19000000000000006 0.96 0
0.20000000000000007 0.96 0
0.20999999999999996 0.96 0
0.21999999999999997 0.96 0
0.22999999999999998 0.96 0
0.24 0.96 0
0.25 0.96 0
0.26 0.96 0
0.27 0.96 0
0.28 0.96 0
0.29000000000000004 0.96 0
0.30000000000000004 0.96 0
0.31000000000000005 0.96 0
0.32000000000000006 0.96 0
0.33000000000000007 0.96 0
0.33999999999999997 0.96 0
0.35 0.96 0
0.36 0.96 0
0.37 0.96 0
0.38 0.96 0
0.39 0.96 0
0.4 0.96 0
0.41000000000000003 0.96 0
0.42000000000000004 0.96 0
0.43000000000000005 0.96 0
0.44000000000000006 0.96 0
0.45000000000000007 0.96 0
0.45999999999999996 0.96 0
0.47 0.96 0
0.48 0.96 0
0.49 0.96 0
-0.49 0.97 0
-0.48 0.97 0
-0.47 0.97 0
-0.46 0.97 0
-0.45 0.97 0
-0.44 0.97 0
-0.43 0.97 0
-0.42 0.97 0
-0.41000000000000003 0.97 0
-0.4 0.97 0
-0.39 0.97 0
-0.38 0.97 0
-0.37 0.97 0
-0.36 0.97 0
-0.35 0.97 0
-0.33999999999999997 0.97 0
-0.32999999999999996 0.97 0
-0.32 0.97 0
-0.31 0.97 0
-0.3 0.97 0
-0.29000000000000004 0.97 0
-0.28 0.97 0
-0.27 0.97 0
-0.26 0.97 0
-0.25 0.97 0
-0.24 0.97 0
-0.22999999999999998 0.97 0
-0.21999999999999997 0.97 0
-0.21000000000000002 0.97 0
-0.2 0.97 0
-0.19 0.97 0
-0.18 0.97 0
-0.16999999999999998 0.97 0
-0.15999999999999998 0.97 0
-0.14999999999999997 0.97 0
-0.14 0.97 0
-0.13 0.97 0
-0.12 0.97 0
-0.10999999999999999 0.97 0
-0.09999999999999998 0.97 0
-0.08999999999999997 0.97 0
-0.08000000000000002 0.97 0
-0.07 0.97 0
-0.06 0.97 0
-0.04999999999999999 0.97 0
-0.03999999999999998 0.97 0
-0.02999999999999997 0.97 0
-0.020000000000000018 0.97 0
-0.010000000000000009 0.97 0
0 0.97 0
0.010000000000000009 0.97 0
0.020000000000000018 0.97 0
0.030000000000000027 0.97 0
0.040000000000000036 0.97 0
0.050000000000000044 0.97 0
0.06000000000000005 0.97 0
0.07000000000000006 0.97 0
0.07999999999999996 0.97 0
0.08999999999999997 0.97 0
0.09999999999999998 0.97 0
0.10999999999999999 0.97 0
0.12 0.97 0
0.13 0.97 0
0.14 0.97 0
0.15000000000000002 0.97 0
0.16000000000000003 0.97 0
0.17000000000000004 0.97 0
0.18000000000000005 0.97 0
0.19000000000000006 0.97 0
0.20000000000000007 0.97 0
0.20999999999999996 0.97 0
0.21999999999999997 0.97 0
0.22999999999999998 0.97 0
0.24 0.97 0
0.25 0.97 0
0.26 0.97 0
0.27 0.97 0
0.28 0.97 0
0.29000000000000004 0.97 0
0.30000000000000004 0.97 0
0.31000000000000005 0.97 0
0.32000000000000006 0.97 0
0.33000000000000007 0.97 0
0.33999999999999997 0.97 0
0.35 0.97 0
0.36 0.97 0
0.37 0.97 0
0.38 0.97 0
0.39 0.97 0
0.4 0.97 0
0.41000000000000003 0.97 0
0.42000000000000004 0.97 0
0.43000000000000005 0.97 0
0.44000000000000006 0.97 0
0.45000000000000007 0.97 0
0.45999999999999996 0.97 0
0.47 0.97 0
0.48 0.97 0
0.49 0.97 0
-0.49 0.98 0
-0.48 0.98 0
-0.47 0.98 0
-0.46 0.98 0
-0.45 0.98 0
-0.44 0.98 0
-0.43 0.98 0
-0.42 0.98 0
-0.41000000000000003 0.98 0
-0.4 0.98 0
-0.39 0.98 0
-0.38 0.98 0
-0.37 0.98 0
-0.36 0.98 0
-0.35 0.98 0
-0.33999999999999997 0.98 0
-0.32999999999999996 0.98 0
-0.32 0.98 0
-0.31 0.98 0
-0.3 0.98 0
-0.29000000000000004 0.98 0
-0.28 0.98 0
-0.27 0.98 0
-0.26 0.98 0
-0.25 0.98 0
-0.24 0.98 0
-0.22999999999999998 0.98 0
-0.21999999999999997 0.98 0
-0.21000000000000002 0.98 0
-0.2 0.98 0
-0.19 0.98 0
-0.18 0.98 0
-0.16999999999999998 0.98 0
-0.15999999999999998 0.98 0
-0.14999999999999997 0.98 0
-0.14 0.98 0
-0.13 0.98 0
-0.12 0.98 0
-0.10999999999999999 0.98 0
-0.09999999999999998 0.98 0
-0.08999999999999997 0.98 0
-0.08000000000000002 0.98 0
-0.07 0.98 0
-0.06 0.98 0
-0.04999999999999999 0.98 0
-0.03999999999999998 0.98 0
-0.02999999999999997 0.98 0
-0.020000000000000018 0.98 0
-0.010000000000000009 0.98 0
0 0.98 0
0.010000000000000009 0.98 0
0.020000000000000018 0.98 0
0.030000000000000027 0.98 0
0.040000000000000036 0.98 0
0.050000000000000044 0.98 0
0.06000000000000005 0.98 0
0.07000000000000006 0.98 0
0.07999999999999996 0.98 0
0.08999999999999997 0.98 0
0.09999999999999998 0.98 0
0.10999999999999999 0.98 0
0.12 0.98 0
0.13 0.98 0
0.14 0.98 0
0.15000000000000002 0.98 0
0.16000000000000003 0.98 0
0.17000000000000004 0.98 0
0.18000000000000005 0.98 0
0.19000000000000006 0.98 0
0.20000000000000007 0.98 0
0.20999999999999996 0.98 0
0.21999999999999997 0.98 0
0.22999999999999998 0.98 0
0.24 0.98 0
0.25 0.98 0
0.26 0.98 0
0.27 0.98 0
0.28 0.98 0
0.29000000000000004 0.98 0
0.30000000000000004 0.98 0
0.31000000000000005 0.98 0
0.32000000000000006 0.98 0
0.33000000000000007 0.98 0
0.33999999999999997 0.98 0
0.35 0.98 0
0.36 0.98 0
0.37 0.98 0
0.38 0.98 0
0.39 0.98 0
0.4 0.98 0
0.41000000000000003 0.98 0
0.42000000000000004 0.98 0
0.43000000000000005 0.98 0
0.44000000000000006 0.98 0
0.45000000000000007 0.98 0
0.45999999999999996 0.98 0
0.47 0.98 0
0.48 0.98 0
0.49 0.98 0
-0.49 0.99 0
-0.48 0.99 0
-0.47 0.99 0
-0.46 0.99 0
-0.45 0.99 0
-0.44 0.99 0
-0.43 0.99 0
-0.42 0.99 0
-0.41000000000000003 0.99 0
-0.4 0.99 0
-0.39 0.99 0
-0.38 0.99 0
-0.37 0.99 0
-0.36 0.99 0
-0.35 0.99 0
-0.33999999999999997 0.99 0
-0.32999999999999996 0.99 0
-0.32 0.99 0
-0.31 0.99 0
-0.3 0.99 0
-0.29000000000000004 0.99 0
-0.28 0.99 0
-0.27 0.99 0
-0.26 0.99 0
-0.25 0.99 0
-0.24 0.99 0
-0.22999999999999998 0.99 0
-0.21999999999999997 0.99 0
-0.21000000000000002 0.99 0
-0.2 0.99 0
-0.19 0.99 0
-0.18 0.99 0
-0.16999999999999998 0.99 0
-0.15999999999999998 0.99 0
-0.14999999999999997 0.99 0
-0.14 0.99 0
-0.13 0.99 0
-0.12 0.99 0
-0.10999999999999999 0.99 0
-0.09999999999999998 0.99 0
-0.08999999999999997 0.99 0
-0.08000000000000002 0.99 0
-0.07 0.99 0
-0.06 0.99 0
-0.04999999999999999 0.99 0
-0.03999999999999998 0.99 0
-0.02999999999999997 0.99 0
-0.020000000000000018 0.99 0
-0.010000000000000009 0.99 0
0 0.99 0
0.010000000000000009 0.99 0
0.020000000000000018 0.99 0
0.030000000000000027 0.99 0
0.040000000000000036 0.99 0
0.050000000000000044 0.99 0
0.06000000000000005 0.99 0
0.07000000000000006 0.99 0
0.07999999999999996 0.99 0
0.08999999999999997 0.99 0
0.09999999999999998 0.99 0
0.10999999999999999 0.99 0
0.12 0.99 0
0.13 0.99 0
0.14 0.99 0
0.15000000000000002 0.99 0
0.16000000000000003 0.99 0
0.17000000000000004 0.99 0
0.18000000000000005 0.99 0
0.19000000000000006 0.99 0
0.20000000000000007 0.99 0
0.20999999999999996 0.99 0
0.21999999999999997 0.99 0
0.22999999999999998 0.99 0
0.24 0.99 0
0.25 0.99 0
0.26 0.99 0
0.27 0.99 0
0.28 0.99 0
0.29000000000000004 0.99 0
0.30000000000000004 0.99 0
0.31000000000000005 0.99 0
0.32000000000000006 0.99 0
0.33000000000000007 0.99 0
0.33999999999999997 0.99 0
0.35 0.99 0
0.36 0.99 0
0.37 0.99 0
0.38 0.99 0
0.39 0.99 0
0.4 0.99 0
0.41000000000000003 0.99 0
0.42000000000000004 0.99 0
0.43000000000000005 0.99 0
0.44000000000000006 0.99 0
0.45000000000000007 0.99 0
0.45999999999999996 0.99 0
0.47 0.99 0
0.48 0.99 0
0.49 0.99 0
-0.49 1 0
-0.48 1 0
-0.47 1 0
-0.46 1 0
-0.45 1 0
-0.44 1 0
-0.43 1 0
-0.42 1 0
-0.41000000000000003 1 0
-0.4 1 0
-0.39 1 0
-0.38 1 0
-0.37 1 0
-0.36 1 0
-0.35 1 0
-0.33999999999999997 1 0
-0.32999999999999996 1 0
-0.32 1 0
-0.31 1 0
-0.3 1 0
-0.29000000000000004 1 0
-0.28 1 0
-0.27 1 0
-0.26 1 0
-0.25 1 0
-0.24 1 0
-0.22999999999999998 1 0
-0.21999999999999997 1 0
-0.21000000000000002 1 0
-0.2 1 0
-0.19 1 0
-0.18 1 0
-0.16999999999999998 1 0
-0.15999999999999998 1 0
-0.14999999999999997 1 0
-0.14 1 0
-0.13 1 0
-0.12 1 0
-0.10999999999999999 1 0
-0.09999999999999998 1 0
-0.08999999999999997 1 0
-0.08000000000000002 1 0
-0.07 1 0
-0.06 1 0
-0.04999999999999999 1 0
-0.03999999999999998 1 0
-0.02999999999999997 1 0
-0.020000000000000018 1 0
-0.010000000000000009 1 0
0 1 0
0.010000000000000009 1 0
0.020000000000000018 1 0
0.030000000000000027 1 0
0.040000000000000036 1 0
0.050000000000000044 1 0
0.06000000000000005 1 0
0.07000000000000006 1 0
0.07999999999999996 1 0
0.08999999999999997 1 0
0.09999999999999998 1 0
0.10999999999999999 1 0
0.12 1 0
0.13 1 0
0.14 1 0
0.15000000000000002 1 0
0.16000000000000003 1 0
0.17000000000000004 1 0
0.18000000000000005 1 0
0.19000000000000006 1 0
0.20000000000000007 1 0
0.20999999999999996 1 0
0.21999999999999997 1 0
0.22999999999999998 1 0
0.24 1 0
0.25 1 0
0.26 1 0
0.27 1 0
0.28 1 0
0.29000000000000004 1 0
0.30000000000000004 1 0
0.31000000000000005 1 0
0.32000000000000006 1 0
0.33000000000000007 1 0
0.33999999999999997 1 0
0.35 1 0
0.36 1 0
0.37 1 0
0.38 1 0
0.39 1 0
0.4 1 0
0.41000000000000003 1 0
0.42000000000000004 1 0
0.43000000000000005 1 0
0.44000000000000006 1 0
0.45000000000000007 1 0
0.45999999999999996 1 0
0.47 1 0
0.48 1 0
0.49 1 0
-0.49 1.01 0
-0.48 1.01 0
-0.47 1.01 0
-0.46 1.01 0
-0.45 1.01 0
-0.44 1.01 0
-0.43 1.01 0
-0.42 1.01 0
-0.41000000000000003 1.01 0
-0.4 1.01 0
-0.39 1.01 0
-0.38 1.01 0
-0.37 1.01 0
-0.36 1.01 0
-0.35 1.01 0
-0.33999999999999997 1.01 0
-0.32999999999999996 1.01 0
-0.32 1.01 0
-0.31 1.01 0
-0.3 1.01 0
-0.29000000000000004 1.01 0
-0.28 1.01 0
-0.27 1.01 0
-0.26 1.01 0
-0.25 1.01 0
-0.24 1.01 0
-0.22999999999999998 1.01 0
-0.21999999999999997 1.01 0
-0.21000000000000002 1.01 0
-0.2 1.01 0
-0.19 1.01 0
-0.18 1.01 0
-0.16999999999999998 1.01 0
-0.15999999999999998 1.01 0
-0.14999999999999997 1.01 0
-0.14 1.01 0
-0.13 1.01 0
-0.12 1.01 0
-0.10999999999999999 1.01 0
-0.09999999999999998 1.01 0
-0.08999999999999997 1.01 0
-0.08000000000000002 1.01 0
-0.07 1.01 0
-0.06 1.01 0
-0.04999999999999999 1.01 0
-0.03999999999999998 1.01 0
-0.02999999999999997 1.01 0
-0.020000000000000018 1.01 0
-0.010000000000000009 1.01 0
0 1.01 0
0.010000000000000009 1.01 0
0.020000000000000018 1.01 0
0.030000000000000027 1.01 0
0.040000000000000036 1.01 0
0.050000000000000044 1.01 0
0.06000000000000005 1.01 0
0.07000000000000006 1.01 0
0.07999999999999996 1.01 0
0.08999999999999997 1.01 0
0.09999999999999998 1.01 0
0.10999999999999999 1.01 0
0.12 1.01 0
0.13 1.01 0
0.14 1.01 0
0.15000000000000002 1.01 0
0.16000000000000003 1.01 0
0.17000000000000004 1.01 0
0.18000000000000005 1.01 0
0.19000000000000006 1.01 0
0.20000000000000007 1.01 0
0.20999999999999996 1.01 0
0.21999999999999997 1.01 0
0.22999999999999998 1.01 0
0.24 1.01 0
0.25 1.01 0
0.26 1.01 0
0.27 1.01 0
0.28 1.01 0
0.29000000000000004 1.01 0
0.30000000000000004 1.01 0
0.31000000000000005 1.01 0
0.32000000000000006 1.01 0
0.33000000000000007 1.01 0
0.33999999999999997 1.01 0
0.35 1.01 0
0.36 1.01 0
0.37 1.01 0
0.38 1.01 0
0.39 1.01 0
0.4 1.01 0
0.41000000000000003 1.01 0
0.42000000000000004 1.01 0
0.43000000000000005 1.01 0
0.44000000000000006 1.01 0
0.45000000000000007 1.01 0
0.45999999999999996 1.01 0
0.47 1.01 0
0.48 1.01 0
0.49 1.01 0
-0.49 1.02 0
-0.48 1.02 0
-0.47 1.02 0
-0.46 1.02 0
-0.45 1.02 0
-0.44 1.02 0
-0.43 1.02 0
-0.42 1.02 0
-0.41000000000000003 1.02 0
-0.4 1.02 0
-0.39 1.02 0
-0.38 1.02 0
-0.37 1.02 0
-0.36 1.02 0
-0.35 1.02 0
-0.33999999999999997 1.02 0
-0.32999999999999996 1.02 0
-0.32 1.02 0
-0.31 1.02 0
-0.3 1.02 0
-0.29000000000000004 1.02 0
-0.28 1.02 0
-0.27 1.02 0
-0.26 1.02 0
-0.25 1.02 0
-0.24 1.02 0
-0.22999999999999998 1.02 0
-0.21999999999999997 1.02 0
-0.21000000000000002 1.02 0
-0.2 1.02 0
-0.19 1.02 0
-0.18 1.02 0
-0.16999999999999998 1.02 0
-0.15999999999999998 1.02 0
-0.14999999999999997 1.02 0
-0.14 1.02 0
-0.13 1.02 0
-0.12 1.02 0
-0.10999999999999999 1.02 0
-0.09999999999999998 1.02 0
-0.08999999999999997 1.02 0
-0.08000000000000002 1.02 0
-0.07 1.02 0
-0.06 1.02 0
-0.04999999999999999 1.02 0
-0.03999999999999998 1.02 0
-0.02999999999999997 1.02 0
-0.020000000000000018 1.02 0
-0.010000000000000009 1.02 0
0 1.02 0
0.010000000000000009 1.02 0
0.020000000000000018 1.02 0
0.030000000000000027 1.02 0
0.040000000000000036 1.02 0
0.050000000000000044 1.02 0
0.06000000000000005 1.02 0
0.07000000000000006 1.02 0
0.07999999999999996 1.02 0
0.08999999999999997 1.02 0
0.09999999999999998 1.02 0
0.10999999999999999 1.02 0
0.12 1.02 0
0.13 1.02 0
0.14 1.02 0
0.15000000000000002 1.02 0
0.16000000000000003 1.02 0
0.17000000000000004 1.02 0
0.18000000000000005 1.02 0
0.19000000000000006 1.02 0
0.20000000000000007 1.02 0
0.20999999999999996 1.02 0
0.21999999999999997 1.02 0
0.22999999999999998 1.02 0
0.24 1.02 0
0.25 1.02 0
0.26 1.02 0
0.27 1.02 0
0.28 1.02 0
0.29000000000000004 1.02 0
0.30000000000000004 1.02 0
0.31000000000000005 1.02 0
0.32000000000000006 1.02 0
0.33000000000000007 1.02 0
0.33999999999999997 1.02 0
0.35 1.02 0
0.36 1.02 0
0.37 1.02 0
0.38 1.02 0
0.39 1.02 0
0.4 1.02 0
0.41000000000000003 1.02 0
0.42000000000000004 1.02 0
0.43000000000000005 1.02 0
0.44000000000000006 1.02 0
0.45000000000000007 1.02 0
0.45999999999999996 1.02 0
0.47 1.02 0
0.48 1.02 0
0.49 1.02 0
-0.49 1.03 0
-0.48 1.03 0
-0.47 1.03 0
-0.46 1.03 0
-0.45 1.03 0
-0.44 1.03 0
-0.43 1.03 0
-0.42 1.03 0
-0.41000000000000003 1.03 0
-0.4 1.03 0
-0.39 1.03 0
-0.38 1.03 0
-0.37 1.03 0
-0.36 1.03 0
-0.35 1.03 0
-0.33999999999999997 1.03 0
-0.32999999999999996 1.03 0
-0.32 1.03 0
-0.31 1.03 0
-0.3 1.03 0
-0.29000000000000004 1.03 0
-0.28 1.03 0
-0.27 1.03 0
-0.26 1.03 0
-0.25 1.03 0
-0.24 1.03 0
-0.22999999999999998 1.03 0
-0.21999999999999997 1.03 0
-0.21000000000000002 1.03 0
-0.2 1.03 0
-0.19 1.03 0
-0.18 1.03 0
-0.16999999999999998 1.03 0
-0.15999999999999998 1.03 0
-0.14999999999999997 1.03 0
-0.14 1.03 0
-0.13 1.03 0
-0.12 1.03 0
-0.10999999999999999 1.03 0
-0.09999999999999998 1.03 0
-0.08999999999999997 1.03 0
-0.08000000000000002 1.03 0
-0.07 1.03 0
-0.06 1.03 0
-0.04999999999999999 1.03 0
-0.03999999999999998 1.03 0
-0.02999999999999997 1.03 0
-0.020000000000000018 1.03 0
-0.010000000000000009 1.03 0
0 1.03 0
0.010000000000000009 1.03 0
0.020000000000000018 1.03 0
0.030000000000000027 1.03 0
0.040000000000000036 1.03 0
0.050000000000000044 1.03 0
0.06000000000000005 1.03 0
0.07000000000000006 1.03 0
0.07999999999999996 1.03 0
0.08999999999999997 1.03 0
0.09999999999999998 1.03 0
0.10999999999999999 1.03 0
0.12 1.03 0
0.13 1.03 0
0.14 1.03 0
0.15000000000000002 1.03 0
0.16000000000000003 1.03 0
0.17000000000000004 1.03 0
0.18000000000000005 1.03 0
0.19000000000000006 1.03 0
0.20000000000000007 1.03 0
0.20999999999999996 1.03 0
0.21999999999999997 1.03 0
0.22999999999999998 1.03 0
0.24 1.03 0
0.25 1.03 0
0.26 1.03 0
0.27 1.03 0
0.28 1.03 0
0.29000000000000004 1.03 0
0.30000000000000004 1.03 0
0.31000000000000005 1.03 0
0.32000000000000006 1.03 0
0.33000000000000007 1.03 0
0.33999999999999997 1.03 0
0.35 1.03 0
0.36 1.03 0
0.37 1.03 0
0.38 1.03 0
0.39 1.03 0
0.4 1.03 0
0.41000000000000003 1.03 0
0.42000000000000004 1.03 0
0.43000000000000005 1.03 0
0.44000000000000006 1.03 0
0.45000000000000007 1.03 0
0.45999999999999996 1.03 0
0.47 1.03 0
0.48 1.03 0
0.49 1.03 0
-0.49 1.04 0
-0.48 1.04 0
-0.47 1.04 0
-0.46 1.04 0
-0.45 1.04 0
-0.44 1.04 0
-0.43 1.04 0
-0.42 1.04 0
-0.41000000000000003 1.04 0
-0.4 1.04 0
-0.39 1.04 0
-0.38 1.04 0
-0.37 1.04 0
-0.36 1.04 0
-0.35 1.04 0
-0.33999999999999997 1.04 0
-0.32999999999999996 1.04 0
-0.32 1.04 0
-0.31 1.04 0
-0.3 1.04 0
-0.29000000000000004 1.04 0
-0.28 1.04 0
-0.27 1.04 0
-0.26 1.04 0
-0.25 1.04 0
-0.24 1.04 0
-0.22999999999999998 1.04 0
-0.21999999999999997 1.04 0
-0.21000000000000002 1.04 0
-0.2 1.04 0
-0.19 1.04 0
-0.18 1.04 0
-0.16999999999999998 1.04 0
-0.15999999999999998 1.04 0
-0.14999999999999997 1.04 0
-0.14 1.04 0
-0.13 1.04 0
-0.12 1.04 0
-0.10999999999999999 1.04 0
-0.09999999999999998 1.04 0
-0.08999999999999997 1.04 0
-0.08000000000000002 1.04 0
-0.07 1.04 0
-0.06 1.04 0
-0.04999999999999999 1.04 0
-0.03999999999999998 1.04 0
-0.02999999999999997 1.04 0
-0.020000000000000018 1.04 0
-0.010000000000000009 1.04 0
0 1.04 0
0.010000000000000009 1.04 0
0.020000000000000018 1.04 0
0.030000000000000027 1.04 0
0.040000000000000036 1.04 0
0.050000000000000044 1.04 0
0.06000000000000005 1.04 0
0.07000000000000006 1.04 0
0.07999999999999996 1.04 0
0.08999999999999997 1.04 0
0.09999999999999998 1.04 0
0.10999999999999999 1.04 0
0.12 1.04 0
0.13 1.04 0
0.14 1.04 0
0.15000000000000002 1.04 0
0.16000000000000003 1.04 0
0.17000000000000004 1.04 0
0.18000000000000005 1.04 0
0.19000000000000006 1.04 0
0.20000000000000007 1.04 0
0.20999999999999996 1.04 0
0.21999999999999997 1.04 0
0.22999999999999998 1.04 0
0.24 1.04 0
0.25 1.04 0
0.26 1.04 0
0.27 1.04 0
0.28 1.04 0
0.29000000000000004 1.04 0
0.30000000000000004 1.04 0
0.31000000000000005 1.04 0
0.32000000000000006 1.04 0
0.33000000000000007 1.04 0
0.33999999999999997 1.04 0
0.35 1.04 0
0.36 1.04 0
0.37 1.04 0
0.38 1.04 0
0.39 1.04 0
0.4 1.04 0
0.41000000000000003 1.04 0
0.42000000000000004 1.04 0
0.43000000000000005 1.04 0
0.44000000000000006 1.04 0
0.45000000000000007 1.04 0
0.45999999999999996 1.04 0
0.47 1.04 0
0.48 1.04 0
0.49 1.04 0
-0.49 1.05 0
-0.48 1.05 0
-0.47 1.05 0
-0.46 1.05 0
-0.45 1.05 0
-0.44 1.05 0
-0.43 1.05 0
-0.42 1.05 0
-0.41000000000000003 1.05 0
-0.4 1.05 0
-0.39 1.05 0
-0.38 1.05 0
-0.37 1.05 0
-0.36 1.05 0
-0.35 1.05 0
-0.33999999999999997 1.05 0
-0.32999999999999996 1.05 0
-0.32 1.05 0
-0.31 1.05 0
-0.3 1.05 0
-0.29000000000000004 1.05 0
-0.28 1.05 0
-0.27 1.05 0
-0.26 1.05 0
-0.25 1.05 0
-0.24 1.05 0
-0.22999999999999998 1.05 0
-0.21999999999999997 1.05 0
-0.21000000000000002 1.05 0
-0.2 1.05 0
-0.19 1.05 0
-0.18 1.05 0
-0.16999999999999998 1.05 0
-0.15999999999999998 1.05 0
-0.14999999999999997 1.05 0
-0.14 1.05 0
-0.13 1.05 0
-0.12 1.05 0
-0.10999999999999999 1.05 0
-0.09999999999999998 1.05 0
-0.08999999999999997 1.05 0
-0.08000000000000002 1.05 0
-0.07 1.05 0
-0.06 1.05 0
-0.04999999999999999 1.05 0
-0.03999999999999998 1.05 0
-0.02999999999999997 1.05 0
-0.020000000000000018 1.05 0
-0.010000000000000009 1.05 0
0 1.05 0
0.010000000000000009 1.05 0
0.020000000000000018 1.05 0
0.030000000000000027 1.05 0
0.040000000000000036 1.05 0
0.050000000000000044 1.05 0
0.06000000000000005 1.05 0
0.07000000000000006 1.05 0
0.07999999999999996 1.05 0
0.08999999999999997 1.05 0
0.09999999999999998 1.05 0
0.10999999999999999 1.05 0
0.12 1.05 0
0.13 1.05 0
0.14 1.05 0
0.15000000000000002 1.05 0
0.16000000000000003 1.05 0
0.17000000000000004 1.05 0
0.18000000000000005 1.05 0
0.19000000000000006 1.05 0
0.20000000000000007 1.05 0
0.20999999999999996 1.05 0
0.21999999999999997 1.05 0
0.22999999999999998 1.05 0
0.24 1.05 0
0.25 1.05 0
0.26 1.05 0
0.27 1.05 0
0.28 1.05 0
0.29000000000000004 1.05 0
0.30000000000000004 1.05 0
0.31000000000000005 1.05 0
0.32000000000000006 1.05 0
0.33000000000000007 1.05 0
0.33999999999999997 1.05 0
0.35 1.05 0
0.36 1.05 0
0.37 1.05 0
0.38 1.05 0
0.39 1.05 0
0.4 1.05 0
0.41000000000000003 1.05 0
0.42000000000000004 1.05 0
0.43000000000000005 1.05 0
0.44000000000000006 1.05 0
0.45000000000000007 1.05 0
0.45999999999999996 1.05 0
0.47 1.05 0
0.48 1.05 0
0.49 1.05 0
-0.49 1.06 0
-0.48 1.06 0
-0.47 1.06 0
-0.46 1.06 0
-0.45 1.06 0
-0.44 1.06 0
-0.43 1.06 0
-0.42 1.06 0
-0.41000000000000003 1.06 0
-0.4 1.06 0
-0.39 1.06 0
-0.38 1.06 0
-0.37 1.06 0
-0.36 1.06 0
-0.35 1.06 0
-0.33999999999999997 1.06 0
-0.32999999999999996 1.06 0
-0.32 1.06 0
-0.31 1.06 0
-0.3 1.06 0
-0.29000000000000004 1.06 0
-0.28 1.06 0
-0.27 1.06 0
-0.26 1.06 0
-0.25 1.06 0
-0.24 1.06 0
-0.22999999999999998 1.06 0
-0.21999999999999997 1.06 0
-0.21000000000000002 1.06 0
-0.2 1.06 0
-0.19 1.06 0
-0.18 1.06 0
-0.16999999999999998 1.06 0
-0.15999999999999998 1.06 0
-0.14999999999999997 1.06 0
-0.14 1.06 0
-0.13 1.06 0
-0.12 1.06 0
-0.10999999999999999 1.06 0
-0.09999999999999998 1.06 0
-0.08999999999999997 1.06 0
-0.08000000000000002 1.06 0
-0.07 1.06 0
-0.06 1.06 0
-0.04999999999999999 1.06 0
-0.03999999999999998 1.06 0
-0.02999999999999997 1.06 0
-0.020000000000000018 1.06 0
-0.010000000000000009 1.06 0
0 1.06 0
0.010000000000000009 1.06 0
0.020000000000000018 1.06 0
0.030000000000000027 1.06 0
0.040000000000000036 1.06 0
0.050000000000000044 1.06 0
0.06000000000000005 1.06 0
0.07000000000000006 1.06 0
0.07999999999999996 1.06 0
0.08999999999999997 1.06 0
0.09999999999999998 1.06 0
0.10999999999999999 1.06 0
0.12 1.06 0
0.13 1.06 0
0.14 1.06 0
0.15000000000000002 1.06 0
0.16000000000000003 1.06 0
0.17000000000000004 1.06 0
0.18000000000000005 1.06 0
0.19000000000000006 1.06 0
0.20000000000000007 1.06 0
0.20999999999999996 1.06 0
0.21999999999999997 1.06 0
0.22999999999999998 1.06 0
0.24 1.06 0
0.25 1.06 0
0.26 1.06 0
0.27 1.06 0
0.28 1.06 0
0.29000000000000004 1.06 0
0.30000000000000004 1.06 0
0.31000000000000005 1.06 0
0.32000000000000006 1.06 0
0.33000000000000007 1.06 0
0.33999999999999997 1.06 0
0.35 1.06 0
0.36 1.06 0
0.37 1.06 0
0.38 1.06 0
0.39 1.06 0
0.4 1.06 0
0.41000000000000003 1.06 0
0.42000000000000004 1.06 0
0.43000000000000005 1.06 0
0.44000000000000006 1.06 0
0.45000000000000007 1.06 0
0.45999999999999996 1.06 0
0.47 1.06 0
0.48 1.06 0
0.49 1.06 0
-0.49 1.07 0
-0.48 1.07 0
-0.47 1.07 0
-0.46 1.07 0
-0.45 1.07 0
-0.44 1.07 0
-0.43 1.07 0
-0.42 1.07 0
-0.41000000000000003 1.07 0
-0.4 1.07 0
-0.39 1.07 0
-0.38 1.07 0
-0.37 1.07 0
-0.36 1.07 0
-0.35 1.07 0
-0.33999999999999997 1.07 0
-0.32999999999999996 1.07 0
-0.32 1.07 0
-0.31 1.07 0
-0.3 1.07 0
-0.29000000000000004 1.07 0
-0.28 1.07 0
-0.27 1.07 0
-0.26 1.07 0
-0.25 1.07 0
-0.24 1.07 0
-0.22999999999999998 1.07 0
-0.21999999999999997 1.07 0
-0.21000000000000002 1.07 0
-0.2 1.07 0
-0.19 1.07 0
-0.18 1.07 0
-0.16999999999999998 1.07 0
-0.15999999999999998 1.07 0
-0.14999999999999997 1.07 0
-0.14 1.07 0
-0.13 1.07 0
-0.12 1.07 0
-0.10999999999999999 1.07 0
-0.09999999999999998 1.07 0
-0.08999999999999997 1.07 0
-0.08000000000000002 1.07 0
-0.07 1.07 0
-0.06 1.07 0
-0.04999999999999999 1.07 0
-0.03999999999999998 1.07 0
-0.02999999999999997 1.07 0
-0.020000000000000018 1.07 0
-0.010000000000000009 1.07 0
0 1.07 0
0.010000000000000009 1.07 0
0.020000000000000018 1.07 0
0.030000000000000027 1.07 0
0.040000000000000036 1.07 0
0.050000000000000044 1.07 0
0.06000000000000005 1.07 0
0.07000000000000006 1.07 0
0.07999999999999996 1.07 0
0.08999999999999997 1.07 0
0.09999999999999998 1.07 0
0.10999999999999999 1.07 0
0.12 1.07 0
0.13 1.07 0
0.14 1.07 0
0.15000000000000002 1.07 0
0.16000000000000003 1.07 0
0.17000000000000004 1.07 0
0.18000000000000005 1.07 0
0.19000000000000006 1.07 0
0.20000000000000007 1.07 0
0.20999999999999996 1.07 0
0.21999999999999997 1.07 0
0.22999999999999998 1.07 0
0.24 1.07 0
0.25 1.07 0
0.26 1.07 0
0.27 1.07 0
0.28 1.07 0
0.29000000000000004 1.07 0
0.30000000000000004 1.07 0
0.31000000000000005 1.07 0
0.32000000000000006 1.07 0
0.33000000000000007 1.07 0
0.33999999999999997 1.07 0
0.35 1.07 0
0.36 1.07 0
0.37 1.07 0
0.38 1.07 0
0.39 1.07 0
0.4 1.07 0
0.41000000000000003 1.07 0
0.42000000000000004 1.07 0
0.43000000000000005 1.07 0
0.44000000000000006 1.07 0
0.45000000000000007 1.07 0
0.45999999999999996 1.07 0
0.47 1.07 0
0.48 1.07 0
0.49 1.07 0
-0.49 1.08 0
-0.48 1.08 0
-0.47 1.08 0
-0.46 1.08 0
-0.45 1.08 0
-0.44 1.08 0
-0.43 1.08 0
-0.42 1.08 0
-0.41000000000000003 1.08 0
-0.4 1.08 0
-0.39 1.08 0
-0.38 1.08 0
-0.37 1.08 0
-0.36 1.08 0
-0.35 1.08 0
-0.33999999999999997 1.08 0
-0.32999999999999996 1.08 0
-0.32 1.08 0
-0.31 1.08 0
-0.3 1.08 0
-0.29000000000000004 1.08 0
-0.28 1.08 0
-0.27 1.08 0
-0.26 1.08 0
-0.25 1.08 0
-0.24 1.08 0
-0.22999999999999998 1.08 0
-0.21999999999999997 1.08 0
-0.21000000000000002 1.08 0
-0.2 1.08 0
-0.19 1.08 0
-0.18 1.08 0
-0.16999999999999998 1.08 0
-0.15999999999999998 1.08 0
-0.14999999999999997 1.08 0
-0.14 1.08 0
-0.13 1.08 0
-0.12 1.08 0
-0.10999999999999999 1.08 0
-0.09999999999999998 1.08 0
-0.08999999999999997 1.08 0
-0.08000000000000002 1.08 0
-0.07 1.08 0
-0.06 1.08 0
-0.04999999999999999 1.08 0
-0.03999999999999998 1.08 0
-0.02999999999999997 1.08 0
-0.020000000000000018 1.08 0
-0.010000000000000009 1.08 0
0 1.08 0
0.010000000000000009 1.08 0
0.020000000000000018 1.08 0
0.030000000000000027 1.08 0
0.040000000000000036 1.08 0
0.050000000000000044 1.08 0
0.06000000000000005 1.08 0
0.07000000000000006 1.08 0
0.07999999999999996 1.08 0
0.08999999999999997 1.08 0
0.09999999999999998 1.08 0
0.10999999999999999 1.08 0
0.12 1.08 0
0.13 1.08 0
0.14 1.08 0
0.15000000000000002 1.08 0
0.16000000000000003 1.08 0
0.17000000000000004 1.08 0
0.18000000000000005 1.08 0
0.19000000000000006 1.08 0
0.20000000000000007 1.08 0
0.20999999999999996 1.08 0
0.21999999999999997 1.08 0
0.22999999999999998 1.08 0
0.24 1.08 0
0.25 1.08 0
0.26 1.08 0
0.27 1.08 0
0.28 1.08 0
0.29000000000000004 1.08 0
0.30000000000000004 1.08 0
0.31000000000000005 1.08 0
0.32000000000000006 1.08 0
0.33000000000000007 1.08 0
0.33999999999999997 1.08 0
0.35 1.08 0
0.36 1.08 0
0.37 1.08 0
0.38 1.08 0
0.39 1.08 0
0.4 1.08 0
0.41000000000000003 1.08 0
0.42000000000000004 1.08 0
0.43000000000000005 1.08 0
0.44000000000000006 1.08 0
0.45000000000000007 1.08 0
0.45999999999999996 1.08 0
0.47 1.08 0
0.48 1.08 0
0.49 1.08 0
-0.49 1.09 0
-0.48 1.09 0
-0.47 1.09 0
-0.46 1.09 0
-0.45 1.09 0
-0.44 1.09 0
-0.43 1.09 0
-0.42 1.09 0
-0.41000000000000003 1.09 0
-0.4 1.09 0
-0.39 1.09 0
-0.38 1.09 0
-0.37 1.09 0
-0.36 1.09 0
-0.35 1.09 0
-0.33999999999999997 1.09 0
-0.32999999999999996 1.09 0
-0.32 1.09 0
-0.31 1.09 0
-0.3 1.09 0
-0.29000000000000004 1.09 0
-0.28 1.09 0
-0.27 1.09 0
-0.26 1.09 0
-0.25 1.09 0
-0.24 1.09 0
-0.22999999999999998 1.09 0
-0.21999999999999997 1.09 0
-0.21000000000000002 1.09 0
-0.2 1.09 0
-0.19 1.09 0
-0.18 1.09 0
-0.16999999999999998 1.09 0
-0.15999999999999998 1.09 0
-0.14999999999999997 1.09 0
-0.14 1.09 0
-0.13 1.09 0
-0.12 1.09 0
-0.10999999999999999 1.09 0
-0.09999999999999998 1.09 0
-0.08999999999999997 1.09 0
-0.08000000000000002 1.09 0
-0.07 1.09 0
-0.06 1.09 0
-0.04999999999999999 1.09 0
-0.03999999999999998 1.09 0
-0.02999999999999997 1.09 0
-0.020000000000000018 1.09 0
-0.010000000000000009 1.09 0
0 1.09 0
0.010000000000000009 1.09 0
0.020000000000000018 1.09 0
0.030000000000000027 1.09 0
0.040000000000000036 1.09 0
0.050000000000000044 1.09 0
0.06000000000000005 1.09 0
0.07000000000000006 1.09 0
0.07999999999999996 1.09 0
0.08999999999999997 1.09 0
0.09999999999999998 1.09 0
0.10999999999999999 1.09 0
0.12 1.09 0
0.13 1.09 0
0.14 1.09 0
0.15000000000000002 1.09 0
0.16000000000000003 1.09 0
0.17000000000000004 1.09 0
0.18000000000000005 1.09 0
0.19000000000000006 1.09 0
0.20000000000000007 1.09 0
0.20999999999999996 1.09 0
0.21999999999999997 1.09 0
0.22999999999999998 1.09 0
0.24 1.09 0
0.25 1.09 0
0.26 1.09 0
0.27 1.09 0
0.28 1.09 0
0.29000000000000004 1.09 0
0.30000000000000004 1.09 0
0.31000000000000005 1.09 0
0.32000000000000006 1.09 0
0.33000000000000007 1.09 0
0.33999999999999997 1.09 0
0.35 1.09 0
0.36 1.09 0
0.37 1.09 0
0.38 1.09 0
0.39 1.09 0
0.4 1.09 0
0.41000000000000003 1.09 0
0.42000000000000004 1.09 0
0.43000000000000005 1.09 0
0.44000000000000006 1.09 0
0.45000000000000007 1.09 0
0.45999999999999996 1.09 0
0.47 1.09 0
0.48 1.09 0
0.49 1.09 0
-0.49 1.1 0
-0.48 1.1 0
-0.47 1.1 0
-0.46 1.1 0
-0.45 1.1 0
-0.44 1.1 0
-0.43 1.1 0
-0.42 1.1 0
-0.41000000000000003 1.1 0
-0.4 1.1 0
-0.39 1.1 0
-0.38 1.1 0
-0.37 1.1 0
-0.36 1.1 0
-0.35 1.1 0
-0.33999999999999997 1.1 0
-0.32999999999999996 1.1 0
-0.32 1.1 0
-0.31 1.1 0
-0.3 1.1 0
-0.29000000000000004 1.1 0
-0.28 1.1 0
-0.27 1.1 0
-0.26 1.1 0
-0.25 1.1 0
-0.24 1.1 0
-0.22999999999999998 1.1 0
-0.21999999999999997 1.1 0
-0.21000000000000002 1.1 0
-0.2 1.1 0
-0.19 1.1 0
-0.18 1.1 0
-0.16999999999999998 1.1 0
-0.15999999999999998 1.1 0
-0.14999999999999997 1.1 0
-0.14 1.1 0
-0.13 1.1 0
-0.12 1.1 0
-0.10999999999999999 1.1 0
-0.09999999999999998 1.1 0
-0.08999999999999997 1.1 0
-0.08000000000000002 1.1 0
-0.07 1.1 0
-0.06 1.1 0
-0.04999999999999999 1.1 0
-0.03999999999999998 1.1 0
-0.02999999999999997 1.1 0
-0.020000000000000018 1.1 0
-0.010000000000000009 1.1 0
0 1.1 0
0.010000000000000009 1.1 0
0.020000000000000018 1.1 0
0.030000000000000027 1.1 0
0.040000000000000036 1.1 0
0.050000000000000044 1.1 0
0.06000000000000005 1.1 0
0.07000000000000006 1.1 0
0.07999999999999996 1.1 0
0.08999999999999997 1.1 0
0.09999999999999998 1.1 0
0.10999999999999999 1.1 0
0.12 1.1 0
0.13 1.1 0
0.14 1.1 0
0.15000000000000002 1.1 0
0.16000000000000003 1.1 0
0.17000000000000004 1.1 0
0.18000000000000005 1.1 0
0.19000000000000006 1.1 0
0.20000000000000007 1.1 0
0.20999999999999996 1.1 0
0.21999999999999997 1.1 0
0.22999999999999998 1.1 0
0.24 1.1 0
0.25 1.1 0
0.26 1.1 0
0.27 1.1 0
0.28 1.1 0
0.29000000000000004 1.1 0
0.30000000000000004 1.1 0
0.31000000000000005 1.1 0
0.32000000000000006 1.1 0
0.33000000000000007 1.1 0
0.33999999999999997 1.1 0
0.35 1.1 0
0.36 1.1 0
0.37 1.1 0
0.38 1.1 0
0.39 1.1 0
0.4 1.1 0
0.41000000000000003 1.1 0
0.42000000000000004 1.1 0
0.43000000000000005 1.1 0
0.44000000000000006 1.1 0
0.45000000000000007 1.1 0
0.45999999999999996 1.1 0
0.47 1.1 0
0.48 1.1 0
0.49 1.1 0
-0.49 1.11 0
-0.48 1.11 0
-0.47 1.11 0
-0.46 1.11 0
-0.45 1.11 0
-0.44 1.11 0
-0.43 1.11 0
-0.42 1.11 0
-0.41000000000000003 1.11 0
-0.4 1.11 0
-0.39 1.11 0
-0.38 1.11 0
-0.37 1.11 0
-0.36 1.11 0
-0.35 1.11 0
-0.33999999999999997 1.11 0
-0.32999999999999996 1.11 0
-0.32 1.11 0
-0.31 1.11 0
-0.3 1.11 0
-0.29000000000000004 1.11 0
-0.28 1.11 0
-0.27 1.11 0
-0.26 1.11 0
-0.25 1.11 0
-0.24 1.11 0
-0.22999999999999998 1.11 0
-0.21999999999999997 1.11 0
-0.21000000000000002 1.11 0
-0.2 1.11 0
-0.19 1.11 0
-0.18 1.11 0
-0.16999999999999998 1.11 0
-0.15999999999999998 1.11 0
-0.14999999999999997 1.11 0
-0.14 1.11 0
-0.13 1.11 0
-0.12 1.11 0
-0.10999999999999999 1.11 0
-0.09999999999999998 1.11 0
-0.08999999999999997 1.11 0
-0.08000000000000002 1.11 0
-0.07 1.11 0
-0.06 1.11 0
-0.04999999999999999 1.11 0
-0.03999999999999998 1.11 0
-0.02999999999999997 1.11 0
-0.020000000000000018 1.11 0
-0.010000000000000009 1.11 0
0 1.11 0
0.010000000000000009 1.11 0
0.020000000000000018 1.11 0
0.030000000000000027 1.11 0
0.040000000000000036 1.11 0
0.050000000000000044 1.11 0
0.06000000000000005 1.11 0
0.07000000000000006 1.11 0
0.07999999999999996 1.11 0
0.08999999999999997 1.11 0
0.09999999999999998 1.11 0
0.10999999999999999 1.11 0
0.12 1.11 0
0.13 1.11 0
0.14 1.11 0
0.15000000000000002 1.11 0
0.16000000000000003 1.11 0
0.17000000000000004 1.11 0
0.18000000000000005 1.11 0
0.19000000000000006 1.11 0
0.20000000000000007 1.11 0
0.20999999999999996 1.11 0
0.21999999999999997 1.11 0
0.22999999999999998 1.11 0
0.24 1.11 0
0.25 1.11 0
0.26 1.11 0
0.27 1.11 0
0.28 1.11 0
0.29000000000000004 1.11 0
0.30000000000000004 1.11 0
0.31000000000000005 1.11 0
0.32000000000000006 1.11 0
0.33000000000000007 1.11 0
0.33999999999999997 1.11 0
0.35 1.11 0
0.36 1.11 0
0.37 1.11 0
0.38 1.11 0
0.39 1.11 0
0.4 1.11 0
0.41000000000000003 1.11 0
0.42000000000000004 1.11 0
0.43000000000000005 1.11 0
0.44000000000000006 1.11 0
0.45000000000000007 1.11 0
0.45999999999999996 1.11 0
0.47 1.11 0
0.48 1.11 0
0.49 1.11 0
-0.49 1.12 0
-0.48 1.12 0
-0.47 1.12 0
-0.46 1.12 0
-0.45 1.12 0
-0.44 1.12 0
-0.43 1.12 0
-0.42 1.12 0
-0.41000000000000003 1.12 0
-0.4 1.12 0
-0.39 1.12 0
-0.38 1.12 0
-0.37 1.12 0
-0.36 1.12 0
-0.35 1.12 0
-0.33999999999999997 1.12 0
-0.32999999999999996 1.12 0
-0.32 1.12 0
-0.31 1.12 0
-0.3 1.12 0
-0.29000000000000004 1.12 0
-0.28 1.12 0
-0.27 1.12 0
-0.26 1.12 0
-0.25 1.12 0
-0.24 1.12 0
-0.22999999999999998 1.12 0
-0.21999999999999997 1.12 0
-0.21000000000000002 1.12 0
-0.2 1.12 0
-0.19 1.12 0
-0.18 1.12 0
-0.16999999999999998 1.12 0
-0.15999999999999998 1.12 0
-0.14999999999999997 1.12 0
-0.14 1.12 0
-0.13 1.12 0
-0.12 1.12 0
-0.10999999999999999 1.12 0
-0.09999999999999998 1.12 0
-0.08999999999999997 1.12 0
-0.08000000000000002 1.12 0
-0.07 1.12 0
-0.06 1.12 0
-0.04999999999999999 1.12 0
-0.03999999999999998 1.12 0
-0.02999999999999997 1.12 0
-0.020000000000000018 1.12 0
-0.010000000000000009 1.12 0
0 1.12 0
0.010000000000000009 1.12 0
0.020000000000000018 1.12 0
0.030000000000000027 1.12 0
0.040000000000000036 1.12 0
0.050000000000000044 1.12 0
0.06000000000000005 1.12 0
0.07000000000000006 1.12 0
0.07999999999999996 1.12 0
0.08999999999999997 1.12 0
0.09999999999999998 1.12 0
0.10999999999999999 1.12 0
0.12 1.12 0
0.13 1.12 0
0.14 1.12 0
0.15000000000000002 1.12 0
0.16000000000000003 1.12 0
0.17000000000000004 1.12 0
0.18000000000000005 1.12 0
0.19000000000000006 1.12 0
0.20000000000000007 1.12 0
0.20999999999999996 1.12 0
0.21999999999999997 1.12 0
0.22999999999999998 1.12 0
0.24 1.12 0
0.25 1.12 0
0.26 1.12 0
0.27 1.12 0
0.28 1.12 0
0.29000000000000004 1.12 0
0.30000000000000004 1.12 0
0.31000000000000005 1.12 0
0.32000000000000006 1.12 0
0.33000000000000007 1.12 0
0.33999999999999997 1.12 0
0.35 1.12 0
0.36 1.12 0
0.37 1.12 0
0.38 1.12 0
0.39 1.12 0
0.4 1.12 0
0.41000000000000003 1.12 0
0.42000000000000004 1.12 0
0.43000000000000005 1.12 0
0.44000000000000006 1.12 0
0.45000000000000007 1.12 0
0.45999999999999996 1.12 0
0.47 1.12 0
0.48 1.12 0
0.49 1.12 0
-0.49 1.1300000000000001 0
-0.48 1.1300000000000001 0
-0.47 1.1300000000000001 0
-0.46 1.1300000000000001 0
-0.45 1.1300000000000001 0
-0.44 1.1300000000000001 0
-0.43 1.1300000000000001 0
-0.42 1.1300000000000001 0
-0.41000000000000003 1.1300000000000001 0
-0.4 1.1300000000000001 0
-0.39 1.1300000000000001 0
-0.38 1.1300000000000001 0
-0.37 1.1300000000000001 0
-0.36 1.1300000000000001 0
-0.35 1.1300000000000001 0
-0.33999999999999997 1.1300000000000001 0
-0.32999999999999996 1.1300000000000001 0
-0.32 1.1300000000000001 0
-0.31 1.1300000000000001 0
-0.3 1.1300000000000001 0
-0.29000000000000004 1.1300000000000001 0
-0.28 1.1300000000000001 0
-0.27 1.1300000000000001 0
-0.26 1.1300000000000001 0
-0.25 1.1300000000000001 0
-0.24 1.1300000000000001 0
-0.22999999999999998 1.1300000000000001 0
-0.21999999999999997 1.1300000000000001 0
-0.21000000000000002 1.1300000000000001 0
-0.2 1.1300000000000001 0
-0.19 1.1300000000000001 0
-0.18 1.1300000000000001 0
-0.16999999999999998 1.1300000000000001 0
-0.15999999999999998 1.1300000000000001 0
-0.14999999999999997 1.1300000000000001 0
-0.14 1.1300000000000001 0
-0.13 1.1300000000000001 0
-0.12 1.1300000000000001 0
-0.10999999999999999 1.1300000000000001 0
-0.09999999999999998 1.1300000000000001 0
-0.08999999999999997 1.1300000000000001 0
-0.08000000000000002 1.1300000000000001 0
-0.07 1.1300000000000001 0
-0.06 1.1300000000000001 0
-0.04999999999999999 1.1300000000000001 0
-0.03999999999999998 1.1300000000000001 0
-0.02999999999999997 1.1300000000000001 0
-0.020000000000000018 1.1300000000000001 0
-0.010000000000000009 1.1300000000000001 0
0 1.1300000000000001 0
0.010000000000000009 1.1300000000000001 0
0.020000000000000018 1.1300000000000001 0
0.030000000000000027 1.1300000000000001 0
0.040000000000000036 1.1300000000000001 0
0.050000000000000044 1.1300000000000001 0
0.06000000000000005 1.1300000000000001 0
0.07000000000000006 1.1300000000000001 0
0.07999999999999996 1.1300000000000001 0
0.08999999999999997 1.1300000000000001 0
0.09999999999999998 1.1300000000000001 0
0.10999999999999999 1.1300000000000001 0
0.12 1.1300000000000001 0
0.13 1.1300000000000001 0
0.14 1.1300000000000001 0
0.15000000000000002 1.1300000000000001 0
0.16000000000000003 1.1300000000000001 0
0.17000000000000004 1.1300000000000001 0
0.18000000000000005 1.1300000000000001 0
0.19000000000000006 1.1300000000000001 0
0.20000000000000007 1.1300000000000001 0
0.20999999999999996 1.1300000000000001 0
0.21999999999999997 1.1300000000000001 0
0.22999999999999998 1.1300000000000001 0
0.24 1.1300000000000001 0
0.25 1.1300000000000001 0
0.26 1.1300000000000001 0
0.27 1.1300000000000001 0
0.28 1.1300000000000001 0
0.29000000000000004 1.1300000000000001 0
0.30000000000000004 1.1300000000000001 0
0.31000000000000005 1.1300000000000001 0
0.32000000000000006 1.1300000000000001 0
0.33000000000000007 1.1300000000000001 0
0.33999999999999997 1.1300000000000001 0
0.35 1.1300000000000001 0
0.36 1.1300000000000001 0
0.37 1.1300000000000001 0
0.38 1.1300000000000001 0
0.39 1.1300000000000001 0
0.4 1.1300000000000001 0
0.41000000000000003 1.1300000000000001 0
0.42000000000000004 1.1300000000000001 0
0.43000000000000005 1.1300000000000001 0
0.44000000000000006 1.1300000000000001 0
0.45000000000000007 1.1300000000000001 0
0.45999999999999996 1.1300000000000001 0
0.47 1.1300000000000001 0
0.48 1.1300000000000001 0
0.49 1.1300000000000001 0
-0.49 1.1400000000000001 0
-0.48 1.1400000000000001 0
-0.47 1.1400000000000001 0
-0.46 1.1400000000000001 0
-0.45 1.1400000000000001 0
-0.44 1.1400000000000001 0
-0.43 1.1400000000000001 0
-0.42 1.1400000000000001 0
-0.41000000000000003 1.1400000000000001 0
-0.4 1.1400000000000001 0
-0.39 1.1400000000000001 0
-0.38 1.1400000000000001 0
-0.37 1.1400000000000001 0
-0.36 1.1400000000000001 0
-0.35 1.1400000000000001 0
-0.33999999999999997 1.1400000000000001 0
-0.32999999999999996 1.1400000000000001 0
-0.32 1.1400000000000001 0
-0.31 1.1400000000000001 0
-0.3 1.1400000000000001 0
-0.29000000000000004 1.1400000000000001 0
-0.28 1.1400000000000001 0
-0.27 1.1400000000000001 0
-0.26 1.1400000000000001 0
-0.25 1.1400000000000001 0
-0.24 1.1400000000000001 0
-0.22999999999999998 1.1400000000000001 0
-0.21999999999999997 1.1400000000000001 0
-0.21000000000000002 1.1400000000000001 0
-0.2 1.1400000000000001 0
-0.19 1.1400000000000001 0
-0.18 1.1400000000000001 0
-0.16999999999999998 1.1400000000000001 0
-0.15999999999999998 1.1400000000000001 0
-0.14999999999999997 1.1400000000000001 0
-0.14 1.1400000000000001 0
-0.13 1.1400000000000001 0
-0.12 1.1400000000000001 0
-0.10999999999999999 1.1400000000000001 0
-0.09999999999999998 1.1400000000000001 0
-0.08999999999999997 1.1400000000000001 0
-0.08000000000000002 1.1400000000000001 0
-0.07 1.1400000000000001 0
-0.06 1.1400000000000001 0
-0.04999999999999999 1.1400000000000001 0
-0.03999999999999998 1.1400000000000001 0
-0.02999999999999997 1.1400000000000001 0
-0.020000000000000018 1.1400000000000001 0
-0.010000000000000009 1.1400000000000001 0
0 1.1400000000000001 0
0.010000000000000009 1.1400000000000001 0
0.020000000000000018 1.1400000000000001 0
0.030000000000000027 1.1400000000000001 0
0.040000000000000036 1.1400000000000001 0
0.050000000000000044 1.1400000000000001 0
0.06000000000000005 1.1400000000000001 0
0.07000000000000006 1.1400000000000001 0
0.07999999999999996 1.1400000000000001 0
0.08999999999999997 1.1400000000000001 0
0.09999999999999998 1.1400000000000001 0
0.10999999999999999 1.1400000000000001 0
0.12 1.1400000000000001 0
0.13 1.1400000000000001 0
0.14 1.1400000000000001 0
0.15000000000000002 1.1400000000000001 0
0.16000000000000003 1.1400000000000001 0
0.17000000000000004 1.1400000000000001 0
0.18000000000000005 1.1400000000000001 0
0.19000000000000006 1.1400000000000001 0
0.20000000000000007 1.1400000000000001 0
0.20999999999999996 1.1400000000000001 0
0.21999999999999997 1.1400000000000001 0
0.22999999999999998 1.1400000000000001 0
0.24 1.1400000000000001 0
0.25 1.1400000000000001 0
0.26 1.1400000000000001 0
0.27 1.1400000000000001 0
0.28 1.1400000000000001 0
0.29000000000000004 1.1400000000000001 0
0.30000000000000004 1.1400000000000001 0
0.31000000000000005 1.1400000000000001 0
0.32000000000000006 1.1400000000000001 0
0.33000000000000007 1.1400000000000001 0
0.33999999999999997 1.1400000000000001 0
0.35 1.1400000000000001 0
0.36 1.1400000000000001 0
0.37 1.1400000000000001 0
0.38 1.1400000000000001 0
0.39 1.1400000000000001 0
0.4 1.1400000000000001 0
0.41000000000000003 1.1400000000000001 0
0.42000000000000004 1.1400000000000001 0
0.43000000000000005 1.1400000000000001 0
0.44000000000000006 1.1400000000000001 0
0.45000000000000007 1.1400000000000001 0
0.45999999999999996 1.1400000000000001 0
0.47 1.1400000000000001 0
0.48 1.1400000000000001 0
0.49 1.1400000000000001 0
-0.49 1.1500000000000001 0
-0.48 1.1500000000000001 0
-0.47 1.1500000000000001 0
-0.46 1.1500000000000001 0
-0.45 1.1500000000000001 0
-0.44 1.1500000000000001 0
-0.43 1.1500000000000001 0
-0.42 1.1500000000000001 0
-0.41000000000000003 1.1500000000000001 0
-0.4 1.1500000000000001 0
-0.39 1.1500000000000001 0
-0.38 1.1500000000000001 0
-0.37 1.1500000000000001 0
-0.36 1.1500000000000001 0
-0.35 1.1500000000000001 0
-0.33999999999999997 1.1500000000000001 0
-0.32999999999999996 1.1500000000000001 0
-0.32 1.1500000000000001 0
-0.31 1.1500000000000001 0
-0.3 1.1500000000000001 0
-0.29000000000000004 1.1500000000000001 0
-0.28 1.1500000000000001 0
-0.27 1.1500000000000001 0
-0.26 1.1500000000000001 0
-0.25 1.1500000000000001 0
-0.24 1.1500000000000001 0
-0.22999999999999998 1.1500000000000001 0
-0.21999999999999997 1.1500000000000001 0
-0.21000000000000002 1.1500000000000001 0
-0.2 1.1500000000000001 0
-0.19 1.1500000000000001 0
-0.18 1.1500000000000001 0
-0.16999999999999998 1.1500000000000001 0
-0.15999999999999998 1.1500000000000001 0
-0.14999999999999997 1.1500000000000001 0
-0.14 1.1500000000000001 0
-0.13 1.1500000000000001 0
-0.12 1.1500000000000001 0
-0.10999999999999999 1.1500000000000001 0
-0.09999999999999998 1.1500000000000001 0
-0.08999999999999997 1.1500000000000001 0
-0.08000000000000002 1.1500000000000001 0
-0.07 1.1500000000000001 0
-0.06 1.1500000000000001 0
-0.04999999999999999 1.1500000000000001 0
-0.03999999999999998 1.1500000000000001 0
-0.02999999999999997 1.1500000000000001 0
-0.020000000000000018 1.1500000000000001 0
-0.010000000000000009 1.1500000000000001 0
0 1.1500000000000001 0
0.010000000000000009 1.1500000000000001 0
0.020000000000000018 1.1500000000000001 0
0.030000000000000027 1.1500000000000001 0
0.040000000000000036 1.1500000000000001 0
0.050000000000000044 1.1500000000000001 0
0.06000000000000005 1.1500000000000001 0
0.07000000000000006 1.1500000000000001 0
0.07999999999999996 1.1500000000000001 0
0.08999999999999997 1.1500000000000001 0
0.09999999999999998 1.1500000000000001 0
0.10999999999999999 1.1500000000000001 0
0.12 1.1500000000000001 0
0.13 1.1500000000000001 0
0.14 1.1500000000000001 0
0.15000000000000002 1.1500000000000001 0
0.16000000000000003 1.1500000000000001 0
0.17000000000000004 1.1500000000000001 0
0.18000000000000005 1.1500000000000001 0
0.19000000000000006 1.1500000000000001 0
0.20000000000000007 1.1500000000000001 0
0.20999999999999996 1.1500000000000001 0
0.21999999999999997 1.1500000000000001 0
0.22999999999999998 1.1500000000000001 0
0.24 1.1500000000000001 0
0.25 1.1500000000000001 0
0.26 1.1500000000000001 0
0.27 1.1500000000000001 0
0.28 1.1500000000000001 0
0.29000000000000004 1.1500000000000001 0
0.30000000000000004 1.1500000000000001 0
0.31000000000000005 1.1500000000000001 0
0.32000000000000006 1.1500000000000001 0
0.33000000000000007 1.1500000000000001 0
0.33999999999999997 1.1500000000000001 0
0.35 1.1500000000000001 0
0.36 1.1500000000000001 0
0.37 1.1500000000000001 0
0.38 1.1500000000000001 0
0.39 1.1500000000000001 0
0.4 1.1500000000000001 0
0.41000000000000003 1.1500000000000001 0
0.42000000000000004 1.1500000000000001 0
0.43000000000000005 1.1500000000000001 0
0.44000000000000006 1.1500000000000001 0
0.45000000000000007 1.1500000000000001 0
0.45999999999999996 1.1500000000000001 0
0.47 1.1500000000000001 0
0.48 1.1500000000000001 0
0.49 1.1500000000000001 0
-0.49 1.16 0
-0.48 1.16 0
-0.47 1.16 0
-0.46 1.16 0
-0.45 1.16 0
-0.44 1.16 0
-0.43 1.16 0
-0.42 1.16 0
-0.41000000000000003 1.16 0
-0.4 1.16 0
-0.39 1.16 0
-0.38 1.16 0
-0.37 1.16 0
-0.36 1.16 0
-0.35 1.16 0
-0.33999999999999997 1.16 0
-0.32999999999999996 1.16 0
-0.32 1.16 0
-0.31 1.16 0
-0.3 1.16 0
-0.29000000000000004 1.16 0
-0.28 1.16 0
-0.27 1.16 0
-0.26 1.16 0
-0.25 1.16 0
-0.24 1.16 0
-0.22999999999999998 1.16 0
-0.21999999999999997 1.16 0
-0.21000000000000002 1.16 0
-0.2 1.16 0
-0.19 1.16 0
-0.18 1.16 0
-0.16999999999999998 1.16 0
-0.15999999999999998 1.16 0
-0.14999999999999997 1.16 0
-0.14 1.16 0
-0.13 1.16 0
-0.12 1.16 0
-0.10999999999999999 1.16 0
-0.09999999999999998 1.16 0
-0.08999999999999997 1.16 0
-0.08000000000000002 1.16 0
-0.07 1.16 0
-0.06 1.16 0
-0.04999999999999999 1.16 0
-0.03999999999999998 1.16 0
-0.02999999999999997 1.16 0
-0.020000000000000018 1.16 0
-0.010000000000000009 1.16 0
0 1.16 0
0.010000000000000009 1.16 0
0.020000000000000018 1.16 0
0.030000000000000027 1.16 0
0.040000000000000036 1.16 0
0.050000000000000044 1.16 0
0.06000000000000005 1.16 0
0.07000000000000006 1.16 0
0.07999999999999996 1.16 0
0.08999999999999997 1.16 0
0.09999999999999998 1.16 0
0.10999999999999999 1.16 0
0.12 1.16 0
0.13 1.16 0
0.14 1.16 0
0.15000000000000002 1.16 0
0.16000000000000003 1.16 0
0.17000000000000004 1.16 0
0.18000000000000005 1.16 0
0.19000000000000006 1.16 0
0.20000000000000007 1.16 0
0.20999999999999996 1.16 0
0.21999999999999997 1.16 0
0.22999999999999998 1.16 0
0.24 1.16 0
0.25 1.16 0
0.26 1.16 0
0.27 1.16 0
0.28 1.16 0
0.29000000000000004 1.16 0
0.30000000000000004 1.16 0
0.31000000000000005 1.16 0
0.32000000000000006 1.16 0
0.33000000000000007 1.16 0
0.33999999999999997 1.16 0
0.35 1.16 0
0.36 1.16 0
0.37 1.16 0
0.38 1.16 0
0.39 1.16 0
0.4 1.16 0
0.41000000000000003 1.16 0
0.42000000000000004 1.16 0
0.43000000000000005 1.16 0
0.44000000000000006 1.16 0
0.45000000000000007 1.16 0
0.45999999999999996 1.16 0
0.47 1.16 0
0.48 1.16 0
0.49 1.16 0
-0.49 1.17 0
-0.48 1.17 0
-0.47 1.17 0
-0.46 1.17 0
-0.45 1.17 0
-0.44 1.17 0
-0.43 1.17 0
-0.42 1.17 0
-0.41000000000000003 1.17 0
-0.4 1.17 0
-0.39 1.17 0
-0.38 1.17 0
-0.37 1.17 0
-0.36 1.17 0
-0.35 1.17 0
-0.33999999999999997 1.17 0
-0.32999999999999996 1.17 0
-0.32 1.17 0
-0.31 1.17 0
-0.3 1.17 0
-0.29000000000000004 1.17 0
-0.28 1.17 0
-0.27 1.17 0
-0.26 1.17 0
-0.25 1.17 0
-0.24 1.17 0
-0.22999999999999998 1.17 0
-0.21999999999999997 1.17 0
-0.21000000000000002 1.17 0
-0.2 1.17 0
-0.19 1.17 0
-0.18 1.17 0
-0.16999999999999998 1.17 0
-0.15999999999999998 1.17 0
-0.14999999999999997 1.17 0
-0.14 1.17 0
-0.13 1.17 0
-0.12 1.17 0
-0.10999999999999999 1.17 0
-0.09999999999999998 1.17 0
-0.08999999999999997 1.17 0
-0.08000000000000002 1.17 0
-0.07 1.17 0
-0.06 1.17 0
-0.04999999999999999 1.17 0
-0.03999999999999998 1.17 0
-0.02999999999999997 1.17 0
-0.020000000000000018 1.17 0
-0.010000000000000009 1.17 0
0 1.17 0
0.010000000000000009 1.17 0
0.020000000000000018 1.17 0
0.030000000000000027 1.17 0
0.040000000000000036 1.17 0
0.050000000000000044 1.17 0
0.06000000000000005 1.17 0
0.07000000000000006 1.17 0
0.07999999999999996 1.17 0
0.08999999999999997 1.17 0
0.09999999999999998 1.17 0
0.10999999999999999 1.17 0
0.12 1.17 0
0.13 1.17 0
0.14 1.17 0
0.15000000000000002 1.17 0
0.16000000000000003 1.17 0
0.17000000000000004 1.17 0
0.18000000000000005 1.17 0
0.19000000000000006 1.17 0
0.20000000000000007 1.17 0
0.20999999999999996 1.17 0
0.21999999999999997 1.17 0
0.22999999999999998 1.17 0
0.24 1.17 0
0.25 1.17 0
0.26 1.17 0
0.27 1.17 0
0.28 1.17 0
0.29000000000000004 1.17 0
0.30000000000000004 1.17 0
0.31000000000000005 1.17 0
0.32000000000000006 1.17 0
0.33000000000000007 1.17 0
0.33999999999999997 1.17 0
0.35 1.17 0
0.36 1.17 0
0.37 1.17 0
0.38 1.17 0
0.39 1.17 0
0.4 1.17 0
0.41000000000000003 1.17 0
0.42000000000000004 1.17 0
0.43000000000000005 1.17 0
0.44000000000000006 1.17 0
0.45000000000000007 1.17 0
0.45999999999999996 1.17 0
0.47 1.17 0
0.48 1.17 0
0.49 1.17 0
-0.49 1.18 0
-0.48 1.18 0
-0.47 1.18 0
-0.46 1.18 0
-0.45 1.18 0
-0.44 1.18 0
-0.43 1.18 0
-0.42 1.18 0
-0.41000000000000003 1.18 0
-0.4 1.18 0
-0.39 1.18 0
-0.38 1.18 0
-0.37 1.18 0
-0.36 1.18 0
-0.35 1.18 0
-0.33999999999999997 1.18 0
-0.32999999999999996 1.18 0
-0.32 1.18 0
-0.31 1.18 0
-0.3 1.18 0
-0.29000000000000004 1.18 0
-0.28 1.18 0
-0.27 1.18 0
-0.26 1.18 0
-0.25 1.18 0
-0.24 1.18 0
-0.22999999999999998 1.18 0
-0.21999999999999997 1.18 0
-0.21000000000000002 1.18 0
-0.2 1.18 0
-0.19 1.18 0
-0.18 1.18 0
-0.16999999999999998 1.18 0
-0.15999999999999998 1.18 0
-0.14999999999999997 1.18 0
-0.14 1.18 0
-0.13 1.18 0
-0.12 1.18 0
-0.10999999999999999 1.18 0
-0.09999999999999998 1.18 0
-0.08999999999999997 1.18 0
-0.08000000000000002 1.18 0
-0.07 1.18 0
-0.06 1.18 0
-0.04999999999999999 1.18 0
-0.03999999999999998 1.18 0
-0.02999999999999997 1.18 0
-0.020000000000000018 1.18 0
-0.010000000000000009 1.18 0
0 1.18 0
0.010000000000000009 1.18 0
0.020000000000000018 1.18 0
0.030000000000000027 1.18 0
0.040000000000000036 1.18 0
0.050000000000000044 1.18 0
0.06000000000000005 1.18 0
0.07000000000000006 1.18 0
0.07999999999999996 1.18 0
0.08999999999999997 1.18 0
0.09999999999999998 1.18 0
0.10999999999999999 1.18 0
0.12 1.18 0
0.13 1.18 0
0.14 1.18 0
0.15000000000000002 1.18 0
0.16000000000000003 1.18 0
0.17000000000000004 1.18 0
0.18000000000000005 1.18 0
0.19000000000000006 1.18 0
0.20000000000000007 1.18 0
0.20999999999999996 1.18 0
0.21999999999999997 1.18 0
0.22999999999999998 1.18 0
0.24 1.18 0
0.25 1.18 0
0.26 1.18 0
0.27 1.18 0
0.28 1.18 0
0.29000000000000004 1.18 0
0.30000000000000004 1.18 0
0.31000000000000005 1.18 0
0.32000000000000006 1.18 0
0.33000000000000007 1.18 0
0.33999999999999997 1.18 0
0.35 1.18 0
0.36 1.18 0
0.37 1.18 0
0.38 1.18 0
0.39 1.18 0
0.4 1.18 0
0.41000000000000003 1.18 0
0.42000000000000004 1.18 0
0.43000000000000005 1.18 0
0.44000000000000006 1.18 0
0.45000000000000007 1.18 0
0.45999999999999996 1.18 0
0.47 1.18 0
0.48 1.18 0
0.49 1.18 0
-0.49 1.19 0
-0.48 1.19 0
-0.47 1.19 0
-0.46 1.19 0
-0.45 1.19 0
-0.44 1.19 0
-0.43 1.19 0
-0.42 1.19 0
-0.41000000000000003 1.19 0
-0.4 1.19 0
-0.39 1.19 0
-0.38 1.19 0
-0.37 1.19 0
-0.36 1.19 0
-0.35 1.19 0
-0.33999999999999997 1.19 0
-0.32999999999999996 1.19 0
-0.32 1.19 0
-0.31 1.19 0
-0.3 1.19 0
-0.29000000000000004 1.19 0
-0.28 1.19 0
-0.27 1.19 0
-0.26 1.19 0
-0.25 1.19 0
-0.24 1.19 0
-0.22999999999999998 1.19 0
-0.21999999999999997 1.19 0
-0.21000000000000002 1.19 0
-0.2 1.19 0
-0.19 1.19 0
-0.18 1.19 0
-0.16999999999999998 1.19 0
-0.15999999999999998 1.19 0
-0.14999999999999997 1.19 0
-0.14 1.19 0
-0.13 1.19 0
-0.12 1.19 0
-0.10999999999999999 1.19 0
-0.09999999999999998 1.19 0
-0.08999999999999997 1.19 0
-0.08000000000000002 1.19 0
-0.07 1.19 0
-0.06 1.19 0
-0.04999999999999999 1.19 0
-0.03999999999999998 1.19 0
-0.02999999999999997 1.19 0
-0.020000000000000018 1.19 0
-0.010000000000000009 1.19 0
0 1.19 0
0.010000000000000009 1.19 0
0.020000000000000018 1.19 0
0.030000000000000027 1.19 0
0.040000000000000036 1.19 0
0.050000000000000044 1.19 0
0.06000000000000005 1.19 0
0.07000000000000006 1.19 0
0.07999999999999996 1.19 0
0.08999999999999997 1.19 0
0.09999999999999998 1.19 0
0.10999999999999999 1.19 0
0.12 1.19 0
0.13 1.19 0
0.14 1.19 0
0.15000000000000002 1.19 0
0.16000000000000003 1.19 0
0.17000000000000004 1.19 0
0.18000000000000005 1.19 0
0.19000000000000006 1.19 0
0.20000000000000007 1.19 0
0.20999999999999996 1.19 0
0.21999999999999997 1.19 0
0.22999999999999998 1.19 0
0.24 1.19 0
0.25 1.19 0
0.26 1.19 0
0.27 1.19 0
0.28 1.19 0
0.29000000000000004 1.19 0
0.30000000000000004 1.19 0
0.31000000000000005 1.19 0
0.32000000000000006 1.19 0
0.33000000000000007 1.19 0
0.33999999999999997 1.19 0
0.35 1.19 0
0.36 1.19 0
0.37 1.19 0
0.38 1.19 0
0.39 1.19 0
0.4 1.19 0
0.41000000000000003 1.19 0
0.42000000000000004 1.19 0
0.43000000000000005 1.19 0
0.44000000000000006 1.19 0
0.45000000000000007 1.19 0
0.45999999999999996 1.19 0
0.47 1.19 0
0.48 1.19 0
0.49 1.19 0
-0.49 1.2 0
-0.48 1.2 0
-0.47 1.2 0
-0.46 1.2 0
-0.45 1.2 0
-0.44 1.2 0
-0.43 1.2 0
-0.42 1.2 0
-0.41000000000000003 1.2 0
-0.4 1.2 0
-0.39 1.2 0
-0.38 1.2 0
-0.37 1.2 0
-0.36 1.2 0
-0.35 1.2 0
-0.33999999999999997 1.2 0
-0.32999999999999996 1.2 0
-0.32 1.2 0
-0.31 1.2 0
-0.3 1.2 0
-0.29000000000000004 1.2 0
-0.28 1.2 0
-0.27 1.2 0
-0.26 1.2 0
-0.25 1.2 0
-0.24 1.2 0
-0.22999999999999998 1.2 0
-0.21999999999999997 1.2 0
-0.21000000000000002 1.2 0
-0.2 1.2 0
-0.19 1.2 0
-0.18 1.2 0
-0.16999999999999998 1.2 0
-0.15999999999999998 1.2 0
-0.14999999999999997 1.2 0
-0.14 1.2 0
-0.13 1.2 0
-0.12 1.2 0
-0.10999999999999999 1.2 0
-0.09999999999999998 1.2 0
-0.08999999999999997 1.2 0
-0.08000000000000002 1.2 0
-0.07 1.2 0
-0.06 1.2 0
-0.04999999999999999 1.2 0
-0.03999999999999998 1.2 0
-0.02999999999999997 1.2 0
-0.020000000000000018 1.2 0
-0.010000000000000009 1.2 0
0 1.2 0
0.010000000000000009 1.2 0
0.020000000000000018 1.2 0
0.030000000000000027 1.2 0
0.040000000000000036 1.2 0
0.050000000000000044 1.2 0
0.06000000000000005 1.2 0
0.07000000000000006 1.2 0
0.07999999999999996 1.2 0
0.08999999999999997 1.2 0
0.09999999999999998 1.2 0
0.10999999999999999 1.2 0
0.12 1.2 0
0.13 1.2 0
0.14 1.2 0
0.15000000000000002 1.2 0
0.16000000000000003 1.2 0
0.17000000000000004 1.2 0
0.18000000000000005 1.2 0
0.19000000000000006 1.2 0
0.20000000000000007 1.2 0
0.20999999999999996 1.2 0
0.21999999999999997 1.2 0
0.22999999999999998 1.2 0
0.24 1.2 0
0.25 1.2 0
0.26 1.2 0
0.27 1.2 0
0.28 1.2 0
0.29000000000000004 1.2 0
0.30000000000000004 1.2 0
0.31000000000000005 1.2 0
0.32000000000000006 1.2 0
0.33000000000000007 1.2 0
0.33999999999999997 1.2 0
0.35 1.2 0
0.36 1.2 0
0.37 1.2 0
0.38 1.2 0
0.39 1.2 0
0.4 1.2 0
0.41000000000000003 1.2 0
0.42000000000000004 1.2 0
0.43000000000000005 1.2 0
0.44000000000000006 1.2 0
0.45000000000000007 1.2 0
0.45999999999999996 1.2 0
0.47 1.2 0
0.48 1.2 0
0.49 1.2 0
-0.49 1.21 0
-0.48 1.21 0
-0.47 1.21 0
-0.46 1.21 0
-0.45 1.21 0
-0.44 1.21 0
-0.43 1.21 0
-0.42 1.21 0
-0.41000000000000003 1.21 0
-0.4 1.21 0
-0.39 1.21 0
-0.38 1.21 0
-0.37 1.21 0
-0.36 1.21 0
-0.35 1.21 0
-0.33999999999999997 1.21 0
-0.32999999999999996 1.21 0
-0.32 1.21 0
-0.31 1.21 0
-0.3 1.21 0
-0.29000000000000004 1.21 0
-0.28 1.21 0
-0.27 1.21 0
-0.26 1.21 0
-0.25 1.21 0
-0.24 1.21 0
-0.22999999999999998 1.21 0
-0.21999999999999997 1.21 0
-0.21000000000000002 1.21 0
-0.2 1.21 0
-0.19 1.21 0
-0.18 1.21 0
-0.16999999999999998 1.21 0
-0.15999999999999998 1.21 0
-0.14999999999999997 1.21 0
-0.14 1.21 0
-0.13 1.21 0
-0.12 1.21 0
-0.10999999999999999 1.21 0
-0.09999999999999998 1.21 0
-0.08999999999999997 1.21 0
-0.08000000000000002 1.21 0
-0.07 1.21 0
-0.06 1.21 0
-0.04999999999999999 1.21 0
-0.03999999999999998 1.21 0
-0.02999999999999997 1.21 0
-0.020000000000000018 1.21 0
-0.010000000000000009 1.21 0
0 1.21 0
0.010000000000000009 1.21 0
0.020000000000000018 1.21 0
0.030000000000000027 1.21 0
0.040000000000000036 1.21 0
0.050000000000000044 1.21 0
0.06000000000000005 1.21 0
0.07000000000000006 1.21 0
0.07999999999999996 1.21 0
0.08999999999999997 1.21 0
0.09999999999999998 1.21 0
0.10999999999999999 1.21 0
0.12 1.21 0
0.13 1.21 0
0.14 1.21 0
0.15000000000000002 1.21 0
0.16000000000000003 1.21 0
0.17000000000000004 1.21 0
0.18000000000000005 1.21 0
0.19000000000000006 1.21 0
0.20000000000000007 1.21 0
0.20999999999999996 1.21 0
0.21999999999999997 1.21 0
0.22999999999999998 1.21 0
0.24 1.21 0
0.25 1.21 0
0.26 1.21 0
0.27 1.21 0
0.28 1.21 0
0.29000000000000004 1.21 0
0.30000000000000004 1.21 0
0.31000000000000005 1.21 0
0.32000000000000006 1.21 0
0.33000000000000007 1.21 0
0.33999999999999997 1.21 0
0.35 1.21 0
0.36 1.21 0
0.37 1.21 0
0.38 1.21 0
0.39 1.21 0
0.4 1.21 0
0.41000000000000003 1.21 0
0.42000000000000004 1.21 0
0.43000000000000005 1.21 0
0.44000000000000006 1.21 0
0.45000000000000007 1.21 0
0.45999999999999996 1.21 0
0.47 1.21 0
0.48 1.21 0
0.49 1.21 0
-0.49 1.22 0
-0.48 1.22 0
-0.47 1.22 0
-0.46 1.22 0
-0.45 1.22 0
-0.44 1.22 0
-0.43 1.22 0
-0.42 1.22 0
-0.41000000000000003 1.22 0
-0.4 1.22 0
-0.39 1.22 0
-0.38 1.22 0
-0.37 1.22 0
-0.36 1.22 0
-0.35 1.22 0
-0.33999999999999997 1.22 0
-0.32999999999999996 1.22 0
-0.32 1.22 0
-0.31 1.22 0
-0.3 1.22 0
-0.29000000000000004 1.22 0
-0.28 1.22 0
-0.27 1.22 0
-0.26 1.22 0
-0.25 1.22 0
-0.24 1.22 0
-0.22999999999999998 1.22 0
-0.21999999999999997 1.22 0
-0.21000000000000002 1.22 0
-0.2 1.22 0
-0.19 1.22 0
-0.18 1.22 0
-0.16999999999999998 1.22 0
-0.15999999999999998 1.22 0
-0.14999999999999997 1.22 0
-0.14 1.22 0
-0.13 1.22 0
-0.12 1.22 0
-0.10999999999999999 1.22 0
-0.09999999999999998 1.22 0
-0.08999999999999997 1.22 0
-0.08000000000000002 1.22 0
-0.07 1.22 0
-0.06 1.22 0
-0.04999999999999999 1.22 0
-0.03999999999999998 1.22 0
-0.02999999999999997 1.22 0
-0.020000000000000018 1.22 0
-0.010000000000000009 1.22 0
0 1.22 0
0.010000000000000009 1.22 0
0.020000000000000018 1.22 0
0.030000000000000027 1.22 0
0.040000000000000036 1.22 0
0.050000000000000044 1.22 0
0.06000000000000005 1.22 0
0.07000000000000006 1.22 0
0.07999999999999996 1.22 0
0.08999999999999997 1.22 0
0.09999999999999998 1.22 0
0.10999999999999999 1.22 0
0.12 1.22 0
0.13 1.22 0
0.14 1.22 0
0.15000000000000002 1.22 0
0.16000000000000003 1.22 0
0.17000000000000004 1.22 0
0.18000000000000005 1.22 0
0.19000000000000006 1.22 0
0.20000000000000007 1.22 0
0.20999999999999996 1.22 0
0.21999999999999997 1.22 0
0.22999999999999998 1.22 0
0.24 1.22 0
0.25 1.22 0
0.26 1.22 0
0.27 1.22 0
0.28 1.22 0
0.29000000000000004 1.22 0
0.30000000000000004 1.22 0
0.31000000000000005 1.22 0
0.32000000000000006 1.22 0
0.33000000000000007 1.22 0
0.33999999999999997 1.22 0
0.35 1.22 0
0.36 1.22 0
0.37 1.22 0
0.38 1.22 0
0.39 1.22 0
0.4 1.22 0
0.41000000000000003 1.22 0
0.42000000000000004 1.22 0
0.43000000000000005 1.22 0
0.44000000000000006 1.22 0
0.45000000000000007 1.22 0
0.45999999999999996 1.22 0
0.47 1.22 0
0.48 1.22 0
0.49 1.22 0
-0.49 1.23 0
-0.48 1.23 0
-0.47 1.23 0
-0.46 1.23 0
-0.45 1.23 0
-0.44 1.23 0
-0.43 1.23 0
-0.42 1.23 0
-0.41000000000000003 1.23 0
-0.4 1.23 0
-0.39 1.23 0
-0.38 1.23 0
-0.37 1.23 0
-0.36 1.23 0
-0.35 1.23 0
-0.33999999999999997 1.23 0
-0.32999999999999996 1.23 0
-0.32 1.23 0
-0.31 1.23 0
-0.3 1.23 0
-0.29000000000000004 1.23 0
-0.28 1.23 0
-0.27 1.23 0
-0.26 1.23 0
-0.25 1.23 0
-0.24 1.23 0
-0.22999999999999998 1.23 0
-0.21999999999999997 1.23 0
-0.21000000000000002 1.23 0
-0.2 1.23 0
-0.19 1.23 0
-0.18 1.23 0
-0.16999999999999998 1.23 0
-0.15999999999999998 1.23 0
-0.14999999999999997 1.23 0
-0.14 1.23 0
-0.13 1.23 0
-0.12 1.23 0
-0.10999999999999999 1.23 0
-0.09999999999999998 1.23 0
-0.08999999999999997 1.23 0
-0.08000000000000002 1.23 0
-0.07 1.23 0
-0.06 1.23 0
-0.04999999999999999 1.23 0
-0.03999999999999998 1.23 0
-0.02999999999999997 1.23 0
-0.020000000000000018 1.23 0
-0.010000000000000009 1.23 0
0 1.23 0
0.010000000000000009 1.23 0
0.020000000000000018 1.23 0
0.030000000000000027 1.23 0
0.040000000000000036 1.23 0
0.050000000000000044 1.23 0
0.06000000000000005 1.23 0
0.07000000000000006 1.23 0
0.07999999999999996 1.23 0
0.08999999999999997 1.23 0
0.09999999999999998 1.23 0
0.10999999999999999 1.23 0
0.12 1.23 0
0.13 1.23 0
0.14 1.23 0
0.15000000000000002 1.23 0
0.16000000000000003 1.23 0
0.17000000000000004 1.23 0
0.18000000000000005 1.23 0
0.19000000000000006 1.23 0
0.20000000000000007 1.23 0
0.20999999999999996 1.23 0
0.21999999999999997 1.23 0
0.22999999999999998 1.23 0
0.24 1.23 0
0.25 1.23 0
0.26 1.23 0
0.27 1.23 0
0.28 1.23 0
0.29000000000000004 1.23 0
0.30000000000000004 1.23 0
0.31000000000000005 1.23 0
0.32000000000000006 1.23 0
0.33000000000000007 1.23 0
0.33999999999999997 1.23 0
0.35 1.23 0
0.36 1.23 0
0.37 1.23 0
0.38 1.23 0
0.39 1.23 0
0.4 1.23 0
0.41000000000000003 1.23 0
0.42000000000000004 1.23 0
0.43000000000000005 1.23 0
0.44000000000000006 1.23 0
0.45000000000000007 1.23 0
0.45999999999999996 1.23 0
0.47 1.23 0
0.48 1.23 0
0.49 1.23 0
-0.49 1.24 0
-0.48 1.24 0
-0.47 1.24 0
-0.46 1.24 0
-0.45 1.24 0
-0.44 1.24 0
-0.43 1.24 0
-0.42 1.24 0
-0.41000000000000003 1.24 0
-0.4 1.24 0
-0.39 1.24 0
-0.38 1.24 0
-0.37 1.24 0
-0.36 1.24 0
-0.35 1.24 0
-0.33999999999999997 1.24 0
-0.32999999999999996 1.24 0
-0.32 1.24 0
-0.31 1.24 0
-0.3 1.24 0
-0.29000000000000004 1.24 0
-0.28 1.24 0
-0.27 1.24 0
-0.26 1.24 0
-0.25 1.24 0
-0.24 1.24 0
-0.22999999999999998 1.24 0
-0.21999999999999997 1.24 0
-0.21000000000000002 1.24 0
-0.2 1.24 0
-0.19 1.24 0
-0.18 1.24 0
-0.16999999999999998 1.24 0
-0.15999999999999998 1.24 0
-0.14999999999999997 1.24 0
-0.14 1.24 0
-0.13 1.24 0
-0.12 1.24 0
-0.10999999999999999 1.24 0
-0.09999999999999998 1.24 0
-0.08999999999999997 1.24 0
-0.08000000000000002 1.24 0
-0.07 1.24 0
-0.06 1.24 0
-0.04999999999999999 1.24 0
-0.03999999999999998 1.24 0
-0.02999999999999997 1.24 0
-0.020000000000000018 1.24 0
-0.010000000000000009 1.24 0
0 1.24 0
0.010000000000000009 1.24 0
0.020000000000000018 1.24 0
0.030000000000000027 1.24 0
0.040000000000000036 1.24 0
0.050000000000000044 1.24 0
0.06000000000000005 1.24 0
0.07000000000000006 1.24 0
0.07999999999999996 1.24 0
0.08999999999999997 1.24 0
0.09999999999999998 1.24 0
0.10999999999999999 1.24 0
0.12 1.24 0
0.13 1.24 0
0.14 1.24 0
0.15000000000000002 1.24 0
0.16000000000000003 1.24 0
0.17000000000000004 1.24 0
0.18000000000000005 1.24 0
0.19000000000000006 1.24 0
0.20000000000000007 1.24 0
0.20999999999999996 1.24 0
0.21999999999999997 1.24 0
0.22999999999999998 1.24 0
0.24 1.24 0
0.25 1.24 0
0.26 1.24 0
0.27 1.24 0
0.28 1.24 0
0.29000000000000004 1.24 0
0.30000000000000004 1.24 0
0.31000000000000005 1.24 0
0.32000000000000006 1.24 0
0.33000000000000007 1.24 0
0.33999999999999997 1.24 0
0.35 1.24 0
0.36 1.24 0
0.37 1.24 0
0.38 1.24 0
0.39 1.24 0
0.4 1.24 0
0.41000000000000003 1.24 0
0.42000000000000004 1.24 0
0.43000000000000005 1.24 0
0.44000000000000006 1.24 0
0.45000000000000007 1.24 0
0.45999999999999996 1.24 0
0.47 1.24 0
0.48 1.24 0
0.49 1.24 0
-0.49 1.25 0
-0.48 1.25 0
-0.47 1.25 0
-0.46 1.25 0
-0.45 1.25 0
-0.44 1.25 0
-0.43 1.25 0
-0.42 1.25 0
-0.41000000000000003 1.25 0
-0.4 1.25 0
-0.39 1.25 0
-0.38 1.25 0
-0.37 1.25 0
-0.36 1.25 0
-0.35 1.25 0
-0.33999999999999997 1.25 0
-0.32999999999999996 1.25 0
-0.32 1.25 0
-0.31 1.25 0
-0.3 1.25 0
-0.29000000000000004 1.25 0
-0.28 1.25 0
-0.27 1.25 0
-0.26 1.25 0
-0.25 1.25 0
-0.24 1.25 0
-0.22999999999999998 1.25 0
-0.21999999999999997 1.25 0
-0.21000000000000002 1.25 0
-0.2 1.25 0
-0.19 1.25 0
-0.18 1.25 0
-0.16999999999999998 1.25 0
-0.15999999999999998 1.25 0
-0.14999999999999997 1.25 0
-0.14 1.25 0
-0.13 1.25 0
-0.12 1.25 0
-0.10999999999999999 1.25 0
-0.09999999999999998 1.25 0
-0.08999999999999997 1.25 0
-0.08000000000000002 1.25 0
-0.07 1.25 0
-0.06 1.25 0
-0.04999999999999999 1.25 0
-0.03999999999999998 1.25 0
-0.02999999999999997 1.25 0
-0.020000000000000018 1.25 0
-0.010000000000000009 1.25 0
0 1.25 0
0.010000000000000009 1.25 0
0.020000000000000018 1.25 0
0.030000000000000027 1.25 0
0.040000000000000036 1.25 0
0.050000000000000044 1.25 0
0.06000000000000005 1.25 0
0.07000000000000006 1.25 0
0.07999999999999996 1.25 0
0.08999999999999997 1.25 0
0.09999999999999998 1.25 0
0.10999999999999999 1.25 0
0.12 1.25 0
0.13 1.25 0
0.14 1.25 0
0.15000000000000002 1.25 0
0.16000000000000003 1.25 0
0.17000000000000004 1.25 0
0.18000000000000005 1.25 0
0.19000000000000006 1.25 0
0.20000000000000007 1.25 0
0.20999999999999996 1.25 0
0.21999999999999997 1.25 0
0.22999999999999998 1.25 0
0.24 1.25 0
0.25 1.25 0
0.26 1.25 0
0.27 1.25 0
0.28 1.25 0
0.29000000000000004 1.25 0
0.30000000000000004 1.25 0
0.31000000000000005 1.25 0
0.32000000000000006 1.25 0
0.33000000000000007 1.25 0
0.33999999999999997 1.25 0
0.35 1.25 0
0.36 1.25 0
0.37 1.25 0
0.38 1.25 0
0.39 1.25 0
0.4 1.25 0
0.41000000000000003 1.25 0
0.42000000000000004 1.25 0
0.43000000000000005 1.25 0
0.44000000000000006 1.25 0
0.45000000000000007 1.25 0
0.45999999999999996 1.25 0
0.47 1.25 0
0.48 1.25 0
0.49 1.25 0
-0.49 1.26 0
-0.48 1.26 0
-0.47 1.26 0
-0.46 1.26 0
-0.45 1.26 0
-0.44 1.26 0
-0.43 1.26 0
-0.42 1.26 0
-0.41000000000000003 1.26 0
-0.4 1.26 0
-0.39 1.26 0
-0.38 1.26 0
-0.37 1.26 0
-0.36 1.26 0
-0.35 1.26 0
-0.33999999999999997 1.26 0
-0.32999999999999996 1.26 0
-0.32 1.26 0
-0.31 1.26 0
-0.3 1.26 0
-0.29000000000000004 1.26 0
-0.28 1.26 0
-0.27 1.26 0
-0.26 1.26 0
-0.25 1.26 0
-0.24 1.26 0
-0.22999999999999998 1.26 0
-0.21999999999999997 1.26 0
-0.21000000000000002 1.26 0
-0.2 1.26 0
-0.19 1.26 0
-0.18 1.26 0
-0.16999999999999998 1.26 0
-0.15999999999999998 1.26 0
-0.14999999999999997 1.26 0
-0.14 1.26 0
-0.13 1.26 0
-0.12 1.26 0
-0.10999999999999999 1.26 0
-0.09999999999999998 1.26 0
-0.08999999999999997 1.26 0
-0.08000000000000002 1.26 0
-0.07 1.26 0
-0.06 1.26 0
-0.04999999999999999 1.26 0
-0.03999999999999998 1.26 0
-0.02999999999999997 1.26 0
-0.020000000000000018 1.26 0
-0.010000000000000009 1.26 0
0 1.26 0
0.010000000000000009 1.26 0
0.020000000000000018 1.26 0
0.030000000000000027 1.26 0
0.040000000000000036 1.26 0
0.050000000000000044 1.26 0
0.06000000000000005 1.26 0
0.07000000000000006 1.26 0
0.07999999999999996 1.26 0
0.08999999999999997 1.26 0
0.09999999999999998 1.26 0
0.10999999999999999 1.26 0
0.12 1.26 0
0.13 1.26 0
0.14 1.26 0
0.15000000000000002 1.26 0
0.16000000000000003 1.26 0
0.17000000000000004 1.26 0
0.18000000000000005 1.26 0
0.19000000000000006 1.26 0
0.20000000000000007 1.26 0
0.20999999999999996 1.26 0
0.21999999999999997 1.26 0
0.22999999999999998 1.26 0
0.24 1.26 0
0.25 1.26 0
0.26 1.26 0
0.27 1.26 0
0.28 1.26 0
0.29000000000000004 1.26 0
0.30000000000000004 1.26 0
0.31000000000000005 1.26 0
0.32000000000000006 1.26 0
0.33000000000000007 1.26 0
0.33999999999999997 1.26 0
0.35 1.26 0
0.36 1.26 0
0.37 1.26 0
0.38 1.26 0
0.39 1.26 0
0.4 1.26 0
0.41000000000000003 1.26 0
0.42000000000000004 1.26 0
0.43000000000000005 1.26 0
0.44000000000000006 1.26 0
0.45000000000000007 1.26 0
0.45999999999999996 1.26 0
0.47 1.26 0
0.48 1.26 0
0.49 1.26 0
-0.49 1.27 0
-0.48 1.27 0
-0.47 1.27 0
-0.46 1.27 0
-0.45 1.27 0
-0.44 1.27 0
-0.43 1.27 0
-0.42 1.27 0
-0.41000000000000003 1.27 0
-0.4 1.27 0
-0.39 1.27 0
-0.38 1.27 0
-0.37 1.27 0
-0.36 1.27 0
-0.35 1.27 0
-0.33999999999999997 1.27 0
-0.32999999999999996 1.27 0
-0.32 1.27 0
-0.31 1.27 0
-0.3 1.27 0
-0.29000000000000004 1.27 0
-0.28 1.27 0
-0.27 1.27 0
-0.26 1.27 0
-0.25 1.27 0
-0.24 1.27 0
-0.22999999999999998 1.27 0
-0.21999999999999997 1.27 0
-0.21000000000000002 1.27 0
-0.2 1.27 0
-0.19 1.27 0
-0.18 1.27 0
-0.16999999999999998 1.27 0
-0.15999999999999998 1.27 0
-0.14999999999999997 1.27 0
-0.14 1.27 0
-0.13 1.27 0
-0.12 1.27 0
-0.10999999999999999 1.27 0
-0.09999999999999998 1.27 0
-0.08999999999999997 1.27 0
-0.08000000000000002 1.27 0
-0.07 1.27 0
-0.06 1.27 0
-0.04999999999999999 1.27 0
-0.03999999999999998 1.27 0
-0.02999999999999997 1.27 0
-0.020000000000000018 1.27 0
-0.010000000000000009 1.27 0
0 1.27 0
0.010000000000000009 1.27 0
0.020000000000000018 1.27 0
0.030000000000000027 1.27 0
0.040000000000000036 1.27 0
0.050000000000000044 1.27 0
0.06000000000000005 1.27 0
0.07000000000000006 1.27 0
0.07999999999999996 1.27 0
0.08999999999999997 1.27 0
0.09999999999999998 1.27 0
0.10999999999999999 1.27 0
0.12 1.27 0
0.13 1.27 0
0.14 1.27 0
0.15000000000000002 1.27 0
0.16000000000000003 1.27 0
0.17000000000000004 1.27 0
0.18000000000000005 1.27 0
0.19000000000000006 1.27 0
0.20000000000000007 1.27 0
0.20999999999999996 1.27 0
0.21999999999999997 1.27 0
0.22999999999999998 1.27 0
0.24 1.27 0
0.25 1.27 0
0.26 1.27 0
0.27 1.27 0
0.28 1.27 0
0.29000000000000004 1.27 0
0.30000000000000004 1.27 0
0.31000000000000005 1.27 0
0.32000000000000006 1.27 0
0.33000000000000007 1.27 0
0.33999999999999997 1.27 0
0.35 1.27 0
0.36 1.27 0
0.37 1.27 0
0.38 1.27 0
0.39 1.27 0
0.4 1.27 0
0.41000000000000003 1.27 0
0.42000000000000004 1.27 0
0.43000000000000005 1.27 0
0.44000000000000006 1.27 0
0.45000000000000007 1.27 0
0.45999999999999996 1.27 0
0.47 1.27 0
0.48 1.27 0
0.49 1.27 0
-0.49 1.28 0
-0.48 1.28 0
-0.47 1.28 0
-0.46 1.28 0
-0.45 1.28 0
-0.44 1.28 0
-0.43 1.28 0
-0.42 1.28 0
-0.41000000000000003 1.28 0
-0.4 1.28 0
-0.39 1.28 0
-0.38 1.28 0
-0.37 1.28 0
-0.36 1.28 0
-0.35 1.28 0
-0.33999999999999997 1.28 0
-0.32999999999999996 1.28 0
-0.32 1.28 0
-0.31 1.28 0
-0.3 1.28 0
-0.29000000000000004 1.28 0
-0.28 1.28 0
-0.27 1.28 0
-0.26 1.28 0
-0.25 1.28 0
-0.24 1.28 0
-0.22999999999999998 1.28 0
-0.21999999999999997 1.28 0
-0.21000000000000002 1.28 0
-0.2 1.28 0
-0.19 1.28 0
-0.18 1.28 0
-0.16999999999999998 1.28 0
-0.15999999999999998 1.28 0
-0.14999999999999997 1.28 0
-0.14 1.28 0
-0.13 1.28 0
-0.12 1.28 0
-0.10999999999999999 1.28 0
-0.09999999999999998 1.28 0
-0.08999999999999997 1.28 0
-0.08000000000000002 1.28 0
-0.07 1.28 0
-0.06 1.28 0
-0.04999999999999999 1.28 0
-0.03999999999999998 1.28 0
-0.02999999999999997 1.28 0
-0.020000000000000018 1.28 0
-0.010000000000000009 1.28 0
0 1.28 0
0.010000000000000009 1.28 0
0.020000000000000018 1.28 0
0.030000000000000027 1.28 0
0.040000000000000036 1.28 0
0.050000000000000044 1.28 0
0.06000000000000005 1.28 0
0.07000000000000006 1.28 0
0.07999999999999996 1.28 0
0.08999999999999997 1.28 0
0.09999999999999998 1.28 0
0.10999999999999999 1.28 0
0.12 1.28 0
0.13 1.28 0
0.14 1.28 0
0.15000000000000002 1.28 0
0.16000000000000003 1.28 0
0.17000000000000004 1.28 0
0.18000000000000005 1.28 0
0.19000000000000006 1.28 0
0.20000000000000007 1.28 0
0.20999999999999996 1.28 0
0.21999999999999997 1.28 0
0.22999999999999998 1.28 0
0.24 1.28 0
0.25 1.28 0
0.26 1.28 0
0.27 1.28 0
0.28 1.28 0
0.29000000000000004 1.28 0
0.30000000000000004 1.28 0
0.31000000000000005 1.28 0
0.32000000000000006 1.28 0
0.33000000000000007 1.28 0
0.33999999999999997 1.28 0
0.35 1.28 0
0.36 1.28 0
0.37 1.28 0
0.38 1.28 0
0.39 1.28 0
0.4 1.28 0
0.41000000000000003 1.28 0
0.42000000000000004 1.28 0
0.43000000000000005 1.28 0
0.44000000000000006 1.28 0
0.45000000000000007 1.28 0
0.45999999999999996 1.28 0
0.47 1.28 0
0.48 1.28 0
0.49 1.28 0
-0.49 1.29 0
-0.48 1.29 0
-0.47 1.29 0
-0.46 1.29 0
-0.45 1.29 0
-0.44 1.29 0
-0.43 1.29 0
-0.42 1.29 0
-0.41000000000000003 1.29 0
-0.4 1.29 0
-0.39 1.29 0
-0.38 1.29 0
-0.37 1.29 0
-0.36 1.29 0
-0.35 1.29 0
-0.33999999999999997 1.29 0
-0.32999999999999996 1.29 0
-0.32 1.29 0
-0.31 1.29 0
-0.3 1.29 0
-0.29000000000000004 1.29 0
-0.28 1.29 0
-0.27 1.29 0
-0.26 1.29 0
-0.25 1.29 0
-0.24 1.29 0
-0.22999999999999998 1.29 0
-0.21999999999999997 1.29 0
-0.21000000000000002 1.29 0
-0.2 1.29 0
-0.19 1.29 0
-0.18 1.29 0
-0.16999999999999998 1.29 0
-0.15999999999999998 1.29 0
-0.14999999999999997 1.29 0
-0.14 1.29 0
-0.13 1.29 0
-0.12 1.29 0
-0.10999999999999999 1.29 0
-0.09999999999999998 1.29 0
-0.08999999999999997 1.29 0
-0.08000000000000002 1.29 0
-0.07 1.29 0
-0.06 1.29 0
-0.04999999999999999 1.29 0
-0.03999999999999998 1.29 0
-0.02999999999999997 1.29 0
-0.020000000000000018 1.29 0
-0.010000000000000009 1.29 0
0 1.29 0
0.010000000000000009 1.29 0
0.020000000000000018 1.29 0
0.030000000000000027 1.29 0
0.040000000000000036 1.29 0
0.050000000000000044 1.29 0
0.06000000000000005 1.29 0
0.07000000000000006 1.29 0
0.07999999999999996 1.29 0
0.08999999999999997 1.29 0
0.09999999999999998 1.29 0
0.10999999999999999 1.29 0
0.12 1.29 0
0.13 1.29 0
0.14 1.29 0
0.15000000000000002 1.29 0
0.16000000000000003 1.29 0
0.17000000000000004 1.29 0
0.18000000000000005 1.29 0
0.19000000000000006 1.29 0
0.20000000000000007 1.29 0
0.20999999999999996 1.29 0
0.21999999999999997 1.29 0
0.22999999999999998 1.29 0
0.24 1.29 0
0.25 1.29 0
0.26 1.29 0
0.27 1.29 0
0.28 1.29 0
0.29000000000000004 1.29 0
0.30000000000000004 1.29 0
0.31000000000000005 1.29 0
0.32000000000000006 1.29 0
0.33000000000000007 1.29 0
0.33999999999999997 1.29 0
0.35 1.29 0
0.36 1.29 0
0.37 1.29 0
0.38 1.29 0
0.39 1.29 0
0.4 1.29 0
0.41000000000000003 1.29 0
0.42000000000000004 1.29 0
0.43000000000000005 1.29 0
0.44000000000000006 1.29 0
0.45000000000000007 1.29 0
0.45999999999999996 1.29 0
0.47 1.29 0
0.48 1.29 0
0.49 1.29 0
-0.49 1.3 0
-0.48 1.3 0
-0.47 1.3 0
-0.46 1.3 0
-0.45 1.3 0
-0.44 1.3 0
-0.43 1.3 0
-0.42 1.3 0
-0.41000000000000003 1.3 0
-0.4 1.3 0
-0.39 1.3 0
-0.38 1.3 0
-0.37 1.3 0
-0.36 1.3 0
-0.35 1.3 0
-0.33999999999999997 1.3 0
-0.32999999999999996 1.3 0
-0.32 1.3 0
-0.31 1.3 0
-0.3 1.3 0
-0.29000000000000004 1.3 0
-0.28 1.3 0
-0.27 1.3 0
-0.26 1.3 0
-0.25 1.3 0
-0.24 1.3 0
-0.22999999999999998 1.3 0
-0.21999999999999997 1.3 0
-0.21000000000000002 1.3 0
-0.2 1.3 0
-0.19 1.3 0
-0.18 1.3 0
-0.16999999999999998 1.3 0
-0.15999999999999998 1.3 0
-0.14999999999999997 1.3 0
-0.14 1.3 0
-0.13 1.3 0
-0.12 1.3 0
-0.10999999999999999 1.3 0
-0.09999999999999998 1.3 0
-0.08999999999999997 1.3 0
-0.08000000000000002 1.3 0
-0.07 1.3 0
-0.06 1.3 0
-0.04999999999999999 1.3 0
-0.03999999999999998 1.3 0
-0.02999999999999997 1.3 0
-0.020000000000000018 1.3 0
-0.010000000000000009 1.3 0
0 1.3 0
0.010000000000000009 1.3 0
0.020000000000000018 1.3 0
0.030000000000000027 1.3 0
0.040000000000000036 1.3 0
0.050000000000000044 1.3 0
0.06000000000000005 1.3 0
0.07000000000000006 1.3 0
0.07999999999999996 1.3 0
0.08999999999999997 1.3 0
0.09999999999999998 1.3 0
0.10999999999999999 1.3 0
0.12 1.3 0
0.13 1.3 0
0.14 1.3 0
0.15000000000000002 1.3 0
0.16000000000000003 1.3 0
0.17000000000000004 1.3 0
0.18000000000000005 1.3 0
0.19000000000000006 1.3 0
0.20000000000000007 1.3 0
0.20999999999999996 1.3 0
0.21999999999999997 1.3 0
0.22999999999999998 1.3 0
0.24 1.3 0
0.25 1.3 0
0.26 1.3 0
0.27 1.3 0
0.28 1.3 0
0.29000000000000004 1.3 0
0.30000000000000004 1.3 0
0.31000000000000005 1.3 0
0.32000000000000006 1.3 0
0.33000000000000007 1.3 0
0.33999999999999997 1.3 0
0.35 1.3 0
0.36 1.3 0
0.37 1.3 0
0.38 1.3 0
0.39 1.3 0
0.4 1.3 0
0.41000000000000003 1.3 0
0.42000000000000004 1.3 0
0.43000000000000005 1.3 0
0.44000000000000006 1.3 0
0.45000000000000007 1.3 0
0.45999999999999996 1.3 0
0.47 1.3 0
0.48 1.3 0
0.49 1.3 0
-0.49 1.31 0
-0.48 1.31 0
-0.47 1.31 0
-0.46 1.31 0
-0.45 1.31 0
-0.44 1.31 0
-0.43 1.31 0
-0.42 1.31 0
-0.41000000000000003 1.31 0
-0.4 1.31 0
-0.39 1.31 0
-0.38 1.31 0
-0.37 1.31 0
-0.36 1.31 0
-0.35 1.31 0
-0.33999999999999997 1.31 0
-0.32999999999999996 1.31 0
-0.32 1.31 0
-0.31 1.31 0
-0.3 1.31 0
-0.29000000000000004 1.31 0
-0.28 1.31 0
-0.27 1.31 0
-0.26 1.31 0
-0.25 1.31 0
-0.24 1.31 0
-0.22999999999999998 1.31 0
-0.21999999999999997 1.31 0
-0.21000000000000002 1.31 0
-0.2 1.31 0
-0.19 1.31 0
-0.18 1.31 0
-0.16999999999999998 1.31 0
-0.15999999999999998 1.31 0
-0.14999999999999997 1.31 0
-0.14 1.31 0
-0.13 1.31 0
-0.12 1.31 0
-0.10999999999999999 1.31 0
-0.09999999999999998 1.31 0
-0.08999999999999997 1.31 0
-0.08000000000000002 1.31 0
-0.07 1.31 0
-0.06 1.31 0
-0.04999999999999999 1.31 0
-0.03999999999999998 1.31 0
-0.02999999999999997 1.31 0
-0.020000000000000018 1.31 0
-0.010000000000000009 1.31 0
0 1.31 0
0.010000000000000009 1.31 0
0.020000000000000018 1.31 0
0.030000000000000027 1.31 0
0.040000000000000036 1.31 0
0.050000000000000044 1.31 0
0.06000000000000005 1.31 0
0.07000000000000006 1.31 0
0.07999999999999996 1.31 0
0.08999999999999997 1.31 0
0.09999999999999998 1.31 0
0.10999999999999999 1.31 0
0.12 1.31 0
0.13 1.31 0
0.14 1.31 0
0.15000000000000002 1.31 0
0.16000000000000003 1.31 0
0.17000000000000004 1.31 0
0.18000000000000005 1.31 0
0.19000000000000006 1.31 0
0.20000000000000007 1.31 0
0.20999999999999996 1.31 0
0.21999999999999997 1.31 0
0.22999999999999998 1.31 0
0.24 1.31 0
0.25 1.31 0
0.26 1.31 0
0.27 1.31 0
0.28 1.31 0
0.29000000000000004 1.31 0
0.30000000000000004 1.31 0
0.31000000000000005 1.31 0
0.32000000000000006 1.31 0
0.33000000000000007 1.31 0
0.33999999999999997 1.31 0
0.35 1.31 0
0.36 1.31 0
0.37 1.31 0
0.38 1.31 0
0.39 1.31 0
0.4 1.31 0
0.41000000000000003 1.31 0
0.42000000000000004 1.31 0
0.43000000000000005 1.31 0
0.44000000000000006 1.31 0
0.45000000000000007 1.31 0
0.45999999999999996 1.31 0
0.47 1.31 0
0.48 1.31 0
0.49 1.31 0
-0.49 1.32 0
-0.48 1.32 0
-0.47 1.32 0
-0.46 1.32 0
-0.45 1.32 0
-0.44 1.32 0
-0.43 1.32 0
-0.42 1.32 0
-0.41000000000000003 1.32 0
-0.4 1.32 0
-0.39 1.32 0
-0.38 1.32 0
-0.37 1.32 0
-0.36 1.32 0
-0.35 1.32 0
-0.33999999999999997 1.32 0
-0.32999999999999996 1.32 0
-0.32 1.32 0
-0.31 1.32 0
-0.3 1.32 0
-0.29000000000000004 1.32 0
-0.28 1.32 0
-0.27 1.32 0
-0.26 1.32 0
-0.25 1.32 0
-0.24 1.32 0
-0.22999999999999998 1.32 0
-0.21999999999999997 1.32 0
-0.21000000000000002 1.32 0
-0.2 1.32 0
-0.19 1.32 0
-0.18 1.32 0
-0.16999999999999998 1.32 0
-0.15999999999999998 1.32 0
-0.14999999999999997 1.32 0
-0.14 1.32 0
-0.13 1.32 0
-0.12 1.32 0
-0.10999999999999999 1.32 0
-0.09999999999999998 1.32 0
-0.08999999999999997 1.32 0
-0.08000000000000002 1.32 0
-0.07 1.32 0
-0.06 1.32 0
-0.04999999999999999 1.32 0
-0.03999999999999998 1.32 0
-0.02999999999999997 1.32 0
-0.020000000000000018 1.32 0
-0.010000000000000009 1.32 0
0 1.32 0
0.010000000000000009 1.32 0
0.020000000000000018 1.32 0
0.030000000000000027 1.32 0
0.040000000000000036 1.32 0
0.050000000000000044 1.32 0
0.06000000000000005 1.32 0
0.07000000000000006 1.32 0
0.07999999999999996 1.32 0
0.08999999999999997 1.32 0
0.09999999999999998 1.32 0
0.10999999999999999 1.32 0
0.12 1.32 0
0.13 1.32 0
0.14 1.32 0
0.15000000000000002 1.32 0
0.16000000000000003 1.32 0
0.17000000000000004 1.32 0
0.18000000000000005 1.32 0
0.19000000000000006 1.32 0
0.20000000000000007 1.32 0
0.20999999999999996 1.32 0
0.21999999999999997 1.32 0
0.22999999999999998 1.32 0
0.24 1.32 0
0.25 1.32 0
0.26 1.32 0
0.27 1.32 0
0.28 1.32 0
0.29000000000000004 1.32 0
0.30000000000000004 1.32 0
0.31000000000000005 1.32 0
0.32000000000000006 1.32 0
0.33000000000000007 1.32 0
0.33999999999999997 1.32 0
0.35 1.32 0
0.36 1.32 0
0.37 1.32 0
0.38 1.32 0
0.39 1.32 0
0.4 1.32 0
0.41000000000000003 1.32 0
0.42000000000000004 1.32 0
0.43000000000000005 1.32 0
0.44000000000000006 1.32 0
0.45000000000000007 1.32 0
0.45999999999999996 1.32 0
0.47 1.32 0
0.48 1.32 0
0.49 1.32 0
-0.49 1.33 0
-0.48 1.33 0
-0.47 1.33 0
-0.46 1.33 0
-0.45 1.33 0
-0.44 1.33 0
-0.43 1.33 0
-0.42 1.33 0
-0.41000000000000003 1.33 0
-0.4 1.33 0
-0.39 1.33 0
-0.38 1.33 0
-0.37 1.33 0
-0.36 1.33 0
-0.35 1.33 0
-0.33999999999999997 1.33 0
-0.32999999999999996 1.33 0
-0.32 1.33 0
-0.31 1.33 0
-0.3 1.33 0
-0.29000000000000004 1.33 0
-0.28 1.33 0
-0.27 1.33 0
-0.26 1.33 0
-0.25 1.33 0
-0.24 1.33 0
-0.22999999999999998 1.33 0
-0.21999999999999997 1.33 0
-0.21000000000000002 1.33 0
-0.2 1.33 0
-0.19 1.33 0
-0.18 1.33 0
-0.16999999999999998 1.33 0
-0.15999999999999998 1.33 0
-0.14999999999999997 1.33 0
-0.14 1.33 0
-0.13 1.33 0
-0.12 1.33 0
-0.10999999999999999 1.33 0
-0.09999999999999998 1.33 0
-0.08999999999999997 1.33 0
-0.08000000000000002 1.33 0
-0.07 1.33 0
-0.06 1.33 0
-0.04999999999999999 1.33 0
-0.03999999999999998 1.33 0
-0.02999999999999997 1.33 0
-0.020000000000000018 1.33 0
-0.010000000000000009 1.33 0
0 1.33 0
0.010000000000000009 1.33 0
0.020000000000000018 1.33 0
0.030000000000000027 1.33 0
0.040000000000000036 1.33 0
0.050000000000000044 1.33 0
0.06000000000000005 1.33 0
0.07000000000000006 1.33 0
0.07999999999999996 1.33 0
0.08999999999999997 1.33 0
0.09999999999999998 1.33 0
0.10999999999999999 1.33 0
0.12 1.33 0
0.13 1.33 0
0.14 1.33 0
0.15000000000000002 1.33 0
0.16000000000000003 1.33 0
0.17000000000000004 1.33 0
0.18000000000000005 1.33 0
0.19000000000000006 1.33 0
0.20000000000000007 1.33 0
0.20999999999999996 1.33 0
0.21999999999999997 1.33 0
0.22999999999999998 1.33 0
0.24 1.33 0
0.25 1.33 0
0.26 1.33 0
0.27 1.33 0
0.28 1.33 0
0.29000000000000004 1.33 0
0.30000000000000004 1.33 0
0.31000000000000005 1.33 0
0.32000000000000006 1.33 0
0.33000000000000007 1.33 0
0.33999999999999997 1.33 0
0.35 1.33 0
0.36 1.33 0
0.37 1.33 0
0.38 1.33 0
0.39 1.33 0
0.4 1.33 0
0.41000000000000003 1.33 0
0.42000000000000004 1.33 0
0.43000000000000005 1.33 0
0.44000000000000006 1.33 0
0.45000000000000007 1.33 0
0.45999999999999996 1.33 0
0.47 1.33 0
0.48 1.33 0
0.49 1.33 0
-0.49 1.34 0
-0.48 1.34 0
-0.47 1.34 0
-0.46 1.34 0
-0.45 1.34 0
-0.44 1.34 0
-0.43 1.34 0
-0.42 1.34 0
-0.41000000000000003 1.34 0
-0.4 1.34 0
-0.39 1.34 0
-0.38 1.34 0
-0.37 1.34 0
-0.36 1.34 0
-0.35 1.34 0
-0.33999999999999997 1.34 0
-0.32999999999999996 1.34 0
-0.32 1.34 0
-0.31 1.34 0
-0.3 1.34 0
-0.29000000000000004 1.34 0
-0.28 1.34 0
-0.27 1.34 0
-0.26 1.34 0
-0.25 1.34 0
-0.24 1.34 0
-0.22999999999999998 1.34 0
-0.21999999999999997 1.34 0
-0.21000000000000002 1.34 0
-0.2 1.34 0
-0.19 1.34 0
-0.18 1.34 0
-0.16999999999999998 1.34 0
-0.15999999999999998 1.34 0
-0.14999999999999997 1.34 0
-0.14 1.34 0
-0.13 1.34 0
-0.12 1.34 0
-0.10999999999999999 1.34 0
-0.09999999999999998 1.34 0
-0.08999999999999997 1.34 0
-0.08000000000000002 1.34 0
-0.07 1.34 0
-0.06 1.34 0
-0.04999999999999999 1.34 0
-0.03999999999999998 1.34 0
-0.02999999999999997 1.34 0
-0.020000000000000018 1.34 0
-0.010000000000000009 1.34 0
0 1.34 0
0.010000000000000009 1.34 0
0.020000000000000018 1.34 0
0.030000000000000027 1.34 0
0.040000000000000036 1.34 0
0.050000000000000044 1.34 0
0.06000000000000005 1.34 0
0.07000000000000006 1.34 0
0.07999999999999996 1.34 0
0.08999999999999997 1.34 0
0.09999999999999998 1.34 0
0.10999999999999999 1.34 0
0.12 1.34 0
0.13 1.34 0
0.14 1.34 0
0.15000000000000002 1.34 0
0.16000000000000003 1.34 0
0.17000000000000004 1.34 0
0.18000000000000005 1.34 0
0.19000000000000006 1.34 0
0.20000000000000007 1.34 0
0.20999999999999996 1.34 0
0.21999999999999997 1.34 0
0.22999999999999998 1.34 0
0.24 1.34 0
0.25 1.34 0
0.26 1.34 0
0.27 1.34 0
0.28 1.34 0
0.29000000000000004 1.34 0
0.30000000000000004 1.34 0
0.31000000000000005 1.34 0
0.32000000000000006 1.34 0
0.33000000000000007 1.34 0
0.33999999999999997 1.34 0
0.35 1.34 0
0.36 1.34 0
0.37 1.34 0
0.38 1.34 0
0.39 1.34 0
0.4 1.34 0
0.41000000000000003 1.34 0
0.42000000000000004 1.34 0
0.43000000000000005 1.34 0
0.44000000000000006 1.34 0
0.45000000000000007 1.34 0
0.45999999999999996 1.34 0
0.47 1.34 0
0.48 1.34 0
0.49 1.34 0
-0.49 1.35 0
-0.48 1.35 0
-0.47 1.35 0
-0.46 1.35 0
-0.45 1.35 0
-0.44 1.35 0
-0.43 1.35 0
-0.42 1.35 0
-0.41000000000000003 1.35 0
-0.4 1.35 0
-0.39 1.35 0
-0.38 1.35 0
-0.37 1.35 0
-0.36 1.35 0
-0.35 1.35 0
-0.33999999999999997 1.35 0
-0.32999999999999996 1.35 0
-0.32 1.35 0
-0.31 1.35 0
-0.3 1.35 0
-0.29000000000000004 1.35 0
-0.28 1.35 0
-0.27 1.35 0
-0.26 1.35 0
-0.25 1.35 0
-0.24 1.35 0
-0.22999999999999998 1.35 0
-0.21999999999999997 1.35 0
-0.21000000000000002 1.35 0
-0.2 1.35 0
-0.19 1.35 0
-0.18 1.35 0
-0.16999999999999998 1.35 0
-0.15999999999999998 1.35 0
-0.14999999999999997 1.35 0
-0.14 1.35 0
-0.13 1.35 0
-0.12 1.35 0
-0.10999999999999999 1.35 0
-0.09999999999999998 1.35 0
-0.08999999999999997 1.35 0
-0.08000000000000002 1.35 0
-0.07 1.35 0
-0.06 1.35 0
-0.04999999999999999 1.35 0
-0.03999999999999998 1.35 0
-0.02999999999999997 1.35 0
-0.020000000000000018 1.35 0
-0.010000000000000009 1.35 0
0 1.35 0
0.010000000000000009 1.35 0
0.020000000000000018 1.35 0
0.030000000000000027 1.35 0
0.040000000000000036 1.35 0
0.050000000000000044 1.35 0
0.06000000000000005 1.35 0
0.07000000000000006 1.35 0
0.07999999999999996 1.35 0
0.08999999999999997 1.35 0
0.09999999999999998 1.35 0
0.10999999999999999 1.35 0
0.12 1.35 0
0.13 1.35 0
0.14 1.35 0
0.15000000000000002 1.35 0
0.16000000000000003 1.35 0
0.17000000000000004 1.35 0
0.18000000000000005 1.35 0
0.19000000000000006 1.35 0
0.20000000000000007 1.35 0
0.20999999999999996 1.35 0
0.21999999999999997 1.35 0
0.22999999999999998 1.35 0
0.24 1.35 0
0.25 1.35 0
0.26 1.35 0
0.27 1.35 0
0.28 1.35 0
0.29000000000000004 1.35 0
0.30000000000000004 1.35 0
0.31000000000000005 1.35 0
0.32000000000000006 1.35 0
0.33000000000000007 1.35 0
0.33999999999999997 1.35 0
0.35 1.35 0
0.36 1.35 0
0.37 1.35 0
0.38 1.35 0
0.39 1.35 0
0.4 1.35 0
0.41000000000000003 1.35 0
0.42000000000000004 1.35 0
0.43000000000000005 1.35 0
0.44000000000000006 1.35 0
0.45000000000000007 1.35 0
0.45999999999999996 1.35 0
0.47 1.35 0
0.48 1.35 0
0.49 1.35 0
-0.49 1.36 0
-0.48 1.36 0
-0.47 1.36 0
-0.46 1.36 0
-0.45 1.36 0
-0.44 1.36 0
-0.43 1.36 0
-0.42 1.36 0
-0.41000000000000003 1.36 0
-0.4 1.36 0
-0.39 1.36 0
-0.38 1.36 0
-0.37 1.36 0
-0.36 1.36 0
-0.35 1.36 0
-0.33999999999999997 1.36 0
-0.32999999999999996 1.36 0
-0.32 1.36 0
-0.31 1.36 0
-0.3 1.36 0
-0.29000000000000004 1.36 0
-0.28 1.36 0
-0.27 1.36 0
-0.26 1.36 0
-0.25 1.36 0
-0.24 1.36 0
-0.22999999999999998 1.36 0
-0.21999999999999997 1.36 0
-0.21000000000000002 1.36 0
-0.2 1.36 0
-0.19 1.36 0
-0.18 1.36 0
-0.16999999999999998 1.36 0
-0.15999999999999998 1.36 0
-0.14999999999999997 1.36 0
-0.14 1.36 0
-0.13 1.36 0
-0.12 1.36 0
-0.10999999999999999 1.36 0
-0.09999999999999998 1.36 0
-0.08999999999999997 1.36 0
-0.08000000000000002 1.36 0
-0.07 1.36 0
-0.06 1.36 0
-0.04999999999999999 1.36 0
-0.03999999999999998 1.36 0
-0.02999999999999997 1.36 0
-0.020000000000000018 1.36 0
-0.010000000000000009 1.36 0
0 1.36 0
0.010000000000000009 1.36 0
0.020000000000000018 1.36 0
0.030000000000000027 1.36 0
0.040000000000000036 1.36 0
0.050000000000000044 1.36 0
0.06000000000000005 1.36 0
0.07000000000000006 1.36 0
0.07999999999999996 1.36 0
0.08999999999999997 1.36 0
0.09999999999999998 1.36 0
0.10999999999999999 1.36 0
0.12 1.36 0
0.13 1.36 0
0.14 1.36 0
0.15000000000000002 1.36 0
0.16000000000000003 1.36 0
0.17000000000000004 1.36 0
0.18000000000000005 1.36 0
0.19000000000000006 1.36 0
0.20000000000000007 1.36 0
0.20999999999999996 1.36 0
0.21999999999999997 1.36 0
0.22999999999999998 1.36 0
0.24 1.36 0
0.25 1.36 0
0.26 1.36 0
0.27 1.36 0
0.28 1.36 0
0.29000000000000004 1.36 0
0.30000000000000004 1.36 0
0.31000000000000005 1.36 0
0.32000000000000006 1.36 0
0.33000000000000007 1.36 0
0.33999999999999997 1.36 0
0.35 1.36 0
0.36 1.36 0
0.37 1.36 0
0.38 1.36 0
0.39 1.36 0
0.4 1.36 0
0.41000000000000003 1.36 0
0.42000000000000004 1.36 0
0.43000000000000005 1.36 0
0.44000000000000006 1.36 0
0.45000000000000007 1.36 0
0.45999999999999996 1.36 0
0.47 1.36 0
0.48 1.36 0
0.49 1.36 0
-0.49 1.37 0
-0.48 1.37 0
-0.47 1.37 0
-0.46 1.37 0
-0.45 1.37 0
-0.44 1.37 0
-0.43 1.37 0
-0.42 1.37 0
-0.41000000000000003 1.37 0
-0.4 1.37 0
-0.39 1.37 0
-0.38 1.37 0
-0.37 1.37 0
-0.36 1.37 0
-0.35 1.37 0
-0.33999999999999997 1.37 0
-0.32999999999999996 1.37 0
-0.32 1.37 0
-0.31 1.37 0
-0.3 1.37 0
-0.29000000000000004 1.37 0
-0.28 1.37 0
-0.27 1.37 0
-0.26 1.37 0
-0.25 1.37 0
-0.24 1.37 0
-0.22999999999999998 1.37 0
-0.21999999999999997 1.37 0
-0.21000000000000002 1.37 0
-0.2 1.37 0
-0.19 1.37 0
-0.18 1.37 0
-0.16999999999999998 1.37 0
-0.15999999999999998 1.37 0
-0.14999999999999997 1.37 0
-0.14 1.37 0
-0.13 1.37 0
-0.12 1.37 0
-0.10999999999999999 1.37 0
-0.09999999999999998 1.37 0
-0.08999999999999997 1.37 0
-0.08000000000000002 1.37 0
-0.07 1.37 0
-0.06 1.37 0
-0.04999999999999999 1.37 0
-0.03999999999999998 1.37 0
-0.02999999999999997 1.37 0
-0.020000000000000018 1.37 0
-0.010000000000000009 1.37 0
0 1.37 0
0.010000000000000009 1.37 0
0.020000000000000018 1.37 0
0.030000000000000027 1.37 0
0.040000000000000036 1.37 0
0.050000000000000044 1.37 0
0.06000000000000005 1.37 0
0.07000000000000006 1.37 0
0.07999999999999996 1.37 0
0.08999999999999997 1.37 0
0.09999999999999998 1.37 0
0.10999999999999999 1.37 0
0.12 1.37 0
0.13 1.37 0
0.14 1.37 0
0.15000000000000002 1.37 0
0.16000000000000003 1.37 0
0.17000000000000004 1.37 0
0.18000000000000005 1.37 0
0.19000000000000006 1.37 0
0.20000000000000007 1.37 0
0.20999999999999996 1.37 0
0.21999999999999997 1.37 0
0.22999999999999998 1.37 0
0.24 1.37 0
0.25 1.37 0
0.26 1.37 0
0.27 1.37 0
0.28 1.37 0
0.29000000000000004 1.37 0
0.30000000000000004 1.37 0
0.31000000000000005 1.37 0
0.32000000000000006 1.37 0
0.33000000000000007 1.37 0
0.33999999999999997 1.37 0
0.35 1.37 0
0.36 1.37 0
0.37 1.37 0
0.38 1.37 0
0.39 1.37 0
0.4 1.37 0
0.41000000000000003 1.37 0
0.42000000000000004 1.37 0
0.43000000000000005 1.37 0
0.44000000000000006 1.37 0
0.45000000000000007 1.37 0
0.45999999999999996 1.37 0
0.47 1.37 0
0.48 1.37 0
0.49 1.37 0
-0.49 1.3800000000000001 0
-0.48 1.3800000000000001 0
-0.47 1.3800000000000001 0
-0.46 1.3800000000000001 0
-0.45 1.3800000000000001 0
-0.44 1.3800000000000001 0
-0.43 1.3800000000000001 0
-0.42 1.3800000000000001 0
-0.41000000000000003 1.3800000000000001 0
-0.4 1.3800000000000001 0
-0.39 1.3800000000000001 0
-0.38 1.3800000000000001 0
-0.37 1.3800000000000001 0
-0.36 1.3800000000000001 0
-0.35 1.3800000000000001 0
-0.33999999999999997 1.3800000000000001 0
-0.32999999999999996 1.3800000000000001 0
-0.32 1.3800000000000001 0
-0.31 1.3800000000000001 0
-0.3 1.3800000000000001 0
-0.29000000000000004 1.3800000000000001 0
-0.28 1.3800000000000001 0
-0.27 1.3800000000000001 0
-0.26 1.3800000000000001 0
-0.25 1.3800000000000001 0
-0.24 1.3800000000000001 0
-0.22999999999999998 1.3800000000000001 0
-0.21999999999999997 1.3800000000000001 0
-0.21000000000000002 1.3800000000000001 0
-0.2 1.3800000000000001 0
-0.19 1.3800000000000001 0
-0.18 1.3800000000000001 0
-0.16999999999999998 1.3800000000000001 0
-0.15999999999999998 1.3800000000000001 0
-0.14999999999999997 1.3800000000000001 0
-0.14 1.3800000000000001 0
-0.13 1.3800000000000001 0
-0.12 1.3800000000000001 0
-0.10999999999999999 1.3800000000000001 0
-0.09999999999999998 1.3800000000000001 0
-0.08999999999999997 1.3800000000000001 0
-0.08000000000000002 1.3800000000000001 0
-0.07 1.3800000000000001 0
-0.06 1.3800000000000001 0
-0.04999999999999999 1.3800000000000001 0
-0.03999999999999998 1.3800000000000001 0
-0.02999999999999997 1.3800000000000001 0
-0.020000000000000018 1.3800000000000001 0
-0.010000000000000009 1.3800000000000001 0
0 1.3800000000000001 0
0.010000000000000009 1.3800000000000001 0
0.020000000000000018 1.3800000000000001 0
0.030000000000000027 1.3800000000000001 0
0.040000000000000036 1.3800000000000001 0
0.050000000000000044 1.3800000000000001 0
0.06000000000000005 1.3800000000000001 0
0.07000000000000006 1.3800000000000001 0
0.07999999999999996 1.3800000000000001 0
0.08999999999999997 1.3800000000000001 0
0.09999999999999998 1.3800000000000001 0
0.10999999999999999 1.3800000000000001 0
0.12 1.3800000000000001 0
0.13 1.3800000000000001 0
0.14 1.3800000000000001 0
0.15000000000000002 1.3800000000000001 0
0.16000000000000003 1.3800000000000001 0
0.17000000000000004 1.3800000000000001 0
0.18000000000000005 1.3800000000000001 0
0.19000000000000006 1.3800000000000001 0
0.20000000000000007 1.3800000000000001 0
0.20999999999999996 1.3800000000000001 0
0.21999999999999997 1.3800000000000001 0
0.22999999999999998 1.3800000000000001 0
0.24 1.3800000000000001 0
0.25 1.3800000000000001 0
0.26 1.3800000000000001 0
0.27 1.3800000000000001 0
0.28 1.3800000000000001 0
0.29000000000000004 1.3800000000000001 0
0.30000000000000004 1.3800000000000001 0
0.31000000000000005 1.3800000000000001 0
0.32000000000000006 1.3800000000000001 0
0.33000000000000007 1.3800000000000001 0
0.33999999999999997 1.3800000000000001 0
0.35 1.3800000000000001 0
0.36 1.3800000000000001 0
0.37 1.3800000000000001 0
0.38 1.3800000000000001 0
0.39 1.3800000000000001 0
0.4 1.3800000000000001 0
0.41000000000000003 1.3800000000000001 0
0.42000000000000004 1.3800000000000001 0
0.43000000000000005 1.3800000000000001 0
0.44000000000000006 1.3800000000000001 0
0.45000000000000007 1.3800000000000001 0
0.45999999999999996 1.3800000000000001 0
0.47 1.3800000000000001 0
0.48 1.3800000000000001 0
0.49 1.3800000000000001 0
-0.49 1.3900000000000001 0
-0.48 1.3900000000000001 0
-0.47 1.3900000000000001 0
-0.46 1.3900000000000001 0
-0.45 1.3900000000000001 0
-0.44 1.3900000000000001 0
-0.43 1.3900000000000001 0
-0.42 1.3900000000000001 0
-0.41000000000000003 1.3900000000000001 0
-0.4 1.3900000000000001 0
-0.39 1.3900000000000001 0
-0.38 1.3900000000000001 0
-0.37 1.3900000000000001 0
-0.36 1.3900000000000001 0
-0.35 1.3900000000000001 0
-0.33999999999999997 1.3900000000000001 0
-0.32999999999999996 1.3900000000000001 0
-0.32 1.3900000000000001 0
-0.31 1.3900000000000001 0
-0.3 1.3900000000000001 0
-0.29000000000000004 1.3900000000000001 0
-0.28 1.3900000000000001 0
-0.27 1.3900000000000001 0
-0.26 1.3900000000000001 0
-0.25 1.3900000000000001 0
-0.24 1.3900000000000001 0
-0.22999999999999998 1.3900000000000001 0
-0.21999999999999997 1.3900000000000001 0
-0.21000000000000002 1.3900000000000001 0
-0.2 1.3900000000000001 0
-0.19 1.3900000000000001 0
-0.18 1.3900000000000001 0
-0.16999999999999998 1.3900000000000001 0
-0.15999999999999998 1.3900000000000001 0
-0.14999999999999997 1.3900000000000001 0
-0.14 1.3900000000000001 0
-0.13 1.3900000000000001 0
-0.12 1.3900000000000001 0
-0.10999999999999999 1.3900000000000001 0
-0.09999999999999998 1.3900000000000001 0
-0.08999999999999997 1.3900000000000001 0
-0.08000000000000002 1.3900000000000001 0
-0.07 1.3900000000000001 0
-0.06 1.3900000000000001 0
-0.04999999999999999 1.3900000000000001 0
-0.03999999999999998 1.3900000000000001 0
-0.02999999999999997 1.3900000000000001 0
-0.020000000000000018 1.3900000000000001 0
-0.010000000000000009 1.3900000000000001 0
0 1.3900000000000001 0
0.010000000000000009 1.3900000000000001 0
0.020000000000000018 1.3900000000000001 0
0.030000000000000027 1.3900000000000001 0
0.040000000000000036 1.3900000000000001 0
0.050000000000000044 1.3900000000000001 0
0.06000000000000005 1.3900000000000001 0
0.07000000000000006 1.3900000000000001 0
0.07999999999999996 1.3900000000000001 0
0.08999999999999997 1.3900000000000001 0
0.09999999999999998 1.3900000000000001 0
0.10999999999999999 1.3900000000000001 0
0.12 1.3900000000000001 0
0.13 1.3900000000000001 0
0.14 1.3900000000000001 0
0.15000000000000002 1.3900000000000001 0
0.16000000000000003 1.3900000000000001 0
0.17000000000000004 1.3900000000000001 0
0.18000000000000005 1.3900000000000001 0
0.19000000000000006 1.3900000000000001 0
0.20000000000000007 1.3900000000000001 0
0.20999999999999996 1.3900000000000001 0
0.21999999999999997 1.3900000000000001 0
0.22999999999999998 1.3900000000000001 0
0.24 1.3900000000000001 0
0.25 1.3900000000000001 0
0.26 1.3900000000000001 0
0.27 1.3900000000000001 0
0.28 1.3900000000000001 0
0.29000000000000004 1.3900000000000001 0
0.30000000000000004 1.3900000000000001 0
0.31000000000000005 1.3900000000000001 0
0.32000000000000006 1.3900000000000001 0
0.33000000000000007 1.3900000000000001 0
0.33999999999999997 1.3900000000000001 0
0.35 1.3900000000000001 0
0.36 1.3900000000000001 0
0.37 1.3900000000000001 0
0.38 1.3900000000000001 0
0.39 1.3900000000000001 0
0.4 1.3900000000000001 0
0.41000000000000003 1.3900000000000001 0
0.42000000000000004 1.3900000000000001 0
0.43000000000000005 1.3900000000000001 0
0.44000000000000006 1.3900000000000001 0
0.45000000000000007 1.3900000000000001 0
0.45999999999999996 1.3900000000000001 0
0.47 1.3900000000000001 0
0.48 1.3900000000000001 0
0.49 1.3900000000000001 0
-0.49 1.4000000000000001 0
-0.48 1.4000000000000001 0
-0.47 1.4000000000000001 0
-0.46 1.4000000000000001 0
-0.45 1.4000000000000001 0
-0.44 1.4000000000000001 0
-0.43 1.4000000000000001 0
-0.42 1.4000000000000001 0
-0.41000000000000003 1.4000000000000001 0
-0.4 1.4000000000000001 0
-0.39 1.4000000000000001 0
-0.38 1.4000000000000001 0
-0.37 1.4000000000000001 0
-0.36 1.4000000000000001 0
-0.35 1.4000000000000001 0
-0.33999999999999997 1.4000000000000001 0
-0.32999999999999996 1.4000000000000001 0
-0.32 1.4000000000000001 0
-0.31 1.4000000000000001 0
-0.3 1.4000000000000001 0
-0.29000000000000004 1.4000000000000001 0
-0.28 1.4000000000000001 0
-0.27 1.4000000000000001 0
-0.26 1.4000000000000001 0
-0.25 1.4000000000000001 0
-0.24 1.4000000000000001 0
-0.22999999999999998 1.4000000000000001 0
-0.21999999999999997 1.4000000000000001 0
-0.21000000000000002 1.4000000000000001 0
-0.2 1.4000000000000001 0
-0.19 1.4000000000000001 0
-0.18 1.4000000000000001 0
-0.16999999999999998 1.4000000000000001 0
-0.15999999999999998 1.4000000000000001 0
-0.14999999999999997 1.4000000000000001 0
-0.14 1.4000000000000001 0
-0.13 1.4000000000000001 0
-0.12 1.4000000000000001 0
-0.10999999999999999 1.4000000000000001 0
-0.09999999999999998 1.4000000000000001 0
-0.08999999999999997 1.4000000000000001 0
-0.08000000000000002 1.4000000000000001 0
-0.07 1.4000000000000001 0
-0.06 1.4000000000000001 0
-0.04999999999999999 1.4000000000000001 0
-0.03999999999999998 1.4000000000000001 0
-0.02999999999999997 1.4000000000000001 0
-0.020000000000000018 1.4000000000000001 0
-0.010000000000000009 1.4000000000000001 0
0 1.4000000000000001 0
0.010000000000000009 1.4000000000000001 0
0.020000000000000018 1.4000000000000001 0
0.030000000000000027 1.4000000000000001 0
0.040000000000000036 1.4000000000000001 0
0.050000000000000044 1.4000000000000001 0
0.06000000000000005 1.4000000000000001 0
0.07000000000000006 1.4000000000000001 0
0.07999999999999996 1.4000000000000001 0
0.08999999999999997 1.4000000000000001 0
0.09999999999999998 1.4000000000000001 0
0.10999999999999999 1.4000000000000001 0
0.12 1.4000000000000001 0
0.13 1.4000000000000001 0
0.14 1.4000000000000001 0
0.15000000000000002 1.4000000000000001 0
0.16000000000000003 1.4000000000000001 0
0.17000000000000004 1.4000000000000001 0
0.18000000000000005 1.4000000000000001 0
0.19000000000000006 1.4000000000000001 0
0.20000000000000007 1.4000000000000001 0
0.20999999999999996 1.4000000000000001 0
0.21999999999999997 1.4000000000000001 0
0.22999999999999998 1.4000000000000001 0
0.24 1.4000000000000001 0
0.25 1.4000000000000001 0
0.26 1.4000000000000001 0
0.27 1.4000000000000001 0
0.28 1.4000000000000001 0
0.29000000000000004 1.4000000000000001 0
0.30000000000000004 1.4000000000000001 0
0.31000000000000005 1.4000000000000001 0
0.32000000000000006 1.4000000000000001 0
0.33000000000000007 1.4000000000000001 0
0.33999999999999997 1.4000000000000001 0
0.35 1.4000000000000001 0
0.36 1.4000000000000001 0
0.37 1.4000000000000001 0
0.38 1.4000000000000001 0
0.39 1.4000000000000001 0
0.4 1.4000000000000001 0
0.41000000000000003 1.4000000000000001 0
0.42000000000000004 1.4000000000000001 0
0.43000000000000005 1.4000000000000001 0
0.44000000000000006 1.4000000000000001 0
0.45000000000000007 1.4000000000000001 0
0.45999999999999996 1.4000000000000001 0
0.47 1.4000000000000001 0
0.48 1.4000000000000001 0
0.49 1.4000000000000001 0
-0.49 1.41 0
-0.48 1.41 0
-0.47 1.41 0
-0.46 1.41 0
-0.45 1.41 0
-0.44 1.41 0
-0.43 1.41 0
-0.42 1.41 0
-0.41000000000000003 1.41 0
-0.4 1.41 0
-0.39 1.41 0
-0.38 1.41 0
-0.37 1.41 0
-0.36 1.41 0
-0.35 1.41 0
-0.33999999999999997 1.41 0
-0.32999999999999996 1.41 0
-0.32 1.41 0
-0.31 1.41 0
-0.3 1.41 0
-0.29000000000000004 1.41 0
-0.28 1.41 0
-0.27 1.41 0
-0.26 1.41 0
-0.25 1.41 0
-0.24 1.41 0
-0.22999999999999998 1.41 0
-0.21999999999999997 1.41 0
-0.21000000000000002 1.41 0
-0.2 1.41 0
-0.19 1.41 0
-0.18 1.41 0
-0.16999999999999998 1.41 0
-0.15999999999999998 1.41 0
-0.14999999999999997 1.41 0
-0.14 1.41 0
-0.13 1.41 0
-0.12 1.41 0
-0.10999999999999999 1.41 0
-0.09999999999999998 1.41 0
-0.08999999999999997 1.41 0
-0.08000000000000002 1.41 0
-0.07 1.41 0
-0.06 1.41 0
-0.04999999999999999 1.41 0
-0.03999999999999998 1.41 0
-0.02999999999999997 1.41 0
-0.020000000000000018 1.41 0
-0.010000000000000009 1.41 0
0 1.41 0
0.010000000000000009 1.41 0
0.020000000000000018 1.41 0
0.030000000000000027 1.41 0
0.040000000000000036 1.41 0
0.050000000000000044 1.41 0
0.06000000000000005 1.41 0
0.07000000000000006 1.41 0
0.07999999999999996 1.41 0
0.08999999999999997 1.41 0
0.09999999999999998 1.41 0
0.10999999999999999 1.41 0
0.12 1.41 0
0.13 1.41 0
0.14 1.41 0
0.15000000000000002 1.41 0
0.16000000000000003 1.41 0
0.17000000000000004 1.41 0
0.18000000000000005 1.41 0
0.19000000000000006 1.41 0
0.20000000000000007 1.41 0
0.20999999999999996 1.41 0
0.21999999999999997 1.41 0
0.22999999999999998 1.41 0
0.24 1.41 0
0.25 1.41 0
0.26 1.41 0
0.27 1.41 0
0.28 1.41 0
0.29000000000000004 1.41 0
0.30000000000000004 1.41 0
0.31000000000000005 1.41 0
0.32000000000000006 1.41 0
0.33000000000000007 1.41 0
0.33999999999999997 1.41 0
0.35 1.41 0
0.36 1.41 0
0.37 1.41 0
0.38 1.41 0
0.39 1.41 0
0.4 1.41 0
0.41000000000000003 1.41 0
0.42000000000000004 1.41 0
0.43000000000000005 1.41 0
0.44000000000000006 1.41 0
0.45000000000000007 1.41 0
0.45999999999999996 1.41 0
0.47 1.41 0
0.48 1.41 0
0.49 1.41 0
-0.49 1.42 0
-0.48 1.42 0
-0.47 1.42 0
-0.46 1.42 0
-0.45 1.42 0
-0.44 1.42 0
-0.43 1.42 0
-0.42 1.42 0
-0.41000000000000003 1.42 0
-0.4 1.42 0
-0.39 1.42 0
-0.38 1.42 0
-0.37 1.42 0
-0.36 1.42 0
-0.35 1.42 0
-0.33999999999999997 1.42 0
-0.32999999999999996 1.42 0
-0.32 1.42 0
-0.31 1.42 0
-0.3 1.42 0
-0.29000000000000004 1.42 0
-0.28 1.42 0
-0.27 1.42 0
-0.26 1.42 0
-0.25 1.42 0
-0.24 1.42 0
-0.22999999999999998 1.42 0
-0.21999999999999997 1.42 0
-0.21000000000000002 1.42 0
-0.2 1.42 0
-0.19 1.42 0
-0.18 1.42 0
-0.16999999999999998 1.42 0
-0.15999999999999998 1.42 0
-0.14999999999999997 1.42 0
-0.14 1.42 0
-0.13 1.42 0
-0.12 1.42 0
-0.10999999999999999 1.42 0
-0.09999999999999998 1.42 0
-0.08999999999999997 1.42 0
-0.08000000000000002 1.42 0
-0.07 1.42 0
-0.06 1.42 0
-0.04999999999999999 1.42 0
-0.03999999999999998 1.42 0
-0.02999999999999997 1.42 0
-0.020000000000000018 1.42 0
-0.010000000000000009 1.42 0
0 1.42 0
0.010000000000000009 1.42 0
0.020000000000000018 1.42 0
0.030000000000000027 1.42 0
0.040000000000000036 1.42 0
0.050000000000000044 1.42 0
0.06000000000000005 1.42 0
0.07000000000000006 1.42 0
0.07999999999999996 1.42 0
0.08999999999999997 1.42 0
0.09999999999999998 1.42 0
0.10999999999999999 1.42 0
0.12 1.42 0
0.13 1.42 0
0.14 1.42 0
0.15000000000000002 1.42 0
0.16000000000000003 1.42 0
0.17000000000000004 1.42 0
0.18000000000000005 1.42 0
0.19000000000000006 1.42 0
0.20000000000000007 1.42 0
0.20999999999999996 1.42 0
0.21999999999999997 1.42 0
0.22999999999999998 1.42 0
0.24 1.42 0
0.25 1.42 0
0.26 1.42 0
0.27 1.42 0
0.28 1.42 0
0.29000000000000004 1.42 0
0.30000000000000004 1.42 0
0.31000000000000005 1.42 0
0.32000000000000006 1.42 0
0.33000000000000007 1.42 0
0.33999999999999997 1.42 0
0.35 1.42 0
0.36 1.42 0
0.37 1.42 0
0.38 1.42 0
0.39 1.42 0
0.4 1.42 0
0.41000000000000003 1.42 0
0.42000000000000004 1.42 0
0.43000000000000005 1.42 0
0.44000000000000006 1.42 0
0.45000000000000007 1.42 0
0.45999999999999996 1.42 0
0.47 1.42 0
0.48 1.42 0
0.49 1.42 0
-0.49 1.43 0
-0.48 1.43 0
-0.47 1.43 0
-0.46 1.43 0
-0.45 1.43 0
-0.44 1.43 0
-0.43 1.43 0
-0.42 1.43 0
-0.41000000000000003 1.43 0
-0.4 1.43 0
-0.39 1.43 0
-0.38 1.43 0
-0.37 1.43 0
-0.36 1.43 0
-0.35 1.43 0
-0.33999999999999997 1.43 0
-0.32999999999999996 1.43 0
-0.32 1.43 0
-0.31 1.43 0
-0.3 1.43 0
-0.29000000000000004 1.43 0
-0.28 1.43 0
-0.27 1.43 0
-0.26 1.43 0
-0.25 1.43 0
-0.24 1.43 0
-0.22999999999999998 1.43 0
-0.21999999999999997 1.43 0
-0.21000000000000002 1.43 0
-0.2 1.43 0
-0.19 1.43 0
-0.18 1.43 0
-0.16999999999999998 1.43 0
-0.15999999999999998 1.43 0
-0.14999999999999997 1.43 0
-0.14 1.43 0
-0.13 1.43 0
-0.12 1.43 0
-0.10999999999999999 1.43 0
-0.09999999999999998 1.43 0
-0.08999999999999997 1.43 0
-0.08000000000000002 1.43 0
-0.07 1.43 0
-0.06 1.43 0
-0.04999999999999999 1.43 0
-0.03999999999999998 1.43 0
-0.02999999999999997 1.43 0
-0.020000000000000018 1.43 0
-0.010000000000000009 1.43 0
0 1.43 0
0.010000000000000009 1.43 0
0.020000000000000018 1.43 0
0.030000000000000027 1.43 0
0.040000000000000036 1.43 0
0.050000000000000044 1.43 0
0.06000000000000005 1.43 0
0.07000000000000006 1.43 0
0.07999999999999996 1.43 0
0.08999999999999997 1.43 0
0.09999999999999998 1.43 0
0.10999999999999999 1.43 0
0.12 1.43 0
0.13 1.43 0
0.14 1.43 0
0.15000000000000002 1.43 0
0.16000000000000003 1.43 0
0.17000000000000004 1.43 0
0.18000000000000005 1.43 0
0.19000000000000006 1.43 0
0.20000000000000007 1.43 0
0.20999999999999996 1.43 0
0.21999999999999997 1.43 0
0.22999999999999998 1.43 0
0.24 1.43 0
0.25 1.43 0
0.26 1.43 0
0.27 1.43 0
0.28 1.43 0
0.29000000000000004 1.43 0
0.30000000000000004 1.43 0
0.31000000000000005 1.43 0
0.32000000000000006 1.43 0
0.33000000000000007 1.43 0
0.33999999999999997 1.43 0
0.35 1.43 0
0.36 1.43 0
0.37 1.43 0
0.38 1.43 0
0.39 1.43 0
0.4 1.43 0
0.41000000000000003 1.43 0
0.42000000000000004 1.43 0
0.43000000000000005 1.43 0
0.44000000000000006 1.43 0
0.45000000000000007 1.43 0
0.45999999999999996 1.43 0
0.47 1.43 0
0.48 1.43 0
0.49 1.43 0
-0.49 1.44 0
-0.48 1.44 0
-0.47 1.44 0
-0.46 1.44 0
-0.45 1.44 0
-0.44 1.44 0
-0.43 1.44 0
-0.42 1.44 0
-0.41000000000000003 1.44 0
-0.4 1.44 0
-0.39 1.44 0
-0.38 1.44 0
-0.37 1.44 0
-0.36 1.44 0
-0.35 1.44 0
-0.33999999999999997 1.44 0
-0.32999999999999996 1.44 0
-0.32 1.44 0
-0.31 1.44 0
-0.3 1.44 0
-0.29000000000000004 1.44 0
-0.28 1.44 0
-0.27 1.44 0
-0.26 1.44 0
-0.25 1.44 0
-0.24 1.44 0
-0.22999999999999998 1.44 0
-0.21999999999999997 1.44 0
-0.21000000000000002 1.44 0
-0.2 1.44 0
-0.19 1.44 0
-0.18 1.44 0
-0.16999999999999998 1.44 0
-0.15999999999999998 1.44 0
-0.14999999999999997 1.44 0
-0.14 1.44 0
-0.13 1.44 0
-0.12 1.44 0
-0.10999999999999999 1.44 0
-0.09999999999999998 1.44 0
-0.08999999999999997 1.44 0
-0.08000000000000002 1.44 0
-0.07 1.44 0
-0.06 1.44 0
-0.04999999999999999 1.44 0
-0.03999999999999998 1.44 0
-0.02999999999999997 1.44 0
-0.020000000000000018 1.44 0
-0.010000000000000009 1.44 0
0 1.44 0
0.010000000000000009 1.44 0
0.020000000000000018 1.44 0
0.030000000000000027 1.44 0
0.040000000000000036 1.44 0
0.050000000000000044 1.44 0
0.06000000000000005 1.44 0
0.07000000000000006 1.44 0
0.07999999999999996 1.44 0
0.08999999999999997 1.44 0
0.09999999999999998 1.44 0
0.10999999999999999 1.44 0
0.12 1.44 0
0.13 1.44 0
0.14 1.44 0
0.15000000000000002 1.44 0
0.16000000000000003 1.44 0
0.17000000000000004 1.44 0
0.18000000000000005 1.44 0
0.19000000000000006 1.44 0
0.20000000000000007 1.44 0
0.20999999999999996 1.44 0
0.21999999999999997 1.44 0
0.22999999999999998 1.44 0
0.24 1.44 0
0.25 1.44 0
0.26 1.44 0
0.27 1.44 0
0.28 1.44 0
0.29000000000000004 1.44 0
0.30000000000000004 1.44 0
0.31000000000000005 1.44 0
0.32000000000000006 1.44 0
0.33000000000000007 1.44 0
0.33999999999999997 1.44 0
0.35 1.44 0
0.36 1.44 0
0.37 1.44 0
0.38 1.44 0
0.39 1.44 0
0.4 1.44 0
0.41000000000000003 1.44 0
0.42000000000000004 1.44 0
0.43000000000000005 1.44 0
0.44000000000000006 1.44 0
0.45000000000000007 1.44 0
0.45999999999999996 1.44 0
0.47 1.44 0
0.48 1.44 0
0.49 1.44 0
-0.49 1.45 0
-0.48 1.45 0
-0.47 1.45 0
-0.46 1.45 0
-0.45 1.45 0
-0.44 1.45 0
-0.43 1.45 0
-0.42 1.45 0
-0.41000000000000003 1.45 0
-0.4 1.45 0
-0.39 1.45 0
-0.38 1.45 0
-0.37 1.45 0
-0.36 1.45 0
-0.35 1.45 0
-0.33999999999999997 1.45 0
-0.32999999999999996 1.45 0
-0.32 1.45 0
-0.31 1.45 0
-0.3 1.45 0
-0.29000000000000004 1.45 0
-0.28 1.45 0
-0.27 1.45 0
-0.26 1.45 0
-0.25 1.45 0
-0.24 1.45 0
-0.22999999999999998 1.45 0
-0.21999999999999997 1.45 0
-0.21000000000000002 1.45 0
-0.2 1.45 0
-0.19 1.45 0
-0.18 1.45 0
-0.16999999999999998 1.45 0
-0.15999999999999998 1.45 0
-0.14999999999999997 1.45 0
-0.14 1.45 0
-0.13 1.45 0
-0.12 1.45 0
-0.10999999999999999 1.45 0
-0.09999999999999998 1.45 0
-0.08999999999999997 1.45 0
-0.08000000000000002 1.45 0
-0.07 1.45 0
-0.06 1.45 0
-0.04999999999999999 1.45 0
-0.03999999999999998 1.45 0
-0.02999999999999997 1.45 0
-0.020000000000000018 1.45 0
-0.010000000000000009 1.45 0
0 1.45 0
0.010000000000000009 1.45 0
0.020000000000000018 1.45 0
0.030000000000000027 1.45 0
0.040000000000000036 1.45 0
0.050000000000000044 1.45 0
0.06000000000000005 1.45 0
0.07000000000000006 1.45 0
0.07999999999999996 1.45 0
0.08999999999999997 1.45 0
0.09999999999999998 1.45 0
0.10999999999999999 1.45 0
0.12 1.45 0
0.13 1.45 0
0.14 1.45 0
0.15000000000000002 1.45 0
0.16000000000000003 1.45 0
0.17000000000000004 1.45 0
0.18000000000000005 1.45 0
0.19000000000000006 1.45 0
0.20000000000000007 1.45 0
0.20999999999999996 1.45 0
0.21999999999999997 1.45 0
0.22999999999999998 1.45 0
0.24 1.45 0
0.25 1.45 0
0.26 1.45 0
0.27 1.45 0
0.28 1.45 0
0.29000000000000004 1.45 0
0.30000000000000004 1.45 0
0.31000000000000005 1.45 0
0.32000000000000006 1.45 0
0.33000000000000007 1.45 0
0.33999999999999997 1.45 0
0.35 1.45 0
0.36 1.45 0
0.37 1.45 0
0.38 1.45 0
0.39 1.45 0
0.4 1.45 0
0.41000000000000003 1.45 0
0.42000000000000004 1.45 0
0.43000000000000005 1.45 0
0.44000000000000006 1.45 0
0.45000000000000007 1.45 0
0.45999999999999996 1.45 0
0.47 1.45 0
0.48 1.45 0
0.49 1.45 0
-0.49 1.46 0
-0.48 1.46 0
-0.47 1.46 0
-0.46 1.46 0
-0.45 1.46 0
-0.44 1.46 0
-0.43 1.46 0
-0.42 1.46 0
-0.41000000000000003 1.46 0
-0.4 1.46 0
-0.39 1.46 0
-0.38 1.46 0
-0.37 1.46 0
-0.36 1.46 0
-0.35 1.46 0
-0.33999999999999997 1.46 0
-0.32999999999999996 1.46 0
-0.32 1.46 0
-0.31 1.46 0
-0.3 1.46 0
-0.29000000000000004 1.46 0
-0.28 1.46 0
-0.27 1.46 0
-0.26 1.46 0
-0.25 1.46 0
-0.24 1.46 0
-0.22999999999999998 1.46 0
-0.21999999999999997 1.46 0
-0.21000000000000002 1.46 0
-0.2 1.46 0
-0.19 1.46 0
-0.18 1.46 0
-0.16999999999999998 1.46 0
-0.15999999999999998 1.46 0
-0.14999999999999997 1.46 0
-0.14 1.46 0
-0.13 1.46 0
-0.12 1.46 0
-0.10999999999999999 1.46 0
-0.09999999999999998 1.46 0
-0.08999999999999997 1.46 0
-0.08000000000000002 1.46 0
-0.07 1.46 0
-0.06 1.46 0
-0.04999999999999999 1.46 0
-0.03999999999999998 1.46 0
-0.02999999999999997 1.46 0
-0.020000000000000018 1.46 0
-0.010000000000000009 1.46 0
0 1.46 0
0.010000000000000009 1.46 0
0.020000000000000018 1.46 0
0.030000000000000027 1.46 0
0.040000000000000036 1.46 0
0.050000000000000044 1.46 0
0.06000000000000005 1.46 0
0.07000000000000006 1.46 0
0.07999999999999996 1.46 0
0.08999999999999997 1.46 0
0.09999999999999998 1.46 0
0.10999999999999999 1.46 0
0.12 1.46 0
0.13 1.46 0
0.14 1.46 0
0.15000000000000002 1.46 0
0.16000000000000003 1.46 0
0.17000000000000004 1.46 0
0.18000000000000005 1.46 0
0.19000000000000006 1.46 0
0.20000000000000007 1.46 0
0.20999999999999996 1.46 0
0.21999999999999997 1.46 0
0.22999999999999998 1.46 0
0.24 1.46 0
0.25 1.46 0
0.26 1.46 0
0.27 1.46 0
0.28 1.46 0
0.29000000000000004 1.46 0
0.30000000000000004 1.46 0
0.31000000000000005 1.46 0
0.32000000000000006 1.46 0
0.33000000000000007 1.46 0
0.33999999999999997 1.46 0
0.35 1.46 0
0.36 1.46 0
0.37 1.46 0
0.38 1.46 0
0.39 1.46 0
0.4 1.46 0
0.41000000000000003 1.46 0
0.42000000000000004 1.46 0
0.43000000000000005 1.46 0
0.44000000000000006 1.46 0
0.45000000000000007 1.46 0
0.45999999999999996 1.46 0
0.47 1.46 0
0.48 1.46 0
0.49 1.46 0
-0.49 1.47 0
-0.48 1.47 0
-0.47 1.47 0
-0.46 1.47 0
-0.45 1.47 0
-0.44 1.47 0
-0.43 1.47 0
-0.42 1.47 0
-0.41000000000000003 1.47 0
-0.4 1.47 0
-0.39 1.47 0
-0.38 1.47 0
-0.37 1.47 0
-0.36 1.47 0
-0.35 1.47 0
-0.33999999999999997 1.47 0
-0.32999999999999996 1.47 0
-0.32 1.47 0
-0.31 1.47 0
-0.3 1.47 0
-0.29000000000000004 1.47 0
-0.28 1.47 0
-0.27 1.47 0
-0.26 1.47 0
-0.25 1.47 0
-0.24 1.47 0
-0.22999999999999998 1.47 0
-0.21999999999999997 1.47 0
-0.21000000000000002 1.47 0
-0.2 1.47 0
-0.19 1.47 0
-0.18 1.47 0
-0.16999999999999998 1.47 0
-0.15999999999999998 1.47 0
-0.14999999999999997 1.47 0
-0.14 1.47 0
-0.13 1.47 0
-0.12 1.47 0
-0.10999999999999999 1.47 0
-0.09999999999999998 1.47 0
-0.08999999999999997 1.47 0
-0.08000000000000002 1.47 0
-0.07 1.47 0
-0.06 1.47 0
-0.04999999999999999 1.47 0
-0.03999999999999998 1.47 0
-0.02999999999999997 1.47 0
-0.020000000000000018 1.47 0
-0.010000000000000009 1.47 0
0 1.47 0
0.010000000000000009 1.47 0
0.020000000000000018 1.47 0
0.030000000000000027 1.47 0
0.040000000000000036 1.47 0
0.050000000000000044 1.47 0
0.06000000000000005 1.47 0
0.07000000000000006 1.47 0
0.07999999999999996 1.47 0
0.08999999999999997 1.47 0
0.09999999999999998 1.47 0
0.10999999999999999 1.47 0
0.12 1.47 0
0.13 1.47 0
0.14 1.47 0
0.15000000000000002 1.47 0
0.16000000000000003 1.47 0
0.17000000000000004 1.47 0
0.18000000000000005 1.47 0
0.19000000000000006 1.47 0
0.20000000000000007 1.47 0
0.20999999999999996 1.47 0
0.21999999999999997 1.47 0
0.22999999999999998 1.47 0
0.24 1.47 0
0.25 1.47 0
0.26 1.47 0
0.27 1.47 0
0.28 1.47 0
0.29000000000000004 1.47 0
0.30000000000000004 1.47 0
0.31000000000000005 1.47 0
0.32000000000000006 1.47 0
0.33000000000000007 1.47 0
0.33999999999999997 1.47 0
0.35 1.47 0
0.36 1.47 0
0.37 1.47 0
0.38 1.47 0
0.39 1.47 0
0.4 1.47 0
0.41000000000000003 1.47 0
0.42000000000000004 1.47 0
0.43000000000000005 1.47 0
0.44000000000000006 1.47 0
0.45000000000000007 1.47 0
0.45999999999999996 1.47 0
0.47 1.47 0
0.48 1.47 0
0.49 1.47 0
-0.49 1.48 0
-0.48 1.48 0
-0.47 1.48 0
-0.46 1.48 0
-0.45 1.48 0
-0.44 1.48 0
-0.43 1.48 0
-0.42 1.48 0
-0.41000000000000003 1.48 0
-0.4 1.48 0
-0.39 1.48 0
-0.38 1.48 0
-0.37 1.48 0
-0.36 1.48 0
-0.35 1.48 0
-0.33999999999999997 1.48 0
-0.32999999999999996 1.48 0
-0.32 1.48 0
-0.31 1.48 0
-0.3 1.48 0
-0.29000000000000004 1.48 0
-0.28 1.48 0
-0.27 1.48 0
-0.26 1.48 0
-0.25 1.48 0
-0.24 1.48 0
-0.22999999999999998 1.48 0
-0.21999999999999997 1.48 0
-0.21000000000000002 1.48 0
-0.2 1.48 0
-0.19 1.48 0
-0.18 1.48 0
-0.16999999999999998 1.48 0
-0.15999999999999998 1.48 0
-0.14999999999999997 1.48 0
-0.14 1.48 0
-0.13 1.48 0
-0.12 1.48 0
-0.10999999999999999 1.48 0
-0.09999999999999998 1.48 0
-0.08999999999999997 1.48 0
-0.08000000000000002 1.48 0
-0.07 1.48 0
-0.06 1.48 0
-0.04999999999999999 1.48 0
-0.03999999999999998 1.48 0
-0.02999999999999997 1.48 0
-0.020000000000000018 1.48 0
-0.010000000000000009 1.48 0
0 1.48 0
0.010000000000000009 1.48 0
0.020000000000000018 1.48 0
0.030000000000000027 1.48 0
0.040000000000000036 1.48 0
0.050000000000000044 1.48 0
0.06000000000000005 1.48 0
0.07000000000000006 1.48 0
0.07999999999999996 1.48 0
0.08999999999999997 1.48 0
0.09999999999999998 1.48 0
0.10999999999999999 1.48 0
0.12 1.48 0
0.13 1.48 0
0.14 1.48 0
0.15000000000000002 1.48 0
0.16000000000000003 1.48 0
0.17000000000000004 1.48 0
0.18000000000000005 1.48 0
0.19000000000000006 1.48 0
0.20000000000000007 1.48 0
0.20999999999999996 1.48 0
0.21999999999999997 1.48 0
0.22999999999999998 1.48 0
0.24 1.48 0
0.25 1.48 0
0.26 1.48 0
0.27 1.48 0
0.28 1.48 0
0.29000000000000004 1.48 0
0.30000000000000004 1.48 0
0.31000000000000005 1.48 0
0.32000000000000006 1.48 0
0.33000000000000007 1.48 0
0.33999999999999997 1.48 0
0.35 1.48 0
0.36 1.48 0
0.37 1.48 0
0.38 1.48 0
0.39 1.48 0
0.4 1.48 0
0.41000000000000003 1.48 0
0.42000000000000004 1.48 0
0.43000000000000005 1.48 0
0.44000000000000006 1.48 0
0.45000000000000007 1.48 0
0.45999999999999996 1.48 0
0.47 1.48 0
0.48 1.48 0
0.49 1.48 0
-0.49 1.49 0
-0.48 1.49 0
-0.47 1.49 0
-0.46 1.49 0
-0.45 1.49 0
-0.44 1.49 0
-0.43 1.49 0
-0.42 1.49 0
-0.41000000000000003 1.49 0
-0.4 1.49 0
-0.39 1.49 0
-0.38 1.49 0
-0.37 1.49 0
-0.36 1.49 0
-0.35 1.49 0
-0.33999999999999997 1.49 0
-0.32999999999999996 1.49 0
-0.32 1.49 0
-0.31 1.49 0
-0.3 1.49 0
-0.29000000000000004 1.49 0
-0.28 1.49 0
-0.27 1.49 0
-0.26 1.49 0
-0.25 1.49 0
-0.24 1.49 0
-0.22999999999999998 1.49 0
-0.21999999999999997 1.49 0
-0.21000000000000002 1.49 0
-0.2 1.49 0
-0.19 1.49 0
-0.18 1.49 0
-0.16999999999999998 1.49 0
-0.15999999999999998 1.49 0
-0.14999999999999997 1.49 0
-0.14 1.49 0
-0.13 1.49 0
-0.12 1.49 0
-0.10999999999999999 1.49 0
-0.09999999999999998 1.49 0
-0.08999999999999997 1.49 0
-0.08000000000000002 1.49 0
-0.07 1.49 0
-0.06 1.49 0
-0.04999999999999999 1.49 0
-0.03999999999999998 1.49 0
-0.02999999999999997 1.49 0
-0.020000000000000018 1.49 0
-0.010000000000000009 1.49 0
0 1.49 0
0.010000000000000009 1.49 0
0.020000000000000018 1.49 0
0.030000000000000027 1.49 0
0.040000000000000036 1.49 0
0.050000000000000044 1.49 0
0.06000000000000005 1.49 0
0.07000000000000006 1.49 0
0.07999999999999996 1.49 0
0.08999999999999997 1.49 0
0.09999999999999998 1.49 0
0.10999999999999999 1.49 0
0.12 1.49 0
0.13 1.49 0
0.14 1.49 0
0.15000000000000002 1.49 0
0.16000000000000003 1.49 0
0.17000000000000004 1.49 0
0.18000000000000005 1.49 0
0.19000000000000006 1.49 0
0.20000000000000007 1.49 0
0.20999999999999996 1.49 0
0.21999999999999997 1.49 0
0.22999999999999998 1.49 0
0.24 1.49 0
0.25 1.49 0
0.26 1.49 0
0.27 1.49 0
0.28 1.49 0
0.29000000000000004 1.49 0
0.30000000000000004 1.49 0
0.31000000000000005 1.49 0
0.32000000000000006 1.49 0
0.33000000000000007 1.49 0
0.33999999999999997 1.49 0
0.35 1.49 0
0.36 1.49 0
0.37 1.49 0
0.38 1.49 0
0.39 1.49 0
0.4 1.49 0
0.41000000000000003 1.49 0
0.42000000000000004 1.49 0
0.43000000000000005 1.49 0
0.44000000000000006 1.49 0
0.45000000000000007 1.49 0
0.45999999999999996 1.49 0
0.47 1.49 0
0.48 1.49 0
0.49 1.49 0
$EndNodes
$Elements
5 15500 1 15500
1 1 1 100
1 1 5 
2 5 6 
3 6 7 
4 7 8 
5 8 9 
6 9 10 
7 10 11 
8 11 12 
9 12 13 
10 13 14 
11 14 15 
12 15 16 
13 16 17 
14 17 18 
15 18 19 
16 19 20 
17 20 21 
18 21 22 
19 22 23 
20 23 24 
21 24 25 
22 25 26 
23 26 27 
24 27 28 
25 28 29 
26 29 30 
27 30 31 
28 31 32 
29 32 33 
30 33 34 
31 34 35 
32 35 36 
33 36 37 
34 37 38 
35 38 39 
36 39 40 
37 40 41 
38 41 42 
39 42 43 
40 43 44 
41 44 45 
42 45 46 
43 46 47 
44 47 48 
45 48 49 
46 49 50 
47 50 51 
48 51 52 
49 52 53 
50 53 54 
51 54 55 
52 55 56 
53 56 57 
54 57 58 
55 58 59 
56 59 60 
57 60 61 
58 61 62 
59 62 63 
60 63 64 
61 64 65 
62 65 66 
63 66 67 
64 67 68 
65 68 69 
66 69 70 
67 70 71 
68 71 72 
69 72 73 
70 73 74 
71 74 75 
72 75 76 
73 76 77 
74 77 78 
75 78 79 
76 79 80 
77 80 81 
78 81 82 
79 82 83 
80 83 84 
81 84 85 
82 85 86 
83 86 87 
84 87 88 
85 88 89 
86 89 90 
87 90 91 
88 91 92 
89 92 93 
90 93 94 
91 94 95 
92 95 96 
93 96 97 
94 97 98 
95 98 99 
96 99 100 
97 100 101 
98 101 102 
99 102 103 
100 103 2 
1 2 1 150
101 2 104 
102 104 105 
103 105 106 
104 106 107 
105 107 108 
106 108 109 
107 109 110 
108 110 111 
109 111 112 
110 112 113 
111 113 114 
112 114 115 
113 115 116 
114 116 117 
115 117 118 
116 118 119 
117 119 120 
118 120 121 
119 121 122 
120 122 123 
121 123 124 
122 124 125 
123 125 126 
124 126 127 
125 127 128 
126 128 129 
127 129 130 
128 130 131 
129 131 132 
130 132 133 
131 133 134 
132 134 135 
133 135 136 
134 136 137 
135 137 138 
136 138 139 
137 139 140 
138 140 141 
139 141 142 
140 142 143 
141 143 144 
142 144 145 
143 145 146 
144 146 147 
145 147 148 
146 148 149 
147 149 150 
148 150 151 
149 151 152 
150 152 153 
151 153 154 
152 154 155 
153 155 156 
154 156 157 
155 157 158 
156 158 159 
157 159 160 
158 160 161 
159 161 162 
160 162 163 
161 163 164 
162 164 165 
163 165 166 
164 166 167 
165 167 168 
166 168 169 
167 169 170 
168 170 171 
169 171 172 
170 172 173 
171 173 174 
172 174 175 
173 175 176 
174 176 177 
175 177 178 
176 178 179 
177 179 180 
178 180 181 
179 181 182 
180 182 183 
181 183 184 
182 184 185 
183 185 186 
184 186 187 
185 187 188 
186 188 189 
187 189 190 
188 190 191 
189 191 192 
190 192 193 
191 193 194 
192 194 195 
193 195 196 
194 196 197 
195 197 198 
196 198 199 
197 199 200 
198 200 201 
199 201 202 
200 202 203 
201 203 204 
202 204 205 
203 205 206 
204 206 207 
205 207 208 
206 208 209 
207 209 210 
208 210 211 
209 211 212 
210 212 213 
211 213 214 
212 214 215 
213 215 216 
214 216 217 
215 217 218 
216 218 219 
217 219 220 
218 220 221 
219 221 222 
220 222 223 
221 223 224 
222 224 225 
223 225 226 
224 226 227 
225 227 228 
226 228 229 
227 229 230 
228 230 231 
229 231 232 
230 232 233 
231 233 234 
232 234 235 
233 235 236 
234 236 237 
235 237 238 
236 238 239 
237 239 240 
238 240 241 
239 241 242 
240 242 243 
241 243 244 
242 244 245 
243 245 246 
244 246 247 
245 247 248 
246 248 249 
247 249 250 
248 250 251 
249 251 252 
250 252 3 
1 3 1 100
251 3 253 
252 253 254 
253 254 255 
254 255 256 
255 256 257 
256 257 258 
257 258 259 
258 259 260 
259 260 261 
260 261 262 
261 262 263 
262 263 264 
263 264 265 
264 265 266 
265 266 267 
266 267 268 
267 268 269 
268 269 270 
269 270 271 
270 271 272 
271 272 273 
272 273 274 
273 274 275 
274 275 276 
275 276 277 
276 277 278 
277 278 279 
278 279 280 
279 280 281 
280 281 282 
281 282 283 
282 283 284 
283 284 285 
284 285 286 
285 286 287 
286 287 288 
287 288 289 
288 289 290 
289 290 291 
290 291 292 
291 292 293 
292 293 294 
293 294 295 
294 295 296 
295 296 297 
296 297 298 
297 298 299 
298 299 300 
299 300 301 
300 301 302 
301 302 303 
302 303 304 
303 304 305 
304 305 306 
305 306 307 
306 307 308 
307 308 309 
308 309 310 
309 310 311 
310 311 312 
311 312 313 
312 313 314 
313 314 315 
314 315 316 
315 316 317 
316 317 318 
317 318 319 
318 319 320 
319 320 321 
320 321 322 
321 322 323 
322 323 324 
323 324 325 
324 325 326 
325 326 327 
326 327 328 
327 328 329 
328 329 330 
329 330 331 
330 331 332 
331 332 333 
332 333 334 
333 334 335 
334 335 336 
335 336 337 
336 337 338 
337 338 339 
338 339 340 
339 340 341 
340 341 342 
341 342 343 
342 343 344 
343 344 345 
344 345 346 
345 346 347 
346 347 348 
347 348 349 
348 349 350 
349 350 351 
350 351 4 
1 4 1 150
351 4 352 
352 352 353 
353 353 354 
354 354 355 
355 355 356 
356 356 357 
357 357 358 
358 358 359 
359 359 360 
360 360 361 
361 361 362 
362 362 363 
363 363 364 
364 364 365 
365 365 366 
366 366 367 
367 367 368 
368 368 369 
369 369 370 
370 370 371 
371 371 372 
372 372 373 
373 373 374 
374 374 375 
375 375 376 
376 376 377 
377 377 378 
378 378 379 
379 379 380 
380 380 381 
381 381 382 
382 382 383 
383 383 384 
384 384 385 
385 385 386 
386 386 387 
387 387 388 
388 388 389 
389 389 390 
390 390 391 
391 391 392 
392 392 393 
393 393 394 
394 394 395 
395 395 396 
396 396 397 
397 397 398 
398 398 399 
399 399 400 
400 400 401 
401 401 402 
402 402 403 
403 403 404 
404 404 405 
405 405 406 
406 406 407 
407 407 408 
408 408 409 
409 409 410 
410 410 411 
411 411 412 
412 412 413 
413 413 414 
414 414 415 
415 415 416 
416 416 417 
417 417 418 
418 418 419 
419 419 420 
420 420 421 
421 421 422 
422 422 423 
423 423 424 
424 424 425 
425 425 426 
426 426 427 
427 427 428 
428 428 429 
429 429 430 
430 430 431 
431 431 432 
432 432 433 
433 433 434 
434 434 435 
435 435 436 
436 436 437 
437 437 438 
438 438 439 
439 439 440 
440 440 441 
441 441 442 
442 442 443 
443 443 444 
444 444 445 
445 445 446 
446 446 447 
447 447 448 
448 448 449 
449 449 450 
450 450 451 
451 451 452 
452 452 453 
453 453 454 
454 454 455 
455 455 456 
456 456 457 
457 457 458 
458 458 459 
459 459 460 
460 460 461 
461 461 462 
462 462 463 
463 463 464 
464 464 465 
465 465 466 
466 466 467 
467 467 468 
468 468 469 
469 469 470 
470 470 471 
471 471 472 
472 472 473 
473 473 474 
474 474 475 
475 475 476 
476 476 477 
477 477 478 
478 478 479 
479 479 480 
480 480 481 
481 481 482 
482 482 483 
483 483 484 
484 484 485 
485 485 486 
486 486 487 
487 487 488 
488 488 489 
489 489 490 
490 490 491 
491 491 492 
492 492 493 
493 493 494 
494 494 495 
495 495 496 
496 496 497 
497 497 498 
498 498 499 
499 499 500 
500 500 1 
2 1 3 15000
501 1 5 501 500 
502 5 6 502 501 
503 6 7 503 502 
504 7 8 504 503 
505 8 9 505 504 
506 9 10 506 505 
507 10 11 507 506 
508 11 12 508 507 
509 12 13 509 508 
510 13 14 510 509 
511 14 15 511 510 
512 15 16 512 511 
513 16 17 513 512 
514 17 18 514 513 
515 18 19 515 514 
516 19 20 516 515 
517 20 21 517 516 
518 21 22 518 517 
519 22 23 519 518 
520 23 24 520 519 
521 24 25 521 520 
522 25 26 522 521 
523 26 27 523 522 
524 27 28 524 523 
525 28 29 525 524 
526 29 30 526 525 
527 30 31 527 526 
528 31 32 528 527 
529 32 33 529 528 
530 33 34 530 529 
531 34 35 531 530 
532 35 36 532 531 
533 36 37 533 532 
534 37 38 534 533 
535 38 39 535 534 
536 39 40 536 535 
537 40 41 537 536 
538 41 42 538 537 
539 42 43 539 538 
540 43 44 540 539 
541 44 45 541 540 
542 45 46 542 541 
543 46 47 543 542 
544 47 48 544 543 
545 48 49 545 544 
546 49 50 546 545 
547 50 51 547 546 
548 51 52 548 547 
549 52 53 549 548 
550 53 54 550 549 
551 54 55 551 550 
552 55 56 552 551 
553 56 57 553 552 
554 57 58 554 553 
555 58 59 555 554 
556 59 60 556 555 
557 60 61 557 556 
558 61 62 558 557 
559 62 63 559 558 
560 63 64 560 559 
561 64 65 561 560 
562 65 66 562 561 
563 66 67 563 562 
564 67 68 564 563 
565 68 69 565 564 
566 69 70 566 565 
567 70 71 567 566 
568 71 72 568 567 
569 72 73 569 568 
570 73 74 570 569 
571 74 75 571 570 
572 75 76 572 571 
573 76 77 573 572 
574 77 78 574 573 
575 78 79 575 574 
576 79 80 576 575 
577 80 81 577 576 
578 81 82 578 577 
579 82 83 579 578 
580 83 84 580 579 
581 84 85 581 580 
582 85 86 582 581 
583 86 87 583 582 
584 87 88 584 583 
585 88 89 585 584 
586 89 90 586 585 
587 90 91 587 586 
588 91 92 588 587 
589 92 93 589 588 
590 93 94 590 589 
591 94 95 591 590 
592 95 96 592 591 
593 96 97 593 592 
594 97 98 594 593 
595 98 99 595 594 
596 99 100 596 595 
597 100 101 597 596 
598 101 102 598 597 
599 102 103 599 598 
600 103 2 104 599 
601 500 501 600 499 
602 501 502 601 600 
603 502 503 602 601 
604 503 504 603 602 
605 504 505 604 603 
606 505 506 605 604 
607 506 507 606 605 
608 507 508 607 606 
609 508 509 608 607 
610 509 510 609 608 
611 510 511 610 609 
612 511 512 611 610 
613 512 513 612 611 
614 513 514 613 612 
615 514 515 614 613 
616 515 516 615 614 
617 516 517 616 615 
618 517 518 617 616 
619 518 519 618 617 
620 519 520 619 618 
621 520 521 620 619 
622 521 522 621 620 
623 522 523 622 621 
624 523 524 623 622 
625 524 525 624 623 
626 525 526 625 624 
627 526 527 626 625 
628 527 528 627 626 
629 528 529 628 627 
630 529 530 629 628 
631 530 531 630 629 
632 531 532 631 630 
633 532 533 632 631 
634 533 534 633 632 
635 534 535 634 633 
636 535 536 635 634 
637 536 537 636 635 
638 537 538 637 636 
639 538 539 638 637 
640 539 540 639 638 
641 540 541 640 639 
642 541 542 641 640 
643 542 543 642 641 
644 543 544 643 642 
645 544 545 644 643 
646 545 546 645 644 
647 546 547 646 645 
648 547 548 647 646 
649 548 549 648 647 
650 549 550 649 648 
651 550 551 650 649 
652 551 552 651 650 
653 552 553 652 651 
654 553 554 653 652 
655 554 555 654 653 
656 555 556 655 654 
657 556 557 656 655 
658 557 558 657 656 
659 558 559 658 657 
660 559 560 659 658 
661 560 561 660 659 
662 561 562 661 660 
663 562 563 662 661 
664 563 564 663 662 
665 564 565 664 663 
666 565 566 665 664 
667 566 567 666 665 
668 567 568 667 666 
669 568 569 668 667 
670 569 570 669 668 
671 570 571 670 669 
672 571 572 671 670 
673 572 573 672 671 
674 573 574 673 672 
675 574 575 674 673 
676 575 576 675 674 
677 576 577 676 675 
678 577 578 677 676 
679 578 579 678 677 
680 579 580 679 678 
681 580 581 680 679 
682 581 582 681 680 
683 582 583 682 681 
684 583 584 683 682 
685 584 585 684 683 
686 585 586 685 684 
687 586 587 686 685 
688 587 588 687 686 
689 588 589 688 687 
690 589 590 689 688 
691 590 591 690 689 
692 591 592 691 690 
693 592 593 692 691 
694 593 594 693 692 
695 594 595 694 693 
696 595 596 695 694 
697 596 597 696 695 
698 597 598 697 696 
699 598 599 698 697 
700 599 104 105 698 
701 499 600 699 498 
702 600 601 700 699 
703 601 602 701 700 
704 602 603 702 701 
705 603 604 703 702 
706 604 605 704 703 
707 605 606 705 704 
708 606 607 706 705 
709 607 608 707 706 
710 608 609 708 707 
711 609 610 709 708 
712 610 611 710 709 
713 611 612 711 710 
714 612 613 712 711 
715 613 614 713 712 
716 614 615 714 713 
717 615 616 715 714 
718 616 617 716 715 
719 617 618 717 716 
720 618 619 718 717 
721 619 620 719 718 
722 620 621 720 719 
723 621 622 721 720 
724 622 623 722 721 
725 623 624 723 722 
726 624 625 724 723 
727 625 626 725 724 
728 626 627 726 725 
729 627 628 727 726 
730 628 629 728 727 
731 629 630 729 728 
732 630 631 730 729 
733 631 632 731 730 
734 632 633 732 731 
735 633 634 733 732 
736 634 635 734 733 
737 635 636 735 734 
738 636 637 736 735 
739 637 638 737 736 
740 638 639 738 737 
741 639 640 739 738 
742 640 641 740 739 
743 641 642 741 740 
744 642 643 742 741 
745 643 644 743 742 
746 644 645 744 743 
747 645 646 745 744 
748 646 647 746 745 
749 647 648 747 746 
750 648 649 748 747 
751 649 650 749 748 
752 650 651 750 749 
753 651 652 751 750 
754 652 653 752 751 
755 653 654 753 752 
756 654 655 754 753 
757 655 656 755 754 
758 656 657 756 755 
759 657 658 757 756 
760 658 659 758 757 
761 659 660 759 758 
762 660 661 760 759 
763 661 662 761 760 
764 662 663 762 761 
765 663 664 763 762 
766 664 665 764 763 
767 665 666 765 764 
768 666 667 766 765 
769 667 668 767 766 
770 668 669 768 767 
771 669 670 769 768 
772 670 671 770 769 
773 671 672 771 770 
774 672 673 772 771 
775 673 674 773 772 
776 674 675 774 773 
777 675 676 775 774 
778 676 677 776 775 
779 677 678 777 776 
780 678 679 778 777 
781 679 680 779 778 
782 680 681 780 779 
783 681 682 781 780 
784 682 683 782 781 
785 683 684 783 782 
786 684 685 784 783 
787 685 686 785 784 
788 686 687 786 785 
789 687 688 787 786 
790 688 689 788 787 
791 689 690 789 788 
792 690 691 790 789 
793 691 692 791 790 
794 692 693 792 791 
795 693 694 793 792 
796 694 695 794 793 
797 695 696 795 794 
798 696 697 796 795 
799 697 698 797 796 
800 698 105 106 797 
801 498 699 798 497 
802 699 700 799 798 
803 700 701 800 799 
804 701 702 801 800 
805 702 703 802 801 
806 703 704 803 802 
807 704 705 804 803 
808 705 706 805 804 
809 706 707 806 805 
810 707 708 807 806 
811 708 709 808 807 
812 709 710 809 808 
813 710 711 810 809 
814 711 712 811 810 
815 712 713 812 811 
816 713 714 813 812 
817 714 715 814 813 
818 715 716 815 814 
819 716 717 816 815 
820 717 718 817 816 
821 718 719 818 817 
822 719 720 819 818 
823 720 721 820 819 
824 721 722 821 820 
825 722 723 822 821 
826 723 724 823 822 
827 724 725 824 823 
828 725 726 825 824 
829 726 727 826 825 
830 727 728 827 826 
831 728 729 828 827 
832 729 730 829 828 
833 730 731 830 829 
834 731 732 831 830 
835 732 733 832 831 
836 733 734 833 832 
837 734 735 834 833 
838 735 736 835 834 
839 736 737 836 835 
840 737 738 837 836 
841 738 739 838 837 
842 739 740 839 838 
843 740 741 840 839 
844 741 742 841 840 
845 742 743 842 841 
846 743 744 843 842 
847 744 745 844 843 
848 745 746 845 844 
849 746 747 846 845 
850 747 748 847 846 
851 748 749 848 847 
852 749 750 849 848 
853 750 751 850 849 
854 751 752 851 850 
855 752 753 852 851 
856 753 754 853 852 
857 754 755 854 853 
858 755 756 855 854 
859 756 757 856 855 
860 757 758 857 856 
861 758 759 858 857 
862 759 760 859 858 
863 760 761 860 859 
864 761 762 861 860 
865 762 763 862 861 
866 763 764 863 862 
867 764 765 864 863 
868 765 766 865 864 
869 766 767 866 865 
870 767 768 867 866 
871 768 769 868 867 
872 769 770 869 868 
873 770 771 870 869 
874 771 772 871 870 
875 772 773 872 871 
876 773 774 873 872 
877 774 775 874 873 
878 775 776 875 874 
879 776 777 876 875 
880 777 778 877 876 
881 778 779 878 877 
882 779 780 879 878 
883 780 781 880 879 
884 781 782 881 880 
885 782 783 882 881 
886 783 784 883 882 
887 784 785 884 883 
888 785 786 885 884 
889 786 787 886 885 
890 787 788 887 886 
891 788 789 888 887 
892 789 790 889 888 
893 790 791 890 889 
894 791 792 891 890 
895 792 793 892 891 
896 793 794 893 892 
897 794 795 894 893 
898 795 796 895 894 
899 796 797 896 895 
900 797 106 107 896 
901 497 798 897 496 
902 798 799 898 897 
903 799 800 899 898 
904 800 801 900 899 
905 801 802 901 900 
906 802 803 902 901 
907 803 804 903 902 
908 804 805 904 903 
909 805 806 905 904 
910 806 807 906 905 
911 807 808 907 906 
912 808 809 908 907 
913 809 810 909 908 
914 810 811 910 909 
915 811 812 911 910 
916 812 813 912 911 
917 813 814 913 912 
918 814 815 914 913 
919 815 816 915 914 
920 816 817 916 915 
921 817 818 917 916 
922 818 819 918 917 
923 819 820 919 918 
924 820 821 920 919 
925 821 822 921 920 
926 822 823 922 921 
927 823 824 923 922 
928 824 825 924 923 
929 825 826 925 924 
930 826 827 926 925 
931 827 828 927 926 
932 828 829 928 927 
933 829 830 929 928 
934 830 831 930 929 
935 831 832 931 930 
936 832 833 932 931 
937 833 834 933 932 
938 834 835 934 933 
939 835 836 935 934 
940 836 837 936 935 
941 837 838 937 936 
942 838 839 938 937 
943 839 840 939 938 
944 840 841 940 939 
945 841 842 941 940 
946 842 843 942 941 
947 843 844 943 942 
948 844 845 944 943 
949 845 846 945 944 
950 846 847 946 945 
951 847 848 947 946 
952 848 849 948 947 
953 849 850 949 948 
954 850 851 950 949 
955 851 852 951 950 
956 852 853 952 951 
957 853 854 953 952 
958 854 855 954 953 
959 855 856 955 954 
960 856 857 956 955 
961 857 858 957 956 
962 858 859 958 957 
963 859 860 959 958 
964 860 861 960 959 
965 861 862 961 960 
966 862 863 962 961 
967 863 864 963 962 
968 864 865 964 963 
969 865 866 965 964 
970 866 867 966 965 
971 867 868 967 966 
972 868 869 968 967 
973 869 870 969 968 
974 870 871 970 969 
975 871 872 971 970 
976 872 873 972 971 
977 873 874 973 972 
978 874 875 974 973 
979 875 876 975 974 
980 876 877 976 975 
981 877 878 977 976 
982 878 879 978 977 
983 879 880 979 978 
984 880 881 980 979 
985 881 882 981 980 
986 882 883 982 981 
987 883 884 983 982 
988 884 885 984 983 
989 885 886 985 984 
990 886 887 986 985 
991 887 888 987 986 
992 888 889 988 987 
993 889 890 989 988 
994 890 891 990 989 
995 891 892 991 990 
996 892 893 992 991 
997 893 894 993 992 
998 894 895 994 993 
999 895 896 995 994 
1000 896 107 108 995 
1001 496 897 996 495 
1002 897 898 997 996 
1003 898 899 998 997 
1004 899 900 999 998 
1005 900 901 1000 999 
1006 901 902 1001 1000 
1007 902 903 1002 1001 
1008 903 904 1003 1002 
1009 904 905 1004 1003 
1010 905 906 1005 1004 
1011 906 907 1006 1005 
1012 907 908 1007 1006 
1013 908 909 1008 1007 
1014 909 910 1009 1008 
1015 910 911 1010 1009 
1016 911 912 1011 1010 
1017 912 913 1012 1011 
1018 913 914 1013 1012 
1019 914 915 1014 1013 
1020 915 916 1015 1014 
1021 916 917 1016 1015 
1022 917 918 1017 1016 
1023 918 919 1018 1017 
1024 919 920 1019 1018 
1025 920 921 1020 1019 
1026 921 922 1021 1020 
1027 922 923 1022 1021 
1028 923 924 1023 1022 
1029 924 925 1024 1023 
1030 925 926 1025 1024 
1031 926 927 1026 1025 
1032 927 928 1027 1026 
1033 928 929 1028 1027 
1034 929 930 1029 1028 
1035 930 931 1030 1029 
1036 931 932 1031 1030 
1037 932 933 1032 1031 
1038 933 934 1033 1032 
1039 934 935 1034 1033 
1040 935 936 1035 1034 
1041 936 937 1036 1035 
1042 937 938 1037 1036 
1043 938 939 1038 1037 
1044 939 940 1039 1038 
1045 940 941 1040 1039 
1046 941 942 1041 1040 
1047 942 943 1042 1041 
1048 943 944 1043 1042 
1049 944 945 1044 1043 
1050 945 946 1045 1044 
1051 946 947 1046 1045 
1052 947 948 1047 1046 
1053 948 949 1048 1047 
1054 949 950 1049 1048 
1055 950 951 1050 1049 
1056 951 952 1051 1050 
1057 952 953 1052 1051 
1058 953 954 1053 1052 
1059 954 955 1054 1053 
1060 955 956 1055 1054 
1061 956 957 1056 1055 
1062 957 958 1057 1056 
1063 958 959 1058 1057 
1064 959 960 1059 1058 
1065 960 961 1060 1059 
1066 961 962 1061 1060 
1067 962 963 1062 1061 
1068 963 964 1063 1062 
1069 964 965 1064 1063 
1070 965 966 1065 1064 
1071 966 967 1066 1065 
1072 967 968 1067 1066 
1073 968 969 1068 1067 
1074 969 970 1069 1068 
1075 970 971 1070 1069 
1076 971 972 1071 1070 
1077 972 973 1072 1071 
1078 973 974 1073 1072 
1079 974 975 1074 1073 
1080 975 976 1075 1074 
1081 976 977 1076 1075 
1082 977 978 1077 1076 
1083 978 979 1078 1077 
1084 979 980 1079 1078 
1085 980 981 1080 1079 
1086 981 982 1081 1080 
1087 982 983 1082 1081 
1088 983 984 1083 1082 
1089 984 985 1084 1083 
1090 985 986 1085 1084 
1091 986 987 1086 1085 
1092 987 988 1087 1086 
1093 988 989 1088 1087 
1094 989 990 1089 1088 
1095 990 991 1090 1089 
1096 991 992 1091 1090 
1097 992 993 1092 1091 
1098 993 994 1093 1092 
1099 994 995 1094 1093 
1100 995 108 109 1094 
1101 495 996 1095 494 
1102 996 997 1096 1095 
1103 997 998 1097 1096 
1104 998 999 1098 1097 
1105 999 1000 1099 1098 
1106 1000 1001 1100 1099 
1107 1001 1002 1101 1100 
1108 1002 1003 1102 1101 
1109 1003 1004 1103 1102 
1110 1004 1005 1104 1103 
1111 1005 1006 1105 1104 
1112 1006 1007 1106 1105 
1113 1007 1008 1107 1106 
1114 1008 1009 1108 1107 
1115 1009 1010 1109 1108 
1116 1010 1011 1110 1109 
1117 1011 1012 1111 1110 
1118 1012 1013 1112 1111 
1119 1013 1014 1113 1112 
1120 1014 1015 1114 1113 
1121 1015 1016 1115 1114 
1122 1016 1017 1116 1115 
1123 1017 1018 1117 1116 
1124 1018 1019 1118 1117 
1125 1019 1020 1119 1118 
1126 1020 1021 1120 1119 
1127 1021 1022 1121 1120 
1128 1022 1023 1122 1121 
1129 1023 1024 1123 1122 
1130 1024 1025 1124 1123 
1131 1025 1026 1125 1124 
1132 1026 1027 1126 1125 
1133 1027 1028 1127 1126 
1134 1028 1029 1128 1127 
1135 1029 1030 1129 1128 
1136 1030 1031 1130 1129 
1137 1031 1032 1131 1130 
1138 1032 1033 1132 1131 
1139 1033 1034 1133 1132 
1140 1034 1035 1134 1133 
1141 1035 1036 1135 1134 
1142 1036 1037 1136 1135 
1143 1037 1038 1137 1136 
1144 1038 1039 1138 1137 
1145 1039 1040 1139 1138 
1146 1040 1041 1140 1139 
1147 1041 1042 1141 1140 
1148 1042 1043 1142 1141 
1149 1043 1044 1143 1142 
1150 1044 1045 1144 1143 
1151 1045 1046 1145 1144 
1152 1046 1047 1146 1145 
1153 1047 1048 1147 1146 
1154 1048 1049 1148 1147 
1155 1049 1050 1149 1148 
1156 1050 1051 1150 1149 
1157 1051 1052 1151 1150 
1158 1052 1053 1152 1151 
1159 1053 1054 1153 1152 
1160 1054 1055 1154 1153 
1161 1055 1056 1155 1154 
1162 1056 1057 1156 1155 
1163 1057 1058 1157 1156 
1164 1058 1059 1158 1157 
1165 1059 1060 1159 1158 
1166 1060 1061 1160 1159 
1167 1061 1062 1161 1160 
1168 1062 1063 1162 1161 
1169 1063 1064 1163 1162 
1170 1064 1065 1164 1163 
1171 1065 1066 1165 1164 
1172 1066 1067 1166 1165 
1173 1067 1068 1167 1166 
1174 1068 1069 1168 1167 
1175 1069 1070 1169 1168 
1176 1070 1071 1170 1169 
1177 1071 1072 1171 1170 
1178 1072 1073 1172 1171 
1179 1073 1074 1173 1172 
1180 1074 1075 1174 1173 
1181 1075 1076 1175 1174 
1182 1076 1077 1176 1175 
1183 1077 1078 1177 1176 
1184 1078 1079 1178 1177 
1185 1079 1080 1179 1178 
1186 1080 1081 1180 1179 
1187 1081 1082 1181 1180 
1188 1082 1083 1182 1181 
1189 1083 1084 1183 1182 
1190 1084 1085 1184 1183 
1191 1085 1086 1185 1184 
1192 1086 1087 1186 1185 
1193 1087 1088 1187 1186 
1194 1088 1089 1188 1187 
1195 1089 1090 1189 1188 
1196 1090 1091 1190 1189 
1197 1091 1092 1191 1190 
1198 1092 1093 1192 1191 
1199 1093 1094 1193 1192 
1200 1094 109 110 1193 
1201 494 1095 1194 493 
1202 1095 1096 1195 1194 
1203 1096 1097 1196 1195 
1204 1097 1098 1197 1196 
1205 1098 1099 1198 1197 
1206 1099 1100 1199 1198 
1207 1100 1101 1200 1199 
1208 1101 1102 1201 1200 
1209 1102 1103 1202 1201 
1210 1103 1104 1203 1202 
1211 1104 1105 1204 1203 
1212 1105 1106 1205 1204 
1213 1106 1107 1206 1205 
1214 1107 1108 1207 1206 
1215 1108 1109 1208 1207 
1216 1109 1110 1209 1208 
1217 1110 1111 1210 1209 
1218 1111 1112 1211 1210 
1219 1112 1113 1212 1211 
1220 1113 1114 1213 1212 
1221 1114 1115 1214 1213 
1222 1115 1116 1215 1214 
1223 1116 1117 1216 1215 
1224 1117 1118 1217 1216 
1225 1118 1119 1218 1217 
1226 1119 1120 1219 1218 
1227 1120 1121 1220 1219 
1228 1121 1122 1221 1220 
1229 1122 1123 1222 1221 
1230 1123 1124 1223 1222 
1231 1124 1125 1224 1223 
1232 1125 1126 1225 1224 
1233 1126 1127 1226 1225 
1234 1127 1128 1227 1226 
1235 1128 1129 1228 1227 
1236 1129 1130 1229 1228 
1237 1130 1131 1230 1229 
1238 1131 1132 1231 1230 
1239 1132 1133 1232 1231 
1240 1133 1134 1233 1232 
1241 1134 1135 1234 1233 
1242 1135 1136 1235 1234 
1243 1136 1137 1236 1235 
1244 1137 1138 1237 1236 
1245 1138 1139 1238 1237 
1246 1139 1140 1239 1238 
1247 1140 1141 1240 1239 
1248 1141 1142 1241 1240 
1249 1142 1143 1242 1241 
1250 1143 1144 1243 1242 
1251 1144 1145 1244 1243 
1252 1145 1146 1245 1244 
1253 1146 1147 1246 1245 
1254 1147 1148 1247 1246 
1255 1148 1149 1248 1247 
1256 1149 1150 1249 1248 
1257 1150 1151 1250 1249 
1258 1151 1152 1251 1250 
1259 1152 1153 1252 1251 
1260 1153 1154 1253 1252 
1261 1154 1155 1254 1253 
1262 1155 1156 1255 1254 
1263 1156 1157 1256 1255 
1264 1157 1158 1257 1256 
1265 1158 1159 1258 1257 
1266 1159 1160 1259 1258 
1267 1160 1161 1260 1259 
1268 1161 1162 1261 1260 
1269 1162 1163 1262 1261 
1270 1163 1164 1263 1262 
1271 1164 1165 1264 1263 
1272 1165 1166 1265 1264 
1273 1166 1167 1266 1265 
1274 1167 1168 1267 1266 
1275 1168 1169 1268 1267 
1276 1169 1170 1269 1268 
1277 1170 1171 1270 1269 
1278 1171 1172 1271 1270 
1279 1172 1173 1272 1271 
1280 1173 1174 1273 1272 
1281 1174 1175 1274 1273 
1282 1175 1176 1275 1274 
1283 1176 1177 1276 1275 
1284 1177 1178 1277 1276 
1285 1178 1179 1278 1277 
1286 1179 1180 1279 1278 
1287 1180 1181 1280 1279 
1288 1181 1182 1281 1280 
1289 1182 1183 1282 1281 
1290 1183 1184 1283 1282 
1291 1184 1185 1284 1283 
1292 1185 1186 1285 1284 
1293 1186 1187 1286 1285 
1294 1187 1188 1287 1286 
1295 1188 1189 1288 1287 
1296 1189 1190 1289 1288 
1297 1190 1191 1290 1289 
1298 1191 1192 1291 1290 
1299 1192 1193 1292 1291 
1300 1193 110 111 1292 
1301 493 1194 1293 492 
1302 1194 1195 1294 1293 
1303 1195 1196 1295 1294 
1304 1196 1197 1296 1295 
1305 1197 1198 1297 1296 
1306 1198 1199 1298 1297 
1307 1199 1200 1299 1298 
1308 1200 1201 1300 1299 
1309 1201 1202 1301 1300 
1310 1202 1203 1302 1301 
1311 1203 1204 1303 1302 
1312 1204 1205 1304 1303 
1313 1205 1206 1305 1304 
1314 1206 1207 1306 1305 
1315 1207 1208 1307 1306 
1316 1208 1209 1308 1307 
1317 1209 1210 1309 1308 
1318 1210 1211 1310 1309 
1319 1211 1212 1311 1310 
1320 1212 1213 1312 1311 
1321 1213 1214 1313 1312 
1322 1214 1215 1314 1313 
1323 1215 1216 1315 1314 
1324 1216 1217 1316 1315 
1325 1217 1218 1317 1316 
1326 1218 1219 1318 1317 
1327 1219 1220 1319 1318 
1328 1220 1221 1320 1319 
1329 1221 1222 1321 1320 
1330 1222 1223 1322 1321 
1331 1223 1224 1323 1322 
1332 1224 1225 1324 1323 
1333 1225 1226 1325 1324 
1334 1226 1227 1326 1325 
1335 1227 1228 1327 1326 
1336 1228 1229 1328 1327 
1337 1229 1230 1329 1328 
1338 1230 1231 1330 1329 
1339 1231 1232 1331 1330 
1340 1232 1233 1332 1331 
1341 1233 1234 1333 1332 
1342 1234 1235 1334 1333 
1343 1235 1236 1335 1334 
1344 1236 1237 1336 1335 
1345 1237 1238 1337 1336 
1346 1238 1239 1338 1337 
1347 1239 1240 1339 1338 
1348 1240 1241 1340 1339 
1349 1241 1242 1341 1340 
1350 1242 1243 1342 1341 
1351 1243 1244 1343 1342 
1352 1244 1245 1344 1343 
1353 1245 1246 1345 1344 
1354 1246 1247 1346 1345 
1355 1247 1248 1347 1346 
1356 1248 1249 1348 1347 
1357 1249 1250 1349 1348 
1358 1250 1251 1350 1349 
1359 1251 1252 1351 1350 
1360 1252 1253 1352 1351 
1361 1253 1254 1353 1352 
1362 1254 1255 1354 1353 
1363 1255 1256 1355 1354 
1364 1256 1257 1356 1355 
1365 1257 1258 1357 1356 
1366 1258 1259 1358 1357 
1367 1259 1260 1359 1358 
1368 1260 1261 1360 1359 
1369 1261 1262 1361 1360 
1370 1262 1263 1362 1361 
1371 1263 1264 1363 1362 
1372 1264 1265 1364 1363 
1373 1265 1266 1365 1364 
1374 1266 1267 1366 1365 
1375 1267 1268 1367 1366 
1376 1268 1269 1368 1367 
1377 1269 1270 1369 1368 
1378 1270 1271 1370 1369 
1379 1271 1272 1371 1370 
1380 1272 1273 1372 1371 
1381 1273 1274 1373 1372 
1382 1274 1275 1374 1373 
1383 1275 1276 1375 1374 
1384 1276 1277 1376 1375 
1385 1277 1278 1377 1376 
1386 1278 1279 1378 1377 
1387 1279 1280 1379 1378 
1388 1280 1281 1380 1379 
1389 1281 1282 1381 1380 
1390 1282 1283 1382 1381 
1391 1283 1284 1383 1382 
1392 1284 1285 1384 1383 
1393 1285 1286 1385 1384 
1394 1286 1287 1386 1385 
1395 1287 1288 1387 1386 
1396 1288 1289 1388 1387 
1397 1289 1290 1389 1388 
1398 1290 1291 1390 1389 
1399 1291 1292 1391 1390 
1400 1292 111 112 1391 
1401 492 1293 1392 491 
1402 1293 1294 1393 1392 
1403 1294 1295 1394 1393 
1404 1295 1296 1395 1394 
1405 1296 1297 1396 1395 
1406 1297 1298 1397 1396 
1407 1298 1299 1398 1397 
1408 1299 1300 1399 1398 
1409 1300 1301 1400 1399 
1410 1301 1302 1401 1400 
1411 1302 1303 1402 1401 
1412 1303 1304 1403 1402 
1413 1304 1305 1404 1403 
1414 1305 1306 1405 1404 
1415 1306 1307 1406 1405 
1416 1307 1308 1407 1406 
1417 1308 1309 1408 1407 
1418 1309 1310 1409 1408 
1419 1310 1311 1410 1409 
1420 1311 1312 1411 1410 
1421 1312 1313 1412 1411 
1422 1313 1314 1413 1412 
1423 1314 1315 1414 1413 
1424 1315 1316 1415 1414 
1425 1316 1317 1416 1415 
1426 1317 1318 1417 1416 
1427 1318 1319 1418 1417 
1428 1319 1320 1419 1418 
1429 1320 1321 1420 1419 
1430 1321 1322 1421 1420 
1431 1322 1323 1422 1421 
1432 1323 1324 1423 1422 
1433 1324 1325 1424 1423 
1434 1325 1326 1425 1424 
1435 1326 1327 1426 1425 
1436 1327 1328 1427 1426 
1437 1328 1329 1428 1427 
1438 1329 1330 1429 1428 
1439 1330 1331 1430 1429 
1440 1331 1332 1431 1430 
1441 1332 1333 1432 1431 
1442 1333 1334 1433 1432 
1443 1334 1335 1434 1433 
1444 1335 1336 1435 1434 
1445 1336 1337 1436 1435 
1446 1337 1338 1437 1436 
1447 1338 1339 1438 1437 
1448 1339 1340 1439 1438 
1449 1340 1341 1440 1439 
1450 1341 1342 1441 1440 
1451 1342 1343 1442 1441 
1452 1343 1344 1443 1442 
1453 1344 1345 1444 1443 
1454 1345 1346 1445 1444 
1455 1346 1347 1446 1445 
1456 1347 1348 1447 1446 
1457 1348 1349 1448 1447 
1458 1349 1350 1449 1448 
1459 1350 1351 1450 1449 
1460 1351 1352 1451 1450 
1461 1352 1353 1452 1451 
1462 1353 1354 1453 1452 
1463 1354 1355 1454 1453 
1464 1355 1356 1455 1454 
1465 1356 1357 1456 1455 
1466 1357 1358 1457 1456 
1467 1358 1359 1458 1457 
1468 1359 1360 1459 1458 
1469 1360 1361 1460 1459 
1470 1361 1362 1461 1460 
1471 1362 1363 1462 1461 
1472 1363 1364 1463 1462 
1473 1364 1365 1464 1463 
1474 1365 1366 1465 1464 
1475 1366 1367 1466 1465 
1476 1367 1368 1467 1466 
1477 1368 1369 1468 1467 
1478 1369 1370 1469 1468 
1479 1370 1371 1470 1469 
1480 1371 1372 1471 1470 
1481 1372 1373 1472 1471 
1482 1373 1374 1473 1472 
1483 1374 1375 1474 1473 
1484 1375 1376 1475 1474 
1485 1376 1377 1476 1475 
1486 1377 1378 1477 1476 
1487 1378 1379 1478 1477 
1488 1379 1380 1479 1478 
1489 1380 1381 1480 1479 
1490 1381 1382 1481 1480 
1491 1382 1383 1482 1481 
1492 1383 1384 1483 1482 
1493 1384 1385 1484 1483 
1494 1385 1386 1485 1484 
1495 1386 1387 1486 1485 
1496 1387 1388 1487 1486 
1497 1388 1389 1488 1487 
1498 1389 1390 1489 1488 
1499 1390 1391 1490 1489 
1500 1391 112 113 1490 
1501 491 1392 1491 490 
1502 1392 1393 1492 1491 
1503 1393 1394 1493 1492 
1504 1394 1395 1494 1493 
1505 1395 1396 1495 1494 
1506 1396 1397 1496 1495 
1507 1397 1398 1497 1496 
1508 1398 1399 1498 1497 
1509 1399 1400 1499 1498 
1510 1400 1401 1500 1499 
1511 1401 1402 1501 1500 
1512 1402 1403 1502 1501 
1513 1403 1404 1503 1502 
1514 1404 1405 1504 1503 
1515 1405 1406 1505 1504 
1516 1406 1407 1506 1505 
1517 1407 1408 1507 1506 
1518 1408 1409 1508 1507 
1519 1409 1410 1509 1508 
1520 1410 1411 1510 1509 
1521 1411 1412 1511 1510 
1522 1412 1413 1512 1511 
1523 1413 1414 1513 1512 
1524 1414 1415 1514 1513 
1525 1415 1416 1515 1514 
1526 1416 1417 1516 1515 
1527 1417 1418 1517 1516 
1528 1418 1419 1518 1517 
1529 1419 1420 1519 1518 
1530 1420 1421 1520 1519 
1531 1421 1422 1521 1520 
1532 1422 1423 1522 1521 
1533 1423 1424 1523 1522 
1534 1424 1425 1524 1523 
1535 1425 1426 1525 1524 
1536 1426 1427 1526 1525 
1537 1427 1428 1527 1526 
1538 1428 1429 1528 1527 
1539 1429 1430 1529 1528 
1540 1430 1431 1530 1529 
1541 1431 1432 1531 1530 
1542 1432 1433 1532 1531 
1543 1433 1434 1533 1532 
1544 1434 1435 1534 1533 
1545 1435 1436 1535 1534 
1546 1436 1437 1536 1535 
1547 1437 1438 1537 1536 
1548 1438 1439 1538 1537 
1549 1439 1440 1539 1538 
1550 1440 1441 1540 1539 
1551 1441 1442 1541 1540 
1552 1442 1443 1542 1541 
1553 1443 1444 1543 1542 
1554 1444 1445 1544 1543 
1555 1445 1446 1545 1544 
1556 1446 1447 1546 1545 
1557 1447 1448 1547 1546 
1558 1448 1449 1548 1547 
1559 1449 1450 1549 1548 
1560 1450 1451 1550 1549 
1561 1451 1452 1551 1550 
1562 1452 1453 1552 1551 
1563 1453 1454 1553 1552 
1564 1454 1455 1554 1553 
1565 1455 1456 1555 1554 
1566 1456 1457 1556 1555 
1567 1457 1458 1557 1556 
1568 1458 1459 1558 1557 
1569 1459 1460 1559 1558 
1570 1460 1461 1560 1559 
1571 1461 1462 1561 1560 
1572 1462 1463 1562 1561 
1573 1463 1464 1563 1562 
1574 1464 1465 1564 1563 
1575 1465 1466 1565 1564 
1576 1466 1467 1566 1565 
1577 1467 1468 1567 1566 
1578 1468 1469 1568 1567 
1579 1469 1470 1569 1568 
1580 1470 1471 1570 1569 
1581 1471 1472 1571 1570 
1582 1472 1473 1572 1571 
1583 1473 1474 1573 1572 
1584 1474 1475 1574 1573 
1585 1475 1476 1575 1574 
1586 1476 1477 1576 1575 
1587 1477 1478 1577 1576 
1588 1478 1479 1578 1577 
1589 1479 1480 1579 1578 
1590 1480 1481 1580 1579 
1591 1481 1482 1581 1580 
1592 1482 1483 1582 1581 
1593 1483 1484 1583 1582 
1594 1484 1485 1584 1583 
1595 1485 1486 1585 1584 
1596 1486 1487 1586 1585 
1597 1487 1488 1587 1586 
1598 1488 1489 1588 1587 
1599 1489 1490 1589 1588 
1600 1490 113 114 1589 
1601 490 1491 1590 489 
1602 1491 1492 1591 1590 
1603 1492 1493 1592 1591 
1604 1493 1494 1593 1592 
1605 1494 1495 1594 1593 
1606 1495 1496 1595 1594 
1607 1496 1497 1596 1595 
1608 1497 1498 1597 1596 
1609 1498 1499 1598 1597 
1610 1499 1500 1599 1598 
1611 1500 1501 1600 1599 
1612 1501 1502 1601 1600 
1613 1502 1503 1602 1601 
1614 1503 1504 1603 1602 
1615 1504 1505 1604 1603 
1616 1505 1506 1605 1604 
1617 1506 1507 1606 1605 
1618 1507 1508 1607 1606 
1619 1508 1509 1608 1607 
1620 1509 1510 1609 1608 
1621 1510 1511 1610 1609 
1622 1511 1512 1611 1610 
1623 1512 1513 1612 1611 
1624 1513 1514 1613 1612 
1625 1514 1515 1614 1613 
1626 1515 1516 1615 1614 
1627 1516 1517 1616 1615 
1628 1517 1518 1617 1616 
1629 1518 1519 1618 1617 
1630 1519 1520 1619 1618 
1631 1520 1521 1620 1619 
1632 1521 1522 1621 1620 
1633 1522 1523 1622 1621 
1634 1523 1524 1623 1622 
1635 1524 1525 1624 1623 
1636 1525 1526 1625 1624 
1637 1526 1527 1626 1625 
1638 1527 1528 1627 1626 
1639 1528 1529 1628 1627 
1640 1529 1530 1629 1628 
1641 1530 1531 1630 1629 
1642 1531 1532 1631 1630 
1643 1532 1533 1632 1631 
1644 1533 1534 1633 1632 
1645 1534 1535 1634 1633 
1646 1535 1536 1635 1634 
1647 1536 1537 1636 1635 
1648 1537 1538 1637 1636 
1649 1538 1539 1638 1637 
1650 1539 1540 1639 1638 
1651 1540 1541 1640 1639 
1652 1541 1542 1641 1640 
1653 1542 1543 1642 1641 
1654 1543 1544 1643 1642 
1655 1544 1545 1644 1643 
1656 1545 1546 1645 1644 
1657 1546 1547 1646 1645 
1658 1547 1548 1647 1646 
1659 1548 1549 1648 1647 
1660 1549 1550 1649 1648 
1661 1550 1551 1650 1649 
1662 1551 1552 1651 1650 
1663 1552 1553 1652 1651 
1664 1553 1554 1653 1652 
1665 1554 1555 1654 1653 
1666 1555 1556 1655 1654 
1667 1556 1557 1656 1655 
1668 1557 1558 1657 1656 
1669 1558 1559 1658 1657 
1670 1559 1560 1659 1658 
1671 1560 1561 1660 1659 
1672 1561 1562 1661 1660 
1673 1562 1563 1662 1661 
1674 1563 1564 1663 1662 
1675 1564 1565 1664 1663 
1676 1565 1566 1665 1664 
1677 1566 1567 1666 1665 
1678 1567 1568 1667 1666 
1679 1568 1569 1668 1667 
1680 1569 1570 1669 1668 
1681 1570 1571 1670 1669 
1682 1571 1572 1671 1670 
1683 1572 1573 1672 1671 
1684 1573 1574 1673 1672 
1685 1574 1575 1674 1673 
1686 1575 1576 1675 1674 
1687 1576 1577 1676 1675 
1688 1577 1578 1677 1676 
1689 1578 1579 1678 1677 
1690 1579 1580 1679 1678 
1691 1580 1581 1680 1679 
1692 1581 1582 1681 1680 
1693 1582 1583 1682 1681 
1694 1583 1584 1683 1682 
1695 1584 1585 1684 1683 
1696 1585 1586 1685 1684 
1697 1586 1587 1686 1685 
1698 1587 1588 1687 1686 
1699 1588 1589 1688 1687 
1700 1589 114 115 1688 
1701 489 1590 1689 488 
1702 1590 1591 1690 1689 
1703 1591 1592 1691 1690 
1704 1592 1593 1692 1691 
1705 1593 1594 1693 1692 
1706 1594 1595 1694 1693 
1707 1595 1596 1695 1694 
1708 1596 1597 1696 1695 
1709 1597 1598 1697 1696 
1710 1598 1599 1698 1697 
1711 1599 1600 1699 1698 
1712 1600 1601 1700 1699 
1713 1601 1602 1701 1700 
1714 1602 1603 1702 1701 
1715 1603 1604 1703 1702 
1716 1604 1605 1704 1703 
1717 1605 1606 1705 1704 
1718 1606 1607 1706 1705 
1719 1607 1608 1707 1706 
1720 1608 1609 1708 1707 
1721 1609 1610 1709 1708 
1722 1610 1611 1710 1709 
1723 1611 1612 1711 1710 
1724 1612 1613 1712 1711 
1725 1613 1614 1713 1712 
1726 1614 1615 1714 1713 
1727 1615 1616 1715 1714 
1728 1616 1617 1716 1715 
1729 1617 1618 1717 1716 
1730 1618 1619 1718 1717 
1731 1619 1620 1719 1718 
1732 1620 1621 1720 1719 
1733 1621 1622 1721 1720 
1734 1622 1623 1722 1721 
1735 1623 1624 1723 1722 
1736 1624 1625 1724 1723 
1737 1625 1626 1725 1724 
1738 1626 1627 1726 1725 
1739 1627 1628 1727 1726 
1740 1628 1629 1728 1727 
1741 1629 1630 1729 1728 
1742 1630 1631 1730 1729 
1743 1631 1632 1731 1730 
1744 1632 1633 1732 1731 
1745 1633 1634 1733 1732 
1746 1634 1635 1734 1733 
1747 1635 1636 1735 1734 
1748 1636 1637 1736 1735 
1749 1637 1638 1737 1736 
1750 1638 1639 1738 1737 
1751 1639 1640 1739 1738 
1752 1640 1641 1740 1739 
1753 1641 1642 1741 1740 
1754 1642 1643 1742 1741 
1755 1643 1644 1743 1742 
1756 1644 1645 1744 1743 
1757 1645 1646 1745 1744 
1758 1646 1647 1746 1745 
1759 1647 1648 1747 1746 
1760 1648 1649 1748 1747 
1761 1649 1650 1749 1748 
1762 1650 1651 1750 1749 
1763 1651 1652 1751 1750 
1764 1652 1653 1752 1751 
1765 1653 1654 1753 1752 
1766 1654 1655 1754 1753 
1767 1655 1656 1755 1754 
1768 1656 1657 1756 1755 
1769 1657 1658 1757 1756 
1770 1658 1659 1758 1757 
1771 1659 1660 1759 1758 
1772 1660 1661 1760 1759 
1773 1661 1662 1761 1760 
1774 1662 1663 1762 1761 
1775 1663 1664 1763 1762 
1776 1664 1665 1764 1763 
1777 1665 1666 1765 1764 
1778 1666 1667 1766 1765 
1779 1667 1668 1767 1766 
1780 1668 1669 1768 1767 
1781 1669 1670 1769 1768 
1782 1670 1671 1770 1769 
1783 1671 1672 1771 1770 
1784 1672 1673 1772 1771 
1785 1673 1674 1773 1772 
1786 1674 1675 1774 1773 
1787 1675 1676 1775 1774 
1788 1676 1677 1776 1775 
1789 1677 1678 1777 1776 
1790 1678 1679 1778 1777 
1791 1679 1680 1779 1778 
1792 1680 1681 1780 1779 
1793 1681 1682 1781 1780 
1794 1682 1683 1782 1781 
1795 1683 1684 1783 1782 
1796 1684 1685 1784 1783 
1797 1685 1686 1785 1784 
1798 1686 1687 1786 1785 
1799 1687 1688 1787 1786 
1800 1688 115 116 1787 
1801 488 1689 1788 487 
1802 1689 1690 1789 1788 
1803 1690 1691 1790 1789 
1804 1691 1692 1791 1790 
1805 1692 1693 1792 1791 
1806 1693 1694 1793 1792 
1807 1694 1695 1794 1793 
1808 1695 1696 1795 1794 
1809 1696 1697 1796 1795 
1810 1697 1698 1797 1796 
1811 1698 1699 1798 1797 
1812 1699 1700 1799 1798 
1813 1700 1701 1800 1799 
1814 1701 1702 1801 1800 
1815 1702 1703 1802 1801 
1816 1703 1704 1803 1802 
1817 1704 1705 1804 1803 
1818 1705 1706 1805 1804 
1819 1706 1707 1806 1805 
1820 1707 1708 1807 1806 
1821 1708 1709 1808 1807 
1822 1709 1710 1809 1808 
1823 1710 1711 1810 1809 
1824 1711 1712 1811 1810 
1825 1712 1713 1812 1811 
1826 1713 1714 1813 1812 
1827 1714 1715 1814 1813 
1828 1715 1716 1815 1814 
1829 1716 1717 1816 1815 
1830 1717 1718 1817 1816 
1831 1718 1719 1818 1817 
1832 1719 1720 1819 1818 
1833 1720 1721 1820 1819 
1834 1721 1722 1821 1820 
1835 1722 1723 1822 1821 
1836 1723 1724 1823 1822 
1837 1724 1725 1824 1823 
1838 1725 1726 1825 1824 
1839 1726 1727 1826 1825 
1840 1727 1728 1827 1826 
1841 1728 1729 1828 1827 
1842 1729 1730 1829 1828 
1843 1730 1731 1830 1829 
1844 1731 1732 1831 1830 
1845 1732 1733 1832 1831 
1846 1733 1734 1833 1832 
1847 1734 1735 1834 1833 
1848 1735 1736 1835 1834 
1849 1736 1737 1836 1835 
1850 1737 1738 1837 1836 
1851 1738 1739 1838 1837 
1852 1739 1740 1839 1838 
1853 1740 1741 1840 1839 
1854 1741 1742 1841 1840 
1855 1742 1743 1842 1841 
1856 1743 1744 1843 1842 
1857 1744 1745 1844 1843 
1858 1745 1746 1845 1844 
1859 1746 1747 1846 1845 
1860 1747 1748 1847 1846 
1861 1748 1749 1848 1847 
1862 1749 1750 1849 1848 
1863 1750 1751 1850 1849 
1864 1751 1752 1851 1850 
1865 1752 1753 1852 1851 
1866 1753 1754 1853 1852 
1867 1754 1755 1854 1853 
1868 1755 1756 1855 1854 
1869 1756 1757 1856 1855 
1870 1757 1758 1857 1856 
1871 1758 1759 1858 1857 
1872 1759 1760 1859 1858 
1873 1760 1761 1860 1859 
1874 1761 1762 1861 1860 
1875 1762 1763 1862 1861 
1876 1763 1764 1863 1862 
1877 1764 1765 1864 1863 
1878 1765 1766 1865 1864 
1879 1766 1767 1866 1865 
1880 1767 1768 1867 1866 
1881 1768 1769 1868 1867 
1882 1769 1770 1869 1868 
1883 1770 1771 1870 1869 
1884 1771 1772 1871 1870 
1885 1772 1773 1872 1871 
1886 1773 1774 1873 1872 
1887 1774 1775 1874 1873 
1888 1775 1776 1875 1874 
1889 1776 1777 1876 1875 
1890 1777 1778 1877 1876 
1891 1778 1779 1878 1877 
1892 1779 1780 1879 1878 
1893 1780 1781 1880 1879 
1894 1781 1782 1881 1880 
1895 1782 1783 1882 1881 
1896 1783 1784 1883 1882 
1897 1784 1785 1884 1883 
1898 1785 1786 1885 1884 
1899 1786 1787 1886 1885 
1900 1787 116 117 1886 
1901 487 1788 1887 486 
1902 1788 1789 1888 1887 
1903 1789 1790 1889 1888 
1904 1790 1791 1890 1889 
1905 1791 1792 1891 1890 
1906 1792 1793 1892 1891 
1907 1793 1794 1893 1892 
1908 1794 1795 1894 1893 
1909 1795 1796 1895 1894 
1910 1796 1797 1896 1895 
1911 1797 1798 1897 1896 
1912 1798 1799 1898 1897 
1913 1799 1800 1899 1898 
1914 1800 1801 1900 1899 
1915 1801 1802 1901 1900 
1916 1802 1803 1902 1901 
1917 1803 1804 1903 1902 
1918 1804 1805 1904 1903 
1919 1805 1806 1905 1904 
1920 1806 1807 1906 1905 
1921 1807 1808 1907 1906 
1922 1808 1809 1908 1907 
1923 1809 1810 1909 1908 
1924 1810 1811 1910 1909 
1925 1811 1812 1911 1910 
1926 1812 1813 1912 1911 
1927 1813 1814 1913 1912 
1928 1814 1815 1914 1913 
1929 1815 1816 1915 1914 
1930 1816 1817 1916 1915 
1931 1817 1818 1917 1916 
1932 1818 1819 1918 1917 
1933 1819 1820 1919 1918 
1934 1820 1821 1920 1919 
1935 1821 1822 1921 1920 
1936 1822 1823 1922 1921 
1937 1823 1824 1923 1922 
1938 1824 1825 1924 1923 
1939 1825 1826 1925 1924 
1940 1826 1827 1926 1925 
1941 1827 1828 1927 1926 
1942 1828 1829 1928 1927 
1943 1829 1830 1929 1928 
1944 1830 1831 1930 1929 
1945 1831 1832 1931 1930 
1946 1832 1833 1932 1931 
1947 1833 1834 1933 1932 
1948 1834 1835 1934 1933 
1949 1835 1836 1935 1934 
1950 1836 1837 1936 1935 
1951 1837 1838 1937 1936 
1952 1838 1839 1938 1937 
1953 1839 1840 1939 1938 
1954 1840 1841 1940 1939 
1955 1841 1842 1941 1940 
1956 1842 1843 1942 1941 
1957 1843 1844 1943 1942 
1958 1844 1845 1944 1943 
1959 1845 1846 1945 1944 
1960 1846 1847 1946 1945 
1961 1847 1848 1947 1946 
1962 1848 1849 1948 1947 
1963 1849 1850 1949 1948 
1964 1850 1851 1950 1949 
1965 1851 1852 1951 1950 
1966 1852 1853 1952 1951 
1967 1853 1854 1953 1952 
1968 1854 1855 1954 1953 
1969 1855 1856 1955 1954 
1970 1856 1857 1956 1955 
1971 1857 1858 1957 1956 
1972 1858 1859 1958 1957 
1973 1859 1860 1959 1958 
1974 1860 1861 1960 1959 
1975 1861 1862 1961 1960 
1976 1862 1863 1962 1961 
1977 1863 1864 1963 1962 
1978 1864 1865 1964 1963 
1979 1865 1866 1965 1964 
1980 1866 1867 1966 1965 
1981 1867 1868 1967 1966 
1982 1868 1869 1968 1967 
1983 1869 1870 1969 1968 
1984 1870 1871 1970 1969 
1985 1871 1872 1971 1970 
1986 1872 1873 1972 1971 
1987 1873 1874 1973 1972 
1988 1874 1875 1974 1973 
1989 1875 1876 1975 1974 
1990 1876 1877 1976 1975 
1991 1877 1878 1977 1976 
1992 1878 1879 1978 1977 
1993 1879 1880 1979 1978 
1994 1880 1881 1980 1979 
1995 1881 1882 1981 1980 
1996 1882 1883 1982 1981 
1997 1883 1884 1983 1982 
1998 1884 1885 1984 1983 
1999 1885 1886 1985 1984 
2000 1886 117 118 1985 
2001 486 1887 1986 485 
2002 1887 1888 1987 1986 
2003 1888 1889 1988 1987 
2004 1889 1890 1989 1988 
2005 1890 1891 1990 1989 
2006 1891 1892 1991 1990 
2007 1892 1893 1992 1991 
2008 1893 1894 1993 1992 
2009 1894 1895 1994 1993 
2010 1895 1896 1995 1994 
2011 1896 1897 1996 1995 
2012 1897 1898 1997 1996 
2013 1898 1899 1998 1997 
2014 1899 1900 1999 1998 
2015 1900 1901 2000 1999 
2016 1901 1902 2001 2000 
2017 1902 1903 2002 2001 
2018 1903 1904 2003 2002 
2019 1904 1905 2004 2003 
2020 1905 1906 2005 2004 
2021 1906 1907 2006 2005 
2022 1907 1908 2007 2006 
2023 1908 1909 2008 2007 
2024 1909 1910 2009 2008 
2025 1910 1911 2010 2009 
2026 1911 1912 2011 2010 
2027 1912 1913 2012 2011 
2028 1913 1914 2013 2012 
2029 1914 1915 2014 2013 
2030 1915 1916 2015 2014 
2031 1916 1917 2016 2015 
2032 1917 1918 2017 2016 
2033 1918 1919 2018 2017 
2034 1919 1920 2019 2018 
2035 1920 1921 2020 2019 
2036 1921 1922 2021 2020 
2037 1922 1923 2022 2021 
2038 1923 1924 2023 2022 
2039 1924 1925 2024 2023 
2040 1925 1926 2025 2024 
2041 1926 1927 2026 2025 
2042 1927 1928 2027 2026 
2043 1928 1929 2028 2027 
2044 1929 1930 2029 2028 
2045 1930 1931 2030 2029 
2046 1931 1932 2031 2030 
2047 1932 1933 2032 2031 
2048 1933 1934 2033 2032 
2049 1934 1935 2034 2033 
2050 1935 1936 2035 2034 
2051 1936 1937 2036 2035 
2052 1937 1938 2037 2036 
2053 1938 1939 2038 2037 
2054 1939 1940 2039 2038 
2055 1940 1941 2040 2039 
2056 1941 1942 2041 2040 
2057 1942 1943 2042 2041 
2058 1943 1944 2043 2042 
2059 1944 1945 2044 2043 
2060 1945 1946 2045 2044 
2061 1946 1947 2046 2045 
2062 1947 1948 2047 2046 
2063 1948 1949 2048 2047 
2064 1949 1950 2049 2048 
2065 1950 1951 2050 2049 
2066 1951 1952 2051 2050 
2067 1952 1953 2052 2051 
2068 1953 1954 2053 2052 
2069 1954 1955 2054 2053 
2070 1955 1956 2055 2054 
2071 1956 1957 2056 2055 
2072 1957 1958 2057 2056 
2073 1958 1959 2058 2057 
2074 1959 1960 2059 2058 
2075 1960 1961 2060 2059 
2076 1961 1962 2061 2060 
2077 1962 1963 2062 2061 
2078 1963 1964 2063 2062 
2079 1964 1965 2064 2063 
2080 1965 1966 2065 2064 
2081 1966 1967 2066 2065 
2082 1967 1968 2067 2066 
2083 1968 1969 2068 2067 
2084 1969 1970 2069 2068 
2085 1970 1971 2070 2069 
2086 1971 1972 2071 2070 
2087 1972 1973 2072 2071 
2088 1973 1974 2073 2072 
2089 1974 1975 2074 2073 
2090 1975 1976 2075 2074 
2091 1976 1977 2076 2075 
2092 1977 1978 2077 2076 
2093 1978 1979 2078 2077 
2094 1979 1980 2079 2078 
2095 1980 1981 2080 2079 
2096 1981 1982 2081 2080 
2097 1982 1983 2082 2081 
2098 1983 1984 2083 2082 
2099 1984 1985 2084 2083 
2100 1985 118 119 2084 
2101 485 1986 2085 484 
2102 1986 1987 2086 2085 
2103 1987 1988 2087 2086 
2104 1988 1989 2088 2087 
2105 1989 1990 2089 2088 
2106 1990 1991 2090 2089 
2107 1991 1992 2091 2090 
2108 1992 1993 2092 2091 
2109 1993 1994 2093 2092 
2110 1994 1995 2094 2093 
2111 1995 1996 2095 2094 
2112 1996 1997 2096 2095 
2113 1997 1998 2097 2096 
2114 1998 1999 2098 2097 
2115 1999 2000 2099 2098 
2116 2000 2001 2100 2099 
2117 2001 2002 2101 2100 
2118 2002 2003 2102 2101 
2119 2003 2004 2103 2102 
2120 2004 2005 2104 2103 
2121 2005 2006 2105 2104 
2122 2006 2007 2106 2105 
2123 2007 2008 2107 2106 
2124 2008 2009 2108 2107 
2125 2009 2010 2109 2108 
2126 2010 2011 2110 2109 
2127 2011 2012 2111 2110 
2128 2012 2013 2112 2111 
2129 2013 2014 2113 2112 
2130 2014 2015 2114 2113 
2131 2015 2016 2115 2114 
2132 2016 2017 2116 2115 
2133 2017 2018 2117 2116 
2134 2018 2019 2118 2117 
2135 2019 2020 2119 2118 
2136 2020 2021 2120 2119 
2137 2021 2022 2121 2120 
2138 2022 2023 2122 2121 
2139 2023 2024 2123 2122 
2140 2024 2025 2124 2123 
2141 2025 2026 2125 2124 
2142 2026 2027 2126 2125 
2143 2027 2028 2127 2126 
2144 2028 2029 2128 2127 
2145 2029 2030 2129 2128 
2146 2030 2031 2130 2129 
2147 2031 2032 2131 2130 
2148 2032 2033 2132 2131 
2149 2033 2034 2133 2132 
2150 2034 2035 2134 2133 
2151 2035 2036 2135 2134 
2152 2036 2037 2136 2135 
2153 2037 2038 2137 2136 
2154 2038 2039 2138 2137 
2155 2039 2040 2139 2138 
2156 2040 2041 2140 2139 
2157 2041 2042 2141 2140 
2158 2042 2043 2142 2141 
2159 2043 2044 2143 2142 
2160 2044 2045 2144 2143 
2161 2045 2046 2145 2144 
2162 2046 2047 2146 2145 
2163 2047 2048 2147 2146 
2164 2048 2049 2148 2147 
2165 2049 2050 2149 2148 
2166 2050 2051 2150 2149 
2167 2051 2052 2151 2150 
2168 2052 2053 2152 2151 
2169 2053 2054 2153 2152 
2170 2054 2055 2154 2153 
2171 2055 2056 2155 2154 
2172 2056 2057 2156 2155 
2173 2057 2058 2157 2156 
2174 2058 2059 2158 2157 
2175 2059 2060 2159 2158 
2176 2060 2061 2160 2159 
2177 2061 2062 2161 2160 
2178 2062 2063 2162 2161 
2179 2063 2064 2163 2162 
2180 2064 2065 2164 2163 
2181 2065 2066 2165 2164 
2182 2066 2067 2166 2165 
2183 2067 2068 2167 2166 
2184 2068 2069 2168 2167 
2185 2069 2070 2169 2168 
2186 2070 2071 2170 2169 
2187 2071 2072 2171 2170 
2188 2072 2073 2172 2171 
2189 2073 2074 2173 2172 
2190 2074 2075 2174 2173 
2191 2075 2076 2175 2174 
2192 2076 2077 2176 2175 
2193 2077 2078 2177 2176 
2194 2078 2079 2178 2177 
2195 2079 2080 2179 2178 
2196 2080 2081 2180 2179 
2197 2081 2082 2181 2180 
2198 2082 2083 2182 2181 
2199 2083 2084 2183 2182 
2200 2084 119 120 2183 
2201 484 2085 2184 483 
2202 2085 2086 2185 2184 
2203 2086 2087 2186 2185 
2204 2087 2088 2187 2186 
2205 2088 2089 2188 2187 
2206 2089 2090 2189 2188 
2207 2090 2091 2190 2189 
2208 2091 2092 2191 2190 
2209 2092 2093 2192 2191 
2210 2093 2094 2193 2192 
2211 2094 2095 2194 2193 
2212 2095 2096 2195 2194 
2213 2096 2097 2196 2195 
2214 2097 2098 2197 2196 
2215 2098 2099 2198 2197 
2216 2099 2100 2199 2198 
2217 2100 2101 2200 2199 
2218 2101 2102 2201 2200 
2219 2102 2103 2202 2201 
2220 2103 2104 2203 2202 
2221 2104 2105 2204 2203 
2222 2105 2106 2205 2204 
2223 2106 2107 2206 2205 
2224 2107 2108 2207 2206 
2225 2108 2109 2208 2207 
2226 2109 2110 2209 2208 
2227 2110 2111 2210 2209 
2228 2111 2112 2211 2210 
2229 2112 2113 2212 2211 
2230 2113 2114 2213 2212 
2231 2114 2115 2214 2213 
2232 2115 2116 2215 2214 
2233 2116 2117 2216 2215 
2234 2117 2118 2217 2216 
2235 2118 2119 2218 2217 
2236 2119 2120 2219 2218 
2237 2120 2121 2220 2219 
2238 2121 2122 2221 2220 
2239 2122 2123 2222 2221 
2240 2123 2124 2223 2222 
2241 2124 2125 2224 2223 
2242 2125 2126 2225 2224 
2243 2126 2127 2226 2225 
2244 2127 2128 2227 2226 
2245 2128 2129 2228 2227 
2246 2129 2130 2229 2228 
2247 2130 2131 2230 2229 
2248 2131 2132 2231 2230 
2249 2132 2133 2232 2231 
2250 2133 2134 2233 2232 
2251 2134 2135 2234 2233 
2252 2135 2136 2235 2234 
2253 2136 2137 2236 2235 
2254 2137 2138 2237 2236 
2255 2138 2139 2238 2237 
2256 2139 2140 2239 2238 
2257 2140 2141 2240 2239 
2258 2141 2142 2241 2240 
2259 2142 2143 2242 2241 
2260 2143 2144 2243 2242 
2261 2144 2145 2244 2243 
2262 2145 2146 2245 2244 
2263 2146 2147 2246 2245 
2264 2147 2148 2247 2246 
2265 2148 2149 2248 2247 
2266 2149 2150 2249 2248 
2267 2150 2151 2250 2249 
2268 2151 2152 2251 2250 
2269 2152 2153 2252 2251 
2270 2153 2154 2253 2252 
2271 2154 2155 2254 2253 
2272 2155 2156 2255 2254 
2273 2156 2157 2256 2255 
2274 2157 2158 2257 2256 
2275 2158 2159 2258 2257 
2276 2159 2160 2259 2258 
2277 2160 2161 2260 2259 
2278 2161 2162 2261 2260 
2279 2162 2163 2262 2261 
2280 2163 2164 2263 2262 
2281 2164 2165 2264 2263 
2282 2165 2166 2265 2264 
2283 2166 2167 2266 2265 
2284 2167 2168 2267 2266 
2285 2168 2169 2268 2267 
2286 2169 2170 2269 2268 
2287 2170 2171 2270 2269 
2288 2171 2172 2271 2270 
2289 2172 2173 2272 2271 
2290 2173 2174 2273 2272 
2291 2174 2175 2274 2273 
2292 2175 2176 2275 2274 
2293 2176 2177 2276 2275 
2294 2177 2178 2277 2276 
2295 2178 2179 2278 2277 
2296 2179 2180 2279 2278 
2297 2180 2181 2280 2279 
2298 2181 2182 2281 2280 
2299 2182 2183 2282 2281 
2300 2183 120 121 2282 
2301 483 2184 2283 482 
2302 2184 2185 2284 2283 
2303 2185 2186 2285 2284 
2304 2186 2187 2286 2285 
2305 2187 2188 2287 2286 
2306 2188 2189 2288 2287 
2307 2189 2190 2289 2288 
2308 2190 2191 2290 2289 
2309 2191 2192 2291 2290 
2310 2192 2193 2292 2291 
2311 2193 2194 2293 2292 
2312 2194 2195 2294 2293 
2313 2195 2196 2295 2294 
2314 2196 2197 2296 2295 
2315 2197 2198 2297 2296 
2316 2198 2199 2298 2297 
2317 2199 2200 2299 2298 
2318 2200 2201 2300 2299 
2319 2201 2202 2301 2300 
2320 2202 2203 2302 2301 
2321 2203 2204 2303 2302 
2322 2204 2205 2304 2303 
2323 2205 2206 2305 2304 
2324 2206 2207 2306 2305 
2325 2207 2208 2307 2306 
2326 2208 2209 2308 2307 
2327 2209 2210 2309 2308 
2328 2210 2211 2310 2309 
2329 2211 2212 2311 2310 
2330 2212 2213 2312 2311 
2331 2213 2214 2313 2312 
2332 2214 2215 2314 2313 
2333 2215 2216 2315 2314 
2334 2216 2217 2316 2315 
2335 2217 2218 2317 2316 
2336 2218 2219 2318 2317 
2337 2219 2220 2319 2318 
2338 2220 2221 2320 2319 
2339 2221 2222 2321 2320 
2340 2222 2223 2322 2321 
2341 2223 2224 2323 2322 
2342 2224 2225 2324 2323 
2343 2225 2226 2325 2324 
2344 2226 2227 2326 2325 
2345 2227 2228 2327 2326 
2346 2228 2229 2328 2327 
2347 2229 2230 2329 2328 
2348 2230 2231 2330 2329 
2349 2231 2232 2331 2330 
2350 2232 2233 2332 2331 
2351 2233 2234 2333 2332 
2352 2234 2235 2334 2333 
2353 2235 2236 2335 2334 
2354 2236 2237 2336 2335 
2355 2237 2238 2337 2336 
2356 2238 2239 2338 2337 
2357 2239 2240 2339 2338 
2358 2240 2241 2340 2339 
2359 2241 2242 2341 2340 
2360 2242 2243 2342 2341 
2361 2243 2244 2343 2342 
2362 2244 2245 2344 2343 
2363 2245 2246 2345 2344 
2364 2246 2247 2346 2345 
2365 2247 2248 2347 2346 
2366 2248 2249 2348 2347 
2367 2249 2250 2349 2348 
2368 2250 2251 2350 2349 
2369 2251 2252 2351 2350 
2370 2252 2253 2352 2351 
2371 2253 2254 2353 2352 
2372 2254 2255 2354 2353 
2373 2255 2256 2355 2354 
2374 2256 2257 2356 2355 
2375 2257 2258 2357 2356 
2376 2258 2259 2358 2357 
2377 2259 2260 2359 2358 
2378 2260 2261 2360 2359 
2379 2261 2262 2361 2360 
2380 2262 2263 2362 2361 
2381 2263 2264 2363 2362 
2382 2264 2265 2364 2363 
2383 2265 2266 2365 2364 
2384 2266 2267 2366 2365 
2385 2267 2268 2367 2366 
2386 2268 2269 2368 2367 
2387 2269 2270 2369 2368 
2388 2270 2271 2370 2369 
2389 2271 2272 2371 2370 
2390 2272 2273 2372 2371 
2391 2273 2274 2373 2372 
2392 2274 2275 2374 2373 
2393 2275 2276 2375 2374 
2394 2276 2277 2376 2375 
2395 2277 2278 2377 2376 
2396 2278 2279 2378 2377 
2397 2279 2280 2379 2378 
2398 2280 2281 2380 2379 
2399 2281 2282 2381 2380 
2400 2282 121 122 2381 
2401 482 2283 2382 481 
2402 2283 2284 2383 2382 
2403 2284 2285 2384 2383 
2404 2285 2286 2385 2384 
2405 2286 2287 2386 2385 
2406 2287 2288 2387 2386 
2407 2288 2289 2388 2387 
2408 2289 2290 2389 2388 
2409 2290 2291 2390 2389 
2410 2291 2292 2391 2390 
2411 2292 2293 2392 2391 
2412 2293 2294 2393 2392 
2413 2294 2295 2394 2393 
2414 2295 2296 2395 2394 
2415 2296 2297 2396 2395 
2416 2297 2298 2397 2396 
2417 2298 2299 2398 2397 
2418 2299 2300 2399 2398 
2419 2300 2301 2400 2399 
2420 2301 2302 2401 2400 
2421 2302 2303 2402 2401 
2422 2303 2304 2403 2402 
2423 2304 2305 2404 2403 
2424 2305 2306 2405 2404 
2425 2306 2307 2406 2405 
2426 2307 2308 2407 2406 
2427 2308 2309 2408 2407 
2428 2309 2310 2409 2408 
2429 2310 2311 2410 2409 
2430 2311 2312 2411 2410 
2431 2312 2313 2412 2411 
2432 2313 2314 2413 2412 
2433 2314 2315 2414 2413 
2434 2315 2316 2415 2414 
2435 2316 2317 2416 2415 
2436 2317 2318 2417 2416 
2437 2318 2319 2418 2417 
2438 2319 2320 2419 2418 
2439 2320 2321 2420 2419 
2440 2321 2322 2421 2420 
2441 2322 2323 2422 2421 
2442 2323 2324 2423 2422 
2443 2324 2325 2424 2423 
2444 2325 2326 2425 2424 
2445 2326 2327 2426 2425 
2446 2327 2328 2427 2426 
2447 2328 2329 2428 2427 
2448 2329 2330 2429 2428 
2449 2330 2331 2430 2429 
2450 2331 2332 2431 2430 
2451 2332 2333 2432 2431 
2452 2333 2334 2433 2432 
2453 2334 2335 2434 2433 
2454 2335 2336 2435 2434 
2455 2336 2337 2436 2435 
2456 2337 2338 2437 2436 
2457 2338 2339 2438 2437 
2458 2339 2340 2439 2438 
2459 2340 2341 2440 2439 
2460 2341 2342 2441 2440 
2461 2342 2343 2442 2441 
2462 2343 2344 2443 2442 
2463 2344 2345 2444 2443 
2464 2345 2346 2445 2444 
2465 2346 2347 2446 2445 
2466 2347 2348 2447 2446 
2467 2348 2349 2448 2447 
2468 2349 2350 2449 2448 
2469 2350 2351 2450 2449 
2470 2351 2352 2451 2450 
2471 2352 2353 2452 2451 
2472 2353 2354 2453 2452 
2473 2354 2355 2454 2453 
2474 2355 2356 2455 2454 
2475 2356 2357 2456 2455 
2476 2357 2358 2457 2456 
2477 2358 2359 2458 2457 
2478 2359 2360 2459 2458 
2479 2360 2361 2460 2459 
2480 2361 2362 2461 2460 
2481 2362 2363 2462 2461 
2482 2363 2364 2463 2462 
2483 2364 2365 2464 2463 
2484 2365 2366 2465 2464 
2485 2366 2367 2466 2465 
2486 2367 2368 2467 2466 
2487 2368 2369 2468 2467 
2488 2369 2370 2469 2468 
2489 2370 2371 2470 2469 
2490 2371 2372 2471 2470 
2491 2372 2373 2472 2471 
2492 2373 2374 2473 2472 
2493 2374 2375 2474 2473 
2494 2375 2376 2475 2474 
2495 2376 2377 2476 2475 
2496 2377 2378 2477 2476 
2497 2378 2379 2478 2477 
2498 2379 2380 2479 2478 
2499 2380 2381 2480 2479 
2500 2381 122 123 2480 
2501 481 2382 2481 480 
2502 2382 2383 2482 2481 
2503 2383 2384 2483 2482 
2504 2384 2385 2484 2483 
2505 2385 2386 2485 2484 
2506 2386 2387 2486 2485 
2507 2387 2388 2487 2486 
2508 2388 2389 2488 2487 
2509 2389 2390 2489 2488 
2510 2390 2391 2490 2489 
2511 2391 2392 2491 2490 
2512 2392 2393 2492 2491 
2513 2393 2394 2493 2492 
2514 2394 2395 2494 2493 
2515 2395 2396 2495 2494 
2516 2396 2397 2496 2495 
2517 2397 2398 2497 2496 
2518 2398 2399 2498 2497 
2519 2399 2400 2499 2498 
2520 2400 2401 2500 2499 
2521 2401 2402 2501 2500 
2522 2402 2403 2502 2501 
2523 2403 2404 2503 2502 
2524 2404 2405 2504 2503 
2525 2405 2406 2505 2504 
2526 2406 2407 2506 2505 
2527 2407 2408 2507 2506 
2528 2408 2409 2508 2507 
2529 2409 2410 2509 2508 
2530 2410 2411 2510 2509 
2531 2411 2412 2511 2510 
2532 2412 2413 2512 2511 
2533 2413 2414 2513 2512 
2534 2414 2415 2514 2513 
2535 2415 2416 2515 2514 
2536 2416 2417 2516 2515 
2537 2417 2418 2517 2516 
2538 2418 2419 2518 2517 
2539 2419 2420 2519 2518 
2540 2420 2421 2520 2519 
2541 2421 2422 2521 2520 
2542 2422 2423 2522 2521 
2543 2423 2424 2523 2522 
2544 2424 2425 2524 2523 
2545 2425 2426 2525 2524 
2546 2426 2427 2526 2525 
2547 2427 2428 2527 2526 
2548 2428 2429 2528 2527 
2549 2429 2430 2529 2528 
2550 2430 2431 2530 2529 
2551 2431 2432 2531 2530 
2552 2432 2433 2532 2531 
2553 2433 2434 2533 2532 
2554 2434 2435 2534 2533 
2555 2435 2436 2535 2534 
2556 2436 2437 2536 2535 
2557 2437 2438 2537 2536 
2558 2438 2439 2538 2537 
2559 2439 2440 2539 2538 
2560 2440 2441 2540 2539 
2561 2441 2442 2541 2540 
2562 2442 2443 2542 2541 
2563 2443 2444 2543 2542 
2564 2444 2445 2544 2543 
2565 2445 2446 2545 2544 
2566 2446 2447 2546 2545 
2567 2447 2448 2547 2546 
2568 2448 2449 2548 2547 
2569 2449 2450 2549 2548 
2570 2450 2451 2550 2549 
2571 2451 2452 2551 2550 
2572 2452 2453 2552 2551 
2573 2453 2454 2553 2552 
2574 2454 2455 2554 2553 
2575 2455 2456 2555 2554 
2576 2456 2457 2556 2555 
2577 2457 2458 2557 2556 
2578 2458 2459 2558 2557 
2579 2459 2460 2559 2558 
2580 2460 2461 2560 2559 
2581 2461 2462 2561 2560 
2582 2462 2463 2562 2561 
2583 2463 2464 2563 2562 
2584 2464 2465 2564 2563 
2585 2465 2466 2565 2564 
2586 2466 2467 2566 2565 
2587 2467 2468 2567 2566 
2588 2468 2469 2568 2567 
2589 2469 2470 2569 2568 
2590 2470 2471 2570 2569 
2591 2471 2472 2571 2570 
2592 2472 2473 2572 2571 
2593 2473 2474 2573 2572 
2594 2474 2475 2574 2573 
2595 2475 2476 2575 2574 
2596 2476 2477 2576 2575 
2597 2477 2478 2577 2576 
2598 2478 2479 2578 2577 
2599 2479 2480 2579 2578 
2600 2480 123 124 2579 
2601 480 2481 2580 479 
2602 2481 2482 2581 2580 
2603 2482 2483 2582 2581 
2604 2483 2484 2583 2582 
2605 2484 2485 2584 2583 
2606 2485 2486 2585 2584 
2607 2486 2487 2586 2585 
2608 2487 2488 2587 2586 
2609 2488 2489 2588 2587 
2610 2489 2490 2589 2588 
2611 2490 2491 2590 2589 
2612 2491 2492 2591 2590 
2613 2492 2493 2592 2591 
2614 2493 2494 2593 2592 
2615 2494 2495 2594 2593 
2616 2495 2496 2595 2594 
2617 2496 2497 2596 2595 
2618 2497 2498 2597 2596 
2619 2498 2499 2598 2597 
2620 2499 2500 2599 2598 
2621 2500 2501 2600 2599 
2622 2501 2502 2601 2600 
2623 2502 2503 2602 2601 
2624 2503 2504 2603 2602 
2625 2504 2505 2604 2603 
2626 2505 2506 2605 2604 
2627 2506 2507 2606 2605 
2628 2507 2508 2607 2606 
2629 2508 2509 2608 2607 
2630 2509 2510 2609 2608 
2631 2510 2511 2610 2609 
2632 2511 2512 2611 2610 
2633 2512 2513 2612 2611 
2634 2513 2514 2613 2612 
2635 2514 2515 2614 2613 
2636 2515 2516 2615 2614 
2637 2516 2517 2616 2615 
2638 2517 2518 2617 2616 
2639 2518 2519 2618 2617 
2640 2519 2520 2619 2618 
2641 2520 2521 2620 2619 
2642 2521 2522 2621 2620 
2643 2522 2523 2622 2621 
2644 2523 2524 2623 2622 
2645 2524 2525 2624 2623 
2646 2525 2526 2625 2624 
2647 2526 2527 2626 2625 
2648 2527 2528 2627 2626 
2649 2528 2529 2628 2627 
2650 2529 2530 2629 2628 
2651 2530 2531 2630 2629 
2652 2531 2532 2631 2630 
2653 2532 2533 2632 2631 
2654 2533 2534 2633 2632 
2655 2534 2535 2634 2633 
2656 2535 2536 2635 2634 
2657 2536 2537 2636 2635 
2658 2537 2538 2637 2636 
2659 2538 2539 2638 2637 
2660 2539 2540 2639 2638 
2661 2540 2541 2640 2639 
2662 2541 2542 2641 2640 
2663 2542 2543 2642 2641 
2664 2543 2544 2643 2642 
2665 2544 2545 2644 2643 
2666 2545 2546 2645 2644 
2667 2546 2547 2646 2645 
2668 2547 2548 2647 2646 
2669 2548 2549 2648 2647 
2670 2549 2550 2649 2648 
2671 2550 2551 2650 2649 
2672 2551 2552 2651 2650 
2673 2552 2553 2652 2651 
2674 2553 2554 2653 2652 
2675 2554 2555 2654 2653 
2676 2555 2556 2655 2654 
2677 2556 2557 2656 2655 
2678 2557 2558 2657 2656 
2679 2558 2559 2658 2657 
2680 2559 2560 2659 2658 
2681 2560 2561 2660 2659 
2682 2561 2562 2661 2660 
2683 2562 2563 2662 2661 
2684 2563 2564 2663 2662 
2685 2564 2565 2664 2663 
2686 2565 2566 2665 2664 
2687 2566 2567 2666 2665 
2688 2567 2568 2667 2666 
2689 2568 2569 2668 2667 
2690 2569 2570 2669 2668 
2691 2570 2571 2670 2669 
2692 2571 2572 2671 2670 
2693 2572 2573 2672 2671 
2694 2573 2574 2673 2672 
2695 2574 2575 2674 2673 
2696 2575 2576 2675 2674 
2697 2576 2577 2676 2675 
2698 2577 2578 2677 2676 
2699 2578 2579 2678 2677 
2700 2579 124 125 2678 
2701 479 2580 2679 478 
2702 2580 2581 2680 2679 
2703 2581 2582 2681 2680 
2704 2582 2583 2682 2681 
2705 2583 2584 2683 2682 
2706 2584 2585 2684 2683 
2707 2585 2586 2685 2684 
2708 2586 2587 2686 2685 
2709 2587 2588 2687 2686 
2710 2588 2589 2688 2687 
2711 2589 2590 2689 2688 
2712 2590 2591 2690 2689 
2713 2591 2592 2691 2690 
2714 2592 2593 2692 2691 
2715 2593 2594 2693 2692 
2716 2594 2595 2694 2693 
2717 2595 2596 2695 2694 
2718 2596 2597 2696 2695 
2719 2597 2598 2697 2696 
2720 2598 2599 2698 2697 
2721 2599 2600 2699 2698 
2722 2600 2601 2700 2699 
2723 2601 2602 2701 2700 
2724 2602 2603 2702 2701 
2725 2603 2604 2703 2702 
2726 2604 2605 2704 2703 
2727 2605 2606 2705 2704 
2728 2606 2607 2706 2705 
2729 2607 2608 2707 2706 
2730 2608 2609 2708 2707 
2731 2609 2610 2709 2708 
2732 2610 2611 2710 2709 
2733 2611 2612 2711 2710 
2734 2612 2613 2712 2711 
2735 2613 2614 2713 2712 
2736 2614 2615 2714 2713 
2737 2615 2616 2715 2714 
2738 2616 2617 2716 2715 
2739 2617 2618 2717 2716 
2740 2618 2619 2718 2717 
2741 2619 2620 2719 2718 
2742 2620 2621 2720 2719 
2743 2621 2622 2721 2720 
2744 2622 2623 2722 2721 
2745 2623 2624 2723 2722 
2746 2624 2625 2724 2723 
2747 2625 2626 2725 2724 
2748 2626 2627 2726 2725 
2749 2627 2628 2727 2726 
2750 2628 2629 2728 2727 
2751 2629 2630 2729 2728 
2752 2630 2631 2730 2729 
2753 2631 2632 2731 2730 
2754 2632 2633 2732 2731 
2755 2633 2634 2733 2732 
2756 2634 2635 2734 2733 
2757 2635 2636 2735 2734 
2758 2636 2637 2736 2735 
2759 2637 2638 2737 2736 
2760 2638 2639 2738 2737 
2761 2639 2640 2739 2738 
2762 2640 2641 2740 2739 
2763 2641 2642 2741 2740 
2764 2642 2643 2742 2741 
2765 2643 2644 2743 2742 
2766 2644 2645 2744 2743 
2767 2645 2646 2745 2744 
2768 2646 2647 2746 2745 
2769 2647 2648 2747 2746 
2770 2648 2649 2748 2747 
2771 2649 2650 2749 2748 
2772 2650 2651 2750 2749 
2773 2651 2652 2751 2750 
2774 2652 2653 2752 2751 
2775 2653 2654 2753 2752 
2776 2654 2655 2754 2753 
2777 2655 2656 2755 2754 
2778 2656 2657 2756 2755 
2779 2657 2658 2757 2756 
2780 2658 2659 2758 2757 
2781 2659 2660 2759 2758 
2782 2660 2661 2760 2759 
2783 2661 2662 2761 2760 
2784 2662 2663 2762 2761 
2785 2663 2664 2763 2762 
2786 2664 2665 2764 2763 
2787 2665 2666 2765 2764 
2788 2666 2667 2766 2765 
2789 2667 2668 2767 2766 
2790 2668 2669 2768 2767 
2791 2669 2670 2769 2768 
2792 2670 2671 2770 2769 
2793 2671 2672 2771 2770 
2794 2672 2673 2772 2771 
2795 2673 2674 2773 2772 
2796 2674 2675 2774 2773 
2797 2675 2676 2775 2774 
2798 2676 2677 2776 2775 
2799 2677 2678 2777 2776 
2800 2678 125 126 2777 
2801 478 2679 2778 477 
2802 2679 2680 2779 2778 
2803 2680 2681 2780 2779 
2804 2681 2682 2781 2780 
2805 2682 2683 2782 2781 
2806 2683 2684 2783 2782 
2807 2684 2685 2784 2783 
2808 2685 2686 2785 2784 
2809 2686 2687 2786 2785 
2810 2687 2688 2787 2786 
2811 2688 2689 2788 2787 
2812 2689 2690 2789 2788 
2813 2690 2691 2790 2789 
2814 2691 2692 2791 2790 
2815 2692 2693 2792 2791 
2816 2693 2694 2793 2792 
2817 2694 2695 2794 2793 
2818 2695 2696 2795 2794 
2819 2696 2697 2796 2795 
2820 2697 2698 2797 2796 
2821 2698 2699 2798 2797 
2822 2699 2700 2799 2798 
2823 2700 2701 2800 2799 
2824 2701 2702 2801 2800 
2825 2702 2703 2802 2801 
2826 2703 2704 2803 2802 
2827 2704 2705 2804 2803 
2828 2705 2706 2805 2804 
2829 2706 2707 2806 2805 
2830 2707 2708 2807 2806 
2831 2708 2709 2808 2807 
2832 2709 2710 2809 2808 
2833 2710 2711 2810 2809 
2834 2711 2712 2811 2810 
2835 2712 2713 2812 2811 
2836 2713 2714 2813 2812 
2837 2714 2715 2814 2813 
2838 2715 2716 2815 2814 
2839 2716 2717 2816 2815 
2840 2717 2718 2817 2816 
2841 2718 2719 2818 2817 
2842 2719 2720 2819 2818 
2843 2720 2721 2820 2819 
2844 2721 2722 2821 2820 
2845 2722 2723 2822 2821 
2846 2723 2724 2823 2822 
2847 2724 2725 2824 2823 
2848 2725 2726 2825 2824 
2849 2726 2727 2826 2825 
2850 2727 2728 2827 2826 
2851 2728 2729 2828 2827 
2852 2729 2730 2829 2828 
2853 2730 2731 2830 2829 
2854 2731 2732 2831 2830 
2855 2732 2733 2832 2831 
2856 2733 2734 2833 2832 
2857 2734 2735 2834 2833 
2858 2735 2736 2835 2834 
2859 2736 2737 2836 2835 
2860 2737 2738 2837 2836 
2861 2738 2739 2838 2837 
2862 2739 2740 2839 2838 
2863 2740 2741 2840 2839 
2864 2741 2742 2841 2840 
2865 2742 2743 2842 2841 
2866 2743 2744 2843 2842 
2867 2744 2745 2844 2843 
2868 2745 2746 2845 2844 
2869 2746 2747 2846 2845 
2870 2747 2748 2847 2846 
2871 2748 2749 2848 2847 
2872 2749 2750 2849 2848 
2873 2750 2751 2850 2849 
2874 2751 2752 2851 2850 
2875 2752 2753 2852 2851 
2876 2753 2754 2853 2852 
2877 2754 2755 2854 2853 
2878 2755 2756 2855 2854 
2879 2756 2757 2856 2855 
2880 2757 2758 2857 2856 
2881 2758 2759 2858 2857 
2882 2759 2760 2859 2858 
2883 2760 2761 2860 2859 
2884 2761 2762 2861 2860 
2885 2762 2763 2862 2861 
2886 2763 2764 2863 2862 
2887 2764 2765 2864 2863 
2888 2765 2766 2865 2864 
2889 2766 2767 2866 2865 
2890 2767 2768 2867 2866 
2891 2768 2769 2868 2867 
2892 2769 2770 2869 2868 
2893 2770 2771 2870 2869 
2894 2771 2772 2871 2870 
2895 2772 2773 2872 2871 
2896 2773 2774 2873 2872 
2897 2774 2775 2874 2873 
2898 2775 2776 2875 2874 
2899 2776 2777 2876 2875 
2900 2777 126 127 2876 
2901 477 2778 2877 476 
2902 2778 2779 2878 2877 
2903 2779 2780 2879 2878 
2904 2780 2781 2880 2879 
2905 2781 2782 2881 2880 
2906 2782 2783 2882 2881 
2907 2783 2784 2883 2882 
2908 2784 2785 2884 2883 
2909 2785 2786 2885 2884 
2910 2786 2787 2886 2885 
2911 2787 2788 2887 2886 
2912 2788 2789 2888 2887 
2913 2789 2790 2889 2888 
2914 2790 2791 2890 2889 
2915 2791 2792 2891 2890 
2916 2792 2793 2892 2891 
2917 2793 2794 2893 2892 
2918 2794 2795 2894 2893 
2919 2795 2796 2895 2894 
2920 2796 2797 2896 2895 
2921 2797 2798 2897 2896 
2922 2798 2799 2898 2897 
2923 2799 2800 2899 2898 
2924 2800 2801 2900 2899 
2925 2801 2802 2901 2900 
2926 2802 2803 2902 2901 
2927 2803 2804 2903 2902 
2928 2804 2805 2904 2903 
2929 2805 2806 2905 2904 
2930 2806 2807 2906 2905 
2931 2807 2808 2907 2906 
2932 2808 2809 2908 2907 
2933 2809 2810 2909 2908 
2934 2810 2811 2910 2909 
2935 2811 2812 2911 2910 
2936 2812 2813 2912 2911 
2937 2813 2814 2913 2912 
2938 2814 2815 2914 2913 
2939 2815 2816 2915 2914 
2940 2816 2817 2916 2915 
2941 2817 2818 2917 2916 
2942 2818 2819 2918 2917 
2943 2819 2820 2919 2918 
2944 2820 2821 2920 2919 
2945 2821 2822 2921 2920 
2946 2822 2823 2922 2921 
2947 2823 2824 2923 2922 
2948 2824 2825 2924 2923 
2949 2825 2826 2925 2924 
2950 2826 2827 2926 2925 
2951 2827 2828 2927 2926 
2952 2828 2829 2928 2927 
2953 2829 2830 2929 2928 
2954 2830 2831 2930 2929 
2955 2831 2832 2931 2930 
2956 2832 2833 2932 2931 
2957 2833 2834 2933 2932 
2958 2834 2835 2934 2933 
2959 2835 2836 2935 2934 
2960 2836 2837 2936 2935 
2961 2837 2838 2937 2936 
2962 2838 2839 2938 2937 
2963 2839 2840 2939 2938 
2964 2840 2841 2940 2939 
2965 2841 2842 2941 2940 
2966 2842 2843 2942 2941 
2967 2843 2844 2943 2942 
2968 2844 2845 2944 2943 
2969 2845 2846 2945 2944 
2970 2846 2847 2946 2945 
2971 2847 2848 2947 2946 
2972 2848 2849 2948 2947 
2973 2849 2850 2949 2948 
2974 2850 2851 2950 2949 
2975 2851 2852 2951 2950 
2976 2852 2853 2952 2951 
2977 2853 2854 2953 2952 
2978 2854 2855 2954 2953 
2979 2855 2856 2955 2954 
2980 2856 2857 2956 2955 
2981 2857 2858 2957 2956 
2982 2858 2859 2958 2957 
2983 2859 2860 2959 2958 
2984 2860 2861 2960 2959 
2985 2861 2862 2961 2960 
2986 2862 2863 2962 2961 
2987 2863 2864 2963 2962 
2988 2864 2865 2964 2963 
2989 2865 2866 2965 2964 
2990 2866 2867 2966 2965 
2991 2867 2868 2967 2966 
2992 2868 2869 2968 2967 
2993 2869 2870 2969 2968 
2994 2870 2871 2970 2969 
2995 2871 2872 2971 2970 
2996 2872 2873 2972 2971 
2997 2873 2874 2973 2972 
2998 2874 2875 2974 2973 
2999 2875 2876 2975 2974 
3000 2876 127 128 2975 
3001 476 2877 2976 475 
3002 2877 2878 2977 2976 
3003 2878 2879 2978 2977 
3004 2879 2880 2979 2978 
3005 2880 2881 2980 2979 
3006 2881 2882 2981 2980 
3007 2882 2883 2982 2981 
3008 2883 2884 2983 2982 
3009 2884 2885 2984 2983 
3010 2885 2886 2985 2984 
3011 2886 2887 2986 2985 
3012 2887 2888 2987 2986 
3013 2888 2889 2988 2987 
3014 2889 2890 2989 2988 
3015 2890 2891 2990 2989 
3016 2891 2892 2991 2990 
3017 2892 2893 2992 2991 
3018 2893 2894 2993 2992 
3019 2894 2895 2994 2993 
3020 2895 2896 2995 2994 
3021 2896 2897 2996 2995 
3022 2897 2898 2997 2996 
3023 2898 2899 2998 2997 
3024 2899 2900 2999 2998 
3025 2900 2901 3000 2999 
3026 2901 2902 3001 3000 
3027 2902 2903 3002 3001 
3028 2903 2904 3003 3002 
3029 2904 2905 3004 3003 
3030 2905 2906 3005 3004 
3031 2906 2907 3006 3005 
3032 2907 2908 3007 3006 
3033 2908 2909 3008 3007 
3034 2909 2910 3009 3008 
3035 2910 2911 3010 3009 
3036 2911 2912 3011 3010 
3037 2912 2913 3012 3011 
3038 2913 2914 3013 3012 
3039 2914 2915 3014 3013 
3040 2915 2916 3015 3014 
3041 2916 2917 3016 3015 
3042 2917 2918 3017 3016 
3043 2918 2919 3018 3017 
3044 2919 2920 3019 3018 
3045 2920 2921 3020 3019 
3046 2921 2922 3021 3020 
3047 2922 2923 3022 3021 
3048 2923 2924 3023 3022 
3049 2924 2925 3024 3023 
3050 2925 2926 3025 3024 
3051 2926 2927 3026 3025 
3052 2927 2928 3027 3026 
3053 2928 2929 3028 3027 
3054 2929 2930 3029 3028 
3055 2930 2931 3030 3029 
3056 2931 2932 3031 3030 
3057 2932 2933 3032 3031 
3058 2933 2934 3033 3032 
3059 2934 2935 3034 3033 
3060 2935 2936 3035 3034 
3061 2936 2937 3036 3035 
3062 2937 2938 3037 3036 
3063 2938 2939 3038 3037 
3064 2939 2940 3039 3038 
3065 2940 2941 3040 3039 
3066 2941 2942 3041 3040 
3067 2942 2943 3042 3041 
3068 2943 2944 3043 3042 
3069 2944 2945 3044 3043 
3070 2945 2946 3045 3044 
3071 2946 2947 3046 3045 
3072 2947 2948 3047 3046 
3073 2948 2949 3048 3047 
3074 2949 2950 3049 3048 
3075 2950 2951 3050 3049 
3076 2951 2952 3051 3050 
3077 2952 2953 3052 3051 
3078 2953 2954 3053 3052 
3079 2954 2955 3054 3053 
3080 2955 2956 3055 3054 
3081 2956 2957 3056 3055 
3082 2957 2958 3057 3056 
3083 2958 2959 3058 3057 
3084 2959 2960 3059 3058 
3085 2960 2961 3060 3059 
3086 2961 2962 3061 3060 
3087 2962 2963 3062 3061 
3088 2963 2964 3063 3062 
3089 2964 2965 3064 3063 
3090 2965 2966 3065 3064 
3091 2966 2967 3066 3065 
3092 2967 2968 3067 3066 
3093 2968 2969 3068 3067 
3094 2969 2970 3069 3068 
3095 2970 2971 3070 3069 
3096 2971 2972 3071 3070 
3097 2972 2973 3072 3071 
3098 2973 2974 3073 3072 
3099 2974 2975 3074 3073 
3100 2975 128 129 3074 
3101 475 2976 3075 474 
3102 2976 2977 3076 3075 
3103 2977 2978 3077 3076 
3104 2978 2979 3078 3077 
3105 2979 2980 3079 3078 
3106 2980 2981 3080 3079 
3107 2981 2982 3081 3080 
3108 2982 2983 3082 3081 
3109 2983 2984 3083 3082 
3110 2984 2985 3084 3083 
3111 2985 2986 3085 3084 
3112 2986 2987 3086 3085 
3113 2987 2988 3087 3086 
3114 2988 2989 3088 3087 
3115 2989 2990 3089 3088 
3116 2990 2991 3090 3089 
3117 2991 2992 3091 3090 
3118 2992 2993 3092 3091 
3119 2993 2994 3093 3092 
3120 2994 2995 3094 3093 
3121 2995 2996 3095 3094 
3122 2996 2997 3096 3095 
3123 2997 2998 3097 3096 
3124 2998 2999 3098 3097 
3125 2999 3000 3099 3098 
3126 3000 3001 3100 3099 
3127 3001 3002 3101 3100 
3128 3002 3003 3102 3101 
3129 3003 3004 3103 3102 
3130 3004 3005 3104 3103 
3131 3005 3006 3105 3104 
3132 3006 3007 3106 3105 
3133 3007 3008 3107 3106 
3134 3008 3009 3108 3107 
3135 3009 3010 3109 3108 
3136 3010 3011 3110 3109 
3137 3011 3012 3111 3110 
3138 3012 3013 3112 3111 
3139 3013 3014 3113 3112 
3140 3014 3015 3114 3113 
3141 3015 3016 3115 3114 
3142 3016 3017 3116 3115 
3143 3017 3018 3117 3116 
3144 3018 3019 3118 3117 
3145 3019 3020 3119 3118 
3146 3020 3021 3120 3119 
3147 3021 3022 3121 3120 
3148 3022 3023 3122 3121 
3149 3023 3024 3123 3122 
3150 3024 3025 3124 3123 
3151 3025 3026 3125 3124 
3152 3026 3027 3126 3125 
3153 3027 3028 3127 3126 
3154 3028 3029 3128 3127 
3155 3029 3030 3129 3128 
3156 3030 3031 3130 3129 
3157 3031 3032 3131 3130 
3158 3032 3033 3132 3131 
3159 3033 3034 3133 3132 
3160 3034 3035 3134 3133 
3161 3035 3036 3135 3134 
3162 3036 3037 3136 3135 
3163 3037 3038 3137 3136 
3164 3038 3039 3138 3137 
3165 3039 3040 3139 3138 
3166 3040 3041 3140 3139 
3167 3041 3042 3141 3140 
3168 3042 3043 3142 3141 
3169 3043 3044 3143 3142 
3170 3044 3045 3144 3143 
3171 3045 3046 3145 3144 
3172 3046 3047 3146 3145 
3173 3047 3048 3147 3146 
3174 3048 3049 3148 3147 
3175 3049 3050 3149 3148 
3176 3050 3051 3150 3149 
3177 3051 3052 3151 3150 
3178 3052 3053 3152 3151 
3179 3053 3054 3153 3152 
3180 3054 3055 3154 3153 
3181 3055 3056 3155 3154 
3182 3056 3057 3156 3155 
3183 3057 3058 3157 3156 
3184 3058 3059 3158 3157 
3185 3059 3060 3159 3158 
3186 3060 3061 3160 3159 
3187 3061 3062 3161 3160 
3188 3062 3063 3162 3161 
3189 3063 3064 3163 3162 
3190 3064 3065 3164 3163 
3191 3065 3066 3165 3164 
3192 3066 3067 3166 3165 
3193 3067 3068 3167 3166 
3194 3068 3069 3168 3167 
3195 3069 3070 3169 3168 
3196 3070 3071 3170 3169 
3197 3071 3072 3171 3170 
3198 3072 3073 3172 3171 
3199 3073 3074 3173 3172 
3200 3074 129 130 3173 
3201 474 3075 3174 473 
3202 3075 3076 3175 3174 
3203 3076 3077 3176 3175 
3204 3077 3078 3177 3176 
3205 3078 3079 3178 3177 
3206 3079 3080 3179 3178 
3207 3080 3081 3180 3179 
3208 3081 3082 3181 3180 
3209 3082 3083 3182 3181 
3210 3083 3084 3183 3182 
3211 3084 3085 3184 3183 
3212 3085 3086 3185 3184 
3213 3086 3087 3186 3185 
3214 3087 3088 3187 3186 
3215 3088 3089 3188 3187 
3216 3089 3090 3189 3188 
3217 3090 3091 3190 3189 
3218 3091 3092 3191 3190 
3219 3092 3093 3192 3191 
3220 3093 3094 3193 3192 
3221 3094 3095 3194 3193 
3222 3095 3096 3195 3194 
3223 3096 3097 3196 3195 
3224 3097 3098 3197 3196 
3225 3098 3099 3198 3197 
3226 3099 3100 3199 3198 
3227 3100 3101 3200 3199 
3228 3101 3102 3201 3200 
3229 3102 3103 3202 3201 
3230 3103 3104 3203 3202 
3231 3104 3105 3204 3203 
3232 3105 3106 3205 3204 
3233 3106 3107 3206 3205 
3234 3107 3108 3207 3206 
3235 3108 3109 3208 3207 
3236 3109 3110 3209 3208 
3237 3110 3111 3210 3209 
3238 3111 3112 3211 3210 
3239 3112 3113 3212 3211 
3240 3113 3114 3213 3212 
3241 3114 3115 3214 3213 
3242 3115 3116 3215 3214 
3243 3116 3117 3216 3215 
3244 3117 3118 3217 3216 
3245 3118 3119 3218 3217 
3246 3119 3120 3219 3218 
3247 3120 3121 3220 3219 
3248 3121 3122 3221 3220 
3249 3122 3123 3222 3221 
3250 3123 3124 3223 3222 
3251 3124 3125 3224 3223 
3252 3125 3126 3225 3224 
3253 3126 3127 3226 3225 
3254 3127 3128 3227 3226 
3255 3128 3129 3228 3227 
3256 3129 3130 3229 3228 
3257 3130 3131 3230 3229 
3258 3131 3132 3231 3230 
3259 3132 3133 3232 3231 
3260 3133 3134 3233 3232 
3261 3134 3135 3234 3233 
3262 3135 3136 3235 3234 
3263 3136 3137 3236 3235 
3264 3137 3138 3237 3236 
3265 3138 3139 3238 3237 
3266 3139 3140 3239 3238 
3267 3140 3141 3240 3239 
3268 3141 3142 3241 3240 
3269 3142 3143 3242 3241 
3270 3143 3144 3243 3242 
3271 3144 3145 3244 3243 
3272 3145 3146 3245 3244 
3273 3146 3147 3246 3245 
3274 3147 3148 3247 3246 
3275 3148 3149 3248 3247 
3276 3149 3150 3249 3248 
3277 3150 3151 3250 3249 
3278 3151 3152 3251 3250 
3279 3152 3153 3252 3251 
3280 3153 3154 3253 3252 
3281 3154 3155 3254 3253 
3282 3155 3156 3255 3254 
3283 3156 3157 3256 3255 
3284 3157 3158 3257 3256 
3285 3158 3159 3258 3257 
3286 3159 3160 3259 3258 
3287 3160 3161 3260 3259 
3288 3161 3162 3261 3260 
3289 3162 3163 3262 3261 
3290 3163 3164 3263 3262 
3291 3164 3165 3264 3263 
3292 3165 3166 3265 3264 
3293 3166 3167 3266 3265 
3294 3167 3168 3267 3266 
3295 3168 3169 3268 3267 
3296 3169 3170 3269 3268 
3297 3170 3171 3270 3269 
3298 3171 3172 3271 3270 
3299 3172 3173 3272 3271 
3300 3173 130 131 3272 
3301 473 3174 3273 472 
3302 3174 3175 3274 3273 
3303 3175 3176 3275 3274 
3304 3176 3177 3276 3275 
3305 3177 3178 3277 3276 
3306 3178 3179 3278 3277 
3307 3179 3180 3279 3278 
3308 3180 3181 3280 3279 
3309 3181 3182 3281 3280 
3310 3182 3183 3282 3281 
3311 3183 3184 3283 3282 
3312 3184 3185 3284 3283 
3313 3185 3186 3285 3284 
3314 3186 3187 3286 3285 
3315 3187 3188 3287 3286 
3316 3188 3189 3288 3287 
3317 3189 3190 3289 3288 
3318 3190 3191 3290 3289 
3319 3191 3192 3291 3290 
3320 3192 3193 3292 3291 
3321 3193 3194 3293 3292 
3322 3194 3195 3294 3293 
3323 3195 3196 3295 3294 
3324 3196 3197 3296 3295 
3325 3197 3198 3297 3296 
3326 3198 3199 3298 3297 
3327 3199 3200 3299 3298 
3328 3200 3201 3300 3299 
3329 3201 3202 3301 3300 
3330 3202 3203 3302 3301 
3331 3203 3204 3303 3302 
3332 3204 3205 3304 3303 
3333 3205 3206 3305 3304 
3334 3206 3207 3306 3305 
3335 3207 3208 3307 3306 
3336 3208 3209 3308 3307 
3337 3209 3210 3309 3308 
3338 3210 3211 3310 3309 
3339 3211 3212 3311 3310 
3340 3212 3213 3312 3311 
3341 3213 3214 3313 3312 
3342 3214 3215 3314 3313 
3343 3215 3216 3315 3314 
3344 3216 3217 3316 3315 
3345 3217 3218 3317 3316 
3346 3218 3219 3318 3317 
3347 3219 3220 3319 3318 
3348 3220 3221 3320 3319 
3349 3221 3222 3321 3320 
3350 3222 3223 3322 3321 
3351 3223 3224 3323 3322 
3352 3224 3225 3324 3323 
3353 3225 3226 3325 3324 
3354 3226 3227 3326 3325 
3355 3227 3228 3327 3326 
3356 3228 3229 3328 3327 
3357 3229 3230 3329 3328 
3358 3230 3231 3330 3329 
3359 3231 3232 3331 3330 
3360 3232 3233 3332 3331 
3361 3233 3234 3333 3332 
3362 3234 3235 3334 3333 
3363 3235 3236 3335 3334 
3364 3236 3237 3336 3335 
3365 3237 3238 3337 3336 
3366 3238 3239 3338 3337 
3367 3239 3240 3339 3338 
3368 3240 3241 3340 3339 
3369 3241 3242 3341 3340 
3370 3242 3243 3342 3341 
3371 3243 3244 3343 3342 
3372 3244 3245 3344 3343 
3373 3245 3246 3345 3344 
3374 3246 3247 3346 3345 
3375 3247 3248 3347 3346 
3376 3248 3249 3348 3347 
3377 3249 3250 3349 3348 
3378 3250 3251 3350 3349 
3379 3251 3252 3351 3350 
3380 3252 3253 3352 3351 
3381 3253 3254 3353 3352 
3382 3254 3255 3354 3353 
3383 3255 3256 3355 3354 
3384 3256 3257 3356 3355 
3385 3257 3258 3357 3356 
3386 3258 3259 3358 3357 
3387 3259 3260 3359 3358 
3388 3260 3261 3360 3359 
3389 3261 3262 3361 3360 
3390 3262 3263 3362 3361 
3391 3263 3264 3363 3362 
3392 3264 3265 3364 3363 
3393 3265 3266 3365 3364 
3394 3266 3267 3366 3365 
3395 3267 3268 3367 3366 
3396 3268 3269 3368 3367 
3397 3269 3270 3369 3368 
3398 3270 3271 3370 3369 
3399 3271 3272 3371 3370 
3400 3272 131 132 3371 
3401 472 3273 3372 471 
3402 3273 3274 3373 3372 
3403 3274 3275 3374 3373 
3404 3275 3276 3375 3374 
3405 3276 3277 3376 3375 
3406 3277 3278 3377 3376 
3407 3278 3279 3378 3377 
3408 3279 3280 3379 3378 
3409 3280 3281 3380 3379 
3410 3281 3282 3381 3380 
3411 3282 3283 3382 3381 
3412 3283 3284 3383 3382 
3413 3284 3285 3384 3383 
3414 3285 3286 3385 3384 
3415 3286 3287 3386 3385 
3416 3287 3288 3387 3386 
3417 3288 3289 3388 3387 
3418 3289 3290 3389 3388 
3419 3290 3291 3390 3389 
3420 3291 3292 3391 3390 
3421 3292 3293 3392 3391 
3422 3293 3294 3393 3392 
3423 3294 3295 3394 3393 
3424 3295 3296 3395 3394 
3425 3296 3297 3396 3395 
3426 3297 3298 3397 3396 
3427 3298 3299 3398 3397 
3428 3299 3300 3399 3398 
3429 3300 3301 3400 3399 
3430 3301 3302 3401 3400 
3431 3302 3303 3402 3401 
3432 3303 3304 3403 3402 
3433 3304 3305 3404 3403 
3434 3305 3306 3405 3404 
3435 3306 3307 3406 3405 
3436 3307 3308 3407 3406 
3437 3308 3309 3408 3407 
3438 3309 3310 3409 3408 
3439 3310 3311 3410 3409 
3440 3311 3312 3411 3410 
3441 3312 3313 3412 3411 
3442 3313 3314 3413 3412 
3443 3314 3315 3414 3413 
3444 3315 3316 3415 3414 
3445 3316 3317 3416 3415 
3446 3317 3318 3417 3416 
3447 3318 3319 3418 3417 
3448 3319 3320 3419 3418 
3449 3320 3321 3420 3419 
3450 3321 3322 3421 3420 
3451 3322 3323 3422 3421 
3452 3323 3324 3423 3422 
3453 3324 3325 3424 3423 
3454 3325 3326 3425 3424 
3455 3326 3327 3426 3425 
3456 3327 3328 3427 3426 
3457 3328 3329 3428 3427 
3458 3329 3330 3429 3428 
3459 3330 3331 3430 3429 
3460 3331 3332 3431 3430 
3461 3332 3333 3432 3431 
3462 3333 3334 3433 3432 
3463 3334 3335 3434 3433 
3464 3335 3336 3435 3434 
3465 3336 3337 3436 3435 
3466 3337 3338 3437 3436 
3467 3338 3339 3438 3437 
3468 3339 3340 3439 3438 
3469 3340 3341 3440 3439 
3470 3341 3342 3441 3440 
3471 3342 3343 3442 3441 
3472 3343 3344 3443 3442 
3473 3344 3345 3444 3443 
3474 3345 3346 3445 3444 
3475 3346 3347 3446 3445 
3476 3347 3348 3447 3446 
3477 3348 3349 3448 3447 
3478 3349 3350 3449 3448 
3479 3350 3351 3450 3449 
3480 3351 3352 3451 3450 
3481 3352 3353 3452 3451 
3482 3353 3354 3453 3452 
3483 3354 3355 3454 3453 
3484 3355 3356 3455 3454 
3485 3356 3357 3456 3455 
3486 3357 3358 3457 3456 
3487 3358 3359 3458 3457 
3488 3359 3360 3459 3458 
3489 3360 3361 3460 3459 
3490 3361 3362 3461 3460 
3491 3362 3363 3462 3461 
3492 3363 3364 3463 3462 
3493 3364 3365 3464 3463 
3494 3365 3366 3465 3464 
3495 3366 3367 3466 3465 
3496 3367 3368 3467 3466 
3497 3368 3369 3468 3467 
3498 3369 3370 3469 3468 
3499 3370 3371 3470 3469 
3500 3371 132 133 3470 
3501 471 3372 3471 470 
3502 3372 3373 3472 3471 
3503 3373 3374 3473 3472 
3504 3374 3375 3474 3473 
3505 3375 3376 3475 3474 
3506 3376 3377 3476 3475 
3507 3377 3378 3477 3476 
3508 3378 3379 3478 3477 
3509 3379 3380 3479 3478 
3510 3380 3381 3480 3479 
3511 3381 3382 3481 3480 
3512 3382 3383 3482 3481 
3513 3383 3384 3483 3482 
3514 3384 3385 3484 3483 
3515 3385 3386 3485 3484 
3516 3386 3387 3486 3485 
3517 3387 3388 3487 3486 
3518 3388 3389 3488 3487 
3519 3389 3390 3489 3488 
3520 3390 3391 3490 3489 
3521 3391 3392 3491 3490 
3522 3392 3393 3492 3491 
3523 3393 3394 3493 3492 
3524 3394 3395 3494 3493 
3525 3395 3396 3495 3494 
3526 3396 3397 3496 3495 
3527 3397 3398 3497 3496 
3528 3398 3399 3498 3497 
3529 3399 3400 3499 3498 
3530 3400 3401 3500 3499 
3531 3401 3402 3501 3500 
3532 3402 3403 3502 3501 
3533 3403 3404 3503 3502 
3534 3404 3405 3504 3503 
3535 3405 3406 3505 3504 
3536 3406 3407 3506 3505 
3537 3407 3408 3507 3506 
3538 3408 3409 3508 3507 
3539 3409 3410 3509 3508 
3540 3410 3411 3510 3509 
3541 3411 3412 3511 3510 
3542 3412 3413 3512 3511 
3543 3413 3414 3513 3512 
3544 3414 3415 3514 3513 
3545 3415 3416 3515 3514 
3546 3416 3417 3516 3515 
3547 3417 3418 3517 3516 
3548 3418 3419 3518 3517 
3549 3419 3420 3519 3518 
3550 3420 3421 3520 3519 
3551 3421 3422 3521 3520 
3552 3422 3423 3522 3521 
3553 3423 3424 3523 3522 
3554 3424 3425 3524 3523 
3555 3425 3426 3525 3524 
3556 3426 3427 3526 3525 
3557 3427 3428 3527 3526 
3558 3428 3429 3528 3527 
3559 3429 3430 3529 3528 
3560 3430 3431 3530 3529 
3561 3431 3432 3531 3530 
3562 3432 3433 3532 3531 
3563 3433 3434 3533 3532 
3564 3434 3435 3534 3533 
3565 3435 3436 3535 3534 
3566 3436 3437 3536 3535 
3567 3437 3438 3537 3536 
3568 3438 3439 3538 3537 
3569 3439 3440 3539 3538 
3570 3440 3441 3540 3539 
3571 3441 3442 3541 3540 
3572 3442 3443 3542 3541 
3573 3443 3444 3543 3542 
3574 3444 3445 3544 3543 
3575 3445 3446 3545 3544 
3576 3446 3447 3546 3545 
3577 3447 3448 3547 3546 
3578 3448 3449 3548 3547 
3579 3449 3450 3549 3548 
3580 3450 3451 3550 3549 
3581 3451 3452 3551 3550 
3582 3452 3453 3552 3551 
3583 3453 3454 3553 3552 
3584 3454 3455 3554 3553 
3585 3455 3456 3555 3554 
3586 3456 3457 3556 3555 
3587 3457 3458 3557 3556 
3588 3458 3459 3558 3557 
3589 3459 3460 3559 3558 
3590 3460 3461 3560 3559 
3591 3461 3462 3561 3560 
3592 3462 3463 3562 3561 
3593 3463 3464 3563 3562 
3594 3464 3465 3564 3563 
3595 3465 3466 3565 3564 
3596 3466 3467 3566 3565 
3597 3467 3468 3567 3566 
3598 3468 3469 3568 3567 
3599 3469 3470 3569 3568 
3600 3470 133 134 3569 
3601 470 3471 3570 469 
3602 3471 3472 3571 3570 
3603 3472 3473 3572 3571 
3604 3473 3474 3573 3572 
3605 3474 3475 3574 3573 
3606 3475 3476 3575 3574 
3607 3476 3477 3576 3575 
3608 3477 3478 3577 3576 
3609 3478 3479 3578 3577 
3610 3479 3480 3579 3578 
3611 3480 3481 3580 3579 
3612 3481 3482 3581 3580 
3613 3482 3483 3582 3581 
3614 3483 3484 3583 3582 
3615 3484 3485 3584 3583 
3616 3485 3486 3585 3584 
3617 3486 3487 3586 3585 
3618 3487 3488 3587 3586 
3619 3488 3489 3588 3587 
3620 3489 3490 3589 3588 
3621 3490 3491 3590 3589 
3622 3491 3492 3591 3590 
3623 3492 3493 3592 3591 
3624 3493 3494 3593 3592 
3625 3494 3495 3594 3593 
3626 3495 3496 3595 3594 
3627 3496 3497 3596 3595 
3628 3497 3498 3597 3596 
3629 3498 3499 3598 3597 
3630 3499 3500 3599 3598 
3631 3500 3501 3600 3599 
3632 3501 3502 3601 3600 
3633 3502 3503 3602 3601 
3634 3503 3504 3603 3602 
3635 3504 3505 3604 3603 
3636 3505 3506 3605 3604 
3637 3506 3507 3606 3605 
3638 3507 3508 3607 3606 
3639 3508 3509 3608 3607 
3640 3509 3510 3609 3608 
3641 3510 3511 3610 3609 
3642 3511 3512 3611 3610 
3643 3512 3513 3612 3611 
3644 3513 3514 3613 3612 
3645 3514 3515 3614 3613 
3646 3515 3516 3615 3614 
3647 3516 3517 3616 3615 
3648 3517 3518 3617 3616 
3649 3518 3519 3618 3617 
3650 3519 3520 3619 3618 
3651 3520 3521 3620 3619 
3652 3521 3522 3621 3620 
3653 3522 3523 3622 3621 
3654 3523 3524 3623 3622 
3655 3524 3525 3624 3623 
3656 3525 3526 3625 3624 
3657 3526 3527 3626 3625 
3658 3527 3528 3627 3626 
3659 3528 3529 3628 3627 
3660 3529 3530 3629 3628 
3661 3530 3531 3630 3629 
3662 3531 3532 3631 3630 
3663 3532 3533 3632 3631 
3664 3533 3534 3633 3632 
3665 3534 3535 3634 3633 
3666 3535 3536 3635 3634 
3667 3536 3537 3636 3635 
3668 3537 3538 3637 3636 
3669 3538 3539 3638 3637 
3670 3539 3540 3639 3638 
3671 3540 3541 3640 3639 
3672 3541 3542 3641 3640 
3673 3542 3543 3642 3641 
3674 3543 3544 3643 3642 
3675 3544 3545 3644 3643 
3676 3545 3546 3645 3644 
3677 3546 3547 3646 3645 
3678 3547 3548 3647 3646 
3679 3548 3549 3648 3647 
3680 3549 3550 3649 3648 
3681 3550 3551 3650 3649 
3682 3551 3552 3651 3650 
3683 3552 3553 3652 3651 
3684 3553 3554 3653 3652 
3685 3554 3555 3654 3653 
3686 3555 3556 3655 3654 
3687 3556 3557 3656 3655 
3688 3557 3558 3657 3656 
3689 3558 3559 3658 3657 
3690 3559 3560 3659 3658 
3691 3560 3561 3660 3659 
3692 3561 3562 3661 3660 
3693 3562 3563 3662 3661 
3694 3563 3564 3663 3662 
3695 3564 3565 3664 3663 
3696 3565 3566 3665 3664 
3697 3566 3567 3666 3665 
3698 3567 3568 3667 3666 
3699 3568 3569 3668 3667 
3700 3569 134 135 3668 
3701 469 3570 3669 468 
3702 3570 3571 3670 3669 
3703 3571 3572 3671 3670 
3704 3572 3573 3672 3671 
3705 3573 3574 3673 3672 
3706 3574 3575 3674 3673 
3707 3575 3576 3675 3674 
3708 3576 3577 3676 3675 
3709 3577 3578 3677 3676 
3710 3578 3579 3678 3677 
3711 3579 3580 3679 3678 
3712 3580 3581 3680 3679 
3713 3581 3582 3681 3680 
3714 3582 3583 3682 3681 
3715 3583 3584 3683 3682 
3716 3584 3585 3684 3683 
3717 3585 3586 3685 3684 
3718 3586 3587 3686 3685 
3719 3587 3588 3687 3686 
3720 3588 3589 3688 3687 
3721 3589 3590 3689 3688 
3722 3590 3591 3690 3689 
3723 3591 3592 3691 3690 
3724 3592 3593 3692 3691 
3725 3593 3594 3693 3692 
3726 3594 3595 3694 3693 
3727 3595 3596 3695 3694 
3728 3596 3597 3696 3695 
3729 3597 3598 3697 3696 
3730 3598 3599 3698 3697 
3731 3599 3600 3699 3698 
3732 3600 3601 3700 3699 
3733 3601 3602 3701 3700 
3734 3602 3603 3702 3701 
3735 3603 3604 3703 3702 
3736 3604 3605 3704 3703 
3737 3605 3606 3705 3704 
3738 3606 3607 3706 3705 
3739 3607 3608 3707 3706 
3740 3608 3609 3708 3707 
3741 3609 3610 3709 3708 
3742 3610 3611 3710 3709 
3743 3611 3612 3711 3710 
3744 3612 3613 3712 3711 
3745 3613 3614 3713 3712 
3746 3614 3615 3714 3713 
3747 3615 3616 3715 3714 
3748 3616 3617 3716 3715 
3749 3617 3618 3717 3716 
3750 3618 3619 3718 3717 
3751 3619 3620 3719 3718 
3752 3620 3621 3720 3719 
3753 3621 3622 3721 3720 
3754 3622 3623 3722 3721 
3755 3623 3624 3723 3722 
3756 3624 3625 3724 3723 
3757 3625 3626 3725 3724 
3758 3626 3627 3726 3725 
3759 3627 3628 3727 3726 
3760 3628 3629 3728 3727 
3761 3629 3630 3729 3728 
3762 3630 3631 3730 3729 
3763 3631 3632 3731 3730 
3764 3632 3633 3732 3731 
3765 3633 3634 3733 3732 
3766 3634 3635 3734 3733 
3767 3635 3636 3735 3734 
3768 3636 3637 3736 3735 
3769 3637 3638 3737 3736 
3770 3638 3639 3738 3737 
3771 3639 3640 3739 3738 
3772 3640 3641 3740 3739 
3773 3641 3642 3741 3740 
3774 3642 3643 3742 3741 
3775 3643 3644 3743 3742 
3776 3644 3645 3744 3743 
3777 3645 3646 3745 3744 
3778 3646 3647 3746 3745 
3779 3647 3648 3747 3746 
3780 3648 3649 3748 3747 
3781 3649 3650 3749 3748 
3782 3650 3651 3750 3749 
3783 3651 3652 3751 3750 
3784 3652 3653 3752 3751 
3785 3653 3654 3753 3752 
3786 3654 3655 3754 3753 
3787 3655 3656 3755 3754 
3788 3656 3657 3756 3755 
3789 3657 3658 3757 3756 
3790 3658 3659 3758 3757 
3791 3659 3660 3759 3758 
3792 3660 3661 3760 3759 
3793 3661 3662 3761 3760 
3794 3662 3663 3762 3761 
3795 3663 3664 3763 3762 
3796 3664 3665 3764 3763 
3797 3665 3666 3765 3764 
3798 3666 3667 3766 3765 
3799 3667 3668 3767 3766 
3800 3668 135 136 3767 
3801 468 3669 3768 467 
3802 3669 3670 3769 3768 
3803 3670 3671 3770 3769 
3804 3671 3672 3771 3770 
3805 3672 3673 3772 3771 
3806 3673 3674 3773 3772 
3807 3674 3675 3774 3773 
3808 3675 3676 3775 3774 
3809 3676 3677 3776 3775 
3810 3677 3678 3777 3776 
3811 3678 3679 3778 3777 
3812 3679 3680 3779 3778 
3813 3680 3681 3780 3779 
3814 3681 3682 3781 3780 
3815 3682 3683 3782 3781 
3816 3683 3684 3783 3782 
3817 3684 3685 3784 3783 
3818 3685 3686 3785 3784 
3819 3686 3687 3786 3785 
3820 3687 3688 3787 3786 
3821 3688 3689 3788 3787 
3822 3689 3690 3789 3788 
3823 3690 3691 3790 3789 
3824 3691 3692 3791 3790 
3825 3692 3693 3792 3791 
3826 3693 3694 3793 3792 
3827 3694 3695 3794 3793 
3828 3695 3696 3795 3794 
3829 3696 3697 3796 3795 
3830 3697 3698 3797 3796 
3831 3698 3699 3798 3797 
3832 3699 3700 3799 3798 
3833 3700 3701 3800 3799 
3834 3701 3702 3801 3800 
3835 3702 3703 3802 3801 
3836 3703 3704 3803 3802 
3837 3704 3705 3804 3803 
3838 3705 3706 3805 3804 
3839 3706 3707 3806 3805 
3840 3707 3708 3807 3806 
3841 3708 3709 3808 3807 
3842 3709 3710 3809 3808 
3843 3710 3711 3810 3809 
3844 3711 3712 3811 3810 
3845 3712 3713 3812 3811 
3846 3713 3714 3813 3812 
3847 3714 3715 3814 3813 
3848 3715 3716 3815 3814 
3849 3716 3717 3816 3815 
3850 3717 3718 3817 3816 
3851 3718 3719 3818 3817 
3852 3719 3720 3819 3818 
3853 3720 3721 3820 3819 
3854 3721 3722 3821 3820 
3855 3722 3723 3822 3821 
3856 3723 3724 3823 3822 
3857 3724 3725 3824 3823 
3858 3725 3726 3825 3824 
3859 3726 3727 3826 3825 
3860 3727 3728 3827 3826 
3861 3728 3729 3828 3827 
3862 3729 3730 3829 3828 
3863 3730 3731 3830 3829 
3864 3731 3732 3831 3830 
3865 3732 3733 3832 3831 
3866 3733 3734 3833 3832 
3867 3734 3735 3834 3833 
3868 3735 3736 3835 3834 
3869 3736 3737 3836 3835 
3870 3737 3738 3837 3836 
3871 3738 3739 3838 3837 
3872 3739 3740 3839 3838 
3873 3740 3741 3840 3839 
3874 3741 3742 3841 3840 
3875 3742 3743 3842 3841 
3876 3743 3744 3843 3842 
3877 3744 3745 3844 3843 
3878 3745 3746 3845 3844 
3879 3746 3747 3846 3845 
3880 3747 3748 3847 3846 
3881 3748 3749 3848 3847 
3882 3749 3750 3849 3848 
3883 3750 3751 3850 3849 
3884 3751 3752 3851 3850 
3885 3752 3753 3852 3851 
3886 3753 3754 3853 3852 
3887 3754 3755 3854 3853 
3888 3755 3756 3855 3854 
3889 3756 3757 3856 3855 
3890 3757 3758 3857 3856 
3891 3758 3759 3858 3857 
3892 3759 3760 3859 3858 
3893 3760 3761 3860 3859 
3894 3761 3762 3861 3860 
3895 3762 3763 3862 3861 
3896 3763 3764 3863 3862 
3897 3764 3765 3864 3863 
3898 3765 3766 3865 3864 
3899 3766 3767 3866 3865 
3900 3767 136 137 3866 
3901 467 3768 3867 466 
3902 3768 3769 3868 3867 
3903 3769 3770 3869 3868 
3904 3770 3771 3870 3869 
3905 3771 3772 3871 3870 
3906 3772 3773 3872 3871 
3907 3773 3774 3873 3872 
3908 3774 3775 3874 3873 
3909 3775 3776 3875 3874 
3910 3776 3777 3876 3875 
3911 3777 3778 3877 3876 
3912 3778 3779 3878 3877 
3913 3779 3780 3879 3878 
3914 3780 3781 3880 3879 
3915 3781 3782 3881 3880 
3916 3782 3783 3882 3881 
3917 3783 3784 3883 3882 
3918 3784 3785 3884 3883 
3919 3785 3786 3885 3884 
3920 3786 3787 3886 3885 
3921 3787 3788 3887 3886 
3922 3788 3789 3888 3887 
3923 3789 3790 3889 3888 
3924 3790 3791 3890 3889 
3925 3791 3792 3891 3890 
3926 3792 3793 3892 3891 
3927 3793 3794 3893 3892 
3928 3794 3795 3894 3893 
3929 3795 3796 3895 3894 
3930 3796 3797 3896 3895 
3931 3797 3798 3897 3896 
3932 3798 3799 3898 3897 
3933 3799 3800 3899 3898 
3934 3800 3801 3900 3899 
3935 3801 3802 3901 3900 
3936 3802 3803 3902 3901 
3937 3803 3804 3903 3902 
3938 3804 3805 3904 3903 
3939 3805 3806 3905 3904 
3940 3806 3807 3906 3905 
3941 3807 3808 3907 3906 
3942 3808 3809 3908 3907 
3943 3809 3810 3909 3908 
3944 3810 3811 3910 3909 
3945 3811 3812 3911 3910 
3946 3812 3813 3912 3911 
3947 3813 3814 3913 3912 
3948 3814 3815 3914 3913 
3949 3815 3816 3915 3914 
3950 3816 3817 3916 3915 
3951 3817 3818 3917 3916 
3952 3818 3819 3918 3917 
3953 3819 3820 3919 3918 
3954 3820 3821 3920 3919 
3955 3821 3822 3921 3920 
3956 3822 3823 3922 3921 
3957 3823 3824 3923 3922 
3958 3824 3825 3924 3923 
3959 3825 3826 3925 3924 
3960 3826 3827 3926 3925 
3961 3827 3828 3927 3926 
3962 3828 3829 3928 3927 
3963 3829 3830 3929 3928 
3964 3830 3831 3930 3929 
3965 3831 3832 3931 3930 
3966 3832 3833 3932 3931 
3967 3833 3834 3933 3932 
3968 3834 3835 3934 3933 
3969 3835 3836 3935 3934 
3970 3836 3837 3936 3935 
3971 3837 3838 3937 3936 
3972 3838 3839 3938 3937 
3973 3839 3840 3939 3938 
3974 3840 3841 3940 3939 
3975 3841 3842 3941 3940 
3976 3842 3843 3942 3941 
3977 3843 3844 3943 3942 
3978 3844 3845 3944 3943 
3979 3845 3846 3945 3944 
3980 3846 3847 3946 3945 
3981 3847 3848 3947 3946 
3982 3848 3849 3948 3947 
3983 3849 3850 3949 3948 
3984 3850 3851 3950 3949 
3985 3851 3852 3951 3950 
3986 3852 3853 3952 3951 
3987 3853 3854 3953 3952 
3988 3854 3855 3954 3953 
3989 3855 3856 3955 3954 
3990 3856 3857 3956 3955 
3991 3857 3858 3957 3956 
3992 3858 3859 3958 3957 
3993 3859 3860 3959 3958 
3994 3860 3861 3960 3959 
3995 3861 3862 3961 3960 
3996 3862 3863 3962 3961 
3997 3863 3864 3963 3962 
3998 3864 3865 3964 3963 
3999 3865 3866 3965 3964 
4000 3866 137 138 3965 
4001 466 3867 3966 465 
4002 3867 3868 3967 3966 
4003 3868 3869 3968 3967 
4004 3869 3870 3969 3968 
4005 3870 3871 3970 3969 
4006 3871 3872 3971 3970 
4007 3872 3873 3972 3971 
4008 3873 3874 3973 3972 
4009 3874 3875 3974 3973 
4010 3875 3876 3975 3974 
4011 3876 3877 3976 3975 
4012 3877 3878 3977 3976 
4013 3878 3879 3978 3977 
4014 3879 3880 3979 3978 
4015 3880 3881 3980 3979 
4016 3881 3882 3981 3980 
4017 3882 3883 3982 3981 
4018 3883 3884 3983 3982 
4019 3884 3885 3984 3983 
4020 3885 3886 3985 3984 
4021 3886 3887 3986 3985 
4022 3887 3888 3987 3986 
4023 3888 3889 3988 3987 
4024 3889 3890 3989 3988 
4025 3890 3891 3990 3989 
4026 3891 3892 3991 3990 
4027 3892 3893 3992 3991 
4028 3893 3894 3993 3992 
4029 3894 3895 3994 3993 
4030 3895 3896 3995 3994 
4031 3896 3897 3996 3995 
4032 3897 3898 3997 3996 
4033 3898 3899 3998 3997 
4034 3899 3900 3999 3998 
4035 3900 3901 4000 3999 
4036 3901 3902 4001 4000 
4037 3902 3903 4002 4001 
4038 3903 3904 4003 4002 
4039 3904 3905 4004 4003 
4040 3905 3906 4005 4004 
4041 3906 3907 4006 4005 
4042 3907 3908 4007 4006 
4043 3908 3909 4008 4007 
4044 3909 3910 4009 4008 
4045 3910 3911 4010 4009 
4046 3911 3912 4011 4010 
4047 3912 3913 4012 4011 
4048 3913 3914 4013 4012 
4049 3914 3915 4014 4013 
4050 3915 3916 4015 4014 
4051 3916 3917 4016 4015 
4052 3917 3918 4017 4016 
4053 3918 3919 4018 4017 
4054 3919 3920 4019 4018 
4055 3920 3921 4020 4019 
4056 3921 3922 4021 4020 
4057 3922 3923 4022 4021 
4058 3923 3924 4023 4022 
4059 3924 3925 4024 4023 
4060 3925 3926 4025 4024 
4061 3926 3927 4026 4025 
4062 3927 3928 4027 4026 
4063 3928 3929 4028 4027 
4064 3929 3930 4029 4028 
4065 3930 3931 4030 4029 
4066 3931 3932 4031 4030 
4067 3932 3933 4032 4031 
4068 3933 3934 4033 4032 
4069 3934 3935 4034 4033 
4070 3935 3936 4035 4034 
4071 3936 3937 4036 4035 
4072 3937 3938 4037 4036 
4073 3938 3939 4038 4037 
4074 3939 3940 4039 4038 
4075 3940 3941 4040 4039 
4076 3941 3942 4041 4040 
4077 3942 3943 4042 4041 
4078 3943 3944 4043 4042 
4079 3944 3945 4044 4043 
4080 3945 3946 4045 4044 
4081 3946 3947 4046 4045 
4082 3947 3948 4047 4046 
4083 3948 3949 4048 4047 
4084 3949 3950 4049 4048 
4085 3950 3951 4050 4049 
4086 3951 3952 4051 4050 
4087 3952 3953 4052 4051 
4088 3953 3954 4053 4052 
4089 3954 3955 4054 4053 
4090 3955 3956 4055 4054 
4091 3956 3957 4056 4055 
4092 3957 3958 4057 4056 
4093 3958 3959 4058 4057 
4094 3959 3960 4059 4058 
4095 3960 3961 4060 4059 
4096 3961 3962 4061 4060 
4097 3962 3963 4062 4061 
4098 3963 3964 4063 4062 
4099 3964 3965 4064 4063 
4100 3965 138 139 4064 
4101 465 3966 4065 464 
4102 3966 3967 4066 4065 
4103 3967 3968 4067 4066 
4104 3968 3969 4068 4067 
4105 3969 3970 4069 4068 
4106 3970 3971 4070 4069 
4107 3971 3972 4071 4070 
4108 3972 3973 4072 4071 
4109 3973 3974 4073 4072 
4110 3974 3975 4074 4073 
4111 3975 3976 4075 4074 
4112 3976 3977 4076 4075 
4113 3977 3978 4077 4076 
4114 3978 3979 4078 4077 
4115 3979 3980 4079 4078 
4116 3980 3981 4080 4079 
4117 3981 3982 4081 4080 
4118 3982 3983 4082 4081 
4119 3983 3984 4083 4082 
4120 3984 3985 4084 4083 
4121 3985 3986 4085 4084 
4122 3986 3987 4086 4085 
4123 3987 3988 4087 4086 
4124 3988 3989 4088 4087 
4125 3989 3990 4089 4088 
4126 3990 3991 4090 4089 
4127 3991 3992 4091 4090 
4128 3992 3993 4092 4091 
4129 3993 3994 4093 4092 
4130 3994 3995 4094 4093 
4131 3995 3996 4095 4094 
4132 3996 3997 4096 4095 
4133 3997 3998 4097 4096 
4134 3998 3999 4098 4097 
4135 3999 4000 4099 4098 
4136 4000 4001 4100 4099 
4137 4001 4002 4101 4100 
4138 4002 4003 4102 4101 
4139 4003 4004 4103 4102 
4140 4004 4005 4104 4103 
4141 4005 4006 4105 4104 
4142 4006 4007 4106 4105 
4143 4007 4008 4107 4106 
4144 4008 4009 4108 4107 
4145 4009 4010 4109 4108 
4146 4010 4011 4110 4109 
4147 4011 4012 4111 4110 
4148 4012 4013 4112 4111 
4149 4013 4014 4113 4112 
4150 4014 4015 4114 4113 
4151 4015 4016 4115 4114 
4152 4016 4017 4116 4115 
4153 4017 4018 4117 4116 
4154 4018 4019 4118 4117 
4155 4019 4020 4119 4118 
4156 4020 4021 4120 4119 
4157 4021 4022 4121 4120 
4158 4022 4023 4122 4121 
4159 4023 4024 4123 4122 
4160 4024 4025 4124 4123 
4161 4025 4026 4125 4124 
4162 4026 4027 4126 4125 
4163 4027 4028 4127 4126 
4164 4028 4029 4128 4127 
4165 4029 4030 4129 4128 
4166 4030 4031 4130 4129 
4167 4031 4032 4131 4130 
4168 4032 4033 4132 4131 
4169 4033 4034 4133 4132 
4170 4034 4035 4134 4133 
4171 4035 4036 4135 4134 
4172 4036 4037 4136 4135 
4173 4037 4038 4137 4136 
4174 4038 4039 4138 4137 
4175 4039 4040 4139 4138 
4176 4040 4041 4140 4139 
4177 4041 4042 4141 4140 
4178 4042 4043 4142 4141 
4179 4043 4044 4143 4142 
4180 4044 4045 4144 4143 
4181 4045 4046 4145 4144 
4182 4046 4047 4146 4145 
4183 4047 4048 4147 4146 
4184 4048 4049 4148 4147 
4185 4049 4050 4149 4148 
4186 4050 4051 4150 4149 
4187 4051 4052 4151 4150 
4188 4052 4053 4152 4151 
4189 4053 4054 4153 4152 
4190 4054 4055 4154 4153 
4191 4055 4056 4155 4154 
4192 4056 4057 4156 4155 
4193 4057 4058 4157 4156 
4194 4058 4059 4158 4157 
4195 4059 4060 4159 4158 
4196 4060 4061 4160 4159 
4197 4061 4062 4161 4160 
4198 4062 4063 4162 4161 
4199 4063 4064 4163 4162 
4200 4064 139 140 4163 
4201 464 4065 4164 463 
4202 4065 4066 4165 4164 
4203 4066 4067 4166 4165 
4204 4067 4068 4167 4166 
4205 4068 4069 4168 4167 
4206 4069 4070 4169 4168 
4207 4070 4071 4170 4169 
4208 4071 4072 4171 4170 
4209 4072 4073 4172 4171 
4210 4073 4074 4173 4172 
4211 4074 4075 4174 4173 
4212 4075 4076 4175 4174 
4213 4076 4077 4176 4175 
4214 4077 4078 4177 4176 
4215 4078 4079 4178 4177 
4216 4079 4080 4179 4178 
4217 4080 4081 4180 4179 
4218 4081 4082 4181 4180 
4219 4082 4083 4182 4181 
4220 4083 4084 4183 4182 
4221 4084 4085 4184 4183 
4222 4085 4086 4185 4184 
4223 4086 4087 4186 4185 
4224 4087 4088 4187 4186 
4225 4088 4089 4188 4187 
4226 4089 4090 4189 4188 
4227 4090 4091 4190 4189 
4228 4091 4092 4191 4190 
4229 4092 4093 4192 4191 
4230 4093 4094 4193 4192 
4231 4094 4095 4194 4193 
4232 4095 4096 4195 4194 
4233 4096 4097 4196 4195 
4234 4097 4098 4197 4196 
4235 4098 4099 4198 4197 
4236 4099 4100 4199 4198 
4237 4100 4101 4200 4199 
4238 4101 4102 4201 4200 
4239 4102 4103 4202 4201 
4240 4103 4104 4203 4202 
4241 4104 4105 4204 4203 
4242 4105 4106 4205 4204 
4243 4106 4107 4206 4205 
4244 4107 4108 4207 4206 
4245 4108 4109 4208 4207 
4246 4109 4110 4209 4208 
4247 4110 4111 4210 4209 
4248 4111 4112 4211 4210 
4249 4112 4113 4212 4211 
4250 4113 4114 4213 4212 
4251 4114 4115 4214 4213 
4252 4115 4116 4215 4214 
4253 4116 4117 4216 4215 
4254 4117 4118 4217 4216 
4255 4118 4119 4218 4217 
4256 4119 4120 4219 4218 
4257 4120 4121 4220 4219 
4258 4121 4122 4221 4220 
4259 4122 4123 4222 4221 
4260 4123 4124 4223 4222 
4261 4124 4125 4224 4223 
4262 4125 4126 4225 4224 
4263 4126 4127 4226 4225 
4264 4127 4128 4227 4226 
4265 4128 4129 4228 4227 
4266 4129 4130 4229 4228 
4267 4130 4131 4230 4229 
4268 4131 4132 4231 4230 
4269 4132 4133 4232 4231 
4270 4133 4134 4233 4232 
4271 4134 4135 4234 4233 
4272 4135 4136 4235 4234 
4273 4136 4137 4236 4235 
4274 4137 4138 4237 4236 
4275 4138 4139 4238 4237 
4276 4139 4140 4239 4238 
4277 4140 4141 4240 4239 
4278 4141 4142 4241 4240 
4279 4142 4143 4242 4241 
4280 4143 4144 4243 4242 
4281 4144 4145 4244 4243 
4282 4145 4146 4245 4244 
4283 4146 4147 4246 4245 
4284 4147 4148 4247 4246 
4285 4148 4149 4248 4247 
4286 4149 4150 4249 4248 
4287 4150 4151 4250 4249 
4288 4151 4152 4251 4250 
4289 4152 4153 4252 4251 
4290 4153 4154 4253 4252 
4291 4154 4155 4254 4253 
4292 4155 4156 4255 4254 
4293 4156 4157 4256 4255 
4294 4157 4158 4257 4256 
4295 4158 4159 4258 4257 
4296 4159 4160 4259 4258 
4297 4160 4161 4260 4259 
4298 4161 4162 4261 4260 
4299 4162 4163 4262 4261 
4300 4163 140 141 4262 
4301 463 4164 4263 462 
4302 4164 4165 4264 4263 
4303 4165 4166 4265 4264 
4304 4166 4167 4266 4265 
4305 4167 4168 4267 4266 
4306 4168 4169 4268 4267 
4307 4169 4170 4269 4268 
4308 4170 4171 4270 4269 
4309 4171 4172 4271 4270 
4310 4172 4173 4272 4271 
4311 4173 4174 4273 4272 
4312 4174 4175 4274 4273 
4313 4175 4176 4275 4274 
4314 4176 4177 4276 4275 
4315 4177 4178 4277 4276 
4316 4178 4179 4278 4277 
4317 4179 4180 4279 4278 
4318 4180 4181 4280 4279 
4319 4181 4182 4281 4280 
4320 4182 4183 4282 4281 
4321 4183 4184 4283 4282 
4322 4184 4185 4284 4283 
4323 4185 4186 4285 4284 
4324 4186 4187 4286 4285 
4325 4187 4188 4287 4286 
4326 4188 4189 4288 4287 
4327 4189 4190 4289 4288 
4328 4190 4191 4290 4289 
4329 4191 4192 4291 4290 
4330 4192 4193 4292 4291 
4331 4193 4194 4293 4292 
4332 4194 4195 4294 4293 
4333 4195 4196 4295 4294 
4334 4196 4197 4296 4295 
4335 4197 4198 4297 4296 
4336 4198 4199 4298 4297 
4337 4199 4200 4299 4298 
4338 4200 4201 4300 4299 
4339 4201 4202 4301 4300 
4340 4202 4203 4302 4301 
4341 4203 4204 4303 4302 
4342 4204 4205 4304 4303 
4343 4205 4206 4305 4304 
4344 4206 4207 4306 4305 
4345 4207 4208 4307 4306 
4346 4208 4209 4308 4307 
4347 4209 4210 4309 4308 
4348 4210 4211 4310 4309 
4349 4211 4212 4311 4310 
4350 4212 4213 4312 4311 
4351 4213 4214 4313 4312 
4352 4214 4215 4314 4313 
4353 4215 4216 4315 4314 
4354 4216 4217 4316 4315 
4355 4217 4218 4317 4316 
4356 4218 4219 4318 4317 
4357 4219 4220 4319 4318 
4358 4220 4221 4320 4319 
4359 4221 4222 4321 4320 
4360 4222 4223 4322 4321 
4361 4223 4224 4323 4322 
4362 4224 4225 4324 4323 
4363 4225 4226 4325 4324 
4364 4226 4227 4326 4325 
4365 4227 4228 4327 4326 
4366 4228 4229 4328 4327 
4367 4229 4230 4329 4328 
4368 4230 4231 4330 4329 
4369 4231 4232 4331 4330 
4370 4232 4233 4332 4331 
4371 4233 4234 4333 4332 
4372 4234 4235 4334 4333 
4373 4235 4236 4335 4334 
4374 4236 4237 4336 4335 
4375 4237 4238 4337 4336 
4376 4238 4239 4338 4337 
4377 4239 4240 4339 4338 
4378 4240 4241 4340 4339 
4379 4241 4242 4341 4340 
4380 4242 4243 4342 4341 
4381 4243 4244 4343 4342 
4382 4244 4245 4344 4343 
4383 4245 4246 4345 4344 
4384 4246 4247 4346 4345 
4385 4247 4248 4347 4346 
4386 4248 4249 4348 4347 
4387 4249 4250 4349 4348 
4388 4250 4251 4350 4349 
4389 4251 4252 4351 4350 
4390 4252 4253 4352 4351 
4391 4253 4254 4353 4352 
4392 4254 4255 4354 4353 
4393 4255 4256 4355 4354 
4394 4256 4257 4356 4355 
4395 4257 4258 4357 4356 
4396 4258 4259 4358 4357 
4397 4259 4260 4359 4358 
4398 4260 4261 4360 4359 
4399 4261 4262 4361 4360 
4400 4262 141 142 4361 
4401 462 4263 4362 461 
4402 4263 4264 4363 4362 
4403 4264 4265 4364 4363 
4404 4265 4266 4365 4364 
4405 4266 4267 4366 4365 
4406 4267 4268 4367 4366 
4407 4268 4269 4368 4367 
4408 4269 4270 4369 4368 
4409 4270 4271 4370 4369 
4410 4271 4272 4371 4370 
4411 4272 4273 4372 4371 
4412 4273 4274 4373 4372 
4413 4274 4275 4374 4373 
4414 4275 4276 4375 4374 
4415 4276 4277 4376 4375 
4416 4277 4278 4377 4376 
4417 4278 4279 4378 4377 
4418 4279 4280 4379 4378 
4419 4280 4281 4380 4379 
4420 4281 4282 4381 4380 
4421 4282 4283 4382 4381 
4422 4283 4284 4383 4382 
4423 4284 4285 4384 4383 
4424 4285 4286 4385 4384 
4425 4286 4287 4386 4385 
4426 4287 4288 4387 4386 
4427 4288 4289 4388 4387 
4428 4289 4290 4389 4388 
4429 4290 4291 4390 4389 
4430 4291 4292 4391 4390 
4431 4292 4293 4392 4391 
4432 4293 4294 4393 4392 
4433 4294 4295 4394 4393 
4434 4295 4296 4395 4394 
4435 4296 4297 4396 4395 
4436 4297 4298 4397 4396 
4437 4298 4299 4398 4397 
4438 4299 4300 4399 4398 
4439 4300 4301 4400 4399 
4440 4301 4302 4401 4400 
4441 4302 4303 4402 4401 
4442 4303 4304 4403 4402 
4443 4304 4305 4404 4403 
4444 4305 4306 4405 4404 
4445 4306 4307 4406 4405 
4446 4307 4308 4407 4406 
4447 4308 4309 4408 4407 
4448 4309 4310 4409 4408 
4449 4310 4311 4410 4409 
4450 4311 4312 4411 4410 
4451 4312 4313 4412 4411 
4452 4313 4314 4413 4412 
4453 4314 4315 4414 4413 
4454 4315 4316 4415 4414 
4455 4316 4317 4416 4415 
4456 4317 4318 4417 4416 
4457 4318 4319 4418 4417 
4458 4319 4320 4419 4418 
4459 4320 4321 4420 4419 
4460 4321 4322 4421 4420 
4461 4322 4323 4422 4421 
4462 4323 4324 4423 4422 
4463 4324 4325 4424 4423 
4464 4325 4326 4425 4424 
4465 4326 4327 4426 4425 
4466 4327 4328 4427 4426 
4467 4328 4329 4428 4427 
4468 4329 4330 4429 4428 
4469 4330 4331 4430 4429 
4470 4331 4332 4431 4430 
4471 4332 4333 4432 4431 
4472 4333 4334 4433 4432 
4473 4334 4335 4434 4433 
4474 4335 4336 4435 4434 
4475 4336 4337 4436 4435 
4476 4337 4338 4437 4436 
4477 4338 4339 4438 4437 
4478 4339 4340 4439 4438 
4479 4340 4341 4440 4439 
4480 4341 4342 4441 4440 
4481 4342 4343 4442 4441 
4482 4343 4344 4443 4442 
4483 4344 4345 4444 4443 
4484 4345 4346 4445 4444 
4485 4346 4347 4446 4445 
4486 4347 4348 4447 4446 
4487 4348 4349 4448 4447 
4488 4349 4350 4449 4448 
4489 4350 4351 4450 4449 
4490 4351 4352 4451 4450 
4491 4352 4353 4452 4451 
4492 4353 4354 4453 4452 
4493 4354 4355 4454 4453 
4494 4355 4356 4455 4454 
4495 4356 4357 4456 4455 
4496 4357 4358 4457 4456 
4497 4358 4359 4458 4457 
4498 4359 4360 4459 4458 
4499 4360 4361 4460 4459 
4500 4361 142 143 4460 
4501 461 4362 4461 460 
4502 4362 4363 4462 4461 
4503 4363 4364 4463 4462 
4504 4364 4365 4464 4463 
4505 4365 4366 4465 4464 
4506 4366 4367 4466 4465 
4507 4367 4368 4467 4466 
4508 4368 4369 4468 4467 
4509 4369 4370 4469 4468 
4510 4370 4371 4470 4469 
4511 4371 4372 4471 4470 
4512 4372 4373 4472 4471 
4513 4373 4374 4473 4472 
4514 4374 4375 4474 4473 
4515 4375 4376 4475 4474 
4516 4376 4377 4476 4475 
4517 4377 4378 4477 4476 
4518 4378 4379 4478 4477 
4519 4379 4380 4479 4478 
4520 4380 4381 4480 4479 
4521 4381 4382 4481 4480 
4522 4382 4383 4482 4481 
4523 4383 4384 4483 4482 
4524 4384 4385 4484 4483 
4525 4385 4386 4485 4484 
4526 4386 4387 4486 4485 
4527 4387 4388 4487 4486 
4528 4388 4389 4488 4487 
4529 4389 4390 4489 4488 
4530 4390 4391 4490 4489 
4531 4391 4392 4491 4490 
4532 4392 4393 4492 4491 
4533 4393 4394 4493 4492 
4534 4394 4395 4494 4493 
4535 4395 4396 4495 4494 
4536 4396 4397 4496 4495 
4537 4397 4398 4497 4496 
4538 4398 4399 4498 4497 
4539 4399 4400 4499 4498 
4540 4400 4401 4500 4499 
4541 4401 4402 4501 4500 
4542 4402 4403 4502 4501 
4543 4403 4404 4503 4502 
4544 4404 4405 4504 4503 
4545 4405 4406 4505 4504 
4546 4406 4407 4506 4505 
4547 4407 4408 4507 4506 
4548 4408 4409 4508 4507 
4549 4409 4410 4509 4508 
4550 4410 4411 4510 4509 
4551 4411 4412 4511 4510 
4552 4412 4413 4512 4511 
4553 4413 4414 4513 4512 
4554 4414 4415 4514 4513 
4555 4415 4416 4515 4514 
4556 4416 4417 4516 4515 
4557 4417 4418 4517 4516 
4558 4418 4419 4518 4517 
4559 4419 4420 4519 4518 
4560 4420 4421 4520 4519 
4561 4421 4422 4521 4520 
4562 4422 4423 4522 4521 
4563 4423 4424 4523 4522 
4564 4424 4425 4524 4523 
4565 4425 4426 4525 4524 
4566 4426 4427 4526 4525 
4567 4427 4428 4527 4526 
4568 4428 4429 4528 4527 
4569 4429 4430 4529 4528 
4570 4430 4431 4530 4529 
4571 4431 4432 4531 4530 
4572 4432 4433 4532 4531 
4573 4433 4434 4533 4532 
4574 4434 4435 4534 4533 
4575 4435 4436 4535 4534 
4576 4436 4437 4536 4535 
4577 4437 4438 4537 4536 
4578 4438 4439 4538 4537 
4579 4439 4440 4539 4538 
4580 4440 4441 4540 4539 
4581 4441 4442 4541 4540 
4582 4442 4443 4542 4541 
4583 4443 4444 4543 4542 
4584 4444 4445 4544 4543 
4585 4445 4446 4545 4544 
4586 4446 4447 4546 4545 
4587 4447 4448 4547 4546 
4588 4448 4449 4548 4547 
4589 4449 4450 4549 4548 
4590 4450 4451 4550 4549 
4591 4451 4452 4551 4550 
4592 4452 4453 4552 4551 
4593 4453 4454 4553 4552 
4594 4454 4455 4554 4553 
4595 4455 4456 4555 4554 
4596 4456 4457 4556 4555 
4597 4457 4458 4557 4556 
4598 4458 4459 4558 4557 
4599 4459 4460 4559 4558 
4600 4460 143 144 4559 
4601 460 4461 4560 459 
4602 4461 4462 4561 4560 
4603 4462 4463 4562 4561 
4604 4463 4464 4563 4562 
4605 4464 4465 4564 4563 
4606 4465 4466 4565 4564 
4607 4466 4467 4566 4565 
4608 4467 4468 4567 4566 
4609 4468 4469 4568 4567 
4610 4469 4470 4569 4568 
4611 4470 4471 4570 4569 
4612 4471 4472 4571 4570 
4613 4472 4473 4572 4571 
4614 4473 4474 4573 4572 
4615 4474 4475 4574 4573 
4616 4475 4476 4575 4574 
4617 4476 4477 4576 4575 
4618 4477 4478 4577 4576 
4619 4478 4479 4578 4577 
4620 4479 4480 4579 4578 
4621 4480 4481 4580 4579 
4622 4481 4482 4581 4580 
4623 4482 4483 4582 4581 
4624 4483 4484 4583 4582 
4625 4484 4485 4584 4583 
4626 4485 4486 4585 4584 
4627 4486 4487 4586 4585 
4628 4487 4488 4587 4586 
4629 4488 4489 4588 4587 
4630 4489 4490 4589 4588 
4631 4490 4491 4590 4589 
4632 4491 4492 4591 4590 
4633 4492 4493 4592 4591 
4634 4493 4494 4593 4592 
4635 4494 4495 4594 4593 
4636 4495 4496 4595 4594 
4637 4496 4497 4596 4595 
4638 4497 4498 4597 4596 
4639 4498 4499 4598 4597 
4640 4499 4500 4599 4598 
4641 4500 4501 4600 4599 
4642 4501 4502 4601 4600 
4643 4502 4503 4602 4601 
4644 4503 4504 4603 4602 
4645 4504 4505 4604 4603 
4646 4505 4506 4605 4604 
4647 4506 4507 4606 4605 
4648 4507 4508 4607 4606 
4649 4508 4509 4608 4607 
4650 4509 4510 4609 4608 
4651 4510 4511 4610 4609 
4652 4511 4512 4611 4610 
4653 4512 4513 4612 4611 
4654 4513 4514 4613 4612 
4655 4514 4515 4614 4613 
4656 4515 4516 4615 4614 
4657 4516 4517 4616 4615 
4658 4517 4518 4617 4616 
4659 4518 4519 4618 4617 
4660 4519 4520 4619 4618 
4661 4520 4521 4620 4619 
4662 4521 4522 4621 4620 
4663 4522 4523 4622 4621 
4664 4523 4524 4623 4622 
4665 4524 4525 4624 4623 
4666 4525 4526 4625 4624 
4667 4526 4527 4626 4625 
4668 4527 4528 4627 4626 
4669 4528 4529 4628 4627 
4670 4529 4530 4629 4628 
4671 4530 4531 4630 4629 
4672 4531 4532 4631 4630 
4673 4532 4533 4632 4631 
4674 4533 4534 4633 4632 
4675 4534 4535 4634 4633 
4676 4535 4536 4635 4634 
4677 4536 4537 4636 4635 
4678 4537 4538 4637 4636 
4679 4538 4539 4638 4637 
4680 4539 4540 4639 4638 
4681 4540 4541 4640 4639 
4682 4541 4542 4641 4640 
4683 4542 4543 4642 4641 
4684 4543 4544 4643 4642 
4685 4544 4545 4644 4643 
4686 4545 4546 4645 4644 
4687 4546 4547 4646 4645 
4688 4547 4548 4647 4646 
4689 4548 4549 4648 4647 
4690 4549 4550 4649 4648 
4691 4550 4551 4650 4649 
4692 4551 4552 4651 4650 
4693 4552 4553 4652 4651 
4694 4553 4554 4653 4652 
4695 4554 4555 4654 4653 
4696 4555 4556 4655 4654 
4697 4556 4557 4656 4655 
4698 4557 4558 4657 4656 
4699 4558 4559 4658 4657 
4700 4559 144 145 4658 
4701 459 4560 4659 458 
4702 4560 4561 4660 4659 
4703 4561 4562 4661 4660 
4704 4562 4563 4662 4661 
4705 4563 4564 4663 4662 
4706 4564 4565 4664 4663 
4707 4565 4566 4665 4664 
4708 4566 4567 4666 4665 
4709 4567 4568 4667 4666 
4710 4568 4569 4668 4667 
4711 4569 4570 4669 4668 
4712 4570 4571 4670 4669 
4713 4571 4572 4671 4670 
4714 4572 4573 4672 4671 
4715 4573 4574 4673 4672 
4716 4574 4575 4674 4673 
4717 4575 4576 4675 4674 
4718 4576 4577 4676 4675 
4719 4577 4578 4677 4676 
4720 4578 4579 4678 4677 
4721 4579 4580 4679 4678 
4722 4580 4581 4680 4679 
4723 4581 4582 4681 4680 
4724 4582 4583 4682 4681 
4725 4583 4584 4683 4682 
4726 4584 4585 4684 4683 
4727 4585 4586 4685 4684 
4728 4586 4587 4686 4685 
4729 4587 4588 4687 4686 
4730 4588 4589 4688 4687 
4731 4589 4590 4689 4688 
4732 4590 4591 4690 4689 
4733 4591 4592 4691 4690 
4734 4592 4593 4692 4691 
4735 4593 4594 4693 4692 
4736 4594 4595 4694 4693 
4737 4595 4596 4695 4694 
4738 4596 4597 4696 4695 
4739 4597 4598 4697 4696 
4740 4598 4599 4698 4697 
4741 4599 4600 4699 4698 
4742 4600 4601 4700 4699 
4743 4601 4602 4701 4700 
4744 4602 4603 4702 4701 
4745 4603 4604 4703 4702 
4746 4604 4605 4704 4703 
4747 4605 4606 4705 4704 
4748 4606 4607 4706 4705 
4749 4607 4608 4707 4706 
4750 4608 4609 4708 4707 
4751 4609 4610 4709 4708 
4752 4610 4611 4710 4709 
4753 4611 4612 4711 4710 
4754 4612 4613 4712 4711 
4755 4613 4614 4713 4712 
4756 4614 4615 4714 4713 
4757 4615 4616 4715 4714 
4758 4616 4617 4716 4715 
4759 4617 4618 4717 4716 
4760 4618 4619 4718 4717 
4761 4619 4620 4719 4718 
4762 4620 4621 4720 4719 
4763 4621 4622 4721 4720 
4764 4622 4623 4722 4721 
4765 4623 4624 4723 4722 
4766 4624 4625 4724 4723 
4767 4625 4626 4725 4724 
4768 4626 4627 4726 4725 
4769 4627 4628 4727 4726 
4770 4628 4629 4728 4727 
4771 4629 4630 4729 4728 
4772 4630 4631 4730 4729 
4773 4631 4632 4731 4730 
4774 4632 4633 4732 4731 
4775 4633 4634 4733 4732 
4776 4634 4635 4734 4733 
4777 4635 4636 4735 4734 
4778 4636 4637 4736 4735 
4779 4637 4638 4737 4736 
4780 4638 4639 4738 4737 
4781 4639 4640 4739 4738 
4782 4640 4641 4740 4739 
4783 4641 4642 4741 4740 
4784 4642 4643 4742 4741 
4785 4643 4644 4743 4742 
4786 4644 4645 4744 4743 
4787 4645 4646 4745 4744 
4788 4646 4647 4746 4745 
4789 4647 4648 4747 4746 
4790 4648 4649 4748 4747 
4791 4649 4650 4749 4748 
4792 4650 4651 4750 4749 
4793 4651 4652 4751 4750 
4794 4652 4653 4752 4751 
4795 4653 4654 4753 4752 
4796 4654 4655 4754 4753 
4797 4655 4656 4755 4754 
4798 4656 4657 4756 4755 
4799 4657 4658 4757 4756 
4800 4658 145 146 4757 
4801 458 4659 4758 457 
4802 4659 4660 4759 4758 
4803 4660 4661 4760 4759 
4804 4661 4662 4761 4760 
4805 4662 4663 4762 4761 
4806 4663 4664 4763 4762 
4807 4664 4665 4764 4763 
4808 4665 4666 4765 4764 
4809 4666 4667 4766 4765 
4810 4667 4668 4767 4766 
4811 4668 4669 4768 4767 
4812 4669 4670 4769 4768 
4813 4670 4671 4770 4769 
4814 4671 4672 4771 4770 
4815 4672 4673 4772 4771 
4816 4673 4674 4773 4772 
4817 4674 4675 4774 4773 
4818 4675 4676 4775 4774 
4819 4676 4677 4776 4775 
4820 4677 4678 4777 4776 
4821 4678 4679 4778 4777 
4822 4679 4680 4779 4778 
4823 4680 4681 4780 4779 
4824 4681 4682 4781 4780 
4825 4682 4683 4782 4781 
4826 4683 4684 4783 4782 
4827 4684 4685 4784 4783 
4828 4685 4686 4785 4784 
4829 4686 4687 4786 4785 
4830 4687 4688 4787 4786 
4831 4688 4689 4788 4787 
4832 4689 4690 4789 4788 
4833 4690 4691 4790 4789 
4834 4691 4692 4791 4790 
4835 4692 4693 4792 4791 
4836 4693 4694 4793 4792 
4837 4694 4695 4794 4793 
4838 4695 4696 4795 4794 
4839 4696 4697 4796 4795 
4840 4697 4698 4797 4796 
4841 4698 4699 4798 4797 
4842 4699 4700 4799 4798 
4843 4700 4701 4800 4799 
4844 4701 4702 4801 4800 
4845 4702 4703 4802 4801 
4846 4703 4704 4803 4802 
4847 4704 4705 4804 4803 
4848 4705 4706 4805 4804 
4849 4706 4707 4806 4805 
4850 4707 4708 4807 4806 
4851 4708 4709 4808 4807 
4852 4709 4710 4809 4808 
4853 4710 4711 4810 4809 
4854 4711 4712 4811 4810 
4855 4712 4713 4812 4811 
4856 4713 4714 4813 4812 
4857 4714 4715 4814 4813 
4858 4715 4716 4815 4814 
4859 4716 4717 4816 4815 
4860 4717 4718 4817 4816 
4861 4718 4719 4818 4817 
4862 4719 4720 4819 4818 
4863 4720 4721 4820 4819 
4864 4721 4722 4821 4820 
4865 4722 4723 4822 4821 
4866 4723 4724 4823 4822 
4867 4724 4725 4824 4823 
4868 4725 4726 4825 4824 
4869 4726 4727 4826 4825 
4870 4727 4728 4827 4826 
4871 4728 4729 4828 4827 
4872 4729 4730 4829 4828 
4873 4730 4731 4830 4829 
4874 4731 4732 4831 4830 
4875 4732 4733 4832 4831 
4876 4733 4734 4833 4832 
4877 4734 4735 4834 4833 
4878 4735 4736 4835 4834 
4879 4736 4737 4836 4835 
4880 4737 4738 4837 4836 
4881 4738 4739 4838 4837 
4882 4739 4740 4839 4838 
4883 4740 4741 4840 4839 
4884 4741 4742 4841 4840 
4885 4742 4743 4842 4841 
4886 4743 4744 4843 4842 
4887 4744 4745 4844 4843 
4888 4745 4746 4845 4844 
4889 4746 4747 4846 4845 
4890 4747 4748 4847 4846 
4891 4748 4749 4848 4847 
4892 4749 4750 4849 4848 
4893 4750 4751 4850 4849 
4894 4751 4752 4851 4850 
4895 4752 4753 4852 4851 
4896 4753 4754 4853 4852 
4897 4754 4755 4854 4853 
4898 4755 4756 4855 4854 
4899 4756 4757 4856 4855 
4900 4757 146 147 4856 
4901 457 4758 4857 456 
4902 4758 4759 4858 4857 
4903 4759 4760 4859 4858 
4904 4760 4761 4860 4859 
4905 4761 4762 4861 4860 
4906 4762 4763 4862 4861 
4907 4763 4764 4863 4862 
4908 4764 4765 4864 4863 
4909 4765 4766 4865 4864 
4910 4766 4767 4866 4865 
4911 4767 4768 4867 4866 
4912 4768 4769 4868 4867 
4913 4769 4770 4869 4868 
4914 4770 4771 4870 4869 
4915 4771 4772 4871 4870 
4916 4772 4773 4872 4871 
4917 4773 4774 4873 4872 
4918 4774 4775 4874 4873 
4919 4775 4776 4875 4874 
4920 4776 4777 4876 4875 
4921 4777 4778 4877 4876 
4922 4778 4779 4878 4877 
4923 4779 4780 4879 4878 
4924 4780 4781 4880 4879 
4925 4781 4782 4881 4880 
4926 4782 4783 4882 4881 
4927 4783 4784 4883 4882 
4928 4784 4785 4884 4883 
4929 4785 4786 4885 4884 
4930 4786 4787 4886 4885 
4931 4787 4788 4887 4886 
4932 4788 4789 4888 4887 
4933 4789 4790 4889 4888 
4934 4790 4791 4890 4889 
4935 4791 4792 4891 4890 
4936 4792 4793 4892 4891 
4937 4793 4794 4893 4892 
4938 4794 4795 4894 4893 
4939 4795 4796 4895 4894 
4940 4796 4797 4896 4895 
4941 4797 4798 4897 4896 
4942 4798 4799 4898 4897 
4943 4799 4800 4899 4898 
4944 4800 4801 4900 4899 
4945 4801 4802 4901 4900 
4946 4802 4803 4902 4901 
4947 4803 4804 4903 4902 
4948 4804 4805 4904 4903 
4949 4805 4806 4905 4904 
4950 4806 4807 4906 4905 
4951 4807 4808 4907 4906 
4952 4808 4809 4908 4907 
4953 4809 4810 4909 4908 
4954 4810 4811 4910 4909 
4955 4811 4812 4911 4910 
4956 4812 4813 4912 4911 
4957 4813 4814 4913 4912 
4958 4814 4815 4914 4913 
4959 4815 4816 4915 4914 
4960 4816 4817 4916 4915 
4961 4817 4818 4917 4916 
4962 4818 4819 4918 4917 
4963 4819 4820 4919 4918 
4964 4820 4821 4920 4919 
4965 4821 4822 4921 4920 
4966 4822 4823 4922 4921 
4967 4823 4824 4923 4922 
4968 4824 4825 4924 4923 
4969 4825 4826 4925 4924 
4970 4826 4827 4926 4925 
4971 4827 4828 4927 4926 
4972 4828 4829 4928 4927 
4973 4829 4830 4929 4928 
4974 4830 4831 4930 4929 
4975 4831 4832 4931 4930 
4976 4832 4833 4932 4931 
4977 4833 4834 4933 4932 
4978 4834 4835 4934 4933 
4979 4835 4836 4935 4934 
4980 4836 4837 4936 4935 
4981 4837 4838 4937 4936 
4982 4838 4839 4938 4937 
4983 4839 4840 4939 4938 
4984 4840 4841 4940 4939 
4985 4841 4842 4941 4940 
4986 4842 4843 4942 4941 
4987 4843 4844 4943 4942 
4988 4844 4845 4944 4943 
4989 4845 4846 4945 4944 
4990 4846 4847 4946 4945 
4991 4847 4848 4947 4946 
4992 4848 4849 4948 4947 
4993 4849 4850 4949 4948 
4994 4850 4851 4950 4949 
4995 4851 4852 4951 4950 
4996 4852 4853 4952 4951 
4997 4853 4854 4953 4952 
4998 4854 4855 4954 4953 
4999 4855 4856 4955 4954 
5000 4856 147 148 4955 
5001 456 4857 4956 455 
5002 4857 4858 4957 4956 
5003 4858 4859 4958 4957 
5004 4859 4860 4959 4958 
5005 4860 4861 4960 4959 
5006 4861 4862 4961 4960 
5007 4862 4863 4962 4961 
5008 4863 4864 4963 4962 
5009 4864 4865 4964 4963 
5010 4865 4866 4965 4964 
5011 4866 4867 4966 4965 
5012 4867 4868 4967 4966 
5013 4868 4869 4968 4967 
5014 4869 4870 4969 4968 
5015 4870 4871 4970 4969 
5016 4871 4872 4971 4970 
5017 4872 4873 4972 4971 
5018 4873 4874 4973 4972 
5019 4874 4875 4974 4973 
5020 4875 4876 4975 4974 
5021 4876 4877 4976 4975 
5022 4877 4878 4977 4976 
5023 4878 4879 4978 4977 
5024 4879 4880 4979 4978 
5025 4880 4881 4980 4979 
5026 4881 4882 4981 4980 
5027 4882 4883 4982 4981 
5028 4883 4884 4983 4982 
5029 4884 4885 4984 4983 
5030 4885 4886 4985 4984 
5031 4886 4887 4986 4985 
5032 4887 4888 4987 4986 
5033 4888 4889 4988 4987 
5034 4889 4890 4989 4988 
5035 4890 4891 4990 4989 
5036 4891 4892 4991 4990 
5037 4892 4893 4992 4991 
5038 4893 4894 4993 4992 
5039 4894 4895 4994 4993 
5040 4895 4896 4995 4994 
5041 4896 4897 4996 4995 
5042 4897 4898 4997 4996 
5043 4898 4899 4998 4997 
5044 4899 4900 4999 4998 
5045 4900 4901 5000 4999 
5046 4901 4902 5001 5000 
5047 4902 4903 5002 5001 
5048 4903 4904 5003 5002 
5049 4904 4905 5004 5003 
5050 4905 4906 5005 5004 
5051 4906 4907 5006 5005 
5052 4907 4908 5007 5006 
5053 4908 4909 5008 5007 
5054 4909 4910 5009 5008 
5055 4910 4911 5010 5009 
5056 4911 4912 5011 5010 
5057 4912 4913 5012 5011 
5058 4913 4914 5013 5012 
5059 4914 4915 5014 5013 
5060 4915 4916 5015 5014 
5061 4916 4917 5016 5015 
5062 4917 4918 5017 5016 
5063 4918 4919 5018 5017 
5064 4919 4920 5019 5018 
5065 4920 4921 5020 5019 
5066 4921 4922 5021 5020 
5067 4922 4923 5022 5021 
5068 4923 4924 5023 5022 
5069 4924 4925 5024 5023 
5070 4925 4926 5025 5024 
5071 4926 4927 5026 5025 
5072 4927 4928 5027 5026 
5073 4928 4929 5028 5027 
5074 4929 4930 5029 5028 
5075 4930 4931 5030 5029 
5076 4931 4932 5031 5030 
5077 4932 4933 5032 5031 
5078 4933 4934 5033 5032 
5079 4934 4935 5034 5033 
5080 4935 4936 5035 5034 
5081 4936 4937 5036 5035 
5082 4937 4938 5037 5036 
5083 4938 4939 5038 5037 
5084 4939 4940 5039 5038 
5085 4940 4941 5040 5039 
5086 4941 4942 5041 5040 
5087 4942 4943 5042 5041 
5088 4943 4944 5043 5042 
5089 4944 4945 5044 5043 
5090 4945 4946 5045 5044 
5091 4946 4947 5046 5045 
5092 4947 4948 5047 5046 
5093 4948 4949 5048 5047 
5094 4949 4950 5049 5048 
5095 4950 4951 5050 5049 
5096 4951 4952 5051 5050 
5097 4952 4953 5052 5051 
5098 4953 4954 5053 5052 
5099 4954 4955 5054 5053 
5100 4955 148 149 5054 
5101 455 4956 5055 454 
5102 4956 4957 5056 5055 
5103 4957 4958 5057 5056 
5104 4958 4959 5058 5057 
5105 4959 4960 5059 5058 
5106 4960 4961 5060 5059 
5107 4961 4962 5061 5060 
5108 4962 4963 5062 5061 
5109 4963 4964 5063 5062 
5110 4964 4965 5064 5063 
5111 4965 4966 5065 5064 
5112 4966 4967 5066 5065 
5113 4967 4968 5067 5066 
5114 4968 4969 5068 5067 
5115 4969 4970 5069 5068 
5116 4970 4971 5070 5069 
5117 4971 4972 5071 5070 
5118 4972 4973 5072 5071 
5119 4973 4974 5073 5072 
5120 4974 4975 5074 5073 
5121 4975 4976 5075 5074 
5122 4976 4977 5076 5075 
5123 4977 4978 5077 5076 
5124 4978 4979 5078 5077 
5125 4979 4980 5079 5078 
5126 4980 4981 5080 5079 
5127 4981 4982 5081 5080 
5128 4982 4983 5082 5081 
5129 4983 4984 5083 5082 
5130 4984 4985 5084 5083 
5131 4985 4986 5085 5084 
5132 4986 4987 5086 5085 
5133 4987 4988 5087 5086 
5134 4988 4989 5088 5087 
5135 4989 4990 5089 5088 
5136 4990 4991 5090 5089 
5137 4991 4992 5091 5090 
5138 4992 4993 5092 5091 
5139 4993 4994 5093 5092 
5140 4994 4995 5094 5093 
5141 4995 4996 5095 5094 
5142 4996 4997 5096 5095 
5143 4997 4998 5097 5096 
5144 4998 4999 5098 5097 
5145 4999 5000 5099 5098 
5146 5000 5001 5100 5099 
5147 5001 5002 5101 5100 
5148 5002 5003 5102 5101 
5149 5003 5004 5103 5102 
5150 5004 5005 5104 5103 
5151 5005 5006 5105 5104 
5152 5006 5007 5106 5105 
5153 5007 5008 5107 5106 
5154 5008 5009 5108 5107 
5155 5009 5010 5109 5108 
5156 5010 5011 5110 5109 
5157 5011 5012 5111 5110 
5158 5012 5013 5112 5111 
5159 5013 5014 5113 5112 
5160 5014 5015 5114 5113 
5161 5015 5016 5115 5114 
5162 5016 5017 5116 5115 
5163 5017 5018 5117 5116 
5164 5018 5019 5118 5117 
5165 5019 5020 5119 5118 
5166 5020 5021 5120 5119 
5167 5021 5022 5121 5120 
5168 5022 5023 5122 5121 
5169 5023 5024 5123 5122 
5170 5024 5025 5124 5123 
5171 5025 5026 5125 5124 
5172 5026 5027 5126 5125 
5173 5027 5028 5127 5126 
5174 5028 5029 5128 5127 
5175 5029 5030 5129 5128 
5176 5030 5031 5130 5129 
5177 5031 5032 5131 5130 
5178 5032 5033 5132 5131 
5179 5033 5034 5133 5132 
5180 5034 5035 5134 5133 
5181 5035 5036 5135 5134 
5182 5036 5037 5136 5135 
5183 5037 5038 5137 5136 
5184 5038 5039 5138 5137 
5185 5039 5040 5139 5138 
5186 5040 5041 5140 5139 
5187 5041 5042 5141 5140 
5188 5042 5043 5142 5141 
5189 5043 5044 5143 5142 
5190 5044 5045 5144 5143 
5191 5045 5046 5145 5144 
5192 5046 5047 5146 5145 
5193 5047 5048 5147 5146 
5194 5048 5049 5148 5147 
5195 5049 5050 5149 5148 
5196 5050 5051 5150 5149 
5197 5051 5052 5151 5150 
5198 5052 5053 5152 5151 
5199 5053 5054 5153 5152 
5200 5054 149 150 5153 
5201 454 5055 5154 453 
5202 5055 5056 5155 5154 
5203 5056 5057 5156 5155 
5204 5057 5058 5157 5156 
5205 5058 5059 5158 5157 
5206 5059 5060 5159 5158 
5207 5060 5061 5160 5159 
5208 5061 5062 5161 5160 
5209 5062 5063 5162 5161 
5210 5063 5064 5163 5162 
5211 5064 5065 5164 5163 
5212 5065 5066 5165 5164 
5213 5066 5067 5166 5165 
5214 5067 5068 5167 5166 
5215 5068 5069 5168 5167 
5216 5069 5070 5169 5168 
5217 5070 5071 5170 5169 
5218 5071 5072 5171 5170 
5219 5072 5073 5172 5171 
5220 5073 5074 5173 5172 
5221 5074 5075 5174 5173 
5222 5075 5076 5175 5174 
5223 5076 5077 5176 5175 
5224 5077 5078 5177 5176 
5225 5078 5079 5178 5177 
5226 5079 5080 5179 5178 
5227 5080 5081 5180 5179 
5228 5081 5082 5181 5180 
5229 5082 5083 5182 5181 
5230 5083 5084 5183 5182 
5231 5084 5085 5184 5183 
5232 5085 5086 5185 5184 
5233 5086 5087 5186 5185 
5234 5087 5088 5187 5186 
5235 5088 5089 5188 5187 
5236 5089 5090 5189 5188 
5237 5090 5091 5190 5189 
5238 5091 5092 5191 5190 
5239 5092 5093 5192 5191 
5240 5093 5094 5193 5192 
5241 5094 5095 5194 5193 
5242 5095 5096 5195 5194 
5243 5096 5097 5196 5195 
5244 5097 5098 5197 5196 
5245 5098 5099 5198 5197 
5246 5099 5100 5199 5198 
5247 5100 5101 5200 5199 
5248 5101 5102 5201 5200 
5249 5102 5103 5202 5201 
5250 5103 5104 5203 5202 
5251 5104 5105 5204 5203 
5252 5105 5106 5205 5204 
5253 5106 5107 5206 5205 
5254 5107 5108 5207 5206 
5255 5108 5109 5208 5207 
5256 5109 5110 5209 5208 
5257 5110 5111 5210 5209 
5258 5111 5112 5211 5210 
5259 5112 5113 5212 5211 
5260 5113 5114 5213 5212 
5261 5114 5115 5214 5213 
5262 5115 5116 5215 5214 
5263 5116 5117 5216 5215 
5264 5117 5118 5217 5216 
5265 5118 5119 5218 5217 
5266 5119 5120 5219 5218 
5267 5120 5121 5220 5219 
5268 5121 5122 5221 5220 
5269 5122 5123 5222 5221 
5270 5123 5124 5223 5222 
5271 5124 5125 5224 5223 
5272 5125 5126 5225 5224 
5273 5126 5127 5226 5225 
5274 5127 5128 5227 5226 
5275 5128 5129 5228 5227 
5276 5129 5130 5229 5228 
5277 5130 5131 5230 5229 
5278 5131 5132 5231 5230 
5279 5132 5133 5232 5231 
5280 5133 5134 5233 5232 
5281 5134 5135 5234 5233 
5282 5135 5136 5235 5234 
5283 5136 5137 5236 5235 
5284 5137 5138 5237 5236 
5285 5138 5139 5238 5237 
5286 5139 5140 5239 5238 
5287 5140 5141 5240 5239 
5288 5141 5142 5241 5240 
5289 5142 5143 5242 5241 
5290 5143 5144 5243 5242 
5291 5144 5145 5244 5243 
5292 5145 5146 5245 5244 
5293 5146 5147 5246 5245 
5294 5147 5148 5247 5246 
5295 5148 5149 5248 5247 
5296 5149 5150 5249 5248 
5297 5150 5151 5250 5249 
5298 5151 5152 5251 5250 
5299 5152 5153 5252 5251 
5300 5153 150 151 5252 
5301 453 5154 5253 452 
5302 5154 5155 5254 5253 
5303 5155 5156 5255 5254 
5304 5156 5157 5256 5255 
5305 5157 5158 5257 5256 
5306 5158 5159 5258 5257 
5307 5159 5160 5259 5258 
5308 5160 5161 5260 5259 
5309 5161 5162 5261 5260 
5310 5162 5163 5262 5261 
5311 5163 5164 5263 5262 
5312 5164 5165 5264 5263 
5313 5165 5166 5265 5264 
5314 5166 5167 5266 5265 
5315 5167 5168 5267 5266 
5316 5168 5169 5268 5267 
5317 5169 5170 5269 5268 
5318 5170 5171 5270 5269 
5319 5171 5172 5271 5270 
5320 5172 5173 5272 5271 
5321 5173 5174 5273 5272 
5322 5174 5175 5274 5273 
5323 5175 5176 5275 5274 
5324 5176 5177 5276 5275 
5325 5177 5178 5277 5276 
5326 5178 5179 5278 5277 
5327 5179 5180 5279 5278 
5328 5180 5181 5280 5279 
5329 5181 5182 5281 5280 
5330 5182 5183 5282 5281 
5331 5183 5184 5283 5282 
5332 5184 5185 5284 5283 
5333 5185 5186 5285 5284 
5334 5186 5187 5286 5285 
5335 5187 5188 5287 5286 
5336 5188 5189 5288 5287 
5337 5189 5190 5289 5288 
5338 5190 5191 5290 5289 
5339 5191 5192 5291 5290 
5340 5192 5193 5292 5291 
5341 5193 5194 5293 5292 
5342 5194 5195 5294 5293 
5343 5195 5196 5295 5294 
5344 5196 5197 5296 5295 
5345 5197 5198 5297 5296 
5346 5198 5199 5298 5297 
5347 5199 5200 5299 5298 
5348 5200 5201 5300 5299 
5349 5201 5202 5301 5300 
5350 5202 5203 5302 5301 
5351 5203 5204 5303 5302 
5352 5204 5205 5304 5303 
5353 5205 5206 5305 5304 
5354 5206 5207 5306 5305 
5355 5207 5208 5307 5306 
5356 5208 5209 5308 5307 
5357 5209 5210 5309 5308 
5358 5210 5211 5310 5309 
5359 5211 5212 5311 5310 
5360 5212 5213 5312 5311 
5361 5213 5214 5313 5312 
5362 5214 5215 5314 5313 
5363 5215 5216 5315 5314 
5364 5216 5217 5316 5315 
5365 5217 5218 5317 5316 
5366 5218 5219 5318 5317 
5367 5219 5220 5319 5318 
5368 5220 5221 5320 5319 
5369 5221 5222 5321 5320 
5370 5222 5223 5322 5321 
5371 5223 5224 5323 5322 
5372 5224 5225 5324 5323 
5373 5225 5226 5325 5324 
5374 5226 5227 5326 5325 
5375 5227 5228 5327 5326 
5376 5228 5229 5328 5327 
5377 5229 5230 5329 5328 
5378 5230 5231 5330 5329 
5379 5231 5232 5331 5330 
5380 5232 5233 5332 5331 
5381 5233 5234 5333 5332 
5382 5234 5235 5334 5333 
5383 5235 5236 5335 5334 
5384 5236 5237 5336 5335 
5385 5237 5238 5337 5336 
5386 5238 5239 5338 5337 
5387 5239 5240 5339 5338 
5388 5240 5241 5340 5339 
5389 5241 5242 5341 5340 
5390 5242 5243 5342 5341 
5391 5243 5244 5343 5342 
5392 5244 5245 5344 5343 
5393 5245 5246 5345 5344 
5394 5246 5247 5346 5345 
5395 5247 5248 5347 5346 
5396 5248 5249 5348 5347 
5397 5249 5250 5349 5348 
5398 5250 5251 5350 5349 
5399 5251 5252 5351 5350 
5400 5252 151 152 5351 
5401 452 5253 5352 451 
5402 5253 5254 5353 5352 
5403 5254 5255 5354 5353 
5404 5255 5256 5355 5354 
5405 5256 5257 5356 5355 
5406 5257 5258 5357 5356 
5407 5258 5259 5358 5357 
5408 5259 5260 5359 5358 
5409 5260 5261 5360 5359 
5410 5261 5262 5361 5360 
5411 5262 5263 5362 5361 
5412 5263 5264 5363 5362 
5413 5264 5265 5364 5363 
5414 5265 5266 5365 5364 
5415 5266 5267 5366 5365 
5416 5267 5268 5367 5366 
5417 5268 5269 5368 5367 
5418 5269 5270 5369 5368 
5419 5270 5271 5370 5369 
5420 5271 5272 5371 5370 
5421 5272 5273 5372 5371 
5422 5273 5274 5373 5372 
5423 5274 5275 5374 5373 
5424 5275 5276 5375 5374 
5425 5276 5277 5376 5375 
5426 5277 5278 5377 5376 
5427 5278 5279 5378 5377 
5428 5279 5280 5379 5378 
5429 5280 5281 5380 5379 
5430 5281 5282 5381 5380 
5431 5282 5283 5382 5381 
5432 5283 5284 5383 5382 
5433 5284 5285 5384 5383 
5434 5285 5286 5385 5384 
5435 5286 5287 5386 5385 
5436 5287 5288 5387 5386 
5437 5288 5289 5388 5387 
5438 5289 5290 5389 5388 
5439 5290 5291 5390 5389 
5440 5291 5292 5391 5390 
5441 5292 5293 5392 5391 
5442 5293 5294 5393 5392 
5443 5294 5295 5394 5393 
5444 5295 5296 5395 5394 
5445 5296 5297 5396 5395 
5446 5297 5298 5397 5396 
5447 5298 5299 5398 5397 
5448 5299 5300 5399 5398 
5449 5300 5301 5400 5399 
5450 5301 5302 5401 5400 
5451 5302 5303 5402 5401 
5452 5303 5304 5403 5402 
5453 5304 5305 5404 5403 
5454 5305 5306 5405 5404 
5455 5306 5307 5406 5405 
5456 5307 5308 5407 5406 
5457 5308 5309 5408 5407 
5458 5309 5310 5409 5408 
5459 5310 5311 5410 5409 
5460 5311 5312 5411 5410 
5461 5312 5313 5412 5411 
5462 5313 5314 5413 5412 
5463 5314 5315 5414 5413 
5464 5315 5316 5415 5414 
5465 5316 5317 5416 5415 
5466 5317 5318 5417 5416 
5467 5318 5319 5418 5417 
5468 5319 5320 5419 5418 
5469 5320 5321 5420 5419 
5470 5321 5322 5421 5420 
5471 5322 5323 5422 5421 
5472 5323 5324 5423 5422 
5473 5324 5325 5424 5423 
5474 5325 5326 5425 5424 
5475 5326 5327 5426 5425 
5476 5327 5328 5427 5426 
5477 5328 5329 5428 5427 
5478 5329 5330 5429 5428 
5479 5330 5331 5430 5429 
5480 5331 5332 5431 5430 
5481 5332 5333 5432 5431 
5482 5333 5334 5433 5432 
5483 5334 5335 5434 5433 
5484 5335 5336 5435 5434 
5485 5336 5337 5436 5435 
5486 5337 5338 5437 5436 
5487 5338 5339 5438 5437 
5488 5339 5340 5439 5438 
5489 5340 5341 5440 5439 
5490 5341 5342 5441 5440 
5491 5342 5343 5442 5441 
5492 5343 5344 5443 5442 
5493 5344 5345 5444 5443 
5494 5345 5346 5445 5444 
5495 5346 5347 5446 5445 
5496 5347 5348 5447 5446 
5497 5348 5349 5448 5447 
5498 5349 5350 5449 5448 
5499 5350 5351 5450 5449 
5500 5351 152 153 5450 
5501 451 5352 5451 450 
5502 5352 5353 5452 5451 
5503 5353 5354 5453 5452 
5504 5354 5355 5454 5453 
5505 5355 5356 5455 5454 
5506 5356 5357 5456 5455 
5507 5357 5358 5457 5456 
5508 5358 5359 5458 5457 
5509 5359 5360 5459 5458 
5510 5360 5361 5460 5459 
5511 5361 5362 5461 5460 
5512 5362 5363 5462 5461 
5513 5363 5364 5463 5462 
5514 5364 5365 5464 5463 
5515 5365 5366 5465 5464 
5516 5366 5367 5466 5465 
5517 5367 5368 5467 5466 
5518 5368 5369 5468 5467 
5519 5369 5370 5469 5468 
5520 5370 5371 5470 5469 
5521 5371 5372 5471 5470 
5522 5372 5373 5472 5471 
5523 5373 5374 5473 5472 
5524 5374 5375 5474 5473 
5525 5375 5376 5475 5474 
5526 5376 5377 5476 5475 
5527 5377 5378 5477 5476 
5528 5378 5379 5478 5477 
5529 5379 5380 5479 5478 
5530 5380 5381 5480 5479 
5531 5381 5382 5481 5480 
5532 5382 5383 5482 5481 
5533 5383 5384 5483 5482 
5534 5384 5385 5484 5483 
5535 5385 5386 5485 5484 
5536 5386 5387 5486 5485 
5537 5387 5388 5487 5486 
5538 5388 5389 5488 5487 
5539 5389 5390 5489 5488 
5540 5390 5391 5490 5489 
5541 5391 5392 5491 5490 
5542 5392 5393 5492 5491 
5543 5393 5394 5493 5492 
5544 5394 5395 5494 5493 
5545 5395 5396 5495 5494 
5546 5396 5397 5496 5495 
5547 5397 5398 5497 5496 
5548 5398 5399 5498 5497 
5549 5399 5400 5499 5498 
5550 5400 5401 5500 5499 
5551 5401 5402 5501 5500 
5552 5402 5403 5502 5501 
5553 5403 5404 5503 5502 
5554 5404 5405 5504 5503 
5555 5405 5406 5505 5504 
5556 5406 5407 5506 5505 
5557 5407 5408 5507 5506 
5558 5408 5409 5508 5507 
5559 5409 5410 5509 5508 
5560 5410 5411 5510 5509 
5561 5411 5412 5511 5510 
5562 5412 5413 5512 5511 
5563 5413 5414 5513 5512 
5564 5414 5415 5514 5513 
5565 5415 5416 5515 5514 
5566 5416 5417 5516 5515 
5567 5417 5418 5517 5516 
5568 5418 5419 5518 5517 
5569 5419 5420 5519 5518 
5570 5420 5421 5520 5519 
5571 5421 5422 5521 5520 
5572 5422 5423 5522 5521 
5573 5423 5424 5523 5522 
5574 5424 5425 5524 5523 
5575 5425 5426 5525 5524 
5576 5426 5427 5526 5525 
5577 5427 5428 5527 5526 
5578 5428 5429 5528 5527 
5579 5429 5430 5529 5528 
5580 5430 5431 5530 5529 
5581 5431 5432 5531 5530 
5582 5432 5433 5532 5531 
5583 5433 5434 5533 5532 
5584 5434 5435 5534 5533 
5585 5435 5436 5535 5534 
5586 5436 5437 5536 5535 
5587 5437 5438 5537 5536 
5588 5438 5439 5538 5537 
5589 5439 5440 5539 5538 
5590 5440 5441 5540 5539 
5591 5441 5442 5541 5540 
5592 5442 5443 5542 5541 
5593 5443 5444 5543 5542 
5594 5444 5445 5544 5543 
5595 5445 5446 5545 5544 
5596 5446 5447 5546 5545 
5597 5447 5448 5547 5546 
5598 5448 5449 5548 5547 
5599 5449 5450 5549 5548 
5600 5450 153 154 5549 
5601 450 5451 5550 449 
5602 5451 5452 5551 5550 
5603 5452 5453 5552 5551 
5604 5453 5454 5553 5552 
5605 5454 5455 5554 5553 
5606 5455 5456 5555 5554 
5607 5456 5457 5556 5555 
5608 5457 5458 5557 5556 
5609 5458 5459 5558 5557 
5610 5459 5460 5559 5558 
5611 5460 5461 5560 5559 
5612 5461 5462 5561 5560 
5613 5462 5463 5562 5561 
5614 5463 5464 5563 5562 
5615 5464 5465 5564 5563 
5616 5465 5466 5565 5564 
5617 5466 5467 5566 5565 
5618 5467 5468 5567 5566 
5619 5468 5469 5568 5567 
5620 5469 5470 5569 5568 
5621 5470 5471 5570 5569 
5622 5471 5472 5571 5570 
5623 5472 5473 5572 5571 
5624 5473 5474 5573 5572 
5625 5474 5475 5574 5573 
5626 5475 5476 5575 5574 
5627 5476 5477 5576 5575 
5628 5477 5478 5577 5576 
5629 5478 5479 5578 5577 
5630 5479 5480 5579 5578 
5631 5480 5481 5580 5579 
5632 5481 5482 5581 5580 
5633 5482 5483 5582 5581 
5634 5483 5484 5583 5582 
5635 5484 5485 5584 5583 
5636 5485 5486 5585 5584 
5637 5486 5487 5586 5585 
5638 5487 5488 5587 5586 
5639 5488 5489 5588 5587 
5640 5489 5490 5589 5588 
5641 5490 5491 5590 5589 
5642 5491 5492 5591 5590 
5643 5492 5493 5592 5591 
5644 5493 5494 5593 5592 
5645 5494 5495 5594 5593 
5646 5495 5496 5595 5594 
5647 5496 5497 5596 5595 
5648 5497 5498 5597 5596 
5649 5498 5499 5598 5597 
5650 5499 5500 5599 5598 
5651 5500 5501 5600 5599 
5652 5501 5502 5601 5600 
5653 5502 5503 5602 5601 
5654 5503 5504 5603 5602 
5655 5504 5505 5604 5603 
5656 5505 5506 5605 5604 
5657 5506 5507 5606 5605 
5658 5507 5508 5607 5606 
5659 5508 5509 5608 5607 
5660 5509 5510 5609 5608 
5661 5510 5511 5610 5609 
5662 5511 5512 5611 5610 
5663 5512 5513 5612 5611 
5664 5513 5514 5613 5612 
5665 5514 5515 5614 5613 
5666 5515 5516 5615 5614 
5667 5516 5517 5616 5615 
5668 5517 5518 5617 5616 
5669 5518 5519 5618 5617 
5670 5519 5520 5619 5618 
5671 5520 5521 5620 5619 
5672 5521 5522 5621 5620 
5673 5522 5523 5622 5621 
5674 5523 5524 5623 5622 
5675 5524 5525 5624 5623 
5676 5525 5526 5625 5624 
5677 5526 5527 5626 5625 
5678 5527 5528 5627 5626 
5679 5528 5529 5628 5627 
5680 5529 5530 5629 5628 
5681 5530 5531 5630 5629 
5682 5531 5532 5631 5630 
5683 5532 5533 5632 5631 
5684 5533 5534 5633 5632 
5685 5534 5535 5634 5633 
5686 5535 5536 5635 5634 
5687 5536 5537 5636 5635 
5688 5537 5538 5637 5636 
5689 5538 5539 5638 5637 
5690 5539 5540 5639 5638 
5691 5540 5541 5640 5639 
5692 5541 5542 5641 5640 
5693 5542 5543 5642 5641 
5694 5543 5544 5643 5642 
5695 5544 5545 5644 5643 
5696 5545 5546 5645 5644 
5697 5546 5547 5646 5645 
5698 5547 5548 5647 5646 
5699 5548 5549 5648 5647 
5700 5549 154 155 5648 
5701 449 5550 5649 448 
5702 5550 5551 5650 5649 
5703 5551 5552 5651 5650 
5704 5552 5553 5652 5651 
5705 5553 5554 5653 5652 
5706 5554 5555 5654 5653 
5707 5555 5556 5655 5654 
5708 5556 5557 5656 5655 
5709 5557 5558 5657 5656 
5710 5558 5559 5658 5657 
5711 5559 5560 5659 5658 
5712 5560 5561 5660 5659 
5713 5561 5562 5661 5660 
5714 5562 5563 5662 5661 
5715 5563 5564 5663 5662 
5716 5564 5565 5664 5663 
5717 5565 5566 5665 5664 
5718 5566 5567 5666 5665 
5719 5567 5568 5667 5666 
5720 5568 5569 5668 5667 
5721 5569 5570 5669 5668 
5722 5570 5571 5670 5669 
5723 5571 5572 5671 5670 
5724 5572 5573 5672 5671 
5725 5573 5574 5673 5672 
5726 5574 5575 5674 5673 
5727 5575 5576 5675 5674 
5728 5576 5577 5676 5675 
5729 5577 5578 5677 5676 
5730 5578 5579 5678 5677 
5731 5579 5580 5679 5678 
5732 5580 5581 5680 5679 
5733 5581 5582 5681 5680 
5734 5582 5583 5682 5681 
5735 5583 5584 5683 5682 
5736 5584 5585 5684 5683 
5737 5585 5586 5685 5684 
5738 5586 5587 5686 5685 
5739 5587 5588 5687 5686 
5740 5588 5589 5688 5687 
5741 5589 5590 5689 5688 
5742 5590 5591 5690 5689 
5743 5591 5592 5691 5690 
5744 5592 5593 5692 5691 
5745 5593 5594 5693 5692 
5746 5594 5595 5694 5693 
5747 5595 5596 5695 5694 
5748 5596 5597 5696 5695 
5749 5597 5598 5697 5696 
5750 5598 5599 5698 5697 
5751 5599 5600 5699 5698 
5752 5600 5601 5700 5699 
5753 5601 5602 5701 5700 
5754 5602 5603 5702 5701 
5755 5603 5604 5703 5702 
5756 5604 5605 5704 5703 
5757 5605 5606 5705 5704 
5758 5606 5607 5706 5705 
5759 5607 5608 5707 5706 
5760 5608 5609 5708 5707 
5761 5609 5610 5709 5708 
5762 5610 5611 5710 5709 
5763 5611 5612 5711 5710 
5764 5612 5613 5712 5711 
5765 5613 5614 5713 5712 
5766 5614 5615 5714 5713 
5767 5615 5616 5715 5714 
5768 5616 5617 5716 5715 
5769 5617 5618 5717 5716 
5770 5618 5619 5718 5717 
5771 5619 5620 5719 5718 
5772 5620 5621 5720 5719 
5773 5621 5622 5721 5720 
5774 5622 5623 5722 5721 
5775 5623 5624 5723 5722 
5776 5624 5625 5724 5723 
5777 5625 5626 5725 5724 
5778 5626 5627 5726 5725 
5779 5627 5628 5727 5726 
5780 5628 5629 5728 5727 
5781 5629 5630 5729 5728 
5782 5630 5631 5730 5729 
5783 5631 5632 5731 5730 
5784 5632 5633 5732 5731 
5785 5633 5634 5733 5732 
5786 5634 5635 5734 5733 
5787 5635 5636 5735 5734 
5788 5636 5637 5736 5735 
5789 5637 5638 5737 5736 
5790 5638 5639 5738 5737 
5791 5639 5640 5739 5738 
5792 5640 5641 5740 5739 
5793 5641 5642 5741 5740 
5794 5642 5643 5742 5741 
5795 5643 5644 5743 5742 
5796 5644 5645 5744 5743 
5797 5645 5646 5745 5744 
5798 5646 5647 5746 5745 
5799 5647 5648 5747 5746 
5800 5648 155 156 5747 
5801 448 5649 5748 447 
5802 5649 5650 5749 5748 
5803 5650 5651 5750 5749 
5804 5651 5652 5751 5750 
5805 5652 5653 5752 5751 
5806 5653 5654 5753 5752 
5807 5654 5655 5754 5753 
5808 5655 5656 5755 5754 
5809 5656 5657 5756 5755 
5810 5657 5658 5757 5756 
5811 5658 5659 5758 5757 
5812 5659 5660 5759 5758 
5813 5660 5661 5760 5759 
5814 5661 5662 5761 5760 
5815 5662 5663 5762 5761 
5816 5663 5664 5763 5762 
5817 5664 5665 5764 5763 
5818 5665 5666 5765 5764 
5819 5666 5667 5766 5765 
5820 5667 5668 5767 5766 
5821 5668 5669 5768 5767 
5822 5669 5670 5769 5768 
5823 5670 5671 5770 5769 
5824 5671 5672 5771 5770 
5825 5672 5673 5772 5771 
5826 5673 5674 5773 5772 
5827 5674 5675 5774 5773 
5828 5675 5676 5775 5774 
5829 5676 5677 5776 5775 
5830 5677 5678 5777 5776 
5831 5678 5679 5778 5777 
5832 5679 5680 5779 5778 
5833 5680 5681 5780 5779 
5834 5681 5682 5781 5780 
5835 5682 5683 5782 5781 
5836 5683 5684 5783 5782 
5837 5684 5685 5784 5783 
5838 5685 5686 5785 5784 
5839 5686 5687 5786 5785 
5840 5687 5688 5787 5786 
5841 5688 5689 5788 5787 
5842 5689 5690 5789 5788 
5843 5690 5691 5790 5789 
5844 5691 5692 5791 5790 
5845 5692 5693 5792 5791 
5846 5693 5694 5793 5792 
5847 5694 5695 5794 5793 
5848 5695 5696 5795 5794 
5849 5696 5697 5796 5795 
5850 5697 5698 5797 5796 
5851 5698 5699 5798 5797 
5852 5699 5700 5799 5798 
5853 5700 5701 5800 5799 
5854 5701 5702 5801 5800 
5855 5702 5703 5802 5801 
5856 5703 5704 5803 5802 
5857 5704 5705 5804 5803 
5858 5705 5706 5805 5804 
5859 5706 5707 5806 5805 
5860 5707 5708 5807 5806 
5861 5708 5709 5808 5807 
5862 5709 5710 5809 5808 
5863 5710 5711 5810 5809 
5864 5711 5712 5811 5810 
5865 5712 5713 5812 5811 
5866 5713 5714 5813 5812 
5867 5714 5715 5814 5813 
5868 5715 5716 5815 5814 
5869 5716 5717 5816 5815 
5870 5717 5718 5817 5816 
5871 5718 5719 5818 5817 
5872 5719 5720 5819 5818 
5873 5720 5721 5820 5819 
5874 5721 5722 5821 5820 
5875 5722 5723 5822 5821 
5876 5723 5724 5823 5822 
5877 5724 5725 5824 5823 
5878 5725 5726 5825 5824 
5879 5726 5727 5826 5825 
5880 5727 5728 5827 5826 
5881 5728 5729 5828 5827 
5882 5729 5730 5829 5828 
5883 5730 5731 5830 5829 
5884 5731 5732 5831 5830 
5885 5732 5733 5832 5831 
5886 5733 5734 5833 5832 
5887 5734 5735 5834 5833 
5888 5735 5736 5835 5834 
5889 5736 5737 5836 5835 
5890 5737 5738 5837 5836 
5891 5738 5739 5838 5837 
5892 5739 5740 5839 5838 
5893 5740 5741 5840 5839 
5894 5741 5742 5841 5840 
5895 5742 5743 5842 5841 
5896 5743 5744 5843 5842 
5897 5744 5745 5844 5843 
5898 5745 5746 5845 5844 
5899 5746 5747 5846 5845 
5900 5747 156 157 5846 
5901 447 5748 5847 446 
5902 5748 5749 5848 5847 
5903 5749 5750 5849 5848 
5904 5750 5751 5850 5849 
5905 5751 5752 5851 5850 
5906 5752 5753 5852 5851 
5907 5753 5754 5853 5852 
5908 5754 5755 5854 5853 
5909 5755 5756 5855 5854 
5910 5756 5757 5856 5855 
5911 5757 5758 5857 5856 
5912 5758 5759 5858 5857 
5913 5759 5760 5859 5858 
5914 5760 5761 5860 5859 
5915 5761 5762 5861 5860 
5916 5762 5763 5862 5861 
5917 5763 5764 5863 5862 
5918 5764 5765 5864 5863 
5919 5765 5766 5865 5864 
5920 5766 5767 5866 5865 
5921 5767 5768 5867 5866 
5922 5768 5769 5868 5867 
5923 5769 5770 5869 5868 
5924 5770 5771 5870 5869 
5925 5771 5772 5871 5870 
5926 5772 5773 5872 5871 
5927 5773 5774 5873 5872 
5928 5774 5775 5874 5873 
5929 5775 5776 5875 5874 
5930 5776 5777 5876 5875 
5931 5777 5778 5877 5876 
5932 5778 5779 5878 5877 
5933 5779 5780 5879 5878 
5934 5780 5781 5880 5879 
5935 5781 5782 5881 5880 
5936 5782 5783 5882 5881 
5937 5783 5784 5883 5882 
5938 5784 5785 5884 5883 
5939 5785 5786 5885 5884 
5940 5786 5787 5886 5885 
5941 5787 5788 5887 5886 
5942 5788 5789 5888 5887 
5943 5789 5790 5889 5888 
5944 5790 5791 5890 5889 
5945 5791 5792 5891 5890 
5946 5792 5793 5892 5891 
5947 5793 5794 5893 5892 
5948 5794 5795 5894 5893 
5949 5795 5796 5895 5894 
5950 5796 5797 5896 5895 
5951 5797 5798 5897 5896 
5952 5798 5799 5898 5897 
5953 5799 5800 5899 5898 
5954 5800 5801 5900 5899 
5955 5801 5802 5901 5900 
5956 5802 5803 5902 5901 
5957 5803 5804 5903 5902 
5958 5804 5805 5904 5903 
5959 5805 5806 5905 5904 
5960 5806 5807 5906 5905 
5961 5807 5808 5907 5906 
5962 5808 5809 5908 5907 
5963 5809 5810 5909 5908 
5964 5810 5811 5910 5909 
5965 5811 5812 5911 5910 
5966 5812 5813 5912 5911 
5967 5813 5814 5913 5912 
5968 5814 5815 5914 5913 
5969 5815 5816 5915 5914 
5970 5816 5817 5916 5915 
5971 5817 5818 5917 5916 
5972 5818 5819 5918 5917 
5973 5819 5820 5919 5918 
5974 5820 5821 5920 5919 
5975 5821 5822 5921 5920 
5976 5822 5823 5922 5921 
5977 5823 5824 5923 5922 
5978 5824 5825 5924 5923 
5979 5825 5826 5925 5924 
5980 5826 5827 5926 5925 
5981 5827 5828 5927 5926 
5982 5828 5829 5928 5927 
5983 5829 5830 5929 5928 
5984 5830 5831 5930 5929 
5985 5831 5832 5931 5930 
5986 5832 5833 5932 5931 
5987 5833 5834 5933 5932 
5988 5834 5835 5934 5933 
5989 5835 5836 5935 5934 
5990 5836 5837 5936 5935 
5991 5837 5838 5937 5936 
5992 5838 5839 5938 5937 
5993 5839 5840 5939 5938 
5994 5840 5841 5940 5939 
5995 5841 5842 5941 5940 
5996 5842 5843 5942 5941 
5997 5843 5844 5943 5942 
5998 5844 5845 5944 5943 
5999 5845 5846 5945 5944 
6000 5846 157 158 5945 
6001 446 5847 5946 445 
6002 5847 5848 5947 5946 
6003 5848 5849 5948 5947 
6004 5849 5850 5949 5948 
6005 5850 5851 5950 5949 
6006 5851 5852 5951 5950 
6007 5852 5853 5952 5951 
6008 5853 5854 5953 5952 
6009 5854 5855 5954 5953 
6010 5855 5856 5955 5954 
6011 5856 5857 5956 5955 
6012 5857 5858 5957 5956 
6013 5858 5859 5958 5957 
6014 5859 5860 5959 5958 
6015 5860 5861 5960 5959 
6016 5861 5862 5961 5960 
6017 5862 5863 5962 5961 
6018 5863 5864 5963 5962 
6019 5864 5865 5964 5963 
6020 5865 5866 5965 5964 
6021 5866 5867 5966 5965 
6022 5867 5868 5967 5966 
6023 5868 5869 5968 5967 
6024 5869 5870 5969 5968 
6025 5870 5871 5970 5969 
6026 5871 5872 5971 5970 
6027 5872 5873 5972 5971 
6028 5873 5874 5973 5972 
6029 5874 5875 5974 5973 
6030 5875 5876 5975 5974 
6031 5876 5877 5976 5975 
6032 5877 5878 5977 5976 
6033 5878 5879 5978 5977 
6034 5879 5880 5979 5978 
6035 5880 5881 5980 5979 
6036 5881 5882 5981 5980 
6037 5882 5883 5982 5981 
6038 5883 5884 5983 5982 
6039 5884 5885 5984 5983 
6040 5885 5886 5985 5984 
6041 5886 5887 5986 5985 
6042 5887 5888 5987 5986 
6043 5888 5889 5988 5987 
6044 5889 5890 5989 5988 
6045 5890 5891 5990 5989 
6046 5891 5892 5991 5990 
6047 5892 5893 5992 5991 
6048 5893 5894 5993 5992 
6049 5894 5895 5994 5993 
6050 5895 5896 5995 5994 
6051 5896 5897 5996 5995 
6052 5897 5898 5997 5996 
6053 5898 5899 5998 5997 
6054 5899 5900 5999 5998 
6055 5900 5901 6000 5999 
6056 5901 5902 6001 6000 
6057 5902 5903 6002 6001 
6058 5903 5904 6003 6002 
6059 5904 5905 6004 6003 
6060 5905 5906 6005 6004 
6061 5906 5907 6006 6005 
6062 5907 5908 6007 6006 
6063 5908 5909 6008 6007 
6064 5909 5910 6009 6008 
6065 5910 5911 6010 6009 
6066 5911 5912 6011 6010 
6067 5912 5913 6012 6011 
6068 5913 5914 6013 6012 
6069 5914 5915 6014 6013 
6070 5915 5916 6015 6014 
6071 5916 5917 6016 6015 
6072 5917 5918 6017 6016 
6073 5918 5919 6018 6017 
6074 5919 5920 6019 6018 
6075 5920 5921 6020 6019 
6076 5921 5922 6021 6020 
6077 5922 5923 6022 6021 
6078 5923 5924 6023 6022 
6079 5924 5925 6024 6023 
6080 5925 5926 6025 6024 
6081 5926 5927 6026 6025 
6082 5927 5928 6027 6026 
6083 5928 5929 6028 6027 
6084 5929 5930 6029 6028 
6085 5930 5931 6030 6029 
6086 5931 5932 6031 6030 
6087 5932 5933 6032 6031 
6088 5933 5934 6033 6032 
6089 5934 5935 6034 6033 
6090 5935 5936 6035 6034 
6091 5936 5937 6036 6035 
6092 5937 5938 6037 6036 
6093 5938 5939 6038 6037 
6094 5939 5940 6039 6038 
6095 5940 5941 6040 6039 
6096 5941 5942 6041 6040 
6097 5942 5943 6042 6041 
6098 5943 5944 6043 6042 
6099 5944 5945 6044 6043 
6100 5945 158 159 6044 
6101 445 5946 6045 444 
6102 5946 5947 6046 6045 
6103 5947 5948 6047 6046 
6104 5948 5949 6048 6047 
6105 5949 5950 6049 6048 
6106 5950 5951 6050 6049 
6107 5951 5952 6051 6050 
6108 5952 5953 6052 6051 
6109 5953 5954 6053 6052 
6110 5954 5955 6054 6053 
6111 5955 5956 6055 6054 
6112 5956 5957 6056 6055 
6113 5957 5958 6057 6056 
6114 5958 5959 6058 6057 
6115 5959 5960 6059 6058 
6116 5960 5961 6060 6059 
6117 5961 5962 6061 6060 
6118 5962 5963 6062 6061 
6119 5963 5964 6063 6062 
6120 5964 5965 6064 6063 
6121 5965 5966 6065 6064 
6122 5966 5967 6066 6065 
6123 5967 5968 6067 6066 
6124 5968 5969 6068 6067 
6125 5969 5970 6069 6068 
6126 5970 5971 6070 6069 
6127 5971 5972 6071 6070 
6128 5972 5973 6072 6071 
6129 5973 5974 6073 6072 
6130 5974 5975 6074 6073 
6131 5975 5976 6075 6074 
6132 5976 5977 6076 6075 
6133 5977 5978 6077 6076 
6134 5978 5979 6078 6077 
6135 5979 5980 6079 6078 
6136 5980 5981 6080 6079 
6137 5981 5982 6081 6080 
6138 5982 5983 6082 6081 
6139 5983 5984 6083 6082 
6140 5984 5985 6084 6083 
6141 5985 5986 6085 6084 
6142 5986 5987 6086 6085 
6143 5987 5988 6087 6086 
6144 5988 5989 6088 6087 
6145 5989 5990 6089 6088 
6146 5990 5991 6090 6089 
6147 5991 5992 6091 6090 
6148 5992 5993 6092 6091 
6149 5993 5994 6093 6092 
6150 5994 5995 6094 6093 
6151 5995 5996 6095 6094 
6152 5996 5997 6096 6095 
6153 5997 5998 6097 6096 
6154 5998 5999 6098 6097 
6155 5999 6000 6099 6098 
6156 6000 6001 6100 6099 
6157 6001 6002 6101 6100 
6158 6002 6003 6102 6101 
6159 6003 6004 6103 6102 
6160 6004 6005 6104 6103 
6161 6005 6006 6105 6104 
6162 6006 6007 6106 6105 
6163 6007 6008 6107 6106 
6164 6008 6009 6108 6107 
6165 6009 6010 6109 6108 
6166 6010 6011 6110 6109 
6167 6011 6012 6111 6110 
6168 6012 6013 6112 6111 
6169 6013 6014 6113 6112 
6170 6014 6015 6114 6113 
6171 6015 6016 6115 6114 
6172 6016 6017 6116 6115 
6173 6017 6018 6117 6116 
6174 6018 6019 6118 6117 
6175 6019 6020 6119 6118 
6176 6020 6021 6120 6119 
6177 6021 6022 6121 6120 
6178 6022 6023 6122 6121 
6179 6023 6024 6123 6122 
6180 6024 6025 6124 6123 
6181 6025 6026 6125 6124 
6182 6026 6027 6126 6125 
6183 6027 6028 6127 6126 
6184 6028 6029 6128 6127 
6185 6029 6030 6129 6128 
6186 6030 6031 6130 6129 
6187 6031 6032 6131 6130 
6188 6032 6033 6132 6131 
6189 6033 6034 6133 6132 
6190 6034 6035 6134 6133 
6191 6035 6036 6135 6134 
6192 6036 6037 6136 6135 
6193 6037 6038 6137 6136 
6194 6038 6039 6138 6137 
6195 6039 6040 6139 6138 
6196 6040 6041 6140 6139 
6197 6041 6042 6141 6140 
6198 6042 6043 6142 6141 
6199 6043 6044 6143 6142 
6200 6044 159 160 6143 
6201 444 6045 6144 443 
6202 6045 6046 6145 6144 
6203 6046 6047 6146 6145 
6204 6047 6048 6147 6146 
6205 6048 6049 6148 6147 
6206 6049 6050 6149 6148 
6207 6050 6051 6150 6149 
6208 6051 6052 6151 6150 
6209 6052 6053 6152 6151 
6210 6053 6054 6153 6152 
6211 6054 6055 6154 6153 
6212 6055 6056 6155 6154 
6213 6056 6057 6156 6155 
6214 6057 6058 6157 6156 
6215 6058 6059 6158 6157 
6216 6059 6060 6159 6158 
6217 6060 6061 6160 6159 
6218 6061 6062 6161 6160 
6219 6062 6063 6162 6161 
6220 6063 6064 6163 6162 
6221 6064 6065 6164 6163 
6222 6065 6066 6165 6164 
6223 6066 6067 6166 6165 
6224 6067 6068 6167 6166 
6225 6068 6069 6168 6167 
6226 6069 6070 6169 6168 
6227 6070 6071 6170 6169 
6228 6071 6072 6171 6170 
6229 6072 6073 6172 6171 
6230 6073 6074 6173 6172 
6231 6074 6075 6174 6173 
6232 6075 6076 6175 6174 
6233 6076 6077 6176 6175 
6234 6077 6078 6177 6176 
6235 6078 6079 6178 6177 
6236 6079 6080 6179 6178 
6237 6080 6081 6180 6179 
6238 6081 6082 6181 6180 
6239 6082 6083 6182 6181 
6240 6083 6084 6183 6182 
6241 6084 6085 6184 6183 
6242 6085 6086 6185 6184 
6243 6086 6087 6186 6185 
6244 6087 6088 6187 6186 
6245 6088 6089 6188 6187 
6246 6089 6090 6189 6188 
6247 6090 6091 6190 6189 
6248 6091 6092 6191 6190 
6249 6092 6093 6192 6191 
6250 6093 6094 6193 6192 
6251 6094 6095 6194 6193 
6252 6095 6096 6195 6194 
6253 6096 6097 6196 6195 
6254 6097 6098 6197 6196 
6255 6098 6099 6198 6197 
6256 6099 6100 6199 6198 
6257 6100 6101 6200 6199 
6258 6101 6102 6201 6200 
6259 6102 6103 6202 6201 
6260 6103 6104 6203 6202 
6261 6104 6105 6204 6203 
6262 6105 6106 6205 6204 
6263 6106 6107 6206 6205 
6264 6107 6108 6207 6206 
6265 6108 6109 6208 6207 
6266 6109 6110 6209 6208 
6267 6110 6111 6210 6209 
6268 6111 6112 6211 6210 
6269 6112 6113 6212 6211 
6270 6113 6114 6213 6212 
6271 6114 6115 6214 6213 
6272 6115 6116 6215 6214 
6273 6116 6117 6216 6215 
6274 6117 6118 6217 6216 
6275 6118 6119 6218 6217 
6276 6119 6120 6219 6218 
6277 6120 6121 6220 6219 
6278 6121 6122 6221 6220 
6279 6122 6123 6222 6221 
6280 6123 6124 6223 6222 
6281 6124 6125 6224 6223 
6282 6125 6126 6225 6224 
6283 6126 6127 6226 6225 
6284 6127 6128 6227 6226 
6285 6128 6129 6228 6227 
6286 6129 6130 6229 6228 
6287 6130 6131 6230 6229 
6288 6131 6132 6231 6230 
6289 6132 6133 6232 6231 
6290 6133 6134 6233 6232 
6291 6134 6135 6234 6233 
6292 6135 6136 6235 6234 
6293 6136 6137 6236 6235 
6294 6137 6138 6237 6236 
6295 6138 6139 6238 6237 
6296 6139 6140 6239 6238 
6297 6140 6141 6240 6239 
6298 6141 6142 6241 6240 
6299 6142 6143 6242 6241 
6300 6143 160 161 6242 
6301 443 6144 6243 442 
6302 6144 6145 6244 6243 
6303 6145 6146 6245 6244 
6304 6146 6147 6246 6245 
6305 6147 6148 6247 6246 
6306 6148 6149 6248 6247 
6307 6149 6150 6249 6248 
6308 6150 6151 6250 6249 
6309 6151 6152 6251 6250 
6310 6152 6153 6252 6251 
6311 6153 6154 6253 6252 
6312 6154 6155 6254 6253 
6313 6155 6156 6255 6254 
6314 6156 6157 6256 6255 
6315 6157 6158 6257 6256 
6316 6158 6159 6258 6257 
6317 6159 6160 6259 6258 
6318 6160 6161 6260 6259 
6319 6161 6162 6261 6260 
6320 6162 6163 6262 6261 
6321 6163 6164 6263 6262 
6322 6164 6165 6264 6263 
6323 6165 6166 6265 6264 
6324 6166 6167 6266 6265 
6325 6167 6168 6267 6266 
6326 6168 6169 6268 6267 
6327 6169 6170 6269 6268 
6328 6170 6171 6270 6269 
6329 6171 6172 6271 6270 
6330 6172 6173 6272 6271 
6331 6173 6174 6273 6272 
6332 6174 6175 6274 6273 
6333 6175 6176 6275 6274 
6334 6176 6177 6276 6275 
6335 6177 6178 6277 6276 
6336 6178 6179 6278 6277 
6337 6179 6180 6279 6278 
6338 6180 6181 6280 6279 
6339 6181 6182 6281 6280 
6340 6182 6183 6282 6281 
6341 6183 6184 6283 6282 
6342 6184 6185 6284 6283 
6343 6185 6186 6285 6284 
6344 6186 6187 6286 6285 
6345 6187 6188 6287 6286 
6346 6188 6189 6288 6287 
6347 6189 6190 6289 6288 
6348 6190 6191 6290 6289 
6349 6191 6192 6291 6290 
6350 6192 6193 6292 6291 
6351 6193 6194 6293 6292 
6352 6194 6195 6294 6293 
6353 6195 6196 6295 6294 
6354 6196 6197 6296 6295 
6355 6197 6198 6297 6296 
6356 6198 6199 6298 6297 
6357 6199 6200 6299 6298 
6358 6200 6201 6300 6299 
6359 6201 6202 6301 6300 
6360 6202 6203 6302 6301 
6361 6203 6204 6303 6302 
6362 6204 6205 6304 6303 
6363 6205 6206 6305 6304 
6364 6206 6207 6306 6305 
6365 6207 6208 6307 6306 
6366 6208 6209 6308 6307 
6367 6209 6210 6309 6308 
6368 6210 6211 6310 6309 
6369 6211 6212 6311 6310 
6370 6212 6213 6312 6311 
6371 6213 6214 6313 6312 
6372 6214 6215 6314 6313 
6373 6215 6216 6315 6314 
6374 6216 6217 6316 6315 
6375 6217 6218 6317 6316 
6376 6218 6219 6318 6317 
6377 6219 6220 6319 6318 
6378 6220 6221 6320 6319 
6379 6221 6222 6321 6320 
6380 6222 6223 6322 6321 
6381 6223 6224 6323 6322 
6382 6224 6225 6324 6323 
6383 6225 6226 6325 6324 
6384 6226 6227 6326 6325 
6385 6227 6228 6327 6326 
6386 6228 6229 6328 6327 
6387 6229 6230 6329 6328 
6388 6230 6231 6330 6329 
6389 6231 6232 6331 6330 
6390 6232 6233 6332 6331 
6391 6233 6234 6333 6332 
6392 6234 6235 6334 6333 
6393 6235 6236 6335 6334 
6394 6236 6237 6336 6335 
6395 6237 6238 6337 6336 
6396 6238 6239 6338 6337 
6397 6239 6240 6339 6338 
6398 6240 6241 6340 6339 
6399 6241 6242 6341 6340 
6400 6242 161 162 6341 
6401 442 6243 6342 441 
6402 6243 6244 6343 6342 
6403 6244 6245 6344 6343 
6404 6245 6246 6345 6344 
6405 6246 6247 6346 6345 
6406 6247 6248 6347 6346 
6407 6248 6249 6348 6347 
6408 6249 6250 6349 6348 
6409 6250 6251 6350 6349 
6410 6251 6252 6351 6350 
6411 6252 6253 6352 6351 
6412 6253 6254 6353 6352 
6413 6254 6255 6354 6353 
6414 6255 6256 6355 6354 
6415 6256 6257 6356 6355 
6416 6257 6258 6357 6356 
6417 6258 6259 6358 6357 
6418 6259 6260 6359 6358 
6419 6260 6261 6360 6359 
6420 6261 6262 6361 6360 
6421 6262 6263 6362 6361 
6422 6263 6264 6363 6362 
6423 6264 6265 6364 6363 
6424 6265 6266 6365 6364 
6425 6266 6267 6366 6365 
6426 6267 6268 6367 6366 
6427 6268 6269 6368 6367 
6428 6269 6270 6369 6368 
6429 6270 6271 6370 6369 
6430 6271 6272 6371 6370 
6431 6272 6273 6372 6371 
6432 6273 6274 6373 6372 
6433 6274 6275 6374 6373 
6434 6275 6276 6375 6374 
6435 6276 6277 6376 6375 
6436 6277 6278 6377 6376 
6437 6278 6279 6378 6377 
6438 6279 6280 6379 6378 
6439 6280 6281 6380 6379 
6440 6281 6282 6381 6380 
6441 6282 6283 6382 6381 
6442 6283 6284 6383 6382 
6443 6284 6285 6384 6383 
6444 6285 6286 6385 6384 
6445 6286 6287 6386 6385 
6446 6287 6288 6387 6386 
6447 6288 6289 6388 6387 
6448 6289 6290 6389 6388 
6449 6290 6291 6390 6389 
6450 6291 6292 6391 6390 
6451 6292 6293 6392 6391 
6452 6293 6294 6393 6392 
6453 6294 6295 6394 6393 
6454 6295 6296 6395 6394 
6455 6296 6297 6396 6395 
6456 6297 6298 6397 6396 
6457 6298 6299 6398 6397 
6458 6299 6300 6399 6398 
6459 6300 6301 6400 6399 
6460 6301 6302 6401 6400 
6461 6302 6303 6402 6401 
6462 6303 6304 6403 6402 
6463 6304 6305 6404 6403 
6464 6305 6306 6405 6404 
6465 6306 6307 6406 6405 
6466 6307 6308 6407 6406 
6467 6308 6309 6408 6407 
6468 6309 6310 6409 6408 
6469 6310 6311 6410 6409 
6470 6311 6312 6411 6410 
6471 6312 6313 6412 6411 
6472 6313 6314 6413 6412 
6473 6314 6315 6414 6413 
6474 6315 6316 6415 6414 
6475 6316 6317 6416 6415 
6476 6317 6318 6417 6416 
6477 6318 6319 6418 6417 
6478 6319 6320 6419 6418 
6479 6320 6321 6420 6419 
6480 6321 6322 6421 6420 
6481 6322 6323 6422 6421 
6482 6323 6324 6423 6422 
6483 6324 6325 6424 6423 
6484 6325 6326 6425 6424 
6485 6326 6327 6426 6425 
6486 6327 6328 6427 6426 
6487 6328 6329 6428 6427 
6488 6329 6330 6429 6428 
6489 6330 6331 6430 6429 
6490 6331 6332 6431 6430 
6491 6332 6333 6432 6431 
6492 6333 6334 6433 6432 
6493 6334 6335 6434 6433 
6494 6335 6336 6435 6434 
6495 6336 6337 6436 6435 
6496 6337 6338 6437 6436 
6497 6338 6339 6438 6437 
6498 6339 6340 6439 6438 
6499 6340 6341 6440 6439 
6500 6341 162 163 6440 
6501 441 6342 6441 440 
6502 6342 6343 6442 6441 
6503 6343 6344 6443 6442 
6504 6344 6345 6444 6443 
6505 6345 6346 6445 6444 
6506 6346 6347 6446 6445 
6507 6347 6348 6447 6446 
6508 6348 6349 6448 6447 
6509 6349 6350 6449 6448 
6510 6350 6351 6450 6449 
6511 6351 6352 6451 6450 
6512 6352 6353 6452 6451 
6513 6353 6354 6453 6452 
6514 6354 6355 6454 6453 
6515 6355 6356 6455 6454 
6516 6356 6357 6456 6455 
6517 6357 6358 6457 6456 
6518 6358 6359 6458 6457 
6519 6359 6360 6459 6458 
6520 6360 6361 6460 6459 
6521 6361 6362 6461 6460 
6522 6362 6363 6462 6461 
6523 6363 6364 6463 6462 
6524 6364 6365 6464 6463 
6525 6365 6366 6465 6464 
6526 6366 6367 6466 6465 
6527 6367 6368 6467 6466 
6528 6368 6369 6468 6467 
6529 6369 6370 6469 6468 
6530 6370 6371 6470 6469 
6531 6371 6372 6471 6470 
6532 6372 6373 6472 6471 
6533 6373 6374 6473 6472 
6534 6374 6375 6474 6473 
6535 6375 6376 6475 6474 
6536 6376 6377 6476 6475 
6537 6377 6378 6477 6476 
6538 6378 6379 6478 6477 
6539 6379 6380 6479 6478 
6540 6380 6381 6480 6479 
6541 6381 6382 6481 6480 
6542 6382 6383 6482 6481 
6543 6383 6384 6483 6482 
6544 6384 6385 6484 6483 
6545 6385 6386 6485 6484 
6546 6386 6387 6486 6485 
6547 6387 6388 6487 6486 
6548 6388 6389 6488 6487 
6549 6389 6390 6489 6488 
6550 6390 6391 6490 6489 
6551 6391 6392 6491 6490 
6552 6392 6393 6492 6491 
6553 6393 6394 6493 6492 
6554 6394 6395 6494 6493 
6555 6395 6396 6495 6494 
6556 6396 6397 6496 6495 
6557 6397 6398 6497 6496 
6558 6398 6399 6498 6497 
6559 6399 6400 6499 6498 
6560 6400 6401 6500 6499 
6561 6401 6402 6501 6500 
6562 6402 6403 6502 6501 
6563 6403 6404 6503 6502 
6564 6404 6405 6504 6503 
6565 6405 6406 6505 6504 
6566 6406 6407 6506 6505 
6567 6407 6408 6507 6506 
6568 6408 6409 6508 6507 
6569 6409 6410 6509 6508 
6570 6410 6411 6510 6509 
6571 6411 6412 6511 6510 
6572 6412 6413 6512 6511 
6573 6413 6414 6513 6512 
6574 6414 6415 6514 6513 
6575 6415 6416 6515 6514 
6576 6416 6417 6516 6515 
6577 6417 6418 6517 6516 
6578 6418 6419 6518 6517 
6579 6419 6420 6519 6518 
6580 6420 6421 6520 6519 
6581 6421 6422 6521 6520 
6582 6422 6423 6522 6521 
6583 6423 6424 6523 6522 
6584 6424 6425 6524 6523 
6585 6425 6426 6525 6524 
6586 6426 6427 6526 6525 
6587 6427 6428 6527 6526 
6588 6428 6429 6528 6527 
6589 6429 6430 6529 6528 
6590 6430 6431 6530 6529 
6591 6431 6432 6531 6530 
6592 6432 6433 6532 6531 
6593 6433 6434 6533 6532 
6594 6434 6435 6534 6533 
6595 6435 6436 6535 6534 
6596 6436 6437 6536 6535 
6597 6437 6438 6537 6536 
6598 6438 6439 6538 6537 
6599 6439 6440 6539 6538 
6600 6440 163 164 6539 
6601 440 6441 6540 439 
6602 6441 6442 6541 6540 
6603 6442 6443 6542 6541 
6604 6443 6444 6543 6542 
6605 6444 6445 6544 6543 
6606 6445 6446 6545 6544 
6607 6446 6447 6546 6545 
6608 6447 6448 6547 6546 
6609 6448 6449 6548 6547 
6610 6449 6450 6549 6548 
6611 6450 6451 6550 6549 
6612 6451 6452 6551 6550 
6613 6452 6453 6552 6551 
6614 6453 6454 6553 6552 
6615 6454 6455 6554 6553 
6616 6455 6456 6555 6554 
6617 6456 6457 6556 6555 
6618 6457 6458 6557 6556 
6619 6458 6459 6558 6557 
6620 6459 6460 6559 6558 
6621 6460 6461 6560 6559 
6622 6461 6462 6561 6560 
6623 6462 6463 6562 6561 
6624 6463 6464 6563 6562 
6625 6464 6465 6564 6563 
6626 6465 6466 6565 6564 
6627 6466 6467 6566 6565 
6628 6467 6468 6567 6566 
6629 6468 6469 6568 6567 
6630 6469 6470 6569 6568 
6631 6470 6471 6570 6569 
6632 6471 6472 6571 6570 
6633 6472 6473 6572 6571 
6634 6473 6474 6573 6572 
6635 6474 6475 6574 6573 
6636 6475 6476 6575 6574 
6637 6476 6477 6576 6575 
6638 6477 6478 6577 6576 
6639 6478 6479 6578 6577 
6640 6479 6480 6579 6578 
6641 6480 6481 6580 6579 
6642 6481 6482 6581 6580 
6643 6482 6483 6582 6581 
6644 6483 6484 6583 6582 
6645 6484 6485 6584 6583 
6646 6485 6486 6585 6584 
6647 6486 6487 6586 6585 
6648 6487 6488 6587 6586 
6649 6488 6489 6588 6587 
6650 6489 6490 6589 6588 
6651 6490 6491 6590 6589 
6652 6491 6492 6591 6590 
6653 6492 6493 6592 6591 
6654 6493 6494 6593 6592 
6655 6494 6495 6594 6593 
6656 6495 6496 6595 6594 
6657 6496 6497 6596 6595 
6658 6497 6498 6597 6596 
6659 6498 6499 6598 6597 
6660 6499 6500 6599 6598 
6661 6500 6501 6600 6599 
6662 6501 6502 6601 6600 
6663 6502 6503 6602 6601 
6664 6503 6504 6603 6602 
6665 6504 6505 6604 6603 
6666 6505 6506 6605 6604 
6667 6506 6507 6606 6605 
6668 6507 6508 6607 6606 
6669 6508 6509 6608 6607 
6670 6509 6510 6609 6608 
6671 6510 6511 6610 6609 
6672 6511 6512 6611 6610 
6673 6512 6513 6612 6611 
6674 6513 6514 6613 6612 
6675 6514 6515 6614 6613 
6676 6515 6516 6615 6614 
6677 6516 6517 6616 6615 
6678 6517 6518 6617 6616 
6679 6518 6519 6618 6617 
6680 6519 6520 6619 6618 
6681 6520 6521 6620 6619 
6682 6521 6522 6621 6620 
6683 6522 6523 6622 6621 
6684 6523 6524 6623 6622 
6685 6524 6525 6624 6623 
6686 6525 6526 6625 6624 
6687 6526 6527 6626 6625 
6688 6527 6528 6627 6626 
6689 6528 6529 6628 6627 
6690 6529 6530 6629 6628 
6691 6530 6531 6630 6629 
6692 6531 6532 6631 6630 
6693 6532 6533 6632 6631 
6694 6533 6534 6633 6632 
6695 6534 6535 6634 6633 
6696 6535 6536 6635 6634 
6697 6536 6537 6636 6635 
6698 6537 6538 6637 6636 
6699 6538 6539 6638 6637 
6700 6539 164 165 6638 
6701 439 6540 6639 438 
6702 6540 6541 6640 6639 
6703 6541 6542 6641 6640 
6704 6542 6543 6642 6641 
6705 6543 6544 6643 6642 
6706 6544 6545 6644 6643 
6707 6545 6546 6645 6644 
6708 6546 6547 6646 6645 
6709 6547 6548 6647 6646 
6710 6548 6549 6648 6647 
6711 6549 6550 6649 6648 
6712 6550 6551 6650 6649 
6713 6551 6552 6651 6650 
6714 6552 6553 6652 6651 
6715 6553 6554 6653 6652 
6716 6554 6555 6654 6653 
6717 6555 6556 6655 6654 
6718 6556 6557 6656 6655 
6719 6557 6558 6657 6656 
6720 6558 6559 6658 6657 
6721 6559 6560 6659 6658 
6722 6560 6561 6660 6659 
6723 6561 6562 6661 6660 
6724 6562 6563 6662 6661 
6725 6563 6564 6663 6662 
6726 6564 6565 6664 6663 
6727 6565 6566 6665 6664 
6728 6566 6567 6666 6665 
6729 6567 6568 6667 6666 
6730 6568 6569 6668 6667 
6731 6569 6570 6669 6668 
6732 6570 6571 6670 6669 
6733 6571 6572 6671 6670 
6734 6572 6573 6672 6671 
6735 6573 6574 6673 6672 
6736 6574 6575 6674 6673 
6737 6575 6576 6675 6674 
6738 6576 6577 6676 6675 
6739 6577 6578 6677 6676 
6740 6578 6579 6678 6677 
6741 6579 6580 6679 6678 
6742 6580 6581 6680 6679 
6743 6581 6582 6681 6680 
6744 6582 6583 6682 6681 
6745 6583 6584 6683 6682 
6746 6584 6585 6684 6683 
6747 6585 6586 6685 6684 
6748 6586 6587 6686 6685 
6749 6587 6588 6687 6686 
6750 6588 6589 6688 6687 
6751 6589 6590 6689 6688 
6752 6590 6591 6690 6689 
6753 6591 6592 6691 6690 
6754 6592 6593 6692 6691 
6755 6593 6594 6693 6692 
6756 6594 6595 6694 6693 
6757 6595 6596 6695 6694 
6758 6596 6597 6696 6695 
6759 6597 6598 6697 6696 
6760 6598 6599 6698 6697 
6761 6599 6600 6699 6698 
6762 6600 6601 6700 6699 
6763 6601 6602 6701 6700 
6764 6602 6603 6702 6701 
6765 6603 6604 6703 6702 
6766 6604 6605 6704 6703 
6767 6605 6606 6705 6704 
6768 6606 6607 6706 6705 
6769 6607 6608 6707 6706 
6770 6608 6609 6708 6707 
6771 6609 6610 6709 6708 
6772 6610 6611 6710 6709 
6773 6611 6612 6711 6710 
6774 6612 6613 6712 6711 
6775 6613 6614 6713 6712 
6776 6614 6615 6714 6713 
6777 6615 6616 6715 6714 
6778 6616 6617 6716 6715 
6779 6617 6618 6717 6716 
6780 6618 6619 6718 6717 
6781 6619 6620 6719 6718 
6782 6620 6621 6720 6719 
6783 6621 6622 6721 6720 
6784 6622 6623 6722 6721 
6785 6623 6624 6723 6722 
6786 6624 6625 6724 6723 
6787 6625 6626 6725 6724 
6788 6626 6627 6726 6725 
6789 6627 6628 6727 6726 
6790 6628 6629 6728 6727 
6791 6629 6630 6729 6728 
6792 6630 6631 6730 6729 
6793 6631 6632 6731 6730 
6794 6632 6633 6732 6731 
6795 6633 6634 6733 6732 
6796 6634 6635 6734 6733 
6797 6635 6636 6735 6734 
6798 6636 6637 6736 6735 
6799 6637 6638 6737 6736 
6800 6638 165 166 6737 
6801 438 6639 6738 437 
6802 6639 6640 6739 6738 
6803 6640 6641 6740 6739 
6804 6641 6642 6741 6740 
6805 6642 6643 6742 6741 
6806 6643 6644 6743 6742 
6807 6644 6645 6744 6743 
6808 6645 6646 6745 6744 
6809 6646 6647 6746 6745 
6810 6647 6648 6747 6746 
6811 6648 6649 6748 6747 
6812 6649 6650 6749 6748 
6813 6650 6651 6750 6749 
6814 6651 6652 6751 6750 
6815 6652 6653 6752 6751 
6816 6653 6654 6753 6752 
6817 6654 6655 6754 6753 
6818 6655 6656 6755 6754 
6819 6656 6657 6756 6755 
6820 6657 6658 6757 6756 
6821 6658 6659 6758 6757 
6822 6659 6660 6759 6758 
6823 6660 6661 6760 6759 
6824 6661 6662 6761 6760 
6825 6662 6663 6762 6761 
6826 6663 6664 6763 6762 
6827 6664 6665 6764 6763 
6828 6665 6666 6765 6764 
6829 6666 6667 6766 6765 
6830 6667 6668 6767 6766 
6831 6668 6669 6768 6767 
6832 6669 6670 6769 6768 
6833 6670 6671 6770 6769 
6834 6671 6672 6771 6770 
6835 6672 6673 6772 6771 
6836 6673 6674 6773 6772 
6837 6674 6675 6774 6773 
6838 6675 6676 6775 6774 
6839 6676 6677 6776 6775 
6840 6677 6678 6777 6776 
6841 6678 6679 6778 6777 
6842 6679 6680 6779 6778 
6843 6680 6681 6780 6779 
6844 6681 6682 6781 6780 
6845 6682 6683 6782 6781 
6846 6683 6684 6783 6782 
6847 6684 6685 6784 6783 
6848 6685 6686 6785 6784 
6849 6686 6687 6786 6785 
6850 6687 6688 6787 6786 
6851 6688 6689 6788 6787 
6852 6689 6690 6789 6788 
6853 6690 6691 6790 6789 
6854 6691 6692 6791 6790 
6855 6692 6693 6792 6791 
6856 6693 6694 6793 6792 
6857 6694 6695 6794 6793 
6858 6695 6696 6795 6794 
6859 6696 6697 6796 6795 
6860 6697 6698 6797 6796 
6861 6698 6699 6798 6797 
6862 6699 6700 6799 6798 
6863 6700 6701 6800 6799 
6864 6701 6702 6801 6800 
6865 6702 6703 6802 6801 
6866 6703 6704 6803 6802 
6867 6704 6705 6804 6803 
6868 6705 6706 6805 6804 
6869 6706 6707 6806 6805 
6870 6707 6708 6807 6806 
6871 6708 6709 6808 6807 
6872 6709 6710 6809 6808 
6873 6710 6711 6810 6809 
6874 6711 6712 6811 6810 
6875 6712 6713 6812 6811 
6876 6713 6714 6813 6812 
6877 6714 6715 6814 6813 
6878 6715 6716 6815 6814 
6879 6716 6717 6816 6815 
6880 6717 6718 6817 6816 
6881 6718 6719 6818 6817 
6882 6719 6720 6819 6818 
6883 6720 6721 6820 6819 
6884 6721 6722 6821 6820 
6885 6722 6723 6822 6821 
6886 6723 6724 6823 6822 
6887 6724 6725 6824 6823 
6888 6725 6726 6825 6824 
6889 6726 6727 6826 6825 
6890 6727 6728 6827 6826 
6891 6728 6729 6828 6827 
6892 6729 6730 6829 6828 
6893 6730 6731 6830 6829 
6894 6731 6732 6831 6830 
6895 6732 6733 6832 6831 
6896 6733 6734 6833 6832 
6897 6734 6735 6834 6833 
6898 6735 6736 6835 6834 
6899 6736 6737 6836 6835 
6900 6737 166 167 6836 
6901 437 6738 6837 436 
6902 6738 6739 6838 6837 
6903 6739 6740 6839 6838 
6904 6740 6741 6840 6839 
6905 6741 6742 6841 6840 
6906 6742 6743 6842 6841 
6907 6743 6744 6843 6842 
6908 6744 6745 6844 6843 
6909 6745 6746 6845 6844 
6910 6746 6747 6846 6845 
6911 6747 6748 6847 6846 
6912 6748 6749 6848 6847 
6913 6749 6750 6849 6848 
6914 6750 6751 6850 6849 
6915 6751 6752 6851 6850 
6916 6752 6753 6852 6851 
6917 6753 6754 6853 6852 
6918 6754 6755 6854 6853 
6919 6755 6756 6855 6854 
6920 6756 6757 6856 6855 
6921 6757 6758 6857 6856 
6922 6758 6759 6858 6857 
6923 6759 6760 6859 6858 
6924 6760 6761 6860 6859 
6925 6761 6762 6861 6860 
6926 6762 6763 6862 6861 
6927 6763 6764 6863 6862 
6928 6764 6765 6864 6863 
6929 6765 6766 6865 6864 
6930 6766 6767 6866 6865 
6931 6767 6768 6867 6866 
6932 6768 6769 6868 6867 
6933 6769 6770 6869 6868 
6934 6770 6771 6870 6869 
6935 6771 6772 6871 6870 
6936 6772 6773 6872 6871 
6937 6773 6774 6873 6872 
6938 6774 6775 6874 6873 
6939 6775 6776 6875 6874 
6940 6776 6777 6876 6875 
6941 6777 6778 6877 6876 
6942 6778 6779 6878 6877 
6943 6779 6780 6879 6878 
6944 6780 6781 6880 6879 
6945 6781 6782 6881 6880 
6946 6782 6783 6882 6881 
6947 6783 6784 6883 6882 
6948 6784 6785 6884 6883 
6949 6785 6786 6885 6884 
6950 6786 6787 6886 6885 
6951 6787 6788 6887 6886 
6952 6788 6789 6888 6887 
6953 6789 6790 6889 6888 
6954 6790 6791 6890 6889 
6955 6791 6792 6891 6890 
6956 6792 6793 6892 6891 
6957 6793 6794 6893 6892 
6958 6794 6795 6894 6893 
6959 6795 6796 6895 6894 
6960 6796 6797 6896 6895 
6961 6797 6798 6897 6896 
6962 6798 6799 6898 6897 
6963 6799 6800 6899 6898 
6964 6800 6801 6900 6899 
6965 6801 6802 6901 6900 
6966 6802 6803 6902 6901 
6967 6803 6804 6903 6902 
6968 6804 6805 6904 6903 
6969 6805 6806 6905 6904 
6970 6806 6807 6906 6905 
6971 6807 6808 6907 6906 
6972 6808 6809 6908 6907 
6973 6809 6810 6909 6908 
6974 6810 6811 6910 6909 
6975 6811 6812 6911 6910 
6976 6812 6813 6912 6911 
6977 6813 6814 6913 6912 
6978 6814 6815 6914 6913 
6979 6815 6816 6915 6914 
6980 6816 6817 6916 6915 
6981 6817 6818 6917 6916 
6982 6818 6819 6918 6917 
6983 6819 6820 6919 6918 
6984 6820 6821 6920 6919 
6985 6821 6822 6921 6920 
6986 6822 6823 6922 6921 
6987 6823 6824 6923 6922 
6988 6824 6825 6924 6923 
6989 6825 6826 6925 6924 
6990 6826 6827 6926 6925 
6991 6827 6828 6927 6926 
6992 6828 6829 6928 6927 
6993 6829 6830 6929 6928 
6994 6830 6831 6930 6929 
6995 6831 6832 6931 6930 
6996 6832 6833 6932 6931 
6997 6833 6834 6933 6932 
6998 6834 6835 6934 6933 
6999 6835 6836 6935 6934 
7000 6836 167 168 6935 
7001 436 6837 6936 435 
7002 6837 6838 6937 6936 
7003 6838 6839 6938 6937 
7004 6839 6840 6939 6938 
7005 6840 6841 6940 6939 
7006 6841 6842 6941 6940 
7007 6842 6843 6942 6941 
7008 6843 6844 6943 6942 
7009 6844 6845 6944 6943 
7010 6845 6846 6945 6944 
7011 6846 6847 6946 6945 
7012 6847 6848 6947 6946 
7013 6848 6849 6948 6947 
7014 6849 6850 6949 6948 
7015 6850 6851 6950 6949 
7016 6851 6852 6951 6950 
7017 6852 6853 6952 6951 
7018 6853 6854 6953 6952 
7019 6854 6855 6954 6953 
7020 6855 6856 6955 6954 
7021 6856 6857 6956 6955 
7022 6857 6858 6957 6956 
7023 6858 6859 6958 6957 
7024 6859 6860 6959 6958 
7025 6860 6861 6960 6959 
7026 6861 6862 6961 6960 
7027 6862 6863 6962 6961 
7028 6863 6864 6963 6962 
7029 6864 6865 6964 6963 
7030 6865 6866 6965 6964 
7031 6866 6867 6966 6965 
7032 6867 6868 6967 6966 
7033 6868 6869 6968 6967 
7034 6869 6870 6969 6968 
7035 6870 6871 6970 6969 
7036 6871 6872 6971 6970 
7037 6872 6873 6972 6971 
7038 6873 6874 6973 6972 
7039 6874 6875 6974 6973 
7040 6875 6876 6975 6974 
7041 6876 6877 6976 6975 
7042 6877 6878 6977 6976 
7043 6878 6879 6978 6977 
7044 6879 6880 6979 6978 
7045 6880 6881 6980 6979 
7046 6881 6882 6981 6980 
7047 6882 6883 6982 6981 
7048 6883 6884 6983 6982 
7049 6884 6885 6984 6983 
7050 6885 6886 6985 6984 
7051 6886 6887 6986 6985 
7052 6887 6888 6987 6986 
7053 6888 6889 6988 6987 
7054 6889 6890 6989 6988 
7055 6890 6891 6990 6989 
7056 6891 6892 6991 6990 
7057 6892 6893 6992 6991 
7058 6893 6894 6993 6992 
7059 6894 6895 6994 6993 
7060 6895 6896 6995 6994 
7061 6896 6897 6996 6995 
7062 6897 6898 6997 6996 
7063 6898 6899 6998 6997 
7064 6899 6900 6999 6998 
7065 6900 6901 7000 6999 
7066 6901 6902 7001 7000 
7067 6902 6903 7002 7001 
7068 6903 6904 7003 7002 
7069 6904 6905 7004 7003 
7070 6905 6906 7005 7004 
7071 6906 6907 7006 7005 
7072 6907 6908 7007 7006 
7073 6908 6909 7008 7007 
7074 6909 6910 7009 7008 
7075 6910 6911 7010 7009 
7076 6911 6912 7011 7010 
7077 6912 6913 7012 7011 
7078 6913 6914 7013 7012 
7079 6914 6915 7014 7013 
7080 6915 6916 7015 7014 
7081 6916 6917 7016 7015 
7082 6917 6918 7017 7016 
7083 6918 6919 7018 7017 
7084 6919 6920 7019 7018 
7085 6920 6921 7020 7019 
7086 6921 6922 7021 7020 
7087 6922 6923 7022 7021 
7088 6923 6924 7023 7022 
7089 6924 6925 7024 7023 
7090 6925 6926 7025 7024 
7091 6926 6927 7026 7025 
7092 6927 6928 7027 7026 
7093 6928 6929 7028 7027 
7094 6929 6930 7029 7028 
7095 6930 6931 7030 7029 
7096 6931 6932 7031 7030 
7097 6932 6933 7032 7031 
7098 6933 6934 7033 7032 
7099 6934 6935 7034 7033 
7100 6935 168 169 7034 
7101 435 6936 7035 434 
7102 6936 6937 7036 7035 
7103 6937 6938 7037 7036 
7104 6938 6939 7038 7037 
7105 6939 6940 7039 7038 
7106 6940 6941 7040 7039 
7107 6941 6942 7041 7040 
7108 6942 6943 7042 7041 
7109 6943 6944 7043 7042 
7110 6944 6945 7044 7043 
7111 6945 6946 7045 7044 
7112 6946 6947 7046 7045 
7113 6947 6948 7047 7046 
7114 6948 6949 7048 7047 
7115 6949 6950 7049 7048 
7116 6950 6951 7050 7049 
7117 6951 6952 7051 7050 
7118 6952 6953 7052 7051 
7119 6953 6954 7053 7052 
7120 6954 6955 7054 7053 
7121 6955 6956 7055 7054 
7122 6956 6957 7056 7055 
7123 6957 6958 7057 7056 
7124 6958 6959 7058 7057 
7125 6959 6960 7059 7058 
7126 6960 6961 7060 7059 
7127 6961 6962 7061 7060 
7128 6962 6963 7062 7061 
7129 6963 6964 7063 7062 
7130 6964 6965 7064 7063 
7131 6965 6966 7065 7064 
7132 6966 6967 7066 7065 
7133 6967 6968 7067 7066 
7134 6968 6969 7068 7067 
7135 6969 6970 7069 7068 
7136 6970 6971 7070 7069 
7137 6971 6972 7071 7070 
7138 6972 6973 7072 7071 
7139 6973 6974 7073 7072 
7140 6974 6975 7074 7073 
7141 6975 6976 7075 7074 
7142 6976 6977 7076 7075 
7143 6977 6978 7077 7076 
7144 6978 6979 7078 7077 
7145 6979 6980 7079 7078 
7146 6980 6981 7080 7079 
7147 6981 6982 7081 7080 
7148 6982 6983 7082 7081 
7149 6983 6984 7083 7082 
7150 6984 6985 7084 7083 
7151 6985 6986 7085 7084 
7152 6986 6987 7086 7085 
7153 6987 6988 7087 7086 
7154 6988 6989 7088 7087 
7155 6989 6990 7089 7088 
7156 6990 6991 7090 7089 
7157 6991 6992 7091 7090 
7158 6992 6993 7092 7091 
7159 6993 6994 7093 7092 
7160 6994 6995 7094 7093 
7161 6995 6996 7095 7094 
7162 6996 6997 7096 7095 
7163 6997 6998 7097 7096 
7164 6998 6999 7098 7097 
7165 6999 7000 7099 7098 
7166 7000 7001 7100 7099 
7167 7001 7002 7101 7100 
7168 7002 7003 7102 7101 
7169 7003 7004 7103 7102 
7170 7004 7005 7104 7103 
7171 7005 7006 7105 7104 
7172 7006 7007 7106 7105 
7173 7007 7008 7107 7106 
7174 7008 7009 7108 7107 
7175 7009 7010 7109 7108 
7176 7010 7011 7110 7109 
7177 7011 7012 7111 7110 
7178 7012 7013 7112 7111 
7179 7013 7014 7113 7112 
7180 7014 7015 7114 7113 
7181 7015 7016 7115 7114 
7182 7016 7017 7116 7115 
7183 7017 7018 7117 7116 
7184 7018 7019 7118 7117 
7185 7019 7020 7119 7118 
7186 7020 7021 7120 7119 
7187 7021 7022 7121 7120 
7188 7022 7023 7122 7121 
7189 7023 7024 7123 7122 
7190 7024 7025 7124 7123 
7191 7025 7026 7125 7124 
7192 7026 7027 7126 7125 
7193 7027 7028 7127 7126 
7194 7028 7029 7128 7127 
7195 7029 7030 7129 7128 
7196 7030 7031 7130 7129 
7197 7031 7032 7131 7130 
7198 7032 7033 7132 7131 
7199 7033 7034 7133 7132 
7200 7034 169 170 7133 
7201 434 7035 7134 433 
7202 7035 7036 7135 7134 
7203 7036 7037 7136 7135 
7204 7037 7038 7137 7136 
7205 7038 7039 7138 7137 
7206 7039 7040 7139 7138 
7207 7040 7041 7140 7139 
7208 7041 7042 7141 7140 
7209 7042 7043 7142 7141 
7210 7043 7044 7143 7142 
7211 7044 7045 7144 7143 
7212 7045 7046 7145 7144 
7213 7046 7047 7146 7145 
7214 7047 7048 7147 7146 
7215 7048 7049 7148 7147 
7216 7049 7050 7149 7148 
7217 7050 7051 7150 7149 
7218 7051 7052 7151 7150 
7219 7052 7053 7152 7151 
7220 7053 7054 7153 7152 
7221 7054 7055 7154 7153 
7222 7055 7056 7155 7154 
7223 7056 7057 7156 7155 
7224 7057 7058 7157 7156 
7225 7058 7059 7158 7157 
7226 7059 7060 7159 7158 
7227 7060 7061 7160 7159 
7228 7061 7062 7161 7160 
7229 7062 7063 7162 7161 
7230 7063 7064 7163 7162 
7231 7064 7065 7164 7163 
7232 7065 7066 7165 7164 
7233 7066 7067 7166 7165 
7234 7067 7068 7167 7166 
7235 7068 7069 7168 7167 
7236 7069 7070 7169 7168 
7237 7070 7071 7170 7169 
7238 7071 7072 7171 7170 
7239 7072 7073 7172 7171 
7240 7073 7074 7173 7172 
7241 7074 7075 7174 7173 
7242 7075 7076 7175 7174 
7243 7076 7077 7176 7175 
7244 7077 7078 7177 7176 
7245 7078 7079 7178 7177 
7246 7079 7080 7179 7178 
7247 7080 7081 7180 7179 
7248 7081 7082 7181 7180 
7249 7082 7083 7182 7181 
7250 7083 7084 7183 7182 
7251 7084 7085 7184 7183 
7252 7085 7086 7185 7184 
7253 7086 7087 7186 7185 
7254 7087 7088 7187 7186 
7255 7088 7089 7188 7187 
7256 7089 7090 7189 7188 
7257 7090 7091 7190 7189 
7258 7091 7092 7191 7190 
7259 7092 7093 7192 7191 
7260 7093 7094 7193 7192 
7261 7094 7095 7194 7193 
7262 7095 7096 7195 7194 
7263 7096 7097 7196 7195 
7264 7097 7098 7197 7196 
7265 7098 7099 7198 7197 
7266 7099 7100 7199 7198 
7267 7100 7101 7200 7199 
7268 7101 7102 7201 7200 
7269 7102 7103 7202 7201 
7270 7103 7104 7203 7202 
7271 7104 7105 7204 7203 
7272 7105 7106 7205 7204 
7273 7106 7107 7206 7205 
7274 7107 7108 7207 7206 
7275 7108 7109 7208 7207 
7276 7109 7110 7209 7208 
7277 7110 7111 7210 7209 
7278 7111 7112 7211 7210 
7279 7112 7113 7212 7211 
7280 7113 7114 7213 7212 
7281 7114 7115 7214 7213 
7282 7115 7116 7215 7214 
7283 7116 7117 7216 7215 
7284 7117 7118 7217 7216 
7285 7118 7119 7218 7217 
7286 7119 7120 7219 7218 
7287 7120 7121 7220 7219 
7288 7121 7122 7221 7220 
7289 7122 7123 7222 7221 
7290 7123 7124 7223 7222 
7291 7124 7125 7224 7223 
7292 7125 7126 7225 7224 
7293 7126 7127 7226 7225 
7294 7127 7128 7227 7226 
7295 7128 7129 7228 7227 
7296 7129 7130 7229 7228 
7297 7130 7131 7230 7229 
7298 7131 7132 7231 7230 
7299 7132 7133 7232 7231 
7300 7133 170 171 7232 
7301 433 7134 7233 432 
7302 7134 7135 7234 7233 
7303 7135 7136 7235 7234 
7304 7136 7137 7236 7235 
7305 7137 7138 7237 7236 
7306 7138 7139 7238 7237 
7307 7139 7140 7239 7238 
7308 7140 7141 7240 7239 
7309 7141 7142 7241 7240 
7310 7142 7143 7242 7241 
7311 7143 7144 7243 7242 
7312 7144 7145 7244 7243 
7313 7145 7146 7245 7244 
7314 7146 7147 7246 7245 
7315 7147 7148 7247 7246 
7316 7148 7149 7248 7247 
7317 7149 7150 7249 7248 
7318 7150 7151 7250 7249 
7319 7151 7152 7251 7250 
7320 7152 7153 7252 7251 
7321 7153 7154 7253 7252 
7322 7154 7155 7254 7253 
7323 7155 7156 7255 7254 
7324 7156 7157 7256 7255 
7325 7157 7158 7257 7256 
7326 7158 7159 7258 7257 
7327 7159 7160 7259 7258 
7328 7160 7161 7260 7259 
7329 7161 7162 7261 7260 
7330 7162 7163 7262 7261 
7331 7163 7164 7263 7262 
7332 7164 7165 7264 7263 
7333 7165 7166 7265 7264 
7334 7166 7167 7266 7265 
7335 7167 7168 7267 7266 
7336 7168 7169 7268 7267 
7337 7169 7170 7269 7268 
7338 7170 7171 7270 7269 
7339 7171 7172 7271 7270 
7340 7172 7173 7272 7271 
7341 7173 7174 7273 7272 
7342 7174 7175 7274 7273 
7343 7175 7176 7275 7274 
7344 7176 7177 7276 7275 
7345 7177 7178 7277 7276 
7346 7178 7179 7278 7277 
7347 7179 7180 7279 7278 
7348 7180 7181 7280 7279 
7349 7181 7182 7281 7280 
7350 7182 7183 7282 7281 
7351 7183 7184 7283 7282 
7352 7184 7185 7284 7283 
7353 7185 7186 7285 7284 
7354 7186 7187 7286 7285 
7355 7187 7188 7287 7286 
7356 7188 7189 7288 7287 
7357 7189 7190 7289 7288 
7358 7190 7191 7290 7289 
7359 7191 7192 7291 7290 
7360 7192 7193 7292 7291 
7361 7193 7194 7293 7292 
7362 7194 7195 7294 7293 
7363 7195 7196 7295 7294 
7364 7196 7197 7296 7295 
7365 7197 7198 7297 7296 
7366 7198 7199 7298 7297 
7367 7199 7200 7299 7298 
7368 7200 7201 7300 7299 
7369 7201 7202 7301 7300 
7370 7202 7203 7302 7301 
7371 7203 7204 7303 7302 
7372 7204 7205 7304 7303 
7373 7205 7206 7305 7304 
7374 7206 7207 7306 7305 
7375 7207 7208 7307 7306 
7376 7208 7209 7308 7307 
7377 7209 7210 7309 7308 
7378 7210 7211 7310 7309 
7379 7211 7212 7311 7310 
7380 7212 7213 7312 7311 
7381 7213 7214 7313 7312 
7382 7214 7215 7314 7313 
7383 7215 7216 7315 7314 
7384 7216 7217 7316 7315 
7385 7217 7218 7317 7316 
7386 7218 7219 7318 7317 
7387 7219 7220 7319 7318 
7388 7220 7221 7320 7319 
7389 7221 7222 7321 7320 
7390 7222 7223 7322 7321 
7391 7223 7224 7323 7322 
7392 7224 7225 7324 7323 
7393 7225 7226 7325 7324 
7394 7226 7227 7326 7325 
7395 7227 7228 7327 7326 
7396 7228 7229 7328 7327 
7397 7229 7230 7329 7328 
7398 7230 7231 7330 7329 
7399 7231 7232 7331 7330 
7400 7232 171 172 7331 
7401 432 7233 7332 431 
7402 7233 7234 7333 7332 
7403 7234 7235 7334 7333 
7404 7235 7236 7335 7334 
7405 7236 7237 7336 7335 
7406 7237 7238 7337 7336 
7407 7238 7239 7338 7337 
7408 7239 7240 7339 7338 
7409 7240 7241 7340 7339 
7410 7241 7242 7341 7340 
7411 7242 7243 7342 7341 
7412 7243 7244 7343 7342 
7413 7244 7245 7344 7343 
7414 7245 7246 7345 7344 
7415 7246 7247 7346 7345 
7416 7247 7248 7347 7346 
7417 7248 7249 7348 7347 
7418 7249 7250 7349 7348 
7419 7250 7251 7350 7349 
7420 7251 7252 7351 7350 
7421 7252 7253 7352 7351 
7422 7253 7254 7353 7352 
7423 7254 7255 7354 7353 
7424 7255 7256 7355 7354 
7425 7256 7257 7356 7355 
7426 7257 7258 7357 7356 
7427 7258 7259 7358 7357 
7428 7259 7260 7359 7358 
7429 7260 7261 7360 7359 
7430 7261 7262 7361 7360 
7431 7262 7263 7362 7361 
7432 7263 7264 7363 7362 
7433 7264 7265 7364 7363 
7434 7265 7266 7365 7364 
7435 7266 7267 7366 7365 
7436 7267 7268 7367 7366 
7437 7268 7269 7368 7367 
7438 7269 7270 7369 7368 
7439 7270 7271 7370 7369 
7440 7271 7272 7371 7370 
7441 7272 7273 7372 7371 
7442 7273 7274 7373 7372 
7443 7274 7275 7374 7373 
7444 7275 7276 7375 7374 
7445 7276 7277 7376 7375 
7446 7277 7278 7377 7376 
7447 7278 7279 7378 7377 
7448 7279 7280 7379 7378 
7449 7280 7281 7380 7379 
7450 7281 7282 7381 7380 
7451 7282 7283 7382 7381 
7452 7283 7284 7383 7382 
7453 7284 7285 7384 7383 
7454 7285 7286 7385 7384 
7455 7286 7287 7386 7385 
7456 7287 7288 7387 7386 
7457 7288 7289 7388 7387 
7458 7289 7290 7389 7388 
7459 7290 7291 7390 7389 
7460 7291 7292 7391 7390 
7461 7292 7293 7392 7391 
7462 7293 7294 7393 7392 
7463 7294 7295 7394 7393 
7464 7295 7296 7395 7394 
7465 7296 7297 7396 7395 
7466 7297 7298 7397 7396 
7467 7298 7299 7398 7397 
7468 7299 7300 7399 7398 
7469 7300 7301 7400 7399 
7470 7301 7302 7401 7400 
7471 7302 7303 7402 7401 
7472 7303 7304 7403 7402 
7473 7304 7305 7404 7403 
7474 7305 7306 7405 7404 
7475 7306 7307 7406 7405 
7476 7307 7308 7407 7406 
7477 7308 7309 7408 7407 
7478 7309 7310 7409 7408 
7479 7310 7311 7410 7409 
7480 7311 7312 7411 7410 
7481 7312 7313 7412 7411 
7482 7313 7314 7413 7412 
7483 7314 7315 7414 7413 
7484 7315 7316 7415 7414 
7485 7316 7317 7416 7415 
7486 7317 7318 7417 7416 
7487 7318 7319 7418 7417 
7488 7319 7320 7419 7418 
7489 7320 7321 7420 7419 
7490 7321 7322 7421 7420 
7491 7322 7323 7422 7421 
7492 7323 7324 7423 7422 
7493 7324 7325 7424 7423 
7494 7325 7326 7425 7424 
7495 7326 7327 7426 7425 
7496 7327 7328 7427 7426 
7497 7328 7329 7428 7427 
7498 7329 7330 7429 7428 
7499 7330 7331 7430 7429 
7500 7331 172 173 7430 
7501 431 7332 7431 430 
7502 7332 7333 7432 7431 
7503 7333 7334 7433 7432 
7504 7334 7335 7434 7433 
7505 7335 7336 7435 7434 
7506 7336 7337 7436 7435 
7507 7337 7338 7437 7436 
7508 7338 7339 7438 7437 
7509 7339 7340 7439 7438 
7510 7340 7341 7440 7439 
7511 7341 7342 7441 7440 
7512 7342 7343 7442 7441 
7513 7343 7344 7443 7442 
7514 7344 7345 7444 7443 
7515 7345 7346 7445 7444 
7516 7346 7347 7446 7445 
7517 7347 7348 7447 7446 
7518 7348 7349 7448 7447 
7519 7349 7350 7449 7448 
7520 7350 7351 7450 7449 
7521 7351 7352 7451 7450 
7522 7352 7353 7452 7451 
7523 7353 7354 7453 7452 
7524 7354 7355 7454 7453 
7525 7355 7356 7455 7454 
7526 7356 7357 7456 7455 
7527 7357 7358 7457 7456 
7528 7358 7359 7458 7457 
7529 7359 7360 7459 7458 
7530 7360 7361 7460 7459 
7531 7361 7362 7461 7460 
7532 7362 7363 7462 7461 
7533 7363 7364 7463 7462 
7534 7364 7365 7464 7463 
7535 7365 7366 7465 7464 
7536 7366 7367 7466 7465 
7537 7367 7368 7467 7466 
7538 7368 7369 7468 7467 
7539 7369 7370 7469 7468 
7540 7370 7371 7470 7469 
7541 7371 7372 7471 7470 
7542 7372 7373 7472 7471 
7543 7373 7374 7473 7472 
7544 7374 7375 7474 7473 
7545 7375 7376 7475 7474 
7546 7376 7377 7476 7475 
7547 7377 7378 7477 7476 
7548 7378 7379 7478 7477 
7549 7379 7380 7479 7478 
7550 7380 7381 7480 7479 
7551 7381 7382 7481 7480 
7552 7382 7383 7482 7481 
7553 7383 7384 7483 7482 
7554 7384 7385 7484 7483 
7555 7385 7386 7485 7484 
7556 7386 7387 7486 7485 
7557 7387 7388 7487 7486 
7558 7388 7389 7488 7487 
7559 7389 7390 7489 7488 
7560 7390 7391 7490 7489 
7561 7391 7392 7491 7490 
7562 7392 7393 7492 7491 
7563 7393 7394 7493 7492 
7564 7394 7395 7494 7493 
7565 7395 7396 7495 7494 
7566 7396 7397 7496 7495 
7567 7397 7398 7497 7496 
7568 7398 7399 7498 7497 
7569 7399 7400 7499 7498 
7570 7400 7401 7500 7499 
7571 7401 7402 7501 7500 
7572 7402 7403 7502 7501 
7573 7403 7404 7503 7502 
7574 7404 7405 7504 7503 
7575 7405 7406 7505 7504 
7576 7406 7407 7506 7505 
7577 7407 7408 7507 7506 
7578 7408 7409 7508 7507 
7579 7409 7410 7509 7508 
7580 7410 7411 7510 7509 
7581 7411 7412 7511 7510 
7582 7412 7413 7512 7511 
7583 7413 7414 7513 7512 
7584 7414 7415 7514 7513 
7585 7415 7416 7515 7514 
7586 7416 7417 7516 7515 
7587 7417 7418 7517 7516 
7588 7418 7419 7518 7517 
7589 7419 7420 7519 7518 
7590 7420 7421 7520 7519 
7591 7421 7422 7521 7520 
7592 7422 7423 7522 7521 
7593 7423 7424 7523 7522 
7594 7424 7425 7524 7523 
7595 7425 7426 7525 7524 
7596 7426 7427 7526 7525 
7597 7427 7428 7527 7526 
7598 7428 7429 7528 7527 
7599 7429 7430 7529 7528 
7600 7430 173 174 7529 
7601 430 7431 7530 429 
7602 7431 7432 7531 7530 
7603 7432 7433 7532 7531 
7604 7433 7434 7533 7532 
7605 7434 7435 7534 7533 
7606 7435 7436 7535 7534 
7607 7436 7437 7536 7535 
7608 7437 7438 7537 7536 
7609 7438 7439 7538 7537 
7610 7439 7440 7539 7538 
7611 7440 7441 7540 7539 
7612 7441 7442 7541 7540 
7613 7442 7443 7542 7541 
7614 7443 7444 7543 7542 
7615 7444 7445 7544 7543 
7616 7445 7446 7545 7544 
7617 7446 7447 7546 7545 
7618 7447 7448 7547 7546 
7619 7448 7449 7548 7547 
7620 7449 7450 7549 7548 
7621 7450 7451 7550 7549 
7622 7451 7452 7551 7550 
7623 7452 7453 7552 7551 
7624 7453 7454 7553 7552 
7625 7454 7455 7554 7553 
7626 7455 7456 7555 7554 
7627 7456 7457 7556 7555 
7628 7457 7458 7557 7556 
7629 7458 7459 7558 7557 
7630 7459 7460 7559 7558 
7631 7460 7461 7560 7559 
7632 7461 7462 7561 7560 
7633 7462 7463 7562 7561 
7634 7463 7464 7563 7562 
7635 7464 7465 7564 7563 
7636 7465 7466 7565 7564 
7637 7466 7467 7566 7565 
7638 7467 7468 7567 7566 
7639 7468 7469 7568 7567 
7640 7469 7470 7569 7568 
7641 7470 7471 7570 7569 
7642 7471 7472 7571 7570 
7643 7472 7473 7572 7571 
7644 7473 7474 7573 7572 
7645 7474 7475 7574 7573 
7646 7475 7476 7575 7574 
7647 7476 7477 7576 7575 
7648 7477 7478 7577 7576 
7649 7478 7479 7578 7577 
7650 7479 7480 7579 7578 
7651 7480 7481 7580 7579 
7652 7481 7482 7581 7580 
7653 7482 7483 7582 7581 
7654 7483 7484 7583 7582 
7655 7484 7485 7584 7583 
7656 7485 7486 7585 7584 
7657 7486 7487 7586 7585 
7658 7487 7488 7587 7586 
7659 7488 7489 7588 7587 
7660 7489 7490 7589 7588 
7661 7490 7491 7590 7589 
7662 7491 7492 7591 7590 
7663 7492 7493 7592 7591 
7664 7493 7494 7593 7592 
7665 7494 7495 7594 7593 
7666 7495 7496 7595 7594 
7667 7496 7497 7596 7595 
7668 7497 7498 7597 7596 
7669 7498 7499 7598 7597 
7670 7499 7500 7599 7598 
7671 7500 7501 7600 7599 
7672 7501 7502 7601 7600 
7673 7502 7503 7602 7601 
7674 7503 7504 7603 7602 
7675 7504 7505 7604 7603 
7676 7505 7506 7605 7604 
7677 7506 7507 7606 7605 
7678 7507 7508 7607 7606 
7679 7508 7509 7608 7607 
7680 7509 7510 7609 7608 
7681 7510 7511 7610 7609 
7682 7511 7512 7611 7610 
7683 7512 7513 7612 7611 
7684 7513 7514 7613 7612 
7685 7514 7515 7614 7613 
7686 7515 7516 7615 7614 
7687 7516 7517 7616 7615 
7688 7517 7518 7617 7616 
7689 7518 7519 7618 7617 
7690 7519 7520 7619 7618 
7691 7520 7521 7620 7619 
7692 7521 7522 7621 7620 
7693 7522 7523 7622 7621 
7694 7523 7524 7623 7622 
7695 7524 7525 7624 7623 
7696 7525 7526 7625 7624 
7697 7526 7527 7626 7625 
7698 7527 7528 7627 7626 
7699 7528 7529 7628 7627 
7700 7529 174 175 7628 
7701 429 7530 7629 428 
7702 7530 7531 7630 7629 
7703 7531 7532 7631 7630 
7704 7532 7533 7632 7631 
7705 7533 7534 7633 7632 
7706 7534 7535 7634 7633 
7707 7535 7536 7635 7634 
7708 7536 7537 7636 7635 
7709 7537 7538 7637 7636 
7710 7538 7539 7638 7637 
7711 7539 7540 7639 7638 
7712 7540 7541 7640 7639 
7713 7541 7542 7641 7640 
7714 7542 7543 7642 7641 
7715 7543 7544 7643 7642 
7716 7544 7545 7644 7643 
7717 7545 7546 7645 7644 
7718 7546 7547 7646 7645 
7719 7547 7548 7647 7646 
7720 7548 7549 7648 7647 
7721 7549 7550 7649 7648 
7722 7550 7551 7650 7649 
7723 7551 7552 7651 7650 
7724 7552 7553 7652 7651 
7725 7553 7554 7653 7652 
7726 7554 7555 7654 7653 
7727 7555 7556 7655 7654 
7728 7556 7557 7656 7655 
7729 7557 7558 7657 7656 
7730 7558 7559 7658 7657 
7731 7559 7560 7659 7658 
7732 7560 7561 7660 7659 
7733 7561 7562 7661 7660 
7734 7562 7563 7662 7661 
7735 7563 7564 7663 7662 
7736 7564 7565 7664 7663 
7737 7565 7566 7665 7664 
7738 7566 7567 7666 7665 
7739 7567 7568 7667 7666 
7740 7568 7569 7668 7667 
7741 7569 7570 7669 7668 
7742 7570 7571 7670 7669 
7743 7571 7572 7671 7670 
7744 7572 7573 7672 7671 
7745 7573 7574 7673 7672 
7746 7574 7575 7674 7673 
7747 7575 7576 7675 7674 
7748 7576 7577 7676 7675 
7749 7577 7578 7677 7676 
7750 7578 7579 7678 7677 
7751 7579 7580 7679 7678 
7752 7580 7581 7680 7679 
7753 7581 7582 7681 7680 
7754 7582 7583 7682 7681 
7755 7583 7584 7683 7682 
7756 7584 7585 7684 7683 
7757 7585 7586 7685 7684 
7758 7586 7587 7686 7685 
7759 7587 7588 7687 7686 
7760 7588 7589 7688 7687 
7761 7589 7590 7689 7688 
7762 7590 7591 7690 7689 
7763 7591 7592 7691 7690 
7764 7592 7593 7692 7691 
7765 7593 7594 7693 7692 
7766 7594 7595 7694 7693 
7767 7595 7596 7695 7694 
7768 7596 7597 7696 7695 
7769 7597 7598 7697 7696 
7770 7598 7599 7698 7697 
7771 7599 7600 7699 7698 
7772 7600 7601 7700 7699 
7773 7601 7602 7701 7700 
7774 7602 7603 7702 7701 
7775 7603 7604 7703 7702 
7776 7604 7605 7704 7703 
7777 7605 7606 7705 7704 
7778 7606 7607 7706 7705 
7779 7607 7608 7707 7706 
7780 7608 7609 7708 7707 
7781 7609 7610 7709 7708 
7782 7610 7611 7710 7709 
7783 7611 7612 7711 7710 
7784 7612 7613 7712 7711 
7785 7613 7614 7713 7712 
7786 7614 7615 7714 7713 
7787 7615 7616 7715 7714 
7788 7616 7617 7716 7715 
7789 7617 7618 7717 7716 
7790 7618 7619 7718 7717 
7791 7619 7620 7719 7718 
7792 7620 7621 7720 7719 
7793 7621 7622 7721 7720 
7794 7622 7623 7722 7721 
7795 7623 7624 7723 7722 
7796 7624 7625 7724 7723 
7797 7625 7626 7725 7724 
7798 7626 7627 7726 7725 
7799 7627 7628 7727 7726 
7800 7628 175 176 7727 
7801 428 7629 7728 427 
7802 7629 7630 7729 7728 
7803 7630 7631 7730 7729 
7804 7631 7632 7731 7730 
7805 7632 7633 7732 7731 
7806 7633 7634 7733 7732 
7807 7634 7635 7734 7733 
7808 7635 7636 7735 7734 
7809 7636 7637 7736 7735 
7810 7637 7638 7737 7736 
7811 7638 7639 7738 7737 
7812 7639 7640 7739 7738 
7813 7640 7641 7740 7739 
7814 7641 7642 7741 7740 
7815 7642 7643 7742 7741 
7816 7643 7644 7743 7742 
7817 7644 7645 7744 7743 
7818 7645 7646 7745 7744 
7819 7646 7647 7746 7745 
7820 7647 7648 7747 7746 
7821 7648 7649 7748 7747 
7822 7649 7650 7749 7748 
7823 7650 7651 7750 7749 
7824 7651 7652 7751 7750 
7825 7652 7653 7752 7751 
7826 7653 7654 7753 7752 
7827 7654 7655 7754 7753 
7828 7655 7656 7755 7754 
7829 7656 7657 7756 7755 
7830 7657 7658 7757 7756 
7831 7658 7659 7758 7757 
7832 7659 7660 7759 7758 
7833 7660 7661 7760 7759 
7834 7661 7662 7761 7760 
7835 7662 7663 7762 7761 
7836 7663 7664 7763 7762 
7837 7664 7665 7764 7763 
7838 7665 7666 7765 7764 
7839 7666 7667 7766 7765 
7840 7667 7668 7767 7766 
7841 7668 7669 7768 7767 
7842 7669 7670 7769 7768 
7843 7670 7671 7770 7769 
7844 7671 7672 7771 7770 
7845 7672 7673 7772 7771 
7846 7673 7674 7773 7772 
7847 7674 7675 7774 7773 
7848 7675 7676 7775 7774 
7849 7676 7677 7776 7775 
7850 7677 7678 7777 7776 
7851 7678 7679 7778 7777 
7852 7679 7680 7779 7778 
7853 7680 7681 7780 7779 
7854 7681 7682 7781 7780 
7855 7682 7683 7782 7781 
7856 7683 7684 7783 7782 
7857 7684 7685 7784 7783 
7858 7685 7686 7785 7784 
7859 7686 7687 7786 7785 
7860 7687 7688 7787 7786 
7861 7688 7689 7788 7787 
7862 7689 7690 7789 7788 
7863 7690 7691 7790 7789 
7864 7691 7692 7791 7790 
7865 7692 7693 7792 7791 
7866 7693 7694 7793 7792 
7867 7694 7695 7794 7793 
7868 7695 7696 7795 7794 
7869 7696 7697 7796 7795 
7870 7697 7698 7797 7796 
7871 7698 7699 7798 7797 
7872 7699 7700 7799 7798 
7873 7700 7701 7800 7799 
7874 7701 7702 7801 7800 
7875 7702 7703 7802 7801 
7876 7703 7704 7803 7802 
7877 7704 7705 7804 7803 
7878 7705 7706 7805 7804 
7879 7706 7707 7806 7805 
7880 7707 7708 7807 7806 
7881 7708 7709 7808 7807 
7882 7709 7710 7809 7808 
7883 7710 7711 7810 7809 
7884 7711 7712 7811 7810 
7885 7712 7713 7812 7811 
7886 7713 7714 7813 7812 
7887 7714 7715 7814 7813 
7888 7715 7716 7815 7814 
7889 7716 7717 7816 7815 
7890 7717 7718 7817 7816 
7891 7718 7719 7818 7817 
7892 7719 7720 7819 7818 
7893 7720 7721 7820 7819 
7894 7721 7722 7821 7820 
7895 7722 7723 7822 7821 
7896 7723 7724 7823 7822 
7897 7724 7725 7824 7823 
7898 7725 7726 7825 7824 
7899 7726 7727 7826 7825 
7900 7727 176 177 7826 
7901 427 7728 7827 426 
7902 7728 7729 7828 7827 
7903 7729 7730 7829 7828 
7904 7730 7731 7830 7829 
7905 7731 7732 7831 7830 
7906 7732 7733 7832 7831 
7907 7733 7734 7833 7832 
7908 7734 7735 7834 7833 
7909 7735 7736 7835 7834 
7910 7736 7737 7836 7835 
7911 7737 7738 7837 7836 
7912 7738 7739 7838 7837 
7913 7739 7740 7839 7838 
7914 7740 7741 7840 7839 
7915 7741 7742 7841 7840 
7916 7742 7743 7842 7841 
7917 7743 7744 7843 7842 
7918 7744 7745 7844 7843 
7919 7745 7746 7845 7844 
7920 7746 7747 7846 7845 
7921 7747 7748 7847 7846 
7922 7748 7749 7848 7847 
7923 7749 7750 7849 7848 
7924 7750 7751 7850 7849 
7925 7751 7752 7851 7850 
7926 7752 7753 7852 7851 
7927 7753 7754 7853 7852 
7928 7754 7755 7854 7853 
7929 7755 7756 7855 7854 
7930 7756 7757 7856 7855 
7931 7757 7758 7857 7856 
7932 7758 7759 7858 7857 
7933 7759 7760 7859 7858 
7934 7760 7761 7860 7859 
7935 7761 7762 7861 7860 
7936 7762 7763 7862 7861 
7937 7763 7764 7863 7862 
7938 7764 7765 7864 7863 
7939 7765 7766 7865 7864 
7940 7766 7767 7866 7865 
7941 7767 7768 7867 7866 
7942 7768 7769 7868 7867 
7943 7769 7770 7869 7868 
7944 7770 7771 7870 7869 
7945 7771 7772 7871 7870 
7946 7772 7773 7872 7871 
7947 7773 7774 7873 7872 
7948 7774 7775 7874 7873 
7949 7775 7776 7875 7874 
7950 7776 7777 7876 7875 
7951 7777 7778 7877 7876 
7952 7778 7779 7878 7877 
7953 7779 7780 7879 7878 
7954 7780 7781 7880 7879 
7955 7781 7782 7881 7880 
7956 7782 7783 7882 7881 
7957 7783 7784 7883 7882 
7958 7784 7785 7884 7883 
7959 7785 7786 7885 7884 
7960 7786 7787 7886 7885 
7961 7787 7788 7887 7886 
7962 7788 7789 7888 7887 
7963 7789 7790 7889 7888 
7964 7790 7791 7890 7889 
7965 7791 7792 7891 7890 
7966 7792 7793 7892 7891 
7967 7793 7794 7893 7892 
7968 7794 7795 7894 7893 
7969 7795 7796 7895 7894 
7970 7796 7797 7896 7895 
7971 7797 7798 7897 7896 
7972 7798 7799 7898 7897 
7973 7799 7800 7899 7898 
7974 7800 7801 7900 7899 
7975 7801 7802 7901 7900 
7976 7802 7803 7902 7901 
7977 7803 7804 7903 7902 
7978 7804 7805 7904 7903 
7979 7805 7806 7905 7904 
7980 7806 7807 7906 7905 
7981 7807 7808 7907 7906 
7982 7808 7809 7908 7907 
7983 7809 7810 7909 7908 
7984 7810 7811 7910 7909 
7985 7811 7812 7911 7910 
7986 7812 7813 7912 7911 
7987 7813 7814 7913 7912 
7988 7814 7815 7914 7913 
7989 7815 7816 7915 7914 
7990 7816 7817 7916 7915 
7991 7817 7818 7917 7916 
7992 7818 7819 7918 7917 
7993 7819 7820 7919 7918 
7994 7820 7821 7920 7919 
7995 7821 7822 7921 7920 
7996 7822 7823 7922 7921 
7997 7823 7824 7923 7922 
7998 7824 7825 7924 7923 
7999 7825 7826 7925 7924 
8000 7826 177 178 7925 
8001 426 7827 7926 425 
8002 7827 7828 7927 7926 
8003 7828 7829 7928 7927 
8004 7829 7830 7929 7928 
8005 7830 7831 7930 7929 
8006 7831 7832 7931 7930 
8007 7832 7833 7932 7931 
8008 7833 7834 7933 7932 
8009 7834 7835 7934 7933 
8010 7835 7836 7935 7934 
8011 7836 7837 7936 7935 
8012 7837 7838 7937 7936 
8013 7838 7839 7938 7937 
8014 7839 7840 7939 7938 
8015 7840 7841 7940 7939 
8016 7841 7842 7941 7940 
8017 7842 7843 7942 7941 
8018 7843 7844 7943 7942 
8019 7844 7845 7944 7943 
8020 7845 7846 7945 7944 
8021 7846 7847 7946 7945 
8022 7847 7848 7947 7946 
8023 7848 7849 7948 7947 
8024 7849 7850 7949 7948 
8025 7850 7851 7950 7949 
8026 7851 7852 7951 7950 
8027 7852 7853 7952 7951 
8028 7853 7854 7953 7952 
8029 7854 7855 7954 7953 
8030 7855 7856 7955 7954 
8031 7856 7857 7956 7955 
8032 7857 7858 7957 7956 
8033 7858 7859 7958 7957 
8034 7859 7860 7959 7958 
8035 7860 7861 7960 7959 
8036 7861 7862 7961 7960 
8037 7862 7863 7962 7961 
8038 7863 7864 7963 7962 
8039 7864 7865 7964 7963 
8040 7865 7866 7965 7964 
8041 7866 7867 7966 7965 
8042 7867 7868 7967 7966 
8043 7868 7869 7968 7967 
8044 7869 7870 7969 7968 
8045 7870 7871 7970 7969 
8046 7871 7872 7971 7970 
8047 7872 7873 7972 7971 
8048 7873 7874 7973 7972 
8049 7874 7875 7974 7973 
8050 7875 7876 7975 7974 
8051 7876 7877 7976 7975 
8052 7877 7878 7977 7976 
8053 7878 7879 7978 7977 
8054 7879 7880 7979 7978 
8055 7880 7881 7980 7979 
8056 7881 7882 7981 7980 
8057 7882 7883 7982 7981 
8058 7883 7884 7983 7982 
8059 7884 7885 7984 7983 
8060 7885 7886 7985 7984 
8061 7886 7887 7986 7985 
8062 7887 7888 7987 7986 
8063 7888 7889 7988 7987 
8064 7889 7890 7989 7988 
8065 7890 7891 7990 7989 
8066 7891 7892 7991 7990 
8067 7892 7893 7992 7991 
8068 7893 7894 7993 7992 
8069 7894 7895 7994 7993 
8070 7895 7896 7995 7994 
8071 7896 7897 7996 7995 
8072 7897 7898 7997 7996 
8073 7898 7899 7998 7997 
8074 7899 7900 7999 7998 
8075 7900 7901 8000 7999 
8076 7901 7902 8001 8000 
8077 7902 7903 8002 8001 
8078 7903 7904 8003 8002 
8079 7904 7905 8004 8003 
8080 7905 7906 8005 8004 
8081 7906 7907 8006 8005 
8082 7907 7908 8007 8006 
8083 7908 7909 8008 8007 
8084 7909 7910 8009 8008 
8085 7910 7911 8010 8009 
8086 7911 7912 8011 8010 
8087 7912 7913 8012 8011 
8088 7913 7914 8013 8012 
8089 7914 7915 8014 8013 
8090 7915 7916 8015 8014 
8091 7916 7917 8016 8015 
8092 7917 7918 8017 8016 
8093 7918 7919 8018 8017 
8094 7919 7920 8019 8018 
8095 7920 7921 8020 8019 
8096 7921 7922 8021 8020 
8097 7922 7923 8022 8021 
8098 7923 7924 8023 8022 
8099 7924 7925 8024 8023 
8100 7925 178 179 8024 
8101 425 7926 8025 424 
8102 7926 7927 8026 8025 
8103 7927 7928 8027 8026 
8104 7928 7929 8028 8027 
8105 7929 7930 8029 8028 
8106 7930 7931 8030 8029 
8107 7931 7932 8031 8030 
8108 7932 7933 8032 8031 
8109 7933 7934 8033 8032 
8110 7934 7935 8034 8033 
8111 7935 7936 8035 8034 
8112 7936 7937 8036 8035 
8113 7937 7938 8037 8036 
8114 7938 7939 8038 8037 
8115 7939 7940 8039 8038 
8116 7940 7941 8040 8039 
8117 7941 7942 8041 8040 
8118 7942 7943 8042 8041 
8119 7943 7944 8043 8042 
8120 7944 7945 8044 8043 
8121 7945 7946 8045 8044 
8122 7946 7947 8046 8045 
8123 7947 7948 8047 8046 
8124 7948 7949 8048 8047 
8125 7949 7950 8049 8048 
8126 7950 7951 8050 8049 
8127 7951 7952 8051 8050 
8128 7952 7953 8052 8051 
8129 7953 7954 8053 8052 
8130 7954 7955 8054 8053 
8131 7955 7956 8055 8054 
8132 7956 7957 8056 8055 
8133 7957 7958 8057 8056 
8134 7958 7959 8058 8057 
8135 7959 7960 8059 8058 
8136 7960 7961 8060 8059 
8137 7961 7962 8061 8060 
8138 7962 7963 8062 8061 
8139 7963 7964 8063 8062 
8140 7964 7965 8064 8063 
8141 7965 7966 8065 8064 
8142 7966 7967 8066 8065 
8143 7967 7968 8067 8066 
8144 7968 7969 8068 8067 
8145 7969 7970 8069 8068 
8146 7970 7971 8070 8069 
8147 7971 7972 8071 8070 
8148 7972 7973 8072 8071 
8149 7973 7974 8073 8072 
8150 7974 7975 8074 8073 
8151 7975 7976 8075 8074 
8152 7976 7977 8076 8075 
8153 7977 7978 8077 8076 
8154 7978 7979 8078 8077 
8155 7979 7980 8079 8078 
8156 7980 7981 8080 8079 
8157 7981 7982 8081 8080 
8158 7982 7983 8082 8081 
8159 7983 7984 8083 8082 
8160 7984 7985 8084 8083 
8161 7985 7986 8085 8084 
8162 7986 7987 8086 8085 
8163 7987 7988 8087 8086 
8164 7988 7989 8088 8087 
8165 7989 7990 8089 8088 
8166 7990 7991 8090 8089 
8167 7991 7992 8091 8090 
8168 7992 7993 8092 8091 
8169 7993 7994 8093 8092 
8170 7994 7995 8094 8093 
8171 7995 7996 8095 8094 
8172 7996 7997 8096 8095 
8173 7997 7998 8097 8096 
8174 7998 7999 8098 8097 
8175 7999 8000 8099 8098 
8176 8000 8001 8100 8099 
8177 8001 8002 8101 8100 
8178 8002 8003 8102 8101 
8179 8003 8004 8103 8102 
8180 8004 8005 8104 8103 
8181 8005 8006 8105 8104 
8182 8006 8007 8106 8105 
8183 8007 8008 8107 8106 
8184 8008 8009 8108 8107 
8185 8009 8010 8109 8108 
8186 8010 8011 8110 8109 
8187 8011 8012 8111 8110 
8188 8012 8013 8112 8111 
8189 8013 8014 8113 8112 
8190 8014 8015 8114 8113 
8191 8015 8016 8115 8114 
8192 8016 8017 8116 8115 
8193 8017 8018 8117 8116 
8194 8018 8019 8118 8117 
8195 8019 8020 8119 8118 
8196 8020 8021 8120 8119 
8197 8021 8022 8121 8120 
8198 8022 8023 8122 8121 
8199 8023 8024 8123 8122 
8200 8024 179 180 8123 
8201 424 8025 8124 423 
8202 8025 8026 8125 8124 
8203 8026 8027 8126 8125 
8204 8027 8028 8127 8126 
8205 8028 8029 8128 8127 
8206 8029 8030 8129 8128 
8207 8030 8031 8130 8129 
8208 8031 8032 8131 8130 
8209 8032 8033 8132 8131 
8210 8033 8034 8133 8132 
8211 8034 8035 8134 8133 
8212 8035 8036 8135 8134 
8213 8036 8037 8136 8135 
8214 8037 8038 8137 8136 
8215 8038 8039 8138 8137 
8216 8039 8040 8139 8138 
8217 8040 8041 8140 8139 
8218 8041 8042 8141 8140 
8219 8042 8043 8142 8141 
8220 8043 8044 8143 8142 
8221 8044 8045 8144 8143 
8222 8045 8046 8145 8144 
8223 8046 8047 8146 8145 
8224 8047 8048 8147 8146 
8225 8048 8049 8148 8147 
8226 8049 8050 8149 8148 
8227 8050 8051 8150 8149 
8228 8051 8052 8151 8150 
8229 8052 8053 8152 8151 
8230 8053 8054 8153 8152 
8231 8054 8055 8154 8153 
8232 8055 8056 8155 8154 
8233 8056 8057 8156 8155 
8234 8057 8058 8157 8156 
8235 8058 8059 8158 8157 
8236 8059 8060 8159 8158 
8237 8060 8061 8160 8159 
8238 8061 8062 8161 8160 
8239 8062 8063 8162 8161 
8240 8063 8064 8163 8162 
8241 8064 8065 8164 8163 
8242 8065 8066 8165 8164 
8243 8066 8067 8166 8165 
8244 8067 8068 8167 8166 
8245 8068 8069 8168 8167 
8246 8069 8070 8169 8168 
8247 8070 8071 8170 8169 
8248 8071 8072 8171 8170 
8249 8072 8073 8172 8171 
8250 8073 8074 8173 8172 
8251 8074 8075 8174 8173 
8252 8075 8076 8175 8174 
8253 8076 8077 8176 8175 
8254 8077 8078 8177 8176 
8255 8078 8079 8178 8177 
8256 8079 8080 8179 8178 
8257 8080 8081 8180 8179 
8258 8081 8082 8181 8180 
8259 8082 8083 8182 8181 
8260 8083 8084 8183 8182 
8261 8084 8085 8184 8183 
8262 8085 8086 8185 8184 
8263 8086 8087 8186 8185 
8264 8087 8088 8187 8186 
8265 8088 8089 8188 8187 
8266 8089 8090 8189 8188 
8267 8090 8091 8190 8189 
8268 8091 8092 8191 8190 
8269 8092 8093 8192 8191 
8270 8093 8094 8193 8192 
8271 8094 8095 8194 8193 
8272 8095 8096 8195 8194 
8273 8096 8097 8196 8195 
8274 8097 8098 8197 8196 
8275 8098 8099 8198 8197 
8276 8099 8100 8199 8198 
8277 8100 8101 8200 8199 
8278 8101 8102 8201 8200 
8279 8102 8103 8202 8201 
8280 8103 8104 8203 8202 
8281 8104 8105 8204 8203 
8282 8105 8106 8205 8204 
8283 8106 8107 8206 8205 
8284 8107 8108 8207 8206 
8285 8108 8109 8208 8207 
8286 8109 8110 8209 8208 
8287 8110 8111 8210 8209 
8288 8111 8112 8211 8210 
8289 8112 8113 8212 8211 
8290 8113 8114 8213 8212 
8291 8114 8115 8214 8213 
8292 8115 8116 8215 8214 
8293 8116 8117 8216 8215 
8294 8117 8118 8217 8216 
8295 8118 8119 8218 8217 
8296 8119 8120 8219 8218 
8297 8120 8121 8220 8219 
8298 8121 8122 8221 8220 
8299 8122 8123 8222 8221 
8300 8123 180 181 8222 
8301 423 8124 8223 422 
8302 8124 8125 8224 8223 
8303 8125 8126 8225 8224 
8304 8126 8127 8226 8225 
8305 8127 8128 8227 8226 
8306 8128 8129 8228 8227 
8307 8129 8130 8229 8228 
8308 8130 8131 8230 8229 
8309 8131 8132 8231 8230 
8310 8132 8133 8232 8231 
8311 8133 8134 8233 8232 
8312 8134 8135 8234 8233 
8313 8135 8136 8235 8234 
8314 8136 8137 8236 8235 
8315 8137 8138 8237 8236 
8316 8138 8139 8238 8237 
8317 8139 8140 8239 8238 
8318 8140 8141 8240 8239 
8319 8141 8142 8241 8240 
8320 8142 8143 8242 8241 
8321 8143 8144 8243 8242 
8322 8144 8145 8244 8243 
8323 8145 8146 8245 8244 
8324 8146 8147 8246 8245 
8325 8147 8148 8247 8246 
8326 8148 8149 8248 8247 
8327 8149 8150 8249 8248 
8328 8150 8151 8250 8249 
8329 8151 8152 8251 8250 
8330 8152 8153 8252 8251 
8331 8153 8154 8253 8252 
8332 8154 8155 8254 8253 
8333 8155 8156 8255 8254 
8334 8156 8157 8256 8255 
8335 8157 8158 8257 8256 
8336 8158 8159 8258 8257 
8337 8159 8160 8259 8258 
8338 8160 8161 8260 8259 
8339 8161 8162 8261 8260 
8340 8162 8163 8262 8261 
8341 8163 8164 8263 8262 
8342 8164 8165 8264 8263 
8343 8165 8166 8265 8264 
8344 8166 8167 8266 8265 
8345 8167 8168 8267 8266 
8346 8168 8169 8268 8267 
8347 8169 8170 8269 8268 
8348 8170 8171 8270 8269 
8349 8171 8172 8271 8270 
8350 8172 8173 8272 8271 
8351 8173 8174 8273 8272 
8352 8174 8175 8274 8273 
8353 8175 8176 8275 8274 
8354 8176 8177 8276 8275 
8355 8177 8178 8277 8276 
8356 8178 8179 8278 8277 
8357 8179 8180 8279 8278 
8358 8180 8181 8280 8279 
8359 8181 8182 8281 8280 
8360 8182 8183 8282 8281 
8361 8183 8184 8283 8282 
8362 8184 8185 8284 8283 
8363 8185 8186 8285 8284 
8364 8186 8187 8286 8285 
8365 8187 8188 8287 8286 
8366 8188 8189 8288 8287 
8367 8189 8190 8289 8288 
8368 8190 8191 8290 8289 
8369 8191 8192 8291 8290 
8370 8192 8193 8292 8291 
8371 8193 8194 8293 8292 
8372 8194 8195 8294 8293 
8373 8195 8196 8295 8294 
8374 8196 8197 8296 8295 
8375 8197 8198 8297 8296 
8376 8198 8199 8298 8297 
8377 8199 8200 8299 8298 
8378 8200 8201 8300 8299 
8379 8201 8202 8301 8300 
8380 8202 8203 8302 8301 
8381 8203 8204 8303 8302 
8382 8204 8205 8304 8303 
8383 8205 8206 8305 8304 
8384 8206 8207 8306 8305 
8385 8207 8208 8307 8306 
8386 8208 8209 8308 8307 
8387 8209 8210 8309 8308 
8388 8210 8211 8310 8309 
8389 8211 8212 8311 8310 
8390 8212 8213 8312 8311 
8391 8213 8214 8313 8312 
8392 8214 8215 8314 8313 
8393 8215 8216 8315 8314 
8394 8216 8217 8316 8315 
8395 8217 8218 8317 8316 
8396 8218 8219 8318 8317 
8397 8219 8220 8319 8318 
8398 8220 8221 8320 8319 
8399 8221 8222 8321 8320 
8400 8222 181 182 8321 
8401 422 8223 8322 421 
8402 8223 8224 8323 8322 
8403 8224 8225 8324 8323 
8404 8225 8226 8325 8324 
8405 8226 8227 8326 8325 
8406 8227 8228 8327 8326 
8407 8228 8229 8328 8327 
8408 8229 8230 8329 8328 
8409 8230 8231 8330 8329 
8410 8231 8232 8331 8330 
8411 8232 8233 8332 8331 
8412 8233 8234 8333 8332 
8413 8234 8235 8334 8333 
8414 8235 8236 8335 8334 
8415 8236 8237 8336 8335 
8416 8237 8238 8337 8336 
8417 8238 8239 8338 8337 
8418 8239 8240 8339 8338 
8419 8240 8241 8340 8339 
8420 8241 8242 8341 8340 
8421 8242 8243 8342 8341 
8422 8243 8244 8343 8342 
8423 8244 8245 8344 8343 
8424 8245 8246 8345 8344 
8425 8246 8247 8346 8345 
8426 8247 8248 8347 8346 
8427 8248 8249 8348 8347 
8428 8249 8250 8349 8348 
8429 8250 8251 8350 8349 
8430 8251 8252 8351 8350 
8431 8252 8253 8352 8351 
8432 8253 8254 8353 8352 
8433 8254 8255 8354 8353 
8434 8255 8256 8355 8354 
8435 8256 8257 8356 8355 
8436 8257 8258 8357 8356 
8437 8258 8259 8358 8357 
8438 8259 8260 8359 8358 
8439 8260 8261 8360 8359 
8440 8261 8262 8361 8360 
8441 8262 8263 8362 8361 
8442 8263 8264 8363 8362 
8443 8264 8265 8364 8363 
8444 8265 8266 8365 8364 
8445 8266 8267 8366 8365 
8446 8267 8268 8367 8366 
8447 8268 8269 8368 8367 
8448 8269 8270 8369 8368 
8449 8270 8271 8370 8369 
8450 8271 8272 8371 8370 
8451 8272 8273 8372 8371 
8452 8273 8274 8373 8372 
8453 8274 8275 8374 8373 
8454 8275 8276 8375 8374 
8455 8276 8277 8376 8375 
8456 8277 8278 8377 8376 
8457 8278 8279 8378 8377 
8458 8279 8280 8379 8378 
8459 8280 8281 8380 8379 
8460 8281 8282 8381 8380 
8461 8282 8283 8382 8381 
8462 8283 8284 8383 8382 
8463 8284 8285 8384 8383 
8464 8285 8286 8385 8384 
8465 8286 8287 8386 8385 
8466 8287 8288 8387 8386 
8467 8288 8289 8388 8387 
8468 8289 8290 8389 8388 
8469 8290 8291 8390 8389 
8470 8291 8292 8391 8390 
8471 8292 8293 8392 8391 
8472 8293 8294 8393 8392 
8473 8294 8295 8394 8393 
8474 8295 8296 8395 8394 
8475 8296 8297 8396 8395 
8476 8297 8298 8397 8396 
8477 8298 8299 8398 8397 
8478 8299 8300 8399 8398 
8479 8300 8301 8400 8399 
8480 8301 8302 8401 8400 
8481 8302 8303 8402 8401 
8482 8303 8304 8403 8402 
8483 8304 8305 8404 8403 
8484 8305 8306 8405 8404 
8485 8306 8307 8406 8405 
8486 8307 8308 8407 8406 
8487 8308 8309 8408 8407 
8488 8309 8310 8409 8408 
8489 8310 8311 8410 8409 
8490 8311 8312 8411 8410 
8491 8312 8313 8412 8411 
8492 8313 8314 8413 8412 
8493 8314 8315 8414 8413 
8494 8315 8316 8415 8414 
8495 8316 8317 8416 8415 
8496 8317 8318 8417 8416 
8497 8318 8319 8418 8417 
8498 8319 8320 8419 8418 
8499 8320 8321 8420 8419 
8500 8321 182 183 8420 
8501 421 8322 8421 420 
8502 8322 8323 8422 8421 
8503 8323 8324 8423 8422 
8504 8324 8325 8424 8423 
8505 8325 8326 8425 8424 
8506 8326 8327 8426 8425 
8507 8327 8328 8427 8426 
8508 8328 8329 8428 8427 
8509 8329 8330 8429 8428 
8510 8330 8331 8430 8429 
8511 8331 8332 8431 8430 
8512 8332 8333 8432 8431 
8513 8333 8334 8433 8432 
8514 8334 8335 8434 8433 
8515 8335 8336 8435 8434 
8516 8336 8337 8436 8435 
8517 8337 8338 8437 8436 
8518 8338 8339 8438 8437 
8519 8339 8340 8439 8438 
8520 8340 8341 8440 8439 
8521 8341 8342 8441 8440 
8522 8342 8343 8442 8441 
8523 8343 8344 8443 8442 
8524 8344 8345 8444 8443 
8525 8345 8346 8445 8444 
8526 8346 8347 8446 8445 
8527 8347 8348 8447 8446 
8528 8348 8349 8448 8447 
8529 8349 8350 8449 8448 
8530 8350 8351 8450 8449 
8531 8351 8352 8451 8450 
8532 8352 8353 8452 8451 
8533 8353 8354 8453 8452 
8534 8354 8355 8454 8453 
8535 8355 8356 8455 8454 
8536 8356 8357 8456 8455 
8537 8357 8358 8457 8456 
8538 8358 8359 8458 8457 
8539 8359 8360 8459 8458 
8540 8360 8361 8460 8459 
8541 8361 8362 8461 8460 
8542 8362 8363 8462 8461 
8543 8363 8364 8463 8462 
8544 8364 8365 8464 8463 
8545 8365 8366 8465 8464 
8546 8366 8367 8466 8465 
8547 8367 8368 8467 8466 
8548 8368 8369 8468 8467 
8549 8369 8370 8469 8468 
8550 8370 8371 8470 8469 
8551 8371 8372 8471 8470 
8552 8372 8373 8472 8471 
8553 8373 8374 8473 8472 
8554 8374 8375 8474 8473 
8555 8375 8376 8475 8474 
8556 8376 8377 8476 8475 
8557 8377 8378 8477 8476 
8558 8378 8379 8478 8477 
8559 8379 8380 8479 8478 
8560 8380 8381 8480 8479 
8561 8381 8382 8481 8480 
8562 8382 8383 8482 8481 
8563 8383 8384 8483 8482 
8564 8384 8385 8484 8483 
8565 8385 8386 8485 8484 
8566 8386 8387 8486 8485 
8567 8387 8388 8487 8486 
8568 8388 8389 8488 8487 
8569 8389 8390 8489 8488 
8570 8390 8391 8490 8489 
8571 8391 8392 8491 8490 
8572 8392 8393 8492 8491 
8573 8393 8394 8493 8492 
8574 8394 8395 8494 8493 
8575 8395 8396 8495 8494 
8576 8396 8397 8496 8495 
8577 8397 8398 8497 8496 
8578 8398 8399 8498 8497 
8579 8399 8400 8499 8498 
8580 8400 8401 8500 8499 
8581 8401 8402 8501 8500 
8582 8402 8403 8502 8501 
8583 8403 8404 8503 8502 
8584 8404 8405 8504 8503 
8585 8405 8406 8505 8504 
8586 8406 8407 8506 8505 
8587 8407 8408 8507 8506 
8588 8408 8409 8508 8507 
8589 8409 8410 8509 8508 
8590 8410 8411 8510 8509 
8591 8411 8412 8511 8510 
8592 8412 8413 8512 8511 
8593 8413 8414 8513 8512 
8594 8414 8415 8514 8513 
8595 8415 8416 8515 8514 
8596 8416 8417 8516 8515 
8597 8417 8418 8517 8516 
8598 8418 8419 8518 8517 
8599 8419 8420 8519 8518 
8600 8420 183 184 8519 
8601 420 8421 8520 419 
8602 8421 8422 8521 8520 
8603 8422 8423 8522 8521 
8604 8423 8424 8523 8522 
8605 8424 8425 8524 8523 
8606 8425 8426 8525 8524 
8607 8426 8427 8526 8525 
8608 8427 8428 8527 8526 
8609 8428 8429 8528 8527 
8610 8429 8430 8529 8528 
8611 8430 8431 8530 8529 
8612 8431 8432 8531 8530 
8613 8432 8433 8532 8531 
8614 8433 8434 8533 8532 
8615 8434 8435 8534 8533 
8616 8435 8436 8535 8534 
8617 8436 8437 8536 8535 
8618 8437 8438 8537 8536 
8619 8438 8439 8538 8537 
8620 8439 8440 8539 8538 
8621 8440 8441 8540 8539 
8622 8441 8442 8541 8540 
8623 8442 8443 8542 8541 
8624 8443 8444 8543 8542 
8625 8444 8445 8544 8543 
8626 8445 8446 8545 8544 
8627 8446 8447 8546 8545 
8628 8447 8448 8547 8546 
8629 8448 8449 8548 8547 
8630 8449 8450 8549 8548 
8631 8450 8451 8550 8549 
8632 8451 8452 8551 8550 
8633 8452 8453 8552 8551 
8634 8453 8454 8553 8552 
8635 8454 8455 8554 8553 
8636 8455 8456 8555 8554 
8637 8456 8457 8556 8555 
8638 8457 8458 8557 8556 
8639 8458 8459 8558 8557 
8640 8459 8460 8559 8558 
8641 8460 8461 8560 8559 
8642 8461 8462 8561 8560 
8643 8462 8463 8562 8561 
8644 8463 8464 8563 8562 
8645 8464 8465 8564 8563 
8646 8465 8466 8565 8564 
8647 8466 8467 8566 8565 
8648 8467 8468 8567 8566 
8649 8468 8469 8568 8567 
8650 8469 8470 8569 8568 
8651 8470 8471 8570 8569 
8652 8471 8472 8571 8570 
8653 8472 8473 8572 8571 
8654 8473 8474 8573 8572 
8655 8474 8475 8574 8573 
8656 8475 8476 8575 8574 
8657 8476 8477 8576 8575 
8658 8477 8478 8577 8576 
8659 8478 8479 8578 8577 
8660 8479 8480 8579 8578 
8661 8480 8481 8580 8579 
8662 8481 8482 8581 8580 
8663 8482 8483 8582 8581 
8664 8483 8484 8583 8582 
8665 8484 8485 8584 8583 
8666 8485 8486 8585 8584 
8667 8486 8487 8586 8585 
8668 8487 8488 8587 8586 
8669 8488 8489 8588 8587 
8670 8489 8490 8589 8588 
8671 8490 8491 8590 8589 
8672 8491 8492 8591 8590 
8673 8492 8493 8592 8591 
8674 8493 8494 8593 8592 
8675 8494 8495 8594 8593 
8676 8495 8496 8595 8594 
8677 8496 8497 8596 8595 
8678 8497 8498 8597 8596 
8679 8498 8499 8598 8597 
8680 8499 8500 8599 8598 
8681 8500 8501 8600 8599 
8682 8501 8502 8601 8600 
8683 8502 8503 8602 8601 
8684 8503 8504 8603 8602 
8685 8504 8505 8604 8603 
8686 8505 8506 8605 8604 
8687 8506 8507 8606 8605 
8688 8507 8508 8607 8606 
8689 8508 8509 8608 8607 
8690 8509 8510 8609 8608 
8691 8510 8511 8610 8609 
8692 8511 8512 8611 8610 
8693 8512 8513 8612 8611 
8694 8513 8514 8613 8612 
8695 8514 8515 8614 8613 
8696 8515 8516 8615 8614 
8697 8516 8517 8616 8615 
8698 8517 8518 8617 8616 
8699 8518 8519 8618 8617 
8700 8519 184 185 8618 
8701 419 8520 8619 418 
8702 8520 8521 8620 8619 
8703 8521 8522 8621 8620 
8704 8522 8523 8622 8621 
8705 8523 8524 8623 8622 
8706 8524 8525 8624 8623 
8707 8525 8526 8625 8624 
8708 8526 8527 8626 8625 
8709 8527 8528 8627 8626 
8710 8528 8529 8628 8627 
8711 8529 8530 8629 8628 
8712 8530 8531 8630 8629 
8713 8531 8532 8631 8630 
8714 8532 8533 8632 8631 
8715 8533 8534 8633 8632 
8716 8534 8535 8634 8633 
8717 8535 8536 8635 8634 
8718 8536 8537 8636 8635 
8719 8537 8538 8637 8636 
8720 8538 8539 8638 8637 
8721 8539 8540 8639 8638 
8722 8540 8541 8640 8639 
8723 8541 8542 8641 8640 
8724 8542 8543 8642 8641 
8725 8543 8544 8643 8642 
8726 8544 8545 8644 8643 
8727 8545 8546 8645 8644 
8728 8546 8547 8646 8645 
8729 8547 8548 8647 8646 
8730 8548 8549 8648 8647 
8731 8549 8550 8649 8648 
8732 8550 8551 8650 8649 
8733 8551 8552 8651 8650 
8734 8552 8553 8652 8651 
8735 8553 8554 8653 8652 
8736 8554 8555 8654 8653 
8737 8555 8556 8655 8654 
8738 8556 8557 8656 8655 
8739 8557 8558 8657 8656 
8740 8558 8559 8658 8657 
8741 8559 8560 8659 8658 
8742 8560 8561 8660 8659 
8743 8561 8562 8661 8660 
8744 8562 8563 8662 8661 
8745 8563 8564 8663 8662 
8746 8564 8565 8664 8663 
8747 8565 8566 8665 8664 
8748 8566 8567 8666 8665 
8749 8567 8568 8667 8666 
8750 8568 8569 8668 8667 
8751 8569 8570 8669 8668 
8752 8570 8571 8670 8669 
8753 8571 8572 8671 8670 
8754 8572 8573 8672 8671 
8755 8573 8574 8673 8672 
8756 8574 8575 8674 8673 
8757 8575 8576 8675 8674 
8758 8576 8577 8676 8675 
8759 8577 8578 8677 8676 
8760 8578 8579 8678 8677 
8761 8579 8580 8679 8678 
8762 8580 8581 8680 8679 
8763 8581 8582 8681 8680 
8764 8582 8583 8682 8681 
8765 8583 8584 8683 8682 
8766 8584 8585 8684 8683 
8767 8585 8586 8685 8684 
8768 8586 8587 8686 8685 
8769 8587 8588 8687 8686 
8770 8588 8589 8688 8687 
8771 8589 8590 8689 8688 
8772 8590 8591 8690 8689 
8773 8591 8592 8691 8690 
8774 8592 8593 8692 8691 
8775 8593 8594 8693 8692 
8776 8594 8595 8694 8693 
8777 8595 8596 8695 8694 
8778 8596 8597 8696 8695 
8779 8597 8598 8697 8696 
8780 8598 8599 8698 8697 
8781 8599 8600 8699 8698 
8782 8600 8601 8700 8699 
8783 8601 8602 8701 8700 
8784 8602 8603 8702 8701 
8785 8603 8604 8703 8702 
8786 8604 8605 8704 8703 
8787 8605 8606 8705 8704 
8788 8606 8607 8706 8705 
8789 8607 8608 8707 8706 
8790 8608 8609 8708 8707 
8791 8609 8610 8709 8708 
8792 8610 8611 8710 8709 
8793 8611 8612 8711 8710 
8794 8612 8613 8712 8711 
8795 8613 8614 8713 8712 
8796 8614 8615 8714 8713 
8797 8615 8616 8715 8714 
8798 8616 8617 8716 8715 
8799 8617 8618 8717 8716 
8800 8618 185 186 8717 
8801 418 8619 8718 417 
8802 8619 8620 8719 8718 
8803 8620 8621 8720 8719 
8804 8621 8622 8721 8720 
8805 8622 8623 8722 8721 
8806 8623 8624 8723 8722 
8807 8624 8625 8724 8723 
8808 8625 8626 8725 8724 
8809 8626 8627 8726 8725 
8810 8627 8628 8727 8726 
8811 8628 8629 8728 8727 
8812 8629 8630 8729 8728 
8813 8630 8631 8730 8729 
8814 8631 8632 8731 8730 
8815 8632 8633 8732 8731 
8816 8633 8634 8733 8732 
8817 8634 8635 8734 8733 
8818 8635 8636 8735 8734 
8819 8636 8637 8736 8735 
8820 8637 8638 8737 8736 
8821 8638 8639 8738 8737 
8822 8639 8640 8739 8738 
8823 8640 8641 8740 8739 
8824 8641 8642 8741 8740 
8825 8642 8643 8742 8741 
8826 8643 8644 8743 8742 
8827 8644 8645 8744 8743 
8828 8645 8646 8745 8744 
8829 8646 8647 8746 8745 
8830 8647 8648 8747 8746 
8831 8648 8649 8748 8747 
8832 8649 8650 8749 8748 
8833 8650 8651 8750 8749 
8834 8651 8652 8751 8750 
8835 8652 8653 8752 8751 
8836 8653 8654 8753 8752 
8837 8654 8655 8754 8753 
8838 8655 8656 8755 8754 
8839 8656 8657 8756 8755 
8840 8657 8658 8757 8756 
8841 8658 8659 8758 8757 
8842 8659 8660 8759 8758 
8843 8660 8661 8760 8759 
8844 8661 8662 8761 8760 
8845 8662 8663 8762 8761 
8846 8663 8664 8763 8762 
8847 8664 8665 8764 8763 
8848 8665 8666 8765 8764 
8849 8666 8667 8766 8765 
8850 8667 8668 8767 8766 
8851 8668 8669 8768 8767 
8852 8669 8670 8769 8768 
8853 8670 8671 8770 8769 
8854 8671 8672 8771 8770 
8855 8672 8673 8772 8771 
8856 8673 8674 8773 8772 
8857 8674 8675 8774 8773 
8858 8675 8676 8775 8774 
8859 8676 8677 8776 8775 
8860 8677 8678 8777 8776 
8861 8678 8679 8778 8777 
8862 8679 8680 8779 8778 
8863 8680 8681 8780 8779 
8864 8681 8682 8781 8780 
8865 8682 8683 8782 8781 
8866 8683 8684 8783 8782 
8867 8684 8685 8784 8783 
8868 8685 8686 8785 8784 
8869 8686 8687 8786 8785 
8870 8687 8688 8787 8786 
8871 8688 8689 8788 8787 
8872 8689 8690 8789 8788 
8873 8690 8691 8790 8789 
8874 8691 8692 8791 8790 
8875 8692 8693 8792 8791 
8876 8693 8694 8793 8792 
8877 8694 8695 8794 8793 
8878 8695 8696 8795 8794 
8879 8696 8697 8796 8795 
8880 8697 8698 8797 8796 
8881 8698 8699 8798 8797 
8882 8699 8700 8799 8798 
8883 8700 8701 8800 8799 
8884 8701 8702 8801 8800 
8885 8702 8703 8802 8801 
8886 8703 8704 8803 8802 
8887 8704 8705 8804 8803 
8888 8705 8706 8805 8804 
8889 8706 8707 8806 8805 
8890 8707 8708 8807 8806 
8891 8708 8709 8808 8807 
8892 8709 8710 8809 8808 
8893 8710 8711 8810 8809 
8894 8711 8712 8811 8810 
8895 8712 8713 8812 8811 
8896 8713 8714 8813 8812 
8897 8714 8715 8814 8813 
8898 8715 8716 8815 8814 
8899 8716 8717 8816 8815 
8900 8717 186 187 8816 
8901 417 8718 8817 416 
8902 8718 8719 8818 8817 
8903 8719 8720 8819 8818 
8904 8720 8721 8820 8819 
8905 8721 8722 8821 8820 
8906 8722 8723 8822 8821 
8907 8723 8724 8823 8822 
8908 8724 8725 8824 8823 
8909 8725 8726 8825 8824 
8910 8726 8727 8826 8825 
8911 8727 8728 8827 8826 
8912 8728 8729 8828 8827 
8913 8729 8730 8829 8828 
8914 8730 8731 8830 8829 
8915 8731 8732 8831 8830 
8916 8732 8733 8832 8831 
8917 8733 8734 8833 8832 
8918 8734 8735 8834 8833 
8919 8735 8736 8835 8834 
8920 8736 8737 8836 8835 
8921 8737 8738 8837 8836 
8922 8738 8739 8838 8837 
8923 8739 8740 8839 8838 
8924 8740 8741 8840 8839 
8925 8741 8742 8841 8840 
8926 8742 8743 8842 8841 
8927 8743 8744 8843 8842 
8928 8744 8745 8844 8843 
8929 8745 8746 8845 8844 
8930 8746 8747 8846 8845 
8931 8747 8748 8847 8846 
8932 8748 8749 8848 8847 
8933 8749 8750 8849 8848 
8934 8750 8751 8850 8849 
8935 8751 8752 8851 8850 
8936 8752 8753 8852 8851 
8937 8753 8754 8853 8852 
8938 8754 8755 8854 8853 
8939 8755 8756 8855 8854 
8940 8756 8757 8856 8855 
8941 8757 8758 8857 8856 
8942 8758 8759 8858 8857 
8943 8759 8760 8859 8858 
8944 8760 8761 8860 8859 
8945 8761 8762 8861 8860 
8946 8762 8763 8862 8861 
8947 8763 8764 8863 8862 
8948 8764 8765 8864 8863 
8949 8765 8766 8865 8864 
8950 8766 8767 8866 8865 
8951 8767 8768 8867 8866 
8952 8768 8769 8868 8867 
8953 8769 8770 8869 8868 
8954 8770 8771 8870 8869 
8955 8771 8772 8871 8870 
8956 8772 8773 8872 8871 
8957 8773 8774 8873 8872 
8958 8774 8775 8874 8873 
8959 8775 8776 8875 8874 
8960 8776 8777 8876 8875 
8961 8777 8778 8877 8876 
8962 8778 8779 8878 8877 
8963 8779 8780 8879 8878 
8964 8780 8781 8880 8879 
8965 8781 8782 8881 8880 
8966 8782 8783 8882 8881 
8967 8783 8784 8883 8882 
8968 8784 8785 8884 8883 
8969 8785 8786 8885 8884 
8970 8786 8787 8886 8885 
8971 8787 8788 8887 8886 
8972 8788 8789 8888 8887 
8973 8789 8790 8889 8888 
8974 8790 8791 8890 8889 
8975 8791 8792 8891 8890 
8976 8792 8793 8892 8891 
8977 8793 8794 8893 8892 
8978 8794 8795 8894 8893 
8979 8795 8796 8895 8894 
8980 8796 8797 8896 8895 
8981 8797 8798 8897 8896 
8982 8798 8799 8898 8897 
8983 8799 8800 8899 8898 
8984 8800 8801 8900 8899 
8985 8801 8802 8901 8900 
8986 8802 8803 8902 8901 
8987 8803 8804 8903 8902 
8988 8804 8805 8904 8903 
8989 8805 8806 8905 8904 
8990 8806 8807 8906 8905 
8991 8807 8808 8907 8906 
8992 8808 8809 8908 8907 
8993 8809 8810 8909 8908 
8994 8810 8811 8910 8909 
8995 8811 8812 8911 8910 
8996 8812 8813 8912 8911 
8997 8813 8814 8913 8912 
8998 8814 8815 8914 8913 
8999 8815 8816 8915 8914 
9000 8816 187 188 8915 
9001 416 8817 8916 415 
9002 8817 8818 8917 8916 
9003 8818 8819 8918 8917 
9004 8819 8820 8919 8918 
9005 8820 8821 8920 8919 
9006 8821 8822 8921 8920 
9007 8822 8823 8922 8921 
9008 8823 8824 8923 8922 
9009 8824 8825 8924 8923 
9010 8825 8826 8925 8924 
9011 8826 8827 8926 8925 
9012 8827 8828 8927 8926 
9013 8828 8829 8928 8927 
9014 8829 8830 8929 8928 
9015 8830 8831 8930 8929 
9016 8831 8832 8931 8930 
9017 8832 8833 8932 8931 
9018 8833 8834 8933 8932 
9019 8834 8835 8934 8933 
9020 8835 8836 8935 8934 
9021 8836 8837 8936 8935 
9022 8837 8838 8937 8936 
9023 8838 8839 8938 8937 
9024 8839 8840 8939 8938 
9025 8840 8841 8940 8939 
9026 8841 8842 8941 8940 
9027 8842 8843 8942 8941 
9028 8843 8844 8943 8942 
9029 8844 8845 8944 8943 
9030 8845 8846 8945 8944 
9031 8846 8847 8946 8945 
9032 8847 8848 8947 8946 
9033 8848 8849 8948 8947 
9034 8849 8850 8949 8948 
9035 8850 8851 8950 8949 
9036 8851 8852 8951 8950 
9037 8852 8853 8952 8951 
9038 8853 8854 8953 8952 
9039 8854 8855 8954 8953 
9040 8855 8856 8955 8954 
9041 8856 8857 8956 8955 
9042 8857 8858 8957 8956 
9043 8858 8859 8958 8957 
9044 8859 8860 8959 8958 
9045 8860 8861 8960 8959 
9046 8861 8862 8961 8960 
9047 8862 8863 8962 8961 
9048 8863 8864 8963 8962 
9049 8864 8865 8964 8963 
9050 8865 8866 8965 8964 
9051 8866 8867 8966 8965 
9052 8867 8868 8967 8966 
9053 8868 8869 8968 8967 
9054 8869 8870 8969 8968 
9055 8870 8871 8970 8969 
9056 8871 8872 8971 8970 
9057 8872 8873 8972 8971 
9058 8873 8874 8973 8972 
9059 8874 8875 8974 8973 
9060 8875 8876 8975 8974 
9061 8876 8877 8976 8975 
9062 8877 8878 8977 8976 
9063 8878 8879 8978 8977 
9064 8879 8880 8979 8978 
9065 8880 8881 8980 8979 
9066 8881 8882 8981 8980 
9067 8882 8883 8982 8981 
9068 8883 8884 8983 8982 
9069 8884 8885 8984 8983 
9070 8885 8886 8985 8984 
9071 8886 8887 8986 8985 
9072 8887 8888 8987 8986 
9073 8888 8889 8988 8987 
9074 8889 8890 8989 8988 
9075 8890 8891 8990 8989 
9076 8891 8892 8991 8990 
9077 8892 8893 8992 8991 
9078 8893 8894 8993 8992 
9079 8894 8895 8994 8993 
9080 8895 8896 8995 8994 
9081 8896 8897 8996 8995 
9082 8897 8898 8997 8996 
9083 8898 8899 8998 8997 
9084 8899 8900 8999 8998 
9085 8900 8901 9000 8999 
9086 8901 8902 9001 9000 
9087 8902 8903 9002 9001 
9088 8903 8904 9003 9002 
9089 8904 8905 9004 9003 
9090 8905 8906 9005 9004 
9091 8906 8907 9006 9005 
9092 8907 8908 9007 9006 
9093 8908 8909 9008 9007 
9094 8909 8910 9009 9008 
9095 8910 8911 9010 9009 
9096 8911 8912 9011 9010 
9097 8912 8913 9012 9011 
9098 8913 8914 9013 9012 
9099 8914 8915 9014 9013 
9100 8915 188 189 9014 
9101 415 8916 9015 414 
9102 8916 8917 9016 9015 
9103 8917 8918 9017 9016 
9104 8918 8919 9018 9017 
9105 8919 8920 9019 9018 
9106 8920 8921 9020 9019 
9107 8921 8922 9021 9020 
9108 8922 8923 9022 9021 
9109 8923 8924 9023 9022 
9110 8924 8925 9024 9023 
9111 8925 8926 9025 9024 
9112 8926 8927 9026 9025 
9113 8927 8928 9027 9026 
9114 8928 8929 9028 9027 
9115 8929 8930 9029 9028 
9116 8930 8931 9030 9029 
9117 8931 8932 9031 9030 
9118 8932 8933 9032 9031 
9119 8933 8934 9033 9032 
9120 8934 8935 9034 9033 
9121 8935 8936 9035 9034 
9122 8936 8937 9036 9035 
9123 8937 8938 9037 9036 
9124 8938 8939 9038 9037 
9125 8939 8940 9039 9038 
9126 8940 8941 9040 9039 
9127 8941 8942 9041 9040 
9128 8942 8943 9042 9041 
9129 8943 8944 9043 9042 
9130 8944 8945 9044 9043 
9131 8945 8946 9045 9044 
9132 8946 8947 9046 9045 
9133 8947 8948 9047 9046 
9134 8948 8949 9048 9047 
9135 8949 8950 9049 9048 
9136 8950 8951 9050 9049 
9137 8951 8952 9051 9050 
9138 8952 8953 9052 9051 
9139 8953 8954 9053 9052 
9140 8954 8955 9054 9053 
9141 8955 8956 9055 9054 
9142 8956 8957 9056 9055 
9143 8957 8958 9057 9056 
9144 8958 8959 9058 9057 
9145 8959 8960 9059 9058 
9146 8960 8961 9060 9059 
9147 8961 8962 9061 9060 
9148 8962 8963 9062 9061 
9149 8963 8964 9063 9062 
9150 8964 8965 9064 9063 
9151 8965 8966 9065 9064 
9152 8966 8967 9066 9065 
9153 8967 8968 9067 9066 
9154 8968 8969 9068 9067 
9155 8969 8970 9069 9068 
9156 8970 8971 9070 9069 
9157 8971 8972 9071 9070 
9158 8972 8973 9072 9071 
9159 8973 8974 9073 9072 
9160 8974 8975 9074 9073 
9161 8975 8976 9075 9074 
9162 8976 8977 9076 9075 
9163 8977 8978 9077 9076 
9164 8978 8979 9078 9077 
9165 8979 8980 9079 9078 
9166 8980 8981 9080 9079 
9167 8981 8982 9081 9080 
9168 8982 8983 9082 9081 
9169 8983 8984 9083 9082 
9170 8984 8985 9084 9083 
9171 8985 8986 9085 9084 
9172 8986 8987 9086 9085 
9173 8987 8988 9087 9086 
9174 8988 8989 9088 9087 
9175 8989 8990 9089 9088 
9176 8990 8991 9090 9089 
9177 8991 8992 9091 9090 
9178 8992 8993 9092 9091 
9179 8993 8994 9093 9092 
9180 8994 8995 9094 9093 
9181 8995 8996 9095 9094 
9182 8996 8997 9096 9095 
9183 8997 8998 9097 9096 
9184 8998 8999 9098 9097 
9185 8999 9000 9099 9098 
9186 9000 9001 9100 9099 
9187 9001 9002 9101 9100 
9188 9002 9003 9102 9101 
9189 9003 9004 9103 9102 
9190 9004 9005 9104 9103 
9191 9005 9006 9105 9104 
9192 9006 9007 9106 9105 
9193 9007 9008 9107 9106 
9194 9008 9009 9108 9107 
9195 9009 9010 9109 9108 
9196 9010 9011 9110 9109 
9197 9011 9012 9111 9110 
9198 9012 9013 9112 9111 
9199 9013 9014 9113 9112 
9200 9014 189 190 9113 
9201 414 9015 9114 413 
9202 9015 9016 9115 9114 
9203 9016 9017 9116 9115 
9204 9017 9018 9117 9116 
9205 9018 9019 9118 9117 
9206 9019 9020 9119 9118 
9207 9020 9021 9120 9119 
9208 9021 9022 9121 9120 
9209 9022 9023 9122 9121 
9210 9023 9024 9123 9122 
9211 9024 9025 9124 9123 
9212 9025 9026 9125 9124 
9213 9026 9027 9126 9125 
9214 9027 9028 9127 9126 
9215 9028 9029 9128 9127 
9216 9029 9030 9129 9128 
9217 9030 9031 9130 9129 
9218 9031 9032 9131 9130 
9219 9032 9033 9132 9131 
9220 9033 9034 9133 9132 
9221 9034 9035 9134 9133 
9222 9035 9036 9135 9134 
9223 9036 9037 9136 9135 
9224 9037 9038 9137 9136 
9225 9038 9039 9138 9137 
9226 9039 9040 9139 9138 
9227 9040 9041 9140 9139 
9228 9041 9042 9141 9140 
9229 9042 9043 9142 9141 
9230 9043 9044 9143 9142 
9231 9044 9045 9144 9143 
9232 9045 9046 9145 9144 
9233 9046 9047 9146 9145 
9234 9047 9048 9147 9146 
9235 9048 9049 9148 9147 
9236 9049 9050 9149 9148 
9237 9050 9051 9150 9149 
9238 9051 9052 9151 9150 
9239 9052 9053 9152 9151 
9240 9053 9054 9153 9152 
9241 9054 9055 9154 9153 
9242 9055 9056 9155 9154 
9243 9056 9057 9156 9155 
9244 9057 9058 9157 9156 
9245 9058 9059 9158 9157 
9246 9059 9060 9159 9158 
9247 9060 9061 9160 9159 
9248 9061 9062 9161 9160 
9249 9062 9063 9162 9161 
9250 9063 9064 9163 9162 
9251 9064 9065 9164 9163 
9252 9065 9066 9165 9164 
9253 9066 9067 9166 9165 
9254 9067 9068 9167 9166 
9255 9068 9069 9168 9167 
9256 9069 9070 9169 9168 
9257 9070 9071 9170 9169 
9258 9071 9072 9171 9170 
9259 9072 9073 9172 9171 
9260 9073 9074 9173 9172 
9261 9074 9075 9174 9173 
9262 9075 9076 9175 9174 
9263 9076 9077 9176 9175 
9264 9077 9078 9177 9176 
9265 9078 9079 9178 9177 
9266 9079 9080 9179 9178 
9267 9080 9081 9180 9179 
9268 9081 9082 9181 9180 
9269 9082 9083 9182 9181 
9270 9083 9084 9183 9182 
9271 9084 9085 9184 9183 
9272 9085 9086 9185 9184 
9273 9086 9087 9186 9185 
9274 9087 9088 9187 9186 
9275 9088 9089 9188 9187 
9276 9089 9090 9189 9188 
9277 9090 9091 9190 9189 
9278 9091 9092 9191 9190 
9279 9092 9093 9192 9191 
9280 9093 9094 9193 9192 
9281 9094 9095 9194 9193 
9282 9095 9096 9195 9194 
9283 9096 9097 9196 9195 
9284 9097 9098 9197 9196 
9285 9098 9099 9198 9197 
9286 9099 9100 9199 9198 
9287 9100 9101 9200 9199 
9288 9101 9102 9201 9200 
9289 9102 9103 9202 9201 
9290 9103 9104 9203 9202 
9291 9104 9105 9204 9203 
9292 9105 9106 9205 9204 
9293 9106 9107 9206 9205 
9294 9107 9108 9207 9206 
9295 9108 9109 9208 9207 
9296 9109 9110 9209 9208 
9297 9110 9111 9210 9209 
9298 9111 9112 9211 9210 
9299 9112 9113 9212 9211 
9300 9113 190 191 9212 
9301 413 9114 9213 412 
9302 9114 9115 9214 9213 
9303 9115 9116 9215 9214 
9304 9116 9117 9216 9215 
9305 9117 9118 9217 9216 
9306 9118 9119 9218 9217 
9307 9119 9120 9219 9218 
9308 9120 9121 9220 9219 
9309 9121 9122 9221 9220 
9310 9122 9123 9222 9221 
9311 9123 9124 9223 9222 
9312 9124 9125 9224 9223 
9313 9125 9126 9225 9224 
9314 9126 9127 9226 9225 
9315 9127 9128 9227 9226 
9316 9128 9129 9228 9227 
9317 9129 9130 9229 9228 
9318 9130 9131 9230 9229 
9319 9131 9132 9231 9230 
9320 9132 9133 9232 9231 
9321 9133 9134 9233 9232 
9322 9134 9135 9234 9233 
9323 9135 9136 9235 9234 
9324 9136 9137 9236 9235 
9325 9137 9138 9237 9236 
9326 9138 9139 9238 9237 
9327 9139 9140 9239 9238 
9328 9140 9141 9240 9239 
9329 9141 9142 9241 9240 
9330 9142 9143 9242 9241 
9331 9143 9144 9243 9242 
9332 9144 9145 9244 9243 
9333 9145 9146 9245 9244 
9334 9146 9147 9246 9245 
9335 9147 9148 9247 9246 
9336 9148 9149 9248 9247 
9337 9149 9150 9249 9248 
9338 9150 9151 9250 9249 
9339 9151 9152 9251 9250 
9340 9152 9153 9252 9251 
9341 9153 9154 9253 9252 
9342 9154 9155 9254 9253 
9343 9155 9156 9255 9254 
9344 9156 9157 9256 9255 
9345 9157 9158 9257 9256 
9346 9158 9159 9258 9257 
9347 9159 9160 9259 9258 
9348 9160 9161 9260 9259 
9349 9161 9162 9261 9260 
9350 9162 9163 9262 9261 
9351 9163 9164 9263 9262 
9352 9164 9165 9264 9263 
9353 9165 9166 9265 9264 
9354 9166 9167 9266 9265 
9355 9167 9168 9267 9266 
9356 9168 9169 9268 9267 
9357 9169 9170 9269 9268 
9358 9170 9171 9270 9269 
9359 9171 9172 9271 9270 
9360 9172 9173 9272 9271 
9361 9173 9174 9273 9272 
9362 9174 9175 9274 9273 
9363 9175 9176 9275 9274 
9364 9176 9177 9276 9275 
9365 9177 9178 9277 9276 
9366 9178 9179 9278 9277 
9367 9179 9180 9279 9278 
9368 9180 9181 9280 9279 
9369 9181 9182 9281 9280 
9370 9182 9183 9282 9281 
9371 9183 9184 9283 9282 
9372 9184 9185 9284 9283 
9373 9185 9186 9285 9284 
9374 9186 9187 9286 9285 
9375 9187 9188 9287 9286 
9376 9188 9189 9288 9287 
9377 9189 9190 9289 9288 
9378 9190 9191 9290 9289 
9379 9191 9192 9291 9290 
9380 9192 9193 9292 9291 
9381 9193 9194 9293 9292 
9382 9194 9195 9294 9293 
9383 9195 9196 9295 9294 
9384 9196 9197 9296 9295 
9385 9197 9198 9297 9296 
9386 9198 9199 9298 9297 
9387 9199 9200 9299 9298 
9388 9200 9201 9300 9299 
9389 9201 9202 9301 9300 
9390 9202 9203 9302 9301 
9391 9203 9204 9303 9302 
9392 9204 9205 9304 9303 
9393 9205 9206 9305 9304 
9394 9206 9207 9306 9305 
9395 9207 9208 9307 9306 
9396 9208 9209 9308 9307 
9397 9209 9210 9309 9308 
9398 9210 9211 9310 9309 
9399 9211 9212 9311 9310 
9400 9212 191 192 9311 
9401 412 9213 9312 411 
9402 9213 9214 9313 9312 
9403 9214 9215 9314 9313 
9404 9215 9216 9315 9314 
9405 9216 9217 9316 9315 
9406 9217 9218 9317 9316 
9407 9218 9219 9318 9317 
9408 9219 9220 9319 9318 
9409 9220 9221 9320 9319 
9410 9221 9222 9321 9320 
9411 9222 9223 9322 9321 
9412 9223 9224 9323 9322 
9413 9224 9225 9324 9323 
9414 9225 9226 9325 9324 
9415 9226 9227 9326 9325 
9416 9227 9228 9327 9326 
9417 9228 9229 9328 9327 
9418 9229 9230 9329 9328 
9419 9230 9231 9330 9329 
9420 9231 9232 9331 9330 
9421 9232 9233 9332 9331 
9422 9233 9234 9333 9332 
9423 9234 9235 9334 9333 
9424 9235 9236 9335 9334 
9425 9236 9237 9336 9335 
9426 9237 9238 9337 9336 
9427 9238 9239 9338 9337 
9428 9239 9240 9339 9338 
9429 9240 9241 9340 9339 
9430 9241 9242 9341 9340 
9431 9242 9243 9342 9341 
9432 9243 9244 9343 9342 
9433 9244 9245 9344 9343 
9434 9245 9246 9345 9344 
9435 9246 9247 9346 9345 
9436 9247 9248 9347 9346 
9437 9248 9249 9348 9347 
9438 9249 9250 9349 9348 
9439 9250 9251 9350 9349 
9440 9251 9252 9351 9350 
9441 9252 9253 9352 9351 
9442 9253 9254 9353 9352 
9443 9254 9255 9354 9353 
9444 9255 9256 9355 9354 
9445 9256 9257 9356 9355 
9446 9257 9258 9357 9356 
9447 9258 9259 9358 9357 
9448 9259 9260 9359 9358 
9449 9260 9261 9360 9359 
9450 9261 9262 9361 9360 
9451 9262 9263 9362 9361 
9452 9263 9264 9363 9362 
9453 9264 9265 9364 9363 
9454 9265 9266 9365 9364 
9455 9266 9267 9366 9365 
9456 9267 9268 9367 9366 
9457 9268 9269 9368 9367 
9458 9269 9270 9369 9368 
9459 9270 9271 9370 9369 
9460 9271 9272 9371 9370 
9461 9272 9273 9372 9371 
9462 9273 9274 9373 9372 
9463 9274 9275 9374 9373 
9464 9275 9276 9375 9374 
9465 9276 9277 9376 9375 
9466 9277 9278 9377 9376 
9467 9278 9279 9378 9377 
9468 9279 9280 9379 9378 
9469 9280 9281 9380 9379 
9470 9281 9282 9381 9380 
9471 9282 9283 9382 9381 
9472 9283 9284 9383 9382 
9473 9284 9285 9384 9383 
9474 9285 9286 9385 9384 
9475 9286 9287 9386 9385 
9476 9287 9288 9387 9386 
9477 9288 9289 9388 9387 
9478 9289 9290 9389 9388 
9479 9290 9291 9390 9389 
9480 9291 9292 9391 9390 
9481 9292 9293 9392 9391 
9482 9293 9294 9393 9392 
9483 9294 9295 9394 9393 
9484 9295 9296 9395 9394 
9485 9296 9297 9396 9395 
9486 9297 9298 9397 9396 
9487 9298 9299 9398 9397 
9488 9299 9300 9399 9398 
9489 9300 9301 9400 9399 
9490 9301 9302 9401 9400 
9491 9302 9303 9402 9401 
9492 9303 9304 9403 9402 
9493 9304 9305 9404 9403 
9494 9305 9306 9405 9404 
9495 9306 9307 9406 9405 
9496 9307 9308 9407 9406 
9497 9308 9309 9408 9407 
9498 9309 9310 9409 9408 
9499 9310 9311 9410 9409 
9500 9311 192 193 9410 
9501 411 9312 9411 410 
9502 9312 9313 9412 9411 
9503 9313 9314 9413 9412 
9504 9314 9315 9414 9413 
9505 9315 9316 9415 9414 
9506 9316 9317 9416 9415 
9507 9317 9318 9417 9416 
9508 9318 9319 9418 9417 
9509 9319 9320 9419 9418 
9510 9320 9321 9420 9419 
9511 9321 9322 9421 9420 
9512 9322 9323 9422 9421 
9513 9323 9324 9423 9422 
9514 9324 9325 9424 9423 
9515 9325 9326 9425 9424 
9516 9326 9327 9426 9425 
9517 9327 9328 9427 9426 
9518 9328 9329 9428 9427 
9519 9329 9330 9429 9428 
9520 9330 9331 9430 9429 
9521 9331 9332 9431 9430 
9522 9332 9333 9432 9431 
9523 9333 9334 9433 9432 
9524 9334 9335 9434 9433 
9525 9335 9336 9435 9434 
9526 9336 9337 9436 9435 
9527 9337 9338 9437 9436 
9528 9338 9339 9438 9437 
9529 9339 9340 9439 9438 
9530 9340 9341 9440 9439 
9531 9341 9342 9441 9440 
9532 9342 9343 9442 9441 
9533 9343 9344 9443 9442 
9534 9344 9345 9444 9443 
9535 9345 9346 9445 9444 
9536 9346 9347 9446 9445 
9537 9347 9348 9447 9446 
9538 9348 9349 9448 9447 
9539 9349 9350 9449 9448 
9540 9350 9351 9450 9449 
9541 9351 9352 9451 9450 
9542 9352 9353 9452 9451 
9543 9353 9354 9453 9452 
9544 9354 9355 9454 9453 
9545 9355 9356 9455 9454 
9546 9356 9357 9456 9455 
9547 9357 9358 9457 9456 
9548 9358 9359 9458 9457 
9549 9359 9360 9459 9458 
9550 9360 9361 9460 9459 
9551 9361 9362 9461 9460 
9552 9362 9363 9462 9461 
9553 9363 9364 9463 9462 
9554 9364 9365 9464 9463 
9555 9365 9366 9465 9464 
9556 9366 9367 9466 9465 
9557 9367 9368 9467 9466 
9558 9368 9369 9468 9467 
9559 9369 9370 9469 9468 
9560 9370 9371 9470 9469 
9561 9371 9372 9471 9470 
9562 9372 9373 9472 9471 
9563 9373 9374 9473 9472 
9564 9374 9375 9474 9473 
9565 9375 9376 9475 9474 
9566 9376 9377 9476 9475 
9567 9377 9378 9477 9476 
9568 9378 9379 9478 9477 
9569 9379 9380 9479 9478 
9570 9380 9381 9480 9479 
9571 9381 9382 9481 9480 
9572 9382 9383 9482 9481 
9573 9383 9384 9483 9482 
9574 9384 9385 9484 9483 
9575 9385 9386 9485 9484 
9576 9386 9387 9486 9485 
9577 9387 9388 9487 9486 
9578 9388 9389 9488 9487 
9579 9389 9390 9489 9488 
9580 9390 9391 9490 9489 
9581 9391 9392 9491 9490 
9582 9392 9393 9492 9491 
9583 9393 9394 9493 9492 
9584 9394 9395 9494 9493 
9585 9395 9396 9495 9494 
9586 9396 9397 9496 9495 
9587 9397 9398 9497 9496 
9588 9398 9399 9498 9497 
9589 9399 9400 9499 9498 
9590 9400 9401 9500 9499 
9591 9401 9402 9501 9500 
9592 9402 9403 9502 9501 
9593 9403 9404 9503 9502 
9594 9404 9405 9504 9503 
9595 9405 9406 9505 9504 
9596 9406 9407 9506 9505 
9597 9407 9408 9507 9506 
9598 9408 9409 9508 9507 
9599 9409 9410 9509 9508 
9600 9410 193 194 9509 
9601 410 9411 9510 409 
9602 9411 9412 9511 9510 
9603 9412 9413 9512 9511 
9604 9413 9414 9513 9512 
9605 9414 9415 9514 9513 
9606 9415 9416 9515 9514 
9607 9416 9417 9516 9515 
9608 9417 9418 9517 9516 
9609 9418 9419 9518 9517 
9610 9419 9420 9519 9518 
9611 9420 9421 9520 9519 
9612 9421 9422 9521 9520 
9613 9422 9423 9522 9521 
9614 9423 9424 9523 9522 
9615 9424 9425 9524 9523 
9616 9425 9426 9525 9524 
9617 9426 9427 9526 9525 
9618 9427 9428 9527 9526 
9619 9428 9429 9528 9527 
9620 9429 9430 9529 9528 
9621 9430 9431 9530 9529 
9622 9431 9432 9531 9530 
9623 9432 9433 9532 9531 
9624 9433 9434 9533 9532 
9625 9434 9435 9534 9533 
9626 9435 9436 9535 9534 
9627 9436 9437 9536 9535 
9628 9437 9438 9537 9536 
9629 9438 9439 9538 9537 
9630 9439 9440 9539 9538 
9631 9440 9441 9540 9539 
9632 9441 9442 9541 9540 
9633 9442 9443 9542 9541 
9634 9443 9444 9543 9542 
9635 9444 9445 9544 9543 
9636 9445 9446 9545 9544 
9637 9446 9447 9546 9545 
9638 9447 9448 9547 9546 
9639 9448 9449 9548 9547 
9640 9449 9450 9549 9548 
9641 9450 9451 9550 9549 
9642 9451 9452 9551 9550 
9643 9452 9453 9552 9551 
9644 9453 9454 9553 9552 
9645 9454 9455 9554 9553 
9646 9455 9456 9555 9554 
9647 9456 9457 9556 9555 
9648 9457 9458 9557 9556 
9649 9458 9459 9558 9557 
9650 9459 9460 9559 9558 
9651 9460 9461 9560 9559 
9652 9461 9462 9561 9560 
9653 9462 9463 9562 9561 
9654 9463 9464 9563 9562 
9655 9464 9465 9564 9563 
9656 9465 9466 9565 9564 
9657 9466 9467 9566 9565 
9658 9467 9468 9567 9566 
9659 9468 9469 9568 9567 
9660 9469 9470 9569 9568 
9661 9470 9471 9570 9569 
9662 9471 9472 9571 9570 
9663 9472 9473 9572 9571 
9664 9473 9474 9573 9572 
9665 9474 9475 9574 9573 
9666 9475 9476 9575 9574 
9667 9476 9477 9576 9575 
9668 9477 9478 9577 9576 
9669 9478 9479 9578 9577 
9670 9479 9480 9579 9578 
9671 9480 9481 9580 9579 
9672 9481 9482 9581 9580 
9673 9482 9483 9582 9581 
9674 9483 9484 9583 9582 
9675 9484 9485 9584 9583 
9676 9485 9486 9585 9584 
9677 9486 9487 9586 9585 
9678 9487 9488 9587 9586 
9679 9488 9489 9588 9587 
9680 9489 9490 9589 9588 
9681 9490 9491 9590 9589 
9682 9491 9492 9591 9590 
9683 9492 9493 9592 9591 
9684 9493 9494 9593 9592 
9685 9494 9495 9594 9593 
9686 9495 9496 9595 9594 
9687 9496 9497 9596 9595 
9688 9497 9498 9597 9596 
9689 9498 9499 9598 9597 
9690 9499 9500 9599 9598 
9691 9500 9501 9600 9599 
9692 9501 9502 9601 9600 
9693 9502 9503 9602 9601 
9694 9503 9504 9603 9602 
9695 9504 9505 9604 9603 
9696 9505 9506 9605 9604 
9697 9506 9507 9606 9605 
9698 9507 9508 9607 9606 
9699 9508 9509 9608 9607 
9700 9509 194 195 9608 
9701 409 9510 9609 408 
9702 9510 9511 9610 9609 
9703 9511 9512 9611 9610 
9704 9512 9513 9612 9611 
9705 9513 9514 9613 9612 
9706 9514 9515 9614 9613 
9707 9515 9516 9615 9614 
9708 9516 9517 9616 9615 
9709 9517 9518 9617 9616 
9710 9518 9519 9618 9617 
9711 9519 9520 9619 9618 
9712 9520 9521 9620 9619 
9713 9521 9522 9621 9620 
9714 9522 9523 9622 9621 
9715 9523 9524 9623 9622 
9716 9524 9525 9624 9623 
9717 9525 9526 9625 9624 
9718 9526 9527 9626 9625 
9719 9527 9528 9627 9626 
9720 9528 9529 9628 9627 
9721 9529 9530 9629 9628 
9722 9530 9531 9630 9629 
9723 9531 9532 9631 9630 
9724 9532 9533 9632 9631 
9725 9533 9534 9633 9632 
9726 9534 9535 9634 9633 
9727 9535 9536 9635 9634 
9728 9536 9537 9636 9635 
9729 9537 9538 9637 9636 
9730 9538 9539 9638 9637 
9731 9539 9540 9639 9638 
9732 9540 9541 9640 9639 
9733 9541 9542 9641 9640 
9734 9542 9543 9642 9641 
9735 9543 9544 9643 9642 
9736 9544 9545 9644 9643 
9737 9545 9546 9645 9644 
9738 9546 9547 9646 9645 
9739 9547 9548 9647 9646 
9740 9548 9549 9648 9647 
9741 9549 9550 9649 9648 
9742 9550 9551 9650 9649 
9743 9551 9552 9651 9650 
9744 9552 9553 9652 9651 
9745 9553 9554 9653 9652 
9746 9554 9555 9654 9653 
9747 9555 9556 9655 9654 
9748 9556 9557 9656 9655 
9749 9557 9558 9657 9656 
9750 9558 9559 9658 9657 
9751 9559 9560 9659 9658 
9752 9560 9561 9660 9659 
9753 9561 9562 9661 9660 
9754 9562 9563 9662 9661 
9755 9563 9564 9663 9662 
9756 9564 9565 9664 9663 
9757 9565 9566 9665 9664 
9758 9566 9567 9666 9665 
9759 9567 9568 9667 9666 
9760 9568 9569 9668 9667 
9761 9569 9570 9669 9668 
9762 9570 9571 9670 9669 
9763 9571 9572 9671 9670 
9764 9572 9573 9672 9671 
9765 9573 9574 9673 9672 
9766 9574 9575 9674 9673 
9767 9575 9576 9675 9674 
9768 9576 9577 9676 9675 
9769 9577 9578 9677 9676 
9770 9578 9579 9678 9677 
9771 9579 9580 9679 9678 
9772 9580 9581 9680 9679 
9773 9581 9582 9681 9680 
9774 9582 9583 9682 9681 
9775 9583 9584 9683 9682 
9776 9584 9585 9684 9683 
9777 9585 9586 9685 9684 
9778 9586 9587 9686 9685 
9779 9587 9588 9687 9686 
9780 9588 9589 9688 9687 
9781 9589 9590 9689 9688 
9782 9590 9591 9690 9689 
9783 9591 9592 9691 9690 
9784 9592 9593 9692 9691 
9785 9593 9594 9693 9692 
9786 9594 9595 9694 9693 
9787 9595 9596 9695 9694 
9788 9596 9597 9696 9695 
9789 9597 9598 9697 9696 
9790 9598 9599 9698 9697 
9791 9599 9600 9699 9698 
9792 9600 9601 9700 9699 
9793 9601 9602 9701 9700 
9794 9602 9603 9702 9701 
9795 9603 9604 9703 9702 
9796 9604 9605 9704 9703 
9797 9605 9606 9705 9704 
9798 9606 9607 9706 9705 
9799 9607 9608 9707 9706 
9800 9608 195 196 9707 
9801 408 9609 9708 407 
9802 9609 9610 9709 9708 
9803 9610 9611 9710 9709 
9804 9611 9612 9711 9710 
9805 9612 9613 9712 9711 
9806 9613 9614 9713 9712 
9807 9614 9615 9714 9713 
9808 9615 9616 9715 9714 
9809 9616 9617 9716 9715 
9810 9617 9618 9717 9716 
9811 9618 9619 9718 9717 
9812 9619 9620 9719 9718 
9813 9620 9621 9720 9719 
9814 9621 9622 9721 9720 
9815 9622 9623 9722 9721 
9816 9623 9624 9723 9722 
9817 9624 9625 9724 9723 
9818 9625 9626 9725 9724 
9819 9626 9627 9726 9725 
9820 9627 9628 9727 9726 
9821 9628 9629 9728 9727 
9822 9629 9630 9729 9728 
9823 9630 9631 9730 9729 
9824 9631 9632 9731 9730 
9825 9632 9633 9732 9731 
9826 9633 9634 9733 9732 
9827 9634 9635 9734 9733 
9828 9635 9636 9735 9734 
9829 9636 9637 9736 9735 
9830 9637 9638 9737 9736 
9831 9638 9639 9738 9737 
9832 9639 9640 9739 9738 
9833 9640 9641 9740 9739 
9834 9641 9642 9741 9740 
9835 9642 9643 9742 9741 
9836 9643 9644 9743 9742 
9837 9644 9645 9744 9743 
9838 9645 9646 9745 9744 
9839 9646 9647 9746 9745 
9840 9647 9648 9747 9746 
9841 9648 9649 9748 9747 
9842 9649 9650 9749 9748 
9843 9650 9651 9750 9749 
9844 9651 9652 9751 9750 
9845 9652 9653 9752 9751 
9846 9653 9654 9753 9752 
9847 9654 9655 9754 9753 
9848 9655 9656 9755 9754 
9849 9656 9657 9756 9755 
9850 9657 9658 9757 9756 
9851 9658 9659 9758 9757 
9852 9659 9660 9759 9758 
9853 9660 9661 9760 9759 
9854 9661 9662 9761 9760 
9855 9662 9663 9762 9761 
9856 9663 9664 9763 9762 
9857 9664 9665 9764 9763 
9858 9665 9666 9765 9764 
9859 9666 9667 9766 9765 
9860 9667 9668 9767 9766 
9861 9668 9669 9768 9767 
9862 9669 9670 9769 9768 
9863 9670 9671 9770 9769 
9864 9671 9672 9771 9770 
9865 9672 9673 9772 9771 
9866 9673 9674 9773 9772 
9867 9674 9675 9774 9773 
9868 9675 9676 9775 9774 
9869 9676 9677 9776 9775 
9870 9677 9678 9777 9776 
9871 9678 9679 9778 9777 
9872 9679 9680 9779 9778 
9873 9680 9681 9780 9779 
9874 9681 9682 9781 9780 
9875 9682 9683 9782 9781 
9876 9683 9684 9783 9782 
9877 9684 9685 9784 9783 
9878 9685 9686 9785 9784 
9879 9686 9687 9786 9785 
9880 9687 9688 9787 9786 
9881 9688 9689 9788 9787 
9882 9689 9690 9789 9788 
9883 9690 9691 9790 9789 
9884 9691 9692 9791 9790 
9885 9692 9693 9792 9791 
9886 9693 9694 9793 9792 
9887 9694 9695 9794 9793 
9888 9695 9696 9795 9794 
9889 9696 9697 9796 9795 
9890 9697 9698 9797 9796 
9891 9698 9699 9798 9797 
9892 9699 9700 9799 9798 
9893 9700 9701 9800 9799 
9894 9701 9702 9801 9800 
9895 9702 9703 9802 9801 
9896 9703 9704 9803 9802 
9897 9704 9705 9804 9803 
9898 9705 9706 9805 9804 
9899 9706 9707 9806 9805 
9900 9707 196 197 9806 
9901 407 9708 9807 406 
9902 9708 9709 9808 9807 
9903 9709 9710 9809 9808 
9904 9710 9711 9810 9809 
9905 9711 9712 9811 9810 
9906 9712 9713 9812 9811 
9907 9713 9714 9813 9812 
9908 9714 9715 9814 9813 
9909 9715 9716 9815 9814 
9910 9716 9717 9816 9815 
9911 9717 9718 9817 9816 
9912 9718 9719 9818 9817 
9913 9719 9720 9819 9818 
9914 9720 9721 9820 9819 
9915 9721 9722 9821 9820 
9916 9722 9723 9822 9821 
9917 9723 9724 9823 9822 
9918 9724 9725 9824 9823 
9919 9725 9726 9825 9824 
9920 9726 9727 9826 9825 
9921 9727 9728 9827 9826 
9922 9728 9729 9828 9827 
9923 9729 9730 9829 9828 
9924 9730 9731 9830 9829 
9925 9731 9732 9831 9830 
9926 9732 9733 9832 9831 
9927 9733 9734 9833 9832 
9928 9734 9735 9834 9833 
9929 9735 9736 9835 9834 
9930 9736 9737 9836 9835 
9931 9737 9738 9837 9836 
9932 9738 9739 9838 9837 
9933 9739 9740 9839 9838 
9934 9740 9741 9840 9839 
9935 9741 9742 9841 9840 
9936 9742 9743 9842 9841 
9937 9743 9744 9843 9842 
9938 9744 9745 9844 9843 
9939 9745 9746 9845 9844 
9940 9746 9747 9846 9845 
9941 9747 9748 9847 9846 
9942 9748 9749 9848 9847 
9943 9749 9750 9849 9848 
9944 9750 9751 9850 9849 
9945 9751 9752 9851 9850 
9946 9752 9753 9852 9851 
9947 9753 9754 9853 9852 
9948 9754 9755 9854 9853 
9949 9755 9756 9855 9854 
9950 9756 9757 9856 9855 
9951 9757 9758 9857 9856 
9952 9758 9759 9858 9857 
9953 9759 9760 9859 9858 
9954 9760 9761 9860 9859 
9955 9761 9762 9861 9860 
9956 9762 9763 9862 9861 
9957 9763 9764 9863 9862 
9958 9764 9765 9864 9863 
9959 9765 9766 9865 9864 
9960 9766 9767 9866 9865 
9961 9767 9768 9867 9866 
9962 9768 9769 9868 9867 
9963 9769 9770 9869 9868 
9964 9770 9771 9870 9869 
9965 9771 9772 9871 9870 
9966 9772 9773 9872 9871 
9967 9773 9774 9873 9872 
9968 9774 9775 9874 9873 
9969 9775 9776 9875 9874 
9970 9776 9777 9876 9875 
9971 9777 9778 9877 9876 
9972 9778 9779 9878 9877 
9973 9779 9780 9879 9878 
9974 9780 9781 9880 9879 
9975 9781 9782 9881 9880 
9976 9782 9783 9882 9881 
9977 9783 9784 9883 9882 
9978 9784 9785 9884 9883 
9979 9785 9786 9885 9884 
9980 9786 9787 9886 9885 
9981 9787 9788 9887 9886 
9982 9788 9789 9888 9887 
9983 9789 9790 9889 9888 
9984 9790 9791 9890 9889 
9985 9791 9792 9891 9890 
9986 9792 9793 9892 9891 
9987 9793 9794 9893 9892 
9988 9794 9795 9894 9893 
9989 9795 9796 9895 9894 
9990 9796 9797 9896 9895 
9991 9797 9798 9897 9896 
9992 9798 9799 9898 9897 
9993 9799 9800 9899 9898 
9994 9800 9801 9900 9899 
9995 9801 9802 9901 9900 
9996 9802 9803 9902 9901 
9997 9803 9804 9903 9902 
9998 9804 9805 9904 9903 
9999 9805 9806 9905 9904 
10000 9806 197 198 9905 
10001 406 9807 9906 405 
10002 9807 9808 9907 9906 
10003 9808 9809 9908 9907 
10004 9809 9810 9909 9908 
10005 9810 9811 9910 9909 
10006 9811 9812 9911 9910 
10007 9812 9813 9912 9911 
10008 9813 9814 9913 9912 
10009 9814 9815 9914 9913 
10010 9815 9816 9915 9914 
10011 9816 9817 9916 9915 
10012 9817 9818 9917 9916 
10013 9818 9819 9918 9917 
10014 9819 9820 9919 9918 
10015 9820 9821 9920 9919 
10016 9821 9822 9921 9920 
10017 9822 9823 9922 9921 
10018 9823 9824 9923 9922 
10019 9824 9825 9924 9923 
10020 9825 9826 9925 9924 
10021 9826 9827 9926 9925 
10022 9827 9828 9927 9926 
10023 9828 9829 9928 9927 
10024 9829 9830 9929 9928 
10025 9830 9831 9930 9929 
10026 9831 9832 9931 9930 
10027 9832 9833 9932 9931 
10028 9833 9834 9933 9932 
10029 9834 9835 9934 9933 
10030 9835 9836 9935 9934 
10031 9836 9837 9936 9935 
10032 9837 9838 9937 9936 
10033 9838 9839 9938 9937 
10034 9839 9840 9939 9938 
10035 9840 9841 9940 9939 
10036 9841 9842 9941 9940 
10037 9842 9843 9942 9941 
10038 9843 9844 9943 9942 
10039 9844 9845 9944 9943 
10040 9845 9846 9945 9944 
10041 9846 9847 9946 9945 
10042 9847 9848 9947 9946 
10043 9848 9849 9948 9947 
10044 9849 9850 9949 9948 
10045 9850 9851 9950 9949 
10046 9851 9852 9951 9950 
10047 9852 9853 9952 9951 
10048 9853 9854 9953 9952 
10049 9854 9855 9954 9953 
10050 9855 9856 9955 9954 
10051 9856 9857 9956 9955 
10052 9857 9858 9957 9956 
10053 9858 9859 9958 9957 
10054 9859 9860 9959 9958 
10055 9860 9861 9960 9959 
10056 9861 9862 9961 9960 
10057 9862 9863 9962 9961 
10058 9863 9864 9963 9962 
10059 9864 9865 9964 9963 
10060 9865 9866 9965 9964 
10061 9866 9867 9966 9965 
10062 9867 9868 9967 9966 
10063 9868 9869 9968 9967 
10064 9869 9870 9969 9968 
10065 9870 9871 9970 9969 
10066 9871 9872 9971 9970 
10067 9872 9873 9972 9971 
10068 9873 9874 9973 9972 
10069 9874 9875 9974 9973 
10070 9875 9876 9975 9974 
10071 9876 9877 9976 9975 
10072 9877 9878 9977 9976 
10073 9878 9879 9978 9977 
10074 9879 9880 9979 9978 
10075 9880 9881 9980 9979 
10076 9881 9882 9981 9980 
10077 9882 9883 9982 9981 
10078 9883 9884 9983 9982 
10079 9884 9885 9984 9983 
10080 9885 9886 9985 9984 
10081 9886 9887 9986 9985 
10082 9887 9888 9987 9986 
10083 9888 9889 9988 9987 
10084 9889 9890 9989 9988 
10085 9890 9891 9990 9989 
10086 9891 9892 9991 9990 
10087 9892 9893 9992 9991 
10088 9893 9894 9993 9992 
10089 9894 9895 9994 9993 
10090 9895 9896 9995 9994 
10091 9896 9897 9996 9995 
10092 9897 9898 9997 9996 
10093 9898 9899 9998 9997 
10094 9899 9900 9999 9998 
10095 9900 9901 10000 9999 
10096 9901 9902 10001 10000 
10097 9902 9903 10002 10001 
10098 9903 9904 10003 10002 
10099 9904 9905 10004 10003 
10100 9905 198 199 10004 
10101 405 9906 10005 404 
10102 9906 9907 10006 10005 
10103 9907 9908 10007 10006 
10104 9908 9909 10008 10007 
10105 9909 9910 10009 10008 
10106 9910 9911 10010 10009 
10107 9911 9912 10011 10010 
10108 9912 9913 10012 10011 
10109 9913 9914 10013 10012 
10110 9914 9915 10014 10013 
10111 9915 9916 10015 10014 
10112 9916 9917 10016 10015 
10113 9917 9918 10017 10016 
10114 9918 9919 10018 10017 
10115 9919 9920 10019 10018 
10116 9920 9921 10020 10019 
10117 9921 9922 10021 10020 
10118 9922 9923 10022 10021 
10119 9923 9924 10023 10022 
10120 9924 9925 10024 10023 
10121 9925 9926 10025 10024 
10122 9926 9927 10026 10025 
10123 9927 9928 10027 10026 
10124 9928 9929 10028 10027 
10125 9929 9930 10029 10028 
10126 9930 9931 10030 10029 
10127 9931 9932 10031 10030 
10128 9932 9933 10032 10031 
10129 9933 9934 10033 10032 
10130 9934 9935 10034 10033 
10131 9935 9936 10035 10034 
10132 9936 9937 10036 10035 
10133 9937 9938 10037 10036 
10134 9938 9939 10038 10037 
10135 9939 9940 10039 10038 
10136 9940 9941 10040 10039 
10137 9941 9942 10041 10040 
10138 9942 9943 10042 10041 
10139 9943 9944 10043 10042 
10140 9944 9945 10044 10043 
10141 9945 9946 10045 10044 
10142 9946 9947 10046 10045 
10143 9947 9948 10047 10046 
10144 9948 9949 10048 10047 
10145 9949 9950 10049 10048 
10146 9950 9951 10050 10049 
10147 9951 9952 10051 10050 
10148 9952 9953 10052 10051 
10149 9953 9954 10053 10052 
10150 9954 9955 10054 10053 
10151 9955 9956 10055 10054 
10152 9956 9957 10056 10055 
10153 9957 9958 10057 10056 
10154 9958 9959 10058 10057 
10155 9959 9960 10059 10058 
10156 9960 9961 10060 10059 
10157 9961 9962 10061 10060 
10158 9962 9963 10062 10061 
10159 9963 9964 10063 10062 
10160 9964 9965 10064 10063 
10161 9965 9966 10065 10064 
10162 9966 9967 10066 10065 
10163 9967 9968 10067 10066 
10164 9968 9969 10068 10067 
10165 9969 9970 10069 10068 
10166 9970 9971 10070 10069 
10167 9971 9972 10071 10070 
10168 9972 9973 10072 10071 
10169 9973 9974 10073 10072 
10170 9974 9975 10074 10073 
10171 9975 9976 10075 10074 
10172 9976 9977 10076 10075 
10173 9977 9978 10077 10076 
10174 9978 9979 10078 10077 
10175 9979 9980 10079 10078 
10176 9980 9981 10080 10079 
10177 9981 9982 10081 10080 
10178 9982 9983 10082 10081 
10179 9983 9984 10083 10082 
10180 9984 9985 10084 10083 
10181 9985 9986 10085 10084 
10182 9986 9987 10086 10085 
10183 9987 9988 10087 10086 
10184 9988 9989 10088 10087 
10185 9989 9990 10089 10088 
10186 9990 9991 10090 10089 
10187 9991 9992 10091 10090 
10188 9992 9993 10092 10091 
10189 9993 9994 10093 10092 
10190 9994 9995 10094 10093 
10191 9995 9996 10095 10094 
10192 9996 9997 10096 10095 
10193 9997 9998 10097 10096 
10194 9998 9999 10098 10097 
10195 9999 10000 10099 10098 
10196 10000 10001 10100 10099 
10197 10001 10002 10101 10100 
10198 10002 10003 10102 10101 
10199 10003 10004 10103 10102 
10200 10004 199 200 10103 
10201 404 10005 10104 403 
10202 10005 10006 10105 10104 
10203 10006 10007 10106 10105 
10204 10007 10008 10107 10106 
10205 10008 10009 10108 10107 
10206 10009 10010 10109 10108 
10207 10010 10011 10110 10109 
10208 10011 10012 10111 10110 
10209 10012 10013 10112 10111 
10210 10013 10014 10113 10112 
10211 10014 10015 10114 10113 
10212 10015 10016 10115 10114 
10213 10016 10017 10116 10115 
10214 10017 10018 10117 10116 
10215 10018 10019 10118 10117 
10216 10019 10020 10119 10118 
10217 10020 10021 10120 10119 
10218 10021 10022 10121 10120 
10219 10022 10023 10122 10121 
10220 10023 10024 10123 10122 
10221 10024 10025 10124 10123 
10222 10025 10026 10125 10124 
10223 10026 10027 10126 10125 
10224 10027 10028 10127 10126 
10225 10028 10029 10128 10127 
10226 10029 10030 10129 10128 
10227 10030 10031 10130 10129 
10228 10031 10032 10131 10130 
10229 10032 10033 10132 10131 
10230 10033 10034 10133 10132 
10231 10034 10035 10134 10133 
10232 10035 10036 10135 10134 
10233 10036 10037 10136 10135 
10234 10037 10038 10137 10136 
10235 10038 10039 10138 10137 
10236 10039 10040 10139 10138 
10237 10040 10041 10140 10139 
10238 10041 10042 10141 10140 
10239 10042 10043 10142 10141 
10240 10043 10044 10143 10142 
10241 10044 10045 10144 10143 
10242 10045 10046 10145 10144 
10243 10046 10047 10146 10145 
10244 10047 10048 10147 10146 
10245 10048 10049 10148 10147 
10246 10049 10050 10149 10148 
10247 10050 10051 10150 10149 
10248 10051 10052 10151 10150 
10249 10052 10053 10152 10151 
10250 10053 10054 10153 10152 
10251 10054 10055 10154 10153 
10252 10055 10056 10155 10154 
10253 10056 10057 10156 10155 
10254 10057 10058 10157 10156 
10255 10058 10059 10158 10157 
10256 10059 10060 10159 10158 
10257 10060 10061 10160 10159 
10258 10061 10062 10161 10160 
10259 10062 10063 10162 10161 
10260 10063 10064 10163 10162 
10261 10064 10065 10164 10163 
10262 10065 10066 10165 10164 
10263 10066 10067 10166 10165 
10264 10067 10068 10167 10166 
10265 10068 10069 10168 10167 
10266 10069 10070 10169 10168 
10267 10070 10071 10170 10169 
10268 10071 10072 10171 10170 
10269 10072 10073 10172 10171 
10270 10073 10074 10173 10172 
10271 10074 10075 10174 10173 
10272 10075 10076 10175 10174 
10273 10076 10077 10176 10175 
10274 10077 10078 10177 10176 
10275 10078 10079 10178 10177 
10276 10079 10080 10179 10178 
10277 10080 10081 10180 10179 
10278 10081 10082 10181 10180 
10279 10082 10083 10182 10181 
10280 10083 10084 10183 10182 
10281 10084 10085 10184 10183 
10282 10085 10086 10185 10184 
10283 10086 10087 10186 10185 
10284 10087 10088 10187 10186 
10285 10088 10089 10188 10187 
10286 10089 10090 10189 10188 
10287 10090 10091 10190 10189 
10288 10091 10092 10191 10190 
10289 10092 10093 10192 10191 
10290 10093 10094 10193 10192 
10291 10094 10095 10194 10193 
10292 10095 10096 10195 10194 
10293 10096 10097 10196 10195 
10294 10097 10098 10197 10196 
10295 10098 10099 10198 10197 
10296 10099 10100 10199 10198 
10297 10100 10101 10200 10199 
10298 10101 10102 10201 10200 
10299 10102 10103 10202 10201 
10300 10103 200 201 10202 
10301 403 10104 10203 402 
10302 10104 10105 10204 10203 
10303 10105 10106 10205 10204 
10304 10106 10107 10206 10205 
10305 10107 10108 10207 10206 
10306 10108 10109 10208 10207 
10307 10109 10110 10209 10208 
10308 10110 10111 10210 10209 
10309 10111 10112 10211 10210 
10310 10112 10113 10212 10211 
10311 10113 10114 10213 10212 
10312 10114 10115 10214 10213 
10313 10115 10116 10215 10214 
10314 10116 10117 10216 10215 
10315 10117 10118 10217 10216 
10316 10118 10119 10218 10217 
10317 10119 10120 10219 10218 
10318 10120 10121 10220 10219 
10319 10121 10122 10221 10220 
10320 10122 10123 10222 10221 
10321 10123 10124 10223 10222 
10322 10124 10125 10224 10223 
10323 10125 10126 10225 10224 
10324 10126 10127 10226 10225 
10325 10127 10128 10227 10226 
10326 10128 10129 10228 10227 
10327 10129 10130 10229 10228 
10328 10130 10131 10230 10229 
10329 10131 10132 10231 10230 
10330 10132 10133 10232 10231 
10331 10133 10134 10233 10232 
10332 10134 10135 10234 10233 
10333 10135 10136 10235 10234 
10334 10136 10137 10236 10235 
10335 10137 10138 10237 10236 
10336 10138 10139 10238 10237 
10337 10139 10140 10239 10238 
10338 10140 10141 10240 10239 
10339 10141 10142 10241 10240 
10340 10142 10143 10242 10241 
10341 10143 10144 10243 10242 
10342 10144 10145 10244 10243 
10343 10145 10146 10245 10244 
10344 10146 10147 10246 10245 
10345 10147 10148 10247 10246 
10346 10148 10149 10248 10247 
10347 10149 10150 10249 10248 
10348 10150 10151 10250 10249 
10349 10151 10152 10251 10250 
10350 10152 10153 10252 10251 
10351 10153 10154 10253 10252 
10352 10154 10155 10254 10253 
10353 10155 10156 10255 10254 
10354 10156 10157 10256 10255 
10355 10157 10158 10257 10256 
10356 10158 10159 10258 10257 
10357 10159 10160 10259 10258 
10358 10160 10161 10260 10259 
10359 10161 10162 10261 10260 
10360 10162 10163 10262 10261 
10361 10163 10164 10263 10262 
10362 10164 10165 10264 10263 
10363 10165 10166 10265 10264 
10364 10166 10167 10266 10265 
10365 10167 10168 10267 10266 
10366 10168 10169 10268 10267 
10367 10169 10170 10269 10268 
10368 10170 10171 10270 10269 
10369 10171 10172 10271 10270 
10370 10172 10173 10272 10271 
10371 10173 10174 10273 10272 
10372 10174 10175 10274 10273 
10373 10175 10176 10275 10274 
10374 10176 10177 10276 10275 
10375 10177 10178 10277 10276 
10376 10178 10179 10278 10277 
10377 10179 10180 10279 10278 
10378 10180 10181 10280 10279 
10379 10181 10182 10281 10280 
10380 10182 10183 10282 10281 
10381 10183 10184 10283 10282 
10382 10184 10185 10284 10283 
10383 10185 10186 10285 10284 
10384 10186 10187 10286 10285 
10385 10187 10188 10287 10286 
10386 10188 10189 10288 10287 
10387 10189 10190 10289 10288 
10388 10190 10191 10290 10289 
10389 10191 10192 10291 10290 
10390 10192 10193 10292 10291 
10391 10193 10194 10293 10292 
10392 10194 10195 10294 10293 
10393 10195 10196 10295 10294 
10394 10196 10197 10296 10295 
10395 10197 10198 10297 10296 
10396 10198 10199 10298 10297 
10397 10199 10200 10299 10298 
10398 10200 10201 10300 10299 
10399 10201 10202 10301 10300 
10400 10202 201 202 10301 
10401 402 10203 10302 401 
10402 10203 10204 10303 10302 
10403 10204 10205 10304 10303 
10404 10205 10206 10305 10304 
10405 10206 10207 10306 10305 
10406 10207 10208 10307 10306 
10407 10208 10209 10308 10307 
10408 10209 10210 10309 10308 
10409 10210 10211 10310 10309 
10410 10211 10212 10311 10310 
10411 10212 10213 10312 10311 
10412 10213 10214 10313 10312 
10413 10214 10215 10314 10313 
10414 10215 10216 10315 10314 
10415 10216 10217 10316 10315 
10416 10217 10218 10317 10316 
10417 10218 10219 10318 10317 
10418 10219 10220 10319 10318 
10419 10220 10221 10320 10319 
10420 10221 10222 10321 10320 
10421 10222 10223 10322 10321 
10422 10223 10224 10323 10322 
10423 10224 10225 10324 10323 
10424 10225 10226 10325 10324 
10425 10226 10227 10326 10325 
10426 10227 10228 10327 10326 
10427 10228 10229 10328 10327 
10428 10229 10230 10329 10328 
10429 10230 10231 10330 10329 
10430 10231 10232 10331 10330 
10431 10232 10233 10332 10331 
10432 10233 10234 10333 10332 
10433 10234 10235 10334 10333 
10434 10235 10236 10335 10334 
10435 10236 10237 10336 10335 
10436 10237 10238 10337 10336 
10437 10238 10239 10338 10337 
10438 10239 10240 10339 10338 
10439 10240 10241 10340 10339 
10440 10241 10242 10341 10340 
10441 10242 10243 10342 10341 
10442 10243 10244 10343 10342 
10443 10244 10245 10344 10343 
10444 10245 10246 10345 10344 
10445 10246 10247 10346 10345 
10446 10247 10248 10347 10346 
10447 10248 10249 10348 10347 
10448 10249 10250 10349 10348 
10449 10250 10251 10350 10349 
10450 10251 10252 10351 10350 
10451 10252 10253 10352 10351 
10452 10253 10254 10353 10352 
10453 10254 10255 10354 10353 
10454 10255 10256 10355 10354 
10455 10256 10257 10356 10355 
10456 10257 10258 10357 10356 
10457 10258 10259 10358 10357 
10458 10259 10260 10359 10358 
10459 10260 10261 10360 10359 
10460 10261 10262 10361 10360 
10461 10262 10263 10362 10361 
10462 10263 10264 10363 10362 
10463 10264 10265 10364 10363 
10464 10265 10266 10365 10364 
10465 10266 10267 10366 10365 
10466 10267 10268 10367 10366 
10467 10268 10269 10368 10367 
10468 10269 10270 10369 10368 
10469 10270 10271 10370 10369 
10470 10271 10272 10371 10370 
10471 10272 10273 10372 10371 
10472 10273 10274 10373 10372 
10473 10274 10275 10374 10373 
10474 10275 10276 10375 10374 
10475 10276 10277 10376 10375 
10476 10277 10278 10377 10376 
10477 10278 10279 10378 10377 
10478 10279 10280 10379 10378 
10479 10280 10281 10380 10379 
10480 10281 10282 10381 10380 
10481 10282 10283 10382 10381 
10482 10283 10284 10383 10382 
10483 10284 10285 10384 10383 
10484 10285 10286 10385 10384 
10485 10286 10287 10386 10385 
10486 10287 10288 10387 10386 
10487 10288 10289 10388 10387 
10488 10289 10290 10389 10388 
10489 10290 10291 10390 10389 
10490 10291 10292 10391 10390 
10491 10292 10293 10392 10391 
10492 10293 10294 10393 10392 
10493 10294 10295 10394 10393 
10494 10295 10296 10395 10394 
10495 10296 10297 10396 10395 
10496 10297 10298 10397 10396 
10497 10298 10299 10398 10397 
10498 10299 10300 10399 10398 
10499 10300 10301 10400 10399 
10500 10301 202 203 10400 
10501 401 10302 10401 400 
10502 10302 10303 10402 10401 
10503 10303 10304 10403 10402 
10504 10304 10305 10404 10403 
10505 10305 10306 10405 10404 
10506 10306 10307 10406 10405 
10507 10307 10308 10407 10406 
10508 10308 10309 10408 10407 
10509 10309 10310 10409 10408 
10510 10310 10311 10410 10409 
10511 10311 10312 10411 10410 
10512 10312 10313 10412 10411 
10513 10313 10314 10413 10412 
10514 10314 10315 10414 10413 
10515 10315 10316 10415 10414 
10516 10316 10317 10416 10415 
10517 10317 10318 10417 10416 
10518 10318 10319 10418 10417 
10519 10319 10320 10419 10418 
10520 10320 10321 10420 10419 
10521 10321 10322 10421 10420 
10522 10322 10323 10422 10421 
10523 10323 10324 10423 10422 
10524 10324 10325 10424 10423 
10525 10325 10326 10425 10424 
10526 10326 10327 10426 10425 
10527 10327 10328 10427 10426 
10528 10328 10329 10428 10427 
10529 10329 10330 10429 10428 
10530 10330 10331 10430 10429 
10531 10331 10332 10431 10430 
10532 10332 10333 10432 10431 
10533 10333 10334 10433 10432 
10534 10334 10335 10434 10433 
10535 10335 10336 10435 10434 
10536 10336 10337 10436 10435 
10537 10337 10338 10437 10436 
10538 10338 10339 10438 10437 
10539 10339 10340 10439 10438 
10540 10340 10341 10440 10439 
10541 10341 10342 10441 10440 
10542 10342 10343 10442 10441 
10543 10343 10344 10443 10442 
10544 10344 10345 10444 10443 
10545 10345 10346 10445 10444 
10546 10346 10347 10446 10445 
10547 10347 10348 10447 10446 
10548 10348 10349 10448 10447 
10549 10349 10350 10449 10448 
10550 10350 10351 10450 10449 
10551 10351 10352 10451 10450 
10552 10352 10353 10452 10451 
10553 10353 10354 10453 10452 
10554 10354 10355 10454 10453 
10555 10355 10356 10455 10454 
10556 10356 10357 10456 10455 
10557 10357 10358 10457 10456 
10558 10358 10359 10458 10457 
10559 10359 10360 10459 10458 
10560 10360 10361 10460 10459 
10561 10361 10362 10461 10460 
10562 10362 10363 10462 10461 
10563 10363 10364 10463 10462 
10564 10364 10365 10464 10463 
10565 10365 10366 10465 10464 
10566 10366 10367 10466 10465 
10567 10367 10368 10467 10466 
10568 10368 10369 10468 10467 
10569 10369 10370 10469 10468 
10570 10370 10371 10470 10469 
10571 10371 10372 10471 10470 
10572 10372 10373 10472 10471 
10573 10373 10374 10473 10472 
10574 10374 10375 10474 10473 
10575 10375 10376 10475 10474 
10576 10376 10377 10476 10475 
10577 10377 10378 10477 10476 
10578 10378 10379 10478 10477 
10579 10379 10380 10479 10478 
10580 10380 10381 10480 10479 
10581 10381 10382 10481 10480 
10582 10382 10383 10482 10481 
10583 10383 10384 10483 10482 
10584 10384 10385 10484 10483 
10585 10385 10386 10485 10484 
10586 10386 10387 10486 10485 
10587 10387 10388 10487 10486 
10588 10388 10389 10488 10487 
10589 10389 10390 10489 10488 
10590 10390 10391 10490 10489 
10591 10391 10392 10491 10490 
10592 10392 10393 10492 10491 
10593 10393 10394 10493 10492 
10594 10394 10395 10494 10493 
10595 10395 10396 10495 10494 
10596 10396 10397 10496 10495 
10597 10397 10398 10497 10496 
10598 10398 10399 10498 10497 
10599 10399 10400 10499 10498 
10600 10400 203 204 10499 
10601 400 10401 10500 399 
10602 10401 10402 10501 10500 
10603 10402 10403 10502 10501 
10604 10403 10404 10503 10502 
10605 10404 10405 10504 10503 
10606 10405 10406 10505 10504 
10607 10406 10407 10506 10505 
10608 10407 10408 10507 10506 
10609 10408 10409 10508 10507 
10610 10409 10410 10509 10508 
10611 10410 10411 10510 10509 
10612 10411 10412 10511 10510 
10613 10412 10413 10512 10511 
10614 10413 10414 10513 10512 
10615 10414 10415 10514 10513 
10616 10415 10416 10515 10514 
10617 10416 10417 10516 10515 
10618 10417 10418 10517 10516 
10619 10418 10419 10518 10517 
10620 10419 10420 10519 10518 
10621 10420 10421 10520 10519 
10622 10421 10422 10521 10520 
10623 10422 10423 10522 10521 
10624 10423 10424 10523 10522 
10625 10424 10425 10524 10523 
10626 10425 10426 10525 10524 
10627 10426 10427 10526 10525 
10628 10427 10428 10527 10526 
10629 10428 10429 10528 10527 
10630 10429 10430 10529 10528 
10631 10430 10431 10530 10529 
10632 10431 10432 10531 10530 
10633 10432 10433 10532 10531 
10634 10433 10434 10533 10532 
10635 10434 10435 10534 10533 
10636 10435 10436 10535 10534 
10637 10436 10437 10536 10535 
10638 10437 10438 10537 10536 
10639 10438 10439 10538 10537 
10640 10439 10440 10539 10538 
10641 10440 10441 10540 10539 
10642 10441 10442 10541 10540 
10643 10442 10443 10542 10541 
10644 10443 10444 10543 10542 
10645 10444 10445 10544 10543 
10646 10445 10446 10545 10544 
10647 10446 10447 10546 10545 
10648 10447 10448 10547 10546 
10649 10448 10449 10548 10547 
10650 10449 10450 10549 10548 
10651 10450 10451 10550 10549 
10652 10451 10452 10551 10550 
10653 10452 10453 10552 10551 
10654 10453 10454 10553 10552 
10655 10454 10455 10554 10553 
10656 10455 10456 10555 10554 
10657 10456 10457 10556 10555 
10658 10457 10458 10557 10556 
10659 10458 10459 10558 10557 
10660 10459 10460 10559 10558 
10661 10460 10461 10560 10559 
10662 10461 10462 10561 10560 
10663 10462 10463 10562 10561 
10664 10463 10464 10563 10562 
10665 10464 10465 10564 10563 
10666 10465 10466 10565 10564 
10667 10466 10467 10566 10565 
10668 10467 10468 10567 10566 
10669 10468 10469 10568 10567 
10670 10469 10470 10569 10568 
10671 10470 10471 10570 10569 
10672 10471 10472 10571 10570 
10673 10472 10473 10572 10571 
10674 10473 10474 10573 10572 
10675 10474 10475 10574 10573 
10676 10475 10476 10575 10574 
10677 10476 10477 10576 10575 
10678 10477 10478 10577 10576 
10679 10478 10479 10578 10577 
10680 10479 10480 10579 10578 
10681 10480 10481 10580 10579 
10682 10481 10482 10581 10580 
10683 10482 10483 10582 10581 
10684 10483 10484 10583 10582 
10685 10484 10485 10584 10583 
10686 10485 10486 10585 10584 
10687 10486 10487 10586 10585 
10688 10487 10488 10587 10586 
10689 10488 10489 10588 10587 
10690 10489 10490 10589 10588 
10691 10490 10491 10590 10589 
10692 10491 10492 10591 10590 
10693 10492 10493 10592 10591 
10694 10493 10494 10593 10592 
10695 10494 10495 10594 10593 
10696 10495 10496 10595 10594 
10697 10496 10497 10596 10595 
10698 10497 10498 10597 10596 
10699 10498 10499 10598 10597 
10700 10499 204 205 10598 
10701 399 10500 10599 398 
10702 10500 10501 10600 10599 
10703 10501 10502 10601 10600 
10704 10502 10503 10602 10601 
10705 10503 10504 10603 10602 
10706 10504 10505 10604 10603 
10707 10505 10506 10605 10604 
10708 10506 10507 10606 10605 
10709 10507 10508 10607 10606 
10710 10508 10509 10608 10607 
10711 10509 10510 10609 10608 
10712 10510 10511 10610 10609 
10713 10511 10512 10611 10610 
10714 10512 10513 10612 10611 
10715 10513 10514 10613 10612 
10716 10514 10515 10614 10613 
10717 10515 10516 10615 10614 
10718 10516 10517 10616 10615 
10719 10517 10518 10617 10616 
10720 10518 10519 10618 10617 
10721 10519 10520 10619 10618 
10722 10520 10521 10620 10619 
10723 10521 10522 10621 10620 
10724 10522 10523 10622 10621 
10725 10523 10524 10623 10622 
10726 10524 10525 10624 10623 
10727 10525 10526 10625 10624 
10728 10526 10527 10626 10625 
10729 10527 10528 10627 10626 
10730 10528 10529 10628 10627 
10731 10529 10530 10629 10628 
10732 10530 10531 10630 10629 
10733 10531 10532 10631 10630 
10734 10532 10533 10632 10631 
10735 10533 10534 10633 10632 
10736 10534 10535 10634 10633 
10737 10535 10536 10635 10634 
10738 10536 10537 10636 10635 
10739 10537 10538 10637 10636 
10740 10538 10539 10638 10637 
10741 10539 10540 10639 10638 
10742 10540 10541 10640 10639 
10743 10541 10542 10641 10640 
10744 10542 10543 10642 10641 
10745 10543 10544 10643 10642 
10746 10544 10545 10644 10643 
10747 10545 10546 10645 10644 
10748 10546 10547 10646 10645 
10749 10547 10548 10647 10646 
10750 10548 10549 10648 10647 
10751 10549 10550 10649 10648 
10752 10550 10551 10650 10649 
10753 10551 10552 10651 10650 
10754 10552 10553 10652 10651 
10755 10553 10554 10653 10652 
10756 10554 10555 10654 10653 
10757 10555 10556 10655 10654 
10758 10556 10557 10656 10655 
10759 10557 10558 10657 10656 
10760 10558 10559 10658 10657 
10761 10559 10560 10659 10658 
10762 10560 10561 10660 10659 
10763 10561 10562 10661 10660 
10764 10562 10563 10662 10661 
10765 10563 10564 10663 10662 
10766 10564 10565 10664 10663 
10767 10565 10566 10665 10664 
10768 10566 10567 10666 10665 
10769 10567 10568 10667 10666 
10770 10568 10569 10668 10667 
10771 10569 10570 10669 10668 
10772 10570 10571 10670 10669 
10773 10571 10572 10671 10670 
10774 10572 10573 10672 10671 
10775 10573 10574 10673 10672 
10776 10574 10575 10674 10673 
10777 10575 10576 10675 10674 
10778 10576 10577 10676 10675 
10779 10577 10578 10677 10676 
10780 10578 10579 10678 10677 
10781 10579 10580 10679 10678 
10782 10580 10581 10680 10679 
10783 10581 10582 10681 10680 
10784 10582 10583 10682 10681 
10785 10583 10584 10683 10682 
10786 10584 10585 10684 10683 
10787 10585 10586 10685 10684 
10788 10586 10587 10686 10685 
10789 10587 10588 10687 10686 
10790 10588 10589 10688 10687 
10791 10589 10590 10689 10688 
10792 10590 10591 10690 10689 
10793 10591 10592 10691 10690 
10794 10592 10593 10692 10691 
10795 10593 10594 10693 10692 
10796 10594 10595 10694 10693 
10797 10595 10596 10695 10694 
10798 10596 10597 10696 10695 
10799 10597 10598 10697 10696 
10800 10598 205 206 10697 
10801 398 10599 10698 397 
10802 10599 10600 10699 10698 
10803 10600 10601 10700 10699 
10804 10601 10602 10701 10700 
10805 10602 10603 10702 10701 
10806 10603 10604 10703 10702 
10807 10604 10605 10704 10703 
10808 10605 10606 10705 10704 
10809 10606 10607 10706 10705 
10810 10607 10608 10707 10706 
10811 10608 10609 10708 10707 
10812 10609 10610 10709 10708 
10813 10610 10611 10710 10709 
10814 10611 10612 10711 10710 
10815 10612 10613 10712 10711 
10816 10613 10614 10713 10712 
10817 10614 10615 10714 10713 
10818 10615 10616 10715 10714 
10819 10616 10617 10716 10715 
10820 10617 10618 10717 10716 
10821 10618 10619 10718 10717 
10822 10619 10620 10719 10718 
10823 10620 10621 10720 10719 
10824 10621 10622 10721 10720 
10825 10622 10623 10722 10721 
10826 10623 10624 10723 10722 
10827 10624 10625 10724 10723 
10828 10625 10626 10725 10724 
10829 10626 10627 10726 10725 
10830 10627 10628 10727 10726 
10831 10628 10629 10728 10727 
10832 10629 10630 10729 10728 
10833 10630 10631 10730 10729 
10834 10631 10632 10731 10730 
10835 10632 10633 10732 10731 
10836 10633 10634 10733 10732 
10837 10634 10635 10734 10733 
10838 10635 10636 10735 10734 
10839 10636 10637 10736 10735 
10840 10637 10638 10737 10736 
10841 10638 10639 10738 10737 
10842 10639 10640 10739 10738 
10843 10640 10641 10740 10739 
10844 10641 10642 10741 10740 
10845 10642 10643 10742 10741 
10846 10643 10644 10743 10742 
10847 10644 10645 10744 10743 
10848 10645 10646 10745 10744 
10849 10646 10647 10746 10745 
10850 10647 10648 10747 10746 
10851 10648 10649 10748 10747 
10852 10649 10650 10749 10748 
10853 10650 10651 10750 10749 
10854 10651 10652 10751 10750 
10855 10652 10653 10752 10751 
10856 10653 10654 10753 10752 
10857 10654 10655 10754 10753 
10858 10655 10656 10755 10754 
10859 10656 10657 10756 10755 
10860 10657 10658 10757 10756 
10861 10658 10659 10758 10757 
10862 10659 10660 10759 10758 
10863 10660 10661 10760 10759 
10864 10661 10662 10761 10760 
10865 10662 10663 10762 10761 
10866 10663 10664 10763 10762 
10867 10664 10665 10764 10763 
10868 10665 10666 10765 10764 
10869 10666 10667 10766 10765 
10870 10667 10668 10767 10766 
10871 10668 10669 10768 10767 
10872 10669 10670 10769 10768 
10873 10670 10671 10770 10769 
10874 10671 10672 10771 10770 
10875 10672 10673 10772 10771 
10876 10673 10674 10773 10772 
10877 10674 10675 10774 10773 
10878 10675 10676 10775 10774 
10879 10676 10677 10776 10775 
10880 10677 10678 10777 10776 
10881 10678 10679 10778 10777 
10882 10679 10680 10779 10778 
10883 10680 10681 10780 10779 
10884 10681 10682 10781 10780 
10885 10682 10683 10782 10781 
10886 10683 10684 10783 10782 
10887 10684 10685 10784 10783 
10888 10685 10686 10785 10784 
10889 10686 10687 10786 10785 
10890 10687 10688 10787 10786 
10891 10688 10689 10788 10787 
10892 10689 10690 10789 10788 
10893 10690 10691 10790 10789 
10894 10691 10692 10791 10790 
10895 10692 10693 10792 10791 
10896 10693 10694 10793 10792 
10897 10694 10695 10794 10793 
10898 10695 10696 10795 10794 
10899 10696 10697 10796 10795 
10900 10697 206 207 10796 
10901 397 10698 10797 396 
10902 10698 10699 10798 10797 
10903 10699 10700 10799 10798 
10904 10700 10701 10800 10799 
10905 10701 10702 10801 10800 
10906 10702 10703 10802 10801 
10907 10703 10704 10803 10802 
10908 10704 10705 10804 10803 
10909 10705 10706 10805 10804 
10910 10706 10707 10806 10805 
10911 10707 10708 10807 10806 
10912 10708 10709 10808 10807 
10913 10709 10710 10809 10808 
10914 10710 10711 10810 10809 
10915 10711 10712 10811 10810 
10916 10712 10713 10812 10811 
10917 10713 10714 10813 10812 
10918 10714 10715 10814 10813 
10919 10715 10716 10815 10814 
10920 10716 10717 10816 10815 
10921 10717 10718 10817 10816 
10922 10718 10719 10818 10817 
10923 10719 10720 10819 10818 
10924 10720 10721 10820 10819 
10925 10721 10722 10821 10820 
10926 10722 10723 10822 10821 
10927 10723 10724 10823 10822 
10928 10724 10725 10824 10823 
10929 10725 10726 10825 10824 
10930 10726 10727 10826 10825 
10931 10727 10728 10827 10826 
10932 10728 10729 10828 10827 
10933 10729 10730 10829 10828 
10934 10730 10731 10830 10829 
10935 10731 10732 10831 10830 
10936 10732 10733 10832 10831 
10937 10733 10734 10833 10832 
10938 10734 10735 10834 10833 
10939 10735 10736 10835 10834 
10940 10736 10737 10836 10835 
10941 10737 10738 10837 10836 
10942 10738 10739 10838 10837 
10943 10739 10740 10839 10838 
10944 10740 10741 10840 10839 
10945 10741 10742 10841 10840 
10946 10742 10743 10842 10841 
10947 10743 10744 10843 10842 
10948 10744 10745 10844 10843 
10949 10745 10746 10845 10844 
10950 10746 10747 10846 10845 
10951 10747 10748 10847 10846 
10952 10748 10749 10848 10847 
10953 10749 10750 10849 10848 
10954 10750 10751 10850 10849 
10955 10751 10752 10851 10850 
10956 10752 10753 10852 10851 
10957 10753 10754 10853 10852 
10958 10754 10755 10854 10853 
10959 10755 10756 10855 10854 
10960 10756 10757 10856 10855 
10961 10757 10758 10857 10856 
10962 10758 10759 10858 10857 
10963 10759 10760 10859 10858 
10964 10760 10761 10860 10859 
10965 10761 10762 10861 10860 
10966 10762 10763 10862 10861 
10967 10763 10764 10863 10862 
10968 10764 10765 10864 10863 
10969 10765 10766 10865 10864 
10970 10766 10767 10866 10865 
10971 10767 10768 10867 10866 
10972 10768 10769 10868 10867 
10973 10769 10770 10869 10868 
10974 10770 10771 10870 10869 
10975 10771 10772 10871 10870 
10976 10772 10773 10872 10871 
10977 10773 10774 10873 10872 
10978 10774 10775 10874 10873 
10979 10775 10776 10875 10874 
10980 10776 10777 10876 10875 
10981 10777 10778 10877 10876 
10982 10778 10779 10878 10877 
10983 10779 10780 10879 10878 
10984 10780 10781 10880 10879 
10985 10781 10782 10881 10880 
10986 10782 10783 10882 10881 
10987 10783 10784 10883 10882 
10988 10784 10785 10884 10883 
10989 10785 10786 10885 10884 
10990 10786 10787 10886 10885 
10991 10787 10788 10887 10886 
10992 10788 10789 10888 10887 
10993 10789 10790 10889 10888 
10994 10790 10791 10890 10889 
10995 10791 10792 10891 10890 
10996 10792 10793 10892 10891 
10997 10793 10794 10893 10892 
10998 10794 10795 10894 10893 
10999 10795 10796 10895 10894 
11000 10796 207 208 10895 
11001 396 10797 10896 395 
11002 10797 10798 10897 10896 
11003 10798 10799 10898 10897 
11004 10799 10800 10899 10898 
11005 10800 10801 10900 10899 
11006 10801 10802 10901 10900 
11007 10802 10803 10902 10901 
11008 10803 10804 10903 10902 
11009 10804 10805 10904 10903 
11010 10805 10806 10905 10904 
11011 10806 10807 10906 10905 
11012 10807 10808 10907 10906 
11013 10808 10809 10908 10907 
11014 10809 10810 10909 10908 
11015 10810 10811 10910 10909 
11016 10811 10812 10911 10910 
11017 10812 10813 10912 10911 
11018 10813 10814 10913 10912 
11019 10814 10815 10914 10913 
11020 10815 10816 10915 10914 
11021 10816 10817 10916 10915 
11022 10817 10818 10917 10916 
11023 10818 10819 10918 10917 
11024 10819 10820 10919 10918 
11025 10820 10821 10920 10919 
11026 10821 10822 10921 10920 
11027 10822 10823 10922 10921 
11028 10823 10824 10923 10922 
11029 10824 10825 10924 10923 
11030 10825 10826 10925 10924 
11031 10826 10827 10926 10925 
11032 10827 10828 10927 10926 
11033 10828 10829 10928 10927 
11034 10829 10830 10929 10928 
11035 10830 10831 10930 10929 
11036 10831 10832 10931 10930 
11037 10832 10833 10932 10931 
11038 10833 10834 10933 10932 
11039 10834 10835 10934 10933 
11040 10835 10836 10935 10934 
11041 10836 10837 10936 10935 
11042 10837 10838 10937 10936 
11043 10838 10839 10938 10937 
11044 10839 10840 10939 10938 
11045 10840 10841 10940 10939 
11046 10841 10842 10941 10940 
11047 10842 10843 10942 10941 
11048 10843 10844 10943 10942 
11049 10844 10845 10944 10943 
11050 10845 10846 10945 10944 
11051 10846 10847 10946 10945 
11052 10847 10848 10947 10946 
11053 10848 10849 10948 10947 
11054 10849 10850 10949 10948 
11055 10850 10851 10950 10949 
11056 10851 10852 10951 10950 
11057 10852 10853 10952 10951 
11058 10853 10854 10953 10952 
11059 10854 10855 10954 10953 
11060 10855 10856 10955 10954 
11061 10856 10857 10956 10955 
11062 10857 10858 10957 10956 
11063 10858 10859 10958 10957 
11064 10859 10860 10959 10958 
11065 10860 10861 10960 10959 
11066 10861 10862 10961 10960 
11067 10862 10863 10962 10961 
11068 10863 10864 10963 10962 
11069 10864 10865 10964 10963 
11070 10865 10866 10965 10964 
11071 10866 10867 10966 10965 
11072 10867 10868 10967 10966 
11073 10868 10869 10968 10967 
11074 10869 10870 10969 10968 
11075 10870 10871 10970 10969 
11076 10871 10872 10971 10970 
11077 10872 10873 10972 10971 
11078 10873 10874 10973 10972 
11079 10874 10875 10974 10973 
11080 10875 10876 10975 10974 
11081 10876 10877 10976 10975 
11082 10877 10878 10977 10976 
11083 10878 10879 10978 10977 
11084 10879 10880 10979 10978 
11085 10880 10881 10980 10979 
11086 10881 10882 10981 10980 
11087 10882 10883 10982 10981 
11088 10883 10884 10983 10982 
11089 10884 10885 10984 10983 
11090 10885 10886 10985 10984 
11091 10886 10887 10986 10985 
11092 10887 10888 10987 10986 
11093 10888 10889 10988 10987 
11094 10889 10890 10989 10988 
11095 10890 10891 10990 10989 
11096 10891 10892 10991 10990 
11097 10892 10893 10992 10991 
11098 10893 10894 10993 10992 
11099 10894 10895 10994 10993 
11100 10895 208 209 10994 
11101 395 10896 10995 394 
11102 10896 10897 10996 10995 
11103 10897 10898 10997 10996 
11104 10898 10899 10998 10997 
11105 10899 10900 10999 10998 
11106 10900 10901 11000 10999 
11107 10901 10902 11001 11000 
11108 10902 10903 11002 11001 
11109 10903 10904 11003 11002 
11110 10904 10905 11004 11003 
11111 10905 10906 11005 11004 
11112 10906 10907 11006 11005 
11113 10907 10908 11007 11006 
11114 10908 10909 11008 11007 
11115 10909 10910 11009 11008 
11116 10910 10911 11010 11009 
11117 10911 10912 11011 11010 
11118 10912 10913 11012 11011 
11119 10913 10914 11013 11012 
11120 10914 10915 11014 11013 
11121 10915 10916 11015 11014 
11122 10916 10917 11016 11015 
11123 10917 10918 11017 11016 
11124 10918 10919 11018 11017 
11125 10919 10920 11019 11018 
11126 10920 10921 11020 11019 
11127 10921 10922 11021 11020 
11128 10922 10923 11022 11021 
11129 10923 10924 11023 11022 
11130 10924 10925 11024 11023 
11131 10925 10926 11025 11024 
11132 10926 10927 11026 11025 
11133 10927 10928 11027 11026 
11134 10928 10929 11028 11027 
11135 10929 10930 11029 11028 
11136 10930 10931 11030 11029 
11137 10931 10932 11031 11030 
11138 10932 10933 11032 11031 
11139 10933 10934 11033 11032 
11140 10934 10935 11034 11033 
11141 10935 10936 11035 11034 
11142 10936 10937 11036 11035 
11143 10937 10938 11037 11036 
11144 10938 10939 11038 11037 
11145 10939 10940 11039 11038 
11146 10940 10941 11040 11039 
11147 10941 10942 11041 11040 
11148 10942 10943 11042 11041 
11149 10943 10944 11043 11042 
11150 10944 10945 11044 11043 
11151 10945 10946 11045 11044 
11152 10946 10947 11046 11045 
11153 10947 10948 11047 11046 
11154 10948 10949 11048 11047 
11155 10949 10950 11049 11048 
11156 10950 10951 11050 11049 
11157 10951 10952 11051 11050 
11158 10952 10953 11052 11051 
11159 10953 10954 11053 11052 
11160 10954 10955 11054 11053 
11161 10955 10956 11055 11054 
11162 10956 10957 11056 11055 
11163 10957 10958 11057 11056 
11164 10958 10959 11058 11057 
11165 10959 10960 11059 11058 
11166 10960 10961 11060 11059 
11167 10961 10962 11061 11060 
11168 10962 10963 11062 11061 
11169 10963 10964 11063 11062 
11170 10964 10965 11064 11063 
11171 10965 10966 11065 11064 
11172 10966 10967 11066 11065 
11173 10967 10968 11067 11066 
11174 10968 10969 11068 11067 
11175 10969 10970 11069 11068 
11176 10970 10971 11070 11069 
11177 10971 10972 11071 11070 
11178 10972 10973 11072 11071 
11179 10973 10974 11073 11072 
11180 10974 10975 11074 11073 
11181 10975 10976 11075 11074 
11182 10976 10977 11076 11075 
11183 10977 10978 11077 11076 
11184 10978 10979 11078 11077 
11185 10979 10980 11079 11078 
11186 10980 10981 11080 11079 
11187 10981 10982 11081 11080 
11188 10982 10983 11082 11081 
11189 10983 10984 11083 11082 
11190 10984 10985 11084 11083 
11191 10985 10986 11085 11084 
11192 10986 10987 11086 11085 
11193 10987 10988 11087 11086 
11194 10988 10989 11088 11087 
11195 10989 10990 11089 11088 
11196 10990 10991 11090 11089 
11197 10991 10992 11091 11090 
11198 10992 10993 11092 11091 
11199 10993 10994 11093 11092 
11200 10994 209 210 11093 
11201 394 10995 11094 393 
11202 10995 10996 11095 11094 
11203 10996 10997 11096 11095 
11204 10997 10998 11097 11096 
11205 10998 10999 11098 11097 
11206 10999 11000 11099 11098 
11207 11000 11001 11100 11099 
11208 11001 11002 11101 11100 
11209 11002 11003 11102 11101 
11210 11003 11004 11103 11102 
11211 11004 11005 11104 11103 
11212 11005 11006 11105 11104 
11213 11006 11007 11106 11105 
11214 11007 11008 11107 11106 
11215 11008 11009 11108 11107 
11216 11009 11010 11109 11108 
11217 11010 11011 11110 11109 
11218 11011 11012 11111 11110 
11219 11012 11013 11112 11111 
11220 11013 11014 11113 11112 
11221 11014 11015 11114 11113 
11222 11015 11016 11115 11114 
11223 11016 11017 11116 11115 
11224 11017 11018 11117 11116 
11225 11018 11019 11118 11117 
11226 11019 11020 11119 11118 
11227 11020 11021 11120 11119 
11228 11021 11022 11121 11120 
11229 11022 11023 11122 11121 
11230 11023 11024 11123 11122 
11231 11024 11025 11124 11123 
11232 11025 11026 11125 11124 
11233 11026 11027 11126 11125 
11234 11027 11028 11127 11126 
11235 11028 11029 11128 11127 
11236 11029 11030 11129 11128 
11237 11030 11031 11130 11129 
11238 11031 11032 11131 11130 
11239 11032 11033 11132 11131 
11240 11033 11034 11133 11132 
11241 11034 11035 11134 11133 
11242 11035 11036 11135 11134 
11243 11036 11037 11136 11135 
11244 11037 11038 11137 11136 
11245 11038 11039 11138 11137 
11246 11039 11040 11139 11138 
11247 11040 11041 11140 11139 
11248 11041 11042 11141 11140 
11249 11042 11043 11142 11141 
11250 11043 11044 11143 11142 
11251 11044 11045 11144 11143 
11252 11045 11046 11145 11144 
11253 11046 11047 11146 11145 
11254 11047 11048 11147 11146 
11255 11048 11049 11148 11147 
11256 11049 11050 11149 11148 
11257 11050 11051 11150 11149 
11258 11051 11052 11151 11150 
11259 11052 11053 11152 11151 
11260 11053 11054 11153 11152 
11261 11054 11055 11154 11153 
11262 11055 11056 11155 11154 
11263 11056 11057 11156 11155 
11264 11057 11058 11157 11156 
11265 11058 11059 11158 11157 
11266 11059 11060 11159 11158 
11267 11060 11061 11160 11159 
11268 11061 11062 11161 11160 
11269 11062 11063 11162 11161 
11270 11063 11064 11163 11162 
11271 11064 11065 11164 11163 
11272 11065 11066 11165 11164 
11273 11066 11067 11166 11165 
11274 11067 11068 11167 11166 
11275 11068 11069 11168 11167 
11276 11069 11070 11169 11168 
11277 11070 11071 11170 11169 
11278 11071 11072 11171 11170 
11279 11072 11073 11172 11171 
11280 11073 11074 11173 11172 
11281 11074 11075 11174 11173 
11282 11075 11076 11175 11174 
11283 11076 11077 11176 11175 
11284 11077 11078 11177 11176 
11285 11078 11079 11178 11177 
11286 11079 11080 11179 11178 
11287 11080 11081 11180 11179 
11288 11081 11082 11181 11180 
11289 11082 11083 11182 11181 
11290 11083 11084 11183 11182 
11291 11084 11085 11184 11183 
11292 11085 11086 11185 11184 
11293 11086 11087 11186 11185 
11294 11087 11088 11187 11186 
11295 11088 11089 11188 11187 
11296 11089 11090 11189 11188 
11297 11090 11091 11190 11189 
11298 11091 11092 11191 11190 
11299 11092 11093 11192 11191 
11300 11093 210 211 11192 
11301 393 11094 11193 392 
11302 11094 11095 11194 11193 
11303 11095 11096 11195 11194 
11304 11096 11097 11196 11195 
11305 11097 11098 11197 11196 
11306 11098 11099 11198 11197 
11307 11099 11100 11199 11198 
11308 11100 11101 11200 11199 
11309 11101 11102 11201 11200 
11310 11102 11103 11202 11201 
11311 11103 11104 11203 11202 
11312 11104 11105 11204 11203 
11313 11105 11106 11205 11204 
11314 11106 11107 11206 11205 
11315 11107 11108 11207 11206 
11316 11108 11109 11208 11207 
11317 11109 11110 11209 11208 
11318 11110 11111 11210 11209 
11319 11111 11112 11211 11210 
11320 11112 11113 11212 11211 
11321 11113 11114 11213 11212 
11322 11114 11115 11214 11213 
11323 11115 11116 11215 11214 
11324 11116 11117 11216 11215 
11325 11117 11118 11217 11216 
11326 11118 11119 11218 11217 
11327 11119 11120 11219 11218 
11328 11120 11121 11220 11219 
11329 11121 11122 11221 11220 
11330 11122 11123 11222 11221 
11331 11123 11124 11223 11222 
11332 11124 11125 11224 11223 
11333 11125 11126 11225 11224 
11334 11126 11127 11226 11225 
11335 11127 11128 11227 11226 
11336 11128 11129 11228 11227 
11337 11129 11130 11229 11228 
11338 11130 11131 11230 11229 
11339 11131 11132 11231 11230 
11340 11132 11133 11232 11231 
11341 11133 11134 11233 11232 
11342 11134 11135 11234 11233 
11343 11135 11136 11235 11234 
11344 11136 11137 11236 11235 
11345 11137 11138 11237 11236 
11346 11138 11139 11238 11237 
11347 11139 11140 11239 11238 
11348 11140 11141 11240 11239 
11349 11141 11142 11241 11240 
11350 11142 11143 11242 11241 
11351 11143 11144 11243 11242 
11352 11144 11145 11244 11243 
11353 11145 11146 11245 11244 
11354 11146 11147 11246 11245 
11355 11147 11148 11247 11246 
11356 11148 11149 11248 11247 
11357 11149 11150 11249 11248 
11358 11150 11151 11250 11249 
11359 11151 11152 11251 11250 
11360 11152 11153 11252 11251 
11361 11153 11154 11253 11252 
11362 11154 11155 11254 11253 
11363 11155 11156 11255 11254 
11364 11156 11157 11256 11255 
11365 11157 11158 11257 11256 
11366 11158 11159 11258 11257 
11367 11159 11160 11259 11258 
11368 11160 11161 11260 11259 
11369 11161 11162 11261 11260 
11370 11162 11163 11262 11261 
11371 11163 11164 11263 11262 
11372 11164 11165 11264 11263 
11373 11165 11166 11265 11264 
11374 11166 11167 11266 11265 
11375 11167 11168 11267 11266 
11376 11168 11169 11268 11267 
11377 11169 11170 11269 11268 
11378 11170 11171 11270 11269 
11379 11171 11172 11271 11270 
11380 11172 11173 11272 11271 
11381 11173 11174 11273 11272 
11382 11174 11175 11274 11273 
11383 11175 11176 11275 11274 
11384 11176 11177 11276 11275 
11385 11177 11178 11277 11276 
11386 11178 11179 11278 11277 
11387 11179 11180 11279 11278 
11388 11180 11181 11280 11279 
11389 11181 11182 11281 11280 
11390 11182 11183 11282 11281 
11391 11183 11184 11283 11282 
11392 11184 11185 11284 11283 
11393 11185 11186 11285 11284 
11394 11186 11187 11286 11285 
11395 11187 11188 11287 11286 
11396 11188 11189 11288 11287 
11397 11189 11190 11289 11288 
11398 11190 11191 11290 11289 
11399 11191 11192 11291 11290 
11400 11192 211 212 11291 
11401 392 11193 11292 391 
11402 11193 11194 11293 11292 
11403 11194 11195 11294 11293 
11404 11195 11196 11295 11294 
11405 11196 11197 11296 11295 
11406 11197 11198 11297 11296 
11407 11198 11199 11298 11297 
11408 11199 11200 11299 11298 
11409 11200 11201 11300 11299 
11410 11201 11202 11301 11300 
11411 11202 11203 11302 11301 
11412 11203 11204 11303 11302 
11413 11204 11205 11304 11303 
11414 11205 11206 11305 11304 
11415 11206 11207 11306 11305 
11416 11207 11208 11307 11306 
11417 11208 11209 11308 11307 
11418 11209 11210 11309 11308 
11419 11210 11211 11310 11309 
11420 11211 11212 11311 11310 
11421 11212 11213 11312 11311 
11422 11213 11214 11313 11312 
11423 11214 11215 11314 11313 
11424 11215 11216 11315 11314 
11425 11216 11217 11316 11315 
11426 11217 11218 11317 11316 
11427 11218 11219 11318 11317 
11428 11219 11220 11319 11318 
11429 11220 11221 11320 11319 
11430 11221 11222 11321 11320 
11431 11222 11223 11322 11321 
11432 11223 11224 11323 11322 
11433 11224 11225 11324 11323 
11434 11225 11226 11325 11324 
11435 11226 11227 11326 11325 
11436 11227 11228 11327 11326 
11437 11228 11229 11328 11327 
11438 11229 11230 11329 11328 
11439 11230 11231 11330 11329 
11440 11231 11232 11331 11330 
11441 11232 11233 11332 11331 
11442 11233 11234 11333 11332 
11443 11234 11235 11334 11333 
11444 11235 11236 11335 11334 
11445 11236 11237 11336 11335 
11446 11237 11238 11337 11336 
11447 11238 11239 11338 11337 
11448 11239 11240 11339 11338 
11449 11240 11241 11340 11339 
11450 11241 11242 11341 11340 
11451 11242 11243 11342 11341 
11452 11243 11244 11343 11342 
11453 11244 11245 11344 11343 
11454 11245 11246 11345 11344 
11455 11246 11247 11346 11345 
11456 11247 11248 11347 11346 
11457 11248 11249 11348 11347 
11458 11249 11250 11349 11348 
11459 11250 11251 11350 11349 
11460 11251 11252 11351 11350 
11461 11252 11253 11352 11351 
11462 11253 11254 11353 11352 
11463 11254 11255 11354 11353 
11464 11255 11256 11355 11354 
11465 11256 11257 11356 11355 
11466 11257 11258 11357 11356 
11467 11258 11259 11358 11357 
11468 11259 11260 11359 11358 
11469 11260 11261 11360 11359 
11470 11261 11262 11361 11360 
11471 11262 11263 11362 11361 
11472 11263 11264 11363 11362 
11473 11264 11265 11364 11363 
11474 11265 11266 11365 11364 
11475 11266 11267 11366 11365 
11476 11267 11268 11367 11366 
11477 11268 11269 11368 11367 
11478 11269 11270 11369 11368 
11479 11270 11271 11370 11369 
11480 11271 11272 11371 11370 
11481 11272 11273 11372 11371 
11482 11273 11274 11373 11372 
11483 11274 11275 11374 11373 
11484 11275 11276 11375 11374 
11485 11276 11277 11376 11375 
11486 11277 11278 11377 11376 
11487 11278 11279 11378 11377 
11488 11279 11280 11379 11378 
11489 11280 11281 11380 11379 
11490 11281 11282 11381 11380 
11491 11282 11283 11382 11381 
11492 11283 11284 11383 11382 
11493 11284 11285 11384 11383 
11494 11285 11286 11385 11384 
11495 11286 11287 11386 11385 
11496 11287 11288 11387 11386 
11497 11288 11289 11388 11387 
11498 11289 11290 11389 11388 
11499 11290 11291 11390 11389 
11500 11291 212 213 11390 
11501 391 11292 11391 390 
11502 11292 11293 11392 11391 
11503 11293 11294 11393 11392 
11504 11294 11295 11394 11393 
11505 11295 11296 11395 11394 
11506 11296 11297 11396 11395 
11507 11297 11298 11397 11396 
11508 11298 11299 11398 11397 
11509 11299 11300 11399 11398 
11510 11300 11301 11400 11399 
11511 11301 11302 11401 11400 
11512 11302 11303 11402 11401 
11513 11303 11304 11403 11402 
11514 11304 11305 11404 11403 
11515 11305 11306 11405 11404 
11516 11306 11307 11406 11405 
11517 11307 11308 11407 11406 
11518 11308 11309 11408 11407 
11519 11309 11310 11409 11408 
11520 11310 11311 11410 11409 
11521 11311 11312 11411 11410 
11522 11312 11313 11412 11411 
11523 11313 11314 11413 11412 
11524 11314 11315 11414 11413 
11525 11315 11316 11415 11414 
11526 11316 11317 11416 11415 
11527 11317 11318 11417 11416 
11528 11318 11319 11418 11417 
11529 11319 11320 11419 11418 
11530 11320 11321 11420 11419 
11531 11321 11322 11421 11420 
11532 11322 11323 11422 11421 
11533 11323 11324 11423 11422 
11534 11324 11325 11424 11423 
11535 11325 11326 11425 11424 
11536 11326 11327 11426 11425 
11537 11327 11328 11427 11426 
11538 11328 11329 11428 11427 
11539 11329 11330 11429 11428 
11540 11330 11331 11430 11429 
11541 11331 11332 11431 11430 
11542 11332 11333 11432 11431 
11543 11333 11334 11433 11432 
11544 11334 11335 11434 11433 
11545 11335 11336 11435 11434 
11546 11336 11337 11436 11435 
11547 11337 11338 11437 11436 
11548 11338 11339 11438 11437 
11549 11339 11340 11439 11438 
11550 11340 11341 11440 11439 
11551 11341 11342 11441 11440 
11552 11342 11343 11442 11441 
11553 11343 11344 11443 11442 
11554 11344 11345 11444 11443 
11555 11345 11346 11445 11444 
11556 11346 11347 11446 11445 
11557 11347 11348 11447 11446 
11558 11348 11349 11448 11447 
11559 11349 11350 11449 11448 
11560 11350 11351 11450 11449 
11561 11351 11352 11451 11450 
11562 11352 11353 11452 11451 
11563 11353 11354 11453 11452 
11564 11354 11355 11454 11453 
11565 11355 11356 11455 11454 
11566 11356 11357 11456 11455 
11567 11357 11358 11457 11456 
11568 11358 11359 11458 11457 
11569 11359 11360 11459 11458 
11570 11360 11361 11460 11459 
11571 11361 11362 11461 11460 
11572 11362 11363 11462 11461 
11573 11363 11364 11463 11462 
11574 11364 11365 11464 11463 
11575 11365 11366 11465 11464 
11576 11366 11367 11466 11465 
11577 11367 11368 11467 11466 
11578 11368 11369 11468 11467 
11579 11369 11370 11469 11468 
11580 11370 11371 11470 11469 
11581 11371 11372 11471 11470 
11582 11372 11373 11472 11471 
11583 11373 11374 11473 11472 
11584 11374 11375 11474 11473 
11585 11375 11376 11475 11474 
11586 11376 11377 11476 11475 
11587 11377 11378 11477 11476 
11588 11378 11379 11478 11477 
11589 11379 11380 11479 11478 
11590 11380 11381 11480 11479 
11591 11381 11382 11481 11480 
11592 11382 11383 11482 11481 
11593 11383 11384 11483 11482 
11594 11384 11385 11484 11483 
11595 11385 11386 11485 11484 
11596 11386 11387 11486 11485 
11597 11387 11388 11487 11486 
11598 11388 11389 11488 11487 
11599 11389 11390 11489 11488 
11600 11390 213 214 11489 
11601 390 11391 11490 389 
11602 11391 11392 11491 11490 
11603 11392 11393 11492 11491 
11604 11393 11394 11493 11492 
11605 11394 11395 11494 11493 
11606 11395 11396 11495 11494 
11607 11396 11397 11496 11495 
11608 11397 11398 11497 11496 
11609 11398 11399 11498 11497 
11610 11399 11400 11499 11498 
11611 11400 11401 11500 11499 
11612 11401 11402 11501 11500 
11613 11402 11403 11502 11501 
11614 11403 11404 11503 11502 
11615 11404 11405 11504 11503 
11616 11405 11406 11505 11504 
11617 11406 11407 11506 11505 
11618 11407 11408 11507 11506 
11619 11408 11409 11508 11507 
11620 11409 11410 11509 11508 
11621 11410 11411 11510 11509 
11622 11411 11412 11511 11510 
11623 11412 11413 11512 11511 
11624 11413 11414 11513 11512 
11625 11414 11415 11514 11513 
11626 11415 11416 11515 11514 
11627 11416 11417 11516 11515 
11628 11417 11418 11517 11516 
11629 11418 11419 11518 11517 
11630 11419 11420 11519 11518 
11631 11420 11421 11520 11519 
11632 11421 11422 11521 11520 
11633 11422 11423 11522 11521 
11634 11423 11424 11523 11522 
11635 11424 11425 11524 11523 
11636 11425 11426 11525 11524 
11637 11426 11427 11526 11525 
11638 11427 11428 11527 11526 
11639 11428 11429 11528 11527 
11640 11429 11430 11529 11528 
11641 11430 11431 11530 11529 
11642 11431 11432 11531 11530 
11643 11432 11433 11532 11531 
11644 11433 11434 11533 11532 
11645 11434 11435 11534 11533 
11646 11435 11436 11535 11534 
11647 11436 11437 11536 11535 
11648 11437 11438 11537 11536 
11649 11438 11439 11538 11537 
11650 11439 11440 11539 11538 
11651 11440 11441 11540 11539 
11652 11441 11442 11541 11540 
11653 11442 11443 11542 11541 
11654 11443 11444 11543 11542 
11655 11444 11445 11544 11543 
11656 11445 11446 11545 11544 
11657 11446 11447 11546 11545 
11658 11447 11448 11547 11546 
11659 11448 11449 11548 11547 
11660 11449 11450 11549 11548 
11661 11450 11451 11550 11549 
11662 11451 11452 11551 11550 
11663 11452 11453 11552 11551 
11664 11453 11454 11553 11552 
11665 11454 11455 11554 11553 
11666 11455 11456 11555 11554 
11667 11456 11457 11556 11555 
11668 11457 11458 11557 11556 
11669 11458 11459 11558 11557 
11670 11459 11460 11559 11558 
11671 11460 11461 11560 11559 
11672 11461 11462 11561 11560 
11673 11462 11463 11562 11561 
11674 11463 11464 11563 11562 
11675 11464 11465 11564 11563 
11676 11465 11466 11565 11564 
11677 11466 11467 11566 11565 
11678 11467 11468 11567 11566 
11679 11468 11469 11568 11567 
11680 11469 11470 11569 11568 
11681 11470 11471 11570 11569 
11682 11471 11472 11571 11570 
11683 11472 11473 11572 11571 
11684 11473 11474 11573 11572 
11685 11474 11475 11574 11573 
11686 11475 11476 11575 11574 
11687 11476 11477 11576 11575 
11688 11477 11478 11577 11576 
11689 11478 11479 11578 11577 
11690 11479 11480 11579 11578 
11691 11480 11481 11580 11579 
11692 11481 11482 11581 11580 
11693 11482 11483 11582 11581 
11694 11483 11484 11583 11582 
11695 11484 11485 11584 11583 
11696 11485 11486 11585 11584 
11697 11486 11487 11586 11585 
11698 11487 11488 11587 11586 
11699 11488 11489 11588 11587 
11700 11489 214 215 11588 
11701 389 11490 11589 388 
11702 11490 11491 11590 11589 
11703 11491 11492 11591 11590 
11704 11492 11493 11592 11591 
11705 11493 11494 11593 11592 
11706 11494 11495 11594 11593 
11707 11495 11496 11595 11594 
11708 11496 11497 11596 11595 
11709 11497 11498 11597 11596 
11710 11498 11499 11598 11597 
11711 11499 11500 11599 11598 
11712 11500 11501 11600 11599 
11713 11501 11502 11601 11600 
11714 11502 11503 11602 11601 
11715 11503 11504 11603 11602 
11716 11504 11505 11604 11603 
11717 11505 11506 11605 11604 
11718 11506 11507 11606 11605 
11719 11507 11508 11607 11606 
11720 11508 11509 11608 11607 
11721 11509 11510 11609 11608 
11722 11510 11511 11610 11609 
11723 11511 11512 11611 11610 
11724 11512 11513 11612 11611 
11725 11513 11514 11613 11612 
11726 11514 11515 11614 11613 
11727 11515 11516 11615 11614 
11728 11516 11517 11616 11615 
11729 11517 11518 11617 11616 
11730 11518 11519 11618 11617 
11731 11519 11520 11619 11618 
11732 11520 11521 11620 11619 
11733 11521 11522 11621 11620 
11734 11522 11523 11622 11621 
11735 11523 11524 11623 11622 
11736 11524 11525 11624 11623 
11737 11525 11526 11625 11624 
11738 11526 11527 11626 11625 
11739 11527 11528 11627 11626 
11740 11528 11529 11628 11627 
11741 11529 11530 11629 11628 
11742 11530 11531 11630 11629 
11743 11531 11532 11631 11630 
11744 11532 11533 11632 11631 
11745 11533 11534 11633 11632 
11746 11534 11535 11634 11633 
11747 11535 11536 11635 11634 
11748 11536 11537 11636 11635 
11749 11537 11538 11637 11636 
11750 11538 11539 11638 11637 
11751 11539 11540 11639 11638 
11752 11540 11541 11640 11639 
11753 11541 11542 11641 11640 
11754 11542 11543 11642 11641 
11755 11543 11544 11643 11642 
11756 11544 11545 11644 11643 
11757 11545 11546 11645 11644 
11758 11546 11547 11646 11645 
11759 11547 11548 11647 11646 
11760 11548 11549 11648 11647 
11761 11549 11550 11649 11648 
11762 11550 11551 11650 11649 
11763 11551 11552 11651 11650 
11764 11552 11553 11652 11651 
11765 11553 11554 11653 11652 
11766 11554 11555 11654 11653 
11767 11555 11556 11655 11654 
11768 11556 11557 11656 11655 
11769 11557 11558 11657 11656 
11770 11558 11559 11658 11657 
11771 11559 11560 11659 11658 
11772 11560 11561 11660 11659 
11773 11561 11562 11661 11660 
11774 11562 11563 11662 11661 
11775 11563 11564 11663 11662 
11776 11564 11565 11664 11663 
11777 11565 11566 11665 11664 
11778 11566 11567 11666 11665 
11779 11567 11568 11667 11666 
11780 11568 11569 11668 11667 
11781 11569 11570 11669 11668 
11782 11570 11571 11670 11669 
11783 11571 11572 11671 11670 
11784 11572 11573 11672 11671 
11785 11573 11574 11673 11672 
11786 11574 11575 11674 11673 
11787 11575 11576 11675 11674 
11788 11576 11577 11676 11675 
11789 11577 11578 11677 11676 
11790 11578 11579 11678 11677 
11791 11579 11580 11679 11678 
11792 11580 11581 11680 11679 
11793 11581 11582 11681 11680 
11794 11582 11583 11682 11681 
11795 11583 11584 11683 11682 
11796 11584 11585 11684 11683 
11797 11585 11586 11685 11684 
11798 11586 11587 11686 11685 
11799 11587 11588 11687 11686 
11800 11588 215 216 11687 
11801 388 11589 11688 387 
11802 11589 11590 11689 11688 
11803 11590 11591 11690 11689 
11804 11591 11592 11691 11690 
11805 11592 11593 11692 11691 
11806 11593 11594 11693 11692 
11807 11594 11595 11694 11693 
11808 11595 11596 11695 11694 
11809 11596 11597 11696 11695 
11810 11597 11598 11697 11696 
11811 11598 11599 11698 11697 
11812 11599 11600 11699 11698 
11813 11600 11601 11700 11699 
11814 11601 11602 11701 11700 
11815 11602 11603 11702 11701 
11816 11603 11604 11703 11702 
11817 11604 11605 11704 11703 
11818 11605 11606 11705 11704 
11819 11606 11607 11706 11705 
11820 11607 11608 11707 11706 
11821 11608 11609 11708 11707 
11822 11609 11610 11709 11708 
11823 11610 11611 11710 11709 
11824 11611 11612 11711 11710 
11825 11612 11613 11712 11711 
11826 11613 11614 11713 11712 
11827 11614 11615 11714 11713 
11828 11615 11616 11715 11714 
11829 11616 11617 11716 11715 
11830 11617 11618 11717 11716 
11831 11618 11619 11718 11717 
11832 11619 11620 11719 11718 
11833 11620 11621 11720 11719 
11834 11621 11622 11721 11720 
11835 11622 11623 11722 11721 
11836 11623 11624 11723 11722 
11837 11624 11625 11724 11723 
11838 11625 11626 11725 11724 
11839 11626 11627 11726 11725 
11840 11627 11628 11727 11726 
11841 11628 11629 11728 11727 
11842 11629 11630 11729 11728 
11843 11630 11631 11730 11729 
11844 11631 11632 11731 11730 
11845 11632 11633 11732 11731 
11846 11633 11634 11733 11732 
11847 11634 11635 11734 11733 
11848 11635 11636 11735 11734 
11849 11636 11637 11736 11735 
11850 11637 11638 11737 11736 
11851 11638 11639 11738 11737 
11852 11639 11640 11739 11738 
11853 11640 11641 11740 11739 
11854 11641 11642 11741 11740 
11855 11642 11643 11742 11741 
11856 11643 11644 11743 11742 
11857 11644 11645 11744 11743 
11858 11645 11646 11745 11744 
11859 11646 11647 11746 11745 
11860 11647 11648 11747 11746 
11861 11648 11649 11748 11747 
11862 11649 11650 11749 11748 
11863 11650 11651 11750 11749 
11864 11651 11652 11751 11750 
11865 11652 11653 11752 11751 
11866 11653 11654 11753 11752 
11867 11654 11655 11754 11753 
11868 11655 11656 11755 11754 
11869 11656 11657 11756 11755 
11870 11657 11658 11757 11756 
11871 11658 11659 11758 11757 
11872 11659 11660 11759 11758 
11873 11660 11661 11760 11759 
11874 11661 11662 11761 11760 
11875 11662 11663 11762 11761 
11876 11663 11664 11763 11762 
11877 11664 11665 11764 11763 
11878 11665 11666 11765 11764 
11879 11666 11667 11766 11765 
11880 11667 11668 11767 11766 
11881 11668 11669 11768 11767 
11882 11669 11670 11769 11768 
11883 11670 11671 11770 11769 
11884 11671 11672 11771 11770 
11885 11672 11673 11772 11771 
11886 11673 11674 11773 11772 
11887 11674 11675 11774 11773 
11888 11675 11676 11775 11774 
11889 11676 11677 11776 11775 
11890 11677 11678 11777 11776 
11891 11678 11679 11778 11777 
11892 11679 11680 11779 11778 
11893 11680 11681 11780 11779 
11894 11681 11682 11781 11780 
11895 11682 11683 11782 11781 
11896 11683 11684 11783 11782 
11897 11684 11685 11784 11783 
11898 11685 11686 11785 11784 
11899 11686 11687 11786 11785 
11900 11687 216 217 11786 
11901 387 11688 11787 386 
11902 11688 11689 11788 11787 
11903 11689 11690 11789 11788 
11904 11690 11691 11790 11789 
11905 11691 11692 11791 11790 
11906 11692 11693 11792 11791 
11907 11693 11694 11793 11792 
11908 11694 11695 11794 11793 
11909 11695 11696 11795 11794 
11910 11696 11697 11796 11795 
11911 11697 11698 11797 11796 
11912 11698 11699 11798 11797 
11913 11699 11700 11799 11798 
11914 11700 11701 11800 11799 
11915 11701 11702 11801 11800 
11916 11702 11703 11802 11801 
11917 11703 11704 11803 11802 
11918 11704 11705 11804 11803 
11919 11705 11706 11805 11804 
11920 11706 11707 11806 11805 
11921 11707 11708 11807 11806 
11922 11708 11709 11808 11807 
11923 11709 11710 11809 11808 
11924 11710 11711 11810 11809 
11925 11711 11712 11811 11810 
11926 11712 11713 11812 11811 
11927 11713 11714 11813 11812 
11928 11714 11715 11814 11813 
11929 11715 11716 11815 11814 
11930 11716 11717 11816 11815 
11931 11717 11718 11817 11816 
11932 11718 11719 11818 11817 
11933 11719 11720 11819 11818 
11934 11720 11721 11820 11819 
11935 11721 11722 11821 11820 
11936 11722 11723 11822 11821 
11937 11723 11724 11823 11822 
11938 11724 11725 11824 11823 
11939 11725 11726 11825 11824 
11940 11726 11727 11826 11825 
11941 11727 11728 11827 11826 
11942 11728 11729 11828 11827 
11943 11729 11730 11829 11828 
11944 11730 11731 11830 11829 
11945 11731 11732 11831 11830 
11946 11732 11733 11832 11831 
11947 11733 11734 11833 11832 
11948 11734 11735 11834 11833 
11949 11735 11736 11835 11834 
11950 11736 11737 11836 11835 
11951 11737 11738 11837 11836 
11952 11738 11739 11838 11837 
11953 11739 11740 11839 11838 
11954 11740 11741 11840 11839 
11955 11741 11742 11841 11840 
11956 11742 11743 11842 11841 
11957 11743 11744 11843 11842 
11958 11744 11745 11844 11843 
11959 11745 11746 11845 11844 
11960 11746 11747 11846 11845 
11961 11747 11748 11847 11846 
11962 11748 11749 11848 11847 
11963 11749 11750 11849 11848 
11964 11750 11751 11850 11849 
11965 11751 11752 11851 11850 
11966 11752 11753 11852 11851 
11967 11753 11754 11853 11852 
11968 11754 11755 11854 11853 
11969 11755 11756 11855 11854 
11970 11756 11757 11856 11855 
11971 11757 11758 11857 11856 
11972 11758 11759 11858 11857 
11973 11759 11760 11859 11858 
11974 11760 11761 11860 11859 
11975 11761 11762 11861 11860 
11976 11762 11763 11862 11861 
11977 11763 11764 11863 11862 
11978 11764 11765 11864 11863 
11979 11765 11766 11865 11864 
11980 11766 11767 11866 11865 
11981 11767 11768 11867 11866 
11982 11768 11769 11868 11867 
11983 11769 11770 11869 11868 
11984 11770 11771 11870 11869 
11985 11771 11772 11871 11870 
11986 11772 11773 11872 11871 
11987 11773 11774 11873 11872 
11988 11774 11775 11874 11873 
11989 11775 11776 11875 11874 
11990 11776 11777 11876 11875 
11991 11777 11778 11877 11876 
11992 11778 11779 11878 11877 
11993 11779 11780 11879 11878 
11994 11780 11781 11880 11879 
11995 11781 11782 11881 11880 
11996 11782 11783 11882 11881 
11997 11783 11784 11883 11882 
11998 11784 11785 11884 11883 
11999 11785 11786 11885 11884 
12000 11786 217 218 11885 
12001 386 11787 11886 385 
12002 11787 11788 11887 11886 
12003 11788 11789 11888 11887 
12004 11789 11790 11889 11888 
12005 11790 11791 11890 11889 
12006 11791 11792 11891 11890 
12007 11792 11793 11892 11891 
12008 11793 11794 11893 11892 
12009 11794 11795 11894 11893 
12010 11795 11796 11895 11894 
12011 11796 11797 11896 11895 
12012 11797 11798 11897 11896 
12013 11798 11799 11898 11897 
12014 11799 11800 11899 11898 
12015 11800 11801 11900 11899 
12016 11801 11802 11901 11900 
12017 11802 11803 11902 11901 
12018 11803 11804 11903 11902 
12019 11804 11805 11904 11903 
12020 11805 11806 11905 11904 
12021 11806 11807 11906 11905 
12022 11807 11808 11907 11906 
12023 11808 11809 11908 11907 
12024 11809 11810 11909 11908 
12025 11810 11811 11910 11909 
12026 11811 11812 11911 11910 
12027 11812 11813 11912 11911 
12028 11813 11814 11913 11912 
12029 11814 11815 11914 11913 
12030 11815 11816 11915 11914 
12031 11816 11817 11916 11915 
12032 11817 11818 11917 11916 
12033 11818 11819 11918 11917 
12034 11819 11820 11919 11918 
12035 11820 11821 11920 11919 
12036 11821 11822 11921 11920 
12037 11822 11823 11922 11921 
12038 11823 11824 11923 11922 
12039 11824 11825 11924 11923 
12040 11825 11826 11925 11924 
12041 11826 11827 11926 11925 
12042 11827 11828 11927 11926 
12043 11828 11829 11928 11927 
12044 11829 11830 11929 11928 
12045 11830 11831 11930 11929 
12046 11831 11832 11931 11930 
12047 11832 11833 11932 11931 
12048 11833 11834 11933 11932 
12049 11834 11835 11934 11933 
12050 11835 11836 11935 11934 
12051 11836 11837 11936 11935 
12052 11837 11838 11937 11936 
12053 11838 11839 11938 11937 
12054 11839 11840 11939 11938 
12055 11840 11841 11940 11939 
12056 11841 11842 11941 11940 
12057 11842 11843 11942 11941 
12058 11843 11844 11943 11942 
12059 11844 11845 11944 11943 
12060 11845 11846 11945 11944 
12061 11846 11847 11946 11945 
12062 11847 11848 11947 11946 
12063 11848 11849 11948 11947 
12064 11849 11850 11949 11948 
12065 11850 11851 11950 11949 
12066 11851 11852 11951 11950 
12067 11852 11853 11952 11951 
12068 11853 11854 11953 11952 
12069 11854 11855 11954 11953 
12070 11855 11856 11955 11954 
12071 11856 11857 11956 11955 
12072 11857 11858 11957 11956 
12073 11858 11859 11958 11957 
12074 11859 11860 11959 11958 
12075 11860 11861 11960 11959 
12076 11861 11862 11961 11960 
12077 11862 11863 11962 11961 
12078 11863 11864 11963 11962 
12079 11864 11865 11964 11963 
12080 11865 11866 11965 11964 
12081 11866 11867 11966 11965 
12082 11867 11868 11967 11966 
12083 11868 11869 11968 11967 
12084 11869 11870 11969 11968 
12085 11870 11871 11970 11969 
12086 11871 11872 11971 11970 
12087 11872 11873 11972 11971 
12088 11873 11874 11973 11972 
12089 11874 11875 11974 11973 
12090 11875 11876 11975 11974 
12091 11876 11877 11976 11975 
12092 11877 11878 11977 11976 
12093 11878 11879 11978 11977 
12094 11879 11880 11979 11978 
12095 11880 11881 11980 11979 
12096 11881 11882 11981 11980 
12097 11882 11883 11982 11981 
12098 11883 11884 11983 11982 
12099 11884 11885 11984 11983 
12100 11885 218 219 11984 
12101 385 11886 11985 384 
12102 11886 11887 11986 11985 
12103 11887 11888 11987 11986 
12104 11888 11889 11988 11987 
12105 11889 11890 11989 11988 
12106 11890 11891 11990 11989 
12107 11891 11892 11991 11990 
12108 11892 11893 11992 11991 
12109 11893 11894 11993 11992 
12110 11894 11895 11994 11993 
12111 11895 11896 11995 11994 
12112 11896 11897 11996 11995 
12113 11897 11898 11997 11996 
12114 11898 11899 11998 11997 
12115 11899 11900 11999 11998 
12116 11900 11901 12000 11999 
12117 11901 11902 12001 12000 
12118 11902 11903 12002 12001 
12119 11903 11904 12003 12002 
12120 11904 11905 12004 12003 
12121 11905 11906 12005 12004 
12122 11906 11907 12006 12005 
12123 11907 11908 12007 12006 
12124 11908 11909 12008 12007 
12125 11909 11910 12009 12008 
12126 11910 11911 12010 12009 
12127 11911 11912 12011 12010 
12128 11912 11913 12012 12011 
12129 11913 11914 12013 12012 
12130 11914 11915 12014 12013 
12131 11915 11916 12015 12014 
12132 11916 11917 12016 12015 
12133 11917 11918 12017 12016 
12134 11918 11919 12018 12017 
12135 11919 11920 12019 12018 
12136 11920 11921 12020 12019 
12137 11921 11922 12021 12020 
12138 11922 11923 12022 12021 
12139 11923 11924 12023 12022 
12140 11924 11925 12024 12023 
12141 11925 11926 12025 12024 
12142 11926 11927 12026 12025 
12143 11927 11928 12027 12026 
12144 11928 11929 12028 12027 
12145 11929 11930 12029 12028 
12146 11930 11931 12030 12029 
12147 11931 11932 12031 12030 
12148 11932 11933 12032 12031 
12149 11933 11934 12033 12032 
12150 11934 11935 12034 12033 
12151 11935 11936 12035 12034 
12152 11936 11937 12036 12035 
12153 11937 11938 12037 12036 
12154 11938 11939 12038 12037 
12155 11939 11940 12039 12038 
12156 11940 11941 12040 12039 
12157 11941 11942 12041 12040 
12158 11942 11943 12042 12041 
12159 11943 11944 12043 12042 
12160 11944 11945 12044 12043 
12161 11945 11946 12045 12044 
12162 11946 11947 12046 12045 
12163 11947 11948 12047 12046 
12164 11948 11949 12048 12047 
12165 11949 11950 12049 12048 
12166 11950 11951 12050 12049 
12167 11951 11952 12051 12050 
12168 11952 11953 12052 12051 
12169 11953 11954 12053 12052 
12170 11954 11955 12054 12053 
12171 11955 11956 12055 12054 
12172 11956 11957 12056 12055 
12173 11957 11958 12057 12056 
12174 11958 11959 12058 12057 
12175 11959 11960 12059 12058 
12176 11960 11961 12060 12059 
12177 11961 11962 12061 12060 
12178 11962 11963 12062 12061 
12179 11963 11964 12063 12062 
12180 11964 11965 12064 12063 
12181 11965 11966 12065 12064 
12182 11966 11967 12066 12065 
12183 11967 11968 12067 12066 
12184 11968 11969 12068 12067 
12185 11969 11970 12069 12068 
12186 11970 11971 12070 12069 
12187 11971 11972 12071 12070 
12188 11972 11973 12072 12071 
12189 11973 11974 12073 12072 
12190 11974 11975 12074 12073 
12191 11975 11976 12075 12074 
12192 11976 11977 12076 12075 
12193 11977 11978 12077 12076 
12194 11978 11979 12078 12077 
12195 11979 11980 12079 12078 
12196 11980 11981 12080 12079 
12197 11981 11982 12081 12080 
12198 11982 11983 12082 12081 
12199 11983 11984 12083 12082 
12200 11984 219 220 12083 
12201 384 11985 12084 383 
12202 11985 11986 12085 12084 
12203 11986 11987 12086 12085 
12204 11987 11988 12087 12086 
12205 11988 11989 12088 12087 
12206 11989 11990 12089 12088 
12207 11990 11991 12090 12089 
12208 11991 11992 12091 12090 
12209 11992 11993 12092 12091 
12210 11993 11994 12093 12092 
12211 11994 11995 12094 12093 
12212 11995 11996 12095 12094 
12213 11996 11997 12096 12095 
12214 11997 11998 12097 12096 
12215 11998 11999 12098 12097 
12216 11999 12000 12099 12098 
12217 12000 12001 12100 12099 
12218 12001 12002 12101 12100 
12219 12002 12003 12102 12101 
12220 12003 12004 12103 12102 
12221 12004 12005 12104 12103 
12222 12005 12006 12105 12104 
12223 12006 12007 12106 12105 
12224 12007 12008 12107 12106 
12225 12008 12009 12108 12107 
12226 12009 12010 12109 12108 
12227 12010 12011 12110 12109 
12228 12011 12012 12111 12110 
12229 12012 12013 12112 12111 
12230 12013 12014 12113 12112 
12231 12014 12015 12114 12113 
12232 12015 12016 12115 12114 
12233 12016 12017 12116 12115 
12234 12017 12018 12117 12116 
12235 12018 12019 12118 12117 
12236 12019 12020 12119 12118 
12237 12020 12021 12120 12119 
12238 12021 12022 12121 12120 
12239 12022 12023 12122 12121 
12240 12023 12024 12123 12122 
12241 12024 12025 12124 12123 
12242 12025 12026 12125 12124 
12243 12026 12027 12126 12125 
12244 12027 12028 12127 12126 
12245 12028 12029 12128 12127 
12246 12029 12030 12129 12128 
12247 12030 12031 12130 12129 
12248 12031 12032 12131 12130 
12249 12032 12033 12132 12131 
12250 12033 12034 12133 12132 
12251 12034 12035 12134 12133 
12252 12035 12036 12135 12134 
12253 12036 12037 12136 12135 
12254 12037 12038 12137 12136 
12255 12038 12039 12138 12137 
12256 12039 12040 12139 12138 
12257 12040 12041 12140 12139 
12258 12041 12042 12141 12140 
12259 12042 12043 12142 12141 
12260 12043 12044 12143 12142 
12261 12044 12045 12144 12143 
12262 12045 12046 12145 12144 
12263 12046 12047 12146 12145 
12264 12047 12048 12147 12146 
12265 12048 12049 12148 12147 
12266 12049 12050 12149 12148 
12267 12050 12051 12150 12149 
12268 12051 12052 12151 12150 
12269 12052 12053 12152 12151 
12270 12053 12054 12153 12152 
12271 12054 12055 12154 12153 
12272 12055 12056 12155 12154 
12273 12056 12057 12156 12155 
12274 12057 12058 12157 12156 
12275 12058 12059 12158 12157 
12276 12059 12060 12159 12158 
12277 12060 12061 12160 12159 
12278 12061 12062 12161 12160 
12279 12062 12063 12162 12161 
12280 12063 12064 12163 12162 
12281 12064 12065 12164 12163 
12282 12065 12066 12165 12164 
12283 12066 12067 12166 12165 
12284 12067 12068 12167 12166 
12285 12068 12069 12168 12167 
12286 12069 12070 12169 12168 
12287 12070 12071 12170 12169 
12288 12071 12072 12171 12170 
12289 12072 12073 12172 12171 
12290 12073 12074 12173 12172 
12291 12074 12075 12174 12173 
12292 12075 12076 12175 12174 
12293 12076 12077 12176 12175 
12294 12077 12078 12177 12176 
12295 12078 12079 12178 12177 
12296 12079 12080 12179 12178 
12297 12080 12081 12180 12179 
12298 12081 12082 12181 12180 
12299 12082 12083 12182 12181 
12300 12083 220 221 12182 
12301 383 12084 12183 382 
12302 12084 12085 12184 12183 
12303 12085 12086 12185 12184 
12304 12086 12087 12186 12185 
12305 12087 12088 12187 12186 
12306 12088 12089 12188 12187 
12307 12089 12090 12189 12188 
12308 12090 12091 12190 12189 
12309 12091 12092 12191 12190 
12310 12092 12093 12192 12191 
12311 12093 12094 12193 12192 
12312 12094 12095 12194 12193 
12313 12095 12096 12195 12194 
12314 12096 12097 12196 12195 
12315 12097 12098 12197 12196 
12316 12098 12099 12198 12197 
12317 12099 12100 12199 12198 
12318 12100 12101 12200 12199 
12319 12101 12102 12201 12200 
12320 12102 12103 12202 12201 
12321 12103 12104 12203 12202 
12322 12104 12105 12204 12203 
12323 12105 12106 12205 12204 
12324 12106 12107 12206 12205 
12325 12107 12108 12207 12206 
12326 12108 12109 12208 12207 
12327 12109 12110 12209 12208 
12328 12110 12111 12210 12209 
12329 12111 12112 12211 12210 
12330 12112 12113 12212 12211 
12331 12113 12114 12213 12212 
12332 12114 12115 12214 12213 
12333 12115 12116 12215 12214 
12334 12116 12117 12216 12215 
12335 12117 12118 12217 12216 
12336 12118 12119 12218 12217 
12337 12119 12120 12219 12218 
12338 12120 12121 12220 12219 
12339 12121 12122 12221 12220 
12340 12122 12123 12222 12221 
12341 12123 12124 12223 12222 
12342 12124 12125 12224 12223 
12343 12125 12126 12225 12224 
12344 12126 12127 12226 12225 
12345 12127 12128 12227 12226 
12346 12128 12129 12228 12227 
12347 12129 12130 12229 12228 
12348 12130 12131 12230 12229 
12349 12131 12132 12231 12230 
12350 12132 12133 12232 12231 
12351 12133 12134 12233 12232 
12352 12134 12135 12234 12233 
12353 12135 12136 12235 12234 
12354 12136 12137 12236 12235 
12355 12137 12138 12237 12236 
12356 12138 12139 12238 12237 
12357 12139 12140 12239 12238 
12358 12140 12141 12240 12239 
12359 12141 12142 12241 12240 
12360 12142 12143 12242 12241 
12361 12143 12144 12243 12242 
12362 12144 12145 12244 12243 
12363 12145 12146 12245 12244 
12364 12146 12147 12246 12245 
12365 12147 12148 12247 12246 
12366 12148 12149 12248 12247 
12367 12149 12150 12249 12248 
12368 12150 12151 12250 12249 
12369 12151 12152 12251 12250 
12370 12152 12153 12252 12251 
12371 12153 12154 12253 12252 
12372 12154 12155 12254 12253 
12373 12155 12156 12255 12254 
12374 12156 12157 12256 12255 
12375 12157 12158 12257 12256 
12376 12158 12159 12258 12257 
12377 12159 12160 12259 12258 
12378 12160 12161 12260 12259 
12379 12161 12162 12261 12260 
12380 12162 12163 12262 12261 
12381 12163 12164 12263 12262 
12382 12164 12165 12264 12263 
12383 12165 12166 12265 12264 
12384 12166 12167 12266 12265 
12385 12167 12168 12267 12266 
12386 12168 12169 12268 12267 
12387 12169 12170 12269 12268 
12388 12170 12171 12270 12269 
12389 12171 12172 12271 12270 
12390 12172 12173 12272 12271 
12391 12173 12174 12273 12272 
12392 12174 12175 12274 12273 
12393 12175 12176 12275 12274 
12394 12176 12177 12276 12275 
12395 12177 12178 12277 12276 
12396 12178 12179 12278 12277 
12397 12179 12180 12279 12278 
12398 12180 12181 12280 12279 
12399 12181 12182 12281 12280 
12400 12182 221 222 12281 
12401 382 12183 12282 381 
12402 12183 12184 12283 12282 
12403 12184 12185 12284 12283 
12404 12185 12186 12285 12284 
12405 12186 12187 12286 12285 
12406 12187 12188 12287 12286 
12407 12188 12189 12288 12287 
12408 12189 12190 12289 12288 
12409 12190 12191 12290 12289 
12410 12191 12192 12291 12290 
12411 12192 12193 12292 12291 
12412 12193 12194 12293 12292 
12413 12194 12195 12294 12293 
12414 12195 12196 12295 12294 
12415 12196 12197 12296 12295 
12416 12197 12198 12297 12296 
12417 12198 12199 12298 12297 
12418 12199 12200 12299 12298 
12419 12200 12201 12300 12299 
12420 12201 12202 12301 12300 
12421 12202 12203 12302 12301 
12422 12203 12204 12303 12302 
12423 12204 12205 12304 12303 
12424 12205 12206 12305 12304 
12425 12206 12207 12306 12305 
12426 12207 12208 12307 12306 
12427 12208 12209 12308 12307 
12428 12209 12210 12309 12308 
12429 12210 12211 12310 12309 
12430 12211 12212 12311 12310 
12431 12212 12213 12312 12311 
12432 12213 12214 12313 12312 
12433 12214 12215 12314 12313 
12434 12215 12216 12315 12314 
12435 12216 12217 12316 12315 
12436 12217 12218 12317 12316 
12437 12218 12219 12318 12317 
12438 12219 12220 12319 12318 
12439 12220 12221 12320 12319 
12440 12221 12222 12321 12320 
12441 12222 12223 12322 12321 
12442 12223 12224 12323 12322 
12443 12224 12225 12324 12323 
12444 12225 12226 12325 12324 
12445 12226 12227 12326 12325 
12446 12227 12228 12327 12326 
12447 12228 12229 12328 12327 
12448 12229 12230 12329 12328 
12449 12230 12231 12330 12329 
12450 12231 12232 12331 12330 
12451 12232 12233 12332 12331 
12452 12233 12234 12333 12332 
12453 12234 12235 12334 12333 
12454 12235 12236 12335 12334 
12455 12236 12237 12336 12335 
12456 12237 12238 12337 12336 
12457 12238 12239 12338 12337 
12458 12239 12240 12339 12338 
12459 12240 12241 12340 12339 
12460 12241 12242 12341 12340 
12461 12242 12243 12342 12341 
12462 12243 12244 12343 12342 
12463 12244 12245 12344 12343 
12464 12245 12246 12345 12344 
12465 12246 12247 12346 12345 
12466 12247 12248 12347 12346 
12467 12248 12249 12348 12347 
12468 12249 12250 12349 12348 
12469 12250 12251 12350 12349 
12470 12251 12252 12351 12350 
12471 12252 12253 12352 12351 
12472 12253 12254 12353 12352 
12473 12254 12255 12354 12353 
12474 12255 12256 12355 12354 
12475 12256 12257 12356 12355 
12476 12257 12258 12357 12356 
12477 12258 12259 12358 12357 
12478 12259 12260 12359 12358 
12479 12260 12261 12360 12359 
12480 12261 12262 12361 12360 
12481 12262 12263 12362 12361 
12482 12263 12264 12363 12362 
12483 12264 12265 12364 12363 
12484 12265 12266 12365 12364 
12485 12266 12267 12366 12365 
12486 12267 12268 12367 12366 
12487 12268 12269 12368 12367 
12488 12269 12270 12369 12368 
12489 12270 12271 12370 12369 
12490 12271 12272 12371 12370 
12491 12272 12273 12372 12371 
12492 12273 12274 12373 12372 
12493 12274 12275 12374 12373 
12494 12275 12276 12375 12374 
12495 12276 12277 12376 12375 
12496 12277 12278 12377 12376 
12497 12278 12279 12378 12377 
12498 12279 12280 12379 12378 
12499 12280 12281 12380 12379 
12500 12281 222 223 12380 
12501 381 12282 12381 380 
12502 12282 12283 12382 12381 
12503 12283 12284 12383 12382 
12504 12284 12285 12384 12383 
12505 12285 12286 12385 12384 
12506 12286 12287 12386 12385 
12507 12287 12288 12387 12386 
12508 12288 12289 12388 12387 
12509 12289 12290 12389 12388 
12510 12290 12291 12390 12389 
12511 12291 12292 12391 12390 
12512 12292 12293 12392 12391 
12513 12293 12294 12393 12392 
12514 12294 12295 12394 12393 
12515 12295 12296 12395 12394 
12516 12296 12297 12396 12395 
12517 12297 12298 12397 12396 
12518 12298 12299 12398 12397 
12519 12299 12300 12399 12398 
12520 12300 12301 12400 12399 
12521 12301 12302 12401 12400 
12522 12302 12303 12402 12401 
12523 12303 12304 12403 12402 
12524 12304 12305 12404 12403 
12525 12305 12306 12405 12404 
12526 12306 12307 12406 12405 
12527 12307 12308 12407 12406 
12528 12308 12309 12408 12407 
12529 12309 12310 12409 12408 
12530 12310 12311 12410 12409 
12531 12311 12312 12411 12410 
12532 12312 12313 12412 12411 
12533 12313 12314 12413 12412 
12534 12314 12315 12414 12413 
12535 12315 12316 12415 12414 
12536 12316 12317 12416 12415 
12537 12317 12318 12417 12416 
12538 12318 12319 12418 12417 
12539 12319 12320 12419 12418 
12540 12320 12321 12420 12419 
12541 12321 12322 12421 12420 
12542 12322 12323 12422 12421 
12543 12323 12324 12423 12422 
12544 12324 12325 12424 12423 
12545 12325 12326 12425 12424 
12546 12326 12327 12426 12425 
12547 12327 12328 12427 12426 
12548 12328 12329 12428 12427 
12549 12329 12330 12429 12428 
12550 12330 12331 12430 12429 
12551 12331 12332 12431 12430 
12552 12332 12333 12432 12431 
12553 12333 12334 12433 12432 
12554 12334 12335 12434 12433 
12555 12335 12336 12435 12434 
12556 12336 12337 12436 12435 
12557 12337 12338 12437 12436 
12558 12338 12339 12438 12437 
12559 12339 12340 12439 12438 
12560 12340 12341 12440 12439 
12561 12341 12342 12441 12440 
12562 12342 12343 12442 12441 
12563 12343 12344 12443 12442 
12564 12344 12345 12444 12443 
12565 12345 12346 12445 12444 
12566 12346 12347 12446 12445 
12567 12347 12348 12447 12446 
12568 12348 12349 12448 12447 
12569 12349 12350 12449 12448 
12570 12350 12351 12450 12449 
12571 12351 12352 12451 12450 
12572 12352 12353 12452 12451 
12573 12353 12354 12453 12452 
12574 12354 12355 12454 12453 
12575 12355 12356 12455 12454 
12576 12356 12357 12456 12455 
12577 12357 12358 12457 12456 
12578 12358 12359 12458 12457 
12579 12359 12360 12459 12458 
12580 12360 12361 12460 12459 
12581 12361 12362 12461 12460 
12582 12362 12363 12462 12461 
12583 12363 12364 12463 12462 
12584 12364 12365 12464 12463 
12585 12365 12366 12465 12464 
12586 12366 12367 12466 12465 
12587 12367 12368 12467 12466 
12588 12368 12369 12468 12467 
12589 12369 12370 12469 12468 
12590 12370 12371 12470 12469 
12591 12371 12372 12471 12470 
12592 12372 12373 12472 12471 
12593 12373 12374 12473 12472 
12594 12374 12375 12474 12473 
12595 12375 12376 12475 12474 
12596 12376 12377 12476 12475 
12597 12377 12378 12477 12476 
12598 12378 12379 12478 12477 
12599 12379 12380 12479 12478 
12600 12380 223 224 12479 
12601 380 12381 12480 379 
12602 12381 12382 12481 12480 
12603 12382 12383 12482 12481 
12604 12383 12384 12483 12482 
12605 12384 12385 12484 12483 
12606 12385 12386 12485 12484 
12607 12386 12387 12486 12485 
12608 12387 12388 12487 12486 
12609 12388 12389 12488 12487 
12610 12389 12390 12489 12488 
12611 12390 12391 12490 12489 
12612 12391 12392 12491 12490 
12613 12392 12393 12492 12491 
12614 12393 12394 12493 12492 
12615 12394 12395 12494 12493 
12616 12395 12396 12495 12494 
12617 12396 12397 12496 12495 
12618 12397 12398 12497 12496 
12619 12398 12399 12498 12497 
12620 12399 12400 12499 12498 
12621 12400 12401 12500 12499 
12622 12401 12402 12501 12500 
12623 12402 12403 12502 12501 
12624 12403 12404 12503 12502 
12625 12404 12405 12504 12503 
12626 12405 12406 12505 12504 
12627 12406 12407 12506 12505 
12628 12407 12408 12507 12506 
12629 12408 12409 12508 12507 
12630 12409 12410 12509 12508 
12631 12410 12411 12510 12509 
12632 12411 12412 12511 12510 
12633 12412 12413 12512 12511 
12634 12413 12414 12513 12512 
12635 12414 12415 12514 12513 
12636 12415 12416 12515 12514 
12637 12416 12417 12516 12515 
12638 12417 12418 12517 12516 
12639 12418 12419 12518 12517 
12640 12419 12420 12519 12518 
12641 12420 12421 12520 12519 
12642 12421 12422 12521 12520 
12643 12422 12423 12522 12521 
12644 12423 12424 12523 12522 
12645 12424 12425 12524 12523 
12646 12425 12426 12525 12524 
12647 12426 12427 12526 12525 
12648 12427 12428 12527 12526 
12649 12428 12429 12528 12527 
12650 12429 12430 12529 12528 
12651 12430 12431 12530 12529 
12652 12431 12432 12531 12530 
12653 12432 12433 12532 12531 
12654 12433 12434 12533 12532 
12655 12434 12435 12534 12533 
12656 12435 12436 12535 12534 
12657 12436 12437 12536 12535 
12658 12437 12438 12537 12536 
12659 12438 12439 12538 12537 
12660 12439 12440 12539 12538 
12661 12440 12441 12540 12539 
12662 12441 12442 12541 12540 
12663 12442 12443 12542 12541 
12664 12443 12444 12543 12542 
12665 12444 12445 12544 12543 
12666 12445 12446 12545 12544 
12667 12446 12447 12546 12545 
12668 12447 12448 12547 12546 
12669 12448 12449 12548 12547 
12670 12449 12450 12549 12548 
12671 12450 12451 12550 12549 
12672 12451 12452 12551 12550 
12673 12452 12453 12552 12551 
12674 12453 12454 12553 12552 
12675 12454 12455 12554 12553 
12676 12455 12456 12555 12554 
12677 12456 12457 12556 12555 
12678 12457 12458 12557 12556 
12679 12458 12459 12558 12557 
12680 12459 12460 12559 12558 
12681 12460 12461 12560 12559 
12682 12461 12462 12561 12560 
12683 12462 12463 12562 12561 
12684 12463 12464 12563 12562 
12685 12464 12465 12564 12563 
12686 12465 12466 12565 12564 
12687 12466 12467 12566 12565 
12688 12467 12468 12567 12566 
12689 12468 12469 12568 12567 
12690 12469 12470 12569 12568 
12691 12470 12471 12570 12569 
12692 12471 12472 12571 12570 
12693 12472 12473 12572 12571 
12694 12473 12474 12573 12572 
12695 12474 12475 12574 12573 
12696 12475 12476 12575 12574 
12697 12476 12477 12576 12575 
12698 12477 12478 12577 12576 
12699 12478 12479 12578 12577 
12700 12479 224 225 12578 
12701 379 12480 12579 378 
12702 12480 12481 12580 12579 
12703 12481 12482 12581 12580 
12704 12482 12483 12582 12581 
12705 12483 12484 12583 12582 
12706 12484 12485 12584 12583 
12707 12485 12486 12585 12584 
12708 12486 12487 12586 12585 
12709 12487 12488 12587 12586 
12710 12488 12489 12588 12587 
12711 12489 12490 12589 12588 
12712 12490 12491 12590 12589 
12713 12491 12492 12591 12590 
12714 12492 12493 12592 12591 
12715 12493 12494 12593 12592 
12716 12494 12495 12594 12593 
12717 12495 12496 12595 12594 
12718 12496 12497 12596 12595 
12719 12497 12498 12597 12596 
12720 12498 12499 12598 12597 
12721 12499 12500 12599 12598 
12722 12500 12501 12600 12599 
12723 12501 12502 12601 12600 
12724 12502 12503 12602 12601 
12725 12503 12504 12603 12602 
12726 12504 12505 12604 12603 
12727 12505 12506 12605 12604 
12728 12506 12507 12606 12605 
12729 12507 12508 12607 12606 
12730 12508 12509 12608 12607 
12731 12509 12510 12609 12608 
12732 12510 12511 12610 12609 
12733 12511 12512 12611 12610 
12734 12512 12513 12612 12611 
12735 12513 12514 12613 12612 
12736 12514 12515 12614 12613 
12737 12515 12516 12615 12614 
12738 12516 12517 12616 12615 
12739 12517 12518 12617 12616 
12740 12518 12519 12618 12617 
12741 12519 12520 12619 12618 
12742 12520 12521 12620 12619 
12743 12521 12522 12621 12620 
12744 12522 12523 12622 12621 
12745 12523 12524 12623 12622 
12746 12524 12525 12624 12623 
12747 12525 12526 12625 12624 
12748 12526 12527 12626 12625 
12749 12527 12528 12627 12626 
12750 12528 12529 12628 12627 
12751 12529 12530 12629 12628 
12752 12530 12531 12630 12629 
12753 12531 12532 12631 12630 
12754 12532 12533 12632 12631 
12755 12533 12534 12633 12632 
12756 12534 12535 12634 12633 
12757 12535 12536 12635 12634 
12758 12536 12537 12636 12635 
12759 12537 12538 12637 12636 
12760 12538 12539 12638 12637 
12761 12539 12540 12639 12638 
12762 12540 12541 12640 12639 
12763 12541 12542 12641 12640 
12764 12542 12543 12642 12641 
12765 12543 12544 12643 12642 
12766 12544 12545 12644 12643 
12767 12545 12546 12645 12644 
12768 12546 12547 12646 12645 
12769 12547 12548 12647 12646 
12770 12548 12549 12648 12647 
12771 12549 12550 12649 12648 
12772 12550 12551 12650 12649 
12773 12551 12552 12651 12650 
12774 12552 12553 12652 12651 
12775 12553 12554 12653 12652 
12776 12554 12555 12654 12653 
12777 12555 12556 12655 12654 
12778 12556 12557 12656 12655 
12779 12557 12558 12657 12656 
12780 12558 12559 12658 12657 
12781 12559 12560 12659 12658 
12782 12560 12561 12660 12659 
12783 12561 12562 12661 12660 
12784 12562 12563 12662 12661 
12785 12563 12564 12663 12662 
12786 12564 12565 12664 12663 
12787 12565 12566 12665 12664 
12788 12566 12567 12666 12665 
12789 12567 12568 12667 12666 
12790 12568 12569 12668 12667 
12791 12569 12570 12669 12668 
12792 12570 12571 12670 12669 
12793 12571 12572 12671 12670 
12794 12572 12573 12672 12671 
12795 12573 12574 12673 12672 
12796 12574 12575 12674 12673 
12797 12575 12576 12675 12674 
12798 12576 12577 12676 12675 
12799 12577 12578 12677 12676 
12800 12578 225 226 12677 
12801 378 12579 12678 377 
12802 12579 12580 12679 12678 
12803 12580 12581 12680 12679 
12804 12581 12582 12681 12680 
12805 12582 12583 12682 12681 
12806 12583 12584 12683 12682 
12807 12584 12585 12684 12683 
12808 12585 12586 12685 12684 
12809 12586 12587 12686 12685 
12810 12587 12588 12687 12686 
12811 12588 12589 12688 12687 
12812 12589 12590 12689 12688 
12813 12590 12591 12690 12689 
12814 12591 12592 12691 12690 
12815 12592 12593 12692 12691 
12816 12593 12594 12693 12692 
12817 12594 12595 12694 12693 
12818 12595 12596 12695 12694 
12819 12596 12597 12696 12695 
12820 12597 12598 12697 12696 
12821 12598 12599 12698 12697 
12822 12599 12600 12699 12698 
12823 12600 12601 12700 12699 
12824 12601 12602 12701 12700 
12825 12602 12603 12702 12701 
12826 12603 12604 12703 12702 
12827 12604 12605 12704 12703 
12828 12605 12606 12705 12704 
12829 12606 12607 12706 12705 
12830 12607 12608 12707 12706 
12831 12608 12609 12708 12707 
12832 12609 12610 12709 12708 
12833 12610 12611 12710 12709 
12834 12611 12612 12711 12710 
12835 12612 12613 12712 12711 
12836 12613 12614 12713 12712 
12837 12614 12615 12714 12713 
12838 12615 12616 12715 12714 
12839 12616 12617 12716 12715 
12840 12617 12618 12717 12716 
12841 12618 12619 12718 12717 
12842 12619 12620 12719 12718 
12843 12620 12621 12720 12719 
12844 12621 12622 12721 12720 
12845 12622 12623 12722 12721 
12846 12623 12624 12723 12722 
12847 12624 12625 12724 12723 
12848 12625 12626 12725 12724 
12849 12626 12627 12726 12725 
12850 12627 12628 12727 12726 
12851 12628 12629 12728 12727 
12852 12629 12630 12729 12728 
12853 12630 12631 12730 12729 
12854 12631 12632 12731 12730 
12855 12632 12633 12732 12731 
12856 12633 12634 12733 12732 
12857 12634 12635 12734 12733 
12858 12635 12636 12735 12734 
12859 12636 12637 12736 12735 
12860 12637 12638 12737 12736 
12861 12638 12639 12738 12737 
12862 12639 12640 12739 12738 
12863 12640 12641 12740 12739 
12864 12641 12642 12741 12740 
12865 12642 12643 12742 12741 
12866 12643 12644 12743 12742 
12867 12644 12645 12744 12743 
12868 12645 12646 12745 12744 
12869 12646 12647 12746 12745 
12870 12647 12648 12747 12746 
12871 12648 12649 12748 12747 
12872 12649 12650 12749 12748 
12873 12650 12651 12750 12749 
12874 12651 12652 12751 12750 
12875 12652 12653 12752 12751 
12876 12653 12654 12753 12752 
12877 12654 12655 12754 12753 
12878 12655 12656 12755 12754 
12879 12656 12657 12756 12755 
12880 12657 12658 12757 12756 
12881 12658 12659 12758 12757 
12882 12659 12660 12759 12758 
12883 12660 12661 12760 12759 
12884 12661 12662 12761 12760 
12885 12662 12663 12762 12761 
12886 12663 12664 12763 12762 
12887 12664 12665 12764 12763 
12888 12665 12666 12765 12764 
12889 12666 12667 12766 12765 
12890 12667 12668 12767 12766 
12891 12668 12669 12768 12767 
12892 12669 12670 12769 12768 
12893 12670 12671 12770 12769 
12894 12671 12672 12771 12770 
12895 12672 12673 12772 12771 
12896 12673 12674 12773 12772 
12897 12674 12675 12774 12773 
12898 12675 12676 12775 12774 
12899 12676 12677 12776 12775 
12900 12677 226 227 12776 
12901 377 12678 12777 376 
12902 12678 12679 12778 12777 
12903 12679 12680 12779 12778 
12904 12680 12681 12780 12779 
12905 12681 12682 12781 12780 
12906 12682 12683 12782 12781 
12907 12683 12684 12783 12782 
12908 12684 12685 12784 12783 
12909 12685 12686 12785 12784 
12910 12686 12687 12786 12785 
12911 12687 12688 12787 12786 
12912 12688 12689 12788 12787 
12913 12689 12690 12789 12788 
12914 12690 12691 12790 12789 
12915 12691 12692 12791 12790 
12916 12692 12693 12792 12791 
12917 12693 12694 12793 12792 
12918 12694 12695 12794 12793 
12919 12695 12696 12795 12794 
12920 12696 12697 12796 12795 
12921 12697 12698 12797 12796 
12922 12698 12699 12798 12797 
12923 12699 12700 12799 12798 
12924 12700 12701 12800 12799 
12925 12701 12702 12801 12800 
12926 12702 12703 12802 12801 
12927 12703 12704 12803 12802 
12928 12704 12705 12804 12803 
12929 12705 12706 12805 12804 
12930 12706 12707 12806 12805 
12931 12707 12708 12807 12806 
12932 12708 12709 12808 12807 
12933 12709 12710 12809 12808 
12934 12710 12711 12810 12809 
12935 12711 12712 12811 12810 
12936 12712 12713 12812 12811 
12937 12713 12714 12813 12812 
12938 12714 12715 12814 12813 
12939 12715 12716 12815 12814 
12940 12716 12717 12816 12815 
12941 12717 12718 12817 12816 
12942 12718 12719 12818 12817 
12943 12719 12720 12819 12818 
12944 12720 12721 12820 12819 
12945 12721 12722 12821 12820 
12946 12722 12723 12822 12821 
12947 12723 12724 12823 12822 
12948 12724 12725 12824 12823 
12949 12725 12726 12825 12824 
12950 12726 12727 12826 12825 
12951 12727 12728 12827 12826 
12952 12728 12729 12828 12827 
12953 12729 12730 12829 12828 
12954 12730 12731 12830 12829 
12955 12731 12732 12831 12830 
12956 12732 12733 12832 12831 
12957 12733 12734 12833 12832 
12958 12734 12735 12834 12833 
12959 12735 12736 12835 12834 
12960 12736 12737 12836 12835 
12961 12737 12738 12837 12836 
12962 12738 12739 12838 12837 
12963 12739 12740 12839 12838 
12964 12740 12741 12840 12839 
12965 12741 12742 12841 12840 
12966 12742 12743 12842 12841 
12967 12743 12744 12843 12842 
12968 12744 12745 12844 12843 
12969 12745 12746 12845 12844 
12970 12746 12747 12846 12845 
12971 12747 12748 12847 12846 
12972 12748 12749 12848 12847 
12973 12749 12750 12849 12848 
12974 12750 12751 12850 12849 
12975 12751 12752 12851 12850 
12976 12752 12753 12852 12851 
12977 12753 12754 12853 12852 
12978 12754 12755 12854 12853 
12979 12755 12756 12855 12854 
12980 12756 12757 12856 12855 
12981 12757 12758 12857 12856 
12982 12758 12759 12858 12857 
12983 12759 12760 12859 12858 
12984 12760 12761 12860 12859 
12985 12761 12762 12861 12860 
12986 12762 12763 12862 12861 
12987 12763 12764 12863 12862 
12988 12764 12765 12864 12863 
12989 12765 12766 12865 12864 
12990 12766 12767 12866 12865 
12991 12767 12768 12867 12866 
12992 12768 12769 12868 12867 
12993 12769 12770 12869 12868 
12994 12770 12771 12870 12869 
12995 12771 12772 12871 12870 
12996 12772 12773 12872 12871 
12997 12773 12774 12873 12872 
12998 12774 12775 12874 12873 
12999 12775 12776 12875 12874 
13000 12776 227 228 12875 
13001 376 12777 12876 375 
13002 12777 12778 12877 12876 
13003 12778 12779 12878 12877 
13004 12779 12780 12879 12878 
13005 12780 12781 12880 12879 
13006 12781 12782 12881 12880 
13007 12782 12783 12882 12881 
13008 12783 12784 12883 12882 
13009 12784 12785 12884 12883 
13010 12785 12786 12885 12884 
13011 12786 12787 12886 12885 
13012 12787 12788 12887 12886 
13013 12788 12789 12888 12887 
13014 12789 12790 12889 12888 
13015 12790 12791 12890 12889 
13016 12791 12792 12891 12890 
13017 12792 12793 12892 12891 
13018 12793 12794 12893 12892 
13019 12794 12795 12894 12893 
13020 12795 12796 12895 12894 
13021 12796 12797 12896 12895 
13022 12797 12798 12897 12896 
13023 12798 12799 12898 12897 
13024 12799 12800 12899 12898 
13025 12800 12801 12900 12899 
13026 12801 12802 12901 12900 
13027 12802 12803 12902 12901 
13028 12803 12804 12903 12902 
13029 12804 12805 12904 12903 
13030 12805 12806 12905 12904 
13031 12806 12807 12906 12905 
13032 12807 12808 12907 12906 
13033 12808 12809 12908 12907 
13034 12809 12810 12909 12908 
13035 12810 12811 12910 12909 
13036 12811 12812 12911 12910 
13037 12812 12813 12912 12911 
13038 12813 12814 12913 12912 
13039 12814 12815 12914 12913 
13040 12815 12816 12915 12914 
13041 12816 12817 12916 12915 
13042 12817 12818 12917 12916 
13043 12818 12819 12918 12917 
13044 12819 12820 12919 12918 
13045 12820 12821 12920 12919 
13046 12821 12822 12921 12920 
13047 12822 12823 12922 12921 
13048 12823 12824 12923 12922 
13049 12824 12825 12924 12923 
13050 12825 12826 12925 12924 
13051 12826 12827 12926 12925 
13052 12827 12828 12927 12926 
13053 12828 12829 12928 12927 
13054 12829 12830 12929 12928 
13055 12830 12831 12930 12929 
13056 12831 12832 12931 12930 
13057 12832 12833 12932 12931 
13058 12833 12834 12933 12932 
13059 12834 12835 12934 12933 
13060 12835 12836 12935 12934 
13061 12836 12837 12936 12935 
13062 12837 12838 12937 12936 
13063 12838 12839 12938 12937 
13064 12839 12840 12939 12938 
13065 12840 12841 12940 12939 
13066 12841 12842 12941 12940 
13067 12842 12843 12942 12941 
13068 12843 12844 12943 12942 
13069 12844 12845 12944 12943 
13070 12845 12846 12945 12944 
13071 12846 12847 12946 12945 
13072 12847 12848 12947 12946 
13073 12848 12849 12948 12947 
13074 12849 12850 12949 12948 
13075 12850 12851 12950 12949 
13076 12851 12852 12951 12950 
13077 12852 12853 12952 12951 
13078 12853 12854 12953 12952 
13079 12854 12855 12954 12953 
13080 12855 12856 12955 12954 
13081 12856 12857 12956 12955 
13082 12857 12858 12957 12956 
13083 12858 12859 12958 12957 
13084 12859 12860 12959 12958 
13085 12860 12861 12960 12959 
13086 12861 12862 12961 12960 
13087 12862 12863 12962 12961 
13088 12863 12864 12963 12962 
13089 12864 12865 12964 12963 
13090 12865 12866 12965 12964 
13091 12866 12867 12966 12965 
13092 12867 12868 12967 12966 
13093 12868 12869 12968 12967 
13094 12869 12870 12969 12968 
13095 12870 12871 12970 12969 
13096 12871 12872 12971 12970 
13097 12872 12873 12972 12971 
13098 12873 12874 12973 12972 
13099 12874 12875 12974 12973 
13100 12875 228 229 12974 
13101 375 12876 12975 374 
13102 12876 12877 12976 12975 
13103 12877 12878 12977 12976 
13104 12878 12879 12978 12977 
13105 12879 12880 12979 12978 
13106 12880 12881 12980 12979 
13107 12881 12882 12981 12980 
13108 12882 12883 12982 12981 
13109 12883 12884 12983 12982 
13110 12884 12885 12984 12983 
13111 12885 12886 12985 12984 
13112 12886 12887 12986 12985 
13113 12887 12888 12987 12986 
13114 12888 12889 12988 12987 
13115 12889 12890 12989 12988 
13116 12890 12891 12990 12989 
13117 12891 12892 12991 12990 
13118 12892 12893 12992 12991 
13119 12893 12894 12993 12992 
13120 12894 12895 12994 12993 
13121 12895 12896 12995 12994 
13122 12896 12897 12996 12995 
13123 12897 12898 12997 12996 
13124 12898 12899 12998 12997 
13125 12899 12900 12999 12998 
13126 12900 12901 13000 12999 
13127 12901 12902 13001 13000 
13128 12902 12903 13002 13001 
13129 12903 12904 13003 13002 
13130 12904 12905 13004 13003 
13131 12905 12906 13005 13004 
13132 12906 12907 13006 13005 
13133 12907 12908 13007 13006 
13134 12908 12909 13008 13007 
13135 12909 12910 13009 13008 
13136 12910 12911 13010 13009 
13137 12911 12912 13011 13010 
13138 12912 12913 13012 13011 
13139 12913 12914 13013 13012 
13140 12914 12915 13014 13013 
13141 12915 12916 13015 13014 
13142 12916 12917 13016 13015 
13143 12917 12918 13017 13016 
13144 12918 12919 13018 13017 
13145 12919 12920 13019 13018 
13146 12920 12921 13020 13019 
13147 12921 12922 13021 13020 
13148 12922 12923 13022 13021 
13149 12923 12924 13023 13022 
13150 12924 12925 13024 13023 
13151 12925 12926 13025 13024 
13152 12926 12927 13026 13025 
13153 12927 12928 13027 13026 
13154 12928 12929 13028 13027 
13155 12929 12930 13029 13028 
13156 12930 12931 13030 13029 
13157 12931 12932 13031 13030 
13158 12932 12933 13032 13031 
13159 12933 12934 13033 13032 
13160 12934 12935 13034 13033 
13161 12935 12936 13035 13034 
13162 12936 12937 13036 13035 
13163 12937 12938 13037 13036 
13164 12938 12939 13038 13037 
13165 12939 12940 13039 13038 
13166 12940 12941 13040 13039 
13167 12941 12942 13041 13040 
13168 12942 12943 13042 13041 
13169 12943 12944 13043 13042 
13170 12944 12945 13044 13043 
13171 12945 12946 13045 13044 
13172 12946 12947 13046 13045 
13173 12947 12948 13047 13046 
13174 12948 12949 13048 13047 
13175 12949 12950 13049 13048 
13176 12950 12951 13050 13049 
13177 12951 12952 13051 13050 
13178 12952 12953 13052 13051 
13179 12953 12954 13053 13052 
13180 12954 12955 13054 13053 
13181 12955 12956 13055 13054 
13182 12956 12957 13056 13055 
13183 12957 12958 13057 13056 
13184 12958 12959 13058 13057 
13185 12959 12960 13059 13058 
13186 12960 12961 13060 13059 
13187 12961 12962 13061 13060 
13188 12962 12963 13062 13061 
13189 12963 12964 13063 13062 
13190 12964 12965 13064 13063 
13191 12965 12966 13065 13064 
13192 12966 12967 13066 13065 
13193 12967 12968 13067 13066 
13194 12968 12969 13068 13067 
13195 12969 12970 13069 13068 
13196 12970 12971 13070 13069 
13197 12971 12972 13071 13070 
13198 12972 12973 13072 13071 
13199 12973 12974 13073 13072 
13200 12974 229 230 13073 
13201 374 12975 13074 373 
13202 12975 12976 13075 13074 
13203 12976 12977 13076 13075 
13204 12977 12978 13077 13076 
13205 12978 12979 13078 13077 
13206 12979 12980 13079 13078 
13207 12980 12981 13080 13079 
13208 12981 12982 13081 13080 
13209 12982 12983 13082 13081 
13210 12983 12984 13083 13082 
13211 12984 12985 13084 13083 
13212 12985 12986 13085 13084 
13213 12986 12987 13086 13085 
13214 12987 12988 13087 13086 
13215 12988 12989 13088 13087 
13216 12989 12990 13089 13088 
13217 12990 12991 13090 13089 
13218 12991 12992 13091 13090 
13219 12992 12993 13092 13091 
13220 12993 12994 13093 13092 
13221 12994 12995 13094 13093 
13222 12995 12996 13095 13094 
13223 12996 12997 13096 13095 
13224 12997 12998 13097 13096 
13225 12998 12999 13098 13097 
13226 12999 13000 13099 13098 
13227 13000 13001 13100 13099 
13228 13001 13002 13101 13100 
13229 13002 13003 13102 13101 
13230 13003 13004 13103 13102 
13231 13004 13005 13104 13103 
13232 13005 13006 13105 13104 
13233 13006 13007 13106 13105 
13234 13007 13008 13107 13106 
13235 13008 13009 13108 13107 
13236 13009 13010 13109 13108 
13237 13010 13011 13110 13109 
13238 13011 13012 13111 13110 
13239 13012 13013 13112 13111 
13240 13013 13014 13113 13112 
13241 13014 13015 13114 13113 
13242 13015 13016 13115 13114 
13243 13016 13017 13116 13115 
13244 13017 13018 13117 13116 
13245 13018 13019 13118 13117 
13246 13019 13020 13119 13118 
13247 13020 13021 13120 13119 
13248 13021 13022 13121 13120 
13249 13022 13023 13122 13121 
13250 13023 13024 13123 13122 
13251 13024 13025 13124 13123 
13252 13025 13026 13125 13124 
13253 13026 13027 13126 13125 
13254 13027 13028 13127 13126 
13255 13028 13029 13128 13127 
13256 13029 13030 13129 13128 
13257 13030 13031 13130 13129 
13258 13031 13032 13131 13130 
13259 13032 13033 13132 13131 
13260 13033 13034 13133 13132 
13261 13034 13035 13134 13133 
13262 13035 13036 13135 13134 
13263 13036 13037 13136 13135 
13264 13037 13038 13137 13136 
13265 13038 13039 13138 13137 
13266 13039 13040 13139 13138 
13267 13040 13041 13140 13139 
13268 13041 13042 13141 13140 
13269 13042 13043 13142 13141 
13270 13043 13044 13143 13142 
13271 13044 13045 13144 13143 
13272 13045 13046 13145 13144 
13273 13046 13047 13146 13145 
13274 13047 13048 13147 13146 
13275 13048 13049 13148 13147 
13276 13049 13050 13149 13148 
13277 13050 13051 13150 13149 
13278 13051 13052 13151 13150 
13279 13052 13053 13152 13151 
13280 13053 13054 13153 13152 
13281 13054 13055 13154 13153 
13282 13055 13056 13155 13154 
13283 13056 13057 13156 13155 
13284 13057 13058 13157 13156 
13285 13058 13059 13158 13157 
13286 13059 13060 13159 13158 
13287 13060 13061 13160 13159 
13288 13061 13062 13161 13160 
13289 13062 13063 13162 13161 
13290 13063 13064 13163 13162 
13291 13064 13065 13164 13163 
13292 13065 13066 13165 13164 
13293 13066 13067 13166 13165 
13294 13067 13068 13167 13166 
13295 13068 13069 13168 13167 
13296 13069 13070 13169 13168 
13297 13070 13071 13170 13169 
13298 13071 13072 13171 13170 
13299 13072 13073 13172 13171 
13300 13073 230 231 13172 
13301 373 13074 13173 372 
13302 13074 13075 13174 13173 
13303 13075 13076 13175 13174 
13304 13076 13077 13176 13175 
13305 13077 13078 13177 13176 
13306 13078 13079 13178 13177 
13307 13079 13080 13179 13178 
13308 13080 13081 13180 13179 
13309 13081 13082 13181 13180 
13310 13082 13083 13182 13181 
13311 13083 13084 13183 13182 
13312 13084 13085 13184 13183 
13313 13085 13086 13185 13184 
13314 13086 13087 13186 13185 
13315 13087 13088 13187 13186 
13316 13088 13089 13188 13187 
13317 13089 13090 13189 13188 
13318 13090 13091 13190 13189 
13319 13091 13092 13191 13190 
13320 13092 13093 13192 13191 
13321 13093 13094 13193 13192 
13322 13094 13095 13194 13193 
13323 13095 13096 13195 13194 
13324 13096 13097 13196 13195 
13325 13097 13098 13197 13196 
13326 13098 13099 13198 13197 
13327 13099 13100 13199 13198 
13328 13100 13101 13200 13199 
13329 13101 13102 13201 13200 
13330 13102 13103 13202 13201 
13331 13103 13104 13203 13202 
13332 13104 13105 13204 13203 
13333 13105 13106 13205 13204 
13334 13106 13107 13206 13205 
13335 13107 13108 13207 13206 
13336 13108 13109 13208 13207 
13337 13109 13110 13209 13208 
13338 13110 13111 13210 13209 
13339 13111 13112 13211 13210 
13340 13112 13113 13212 13211 
13341 13113 13114 13213 13212 
13342 13114 13115 13214 13213 
13343 13115 13116 13215 13214 
13344 13116 13117 13216 13215 
13345 13117 13118 13217 13216 
13346 13118 13119 13218 13217 
13347 13119 13120 13219 13218 
13348 13120 13121 13220 13219 
13349 13121 13122 13221 13220 
13350 13122 13123 13222 13221 
13351 13123 13124 13223 13222 
13352 13124 13125 13224 13223 
13353 13125 13126 13225 13224 
13354 13126 13127 13226 13225 
13355 13127 13128 13227 13226 
13356 13128 13129 13228 13227 
13357 13129 13130 13229 13228 
13358 13130 13131 13230 13229 
13359 13131 13132 13231 13230 
13360 13132 13133 13232 13231 
13361 13133 13134 13233 13232 
13362 13134 13135 13234 13233 
13363 13135 13136 13235 13234 
13364 13136 13137 13236 13235 
13365 13137 13138 13237 13236 
13366 13138 13139 13238 13237 
13367 13139 13140 13239 13238 
13368 13140 13141 13240 13239 
13369 13141 13142 13241 13240 
13370 13142 13143 13242 13241 
13371 13143 13144 13243 13242 
13372 13144 13145 13244 13243 
13373 13145 13146 13245 13244 
13374 13146 13147 13246 13245 
13375 13147 13148 13247 13246 
13376 13148 13149 13248 13247 
13377 13149 13150 13249 13248 
13378 13150 13151 13250 13249 
13379 13151 13152 13251 13250 
13380 13152 13153 13252 13251 
13381 13153 13154 13253 13252 
13382 13154 13155 13254 13253 
13383 13155 13156 13255 13254 
13384 13156 13157 13256 13255 
13385 13157 13158 13257 13256 
13386 13158 13159 13258 13257 
13387 13159 13160 13259 13258 
13388 13160 13161 13260 13259 
13389 13161 13162 13261 13260 
13390 13162 13163 13262 13261 
13391 13163 13164 13263 13262 
13392 13164 13165 13264 13263 
13393 13165 13166 13265 13264 
13394 13166 13167 13266 13265 
13395 13167 13168 13267 13266 
13396 13168 13169 13268 13267 
13397 13169 13170 13269 13268 
13398 13170 13171 13270 13269 
13399 13171 13172 13271 13270 
13400 13172 231 232 13271 
13401 372 13173 13272 371 
13402 13173 13174 13273 13272 
13403 13174 13175 13274 13273 
13404 13175 13176 13275 13274 
13405 13176 13177 13276 13275 
13406 13177 13178 13277 13276 
13407 13178 13179 13278 13277 
13408 13179 13180 13279 13278 
13409 13180 13181 13280 13279 
13410 13181 13182 13281 13280 
13411 13182 13183 13282 13281 
13412 13183 13184 13283 13282 
13413 13184 13185 13284 13283 
13414 13185 13186 13285 13284 
13415 13186 13187 13286 13285 
13416 13187 13188 13287 13286 
13417 13188 13189 13288 13287 
13418 13189 13190 13289 13288 
13419 13190 13191 13290 13289 
13420 13191 13192 13291 13290 
13421 13192 13193 13292 13291 
13422 13193 13194 13293 13292 
13423 13194 13195 13294 13293 
13424 13195 13196 13295 13294 
13425 13196 13197 13296 13295 
13426 13197 13198 13297 13296 
13427 13198 13199 13298 13297 
13428 13199 13200 13299 13298 
13429 13200 13201 13300 13299 
13430 13201 13202 13301 13300 
13431 13202 13203 13302 13301 
13432 13203 13204 13303 13302 
13433 13204 13205 13304 13303 
13434 13205 13206 13305 13304 
13435 13206 13207 13306 13305 
13436 13207 13208 13307 13306 
13437 13208 13209 13308 13307 
13438 13209 13210 13309 13308 
13439 13210 13211 13310 13309 
13440 13211 13212 13311 13310 
13441 13212 13213 13312 13311 
13442 13213 13214 13313 13312 
13443 13214 13215 13314 13313 
13444 13215 13216 13315 13314 
13445 13216 13217 13316 13315 
13446 13217 13218 13317 13316 
13447 13218 13219 13318 13317 
13448 13219 13220 13319 13318 
13449 13220 13221 13320 13319 
13450 13221 13222 13321 13320 
13451 13222 13223 13322 13321 
13452 13223 13224 13323 13322 
13453 13224 13225 13324 13323 
13454 13225 13226 13325 13324 
13455 13226 13227 13326 13325 
13456 13227 13228 13327 13326 
13457 13228 13229 13328 13327 
13458 13229 13230 13329 13328 
13459 13230 13231 13330 13329 
13460 13231 13232 13331 13330 
13461 13232 13233 13332 13331 
13462 13233 13234 13333 13332 
13463 13234 13235 13334 13333 
13464 13235 13236 13335 13334 
13465 13236 13237 13336 13335 
13466 13237 13238 13337 13336 
13467 13238 13239 13338 13337 
13468 13239 13240 13339 13338 
13469 13240 13241 13340 13339 
13470 13241 13242 13341 13340 
13471 13242 13243 13342 13341 
13472 13243 13244 13343 13342 
13473 13244 13245 13344 13343 
13474 13245 13246 13345 13344 
13475 13246 13247 13346 13345 
13476 13247 13248 13347 13346 
13477 13248 13249 13348 13347 
13478 13249 13250 13349 13348 
13479 13250 13251 13350 13349 
13480 13251 13252 13351 13350 
13481 13252 13253 13352 13351 
13482 13253 13254 13353 13352 
13483 13254 13255 13354 13353 
13484 13255 13256 13355 13354 
13485 13256 13257 13356 13355 
13486 13257 13258 13357 13356 
13487 13258 13259 13358 13357 
13488 13259 13260 13359 13358 
13489 13260 13261 13360 13359 
13490 13261 13262 13361 13360 
13491 13262 13263 13362 13361 
13492 13263 13264 13363 13362 
13493 13264 13265 13364 13363 
13494 13265 13266 13365 13364 
13495 13266 13267 13366 13365 
13496 13267 13268 13367 13366 
13497 13268 13269 13368 13367 
13498 13269 13270 13369 13368 
13499 13270 13271 13370 13369 
13500 13271 232 233 13370 
13501 371 13272 13371 370 
13502 13272 13273 13372 13371 
13503 13273 13274 13373 13372 
13504 13274 13275 13374 13373 
13505 13275 13276 13375 13374 
13506 13276 13277 13376 13375 
13507 13277 13278 13377 13376 
13508 13278 13279 13378 13377 
13509 13279 13280 13379 13378 
13510 13280 13281 13380 13379 
13511 13281 13282 13381 13380 
13512 13282 13283 13382 13381 
13513 13283 13284 13383 13382 
13514 13284 13285 13384 13383 
13515 13285 13286 13385 13384 
13516 13286 13287 13386 13385 
13517 13287 13288 13387 13386 
13518 13288 13289 13388 13387 
13519 13289 13290 13389 13388 
13520 13290 13291 13390 13389 
13521 13291 13292 13391 13390 
13522 13292 13293 13392 13391 
13523 13293 13294 13393 13392 
13524 13294 13295 13394 13393 
13525 13295 13296 13395 13394 
13526 13296 13297 13396 13395 
13527 13297 13298 13397 13396 
13528 13298 13299 13398 13397 
13529 13299 13300 13399 13398 
13530 13300 13301 13400 13399 
13531 13301 13302 13401 13400 
13532 13302 13303 13402 13401 
13533 13303 13304 13403 13402 
13534 13304 13305 13404 13403 
13535 13305 13306 13405 13404 
13536 13306 13307 13406 13405 
13537 13307 13308 13407 13406 
13538 13308 13309 13408 13407 
13539 13309 13310 13409 13408 
13540 13310 13311 13410 13409 
13541 13311 13312 13411 13410 
13542 13312 13313 13412 13411 
13543 13313 13314 13413 13412 
13544 13314 13315 13414 13413 
13545 13315 13316 13415 13414 
13546 13316 13317 13416 13415 
13547 13317 13318 13417 13416 
13548 13318 13319 13418 13417 
13549 13319 13320 13419 13418 
13550 13320 13321 13420 13419 
13551 13321 13322 13421 13420 
13552 13322 13323 13422 13421 
13553 13323 13324 13423 13422 
13554 13324 13325 13424 13423 
13555 13325 13326 13425 13424 
13556 13326 13327 13426 13425 
13557 13327 13328 13427 13426 
13558 13328 13329 13428 13427 
13559 13329 13330 13429 13428 
13560 13330 13331 13430 13429 
13561 13331 13332 13431 13430 
13562 13332 13333 13432 13431 
13563 13333 13334 13433 13432 
13564 13334 13335 13434 13433 
13565 13335 13336 13435 13434 
13566 13336 13337 13436 13435 
13567 13337 13338 13437 13436 
13568 13338 13339 13438 13437 
13569 13339 13340 13439 13438 
13570 13340 13341 13440 13439 
13571 13341 13342 13441 13440 
13572 13342 13343 13442 13441 
13573 13343 13344 13443 13442 
13574 13344 13345 13444 13443 
13575 13345 13346 13445 13444 
13576 13346 13347 13446 13445 
13577 13347 13348 13447 13446 
13578 13348 13349 13448 13447 
13579 13349 13350 13449 13448 
13580 13350 13351 13450 13449 
13581 13351 13352 13451 13450 
13582 13352 13353 13452 13451 
13583 13353 13354 13453 13452 
13584 13354 13355 13454 13453 
13585 13355 13356 13455 13454 
13586 13356 13357 13456 13455 
13587 13357 13358 13457 13456 
13588 13358 13359 13458 13457 
13589 13359 13360 13459 13458 
13590 13360 13361 13460 13459 
13591 13361 13362 13461 13460 
13592 13362 13363 13462 13461 
13593 13363 13364 13463 13462 
13594 13364 13365 13464 13463 
13595 13365 13366 13465 13464 
13596 13366 13367 13466 13465 
13597 13367 13368 13467 13466 
13598 13368 13369 13468 13467 
13599 13369 13370 13469 13468 
13600 13370 233 234 13469 
13601 370 13371 13470 369 
13602 13371 13372 13471 13470 
13603 13372 13373 13472 13471 
13604 13373 13374 13473 13472 
13605 13374 13375 13474 13473 
13606 13375 13376 13475 13474 
13607 13376 13377 13476 13475 
13608 13377 13378 13477 13476 
13609 13378 13379 13478 13477 
13610 13379 13380 13479 13478 
13611 13380 13381 13480 13479 
13612 13381 13382 13481 13480 
13613 13382 13383 13482 13481 
13614 13383 13384 13483 13482 
13615 13384 13385 13484 13483 
13616 13385 13386 13485 13484 
13617 13386 13387 13486 13485 
13618 13387 13388 13487 13486 
13619 13388 13389 13488 13487 
13620 13389 13390 13489 13488 
13621 13390 13391 13490 13489 
13622 13391 13392 13491 13490 
13623 13392 13393 13492 13491 
13624 13393 13394 13493 13492 
13625 13394 13395 13494 13493 
13626 13395 13396 13495 13494 
13627 13396 13397 13496 13495 
13628 13397 13398 13497 13496 
13629 13398 13399 13498 13497 
13630 13399 13400 13499 13498 
13631 13400 13401 13500 13499 
13632 13401 13402 13501 13500 
13633 13402 13403 13502 13501 
13634 13403 13404 13503 13502 
13635 13404 13405 13504 13503 
13636 13405 13406 13505 13504 
13637 13406 13407 13506 13505 
13638 13407 13408 13507 13506 
13639 13408 13409 13508 13507 
13640 13409 13410 13509 13508 
13641 13410 13411 13510 13509 
13642 13411 13412 13511 13510 
13643 13412 13413 13512 13511 
13644 13413 13414 13513 13512 
13645 13414 13415 13514 13513 
13646 13415 13416 13515 13514 
13647 13416 13417 13516 13515 
13648 13417 13418 13517 13516 
13649 13418 13419 13518 13517 
13650 13419 13420 13519 13518 
13651 13420 13421 13520 13519 
13652 13421 13422 13521 13520 
13653 13422 13423 13522 13521 
13654 13423 13424 13523 13522 
13655 13424 13425 13524 13523 
13656 13425 13426 13525 13524 
13657 13426 13427 13526 13525 
13658 13427 13428 13527 13526 
13659 13428 13429 13528 13527 
13660 13429 13430 13529 13528 
13661 13430 13431 13530 13529 
13662 13431 13432 13531 13530 
13663 13432 13433 13532 13531 
13664 13433 13434 13533 13532 
13665 13434 13435 13534 13533 
13666 13435 13436 13535 13534 
13667 13436 13437 13536 13535 
13668 13437 13438 13537 13536 
13669 13438 13439 13538 13537 
13670 13439 13440 13539 13538 
13671 13440 13441 13540 13539 
13672 13441 13442 13541 13540 
13673 13442 13443 13542 13541 
13674 13443 13444 13543 13542 
13675 13444 13445 13544 13543 
13676 13445 13446 13545 13544 
13677 13446 13447 13546 13545 
13678 13447 13448 13547 13546 
13679 13448 13449 13548 13547 
13680 13449 13450 13549 13548 
13681 13450 13451 13550 13549 
13682 13451 13452 13551 13550 
13683 13452 13453 13552 13551 
13684 13453 13454 13553 13552 
13685 13454 13455 13554 13553 
13686 13455 13456 13555 13554 
13687 13456 13457 13556 13555 
13688 13457 13458 13557 13556 
13689 13458 13459 13558 13557 
13690 13459 13460 13559 13558 
13691 13460 13461 13560 13559 
13692 13461 13462 13561 13560 
13693 13462 13463 13562 13561 
13694 13463 13464 13563 13562 
13695 13464 13465 13564 13563 
13696 13465 13466 13565 13564 
13697 13466 13467 13566 13565 
13698 13467 13468 13567 13566 
13699 13468 13469 13568 13567 
13700 13469 234 235 13568 
13701 369 13470 13569 368 
13702 13470 13471 13570 13569 
13703 13471 13472 13571 13570 
13704 13472 13473 13572 13571 
13705 13473 13474 13573 13572 
13706 13474 13475 13574 13573 
13707 13475 13476 13575 13574 
13708 13476 13477 13576 13575 
13709 13477 13478 13577 13576 
13710 13478 13479 13578 13577 
13711 13479 13480 13579 13578 
13712 13480 13481 13580 13579 
13713 13481 13482 13581 13580 
13714 13482 13483 13582 13581 
13715 13483 13484 13583 13582 
13716 13484 13485 13584 13583 
13717 13485 13486 13585 13584 
13718 13486 13487 13586 13585 
13719 13487 13488 13587 13586 
13720 13488 13489 13588 13587 
13721 13489 13490 13589 13588 
13722 13490 13491 13590 13589 
13723 13491 13492 13591 13590 
13724 13492 13493 13592 13591 
13725 13493 13494 13593 13592 
13726 13494 13495 13594 13593 
13727 13495 13496 13595 13594 
13728 13496 13497 13596 13595 
13729 13497 13498 13597 13596 
13730 13498 13499 13598 13597 
13731 13499 13500 13599 13598 
13732 13500 13501 13600 13599 
13733 13501 13502 13601 13600 
13734 13502 13503 13602 13601 
13735 13503 13504 13603 13602 
13736 13504 13505 13604 13603 
13737 13505 13506 13605 13604 
13738 13506 13507 13606 13605 
13739 13507 13508 13607 13606 
13740 13508 13509 13608 13607 
13741 13509 13510 13609 13608 
13742 13510 13511 13610 13609 
13743 13511 13512 13611 13610 
13744 13512 13513 13612 13611 
13745 13513 13514 13613 13612 
13746 13514 13515 13614 13613 
13747 13515 13516 13615 13614 
13748 13516 13517 13616 13615 
13749 13517 13518 13617 13616 
13750 13518 13519 13618 13617 
13751 13519 13520 13619 13618 
13752 13520 13521 13620 13619 
13753 13521 13522 13621 13620 
13754 13522 13523 13622 13621 
13755 13523 13524 13623 13622 
13756 13524 13525 13624 13623 
13757 13525 13526 13625 13624 
13758 13526 13527 13626 13625 
13759 13527 13528 13627 13626 
13760 13528 13529 13628 13627 
13761 13529 13530 13629 13628 
13762 13530 13531 13630 13629 
13763 13531 13532 13631 13630 
13764 13532 13533 13632 13631 
13765 13533 13534 13633 13632 
13766 13534 13535 13634 13633 
13767 13535 13536 13635 13634 
13768 13536 13537 13636 13635 
13769 13537 13538 13637 13636 
13770 13538 13539 13638 13637 
13771 13539 13540 13639 13638 
13772 13540 13541 13640 13639 
13773 13541 13542 13641 13640 
13774 13542 13543 13642 13641 
13775 13543 13544 13643 13642 
13776 13544 13545 13644 13643 
13777 13545 13546 13645 13644 
13778 13546 13547 13646 13645 
13779 13547 13548 13647 13646 
13780 13548 13549 13648 13647 
13781 13549 13550 13649 13648 
13782 13550 13551 13650 13649 
13783 13551 13552 13651 13650 
13784 13552 13553 13652 13651 
13785 13553 13554 13653 13652 
13786 13554 13555 13654 13653 
13787 13555 13556 13655 13654 
13788 13556 13557 13656 13655 
13789 13557 13558 13657 13656 
13790 13558 13559 13658 13657 
13791 13559 13560 13659 13658 
13792 13560 13561 13660 13659 
13793 13561 13562 13661 13660 
13794 13562 13563 13662 13661 
13795 13563 13564 13663 13662 
13796 13564 13565 13664 13663 
13797 13565 13566 13665 13664 
13798 13566 13567 13666 13665 
13799 13567 13568 13667 13666 
13800 13568 235 236 13667 
13801 368 13569 13668 367 
13802 13569 13570 13669 13668 
13803 13570 13571 13670 13669 
13804 13571 13572 13671 13670 
13805 13572 13573 13672 13671 
13806 13573 13574 13673 13672 
13807 13574 13575 13674 13673 
13808 13575 13576 13675 13674 
13809 13576 13577 13676 13675 
13810 13577 13578 13677 13676 
13811 13578 13579 13678 13677 
13812 13579 13580 13679 13678 
13813 13580 13581 13680 13679 
13814 13581 13582 13681 13680 
13815 13582 13583 13682 13681 
13816 13583 13584 13683 13682 
13817 13584 13585 13684 13683 
13818 13585 13586 13685 13684 
13819 13586 13587 13686 13685 
13820 13587 13588 13687 13686 
13821 13588 13589 13688 13687 
13822 13589 13590 13689 13688 
13823 13590 13591 13690 13689 
13824 13591 13592 13691 13690 
13825 13592 13593 13692 13691 
13826 13593 13594 13693 13692 
13827 13594 13595 13694 13693 
13828 13595 13596 13695 13694 
13829 13596 13597 13696 13695 
13830 13597 13598 13697 13696 
13831 13598 13599 13698 13697 
13832 13599 13600 13699 13698 
13833 13600 13601 13700 13699 
13834 13601 13602 13701 13700 
13835 13602 13603 13702 13701 
13836 13603 13604 13703 13702 
13837 13604 13605 13704 13703 
13838 13605 13606 13705 13704 
13839 13606 13607 13706 13705 
13840 13607 13608 13707 13706 
13841 13608 13609 13708 13707 
13842 13609 13610 13709 13708 
13843 13610 13611 13710 13709 
13844 13611 13612 13711 13710 
13845 13612 13613 13712 13711 
13846 13613 13614 13713 13712 
13847 13614 13615 13714 13713 
13848 13615 13616 13715 13714 
13849 13616 13617 13716 13715 
13850 13617 13618 13717 13716 
13851 13618 13619 13718 13717 
13852 13619 13620 13719 13718 
13853 13620 13621 13720 13719 
13854 13621 13622 13721 13720 
13855 13622 13623 13722 13721 
13856 13623 13624 13723 13722 
13857 13624 13625 13724 13723 
13858 13625 13626 13725 13724 
13859 13626 13627 13726 13725 
13860 13627 13628 13727 13726 
13861 13628 13629 13728 13727 
13862 13629 13630 13729 13728 
13863 13630 13631 13730 13729 
13864 13631 13632 13731 13730 
13865 13632 13633 13732 13731 
13866 13633 13634 13733 13732 
13867 13634 13635 13734 13733 
13868 13635 13636 13735 13734 
13869 13636 13637 13736 13735 
13870 13637 13638 13737 13736 
13871 13638 13639 13738 13737 
13872 13639 13640 13739 13738 
13873 13640 13641 13740 13739 
13874 13641 13642 13741 13740 
13875 13642 13643 13742 13741 
13876 13643 13644 13743 13742 
13877 13644 13645 13744 13743 
13878 13645 13646 13745 13744 
13879 13646 13647 13746 13745 
13880 13647 13648 13747 13746 
13881 13648 13649 13748 13747 
13882 13649 13650 13749 13748 
13883 13650 13651 13750 13749 
13884 13651 13652 13751 13750 
13885 13652 13653 13752 13751 
13886 13653 13654 13753 13752 
13887 13654 13655 13754 13753 
13888 13655 13656 13755 13754 
13889 13656 13657 13756 13755 
13890 13657 13658 13757 13756 
13891 13658 13659 13758 13757 
13892 13659 13660 13759 13758 
13893 13660 13661 13760 13759 
13894 13661 13662 13761 13760 
13895 13662 13663 13762 13761 
13896 13663 13664 13763 13762 
13897 13664 13665 13764 13763 
13898 13665 13666 13765 13764 
13899 13666 13667 13766 13765 
13900 13667 236 237 13766 
13901 367 13668 13767 366 
13902 13668 13669 13768 13767 
13903 13669 13670 13769 13768 
13904 13670 13671 13770 13769 
13905 13671 13672 13771 13770 
13906 13672 13673 13772 13771 
13907 13673 13674 13773 13772 
13908 13674 13675 13774 13773 
13909 13675 13676 13775 13774 
13910 13676 13677 13776 13775 
13911 13677 13678 13777 13776 
13912 13678 13679 13778 13777 
13913 13679 13680 13779 13778 
13914 13680 13681 13780 13779 
13915 13681 13682 13781 13780 
13916 13682 13683 13782 13781 
13917 13683 13684 13783 13782 
13918 13684 13685 13784 13783 
13919 13685 13686 13785 13784 
13920 13686 13687 13786 13785 
13921 13687 13688 13787 13786 
13922 13688 13689 13788 13787 
13923 13689 13690 13789 13788 
13924 13690 13691 13790 13789 
13925 13691 13692 13791 13790 
13926 13692 13693 13792 13791 
13927 13693 13694 13793 13792 
13928 13694 13695 13794 13793 
13929 13695 13696 13795 13794 
13930 13696 13697 13796 13795 
13931 13697 13698 13797 13796 
13932 13698 13699 13798 13797 
13933 13699 13700 13799 13798 
13934 13700 13701 13800 13799 
13935 13701 13702 13801 13800 
13936 13702 13703 13802 13801 
13937 13703 13704 13803 13802 
13938 13704 13705 13804 13803 
13939 13705 13706 13805 13804 
13940 13706 13707 13806 13805 
13941 13707 13708 13807 13806 
13942 13708 13709 13808 13807 
13943 13709 13710 13809 13808 
13944 13710 13711 13810 13809 
13945 13711 13712 13811 13810 
13946 13712 13713 13812 13811 
13947 13713 13714 13813 13812 
13948 13714 13715 13814 13813 
13949 13715 13716 13815 13814 
13950 13716 13717 13816 13815 
13951 13717 13718 13817 13816 
13952 13718 13719 13818 13817 
13953 13719 13720 13819 13818 
13954 13720 13721 13820 13819 
13955 13721 13722 13821 13820 
13956 13722 13723 13822 13821 
13957 13723 13724 13823 13822 
13958 13724 13725 13824 13823 
13959 13725 13726 13825 13824 
13960 13726 13727 13826 13825 
13961 13727 13728 13827 13826 
13962 13728 13729 13828 13827 
13963 13729 13730 13829 13828 
13964 13730 13731 13830 13829 
13965 13731 13732 13831 13830 
13966 13732 13733 13832 13831 
13967 13733 13734 13833 13832 
13968 13734 13735 13834 13833 
13969 13735 13736 13835 13834 
13970 13736 13737 13836 13835 
13971 13737 13738 13837 13836 
13972 13738 13739 13838 13837 
13973 13739 13740 13839 13838 
13974 13740 13741 13840 13839 
13975 13741 13742 13841 13840 
13976 13742 13743 13842 13841 
13977 13743 13744 13843 13842 
13978 13744 13745 13844 13843 
13979 13745 13746 13845 13844 
13980 13746 13747 13846 13845 
13981 13747 13748 13847 13846 
13982 13748 13749 13848 13847 
13983 13749 13750 13849 13848 
13984 13750 13751 13850 13849 
13985 13751 13752 13851 13850 
13986 13752 13753 13852 13851 
13987 13753 13754 13853 13852 
13988 13754 13755 13854 13853 
13989 13755 13756 13855 13854 
13990 13756 13757 13856 13855 
13991 13757 13758 13857 13856 
13992 13758 13759 13858 13857 
13993 13759 13760 13859 13858 
13994 13760 13761 13860 13859 
13995 13761 13762 13861 13860 
13996 13762 13763 13862 13861 
13997 13763 13764 13863 13862 
13998 13764 13765 13864 13863 
13999 13765 13766 13865 13864 
14000 13766 237 238 13865 
14001 366 13767 13866 365 
14002 13767 13768 13867 13866 
14003 13768 13769 13868 13867 
14004 13769 13770 13869 13868 
14005 13770 13771 13870 13869 
14006 13771 13772 13871 13870 
14007 13772 13773 13872 13871 
14008 13773 13774 13873 13872 
14009 13774 13775 13874 13873 
14010 13775 13776 13875 13874 
14011 13776 13777 13876 13875 
14012 13777 13778 13877 13876 
14013 13778 13779 13878 13877 
14014 13779 13780 13879 13878 
14015 13780 13781 13880 13879 
14016 13781 13782 13881 13880 
14017 13782 13783 13882 13881 
14018 13783 13784 13883 13882 
14019 13784 13785 13884 13883 
14020 13785 13786 13885 13884 
14021 13786 13787 13886 13885 
14022 13787 13788 13887 13886 
14023 13788 13789 13888 13887 
14024 13789 13790 13889 13888 
14025 13790 13791 13890 13889 
14026 13791 13792 13891 13890 
14027 13792 13793 13892 13891 
14028 13793 13794 13893 13892 
14029 13794 13795 13894 13893 
14030 13795 13796 13895 13894 
14031 13796 13797 13896 13895 
14032 13797 13798 13897 13896 
14033 13798 13799 13898 13897 
14034 13799 13800 13899 13898 
14035 13800 13801 13900 13899 
14036 13801 13802 13901 13900 
14037 13802 13803 13902 13901 
14038 13803 13804 13903 13902 
14039 13804 13805 13904 13903 
14040 13805 13806 13905 13904 
14041 13806 13807 13906 13905 
14042 13807 13808 13907 13906 
14043 13808 13809 13908 13907 
14044 13809 13810 13909 13908 
14045 13810 13811 13910 13909 
14046 13811 13812 13911 13910 
14047 13812 13813 13912 13911 
14048 13813 13814 13913 13912 
14049 13814 13815 13914 13913 
14050 13815 13816 13915 13914 
14051 13816 13817 13916 13915 
14052 13817 13818 13917 13916 
14053 13818 13819 13918 13917 
14054 13819 13820 13919 13918 
14055 13820 13821 13920 13919 
14056 13821 13822 13921 13920 
14057 13822 13823 13922 13921 
14058 13823 13824 13923 13922 
14059 13824 13825 13924 13923 
14060 13825 13826 13925 13924 
14061 13826 13827 13926 13925 
14062 13827 13828 13927 13926 
14063 13828 13829 13928 13927 
14064 13829 13830 13929 13928 
14065 13830 13831 13930 13929 
14066 13831 13832 13931 13930 
14067 13832 13833 13932 13931 
14068 13833 13834 13933 13932 
14069 13834 13835 13934 13933 
14070 13835 13836 13935 13934 
14071 13836 13837 13936 13935 
14072 13837 13838 13937 13936 
14073 13838 13839 13938 13937 
14074 13839 13840 13939 13938 
14075 13840 13841 13940 13939 
14076 13841 13842 13941 13940 
14077 13842 13843 13942 13941 
14078 13843 13844 13943 13942 
14079 13844 13845 13944 13943 
14080 13845 13846 13945 13944 
14081 13846 13847 13946 13945 
14082 13847 13848 13947 13946 
14083 13848 13849 13948 13947 
14084 13849 13850 13949 13948 
14085 13850 13851 13950 13949 
14086 13851 13852 13951 13950 
14087 13852 13853 13952 13951 
14088 13853 13854 13953 13952 
14089 13854 13855 13954 13953 
14090 13855 13856 13955 13954 
14091 13856 13857 13956 13955 
14092 13857 13858 13957 13956 
14093 13858 13859 13958 13957 
14094 13859 13860 13959 13958 
14095 13860 13861 13960 13959 
14096 13861 13862 13961 13960 
14097 13862 13863 13962 13961 
14098 13863 13864 13963 13962 
14099 13864 13865 13964 13963 
14100 13865 238 239 13964 
14101 365 13866 13965 364 
14102 13866 13867 13966 13965 
14103 13867 13868 13967 13966 
14104 13868 13869 13968 13967 
14105 13869 13870 13969 13968 
14106 13870 13871 13970 13969 
14107 13871 13872 13971 13970 
14108 13872 13873 13972 13971 
14109 13873 13874 13973 13972 
14110 13874 13875 13974 13973 
14111 13875 13876 13975 13974 
14112 13876 13877 13976 13975 
14113 13877 13878 13977 13976 
14114 13878 13879 13978 13977 
14115 13879 13880 13979 13978 
14116 13880 13881 13980 13979 
14117 13881 13882 13981 13980 
14118 13882 13883 13982 13981 
14119 13883 13884 13983 13982 
14120 13884 13885 13984 13983 
14121 13885 13886 13985 13984 
14122 13886 13887 13986 13985 
14123 13887 13888 13987 13986 
14124 13888 13889 13988 13987 
14125 13889 13890 13989 13988 
14126 13890 13891 13990 13989 
14127 13891 13892 13991 13990 
14128 13892 13893 13992 13991 
14129 13893 13894 13993 13992 
14130 13894 13895 13994 13993 
14131 13895 13896 13995 13994 
14132 13896 13897 13996 13995 
14133 13897 13898 13997 13996 
14134 13898 13899 13998 13997 
14135 13899 13900 13999 13998 
14136 13900 13901 14000 13999 
14137 13901 13902 14001 14000 
14138 13902 13903 14002 14001 
14139 13903 13904 14003 14002 
14140 13904 13905 14004 14003 
14141 13905 13906 14005 14004 
14142 13906 13907 14006 14005 
14143 13907 13908 14007 14006 
14144 13908 13909 14008 14007 
14145 13909 13910 14009 14008 
14146 13910 13911 14010 14009 
14147 13911 13912 14011 14010 
14148 13912 13913 14012 14011 
14149 13913 13914 14013 14012 
14150 13914 13915 14014 14013 
14151 13915 13916 14015 14014 
14152 13916 13917 14016 14015 
14153 13917 13918 14017 14016 
14154 13918 13919 14018 14017 
14155 13919 13920 14019 14018 
14156 13920 13921 14020 14019 
14157 13921 13922 14021 14020 
14158 13922 13923 14022 14021 
14159 13923 13924 14023 14022 
14160 13924 13925 14024 14023 
14161 13925 13926 14025 14024 
14162 13926 13927 14026 14025 
14163 13927 13928 14027 14026 
14164 13928 13929 14028 14027 
14165 13929 13930 14029 14028 
14166 13930 13931 14030 14029 
14167 13931 13932 14031 14030 
14168 13932 13933 14032 14031 
14169 13933 13934 14033 14032 
14170 13934 13935 14034 14033 
14171 13935 13936 14035 14034 
14172 13936 13937 14036 14035 
14173 13937 13938 14037 14036 
14174 13938 13939 14038 14037 
14175 13939 13940 14039 14038 
14176 13940 13941 14040 14039 
14177 13941 13942 14041 14040 
14178 13942 13943 14042 14041 
14179 13943 13944 14043 14042 
14180 13944 13945 14044 14043 
14181 13945 13946 14045 14044 
14182 13946 13947 14046 14045 
14183 13947 13948 14047 14046 
14184 13948 13949 14048 14047 
14185 13949 13950 14049 14048 
14186 13950 13951 14050 14049 
14187 13951 13952 14051 14050 
14188 13952 13953 14052 14051 
14189 13953 13954 14053 14052 
14190 13954 13955 14054 14053 
14191 13955 13956 14055 14054 
14192 13956 13957 14056 14055 
14193 13957 13958 14057 14056 
14194 13958 13959 14058 14057 
14195 13959 13960 14059 14058 
14196 13960 13961 14060 14059 
14197 13961 13962 14061 14060 
14198 13962 13963 14062 14061 
14199 13963 13964 14063 14062 
14200 13964 239 240 14063 
14201 364 13965 14064 363 
14202 13965 13966 14065 14064 
14203 13966 13967 14066 14065 
14204 13967 13968 14067 14066 
14205 13968 13969 14068 14067 
14206 13969 13970 14069 14068 
14207 13970 13971 14070 14069 
14208 13971 13972 14071 14070 
14209 13972 13973 14072 14071 
14210 13973 13974 14073 14072 
14211 13974 13975 14074 14073 
14212 13975 13976 14075 14074 
14213 13976 13977 14076 14075 
14214 13977 13978 14077 14076 
14215 13978 13979 14078 14077 
14216 13979 13980 14079 14078 
14217 13980 13981 14080 14079 
14218 13981 13982 14081 14080 
14219 13982 13983 14082 14081 
14220 13983 13984 14083 14082 
14221 13984 13985 14084 14083 
14222 13985 13986 14085 14084 
14223 13986 13987 14086 14085 
14224 13987 13988 14087 14086 
14225 13988 13989 14088 14087 
14226 13989 13990 14089 14088 
14227 13990 13991 14090 14089 
14228 13991 13992 14091 14090 
14229 13992 13993 14092 14091 
14230 13993 13994 14093 14092 
14231 13994 13995 14094 14093 
14232 13995 13996 14095 14094 
14233 13996 13997 14096 14095 
14234 13997 13998 14097 14096 
14235 13998 13999 14098 14097 
14236 13999 14000 14099 14098 
14237 14000 14001 14100 14099 
14238 14001 14002 14101 14100 
14239 14002 14003 14102 14101 
14240 14003 14004 14103 14102 
14241 14004 14005 14104 14103 
14242 14005 14006 14105 14104 
14243 14006 14007 14106 14105 
14244 14007 14008 14107 14106 
14245 14008 14009 14108 14107 
14246 14009 14010 14109 14108 
14247 14010 14011 14110 14109 
14248 14011 14012 14111 14110 
14249 14012 14013 14112 14111 
14250 14013 14014 14113 14112 
14251 14014 14015 14114 14113 
14252 14015 14016 14115 14114 
14253 14016 14017 14116 14115 
14254 14017 14018 14117 14116 
14255 14018 14019 14118 14117 
14256 14019 14020 14119 14118 
14257 14020 14021 14120 14119 
14258 14021 14022 14121 14120 
14259 14022 14023 14122 14121 
14260 14023 14024 14123 14122 
14261 14024 14025 14124 14123 
14262 14025 14026 14125 14124 
14263 14026 14027 14126 14125 
14264 14027 14028 14127 14126 
14265 14028 14029 14128 14127 
14266 14029 14030 14129 14128 
14267 14030 14031 14130 14129 
14268 14031 14032 14131 14130 
14269 14032 14033 14132 14131 
14270 14033 14034 14133 14132 
14271 14034 14035 14134 14133 
14272 14035 14036 14135 14134 
14273 14036 14037 14136 14135 
14274 14037 14038 14137 14136 
14275 14038 14039 14138 14137 
14276 14039 14040 14139 14138 
14277 14040 14041 14140 14139 
14278 14041 14042 14141 14140 
14279 14042 14043 14142 14141 
14280 14043 14044 14143 14142 
14281 14044 14045 14144 14143 
14282 14045 14046 14145 14144 
14283 14046 14047 14146 14145 
14284 14047 14048 14147 14146 
14285 14048 14049 14148 14147 
14286 14049 14050 14149 14148 
14287 14050 14051 14150 14149 
14288 14051 14052 14151 14150 
14289 14052 14053 14152 14151 
14290 14053 14054 14153 14152 
14291 14054 14055 14154 14153 
14292 14055 14056 14155 14154 
14293 14056 14057 14156 14155 
14294 14057 14058 14157 14156 
14295 14058 14059 14158 14157 
14296 14059 14060 14159 14158 
14297 14060 14061 14160 14159 
14298 14061 14062 14161 14160 
14299 14062 14063 14162 14161 
14300 14063 240 241 14162 
14301 363 14064 14163 362 
14302 14064 14065 14164 14163 
14303 14065 14066 14165 14164 
14304 14066 14067 14166 14165 
14305 14067 14068 14167 14166 
14306 14068 14069 14168 14167 
14307 14069 14070 14169 14168 
14308 14070 14071 14170 14169 
14309 14071 14072 14171 14170 
14310 14072 14073 14172 14171 
14311 14073 14074 14173 14172 
14312 14074 14075 14174 14173 
14313 14075 14076 14175 14174 
14314 14076 14077 14176 14175 
14315 14077 14078 14177 14176 
14316 14078 14079 14178 14177 
14317 14079 14080 14179 14178 
14318 14080 14081 14180 14179 
14319 14081 14082 14181 14180 
14320 14082 14083 14182 14181 
14321 14083 14084 14183 14182 
14322 14084 14085 14184 14183 
14323 14085 14086 14185 14184 
14324 14086 14087 14186 14185 
14325 14087 14088 14187 14186 
14326 14088 14089 14188 14187 
14327 14089 14090 14189 14188 
14328 14090 14091 14190 14189 
14329 14091 14092 14191 14190 
14330 14092 14093 14192 14191 
14331 14093 14094 14193 14192 
14332 14094 14095 14194 14193 
14333 14095 14096 14195 14194 
14334 14096 14097 14196 14195 
14335 14097 14098 14197 14196 
14336 14098 14099 14198 14197 
14337 14099 14100 14199 14198 
14338 14100 14101 14200 14199 
14339 14101 14102 14201 14200 
14340 14102 14103 14202 14201 
14341 14103 14104 14203 14202 
14342 14104 14105 14204 14203 
14343 14105 14106 14205 14204 
14344 14106 14107 14206 14205 
14345 14107 14108 14207 14206 
14346 14108 14109 14208 14207 
14347 14109 14110 14209 14208 
14348 14110 14111 14210 14209 
14349 14111 14112 14211 14210 
14350 14112 14113 14212 14211 
14351 14113 14114 14213 14212 
14352 14114 14115 14214 14213 
14353 14115 14116 14215 14214 
14354 14116 14117 14216 14215 
14355 14117 14118 14217 14216 
14356 14118 14119 14218 14217 
14357 14119 14120 14219 14218 
14358 14120 14121 14220 14219 
14359 14121 14122 14221 14220 
14360 14122 14123 14222 14221 
14361 14123 14124 14223 14222 
14362 14124 14125 14224 14223 
14363 14125 14126 14225 14224 
14364 14126 14127 14226 14225 
14365 14127 14128 14227 14226 
14366 14128 14129 14228 14227 
14367 14129 14130 14229 14228 
14368 14130 14131 14230 14229 
14369 14131 14132 14231 14230 
14370 14132 14133 14232 14231 
14371 14133 14134 14233 14232 
14372 14134 14135 14234 14233 
14373 14135 14136 14235 14234 
14374 14136 14137 14236 14235 
14375 14137 14138 14237 14236 
14376 14138 14139 14238 14237 
14377 14139 14140 14239 14238 
14378 14140 14141 14240 14239 
14379 14141 14142 14241 14240 
14380 14142 14143 14242 14241 
14381 14143 14144 14243 14242 
14382 14144 14145 14244 14243 
14383 14145 14146 14245 14244 
14384 14146 14147 14246 14245 
14385 14147 14148 14247 14246 
14386 14148 14149 14248 14247 
14387 14149 14150 14249 14248 
14388 14150 14151 14250 14249 
14389 14151 14152 14251 14250 
14390 14152 14153 14252 14251 
14391 14153 14154 14253 14252 
14392 14154 14155 14254 14253 
14393 14155 14156 14255 14254 
14394 14156 14157 14256 14255 
14395 14157 14158 14257 14256 
14396 14158 14159 14258 14257 
14397 14159 14160 14259 14258 
14398 14160 14161 14260 14259 
14399 14161 14162 14261 14260 
14400 14162 241 242 14261 
14401 362 14163 14262 361 
14402 14163 14164 14263 14262 
14403 14164 14165 14264 14263 
14404 14165 14166 14265 14264 
14405 14166 14167 14266 14265 
14406 14167 14168 14267 14266 
14407 14168 14169 14268 14267 
14408 14169 14170 14269 14268 
14409 14170 14171 14270 14269 
14410 14171 14172 14271 14270 
14411 14172 14173 14272 14271 
14412 14173 14174 14273 14272 
14413 14174 14175 14274 14273 
14414 14175 14176 14275 14274 
14415 14176 14177 14276 14275 
14416 14177 14178 14277 14276 
14417 14178 14179 14278 14277 
14418 14179 14180 14279 14278 
14419 14180 14181 14280 14279 
14420 14181 14182 14281 14280 
14421 14182 14183 14282 14281 
14422 14183 14184 14283 14282 
14423 14184 14185 14284 14283 
14424 14185 14186 14285 14284 
14425 14186 14187 14286 14285 
14426 14187 14188 14287 14286 
14427 14188 14189 14288 14287 
14428 14189 14190 14289 14288 
14429 14190 14191 14290 14289 
14430 14191 14192 14291 14290 
14431 14192 14193 14292 14291 
14432 14193 14194 14293 14292 
14433 14194 14195 14294 14293 
14434 14195 14196 14295 14294 
14435 14196 14197 14296 14295 
14436 14197 14198 14297 14296 
14437 14198 14199 14298 14297 
14438 14199 14200 14299 14298 
14439 14200 14201 14300 14299 
14440 14201 14202 14301 14300 
14441 14202 14203 14302 14301 
14442 14203 14204 14303 14302 
14443 14204 14205 14304 14303 
14444 14205 14206 14305 14304 
14445 14206 14207 14306 14305 
14446 14207 14208 14307 14306 
14447 14208 14209 14308 14307 
14448 14209 14210 14309 14308 
14449 14210 14211 14310 14309 
14450 14211 14212 14311 14310 
14451 14212 14213 14312 14311 
14452 14213 14214 14313 14312 
14453 14214 14215 14314 14313 
14454 14215 14216 14315 14314 
14455 14216 14217 14316 14315 
14456 14217 14218 14317 14316 
14457 14218 14219 14318 14317 
14458 14219 14220 14319 14318 
14459 14220 14221 14320 14319 
14460 14221 14222 14321 14320 
14461 14222 14223 14322 14321 
14462 14223 14224 14323 14322 
14463 14224 14225 14324 14323 
14464 14225 14226 14325 14324 
14465 14226 14227 14326 14325 
14466 14227 14228 14327 14326 
14467 14228 14229 14328 14327 
14468 14229 14230 14329 14328 
14469 14230 14231 14330 14329 
14470 14231 14232 14331 14330 
14471 14232 14233 14332 14331 
14472 14233 14234 14333 14332 
14473 14234 14235 14334 14333 
14474 14235 14236 14335 14334 
14475 14236 14237 14336 14335 
14476 14237 14238 14337 14336 
14477 14238 14239 14338 14337 
14478 14239 14240 14339 14338 
14479 14240 14241 14340 14339 
14480 14241 14242 14341 14340 
14481 14242 14243 14342 14341 
14482 14243 14244 14343 14342 
14483 14244 14245 14344 14343 
14484 14245 14246 14345 14344 
14485 14246 14247 14346 14345 
14486 14247 14248 14347 14346 
14487 14248 14249 14348 14347 
14488 14249 14250 14349 14348 
14489 14250 14251 14350 14349 
14490 14251 14252 14351 14350 
14491 14252 14253 14352 14351 
14492 14253 14254 14353 14352 
14493 14254 14255 14354 14353 
14494 14255 14256 14355 14354 
14495 14256 14257 14356 14355 
14496 14257 14258 14357 14356 
14497 14258 14259 14358 14357 
14498 14259 14260 14359 14358 
14499 14260 14261 14360 14359 
14500 14261 242 243 14360 
14501 361 14262 14361 360 
14502 14262 14263 14362 14361 
14503 14263 14264 14363 14362 
14504 14264 14265 14364 14363 
14505 14265 14266 14365 14364 
14506 14266 14267 14366 14365 
14507 14267 14268 14367 14366 
14508 14268 14269 14368 14367 
14509 14269 14270 14369 14368 
14510 14270 14271 14370 14369 
14511 14271 14272 14371 14370 
14512 14272 14273 14372 14371 
14513 14273 14274 14373 14372 
14514 14274 14275 14374 14373 
14515 14275 14276 14375 14374 
14516 14276 14277 14376 14375 
14517 14277 14278 14377 14376 
14518 14278 14279 14378 14377 
14519 14279 14280 14379 14378 
14520 14280 14281 14380 14379 
14521 14281 14282 14381 14380 
14522 14282 14283 14382 14381 
14523 14283 14284 14383 14382 
14524 14284 14285 14384 14383 
14525 14285 14286 14385 14384 
14526 14286 14287 14386 14385 
14527 14287 14288 14387 14386 
14528 14288 14289 14388 14387 
14529 14289 14290 14389 14388 
14530 14290 14291 14390 14389 
14531 14291 14292 14391 14390 
14532 14292 14293 14392 14391 
14533 14293 14294 14393 14392 
14534 14294 14295 14394 14393 
14535 14295 14296 14395 14394 
14536 14296 14297 14396 14395 
14537 14297 14298 14397 14396 
14538 14298 14299 14398 14397 
14539 14299 14300 14399 14398 
14540 14300 14301 14400 14399 
14541 14301 14302 14401 14400 
14542 14302 14303 14402 14401 
14543 14303 14304 14403 14402 
14544 14304 14305 14404 14403 
14545 14305 14306 14405 14404 
14546 14306 14307 14406 14405 
14547 14307 14308 14407 14406 
14548 14308 14309 14408 14407 
14549 14309 14310 14409 14408 
14550 14310 14311 14410 14409 
14551 14311 14312 14411 14410 
14552 14312 14313 14412 14411 
14553 14313 14314 14413 14412 
14554 14314 14315 14414 14413 
14555 14315 14316 14415 14414 
14556 14316 14317 14416 14415 
14557 14317 14318 14417 14416 
14558 14318 14319 14418 14417 
14559 14319 14320 14419 14418 
14560 14320 14321 14420 14419 
14561 14321 14322 14421 14420 
14562 14322 14323 14422 14421 
14563 14323 14324 14423 14422 
14564 14324 14325 14424 14423 
14565 14325 14326 14425 14424 
14566 14326 14327 14426 14425 
14567 14327 14328 14427 14426 
14568 14328 14329 14428 14427 
14569 14329 14330 14429 14428 
14570 14330 14331 14430 14429 
14571 14331 14332 14431 14430 
14572 14332 14333 14432 14431 
14573 14333 14334 14433 14432 
14574 14334 14335 14434 14433 
14575 14335 14336 14435 14434 
14576 14336 14337 14436 14435 
14577 14337 14338 14437 14436 
14578 14338 14339 14438 14437 
14579 14339 14340 14439 14438 
14580 14340 14341 14440 14439 
14581 14341 14342 14441 14440 
14582 14342 14343 14442 14441 
14583 14343 14344 14443 14442 
14584 14344 14345 14444 14443 
14585 14345 14346 14445 14444 
14586 14346 14347 14446 14445 
14587 14347 14348 14447 14446 
14588 14348 14349 14448 14447 
14589 14349 14350 14449 14448 
14590 14350 14351 14450 14449 
14591 14351 14352 14451 14450 
14592 14352 14353 14452 14451 
14593 14353 14354 14453 14452 
14594 14354 14355 14454 14453 
14595 14355 14356 14455 14454 
14596 14356 14357 14456 14455 
14597 14357 14358 14457 14456 
14598 14358 14359 14458 14457 
14599 14359 14360 14459 14458 
14600 14360 243 244 14459 
14601 360 14361 14460 359 
14602 14361 14362 14461 14460 
14603 14362 14363 14462 14461 
14604 14363 14364 14463 14462 
14605 14364 14365 14464 14463 
14606 14365 14366 14465 14464 
14607 14366 14367 14466 14465 
14608 14367 14368 14467 14466 
14609 14368 14369 14468 14467 
14610 14369 14370 14469 14468 
14611 14370 14371 14470 14469 
14612 14371 14372 14471 14470 
14613 14372 14373 14472 14471 
14614 14373 14374 14473 14472 
14615 14374 14375 14474 14473 
14616 14375 14376 14475 14474 
14617 14376 14377 14476 14475 
14618 14377 14378 14477 14476 
14619 14378 14379 14478 14477 
14620 14379 14380 14479 14478 
14621 14380 14381 14480 14479 
14622 14381 14382 14481 14480 
14623 14382 14383 14482 14481 
14624 14383 14384 14483 14482 
14625 14384 14385 14484 14483 
14626 14385 14386 14485 14484 
14627 14386 14387 14486 14485 
14628 14387 14388 14487 14486 
14629 14388 14389 14488 14487 
14630 14389 14390 14489 14488 
14631 14390 14391 14490 14489 
14632 14391 14392 14491 14490 
14633 14392 14393 14492 14491 
14634 14393 14394 14493 14492 
14635 14394 14395 14494 14493 
14636 14395 14396 14495 14494 
14637 14396 14397 14496 14495 
14638 14397 14398 14497 14496 
14639 14398 14399 14498 14497 
14640 14399 14400 14499 14498 
14641 14400 14401 14500 14499 
14642 14401 14402 14501 14500 
14643 14402 14403 14502 14501 
14644 14403 14404 14503 14502 
14645 14404 14405 14504 14503 
14646 14405 14406 14505 14504 
14647 14406 14407 14506 14505 
14648 14407 14408 14507 14506 
14649 14408 14409 14508 14507 
14650 14409 14410 14509 14508 
14651 14410 14411 14510 14509 
14652 14411 14412 14511 14510 
14653 14412 14413 14512 14511 
14654 14413 14414 14513 14512 
14655 14414 14415 14514 14513 
14656 14415 14416 14515 14514 
14657 14416 14417 14516 14515 
14658 14417 14418 14517 14516 
14659 14418 14419 14518 14517 
14660 14419 14420 14519 14518 
14661 14420 14421 14520 14519 
14662 14421 14422 14521 14520 
14663 14422 14423 14522 14521 
14664 14423 14424 14523 14522 
14665 14424 14425 14524 14523 
14666 14425 14426 14525 14524 
14667 14426 14427 14526 14525 
14668 14427 14428 14527 14526 
14669 14428 14429 14528 14527 
14670 14429 14430 14529 14528 
14671 14430 14431 14530 14529 
14672 14431 14432 14531 14530 
14673 14432 14433 14532 14531 
14674 14433 14434 14533 14532 
14675 14434 14435 14534 14533 
14676 14435 14436 14535 14534 
14677 14436 14437 14536 14535 
14678 14437 14438 14537 14536 
14679 14438 14439 14538 14537 
14680 14439 14440 14539 14538 
14681 14440 14441 14540 14539 
14682 14441 14442 14541 14540 
14683 14442 14443 14542 14541 
14684 14443 14444 14543 14542 
14685 14444 14445 14544 14543 
14686 14445 14446 14545 14544 
14687 14446 14447 14546 14545 
14688 14447 14448 14547 14546 
14689 14448 14449 14548 14547 
14690 14449 14450 14549 14548 
14691 14450 14451 14550 14549 
14692 14451 14452 14551 14550 
14693 14452 14453 14552 14551 
14694 14453 14454 14553 14552 
14695 14454 14455 14554 14553 
14696 14455 14456 14555 14554 
14697 14456 14457 14556 14555 
14698 14457 14458 14557 14556 
14699 14458 14459 14558 14557 
14700 14459 244 245 14558 
14701 359 14460 14559 358 
14702 14460 14461 14560 14559 
14703 14461 14462 14561 14560 
14704 14462 14463 14562 14561 
14705 14463 14464 14563 14562 
14706 14464 14465 14564 14563 
14707 14465 14466 14565 14564 
14708 14466 14467 14566 14565 
14709 14467 14468 14567 14566 
14710 14468 14469 14568 14567 
14711 14469 14470 14569 14568 
14712 14470 14471 14570 14569 
14713 14471 14472 14571 14570 
14714 14472 14473 14572 14571 
14715 14473 14474 14573 14572 
14716 14474 14475 14574 14573 
14717 14475 14476 14575 14574 
14718 14476 14477 14576 14575 
14719 14477 14478 14577 14576 
14720 14478 14479 14578 14577 
14721 14479 14480 14579 14578 
14722 14480 14481 14580 14579 
14723 14481 14482 14581 14580 
14724 14482 14483 14582 14581 
14725 14483 14484 14583 14582 
14726 14484 14485 14584 14583 
14727 14485 14486 14585 14584 
14728 14486 14487 14586 14585 
14729 14487 14488 14587 14586 
14730 14488 14489 14588 14587 
14731 14489 14490 14589 14588 
14732 14490 14491 14590 14589 
14733 14491 14492 14591 14590 
14734 14492 14493 14592 14591 
14735 14493 14494 14593 14592 
14736 14494 14495 14594 14593 
14737 14495 14496 14595 14594 
14738 14496 14497 14596 14595 
14739 14497 14498 14597 14596 
14740 14498 14499 14598 14597 
14741 14499 14500 14599 14598 
14742 14500 14501 14600 14599 
14743 14501 14502 14601 14600 
14744 14502 14503 14602 14601 
14745 14503 14504 14603 14602 
14746 14504 14505 14604 14603 
14747 14505 14506 14605 14604 
14748 14506 14507 14606 14605 
14749 14507 14508 14607 14606 
14750 14508 14509 14608 14607 
14751 14509 14510 14609 14608 
14752 14510 14511 14610 14609 
14753 14511 14512 14611 14610 
14754 14512 14513 14612 14611 
14755 14513 14514 14613 14612 
14756 14514 14515 14614 14613 
14757 14515 14516 14615 14614 
14758 14516 14517 14616 14615 
14759 14517 14518 14617 14616 
14760 14518 14519 14618 14617 
14761 14519 14520 14619 14618 
14762 14520 14521 14620 14619 
14763 14521 14522 14621 14620 
14764 14522 14523 14622 14621 
14765 14523 14524 14623 14622 
14766 14524 14525 14624 14623 
14767 14525 14526 14625 14624 
14768 14526 14527 14626 14625 
14769 14527 14528 14627 14626 
14770 14528 14529 14628 14627 
14771 14529 14530 14629 14628 
14772 14530 14531 14630 14629 
14773 14531 14532 14631 14630 
14774 14532 14533 14632 14631 
14775 14533 14534 14633 14632 
14776 14534 14535 14634 14633 
14777 14535 14536 14635 14634 
14778 14536 14537 14636 14635 
14779 14537 14538 14637 14636 
14780 14538 14539 14638 14637 
14781 14539 14540 14639 14638 
14782 14540 14541 14640 14639 
14783 14541 14542 14641 14640 
14784 14542 14543 14642 14641 
14785 14543 14544 14643 14642 
14786 14544 14545 14644 14643 
14787 14545 14546 14645 14644 
14788 14546 14547 14646 14645 
14789 14547 14548 14647 14646 
14790 14548 14549 14648 14647 
14791 14549 14550 14649 14648 
14792 14550 14551 14650 14649 
14793 14551 14552 14651 14650 
14794 14552 14553 14652 14651 
14795 14553 14554 14653 14652 
14796 14554 14555 14654 14653 
14797 14555 14556 14655 14654 
14798 14556 14557 14656 14655 
14799 14557 14558 14657 14656 
14800 14558 245 246 14657 
14801 358 14559 14658 357 
14802 14559 14560 14659 14658 
14803 14560 14561 14660 14659 
14804 14561 14562 14661 14660 
14805 14562 14563 14662 14661 
14806 14563 14564 14663 14662 
14807 14564 14565 14664 14663 
14808 14565 14566 14665 14664 
14809 14566 14567 14666 14665 
14810 14567 14568 14667 14666 
14811 14568 14569 14668 14667 
14812 14569 14570 14669 14668 
14813 14570 14571 14670 14669 
14814 14571 14572 14671 14670 
14815 14572 14573 14672 14671 
14816 14573 14574 14673 14672 
14817 14574 14575 14674 14673 
14818 14575 14576 14675 14674 
14819 14576 14577 14676 14675 
14820 14577 14578 14677 14676 
14821 14578 14579 14678 14677 
14822 14579 14580 14679 14678 
14823 14580 14581 14680 14679 
14824 14581 14582 14681 14680 
14825 14582 14583 14682 14681 
14826 14583 14584 14683 14682 
14827 14584 14585 14684 14683 
14828 14585 14586 14685 14684 
14829 14586 14587 14686 14685 
14830 14587 14588 14687 14686 
14831 14588 14589 14688 14687 
14832 14589 14590 14689 14688 
14833 14590 14591 14690 14689 
14834 14591 14592 14691 14690 
14835 14592 14593 14692 14691 
14836 14593 14594 14693 14692 
14837 14594 14595 14694 14693 
14838 14595 14596 14695 14694 
14839 14596 14597 14696 14695 
14840 14597 14598 14697 14696 
14841 14598 14599 14698 14697 
14842 14599 14600 14699 14698 
14843 14600 14601 14700 14699 
14844 14601 14602 14701 14700 
14845 14602 14603 14702 14701 
14846 14603 14604 14703 14702 
14847 14604 14605 14704 14703 
14848 14605 14606 14705 14704 
14849 14606 14607 14706 14705 
14850 14607 14608 14707 14706 
14851 14608 14609 14708 14707 
14852 14609 14610 14709 14708 
14853 14610 14611 14710 14709 
14854 14611 14612 14711 14710 
14855 14612 14613 14712 14711 
14856 14613 14614 14713 14712 
14857 14614 14615 14714 14713 
14858 14615 14616 14715 14714 
14859 14616 14617 14716 14715 
14860 14617 14618 14717 14716 
14861 14618 14619 14718 14717 
14862 14619 14620 14719 14718 
14863 14620 14621 14720 14719 
14864 14621 14622 14721 14720 
14865 14622 14623 14722 14721 
14866 14623 14624 14723 14722 
14867 14624 14625 14724 14723 
14868 14625 14626 14725 14724 
14869 14626 14627 14726 14725 
14870 14627 14628 14727 14726 
14871 14628 14629 14728 14727 
14872 14629 14630 14729 14728 
14873 14630 14631 14730 14729 
14874 14631 14632 14731 14730 
14875 14632 14633 14732 14731 
14876 14633 14634 14733 14732 
14877 14634 14635 14734 14733 
14878 14635 14636 14735 14734 
14879 14636 14637 14736 14735 
14880 14637 14638 14737 14736 
14881 14638 14639 14738 14737 
14882 14639 14640 14739 14738 
14883 14640 14641 14740 14739 
14884 14641 14642 14741 14740 
14885 14642 14643 14742 14741 
14886 14643 14644 14743 14742 
14887 14644 14645 14744 14743 
14888 14645 14646 14745 14744 
14889 14646 14647 14746 14745 
14890 14647 14648 14747 14746 
14891 14648 14649 14748 14747 
14892 14649 14650 14749 14748 
14893 14650 14651 14750 14749 
14894 14651 14652 14751 14750 
14895 14652 14653 14752 14751 
14896 14653 14654 14753 14752 
14897 14654 14655 14754 14753 
14898 14655 14656 14755 14754 
14899 14656 14657 14756 14755 
14900 14657 246 247 14756 
14901 357 14658 14757 356 
14902 14658 14659 14758 14757 
14903 14659 14660 14759 14758 
14904 14660 14661 14760 14759 
14905 14661 14662 14761 14760 
14906 14662 14663 14762 14761 
14907 14663 14664 14763 14762 
14908 14664 14665 14764 14763 
14909 14665 14666 14765 14764 
14910 14666 14667 14766 14765 
14911 14667 14668 14767 14766 
14912 14668 14669 14768 14767 
14913 14669 14670 14769 14768 
14914 14670 14671 14770 14769 
14915 14671 14672 14771 14770 
14916 14672 14673 14772 14771 
14917 14673 14674 14773 14772 
14918 14674 14675 14774 14773 
14919 14675 14676 14775 14774 
14920 14676 14677 14776 14775 
14921 14677 14678 14777 14776 
14922 14678 14679 14778 14777 
14923 14679 14680 14779 14778 
14924 14680 14681 14780 14779 
14925 14681 14682 14781 14780 
14926 14682 14683 14782 14781 
14927 14683 14684 14783 14782 
14928 14684 14685 14784 14783 
14929 14685 14686 14785 14784 
14930 14686 14687 14786 14785 
14931 14687 14688 14787 14786 
14932 14688 14689 14788 14787 
14933 14689 14690 14789 14788 
14934 14690 14691 14790 14789 
14935 14691 14692 14791 14790 
14936 14692 14693 14792 14791 
14937 14693 14694 14793 14792 
14938 14694 14695 14794 14793 
14939 14695 14696 14795 14794 
14940 14696 14697 14796 14795 
14941 14697 14698 14797 14796 
14942 14698 14699 14798 14797 
14943 14699 14700 14799 14798 
14944 14700 14701 14800 14799 
14945 14701 14702 14801 14800 
14946 14702 14703 14802 14801 
14947 14703 14704 14803 14802 
14948 14704 14705 14804 14803 
14949 14705 14706 14805 14804 
14950 14706 14707 14806 14805 
14951 14707 14708 14807 14806 
14952 14708 14709 14808 14807 
14953 14709 14710 14809 14808 
14954 14710 14711 14810 14809 
14955 14711 14712 14811 14810 
14956 14712 14713 14812 14811 
14957 14713 14714 14813 14812 
14958 14714 14715 14814 14813 
14959 14715 14716 14815 14814 
14960 14716 14717 14816 14815 
14961 14717 14718 14817 14816 
14962 14718 14719 14818 14817 
14963 14719 14720 14819 14818 
14964 14720 14721 14820 14819 
14965 14721 14722 14821 14820 
14966 14722 14723 14822 14821 
14967 14723 14724 14823 14822 
14968 14724 14725 14824 14823 
14969 14725 14726 14825 14824 
14970 14726 14727 14826 14825 
14971 14727 14728 14827 14826 
14972 14728 14729 14828 14827 
14973 14729 14730 14829 14828 
14974 14730 14731 14830 14829 
14975 14731 14732 14831 14830 
14976 14732 14733 14832 14831 
14977 14733 14734 14833 14832 
14978 14734 14735 14834 14833 
14979 14735 14736 14835 14834 
14980 14736 14737 14836 14835 
14981 14737 14738 14837 14836 
14982 14738 14739 14838 14837 
14983 14739 14740 14839 14838 
14984 14740 14741 14840 14839 
14985 14741 14742 14841 14840 
14986 14742 14743 14842 14841 
14987 14743 14744 14843 14842 
14988 14744 14745 14844 14843 
14989 14745 14746 14845 14844 
14990 14746 14747 14846 14845 
14991 14747 14748 14847 14846 
14992 14748 14749 14848 14847 
14993 14749 14750 14849 14848 
14994 14750 14751 14850 14849 
14995 14751 14752 14851 14850 
14996 14752 14753 14852 14851 
14997 14753 14754 14853 14852 
14998 14754 14755 14854 14853 
14999 14755 14756 14855 14854 
15000 14756 247 248 14855 
15001 356 14757 14856 355 
15002 14757 14758 14857 14856 
15003 14758 14759 14858 14857 
15004 14759 14760 14859 14858 
15005 14760 14761 14860 14859 
15006 14761 14762 14861 14860 
15007 14762 14763 14862 14861 
15008 14763 14764 14863 14862 
15009 14764 14765 14864 14863 
15010 14765 14766 14865 14864 
15011 14766 14767 14866 14865 
15012 14767 14768 14867 14866 
15013 14768 14769 14868 14867 
15014 14769 14770 14869 14868 
15015 14770 14771 14870 14869 
15016 14771 14772 14871 14870 
15017 14772 14773 14872 14871 
15018 14773 14774 14873 14872 
15019 14774 14775 14874 14873 
15020 14775 14776 14875 14874 
15021 14776 14777 14876 14875 
15022 14777 14778 14877 14876 
15023 14778 14779 14878 14877 
15024 14779 14780 14879 14878 
15025 14780 14781 14880 14879 
15026 14781 14782 14881 14880 
15027 14782 14783 14882 14881 
15028 14783 14784 14883 14882 
15029 14784 14785 14884 14883 
15030 14785 14786 14885 14884 
15031 14786 14787 14886 14885 
15032 14787 14788 14887 14886 
15033 14788 14789 14888 14887 
15034 14789 14790 14889 14888 
15035 14790 14791 14890 14889 
15036 14791 14792 14891 14890 
15037 14792 14793 14892 14891 
15038 14793 14794 14893 14892 
15039 14794 14795 14894 14893 
15040 14795 14796 14895 14894 
15041 14796 14797 14896 14895 
15042 14797 14798 14897 14896 
15043 14798 14799 14898 14897 
15044 14799 14800 14899 14898 
15045 14800 14801 14900 14899 
15046 14801 14802 14901 14900 
15047 14802 14803 14902 14901 
15048 14803 14804 14903 14902 
15049 14804 14805 14904 14903 
15050 14805 14806 14905 14904 
15051 14806 14807 14906 14905 
15052 14807 14808 14907 14906 
15053 14808 14809 14908 14907 
15054 14809 14810 14909 14908 
15055 14810 14811 14910 14909 
15056 14811 14812 14911 14910 
15057 14812 14813 14912 14911 
15058 14813 14814 14913 14912 
15059 14814 14815 14914 14913 
15060 14815 14816 14915 14914 
15061 14816 14817 14916 14915 
15062 14817 14818 14917 14916 
15063 14818 14819 14918 14917 
15064 14819 14820 14919 14918 
15065 14820 14821 14920 14919 
15066 14821 14822 14921 14920 
15067 14822 14823 14922 14921 
15068 14823 14824 14923 14922 
15069 14824 14825 14924 14923 
15070 14825 14826 14925 14924 
15071 14826 14827 14926 14925 
15072 14827 14828 14927 14926 
15073 14828 14829 14928 14927 
15074 14829 14830 14929 14928 
15075 14830 14831 14930 14929 
15076 14831 14832 14931 14930 
15077 14832 14833 14932 14931 
15078 14833 14834 14933 14932 
15079 14834 14835 14934 14933 
15080 14835 14836 14935 14934 
15081 14836 14837 14936 14935 
15082 14837 14838 14937 14936 
15083 14838 14839 14938 14937 
15084 14839 14840 14939 14938 
15085 14840 14841 14940 14939 
15086 14841 14842 14941 14940 
15087 14842 14843 14942 14941 
15088 14843 14844 14943 14942 
15089 14844 14845 14944 14943 
15090 14845 14846 14945 14944 
15091 14846 14847 14946 14945 
15092 14847 14848 14947 14946 
15093 14848 14849 14948 14947 
15094 14849 14850 14949 14948 
15095 14850 14851 14950 14949 
15096 14851 14852 14951 14950 
15097 14852 14853 14952 14951 
15098 14853 14854 14953 14952 
15099 14854 14855 14954 14953 
15100 14855 248 249 14954 
15101 355 14856 14955 354 
15102 14856 14857 14956 14955 
15103 14857 14858 14957 14956 
15104 14858 14859 14958 14957 
15105 14859 14860 14959 14958 
15106 14860 14861 14960 14959 
15107 14861 14862 14961 14960 
15108 14862 14863 14962 14961 
15109 14863 14864 14963 14962 
15110 14864 14865 14964 14963 
15111 14865 14866 14965 14964 
15112 14866 14867 14966 14965 
15113 14867 14868 14967 14966 
15114 14868 14869 14968 14967 
15115 14869 14870 14969 14968 
15116 14870 14871 14970 14969 
15117 14871 14872 14971 14970 
15118 14872 14873 14972 14971 
15119 14873 14874 14973 14972 
15120 14874 14875 14974 14973 
15121 14875 14876 14975 14974 
15122 14876 14877 14976 14975 
15123 14877 14878 14977 14976 
15124 14878 14879 14978 14977 
15125 14879 14880 14979 14978 
15126 14880 14881 14980 14979 
15127 14881 14882 14981 14980 
15128 14882 14883 14982 14981 
15129 14883 14884 14983 14982 
15130 14884 14885 14984 14983 
15131 14885 14886 14985 14984 
15132 14886 14887 14986 14985 
15133 14887 14888 14987 14986 
15134 14888 14889 14988 14987 
15135 14889 14890 14989 14988 
15136 14890 14891 14990 14989 
15137 14891 14892 14991 14990 
15138 14892 14893 14992 14991 
15139 14893 14894 14993 14992 
15140 14894 14895 14994 14993 
15141 14895 14896 14995 14994 
15142 14896 14897 14996 14995 
15143 14897 14898 14997 14996 
15144 14898 14899 14998 14997 
15145 14899 14900 14999 14998 
15146 14900 14901 15000 14999 
15147 14901 14902 15001 15000 
15148 14902 14903 15002 15001 
15149 14903 14904 15003 15002 
15150 14904 14905 15004 15003 
15151 14905 14906 15005 15004 
15152 14906 14907 15006 15005 
15153 14907 14908 15007 15006 
15154 14908 14909 15008 15007 
15155 14909 14910 15009 15008 
15156 14910 14911 15010 15009 
15157 14911 14912 15011 15010 
15158 14912 14913 15012 15011 
15159 14913 14914 15013 15012 
15160 14914 14915 15014 15013 
15161 14915 14916 15015 15014 
15162 14916 14917 15016 15015 
15163 14917 14918 15017 15016 
15164 14918 14919 15018 15017 
15165 14919 14920 15019 15018 
15166 14920 14921 15020 15019 
15167 14921 14922 15021 15020 
15168 14922 14923 15022 15021 
15169 14923 14924 15023 15022 
15170 14924 14925 15024 15023 
15171 14925 14926 15025 15024 
15172 14926 14927 15026 15025 
15173 14927 14928 15027 15026 
15174 14928 14929 15028 15027 
15175 14929 14930 15029 15028 
15176 14930 14931 15030 15029 
15177 14931 14932 15031 15030 
15178 14932 14933 15032 15031 
15179 14933 14934 15033 15032 
15180 14934 14935 15034 15033 
15181 14935 14936 15035 15034 
15182 14936 14937 15036 15035 
15183 14937 14938 15037 15036 
15184 14938 14939 15038 15037 
15185 14939 14940 15039 15038 
15186 14940 14941 15040 15039 
15187 14941 14942 15041 15040 
15188 14942 14943 15042 15041 
15189 14943 14944 15043 15042 
15190 14944 14945 15044 15043 
15191 14945 14946 15045 15044 
15192 14946 14947 15046 15045 
15193 14947 14948 15047 15046 
15194 14948 14949 15048 15047 
15195 14949 14950 15049 15048 
15196 14950 14951 15050 15049 
15197 14951 14952 15051 15050 
15198 14952 14953 15052 15051 
15199 14953 14954 15053 15052 
15200 14954 249 250 15053 
15201 354 14955 15054 353 
15202 14955 14956 15055 15054 
15203 14956 14957 15056 15055 
15204 14957 14958 15057 15056 
15205 14958 14959 15058 15057 
15206 14959 14960 15059 15058 
15207 14960 14961 15060 15059 
15208 14961 14962 15061 15060 
15209 14962 14963 15062 15061 
15210 14963 14964 15063 15062 
15211 14964 14965 15064 15063 
15212 14965 14966 15065 15064 
15213 14966 14967 15066 15065 
15214 14967 14968 15067 15066 
15215 14968 14969 15068 15067 
15216 14969 14970 15069 15068 
15217 14970 14971 15070 15069 
15218 14971 14972 15071 15070 
15219 14972 14973 15072 15071 
15220 14973 14974 15073 15072 
15221 14974 14975 15074 15073 
15222 14975 14976 15075 15074 
15223 14976 14977 15076 15075 
15224 14977 14978 15077 15076 
15225 14978 14979 15078 15077 
15226 14979 14980 15079 15078 
15227 14980 14981 15080 15079 
15228 14981 14982 15081 15080 
15229 14982 14983 15082 15081 
15230 14983 14984 15083 15082 
15231 14984 14985 15084 15083 
15232 14985 14986 15085 15084 
15233 14986 14987 15086 15085 
15234 14987 14988 15087 15086 
15235 14988 14989 15088 15087 
15236 14989 14990 15089 15088 
15237 14990 14991 15090 15089 
15238 14991 14992 15091 15090 
15239 14992 14993 15092 15091 
15240 14993 14994 15093 15092 
15241 14994 14995 15094 15093 
15242 14995 14996 15095 15094 
15243 14996 14997 15096 15095 
15244 14997 14998 15097 15096 
15245 14998 14999 15098 15097 
15246 14999 15000 15099 15098 
15247 15000 15001 15100 15099 
15248 15001 15002 15101 15100 
15249 15002 15003 15102 15101 
15250 15003 15004 15103 15102 
15251 15004 15005 15104 15103 
15252 15005 15006 15105 15104 
15253 15006 15007 15106 15105 
15254 15007 15008 15107 15106 
15255 15008 15009 15108 15107 
15256 15009 15010 15109 15108 
15257 15010 15011 15110 15109 
15258 15011 15012 15111 15110 
15259 15012 15013 15112 15111 
15260 15013 15014 15113 15112 
15261 15014 15015 15114 15113 
15262 15015 15016 15115 15114 
15263 15016 15017 15116 15115 
15264 15017 15018 15117 15116 
15265 15018 15019 15118 15117 
15266 15019 15020 15119 15118 
15267 15020 15021 15120 15119 
15268 15021 15022 15121 15120 
15269 15022 15023 15122 15121 
15270 15023 15024 15123 15122 
15271 15024 15025 15124 15123 
15272 15025 15026 15125 15124 
15273 15026 15027 15126 15125 
15274 15027 15028 15127 15126 
15275 15028 15029 15128 15127 
15276 15029 15030 15129 15128 
15277 15030 15031 15130 15129 
15278 15031 15032 15131 15130 
15279 15032 15033 15132 15131 
15280 15033 15034 15133 15132 
15281 15034 15035 15134 15133 
15282 15035 15036 15135 15134 
15283 15036 15037 15136 15135 
15284 15037 15038 15137 15136 
15285 15038 15039 15138 15137 
15286 15039 15040 15139 15138 
15287 15040 15041 15140 15139 
15288 15041 15042 15141 15140 
15289 15042 15043 15142 15141 
15290 15043 15044 15143 15142 
15291 15044 15045 15144 15143 
15292 15045 15046 15145 15144 
15293 15046 15047 15146 15145 
15294 15047 15048 15147 15146 
15295 15048 15049 15148 15147 
15296 15049 15050 15149 15148 
15297 15050 15051 15150 15149 
15298 15051 15052 15151 15150 
15299 15052 15053 15152 15151 
15300 15053 250 251 15152 
15301 353 15054 15153 352 
15302 15054 15055 15154 15153 
15303 15055 15056 15155 15154 
15304 15056 15057 15156 15155 
15305 15057 15058 15157 15156 
15306 15058 15059 15158 15157 
15307 15059 15060 15159 15158 
15308 15060 15061 15160 15159 
15309 15061 15062 15161 15160 
15310 15062 15063 15162 15161 
15311 15063 15064 15163 15162 
15312 15064 15065 15164 15163 
15313 15065 15066 15165 15164 
15314 15066 15067 15166 15165 
15315 15067 15068 15167 15166 
15316 15068 15069 15168 15167 
15317 15069 15070 15169 15168 
15318 15070 15071 15170 15169 
15319 15071 15072 15171 15170 
15320 15072 15073 15172 15171 
15321 15073 15074 15173 15172 
15322 15074 15075 15174 15173 
15323 15075 15076 15175 15174 
15324 15076 15077 15176 15175 
15325 15077 15078 15177 15176 
15326 15078 15079 15178 15177 
15327 15079 15080 15179 15178 
15328 15080 15081 15180 15179 
15329 15081 15082 15181 15180 
15330 15082 15083 15182 15181 
15331 15083 15084 15183 15182 
15332 15084 15085 15184 15183 
15333 15085 15086 15185 15184 
15334 15086 15087 15186 15185 
15335 15087 15088 15187 15186 
15336 15088 15089 15188 15187 
15337 15089 15090 15189 15188 
15338 15090 15091 15190 15189 
15339 15091 15092 15191 15190 
15340 15092 15093 15192 15191 
15341 15093 15094 15193 15192 
15342 15094 15095 15194 15193 
15343 15095 15096 15195 15194 
15344 15096 15097 15196 15195 
15345 15097 15098 15197 15196 
15346 15098 15099 15198 15197 
15347 15099 15100 15199 15198 
15348 15100 15101 15200 15199 
15349 15101 15102 15201 15200 
15350 15102 15103 15202 15201 
15351 15103 15104 15203 15202 
15352 15104 15105 15204 15203 
15353 15105 15106 15205 15204 
15354 15106 15107 15206 15205 
15355 15107 15108 15207 15206 
15356 15108 15109 15208 15207 
15357 15109 15110 15209 15208 
15358 15110 15111 15210 15209 
15359 15111 15112 15211 15210 
15360 15112 15113 15212 15211 
15361 15113 15114 15213 15212 
15362 15114 15115 15214 15213 
15363 15115 15116 15215 15214 
15364 15116 15117 15216 15215 
15365 15117 15118 15217 15216 
15366 15118 15119 15218 15217 
15367 15119 15120 15219 15218 
15368 15120 15121 15220 15219 
15369 15121 15122 15221 15220 
15370 15122 15123 15222 15221 
15371 15123 15124 15223 15222 
15372 15124 15125 15224 15223 
15373 15125 15126 15225 15224 
15374 15126 15127 15226 15225 
15375 15127 15128 15227 15226 
15376 15128 15129 15228 15227 
15377 15129 15130 15229 15228 
15378 15130 15131 15230 15229 
15379 15131 15132 15231 15230 
15380 15132 15133 15232 15231 
15381 15133 15134 15233 15232 
15382 15134 15135 15234 15233 
15383 15135 15136 15235 15234 
15384 15136 15137 15236 15235 
15385 15137 15138 15237 15236 
15386 15138 15139 15238 15237 
15387 15139 15140 15239 15238 
15388 15140 15141 15240 15239 
15389 15141 15142 15241 15240 
15390 15142 15143 15242 15241 
15391 15143 15144 15243 15242 
15392 15144 15145 15244 15243 
15393 15145 15146 15245 15244 
15394 15146 15147 15246 15245 
15395 15147 15148 15247 15246 
15396 15148 15149 15248 15247 
15397 15149 15150 15249 15248 
15398 15150 15151 15250 15249 
15399 15151 15152 15251 15250 
15400 15152 251 252 15251 
15401 352 15153 351 4 
15402 15153 15154 350 351 
15403 15154 15155 349 350 
15404 15155 15156 348 349 
15405 15156 15157 347 348 
15406 15157 15158 346 347 
15407 15158 15159 345 346 
15408 15159 15160 344 345 
15409 15160 15161 343 344 
15410 15161 15162 342 343 
15411 15162 15163 341 342 
15412 15163 15164 340 341 
15413 15164 15165 339 340 
15414 15165 15166 338 339 
15415 15166 15167 337 338 
15416 15167 15168 336 337 
15417 15168 15169 335 336 
15418 15169 15170 334 335 
15419 15170 15171 333 334 
15420 15171 15172 332 333 
15421 15172 15173 331 332 
15422 15173 15174 330 331 
15423 15174 15175 329 330 
15424 15175 15176 328 329 
15425 15176 15177 327 328 
15426 15177 15178 326 327 
15427 15178 15179 325 326 
15428 15179 15180 324 325 
15429 15180 15181 323 324 
15430 15181 15182 322 323 
15431 15182 15183 321 322 
15432 15183 15184 320 321 
15433 15184 15185 319 320 
15434 15185 15186 318 319 
15435 15186 15187 317 318 
15436 15187 15188 316 317 
15437 15188 15189 315 316 
15438 15189 15190 314 315 
15439 15190 15191 313 314 
15440 15191 15192 312 313 
15441 15192 15193 311 312 
15442 15193 15194 310 311 
15443 15194 15195 309 310 
15444 15195 15196 308 309 
15445 15196 15197 307 308 
15446 15197 15198 306 307 
15447 15198 15199 305 306 
15448 15199 15200 304 305 
15449 15200 15201 303 304 
15450 15201 15202 302 303 
15451 15202 15203 301 302 
15452 15203 15204 300 301 
15453 15204 15205 299 300 
15454 15205 15206 298 299 
15455 15206 15207 297 298 
15456 15207 15208 296 297 
15457 15208 15209 295 296 
15458 15209 15210 294 295 
15459 15210 15211 293 294 
15460 15211 15212 292 293 
15461 15212 15213 291 292 
15462 15213 15214 290 291 
15463 15214 15215 289 290 
15464 15215 15216 288 289 
15465 15216 15217 287 288 
15466 15217 15218 286 287 
15467 15218 15219 285 286 
15468 15219 15220 284 285 
15469 15220 15221 283 284 
15470 15221 15222 282 283 
15471 15222 15223 281 282 
15472 15223 15224 280 281 
15473 15224 15225 279 280 
15474 15225 15226 278 279 
15475 15226 15227 277 278 
15476 15227 15228 276 277 
15477 15228 15229 275 276 
15478 15229 15230 274 275 
15479 15230 15231 273 274 
15480 15231 15232 272 273 
15481 15232 15233 271 272 
15482 15233 15234 270 271 
15483 15234 15235 269 270 
15484 15235 15236 268 269 
15485 15236 15237 267 268 
15486 15237 15238 266 267 
15487 15238 15239 265 266 
15488 15239 15240 264 265 
15489 15240 15241 263 264 
15490 15241 15242 262 263 
15491 15242 15243 261 262 
15492 15243 15244 260 261 
15493 15244 15245 259 260 
15494 15245 15246 258 259 
15495 15246 15247 257 258 
15496 15247 15248 256 257 
15497 15248 15249 255 256 
15498 15249 15250 254 255 
15499 15250 15251 253 254 
15500 15251 252 3 253 
$EndElements
