# Brio-Wu, gamma = 2, Bx = 0.75, t = 0.1: HLL finite volume, 10000 cells, sampled at 2000 points
# x rho u v w p By Bz
0.00025 1.0 0.0 0.0 0.0 1.0 1.0 0.0
0.00075 1.0 0.0 0.0 0.0 1.0 1.0 0.0
0.00125 1.0 0.0 0.0 0.0 1.0 1.0 0.0
0.00175 1.0 0.0 0.0 0.0 1.0 1.0 0.0
0.0022500000000000003 1.0 0.0 0.0 0.0 1.0 1.0 0.0
0.0027500000000000003 1.0 0.0 0.0 0.0 1.0 1.0 0.0
0.0032500000000000003 1.0 0.0 0.0 0.0 1.0 1.0 0.0
0.0037500000000000003 1.0 0.0 0.0 0.0 1.0 1.0 0.0
0.00425 1.0 0.0 0.0 0.0 1.0 1.0 0.0
0.00475 1.0 0.0 0.0 0.0 1.0 1.0 0.0
0.00525 1.0 0.0 0.0 0.0 1.0 1.0 0.0
0.00575 1.0 0.0 0.0 0.0 1.0 1.0 0.0
0.00625 1.0 0.0 0.0 0.0 1.0 1.0 0.0
0.00675 1.0 0.0 0.0 0.0 1.0 1.0 0.0
0.00725 1.0 0.0 0.0 0.0 1.0 1.0 0.0
0.00775 1.0 0.0 0.0 0.0 1.0 1.0 0.0
0.00825 1.0 0.0 0.0 0.0 1.0 1.0 0.0
0.00875 1.0 0.0 0.0 0.0 1.0 1.0 0.0
0.009250000000000001 1.0 0.0 0.0 0.0 1.0 1.0 0.0
0.00975 1.0 0.0 0.0 0.0 1.0 1.0 0.0
0.01025 1.0 0.0 0.0 0.0 1.0 1.0 0.0
0.010750000000000001 1.0 0.0 0.0 0.0 1.0 1.0 0.0
0.011250000000000001 1.0 0.0 0.0 0.0 1.0 1.0 0.0
0.01175 1.0 0.0 0.0 0.0 1.0 1.0 0.0
0.01225 1.0 0.0 0.0 0.0 1.0 1.0 0.0
0.012750000000000001 1.0 0.0 0.0 0.0 1.0 1.0 0.0
0.013250000000000001 1.0 0.0 0.0 0.0 1.0 1.0 0.0
0.01375 1.0 0.0 0.0 0.0 1.0 1.0 0.0
0.01425 1.0 0.0 0.0 0.0 1.0 1.0 0.0
0.014750000000000001 1.0 0.0 0.0 0.0 1.0 1.0 0.0
0.015250000000000001 1.0 0.0 0.0 0.0 1.0 1.0 0.0
0.01575 1.0 0.0 0.0 0.0 1.0 1.0 0.0
0.01625 1.0 0.0 0.0 0.0 1.0 1.0 0.0
0.01675 1.0 0.0 0.0 0.0 1.0 1.0 0.0
0.01725 1.0 0.0 0.0 0.0 1.0 1.0 0.0
0.017750000000000002 1.0 0.0 0.0 0.0 1.0 1.0 0.0
0.018250000000000002 1.0 0.0 0.0 0.0 1.0 1.0 0.0
0.01875 1.0 0.0 0.0 0.0 1.0 1.0 0.0
0.01925 1.0 0.0 0.0 0.0 1.0 1.0 0.0
0.01975 1.0 0.0 0.0 0.0 1.0 1.0 0.0
0.02025 1.0 0.0 0.0 0.0 1.0 1.0 0.0
0.02075 1.0 0.0 0.0 0.0 1.0 1.0 0.0
0.02125 1.0 0.0 0.0 0.0 1.0 1.0 0.0
0.021750000000000002 1.0 0.0 0.0 0.0 1.0 1.0 0.0
0.022250000000000002 1.0 0.0 0.0 0.0 1.0 1.0 0.0
0.02275 1.0 0.0 0.0 0.0 1.0 1.0 0.0
0.02325 1.0 0.0 0.0 0.0 1.0 1.0 0.0
0.02375 1.0 0.0 0.0 0.0 1.0 1.0 0.0
0.02425 1.0 0.0 0.0 0.0 1.0 1.0 0.0
0.02475 1.0 0.0 0.0 0.0 1.0 1.0 0.0
0.02525 1.0 0.0 0.0 0.0 1.0 1.0 0.0
0.025750000000000002 1.0 0.0 0.0 0.0 1.0 1.0 0.0
0.026250000000000002 1.0 0.0 0.0 0.0 1.0 1.0 0.0
0.026750000000000003 1.0 0.0 0.0 0.0 1.0 1.0 0.0
0.02725 1.0 0.0 0.0 0.0 1.0 1.0 0.0
0.02775 1.0 0.0 0.0 0.0 1.0 1.0 0.0
0.02825 1.0 0.0 0.0 0.0 1.0 1.0 0.0
0.02875 1.0 0.0 0.0 0.0 1.0 1.0 0.0
0.02925 1.0 0.0 0.0 0.0 1.0 1.0 0.0
0.029750000000000002 1.0 0.0 0.0 0.0 1.0 1.0 0.0
0.030250000000000003 1.0 0.0 0.0 0.0 1.0 1.0 0.0
0.030750000000000003 1.0 0.0 0.0 0.0 1.0 1.0 0.0
0.03125 1.0 0.0 0.0 0.0 1.0 1.0 0.0
0.03175 1.0 0.0 0.0 0.0 1.0 1.0 0.0
0.03225 1.0 0.0 0.0 0.0 1.0 1.0 0.0
0.03275 1.0 0.0 0.0 0.0 1.0 1.0 0.0
0.03325 1.0 0.0 0.0 0.0 1.0 1.0 0.0
0.03375 1.0 0.0 0.0 0.0 1.0 1.0 0.0
0.03425 1.0 0.0 0.0 0.0 1.0 1.0 0.0
0.03475 1.0 0.0 0.0 0.0 1.0 1.0 0.0
0.035250000000000004 1.0 0.0 0.0 0.0 1.0 1.0 0.0
0.035750000000000004 1.0 0.0 0.0 0.0 1.0 1.0 0.0
0.036250000000000004 1.0 0.0 0.0 0.0 1.0 1.0 0.0
0.036750000000000005 1.0 0.0 0.0 0.0 1.0 1.0 0.0
0.03725 1.0 0.0 0.0 0.0 1.0 1.0 0.0
0.03775 1.0 0.0 0.0 0.0 1.0 1.0 0.0
0.03825 1.0 0.0 0.0 0.0 1.0 1.0 0.0
0.03875 1.0 0.0 0.0 0.0 1.0 1.0 0.0
0.03925 1.0 0.0 0.0 0.0 1.0 1.0 0.0
0.03975 1.0 0.0 0.0 0.0 1.0 1.0 0.0
0.04025 1.0 0.0 0.0 0.0 1.0 1.0 0.0
0.04075 1.0 0.0 0.0 0.0 1.0 1.0 0.0
0.04125 1.0 0.0 0.0 0.0 1.0 1.0 0.0
0.04175 1.0 0.0 0.0 0.0 1.0 1.0 0.0
0.04225 1.0 0.0 0.0 0.0 1.0 1.0 0.0
0.04275 1.0 0.0 0.0 0.0 1.0 1.0 0.0
0.043250000000000004 1.0 0.0 0.0 0.0 1.0 1.0 0.0
0.043750000000000004 1.0 0.0 0.0 0.0 1.0 1.0 0.0
0.044250000000000005 1.0 0.0 0.0 0.0 1.0 1.0 0.0
0.044750000000000005 1.0 0.0 0.0 0.0 1.0 1.0 0.0
0.045250000000000005 1.0 0.0 0.0 0.0 1.0 1.0 0.0
0.04575 1.0 0.0 0.0 0.0 1.0 1.0 0.0
0.04625 1.0 0.0 0.0 0.0 1.0 1.0 0.0
0.04675 1.0 0.0 0.0 0.0 1.0 1.0 0.0
0.04725 1.0 0.0 0.0 0.0 1.0 1.0 0.0
0.04775 1.0 0.0 0.0 0.0 1.0 1.0 0.0
0.04825 1.0 0.0 0.0 0.0 1.0 1.0 0.0
0.04875 1.0 0.0 0.0 0.0 1.0 1.0 0.0
0.04925 1.0 0.0 0.0 0.0 1.0 1.0 0.0
0.04975 1.0 0.0 0.0 0.0 1.0 1.0 0.0
0.05025 1.0 0.0 0.0 0.0 1.0 1.0 0.0
0.05075 1.0 0.0 0.0 0.0 1.0 1.0 0.0
0.051250000000000004 1.0 0.0 0.0 0.0 1.0 1.0 0.0
0.051750000000000004 1.0 0.0 0.0 0.0 1.0 1.0 0.0
0.052250000000000005 1.0 0.0 0.0 0.0 1.0 1.0 0.0
0.052750000000000005 1.0 0.0 0.0 0.0 1.0 1.0 0.0
0.053250000000000006 1.0 0.0 0.0 0.0 1.0 1.0 0.0
0.05375 1.0 0.0 0.0 0.0 1.0 1.0 0.0
0.05425 1.0 0.0 0.0 0.0 1.0 1.0 0.0
0.05475 1.0 0.0 0.0 0.0 1.0 1.0 0.0
0.05525 1.0 0.0 0.0 0.0 1.0 1.0 0.0
0.05575 1.0 0.0 0.0 0.0 1.0 1.0 0.0
0.05625 1.0 0.0 0.0 0.0 1.0 1.0 0.0
0.05675 1.0 0.0 0.0 0.0 1.0 1.0 0.0
0.05725 1.0 0.0 0.0 0.0 1.0 1.0 0.0
0.05775 1.0 0.0 0.0 0.0 1.0 1.0 0.0
0.05825 1.0 0.0 0.0 0.0 1.0 1.0 0.0
0.058750000000000004 1.0 0.0 0.0 0.0 1.0 1.0 0.0
0.059250000000000004 1.0 0.0 0.0 0.0 1.0 1.0 0.0
0.059750000000000004 1.0 0.0 0.0 0.0 1.0 1.0 0.0
0.060250000000000005 1.0 0.0 0.0 0.0 1.0 1.0 0.0
0.060750000000000005 1.0 0.0 0.0 0.0 1.0 1.0 0.0
0.061250000000000006 1.0 0.0 0.0 0.0 1.0 1.0 0.0
0.061750000000000006 1.0 0.0 0.0 0.0 1.0 1.0 0.0
0.06225 1.0 0.0 0.0 0.0 1.0 1.0 0.0
0.06275 1.0 0.0 0.0 0.0 1.0 1.0 0.0
0.06325 1.0 0.0 0.0 0.0 1.0 1.0 0.0
0.06375 1.0 0.0 0.0 0.0 1.0 1.0 0.0
0.06425 1.0 0.0 0.0 0.0 1.0 1.0 0.0
0.06475 1.0 0.0 0.0 0.0 1.0 1.0 0.0
0.06525 1.0 0.0 0.0 0.0 1.0 1.0 0.0
0.06575 1.0 0.0 0.0 0.0 1.0 1.0 0.0
0.06625 1.0 0.0 0.0 0.0 1.0 1.0 0.0
0.06675 1.0 0.0 0.0 0.0 1.0 1.0 0.0
0.06725 1.0 0.0 0.0 0.0 1.0 1.0 0.0
0.06775 1.0 0.0 0.0 0.0 1.0 1.0 0.0
0.06825 1.0 0.0 0.0 0.0 1.0 1.0 0.0
0.06875 1.0 0.0 0.0 0.0 1.0 1.0 0.0
0.06925 1.0 0.0 0.0 0.0 1.0 1.0 0.0
0.06975 1.0 0.0 0.0 0.0 1.0 1.0 0.0
0.07025 1.0 0.0 0.0 0.0 1.0 1.0 0.0
0.07075000000000001 1.0 0.0 0.0 0.0 1.0 1.0 0.0
0.07125000000000001 1.0 0.0 0.0 0.0 1.0 1.0 0.0
0.07175000000000001 1.0 0.0 0.0 0.0 1.0 1.0 0.0
0.07225000000000001 1.0 0.0 0.0 0.0 1.0 1.0 0.0
0.07275000000000001 1.0 0.0 0.0 0.0 1.0 1.0 0.0
0.07325000000000001 1.0 0.0 0.0 0.0 1.0 1.0 0.0
0.07375000000000001 1.0 0.0 0.0 0.0 1.0 1.0 0.0
0.07425000000000001 1.0 0.0 0.0 0.0 1.0 1.0 0.0
0.07475 1.0 0.0 0.0 0.0 1.0 1.0 0.0
0.07525 1.0 0.0 0.0 0.0 1.0 1.0 0.0
0.07575 1.0 0.0 0.0 0.0 1.0 1.0 0.0
0.07625 1.0 0.0 0.0 0.0 1.0 1.0 0.0
0.07675 1.0 0.0 0.0 0.0 1.0 1.0 0.0
0.07725 1.0 0.0 0.0 0.0 1.0 1.0 0.0
0.07775 1.0 0.0 0.0 0.0 1.0 1.0 0.0
0.07825 1.0 0.0 0.0 0.0 1.0 1.0 0.0
0.07875 1.0 0.0 0.0 0.0 1.0 1.0 0.0
0.07925 1.0 0.0 0.0 0.0 1.0 1.0 0.0
0.07975 1.0 0.0 0.0 0.0 1.0 1.0 0.0
0.08025 1.0 0.0 0.0 0.0 1.0 1.0 0.0
0.08075 1.0 0.0 0.0 0.0 1.0 1.0 0.0
0.08125 1.0 0.0 0.0 0.0 1.0 1.0 0.0
0.08175 1.0 0.0 0.0 0.0 1.0 1.0 0.0
0.08225 1.0 0.0 0.0 0.0 1.0 1.0 0.0
0.08275 1.0 0.0 0.0 0.0 1.0 1.0 0.0
0.08325 1.0 0.0 0.0 0.0 1.0 1.0 0.0
0.08375 1.0 0.0 0.0 0.0 1.0 1.0 0.0
0.08425 1.0 0.0 0.0 0.0 1.0 1.0 0.0
0.08475 1.0 0.0 0.0 0.0 1.0 1.0 0.0
0.08525 1.0 0.0 0.0 0.0 1.0 1.0 0.0
0.08575 1.0 0.0 0.0 0.0 1.0 1.0 0.0
0.08625000000000001 1.0 0.0 0.0 0.0 1.0 1.0 0.0
0.08675000000000001 1.0 0.0 0.0 0.0 1.0 1.0 0.0
0.08725000000000001 1.0 0.0 0.0 0.0 1.0 1.0 0.0
0.08775000000000001 1.0 0.0 0.0 0.0 1.0 1.0 0.0
0.08825000000000001 1.0 0.0 0.0 0.0 1.0 1.0 0.0
0.08875000000000001 1.0 0.0 0.0 0.0 1.0 1.0 0.0
0.08925000000000001 1.0 0.0 0.0 0.0 1.0 1.0 0.0
0.08975000000000001 1.0 0.0 0.0 0.0 1.0 1.0 0.0
0.09025000000000001 1.0 0.0 0.0 0.0 1.0 1.0 0.0
0.09075000000000001 1.0 0.0 0.0 0.0 1.0 1.0 0.0
0.09125 1.0 0.0 0.0 0.0 1.0 1.0 0.0
0.09175 1.0 0.0 0.0 0.0 1.0 1.0 0.0
0.09225 1.0 0.0 0.0 0.0 1.0 1.0 0.0
0.09275 1.0 0.0 0.0 0.0 1.0 1.0 0.0
0.09325 1.0 0.0 0.0 0.0 1.0 1.0 0.0
0.09375 1.0 0.0 0.0 0.0 1.0 1.0 0.0
0.09425 1.0 0.0 0.0 0.0 1.0 1.0 0.0
0.09475 1.0 0.0 0.0 0.0 1.0 1.0 0.0
0.09525 1.0 0.0 0.0 0.0 1.0 1.0 0.0
0.09575 1.0 0.0 0.0 0.0 1.0 1.0 0.0
0.09625 1.0 0.0 0.0 0.0 1.0 1.0 0.0
0.09675 1.0 0.0 0.0 0.0 1.0 1.0 0.0
0.09725 1.0 0.0 0.0 0.0 1.0 1.0 0.0
0.09775 1.0 0.0 0.0 0.0 1.0 1.0 0.0
0.09825 1.0 0.0 0.0 0.0 1.0 1.0 0.0
0.09875 1.0 0.0 0.0 0.0 1.0 1.0 0.0
0.09925 1.0 0.0 0.0 0.0 1.0 1.0 0.0
0.09975 1.0 0.0 0.0 0.0 1.0 1.0 0.0
0.10025 1.0 0.0 0.0 0.0 1.0 1.0 0.0
0.10075 1.0 0.0 0.0 0.0 1.0 1.0 0.0
0.10125 1.0 0.0 0.0 0.0 1.0 1.0 0.0
0.10175000000000001 1.0 0.0 0.0 0.0 1.0 1.0 0.0
0.10225000000000001 1.0 0.0 0.0 0.0 1.0 1.0 0.0
0.10275000000000001 1.0 0.0 0.0 0.0 1.0 1.0 0.0
0.10325000000000001 1.0 0.0 0.0 0.0 1.0 1.0 0.0
0.10375000000000001 1.0 0.0 0.0 0.0 1.0 1.0 0.0
0.10425000000000001 1.0 0.0 0.0 0.0 1.0 1.0 0.0
0.10475000000000001 1.0 0.0 0.0 0.0 1.0 1.0 0.0
0.10525000000000001 1.0 0.0 0.0 0.0 1.0 1.0 0.0
0.10575000000000001 1.0 0.0 0.0 0.0 1.0 1.0 0.0
0.10625000000000001 1.0 0.0 0.0 0.0 1.0 1.0 0.0
0.10675000000000001 1.0 0.0 0.0 0.0 1.0 1.0 0.0
0.10725000000000001 1.0 0.0 0.0 0.0 1.0 1.0 0.0
0.10775 1.0 0.0 0.0 0.0 1.0 1.0 0.0
0.10825 1.0 0.0 0.0 0.0 1.0 1.0 0.0
0.10875 1.0 0.0 0.0 0.0 1.0 1.0 0.0
0.10925 1.0 0.0 0.0 0.0 1.0 1.0 0.0
0.10975 1.0 0.0 0.0 0.0 1.0 1.0 0.0
0.11025 1.0 0.0 0.0 0.0 1.0 1.0 0.0
0.11075 1.0 0.0 0.0 0.0 1.0 1.0 0.0
0.11125 1.0 0.0 0.0 0.0 1.0 1.0 0.0
0.11175 1.0 0.0 0.0 0.0 1.0 1.0 0.0
0.11225 1.0 0.0 0.0 0.0 1.0 1.0 0.0
0.11275 1.0 0.0 0.0 0.0 1.0 1.0 0.0
0.11325 1.0 0.0 0.0 0.0 1.0 1.0 0.0
0.11375 1.0 0.0 0.0 0.0 1.0 1.0 0.0
0.11425 1.0 0.0 0.0 0.0 1.0 1.0 0.0
0.11475 1.0 0.0 0.0 0.0 1.0 1.0 0.0
0.11525 1.0 0.0 0.0 0.0 1.0 1.0 0.0
0.11575 1.0 0.0 0.0 0.0 1.0 1.0 0.0
0.11625 1.0 0.0 0.0 0.0 1.0 1.0 0.0
0.11675 1.0 0.0 0.0 0.0 1.0 1.0 0.0
0.11725000000000001 1.0 0.0 0.0 0.0 1.0 1.0 0.0
0.11775000000000001 1.0 0.0 0.0 0.0 1.0 1.0 0.0
0.11825000000000001 1.0 0.0 0.0 0.0 1.0 1.0 0.0
0.11875000000000001 1.0 0.0 0.0 0.0 1.0 1.0 0.0
0.11925000000000001 1.0 0.0 0.0 0.0 1.0 1.0 0.0
0.11975000000000001 1.0 0.0 0.0 0.0 1.0 1.0 0.0
0.12025000000000001 1.0 0.0 0.0 0.0 1.0 1.0 0.0
0.12075000000000001 1.0 0.0 0.0 0.0 1.0 1.0 0.0
0.12125000000000001 1.0 0.0 0.0 0.0 1.0 1.0 0.0
0.12175000000000001 1.0 0.0 0.0 0.0 1.0 1.0 0.0
0.12225000000000001 1.0 0.0 0.0 0.0 1.0 1.0 0.0
0.12275000000000001 1.0 0.0 0.0 0.0 1.0 1.0 0.0
0.12325000000000001 1.0 0.0 0.0 0.0 1.0 1.0 0.0
0.12375000000000001 1.0 0.0 0.0 0.0 1.0 1.0 0.0
0.12425 1.0 0.0 0.0 0.0 1.0 1.0 0.0
0.12475 1.0 0.0 0.0 0.0 1.0 1.0 0.0
0.12525 1.0 0.0 0.0 0.0 1.0 1.0 0.0
0.12575 1.0 0.0 0.0 0.0 1.0 1.0 0.0
0.12625 1.0 0.0 0.0 0.0 1.0 1.0 0.0
0.12675 1.0 0.0 0.0 0.0 1.0 1.0 0.0
0.12725 1.0 0.0 0.0 0.0 1.0 1.0 0.0
0.12775 1.0 0.0 0.0 0.0 1.0 1.0 0.0
0.12825 1.0 0.0 0.0 0.0 1.0 1.0 0.0
0.12875 1.0 0.0 0.0 0.0 1.0 1.0 0.0
0.12925 1.0 0.0 0.0 0.0 1.0 1.0 0.0
0.12975 1.0 0.0 0.0 0.0 1.0 1.0 0.0
0.13025 1.0 0.0 0.0 0.0 1.0 1.0 0.0
0.13075 1.0 0.0 0.0 0.0 1.0 1.0 0.0
0.13125 1.0 0.0 0.0 0.0 1.0 1.0 0.0
0.13175 1.0 0.0 0.0 0.0 1.0 1.0 0.0
0.13225 1.0 0.0 0.0 0.0 1.0 1.0 0.0
0.13275 1.0 0.0 0.0 0.0 1.0 1.0 0.0
0.13325 1.0 0.0 0.0 0.0 1.0 1.0 0.0
0.13375 1.0 0.0 0.0 0.0 1.0 1.0 0.0
0.13425 1.0 0.0 0.0 0.0 1.0 1.0 0.0
0.13475 1.0 0.0 0.0 0.0 1.0 1.0 0.0
0.13525 1.0 0.0 0.0 0.0 1.0 1.0 0.0
0.13575 1.0 0.0 0.0 0.0 1.0 1.0 0.0
0.13625 1.0 0.0 0.0 0.0 1.0 1.0 0.0
0.13675 1.0 0.0 0.0 0.0 1.0 1.0 0.0
0.13725 1.0 0.0 0.0 0.0 1.0 1.0 0.0
0.13775 1.0 0.0 0.0 0.0 1.0 1.0 0.0
0.13825 1.0 0.0 0.0 0.0 1.0 1.0 0.0
0.13875 1.0 0.0 0.0 0.0 1.0 1.0 0.0
0.13925 1.0 0.0 0.0 0.0 1.0 1.0 0.0
0.13975 1.0 0.0 0.0 0.0 1.0 1.0 0.0
0.14025 1.0 0.0 0.0 0.0 1.0 1.0 0.0
0.14075000000000001 1.0 0.0 0.0 0.0 1.0 1.0 0.0
0.14125000000000001 1.0 0.0 0.0 0.0 1.0 1.0 0.0
0.14175000000000001 1.0 0.0 0.0 0.0 1.0 1.0 0.0
0.14225000000000002 1.0 0.0 0.0 0.0 1.0 1.0 0.0
0.14275000000000002 1.0 0.0 0.0 0.0 1.0 1.0 0.0
0.14325000000000002 1.0 0.0 0.0 0.0 1.0 1.0 0.0
0.14375000000000002 1.0 0.0 0.0 0.0 1.0 1.0 0.0
0.14425000000000002 1.0 0.0 0.0 0.0 1.0 1.0 0.0
0.14475000000000002 1.0 0.0 0.0 0.0 1.0 1.0 0.0
0.14525000000000002 1.0 0.0 0.0 0.0 1.0 1.0 0.0
0.14575000000000002 1.0 0.0 0.0 0.0 1.0 1.0 0.0
0.14625000000000002 1.0 0.0 0.0 0.0 1.0 1.0 0.0
0.14675000000000002 1.0 0.0 0.0 0.0 1.0 1.0 0.0
0.14725000000000002 1.0 0.0 0.0 0.0 1.0 1.0 0.0
0.14775000000000002 1.0 0.0 0.0 0.0 1.0 1.0 0.0
0.14825000000000002 1.0 0.0 0.0 0.0 1.0 1.0 0.0
0.14875 1.0 0.0 0.0 0.0 1.0 1.0 0.0
0.14925 1.0 0.0 0.0 0.0 1.0 1.0 0.0
0.14975 1.0 0.0 0.0 0.0 1.0 1.0 0.0
0.15025 1.0 0.0 0.0 0.0 1.0 1.0 0.0
0.15075 1.0 0.0 0.0 0.0 1.0 1.0 0.0
0.15125 1.0 0.0 0.0 0.0 1.0 1.0 0.0
0.15175 1.0 0.0 0.0 0.0 1.0 1.0 0.0
0.15225 1.0 0.0 0.0 0.0 1.0 1.0 0.0
0.15275 1.0 0.0 0.0 0.0 1.0 1.0 0.0
0.15325 1.0 0.0 0.0 0.0 1.0 1.0 0.0
0.15375 1.0 0.0 0.0 0.0 1.0 1.0 0.0
0.15425 1.0 0.0 0.0 0.0 1.0 1.0 0.0
0.15475 1.0 0.0 0.0 0.0 1.0 1.0 0.0
0.15525 1.0 0.0 0.0 0.0 1.0 1.0 0.0
0.15575 1.0 0.0 0.0 0.0 1.0 1.0 0.0
0.15625 1.0 0.0 0.0 0.0 1.0 1.0 0.0
0.15675 1.0 0.0 0.0 0.0 1.0 1.0 0.0
0.15725 1.0 0.0 0.0 0.0 1.0 1.0 0.0
0.15775 1.0 0.0 0.0 0.0 1.0 1.0 0.0
0.15825 1.0 0.0 0.0 0.0 1.0 1.0 0.0
0.15875 1.0 0.0 0.0 0.0 1.0 1.0 0.0
0.15925 1.0 0.0 0.0 0.0 1.0 1.0 0.0
0.15975 1.0 0.0 0.0 0.0 1.0 1.0 0.0
0.16025 1.0 0.0 0.0 0.0 1.0 1.0 0.0
0.16075 1.0 0.0 0.0 0.0 1.0 1.0 0.0
0.16125 1.0 0.0 0.0 0.0 1.0 1.0 0.0
0.16175 1.0 0.0 0.0 0.0 1.0 1.0 0.0
0.16225 1.0 0.0 0.0 0.0 1.0 1.0 0.0
0.16275 1.0 0.0 0.0 0.0 1.0 1.0 0.0
0.16325 1.0 0.0 0.0 0.0 1.0 1.0 0.0
0.16375 1.0 0.0 0.0 0.0 1.0 1.0 0.0
0.16425 1.0 0.0 0.0 0.0 1.0 1.0 0.0
0.16475 1.0 0.0 0.0 0.0 1.0 1.0 0.0
0.16525 1.0 0.0 0.0 0.0 1.0 1.0 0.0
0.16575 1.0 0.0 0.0 0.0 1.0 1.0 0.0
0.16625 1.0 0.0 0.0 0.0 1.0 1.0 0.0
0.16675 1.0 0.0 0.0 0.0 1.0 1.0 0.0
0.16725 1.0 0.0 0.0 0.0 1.0 1.0 0.0
0.16775 1.0 0.0 0.0 0.0 1.0 1.0 0.0
0.16825 1.0 0.0 0.0 0.0 1.0 1.0 0.0
0.16875 1.0 0.0 0.0 0.0 1.0 1.0 0.0
0.16925 1.0 0.0 0.0 0.0 1.0 1.0 0.0
0.16975 1.0 0.0 0.0 0.0 1.0 1.0 0.0
0.17025 1.0 0.0 0.0 0.0 1.0 1.0 0.0
0.17075 1.0 0.0 0.0 0.0 1.0 1.0 0.0
0.17125 1.0 0.0 0.0 0.0 1.0 1.0 0.0
0.17175 1.0 0.0 0.0 0.0 1.0 1.0 0.0
0.17225000000000001 1.0 0.0 0.0 0.0 1.0 1.0 0.0
0.17275000000000001 1.0 0.0 0.0 0.0 1.0 1.0 0.0
0.17325000000000002 1.0 0.0 0.0 0.0 1.0 1.0 0.0
0.17375000000000002 1.0 0.0 0.0 0.0 1.0 1.0 0.0
0.17425000000000002 1.0 0.0 0.0 0.0 1.0 1.0 0.0
0.17475000000000002 1.0 0.0 0.0 0.0 1.0 1.0 0.0
0.17525000000000002 1.0 0.0 0.0 0.0 1.0 1.0 0.0
0.17575000000000002 1.0 0.0 0.0 0.0 1.0 1.0 0.0
0.17625000000000002 1.0 0.0 0.0 0.0 1.0 1.0 0.0
0.17675000000000002 1.0 0.0 0.0 0.0 1.0 1.0 0.0
0.17725000000000002 1.0 0.0 0.0 0.0 1.0 1.0 0.0
0.17775000000000002 1.0 0.0 0.0 0.0 1.0 1.0 0.0
0.17825000000000002 1.0 0.0 0.0 0.0 1.0 1.0 0.0
0.17875000000000002 1.0 0.0 0.0 0.0 1.0 1.0 0.0
0.17925000000000002 1.0 0.0 0.0 0.0 1.0 1.0 0.0
0.17975000000000002 1.0 0.0 0.0 0.0 1.0 1.0 0.0
0.18025000000000002 1.0 0.0 0.0 0.0 1.0 1.0 0.0
0.18075000000000002 1.0 0.0 0.0 0.0 1.0 1.0 0.0
0.18125000000000002 1.0 0.0 0.0 0.0 1.0 1.0 0.0
0.18175 1.0 0.0 0.0 0.0 1.0 1.0 0.0
0.18225 1.0 0.0 0.0 0.0 1.0 1.0 0.0
0.18275 1.0 0.0 0.0 0.0 1.0 1.0 0.0
0.18325 1.0 0.0 0.0 0.0 1.0 1.0 0.0
0.18375 1.0 0.0 0.0 0.0 1.0 1.0 0.0
0.18425 1.0 0.0 0.0 0.0 1.0 1.0 0.0
0.18475 1.0 0.0 0.0 0.0 1.0 1.0 0.0
0.18525 1.0 0.0 0.0 0.0 1.0 1.0 0.0
0.18575 1.0 0.0 0.0 0.0 1.0 1.0 0.0
0.18625 1.0 0.0 0.0 0.0 1.0 1.0 0.0
0.18675 1.0 0.0 0.0 0.0 1.0 1.0 0.0
0.18725 1.0 0.0 0.0 0.0 1.0 1.0 0.0
0.18775 1.0 0.0 0.0 0.0 1.0 1.0 0.0
0.18825 1.0 0.0 0.0 0.0 1.0 1.0 0.0
0.18875 1.0 0.0 0.0 0.0 1.0 1.0 0.0
0.18925 1.0 0.0 0.0 0.0 1.0 1.0 0.0
0.18975 1.0 0.0 0.0 0.0 1.0 1.0 0.0
0.19025 1.0 0.0 0.0 0.0 1.0 1.0 0.0
0.19075 1.0 0.0 0.0 0.0 1.0 1.0 0.0
0.19125 1.0 0.0 0.0 0.0 1.0 1.0 0.0
0.19175 1.0 0.0 0.0 0.0 1.0 1.0 0.0
0.19225 1.0 0.0 0.0 0.0 1.0 1.0 0.0
0.19275 1.0 0.0 0.0 0.0 1.0 1.0 0.0
0.19325 1.0 0.0 0.0 0.0 1.0 1.0 0.0
0.19375 1.0 0.0 0.0 0.0 1.0 1.0 0.0
0.19425 1.0 0.0 0.0 0.0 1.0 1.0 0.0
0.19475 1.0 0.0 0.0 0.0 1.0 1.0 0.0
0.19525 1.0 0.0 0.0 0.0 1.0 1.0 0.0
0.19575 1.0 0.0 0.0 0.0 1.0 1.0 0.0
0.19625 1.0 0.0 0.0 0.0 1.0 1.0 0.0
0.19675 1.0 0.0 0.0 0.0 1.0 1.0 0.0
0.19725 1.0 0.0 0.0 0.0 1.0 1.0 0.0
0.19775 1.0 0.0 0.0 0.0 1.0 1.0 0.0
0.19825 1.0 0.0 0.0 0.0 1.0 1.0 0.0
0.19875 1.0 0.0 0.0 0.0 1.0 1.0 0.0
0.19925 1.0 0.0 0.0 0.0 1.0 1.0 0.0
0.19975 1.0 0.0 0.0 0.0 1.0 1.0 0.0
0.20025 1.0 0.0 0.0 0.0 1.0 1.0 0.0
0.20075 1.0 0.0 0.0 0.0 1.0 1.0 0.0
0.20125 1.0 0.0 0.0 0.0 1.0 1.0 0.0
0.20175 1.0 0.0 0.0 0.0 1.0 1.0 0.0
0.20225 1.0 0.0 0.0 0.0 1.0 1.0 0.0
0.20275 1.0 0.0 0.0 0.0 1.0 1.0 0.0
0.20325000000000001 1.0 0.0 0.0 0.0 1.0 1.0 0.0
0.20375000000000001 1.0 0.0 0.0 0.0 1.0 1.0 0.0
0.20425000000000001 1.0 0.0 0.0 0.0 1.0 1.0 0.0
0.20475000000000002 1.0 0.0 0.0 0.0 1.0 1.0 0.0
0.20525000000000002 1.0 0.0 0.0 0.0 1.0 1.0 0.0
0.20575000000000002 1.0 0.0 0.0 0.0 1.0 1.0 0.0
0.20625000000000002 1.0 0.0 0.0 0.0 1.0 1.0 0.0
0.20675000000000002 1.0 0.0 0.0 0.0 1.0 1.0 0.0
0.20725000000000002 1.0 0.0 0.0 0.0 1.0 1.0 0.0
0.20775000000000002 1.0 0.0 0.0 0.0 1.0 1.0 0.0
0.20825000000000002 1.0 0.0 0.0 0.0 1.0 1.0 0.0
0.20875000000000002 1.0 0.0 0.0 0.0 1.0 1.0 0.0
0.20925000000000002 1.0 0.0 0.0 0.0 1.0 1.0 0.0
0.20975000000000002 1.0 0.0 0.0 0.0 1.0 1.0 0.0
0.21025000000000002 1.0 0.0 0.0 0.0 1.0 1.0 0.0
0.21075000000000002 1.0 0.0 0.0 0.0 1.0 1.0 0.0
0.21125000000000002 1.0 0.0 0.0 0.0 1.0 1.0 0.0
0.21175000000000002 1.0 0.0 0.0 0.0 1.0 1.0 0.0
0.21225000000000002 1.0 0.0 0.0 0.0 1.0 1.0 0.0
0.21275000000000002 1.0 0.0 0.0 0.0 1.0 1.0 0.0
0.21325000000000002 1.0 0.0 0.0 0.0 1.0 1.0 0.0
0.21375000000000002 1.0 0.0 0.0 0.0 1.0 1.0 0.0
0.21425000000000002 1.0 0.0 0.0 0.0 1.0 1.0 0.0
0.21475 1.0 0.0 0.0 0.0 1.0 1.0 0.0
0.21525 1.0 0.0 0.0 0.0 1.0 1.0 0.0
0.21575 1.0 0.0 0.0 0.0 1.0 1.0 0.0
0.21625 1.0 0.0 0.0 0.0 1.0 1.0 0.0
0.21675 1.0 0.0 0.0 0.0 1.0 1.0 0.0
0.21725 1.0 0.0 0.0 0.0 1.0 1.0 0.0
0.21775 1.0 0.0 0.0 0.0 1.0 1.0 0.0
0.21825 1.0 0.0 0.0 0.0 1.0 1.0 0.0
0.21875 1.0 0.0 0.0 0.0 1.0 1.0 0.0
0.21925 1.0 0.0 0.0 0.0 1.0 1.0 0.0
0.21975 1.0 0.0 0.0 0.0 1.0 1.0 0.0
0.22025 1.0 0.0 0.0 0.0 1.0 1.0 0.0
0.22075 1.0 0.0 0.0 0.0 1.0 1.0 0.0
0.22125 1.0 0.0 0.0 0.0 1.0 1.0 0.0
0.22175 1.0 0.0 0.0 0.0 1.0 1.0 0.0
0.22225 1.0 0.0 0.0 0.0 1.0 1.0 0.0
0.22275 1.0 0.0 0.0 0.0 1.0 1.0 0.0
0.22325 1.0 0.0 0.0 0.0 1.0 1.0 0.0
0.22375 1.0 0.0 0.0 0.0 1.0 1.0 0.0
0.22425 1.0 0.0 0.0 0.0 1.0 1.0 0.0
0.22475 1.0 0.0 0.0 0.0 1.0 1.0 0.0
0.22525 1.0 0.0 0.0 0.0 1.0 1.0 0.0
0.22575 1.0 0.0 0.0 0.0 1.0 1.0 0.0
0.22625 1.0 0.0 0.0 0.0 1.0 1.0 0.0
0.22675 1.0 0.0 0.0 0.0 1.0 1.0 0.0
0.22725 1.0 0.0 0.0 0.0 1.0 1.0 0.0
0.22775 1.0 0.0 0.0 0.0 1.0 1.0 0.0
0.22825 1.0 0.0 0.0 0.0 1.0 1.0 0.0
0.22875 1.0 0.0 0.0 0.0 1.0 1.0 0.0
0.22925 1.0 0.0 0.0 0.0 1.0 1.0 0.0
0.22975 1.0 0.0 0.0 0.0 1.0 1.0 0.0
0.23025 1.0 0.0 0.0 0.0 1.0 1.0 0.0
0.23075 1.0 0.0 0.0 0.0 1.0 1.0 0.0
0.23125 1.0 0.0 0.0 0.0 1.0 1.0 0.0
0.23175 1.0 0.0 0.0 0.0 1.0 1.0 0.0
0.23225 1.0 0.0 0.0 0.0 1.0 1.0 0.0
0.23275 1.0 0.0 0.0 0.0 1.0 1.0 0.0
0.23325 1.0 0.0 0.0 0.0 1.0 1.0 0.0
0.23375 1.0 0.0 0.0 0.0 1.0 1.0 0.0
0.23425 1.0 0.0 0.0 0.0 1.0 1.0 0.0
0.23475000000000001 1.0 0.0 0.0 0.0 1.0 1.0 0.0
0.23525000000000001 1.0 0.0 0.0 0.0 1.0 1.0 0.0
0.23575000000000002 1.0 0.0 0.0 0.0 1.0 1.0 0.0
0.23625000000000002 1.0 0.0 0.0 0.0 1.0 1.0 0.0
0.23675000000000002 1.0 0.0 0.0 0.0 1.0 1.0 0.0
0.23725000000000002 1.0 0.0 0.0 0.0 1.0 1.0 0.0
0.23775000000000002 1.0 0.0 0.0 0.0 1.0 1.0 0.0
0.23825000000000002 1.0 0.0 0.0 0.0 1.0 1.0 0.0
0.23875000000000002 1.0 0.0 0.0 0.0 1.0 1.0 0.0
0.23925000000000002 1.0 0.0 0.0 0.0 1.0 1.0 0.0
0.23975000000000002 1.0 0.0 0.0 0.0 1.0 1.0 0.0
0.24025000000000002 1.0 0.0 0.0 0.0 1.0 1.0 0.0
0.24075000000000002 1.0 0.0 0.0 0.0 1.0 1.0 0.0
0.24125000000000002 1.0 0.0 0.0 0.0 1.0 1.0 0.0
0.24175000000000002 1.0 0.0 0.0 0.0 1.0 1.0 0.0
0.24225000000000002 1.0 0.0 0.0 0.0 1.0 1.0 0.0
0.24275000000000002 1.0 0.0 0.0 0.0 1.0 1.0 0.0
0.24325000000000002 1.0 0.0 0.0 0.0 1.0 1.0 0.0
0.24375000000000002 1.0 0.0 0.0 0.0 1.0 1.0 0.0
0.24425000000000002 1.0 0.0 0.0 0.0 1.0 1.0 0.0
0.24475000000000002 1.0 0.0 0.0 0.0 1.0 1.0 0.0
0.24525000000000002 1.0 0.0 0.0 0.0 1.0 1.0 0.0
0.24575000000000002 1.0 0.0 0.0 0.0 1.0 1.0 0.0
0.24625000000000002 1.0 0.0 0.0 0.0 1.0 1.0 0.0
0.24675000000000002 1.0 0.0 0.0 0.0 1.0 1.0 0.0
0.24725000000000003 1.0 0.0 0.0 0.0 1.0 1.0 0.0
0.24775 1.0 0.0 0.0 0.0 1.0 1.0 0.0
0.24825 1.0 0.0 0.0 0.0 1.0 1.0 0.0
0.24875 1.0 0.0 0.0 0.0 1.0 1.0 0.0
0.24925 1.0 0.0 0.0 0.0 1.0 1.0 0.0
0.24975 1.0 0.0 0.0 0.0 1.0 1.0 0.0
0.25025000000000003 1.0 0.0 0.0 0.0 1.0 1.0 0.0
0.25075000000000003 1.0 0.0 0.0 0.0 1.0 1.0 0.0
0.25125000000000003 1.0 0.0 0.0 0.0 1.0 1.0 0.0
0.25175000000000003 1.0 0.0 0.0 0.0 1.0 1.0 0.0
0.25225000000000003 1.0 0.0 0.0 0.0 1.0 1.0 0.0
0.25275000000000003 1.0 0.0 0.0 0.0 1.0 1.0 0.0
0.25325000000000003 1.0 0.0 0.0 0.0 1.0 1.0 0.0
0.25375000000000003 1.0 0.0 0.0 0.0 1.0 1.0 0.0
0.25425000000000003 1.0 0.0 0.0 0.0 1.0 1.0 0.0
0.25475000000000003 1.0 0.0 0.0 0.0 1.0 1.0 0.0
0.25525000000000003 1.0 0.0 0.0 0.0 1.0 1.0 0.0
0.25575000000000003 1.0 0.0 0.0 0.0 1.0 1.0 0.0
0.25625000000000003 1.0 0.0 0.0 0.0 1.0 1.0 0.0
0.25675000000000003 1.0 0.0 0.0 0.0 1.0 1.0 0.0
0.25725000000000003 1.0 0.0 0.0 0.0 1.0 1.0 0.0
0.25775000000000003 1.0 0.0 0.0 0.0 1.0 1.0 0.0
0.25825000000000004 1.0 0.0 0.0 0.0 1.0 1.0 0.0
0.25875000000000004 1.0 0.0 0.0 0.0 1.0 1.0 0.0
0.25925000000000004 1.0 0.0 0.0 0.0 1.0 1.0 0.0
0.25975000000000004 1.0 0.0 0.0 0.0 1.0 1.0 0.0
0.26025000000000004 1.0 0.0 0.0 0.0 1.0 1.0 0.0
0.26075000000000004 1.0 0.0 0.0 0.0 1.0 1.0 0.0
0.26125000000000004 1.0 0.0 0.0 0.0 1.0 1.0 0.0
0.26175000000000004 1.0 0.0 0.0 0.0 1.0 1.0 0.0
0.26225000000000004 1.0 0.0 0.0 0.0 1.0 1.0 0.0
0.26275000000000004 1.0 0.0 0.0 0.0 1.0 1.0 0.0
0.26325000000000004 1.0 0.0 0.0 0.0 1.0 1.0 0.0
0.26375000000000004 1.0 0.0 0.0 0.0 1.0 1.0 0.0
0.26425000000000004 1.0 0.0 0.0 0.0 1.0 1.0 0.0
0.26475 1.0 0.0 0.0 0.0 1.0 1.0 0.0
0.26525 1.0 0.0 0.0 0.0 1.0 1.0 0.0
0.26575 1.0 0.0 0.0 0.0 1.0 1.0 0.0
0.26625 1.0 0.0 0.0 0.0 1.0 1.0 0.0
0.26675 1.0 0.0 0.0 0.0 1.0 1.0 0.0
0.26725 1.0 0.0 0.0 0.0 1.0 1.0 0.0
0.26775 1.0 0.0 0.0 0.0 1.0 1.0 0.0
0.26825 1.0 0.0 0.0 0.0 1.0 1.0 0.0
0.26875 1.0 0.0 0.0 0.0 1.0 1.0 0.0
0.26925 1.0 0.0 0.0 0.0 1.0 1.0 0.0
0.26975 1.0 0.0 0.0 0.0 1.0 1.0 0.0
0.27025 1.0 0.0 0.0 0.0 1.0 1.0 0.0
0.27075 1.0 0.0 0.0 0.0 1.0 1.0 0.0
0.27125 1.0 0.0 0.0 0.0 1.0 1.0 0.0
0.27175 1.0 1.1320776010876504e-16 0.0 0.0 1.0 1.0 0.0
0.27225 1.0 1.841517307529813e-15 -1.217240788916008e-16 0.0 0.9999999999999964 0.9999999999999998 0.0
0.27275 1.0 3.869879636908946e-15 -8.847575906627107e-17 0.0 0.999999999999992 0.9999999999999998 0.0
0.27325 1.0 5.921598256094229e-15 -1.7338163235307746e-16 0.0 0.9999999999999878 0.9999999999999996 0.0
0.27375 1.0 7.933746423786078e-15 -1.5675751259904034e-16 0.0 0.9999999999999831 0.9999999999999996 0.0
0.27425 1.0 9.965681016209297e-15 -1.8189803914957724e-16 0.0 0.9999999999999788 0.9999999999999994 0.0
0.27475 1.0 1.2003939338414644e-14 -2.218778652422657e-16 0.0 0.9999999999999744 0.9999999999999994 0.0
0.27525 1.0 1.4043015319165228e-14 -1.5675774102560733e-16 0.0 0.9999999999999697 0.9999999999999994 0.0
0.27575 1.0 1.609830787625433e-14 -2.4028711527314135e-16 0.0 0.9999999999999655 0.9999999999999992 0.0
0.27625 1.0 1.8150031319239e-14 -3.436021963277232e-16 0.0 0.9999999999999613 0.999999999999999 0.0
0.27675 1.0 2.015229148041093e-14 -4.13668929541112e-16 0.0 0.9999999999999567 0.9999999999999989 0.0
0.27725 1.0 2.2120487270794093e-14 -3.9882983041371233e-16 0.0 0.9999999999999525 0.9999999999999989 0.0
0.27775 1.0 2.4068898189274664e-14 -4.388096761044024e-16 0.0 0.999999999999948 0.9999999999999989 0.0
0.27825 1.0 2.6030772599763317e-14 -3.9704522849585765e-16 0.0 0.9999999999999436 0.9999999999999989 0.0
0.27875 1.0 2.796296934173258e-14 -3.669584178017911e-16 0.0 0.9999999999999394 0.9999999999999989 0.0
0.27925 1.0 3.0038053134915145e-14 -4.0872329552362853e-16 0.0 0.9999999999999348 0.9999999999999988 0.0
0.27975 1.0 3.213374028030381e-14 -4.73843648514194e-16 0.0 0.9999999999999305 0.9999999999999987 0.0
0.28025 1.0 3.415222192089151e-14 -4.805752342690238e-16 0.0 0.9999999999999262 0.9999999999999986 0.0
0.28075 1.0 3.614377895628548e-14 -4.855218658025819e-16 0.0 0.9999999999999217 0.9999999999999986 0.0
0.28125 1.0 3.827271701522373e-14 -5.187702678931895e-16 0.0 0.9999999999999173 0.9999999999999983 0.0
0.28175 1.0 4.02345972923838e-14 -6.521724965452512e-16 0.0 0.9999999999999128 0.9999999999999981 0.0
0.28225 1.0 4.227011485804557e-14 -7.657889575762819e-16 0.0 0.9999999999999085 0.999999999999998 0.0
0.28275 1.0 4.431195629000014e-14 -7.240245241615093e-16 0.0 0.9999999999999041 0.999999999999998 0.0
0.28325 1.0 4.6320550211965865e-14 -7.006693301453904e-16 0.0 0.9999999999998996 0.999999999999998 0.0
0.28375 1.0 4.837585610846803e-14 -7.074008766414246e-16 0.0 0.999999999999895 0.999999999999998 0.0
0.28425 1.0 5.043116286677998e-14 -6.773143260564732e-16 0.0 0.9999999999998905 0.999999999999998 0.0
0.28475 1.0 5.2496363326590026e-14 -7.824144323427747e-16 0.0 0.9999999999998862 0.9999999999999977 0.0
0.28525 1.0 5.45417788965387e-14 -8.52481480497287e-16 0.0 0.999999999999882 0.9999999999999974 0.0
0.28575 1.0 5.660698108165248e-14 -1.1776742766012004e-15 0.0 0.9999999999998781 0.9999999999999969 0.0
0.28625 1.0 5.869196984030608e-14 -1.5046523362792049e-15 0.0 0.9999999999998747 0.9999999999999959 0.0
0.28675 1.0 6.069781679308669e-14 -1.8217376264572343e-15 0.0 0.9999999999998708 0.9999999999999951 0.0
0.28725 1.0 6.272263358876863e-14 -2.118628998362235e-15 0.0 0.9999999999998674 0.999999999999994 0.0
0.28775 1.0 6.479140927158845e-14 -2.4271982792752762e-15 0.0 0.9999999999998638 0.9999999999999932 0.0
0.28825 1.0 6.69104668159209e-14 -2.7626931854257567e-15 0.0 0.9999999999998601 0.9999999999999925 0.0
0.28875 1.0 6.885532668201961e-14 -3.1045114269517186e-15 0.0 0.9999999999998562 0.9999999999999917 0.0
0.28925 1.0 7.089442634876738e-14 -3.478201514055721e-15 0.0 0.9999999999998526 0.9999999999999909 0.0
0.28975 1.0 7.290935462730254e-14 -3.835267507530867e-15 0.0 0.9999999999998488 0.99999999999999 0.0
0.29025 1.0 7.497813465730013e-14 -4.1954950384193315e-15 0.0 0.9999999999998451 0.999999999999989 0.0
0.29075 0.9999999999999999 7.693646085325416e-14 -4.57591708566207e-15 0.0 0.9999999999998413 0.9999999999999881 0.0
0.29125 0.9999999999999994 7.913191327262923e-14 -5.234820450316186e-15 0.0 0.9999999999998386 0.9999999999999865 0.0
0.29175 0.9999999999999984 8.139743308454224e-14 -6.2175404483323926e-15 0.0 0.9999999999998361 0.9999999999999842 0.0
0.29225 0.9999999999999952 8.655108345553195e-14 -7.896948709109577e-15 0.0 0.9999999999998302 0.9999999999999803 0.0
0.29275 0.999999999999986 1.0236944186005779e-13 -1.2605436682397789e-14 0.0 0.9999999999998128 0.9999999999999691 0.0
0.29325 0.9999999999999608 1.473064409893038e-13 -2.5495246325176145e-14 0.0 0.9999999999997629 0.9999999999999385 0.0
0.29375 0.9999999999998963 2.622313139873677e-13 -5.81468999284633e-14 0.0 0.9999999999996353 0.9999999999998604 0.0
0.29425 0.9999999999997402 5.416179245590461e-13 -1.3756521239824298e-13 0.0 0.9999999999993235 0.999999999999671 0.0
0.29475 0.9999999999993715 1.2012256512917056e-12 -3.2435255158834196e-13 0.0 0.9999999999985877 0.9999999999992243 0.0
0.29525 0.9999999999985196 2.728379327074579e-12 -7.566996096007379e-13 0.0 0.9999999999968844 0.9999999999981913 0.0
0.29575 0.9999999999965822 6.200266179048036e-12 -1.7394468060047825e-12 0.0 0.9999999999930105 0.9999999999958429 0.0
0.29625 0.999999999992251 1.3963602845091766e-11 -3.936826590933653e-12 0.0 0.9999999999843476 0.9999999999905917 0.0
0.29675 0.9999999999827213 3.104332743395333e-11 -8.77140881383891e-12 0.0 0.9999999999652885 0.9999999999790391 0.0
0.29725 0.9999999999620903 6.80188877070239e-11 -1.92373269847464e-11 0.0 0.9999999999240275 0.9999999999540289 0.0
0.29775 0.99999999991814 1.4679043170012744e-10 -4.1533233921845317e-11 0.0 0.9999999998361269 0.9999999999007485 0.0
0.29825 0.9999999998260045 3.1192218915072367e-10 -8.827262070866716e-11 0.0 0.9999999996518576 0.9999999997890545 0.0
0.29875 0.9999999996359483 6.525568088770902e-10 -1.846867185495388e-10 0.0 0.9999999992717458 0.9999999995586527 0.0
0.29925 0.999999999250189 1.3439466935890492e-9 -3.8037920243536845e-10 0.0 0.9999999985002279 0.9999999990910038 0.0
0.29975 0.9999999984798047 2.7246935804172016e-9 -7.711886745086639e-10 0.0 0.9999999969594603 0.9999999981570812 0.0
0.30025 0.999999996966127 5.437633479779095e-9 -1.5390652178162804e-9 0.0 0.9999999939321058 0.9999999963220774 0.0
0.30075 0.9999999940401465 1.0681821170004914e-8 -3.0233917703150525e-9 0.0 0.9999999880801453 0.9999999927749648 0.0
0.30125 0.9999999884760128 2.065432813748793e-8 -5.846032242185842e-9 0.0 0.9999999769518784 0.9999999860296677 0.0
0.30175 0.9999999780675445 3.930925842972341e-8 -1.1126164900825579e-8 0.0 0.9999999561349431 0.9999999734116726 0.0
0.30225 0.9999999589155812 7.363501460434674e-8 -2.0841802697108035e-8 0.0 0.9999999178310185 0.9999999501940988 0.0
0.30275 0.9999999242538772 1.357586303555219e-7 -3.842540867192861e-8 0.0 0.9999998485076157 0.9999999081743508 0.0
0.30325 0.999999862556267 2.463382696309248e-7 -6.972411665950821e-8 0.0 0.9999997251124112 0.9999998333794684 0.0
0.30375 0.9999997545524729 4.399117475196495e-7 -1.2451359314199468e-7 0.0 0.999999509104873 0.9999997024484448 0.0
0.30425 0.9999995686304094 7.731369181811481e-7 -2.1883042103586666e-7 0.0 0.9999991372608963 0.99999947705852 0.0
0.30475 0.9999992539195992 1.3371881799494325e-6 -3.7848085950466983e-7 0.0 0.999998507839712 0.9999990955403231 0.0
0.30525 0.9999987301415704 2.275947513345705e-6 -6.441897370042159e-7 0.0 0.9999974602848924 0.999998460573667 0.0
0.30575 0.9999978730990184 3.8120121931079854e-6 -1.0789618886967225e-6 0.0 0.999995746203185 0.9999974215962586 0.0
0.30625 0.9999964944927792 6.282868933527216e-6 -1.7783213524312202e-6 0.0 0.9999929889997166 0.9999957503360138 0.0
0.30675 0.9999943146609526 1.0189754116471302e-5 -2.884141776189841e-6 0.0 0.9999886293591939 0.9999931077628103 0.0
0.30725 0.9999909269050924 1.626159369386468e-5 -4.602746137332263e-6 0.0 0.9999818539049015 0.9999890008408985 0.0
0.30775 0.9999857523970372 2.5535827980027414e-5 -7.227787955449175e-6 0.0 0.9999715050266935 0.9999827278613792 0.0
0.30825 0.9999779853422297 3.945670512803826e-5 -1.1168081584851251e-5 0.0 0.9999559712373141 0.9999733119607709 0.0
0.30875 0.9999665291860129 5.9989638864619326e-5 -1.697998834223809e-5 0.0 0.9999330596439692 0.9999594237772793 0.0
0.30925 0.9999499262096239 8.97474335555109e-5 -2.5403177887797636e-5 0.0 0.999899855252486 0.9999392960865079 0.0
0.30975 0.9999262848013123 0.00013212071080928608 -3.739760695935968e-5 0.0 0.9998525757135301 0.9999106356067026 0.0
0.31025 0.9998932108072975 0.00019140108159226415 -5.417849082318926e-5 0.0 0.9997864343786572 0.9998705397302069 0.0
0.31075 0.9998477513268221 0.00027288210575839955 -7.724505880530677e-5 0.0 0.9996955284765148 0.9998154283102975 0.0
0.31125 0.999786360654144 0.0003829206923489331 -0.0001083982163502728 0.0 0.999572771919734 0.9997410022523067 0.0
0.31175 0.9997048982774167 0.0005289412310303263 -0.0001497421381710101 0.0 0.9994098926826356 0.999642240907071 0.0
0.31225 0.9995986674836285 0.0007193671856509267 -0.00020366550722672314 0.0 0.9991975119654585 0.9995134486154448 0.0
0.31275000000000003 0.9994624999806871 0.0009634704953022899 -0.00027279969384061463 0.0 0.9989253160524261 0.9993483569525986 0.0
0.31325000000000003 0.9992908871885428 0.0012711376325392615 -0.0003599535554481688 0.0 0.9985823221828384 0.9991402834602618 0.0
0.31375000000000003 0.9990781530568006 0.0016525615112103643 -0.00046802743265220837 0.0 0.9981572280586432 0.9988823406443373 0.0
0.31425000000000003 0.9988186573935796 0.0021178789065756203 -0.0005999118409429482 0.0 0.9976388227351001 0.9985676819126983 0.0
0.31475000000000003 0.9985070138724587 0.0026767816267389017 -0.0007583787450589794 0.0 0.9970164268747261 0.9981897653040064 0.0
0.31525000000000003 0.9981383041433886 0.0033381345389239306 -0.0009459746499025852 0.0 0.9962803247659744 0.9977426125478532 0.0
0.31575000000000003 0.9977082694315914 0.004109633605795608 -0.001164924746021412 0.0 0.9954221503926788 0.9972210409498441 0.0
0.31625000000000003 0.9972134637027763 0.004997532269519477 -0.0014170559985348691 0.0 0.9944351952805202 0.9966208488550018 0.0
0.31675000000000003 0.9966513573444191 0.006006455838123527 -0.001703744649584587 0.0 0.9933146157222656 0.9959389413317112 0.0
0.31725000000000003 0.9960203863734903 0.007139312742768198 -0.002025890607899865 0.0 0.992057529294845 0.9951733900417158 0.0
0.31775000000000003 0.9953199482933413 0.00839730066932749 -0.002383918186373658 0.0 0.9906630030152066 0.9943234286452186 0.0
0.31825000000000003 0.9945503508884017 0.009779996394117065 -0.0027778001085054477 0.0 0.9891319460008918 0.9933893913291868 0.0
0.31875000000000003 0.9937127238125544 0.011285511825350486 -0.0032070999539366134 0.0 0.9874669267679943 0.9923726063546977 0.0
0.31925000000000003 0.9928089045651135 0.012910695672664781 -0.0036710273611444692 0.0 0.9856719388359307 0.9912752586184072 0.0
0.31975000000000003 0.9918413105017805 0.014651360075948413 -0.004168500277863018 0.0 0.9837521384050802 0.990100235289061 0.0
0.32025000000000003 0.9908128072911594 0.01650251371967006 -0.004698209152366493 0.0 0.9817135753329416 0.9888509670887438 0.0
0.32075000000000004 0.9897265821974901 0.01845858655755205 -0.0052586789479723015 0.0 0.9795629344729733 0.9875312753401878 0.0
0.32125000000000004 0.98858602822303 0.020513635431663936 -0.00584832600696584 0.0 0.9773072996318815 0.9861452320700506 0.0
0.32175000000000004 0.9873946428552968 0.022661523923848795 -0.006465507905624084 0.0 0.9749539477167077 0.9846970376974677 0.0
0.32225000000000004 0.9861559431813322 0.0248960732905855 -0.007108565409596404 0.0 0.9725101765873903 0.9831909184443548 0.0
0.32275000000000004 0.9848733975752914 0.02721118408952603 -0.007775856399366448 0.0 0.9699831669529113 0.981631043726038 0.0
0.32325000000000004 0.9835503730612427 0.029600930064299383 -0.008465782177011154 0.0 0.9673798763989514 0.980021462447195 0.0
0.32375000000000004 0.9821900967600375 0.03205962708471394 -0.009176806907260828 0.0 0.9647069622288096 0.9783660562905844 0.0
0.32425000000000004 0.980795629473532 0.034581880572925265 -0.00990747112361366 0.0 0.9619707290848183 0.9766685076555308 0.0
0.32475000000000004 0.9793698493569793 0.037162615031521004 -0.010656400284693203 0.0 0.9591770971206461 0.9749322797780482 0.0
0.32525000000000004 0.9779154437012695 0.0397970891677772 -0.011422309335686744 0.0 0.9563315866518027 0.9731606066486097 0.0
0.32575000000000004 0.9764349070237918 0.042480899798172087 -0.0122040041471093 0.0 0.9534393155842227 0.9713564905560793 0.0
0.32625000000000004 0.9749305438982078 0.04520997731019764 -0.013000380593364938 0.0 0.9505050064029468 0.9695227053646628 0.0
0.32675000000000004 0.9734044752024554 0.047980575019842694 -0.013810421914619786 0.0 0.9475330000189486 0.96766180393047 0.0
0.32725000000000004 0.9718586467066782 0.05078925433573073 -0.014633194889167252 0.0 0.9445272742727625 0.9657761283561408 0.0
0.32775000000000004 0.9702948391441459 0.05363286725008773 -0.015467845236797985 0.0 0.9414914653497714 0.9638678220487271 0.0
0.32825000000000004 0.9687146791016366 0.056508537335080156 -0.016313592580196302 0.0 0.9384288907595948 0.9619388427791259 0.0
0.32875000000000004 0.9671196502289472 0.05941364013447978 -0.01716972521225463 0.0 0.9353425728669287 0.959990976138156 0.0
0.32925000000000004 0.9655111044011633 0.06234578360356735 -0.018035594852020075 0.0 0.9322352622354875 0.9580258489459607 0.0
0.32975000000000004 0.9638902725746579 0.06530278906005206 -0.018910611519597043 0.0 0.9291094602660258 0.9560449423009707 0.0
0.33025000000000004 0.9622582751619719 0.06828267295953348 -0.019794238619099676 0.0 0.9259674407810433 0.9540496040562854 0.0
0.33075 0.9606161318154005 0.07128362969424488 -0.020685988286929 0.0 0.9228112703402458 0.9520410605894569 0.0
0.33125 0.9589647705577553 0.0743040155273382 -0.021585417038609715 0.0 0.9196428271694581 0.9500204277904601 0.0
0.33175 0.9573050362345715 0.07734233371124255 -0.022492121729625957 0.0 0.9164638186579488 0.9479887212359276 0.0
0.33225 0.9556376982876702 0.08039722079288054 -0.02340573583284614 0.0 0.9132757974307006 0.9459468655487798 0.0
0.33275 0.9539634578677914 0.08346743407667576 -0.024325926026135463 0.0 0.9100801760376472 0.9438957029639502 0.0
0.33325 0.9522829543157979 0.08655184019508896 -0.02525238907769591 0.0 0.9068782403252704 0.9418360011352295 0.0
0.33375 0.9505967710492754 0.08964940472320188 -0.026184849012835538 0.0 0.9036711615701695 0.9397684602271655 0.0
0.33425 0.9489054408953543 0.09275918276651349 -0.027123054543678703 0.0 0.9004600074617679 0.937693719340855 0.0
0.33475 0.9472094509121936 0.0958803104480446 -0.028066776742318944 0.0 0.8972457520240757 0.9356123623244816 0.0
0.33525 0.9455092467415084 0.0990119972207495 -0.029015806937768843 0.0 0.8940292845658107 0.9335249230194383 0.0
0.33575 0.9438052365333244 0.10215351893321312 -0.02996995481747966 0.0 0.8908114177452963 0.9314318899914638 0.0
0.33625 0.9420977944821765 0.10530421157991333 -0.030929046715021825 0.0 0.8875928948322104 0.9293337107939129 0.0
0.33675 0.9403872640115879 0.1084634656714589 -0.03189292406656633 0.0 0.8843743962430464 0.9272307958074224 0.0
0.33725 0.9386739606410203 0.11163072116477774 -0.03286144201999334 0.0 0.881156545421494 0.9251235216970802 0.0
0.33775 0.936958174566762 0.1148054628979551 -0.03383446818169773 0.0 0.8779399141291815 0.9230122345249521 0.0
0.33825 0.9352401729855364 0.11798721647913633 -0.03481188148740524 0.0 0.874725027206494 0.9208972525525809 0.0
0.33875 0.9335202021869833 0.12117554458346008 -0.03579357118452632 0.0 0.8715123668577074 0.9187788687649415 0.0
0.33925 0.9317984894387072 0.12437004361632671 -0.036779435914734725 0.0 0.8683023765094854 0.9166573531443653 0.0
0.33975 0.9300752446852604 0.12757034070535447 -0.037769382886536196 0.0 0.8650954642869386 0.9145329547201666 0.0
0.34025 0.9283506620802997 0.13077609098713236 -0.038763327128614765 0.0 0.8618920061469969 0.912405903417133 0.0
0.34075 0.9266249213691831 0.1339869751583237 -0.0397611908156595 0.0 0.8586923487047322 0.9102764117236772 0.0
0.34125 0.9248981891374918 0.13720269726381637 -0.04076290265923024 0.0 0.8554968117845867 0.9081446761983066 0.0
0.34175 0.923170619939337 0.14042298269746278 -0.041768397356990054 0.0 0.8523056907250579 0.9060108788311052 0.0
0.34225 0.9214423573178561 0.1436475763935277 -0.04277761509432461 0.0 0.8491192584623876 0.9038751882751748 0.0
0.34275 0.9197135347289705 0.14687624118927817 -0.04379050109300764 0.0 0.8459377674160624 0.9017377609613888 0.0
0.34325 0.9179842763783224 0.1501087563412257 -0.04480700520211965 0.0 0.8427614511964958 0.8995987421083944 0.0
0.34375 0.9162546979802259 0.15334491617939175 -0.045827081526948685 0.0 0.8395905261530785 0.8974582666385307 0.0
0.34425 0.914524907446541 0.1565845288856412 -0.04685068809204715 0.0 0.836425192778824 0.8953164600091861 0.0
0.34475 0.9127950055125247 0.15982741538360132 -0.04787778653502405 0.0 0.8332656369861146 0.8931734389681055 0.0
0.34525 0.9110650863059696 0.16307340832901643 -0.04890834182801493 0.0 0.8301120312664776 0.8910293122402563 0.0
0.34575 0.9093352378652658 0.1663223511905749 -0.0499423220240958 0.0 0.8269645357459694 0.8888841811530467 0.0
0.34625 0.907605542611428 0.1695740974122902 -0.05097969802618929 0.0 0.8238232991464913 0.8867381402059817 0.0
0.34675 0.9058760777785954 0.17282850964945695 -0.05202044337627503 0.0 0.8206884596622834 0.8845912775901879 0.0
0.34725 0.90414691580704 0.17608545907104767 -0.053064534062939935 0.0 0.8175601457598602 0.8824436756626823 0.0
0.34775 0.9024181247023003 0.17934482472214472 -0.05411194834551037 0.0 0.8144384769087931 0.8802954113797417 0.0
0.34825 0.9006897683636765 0.18260649294068015 -0.05516266659318448 0.0 0.8113235642499657 0.8781465566932826 0.0
0.34875 0.8989619068849979 0.18587035682333414 -0.05621667113775343 0.0 0.808215511207253 0.8759971789137591 0.0
0.34925 0.8972345968302625 0.18913631573597792 -0.057273946138638315 0.0 0.8051144140479488 0.8738473410427189 0.0
0.34975 0.8955078914864976 0.19240427486451403 -0.058334477459097 0.0 0.8020203623967361 0.8716971020778521 0.0
0.35025 0.8937818410959436 0.19567414480237907 -0.059398252552577 0.0 0.7989334397075001 0.8695465172930676 0.0
0.35075 0.8920564930694551 0.19894584117136127 -0.06046526035828696 0.0 0.795853723696853 0.8673956384958841 0.0
0.35125 0.890331892182824 0.20221928427270222 -0.06153549120515366 0.0 0.7927812867428563 0.8652445142641964 0.0
0.35175 0.8886080807575649 0.20549439876576736 -0.06260893672341145 0.0 0.7897161962520749 0.863093190164268 0.0
0.35225 0.8868850988275433 0.208771113371822 -0.06368558976314634 0.0 0.7866585149977918 0.8609417089516285 0.0
0.35275 0.885162984292704 0.21204936060069715 -0.0647654443191834 0.0 0.783608301431939 0.858790110756382 0.0
0.35325 0.883441773061024 0.21532907649833857 -0.06584849546176168 0.0 0.7805656099730484 0.8566384332542938 0.0
0.35375 0.8817214991797182 0.2186102004134293 -0.06693473927249483 0.0 0.7775304912723082 0.8544867118248871 0.0
0.35425 0.8800021949566192 0.22189267478144034 -0.06802417278516415 0.0 0.7745029924596104 0.852334979697674 0.0
0.35475 0.8782838910725719 0.22517644492462133 -0.06911679393093402 0.0 0.7714831573712978 0.8501832680875242 0.0
0.35525 0.8765666166856013 0.2284614588665869 -0.07021260148761228 0.0 0.7684710267611601 0.8480316063200961 0.0
0.35575 0.8748503995275461 0.23174766716026846 -0.0713115950326192 0.0 0.7654666384960838 0.8458800219481627 0.0
0.35625 0.8731352659937833 0.23503502272812196 -0.07241377489935556 0.0 0.7624700277376277 0.8437285408595879 0.0
0.35675 0.8714212412266137 0.23832348071357537 -0.07351914213669053 0.0 0.7594812271106937 0.8415771873776432 0.0
0.35725 0.8697083491928269 0.24161299834280084 -0.07462769847130865 0.0 0.7565002668603359 0.8394259843542905 0.0
0.35775 0.867996612755923 0.24490353479596375 -0.07573944627268814 0.0 0.7535271749976808 0.8372749532570057 0.0
0.35825 0.8662860537434148 0.24819505108718767 -0.07685438852049474 0.0 0.7505619774358259 0.8351241142496593 0.0
0.35875 0.8645766930096099 0.2514875099525354 -0.07797252877419798 0.0 0.7476046981165148 0.8329734862679333 0.0
0.35925 0.8628685504942292 0.254780875745363 -0.07909387114472868 0.0 0.7446553591283334 0.830823087089708 0.0
0.35975 0.8611616452771912 0.2580751143384658 -0.08021842026801797 0.0 0.7417139808170706 0.8286729334008157 0.0
0.36025 0.8594559956298665 0.2613701930324786 -0.0813461812802652 0.0 0.7387805818888773 0.8265230408565253 0.0
0.36075 0.8577516190630714 0.2646660804700382 -0.08247715979479861 0.0 0.7358551795067636 0.8243734241390964 0.0
0.36125 0.8560485323720628 0.26796274655525837 -0.08361136188040334 0.0 0.732937789380961 0.8222240970117005 0.0
0.36175 0.8543467516787588 0.27126016237809947 -0.0847487940409989 0.0 0.7300284258536127 0.8200750723690003 0.0
0.36225 0.8526462924714033 0.2745583001432556 -0.0858894631965567 0.0 0.7271271019782208 0.8179263622846391 0.0
0.36275 0.8509471696418723 0.27785713310320453 -0.08703337666516216 0.0 0.7242338295942587 0.815777978055883 0.0
0.36325 0.8492493975208036 0.28115663549509323 -0.0881805421461274 0.0 0.7213486193973031 0.8136299302456367 0.0
0.36375 0.8475529899107103 0.2844567824811674 -0.08933096770406876 0.0 0.7184714810050311 0.8114822287220309 0.0
0.36425 0.8458579601172456 0.28775755009245707 -0.09048466175387053 0.0 0.7156024230193876 0.8093348826957771 0.0
0.36475 0.8441643209787513 0.29105891517546545 -0.09164163304646054 0.0 0.7127414530852116 0.8071879007554601 0.0
0.36525 0.8424720848942313 0.29436085534162404 -0.09280189065532884 0.0 0.7098885779455967 0.8050412909009288 0.0
0.36575 0.84078126384987 0.2976633489192856 -0.09396544396372625 0.0 0.7070438034942166 0.8028950605749396 0.0
0.36625 0.8390918694442079 0.3009663749080524 -0.0951323026524778 0.0 0.7042071348248558 0.8007492166931919 0.0
0.36675 0.8374039129120915 0.30426991293524075 -0.09630247668835763 0.0 0.7013785762783575 0.7986037656728862 0.0
0.36725 0.8357174051474887 0.30757394321430087 -0.09747597631297066 0.0 0.698558131487182 0.7964587134599284 0.0
0.36775 0.8340323567252643 0.3108784465050248 -0.0986528120320867 0.0 0.6957458034177639 0.794314065554894 0.0
0.36825 0.8323487779220167 0.31418340407537093 -0.09983299460538028 0.0 0.6929415944108437 0.7921698270378678 0.0
0.36875 0.830666678736042 0.31748879766476246 -0.10101653503652937 0.0 0.6901455062199296 0.7900260025922535 0.0
0.36925 0.8289860689065165 0.32079460944870786 -0.10220344456362548 0.0 0.687357540048048 0.7878825965276556 0.0
0.36975 0.8273069579319688 0.32410082200460266 -0.10339373464985115 0.0 0.684577696582924 0.7857396128019285 0.0
0.37025 0.8256293550881162 0.3274074182785871 -0.10458741697438492 0.0 0.6818059760307299 0.783597055042476 0.0
0.37075 0.823953269445128 0.3307143815533256 -0.10578450342348678 0.0 0.6790423781485245 0.781454926566896 0.0
0.37125 0.8222787098843893 0.3340216954165794 -0.10698500608172803 0.0 0.6762869022755194 0.7793132304030431 0.0
0.37175 0.8206056851148238 0.33732934373046386 -0.10818893722331933 0.0 0.6735395473632726 0.777171969308597 0.0
0.37225 0.818934203688841 0.3406373106012604 -0.10939630930349928 0.0 0.67080031200494 0.775031145790213 0.0
0.37275 0.8172642740179669 0.3439455803496713 -0.11060713494993663 0.0 0.6680691944636779 0.7728907621223331 0.0
0.37325 0.8155959043882172 0.34725413748140144 -0.11182142695411512 0.0 0.6653461927003155 0.7707508203657307 0.0
0.37375 0.8139291029752785 0.3505629666579499 -0.11303919826264197 0.0 0.6626313044003944 0.7686113223858708 0.0
0.37425 0.8122638778595468 0.35387205266749644 -0.11426046196845106 0.0 0.6599245270006782 0.7664722698711565 0.0
0.37475 0.8106002370410917 0.3571813803957645 -0.11548523130184443 0.0 0.6572258577152288 0.7643336643511451 0.0
0.37525000000000003 0.8089381884546011 0.36049093479674155 -0.11671351962133178 0.0 0.654535293561157 0.7621955072148074 0.0
0.37575000000000003 0.8072777399843682 0.36380070086313404 -0.11794534040421258 0.0 0.6518528313841405 0.7600577997289109 0.0
0.37625000000000003 0.8056188994793868 0.3671106635964286 -0.11918070723685247 0.0 0.6491784678838131 0.7579205430566152 0.0
0.37675000000000003 0.8039616747686129 0.37042080797642957 -0.12041963380459669 0.0 0.6465121996391247 0.7557837382763583 0.0
0.37725000000000003 0.8023060736764689 0.373731118930134 -0.1216621338812637 0.0 0.643854023133783 0.7536473864011268 0.0
0.37775000000000003 0.8006521040386456 0.37704158129980214 -0.12290822131815247 0.0 0.6412039347818725 0.7515114883982056 0.0
0.37825000000000003 0.7989997737182967 0.3803521798100632 -0.12415791003249786 0.0 0.638561930953777 0.7493760452095054 0.0
0.37875000000000003 0.797349090622681 0.38366289903390255 -0.12541121399530586 0.0 0.6359280080025054 0.74724105777257 0.0
0.37925000000000003 0.7957000627203515 0.3869737233573487 -0.12666814721848138 0.0 0.6333021622905617 0.7451065270423824 0.0
0.37975000000000003 0.7940526980589713 0.3902846369426801 -0.12792872374117237 0.0 0.6306843902174655 0.7429724540140854 0.0
0.38025000000000003 0.7924070047838496 0.39359562368994644 -0.12919295761523006 0.0 0.6280746882480801 0.7408388397467477 0.0
0.38075000000000003 0.7907629911573103 0.39690666719658607 -0.13046086288969208 0.0 0.6254730529418813 0.7387056853883188 0.0
0.38125000000000003 0.7891206655789879 0.400217750714909 -0.13173245359416988 0.0 0.6228794809833271 0.7365729922019192 0.0
0.38175000000000003 0.7874800366071837 0.4035288571071829 -0.13300774372102528 0.0 0.620293969213495 0.7344407615936399 0.0
0.38225000000000003 0.785841112981405 0.406839968798043 -0.13428674720620196 0.0 0.6177165146631712 0.732308995142025 0.0
0.38275000000000003 0.7842039036462345 0.4101510677239167 -0.1355694779085619 0.0 0.6151471145875931 0.7301776946294396 0.0
0.38325000000000004 0.7825684177766808 0.41346213527912795 -0.13685594958756683 0.0 0.6125857665030496 0.7280468620755404 0.0
0.38375000000000004 0.7809346648051905 0.41677315225830325 -0.13814617587912897 0.0 0.6100324682255894 0.7259164997730918 0.0
0.38425000000000004 0.7793026544505013 0.4200840987946699 -0.13944017026942487 0.0 0.6074872179120892 0.7237866103263882 0.0
0.38475000000000004 0.7776723967485576 0.4233949542937889 -0.14073794606645665 0.0 0.6049500141039665 0.7216571966925814 0.0
0.38525000000000004 0.7760439020857072 0.42670569736221825 -0.14203951636911483 0.0 0.6024208557738646 0.7195282622262352 0.0
0.38575000000000004 0.7744171812344544 0.43001630573054406 -0.14334489403346748 0.0 0.5998997423756431 0.717399810727473 0.0
0.38625000000000004 0.7727922453920385 0.43332675617014593 -0.14465409163597098 0.0 0.5973866738980766 0.7152718464941208 0.0
0.38675000000000004 0.7711691062221744 0.43663702440300445 -0.14596712143325952 0.0 0.5948816509226885 0.7131443743782945 0.0
0.38725000000000004 0.7695477759003039 0.43994708500376517 -0.14728399531813247 0.0 0.5923846746862074 0.7110173998479407 0.0
0.38775000000000004 0.767928267162763 0.4432569112931772 -0.14860472477130646 0.0 0.5898957471481758 0.7088909290538932 0.0
0.38825000000000004 0.7663105933603146 0.4465664752219282 -0.14992932080845328 0.0 0.5874148710643317 0.7067649689030783 0.0
0.38875000000000004 0.7646947685165547 0.44987574724376167 -0.15125779392197503 0.0 0.5849420500664314 0.7046395271385838 0.0
0.38925000000000004 0.7630808073917597 0.4531846961766301 -0.1525901540169037 0.0 0.5824772887492828 0.7025146124274013 0.0
0.38975000000000004 0.7614687255528213 0.45649328905047404 -0.153926410340235 0.0 0.5800205927658494 0.7003902344567415 0.0
0.39025000000000004 0.7598585394499976 0.4598014909400317 -0.15526657140290445 0.0 0.5775719689314089 0.6982664040399552 0.0
0.39075000000000004 0.7582502665013017 0.46310926478087067 -0.15661064489352208 0.0 0.5751314253378516 0.6961431332332249 0.0
0.39125000000000004 0.7566439251854675 0.46641657116659185 -0.15795863758284648 0.0 0.5726989714793915 0.6940204354643433 0.0
0.39175000000000004 0.7550395351445559 0.4697233681248712 -0.15931055521785042 0.0 0.5702746183910974 0.6918983256750904 0.0
0.39225000000000004 0.7534371172974178 0.4730296108696748 -0.16066640240406124 0.0 0.5678583788018675 0.6897768204789203 0.0
0.39275000000000004 0.7518366939653904 0.4763352515266177 -0.16202618247467854 0.0 0.5654502673037061 0.6876559383359073 0.0
0.39325000000000004 0.7502382890118243 0.4796402388279827 -0.16338989734474338 0.0 0.5630503005393995 0.6855356997472078 0.0
0.39375000000000004 0.7486419279972452 0.48294451777341535 -0.1647575473483913 0.0 0.5606584974110316 0.6834161274715905 0.0
0.39425000000000004 0.7470476383522505 0.48624802925171734 -0.16612913105691965 0.0 0.55827487931211 0.6812972467669961 0.0
0.39475000000000005 0.7454554495705271 0.4895507096184707 -0.1675046450750561 0.0 0.5558994703865049 0.6791790856605187 0.0
0.39525000000000005 0.7438653934247785 0.4928524902233977 -0.16888408381241546 0.0 0.5535322978179044 0.6770616752507359 0.0
0.39575000000000005 0.7422775042087505 0.49615329688043613 -0.1702674392266541 0.0 0.5511733921540345 0.6749450500469139 0.0
0.39625000000000005 0.7406918190090804 0.49945304927236606 -0.17165470053427262 0.0 0.5488227876706033 0.6728292483503504 0.0
0.39675 0.7391083780112712 0.5027516602805294 -0.17304585388437027 0.0 0.5464805227807022 0.6707143126839556 0.0
0.39725 0.7375272248448189 0.5060490352286126 -0.17444088198987068 0.0 0.5441466404963383 0.668600290277177 0.0
0.39775 0.7359484069733436 0.5093450710276286 -0.1758397637098253 0.0 0.5418211889498951 0.6664872336145692 0.0
0.39825 0.7343719761365718 0.512639655207052 -0.17724247357530928 0.0 0.53950422198462 0.6643752010577042 0.0
0.39875 0.7327979888522096 0.5159326648144567 -0.17864898125012355 0.0 0.5371957998248245 0.6622642575518055 0.0
0.39925 0.731226506987135 0.519223965162916 -0.180059250915977 0.0 0.5348959898383244 0.6601544754304863 0.0
0.39975 0.7296575984090371 0.5225134084017151 -0.1814732405699691 0.0 0.5326048674059051 0.6580459353343516 0.0
0.40025 0.7280913377316398 0.5258008318814891 -0.18289090121996657 0.0 0.5303225169152528 0.6559387272620996 0.0
0.40075 0.7265278071690662 0.5290860562795797 -0.1843121759608075 0.0 0.5280490329000028 0.6538329517761876 0.0
0.40125 0.7249670975178257 0.5323688834449584 -0.18573699891104803 0.0 0.525784521348422 0.6517287213892804 0.0
0.40175 0.7234093092884075 0.5356490939143463 -0.1871652939860819 0.0 0.5235291012108991 0.6496261621626839 0.0
0.40225 0.7218545540127542 0.5389264440417535 -0.18859697347875135 0.0 0.5212829061410527 0.6475254155540427 0.0
0.40275 0.7203029557590139 0.5422006626722861 -0.1900319364128688 0.0 0.5190460865120922 0.6454266405589062 0.0
0.40325 0.7187546528912833 0.5454714472772493 -0.1914700666280967 0.0 0.5168188117583741 0.6433300161997076 0.0
0.40375 0.7172098001196854 0.5487384594506893 -0.19291123054617926 0.0 0.5146012731021944 0.641235744426583 0.0
0.40425 0.7156685708954583 0.5520013196469575 -0.19435527455813617 0.0 0.5123936867381891 0.6391440535077361 0.0
0.40475 0.7141311602171557 0.5552596010136868 -0.19580202195935856 0.0 0.5101962975627715 0.6370552020033198 0.0
0.40525 0.7125977879280332 0.5585128221437393 -0.1972512693439913 0.0 0.5080093835544808 0.6349694834367111 0.0
0.40575 0.711068702601835 0.5617604385318546 -0.19870278235088643 0.0 0.5058332609336994 0.6328872318014812 0.0
0.40625 0.7095441861352112 0.5650018324753141 -0.20015629062995285 0.0 0.5036682902578875 0.6308088280723336 0.0
0.40675 0.7080245591908102 0.5682363011009445 -0.2016114818688842 0.0 0.5015148836424516 0.6287347079250971 0.0
0.40725 0.7065101876667171 0.5714630421308889 -0.20306799468483167 0.0 0.49937351333895796 0.6266653709160057 0.0
0.40775 0.7050014904066387 0.5746811369139454 -0.2045254101421238 0.0 0.4972447219533085 0.6246013914258015 0.0
0.40825 0.7034989484125223 0.5778895301447055 -0.20598324160398662 0.0 0.49512913464854935 0.6225434317417757 0.0
0.40875 0.7020031158787209 0.581087005565603 -0.20744092256147734 0.0 0.49302747375232703 0.6204922577329925 0.0
0.40925 0.7005146334361516 0.5842721567934934 -0.20889779200451586 0.0 0.49094057627977095 0.6184487576731373 0.0
0.40975 0.6990342440775823 0.587443352229043 -0.21035307680610807 0.0 0.48886941499079073 0.6164139648839584 0.0
0.41025 0.6975628123324855 0.5905986927914021 -0.21180587048012522 0.0 0.48681512372777047 0.6143890850117846 0.0
0.41075 0.6961013473716063 0.5937359609724769 -0.21325510754519794 0.0 0.4847790279252031 0.6123755289101163 0.0
0.41125 0.6946510308452561 0.5968525594294949 -0.2146995325845907 0.0 0.4827626813436733 0.6103749522795835 0.0
0.41175 0.693213250388786 0.5999454370458044 -0.21613766294125278 0.0 0.4807679102479093 0.6083893034035212 0.0
0.41225 0.6917896398498571 0.6030110001181561 -0.2175677438434333 0.0 0.47879686640390623 0.6064208804934442 0.0
0.41275 0.6903821273790545 0.606045006131214 -0.21898769464766113 0.0 0.47685209037877185 0.6044724002870608 0.0
0.41325 0.6889929925324265 0.6090424375570397 -0.220395044862748 0.0 0.4749365866285916 0.6025470795573179 0.0
0.41375 0.6876249333855231 0.6119973534366254 -0.22178685876507284 0.0 0.4730539116536487 0.6006487309859614 0.0
0.41425 0.6862811442315867 0.6149027174312056 -0.22315964786756576 0.0 0.4712082759260612 0.5987818742555396 0.0
0.41475 0.6849654035444488 0.6177502029863813 -0.2245092714717034 0.0 0.4694046591060912 0.5969518619525898 0.0
0.41525 0.6836821702559586 0.6205299798369542 -0.22583082732048299 0.0 0.4676489359005763 0.5951650175612705 0.0
0.41575 0.6824366836530358 0.6232304921251248 -0.22711853740329355 0.0 0.4659480062876648 0.5934287789244651 0.0
0.41625 0.6812350578736789 0.6258382479441712 -0.22836563876848953 0.0 0.46430991812412015 0.5917518343901308 0.0
0.41675 0.6800843555873953 0.6283376542345465 -0.22956429632913108 0.0 0.46274396172721616 0.590144229746854 0.0
0.41725 0.6789926166749626 0.6307109503375461 -0.23070556445648413 0.0 0.46126070447989026 0.588617411541124 0.0
0.41775 0.677968806860226 0.6329383175305155 -0.23177943633339737 0.0 0.4598719192215387 0.5871841568649306 0.0
0.41825 0.6770226398876878 0.6349982670078185 -0.23277503280170872 0.0 0.45859034525214715 0.5858583234835295 0.0
0.41875 0.6761642188815847 0.6368684264209986 -0.23368099141204218 0.0 0.4574292103125729 0.5846543428073734 0.0
0.41925 0.6754034450817049 0.6385268395182505 -0.23448611359230487 0.0 0.45640144526343507 0.583586381859698 0.0
0.41975 0.6747491654194991 0.6399538421065082 -0.235180301907256 0.0 0.45551855379621364 0.5826671335804764 0.0
0.42025 0.6742080847032424 0.6411344577053858 -0.23575575885573902 0.0 0.45478917105563665 0.5819062722100098 0.0
0.42075 0.6737835565430326 0.6420610612899846 -0.2362083204729825 0.0 0.4542174617142659 0.5813087362752144 0.0
0.42125 0.6734744740628117 0.6427358238291879 -0.23653867992957886 0.0 0.4538016496873178 0.580873153557317 0.0
0.42175 0.6732745646287375 0.6431722674200918 -0.23675316576056452 0.0 0.4535330827248291 0.580590839983779 0.0
0.42225 0.6731723909141317 0.6433952659731865 -0.23686374405252097 0.0 0.45339623426197806 0.5804458005357662 0.0
0.42275 0.6731522266392235 0.6434391225918533 -0.2368870642012808 0.0 0.45336986895393455 0.5804159689306975 0.0
0.42325 0.6731957218727301 0.6433439130999655 -0.236842647056423 0.0 0.4534292623125819 0.5804755630949303 0.0
0.42375 0.6732840080009611 0.6431508667933438 -0.23675060201359993 0.0 0.45354901139191744 0.5805980592327615 0.0
0.42425 0.6733997351109539 0.642897899054745 -0.2366294259038216 0.0 0.4537057605804825 0.580759066828084 0.0
0.42475 0.6735285613329665 0.6426163487194018 -0.23649440093543342 0.0 0.4538801984802113 0.5809384274365215 0.0
0.42525 0.6736598605133309 0.6423294300124996 -0.2363568385355086 0.0 0.4540580098602832 0.5811212098407733 0.0
0.42575 0.6737866772928139 0.6420523326883533 -0.2362241320280382 0.0 0.45422981819272346 0.5812976448581313 0.0
0.42625 0.673905153166252 0.6417934789797465 -0.23610037419585994 0.0 0.4543904164588729 0.5814623162450744 0.0
0.42675 0.6740137121531453 0.6415563050142128 -0.23598722904618497 0.0 0.4545376730653013 0.581613014545112 0.0
0.42725 0.6741122489683985 0.6413410355561397 -0.23588479835575601 0.0 0.4546714395944971 0.581749595466853 0.0
0.42775 0.674201464951992 0.6411461349781424 -0.23579232895268118 0.0 0.45479265643577205 0.5818730466507408 0.0
0.42825 0.6742824016946674 0.6409693258223912 -0.23570870852901005 0.0 0.4549027241357846 0.5819848326156473 0.0
0.42875 0.6743561577074175 0.6408082073274217 -0.2356327663210169 0.0 0.4550031211675034 0.5820864970096442 0.0
0.42925 0.6744237436315662 0.640660571342195 -0.23556342642349898 0.0 0.4550952083971387 0.5821794594814198 0.0
0.42975 0.6744860271058039 0.6405245224867806 -0.2354997659018421 0.0 0.45518015447105853 0.5822649384367559 0.0
0.43025 0.6745437273264643 0.6403984898609997 -0.23544102022942617 0.0 0.45525892827809156 0.582343943532291 0.0
0.43075 0.6745974321190272 0.6402811896538616 -0.23538656492321855 0.0 0.4553323218326587 0.5824172997371729 0.0
0.43125 0.6746476217169837 0.6401715731487978 -0.2353358901381713 0.0 0.4554009822519288 0.5824856807807706 0.0
0.43175 0.6746946915269759 0.6400687769698747 -0.2352885763937621 0.0 0.4554654423986846 0.582549641155265 0.0
0.43225 0.6747389710128018 0.6399720818194088 -0.23524427445714363 0.0 0.45552614631063515 0.5826096426549492 0.0
0.43275 0.6747807382994813 0.6398808805708974 -0.23520268979268502 0.0 0.45558346887021495 0.5826660748976172 0.0
0.43325 0.6748202311025089 0.6397946543918956 -0.235163570926969 0.0 0.45563773052603207 0.5827192706809593 0.0
0.43375 0.6748576548299313 0.6397129550437309 -0.23512670082430656 0.0 0.4556892082063011 0.5827695173660152 0.0
0.43425 0.6748931886240614 0.6396353916824848 -0.23509189045574386 0.0 0.45573814345677555 0.5828170653654325 0.0
0.43475 0.6749269899353467 0.6395616208667309 -0.2350589739307463 0.0 0.45578474860135204 0.5828621345691158 0.0
0.43525 0.6749591980526836 0.6394913388451765 -0.2350278047400049 0.0 0.4558292114969642 0.5829049193033992 0.0
0.43575 0.6749899368833131 0.6394242754838384 -0.2349982527974136 0.0 0.45587169927770965 0.5829455922355963 0.0
0.43625 0.6750193171826673 0.6393601893950516 -0.234970202067974 0.0 0.45591236135816215 0.5829843075054414 0.0
0.43675 0.6750474383719752 0.6392988639672524 -0.23494354863493538 0.0 0.45595133188150017 0.5830212032770549 0.0
0.43725 0.6750743900399985 0.6392401040849792 -0.23491819910356398 0.0 0.4559887317422676 0.583056403846848 0.0
0.43775000000000003 0.6751002531977901 0.6391837333885757 -0.23489406926817824 0.0 0.45602467027656146 0.5830900214041809 0.0
0.43825000000000003 0.6751251013369217 0.639129591963386 -0.23487108298872478 0.0 0.456059246687552 0.5831221575156518 0.0
0.43875000000000003 0.6751490013289386 0.6390775343759229 -0.23484917123666899 0.0 0.45609255125721027 0.5831529043860909 0.0
0.43925000000000003 0.6751720141949372 0.6390274279938866 -0.2348282712794348 0.0 0.4561246663831247 0.5831823459368444 0.0
0.43975000000000003 0.6751941957677459 0.6389791515408947 -0.23480832597943344 0.0 0.4561556674706937 0.5832105587329589 0.0
0.44025000000000003 0.6752155972645307 0.6389325938470085 -0.23478928318871367 0.0 0.45618562370467813 0.5832376127842848 0.0
0.44075000000000003 0.6752362657841046 0.6388876527638417 -0.23477109522402942 0.0 0.45621459871934034 0.5832635722405648 0.0
0.44125000000000003 0.6752562447405518 0.6388442342188926 -0.23475371840996775 0.0 0.4562426511828054 0.5832884959968105 0.0
0.44175000000000003 0.6752755742426837 0.638802251388298 -0.23473711268001363 0.0 0.4562698353084611 0.5833124382223338 0.0
0.44225000000000003 0.6752942914272111 0.6387616239708084 -0.23472124122716886 0.0 0.45629620130400733 0.5833354488244895 0.0
0.44275000000000003 0.6753124307522033 0.6387222775486147 -0.23470607019715312 0.0 0.45632179576700926 0.5833575738563506 0.0
0.44325000000000003 0.6753300242563501 0.6386841430229955 -0.23469156841832284 0.0 0.4563466620343759 0.5833788558760492 0.0
0.44375000000000003 0.6753471017886807 0.6386471561146131 -0.23467770716338657 0.0 0.45637084049204013 0.5833993342643046 0.0
0.44425000000000003 0.6753636912126916 0.6386112569198369 -0.2346644599387249 0.0 0.45639436885015916 0.5834190455056653 0.0
0.44475000000000003 0.6753798185882568 0.6385763895157485 -0.2346518022977649 0.0 0.45641728238837653 0.5834380234381766 0.0
0.44525000000000003 0.675395508334189 0.6385425016075457 -0.23463971167537145 0.0 0.4564396141750138 0.5834562994754886 0.0
0.44575000000000004 0.6754107833739392 0.6385095442129536 -0.23462816724065952 0.0 0.4564613952635377 0.5834739028048549 0.0
0.44625000000000004 0.6754256652665437 0.6384774713790131 -0.23461714976600082 0.0 0.4564826548691573 0.5834908605639721 0.0
0.44675000000000004 0.675440174324667 0.6384462399272491 -0.23460664151031166 0.0 0.456503420528026 0.5835071979992056 0.0
0.44725000000000004 0.6754543297213302 0.6384158092237657 -0.23459662611497642 0.0 0.456523718241197 0.5835229386073959 0.0
0.44775000000000004 0.6754681495866866 0.6383861409712863 -0.23458708851099833 0.0 0.45654357260516387 0.5835381042631319 0.0
0.44825000000000004 0.675481651096045 0.6383571990205482 -0.23457801483615962 0.0 0.45656300693061663 0.5835527153331131 0.0
0.44875000000000004 0.6754948505501811 0.638328949198811 -0.23456939236114493 0.0 0.45658204335079033 0.5835667907790177 0.0
0.44925000000000004 0.6755077634488293 0.6383013591535204 -0.23456120942373296 0.0 0.45660070292064064 0.5835803482500846 0.0
0.44975000000000004 0.6755204045581619 0.6382743982094257 -0.2345534553702839 0.0 0.4566190057079072 0.5835934041664629 0.0
0.45025000000000004 0.6755327879729434 0.6382480372376503 -0.2345461205038586 0.0 0.4566369708770016 0.5836059737942391 0.0
0.45075000000000004 0.6755449271739769 0.6382222485354037 -0.23453919603840312 0.0 0.45665461676655805 0.583618071312931 0.0
0.45125000000000004 0.6755568350813891 0.6381970057151849 -0.23453267405851316 0.0 0.4566719609613701 0.5836297098761324 0.0
0.45175000000000004 0.67556852410424 0.6381722836024252 -0.23452654748436835 0.0 0.45668902035938264 0.5836409016659023 0.0
0.45225000000000004 0.6755800061868986 0.6381480581406825 -0.2345208100414737 0.0 0.4567058112343233 0.5836516579414142 0.0
0.45275000000000004 0.6755912928525738 0.6381243063035472 -0.2345154562349399 0.0 0.45672234929450456 0.5836619890823046 0.0
0.45325000000000004 0.6756023952443688 0.6381010060125264 -0.2345104813280388 0.0 0.45673864973828737 0.583671904627109 0.0
0.45375000000000004 0.6756133241641769 0.638078136060257 -0.23450588132486272 0.0 0.45675472730664624 0.5836814133070962 0.0
0.45425000000000004 0.6756240901097302 0.63805567603843 -0.23450165295693234 0.0 0.456770596333239 0.5836905230757883 0.0
0.45475000000000004 0.6756347033100834 0.6380336062698793 -0.23449779367365023 0.0 0.45678627079238016 0.5836992411343822 0.0
0.45525000000000004 0.6756451737597956 0.638011907744326 -0.23449430163653723 0.0 0.45680176434526276 0.583707573953266 0.0
0.45575000000000004 0.6756555112520791 0.6379905620573018 -0.2344911757172257 0.0 0.45681709038478235 0.5837155272897675 0.0
0.45625000000000004 0.6756657254111382 0.6379695513518148 -0.23448841549922408 0.0 0.4568322620792965 0.5837231062022464 0.0
0.45675000000000004 0.6756758257239633 0.6379488582623348 -0.23448602128350934 0.0 0.45684729241563704 0.583730315060595 0.0
0.45725000000000005 0.6756858215717999 0.6379284658607042 -0.2344839940980464 0.0 0.45686219424170066 0.5837371575531726 0.0
0.45775000000000005 0.6756957222615305 0.6379083576035878 -0.23448233571137225 0.0 0.456876980308932 0.5837436366901739 0.0
0.45825000000000005 0.6757055370572269 0.6378885172810886 -0.2344810486504331 0.0 0.45689166331503894 0.583749754803381 0.0
0.45875000000000005 0.675715275212102 0.6378689289661463 -0.23448013622290956 0.0 0.45690625594726436 0.5837555135422139 0.0
0.45925000000000005 0.6757249460011439 0.6378495769643487 -0.23447960254432465 0.0 0.4569207709265847 0.5837609138659554 0.0
0.45975000000000005 0.6757345587546953 0.6378304457637658 -0.23447945257029104 0.0 0.4569352210531961 0.5837659560319742 0.0
0.46025000000000005 0.6757441228932879 0.6378115199844078 -0.2344796921343092 0.0 0.45694961925371236 0.5837706395797235 0.0
0.46075000000000005 0.6757536479640599 0.6377927843268802 -0.23448032799165566 0.0 0.45696397863050237 0.5837749633102236 0.0
0.46125000000000005 0.6757631436791813 0.6377742235197154 -0.2344813678700741 0.0 0.45697831251376214 0.5837789252606005 0.0
0.46175000000000005 0.6757726199570755 0.6377558222644785 -0.23448282052884303 0.0 0.4569926345173744 0.5837825226726999 0.0
0.46225000000000005 0.6757820869695301 0.6377375651752895 -0.23448469583284948 0.0 0.4570069586027478 0.583785751951512 0.0
0.46275 0.6757915552125939 0.6377194366936552 -0.23448700488092983 0.0 0.4570212991748346 0.5837886085879593 0.0
0.46325 0.6758010357162346 0.6377014208560144 -0.23448976044140357 0.0 0.45703567136585693 0.5837910868819373 0.0
0.46375 0.6758105411444872 0.6376835001128864 -0.23449297934942956 0.0 0.4570500925235524 0.5837931783918566 0.0
0.46425 0.6758200927111377 0.6376656479512547 -0.23449669770746553 0.0 0.4570645915659013 0.5837948620750182 0.0
0.46475 0.6758297651555384 0.6376477809593679 -0.23450106986866656 0.0 0.45707926981940017 0.5837960400543895 0.0
0.46525 0.675839980646821 0.6376294456292972 -0.23450701539471724 0.0 0.4570946985874008 0.5837961177559419 0.0
0.46575 0.6758534289612008 0.6376077721812222 -0.23452044610133413 0.0 0.4571145166957975 0.5837912605515827 0.0
0.46625 0.6758875971283523 0.6375641222814912 -0.23457985241936802 0.0 0.4571623824977459 0.58375648890374 0.0
0.46675 0.6760562927274085 0.6373771858835083 -0.23493593579117036 0.0 0.45739235949096996 0.5835290451201085 0.0
0.46725 0.6770932362356534 0.6362636815814887 -0.2372111796972417 0.0 0.4588014720419227 0.5820537428253757 0.0
0.46775 0.6834671353704471 0.6294121050956103 -0.2515163882641096 0.0 0.46760062946485237 0.572682275945821 0.0
0.46825 0.7151059810993595 0.5947419410608408 -0.3285326110677345 0.0 0.5145678770234818 0.5199983608811798 0.0
0.46875 0.7892035318895955 0.5120959748596885 -0.5619786211937972 0.0 0.6427768293790534 0.3399072107159437 0.0
0.46925 0.8336233592052945 0.4612752639933077 -0.8366421741426388 0.0 0.733153283620295 0.09961467598967774 0.0
0.46975 0.8348119418743218 0.4575660365200318 -1.0087278999714548 0.0 0.740848547850075 -0.05754164192890932 0.0
0.47025 0.8259887762863407 0.4654084138607167 -1.1063746803754497 0.0 0.7271035682653193 -0.14607013987518674 0.0
0.47075 0.8170757111037732 0.47388843035345374 -1.167304745861217 0.0 0.7122459386553355 -0.20041947897723653 0.0
0.47125 0.8093971484272546 0.48135457584840446 -1.2095787554421462 0.0 0.6993053021270526 -0.23755639330413253 0.0
0.47175 0.8028113537312941 0.4878312520077729 -1.241482086886393 0.0 0.6882049400230346 -0.26521487155461987 0.0
0.47225 0.7970365206297112 0.4935524011883767 -1.2671178490132253 0.0 0.6785014164673526 -0.2871848344876194 0.0
0.47275 0.7918490072217781 0.4987197531116566 -1.288693235686342 0.0 0.669821236537367 -0.30548562315951355 0.0
0.47325 0.7870915142867831 0.5034795701659532 -1.3074835348293687 0.0 0.6618969979042172 -0.3212749293274133 0.0
0.47375 0.7826555879127137 0.5079342901706762 -1.324270627859415 0.0 0.6545429928349917 -0.3352582274024535 0.0
0.47425 0.7784659552618691 0.5121556792810381 -1.3395580105070588 0.0 0.6476298661349886 -0.34788774803717215 0.0
0.47475 0.7744696294797981 0.516194555447844 -1.353683438461599 0.0 0.6410663485809094 -0.35946590763889646 0.0
0.47525 0.7706287427452907 0.5200873687311379 -1.3668813791759296 0.0 0.6347870702631268 -0.37020227030866554 0.0
0.47575 0.7669158665513145 0.5238605690394755 -1.379319348954625 0.0 0.628744549754019 -0.38024650424491 0.0
0.47625 0.7633109296512536 0.5275335133114838 -1.3911199468809303 0.0 0.6229038994336249 -0.38970827129231955 0.0
0.47675 0.7597991597431366 0.5311204210536071 -1.4023746980001042 0.0 0.6172392818613257 -0.39866967437324613 0.0
0.47725 0.756369688187827 0.5346317064407206 -1.4131530201765583 0.0 0.6117315035633429 -0.4071932957554521 0.0
0.47775 0.7530145910550095 0.538074896638143 -1.423508186864191 0.0 0.6063663581768278 -0.4153275309948276 0.0
0.47825 0.7497282225179064 0.5414552709910995 -1.4334813821358434 0.0 0.6011334716380299 -0.4231102125499493 0.0
0.47875 0.746506747794125 0.5447763085765476 -1.4431045107996547 0.0 0.5960254896900523 -0.43057112170728873 0.0
0.47925 0.7433478147984905 0.5480400018311794 -1.452402175989061 0.0 0.591037502899252 -0.4377337599727412 0.0
0.47975 0.7402503238813849 0.5512470749974238 -1.4613930876365078 0.0 0.5861666391732372 -0.4446166162202123 0.0
0.48025 0.7372142679307588 0.5543971339513694 -1.4700910743652968 0.0 0.5814117760604867 -0.451234083824712 0.0
0.48075 0.7342406233939354 0.5574887661476233 -1.478505814761361 0.0 0.5767733394700966 -0.45759713097304067 0.0
0.48125 0.7313312780449687 0.5605196044456681 -1.4866433682789035 0.0 0.572253164669212 -0.4637137950803343 0.0
0.48175 0.7284889845692346 0.5634863655574536 -1.4945065634115848 0.0 0.5678544012016404 -0.4695895516601877 0.0
0.48225 0.7257173308629055 0.5663848722155641 -1.5020952866197617 0.0 0.5635814467772517 -0.475227594907981 0.0
0.48275 0.7230207187283798 0.5692100675562642 -1.5094067070547876 0.0 0.5594398968703433 -0.4806290591228099 0.0
0.48325 0.7204043426373203 0.5719560304094727 -1.5164354676147198 0.0 0.5554364971732302 -0.48579320532668235 0.0
0.48375 0.7178741596241474 0.5746160010025372 -1.5231738711237945 0.0 0.5515790855079269 -0.49071759499003065 0.0
0.48425 0.7154368403618305 0.5771824278194073 -1.5296120905334853 0.0 0.5478765086185974 -0.4953982718624462 0.0
0.48475 0.7130996903140856 0.5796470477431602 -1.5357384331105308 0.0 0.5443384978338234 -0.4998299728466145 0.0
0.48525 0.7108705289194662 0.5820010127527212 -1.541539689574177 0.0 0.5409754864289067 -0.5040063889014257 0.0
0.48575 0.7087575145620579 0.5842350767750986 -1.547001598754273 0.0 0.5377983513701092 -0.507920496227274 0.0
0.48625 0.7067689043062436 0.5863398550538969 -1.552109454904764 0.0 0.534818063950272 -0.5115649753870222 0.0
0.48675 0.7049127408284114 0.5883061646817722 -1.5568488764011423 0.0 0.5320452387665349 -0.5149327303122212 0.0
0.48725 0.7031964654591061 0.5901254478689844 -1.561206739291975 0.0 0.529489579665098 -0.5180175091303527 0.0
0.48775 0.7016264662627121 0.5917902685026307 -1.5651722558200185 0.0 0.5271592354149787 -0.5208146136260308 0.0
0.48825 0.7002075834562322 0.5932948577628538 -1.5687381468754438 0.0 0.5250600967615877 -0.5233216640904493 0.0
0.48875 0.6989426099054914 0.5946356674260865 -1.5719018212720277 0.0 0.5231950883672829 -0.5255393631256277 0.0
0.48925 0.6978318391975042 0.595811873029999 -1.5746664399755843 0.0 0.5215635301513559 -0.527472179595474 0.0
0.48975 0.6968727237874106 0.5968257578340151 -1.577041719397315 0.0 0.5201606569421524 -0.5291288583732382 0.0
0.49025 0.6960597063293816 0.5976829076316796 -1.5790443254588333 0.0 0.5189773865527108 -0.5305226598273015 0.0
0.49075 0.6953842749116581 0.5983921599916443 -1.5806977380802094 0.0 0.5180004091234115 -0.531671250854374 0.0
0.49125 0.6948352649797024 0.5989652821908915 -1.5820315307371695 0.0 0.5172126309144415 -0.5325962114678502 0.0
0.49175 0.6943993972362945 0.599416389122903 -1.583080087906025 0.0 0.5165939580549936 -0.53332217150472 0.0
0.49225 0.6940619969642433 0.5997611607159089 -1.583880888139433 0.0 0.5161223423376835 -0.5338756614016181 0.0
0.49275 0.6938078097182461 0.6000159520711195 -1.5844725541067126 0.0 0.5157749667629992 -0.5342838097861947 0.0
0.49325 0.6936218124889615 0.6001969069937833 -1.5848929107358305 0.0 0.5155294248647803 -0.5345730477914501 0.0
0.49375 0.6934899243566212 0.6003191801902863 -1.5851772829039257 0.0 0.5153647541664942 -0.5347679745272028 0.0
0.49425 0.6933995447892309 0.600396346905994 -1.585357207679004 0.0 0.5152622185804134 -0.534890501304631 0.0
0.49475 0.6933398834232106 0.6004400396688836 -1.5854596507820427 0.0 0.515205786243304 -0.5349593355372021 0.0
0.49525 0.6933020824188226 0.600459811048747 -1.5855067266503622 0.0 0.5151823036978298 -0.5349898046201357 0.0
0.49575 0.693279162493287 0.6004631885803365 -1.5855158478908875 0.0 0.5151814114831199 -0.5349939701960911 0.0
0.49625 0.693265841417802 0.6004558687452706 -1.5855001858916102 0.0 0.5151952724512306 -0.5349809530108881 0.0
0.49675 0.6932582784366884 0.6004419918569404 -1.585469312084233 0.0 0.5152181912888567 -0.534957379815631 0.0
0.49725 0.6932537924495507 0.6004244458423833 -1.5854299025122347 0.0 0.5152461956662773 -0.5349278724106897 0.0
0.49775 0.6932505901476275 0.6004051595789112 -1.5853864165827454 0.0 0.515276632424156 -0.5348955179859328 0.0
0.49825 0.6932475269117815 0.6003853610184896 -1.585341693764074 0.0 0.5153078124680008 -0.5348622823062725 0.0
0.49875 0.6932439111683903 0.6003657884514944 -1.5852974417851682 0.0 0.5153387202037673 -0.5348293476702255 0.0
0.49925 0.693239353750021 0.6003468531960401 -1.5852546125631695 0.0 0.5153687897952208 -0.5347973731261044 0.0
0.49975 0.6932336580125217 0.600328758279421 -1.5852136764618006 0.0 0.5153977419400091 -0.5347666843156262 0.0
0.50025 0.6932267436066352 0.6003115807722872 -1.5851748125814005 0.0 0.5154254706270571 -0.5347374052016798 0.0
0.50075 0.6932185961047196 0.6002953261954085 -1.5851380345239352 0.0 0.515451968299094 -0.5347095451355377 0.0
0.50125 0.6932092353112794 0.6002799627432756 -1.5851032695173375 0.0 0.515477278773175 -0.5346830536394259 0.0
0.50175 0.6931986963507815 0.6002654417038226 -1.5850704056348088 0.0 0.5155014691475832 -0.5346578531023899 0.0
0.50225 0.6931870190479988 0.6002517089184694 -1.5850393183015412 0.0 0.5155246140335181 -0.5346338571362299 0.0
0.50275 0.6931742424182042 0.6002387107220074 -1.58500988403793 0.0 0.5155467873806796 -0.5346109800942486 0.0
0.50325 0.6931604021305193 0.6002263966667695 -1.5849819867658326 0.0 0.5155680587275195 -0.5345891414400108 0.0
0.50375 0.6931455295982606 0.6002147204895814 -1.5849555200502325 0.0 0.5155884918691997 -0.5345682673014188 0.0
0.50425 0.6931296518858404 0.6002036401949123 -1.5849303872959133 0.0 0.5156081447418717 -0.534548290608322 0.0
0.50475 0.6931127919752746 0.6001931177483449 -1.584906501042021 0.0 0.515627069843388 -0.5345291506051573 0.0
0.50525 0.6930949691518254 0.6001831186401831 -1.5848837819555999 0.0 0.5156453148328827 -0.5345107921548959 0.0
0.50575 0.6930761993934915 0.6001736114437376 -1.5848621578122946 0.0 0.5156629231378475 -0.5344931650339175 0.0
0.50625 0.6930564957170643 0.6001645674193329 -1.58484156258239 0.0 0.515679934498424 -0.5344762232996847 0.0
0.50675 0.6930358684676494 0.6001559601781334 -1.5848219356549231 0.0 0.5156963854294885 -0.5344599247539256 0.0
0.50725 0.6930143255538725 0.6001477654033404 -1.584803221194235 0.0 0.5157123096038836 -0.5344442304974306 0.0
0.50775 0.6929918726365605 0.6001399606202344 -1.5847853676093324 0.0 0.5157277381684999 -0.5344291045629138 0.0
0.50825 0.6929685132796344 0.6001325250055716 -1.5847683271140887 0.0 0.5157427000062872 -0.5344145136107128 0.0
0.50875 0.6929442490709944 0.6001254392277945 -1.5847520553586145 0.0 0.5157572219558886 -0.5344004266737253 0.0
0.50925 0.6929190797196888 0.6001186853111798 -1.5847365111158764 0.0 0.5157713289984008 -0.534386814940566 0.0
0.50975 0.6928930031341435 0.6001122465186253 -1.5847216560113215 0.0 0.5157850444185159 -0.5343736515684704 0.0
0.51025 0.6928660154850199 0.6001061072490927 -1.5847074542863544 0.0 0.5157983899455092 -0.5343609115196004 0.0
0.51075 0.6928381112552839 0.6001002529467986 -1.584693872588885 0.0 0.5158113858781104 -0.5343485714160756 0.0
0.51125 0.6928092832793638 0.6000946700199516 -1.584680879785941 0.0 0.5158240511962281 -0.5343366094102531 0.0
0.51175 0.6927795227727191 0.6000893457674671 -1.5846684467946446 0.0 0.5158364036617433 -0.5343250050677054 0.0
0.51225 0.6927488193527892 0.6000842683124401 -1.584656546428785 0.0 0.515848459910007 -0.5343137392609815 0.0
0.51275 0.6927171610519846 0.6000794265414529 -1.5846451532588481 0.0 0.5158602355333286 -0.5343027940726686 0.0
0.51325 0.6926845343232241 0.600074810049007 -1.5846342434838532 0.0 0.5158717451574258 -0.5342921527066159 0.0
0.51375 0.6926509240383044 0.6000704090865193 -1.5846237948137014 0.0 0.5158830025116217 -0.5342817994064272 0.0
0.51425 0.6926163134793462 0.6000662145153932 -1.5846137863609302 0.0 0.5158940204934372 -0.5342717193804637 0.0
0.51475 0.692580684323408 0.6000622177637963 -1.5846041985410086 0.0 0.5159048112280966 -0.5342618987327368 0.0
0.51525 0.6925440166203322 0.6000584107868013 -1.5845950129803832 0.0 0.5159153861234136 -0.5342523243991758 0.0
0.51575 0.6925062887637942 0.6000547860295927 -1.5845862124316212 0.0 0.5159257559204617 -0.534242984088782 0.0
0.51625 0.6924674774554771 0.6000513363935016 -1.5845777806950512 0.0 0.5159359307403595 -0.5342338662292864 0.0
0.51675 0.6924275576622422 0.6000480552046237 -1.5845697025463876 0.0 0.5159459201275005 -0.5342249599169412 0.0
0.51725 0.6923865025661264 0.6000449361848235 -1.5845619636698431 0.0 0.5159557330895246 -0.5342162548701039 0.0
0.51775 0.6923442835069124 0.6000419734249204 -1.5845545505963008 0.0 0.515965378134264 -0.534207741386322 0.0
0.51825 0.692300869916989 0.6000391613599211 -1.584547450646152 0.0 0.5159748633039225 -0.5341994103026465 0.0
0.51875 0.6922562292481638 0.6000364947460918 -1.5845406518764387 0.0 0.5159841962066843 -0.5341912529589121 0.0
0.51925 0.692210326889996 0.600033968639767 -1.5845341430319362 0.0 0.5159933840459856 -0.5341832611637561 0.0
0.51975 0.6921631260792022 0.6000315783777193 -1.5845279134999113 0.0 0.5160024336475899 -0.5341754271631607 0.0
0.52025 0.6921145877995737 0.6000293195590125 -1.5845219532682264 0.0 0.516011351484679 -0.5341677436113247 0.0
0.52075 0.6920646706717889 0.6000271880281758 -1.5845162528865704 0.0 0.5160201437010856 -0.5341602035436772 0.0
0.52125 0.6920133308324163 0.6000251798596141 -1.5845108034305202 0.0 0.5160288161328361 -0.5341528003518642 0.0
0.52175 0.6919605218013052 0.6000232913431783 -1.584505596468271 0.0 0.516037374328116 -0.5341455277605717 0.0
0.52225 0.6919061943364635 0.6000215189707709 -1.5845006240297779 0.0 0.5160458235657965 -0.5341383798060132 0.0
0.52275 0.691850296275402 0.6000198594239361 -1.5844958785781393 0.0 0.5160541688726278 -0.5341313508159794 0.0
0.52325 0.6917927723618003 0.6000183095623416 -1.584491352983051 0.0 0.5160624150391981 -0.5341244353912977 0.0
0.52375 0.691733564056201 0.6000168664130954 -1.5844870404961595 0.0 0.5160705666347601 -0.5341176283886193 0.0
0.52425 0.6916726093292875 0.6000155271608211 -1.5844829347281781 0.0 0.5160786280210073 -0.5341109249044171 0.0
0.52475 0.6916098424361145 0.6000142891384319 -1.5844790296276245 0.0 0.5160866033648897 -0.5341043202600988 0.0
0.52525 0.6915451936694451 0.6000131498185604 -1.5844753194610584 0.0 0.5160944966505333 -0.5340978099881577 0.0
0.52575 0.6914785890901504 0.6000121068055791 -1.5844717987946992 0.0 0.5161023116903496 -0.5340913898192872 0.0
0.52625 0.6914099502323144 0.6000111578281715 -1.5844684624773349 0.0 0.5161100521353751 -0.5340850556703658 0.0
0.52675 0.6913391937804245 0.6000103007324123 -1.5844653056243942 0.0 0.516117721484921 -0.5340788036332679 0.0
0.52725 0.6912662312156753 0.6000095334753273 -1.5844623236031317 0.0 0.5161253230955647 -0.534072629964428 0.0
0.52775 0.691190968428006 0.6000088541188888 -1.584459512018805 0.0 0.5161328601895443 -0.5340665310750967 0.0
0.52825 0.6911133052900625 0.6000082608244235 -1.5844568667017944 0.0 0.5161403358625898 -0.5340605035222433 0.0
0.52875 0.6910331351887369 0.6000077518473841 -1.584454383695588 0.0 0.5161477530912427 -0.5340545440000504 0.0
0.52925 0.6909503445093511 0.6000073255324897 -1.584452059245567 0.0 0.516155114739693 -0.534048649331973 0.0
0.52975 0.6908648120668484 0.6000069803091689 -1.5844498897885368 0.0 0.5161624235661709 -0.5340428164632951 0.0
0.53025 0.6907764084775485 0.6000067146873078 -1.5844478719429438 0.0 0.5161696822289336 -0.5340370424541744 0.0
0.53075 0.690684995464073 0.6000065272532857 -1.5844460024997413 0.0 0.5161768932918591 -0.5340313244731267 0.0
0.53125 0.690590425084963 0.6000064166662493 -1.584444278413843 0.0 0.5161840592296927 -0.5340256597909205 0.0
0.5317500000000001 0.6904925388791936 0.6000063816546389 -1.5844426967961271 0.0 0.5161911824329601 -0.5340200457748562 0.0
0.53225 0.6903911669142759 0.6000064210129376 -1.584441254905967 0.0 0.5161982652125636 -0.5340144798833995 0.0
0.5327500000000001 0.6902861267248411 0.6000065335986174 -1.584439950144223 0.0 0.5162053098040991 -0.5340089596611496 0.0
0.53325 0.6901772221264223 0.6000067183292905 -1.58443878004669 0.0 0.5162123183718942 -0.5340034827341169 0.0
0.5337500000000001 0.6900642418866213 0.6000069741800284 -1.584437742277952 0.0 0.516219293012796 -0.5339980468052865 0.0
0.53425 0.6899469582327046 0.6000073001808597 -1.5844368346256386 0.0 0.5162262357597124 -0.5339926496504626 0.0
0.5347500000000001 0.6898251251709279 0.6000076954144106 -1.5844360549950185 0.0 0.5162331485849363 -0.5339872891143578 0.0
0.53525 0.6896984765881512 0.6000081590137072 -1.584435401403942 0.0 0.516240033403258 -0.5339819631069266 0.0
0.5357500000000001 0.6895667241004136 0.600008690160096 -1.5844348719781012 0.0 0.5162468920748629 -0.5339766695999273 0.0
0.53625 0.6894295546053906 0.6000092880813095 -1.5844344649465762 0.0 0.5162537264080451 -0.5339714066236975 0.0
0.5367500000000001 0.6892866274853044 0.6000099520496296 -1.5844341786376472 0.0 0.5162605381617431 -0.5339661722641211 0.0
0.53725 0.6891375713923257 0.6000106813801813 -1.5844340114748776 0.0 0.5162673290478832 -0.5339609646598114 0.0
0.5377500000000001 0.6889819805274248 0.6000114754293173 -1.5844339619734276 0.0 0.5162741007335573 -0.5339557819994541 0.0
0.53825 0.6888194102918049 0.600012333593102 -1.5844340287365872 0.0 0.5162808548430315 -0.5339506225193524 0.0
0.5387500000000001 0.6886493721406026 0.6000132553058852 -1.584434210452527 0.0 0.5162875929595849 -0.5339454845011338 0.0
0.53925 0.688471327390355 0.6000142400389645 -1.5844345058912443 0.0 0.516294316627167 -0.5339403662696388 0.0
0.5397500000000001 0.6882846796067998 0.6000152872993183 -1.5844349139016842 0.0 0.5163010273518964 -0.5339352661909817 0.0
0.54025 0.6880887650000717 0.6000163966284197 -1.58443543340904 0.0 0.5163077266033551 -0.5339301826707942 0.0
0.5407500000000001 0.6878828399380652 0.6000175676011178 -1.5844360634122137 0.0 0.5163144158156844 -0.5339251141526568 0.0
0.54125 0.6876660641941387 0.6000187998245786 -1.5844368029814262 0.0 0.5163210963884368 -0.5339200591167547 0.0
0.5417500000000001 0.687437477785952 0.6000200929372946 -1.5844376512559626 0.0 0.5163277696871478 -0.5339150160787693 0.0
0.54225 0.6871959681226949 0.6000214466081412 -1.5844386074420624 0.0 0.5163344370435379 -0.5339099835890865 0.0
0.5427500000000001 0.6869402225126714 0.6000228605354992 -1.584439670810924 0.0 0.5163410997552316 -0.5339049602323915 0.0
0.54325 0.6866686587229679 0.600024334446417 -1.5844408406968395 0.0 0.5163477590847991 -0.5338999446277976 0.0
0.5437500000000001 0.6863793230530482 0.6000258680958307 -1.5844421164954363 0.0 0.5163544162578647 -0.5338949354297089 0.0
0.54425 0.6860697411413017 0.6000274612658177 -1.5844434976620276 0.0 0.5163610724598572 -0.5338899313297214 0.0
0.5447500000000001 0.6857367014171485 0.6000291137649044 -1.5844449837100791 0.0 0.516367728830805 -0.5338849310600121 0.0
0.54525 0.6853759448734631 0.6000308254274052 -1.584446574209747 0.0 0.516374386457383 -0.5338799333988279 0.0
0.5457500000000001 0.684981728099582 0.6000325961127833 -1.5844482687865027 0.0 0.5163810463610146 -0.5338749371789437 0.0
0.54625 0.6845462201617357 0.6000344257050308 -1.5844500671198014 0.0 0.5163877094805298 -0.5338699413002468 0.0
0.5467500000000001 0.6840586894078021 0.6000363141120193 -1.584451968941733 0.0 0.5163943766473857 -0.5338649447479298 0.0
0.54725 0.6835044357621399 0.6000382612647829 -1.584453974035585 0.0 0.5164010485509792 -0.5338599466181598 0.0
0.5477500000000001 0.6828634304349791 0.6000402671166548 -1.5844560822341556 0.0 0.5164077256911229 -0.5338549461534453 0.0
0.54825 0.6821086416572997 0.6000423316421352 -1.5844582934176366 0.0 0.5164144083143729 -0.5338499427901996 0.0
0.5487500000000001 0.681204055754703 0.6000444548353341 -1.58446060751076 0.0 0.5164210963307893 -0.5338449362211181 0.0
0.54925 0.680102450849479 0.6000466367077454 -1.5844630244788125 0.0 0.5164277892079503 -0.5338399264747967 0.0
0.5497500000000001 0.6787430475312229 0.6000488772850725 -1.5844655443220084 0.0 0.5164344858399162 -0.5338349140144133 0.0
0.55025 0.6770492459124255 0.6000511766027488 -1.5844681670675795 0.0 0.5164411843904584 -0.5338298998560562 0.0
0.5507500000000001 0.6749267559980541 0.6000535346997384 -1.5844708927588695 0.0 0.5164478821125091 -0.5338248857053299 0.0
0.55125 0.6722625264054828 0.6000559516102012 -1.5844737214406135 0.0 0.5164545751494907 -0.5338198741081246 0.0
0.5517500000000001 0.6689249558518816 0.6000584273526042 -1.5844766531397045 0.0 0.5164612583288148 -0.5338148686078871 0.0
0.55225 0.6647659057897873 0.6000609619159817 -1.584479687840841 0.0 0.5164679249633173 -0.5338098738976781 0.0
0.5527500000000001 0.6596249896270969 0.6000635552431894 -1.5844828254567886 0.0 0.5164745666818216 -0.5338048959511182 0.0
0.55325 0.653336463947658 0.6000662072113224 -1.584486065793501 0.0 0.5164811733146443 -0.5337999421128073 0.0
0.5537500000000001 0.6457387712945745 0.6000689176098152 -1.5844894085110006 0.0 0.5164877328623465 -0.5337950211268094 0.0
0.55425 0.6366863878594432 0.6000716861171973 -1.5844928530817133 0.0 0.516494231575087 -0.533790143082395 0.0
0.5547500000000001 0.6260631543865346 0.600074512277938 -1.5844963987487986 0.0 0.5165006541643362 -0.5337853192603036 0.0
0.55525 0.613795797187405 0.6000773954812181 -1.584500044487722 0.0 0.516506984158045 -0.5337805618706879 0.0
0.5557500000000001 0.599865992817693 0.6000803349436886 -1.5845037889747389 0.0 0.5165132043951239 -0.5337758836852934 0.0
0.55625 0.5843192151358751 0.6000833296983176 -1.5845076305660204 0.0 0.5165192976369837 -0.5337712975800444 0.0
0.5567500000000001 0.5672688142643082 0.6000863785910604 -1.584511567290575 0.0 0.5165252472560837 -0.5337668160177167 0.0
0.55725 0.5488943274615933 0.6000894802865518 -1.584515596859123 0.0 0.5165310379471815 -0.5337624505112567 0.0
0.5577500000000001 0.529433831174245 0.6000926332831489 -1.5845197166895653 0.0 0.5165366563998013 -0.5337582111139623 0.0
0.55825 0.5091710464069438 0.6000958359367188 -1.584523923948059 0.0 0.5165420918721766 -0.5337541059817015 0.0
0.5587500000000001 0.4884187016408306 0.6000990864917025 -1.5845282156030982 0.0 0.5165473366176976 -0.5337501410444775 0.0
0.55925 0.46750015913187226 0.6001023831172491 -1.58453258848878 0.0 0.5165523861326871 -0.5337463198114182 0.0
0.5597500000000001 0.4467314232081576 0.6001057239458808 -1.5845370393727622 0.0 0.5165572392156683 -0.533742643317313 0.0
0.56025 0.42640538214682605 0.6001091071120644 -1.584541565024297 0.0 0.5165618978491153 -0.5337391102030715 0.0
0.5607500000000001 0.4067795912548316 0.600112530788395 -1.5845461622782409 0.0 0.5165663669315204 -0.533735716909711 0.0
0.56125 0.3880682376443079 0.6001159932175941 -1.584550828091779 0.0 0.5165706538983451 -0.5337324579572226 0.0
0.56175 0.3704382896234731 0.600119492739119 -1.5845555595917216 0.0 0.5165747682744074 -0.5337293262764837 0.0
0.56225 0.35400933716178623 0.6001230278098139 -1.5845603541113114 0.0 0.5165787211983617 -0.5337263135636791 0.0
0.56275 0.338856327202965 0.600126597018562 -1.5845652092164602 0.0 0.5165825249537459 -0.5337234106311922 0.0
0.56325 0.3250142866510149 0.6001301990953225 -1.5845701227220628 0.0 0.5165861925326338 -0.5337206077352019 0.0
0.56375 0.31248416758006997 0.6001338329151996 -1.5845750926995372 0.0 0.5165897372489722 -0.5337178948669082 0.0
0.56425 0.3012390887039256 0.6001374974983418 -1.5845801174769858 0.0 0.5165931724105417 -0.5337152620004443 0.0
0.56475 0.291230430905596 0.6001411920064896 -1.584585195633433 0.0 0.5165965110518765 -0.5337126992954806 0.0
0.56525 0.2823934308627412 0.6001449157369833 -1.5845903259885379 0.0 0.5165997657257596 -0.5337101972561372 0.0
0.56575 0.27465207885138704 0.6001486681149201 -1.584595507589013 0.0 0.5166029483479021 -0.5337077468500863 0.0
0.56625 0.2679232519540606 0.6001524486840758 -1.5846007396928137 0.0 0.5166060700879413 -0.5337053395928965 0.0
0.56675 0.2621200998757458 0.6001562570970875 -1.5846060217519669 0.0 0.5166091412994649 -0.5337029676030035 0.0
0.56725 0.2571547516182852 0.6001600931052753 -1.5846113533947497 0.0 0.5166121714821053 -0.533700623632478 0.0
0.56775 0.25294043475947603 0.6001639565484489 -1.5846167344077726 0.0 0.5166151692694534 -0.5336983010782287 0.0
0.56825 0.24939310316484342 0.6001678473449108 -1.5846221647183893 0.0 0.5166181424374573 -0.5336959939776297 0.0
0.56875 0.24643266108490977 0.6001717654818814 -1.5846276443778025 0.0 0.5166210979288195 -0.5336936969918983 0.0
0.56925 0.24398385782370574 0.6001757110064632 -1.5846331735450978 0.0 0.5166240418897242 -0.5336914053799849 0.0
0.56975 0.2419769119521933 0.600179684017267 -1.5846387524724324 0.0 0.5166269797158389 -0.5336891149652481 0.0
0.57025 0.24034791027248273 0.6001836846567584 -1.5846443814914999 0.0 0.5166299161050394 -0.5336868220968417 0.0
0.57075 0.23903901595886384 0.6001877131043819 -1.584650061001371 0.0 0.5166328551146632 -0.5336845236074531 0.0
0.57125 0.2379985129900366 0.6001917695704956 -1.5846557914577521 0.0 0.5166358002213859 -0.5336822167688452 0.0
0.57175 0.2371807098649892 0.6001958542910982 -1.584661573363651 0.0 0.5166387543820237 -0.5336798992464774 0.0
0.57225 0.23654572392205328 0.6001999675233354 -1.584667407261424 0.0 0.5166417200937891 -0.5336775690543554 0.0
0.57275 0.23605916741871522 0.6002041095417405 -1.5846732937261274 0.0 0.5166446994526964 -0.533675224511097 0.0
0.57325 0.23569175695768527 0.6002082806351432 -1.584679233360077 0.0 0.5166476942090601 -0.5336728641980549 0.0
0.57375 0.23541886810885657 0.6002124811041962 -1.5846852267884979 0.0 0.5166507058192192 -0.5336704869201658 0.0
0.57425 0.23522005667324036 0.6002167112594451 -1.5846912746561284 0.0 0.5166537354928687 -0.5336680916700187 0.0
0.57475 0.23507856672865446 0.6002209714198696 -1.584697377624655 0.0 0.5166567842356106 -0.5336656775954652 0.0
0.57525 0.2349808433909348 0.6002252619118054 -1.5847035363708302 0.0 0.5166598528865566 -0.5336632439709263 0.0
0.57575 0.2349160652976657 0.6002295830681817 -1.5847097515851791 0.0 0.5166629421510024 -0.5336607901724052 0.0
0.57625 0.23487570845412262 0.6002339352280034 -1.5847160239711613 0.0 0.5166660526283604 -0.5336583156560843 0.0
0.57675 0.23485314958381895 0.6002383187360238 -1.584722354244687 0.0 0.5166691848356568 -0.5336558199402824 0.0
0.57725 0.23484331378342563 0.6002427339425964 -1.584728743133932 0.0 0.5166723392269972 -0.5336533025904651 0.0
0.57775 0.23484236831615873 0.6002471812044907 -1.584735191381059 0.0 0.5166755162100584 -0.5336507632063487 0.0
0.57825 0.23484746192393013 0.6002516608827398 -1.5847416997377564 0.0 0.5166787161571742 -0.5336482014138245 0.0
0.57875 0.23485650721631945 0.6002561733434739 -1.5847482689676058 0.0 0.5166819394161573 -0.5336456168561535 0.0
0.57925 0.23486800236583388 0.6002607189597037 -1.5847548998489904 0.0 0.5166851863191684 -0.5336430091870479 0.0
0.57975 0.23488088758765766 0.6002652981103239 -1.5847615931734265 0.0 0.5166884571880214 -0.5336403780666241 0.0
0.58025 0.2348944316300582 0.6002699111802862 -1.5847683497459228 0.0 0.5166917523387822 -0.5336377231577946 0.0
0.58075 0.23490814350648195 0.600274558560784 -1.584775170385355 0.0 0.5166950720852042 -0.533635044123542 0.0
0.58125 0.23492170498628415 0.6002792406494362 -1.584782055924841 0.0 0.5166984167412749 -0.5336323406248911 0.0
0.58175 0.23493491980392542 0.6002839578504617 -1.5847890072121265 0.0 0.516701786623078 -0.5336296123194122 0.0
0.58225 0.23494767606952566 0.6002887105748349 -1.5847960251099826 0.0 0.516705182050152 -0.5336268588601304 0.0
0.58275 0.23495991890901108 0.6002934992404427 -1.5848031104965914 0.0 0.516708603346468 -0.5336240798947255 0.0
0.58325 0.2349716308884396 0.6002983242722518 -1.5848102642659372 0.0 0.516712050841126 -0.5336212750649435 0.0
0.58375 0.23498281825788497 0.6003031861025004 -1.5848174873281833 0.0 0.5167155248688506 -0.53361844400615 0.0
0.58425 0.2349935014710538 0.6003080851708918 -1.5848247806100526 0.0 0.516719025770344 -0.5336155863469891 0.0
0.58475 0.2350037087923315 0.6003130219247749 -1.5848321450552219 0.0 0.5167225538925577 -0.5336127017091186 0.0
0.58525 0.23501347209440282 0.6003179968193121 -1.5848395816247267 0.0 0.5167261095889049 -0.5336097897069988 0.0
0.58575 0.23502282418219794 0.6003230103176281 -1.584847091297377 0.0 0.5167296932194448 -0.5336068499477123 0.0
0.58625 0.23503179716013714 0.600328062890996 -1.5848546750701753 0.0 0.5167333051510339 -0.533603882030796 0.0
0.58675 0.23504042149771584 0.6003331550190315 -1.5848623339587358 0.0 0.5167369457574529 -0.5336008855480754 0.0
0.58725 0.23504872555148412 0.6003382871899061 -1.584870068997711 0.0 0.5167406154195333 -0.5335978600834994 0.0
0.58775 0.23505673537682067 0.6003434599005465 -1.5848778812412387 0.0 0.5167443145252818 -0.5335948052129804 0.0
0.58825 0.23506447471696104 0.600348673656821 -1.5848857717633997 0.0 0.5167480434700228 -0.5335917205042342 0.0
0.58875 0.23507196509481182 0.6003539289737181 -1.5848937416587043 0.0 0.5167518026565443 -0.5335886055166231 0.0
0.58925 0.23507922595940026 0.6003592263755567 -1.5849017920425723 0.0 0.5167555924952404 -0.5335854598009818 0.0
0.58975 0.2350862748566691 0.6003645663962297 -1.5849099240518163 0.0 0.5167594134042501 -0.5335822828994276 0.0
0.59025 0.2350931276062085 0.6003699495794521 -1.5849181388451348 0.0 0.5167632658096023 -0.5335790743451608 0.0
0.59075 0.23509979847326845 0.6003753764790054 -1.5849264376036345 0.0 0.5167671501453724 -0.5335758336622674 0.0
0.59125 0.23510630033032587 0.6003808476589363 -1.584934821531375 0.0 0.5167710668538682 -0.5335725603655262 0.0
0.59175 0.23511264480553648 0.6003863636937546 -1.5849432918559452 0.0 0.5167750163858232 -0.5335692539602145 0.0
0.59225 0.2351188424172427 0.6003919251686574 -1.5849518498290351 0.0 0.5167789992005914 -0.5335659139418946 0.0
0.59275 0.23512490269475406 0.6003975326798221 -1.5849604967270106 0.0 0.5167830157663222 -0.5335625397961787 0.0
0.59325 0.23513083428619128 0.6004031868347276 -1.584969233851484 0.0 0.5167870665601372 -0.5335591309984737 0.0
0.59375 0.23513664505444354 0.6004088882524645 -1.5849780625299192 0.0 0.5167911520683179 -0.5335556870137251 0.0
0.5942500000000001 0.23514234216237945 0.6004146375639953 -1.584986984116275 0.0 0.5167952727865278 -0.5335522072961744 0.0
0.59475 0.23514793214843163 0.6004204354123681 -1.5849959999916905 0.0 0.5167994292200617 -0.5335486912891233 0.0
0.5952500000000001 0.2351534209936082 0.6004262824529568 -1.5850051115651864 0.0 0.5168036218840961 -0.5335451384246856 0.0
0.59575 0.2351588141808977 0.6004321793537695 -1.5850143202743532 0.0 0.5168078513039261 -0.5335415481235095 0.0
0.5962500000000001 0.2351641167479423 0.6004381267958266 -1.5850236275860436 0.0 0.5168121180151809 -0.5335379197944714 0.0
0.59675 0.23516933333376627 0.6004441254735391 -1.5850330349970831 0.0 0.5168164225640516 -0.5335342528343591 0.0
0.5972500000000001 0.23517446822025864 0.6004501760950477 -1.5850425440350233 0.0 0.5168207655075514 -0.5335305466275678 0.0
0.59775 0.23517952536902134 0.6004562793825005 -1.5850521562589583 0.0 0.5168251474138105 -0.533526800545808 0.0
0.5982500000000001 0.23518450845411948 0.6004624360723334 -1.5850618732603563 0.0 0.5168295688623815 -0.5335230139478049 0.0
0.59875 0.2351894208912009 0.600468646915626 -1.5850716966639011 0.0 0.5168340304445308 -0.5335191861789675 0.0
0.5992500000000001 0.23519426586340564 0.6004749126785356 -1.585081628128316 0.0 0.5168385327635089 -0.5335153165710239 0.0
0.59975 0.23519904634443622 0.6004812341427674 -1.58509166934722 0.0 0.5168430764348229 -0.533511404441635 0.0
0.6002500000000001 0.23520376511912505 0.6004876121059933 -1.5851018220500248 0.0 0.5168476620865416 -0.5335074490940218 0.0
0.60075 0.23520842480178558 0.6004940473821926 -1.5851120880029081 0.0 0.516852290359651 -0.5335034498166082 0.0
0.6012500000000001 0.23521302785259723 0.6005005408019761 -1.5851224690098256 0.0 0.5168569619084306 -0.5334994058826649 0.0
0.60175 0.23521757659223613 0.6005070932129866 -1.585132966913527 0.0 0.5168616774008162 -0.5334953165499136 0.0
0.6022500000000001 0.23522207321494845 0.6005137054804099 -1.5851435835965608 0.0 0.5168664375187315 -0.5334911810600921 0.0
0.60275 0.23522651980024287 0.6005203784875559 -1.5851543209822927 0.0 0.5168712429584131 -0.5334869986384804 0.0
0.6032500000000001 0.23523091832336665 0.6005271131364012 -1.5851651810359777 0.0 0.516876094430766 -0.5334827684934369 0.0
0.60375 0.23523527066470987 0.6005339103480186 -1.5851761657659262 0.0 0.5168809926617827 -0.5334784898159596 0.0
0.6042500000000001 0.2352395786182514 0.600540771062953 -1.5851872772247382 0.0 0.5168859383930096 -0.5334741617792575 0.0
0.60475 0.2352438438991457 0.6005476962416539 -1.5851985175105563 0.0 0.5168909323820055 -0.5334697835382949 0.0
0.6052500000000001 0.23524806815053362 0.600554686865066 -1.5852098887683004 0.0 0.5168959754027584 -0.5334653542292661 0.0
0.60575 0.23525225294966506 0.6005617439353499 -1.5852213931908932 0.0 0.5169010682460708 -0.533460872969022 0.0
0.6062500000000001 0.23525639981342122 0.600568868476592 -1.5852330330205398 0.0 0.5169062117199708 -0.5334563388544804 0.0
0.60675 0.23526051020331298 0.6005760615353875 -1.585244810550122 0.0 0.5169114066502005 -0.5334517509620748 0.0
0.6072500000000001 0.2352645855300165 0.6005833241812855 -1.5852567281246974 0.0 0.5169166538807841 -0.5334471083472346 0.0
0.60775 0.2352686271574832 0.6005906575072499 -1.585268788143054 0.0 0.5169219542746198 -0.5334424100438475 0.0
0.6082500000000001 0.23527263640665375 0.6005980626303002 -1.5852809930592529 0.0 0.5169273087140145 -0.5334376550636498 0.0
0.60875 0.23527661455881688 0.6006055406923699 -1.5852933453841274 0.0 0.5169327181011658 -0.533432842395527 0.0
0.6092500000000001 0.23528056285865992 0.6006130928612529 -1.5853058476868218 0.0 0.5169381833586324 -0.5334279710047716 0.0
0.60975 0.2352844825170656 0.6006207203314132 -1.5853185025964467 0.0 0.5169437054298899 -0.5334230398323716 0.0
0.6102500000000001 0.23528837471369016 0.600628424324583 -1.5853313128039073 0.0 0.5169492852800074 -0.5334180477943596 0.0
0.61075 0.2352922405993397 0.6006362060902646 -1.5853442810638332 0.0 0.5169549238963896 -0.5334129937811743 0.0
0.6112500000000001 0.23529608129814336 0.6006440669063857 -1.5853574101965244 0.0 0.5169606222894985 -0.5334078766569548 0.0
0.61175 0.23529989790953 0.6006520080802652 -1.5853707030898443 0.0 0.5169663814934722 -0.5334026952587128 0.0
0.6122500000000001 0.23530369151003316 0.6006600309498137 -1.5853841627010865 0.0 0.5169722025666927 -0.5333974483954061 0.0
0.61275 0.23530746315496914 0.6006681368846754 -1.5853977920589553 0.0 0.5169780865924094 -0.5333921348470119 0.0
0.6132500000000001 0.23531121388002127 0.6006763272871056 -1.5854115942657472 0.0 0.5169840346795139 -0.5333867533636703 0.0
0.61375 0.2353149447027438 0.6006846035925902 -1.5854255724997395 0.0 0.5169900479634632 -0.5333813026648979 0.0
0.6142500000000001 0.2353186566239691 0.6006929672704966 -1.5854397300176564 0.0 0.5169961276072229 -0.5333757814387654 0.0
0.61475 0.23532235062909962 0.600701419825083 -1.5854540701570867 0.0 0.517002274802125 -0.533370188340934 0.0
0.6152500000000001 0.2353260276892894 0.6007099627969138 -1.5854685963388364 0.0 0.5170084907685879 -0.533364521993535 0.0
0.61575 0.23532968876254612 0.6007185977644253 -1.5854833120693206 0.0 0.5170147767568316 -0.5333587809839679 0.0
0.6162500000000001 0.23533333479480117 0.6007273263452415 -1.5854982209431785 0.0 0.5170211340477471 -0.5333529638637609 0.0
0.61675 0.23533696672096838 0.6007361501970886 -1.5855133266461852 0.0 0.5170275639539774 -0.5333470691475444 0.0
0.6172500000000001 0.23534058546597644 0.6007450710185142 -1.5855286329583682 0.0 0.5170340678211409 -0.533341095312061 0.0
0.61775 0.2353441919457412 0.6007540905498728 -1.585544143757138 0.0 0.5170406470289959 -0.5333350407950563 0.0
0.6182500000000001 0.23534778706805282 0.6007632105748575 -1.5855598630203185 0.0 0.517047302992446 -0.5333289039939536 0.0
0.61875 0.23535137173339482 0.600772432922481 -1.5855757948291316 0.0 0.5170540371624217 -0.5333226832643462 0.0
0.6192500000000001 0.23535494683574418 0.6007817594690059 -1.5855919433713432 0.0 0.517060851026847 -0.5333163769184727 0.0
0.61975 0.23535851326339782 0.6007911921393909 -1.5856083129447796 0.0 0.5170677461118756 -0.5333099832238263 0.0
0.6202500000000001 0.23536207189982672 0.600800732908277 -1.5856249079611993 0.0 0.5170747239833831 -0.53330350040188 0.0
0.62075 0.23536562362451716 0.6008103838009815 -1.5856417329503336 0.0 0.5170817862485366 -0.5332969266267767 0.0
0.6212500000000001 0.23536916931375376 0.6008201468950304 -1.585658792563871 0.0 0.517088934557218 -0.5332902600237968 0.0
0.62175 0.23537270984132683 0.6008300243224247 -1.585676091579312 0.0 0.5170961706032243 -0.5332834986675329 0.0
0.6222500000000001 0.23537624607920452 0.6008400182722632 -1.5856936349038595 0.0 0.5171034961254132 -0.5332766405799041 0.0
0.62275 0.23537977889823647 0.6008501309930202 -1.5857114275786657 0.0 0.5171109129090741 -0.5332696837282409 0.0
0.6232500000000001 0.23538330916892505 0.6008603647941291 -1.5857294747835868 0.0 0.5171184227876807 -0.5332626260235618 0.0
0.62375 0.23538683776223537 0.6008707220471896 -1.5857477818423231 0.0 0.5171260276448943 -0.5332554653189278 0.0
0.6242500000000001 0.23539036555038412 0.600881205187489 -1.5857663542276559 0.0 0.517133729416542 -0.5332481994076411 0.0
0.62475 0.2353938934075605 0.600891816716347 -1.5857851975665727 0.0 0.5171415300923637 -0.5332408260211076 0.0
0.6252500000000001 0.23539742221057874 0.6009025592043136 -1.5858043176452752 0.0 0.517149431717521 -0.533233342826354 0.0
0.62575 0.2354009528395302 0.600913435294512 -1.5858237204144037 0.0 0.5171574363941605 -0.5332257474234406 0.0
0.6262500000000001 0.23540448617851908 0.6009244477052682 -1.5858434119948424 0.0 0.5171655462833973 -0.5332180373430525 0.0
0.62675 0.23540802311649106 0.6009355992319382 -1.5858633986841528 0.0 0.5171737636077596 -0.5332102100442973 0.0
0.6272500000000001 0.23541156454809173 0.600946892748621 -1.585883686963374 0.0 0.5171820906538108 -0.533202262912473 0.0
0.62775 0.23541511137448778 0.6009583312105156 -1.5859042835038755 0.0 0.5171905297746532 -0.5331941932565569 0.0
0.62825 0.2354186645041087 0.6009699176573616 -1.5859251951740854 0.0 0.5171990833921282 -0.5331859983062447 0.0
0.62875 0.2354222248533313 0.600981655217806 -1.5859464290461491 0.0 0.5172077539988035 -0.5331776752085935 0.0
0.62925 0.2354257933472117 0.6009935471135659 -1.58596799240305 0.0 0.5172165441602037 -0.5331692210246453 0.0
0.62975 0.2354293709203511 0.6010055966624865 -1.5859898927466165 0.0 0.5172254565176628 -0.5331606327263546 0.0
0.63025 0.23543295851785928 0.601017807280923 -1.5860121378062628 0.0 0.5172344937916392 -0.5331519071936687 0.0
0.63075 0.23543655709633388 0.6010301824863532 -1.5860347355480173 0.0 0.5172436587851222 -0.5331430412114138 0.0
0.63125 0.23544016762479963 0.6010427259008488 -1.5860576941835838 0.0 0.5172529543868978 -0.5331340314657667 0.0
0.63175 0.23544379108555522 0.60105544125595 -1.586081022179329 0.0 0.5172623835744398 -0.5331248745401697 0.0
0.63225 0.23544742847496294 0.601068332398572 -1.5861047282654053 0.0 0.5172719494165835 -0.5331155669108223 0.0
0.63275 0.23545108080434862 0.6010814032962283 -1.586128821445647 0.0 0.5172816550767211 -0.5331061049422671 0.0
0.63325 0.23545474910109604 0.6010946580407361 -1.5861533110085455 0.0 0.5172915038168768 -0.5330964848833125 0.0
0.63375 0.23545843440983455 0.601108100851505 -1.5861782065389924 0.0 0.5173014990022166 -0.5330867028629739 0.0
0.63425 0.23546213779360553 0.6011217360795766 -1.5862035179305156 0.0 0.5173116441054804 -0.5330767548861173 0.0
0.63475 0.23546586033499212 0.6011355682126943 -1.586229255397772 0.0 0.5173219427112685 -0.5330666368286446 0.0
0.63525 0.2354696031371777 0.601149601881936 -1.586255429488748 0.0 0.5173323985200281 -0.5330563444318579 0.0
0.63575 0.23547336732496374 0.6011638418695434 -1.5862820510969584 0.0 0.517343015351872 -0.533045873296179 0.0
0.63625 0.23547715404591404 0.6011782931159377 -1.5863091314750284 0.0 0.5173537971509826 -0.5330352188751669 0.0
0.63675 0.23548096447175082 0.6011929607241436 -1.5863366822500684 0.0 0.5173647479911352 -0.53302437647055 0.0
0.63725 0.23548479979960155 0.6012078499629971 -1.5863647154365017 0.0 0.5173758720805957 -0.5330133412280716 0.0
0.63775 0.23548866125164813 0.6012229662633293 -1.5863932434285215 0.0 0.5173871737600155 -0.5330021081402965 0.0
0.63825 0.23549255006432276 0.6012383151573994 -1.5864222788604048 0.0 0.5173986574544243 -0.5329906721029617 0.0
0.63875 0.23549646740712019 0.601253901835464 -1.5864518335756617 0.0 0.51741032731595 -0.5329790283321275 0.0
0.63925 0.2355004138294497 0.6012697281285296 -1.5864819116059425 0.0 0.5174221847926966 -0.5329671752010615 0.0
0.63975 0.23550438554362552 0.6012857721891792 -1.586512461965392 0.0 0.5174342122949509 -0.5329551333241428 0.0
0.64025 0.2355083494766775 0.6013018520879653 -1.58654306180619 0.0 0.5174462635666017 -0.5329430736641328 0.0
0.64075 0.23551207584262993 0.6013167104955744 -1.5865707901085697 0.0 0.5174573279635095 -0.5329321772492326 0.0
0.64125 0.2355140145415834 0.6013218720547633 -1.5865759580307297 0.0 0.5174605930148787 -0.5329304047581962 0.0
0.64175 0.2355037552733795 0.6012604207393643 -1.586426356177954 0.0 0.5174103113873338 -0.5329912089565771 0.0
0.64225 0.23541148072419524 0.6007504999336627 -1.5852355295916154 0.0 0.5169996647552908 -0.533472823578084 0.0
0.64275 0.23477149175781056 0.5972380580207209 -1.5770998640786353 0.0 0.5141815047955882 -0.5367534538930877 0.0
0.64325 0.23058928463826703 0.5740067255873126 -1.5244184290073 0.0 0.495775812464586 -0.5576623768320608 0.0
0.64375 0.20787487450659742 0.43880760703115745 -1.2455735341821814 0.0 0.3964874406824602 -0.6587247074835394 0.0
0.64425 0.1524354886151852 0.04338144771078742 -0.5732037025484389 0.0 0.17986055186339134 -0.8375746503689202 0.0
0.64475 0.12203980989803749 -0.20224682306571246 -0.2159383088547662 0.0 0.09663287119474351 -0.8968190504281074 0.0
0.64525 0.11745848520231489 -0.235732456717771 -0.16987814051604616 0.0 0.08833897857869222 -0.9025411206003361 0.0
0.64575 0.11706893129367489 -0.23831291181131226 -0.16634725886562238 0.0 0.08773426920299021 -0.9029588878783076 0.0
0.64625 0.11704042078060703 -0.23849486305595868 -0.16609227326802262 0.0 0.08769127139085975 -0.9029898826835396 0.0
0.64675 0.11703846107521189 -0.2385050941986115 -0.1660716614796673 0.0 0.08768828546572227 -0.9029933359227585 0.0
0.64725 0.1170383993218228 -0.23850309417728585 -0.1660677136399675 0.0 0.08768814598240615 -0.9029948360218935 0.0
0.64775 0.1170384732940343 -0.2385002083800052 -0.16606494321510842 0.0 0.08768821012237193 -0.9029962025909819 0.0
0.64825 0.11703855760850858 -0.2384972433967841 -0.16606224899113825 0.0 0.0876882899823781 -0.9029975650485982 0.0
0.64875 0.11703864334994657 -0.2384942564964779 -0.16605955256007074 0.0 0.08768837220143855 -0.902998932643509 0.0
0.64925 0.11703872988446701 -0.2384912516735973 -0.16605684823359398 0.0 0.0876884558280806 -0.9030003060804316 0.0
0.64975 0.11703881716703816 -0.2384882291345419 -0.16605413549407386 0.0 0.08768854079321153 -0.9030016854565811 0.0
0.65025 0.11703890519462239 -0.23848518881396336 -0.1660514141907007 0.0 0.0876886270906827 -0.9030030708267021 0.0
0.65075 0.11703899396728698 -0.2384821306250435 -0.16604868419815158 0.0 0.08768871471901318 -0.903004462243128 0.0
0.65125 0.11703908348540178 -0.23847905447839798 -0.16604594539311282 0.0 0.08768880367719156 -0.9030058597581837 0.0
0.65175 0.11703917374944367 -0.238475960283285 -0.16604319765249517 0.0 0.08768889396438262 -0.9030072634244162 0.0
0.65225 0.11703926476000254 -0.23847284794704282 -0.16604044085280137 0.0 0.08768898557993476 -0.903008673294883 0.0
0.65275 0.11703935651777875 -0.23846971737509715 -0.16603767487010593 0.0 0.08768907852337915 -0.9030100894231555 0.0
0.65325 0.11703944902357047 -0.23846656847133643 -0.16603489958030512 0.0 0.08768917279440658 -0.9030115118631741 0.0
0.65375 0.1170395422782719 -0.23846340113810768 -0.16603211485909053 0.0 0.08768926839286861 -0.9030129406692547 0.0
0.65425 0.11703963628288015 -0.23846021527598954 -0.16602932058176564 0.0 0.08768936531878369 -0.9030143758961879 0.0
0.65475 0.11703973103849427 -0.23845701078378448 -0.1660265166232172 0.0 0.08768946357233887 -0.9030158175992467 0.0
0.65525 0.11703982654631044 -0.23845378755863386 -0.1660237028579861 0.0 0.08768956315388055 -0.9030172658341431 0.0
0.65575 0.11703992280762111 -0.23845054549601571 -0.16602087916024216 0.0 0.0876896640639141 -0.9030187206570373 0.0
0.65625 0.11704001982381686 -0.23844728448966215 -0.1660180454037065 0.0 0.08768976630310488 -0.9030201821245742 0.0
0.6567500000000001 0.11704011759638551 -0.23844400443155012 -0.16601520146162868 0.0 0.08768986987227856 -0.9030216502938924 0.0
0.65725 0.11704021612691053 -0.23844070521193006 -0.1660123472067928 0.0 0.08768997477241802 -0.9030231252226159 0.0
0.6577500000000001 0.11704031541707037 -0.23843738671932158 -0.16600948251149 0.0 0.08769008100466058 -0.9030246069688637 0.0
0.65825 0.11704041546863855 -0.23843404884047512 -0.1660066072474804 0.0 0.08769018857030131 -0.9030260955912657 0.0
0.6587500000000001 0.11704051628348341 -0.2384306914603647 -0.16600372128596955 0.0 0.08769029747078849 -0.9030275911489742 0.0
0.65925 0.117040617863567 -0.23842731446218626 -0.16600082449759174 0.0 0.0876904077077254 -0.9030290937016653 0.0
0.6597500000000001 0.11704072021094497 -0.23842391772734536 -0.16599791675239203 0.0 0.08769051928286742 -0.903030603309549 0.0
0.66025 0.11704082332776626 -0.2384205011354421 -0.16599499791978592 0.0 0.08769063219812256 -0.9030321200333812 0.0
0.6607500000000001 0.11704092721627268 -0.23841706456425243 -0.16599206786854914 0.0 0.0876907464555512 -0.9030336439344722 0.0
0.66125 0.11704103187879869 -0.23841360788972166 -0.16598912646678685 0.0 0.08769086205736454 -0.9030351750746949 0.0
0.6617500000000001 0.11704113731777122 -0.23841013098595032 -0.16598617358191328 0.0 0.08769097900592349 -0.9030367135164947 0.0
0.66225 0.11704124353570923 -0.23840663372517917 -0.16598320908062458 0.0 0.0876910973037408 -0.9030382593228986 0.0
0.6627500000000001 0.11704135053522392 -0.2384031159777686 -0.16598023282887925 0.0 0.08769121695347781 -0.9030398125575257 0.0
0.66325 0.11704145831901812 -0.2383995776121923 -0.16597724469186736 0.0 0.0876913379579457 -0.9030413732845965 0.0
0.6637500000000001 0.11704156688988639 -0.23839601849501393 -0.1659742445339947 0.0 0.08769146032010466 -0.9030429415689426 0.0
0.66425 0.11704167625071495 -0.23839243849087532 -0.16597123221885285 0.0 0.08769158404306399 -0.9030445174760166 0.0
0.6647500000000001 0.1170417864044816 -0.23838883746247527 -0.16596820760919845 0.0 0.08769170913008106 -0.9030461010719028 0.0
0.66525 0.11704189735425562 -0.23838521527055598 -0.1659651705669254 0.0 0.08769183558456206 -0.9030476924233266 0.0
0.6657500000000001 0.11704200910319813 -0.23838157177388403 -0.16596212095304416 0.0 0.08769196341006136 -0.9030492915976658 0.0
0.66625 0.1170421216545617 -0.2383779068292308 -0.165959058627654 0.0 0.08769209261028221 -0.9030508986629602 0.0
0.6667500000000001 0.11704223501169048 -0.2383742202913535 -0.16595598344992243 0.0 0.08769222318907499 -0.9030525136879228 0.0
0.66725 0.11704234917802056 -0.23837051201297813 -0.1659528952780559 0.0 0.08769235515043938 -0.9030541367419503 0.0
0.6677500000000001 0.11704246415707988 -0.2383667818447768 -0.16594979396927842 0.0 0.0876924884985224 -0.9030557678951344 0.0
0.66825 0.11704257995248853 -0.23836302963534714 -0.1659466793798052 0.0 0.08769262323762061 -0.9030574072182724 0.0
0.6687500000000001 0.11704269656795889 -0.23835925523119228 -0.16594355136481745 0.0 0.08769275937217891 -0.9030590547828792 0.0
0.66925 0.11704281400729595 -0.23835545847669845 -0.16594040977843472 0.0 0.0876928969067905 -0.9030607106611985 0.0
0.6697500000000001 0.11704293227439747 -0.23835163921411026 -0.16593725447369098 0.0 0.08769303584619892 -0.9030623749262153 0.0
0.67025 0.11704305137325453 -0.23834779728350558 -0.16593408530250592 0.0 0.0876931761952966 -0.9030640476516683 0.0
0.6707500000000001 0.11704317130795172 -0.2383439325227746 -0.1659309021156609 0.0 0.08769331795912627 -0.9030657289120609 0.0
0.67125 0.1170432920826672 -0.2383400447675969 -0.16592770476276986 0.0 0.08769346114288068 -0.903067418782675 0.0
0.6717500000000001 0.11704341370167348 -0.23833613385141328 -0.16592449309225885 0.0 0.08769360575190432 -0.9030691173395806 0.0
0.67225 0.11704353616933767 -0.23833219960540697 -0.16592126695133522 0.0 0.08769375179169137 -0.9030708246596497 0.0
0.6727500000000001 0.1170436594901215 -0.23832824185847976 -0.16591802618596674 0.0 0.0876938992678894 -0.9030725408205654 0.0
0.67325 0.11704378366858223 -0.23832426043722596 -0.16591477064085206 0.0 0.08769404818629678 -0.9030742659008372 0.0
0.6737500000000001 0.11704390870937274 -0.23832025516590505 -0.16591150015939762 0.0 0.08769419855286531 -0.9030759999798114 0.0
0.67425 0.11704403461724235 -0.238316225866415 -0.16590821458368443 0.0 0.08769435037369966 -0.9030777431376866 0.0
0.6747500000000001 0.11704416139703742 -0.23831217235826108 -0.1659049137544425 0.0 0.0876945036550596 -0.9030794954555272 0.0
0.67525 0.11704428905370175 -0.2383080944585239 -0.1659015975110165 0.0 0.08769465840335999 -0.9030812570152782 0.0
0.6757500000000001 0.11704441759227745 -0.2383039919818295 -0.16589826569133914 0.0 0.08769481462517126 -0.9030830278997798 0.0
0.67625 0.1170445470179057 -0.23829986474031722 -0.16589491813190227 0.0 0.08769497232722123 -0.9030848081927828 0.0
0.6767500000000001 0.11704467733582719 -0.23829571254360934 -0.1658915546677225 0.0 0.08769513151639574 -0.9030865979789617 0.0
0.67725 0.11704480855138304 -0.2382915351987797 -0.165888175132319 0.0 0.08769529219973982 -0.9030883973439298 0.0
0.6777500000000001 0.11704494067001535 -0.2382873325103241 -0.1658847793576796 0.0 0.08769545438445736 -0.9030902063742532 0.0
0.67825 0.11704507369726798 -0.23828310428012717 -0.16588136717423227 0.0 0.0876956180779146 -0.9030920251574658 0.0
0.6787500000000001 0.1170452076387873 -0.2382788503074286 -0.16587793841081633 0.0 0.08769578328763827 -0.9030938537820843 0.0
0.67925 0.11704534250032297 -0.23827457038879457 -0.16587449289464753 0.0 0.08769595002131836 -0.9030956923376237 0.0
0.6797500000000001 0.11704547828772874 -0.23827026431807619 -0.1658710304512914 0.0 0.08769611828680945 -0.9030975409146126 0.0
0.68025 0.11704561500696348 -0.23826593188637457 -0.16586755090462782 0.0 0.08769628809213159 -0.9030993996046109 0.0
0.6807500000000001 0.11704575266409215 -0.23826157288200564 -0.16586405407681806 0.0 0.08769645944547166 -0.903101268500226 0.0
0.68125 0.11704589126528679 -0.23825718709045754 -0.1658605397882717 0.0 0.08769663235518443 -0.9031031476951302 0.0
0.6817500000000001 0.11704603081682745 -0.23825277429435557 -0.16585700785761087 0.0 0.08769680682979475 -0.9031050372840784 0.0
0.68225 0.11704617132510327 -0.23824833427342015 -0.16585345810163907 0.0 0.08769698287799854 -0.9031069373629246 0.0
0.6827500000000001 0.11704631279661339 -0.23824386680442922 -0.16584989033530434 0.0 0.08769716050866394 -0.9031088480286401 0.0
0.68325 0.1170464552379683 -0.2382393716611776 -0.165846304371667 0.0 0.08769733973083349 -0.9031107693793315 0.0
0.6837500000000001 0.11704659865589065 -0.2382348486144368 -0.16584270002186233 0.0 0.0876975205537257 -0.9031127015142569 0.0
0.68425 0.1170467430572165 -0.23823029743190993 -0.16583907709506804 0.0 0.08769770298673618 -0.9031146445338474 0.0
0.6847500000000001 0.11704688844889657 -0.23822571787819083 -0.16583543539846393 0.0 0.08769788703943948 -0.9031165985397244 0.0
0.68525 0.11704703483799746 -0.23822110971471633 -0.16583177473719682 0.0 0.08769807272159069 -0.9031185636347187 0.0
0.6857500000000001 0.11704718223170289 -0.23821647269972554 -0.16582809491434075 0.0 0.0876982600431283 -0.9031205399228923 0.0
0.68625 0.11704733063731494 -0.23821180658820854 -0.1658243957308608 0.0 0.0876984490141749 -0.903122527509557 0.0
0.6867500000000001 0.11704748006225561 -0.2382071111318609 -0.1658206769855701 0.0 0.08769863964503899 -0.9031245265012952 0.0
0.68725 0.11704763051406786 -0.2382023860790376 -0.16581693847509502 0.0 0.08769883194621875 -0.9031265370059802 0.0
0.6877500000000001 0.1170477820004174 -0.23819763117470014 -0.16581317999383224 0.0 0.08769902592840173 -0.9031285591327987 0.0
0.68825 0.11704793452909382 -0.2381928461603695 -0.1658094013339096 0.0 0.08769922160246935 -0.9031305929922708 0.0
0.6887500000000001 0.1170480881080121 -0.2381880307740727 -0.16580560228514157 0.0 0.08769941897949596 -0.903132638696273 0.0
0.68925 0.11704824274521418 -0.2381831847502921 -0.16580178263499065 0.0 0.0876996180707541 -0.903134696358061 0.0
0.6897500000000001 0.11704839844887081 -0.23817830781991148 -0.16579794216852084 0.0 0.08769981888771572 -0.9031367660922911 0.0
0.69025 0.1170485552272828 -0.2381733997101591 -0.1657940806683561 0.0 0.08770002144205347 -0.9031388480150452 0.0
0.6907500000000001 0.1170487130888829 -0.2381684601445546 -0.16579019791463215 0.0 0.08770022574564462 -0.9031409422438541 0.0
0.69125 0.11704887204223721 -0.23816348884284744 -0.16578629368495595 0.0 0.08770043181057341 -0.9031430488977219 0.0
0.6917500000000001 0.11704903209604746 -0.2381584855209626 -0.16578236775435426 0.0 0.08770063964913177 -0.9031451680971513 0.0
0.69225 0.11704919325915232 -0.23815344989093953 -0.16577841989522973 0.0 0.08770084927382493 -0.9031472999641673 0.0
0.6927500000000001 0.11704935554052932 -0.2381483816608718 -0.1657744498773114 0.0 0.08770106069737127 -0.9031494446223446 0.0
0.69325 0.11704951894929665 -0.2381432805348434 -0.1657704574676075 0.0 0.08770127393270699 -0.9031516021968329 0.0
0.69375 0.1170496834947154 -0.23813814621286877 -0.16576644243035427 0.0 0.08770148899298758 -0.9031537728143841 0.0
0.69425 0.11704984918619135 -0.2381329783908242 -0.16576240452696522 0.0 0.08770170589159176 -0.903155956603379 0.0
0.69475 0.11705001603327703 -0.2381277767603835 -0.16575834351597926 0.0 0.08770192464212412 -0.9031581536938555 0.0
0.69525 0.11705018404567359 -0.23812254100894964 -0.16575425915300906 0.0 0.08770214525841802 -0.9031603642175383 0.0
0.69575 0.11705035323323325 -0.23811727081958378 -0.16575015119068714 0.0 0.0877023677545391 -0.9031625883078661 0.0
0.69625 0.11705052360596142 -0.23811196587093741 -0.1657460193786096 0.0 0.08770259214478726 -0.9031648261000226 0.0
0.69675 0.11705069517401853 -0.23810662583718042 -0.16574186346328088 0.0 0.08770281844370253 -0.9031670777309656 0.0
0.69725 0.11705086794772265 -0.23810125038792607 -0.16573768318806084 0.0 0.08770304666606488 -0.9031693433394579 0.0
0.69775 0.11705104193755189 -0.23809583918815824 -0.16573347829310334 0.0 0.0877032768269006 -0.9031716230660989 0.0
0.69825 0.11705121715414653 -0.23809039189815429 -0.165729248515298 0.0 0.08770350894148449 -0.9031739170533555 0.0
0.69875 0.11705139360831159 -0.23808490817340702 -0.1657249935882115 0.0 0.08770374302534334 -0.9031762254455957 0.0
0.69925 0.11705157131101922 -0.23807938766454503 -0.16572071324202395 0.0 0.08770397909426053 -0.9031785483891221 0.0
0.69975 0.11705175027341126 -0.2380738300172457 -0.16571640720346978 0.0 0.08770421716427867 -0.903180886032206 0.0
0.70025 0.11705193050680206 -0.2380682348721565 -0.1657120751957713 0.0 0.08770445725170506 -0.9031832385251216 0.0
0.70075 0.11705211202268134 -0.23806260186480627 -0.16570771693857286 0.0 0.08770469937311398 -0.9031856060201832 0.0
0.70125 0.11705229483271659 -0.23805693062551933 -0.1657033321478737 0.0 0.0877049435453513 -0.903187988671781 0.0
0.70175 0.11705247894875587 -0.2380512207793272 -0.1656989205359598 0.0 0.08770518978553987 -0.9031903866364173 0.0
0.70225 0.11705266438283084 -0.2380454719458721 -0.16569448181134008 0.0 0.08770543811108222 -0.903192800072745 0.0
0.70275 0.11705285114715994 -0.2380396837393205 -0.16569001567866937 0.0 0.08770568853966576 -0.9031952291416064 0.0
0.70325 0.11705303925415084 -0.23803385576826497 -0.16568552183867977 0.0 0.08770594108926666 -0.9031976740060722 0.0
0.70375 0.11705322871640392 -0.2380279876356255 -0.16568099998810734 0.0 0.0877061957781553 -0.9032001348314814 0.0
0.70425 0.11705341954671557 -0.23802207893855057 -0.16567644981961574 0.0 0.08770645262489996 -0.903202611785484 0.0
0.70475 0.11705361175808124 -0.23801612926831536 -0.16567187102171704 0.0 0.08770671164837285 -0.903205105038082 0.0
0.70525 0.11705380536369855 -0.23801013821021666 -0.1656672632786958 0.0 0.08770697286775386 -0.9032076147616738 0.0
0.70575 0.11705400037697122 -0.23800410534346375 -0.1656626262705281 0.0 0.0877072363025373 -0.9032101411310982 0.0
0.70625 0.11705419681151237 -0.237998030241069 -0.16565795967279687 0.0 0.08770750197253441 -0.9032126843236802 0.0
0.70675 0.11705439468114812 -0.23799191246973653 -0.16565326315660842 0.0 0.08770776989788176 -0.9032152445192764 0.0
0.70725 0.11705459399992114 -0.23798575158974636 -0.16564853638850768 0.0 0.08770804009904487 -0.9032178219003235 0.0
0.70775 0.11705479478209456 -0.23797954715483743 -0.16564377903038754 0.0 0.08770831259682366 -0.9032204166518865 0.0
0.70825 0.1170549970421557 -0.23797329871208778 -0.165638990739403 0.0 0.08770858741236043 -0.9032230289617063 0.0
0.70875 0.11705520079482042 -0.23796700580179056 -0.16563417116787627 0.0 0.08770886456714266 -0.9032256590202532 0.0
0.70925 0.11705540605503659 -0.2379606679573306 -0.1656293199632056 0.0 0.08770914408301123 -0.9032283070207762 0.0
0.70975 0.11705561283798843 -0.2379542847050559 -0.16562443676776842 0.0 0.08770942598216547 -0.9032309731593562 0.0
0.71025 0.11705582115910075 -0.2379478555641458 -0.1656195212188236 0.0 0.08770971028716967 -0.9032336576349604 0.0
0.71075 0.11705603103404327 -0.23794138004647755 -0.16561457294841142 0.0 0.08770999702095972 -0.9032363606494972 0.0
0.71125 0.11705624247873526 -0.2379348576564878 -0.16560959158325222 0.0 0.08771028620684962 -0.9032390824078729 0.0
0.71175 0.11705645550934977 -0.2379282878910334 -0.16560457674464002 0.0 0.08771057786853875 -0.9032418231180487 0.0
0.71225 0.11705667014231835 -0.2379216702392459 -0.16559952804833827 0.0 0.08771087203011751 -0.9032445829911013 0.0
0.71275 0.1170568863943358 -0.23791500418238426 -0.1655944451044688 0.0 0.08771116871607587 -0.9032473622412821 0.0
0.71325 0.11705710428236538 -0.2379082891936843 -0.16558932751739755 0.0 0.08771146795130969 -0.9032501610860799 0.0
0.71375 0.11705732382364344 -0.23790152473820342 -0.16558417488562166 0.0 0.08771176976112882 -0.9032529797462846 0.0
0.71425 0.11705754503568487 -0.23789471027266224 -0.16557898680165373 0.0 0.08771207417126459 -0.9032558184460515 0.0
0.71475 0.11705776793628797 -0.23788784524528206 -0.16557376285189684 0.0 0.08771238120787717 -0.9032586774129691 0.0
0.71525 0.1170579925435402 -0.23788092909561792 -0.1655685026165259 0.0 0.0877126908975645 -0.9032615568781263 0.0
0.71575 0.11705821887582352 -0.23787396125438745 -0.16556320566935667 0.0 0.08771300326736997 -0.9032644570761833 0.0
0.71625 0.11705844695182022 -0.23786694114329715 -0.16555787157772128 0.0 0.08771331834479135 -0.9032673782454426 0.0
0.71675 0.1170586767905187 -0.23785986817486074 -0.1655524999023333 0.0 0.08771363615778882 -0.9032703206279228 0.0
0.71725 0.11705890841121942 -0.23785274175221874 -0.16554709019714867 0.0 0.08771395673479443 -0.9032732844694339 0.0
0.71775 0.11705914183354113 -0.23784556126894701 -0.16554164200923102 0.0 0.08771428010472138 -0.9032762700196548 0.0
0.71825 0.11705937707742689 -0.23783832610886352 -0.16553615487860643 0.0 0.0877146062969727 -0.9032792775322118 0.0
0.71875 0.11705961416315086 -0.23783103564583197 -0.16553062833811807 0.0 0.0877149353414517 -0.9032823072647607 0.0
0.7192500000000001 0.1170598531113248 -0.23782368924355526 -0.16552506191327593 0.0 0.08771526726857226 -0.9032853594790692 0.0
0.71975 0.11706009394290492 -0.23781628625536969 -0.16551945512210128 0.0 0.08771560210926643 -0.9032884344411034 0.0
0.7202500000000001 0.11706033667919857 -0.23780882602403094 -0.16551380747496983 0.0 0.08771593989499882 -0.9032915324211137 0.0
0.72075 0.11706058134187161 -0.23780130788149134 -0.16550811847445165 0.0 0.08771628065777348 -0.9032946536937266 0.0
0.7212500000000001 0.11706082795295591 -0.2377937311486757 -0.1655023876151434 0.0 0.08771662443014794 -0.9032977985380353 0.0
0.72175 0.11706107653485674 -0.23778609513525278 -0.16549661438349747 0.0 0.08771697124524247 -0.9033009672376945 0.0
0.7222500000000001 0.11706132711036046 -0.23777839913939505 -0.16549079825764876 0.0 0.08771732113675246 -0.9033041600810187 0.0
0.72275 0.11706157970264254 -0.23777064244753732 -0.165484938707234 0.0 0.08771767413895992 -0.9033073773610799 0.0
0.7232500000000001 0.11706183433527559 -0.23776282433412654 -0.16547903519320933 0.0 0.08771803028674652 -0.9033106193758103 0.0
0.72375 0.11706209103223783 -0.2377549440613662 -0.165473087167664 0.0 0.08771838961560496 -0.9033138864281068 0.0
0.7242500000000001 0.11706234981792149 -0.23774700087895254 -0.16546709407362162 0.0 0.08771875216165281 -0.9033171788259388 0.0
0.72475 0.11706261071714207 -0.23773899402380425 -0.16546105534484634 0.0 0.08771911796164489 -0.9033204968824581 0.0
0.7252500000000001 0.117062873755147 -0.23773092271978657 -0.1654549704056382 0.0 0.08771948705298771 -0.9033238409161121 0.0
0.72575 0.11706313895762516 -0.23772278617742715 -0.16544883867062157 0.0 0.08771985947375194 -0.9033272112507609 0.0
0.7262500000000001 0.11706340635071609 -0.23771458359362352 -0.16544265954453083 0.0 0.08772023526268868 -0.9033306082157956 0.0
0.72675 0.11706367596102023 -0.23770631415133875 -0.16543643242199393 0.0 0.08772061445924295 -0.9033340321462617 0.0
0.7272500000000001 0.117063947815609 -0.23769797701929468 -0.16543015668730032 0.0 0.08772099710356906 -0.9033374833829853 0.0
0.72775 0.1170642219420349 -0.23768957135165628 -0.16542383171416825 0.0 0.08772138323654544 -0.9033409622727033 0.0
0.7282500000000001 0.11706449836834243 -0.23768109628770318 -0.16541745686550655 0.0 0.08772177289979222 -0.9033444691681957 0.0
0.72875 0.11706477712307885 -0.23767255095149506 -0.16541103149316747 0.0 0.08772216613568706 -0.903348004428423 0.0
0.7292500000000001 0.11706505823530579 -0.23766393445152392 -0.16540455493769382 0.0 0.08772256298738079 -0.9033515684186677 0.0
0.72975 0.11706534173461082 -0.2376552458803629 -0.165398026528058 0.0 0.08772296349881648 -0.9033551615106787 0.0
0.7302500000000001 0.11706562765111912 -0.23764648431429655 -0.1653914455813941 0.0 0.08772336771474731 -0.9033587840828197 0.0
0.73075 0.11706591601550587 -0.23763764881295202 -0.16538481140272454 0.0 0.08772377568075307 -0.9033624365202233 0.0
0.7312500000000001 0.11706620685900919 -0.23762873841890805 -0.16537812328467252 0.0 0.08772418744326171 -0.9033661192149479 0.0
0.73175 0.11706650021344274 -0.2376197521572986 -0.165371380507177 0.0 0.08772460304956664 -0.90336983256614 0.0
0.7322500000000001 0.11706679611120925 -0.2376106890354053 -0.16536458233718737 0.0 0.08772502254784853 -0.9033735769802013 0.0
0.73275 0.11706709458531468 -0.2376015480422349 -0.16535772802835905 0.0 0.08772544598719445 -0.9033773528709595 0.0
0.7332500000000001 0.11706739566938203 -0.23759232814808978 -0.1653508168207317 0.0 0.08772587341761973 -0.9033811606598463 0.0
0.73375 0.11706769939766573 -0.23758302830411793 -0.1653438479404053 0.0 0.08772630489009048 -0.9033850007760785 0.0
0.7342500000000001 0.11706800580506715 -0.2375736474418547 -0.1653368205992029 0.0 0.08772674045654605 -0.9033888736568452 0.0
0.73475 0.11706831492715002 -0.2375641844727487 -0.16532973399432446 0.0 0.08772718016992065 -0.9033927797475019 0.0
0.7352500000000001 0.1170686268001563 -0.23755463828767795 -0.16532258730798738 0.0 0.08772762408416956 -0.9033967195017681 0.0
0.73575 0.11706894146102263 -0.23754500775644385 -0.16531537970706048 0.0 0.08772807225429247 -0.9034006933819329 0.0
0.7362500000000001 0.11706925894739736 -0.2375352917272551 -0.16530811034268517 0.0 0.08772852473635906 -0.9034047018590657 0.0
0.73675 0.11706957929765817 -0.23752548902619286 -0.1653007783498859 0.0 0.0877289815875355 -0.9034087454132343 0.0
0.7372500000000001 0.11706990255092994 -0.2375155984566664 -0.16529338284716133 0.0 0.08772944286611184 -0.903412824533728 0.0
0.73775 0.11707022874710334 -0.23750561879884016 -0.16528592293607638 0.0 0.08772990863152841 -0.9034169397192896 0.0
0.7382500000000001 0.11707055792685381 -0.23749554880905158 -0.1652783977008327 0.0 0.08773037894440627 -0.9034210914783537 0.0
0.73875 0.11707089013166197 -0.2374853872192084 -0.16527080620782367 0.0 0.08773085386657598 -0.903425280329292 0.0
0.7392500000000001 0.11707122540383333 -0.23747513273616702 -0.16526314750518203 0.0 0.08773133346110851 -0.9034295068006676 0.0
0.73975 0.11707156378651963 -0.23746478404108937 -0.16525542062231194 0.0 0.08773181779234607 -0.903433771431496 0.0
0.7402500000000001 0.11707190532374086 -0.23745433978878333 -0.16524762456939876 0.0 0.08773230692593559 -0.9034380747715155 0.0
0.74075 0.117072250060407 -0.23744379860701736 -0.1652397583369121 0.0 0.08773280092886238 -0.9034424173814652 0.0
0.7412500000000001 0.11707259804234177 -0.237433159095812 -0.16523182089509292 0.0 0.0877332998694842 -0.9034467998333744 0.0
0.74175 0.11707294931630655 -0.23742241982671805 -0.16522381119340965 0.0 0.0877338038175669 -0.9034512227108575 0.0
0.7422500000000001 0.1170733039300247 -0.23741157934205753 -0.16521572816001862 0.0 0.08773431284432343 -0.9034556866094224 0.0
0.74275 0.11707366193220714 -0.23740063615415127 -0.16520757070118713 0.0 0.0877348270224485 -0.9034601921367876 0.0
0.7432500000000001 0.11707402337257895 -0.237389588744509 -0.16519933770071088 0.0 0.08773534642616276 -0.9034647399132079 0.0
0.74375 0.11707438830190675 -0.23737843556300386 -0.1651910280193056 0.0 0.08773587113124992 -0.9034693305718148 0.0
0.7442500000000001 0.11707475677202663 -0.2373671750270152 -0.1651826404939739 0.0 0.08773640121509985 -0.9034739647589657 0.0
0.74475 0.11707512883587289 -0.2373558055205386 -0.16517417393736136 0.0 0.08773693675675298 -0.9034786431346052 0.0
0.7452500000000001 0.1170755045475087 -0.23734432539326827 -0.16516562713708655 0.0 0.0877374778369463 -0.9034833663726392 0.0
0.74575 0.11707588396215743 -0.23733273295964802 -0.16515699885504395 0.0 0.08773802453815738 -0.9034881351613219 0.0
0.7462500000000001 0.11707626713623448 -0.23732102649789377 -0.16514828782668364 0.0 0.08773857694465514 -0.9034929502036558 0.0
0.74675 0.11707665412738066 -0.23730920424897303 -0.16513949276027245 0.0 0.08773913514254938 -0.9034978122178055 0.0
0.7472500000000001 0.11707704499449673 -0.23729726441555557 -0.1651306123361246 0.0 0.08773969921984126 -0.9035027219375269 0.0
0.74775 0.11707743979777928 -0.23728520516092447 -0.16512164520580275 0.0 0.08774026926647871 -0.9035076801126097 0.0
0.7482500000000001 0.11707783859875755 -0.23727302460784974 -0.16511258999129524 0.0 0.08774084537441074 -0.9035126875093382 0.0
0.74875 0.11707824146033179 -0.23726072083742003 -0.16510344528416535 0.0 0.08774142763764525 -0.903517744910965 0.0
0.7492500000000001 0.11707864844681334 -0.23724829188783442 -0.1650942096446644 0.0 0.08774201615230881 -0.9035228531182058 0.0
0.74975 0.11707905962396548 -0.2372357357531501 -0.16508488160081422 0.0 0.087742611016708 -0.9035280129497482 0.0
0.7502500000000001 0.11707947505904569 -0.23722305038198419 -0.16507545964745882 0.0 0.0877432123313936 -0.9035332252427822 0.0
0.75075 0.11707989482085039 -0.2372102336761673 -0.16506594224528165 0.0 0.08774382019922666 -0.9035384908535481 0.0
0.7512500000000001 0.11708031897976079 -0.23719728348934668 -0.16505632781978521 0.0 0.0877444347254488 -0.9035438106579049 0.0
0.75175 0.11708074760779 -0.2371841976255407 -0.1650466147602312 0.0 0.08774505601775018 -0.9035491855519208 0.0
0.7522500000000001 0.11708118077863262 -0.23717097383763727 -0.16503680141854457 0.0 0.08774568418634676 -0.9035546164524841 0.0
0.75275 0.11708161856771604 -0.23715760982583645 -0.16502688610817423 0.0 0.0877463193440553 -0.903560104297939 0.0
0.7532500000000001 0.11708206105225326 -0.23714410323603358 -0.16501686710290905 0.0 0.08774696160637374 -0.903565650048743 0.0
0.75375 0.1170825083112981 -0.2371304516581426 -0.1650067426356558 0.0 0.0877476110915637 -0.9035712546881516 0.0
0.7542500000000001 0.11708296042580246 -0.23711665262435302 -0.16499651089715972 0.0 0.08774826792073609 -0.9035769192229284 0.0
0.75475 0.11708341747867568 -0.23710270360731947 -0.16498617003468902 0.0 0.08774893221794067 -0.9035826446840809 0.0
0.7552500000000001 0.11708387955484624 -0.23708860201828452 -0.16497571815065434 0.0 0.08774960411025778 -0.9035884321276284 0.0
0.75575 0.11708434674132621 -0.23707434520512422 -0.16496515330118672 0.0 0.08775028372789628 -0.9035942826353959 0.0
0.7562500000000001 0.11708481912727778 -0.2370599304503211 -0.1649544734946477 0.0 0.08775097120429165 -0.9036001973158426 0.0
0.75675 0.11708529680408218 -0.23704535496885018 -0.1649436766900949 0.0 0.08775166667621204 -0.9036061773049203 0.0
0.7572500000000001 0.11708577986541234 -0.23703061590598723 -0.16493276079567276 0.0 0.08775237028386418 -0.9036122237669687 0.0
0.75775 0.11708626840730756 -0.2370157103350286 -0.1649217236669456 0.0 0.08775308217100763 -0.9036183378956439 0.0
0.7582500000000001 0.1170867625282515 -0.23700063525491447 -0.16491056310516503 0.0 0.08775380248507103 -0.9036245209148868 0.0
0.75875 0.11708726232925341 -0.23698538758776144 -0.16489927685546416 0.0 0.08775453137727385 -0.903630774079928 0.0
0.7592500000000001 0.11708776791393276 -0.2369699641762905 -0.1648878626049755 0.0 0.08775526900275377 -0.9036370986783371 0.0
0.75975 0.1170882793886069 -0.23695436178115228 -0.16487631798087887 0.0 0.08775601552069723 -0.9036434960311118 0.0
0.76025 0.11708879686238231 -0.23693857707813765 -0.1648646405483619 0.0 0.08775677109447866 -0.9036499674938141 0.0
0.76075 0.1170893204472507 -0.23692260665527567 -0.16485282780850316 0.0 0.08775753589180191 -0.9036565144577535 0.0
0.76125 0.117089850258188 -0.23690644700981023 -0.16484087719605625 0.0 0.08775831008485069 -0.9036631383512181 0.0
0.76175 0.11709038641325788 -0.23689009454504747 -0.1648287860771527 0.0 0.08775909385044289 -0.9036698406407595 0.0
0.76225 0.1170909290337199 -0.23687354556707155 -0.1648165517468947 0.0 0.08775988737019325 -0.9036766228325318 0.0
0.76275 0.11709147824414189 -0.23685679628131806 -0.16480417142685774 0.0 0.08776069083068261 -0.903683486473686 0.0
0.76325 0.11709203417251748 -0.236839842789004 -0.1647916422624767 0.0 0.08776150442363262 -0.9036904331538268 0.0
0.76375 0.11709259695038833 -0.23682268108340043 -0.16477896132032624 0.0 0.08776232834609077 -0.9036974645065295 0.0
0.76425 0.117093166712972 -0.23680530704594407 -0.1647661255852803 0.0 0.08776316280062202 -0.903704582210925 0.0
0.76475 0.11709374359929521 -0.23678771644218277 -0.1647531319575442 0.0 0.08776400799550821 -0.9037117879933516 0.0
0.76525 0.11709432775233306 -0.23676990491753874 -0.1647399772495649 0.0 0.08776486414495699 -0.9037190836290819 0.0
0.76575 0.11709491931915415 -0.23675186799288656 -0.16472665818279927 0.0 0.08776573146932065 -0.9037264709441226 0.0
0.76625 0.11709551845107262 -0.23673360105994037 -0.16471317138434124 0.0 0.08776661019532273 -0.9037339518170969 0.0
0.76675 0.11709612530380627 -0.23671509937642823 -0.1646995133833976 0.0 0.08776750055629645 -0.9037415281812081 0.0
0.76725 0.11709674003764228 -0.2366963580610573 -0.16468568060760996 0.0 0.08776840279243325 -0.9037492020262928 0.0
0.76775 0.11709736281760998 -0.236677372088246 -0.1646716693792071 0.0 0.0877693171510423 -0.9037569754009651 0.0
0.76825 0.1170979938136621 -0.2366581362826274 -0.16465747591098898 0.0 0.08777024388682109 -0.903764850414858 0.0
0.76875 0.11709863320086332 -0.23663864531329792 -0.16464309630212426 0.0 0.08777118326214095 -0.9037728292409662 0.0
0.76925 0.11709928115958795 -0.23661889368780295 -0.1646285265337597 0.0 0.08777213554734098 -0.9037809141180955 0.0
0.76975 0.11709993787572659 -0.23659887574585403 -0.16461376246442755 0.0 0.08777310102104008 -0.9037891073534241 0.0
0.77025 0.11710060354090204 -0.23657858565275278 -0.1645987998252429 0.0 0.08777407997046172 -0.9037974113251805 0.0
0.77075 0.1171012783526953 -0.2365580173925102 -0.16458363421488192 0.0 0.08777507269177043 -0.903805828485448 0.0
0.77125 0.11710196251488257 -0.2365371647606542 -0.1645682610943245 0.0 0.08777607949042887 -0.9038143613630942 0.0
0.77175 0.1171026562376822 -0.23651602135670358 -0.1645526757813529 0.0 0.08777710068156985 -0.9038230125668393 0.0
0.77225 0.11710335973801363 -0.2364945805762807 -0.16453687344479978 0.0 0.08777813659038369 -0.9038317847884657 0.0
0.77275 0.11710407323976858 -0.23647283560286944 -0.164520849098525 0.0 0.08777918755252523 -0.9038406808061795 0.0
0.77325 0.11710479697409491 -0.2364507793991802 -0.1645045975951117 0.0 0.08778025391454025 -0.9038497034881268 0.0
0.77375 0.11710553117969368 -0.23642840469811352 -0.1644881136192623 0.0 0.08778133603431126 -0.9038588557960759 0.0
0.77425 0.11710627610312982 -0.236405703993299 -0.16447139168089112 0.0 0.08778243428152377 -0.9038681407892721 0.0
0.77475 0.11710703199915808 -0.2363826695291863 -0.1644544261078898 0.0 0.08778354903815644 -0.9038775616284743 0.0
0.77525 0.11710779913106348 -0.23635929329067537 -0.16443721103855438 0.0 0.08778468069899115 -0.90388712158018 0.0
0.77575 0.11710857777101896 -0.2363355669922534 -0.1644197404136552 0.0 0.08778582967214998 -0.903896824021051 0.0
0.77625 0.11710936820045854 -0.23631148206662594 -0.16440200796813167 0.0 0.08778699637965637 -0.9039066724425446 0.0
0.77675 0.11711017071046886 -0.23628702965281023 -0.16438400722240193 0.0 0.08778818125802179 -0.9039166704557657 0.0
0.77725 0.11711098560219879 -0.23626220058367253 -0.16436573147326214 0.0 0.08778938475886178 -0.9039268217965439 0.0
0.77775 0.11711181318728826 -0.23623698537288146 -0.1643471737843621 0.0 0.08779060734953936 -0.9039371303307479 0.0
0.77825 0.11711265378831744 -0.2362113742012514 -0.16432832697623356 0.0 0.087791849513839 -0.9039476000598502 0.0
0.77875 0.117113507739276 -0.2361853569024531 -0.16430918361586397 0.0 0.08779311175267124 -0.9039582351267484 0.0
0.77925 0.11711437538605497 -0.23615892294806404 -0.16428973600577615 0.0 0.08779439458481242 -0.9039690398218556 0.0
0.77975 0.11711525708696038 -0.23613206143193205 -0.16426997617262007 0.0 0.08779569854767444 -0.903980018589471 0.0
0.78025 0.11711615321325096 -0.2361047610538235 -0.16424989585523628 0.0 0.0877970241981132 -0.9039911760344409 0.0
0.78075 0.11711706414969979 -0.23607701010233673 -0.16422948649218294 0.0 0.0877983721132709 -0.9040025169291214 0.0
0.78125 0.1171179902951812 -0.23604879643704516 -0.1642087392087073 0.0 0.0877997428914602 -0.9040140462206508 0.0
0.7817500000000001 0.11711893206328396 -0.23602010746985636 -0.16418764480313872 0.0 0.08780113715308069 -0.9040257690385461 0.0
0.78225 0.11711988988295054 -0.23599093014555494 -0.16416619373269234 0.0 0.087802555541582 -0.9040376907026283 0.0
0.7827500000000001 0.11712086419914429 -0.23596125092151413 -0.16414437609866092 0.0 0.08780399872446565 -0.9040498167312889 0.0
0.78325 0.11712185547354458 -0.23593105574654863 -0.16412218163099265 0.0 0.08780546739432848 -0.9040621528501036 0.0
0.7837500000000001 0.11712286418527075 -0.23590033003889915 -0.16409959967222448 0.0 0.08780696226994977 -0.904074705000802 0.0
0.78425 0.11712389083163496 -0.2358690586633364 -0.16407661916077712 0.0 0.08780848409742237 -0.9040874793505956 0.0
0.7847500000000001 0.11712493592892431 -0.23583722590736603 -0.16405322861360458 0.0 0.08781003365132822 -0.9041004823018702 0.0
0.78525 0.11712600001321276 -0.23580481545654244 -0.1640294161081813 0.0 0.0878116117359573 -0.9041137205022437 0.0
0.7857500000000001 0.11712708364120203 -0.23577181036888584 -0.16400516926385247 0.0 0.08781321918657115 -0.9041272008549874 0.0
0.78625 0.11712818739109213 -0.2357381930484207 -0.16398047522253067 0.0 0.08781485687071067 -0.9041409305298059 0.0
0.7867500000000001 0.1171293118634797 -0.23570394521784951 -0.1639553206287751 0.0 0.08781652568954612 -0.9041549169739698 0.0
0.78725 0.11713045768228414 -0.23566904789038978 -0.16392969160926021 0.0 0.08781822657926963 -0.9041691679237868 0.0
0.7877500000000001 0.11713162549569965 -0.2356334813408269 -0.16390357375167527 0.0 0.08781996051252394 -0.9041836914163957 0.0
0.78825 0.11713281597717151 -0.2355972250758293 -0.16387695208309008 0.0 0.08782172849987124 -0.9041984958018577 0.0
0.7887500000000001 0.11713402982639426 -0.23556025780360254 -0.16384981104784374 0.0 0.08782353159129364 -0.9042135897555171 0.0
0.78925 0.11713526777032834 -0.2355225574029782 -0.1638221344850223 0.0 0.08782537087772091 -0.9042289822905948 0.0
0.7897500000000001 0.11713653056423193 -0.23548410089204622 -0.163793905605617 0.0 0.08782724749258142 -0.9042446827709651 0.0
0.79025 0.11713781899270322 -0.2354448643964709 -0.16376510696945074 0.0 0.08782916261337081 -0.9042607009240611 0.0
0.7907500000000001 0.11713913387072807 -0.23540482311766187 -0.16373572046200802 0.0 0.08783111746322558 -0.9042770468538405 0.0
0.79125 0.1171404760447249 -0.2353639513009955 -0.1637057272713095 0.0 0.08783311331249766 -0.9042937310537296 0.0
0.7917500000000001 0.1171418463935816 -0.23532222220431884 -0.16367510786500386 0.0 0.08783515148031262 -0.9043107644194517 0.0
0.79225 0.11714324582967348 -0.2352796080670205 -0.16364384196788131 0.0 0.08783723333610283 -0.9043281582616249 0.0
0.7927500000000001 0.11714467529985247 -0.23523608007998126 -0.16361190854004296 0.0 0.08783936030109563 -0.9043459243179999 0.0
0.79325 0.11714613578639511 -0.235191608356787 -0.16357928575599315 0.0 0.08784153384974258 -0.9043640747651851 0.0
0.7937500000000001 0.11714762830789531 -0.23514616190662202 -0.1635459509849846 0.0 0.08784375551106416 -0.9043826222296855 0.0
0.79425 0.1171491539200856 -0.2350997086093408 -0.16351188077295872 0.0 0.08784602686989007 -0.9044015797980519 0.0
0.7947500000000001 0.11715071371656897 -0.23505221519328193 -0.16347705082650849 0.0 0.0878483495679615 -0.9044209610259164 0.0
0.79525 0.11715230882943904 -0.23500364721646347 -0.16344143599931416 0.0 0.0878507253048717 -0.9044407799456466 0.0
0.7957500000000001 0.11715394042976653 -0.23495396905187282 -0.16340501028160617 0.0 0.08785315583880382 -0.9044610510723318 0.0
0.79625 0.11715560972792362 -0.23490314387768454 -0.16336774679321878 0.0 0.08785564298702442 -0.9044817894077621 0.0
0.7967500000000001 0.11715731797371724 -0.23485113367330318 -0.16332961778093602 0.0 0.08785818862609496 -0.9045030104420313 0.0
0.79725 0.11715906645629728 -0.23479789922226746 -0.16329059462086223 0.0 0.08786079469174246 -0.904524730152346 0.0
0.7977500000000001 0.11716085650380169 -0.23474340012315573 -0.16325064782664847 0.0 0.08786346317833793 -0.9045469649985736 0.0
0.79825 0.11716268948269797 -0.23468759480975562 -0.163209747064513 0.0 0.08786619613792068 -0.9045697319150147 0.0
0.7987500000000001 0.11716456679677385 -0.23463044058189536 -0.16316786117606902 0.0 0.08786899567869333 -0.9045930482978315 0.0
0.79925 0.11716648988572734 -0.23457189364848446 -0.16312495821008557 0.0 0.0878718639629208 -0.9046169319875014 0.0
0.7997500000000001 0.11716846022330106 -0.23451190918443937 -0.16308100546442075 0.0 0.08787480320414387 -0.9046414012456115 0.0
0.80025 0.1171704793148994 -0.2344504414033362 -0.16303596953945082 0.0 0.08787781566361619 -0.9046664747252476 0.0
0.8007500000000001 0.11717254869462428 -0.23438744364777347 -0.16298981640446703 0.0 0.08788090364587231 -0.9046921714341638 0.0
0.80125 0.11717466992165837 -0.23432286849958706 -0.16294251147858027 0.0 0.08788406949331473 -0.9047185106898669 0.0
0.8017500000000001 0.11717684457592187 -0.23425666791218502 -0.16289401972781034 0.0 0.08788731557971174 -0.9047455120656848 0.0
0.80225 0.1171790742529234 -0.23418879336741508 -0.1628443057800955 0.0 0.08789064430248683 -0.9047731953268429 0.0
0.8027500000000001 0.11718136055772298 -0.2341191960594348 -0.162793334060048 0.0 0.08789405807367667 -0.9048015803555353 0.0
0.80325 0.11718370509792468 -0.23404782710811786 -0.16274106894528934 0.0 0.0878975593094311 -0.9048306870639637 0.0
0.8037500000000001 0.11718610947561799 -0.23397463780445946 -0.1626874749461523 0.0 0.08790115041793534 -0.904860535294342 0.0
0.80425 0.11718857527819197 -0.23389957989024981 -0.1626325169104221 0.0 0.08790483378564351 -0.9048911447049325 0.0
0.8047500000000001 0.11719110406796213 -0.233822605873909 -0.1625761602544608 0.0 0.08790861176172393 -0.904922534641359 0.0
0.80525 0.11719369737056869 -0.23374366938364094 -0.16251837122158153 0.0 0.08791248664066531 -0.904954723992708 0.0
0.8057500000000001 0.11719635666214857 -0.23366272555793735 -0.1624591171676649 0.0 0.08791646064303804 -0.9049877310324201 0.0
0.80625 0.11719908335533687 -0.23357973147163202 -0.16239836687269835 0.0 0.087920535894497 -0.9050215732446941 0.0
0.8067500000000001 0.11720187878424926 -0.23349464659297156 -0.16233609087490192 0.0 0.08792471440325156 -0.9050562671382607 0.0
0.80725 0.11720474418872469 -0.23340743326312882 -0.16227226182116794 0.0 0.08792899803642573 -0.9050918280510131 0.0
0.8077500000000001 0.11720768069830419 -0.23331805718372262 -0.1622068548232573 0.0 0.0879333884960134 -0.9051282699513805 0.0
0.80825 0.11721068931669061 -0.23322648788964775 -0.16213984780313076 0.0 0.0879378872955544 -0.9051656052456887 0.0
0.8087500000000001 0.11721377090781357 -0.23313269917299523 -0.16207122180243266 0.0 0.08794249573921276 -0.9052038446054539 0.0
0.80925 0.11721692618514075 -0.23303666940814433 -0.1620009612196168 0.0 0.08794721490572122 -0.9052429968349447 0.0
0.8097500000000001 0.11722015570656541 -0.23293838170709918 -0.16192905392291576 0.0 0.08795204564069004 -0.9052830688079141 0.0
0.81025 0.11722345987810771 -0.2328378238065808 -0.16185549116722603 0.0 0.0879569885621363 -0.9053240655136181 0.0
0.8107500000000001 0.11722683897082635 -0.23273498755313665 -0.16178026721720282 0.0 0.08796204408583519 -0.9053659902666222 0.0
0.81125 0.11723029315678607 -0.23262986780836262 -0.16170337854671385 0.0 0.0879672124792712 -0.9054088451528636 0.0
0.8117500000000001 0.11723382257169204 -0.23252246054276537 -0.16162482244566506 0.0 0.0879724939556128 -0.9054526318062712 0.0
0.81225 0.11723742741386878 -0.2324127598238548 -0.16154459481930442 0.0 0.08797788882224444 -0.9054973526358983 0.0
0.8127500000000001 0.11724110809159677 -0.23230075333303907 -0.16146268691336832 0.0 0.08798339770189911 -0.9055430126524237 0.0
0.81325 0.11724486543331585 -0.23218641597005651 -0.16137908064312026 0.0 0.0879890218481808 -0.9055896220738019 0.0
0.8137500000000001 0.11724870097767784 -0.23206970102842864 -0.16129374214957765 0.0 0.08799476358099001 -0.905637199920471 0.0
0.81425 0.11725261736260617 -0.23195052835938398 -0.1612066131581342 0.0 0.08800062687063492 -0.9056857788374418 0.0
0.8147500000000001 0.11725661883399464 -0.23182876889686319 -0.1611175996823352 0.0 0.08800661810164068 -0.9057354113988392 0.0
0.81525 0.11726071189494648 -0.23170422490826395 -0.16102655761003792 0.0 0.08801274704766959 -0.9057861781537038 0.0
0.8157500000000001 0.11726490611488426 -0.23157660538346528 -0.16093327474449529 0.0 0.08801902808663864 -0.9058381976523424 0.0
0.81625 0.11726921511376444 -0.23144549609949186 -0.16083744896449928 0.0 0.0880254816789724 -0.9058916386416528 0.0
0.8167500000000001 0.1172736577293132 -0.2313103241210744 -0.16073866233100031 0.0 0.0880321361209685 -0.9059467345270183 0.0
0.81725 0.11727825936406938 -0.23117031683625747 -0.16063635121569853 0.0 0.08803902956855869 -0.9060038000602958 0.0
0.8177500000000001 0.11728305349374578 -0.23102445609127084 -0.1605297728674332 0.0 0.08804621230384868 -0.9060632500239192 0.0
0.81825 0.11728808329909178 -0.23087142857733445 -0.160417969262836 0.0 0.08805374918781383 -0.9061256194413991 0.0
0.8187500000000001 0.11729340336076273 -0.2307095743125521 -0.16029972959296787 0.0 0.08806172220853703 -0.9061915845631477 0.0
0.81925 0.11729908133213639 -0.23053683580993461 -0.16017355328507726 0.0 0.08807023299751293 -0.906261983571862 0.0
0.8197500000000001 0.11730519948088582 -0.23035071125750065 -0.16003761599672878 0.0 0.08807940515038482 -0.9063378356522294 0.0
0.82025 0.11731185596951378 -0.23014821566385904 -0.15988974147914792 0.0 0.0880893861575831 -0.906420356814079 0.0
0.8207500000000001 0.11731916573165638 -0.22992585433086885 -0.15972738250595594 0.0 0.08810034873028949 -0.9065109706917385 0.0
0.82125 0.11732726079855825 -0.22967961308830345 -0.15954761411758542 0.0 0.08811249130358434 -0.9066113125124475 0.0
0.8217500000000001 0.1173362899420136 -0.22940496936332314 -0.15934714216658574 0.0 0.08812603751650738 -0.9067232245741876 0.0
0.82225 0.11734641752830557 -0.22909692729717965 -0.15912232951823224 0.0 0.08814123451112565 -0.9068487419238256 0.0
0.8227500000000001 0.11735782152235813 -0.2287500787597789 -0.15886924126137947 0.0 0.0881583499596773 -0.9069900674813488 0.0
0.82325 0.11737069064006568 -0.22835869032170258 -0.15858370896877652 0.0 0.08817766781684722 -0.9071495365858055 0.0
0.8237500000000001 0.11738522071459175 -0.22791681417484808 -0.15826141252487422 0.0 0.08819948289572865 -0.9073295717815202 0.0
0.82425 0.11740161041214384 -0.2274184188661271 -0.15789797647341655 0.0 0.08822409447024904 -0.9075326295299606 0.0
0.8247500000000001 0.11742005649586075 -0.226857533782201 -0.1574890764169249 0.0 0.08825179920108783 -0.9077611413179155 0.0
0.82525 0.11744074888458149 -0.22622839985371185 -0.15703054991501247 0.0 0.0882828837538483 -0.9080174522318117 0.0
0.8257500000000001 0.11746386577956285 -0.22552561814400032 -0.15651850573339643 0.0 0.08831761751725486 -0.9083037603957401 0.0
0.82625 0.11748956913269629 -0.22474428797178195 -0.15594942528142566 0.0 0.08835624582956747 -0.9086220606773808 0.0
0.82675 0.11751800070413554 -0.22388012699972631 -0.1553202506517979 0.0 0.08839898408285451 -0.9089740957473026 0.0
0.82725 0.11754927890889114 -0.22292956719751267 -0.15462845476616924 0.0 0.08844601300238442 -0.909361316975349 0.0
0.82775 0.11758349658736517 -0.22188982256100473 -0.15387209058927648 0.0 0.08849747530195717 -0.9097848568435437 0.0
0.82825 0.11762071976229836 -0.22075892668472286 -0.1530498180143713 0.0 0.08855347380789103 -0.9102455136516514 0.0
0.82875 0.11766098737285167 -0.21953574047801197 -0.1521609086478978 0.0 0.08861407103755603 -0.910743748397211 0.0
0.82925 0.11770431191314522 -0.21821993225333705 -0.15120523015849915 0.0 0.08867929012408671 -0.911279692921434 0.0
0.82975 0.11775068085307225 -0.21681193392862702 -0.15018321297817952 0.0 0.08874911690540777 -0.9118531677950095 0.0
0.83025 0.11780005868653938 -0.21531287808393276 -0.14909580288390922 0.0 0.08882350294732133 -0.9124637080105207 0.0
0.83075 0.11785238943687047 -0.21372452108325074 -0.14794440333624398 0.0 0.08890236924765704 -0.9131105943560975 0.0
0.83125 0.11790759944925354 -0.21204915746682326 -0.14673081144547764 0.0 0.08898561036884256 -0.9137928883470686 0.0
0.83175 0.11796560031271174 -0.21028953043244974 -0.14545715114612953 0.0 0.08907309876506342 -0.9145094687500599 0.0
0.83225 0.1180262917753617 -0.20844874257186033 -0.14412580667281835 0.0 0.08916468910182662 -0.9152590680001199 0.0
0.83275 0.11808956454289589 -0.20653017022613007 -0.1427393588316606 0.0 0.08926022240459508 -0.9160403071386489 0.0
0.83325 0.11815530287794956 -0.20453738397480778 -0.1413005259273823 0.0 0.0893595299142862 -0.9168517282464028 0.0
0.83375 0.11822338694467005 -0.20247407695698036 -0.1398121105972966 0.0 0.08946243656691255 -0.9176918236789806 0.0
0.83425 0.11829369486659976 -0.20034400199395372 -0.13827695326020506 0.0 0.08956876404990555 -0.9185590617094564 0.0
0.83475 0.11836610448588918 -0.19815091787404765 -0.13669789243462377 0.0 0.08967833341712339 -0.9194519084314021 0.0
0.83525 0.11844049482748607 -0.1958985446818449 -0.13507773182518687 0.0 0.08979096726769353 -0.9203688459706412 0.0
0.83575 0.11851674728340315 -0.193590527704076 -0.1334192138162969 0.0 0.08990649151080066 -0.9213083871969444 0.0
0.83625 0.11859474653985627 -0.19123040920959145 -0.1317249988385953 0.0 0.09002473674993172 -0.9222690872226447 0.0
0.83675 0.11867438127457497 -0.18882160726352043 -0.12999764997306668 0.0 0.0901455393267746 -0.9232495520311572 0.0
0.83725 0.118755544653559 -0.18636740067612173 -0.1282396221148482 0.0 0.09026874206791746 -0.9242484446026772 0.0
0.83775 0.11883813465661529 -0.18387091918567658 -0.12645325501955199 0.0 0.09039419477760735 -0.9252644889047599 0.0
0.83825 0.11892205425972148 -0.18133513801487527 -0.12464076958629212 0.0 0.09052175451794953 -0.9262964720990812 0.0
0.83875 0.11900721150009855 -0.17876287600699567 -0.12280426678279759 0.0 0.09065128571475733 -0.9273432452883619 0.0
0.83925 0.11909351944720904 -0.17615679663024428 -0.12094572868025716 0.0 0.09078266012333813 -0.9284037230939163 0.0
0.83975 0.11918089610002315 -0.1735194112271064 -0.11906702113248997 0.0 0.0909157566842792 -0.9294768823181424 0.0
0.84025 0.1192692642280073 -0.1708530839742013 -0.11716989770081089 0.0 0.09105046129503247 -0.9305617599100805 0.0
0.84075 0.11935855117053795 -0.16816003810267882 -0.1152560044895819 0.0 0.09118666651905682 -0.9316574504176407 0.0
0.84125 0.1194486886069071 -0.1654423630069943 -0.11332688561583099 0.0 0.09132427125051801 -0.9327631030783368 0.0
0.84175 0.11953961230681336 -0.1627020219396042 -0.11138398908854341 0.0 0.09146318034920764 -0.9338779186719103 0.0
0.84225 0.11963126186923963 -0.15994086005016736 -0.10942867291889147 0.0 0.09160330425739327 -0.9350011462333097 0.0
0.84275 0.11972358045590545 -0.15716061258034822 -0.1074622113218865 0.0 0.0917445586077762 -0.936132079703057 0.0
0.84325 0.11981651452402828 -0.15436291306977326 -0.10548580090304614 0.0 0.09188686382959321 -0.9372700545738897 0.0
0.84375 0.11991001356191543 -0.15154930146580897 -0.103500566751281 0.0 0.09203014475809101 -0.9384144445774248 0.0
0.8442500000000001 0.120004029829908 -0.14872123206041418 -0.10150756838190376 0.0 0.09217433025113086 -0.9395646584421072 0.0
0.84475 0.12009851810838015 -0.14588008120226156 -0.0995078054920725 0.0 0.09231935281545445 -0.9407201367435379 0.0
0.8452500000000001 0.1201934354538409 -0.14302715475237687 -0.09750222350584109 0.0 0.09246514824417817 -0.941880348860086 0.0
0.84575 0.12028874096365935 -0.14016369526757946 -0.09549171889769127 0.0 0.09261165526628978 -0.9430447900401648 0.0
0.8462500000000001 0.12038439554951887 -0.1372908889086026 -0.09347714429267251 0.0 0.09275881520830087 -0.9442129785824047 0.0
0.84675 0.12048036171938192 -0.1344098720796427 -0.09145931334842669 0.0 0.09290657166772942 -0.9453844531259434 0.0
0.8472500000000001 0.12057660336749645 -0.1315217378136601 -0.0894390054298351 0.0 0.09305487019770142 -0.9465587700449598 0.0
0.84775 0.12067308557178184 -0.12862754192356812 -0.08741697009115534 0.0 0.09320365800167008 -0.9477355009392141 0.0
0.8482500000000001 0.12076977439778754 -0.12572830894382364 -0.08539393138359948 0.0 0.09335288363702798 -0.9489142302105833 0.0
0.84875 0.12086663670830723 -0.12282503789017628 -0.08337059200852544 0.0 0.09350249672622157 -0.9500945527142469 0.0
0.8492500000000001 0.12096363997765175 -0.11991870786775778 -0.08134763733801531 0.0 0.09365244767384029 -0.9512760714722093 0.0
0.84975 0.12106075210952107 -0.11701028355941062 -0.07932573932574126 0.0 0.09380268738806863 -0.9524583954361364 0.0
0.8502500000000001 0.12115794125737651 -0.11410072062741482 -0.07730556033174342 0.0 0.0939531670048026 -0.9536411372859835 0.0
0.85075 0.12125517564618023 -0.11119097106263347 -0.07528775688520467 0.0 0.09410383761268848 -0.9548239112505373 0.0
0.8512500000000001 0.12135242339434775 -0.1082819885156638 -0.07327298340956741 0.0 0.09425464997730082 -0.9560063309357729 0.0
0.85175 0.12144965233474811 -0.10537473364491225 -0.07126189593440273 0.0 0.09440555426263941 -0.957188007146789 0.0
0.8522500000000001 0.12154682983357773 -0.10247017951664333 -0.06925515581836769 0.0 0.09455649974812075 -0.9583685456890414 0.0
0.85275 0.12164392260593462 -0.09956931709194111 -0.06725343350736948 0.0 0.09470743453921926 -0.9595475451346368 0.0
0.8532500000000001 0.12174089652693089 -0.09667316083518655 -0.06525741235167061 0.0 0.09485830526993455 -0.9607245945395886 0.0
0.85375 0.12183771643719822 -0.09378275447802305 -0.06326779250507326 0.0 0.09500905679527161 -0.9618992710982016 0.0
0.8542500000000001 0.1219343459416767 -0.0908991769717001 -0.06128529492850493 0.0 0.0951596318719703 -0.9630711377211838 0.0
0.85475 0.12203074720062562 -0.08802354865916359 -0.059310665519092816 0.0 0.09530997082579995 -0.9642397405247161 0.0
0.8552500000000001 0.122126880711872 -0.08515703769595896 -0.05734467938423232 0.0 0.09546001120383552 -0.9654046062186388 0.0
0.85575 0.12222270508341646 -0.08230086674585975 -0.055388145277888275 0.0 0.09560968741030296 -0.966565239383201 0.0
0.8562500000000001 0.12231817679566281 -0.07945631997278033 -0.053441910213407474 0.0 0.0957589303248021 -0.967721119625592 0.0
0.85675 0.12241324995273556 -0.07662475034467003 -0.05150686426312579 0.0 0.09590766690202812 -0.9688716986098507 0.0
0.8572500000000001 0.1225078760226106 -0.07380758725732825 -0.04958394554988871 0.0 0.09605581975252986 -0.9700163969569087 0.0
0.85775 0.12260200356613087 -0.07100634447591589 -0.047674145428824456 0.0 0.09620330670458155 -0.9711546010156539 0.0
0.8582500000000001 0.12269557795542162 -0.06822262837885272 -0.04577851384907044 0.0 0.09635004034797057 -0.9722856595112142 0.0
0.85875 0.12278854108278967 -0.06545814647206336 -0.04389816487418609 0.0 0.09649592756139502 -0.973408880083463 0.0
0.8592500000000001 0.12288083106190811 -0.06271471612050279 -0.04203428232615416 0.0 0.09664086902633484 -0.974523525737299 0.0
0.85975 0.12297238192398136 -0.059994273417637786 -0.040188125500778035 0.0 0.09678475873168602 -0.975628811236912 0.0
0.8602500000000001 0.12306312331268897 -0.05729888208124665 -0.03836103488121192 0.0 0.09692748347523528 -0.9767238994893859 0.0
0.86075 0.12315298018305028 -0.05463074222458548 -0.03655443775079673 0.0 0.09706892237021325 -0.9778078979789615 0.0
0.8612500000000001 0.12324187251096438 -0.051992198804703835 -0.03476985357571144 0.0 0.09720894636778288 -0.9788798553324926 0.0
0.86175 0.12332971502209472 -0.049385749493691955 -0.033008898991679345 0.0 0.0973474178094158 -0.9799387581193767 0.0
0.8622500000000001 0.12341641695100222 -0.04681405165332843 -0.0312732921867282 0.0 0.09748419002673281 -0.9809835280157876 0.0
0.86275 0.12350188184399101 -0.04427992801877054 -0.02956485642365594 0.0 0.09761910701054488 -0.9820130194934404 0.0
0.8632500000000001 0.123586007422002 -0.041786370612997635 -0.02788552239176885 0.0 0.09775200317550603 -0.9830260182272166 0.0
0.86375 0.12366868552302884 -0.039336542322116544 -0.026237329018453326 0.0 0.09788270325189241 -0.9840212404532026 0.0
0.8642500000000001 0.12374980214684377 -0.03693377546492865 -0.024622422309021404 0.0 0.09801102234143733 -0.9849973335479867 0.0
0.86475 0.12382923762816044 -0.03458156659276668 -0.023043051720809823 0.0 0.09813676617961231 -0.9859528781396163 0.0
0.8652500000000001 0.12390686696750321 -0.03228356666404849 -0.021501563519008608 0.0 0.09825973165190571 -0.986886392097825 0.0
0.86575 0.12398256035168508 -0.030043565661460315 -0.020000390513084162 0.0 0.09837970761598658 -0.9877963367822186 0.0
0.8662500000000001 0.12405618389749672 -0.02786547067041897 -0.018542037541814167 0.0 0.09849647608451151 -0.9886811259471052 0.0
0.86675 0.12412760065245244 -0.025753276430918112 -0.01712906207196632 0.0 0.09860981382381562 -0.9895391377043035 0.0
0.8672500000000001 0.12419667188458874 -0.023711027429602967 -0.01576404931232522 0.0 0.09871949442086803 -0.9903687299229859 0.0
0.86775 0.12426325868865058 -0.021742770735820725 -0.01444958133482333 0.0 0.0988252908634385 -0.991168259389964 0.0
0.8682500000000001 0.12432722392778649 -0.019852499026345435 -0.013188199851787945 0.0 0.0989269786652307 -0.9919361049558917 0.0
0.86875 0.12438843451740755 -0.018044083608634895 -0.011982362535997418 0.0 0.099024339547653 -0.9926706947444724 0.0
0.8692500000000001 0.12444676404063926 -0.016321197756926458 -0.010834393097960998 0.0 0.09911716566206663 -0.9933705372967627 0.0
0.86975 0.12450209566262888 -0.014687231324392841 -0.009746425755841802 0.0 0.09920526430048193 -0.9940342562590205 0.0
0.8702500000000001 0.12455432528421614 -0.013145198377598198 -0.00872034524117441 0.0 0.0992884629993197 -0.9946606279044152 0.0
0.87075 0.12460336484520894 -0.01169764048529455 -0.0077577240575476296 0.0 0.09936661489175602 -0.9952486204190808 0.0
0.8712500000000001 0.12464914565567997 -0.010346529225017 -0.006859759312868079 0.0 0.09943960411247887 -0.9957974335046578 0.0
0.87175 0.12469162160321856 -0.009093172363055043 -0.006027212023742725 0.0 0.09950735100912156 -0.9963065364871513 0.0
0.8722500000000001 0.12473077205870653 -0.007938128905905603 -0.005260352271420703 0.0 0.09956981687330768 -0.9967757028204397 0.0
0.87275 0.12476660428728874 -0.006881138686822478 -0.00455891389010567 0.0 0.09962700787820633 -0.9972050386838608 0.0
0.8732500000000001 0.12479915516918541 -0.005921072210467345 -0.003922062406391623 0.0 0.09967897790595737 -0.9975950033493868 0.0
0.87375 0.12482849205057198 -0.005055906022616241 -0.0033483796519062485 0.0 0.0997258299732513 -0.9979464191793983 0.0
0.8742500000000001 0.12485471258011963 -0.004282727836085656 -0.0028358677977476494 0.0 0.09976771602040047 -0.998260469537005 0.0
0.87475 0.12487794344176188 -0.003597774033396227 -0.0023819745115858312 0.0 0.0998048349180295 -0.9985386835452654 0.0
0.8752500000000001 0.124898337965722 -0.0029965000719562912 -0.0019836395746429024 0.0 0.09983742866105416 -0.9987829074825887 0.0
0.87575 0.12491607268165258 -0.0024736819184422816 -0.0016373617324285398 0.0 0.09986577685194487 -0.9989952635760412 0.0
0.8762500000000001 0.12493134296125005 -0.0020235441891851154 -0.001339282954821017 0.0 0.09989018971030506 -0.9991780979492344 0.0
0.87675 0.12494435797287864 -0.0016399084666167652 -0.0010852858391632142 0.0 0.09991099996736608 -0.9993339203775589 0.0
0.8772500000000001 0.12495533522781377 -0.0013163535850568486 -0.0008710987921088259 0.0 0.09992855409626067 -0.9994653391842897 0.0
0.87775 0.12496449502892204 -0.0010463787605470693 -0.0006924030216805755 0.0 0.09994320337936691 -0.9995749949839025 0.0
0.8782500000000001 0.1249720551336902 -0.0008235604045544499 -0.0005449353437825384 0.0 0.09995529531579772 -0.9996654969928177 0.0
0.87875 0.12497822591458915 -0.0006416943081885139 -0.0004245813572653419 0.0 0.09996516582540182 -0.9997393652836797 0.0
0.8792500000000001 0.12498320624525135 -0.0004949164825606889 -0.0003274545852431612 0.0 0.09997313261771701 -0.9997989817097109 0.0
0.87975 0.12498718026872176 -0.0003777980613025037 -0.00024995856754675096 0.0 0.09997948997785033 -0.9998465513644792 0.0
0.8802500000000001 0.12499031512391985 -0.0002854120252841271 -0.000188830431939466 0.0 0.09998450509216628 -0.9998840754863614 0.0
0.88075 0.12499275962836408 -0.00021337180496181074 -0.00014116597831084654 0.0 0.09998841591090901 -0.9999133357848216 0.0
0.8812500000000001 0.12499464384764147 -0.00015784380305582736 -0.00010442761634380998 0.0 0.09999143043616077 -0.999935889358607 0.0
0.88175 0.12499607943092401 -0.00011553738635093161 -7.643748865957979e-5 0.0 0.09999372724124522 -0.9999530727643672 0.0
0.8822500000000001 0.12499716055983272 -8.367683785437021e-5 -5.535873320755147e-5 0.0 0.09999545697628287 -0.9999660134115377 0.0
0.88275 0.12499796534497111 -5.9960143398892975e-5 -3.966809250313505e-5 0.0 0.0999967445938047 -0.9999756463038835 0.0
0.8832500000000001 0.1249985575080212 -4.250938264727268e-5 -2.8123010451115557e-5 0.0 0.09999769203411835 -0.9999827341904381 0.0
0.88375 0.12499898820347963 -2.9817018861399705e-5 -1.972604555584389e-5 0.0 0.09999838113616322 -0.999987889381744 0.0
0.8842500000000001 0.1249992978584064 -2.0691667276123007e-5 -1.3688959360229658e-5 0.0 0.09999887657861417 -0.9999915957775163 0.0
0.88475 0.12499951793664006 -1.420609549688355e-5 -9.39829477151779e-6 0.0 0.09999922870108813 -0.9999942299874879 0.0
0.8852500000000001 0.12499967256219044 -9.649377720885306e-6 -6.383710831421493e-6 0.0 0.09999947610065618 -0.9999960807649457 0.0
0.88575 0.12499977996228948 -6.484365868014017e-6 -4.289840140471146e-6 0.0 0.09999964794019078 -0.9999973662806177 0.0
0.8862500000000001 0.12499985371223364 -4.311003175719472e-6 -2.8520145234204043e-6 0.0 0.09999976593981152 -0.9999982490234851 0.0
0.88675 0.12499990378095613 -2.835510963715e-6 -1.8758779561844086e-6 0.0 0.0999998460496353 -0.9999988483160821 0.0
0.8872500000000001 0.12499993738820903 -1.8451275525343869e-6 -1.220673591093079e-6 0.0 0.0999998998211814 -0.9999992505746802 0.0
0.88775 0.12499995969179253 -1.187855836087031e-6 -7.858448812162917e-7 0.0 0.09999993550688935 -0.9999995175351231 0.0
0.8882500000000001 0.124999974327183 -7.565606790273052e-7 -5.005146797444872e-7 0.0 0.09999995892350311 -0.9999996927119055 0.0
0.88875 0.12499998382304395 -4.7672402918872434e-7 -3.15384302280864e-7 0.0 0.099999974116876 -0.9999998063716179 0.0
0.8892500000000001 0.12499998991527651 -2.971900282496091e-7 -1.9661074639062663e-7 0.0 0.09999998386444653 -0.9999998792919548 0.0
0.88975 0.12499999378020842 -1.8329308387130032e-7 -1.2126042811249797e-7 0.0 0.09999999004833682 -0.9999999255528493 0.0
0.8902500000000001 0.12499999620481356 -1.1184160232915607e-7 -7.399057603758678e-8 0.0 0.09999999392770442 -0.9999999545739042 0.0
0.89075 0.12499999770893881 -6.751604403955091e-8 -4.466630565225488e-8 0.0 0.09999999633430479 -0.9999999725773724 0.0
0.8912500000000001 0.12499999863168078 -4.032345871674857e-8 -2.6676623633487455e-8 0.0 0.0999999978106918 -0.9999999836220349 0.0
0.89175 0.12499999919148842 -2.3826304313670143e-8 -1.5762671345413046e-8 0.0 0.0999999987063841 -0.9999999903225935 0.0
0.89225 0.12499999952735609 -1.392851067148623e-8 -9.214630534096274e-9 0.0 0.09999999924377223 -0.9999999943427257 0.0
0.89275 0.12499999972664193 -8.055691828189429e-9 -5.3293744564053785e-9 0.0 0.09999999956262928 -0.9999999967280564 0.0
0.89325 0.12499999984358401 -4.60948512820874e-9 -3.049481788207045e-9 0.0 0.09999999974973672 -0.9999999981277835 0.0
0.89375 0.12499999991145118 -2.6094846282211246e-9 -1.7263504179327468e-9 0.0 0.09999999985832442 -0.9999999989401123 0.0
0.89425 0.12499999995040494 -1.4615447273228792e-9 -9.669126509565013e-10 0.0 0.09999999992065056 -0.9999999994063646 0.0
0.89475 0.12499999997251779 -8.098933312505538e-10 -5.358017705588356e-10 0.0 0.09999999995603104 -0.9999999996710426 0.0
0.89525 0.12499999998493296 -4.440242703241595e-10 -2.937559580826029e-10 0.0 0.09999999997589548 -0.9999999998196454 0.0
0.89575 0.12499999999182713 -2.408574105574105e-10 -1.5934802907301357e-10 0.0 0.09999999998692621 -0.9999999999021648 0.0
0.89625 0.12499999999561366 -1.292722018909124e-10 -8.55271058148171e-11 0.0 0.09999999999298459 -0.9999999999474866 0.0
0.89675 0.12499999999767064 -6.865676242611208e-11 -4.54262537103038e-11 0.0 0.09999999999627573 -0.9999999999721063 0.0
0.89725 0.12499999999877584 -3.608910012287329e-11 -2.3880126601227996e-11 0.0 0.09999999999804399 -0.9999999999853343 0.0
0.89775 0.12499999999936313 -1.878242886436074e-11 -1.2430477499156066e-11 0.0 0.09999999999898379 -0.9999999999923637 0.0
0.89825 0.12499999999967172 -9.686068075865076e-12 -6.412291629386059e-12 0.0 0.09999999999947773 -0.9999999999960582 0.0
0.89875 0.1249999999998321 -4.957665843553145e-12 -3.285192917257994e-12 0.0 0.09999999999973452 -0.9999999999979785 0.0
0.89925 0.12499999999991457 -2.5273342226929976e-12 -1.6771925942810868e-12 0.0 0.09999999999986642 -0.9999999999989654 0.0
0.89975 0.12499999999995648 -1.292487559744622e-12 -8.606281791787512e-13 0.0 0.09999999999993348 -0.9999999999994669 0.0
0.90025 0.1249999999999775 -6.725799750237048e-13 -4.5134137681768725e-13 0.0 0.09999999999996723 -0.9999999999997183 0.0
0.90075 0.12499999999998794 -3.660028355853867e-13 -2.4867411478944943e-13 0.0 0.09999999999998366 -0.999999999999843 0.0
0.90125 0.12499999999999298 -2.1688582349981876e-13 -1.5036955706070474e-13 0.0 0.09999999999999187 -0.9999999999999036 0.0
0.90175 0.12499999999999535 -1.459062103640771e-13 -1.0375395070658752e-13 0.0 0.09999999999999554 -0.9999999999999325 0.0
0.90225 0.12499999999999653 -1.1361334919692547e-13 -8.249979457228072e-14 0.0 0.09999999999999709 -0.9999999999999457 0.0
0.90275 0.12499999999999707 -1.0018522750469101e-13 -7.22661833153838e-14 0.0 0.09999999999999787 -0.9999999999999513 0.0
0.90325 0.12499999999999731 -9.460843977300236e-14 -6.751591729199025e-14 0.0 0.0999999999999982 -0.9999999999999538 0.0
0.90375 0.12499999999999731 -9.208051696353721e-14 -6.611456942350413e-14 0.0 0.09999999999999831 -0.9999999999999551 0.0
0.90425 0.12499999999999735 -8.978451458690662e-14 -6.472750430369278e-14 0.0 0.09999999999999842 -0.9999999999999563 0.0
0.90475 0.12499999999999743 -8.680212732231875e-14 -6.309974337052806e-14 0.0 0.09999999999999853 -0.9999999999999575 0.0
0.90525 0.12499999999999754 -8.415222392429921e-14 -6.071032625205513e-14 0.0 0.09999999999999865 -0.9999999999999586 0.0
0.90575 0.12499999999999756 -8.179686779402405e-14 -5.912213645216064e-14 0.0 0.09999999999999865 -0.9999999999999598 0.0
0.90625 0.12499999999999764 -7.890076349550294e-14 -5.740095531130574e-14 0.0 0.09999999999999853 -0.9999999999999611 0.0
0.9067500000000001 0.12499999999999775 -7.687238519624674e-14 -5.58127670642843e-14 0.0 0.09999999999999876 -0.9999999999999623 0.0
0.90725 0.12499999999999784 -7.446317983489067e-14 -5.379703867529392e-14 0.0 0.09999999999999898 -0.9999999999999633 0.0
0.9077500000000001 0.12499999999999793 -7.198747720053418e-14 -5.210115014870387e-14 0.0 0.09999999999999887 -0.9999999999999645 0.0
0.90825 0.12499999999999799 -6.94381402024593e-14 -5.030082599480747e-14 0.0 0.09999999999999876 -0.9999999999999659 0.0
0.9087500000000001 0.124999999999998 -6.71097121018485e-14 -4.860493770068849e-14 0.0 0.09999999999999898 -0.9999999999999669 0.0
0.90925 0.12499999999999808 -6.428724825781066e-14 -4.740471980519503e-14 0.0 0.09999999999999898 -0.999999999999968 0.0
0.9097500000000001 0.1249999999999982 -6.227151848187826e-14 -4.5202150954761796e-14 0.0 0.09999999999999909 -0.9999999999999692 0.0
0.91025 0.12499999999999827 -6.016950801350328e-14 -4.342712076037703e-14 0.0 0.09999999999999931 -0.9999999999999704 0.0
0.9107500000000001 0.12499999999999832 -5.744046872269463e-14 -4.2119201120918644e-14 0.0 0.09999999999999909 -0.9999999999999718 0.0
0.91125 0.12499999999999843 -5.470428914270086e-14 -4.0545296773073775e-14 0.0 0.09999999999999898 -0.999999999999973 0.0
0.9117500000000001 0.1249999999999985 -5.290233216462319e-14 -3.778219555311588e-14 0.0 0.09999999999999909 -0.9999999999999741 0.0
0.91225 0.12499999999999854 -5.0340352691929056e-14 -3.6100589415209895e-14 0.0 0.09999999999999931 -0.9999999999999752 0.0
0.9127500000000001 0.12499999999999858 -4.8051500397562176e-14 -3.4566256316821556e-14 0.0 0.09999999999999931 -0.9999999999999765 0.0
0.91325 0.12499999999999864 -4.5015271182135424e-14 -3.333748206864936e-14 0.0 0.09999999999999931 -0.9999999999999777 0.0
0.9137500000000001 0.12499999999999882 -4.258628646944513e-14 -3.161630626515069e-14 0.0 0.0999999999999992 -0.999999999999979 0.0
0.91425 0.12499999999999886 -4.07376211006965e-14 -2.9000479851299617e-14 0.0 0.09999999999999931 -0.9999999999999801 0.0
0.9147500000000001 0.12499999999999888 -3.7934949061793344e-14 -2.739801815611138e-14 0.0 0.09999999999999953 -0.9999999999999812 0.0
0.91525 0.12499999999999896 -3.5252625127668866e-14 -2.5863687381127013e-14 0.0 0.0999999999999992 -0.9999999999999828 0.0
0.9157500000000001 0.12499999999999904 -3.292971050213564e-14 -2.4182084200003463e-14 0.0 0.09999999999999931 -0.9999999999999839 0.0
0.91625 0.12499999999999911 -3.060129065884152e-14 -2.2019090588163502e-14 0.0 0.09999999999999964 -0.9999999999999849 0.0
0.9167500000000001 0.12499999999999921 -2.819923480538327e-14 -2.031219617473771e-14 0.0 0.09999999999999953 -0.9999999999999862 0.0
0.91725 0.12499999999999925 -2.581696507849759e-14 -1.8910860203357188e-14 0.0 0.09999999999999953 -0.9999999999999875 0.0
0.9177500000000001 0.12499999999999932 -2.3107718200328674e-14 -1.6895141183212286e-14 0.0 0.09999999999999953 -0.9999999999999887 0.0
0.91825 0.12499999999999943 -2.0885368402077504e-14 -1.5134397033733464e-14 0.0 0.09999999999999964 -0.9999999999999899 0.0
0.9187500000000001 0.12499999999999949 -1.843660354439556e-14 -1.3345094110472087e-14 0.0 0.09999999999999976 -0.999999999999991 0.0
0.91925 0.12499999999999956 -1.6054335843557416e-14 -1.143707776298886e-14 0.0 0.09999999999999976 -0.9999999999999922 0.0
0.9197500000000001 0.12499999999999964 -1.3337951488651114e-14 -9.809328256887632e-15 0.0 0.09999999999999976 -0.9999999999999934 0.0
0.92025 0.12499999999999971 -1.0889188161246666e-14 -8.113448617733769e-15 0.0 0.09999999999999987 -0.9999999999999947 0.0
0.9207500000000001 0.12499999999999979 -8.386574493925756e-15 -6.112011328436635e-15 0.0 0.09999999999999987 -0.9999999999999959 0.0
0.92125 0.12499999999999985 -6.038374133100992e-15 -4.430412043837682e-15 0.0 0.09999999999999987 -0.9999999999999971 0.0
0.9217500000000001 0.12499999999999993 -3.4819106760708843e-15 -2.4399876458039925e-15 0.0 0.09999999999999998 -0.9999999999999983 0.0
0.92225 0.12499999999999999 -1.0062240229933292e-15 -8.012278544048114e-16 0.0 0.09999999999999998 -0.9999999999999996 0.0
0.9227500000000001 0.125 0.0 0.0 0.0 0.09999999999999998 -1.0 0.0
0.92325 0.125 0.0 0.0 0.0 0.09999999999999998 -1.0 0.0
0.9237500000000001 0.125 0.0 0.0 0.0 0.09999999999999998 -1.0 0.0
0.92425 0.125 0.0 0.0 0.0 0.09999999999999998 -1.0 0.0
0.9247500000000001 0.125 0.0 0.0 0.0 0.09999999999999998 -1.0 0.0
0.92525 0.125 0.0 0.0 0.0 0.09999999999999998 -1.0 0.0
0.9257500000000001 0.125 0.0 0.0 0.0 0.09999999999999998 -1.0 0.0
0.92625 0.125 0.0 0.0 0.0 0.09999999999999998 -1.0 0.0
0.9267500000000001 0.125 0.0 0.0 0.0 0.09999999999999998 -1.0 0.0
0.92725 0.125 0.0 0.0 0.0 0.09999999999999998 -1.0 0.0
0.9277500000000001 0.125 0.0 0.0 0.0 0.09999999999999998 -1.0 0.0
0.92825 0.125 0.0 0.0 0.0 0.09999999999999998 -1.0 0.0
0.9287500000000001 0.125 0.0 0.0 0.0 0.09999999999999998 -1.0 0.0
0.92925 0.125 0.0 0.0 0.0 0.09999999999999998 -1.0 0.0
0.9297500000000001 0.125 0.0 0.0 0.0 0.09999999999999998 -1.0 0.0
0.93025 0.125 0.0 0.0 0.0 0.09999999999999998 -1.0 0.0
0.9307500000000001 0.125 0.0 0.0 0.0 0.09999999999999998 -1.0 0.0
0.93125 0.125 0.0 0.0 0.0 0.09999999999999998 -1.0 0.0
0.9317500000000001 0.125 0.0 0.0 0.0 0.09999999999999998 -1.0 0.0
0.93225 0.125 0.0 0.0 0.0 0.09999999999999998 -1.0 0.0
0.9327500000000001 0.125 0.0 0.0 0.0 0.09999999999999998 -1.0 0.0
0.93325 0.125 0.0 0.0 0.0 0.09999999999999998 -1.0 0.0
0.9337500000000001 0.125 0.0 0.0 0.0 0.09999999999999998 -1.0 0.0
0.93425 0.125 0.0 0.0 0.0 0.09999999999999998 -1.0 0.0
0.9347500000000001 0.125 0.0 0.0 0.0 0.09999999999999998 -1.0 0.0
0.93525 0.125 0.0 0.0 0.0 0.09999999999999998 -1.0 0.0
0.9357500000000001 0.125 0.0 0.0 0.0 0.09999999999999998 -1.0 0.0
0.93625 0.125 0.0 0.0 0.0 0.09999999999999998 -1.0 0.0
0.9367500000000001 0.125 0.0 0.0 0.0 0.09999999999999998 -1.0 0.0
0.93725 0.125 0.0 0.0 0.0 0.09999999999999998 -1.0 0.0
0.9377500000000001 0.125 0.0 0.0 0.0 0.09999999999999998 -1.0 0.0
0.93825 0.125 0.0 0.0 0.0 0.09999999999999998 -1.0 0.0
0.9387500000000001 0.125 0.0 0.0 0.0 0.09999999999999998 -1.0 0.0
0.93925 0.125 0.0 0.0 0.0 0.09999999999999998 -1.0 0.0
0.9397500000000001 0.125 0.0 0.0 0.0 0.09999999999999998 -1.0 0.0
0.94025 0.125 0.0 0.0 0.0 0.09999999999999998 -1.0 0.0
0.9407500000000001 0.125 0.0 0.0 0.0 0.09999999999999998 -1.0 0.0
0.94125 0.125 0.0 0.0 0.0 0.09999999999999998 -1.0 0.0
0.9417500000000001 0.125 0.0 0.0 0.0 0.09999999999999998 -1.0 0.0
0.94225 0.125 0.0 0.0 0.0 0.09999999999999998 -1.0 0.0
0.9427500000000001 0.125 0.0 0.0 0.0 0.09999999999999998 -1.0 0.0
0.94325 0.125 0.0 0.0 0.0 0.09999999999999998 -1.0 0.0
0.9437500000000001 0.125 0.0 0.0 0.0 0.09999999999999998 -1.0 0.0
0.94425 0.125 0.0 0.0 0.0 0.09999999999999998 -1.0 0.0
0.9447500000000001 0.125 0.0 0.0 0.0 0.09999999999999998 -1.0 0.0
0.94525 0.125 0.0 0.0 0.0 0.09999999999999998 -1.0 0.0
0.9457500000000001 0.125 0.0 0.0 0.0 0.09999999999999998 -1.0 0.0
0.94625 0.125 0.0 0.0 0.0 0.09999999999999998 -1.0 0.0
0.9467500000000001 0.125 0.0 0.0 0.0 0.09999999999999998 -1.0 0.0
0.94725 0.125 0.0 0.0 0.0 0.09999999999999998 -1.0 0.0
0.9477500000000001 0.125 0.0 0.0 0.0 0.09999999999999998 -1.0 0.0
0.94825 0.125 0.0 0.0 0.0 0.09999999999999998 -1.0 0.0
0.9487500000000001 0.125 0.0 0.0 0.0 0.09999999999999998 -1.0 0.0
0.94925 0.125 0.0 0.0 0.0 0.09999999999999998 -1.0 0.0
0.9497500000000001 0.125 0.0 0.0 0.0 0.09999999999999998 -1.0 0.0
0.95025 0.125 0.0 0.0 0.0 0.09999999999999998 -1.0 0.0
0.9507500000000001 0.125 0.0 0.0 0.0 0.09999999999999998 -1.0 0.0
0.95125 0.125 0.0 0.0 0.0 0.09999999999999998 -1.0 0.0
0.9517500000000001 0.125 0.0 0.0 0.0 0.09999999999999998 -1.0 0.0
0.95225 0.125 0.0 0.0 0.0 0.09999999999999998 -1.0 0.0
0.9527500000000001 0.125 0.0 0.0 0.0 0.09999999999999998 -1.0 0.0
0.95325 0.125 0.0 0.0 0.0 0.09999999999999998 -1.0 0.0
0.9537500000000001 0.125 0.0 0.0 0.0 0.09999999999999998 -1.0 0.0
0.95425 0.125 0.0 0.0 0.0 0.09999999999999998 -1.0 0.0
0.9547500000000001 0.125 0.0 0.0 0.0 0.09999999999999998 -1.0 0.0
0.95525 0.125 0.0 0.0 0.0 0.09999999999999998 -1.0 0.0
0.9557500000000001 0.125 0.0 0.0 0.0 0.09999999999999998 -1.0 0.0
0.95625 0.125 0.0 0.0 0.0 0.09999999999999998 -1.0 0.0
0.9567500000000001 0.125 0.0 0.0 0.0 0.09999999999999998 -1.0 0.0
0.95725 0.125 0.0 0.0 0.0 0.09999999999999998 -1.0 0.0
0.9577500000000001 0.125 0.0 0.0 0.0 0.09999999999999998 -1.0 0.0
0.95825 0.125 0.0 0.0 0.0 0.09999999999999998 -1.0 0.0
0.95875 0.125 0.0 0.0 0.0 0.09999999999999998 -1.0 0.0
0.95925 0.125 0.0 0.0 0.0 0.09999999999999998 -1.0 0.0
0.95975 0.125 0.0 0.0 0.0 0.09999999999999998 -1.0 0.0
0.96025 0.125 0.0 0.0 0.0 0.09999999999999998 -1.0 0.0
0.96075 0.125 0.0 0.0 0.0 0.09999999999999998 -1.0 0.0
0.96125 0.125 0.0 0.0 0.0 0.09999999999999998 -1.0 0.0
0.96175 0.125 0.0 0.0 0.0 0.09999999999999998 -1.0 0.0
0.96225 0.125 0.0 0.0 0.0 0.09999999999999998 -1.0 0.0
0.96275 0.125 0.0 0.0 0.0 0.09999999999999998 -1.0 0.0
0.96325 0.125 0.0 0.0 0.0 0.09999999999999998 -1.0 0.0
0.96375 0.125 0.0 0.0 0.0 0.09999999999999998 -1.0 0.0
0.96425 0.125 0.0 0.0 0.0 0.09999999999999998 -1.0 0.0
0.96475 0.125 0.0 0.0 0.0 0.09999999999999998 -1.0 0.0
0.96525 0.125 0.0 0.0 0.0 0.09999999999999998 -1.0 0.0
0.96575 0.125 0.0 0.0 0.0 0.09999999999999998 -1.0 0.0
0.96625 0.125 0.0 0.0 0.0 0.09999999999999998 -1.0 0.0
0.96675 0.125 0.0 0.0 0.0 0.09999999999999998 -1.0 0.0
0.96725 0.125 0.0 0.0 0.0 0.09999999999999998 -1.0 0.0
0.96775 0.125 0.0 0.0 0.0 0.09999999999999998 -1.0 0.0
0.96825 0.125 0.0 0.0 0.0 0.09999999999999998 -1.0 0.0
0.96875 0.125 0.0 0.0 0.0 0.09999999999999998 -1.0 0.0
0.9692500000000001 0.125 0.0 0.0 0.0 0.09999999999999998 -1.0 0.0
0.96975 0.125 0.0 0.0 0.0 0.09999999999999998 -1.0 0.0
0.9702500000000001 0.125 0.0 0.0 0.0 0.09999999999999998 -1.0 0.0
0.97075 0.125 0.0 0.0 0.0 0.09999999999999998 -1.0 0.0
0.9712500000000001 0.125 0.0 0.0 0.0 0.09999999999999998 -1.0 0.0
0.97175 0.125 0.0 0.0 0.0 0.09999999999999998 -1.0 0.0
0.9722500000000001 0.125 0.0 0.0 0.0 0.09999999999999998 -1.0 0.0
0.97275 0.125 0.0 0.0 0.0 0.09999999999999998 -1.0 0.0
0.9732500000000001 0.125 0.0 0.0 0.0 0.09999999999999998 -1.0 0.0
0.97375 0.125 0.0 0.0 0.0 0.09999999999999998 -1.0 0.0
0.9742500000000001 0.125 0.0 0.0 0.0 0.09999999999999998 -1.0 0.0
0.97475 0.125 0.0 0.0 0.0 0.09999999999999998 -1.0 0.0
0.9752500000000001 0.125 0.0 0.0 0.0 0.09999999999999998 -1.0 0.0
0.97575 0.125 0.0 0.0 0.0 0.09999999999999998 -1.0 0.0
0.9762500000000001 0.125 0.0 0.0 0.0 0.09999999999999998 -1.0 0.0
0.97675 0.125 0.0 0.0 0.0 0.09999999999999998 -1.0 0.0
0.9772500000000001 0.125 0.0 0.0 0.0 0.09999999999999998 -1.0 0.0
0.97775 0.125 0.0 0.0 0.0 0.09999999999999998 -1.0 0.0
0.9782500000000001 0.125 0.0 0.0 0.0 0.09999999999999998 -1.0 0.0
0.97875 0.125 0.0 0.0 0.0 0.09999999999999998 -1.0 0.0
0.9792500000000001 0.125 0.0 0.0 0.0 0.09999999999999998 -1.0 0.0
0.97975 0.125 0.0 0.0 0.0 0.09999999999999998 -1.0 0.0
0.9802500000000001 0.125 0.0 0.0 0.0 0.09999999999999998 -1.0 0.0
0.98075 0.125 0.0 0.0 0.0 0.09999999999999998 -1.0 0.0
0.9812500000000001 0.125 0.0 0.0 0.0 0.09999999999999998 -1.0 0.0
0.98175 0.125 0.0 0.0 0.0 0.09999999999999998 -1.0 0.0
0.9822500000000001 0.125 0.0 0.0 0.0 0.09999999999999998 -1.0 0.0
0.98275 0.125 0.0 0.0 0.0 0.09999999999999998 -1.0 0.0
0.9832500000000001 0.125 0.0 0.0 0.0 0.09999999999999998 -1.0 0.0
0.98375 0.125 0.0 0.0 0.0 0.09999999999999998 -1.0 0.0
0.9842500000000001 0.125 0.0 0.0 0.0 0.09999999999999998 -1.0 0.0
0.98475 0.125 0.0 0.0 0.0 0.09999999999999998 -1.0 0.0
0.9852500000000001 0.125 0.0 0.0 0.0 0.09999999999999998 -1.0 0.0
0.98575 0.125 0.0 0.0 0.0 0.09999999999999998 -1.0 0.0
0.9862500000000001 0.125 0.0 0.0 0.0 0.09999999999999998 -1.0 0.0
0.98675 0.125 0.0 0.0 0.0 0.09999999999999998 -1.0 0.0
0.9872500000000001 0.125 0.0 0.0 0.0 0.09999999999999998 -1.0 0.0
0.98775 0.125 0.0 0.0 0.0 0.09999999999999998 -1.0 0.0
0.9882500000000001 0.125 0.0 0.0 0.0 0.09999999999999998 -1.0 0.0
0.98875 0.125 0.0 0.0 0.0 0.09999999999999998 -1.0 0.0
0.9892500000000001 0.125 0.0 0.0 0.0 0.09999999999999998 -1.0 0.0
0.98975 0.125 0.0 0.0 0.0 0.09999999999999998 -1.0 0.0
0.9902500000000001 0.125 0.0 0.0 0.0 0.09999999999999998 -1.0 0.0
0.99075 0.125 0.0 0.0 0.0 0.09999999999999998 -1.0 0.0
0.9912500000000001 0.125 0.0 0.0 0.0 0.09999999999999998 -1.0 0.0
0.99175 0.125 0.0 0.0 0.0 0.09999999999999998 -1.0 0.0
0.9922500000000001 0.125 0.0 0.0 0.0 0.09999999999999998 -1.0 0.0
0.99275 0.125 0.0 0.0 0.0 0.09999999999999998 -1.0 0.0
0.9932500000000001 0.125 0.0 0.0 0.0 0.09999999999999998 -1.0 0.0
0.99375 0.125 0.0 0.0 0.0 0.09999999999999998 -1.0 0.0
0.9942500000000001 0.125 0.0 0.0 0.0 0.09999999999999998 -1.0 0.0
0.99475 0.125 0.0 0.0 0.0 0.09999999999999998 -1.0 0.0
0.9952500000000001 0.125 0.0 0.0 0.0 0.09999999999999998 -1.0 0.0
0.99575 0.125 0.0 0.0 0.0 0.09999999999999998 -1.0 0.0
0.9962500000000001 0.125 0.0 0.0 0.0 0.09999999999999998 -1.0 0.0
0.99675 0.125 0.0 0.0 0.0 0.09999999999999998 -1.0 0.0
0.9972500000000001 0.125 0.0 0.0 0.0 0.09999999999999998 -1.0 0.0
0.99775 0.125 0.0 0.0 0.0 0.09999999999999998 -1.0 0.0
0.9982500000000001 0.125 0.0 0.0 0.0 0.09999999999999998 -1.0 0.0
0.99875 0.125 0.0 0.0 0.0 0.09999999999999998 -1.0 0.0
0.9992500000000001 0.125 0.0 0.0 0.0 0.09999999999999998 -1.0 0.0
0.99975 0.125 0.0 0.0 0.0 0.09999999999999998 -1.0 0.0
