$MeshFormat
4.1 0 8
$EndMeshFormat
$PhysicalNames
3
1 2 "periodicx"
1 3 "periodicy"
2 1 "domain"
$EndPhysicalNames
$Entities
4 4 1 0
1 -10 -10 0 0 
2 10 -10 0 0 
3 10 10 0 0 
4 -10 10 0 0 
1 -10 -10 0 10 -10 0 1 3 2 1 -2 
2 10 -10 0 10 10 0 1 2 2 2 -3 
3 -10 10 0 10 10 0 1 3 2 3 -4 
4 -10 -10 0 -10 10 0 1 2 2 4 -1 
1 -10 -10 0 10 10 0 1 1 4 1 2 3 4 
$EndEntities
$Nodes
9 4225 1 4225
0 1 0 1
1
-10 -10 0
0 2 0 1
2
10 -10 0
0 3 0 1
3
10 10 0
0 4 0 1
4
-10 10 0
1 1 0 63
5
6
7
8
9
10
11
12
13
14
15
16
17
18
19
20
21
22
23
24
25
26
27
28
29
30
31
32
33
34
35
36
37
38
39
40
41
42
43
44
45
46
47
48
49
50
51
52
53
54
55
56
57
58
59
60
61
62
63
64
65
66
67
-9.687499999999615 -10 0
-9.374999999999227 -10 0
-9.062499999998842 -10 0
-8.749999999998456 -10 0
-8.437499999998071 -10 0
-8.124999999997684 -10 0
-7.812499999997298 -10 0
-7.499999999997086 -10 0
-7.187499999997914 -10 0
-6.874999999998916 -10 0
-6.562499999999917 -10 0
-6.250000000000919 -10 0
-5.93750000000192 -10 0
-5.625000000002923 -10 0
-5.312500000003924 -10 0
-5.000000000004926 -10 0
-4.687500000005928 -10 0
-4.37500000000693 -10 0
-4.062500000007931 -10 0
-3.750000000008933 -10 0
-3.437500000009935 -10 0
-3.125000000010937 -10 0
-2.812500000011938 -10 0
-2.500000000012941 -10 0
-2.187500000013943 -10 0
-1.875000000014598 -10 0
-1.562500000014211 -10 0
-1.250000000013825 -10 0
-0.9375000000134399 -10 0
-0.6250000000130527 -10 0
-0.3125000000126672 -10 0
-1.228173118761333e-11 -10 0
0.312499999988102 -10 0
0.6249999999884874 -10 0
0.9374999999888711 -10 0
1.249999999989253 -10 0
1.562499999989637 -10 0
1.87499999999002 -10 0
2.187499999990406 -10 0
2.49999999999079 -10 0
2.812499999991173 -10 0
3.124999999991555 -10 0
3.437499999991939 -10 0
3.749999999992324 -10 0
4.062499999992708 -10 0
4.374999999993092 -10 0
4.687499999993477 -10 0
4.999999999993857 -10 0
5.312499999994243 -10 0
5.624999999994627 -10 0
5.93749999999501 -10 0
6.249999999995396 -10 0
6.562499999995779 -10 0
6.874999999996163 -10 0
7.187499999996547 -10 0
7.49999999999693 -10 0
7.812499999997314 -10 0
8.124999999997698 -10 0
8.437499999998082 -10 0
8.749999999998465 -10 0
9.062499999998849 -10 0
9.374999999999233 -10 0
9.687499999999616 -10 0
1 2 0 63
68
69
70
71
72
73
74
75
76
77
78
79
80
81
82
83
84
85
86
87
88
89
90
91
92
93
94
95
96
97
98
99
100
101
102
103
104
105
106
107
108
109
110
111
112
113
114
115
116
117
118
119
120
121
122
123
124
125
126
127
128
129
130
10 -9.687499999999615 0
10 -9.374999999999227 0
10 -9.062499999998842 0
10 -8.749999999998456 0
10 -8.437499999998071 0
10 -8.124999999997684 0
10 -7.812499999997298 0
10 -7.499999999997086 0
10 -7.187499999997914 0
10 -6.874999999998916 0
10 -6.562499999999917 0
10 -6.250000000000919 0
10 -5.93750000000192 0
10 -5.625000000002923 0
10 -5.312500000003924 0
10 -5.000000000004926 0
10 -4.687500000005928 0
10 -4.37500000000693 0
10 -4.062500000007931 0
10 -3.750000000008933 0
10 -3.437500000009935 0
10 -3.125000000010937 0
10 -2.812500000011938 0
10 -2.500000000012941 0
10 -2.187500000013943 0
10 -1.875000000014598 0
10 -1.562500000014211 0
10 -1.250000000013825 0
10 -0.9375000000134399 0
10 -0.6250000000130527 0
10 -0.3125000000126672 0
10 -1.228173118761333e-11 0
10 0.312499999988102 0
10 0.6249999999884874 0
10 0.9374999999888711 0
10 1.249999999989253 0
10 1.562499999989637 0
10 1.87499999999002 0
10 2.187499999990406 0
10 2.49999999999079 0
10 2.812499999991173 0
10 3.124999999991555 0
10 3.437499999991939 0
10 3.749999999992324 0
10 4.062499999992708 0
10 4.374999999993092 0
10 4.687499999993477 0
10 4.999999999993857 0
10 5.312499999994243 0
10 5.624999999994627 0
10 5.93749999999501 0
10 6.249999999995396 0
10 6.562499999995779 0
10 6.874999999996163 0
10 7.187499999996547 0
10 7.49999999999693 0
10 7.812499999997314 0
10 8.124999999997698 0
10 8.437499999998082 0
10 8.749999999998465 0
10 9.062499999998849 0
10 9.374999999999233 0
10 9.687499999999616 0
1 3 0 63
131
132
133
134
135
136
137
138
139
140
141
142
143
144
145
146
147
148
149
150
151
152
153
154
155
156
157
158
159
160
161
162
163
164
165
166
167
168
169
170
171
172
173
174
175
176
177
178
179
180
181
182
183
184
185
186
187
188
189
190
191
192
193
9.687499999999615 10 0
9.374999999999227 10 0
9.062499999998842 10 0
8.749999999998456 10 0
8.437499999998071 10 0
8.124999999997684 10 0
7.812499999997298 10 0
7.499999999997086 10 0
7.187499999997914 10 0
6.874999999998916 10 0
6.562499999999917 10 0
6.250000000000919 10 0
5.93750000000192 10 0
5.625000000002923 10 0
5.312500000003924 10 0
5.000000000004926 10 0
4.687500000005928 10 0
4.37500000000693 10 0
4.062500000007931 10 0
3.750000000008933 10 0
3.437500000009935 10 0
3.125000000010937 10 0
2.812500000011938 10 0
2.500000000012941 10 0
2.187500000013943 10 0
1.875000000014598 10 0
1.562500000014211 10 0
1.250000000013825 10 0
0.9375000000134399 10 0
0.6250000000130527 10 0
0.3125000000126672 10 0
1.228173118761333e-11 10 0
-0.312499999988102 10 0
-0.6249999999884874 10 0
-0.9374999999888711 10 0
-1.249999999989253 10 0
-1.562499999989637 10 0
-1.87499999999002 10 0
-2.187499999990406 10 0
-2.49999999999079 10 0
-2.812499999991173 10 0
-3.124999999991555 10 0
-3.437499999991939 10 0
-3.749999999992324 10 0
-4.062499999992708 10 0
-4.374999999993092 10 0
-4.687499999993477 10 0
-4.999999999993857 10 0
-5.312499999994243 10 0
-5.624999999994627 10 0
-5.93749999999501 10 0
-6.249999999995396 10 0
-6.562499999995779 10 0
-6.874999999996163 10 0
-7.187499999996547 10 0
-7.49999999999693 10 0
-7.812499999997314 10 0
-8.124999999997698 10 0
-8.437499999998082 10 0
-8.749999999998465 10 0
-9.062499999998849 10 0
-9.374999999999233 10 0
-9.687499999999616 10 0
1 4 0 63
194
195
196
197
198
199
200
201
202
203
204
205
206
207
208
209
210
211
212
213
214
215
216
217
218
219
220
221
222
223
224
225
226
227
228
229
230
231
232
233
234
235
236
237
238
239
240
241
242
243
244
245
246
247
248
249
250
251
252
253
254
255
256
-10 9.687499999999615 0
-10 9.374999999999227 0
-10 9.062499999998842 0
-10 8.749999999998456 0
-10 8.437499999998071 0
-10 8.124999999997684 0
-10 7.812499999997298 0
-10 7.499999999997086 0
-10 7.187499999997914 0
-10 6.874999999998916 0
-10 6.562499999999917 0
-10 6.250000000000919 0
-10 5.93750000000192 0
-10 5.625000000002923 0
-10 5.312500000003924 0
-10 5.000000000004926 0
-10 4.687500000005928 0
-10 4.37500000000693 0
-10 4.062500000007931 0
-10 3.750000000008933 0
-10 3.437500000009935 0
-10 3.125000000010937 0
-10 2.812500000011938 0
-10 2.500000000012941 0
-10 2.187500000013943 0
-10 1.875000000014598 0
-10 1.562500000014211 0
-10 1.250000000013825 0
-10 0.9375000000134399 0
-10 0.6250000000130527 0
-10 0.3125000000126672 0
-10 1.228173118761333e-11 0
-10 -0.312499999988102 0
-10 -0.6249999999884874 0
-10 -0.9374999999888711 0
-10 -1.249999999989253 0
-10 -1.562499999989637 0
-10 -1.87499999999002 0
-10 -2.187499999990406 0
-10 -2.49999999999079 0
-10 -2.812499999991173 0
-10 -3.124999999991555 0
-10 -3.437499999991939 0
-10 -3.749999999992324 0
-10 -4.062499999992708 0
-10 -4.374999999993092 0
-10 -4.687499999993477 0
-10 -4.999999999993857 0
-10 -5.312499999994243 0
-10 -5.624999999994627 0
-10 -5.93749999999501 0
-10 -6.249999999995396 0
-10 -6.562499999995779 0
-10 -6.874999999996163 0
-10 -7.187499999996547 0
-10 -7.49999999999693 0
-10 -7.812499999997314 0
-10 -8.124999999997698 0
-10 -8.437499999998082 0
-10 -8.749999999998465 0
-10 -9.062499999998849 0
-10 -9.374999999999233 0
-10 -9.687499999999616 0
2 1 0 3969
257
258
259
260
261
262
263
264
265
266
267
268
269
270
271
272
273
274
275
276
277
278
279
280
281
282
283
284
285
286
287
288
289
290
291
292
293
294
295
296
297
298
299
300
301
302
303
304
305
306
307
308
309
310
311
312
313
314
315
316
317
318
319
320
321
322
323
324
325
326
327
328
329
330
331
332
333
334
335
336
337
338
339
340
341
342
343
344
345
346
347
348
349
350
351
352
353
354
355
356
357
358
359
360
361
362
363
364
365
366
367
368
369
370
371
372
373
374
375
376
377
378
379
380
381
382
383
384
385
386
387
388
389
390
391
392
393
394
395
396
397
398
399
400
401
402
403
404
405
406
407
408
409
410
411
412
413
414
415
416
417
418
419
420
421
422
423
424
425
426
427
428
429
430
431
432
433
434
435
436
437
438
439
440
441
442
443
444
445
446
447
448
449
450
451
452
453
454
455
456
457
458
459
460
461
462
463
464
465
466
467
468
469
470
471
472
473
474
475
476
477
478
479
480
481
482
483
484
485
486
487
488
489
490
491
492
493
494
495
496
497
498
499
500
501
502
503
504
505
506
507
508
509
510
511
512
513
514
515
516
517
518
519
520
521
522
523
524
525
526
527
528
529
530
531
532
533
534
535
536
537
538
539
540
541
542
543
544
545
546
547
548
549
550
551
552
553
554
555
556
557
558
559
560
561
562
563
564
565
566
567
568
569
570
571
572
573
574
575
576
577
578
579
580
581
582
583
584
585
586
587
588
589
590
591
592
593
594
595
596
597
598
599
600
601
602
603
604
605
606
607
608
609
610
611
612
613
614
615
616
617
618
619
620
621
622
623
624
625
626
627
628
629
630
631
632
633
634
635
636
637
638
639
640
641
642
643
644
645
646
647
648
649
650
651
652
653
654
655
656
657
658
659
660
661
662
663
664
665
666
667
668
669
670
671
672
673
674
675
676
677
678
679
680
681
682
683
684
685
686
687
688
689
690
691
692
693
694
695
696
697
698
699
700
701
702
703
704
705
706
707
708
709
710
711
712
713
714
715
716
717
718
719
720
721
722
723
724
725
726
727
728
729
730
731
732
733
734
735
736
737
738
739
740
741
742
743
744
745
746
747
748
749
750
751
752
753
754
755
756
757
758
759
760
761
762
763
764
765
766
767
768
769
770
771
772
773
774
775
776
777
778
779
780
781
782
783
784
785
786
787
788
789
790
791
792
793
794
795
796
797
798
799
800
801
802
803
804
805
806
807
808
809
810
811
812
813
814
815
816
817
818
819
820
821
822
823
824
825
826
827
828
829
830
831
832
833
834
835
836
837
838
839
840
841
842
843
844
845
846
847
848
849
850
851
852
853
854
855
856
857
858
859
860
861
862
863
864
865
866
867
868
869
870
871
872
873
874
875
876
877
878
879
880
881
882
883
884
885
886
887
888
889
890
891
892
893
894
895
896
897
898
899
900
901
902
903
904
905
906
907
908
909
910
911
912
913
914
915
916
917
918
919
920
921
922
923
924
925
926
927
928
929
930
931
932
933
934
935
936
937
938
939
940
941
942
943
944
945
946
947
948
949
950
951
952
953
954
955
956
957
958
959
960
961
962
963
964
965
966
967
968
969
970
971
972
973
974
975
976
977
978
979
980
981
982
983
984
985
986
987
988
989
990
991
992
993
994
995
996
997
998
999
1000
1001
1002
1003
1004
1005
1006
1007
1008
1009
1010
1011
1012
1013
1014
1015
1016
1017
1018
1019
1020
1021
1022
1023
1024
1025
1026
1027
1028
1029
1030
1031
1032
1033
1034
1035
1036
1037
1038
1039
1040
1041
1042
1043
1044
1045
1046
1047
1048
1049
1050
1051
1052
1053
1054
1055
1056
1057
1058
1059
1060
1061
1062
1063
1064
1065
1066
1067
1068
1069
1070
1071
1072
1073
1074
1075
1076
1077
1078
1079
1080
1081
1082
1083
1084
1085
1086
1087
1088
1089
1090
1091
1092
1093
1094
1095
1096
1097
1098
1099
1100
1101
1102
1103
1104
1105
1106
1107
1108
1109
1110
1111
1112
1113
1114
1115
1116
1117
1118
1119
1120
1121
1122
1123
1124
1125
1126
1127
1128
1129
1130
1131
1132
1133
1134
1135
1136
1137
1138
1139
1140
1141
1142
1143
1144
1145
1146
1147
1148
1149
1150
1151
1152
1153
1154
1155
1156
1157
1158
1159
1160
1161
1162
1163
1164
1165
1166
1167
1168
1169
1170
1171
1172
1173
1174
1175
1176
1177
1178
1179
1180
1181
1182
1183
1184
1185
1186
1187
1188
1189
1190
1191
1192
1193
1194
1195
1196
1197
1198
1199
1200
1201
1202
1203
1204
1205
1206
1207
1208
1209
1210
1211
1212
1213
1214
1215
1216
1217
1218
1219
1220
1221
1222
1223
1224
1225
1226
1227
1228
1229
1230
1231
1232
1233
1234
1235
1236
1237
1238
1239
1240
1241
1242
1243
1244
1245
1246
1247
1248
1249
1250
1251
1252
1253
1254
1255
1256
1257
1258
1259
1260
1261
1262
1263
1264
1265
1266
1267
1268
1269
1270
1271
1272
1273
1274
1275
1276
1277
1278
1279
1280
1281
1282
1283
1284
1285
1286
1287
1288
1289
1290
1291
1292
1293
1294
1295
1296
1297
1298
1299
1300
1301
1302
1303
1304
1305
1306
1307
1308
1309
1310
1311
1312
1313
1314
1315
1316
1317
1318
1319
1320
1321
1322
1323
1324
1325
1326
1327
1328
1329
1330
1331
1332
1333
1334
1335
1336
1337
1338
1339
1340
1341
1342
1343
1344
1345
1346
1347
1348
1349
1350
1351
1352
1353
1354
1355
1356
1357
1358
1359
1360
1361
1362
1363
1364
1365
1366
1367
1368
1369
1370
1371
1372
1373
1374
1375
1376
1377
1378
1379
1380
1381
1382
1383
1384
1385
1386
1387
1388
1389
1390
1391
1392
1393
1394
1395
1396
1397
1398
1399
1400
1401
1402
1403
1404
1405
1406
1407
1408
1409
1410
1411
1412
1413
1414
1415
1416
1417
1418
1419
1420
1421
1422
1423
1424
1425
1426
1427
1428
1429
1430
1431
1432
1433
1434
1435
1436
1437
1438
1439
1440
1441
1442
1443
1444
1445
1446
1447
1448
1449
1450
1451
1452
1453
1454
1455
1456
1457
1458
1459
1460
1461
1462
1463
1464
1465
1466
1467
1468
1469
1470
1471
1472
1473
1474
1475
1476
1477
1478
1479
1480
1481
1482
1483
1484
1485
1486
1487
1488
1489
1490
1491
1492
1493
1494
1495
1496
1497
1498
1499
1500
1501
1502
1503
1504
1505
1506
1507
1508
1509
1510
1511
1512
1513
1514
1515
1516
1517
1518
1519
1520
1521
1522
1523
1524
1525
1526
1527
1528
1529
1530
1531
1532
1533
1534
1535
1536
1537
1538
1539
1540
1541
1542
1543
1544
1545
1546
1547
1548
1549
1550
1551
1552
1553
1554
1555
1556
1557
1558
1559
1560
1561
1562
1563
1564
1565
1566
1567
1568
1569
1570
1571
1572
1573
1574
1575
1576
1577
1578
1579
1580
1581
1582
1583
1584
1585
1586
1587
1588
1589
1590
1591
1592
1593
1594
1595
1596
1597
1598
1599
1600
1601
1602
1603
1604
1605
1606
1607
1608
1609
1610
1611
1612
1613
1614
1615
1616
1617
1618
1619
1620
1621
1622
1623
1624
1625
1626
1627
1628
1629
1630
1631
1632
1633
1634
1635
1636
1637
1638
1639
1640
1641
1642
1643
1644
1645
1646
1647
1648
1649
1650
1651
1652
1653
1654
1655
1656
1657
1658
1659
1660
1661
1662
1663
1664
1665
1666
1667
1668
1669
1670
1671
1672
1673
1674
1675
1676
1677
1678
1679
1680
1681
1682
1683
1684
1685
1686
1687
1688
1689
1690
1691
1692
1693
1694
1695
1696
1697
1698
1699
1700
1701
1702
1703
1704
1705
1706
1707
1708
1709
1710
1711
1712
1713
1714
1715
1716
1717
1718
1719
1720
1721
1722
1723
1724
1725
1726
1727
1728
1729
1730
1731
1732
1733
1734
1735
1736
1737
1738
1739
1740
1741
1742
1743
1744
1745
1746
1747
1748
1749
1750
1751
1752
1753
1754
1755
1756
1757
1758
1759
1760
1761
1762
1763
1764
1765
1766
1767
1768
1769
1770
1771
1772
1773
1774
1775
1776
1777
1778
1779
1780
1781
1782
1783
1784
1785
1786
1787
1788
1789
1790
1791
1792
1793
1794
1795
1796
1797
1798
1799
1800
1801
1802
1803
1804
1805
1806
1807
1808
1809
1810
1811
1812
1813
1814
1815
1816
1817
1818
1819
1820
1821
1822
1823
1824
1825
1826
1827
1828
1829
1830
1831
1832
1833
1834
1835
1836
1837
1838
1839
1840
1841
1842
1843
1844
1845
1846
1847
1848
1849
1850
1851
1852
1853
1854
1855
1856
1857
1858
1859
1860
1861
1862
1863
1864
1865
1866
1867
1868
1869
1870
1871
1872
1873
1874
1875
1876
1877
1878
1879
1880
1881
1882
1883
1884
1885
1886
1887
1888
1889
1890
1891
1892
1893
1894
1895
1896
1897
1898
1899
1900
1901
1902
1903
1904
1905
1906
1907
1908
1909
1910
1911
1912
1913
1914
1915
1916
1917
1918
1919
1920
1921
1922
1923
1924
1925
1926
1927
1928
1929
1930
1931
1932
1933
1934
1935
1936
1937
1938
1939
1940
1941
1942
1943
1944
1945
1946
1947
1948
1949
1950
1951
1952
1953
1954
1955
1956
1957
1958
1959
1960
1961
1962
1963
1964
1965
1966
1967
1968
1969
1970
1971
1972
1973
1974
1975
1976
1977
1978
1979
1980
1981
1982
1983
1984
1985
1986
1987
1988
1989
1990
1991
1992
1993
1994
1995
1996
1997
1998
1999
2000
2001
2002
2003
2004
2005
2006
2007
2008
2009
2010
2011
2012
2013
2014
2015
2016
2017
2018
2019
2020
2021
2022
2023
2024
2025
2026
2027
2028
2029
2030
2031
2032
2033
2034
2035
2036
2037
2038
2039
2040
2041
2042
2043
2044
2045
2046
2047
2048
2049
2050
2051
2052
2053
2054
2055
2056
2057
2058
2059
2060
2061
2062
2063
2064
2065
2066
2067
2068
2069
2070
2071
2072
2073
2074
2075
2076
2077
2078
2079
2080
2081
2082
2083
2084
2085
2086
2087
2088
2089
2090
2091
2092
2093
2094
2095
2096
2097
2098
2099
2100
2101
2102
2103
2104
2105
2106
2107
2108
2109
2110
2111
2112
2113
2114
2115
2116
2117
2118
2119
2120
2121
2122
2123
2124
2125
2126
2127
2128
2129
2130
2131
2132
2133
2134
2135
2136
2137
2138
2139
2140
2141
2142
2143
2144
2145
2146
2147
2148
2149
2150
2151
2152
2153
2154
2155
2156
2157
2158
2159
2160
2161
2162
2163
2164
2165
2166
2167
2168
2169
2170
2171
2172
2173
2174
2175
2176
2177
2178
2179
2180
2181
2182
2183
2184
2185
2186
2187
2188
2189
2190
2191
2192
2193
2194
2195
2196
2197
2198
2199
2200
2201
2202
2203
2204
2205
2206
2207
2208
2209
2210
2211
2212
2213
2214
2215
2216
2217
2218
2219
2220
2221
2222
2223
2224
2225
2226
2227
2228
2229
2230
2231
2232
2233
2234
2235
2236
2237
2238
2239
2240
2241
2242
2243
2244
2245
2246
2247
2248
2249
2250
2251
2252
2253
2254
2255
2256
2257
2258
2259
2260
2261
2262
2263
2264
2265
2266
2267
2268
2269
2270
2271
2272
2273
2274
2275
2276
2277
2278
2279
2280
2281
2282
2283
2284
2285
2286
2287
2288
2289
2290
2291
2292
2293
2294
2295
2296
2297
2298
2299
2300
2301
2302
2303
2304
2305
2306
2307
2308
2309
2310
2311
2312
2313
2314
2315
2316
2317
2318
2319
2320
2321
2322
2323
2324
2325
2326
2327
2328
2329
2330
2331
2332
2333
2334
2335
2336
2337
2338
2339
2340
2341
2342
2343
2344
2345
2346
2347
2348
2349
2350
2351
2352
2353
2354
2355
2356
2357
2358
2359
2360
2361
2362
2363
2364
2365
2366
2367
2368
2369
2370
2371
2372
2373
2374
2375
2376
2377
2378
2379
2380
2381
2382
2383
2384
2385
2386
2387
2388
2389
2390
2391
2392
2393
2394
2395
2396
2397
2398
2399
2400
2401
2402
2403
2404
2405
2406
2407
2408
2409
2410
2411
2412
2413
2414
2415
2416
2417
2418
2419
2420
2421
2422
2423
2424
2425
2426
2427
2428
2429
2430
2431
2432
2433
2434
2435
2436
2437
2438
2439
2440
2441
2442
2443
2444
2445
2446
2447
2448
2449
2450
2451
2452
2453
2454
2455
2456
2457
2458
2459
2460
2461
2462
2463
2464
2465
2466
2467
2468
2469
2470
2471
2472
2473
2474
2475
2476
2477
2478
2479
2480
2481
2482
2483
2484
2485
2486
2487
2488
2489
2490
2491
2492
2493
2494
2495
2496
2497
2498
2499
2500
2501
2502
2503
2504
2505
2506
2507
2508
2509
2510
2511
2512
2513
2514
2515
2516
2517
2518
2519
2520
2521
2522
2523
2524
2525
2526
2527
2528
2529
2530
2531
2532
2533
2534
2535
2536
2537
2538
2539
2540
2541
2542
2543
2544
2545
2546
2547
2548
2549
2550
2551
2552
2553
2554
2555
2556
2557
2558
2559
2560
2561
2562
2563
2564
2565
2566
2567
2568
2569
2570
2571
2572
2573
2574
2575
2576
2577
2578
2579
2580
2581
2582
2583
2584
2585
2586
2587
2588
2589
2590
2591
2592
2593
2594
2595
2596
2597
2598
2599
2600
2601
2602
2603
2604
2605
2606
2607
2608
2609
2610
2611
2612
2613
2614
2615
2616
2617
2618
2619
2620
2621
2622
2623
2624
2625
2626
2627
2628
2629
2630
2631
2632
2633
2634
2635
2636
2637
2638
2639
2640
2641
2642
2643
2644
2645
2646
2647
2648
2649
2650
2651
2652
2653
2654
2655
2656
2657
2658
2659
2660
2661
2662
2663
2664
2665
2666
2667
2668
2669
2670
2671
2672
2673
2674
2675
2676
2677
2678
2679
2680
2681
2682
2683
2684
2685
2686
2687
2688
2689
2690
2691
2692
2693
2694
2695
2696
2697
2698
2699
2700
2701
2702
2703
2704
2705
2706
2707
2708
2709
2710
2711
2712
2713
2714
2715
2716
2717
2718
2719
2720
2721
2722
2723
2724
2725
2726
2727
2728
2729
2730
2731
2732
2733
2734
2735
2736
2737
2738
2739
2740
2741
2742
2743
2744
2745
2746
2747
2748
2749
2750
2751
2752
2753
2754
2755
2756
2757
2758
2759
2760
2761
2762
2763
2764
2765
2766
2767
2768
2769
2770
2771
2772
2773
2774
2775
2776
2777
2778
2779
2780
2781
2782
2783
2784
2785
2786
2787
2788
2789
2790
2791
2792
2793
2794
2795
2796
2797
2798
2799
2800
2801
2802
2803
2804
2805
2806
2807
2808
2809
2810
2811
2812
2813
2814
2815
2816
2817
2818
2819
2820
2821
2822
2823
2824
2825
2826
2827
2828
2829
2830
2831
2832
2833
2834
2835
2836
2837
2838
2839
2840
2841
2842
2843
2844
2845
2846
2847
2848
2849
2850
2851
2852
2853
2854
2855
2856
2857
2858
2859
2860
2861
2862
2863
2864
2865
2866
2867
2868
2869
2870
2871
2872
2873
2874
2875
2876
2877
2878
2879
2880
2881
2882
2883
2884
2885
2886
2887
2888
2889
2890
2891
2892
2893
2894
2895
2896
2897
2898
2899
2900
2901
2902
2903
2904
2905
2906
2907
2908
2909
2910
2911
2912
2913
2914
2915
2916
2917
2918
2919
2920
2921
2922
2923
2924
2925
2926
2927
2928
2929
2930
2931
2932
2933
2934
2935
2936
2937
2938
2939
2940
2941
2942
2943
2944
2945
2946
2947
2948
2949
2950
2951
2952
2953
2954
2955
2956
2957
2958
2959
2960
2961
2962
2963
2964
2965
2966
2967
2968
2969
2970
2971
2972
2973
2974
2975
2976
2977
2978
2979
2980
2981
2982
2983
2984
2985
2986
2987
2988
2989
2990
2991
2992
2993
2994
2995
2996
2997
2998
2999
3000
3001
3002
3003
3004
3005
3006
3007
3008
3009
3010
3011
3012
3013
3014
3015
3016
3017
3018
3019
3020
3021
3022
3023
3024
3025
3026
3027
3028
3029
3030
3031
3032
3033
3034
3035
3036
3037
3038
3039
3040
3041
3042
3043
3044
3045
3046
3047
3048
3049
3050
3051
3052
3053
3054
3055
3056
3057
3058
3059
3060
3061
3062
3063
3064
3065
3066
3067
3068
3069
3070
3071
3072
3073
3074
3075
3076
3077
3078
3079
3080
3081
3082
3083
3084
3085
3086
3087
3088
3089
3090
3091
3092
3093
3094
3095
3096
3097
3098
3099
3100
3101
3102
3103
3104
3105
3106
3107
3108
3109
3110
3111
3112
3113
3114
3115
3116
3117
3118
3119
3120
3121
3122
3123
3124
3125
3126
3127
3128
3129
3130
3131
3132
3133
3134
3135
3136
3137
3138
3139
3140
3141
3142
3143
3144
3145
3146
3147
3148
3149
3150
3151
3152
3153
3154
3155
3156
3157
3158
3159
3160
3161
3162
3163
3164
3165
3166
3167
3168
3169
3170
3171
3172
3173
3174
3175
3176
3177
3178
3179
3180
3181
3182
3183
3184
3185
3186
3187
3188
3189
3190
3191
3192
3193
3194
3195
3196
3197
3198
3199
3200
3201
3202
3203
3204
3205
3206
3207
3208
3209
3210
3211
3212
3213
3214
3215
3216
3217
3218
3219
3220
3221
3222
3223
3224
3225
3226
3227
3228
3229
3230
3231
3232
3233
3234
3235
3236
3237
3238
3239
3240
3241
3242
3243
3244
3245
3246
3247
3248
3249
3250
3251
3252
3253
3254
3255
3256
3257
3258
3259
3260
3261
3262
3263
3264
3265
3266
3267
3268
3269
3270
3271
3272
3273
3274
3275
3276
3277
3278
3279
3280
3281
3282
3283
3284
3285
3286
3287
3288
3289
3290
3291
3292
3293
3294
3295
3296
3297
3298
3299
3300
3301
3302
3303
3304
3305
3306
3307
3308
3309
3310
3311
3312
3313
3314
3315
3316
3317
3318
3319
3320
3321
3322
3323
3324
3325
3326
3327
3328
3329
3330
3331
3332
3333
3334
3335
3336
3337
3338
3339
3340
3341
3342
3343
3344
3345
3346
3347
3348
3349
3350
3351
3352
3353
3354
3355
3356
3357
3358
3359
3360
3361
3362
3363
3364
3365
3366
3367
3368
3369
3370
3371
3372
3373
3374
3375
3376
3377
3378
3379
3380
3381
3382
3383
3384
3385
3386
3387
3388
3389
3390
3391
3392
3393
3394
3395
3396
3397
3398
3399
3400
3401
3402
3403
3404
3405
3406
3407
3408
3409
3410
3411
3412
3413
3414
3415
3416
3417
3418
3419
3420
3421
3422
3423
3424
3425
3426
3427
3428
3429
3430
3431
3432
3433
3434
3435
3436
3437
3438
3439
3440
3441
3442
3443
3444
3445
3446
3447
3448
3449
3450
3451
3452
3453
3454
3455
3456
3457
3458
3459
3460
3461
3462
3463
3464
3465
3466
3467
3468
3469
3470
3471
3472
3473
3474
3475
3476
3477
3478
3479
3480
3481
3482
3483
3484
3485
3486
3487
3488
3489
3490
3491
3492
3493
3494
3495
3496
3497
3498
3499
3500
3501
3502
3503
3504
3505
3506
3507
3508
3509
3510
3511
3512
3513
3514
3515
3516
3517
3518
3519
3520
3521
3522
3523
3524
3525
3526
3527
3528
3529
3530
3531
3532
3533
3534
3535
3536
3537
3538
3539
3540
3541
3542
3543
3544
3545
3546
3547
3548
3549
3550
3551
3552
3553
3554
3555
3556
3557
3558
3559
3560
3561
3562
3563
3564
3565
3566
3567
3568
3569
3570
3571
3572
3573
3574
3575
3576
3577
3578
3579
3580
3581
3582
3583
3584
3585
3586
3587
3588
3589
3590
3591
3592
3593
3594
3595
3596
3597
3598
3599
3600
3601
3602
3603
3604
3605
3606
3607
3608
3609
3610
3611
3612
3613
3614
3615
3616
3617
3618
3619
3620
3621
3622
3623
3624
3625
3626
3627
3628
3629
3630
3631
3632
3633
3634
3635
3636
3637
3638
3639
3640
3641
3642
3643
3644
3645
3646
3647
3648
3649
3650
3651
3652
3653
3654
3655
3656
3657
3658
3659
3660
3661
3662
3663
3664
3665
3666
3667
3668
3669
3670
3671
3672
3673
3674
3675
3676
3677
3678
3679
3680
3681
3682
3683
3684
3685
3686
3687
3688
3689
3690
3691
3692
3693
3694
3695
3696
3697
3698
3699
3700
3701
3702
3703
3704
3705
3706
3707
3708
3709
3710
3711
3712
3713
3714
3715
3716
3717
3718
3719
3720
3721
3722
3723
3724
3725
3726
3727
3728
3729
3730
3731
3732
3733
3734
3735
3736
3737
3738
3739
3740
3741
3742
3743
3744
3745
3746
3747
3748
3749
3750
3751
3752
3753
3754
3755
3756
3757
3758
3759
3760
3761
3762
3763
3764
3765
3766
3767
3768
3769
3770
3771
3772
3773
3774
3775
3776
3777
3778
3779
3780
3781
3782
3783
3784
3785
3786
3787
3788
3789
3790
3791
3792
3793
3794
3795
3796
3797
3798
3799
3800
3801
3802
3803
3804
3805
3806
3807
3808
3809
3810
3811
3812
3813
3814
3815
3816
3817
3818
3819
3820
3821
3822
3823
3824
3825
3826
3827
3828
3829
3830
3831
3832
3833
3834
3835
3836
3837
3838
3839
3840
3841
3842
3843
3844
3845
3846
3847
3848
3849
3850
3851
3852
3853
3854
3855
3856
3857
3858
3859
3860
3861
3862
3863
3864
3865
3866
3867
3868
3869
3870
3871
3872
3873
3874
3875
3876
3877
3878
3879
3880
3881
3882
3883
3884
3885
3886
3887
3888
3889
3890
3891
3892
3893
3894
3895
3896
3897
3898
3899
3900
3901
3902
3903
3904
3905
3906
3907
3908
3909
3910
3911
3912
3913
3914
3915
3916
3917
3918
3919
3920
3921
3922
3923
3924
3925
3926
3927
3928
3929
3930
3931
3932
3933
3934
3935
3936
3937
3938
3939
3940
3941
3942
3943
3944
3945
3946
3947
3948
3949
3950
3951
3952
3953
3954
3955
3956
3957
3958
3959
3960
3961
3962
3963
3964
3965
3966
3967
3968
3969
3970
3971
3972
3973
3974
3975
3976
3977
3978
3979
3980
3981
3982
3983
3984
3985
3986
3987
3988
3989
3990
3991
3992
3993
3994
3995
3996
3997
3998
3999
4000
4001
4002
4003
4004
4005
4006
4007
4008
4009
4010
4011
4012
4013
4014
4015
4016
4017
4018
4019
4020
4021
4022
4023
4024
4025
4026
4027
4028
4029
4030
4031
4032
4033
4034
4035
4036
4037
4038
4039
4040
4041
4042
4043
4044
4045
4046
4047
4048
4049
4050
4051
4052
4053
4054
4055
4056
4057
4058
4059
4060
4061
4062
4063
4064
4065
4066
4067
4068
4069
4070
4071
4072
4073
4074
4075
4076
4077
4078
4079
4080
4081
4082
4083
4084
4085
4086
4087
4088
4089
4090
4091
4092
4093
4094
4095
4096
4097
4098
4099
4100
4101
4102
4103
4104
4105
4106
4107
4108
4109
4110
4111
4112
4113
4114
4115
4116
4117
4118
4119
4120
4121
4122
4123
4124
4125
4126
4127
4128
4129
4130
4131
4132
4133
4134
4135
4136
4137
4138
4139
4140
4141
4142
4143
4144
4145
4146
4147
4148
4149
4150
4151
4152
4153
4154
4155
4156
4157
4158
4159
4160
4161
4162
4163
4164
4165
4166
4167
4168
4169
4170
4171
4172
4173
4174
4175
4176
4177
4178
4179
4180
4181
4182
4183
4184
4185
4186
4187
4188
4189
4190
4191
4192
4193
4194
4195
4196
4197
4198
4199
4200
4201
4202
4203
4204
4205
4206
4207
4208
4209
4210
4211
4212
4213
4214
4215
4216
4217
4218
4219
4220
4221
4222
4223
4224
4225
-9.687499999999616 -9.687499999999616 0
-9.687499999999618 -9.374999999999234 0
-9.687499999999613 -9.062499999998849 0
-9.687499999999615 -8.749999999998467 0
-9.687499999999616 -8.437499999998082 0
-9.687499999999616 -8.124999999997698 0
-9.687499999999618 -7.812499999997312 0
-9.687499999999618 -7.499999999996936 0
-9.687499999999616 -7.187499999996567 0
-9.687499999999616 -6.874999999996207 0
-9.687499999999613 -6.562499999995843 0
-9.687499999999615 -6.249999999995482 0
-9.687499999999616 -5.937499999995118 0
-9.687499999999616 -5.624999999994755 0
-9.687499999999618 -5.312499999994392 0
-9.687499999999613 -4.999999999994031 0
-9.687499999999616 -4.687499999993671 0
-9.687499999999613 -4.374999999993308 0
-9.687499999999616 -4.062499999992946 0
-9.687499999999616 -3.749999999992582 0
-9.687499999999615 -3.43749999999222 0
-9.687499999999613 -3.124999999991857 0
-9.687499999999616 -2.812499999991498 0
-9.687499999999616 -2.499999999991134 0
-9.687499999999616 -2.187499999990773 0
-9.687499999999618 -1.874999999990405 0
-9.687499999999616 -1.56249999999002 0
-9.687499999999616 -1.249999999989636 0
-9.687499999999618 -0.9374999999892548 0
-9.687499999999616 -0.6249999999888702 0
-9.687499999999616 -0.3124999999884857 0
-9.687499999999616 1.189714993188318e-11 0
-9.687499999999616 0.3125000000122844 0
-9.687499999999616 0.625000000012669 0
-9.687499999999616 0.9375000000130553 0
-9.687499999999616 1.250000000013442 0
-9.687499999999616 1.562500000013828 0
-9.687499999999618 1.875000000014214 0
-9.687499999999616 2.187500000013575 0
-9.687499999999616 2.500000000012594 0
-9.687499999999616 2.812500000011614 0
-9.687499999999616 3.125000000010635 0
-9.687499999999618 3.437500000009655 0
-9.687499999999616 3.750000000008674 0
-9.687499999999616 4.062500000007692 0
-9.687499999999616 4.375000000006713 0
-9.687499999999616 4.687500000005732 0
-9.687499999999616 5.000000000004753 0
-9.687499999999616 5.312500000003774 0
-9.687499999999616 5.625000000002793 0
-9.687499999999616 5.937500000001814 0
-9.687499999999618 6.250000000000833 0
-9.687499999999616 6.562499999999853 0
-9.687499999999618 6.874999999998874 0
-9.687499999999616 7.187499999997893 0
-9.687499999999616 7.499999999997082 0
-9.687499999999618 7.812499999997299 0
-9.687499999999616 8.124999999997684 0
-9.687499999999616 8.437499999998071 0
-9.687499999999616 8.749999999998456 0
-9.687499999999616 9.062499999998842 0
-9.687499999999618 9.374999999999227 0
-9.687499999999618 9.687499999999616 0
-9.374999999999226 -9.687499999999616 0
-9.374999999999226 -9.374999999999236 0
-9.374999999999227 -9.062499999998847 0
-9.374999999999229 -8.749999999998465 0
-9.374999999999226 -8.437499999998082 0
-9.374999999999229 -8.124999999997698 0
-9.374999999999227 -7.812499999997312 0
-9.374999999999227 -7.499999999996936 0
-9.374999999999226 -7.187499999996589 0
-9.374999999999226 -6.874999999996251 0
-9.374999999999229 -6.562499999995909 0
-9.374999999999229 -6.249999999995568 0
-9.374999999999229 -5.937499999995228 0
-9.374999999999229 -5.624999999994886 0
-9.374999999999229 -5.312499999994546 0
-9.374999999999229 -4.999999999994202 0
-9.374999999999229 -4.687499999993865 0
-9.374999999999229 -4.374999999993523 0
-9.374999999999227 -4.062499999993184 0
-9.374999999999227 -3.749999999992841 0
-9.374999999999229 -3.437499999992501 0
-9.374999999999227 -3.12499999999216 0
-9.374999999999229 -2.812499999991823 0
-9.374999999999229 -2.499999999991481 0
-9.374999999999229 -2.18749999999114 0
-9.374999999999229 -1.874999999990789 0
-9.374999999999229 -1.562499999990405 0
-9.374999999999229 -1.249999999990021 0
-9.374999999999229 -0.9374999999896394 0
-9.374999999999229 -0.6249999999892539 0
-9.374999999999229 -0.3124999999888693 0
-9.374999999999229 1.151345685457272e-11 0
-9.374999999999229 0.3125000000119007 0
-9.374999999999229 0.6250000000122853 0
-9.374999999999229 0.9375000000126712 0
-9.374999999999229 1.250000000013058 0
-9.374999999999229 1.562500000013443 0
-9.374999999999229 1.87500000001383 0
-9.374999999999229 2.187500000013208 0
-9.374999999999229 2.500000000012247 0
-9.374999999999229 2.81250000001129 0
-9.374999999999227 3.125000000010331 0
-9.374999999999229 3.437500000009373 0
-9.374999999999227 3.750000000008414 0
-9.374999999999229 4.062500000007455 0
-9.374999999999233 4.375000000006497 0
-9.374999999999233 4.687500000005539 0
-9.374999999999229 5.000000000004579 0
-9.374999999999229 5.312500000003623 0
-9.374999999999229 5.625000000002664 0
-9.374999999999229 5.937500000001704 0
-9.374999999999233 6.250000000000746 0
-9.374999999999233 6.562499999999789 0
-9.374999999999231 6.874999999998829 0
-9.374999999999229 7.187499999997872 0
-9.374999999999233 7.499999999997081 0
-9.374999999999229 7.8124999999973 0
-9.374999999999231 8.124999999997684 0
-9.374999999999233 8.437499999998071 0
-9.374999999999233 8.749999999998458 0
-9.374999999999233 9.062499999998844 0
-9.374999999999231 9.374999999999226 0
-9.374999999999231 9.687499999999616 0
-9.062499999998842 -9.687499999999616 0
-9.062499999998842 -9.374999999999233 0
-9.06249999999884 -9.062499999998847 0
-9.062499999998842 -8.749999999998469 0
-9.062499999998842 -8.437499999998078 0
-9.062499999998842 -8.124999999997698 0
-9.062499999998842 -7.812499999997311 0
-9.062499999998844 -7.499999999996939 0
-9.062499999998845 -7.187499999996608 0
-9.062499999998844 -6.874999999996293 0
-9.062499999998844 -6.562499999995973 0
-9.062499999998844 -6.249999999995655 0
-9.062499999998842 -5.937499999995333 0
-9.062499999998845 -5.624999999995013 0
-9.062499999998842 -5.312499999994699 0
-9.062499999998842 -4.999999999994376 0
-9.062499999998842 -4.687499999994063 0
-9.062499999998845 -4.374999999993738 0
-9.062499999998842 -4.062499999993422 0
-9.062499999998845 -3.749999999993104 0
-9.062499999998845 -3.437499999992783 0
-9.062499999998847 -3.124999999992465 0
-9.062499999998845 -2.812499999992145 0
-9.062499999998845 -2.499999999991828 0
-9.062499999998845 -2.187499999991509 0
-9.062499999998845 -1.874999999991172 0
-9.062499999998845 -1.562499999990788 0
-9.062499999998845 -1.249999999990405 0
-9.062499999998845 -0.937499999990024 0
-9.062499999998845 -0.6249999999896385 0
-9.062499999998845 -0.3124999999892539 0
-9.062499999998845 1.112887559884257e-11 0
-9.062499999998845 0.3125000000115179 0
-9.062499999998845 0.6250000000119007 0
-9.062499999998845 0.9375000000122884 0
-9.062499999998845 1.250000000012675 0
-9.062499999998845 1.562500000013058 0
-9.062499999998845 1.875000000013446 0
-9.062499999998845 2.18750000001284 0
-9.062499999998845 2.500000000011902 0
-9.062499999998845 2.812500000010965 0
-9.062499999998845 3.125000000010029 0
-9.062499999998845 3.437500000009091 0
-9.062499999998845 3.750000000008156 0
-9.062499999998845 4.062500000007217 0
-9.062499999998845 4.375000000006282 0
-9.062499999998849 4.687500000005343 0
-9.062499999998845 5.000000000004407 0
-9.062499999998849 5.312500000003472 0
-9.062499999998845 5.625000000002533 0
-9.062499999998849 5.937500000001597 0
-9.062499999998849 6.250000000000659 0
-9.062499999998849 6.562499999999724 0
-9.062499999998849 6.874999999998788 0
-9.062499999998849 7.187499999997851 0
-9.062499999998849 7.49999999999708 0
-9.062499999998849 7.812499999997298 0
-9.062499999998845 8.124999999997684 0
-9.062499999998845 8.437499999998074 0
-9.062499999998849 8.749999999998456 0
-9.062499999998845 9.062499999998844 0
-9.062499999998849 9.374999999999229 0
-9.062499999998849 9.687499999999616 0
-8.74999999999846 -9.687499999999618 0
-8.749999999998455 -9.374999999999236 0
-8.749999999998458 -9.062499999998849 0
-8.749999999998458 -8.749999999998465 0
-8.749999999998462 -8.437499999998082 0
-8.74999999999846 -8.124999999997698 0
-8.74999999999846 -7.812499999997311 0
-8.749999999998456 -7.499999999996942 0
-8.749999999998456 -7.187499999996632 0
-8.749999999998458 -6.874999999996335 0
-8.74999999999846 -6.562499999996038 0
-8.749999999998458 -6.249999999995741 0
-8.74999999999846 -5.937499999995443 0
-8.74999999999846 -5.624999999995145 0
-8.74999999999846 -5.312499999994847 0
-8.749999999998458 -4.99999999999455 0
-8.749999999998458 -4.687499999994256 0
-8.749999999998458 -4.374999999993955 0
-8.749999999998458 -4.062499999993659 0
-8.749999999998458 -3.749999999993363 0
-8.74999999999846 -3.437499999993064 0
-8.749999999998458 -3.124999999992767 0
-8.749999999998462 -2.812499999992471 0
-8.749999999998462 -2.499999999992175 0
-8.749999999998462 -2.187499999991874 0
-8.749999999998463 -1.874999999991557 0
-8.74999999999846 -1.562499999991172 0
-8.749999999998462 -1.249999999990788 0
-8.749999999998462 -0.9374999999904068 0
-8.749999999998462 -0.6249999999900222 0
-8.749999999998462 -0.3124999999896367 0
-8.749999999998462 1.074518252153212e-11 0
-8.749999999998462 0.3125000000111315 0
-8.749999999998462 0.6250000000115161 0
-8.749999999998462 0.9375000000119034 0
-8.749999999998462 1.25000000001229 0
-8.749999999998462 1.562500000012676 0
-8.749999999998463 1.875000000013062 0
-8.749999999998463 2.187500000012472 0
-8.749999999998463 2.500000000011557 0
-8.749999999998462 2.812500000010641 0
-8.749999999998462 3.125000000009726 0
-8.749999999998462 3.43750000000881 0
-8.749999999998462 3.750000000007895 0
-8.749999999998462 4.06250000000698 0
-8.749999999998463 4.375000000006064 0
-8.749999999998463 4.68750000000515 0
-8.749999999998467 5.000000000004235 0
-8.749999999998462 5.312500000003319 0
-8.749999999998462 5.625000000002403 0
-8.749999999998463 5.937500000001489 0
-8.749999999998462 6.250000000000574 0
-8.749999999998465 6.56249999999966 0
-8.749999999998463 6.874999999998746 0
-8.749999999998467 7.18749999999783 0
-8.749999999998462 7.499999999997075 0
-8.749999999998467 7.812499999997299 0
-8.749999999998465 8.124999999997684 0
-8.749999999998467 8.437499999998074 0
-8.749999999998467 8.749999999998458 0
-8.749999999998467 9.062499999998844 0
-8.749999999998465 9.374999999999226 0
-8.749999999998467 9.687499999999616 0
-8.437499999998071 -9.687499999999616 0
-8.437499999998071 -9.374999999999236 0
-8.437499999998074 -9.062499999998849 0
-8.437499999998071 -8.749999999998465 0
-8.437499999998071 -8.437499999998078 0
-8.437499999998073 -8.124999999997696 0
-8.437499999998071 -7.812499999997314 0
-8.437499999998071 -7.499999999996945 0
-8.437499999998071 -7.187499999996652 0
-8.437499999998074 -6.874999999996378 0
-8.437499999998071 -6.562499999996102 0
-8.437499999998074 -6.249999999995829 0
-8.437499999998074 -5.93749999999555 0
-8.437499999998074 -5.624999999995274 0
-8.437499999998069 -5.312499999995 0
-8.437499999998074 -4.999999999994721 0
-8.437499999998073 -4.687499999994449 0
-8.437499999998073 -4.374999999994172 0
-8.437499999998074 -4.0624999999939 0
-8.437499999998074 -3.749999999993622 0
-8.437499999998073 -3.437499999993343 0
-8.437499999998074 -3.124999999993069 0
-8.437499999998073 -2.812499999992796 0
-8.437499999998073 -2.499999999992521 0
-8.437499999998074 -2.187499999992244 0
-8.437499999998074 -1.874999999991942 0
-8.437499999998074 -1.562499999991556 0
-8.437499999998073 -1.249999999991172 0
-8.437499999998078 -0.9374999999907905 0
-8.437499999998074 -0.6249999999904059 0
-8.437499999998073 -0.3124999999900222 0
-8.437499999998073 1.036060126580196e-11 0
-8.437499999998074 0.3125000000107478 0
-8.437499999998078 0.6250000000111342 0
-8.437499999998076 0.9375000000115206 0
-8.437499999998074 1.250000000011906 0
-8.437499999998078 1.562500000012292 0
-8.437499999998078 1.875000000012677 0
-8.437499999998078 2.187500000012104 0
-8.437499999998078 2.500000000011211 0
-8.437499999998076 2.812500000010317 0
-8.437499999998076 3.125000000009423 0
-8.437499999998078 3.437500000008529 0
-8.437499999998076 3.750000000007635 0
-8.437499999998078 4.062500000006743 0
-8.437499999998078 4.375000000005849 0
-8.437499999998076 4.687500000004954 0
-8.437499999998078 5.000000000004061 0
-8.437499999998082 5.312500000003168 0
-8.437499999998078 5.625000000002274 0
-8.437499999998082 5.937500000001381 0
-8.437499999998082 6.250000000000487 0
-8.437499999998076 6.562499999999594 0
-8.437499999998082 6.874999999998701 0
-8.437499999998082 7.187499999997809 0
-8.437499999998082 7.499999999997076 0
-8.437499999998082 7.8124999999973 0
-8.437499999998082 8.124999999997685 0
-8.437499999998082 8.437499999998073 0
-8.43749999999808 8.749999999998458 0
-8.437499999998082 9.062499999998844 0
-8.43749999999808 9.374999999999226 0
-8.43749999999808 9.687499999999616 0
-8.124999999997685 -9.687499999999616 0
-8.124999999997684 -9.374999999999234 0
-8.124999999997684 -9.062499999998849 0
-8.124999999997687 -8.749999999998465 0
-8.124999999997684 -8.43749999999808 0
-8.124999999997684 -8.124999999997698 0
-8.124999999997684 -7.812499999997311 0
-8.124999999997684 -7.499999999996946 0
-8.124999999997687 -7.187499999996675 0
-8.124999999997685 -6.874999999996422 0
-8.124999999997687 -6.562499999996168 0
-8.124999999997685 -6.249999999995913 0
-8.124999999997687 -5.93749999999566 0
-8.124999999997687 -5.624999999995405 0
-8.124999999997687 -5.312499999995149 0
-8.124999999997687 -4.999999999994893 0
-8.124999999997687 -4.687499999994644 0
-8.124999999997687 -4.374999999994388 0
-8.124999999997687 -4.062499999994136 0
-8.124999999997687 -3.749999999993881 0
-8.124999999997691 -3.437499999993625 0
-8.124999999997687 -3.124999999993372 0
-8.124999999997691 -2.812499999993119 0
-8.124999999997691 -2.499999999992865 0
-8.124999999997691 -2.187499999992611 0
-8.124999999997693 -1.874999999992325 0
-8.124999999997691 -1.56249999999194 0
-8.124999999997691 -1.249999999991558 0
-8.124999999997691 -0.9374999999911742 0
-8.124999999997691 -0.6249999999907905 0
-8.124999999997691 -0.312499999990405 0
-8.124999999997691 9.978684545330907e-12 0
-8.124999999997691 0.3125000000103642 0
-8.124999999997691 0.6250000000107487 0
-8.124999999997691 0.9375000000111351 0
-8.124999999997691 1.250000000011522 0
-8.124999999997691 1.562500000011907 0
-8.124999999997691 1.875000000012293 0
-8.124999999997691 2.187500000011736 0
-8.124999999997691 2.500000000010864 0
-8.124999999997691 2.812500000009992 0
-8.124999999997694 3.12500000000912 0
-8.124999999997694 3.437500000008249 0
-8.124999999997694 3.750000000007375 0
-8.124999999997694 4.062500000006505 0
-8.124999999997694 4.375000000005633 0
-8.124999999997694 4.687500000004761 0
-8.124999999997694 5.000000000003888 0
-8.124999999997694 5.312500000003017 0
-8.124999999997694 5.625000000002145 0
-8.124999999997694 5.937500000001272 0
-8.124999999997694 6.2500000000004 0
-8.124999999997694 6.56249999999953 0
-8.124999999997698 6.874999999998658 0
-8.124999999997698 7.187499999997788 0
-8.124999999997698 7.499999999997073 0
-8.124999999997698 7.8124999999973 0
-8.124999999997698 8.124999999997684 0
-8.1249999999977 8.437499999998074 0
-8.124999999997698 8.749999999998458 0
-8.1249999999977 9.062499999998844 0
-8.124999999997698 9.374999999999227 0
-8.124999999997698 9.687499999999616 0
-7.812499999997298 -9.687499999999618 0
-7.812499999997298 -9.374999999999234 0
-7.812499999997297 -9.062499999998845 0
-7.812499999997298 -8.749999999998463 0
-7.812499999997299 -8.437499999998076 0
-7.812499999997296 -8.124999999997694 0
-7.812499999997298 -7.812499999997311 0
-7.812499999997301 -7.499999999996951 0
-7.812499999997302 -7.187499999996696 0
-7.812499999997301 -6.874999999996462 0
-7.812499999997302 -6.562499999996231 0
-7.812499999997303 -6.249999999996001 0
-7.812499999997301 -5.937499999995768 0
-7.8124999999973 -5.624999999995532 0
-7.812499999997302 -5.312499999995302 0
-7.812499999997302 -4.999999999995069 0
-7.812499999997302 -4.68749999999484 0
-7.812499999997302 -4.374999999994605 0
-7.812499999997303 -4.062499999994375 0
-7.812499999997302 -3.749999999994142 0
-7.812499999997303 -3.437499999993906 0
-7.812499999997303 -3.124999999993674 0
-7.812499999997303 -2.812499999993442 0
-7.812499999997304 -2.499999999993214 0
-7.812499999997303 -2.18749999999298 0
-7.812499999997303 -1.874999999992708 0
-7.812499999997305 -1.562499999992324 0
-7.812499999997306 -1.249999999991941 0
-7.812499999997305 -0.9374999999915588 0
-7.812499999997306 -0.6249999999911733 0
-7.812499999997305 -0.3124999999907878 0
-7.812499999997305 9.593215111181053e-12 0
-7.812499999997306 0.3125000000099813 0
-7.812499999997306 0.625000000010365 0
-7.812499999997306 0.9375000000107518 0
-7.812499999997307 1.250000000011139 0
-7.812499999997307 1.562500000011524 0
-7.812499999997305 1.875000000011909 0
-7.812499999997308 2.187500000011369 0
-7.812499999997309 2.500000000010517 0
-7.812499999997307 2.812500000009667 0
-7.812499999997309 3.125000000008818 0
-7.812499999997308 3.437500000007968 0
-7.812499999997309 3.750000000007116 0
-7.81249999999731 4.062500000006267 0
-7.812499999997308 4.375000000005416 0
-7.812499999997309 4.687500000004567 0
-7.812499999997309 5.000000000003716 0
-7.81249999999731 5.312500000002867 0
-7.81249999999731 5.625000000002014 0
-7.812499999997309 5.937500000001164 0
-7.812499999997311 6.250000000000315 0
-7.81249999999731 6.562499999999466 0
-7.812499999997311 6.874999999998614 0
-7.812499999997309 7.187499999997764 0
-7.812499999997312 7.499999999997069 0
-7.812499999997313 7.8124999999973 0
-7.812499999997312 8.124999999997685 0
-7.812499999997314 8.437499999998073 0
-7.812499999997312 8.749999999998458 0
-7.812499999997312 9.062499999998844 0
-7.812499999997313 9.374999999999227 0
-7.812499999997312 9.687499999999616 0
-7.499999999997085 -9.687499999999618 0
-7.499999999997083 -9.374999999999231 0
-7.49999999999708 -9.062499999998847 0
-7.499999999997076 -8.749999999998465 0
-7.499999999997075 -8.437499999998078 0
-7.499999999997073 -8.124999999997694 0
-7.499999999997072 -7.812499999997313 0
-7.499999999997067 -7.499999999996952 0
-7.499999999997063 -7.187499999996717 0
-7.499999999997064 -6.874999999996509 0
-7.49999999999706 -6.562499999996296 0
-7.499999999997057 -6.249999999996085 0
-7.499999999997055 -5.937499999995874 0
-7.499999999997051 -5.624999999995664 0
-7.49999999999705 -5.31249999999545 0
-7.499999999997048 -4.999999999995241 0
-7.499999999997046 -4.687499999995035 0
-7.499999999997041 -4.374999999994821 0
-7.499999999997041 -4.062499999994613 0
-7.499999999997038 -3.7499999999944 0
-7.499999999997034 -3.437499999994189 0
-7.499999999997036 -3.124999999993979 0
-7.49999999999703 -2.812499999993769 0
-7.49999999999703 -2.499999999993558 0
-7.499999999997025 -2.187499999993348 0
-7.499999999997023 -1.874999999993092 0
-7.499999999997021 -1.562499999992708 0
-7.499999999997019 -1.249999999992323 0
-7.499999999997016 -0.9374999999919429 0
-7.499999999997014 -0.6249999999915579 0
-7.49999999999701 -0.3124999999911724 0
-7.499999999997009 9.211298390709999e-12 0
-7.499999999997007 0.3125000000095985 0
-7.499999999997005 0.6250000000099813 0
-7.499999999997003 0.9375000000103677 0
-7.499999999997 1.250000000010755 0
-7.499999999996996 1.56250000001114 0
-7.499999999996994 1.875000000011526 0
-7.499999999996993 2.187500000011001 0
-7.49999999999699 2.500000000010171 0
-7.499999999996986 2.812500000009343 0
-7.499999999996986 3.125000000008515 0
-7.499999999996982 3.437500000007686 0
-7.499999999996978 3.750000000006856 0
-7.499999999996978 4.062500000006028 0
-7.499999999996975 4.3750000000052 0
-7.499999999996971 4.687500000004372 0
-7.499999999996971 5.000000000003542 0
-7.499999999996968 5.312500000002716 0
-7.499999999996964 5.625000000001886 0
-7.499999999996962 5.937500000001057 0
-7.499999999996961 6.250000000000227 0
-7.499999999996956 6.5624999999994 0
-7.499999999996956 6.874999999998571 0
-7.499999999996954 7.187499999997745 0
-7.499999999996949 7.499999999997065 0
-7.499999999996948 7.812499999997301 0
-7.499999999996946 8.124999999997684 0
-7.499999999996942 8.437499999998074 0
-7.499999999996941 8.749999999998458 0
-7.499999999996939 9.062499999998844 0
-7.499999999996937 9.374999999999231 0
-7.499999999996934 9.687499999999616 0
-7.187499999997891 -9.687499999999616 0
-7.18749999999787 -9.374999999999236 0
-7.187499999997849 -9.062499999998847 0
-7.187499999997829 -8.749999999998465 0
-7.187499999997806 -8.437499999998078 0
-7.187499999997785 -8.124999999997696 0
-7.187499999997763 -7.812499999997313 0
-7.187499999997741 -7.499999999996953 0
-7.187499999997721 -7.187499999996738 0
-7.187499999997701 -6.874999999996551 0
-7.187499999997678 -6.562499999996362 0
-7.187499999997657 -6.249999999996172 0
-7.187499999997635 -5.937499999995983 0
-7.187499999997613 -5.624999999995792 0
-7.187499999997593 -5.312499999995604 0
-7.187499999997572 -4.999999999995413 0
-7.18749999999755 -4.68749999999523 0
-7.187499999997532 -4.37499999999504 0
-7.187499999997509 -4.062499999994851 0
-7.187499999997486 -3.74999999999466 0
-7.187499999997465 -3.43749999999447 0
-7.187499999997444 -3.124999999994281 0
-7.187499999997423 -2.812499999994094 0
-7.187499999997401 -2.499999999993905 0
-7.18749999999738 -2.187499999993714 0
-7.187499999997359 -1.874999999993476 0
-7.187499999997337 -1.562499999993091 0
-7.187499999997316 -1.249999999992708 0
-7.187499999997293 -0.937499999992327 0
-7.187499999997273 -0.6249999999919416 0
-7.187499999997251 -0.3124999999915552 0
-7.187499999997231 8.827605313399545e-12 0
-7.187499999997209 0.3125000000092149 0
-7.187499999997186 0.6250000000095985 0
-7.187499999997164 0.937500000009984 0
-7.187499999997144 1.25000000001037 0
-7.187499999997122 1.562500000010756 0
-7.187499999997101 1.875000000011142 0
-7.18749999999708 2.187500000010634 0
-7.187499999997058 2.500000000009825 0
-7.187499999997037 2.812500000009017 0
-7.187499999997016 3.125000000008213 0
-7.187499999996994 3.437500000007403 0
-7.187499999996973 3.750000000006596 0
-7.187499999996952 4.06250000000579 0
-7.18749999999693 4.375000000004984 0
-7.187499999996909 4.687500000004177 0
-7.187499999996888 5.000000000003368 0
-7.187499999996867 5.312500000002562 0
-7.187499999996845 5.625000000001757 0
-7.187499999996825 5.937500000000949 0
-7.187499999996803 6.250000000000141 0
-7.187499999996781 6.562499999999336 0
-7.187499999996759 6.874999999998528 0
-7.187499999996739 7.187499999997722 0
-7.187499999996717 7.499999999997064 0
-7.187499999996695 7.812499999997301 0
-7.187499999996675 8.124999999997684 0
-7.187499999996653 8.437499999998074 0
-7.187499999996631 8.749999999998458 0
-7.18749999999661 9.062499999998844 0
-7.187499999996588 9.374999999999226 0
-7.187499999996568 9.687499999999618 0
-6.874999999998872 -9.68749999999962 0
-6.87499999999883 -9.374999999999231 0
-6.874999999998786 -9.062499999998845 0
-6.874999999998743 -8.749999999998462 0
-6.8749999999987 -8.437499999998078 0
-6.874999999998658 -8.124999999997698 0
-6.874999999998614 -7.812499999997312 0
-6.87499999999857 -7.499999999996957 0
-6.874999999998528 -7.187499999996759 0
-6.874999999998485 -6.874999999996594 0
-6.874999999998442 -6.562499999996426 0
-6.8749999999984 -6.249999999996257 0
-6.874999999998356 -5.937499999996091 0
-6.874999999998314 -5.624999999995923 0
-6.874999999998269 -5.312499999995757 0
-6.874999999998227 -4.999999999995588 0
-6.874999999998185 -4.687499999995421 0
-6.874999999998142 -4.374999999995252 0
-6.874999999998098 -4.06249999999509 0
-6.874999999998057 -3.749999999994919 0
-6.874999999998011 -3.43749999999475 0
-6.87499999999797 -3.124999999994584 0
-6.874999999997926 -2.812499999994419 0
-6.874999999997883 -2.499999999994251 0
-6.874999999997842 -2.187499999994082 0
-6.874999999997799 -1.874999999993861 0
-6.874999999997755 -1.562499999993476 0
-6.874999999997712 -1.249999999993092 0
-6.87499999999767 -0.9374999999927107 0
-6.874999999997625 -0.6249999999923235 0
-6.874999999997581 -0.3124999999919407 0
-6.87499999999754 8.44302405766939e-12 0
-6.874999999997497 0.3125000000088285 0
-6.874999999997453 0.6250000000092149 0
-6.874999999997411 0.9375000000096003 0
-6.874999999997367 1.250000000009987 0
-6.874999999997325 1.562500000010372 0
-6.874999999997282 1.875000000010758 0
-6.874999999997238 2.187500000010266 0
-6.874999999997198 2.50000000000948 0
-6.874999999997153 2.812500000008694 0
-6.874999999997108 3.125000000007909 0
-6.874999999997067 3.437500000007123 0
-6.874999999997023 3.750000000006337 0
-6.87499999999698 4.062500000005553 0
-6.874999999996938 4.375000000004769 0
-6.874999999996894 4.687500000003983 0
-6.87499999999685 5.000000000003196 0
-6.874999999996808 5.312500000002412 0
-6.874999999996764 5.625000000001625 0
-6.874999999996721 5.93750000000084 0
-6.874999999996678 6.250000000000055 0
-6.874999999996636 6.562499999999272 0
-6.874999999996593 6.874999999998486 0
-6.874999999996551 7.187499999997702 0
-6.874999999996508 7.499999999997062 0
-6.874999999996465 7.812499999997302 0
-6.874999999996422 8.124999999997684 0
-6.874999999996378 8.437499999998074 0
-6.874999999996336 8.749999999998458 0
-6.874999999996291 9.062499999998842 0
-6.874999999996248 9.374999999999227 0
-6.874999999996207 9.687499999999618 0
-6.562499999999854 -9.687499999999616 0
-6.562499999999788 -9.374999999999233 0
-6.562499999999724 -9.062499999998845 0
-6.562499999999659 -8.749999999998462 0
-6.562499999999596 -8.437499999998076 0
-6.562499999999531 -8.124999999997696 0
-6.562499999999463 -7.812499999997314 0
-6.5624999999994 -7.499999999996959 0
-6.562499999999337 -7.18749999999678 0
-6.562499999999273 -6.874999999996636 0
-6.562499999999208 -6.562499999996492 0
-6.562499999999142 -6.249999999996344 0
-6.562499999999076 -5.937499999996199 0
-6.562499999999013 -5.624999999996052 0
-6.562499999998947 -5.312499999995905 0
-6.562499999998883 -4.999999999995758 0
-6.562499999998817 -4.687499999995618 0
-6.562499999998754 -4.374999999995469 0
-6.56249999999869 -4.062499999995327 0
-6.562499999998625 -3.749999999995178 0
-6.562499999998562 -3.437499999995031 0
-6.562499999998494 -3.124999999994886 0
-6.562499999998431 -2.812499999994742 0
-6.562499999998366 -2.499999999994595 0
-6.562499999998302 -2.18749999999445 0
-6.562499999998238 -1.874999999994246 0
-6.562499999998173 -1.562499999993861 0
-6.562499999998108 -1.249999999993477 0
-6.562499999998042 -0.9374999999930944 0
-6.562499999997979 -0.6249999999927094 0
-6.562499999997913 -0.3124999999923235 0
-6.562499999997849 8.060219158778636e-12 0
-6.562499999997784 0.3125000000084457 0
-6.562499999997719 0.6250000000088298 0
-6.562499999997655 0.9375000000092153 0
-6.562499999997588 1.250000000009602 0
-6.562499999997526 1.562500000009988 0
-6.56249999999746 1.875000000010374 0
-6.562499999997397 2.187500000009898 0
-6.562499999997333 2.500000000009134 0
-6.562499999997266 2.812500000008369 0
-6.5624999999972 3.125000000007605 0
-6.562499999997137 3.437500000006842 0
-6.562499999997073 3.750000000006079 0
-6.562499999997009 4.062500000005314 0
-6.562499999996943 4.375000000004552 0
-6.56249999999688 4.687500000003789 0
-6.562499999996813 5.000000000003024 0
-6.562499999996749 5.31250000000226 0
-6.562499999996685 5.625000000001496 0
-6.56249999999662 5.937500000000733 0
-6.562499999996556 6.24999999999997 0
-6.56249999999649 6.562499999999206 0
-6.562499999996427 6.874999999998443 0
-6.562499999996363 7.187499999997679 0
-6.562499999996298 7.499999999997058 0
-6.562499999996231 7.812499999997301 0
-6.562499999996167 8.124999999997684 0
-6.562499999996103 8.437499999998074 0
-6.562499999996039 8.749999999998458 0
-6.562499999995973 9.062499999998844 0
-6.562499999995909 9.374999999999226 0
-6.562499999995843 9.687499999999616 0
-6.250000000000833 -9.687499999999616 0
-6.250000000000746 -9.374999999999236 0
-6.250000000000662 -9.062499999998849 0
-6.250000000000573 -8.749999999998462 0
-6.250000000000488 -8.437499999998078 0
-6.250000000000399 -8.124999999997694 0
-6.250000000000314 -7.812499999997313 0
-6.250000000000226 -7.499999999996963 0
-6.250000000000142 -7.187499999996803 0
-6.250000000000056 -6.874999999996678 0
-6.24999999999997 -6.562499999996556 0
-6.249999999999882 -6.24999999999643 0
-6.249999999999797 -5.937499999996307 0
-6.24999999999971 -5.624999999996183 0
-6.249999999999623 -5.312499999996058 0
-6.249999999999536 -4.999999999995932 0
-6.249999999999453 -4.687499999995811 0
-6.249999999999367 -4.374999999995684 0
-6.249999999999281 -4.062499999995564 0
-6.249999999999194 -3.749999999995438 0
-6.249999999999106 -3.437499999995312 0
-6.249999999999019 -3.12499999999519 0
-6.249999999998933 -2.812499999995066 0
-6.249999999998846 -2.499999999994944 0
-6.249999999998764 -2.187499999994817 0
-6.249999999998675 -1.874999999994628 0
-6.249999999998589 -1.562499999994244 0
-6.249999999998503 -1.24999999999386 0
-6.249999999998415 -0.9374999999934781 0
-6.24999999999833 -0.6249999999930935 0
-6.249999999998244 -0.3124999999927072 0
-6.249999999998158 7.674749724628782e-12 0
-6.249999999998071 0.3125000000080611 0
-6.249999999997986 0.6250000000084466 0
-6.249999999997897 0.9375000000088334 0
-6.249999999997812 1.250000000009218 0
-6.249999999997726 1.562500000009604 0
-6.249999999997641 1.87500000000999 0
-6.249999999997551 2.18750000000953 0
-6.249999999997466 2.500000000008787 0
-6.24999999999738 2.812500000008045 0
-6.249999999997294 3.125000000007303 0
-6.249999999997207 3.43750000000656 0
-6.249999999997122 3.750000000005818 0
-6.249999999997036 4.062500000005076 0
-6.249999999996948 4.375000000004336 0
-6.249999999996863 4.687500000003594 0
-6.249999999996777 5.000000000002848 0
-6.249999999996691 5.312500000002109 0
-6.249999999996604 5.625000000001366 0
-6.249999999996517 5.937500000000625 0
-6.249999999996431 6.249999999999883 0
-6.249999999996343 6.562499999999141 0
-6.249999999996259 6.8749999999984 0
-6.249999999996172 7.187499999997659 0
-6.249999999996084 7.499999999997055 0
-6.249999999995999 7.812499999997302 0
-6.249999999995914 8.124999999997687 0
-6.249999999995827 8.437499999998074 0
-6.24999999999574 8.749999999998458 0
-6.249999999995655 9.062499999998842 0
-6.249999999995569 9.374999999999229 0
-6.249999999995481 9.687499999999616 0
-5.937500000001811 -9.687499999999618 0
-5.937500000001706 -9.374999999999236 0
-5.937500000001594 -9.062499999998845 0
-5.937500000001489 -8.749999999998462 0
-5.93750000000138 -8.437499999998078 0
-5.937500000001272 -8.124999999997696 0
-5.937500000001166 -7.812499999997312 0
-5.937500000001055 -7.499999999996964 0
-5.937500000000948 -7.187499999996823 0
-5.937500000000843 -6.874999999996724 0
-5.937500000000732 -6.56249999999662 0
-5.937500000000627 -6.249999999996517 0
-5.937500000000517 -5.937499999996414 0
-5.937500000000408 -5.62499999999631 0
-5.937500000000301 -5.312499999996208 0
-5.937500000000193 -4.999999999996105 0
-5.937500000000085 -4.687499999996009 0
-5.937499999999976 -4.374999999995903 0
-5.937499999999869 -4.062499999995802 0
-5.93749999999976 -3.749999999995698 0
-5.937499999999653 -3.437499999995594 0
-5.937499999999543 -3.124999999995492 0
-5.937499999999437 -2.812499999995392 0
-5.937499999999329 -2.499999999995289 0
-5.937499999999222 -2.187499999995187 0
-5.937499999999113 -1.874999999995013 0
-5.937499999999005 -1.562499999994629 0
-5.937499999998897 -1.249999999994245 0
-5.937499999998789 -0.9374999999938618 0
-5.93749999999868 -0.6249999999934768 0
-5.937499999998574 -0.3124999999930917 0
-5.937499999998465 7.291500736528178e-12 0
-5.937499999998356 0.3125000000076774 0
-5.937499999998249 0.6250000000080629 0
-5.93749999999814 0.9375000000084479 0
-5.937499999998033 1.250000000008834 0
-5.937499999997925 1.562500000009219 0
-5.937499999997817 1.875000000009606 0
-5.93749999999771 2.187500000009162 0
-5.9374999999976 2.500000000008441 0
-5.937499999997494 2.812500000007721 0
-5.937499999997385 3.125000000007001 0
-5.937499999997277 3.437500000006279 0
-5.93749999999717 3.75000000000556 0
-5.93749999999706 4.062500000004837 0
-5.937499999996954 4.37500000000412 0
-5.937499999996844 4.687500000003398 0
-5.937499999996737 5.000000000002677 0
-5.93749999999663 5.312500000001959 0
-5.937499999996522 5.625000000001238 0
-5.937499999996413 5.937500000000517 0
-5.937499999996307 6.249999999999797 0
-5.937499999996197 6.562499999999078 0
-5.937499999996089 6.874999999998356 0
-5.937499999995982 7.187499999997637 0
-5.937499999995873 7.499999999997055 0
-5.937499999995765 7.812499999997302 0
-5.937499999995656 8.124999999997687 0
-5.93749999999555 8.437499999998074 0
-5.937499999995442 8.749999999998458 0
-5.937499999995334 9.062499999998844 0
-5.937499999995226 9.374999999999229 0
-5.937499999995117 9.687499999999616 0
-5.625000000002795 -9.687499999999616 0
-5.625000000002664 -9.374999999999233 0
-5.625000000002532 -9.062499999998845 0
-5.625000000002405 -8.749999999998463 0
-5.625000000002275 -8.437499999998076 0
-5.625000000002144 -8.124999999997696 0
-5.625000000002016 -7.81249999999731 0
-5.625000000001886 -7.499999999996962 0
-5.625000000001754 -7.187499999996844 0
-5.625000000001627 -6.874999999996766 0
-5.625000000001497 -6.562499999996685 0
-5.625000000001368 -6.249999999996604 0
-5.625000000001237 -5.937499999996523 0
-5.625000000001108 -5.624999999996442 0
-5.62500000000098 -5.312499999996361 0
-5.625000000000849 -4.999999999996279 0
-5.625000000000719 -4.6874999999962 0
-5.62500000000059 -4.374999999996117 0
-5.62500000000046 -4.062499999996037 0
-5.625000000000332 -3.749999999995957 0
-5.6250000000002 -3.437499999995875 0
-5.625000000000071 -3.124999999995795 0
-5.62499999999994 -2.812499999995716 0
-5.624999999999812 -2.499999999995635 0
-5.624999999999682 -2.187499999995553 0
-5.624999999999553 -1.874999999995397 0
-5.624999999999423 -1.562499999995012 0
-5.624999999999295 -1.249999999994628 0
-5.624999999999163 -0.937499999994245 0
-5.624999999999034 -0.6249999999938622 0
-5.624999999998904 -0.3124999999934759 0
-5.624999999998774 6.907363570007874e-12 0
-5.624999999998645 0.3125000000072937 0
-5.624999999998516 0.6250000000076801 0
-5.624999999998385 0.9375000000080642 0
-5.624999999998256 1.25000000000845 0
-5.624999999998126 1.562500000008836 0
-5.624999999997998 1.875000000009222 0
-5.624999999997867 2.187500000008794 0
-5.624999999997739 2.500000000008094 0
-5.624999999997608 2.812500000007397 0
-5.624999999997479 3.125000000006697 0
-5.62499999999735 3.437500000005999 0
-5.624999999997221 3.750000000005301 0
-5.624999999997089 4.062500000004601 0
-5.624999999996961 4.375000000003904 0
-5.624999999996828 4.687500000003205 0
-5.624999999996701 5.000000000002505 0
-5.624999999996572 5.312500000001807 0
-5.624999999996443 5.625000000001108 0
-5.624999999996311 5.937500000000409 0
-5.624999999996183 6.24999999999971 0
-5.624999999996053 6.562499999999013 0
-5.624999999995924 6.874999999998314 0
-5.624999999995792 7.187499999997614 0
-5.624999999995665 7.499999999997052 0
-5.624999999995535 7.812499999997302 0
-5.624999999995405 8.124999999997687 0
-5.624999999995275 8.437499999998074 0
-5.624999999995145 8.749999999998456 0
-5.624999999995016 9.062499999998844 0
-5.624999999994886 9.374999999999231 0
-5.624999999994757 9.687499999999618 0
-5.312500000003773 -9.687499999999616 0
-5.312500000003623 -9.374999999999234 0
-5.312500000003473 -9.062499999998845 0
-5.31250000000332 -8.749999999998462 0
-5.312500000003166 -8.437499999998078 0
-5.312500000003016 -8.124999999997694 0
-5.312500000002863 -7.81249999999731 0
-5.312500000002712 -7.499999999996967 0
-5.31250000000256 -7.187499999996867 0
-5.312500000002411 -6.874999999996808 0
-5.31250000000226 -6.562499999996749 0
-5.312500000002109 -6.249999999996691 0
-5.312500000001956 -5.937499999996631 0
-5.312500000001804 -5.624999999996571 0
-5.312500000001654 -5.312499999996509 0
-5.312500000001503 -4.999999999996451 0
-5.312500000001352 -4.687499999996396 0
-5.312500000001203 -4.374999999996335 0
-5.312500000001049 -4.062499999996277 0
-5.312500000000897 -3.749999999996216 0
-5.312500000000746 -3.437499999996157 0
-5.312500000000595 -3.124999999996098 0
-5.312500000000444 -2.81249999999604 0
-5.312500000000294 -2.499999999995982 0
-5.31250000000014 -2.187499999995922 0
-5.312499999999993 -1.874999999995782 0
-5.312499999999838 -1.562499999995397 0
-5.312499999999689 -1.249999999995013 0
-5.312499999999535 -0.9374999999946305 0
-5.312499999999384 -0.624999999994245 0
-5.312499999999235 -0.3124999999938591 0
-5.312499999999082 6.52367049269742e-12 0
-5.312499999998932 0.3125000000069109 0
-5.31249999999878 0.6250000000072959 0
-5.312499999998629 0.937500000007681 0
-5.312499999998478 1.250000000008068 0
-5.312499999998327 1.562500000008451 0
-5.312499999998174 1.875000000008837 0
-5.312499999998024 2.187500000008427 0
-5.312499999997873 2.500000000007748 0
-5.312499999997721 2.812500000007071 0
-5.31249999999757 3.125000000006394 0
-5.312499999997419 3.437500000005718 0
-5.312499999997265 3.75000000000504 0
-5.312499999997117 4.062500000004364 0
-5.312499999996964 4.375000000003686 0
-5.312499999996813 4.687500000003009 0
-5.312499999996663 5.000000000002331 0
-5.312499999996512 5.312500000001656 0
-5.312499999996361 5.625000000000978 0
-5.312499999996207 5.9375000000003 0
-5.312499999996058 6.249999999999623 0
-5.312499999995905 6.562499999998947 0
-5.312499999995755 6.874999999998271 0
-5.312499999995604 7.187499999997594 0
-5.312499999995453 7.499999999997049 0
-5.312499999995302 7.812499999997303 0
-5.312499999995149 8.124999999997687 0
-5.312499999995 8.437499999998074 0
-5.312499999994847 8.749999999998458 0
-5.312499999994696 9.062499999998844 0
-5.312499999994545 9.374999999999229 0
-5.312499999994392 9.687499999999616 0
-5.000000000004753 -9.687499999999618 0
-5.00000000000458 -9.374999999999236 0
-5.000000000004405 -9.062499999998845 0
-5.000000000004235 -8.749999999998462 0
-5.000000000004063 -8.437499999998078 0
-5.000000000003887 -8.124999999997694 0
-5.000000000003714 -7.812499999997307 0
-5.000000000003542 -7.499999999996971 0
-5.000000000003368 -7.187499999996888 0
-5.000000000003196 -6.874999999996851 0
-5.000000000003025 -6.562499999996813 0
-5.000000000002851 -6.249999999996776 0
-5.000000000002678 -5.937499999996736 0
-5.000000000002505 -5.624999999996702 0
-5.000000000002332 -5.312499999996662 0
-5.000000000002157 -4.999999999996624 0
-5.000000000001985 -4.68749999999659 0
-5.000000000001812 -4.374999999996554 0
-5.00000000000164 -4.062499999996514 0
-5.000000000001465 -3.749999999996475 0
-5.000000000001295 -3.437499999996438 0
-5.000000000001121 -3.124999999996401 0
-5.000000000000949 -2.812499999996364 0
-5.000000000000774 -2.499999999996328 0
-5.000000000000602 -2.187499999996288 0
-5.00000000000043 -1.874999999996165 0
-5.000000000000256 -1.56249999999578 0
-5.000000000000083 -1.249999999995395 0
-4.999999999999909 -0.9374999999950138 0
-4.999999999999737 -0.6249999999946287 0
-4.999999999999565 -0.3124999999942433 0
-4.999999999999392 6.139533326177116e-12 0
-4.999999999999218 0.3125000000065281 0
-4.999999999999045 0.6250000000069109 0
-4.999999999998874 0.9375000000072977 0
-4.9999999999987 1.250000000007683 0
-4.999999999998527 1.562500000008067 0
-4.999999999998353 1.875000000008453 0
-4.999999999998181 2.187500000008059 0
-4.999999999998006 2.500000000007402 0
-4.999999999997835 2.812500000006747 0
-4.999999999997662 3.125000000006092 0
-4.99999999999749 3.437500000005436 0
-4.999999999997315 3.750000000004781 0
-4.999999999997144 4.062500000004126 0
-4.99999999999697 4.375000000003469 0
-4.999999999996796 4.687500000002816 0
-4.999999999996624 5.000000000002157 0
-4.999999999996451 5.312500000001505 0
-4.999999999996279 5.625000000000848 0
-4.999999999996106 5.937500000000193 0
-4.999999999995931 6.249999999999536 0
-4.999999999995759 6.562499999998882 0
-4.999999999995588 6.874999999998229 0
-4.999999999995412 7.187499999997572 0
-4.999999999995241 7.499999999997048 0
-4.999999999995068 7.812499999997302 0
-4.999999999994895 8.124999999997687 0
-4.999999999994722 8.437499999998074 0
-4.999999999994547 8.749999999998458 0
-4.999999999994376 9.062499999998844 0
-4.999999999994204 9.374999999999231 0
-4.999999999994031 9.687499999999616 0
-4.687500000005732 -9.687499999999616 0
-4.687500000005538 -9.374999999999233 0
-4.687500000005343 -9.062499999998847 0
-4.687500000005149 -8.749999999998458 0
-4.687500000004956 -8.437499999998076 0
-4.687500000004759 -8.124999999997694 0
-4.687500000004567 -7.812499999997311 0
-4.687500000004371 -7.49999999999697 0
-4.687500000004176 -7.187499999996909 0
-4.687500000003982 -6.874999999996893 0
-4.687500000003787 -6.562499999996879 0
-4.687500000003594 -6.249999999996863 0
-4.6875000000034 -5.937499999996847 0
-4.687500000003205 -5.624999999996829 0
-4.687500000003007 -5.312499999996815 0
-4.687500000002815 -4.999999999996797 0
-4.68750000000262 -4.687499999996787 0
-4.687500000002427 -4.374999999996766 0
-4.687500000002231 -4.062499999996753 0
-4.687500000002037 -3.749999999996736 0
-4.687500000001842 -3.437499999996719 0
-4.687500000001648 -3.124999999996703 0
-4.687500000001455 -2.81249999999669 0
-4.687500000001259 -2.499999999996674 0
-4.687500000001064 -2.187499999996658 0
-4.68750000000087 -1.874999999996549 0
-4.687500000000675 -1.562499999996164 0
-4.687500000000481 -1.249999999995779 0
-4.687500000000286 -0.937499999995397 0
-4.687500000000091 -0.6249999999950133 0
-4.687499999999897 -0.3124999999946279 0
-4.687499999999703 5.756728427286362e-12 0
-4.687499999999507 0.3125000000061431 0
-4.687499999999313 0.6250000000065263 0
-4.687499999999118 0.9375000000069131 0
-4.687499999998924 1.250000000007299 0
-4.68749999999873 1.562500000007685 0
-4.687499999998535 1.875000000008068 0
-4.68749999999834 2.187500000007691 0
-4.687499999998147 2.500000000007057 0
-4.687499999997952 2.812500000006422 0
-4.687499999997756 3.125000000005789 0
-4.687499999997562 3.437500000005155 0
-4.687499999997369 3.750000000004522 0
-4.687499999997174 4.062500000003888 0
-4.687499999996978 4.375000000003254 0
-4.687499999996785 4.68750000000262 0
-4.687499999996589 5.000000000001986 0
-4.687499999996395 5.312500000001353 0
-4.687499999996199 5.625000000000718 0
-4.687499999996005 5.937500000000087 0
-4.687499999995811 6.249999999999452 0
-4.687499999995618 6.562499999998819 0
-4.687499999995422 6.874999999998186 0
-4.687499999995227 7.18749999999755 0
-4.687499999995034 7.499999999997044 0
-4.68749999999484 7.812499999997303 0
-4.687499999994644 8.124999999997687 0
-4.687499999994451 8.437499999998074 0
-4.687499999994254 8.749999999998456 0
-4.687499999994063 9.062499999998844 0
-4.687499999993866 9.374999999999229 0
-4.687499999993671 9.687499999999616 0
-4.375000000006714 -9.687499999999616 0
-4.375000000006497 -9.374999999999234 0
-4.375000000006281 -9.062499999998845 0
-4.375000000006064 -8.74999999999846 0
-4.375000000005848 -8.437499999998078 0
-4.375000000005633 -8.124999999997694 0
-4.375000000005414 -7.812499999997308 0
-4.375000000005199 -7.499999999996978 0
-4.375000000004984 -7.18749999999693 0
-4.375000000004766 -6.874999999996936 0
-4.375000000004552 -6.562499999996943 0
-4.375000000004333 -6.249999999996948 0
-4.375000000004119 -5.937499999996954 0
-4.375000000003902 -5.62499999999696 0
-4.375000000003687 -5.312499999996965 0
-4.375000000003469 -4.99999999999697 0
-4.375000000003254 -4.687499999996978 0
-4.375000000003037 -4.374999999996981 0
-4.375000000002821 -4.062499999996989 0
-4.375000000002606 -3.749999999996995 0
-4.375000000002389 -3.437499999996998 0
-4.375000000002172 -3.124999999997005 0
-4.375000000001958 -2.812499999997012 0
-4.375000000001741 -2.499999999997018 0
-4.375000000001524 -2.187499999997024 0
-4.375000000001307 -1.874999999996932 0
-4.375000000001092 -1.562499999996549 0
-4.375000000000876 -1.249999999996164 0
-4.37500000000066 -0.9374999999957803 0
-4.375000000000444 -0.6249999999953961 0
-4.375000000000227 -0.3124999999950102 0
-4.375000000000011 5.373035349975908e-12 0
-4.374999999999794 0.3125000000057585 0
-4.374999999999579 0.6250000000061431 0
-4.374999999999362 0.9375000000065294 0
-4.374999999999146 1.250000000006914 0
-4.374999999998929 1.562500000007299 0
-4.374999999998712 1.875000000007685 0
-4.374999999998497 2.187500000007322 0
-4.37499999999828 2.50000000000671 0
-4.374999999998066 2.812500000006098 0
-4.374999999997849 3.125000000005486 0
-4.374999999997632 3.437500000004874 0
-4.374999999997416 3.750000000004261 0
-4.374999999997199 4.06250000000365 0
-4.374999999996984 4.375000000003038 0
-4.374999999996767 4.687500000002427 0
-4.374999999996552 5.000000000001812 0
-4.374999999996335 5.312500000001203 0
-4.374999999996119 5.625000000000588 0
-4.374999999995902 5.937499999999977 0
-4.374999999995687 6.249999999999366 0
-4.37499999999547 6.562499999998755 0
-4.374999999995254 6.874999999998144 0
-4.374999999995039 7.187499999997529 0
-4.374999999994823 7.499999999997043 0
-4.374999999994604 7.812499999997302 0
-4.374999999994388 8.124999999997689 0
-4.374999999994172 8.437499999998074 0
-4.374999999993957 8.749999999998458 0
-4.374999999993741 9.062499999998842 0
-4.374999999993525 9.374999999999229 0
-4.374999999993308 9.687499999999616 0
-4.062500000007693 -9.687499999999618 0
-4.062500000007455 -9.374999999999231 0
-4.062500000007219 -9.062499999998844 0
-4.062500000006978 -8.749999999998458 0
-4.062500000006743 -8.437499999998078 0
-4.062500000006503 -8.124999999997696 0
-4.062500000006268 -7.812499999997309 0
-4.06250000000603 -7.499999999996979 0
-4.062500000005792 -7.187499999996952 0
-4.062500000005554 -6.87499999999698 0
-4.062500000005316 -6.562499999997009 0
-4.062500000005077 -6.249999999997033 0
-4.062500000004839 -5.937499999997064 0
-4.062500000004601 -5.624999999997089 0
-4.062500000004365 -5.312499999997118 0
-4.062500000004127 -4.999999999997143 0
-4.062500000003889 -4.687499999997174 0
-4.06250000000365 -4.374999999997199 0
-4.062500000003413 -4.062499999997229 0
-4.062500000003174 -3.749999999997254 0
-4.062500000002936 -3.437499999997282 0
-4.062500000002699 -3.124999999997309 0
-4.06250000000246 -2.812499999997338 0
-4.062500000002225 -2.499999999997366 0
-4.062500000001984 -2.187499999997392 0
-4.062500000001748 -1.874999999997317 0
-4.06250000000151 -1.562499999996931 0
-4.06250000000127 -1.249999999996547 0
-4.062500000001033 -0.937499999996164 0
-4.062500000000796 -0.6249999999957798 0
-4.062500000000559 -0.3124999999953952 0
-4.062500000000321 4.989786361875304e-12 0
-4.062500000000082 0.3125000000053757 0
-4.062499999999845 0.6250000000057603 0
-4.062499999999607 0.9375000000061462 0
-4.06249999999937 1.250000000006531 0
-4.062499999999131 1.562500000006915 0
-4.062499999998894 1.875000000007301 0
-4.062499999998654 2.187500000006956 0
-4.062499999998417 2.500000000006365 0
-4.06249999999818 2.812500000005775 0
-4.062499999997942 3.125000000005184 0
-4.062499999997704 3.437500000004593 0
-4.062499999997466 3.750000000004002 0
-4.062499999997228 4.062500000003411 0
-4.062499999996989 4.375000000002823 0
-4.062499999996751 4.687500000002231 0
-4.062499999996515 5.00000000000164 0
-4.062499999996276 5.312500000001052 0
-4.062499999996039 5.62500000000046 0
-4.062499999995802 5.93749999999987 0
-4.062499999995563 6.249999999999277 0
-4.062499999995325 6.562499999998691 0
-4.062499999995087 6.874999999998098 0
-4.062499999994849 7.187499999997509 0
-4.062499999994613 7.499999999997041 0
-4.062499999994373 7.812499999997303 0
-4.062499999994137 8.124999999997689 0
-4.062499999993897 8.437499999998074 0
-4.062499999993661 8.749999999998458 0
-4.062499999993422 9.062499999998844 0
-4.062499999993185 9.374999999999229 0
-4.062499999992946 9.687499999999616 0
-3.750000000008672 -9.687499999999616 0
-3.750000000008414 -9.374999999999231 0
-3.750000000008155 -9.062499999998842 0
-3.750000000007895 -8.749999999998458 0
-3.750000000007635 -8.437499999998076 0
-3.750000000007375 -8.124999999997694 0
-3.750000000007117 -7.812499999997308 0
-3.750000000006858 -7.499999999996977 0
-3.750000000006598 -7.187499999996973 0
-3.750000000006338 -6.874999999997023 0
-3.750000000006078 -6.562499999997073 0
-3.75000000000582 -6.249999999997121 0
-3.75000000000556 -5.93749999999717 0
-3.750000000005301 -5.62499999999722 0
-3.75000000000504 -5.312499999997267 0
-3.75000000000478 -4.999999999997316 0
-3.750000000004523 -4.68749999999737 0
-3.750000000004262 -4.374999999997415 0
-3.750000000004003 -4.062499999997465 0
-3.750000000003743 -3.749999999997514 0
-3.750000000003483 -3.437499999997563 0
-3.750000000003225 -3.124999999997613 0
-3.750000000002963 -2.812499999997662 0
-3.750000000002705 -2.499999999997712 0
-3.750000000002445 -2.18749999999776 0
-3.750000000002187 -1.874999999997702 0
-3.750000000001926 -1.562499999997315 0
-3.750000000001666 -1.24999999999693 0
-3.750000000001407 -0.937499999996549 0
-3.750000000001147 -0.6249999999961631 0
-3.750000000000888 -0.3124999999957776 0
-3.750000000000628 4.605649195354999e-12 0
-3.750000000000369 0.3125000000049916 0
-3.75000000000011 0.6250000000053761 0
-3.74999999999985 0.9375000000057612 0
-3.749999999999591 1.250000000006148 0
-3.74999999999933 1.562500000006532 0
-3.749999999999071 1.875000000006918 0
-3.749999999998812 2.187500000006588 0
-3.749999999998552 2.500000000006018 0
-3.749999999998293 2.812500000005449 0
-3.749999999998033 3.12500000000488 0
-3.749999999997774 3.437500000004311 0
-3.749999999997513 3.750000000003742 0
-3.749999999997255 4.062500000003173 0
-3.749999999996996 4.375000000002606 0
-3.749999999996736 4.687500000002037 0
-3.749999999996476 5.000000000001467 0
-3.749999999996217 5.312500000000899 0
-3.749999999995957 5.62500000000033 0
-3.749999999995697 5.93749999999976 0
-3.749999999995437 6.249999999999192 0
-3.749999999995178 6.562499999998622 0
-3.749999999994918 6.874999999998055 0
-3.74999999999466 7.187499999997488 0
-3.7499999999944 7.499999999997036 0
-3.74999999999414 7.812499999997305 0
-3.74999999999388 8.124999999997687 0
-3.749999999993622 8.437499999998074 0
-3.749999999993362 8.749999999998458 0
-3.749999999993102 9.062499999998844 0
-3.749999999992843 9.374999999999231 0
-3.749999999992583 9.687499999999616 0
-3.437500000009655 -9.687499999999616 0
-3.437500000009372 -9.374999999999231 0
-3.437500000009091 -9.062499999998842 0
-3.437500000008811 -8.74999999999846 0
-3.437500000008528 -8.437499999998074 0
-3.437500000008246 -8.124999999997694 0
-3.437500000007966 -7.81249999999731 0
-3.437500000007685 -7.499999999996986 0
-3.437500000007403 -7.187499999996994 0
-3.437500000007123 -6.874999999997067 0
-3.437500000006841 -6.562499999997137 0
-3.437500000006561 -6.249999999997208 0
-3.437500000006279 -5.937499999997278 0
-3.437500000005999 -5.62499999999735 0
-3.437500000005716 -5.312499999997419 0
-3.437500000005436 -4.999999999997488 0
-3.437500000005154 -4.687499999997565 0
-3.437500000004873 -4.374999999997631 0
-3.437500000004592 -4.062499999997703 0
-3.43750000000431 -3.749999999997773 0
-3.43750000000403 -3.437499999997844 0
-3.437500000003749 -3.124999999997915 0
-3.437500000003468 -2.812499999997986 0
-3.437500000003186 -2.499999999998056 0
-3.437500000002903 -2.18749999999813 0
-3.437500000002624 -1.874999999998085 0
-3.437500000002343 -1.5624999999977 0
-3.437500000002061 -1.249999999997315 0
-3.43750000000178 -0.9374999999969331 0
-3.437500000001499 -0.6249999999965468 0
-3.437500000001219 -0.3124999999961626 0
-3.437500000000937 4.219735671995295e-12 0
-3.437500000000655 0.3125000000046083 0
-3.437500000000374 0.6250000000049925 0
-3.437500000000093 0.9375000000053784 0
-3.437499999999812 1.250000000005763 0
-3.43749999999953 1.562500000006148 0
-3.43749999999925 1.875000000006533 0
-3.437499999998967 2.18750000000622 0
-3.437499999998688 2.500000000005672 0
-3.437499999998406 2.812500000005125 0
-3.437499999998125 3.125000000004578 0
-3.437499999997844 3.437500000004031 0
-3.437499999997562 3.750000000003483 0
-3.437499999997281 4.062500000002936 0
-3.437499999996999 4.375000000002389 0
-3.437499999996719 4.687500000001842 0
-3.437499999996438 5.000000000001293 0
-3.437499999996156 5.312500000000748 0
-3.437499999995874 5.625000000000201 0
-3.437499999995594 5.937499999999654 0
-3.437499999995313 6.249999999999106 0
-3.437499999995031 6.562499999998559 0
-3.437499999994751 6.874999999998013 0
-3.43749999999447 7.187499999997467 0
-3.437499999994189 7.499999999997036 0
-3.437499999993907 7.812499999997305 0
-3.437499999993626 8.124999999997687 0
-3.437499999993344 8.437499999998074 0
-3.437499999993064 8.749999999998458 0
-3.437499999992782 9.062499999998845 0
-3.437499999992501 9.374999999999231 0
-3.43749999999222 9.687499999999616 0
-3.125000000010634 -9.687499999999618 0
-3.12500000001033 -9.374999999999233 0
-3.12500000001003 -9.062499999998845 0
-3.125000000009726 -8.749999999998458 0
-3.125000000009424 -8.437499999998078 0
-3.125000000009121 -8.124999999997694 0
-3.125000000008817 -7.812499999997307 0
-3.125000000008515 -7.499999999996986 0
-3.125000000008211 -7.187499999997017 0
-3.125000000007908 -6.87499999999711 0
-3.125000000007605 -6.562499999997202 0
-3.125000000007303 -6.249999999997295 0
-3.125000000007 -5.937499999997387 0
-3.125000000006696 -5.624999999997478 0
-3.125000000006394 -5.312499999997573 0
-3.125000000006092 -4.999999999997662 0
-3.125000000005789 -4.687499999997756 0
-3.125000000005486 -4.374999999997849 0
-3.125000000005184 -4.062499999997943 0
-3.125000000004881 -3.749999999998033 0
-3.125000000004577 -3.437499999998126 0
-3.125000000004275 -3.124999999998217 0
-3.125000000003972 -2.812499999998312 0
-3.125000000003669 -2.499999999998404 0
-3.125000000003366 -2.187499999998494 0
-3.125000000003064 -1.874999999998469 0
-3.12500000000276 -1.562499999998083 0
-3.125000000002458 -1.2499999999977 0
-3.125000000002154 -0.9374999999973177 0
-3.125000000001851 -0.6249999999969313 0
-3.125000000001549 -0.312499999996545 0
-3.125000000001246 3.836042594684841e-12 0
-3.125000000000943 0.3125000000042233 0
-3.12500000000064 0.6250000000046088 0
-3.125000000000338 0.9375000000049938 0
-3.125000000000035 1.250000000005379 0
-3.124999999999732 1.562500000005765 0
-3.124999999999429 1.87500000000615 0
-3.124999999999126 2.187500000005852 0
-3.124999999998823 2.500000000005326 0
-3.124999999998521 2.812500000004801 0
-3.124999999998218 3.125000000004276 0
-3.124999999997915 3.437500000003749 0
-3.124999999997613 3.750000000003224 0
-3.124999999997309 4.062500000002697 0
-3.124999999997007 4.375000000002172 0
-3.124999999996703 4.687500000001648 0
-3.124999999996401 5.000000000001121 0
-3.124999999996097 5.312500000000595 0
-3.124999999995795 5.625000000000069 0
-3.124999999995492 5.937499999999547 0
-3.124999999995189 6.249999999999021 0
-3.124999999994886 6.562499999998495 0
-3.124999999994583 6.87499999999797 0
-3.124999999994281 7.187499999997444 0
-3.124999999993978 7.499999999997033 0
-3.124999999993675 7.812499999997303 0
-3.124999999993372 8.124999999997691 0
-3.12499999999307 8.437499999998074 0
-3.124999999992766 8.749999999998458 0
-3.124999999992464 9.062499999998847 0
-3.124999999992161 9.374999999999231 0
-3.124999999991858 9.687499999999616 0
-2.812500000011615 -9.687499999999616 0
-2.812500000011288 -9.374999999999231 0
-2.812500000010965 -9.062499999998844 0
-2.812500000010641 -8.749999999998462 0
-2.812500000010316 -8.437499999998076 0
-2.812500000009992 -8.124999999997696 0
-2.812500000009666 -7.812499999997309 0
-2.812500000009343 -7.499999999996988 0
-2.812500000009019 -7.187499999997039 0
-2.812500000008694 -6.874999999997152 0
-2.81250000000837 -6.562499999997268 0
-2.812500000008045 -6.24999999999738 0
-2.812500000007722 -5.937499999997494 0
-2.812500000007396 -5.624999999997606 0
-2.812500000007071 -5.312499999997722 0
-2.812500000006747 -4.999999999997836 0
-2.812500000006424 -4.68749999999795 0
-2.812500000006099 -4.374999999998066 0
-2.812500000005773 -4.062499999998178 0
-2.812500000005448 -3.749999999998292 0
-2.812500000005124 -3.437499999998407 0
-2.812500000004801 -3.12499999999852 0
-2.812500000004475 -2.812499999998636 0
-2.812500000004151 -2.499999999998749 0
-2.812500000003827 -2.187499999998865 0
-2.812500000003502 -1.874999999998853 0
-2.812500000003177 -1.562499999998466 0
-2.812500000002853 -1.249999999998085 0
-2.812500000002529 -0.9374999999977005 0
-2.812500000002204 -0.6249999999973159 0
-2.81250000000188 -0.3124999999969291 0
-2.812500000001556 3.452793606584237e-12 0
-2.812500000001232 0.31250000000384 0
-2.812500000000908 0.6250000000042242 0
-2.812500000000583 0.9375000000046105 0
-2.812500000000258 1.250000000004994 0
-2.812499999999933 1.56250000000538 0
-2.812499999999609 1.875000000005765 0
-2.812499999999285 2.187500000005484 0
-2.812499999998959 2.50000000000498 0
-2.812499999998637 2.812500000004475 0
-2.812499999998311 3.125000000003972 0
-2.812499999997986 3.437500000003467 0
-2.812499999997661 3.750000000002964 0
-2.812499999997338 4.062500000002461 0
-2.812499999997014 4.375000000001957 0
-2.81249999999669 4.687500000001452 0
-2.812499999996365 5.000000000000949 0
-2.81249999999604 5.312500000000445 0
-2.812499999995715 5.62499999999994 0
-2.812499999995392 5.937499999999437 0
-2.812499999995067 6.249999999998932 0
-2.812499999994742 6.562499999998431 0
-2.812499999994418 6.874999999997928 0
-2.812499999994095 7.187499999997423 0
-2.812499999993769 7.49999999999703 0
-2.812499999993444 7.812499999997304 0
-2.812499999993121 8.124999999997691 0
-2.812499999992795 8.437499999998074 0
-2.81249999999247 8.749999999998456 0
-2.812499999992147 9.062499999998845 0
-2.812499999991823 9.374999999999229 0
-2.812499999991499 9.687499999999616 0
-2.500000000012594 -9.687499999999616 0
-2.500000000012248 -9.374999999999233 0
-2.500000000011902 -9.06249999999884 0
-2.500000000011558 -8.749999999998462 0
-2.500000000011211 -8.437499999998078 0
-2.500000000010864 -8.124999999997694 0
-2.500000000010519 -7.81249999999731 0
-2.500000000010172 -7.499999999996991 0
-2.500000000009827 -7.18749999999706 0
-2.50000000000948 -6.874999999997195 0
-2.500000000009134 -6.562499999997332 0
-2.500000000008787 -6.249999999997465 0
-2.500000000008442 -5.937499999997604 0
-2.500000000008094 -5.624999999997735 0
-2.50000000000775 -5.312499999997875 0
-2.500000000007403 -4.999999999998007 0
-2.500000000007057 -4.687499999998147 0
-2.500000000006711 -4.374999999998279 0
-2.500000000006365 -4.062499999998419 0
-2.500000000006019 -3.749999999998552 0
-2.500000000005672 -3.437499999998687 0
-2.500000000005326 -3.124999999998824 0
-2.500000000004981 -2.812499999998959 0
-2.500000000004634 -2.499999999999097 0
-2.500000000004289 -2.187499999999232 0
-2.500000000003942 -1.874999999999237 0
-2.500000000003595 -1.562499999998852 0
-2.50000000000325 -1.249999999998468 0
-2.500000000002905 -0.9374999999980842 0
-2.500000000002557 -0.6249999999976983 0
-2.500000000002212 -0.3124999999973137 0
-2.500000000001866 3.069100529273783e-12 0
-2.500000000001519 0.312500000003455 0
-2.500000000001173 0.6250000000038405 0
-2.500000000000827 0.9375000000042268 0
-2.500000000000481 1.250000000004611 0
-2.500000000000135 1.562500000004996 0
-2.49999999999979 1.87500000000538 0
-2.499999999999443 2.187500000005115 0
-2.499999999999097 2.500000000004634 0
-2.499999999998751 2.812500000004153 0
-2.499999999998404 3.12500000000367 0
-2.499999999998058 3.437500000003186 0
-2.499999999997712 3.750000000002705 0
-2.499999999997367 4.062500000002224 0
-2.49999999999702 4.375000000001741 0
-2.499999999996675 4.687500000001259 0
-2.499999999996328 5.000000000000774 0
-2.499999999995982 5.312500000000295 0
-2.499999999995637 5.624999999999812 0
-2.499999999995289 5.937499999999329 0
-2.499999999994944 6.249999999998847 0
-2.499999999994597 6.562499999998368 0
-2.49999999999425 6.874999999997883 0
-2.499999999993904 7.187499999997401 0
-2.499999999993559 7.499999999997028 0
-2.499999999993213 7.812499999997303 0
-2.499999999992867 8.124999999997691 0
-2.499999999992521 8.437499999998074 0
-2.499999999992173 8.749999999998458 0
-2.499999999991828 9.062499999998844 0
-2.499999999991483 9.374999999999229 0
-2.499999999991135 9.687499999999616 0
-2.187500000013575 -9.687499999999618 0
-2.187500000013206 -9.374999999999233 0
-2.187500000012839 -9.062499999998842 0
-2.18750000001247 -8.749999999998458 0
-2.187500000012104 -8.437499999998078 0
-2.187500000011736 -8.124999999997694 0
-2.187500000011368 -7.812499999997303 0
-2.187500000011001 -7.499999999996994 0
-2.187500000010632 -7.18749999999708 0
-2.187500000010265 -6.87499999999724 0
-2.187500000009897 -6.562499999997396 0
-2.187500000009528 -6.249999999997554 0
-2.187500000009162 -5.937499999997709 0
-2.187500000008793 -5.624999999997867 0
-2.187500000008425 -5.312499999998023 0
-2.187500000008058 -4.99999999999818 0
-2.187500000007691 -4.687499999998343 0
-2.187500000007322 -4.374999999998495 0
-2.187500000006954 -4.062499999998655 0
-2.187500000006587 -3.749999999998811 0
-2.187500000006221 -3.437499999998968 0
-2.18750000000585 -3.124999999999126 0
-2.187500000005484 -2.812499999999283 0
-2.187500000005116 -2.499999999999443 0
-2.187500000004748 -2.1874999999996 0
-2.187500000004381 -1.874999999999622 0
-2.187500000004013 -1.562499999999236 0
-2.187500000003645 -1.24999999999885 0
-2.187500000003277 -0.9374999999984688 0
-2.18750000000291 -0.624999999998082 0
-2.187500000002543 -0.312499999997697 0
-2.187500000002173 2.686295630383029e-12 0
-2.187500000001807 0.3125000000030718 0
-2.187500000001438 0.6250000000034568 0
-2.18750000000107 0.9375000000038418 0
-2.187500000000703 1.250000000004228 0
-2.187500000000335 1.562500000004612 0
-2.187499999999967 1.875000000004997 0
-2.1874999999996 2.187500000004749 0
-2.187499999999232 2.500000000004288 0
-2.187499999998864 2.812500000003827 0
-2.187499999998497 3.125000000003367 0
-2.187499999998129 3.437500000002906 0
-2.187499999997761 3.750000000002444 0
-2.187499999997393 4.062500000001984 0
-2.187499999997025 4.375000000001524 0
-2.187499999996657 4.687500000001064 0
-2.187499999996291 5.000000000000602 0
-2.187499999995922 5.312500000000142 0
-2.187499999995555 5.624999999999682 0
-2.187499999995187 5.93749999999922 0
-2.18749999999482 6.249999999998762 0
-2.187499999994451 6.562499999998301 0
-2.187499999994084 6.87499999999784 0
-2.187499999993715 7.187499999997381 0
-2.187499999993348 7.499999999997026 0
-2.187499999992979 7.812499999997303 0
-2.187499999992612 8.124999999997691 0
-2.187499999992243 8.437499999998074 0
-2.187499999991875 8.749999999998458 0
-2.187499999991509 9.062499999998847 0
-2.18749999999114 9.374999999999229 0
-2.187499999990773 9.687499999999616 0
-1.875000000014215 -9.687499999999616 0
-1.875000000013829 -9.374999999999229 0
-1.875000000013447 -9.062499999998842 0
-1.875000000013062 -8.749999999998462 0
-1.875000000012679 -8.437499999998076 0
-1.875000000012294 -8.124999999997691 0
-1.87500000001191 -7.812499999997305 0
-1.875000000011526 -7.499999999996993 0
-1.875000000011142 -7.187499999997102 0
-1.875000000010758 -6.874999999997282 0
-1.875000000010375 -6.562499999997462 0
-1.875000000009991 -6.249999999997639 0
-1.875000000009606 -5.937499999997816 0
-1.875000000009222 -5.624999999997995 0
-1.875000000008838 -5.312499999998177 0
-1.875000000008454 -4.999999999998353 0
-1.87500000000807 -4.687499999998535 0
-1.875000000007685 -4.374999999998712 0
-1.875000000007302 -4.062499999998893 0
-1.875000000006918 -3.749999999999072 0
-1.875000000006534 -3.437499999999248 0
-1.87500000000615 -3.124999999999428 0
-1.875000000005766 -2.812499999999608 0
-1.875000000005382 -2.49999999999979 0
-1.875000000004998 -2.187499999999967 0
-1.875000000004614 -1.875000000000006 0
-1.87500000000423 -1.562499999999619 0
-1.875000000003845 -1.249999999999235 0
-1.875000000003462 -0.9374999999988529 0
-1.875000000003078 -0.6249999999984661 0
-1.875000000002693 -0.3124999999980806 0
-1.87500000000231 2.303046642282425e-12 0
-1.875000000001926 0.3125000000026885 0
-1.875000000001542 0.6250000000030735 0
-1.875000000001158 0.9375000000034572 0
-1.875000000000774 1.250000000003843 0
-1.875000000000389 1.562500000004228 0
-1.875000000000005 1.875000000004612 0
-1.874999999999621 2.187500000004381 0
-1.874999999999237 2.500000000003942 0
-1.874999999998853 2.812500000003502 0
-1.874999999998469 3.125000000003064 0
-1.874999999998086 3.437500000002625 0
-1.874999999997701 3.750000000002185 0
-1.874999999997316 4.062500000001748 0
-1.874999999996933 4.375000000001307 0
-1.874999999996549 4.687500000000869 0
-1.874999999996165 5.000000000000431 0
-1.874999999995782 5.312499999999993 0
-1.874999999995396 5.624999999999552 0
-1.874999999995014 5.937499999999115 0
-1.87499999999463 6.249999999998674 0
-1.874999999994245 6.562499999998236 0
-1.874999999993861 6.874999999997799 0
-1.874999999993477 7.187499999997359 0
-1.874999999993093 7.499999999997023 0
-1.874999999992709 7.812499999997304 0
-1.874999999992325 8.124999999997691 0
-1.874999999991941 8.437499999998074 0
-1.874999999991557 8.749999999998458 0
-1.874999999991173 9.062499999998847 0
-1.87499999999079 9.374999999999231 0
-1.874999999990405 9.687499999999616 0
-1.562500000013826 -9.687499999999616 0
-1.562500000013442 -9.374999999999234 0
-1.562500000013058 -9.062499999998842 0
-1.562500000012675 -8.74999999999846 0
-1.562500000012291 -8.437499999998076 0
-1.562500000011906 -8.124999999997693 0
-1.562500000011523 -7.812499999997304 0
-1.562500000011139 -7.499999999996999 0
-1.562500000010754 -7.187499999997122 0
-1.562500000010371 -6.874999999997325 0
-1.562500000009987 -6.562499999997526 0
-1.562500000009603 -6.249999999997724 0
-1.56250000000922 -5.937499999997927 0
-1.562500000008835 -5.624999999998126 0
-1.562500000008451 -5.312499999998325 0
-1.562500000008067 -4.999999999998527 0
-1.562500000007684 -4.68749999999873 0
-1.562500000007299 -4.374999999998929 0
-1.562500000006915 -4.062499999999131 0
-1.562500000006531 -3.749999999999332 0
-1.562500000006147 -3.437499999999531 0
-1.562500000005763 -3.124999999999732 0
-1.562500000005378 -2.812499999999933 0
-1.562500000004996 -2.500000000000134 0
-1.562500000004611 -2.187500000000335 0
-1.562500000004227 -1.875000000000389 0
-1.562500000003843 -1.562500000000004 0
-1.562500000003459 -1.249999999999619 0
-1.562500000003075 -0.9374999999992357 0
-1.562500000002691 -0.6249999999988494 0
-1.562500000002307 -0.3124999999984652 0
-1.562500000001923 1.918909475762121e-12 0
-1.56250000000154 0.3125000000023044 0
-1.562500000001156 0.6250000000026898 0
-1.562500000000771 0.9375000000030731 0
-1.562500000000387 1.250000000003459 0
-1.562500000000003 1.562500000003844 0
-1.562499999999619 1.875000000004229 0
-1.562499999999236 2.187500000004013 0
-1.562499999998851 2.500000000003595 0
-1.562499999998468 2.812500000003178 0
-1.562499999998084 3.125000000002761 0
-1.562499999997699 3.437500000002343 0
-1.562499999997316 3.750000000001926 0
-1.562499999996932 4.062500000001508 0
-1.562499999996547 4.375000000001093 0
-1.562499999996163 4.687500000000675 0
-1.56249999999578 5.000000000000256 0
-1.562499999995396 5.312499999999842 0
-1.562499999995011 5.624999999999421 0
-1.562499999994627 5.937499999999005 0
-1.562499999994245 6.249999999998588 0
-1.56249999999386 6.562499999998171 0
-1.562499999993476 6.874999999997756 0
-1.562499999993093 7.187499999997338 0
-1.562499999992708 7.499999999997019 0
-1.562499999992323 7.812499999997305 0
-1.562499999991941 8.124999999997691 0
-1.562499999991557 8.437499999998074 0
-1.562499999991172 8.749999999998458 0
-1.562499999990789 9.062499999998847 0
-1.562499999990404 9.374999999999229 0
-1.56249999999002 9.687499999999616 0
-1.250000000013441 -9.687499999999618 0
-1.250000000013057 -9.374999999999229 0
-1.250000000012673 -9.06249999999884 0
-1.250000000012289 -8.749999999998458 0
-1.250000000011905 -8.437499999998076 0
-1.250000000011522 -8.124999999997694 0
-1.250000000011138 -7.812499999997311 0
-1.250000000010753 -7.499999999996998 0
-1.250000000010369 -7.187499999997145 0
-1.250000000009986 -6.874999999997367 0
-1.250000000009602 -6.562499999997589 0
-1.250000000009218 -6.249999999997812 0
-1.250000000008834 -5.937499999998034 0
-1.25000000000845 -5.624999999998257 0
-1.250000000008066 -5.312499999998478 0
-1.250000000007681 -4.999999999998699 0
-1.250000000007298 -4.687499999998925 0
-1.250000000006914 -4.374999999999146 0
-1.25000000000653 -4.062499999999369 0
-1.250000000006146 -3.74999999999959 0
-1.250000000005762 -3.437499999999813 0
-1.250000000005379 -3.125000000000035 0
-1.250000000004996 -2.812500000000258 0
-1.250000000004611 -2.50000000000048 0
-1.250000000004226 -2.187500000000702 0
-1.250000000003842 -1.875000000000773 0
-1.250000000003459 -1.562500000000388 0
-1.250000000003075 -1.250000000000004 0
-1.25000000000269 -0.9374999999996203 0
-1.250000000002307 -0.6249999999992344 0
-1.250000000001923 -0.3124999999988476 0
-1.250000000001539 1.534772309241816e-12 0
-1.250000000001155 0.3125000000019216 0
-1.25000000000077 0.6250000000023053 0
-1.250000000000387 0.9375000000026903 0
-1.250000000000004 1.250000000003076 0
-1.249999999999619 1.56250000000346 0
-1.249999999999235 1.875000000003845 0
-1.249999999998852 2.187500000003645 0
-1.249999999998467 2.500000000003249 0
-1.249999999998083 2.812500000002853 0
-1.249999999997699 3.125000000002458 0
-1.249999999997315 3.437500000002062 0
-1.249999999996932 3.750000000001666 0
-1.249999999996548 4.062500000001271 0
-1.249999999996163 4.375000000000876 0
-1.24999999999578 4.687500000000481 0
-1.249999999995395 5.000000000000083 0
-1.249999999995012 5.312499999999689 0
-1.249999999994628 5.624999999999294 0
-1.249999999994244 5.937499999998897 0
-1.24999999999386 6.249999999998502 0
-1.249999999993476 6.562499999998108 0
-1.249999999993092 6.874999999997713 0
-1.249999999992708 7.187499999997316 0
-1.249999999992324 7.499999999997017 0
-1.249999999991941 7.812499999997305 0
-1.249999999991556 8.124999999997691 0
-1.249999999991172 8.437499999998074 0
-1.249999999990789 8.749999999998458 0
-1.249999999990404 9.062499999998845 0
-1.24999999999002 9.374999999999233 0
-1.249999999989636 9.687499999999616 0
-0.9375000000130564 -9.687499999999616 0
-0.9375000000126729 -9.374999999999229 0
-0.9375000000122894 -9.062499999998844 0
-0.9375000000119043 -8.749999999998458 0
-0.9375000000115208 -8.437499999998078 0
-0.9375000000111373 -8.124999999997691 0
-0.9375000000107525 -7.812499999997305 0
-0.9375000000103694 -7.499999999997003 0
-0.9375000000099855 -7.187499999997165 0
-0.9375000000096014 -6.874999999997412 0
-0.9375000000092176 -6.562499999997653 0
-0.9375000000088333 -6.249999999997899 0
-0.93750000000845 -5.937499999998142 0
-0.9375000000080655 -5.624999999998385 0
-0.9375000000076827 -5.312499999998627 0
-0.9375000000072975 -4.999999999998872 0
-0.9375000000069142 -4.687499999999121 0
-0.9375000000065297 -4.374999999999362 0
-0.9375000000061462 -4.062499999999607 0
-0.9375000000057625 -3.749999999999851 0
-0.9375000000053781 -3.437500000000094 0
-0.9375000000049951 -3.125000000000338 0
-0.937500000004611 -2.812500000000582 0
-0.9375000000042273 -2.500000000000828 0
-0.9375000000038429 -2.187500000001071 0
-0.9375000000034592 -1.875000000001158 0
-0.9375000000030749 -1.562500000000772 0
-0.9375000000026914 -1.250000000000387 0
-0.9375000000023075 -0.937500000000004 0
-0.9375000000019238 -0.6249999999996185 0
-0.9375000000015403 -0.3124999999992335 0
-0.9375000000011555 1.150191053511662e-12 0
-0.9375000000007723 0.312500000001537 0
-0.9375000000003881 0.6250000000019202 0
-0.937500000000004 0.9375000000023062 0
-0.9374999999996203 1.250000000002691 0
-0.9374999999992362 1.562500000003077 0
-0.9374999999988531 1.875000000003461 0
-0.9374999999984688 2.187500000003278 0
-0.9374999999980844 2.500000000002903 0
-0.9374999999977005 2.812500000002528 0
-0.9374999999973173 3.125000000002155 0
-0.9374999999969336 3.437500000001781 0
-0.937499999996549 3.750000000001407 0
-0.9374999999961655 4.062500000001034 0
-0.9374999999957816 4.37500000000066 0
-0.9374999999953983 4.687500000000286 0
-0.9374999999950142 4.99999999999991 0
-0.9374999999946283 5.312499999999538 0
-0.9374999999942455 5.624999999999163 0
-0.9374999999938618 5.937499999998789 0
-0.9374999999934781 6.249999999998414 0
-0.9374999999930942 6.562499999998044 0
-0.9374999999927109 6.874999999997669 0
-0.9374999999923261 7.187499999997295 0
-0.9374999999919427 7.499999999997016 0
-0.9374999999915596 7.812499999997307 0
-0.9374999999911746 8.124999999997691 0
-0.9374999999907905 8.437499999998074 0
-0.9374999999904068 8.749999999998458 0
-0.9374999999900226 9.062499999998849 0
-0.937499999989639 9.374999999999229 0
-0.937499999989255 9.687499999999616 0
-0.6250000000126681 -9.687499999999616 0
-0.625000000012284 -9.374999999999227 0
-0.6250000000119001 -9.062499999998842 0
-0.6250000000115165 -8.749999999998462 0
-0.6250000000111322 -8.437499999998078 0
-0.6250000000107494 -8.124999999997693 0
-0.6250000000103647 -7.812499999997306 0
-0.6250000000099817 -7.499999999997006 0
-0.6250000000095977 -7.187499999997187 0
-0.6250000000092131 -6.874999999997453 0
-0.6250000000088302 -6.562499999997719 0
-0.625000000008446 -6.249999999997984 0
-0.6250000000080621 -5.937499999998251 0
-0.6250000000076794 -5.624999999998515 0
-0.6250000000072953 -5.31249999999878 0
-0.6250000000069114 -4.999999999999045 0
-0.6250000000065274 -4.687499999999311 0
-0.6250000000061431 -4.374999999999579 0
-0.6250000000057594 -4.062499999999846 0
-0.6250000000053755 -3.750000000000109 0
-0.6250000000049918 -3.437500000000375 0
-0.6250000000046079 -3.125000000000639 0
-0.6250000000042246 -2.812500000000906 0
-0.6250000000038396 -2.500000000001174 0
-0.6250000000034559 -2.187500000001438 0
-0.6250000000030724 -1.875000000001541 0
-0.6250000000026885 -1.562500000001154 0
-0.6250000000023048 -1.250000000000771 0
-0.6250000000019211 -0.9375000000003872 0
-0.6250000000015374 -0.6250000000000022 0
-0.6250000000011529 -0.3124999999996159 0
-0.6250000000007692 7.669420654110581e-13 0
-0.6250000000003857 0.3125000000011524 0
-0.6250000000000018 0.6250000000015379 0
-0.6249999999996181 0.9375000000019229 0
-0.6249999999992339 1.250000000002307 0
-0.6249999999988509 1.562500000002692 0
-0.6249999999984666 1.875000000003077 0
-0.6249999999980813 2.18750000000291 0
-0.624999999997699 2.500000000002558 0
-0.624999999997315 2.812500000002205 0
-0.6249999999969313 3.125000000001852 0
-0.6249999999965479 3.437500000001499 0
-0.6249999999961635 3.750000000001147 0
-0.6249999999957803 4.062500000000795 0
-0.624999999995397 4.375000000000442 0
-0.6249999999950122 4.687500000000091 0
-0.6249999999946287 4.999999999999737 0
-0.6249999999942444 5.312499999999386 0
-0.6249999999938602 5.624999999999033 0
-0.6249999999934768 5.937499999998681 0
-0.6249999999930926 6.249999999998328 0
-0.6249999999927085 6.562499999997979 0
-0.6249999999923257 6.874999999997627 0
-0.6249999999919416 7.187499999997273 0
-0.6249999999915572 7.499999999997012 0
-0.6249999999911733 7.812499999997305 0
-0.6249999999907905 8.124999999997691 0
-0.6249999999904057 8.437499999998074 0
-0.6249999999900218 8.749999999998462 0
-0.624999999989639 9.062499999998847 0
-0.6249999999892542 9.374999999999231 0
-0.6249999999888702 9.687499999999616 0
-0.312500000012283 -9.687499999999618 0
-0.3125000000118995 -9.374999999999233 0
-0.3125000000115153 -9.06249999999884 0
-0.312500000011131 -8.749999999998458 0
-0.3125000000107486 -8.437499999998078 0
-0.3125000000103643 -8.124999999997691 0
-0.3125000000099801 -7.812499999997305 0
-0.3125000000095962 -7.499999999997007 0
-0.3125000000092116 -7.187499999997208 0
-0.3125000000088285 -6.874999999997495 0
-0.3125000000084442 -6.562499999997785 0
-0.3125000000080604 -6.249999999998072 0
-0.3125000000076772 -5.937499999998359 0
-0.3125000000072936 -5.624999999998646 0
-0.3125000000069095 -5.312499999998933 0
-0.3125000000065254 -4.999999999999218 0
-0.3125000000061419 -4.687499999999508 0
-0.3125000000057578 -4.374999999999796 0
-0.3125000000053741 -4.062500000000085 0
-0.3125000000049901 -3.750000000000369 0
-0.3125000000046065 -3.437500000000655 0
-0.3125000000042224 -3.125000000000943 0
-0.3125000000038383 -2.812500000001231 0
-0.3125000000034548 -2.50000000000152 0
-0.3125000000030705 -2.187500000001807 0
-0.3125000000026867 -1.875000000001926 0
-0.3125000000023037 -1.562500000001539 0
-0.312500000001919 -1.250000000001156 0
-0.3125000000015361 -0.9375000000007727 0
-0.3125000000011513 -0.6250000000003855 0
-0.3125000000007676 -0.3125 0
-0.3125000000003841 3.82804898890754e-13 0
-0.3125000000000003 0.3125000000007696 0
-0.3124999999996165 0.6250000000011537 0
-0.3124999999992331 0.9375000000015383 0
-0.3124999999988488 1.250000000001924 0
-0.312499999998465 1.562500000002308 0
-0.3124999999980811 1.875000000002692 0
-0.3124999999976973 2.187500000002542 0
-0.3124999999973139 2.500000000002212 0
-0.3124999999969297 2.81250000000188 0
-0.3124999999965454 3.125000000001549 0
-0.312499999996162 3.437500000001219 0
-0.3124999999957786 3.750000000000888 0
-0.3124999999953944 4.062500000000557 0
-0.3124999999950104 4.375000000000227 0
-0.3124999999946266 4.687499999999897 0
-0.3124999999942433 4.999999999999565 0
-0.312499999993859 5.312499999999235 0
-0.3124999999934748 5.624999999998904 0
-0.3124999999930909 5.937499999998574 0
-0.3124999999927076 6.249999999998243 0
-0.3124999999923237 6.562499999997912 0
-0.3124999999919393 6.874999999997582 0
-0.3124999999915565 7.187499999997252 0
-0.3124999999911726 7.49999999999701 0
-0.3124999999907879 7.812499999997305 0
-0.312499999990405 8.124999999997691 0
-0.3124999999900211 8.437499999998074 0
-0.3124999999896373 8.749999999998462 0
-0.3124999999892526 9.062499999998845 0
-0.3124999999888696 9.374999999999233 0
-0.3124999999884859 9.687499999999616 0
-1.189887077757087e-11 -9.687499999999616 0
-1.151514994468433e-11 -9.374999999999226 0
-1.113228953464187e-11 -9.062499999998842 0
-1.074768052333563e-11 -8.749999999998462 0
-1.036404295717594e-11 -8.437499999998078 0
-9.979295167991614e-12 -8.124999999997691 0
-9.596545780251618e-12 -7.812499999997303 0
-9.210965323798934e-12 -7.499999999997009 0
-8.828049402605992e-12 -7.187499999997231 0
-8.444578369900841e-12 -6.87499999999754 0
-8.060663247985842e-12 -6.562499999997849 0
-7.676859148373305e-12 -6.249999999998159 0
-7.292944026458304e-12 -5.937499999998467 0
-6.909139926845766e-12 -5.624999999998773 0
-6.52533582723323e-12 -5.312499999999083 0
-6.141975816830541e-12 -4.999999999999392 0
-5.757727628008156e-12 -4.687499999999702 0
-5.374145573000543e-12 -4.375000000000009 0
-4.990119428783081e-12 -4.062500000000322 0
-4.606537373775469e-12 -3.750000000000628 0
-4.223399407977706e-12 -3.437500000000936 0
-3.839817352970094e-12 -3.125000000001247 0
-3.455791208752634e-12 -2.812500000001555 0
-3.071543019930246e-12 -2.500000000001865 0
-2.687072786502933e-12 -2.187500000002174 0
-2.303268686890181e-12 -1.875000000002309 0
-1.919464587276792e-12 -1.562500000001923 0
-1.536104576873253e-12 -1.250000000001539 0
-1.152300477259863e-12 -0.9375000000011551 0
-7.684963776464736e-13 -0.6250000000007687 0
-3.851363672429345e-13 -0.3125000000003841 0
-8.881784196952785e-16 -4.440892098500626e-16 0
3.829159211936915e-13 0.312500000000385 0
7.658318423873813e-13 0.6250000000007701 0
1.150524120420473e-12 0.9375000000011551 0
1.534772309243711e-12 1.25000000000154 0
1.918576408857097e-12 1.562500000001924 0
2.302380508470489e-12 1.875000000002309 0
2.685740518873388e-12 2.187500000002174 0
3.069544618485927e-12 2.500000000001865 0
3.452904628888613e-12 2.812500000001556 0
3.836264639291301e-12 3.125000000001246 0
4.220068738903839e-12 3.437500000000937 0
4.604761016936077e-12 3.750000000000629 0
4.988565116548613e-12 4.062500000000319 0
5.372813305371002e-12 4.375000000000011 0
5.75617331577369e-12 4.687499999999703 0
6.139977415386223e-12 4.999999999999391 0
6.523781514998764e-12 5.312499999999084 0
6.9075856146113e-12 5.624999999998773 0
7.291833803433685e-12 5.937499999998465 0
7.676081992256074e-12 6.249999999998158 0
8.058997913448912e-12 6.562499999997848 0
8.442802013061451e-12 6.87499999999754 0
8.826606112673986e-12 7.187499999997231 0
9.211298390706335e-12 7.499999999997009 0
9.594214311899916e-12 7.812499999997307 0
9.978018411513305e-12 8.124999999997691 0
1.036271068954639e-11 8.437499999998074 0
1.074562661074008e-11 8.749999999998462 0
1.112943071035347e-11 9.062499999998847 0
1.151323480996685e-11 9.374999999999229 0
1.189703890958024e-11 9.687499999999616 0
0.312499999988487 -9.687499999999618 0
0.3124999999888703 -9.374999999999229 0
0.3124999999892546 -9.062499999998842 0
0.3124999999896371 -8.749999999998458 0
0.3124999999900214 -8.437499999998078 0
0.3124999999904055 -8.124999999997691 0
0.3124999999907896 -7.812499999997306 0
0.3124999999911745 -7.499999999997013 0
0.3124999999915582 -7.187499999997252 0
0.312499999991941 -6.874999999997582 0
0.3124999999923245 -6.562499999997913 0
0.3124999999927084 -6.249999999998243 0
0.312499999993092 -5.937499999998573 0
0.3124999999934756 -5.624999999998904 0
0.3124999999938607 -5.312499999999236 0
0.3124999999942448 -4.999999999999565 0
0.3124999999946286 -4.687499999999898 0
0.3124999999950118 -4.375000000000226 0
0.3124999999953959 -4.06250000000056 0
0.3124999999957795 -3.750000000000887 0
0.3124999999961635 -3.437500000001219 0
0.3124999999965468 -3.125000000001549 0
0.3124999999969315 -2.81250000000188 0
0.3124999999973141 -2.500000000002212 0
0.3124999999976984 -2.187500000002541 0
0.3124999999980826 -1.875000000002693 0
0.3124999999984663 -1.562500000002308 0
0.3124999999988506 -1.250000000001922 0
0.3124999999992335 -0.9375000000015392 0
0.3124999999996174 -0.6250000000011533 0
0.3125000000000021 -0.3125000000007678 0
0.3125000000003855 -3.841371665203042e-13 0
0.3125000000007693 0.3125000000000013 0
0.3125000000011531 0.6250000000003864 0
0.312500000001537 0.9375000000007714 0
0.3125000000019217 1.250000000001156 0
0.312500000002305 1.56250000000154 0
0.3125000000026885 1.875000000001925 0
0.3125000000030713 2.187500000001807 0
0.3125000000034561 2.500000000001519 0
0.3125000000038399 2.812500000001232 0
0.3125000000042237 3.125000000000944 0
0.3125000000046076 3.437500000000655 0
0.3125000000049915 3.750000000000369 0
0.3125000000053757 4.062500000000081 0
0.3125000000057601 4.374999999999794 0
0.3125000000061434 4.687499999999508 0
0.3125000000065272 4.999999999999218 0
0.3125000000069106 5.312499999998933 0
0.3125000000072944 5.624999999998643 0
0.3125000000076787 5.937499999998357 0
0.3125000000080621 6.249999999998069 0
0.312500000008445 6.562499999997785 0
0.3125000000088298 6.874999999997495 0
0.3125000000092135 7.18749999999721 0
0.3125000000095974 7.499999999997005 0
0.3125000000099812 7.812499999997307 0
0.312500000010365 8.124999999997691 0
0.3125000000107481 8.437499999998074 0
0.3125000000111328 8.749999999998462 0
0.3125000000115175 9.062499999998847 0
0.3125000000119005 9.374999999999229 0
0.3125000000122842 9.687499999999616 0
0.6249999999888712 -9.687499999999616 0
0.6249999999892547 -9.374999999999229 0
0.6249999999896395 -9.062499999998842 0
0.6249999999900224 -8.74999999999846 0
0.6249999999904068 -8.437499999998078 0
0.6249999999907898 -8.124999999997691 0
0.6249999999911744 -7.812499999997307 0
0.624999999991557 -7.499999999997013 0
0.624999999991942 -7.187499999997273 0
0.6249999999923253 -6.874999999997625 0
0.6249999999927092 -6.562499999997979 0
0.6249999999930935 -6.24999999999833 0
0.6249999999934777 -5.937499999998684 0
0.6249999999938616 -5.624999999999033 0
0.624999999994245 -5.312499999999384 0
0.6249999999946283 -4.999999999999736 0
0.624999999995012 -4.687500000000091 0
0.6249999999953961 -4.375000000000442 0
0.6249999999957809 -4.062500000000798 0
0.6249999999961637 -3.750000000001148 0
0.6249999999965479 -3.437500000001499 0
0.6249999999969318 -3.125000000001851 0
0.6249999999973146 -2.812500000002204 0
0.6249999999976996 -2.500000000002557 0
0.6249999999980835 -2.187500000002909 0
0.6249999999984672 -1.875000000003077 0
0.6249999999988516 -1.562500000002692 0
0.6249999999992344 -1.250000000002306 0
0.6249999999996181 -0.9375000000019238 0
0.6250000000000029 -0.625000000001537 0
0.6250000000003859 -0.3125000000011511 0
0.6250000000007701 -7.691625114603085e-13 0
0.625000000001154 0.3124999999996176 0
0.6250000000015372 0.6250000000000022 0
0.6250000000019216 0.9375000000003872 0
0.6250000000023053 1.250000000000773 0
0.6250000000026885 1.562500000001156 0
0.6250000000030735 1.875000000001541 0
0.6250000000034577 2.187500000001439 0
0.6250000000038403 2.500000000001173 0
0.6250000000042246 2.812500000000907 0
0.6250000000046083 3.12500000000064 0
0.6250000000049918 3.437500000000375 0
0.625000000005377 3.75000000000011 0
0.6250000000057594 4.062499999999843 0
0.6250000000061429 4.374999999999579 0
0.6250000000065274 4.687499999999313 0
0.6250000000069118 4.999999999999046 0
0.6250000000072951 5.312499999998781 0
0.625000000007679 5.624999999998515 0
0.6250000000080624 5.937499999998249 0
0.6250000000084457 6.249999999997984 0
0.6250000000088307 6.562499999997721 0
0.6250000000092153 6.874999999997454 0
0.6250000000095981 7.187499999997188 0
0.625000000009982 7.499999999997003 0
0.6250000000103659 7.812499999997305 0
0.6250000000107487 8.124999999997691 0
0.6250000000111318 8.437499999998078 0
0.6250000000115183 8.749999999998462 0
0.6250000000119011 9.062499999998847 0
0.625000000012286 9.374999999999231 0
0.625000000012669 9.687499999999616 0
0.9374999999892546 -9.687499999999616 0
0.9374999999896376 -9.374999999999229 0
0.9374999999900229 -9.062499999998842 0
0.9374999999904061 -8.749999999998458 0
0.93749999999079 -8.437499999998078 0
0.9374999999911726 -8.124999999997691 0
0.9374999999915574 -7.812499999997307 0
0.9374999999919418 -7.499999999997017 0
0.937499999992325 -7.187499999997295 0
0.9374999999927093 -6.874999999997669 0
0.9374999999930922 -6.562499999998042 0
0.9374999999934778 -6.249999999998417 0
0.9374999999938605 -5.937499999998789 0
0.9374999999942444 -5.624999999999163 0
0.9374999999946292 -5.312499999999537 0
0.9374999999950131 -4.999999999999911 0
0.9374999999953963 -4.687500000000285 0
0.9374999999957803 -4.375000000000659 0
0.9374999999961646 -4.062500000001033 0
0.9374999999965481 -3.750000000001406 0
0.9374999999969322 -3.437500000001781 0
0.9374999999973157 -3.125000000002155 0
0.937499999997701 -2.812500000002528 0
0.937499999998084 -2.500000000002904 0
0.9374999999984674 -2.187500000003276 0
0.9374999999988509 -1.875000000003461 0
0.9374999999992346 -1.562500000003075 0
0.937499999999619 -1.250000000002691 0
0.9375000000000031 -0.937500000002307 0
0.9375000000003875 -0.6250000000019202 0
0.9375000000007709 -0.3125000000015357 0
0.9375000000011546 -1.151523321141212e-12 0
0.9375000000015385 0.3124999999992331 0
0.9375000000019225 0.624999999999619 0
0.9375000000023064 0.9375000000000031 0
0.9375000000026907 1.250000000000388 0
0.937500000003074 1.562500000000772 0
0.9375000000034586 1.875000000001157 0
0.9375000000038418 2.187500000001071 0
0.9375000000042266 2.500000000000826 0
0.9375000000046092 2.812500000000584 0
0.9375000000049933 3.125000000000338 0
0.9375000000053775 3.437500000000093 0
0.9375000000057621 3.74999999999985 0
0.9375000000061451 4.062499999999604 0
0.937500000006529 4.374999999999362 0
0.9375000000069131 4.687499999999119 0
0.9375000000072977 4.999999999998874 0
0.9375000000076805 5.312499999998631 0
0.9375000000080647 5.624999999998384 0
0.9375000000084484 5.93749999999814 0
0.937500000008832 6.249999999997899 0
0.9375000000092171 6.562499999997655 0
0.9375000000096001 6.874999999997412 0
0.9375000000099853 7.187499999997165 0
0.9375000000103688 7.499999999997002 0
0.9375000000107527 7.812499999997307 0
0.9375000000111355 8.124999999997691 0
0.9375000000115195 8.437499999998074 0
0.9375000000119034 8.749999999998462 0
0.9375000000122866 9.062499999998845 0
0.9375000000126721 9.374999999999231 0
0.9375000000130551 9.687499999999616 0
1.249999999989637 -9.687499999999618 0
1.249999999990021 -9.374999999999227 0
1.249999999990406 -9.062499999998842 0
1.249999999990789 -8.749999999998456 0
1.249999999991174 -8.437499999998074 0
1.249999999991557 -8.124999999997691 0
1.249999999991942 -7.812499999997306 0
1.249999999992325 -7.499999999997021 0
1.249999999992708 -7.187499999997316 0
1.249999999993093 -6.87499999999771 0
1.249999999993476 -6.562499999998106 0
1.249999999993861 -6.249999999998503 0
1.249999999994245 -5.937499999998896 0
1.249999999994629 -5.624999999999291 0
1.249999999995013 -5.312499999999689 0
1.249999999995397 -5.000000000000083 0
1.249999999995781 -4.687500000000481 0
1.249999999996164 -4.375000000000876 0
1.249999999996549 -4.062500000001272 0
1.249999999996933 -3.750000000001666 0
1.249999999997316 -3.437500000002062 0
1.2499999999977 -3.125000000002458 0
1.249999999998084 -2.812500000002854 0
1.249999999998467 -2.500000000003251 0
1.249999999998852 -2.187500000003645 0
1.249999999999236 -1.875000000003846 0
1.24999999999962 -1.562500000003459 0
1.250000000000004 -1.250000000003076 0
1.250000000000387 -0.9375000000026914 0
1.250000000000771 -0.6250000000023044 0
1.250000000001156 -0.3125000000019198 0
1.25000000000154 -1.535660487661517e-12 0
1.250000000001923 0.3124999999988507 0
1.250000000002308 0.6249999999992344 0
1.250000000002692 0.9374999999996194 0
1.250000000003075 1.250000000000004 0
1.250000000003459 1.562500000000388 0
1.250000000003844 1.875000000000773 0
1.250000000004226 2.187500000000703 0
1.250000000004611 2.50000000000048 0
1.250000000004995 2.812500000000259 0
1.250000000005379 3.125000000000035 0
1.250000000005763 3.437499999999813 0
1.250000000006148 3.74999999999959 0
1.25000000000653 4.062499999999368 0
1.250000000006916 4.374999999999146 0
1.250000000007299 4.687499999998924 0
1.250000000007683 4.9999999999987 0
1.250000000008066 5.312499999998479 0
1.250000000008451 5.624999999998255 0
1.250000000008833 5.937499999998034 0
1.250000000009218 6.249999999997812 0
1.250000000009603 6.562499999997589 0
1.250000000009986 6.874999999997367 0
1.25000000001037 7.187499999997144 0
1.250000000010755 7.499999999996998 0
1.250000000011139 7.812499999997309 0
1.250000000011521 8.124999999997691 0
1.250000000011906 8.437499999998074 0
1.25000000001229 8.749999999998462 0
1.250000000012674 9.062499999998849 0
1.250000000013058 9.374999999999229 0
1.250000000013442 9.687499999999616 0
1.562499999990022 -9.687499999999616 0
1.562499999990405 -9.374999999999229 0
1.562499999990788 -9.06249999999884 0
1.562499999991174 -8.749999999998458 0
1.562499999991558 -8.437499999998076 0
1.562499999991942 -8.124999999997691 0
1.562499999992325 -7.812499999997306 0
1.562499999992708 -7.499999999997022 0
1.562499999993093 -7.187499999997337 0
1.562499999993477 -6.874999999997755 0
1.562499999993861 -6.562499999998172 0
1.562499999994245 -6.249999999998587 0
1.562499999994628 -5.937499999999007 0
1.562499999995013 -5.624999999999423 0
1.562499999995397 -5.312499999999838 0
1.56249999999578 -5.000000000000256 0
1.562499999996166 -4.687500000000676 0
1.562499999996548 -4.375000000001092 0
1.562499999996932 -4.062500000001509 0
1.562499999997316 -3.750000000001924 0
1.562499999997701 -3.437500000002343 0
1.562499999998085 -3.12500000000276 0
1.562499999998469 -2.812500000003177 0
1.562499999998852 -2.500000000003596 0
1.562499999999237 -2.187500000004012 0
1.562499999999621 -1.875000000004229 0
1.562500000000004 -1.562500000003842 0
1.562500000000388 -1.250000000003458 0
1.562500000000773 -0.9375000000030744 0
1.562500000001156 -0.6250000000026894 0
1.56250000000154 -0.3125000000023035 0
1.562500000001924 -1.919353564971971e-12 0
1.562500000002308 0.3124999999984666 0
1.562500000002693 0.6249999999988494 0
1.562500000003076 0.9374999999992357 0
1.56250000000346 1.24999999999962 0
1.562500000003844 1.562500000000004 0
1.562500000004228 1.875000000000388 0
1.562500000004612 2.187500000000336 0
1.562500000004995 2.500000000000135 0
1.562500000005379 2.812499999999933 0
1.562500000005764 3.124999999999732 0
1.562500000006148 3.437499999999531 0
1.562500000006532 3.749999999999331 0
1.562500000006915 4.06249999999913 0
1.5625000000073 4.374999999998929 0
1.562500000007684 4.68749999999873 0
1.562500000008068 4.999999999998527 0
1.562500000008451 5.312499999998327 0
1.562500000008835 5.624999999998128 0
1.562500000009219 5.937499999997925 0
1.562500000009604 6.249999999997724 0
1.562500000009988 6.562499999997526 0
1.562500000010372 6.874999999997326 0
1.562500000010755 7.187499999997122 0
1.562500000011138 7.499999999996995 0
1.562500000011524 7.812499999997308 0
1.562500000011908 8.124999999997691 0
1.562500000012291 8.437499999998078 0
1.562500000012677 8.749999999998462 0
1.562500000013059 9.062499999998847 0
1.562500000013444 9.374999999999233 0
1.562500000013828 9.687499999999616 0
1.874999999990404 -9.687499999999616 0
1.874999999990789 -9.374999999999231 0
1.874999999991172 -9.062499999998842 0
1.874999999991557 -8.74999999999846 0
1.87499999999194 -8.437499999998073 0
1.874999999992324 -8.124999999997687 0
1.874999999992708 -7.812499999997305 0
1.874999999993092 -7.499999999997025 0
1.874999999993476 -7.187499999997359 0
1.874999999993861 -6.874999999997797 0
1.874999999994244 -6.562499999998236 0
1.874999999994629 -6.249999999998675 0
1.874999999995012 -5.937499999999114 0
1.874999999995396 -5.624999999999551 0
1.874999999995781 -5.312499999999991 0
1.874999999996164 -5.00000000000043 0
1.874999999996548 -4.687500000000868 0
1.874999999996933 -4.375000000001306 0
1.874999999997316 -4.062500000001747 0
1.874999999997701 -3.750000000002183 0
1.874999999998085 -3.437500000002623 0
1.874999999998469 -3.125000000003063 0
1.874999999998853 -2.812500000003502 0
1.874999999999236 -2.500000000003944 0
1.87499999999962 -2.187500000004379 0
1.875000000000005 -1.875000000004613 0
1.875000000000389 -1.562500000004227 0
1.875000000000773 -1.250000000003843 0
1.875000000001157 -0.9375000000034588 0
1.875000000001541 -0.6250000000030722 0
1.875000000001924 -0.3125000000026872 0
1.875000000002309 -2.303490731492275e-12 0
1.875000000002693 0.312499999998082 0
1.875000000003077 0.6249999999984679 0
1.875000000003461 0.9374999999988516 0
1.875000000003845 1.249999999999237 0
1.87500000000423 1.56249999999962 0
1.875000000004613 1.875000000000005 0
1.875000000004997 2.187499999999968 0
1.875000000005381 2.499999999999788 0
1.875000000005765 2.81249999999961 0
1.875000000006149 3.124999999999429 0
1.875000000006533 3.43749999999925 0
1.875000000006918 3.749999999999072 0
1.875000000007302 4.062499999998892 0
1.875000000007685 4.374999999998712 0
1.87500000000807 4.687499999998535 0
1.875000000008454 4.999999999998353 0
1.875000000008837 5.312499999998177 0
1.875000000009222 5.624999999997997 0
1.875000000009605 5.937499999997817 0
1.875000000009991 6.249999999997639 0
1.875000000010373 6.562499999997462 0
1.875000000010756 6.874999999997282 0
1.875000000011142 7.187499999997103 0
1.875000000011526 7.499999999996994 0
1.87500000001191 7.812499999997308 0
1.875000000012293 8.124999999997691 0
1.875000000012677 8.437499999998074 0
1.875000000013061 8.74999999999846 0
1.875000000013445 9.062499999998847 0
1.87500000001383 9.374999999999233 0
1.875000000014214 9.687499999999616 0
2.187499999990774 -9.687499999999618 0
2.187499999991141 -9.374999999999229 0
2.18749999999151 -9.062499999998842 0
2.187499999991878 -8.74999999999846 0
2.187499999992244 -8.437499999998074 0
2.187499999992612 -8.124999999997689 0
2.187499999992981 -7.812499999997305 0
2.187499999993348 -7.499999999997027 0
2.187499999993717 -7.18749999999738 0
2.187499999994083 -6.87499999999784 0
2.187499999994452 -6.562499999998302 0
2.187499999994819 -6.249999999998762 0
2.187499999995187 -5.937499999999222 0
2.187499999995555 -5.624999999999682 0
2.187499999995923 -5.312500000000141 0
2.187499999996291 -5.000000000000602 0
2.187499999996658 -4.687500000001062 0
2.187499999997025 -4.375000000001522 0
2.187499999997394 -4.062500000001984 0
2.187499999997762 -3.750000000002444 0
2.187499999998128 -3.437500000002904 0
2.187499999998496 -3.125000000003366 0
2.187499999998864 -2.812500000003826 0
2.187499999999231 -2.500000000004288 0
2.187499999999601 -2.187500000004748 0
2.187499999999967 -1.875000000004998 0
2.187500000000336 -1.562500000004611 0
2.187500000000703 -1.250000000004227 0
2.187500000001071 -0.9375000000038423 0
2.187500000001439 -0.6250000000034552 0
2.187500000001807 -0.3125000000030715 0
2.187500000002175 -2.687183808802729e-12 0
2.187500000002542 0.3124999999976978 0
2.18750000000291 0.6249999999980846 0
2.187500000003277 0.9374999999984679 0
2.187500000003646 1.249999999998851 0
2.187500000004013 1.562499999999236 0
2.187500000004381 1.87499999999962 0
2.187500000004748 2.1874999999996 0
2.187500000005116 2.499999999999442 0
2.187500000005484 2.812499999999285 0
2.187500000005853 3.124999999999126 0
2.187500000006219 3.437499999998969 0
2.187500000006589 3.749999999998811 0
2.187500000006954 4.062499999998655 0
2.187500000007323 4.374999999998497 0
2.187500000007691 4.687499999998341 0
2.187500000008059 4.999999999998181 0
2.187500000008426 5.312499999998025 0
2.187500000008794 5.624999999997867 0
2.187500000009162 5.93749999999771 0
2.18750000000953 6.249999999997552 0
2.187500000009897 6.562499999997398 0
2.187500000010265 6.87499999999724 0
2.187500000010633 7.18749999999708 0
2.187500000011 7.499999999996991 0
2.187500000011369 7.812499999997309 0
2.187500000011737 8.124999999997691 0
2.187500000012104 8.437499999998078 0
2.187500000012472 8.749999999998462 0
2.18750000001284 9.062499999998847 0
2.187500000013207 9.374999999999233 0
2.187500000013574 9.687499999999616 0
2.499999999991136 -9.687499999999616 0
2.499999999991481 -9.374999999999227 0
2.499999999991828 -9.062499999998842 0
2.499999999992174 -8.74999999999846 0
2.49999999999252 -8.437499999998074 0
2.499999999992866 -8.124999999997689 0
2.499999999993212 -7.812499999997305 0
2.499999999993558 -7.499999999997028 0
2.499999999993904 -7.187499999997401 0
2.499999999994251 -6.874999999997886 0
2.499999999994597 -6.562499999998366 0
2.499999999994942 -6.249999999998845 0
2.499999999995289 -5.93749999999933 0
2.499999999995635 -5.624999999999811 0
2.499999999995981 -5.312500000000295 0
2.499999999996326 -5.000000000000774 0
2.499999999996673 -4.687500000001259 0
2.499999999997018 -4.375000000001739 0
2.499999999997366 -4.062500000002222 0
2.499999999997712 -3.750000000002705 0
2.499999999998058 -3.437500000003187 0
2.499999999998403 -3.12500000000367 0
2.49999999999875 -2.812500000004149 0
2.499999999999095 -2.500000000004635 0
2.499999999999442 -2.187500000005115 0
2.499999999999789 -1.875000000005381 0
2.500000000000134 -1.562500000004995 0
2.500000000000481 -1.25000000000461 0
2.500000000000827 -0.9375000000042264 0
2.500000000001173 -0.62500000000384 0
2.50000000000152 -0.3125000000034552 0
2.500000000001864 -3.071098930718108e-12 0
2.500000000002211 0.3124999999973146 0
2.500000000002557 0.6249999999976985 0
2.500000000002903 0.9374999999980842 0
2.500000000003249 1.249999999998469 0
2.500000000003595 1.562499999998852 0
2.500000000003942 1.874999999999237 0
2.500000000004288 2.187499999999233 0
2.500000000004634 2.499999999999095 0
2.50000000000498 2.81249999999896 0
2.500000000005326 3.124999999998823 0
2.500000000005671 3.437499999998687 0
2.500000000006017 3.749999999998552 0
2.500000000006364 4.062499999998416 0
2.500000000006711 4.37499999999828 0
2.500000000007057 4.687499999998147 0
2.500000000007403 4.999999999998007 0
2.500000000007748 5.312499999997873 0
2.500000000008094 5.624999999997738 0
2.500000000008441 5.937499999997603 0
2.500000000008786 6.249999999997465 0
2.500000000009134 6.562499999997332 0
2.500000000009481 6.874999999997197 0
2.500000000009825 7.18749999999706 0
2.500000000010171 7.499999999996987 0
2.500000000010517 7.812499999997309 0
2.500000000010864 8.124999999997691 0
2.50000000001121 8.437499999998078 0
2.500000000011557 8.749999999998462 0
2.500000000011902 9.062499999998851 0
2.500000000012248 9.374999999999233 0
2.500000000012594 9.687499999999616 0
2.812499999991499 -9.687499999999616 0
2.812499999991823 -9.374999999999229 0
2.812499999992147 -9.062499999998842 0
2.812499999992471 -8.749999999998458 0
2.812499999992796 -8.437499999998073 0
2.812499999993121 -8.124999999997687 0
2.812499999993446 -7.812499999997306 0
2.812499999993769 -7.499999999997031 0
2.812499999994093 -7.187499999997422 0
2.812499999994418 -6.874999999997929 0
2.812499999994742 -6.56249999999843 0
2.812499999995067 -6.249999999998933 0
2.812499999995392 -5.937499999999437 0
2.812499999995717 -5.624999999999942 0
2.812499999996041 -5.312500000000447 0
2.812499999996365 -5.000000000000949 0
2.81249999999669 -4.687500000001455 0
2.812499999997014 -4.375000000001956 0
2.812499999997339 -4.062500000002461 0
2.812499999997662 -3.750000000002964 0
2.812499999997986 -3.437500000003467 0
2.812499999998312 -3.125000000003972 0
2.812499999998636 -2.812500000004476 0
2.812499999998961 -2.500000000004981 0
2.812499999999285 -2.187500000005483 0
2.812499999999609 -1.875000000005765 0
2.812499999999933 -1.562500000005379 0
2.812500000000258 -1.250000000004994 0
2.812500000000582 -0.9375000000046105 0
2.812500000000907 -0.6250000000042248 0
2.812500000001232 -0.312500000003838 0
2.812500000001556 -3.455680186448262e-12 0
2.812500000001881 0.3124999999969309 0
2.812500000002205 0.6249999999973159 0
2.81250000000253 0.937499999997699 0
2.812500000002854 1.249999999998084 0
2.812500000003179 1.562499999998468 0
2.812500000003502 1.874999999998853 0
2.812500000003828 2.187499999998865 0
2.812500000004152 2.499999999998749 0
2.812500000004476 2.812499999998637 0
2.812500000004801 3.124999999998521 0
2.812500000005125 3.437499999998407 0
2.812500000005449 3.749999999998293 0
2.812500000005774 4.062499999998177 0
2.812500000006099 4.374999999998066 0
2.812500000006422 4.687499999997952 0
2.812500000006748 4.999999999997835 0
2.812500000007071 5.312499999997721 0
2.812500000007396 5.624999999997608 0
2.81250000000772 5.937499999997494 0
2.812500000008044 6.24999999999738 0
2.812500000008369 6.562499999997266 0
2.812500000008694 6.874999999997153 0
2.812500000009018 7.187499999997036 0
2.812500000009344 7.499999999996987 0
2.812500000009669 7.812499999997308 0
2.812500000009992 8.124999999997691 0
2.812500000010315 8.437499999998078 0
2.812500000010641 8.749999999998462 0
2.812500000010964 9.062499999998847 0
2.812500000011291 9.374999999999234 0
2.812500000011615 9.687499999999616 0
3.124999999991859 -9.687499999999618 0
3.124999999992161 -9.374999999999227 0
3.124999999992463 -9.062499999998842 0
3.124999999992768 -8.749999999998458 0
3.12499999999307 -8.437499999998074 0
3.124999999993372 -8.124999999997687 0
3.124999999993676 -7.812499999997303 0
3.124999999993979 -7.499999999997034 0
3.124999999994281 -7.187499999997443 0
3.124999999994584 -6.87499999999797 0
3.124999999994886 -6.562499999998495 0
3.12499999999519 -6.249999999999019 0
3.124999999995492 -5.937499999999545 0
3.124999999995796 -5.625000000000071 0
3.124999999996098 -5.312500000000596 0
3.124999999996402 -5.000000000001121 0
3.124999999996704 -4.687500000001647 0
3.124999999997007 -4.375000000002172 0
3.12499999999731 -4.0625000000027 0
3.124999999997613 -3.750000000003223 0
3.124999999997915 -3.43750000000375 0
3.124999999998219 -3.125000000004273 0
3.124999999998521 -2.8125000000048 0
3.124999999998824 -2.500000000005327 0
3.124999999999127 -2.187500000005851 0
3.124999999999429 -1.87500000000615 0
3.124999999999732 -1.562500000005763 0
3.125000000000035 -1.250000000005377 0
3.125000000000338 -0.9375000000049947 0
3.125000000000641 -0.6250000000046079 0
3.125000000000943 -0.3125000000042226 0
3.125000000001246 -3.839595308363641e-12 0
3.12500000000155 0.3124999999965463 0
3.125000000001851 0.6249999999969313 0
3.125000000002156 0.9374999999973164 0
3.125000000002458 1.2499999999977 0
3.125000000002761 1.562499999998085 0
3.125000000003064 1.874999999998468 0
3.125000000003366 2.187499999998498 0
3.12500000000367 2.499999999998403 0
3.125000000003973 2.812499999998311 0
3.125000000004275 3.124999999998218 0
3.125000000004577 3.437499999998125 0
3.125000000004881 3.749999999998033 0
3.125000000005184 4.06249999999794 0
3.125000000005485 4.374999999997849 0
3.125000000005789 4.687499999997756 0
3.125000000006092 4.999999999997662 0
3.125000000006396 5.312499999997572 0
3.125000000006697 5.624999999997478 0
3.125000000007002 5.937499999997386 0
3.125000000007303 6.249999999997295 0
3.125000000007606 6.562499999997201 0
3.125000000007909 6.874999999997112 0
3.125000000008211 7.187499999997016 0
3.125000000008514 7.499999999996983 0
3.125000000008818 7.81249999999731 0
3.12500000000912 8.124999999997691 0
3.125000000009423 8.437499999998078 0
3.125000000009726 8.749999999998462 0
3.125000000010028 9.062499999998847 0
3.125000000010332 9.374999999999233 0
3.125000000010634 9.687499999999616 0
3.437499999992221 -9.687499999999616 0
3.437499999992501 -9.374999999999229 0
3.437499999992783 -9.06249999999884 0
3.437499999993064 -8.74999999999846 0
3.437499999993344 -8.437499999998074 0
3.437499999993627 -8.124999999997687 0
3.437499999993908 -7.812499999997307 0
3.437499999994189 -7.499999999997036 0
3.437499999994468 -7.187499999997464 0
3.437499999994751 -6.874999999998012 0
3.437499999995032 -6.562499999998559 0
3.437499999995312 -6.249999999999105 0
3.437499999995594 -5.937499999999654 0
3.437499999995875 -5.6250000000002 0
3.437499999996157 -5.312500000000749 0
3.437499999996438 -5.000000000001293 0
3.43749999999672 -4.68750000000184 0
3.437499999997 -4.37500000000239 0
3.437499999997283 -4.062500000002937 0
3.437499999997563 -3.750000000003483 0
3.437499999997844 -3.43750000000403 0
3.437499999998124 -3.125000000004578 0
3.437499999998406 -2.812500000005123 0
3.437499999998686 -2.500000000005674 0
3.437499999998969 -2.187500000006219 0
3.43749999999925 -1.875000000006534 0
3.437499999999531 -1.562500000006146 0
3.437499999999812 -1.250000000005762 0
3.437500000000092 -0.937500000005379 0
3.437500000000374 -0.6250000000049925 0
3.437500000000655 -0.3125000000046063 0
3.437500000000937 -4.223288385674095e-12 0
3.437500000001219 0.3124999999961626 0
3.437500000001499 0.6249999999965474 0
3.437500000001781 0.9374999999969322 0
3.437500000002061 1.249999999997316 0
3.437500000002343 1.562499999997701 0
3.437500000002625 1.874999999998085 0
3.437500000002906 2.187499999998129 0
3.437500000003187 2.499999999998058 0
3.437500000003468 2.812499999997986 0
3.437500000003747 3.124999999997915 0
3.437500000004031 3.437499999997844 0
3.437500000004312 3.749999999997773 0
3.437500000004593 4.062499999997703 0
3.437500000004873 4.374999999997632 0
3.437500000005155 4.687499999997563 0
3.437500000005436 4.999999999997488 0
3.437500000005717 5.312499999997421 0
3.437500000005999 5.624999999997349 0
3.437500000006279 5.937499999997277 0
3.437500000006561 6.249999999997206 0
3.437500000006843 6.562499999997138 0
3.437500000007123 6.874999999997065 0
3.437500000007404 7.187499999996996 0
3.437500000007685 7.49999999999698 0
3.437500000007967 7.812499999997309 0
3.437500000008247 8.124999999997691 0
3.43750000000853 8.437499999998078 0
3.437500000008812 8.749999999998462 0
3.437500000009091 9.062499999998851 0
3.437500000009373 9.374999999999234 0
3.437500000009655 9.687499999999616 0
3.749999999992583 -9.687499999999616 0
3.749999999992843 -9.374999999999227 0
3.749999999993104 -9.062499999998842 0
3.749999999993363 -8.749999999998458 0
3.749999999993621 -8.437499999998073 0
3.74999999999388 -8.124999999997687 0
3.749999999994141 -7.812499999997304 0
3.749999999994399 -7.499999999997038 0
3.749999999994658 -7.187499999997486 0
3.749999999994918 -6.874999999998054 0
3.749999999995178 -6.562499999998625 0
3.749999999995439 -6.249999999999192 0
3.749999999995698 -5.937499999999762 0
3.749999999995958 -5.62500000000033 0
3.749999999996216 -5.312500000000896 0
3.749999999996476 -5.000000000001466 0
3.749999999996736 -4.687500000002037 0
3.749999999996995 -4.375000000002607 0
3.749999999997255 -4.062500000003176 0
3.749999999997514 -3.750000000003741 0
3.749999999997774 -3.437500000004311 0
3.749999999998034 -3.12500000000488 0
3.749999999998293 -2.812500000005448 0
3.749999999998551 -2.500000000006019 0
3.749999999998811 -2.187500000006588 0
3.749999999999072 -1.875000000006917 0
3.749999999999332 -1.562500000006531 0
3.74999999999959 -1.250000000006147 0
3.749999999999849 -0.9375000000057621 0
3.75000000000011 -0.6250000000053757 0
3.750000000000369 -0.3125000000049909 0
3.750000000000628 -4.6074255521944e-12 0
3.750000000000889 0.3124999999957789 0
3.750000000001147 0.6249999999961644 0
3.750000000001408 0.937499999996549 0
3.750000000001665 1.249999999996933 0
3.750000000001926 1.562499999997316 0
3.750000000002186 1.874999999997701 0
3.750000000002446 2.187499999997761 0
3.750000000002705 2.499999999997711 0
3.750000000002965 2.812499999997663 0
3.750000000003223 3.124999999997613 0
3.750000000003483 3.437499999997563 0
3.750000000003743 3.749999999997514 0
3.750000000004002 4.062499999997465 0
3.750000000004261 4.374999999997415 0
3.75000000000452 4.687499999997368 0
3.75000000000478 4.999999999997316 0
3.750000000005041 5.31249999999727 0
3.750000000005299 5.624999999997218 0
3.75000000000556 5.937499999997171 0
3.750000000005818 6.249999999997121 0
3.750000000006078 6.562499999997074 0
3.750000000006338 6.874999999997023 0
3.750000000006597 7.187499999996973 0
3.750000000006857 7.499999999996979 0
3.750000000007115 7.812499999997309 0
3.750000000007376 8.124999999997691 0
3.750000000007635 8.437499999998078 0
3.750000000007896 8.749999999998462 0
3.750000000008153 9.062499999998851 0
3.750000000008415 9.374999999999233 0
3.750000000008674 9.687499999999616 0
4.062499999992944 -9.687499999999618 0
4.062499999993184 -9.374999999999229 0
4.062499999993419 -9.06249999999884 0
4.062499999993659 -8.749999999998458 0
4.062499999993896 -8.437499999998074 0
4.062499999994136 -8.124999999997687 0
4.062499999994373 -7.812499999997305 0
4.06249999999461 -7.499999999997041 0
4.062499999994848 -7.187499999997507 0
4.062499999995086 -6.874999999998098 0
4.062499999995323 -6.562499999998689 0
4.062499999995562 -6.249999999999279 0
4.0624999999958 -5.937499999999869 0
4.062499999996038 -5.625000000000461 0
4.062499999996276 -5.312500000001051 0
4.062499999996514 -5.000000000001639 0
4.062499999996751 -4.687500000002233 0
4.062499999996988 -4.375000000002818 0
4.062499999997226 -4.062500000003413 0
4.062499999997464 -3.750000000004001 0
4.062499999997703 -3.437500000004592 0
4.062499999997941 -3.125000000005183 0
4.062499999998178 -2.812500000005773 0
4.062499999998416 -2.500000000006366 0
4.062499999998654 -2.187500000006954 0
4.062499999998892 -1.875000000007301 0
4.062499999999128 -1.562500000006914 0
4.062499999999369 -1.250000000006531 0
4.062499999999605 -0.9375000000061462 0
4.062499999999842 -0.6250000000057598 0
4.062500000000082 -0.3125000000053737 0
4.06250000000032 -4.990230451085154e-12 0
4.062500000000557 0.3124999999953963 0
4.062500000000795 0.62499999999578 0
4.062500000001033 0.9374999999961642 0
4.06250000000127 1.249999999996547 0
4.062500000001508 1.562499999996932 0
4.062500000001747 1.874999999997317 0
4.062500000001984 2.187499999997394 0
4.062500000002221 2.499999999997366 0
4.062500000002458 2.812499999997339 0
4.062500000002697 3.12499999999731 0
4.062500000002936 3.437499999997281 0
4.062500000003174 3.749999999997255 0
4.06250000000341 4.062499999997226 0
4.062500000003649 4.374999999997199 0
4.062500000003886 4.687499999997174 0
4.062500000004125 4.999999999997144 0
4.062500000004362 5.312499999997119 0
4.062500000004601 5.62499999999709 0
4.062500000004838 5.937499999997062 0
4.062500000005077 6.249999999997035 0
4.062500000005314 6.56249999999701 0
4.062500000005551 6.87499999999698 0
4.06250000000579 7.187499999996953 0
4.062500000006028 7.499999999996976 0
4.062500000006267 7.81249999999731 0
4.062500000006504 8.124999999997694 0
4.06250000000674 8.437499999998078 0
4.062500000006979 8.749999999998465 0
4.062500000007218 9.062499999998849 0
4.062500000007455 9.374999999999233 0
4.062500000007692 9.687499999999616 0
4.374999999993308 -9.687499999999616 0
4.374999999993525 -9.374999999999229 0
4.37499999999374 -9.062499999998842 0
4.374999999993958 -8.749999999998462 0
4.374999999994174 -8.437499999998074 0
4.374999999994388 -8.124999999997687 0
4.374999999994605 -7.812499999997302 0
4.374999999994823 -7.499999999997043 0
4.37499999999504 -7.187499999997528 0
4.374999999995254 -6.87499999999814 0
4.374999999995471 -6.562499999998752 0
4.374999999995685 -6.249999999999366 0
4.374999999995905 -5.937499999999977 0
4.374999999996119 -5.625000000000588 0
4.374999999996334 -5.312500000001198 0
4.374999999996552 -5.00000000000181 0
4.374999999996767 -4.687500000002428 0
4.374999999996984 -4.375000000003036 0
4.3749999999972 -4.06250000000365 0
4.374999999997415 -3.750000000004263 0
4.374999999997633 -3.437500000004873 0
4.374999999997849 -3.125000000005485 0
4.374999999998066 -2.812500000006098 0
4.374999999998283 -2.500000000006711 0
4.374999999998498 -2.187500000007324 0
4.374999999998716 -1.875000000007685 0
4.37499999999893 -1.562500000007298 0
4.374999999999147 -1.250000000006913 0
4.374999999999363 -0.9375000000065306 0
4.374999999999578 -0.6250000000061438 0
4.374999999999796 -0.3125000000057576 0
4.375000000000011 -5.373701483790683e-12 0
4.375000000000227 0.3124999999950129 0
4.375000000000443 0.6249999999953955 0
4.37500000000066 0.9374999999957805 0
4.375000000000878 1.249999999996165 0
4.375000000001091 1.562499999996548 0
4.375000000001307 1.874999999996932 0
4.375000000001524 2.187499999997025 0
4.375000000001739 2.499999999997018 0
4.375000000001957 2.812499999997014 0
4.375000000002172 3.124999999997007 0
4.375000000002389 3.437499999997 0
4.375000000002606 3.749999999996996 0
4.37500000000282 4.062499999996987 0
4.375000000003038 4.374999999996985 0
4.375000000003254 4.687499999996978 0
4.37500000000347 4.99999999999697 0
4.375000000003686 5.312499999996966 0
4.375000000003903 5.624999999996961 0
4.37500000000412 5.937499999996954 0
4.375000000004334 6.249999999996946 0
4.375000000004551 6.562499999996942 0
4.375000000004768 6.874999999996938 0
4.375000000004983 7.18749999999693 0
4.3750000000052 7.499999999996975 0
4.375000000005416 7.81249999999731 0
4.375000000005633 8.124999999997694 0
4.37500000000585 8.437499999998078 0
4.375000000006064 8.749999999998465 0
4.375000000006279 9.062499999998851 0
4.375000000006496 9.374999999999233 0
4.375000000006713 9.687499999999616 0
4.687499999993673 -9.687499999999616 0
4.687499999993867 -9.374999999999229 0
4.687499999994062 -9.062499999998842 0
4.687499999994258 -8.749999999998458 0
4.687499999994451 -8.437499999998073 0
4.687499999994644 -8.124999999997687 0
4.68749999999484 -7.812499999997301 0
4.687499999995033 -7.499999999997044 0
4.68749999999523 -7.18749999999755 0
4.687499999995423 -6.874999999998186 0
4.687499999995619 -6.562499999998819 0
4.687499999995811 -6.249999999999452 0
4.687499999996004 -5.937500000000086 0
4.6874999999962 -5.625000000000719 0
4.687499999996394 -5.312500000001352 0
4.687499999996589 -5.000000000001986 0
4.687499999996785 -4.68750000000262 0
4.687499999996978 -4.375000000003253 0
4.687499999997174 -4.06250000000389 0
4.687499999997367 -3.750000000004523 0
4.687499999997562 -3.437500000005155 0
4.687499999997756 -3.12500000000579 0
4.687499999997951 -2.812500000006422 0
4.687499999998146 -2.500000000007057 0
4.687499999998341 -2.187500000007688 0
4.687499999998535 -1.87500000000807 0
4.68749999999873 -1.562500000007682 0
4.687499999998924 -1.250000000007299 0
4.68749999999912 -0.9375000000069147 0
4.687499999999313 -0.625000000006527 0
4.687499999999509 -0.3125000000061413 0
4.687499999999703 -5.757616605706062e-12 0
4.687499999999898 0.312499999994629 0
4.687500000000092 0.6249999999950129 0
4.687500000000286 0.937499999995397 0
4.687500000000481 1.249999999995782 0
4.687500000000674 1.562499999996164 0
4.687500000000869 1.874999999996548 0
4.687500000001064 2.187499999996658 0
4.687500000001259 2.499999999996672 0
4.687500000001455 2.812499999996689 0
4.687500000001648 3.124999999996703 0
4.687500000001842 3.43749999999672 0
4.687500000002037 3.749999999996735 0
4.687500000002231 4.062499999996752 0
4.687500000002425 4.374999999996767 0
4.687500000002619 4.687499999996785 0
4.687500000002816 4.999999999996797 0
4.687500000003009 5.312499999996813 0
4.687500000003205 5.624999999996831 0
4.687500000003398 5.937499999996845 0
4.687500000003594 6.249999999996861 0
4.687500000003787 6.562499999996879 0
4.687500000003981 6.874999999996895 0
4.687500000004176 7.187499999996909 0
4.687500000004372 7.499999999996971 0
4.687500000004567 7.812499999997309 0
4.687500000004761 8.124999999997694 0
4.687500000004954 8.437499999998082 0
4.68750000000515 8.749999999998465 0
4.687500000005345 9.062499999998851 0
4.68750000000554 9.374999999999233 0
4.687500000005732 9.687499999999616 0
4.999999999994028 -9.687499999999618 0
4.999999999994204 -9.374999999999229 0
4.999999999994376 -9.062499999998842 0
4.99999999999455 -8.74999999999846 0
4.99999999999472 -8.437499999998074 0
4.999999999994894 -8.124999999997687 0
4.999999999995069 -7.812499999997302 0
4.999999999995241 -7.499999999997049 0
4.999999999995413 -7.187499999997572 0
4.999999999995588 -6.874999999998229 0
4.999999999995761 -6.562499999998882 0
4.999999999995931 -6.249999999999536 0
4.999999999996107 -5.937500000000193 0
4.999999999996279 -5.625000000000847 0
4.999999999996452 -5.312500000001505 0
4.999999999996622 -5.000000000002157 0
4.999999999996797 -4.687500000002814 0
4.999999999996971 -4.375000000003469 0
4.999999999997144 -4.062500000004126 0
4.999999999997316 -3.750000000004782 0
4.999999999997488 -3.437500000005436 0
4.999999999997662 -3.125000000006091 0
4.999999999997836 -2.812500000006748 0
4.999999999998009 -2.500000000007403 0
4.999999999998182 -2.187500000008059 0
4.999999999998353 -1.875000000008454 0
4.999999999998527 -1.562500000008067 0
4.999999999998699 -1.250000000007681 0
4.999999999998875 -0.9375000000072982 0
4.999999999999046 -0.6250000000069109 0
4.999999999999218 -0.3125000000065259 0
4.999999999999392 -6.141309683016516e-12 0
4.999999999999565 0.3124999999942444 0
4.999999999999737 0.6249999999946292 0
4.999999999999911 0.9374999999950133 0
5.000000000000083 1.249999999995397 0
5.000000000000256 1.562499999995781 0
5.00000000000043 1.874999999996165 0
5.000000000000602 2.187499999996291 0
5.000000000000774 2.499999999996327 0
5.000000000000949 2.812499999996366 0
5.000000000001122 3.124999999996402 0
5.000000000001293 3.437499999996438 0
5.000000000001467 3.749999999996476 0
5.000000000001641 4.062499999996513 0
5.000000000001812 4.374999999996553 0
5.000000000001986 4.687499999996589 0
5.000000000002158 4.999999999996625 0
5.000000000002331 5.312499999996663 0
5.000000000002505 5.6249999999967 0
5.000000000002679 5.937499999996739 0
5.000000000002851 6.249999999996776 0
5.000000000003023 6.562499999996813 0
5.000000000003197 6.874999999996851 0
5.000000000003369 7.187499999996889 0
5.000000000003542 7.49999999999697 0
5.000000000003716 7.812499999997311 0
5.000000000003888 8.124999999997694 0
5.000000000004061 8.437499999998078 0
5.000000000004235 8.749999999998465 0
5.000000000004407 9.062499999998849 0
5.000000000004579 9.374999999999233 0
5.000000000004752 9.687499999999616 0
5.312499999994395 -9.687499999999616 0
5.312499999994547 -9.374999999999229 0
5.312499999994696 -9.062499999998842 0
5.312499999994849 -8.74999999999846 0
5.312499999994999 -8.437499999998074 0
5.312499999995151 -8.124999999997687 0
5.312499999995302 -7.812499999997303 0
5.312499999995453 -7.49999999999705 0
5.312499999995605 -7.187499999997593 0
5.312499999995756 -6.874999999998272 0
5.312499999995907 -6.562499999998947 0
5.312499999996058 -6.249999999999625 0
5.31249999999621 -5.937500000000301 0
5.312499999996361 -5.62500000000098 0
5.312499999996512 -5.312500000001655 0
5.312499999996666 -5.000000000002331 0
5.312499999996816 -4.68750000000301 0
5.312499999996968 -4.375000000003686 0
5.312499999997118 -4.062500000004365 0
5.31249999999727 -3.75000000000504 0
5.31249999999742 -3.437500000005717 0
5.31249999999757 -3.125000000006395 0
5.312499999997724 -2.812500000007069 0
5.312499999997875 -2.500000000007751 0
5.312499999998026 -2.187500000008424 0
5.312499999998176 -1.875000000008837 0
5.31249999999833 -1.562500000008451 0
5.312499999998479 -1.250000000008066 0
5.312499999998631 -0.9375000000076812 0
5.312499999998782 -0.6250000000072953 0
5.312499999998932 -0.3125000000069096 0
5.312499999999084 -6.52500276032697e-12 0
5.312499999999235 0.3124999999938594 0
5.312499999999385 0.6249999999942444 0
5.312499999999537 0.9374999999946283 0
5.312499999999688 1.249999999995012 0
5.31249999999984 1.562499999995396 0
5.312499999999993 1.87499999999578 0
5.312500000000142 2.187499999995922 0
5.312500000000295 2.499999999995981 0
5.312500000000444 2.81249999999604 0
5.312500000000598 3.124999999996099 0
5.31250000000075 3.437499999996157 0
5.312500000000901 3.749999999996217 0
5.312500000001051 4.062499999996277 0
5.312500000001201 4.374999999996335 0
5.312500000001354 4.687499999996396 0
5.312500000001504 4.999999999996451 0
5.312500000001656 5.312499999996512 0
5.312500000001805 5.62499999999657 0
5.312500000001959 5.93749999999663 0
5.31250000000211 6.249999999996691 0
5.31250000000226 6.562499999996751 0
5.312500000002414 6.87499999999681 0
5.312500000002562 7.187499999996867 0
5.312500000002714 7.499999999996968 0
5.312500000002865 7.812499999997312 0
5.312500000003018 8.124999999997696 0
5.312500000003167 8.437499999998082 0
5.312500000003318 8.749999999998465 0
5.312500000003471 9.062499999998851 0
5.312500000003621 9.374999999999233 0
5.312500000003774 9.687499999999616 0
5.624999999994758 -9.687499999999616 0
5.624999999994885 -9.374999999999229 0
5.624999999995013 -9.06249999999884 0
5.624999999995144 -8.749999999998458 0
5.624999999995271 -8.437499999998069 0
5.624999999995405 -8.124999999997687 0
5.624999999995533 -7.812499999997303 0
5.624999999995661 -7.499999999997053 0
5.624999999995794 -7.187499999997616 0
5.624999999995922 -6.874999999998312 0
5.624999999996051 -6.562499999999012 0
5.624999999996179 -6.24999999999971 0
5.624999999996311 -5.93750000000041 0
5.62499999999644 -5.625000000001108 0
5.624999999996569 -5.312500000001807 0
5.624999999996699 -5.000000000002504 0
5.624999999996829 -4.687500000003205 0
5.624999999996957 -4.375000000003903 0
5.624999999997088 -4.062500000004603 0
5.62499999999722 -3.7500000000053 0
5.62499999999735 -3.437500000005998 0
5.624999999997478 -3.125000000006697 0
5.624999999997607 -2.812500000007395 0
5.624999999997737 -2.500000000008097 0
5.624999999997866 -2.187500000008794 0
5.624999999997995 -1.875000000009221 0
5.624999999998124 -1.562500000008833 0
5.624999999998257 -1.25000000000845 0
5.624999999998385 -0.9375000000080653 0
5.624999999998514 -0.6250000000076779 0
5.624999999998645 -0.3125000000072924 0
5.624999999998773 -6.908695837637424e-12 0
5.624999999998904 0.3124999999934754 0
5.624999999999034 0.6249999999938614 0
5.624999999999164 0.9374999999942448 0
5.624999999999292 1.249999999994629 0
5.624999999999423 1.562499999995013 0
5.624999999999551 1.874999999995397 0
5.624999999999681 2.187499999995555 0
5.624999999999811 2.499999999995634 0
5.62499999999994 2.812499999995716 0
5.62500000000007 3.124999999995796 0
5.6250000000002 3.437499999995875 0
5.625000000000329 3.749999999995957 0
5.62500000000046 4.062499999996039 0
5.62500000000059 4.37499999999612 0
5.625000000000719 4.6874999999962 0
5.625000000000848 4.999999999996279 0
5.625000000000975 5.31249999999636 0
5.625000000001107 5.62499999999644 0
5.625000000001238 5.937499999996522 0
5.625000000001368 6.249999999996603 0
5.625000000001495 6.562499999996685 0
5.625000000001625 6.874999999996765 0
5.625000000001755 7.187499999996845 0
5.625000000001886 7.499999999996964 0
5.625000000002014 7.812499999997311 0
5.625000000002146 8.124999999997694 0
5.625000000002274 8.437499999998078 0
5.625000000002403 8.749999999998465 0
5.625000000002533 9.062499999998851 0
5.625000000002664 9.374999999999233 0
5.625000000002792 9.687499999999616 0
5.937499999995119 -9.687499999999618 0
5.937499999995227 -9.374999999999227 0
5.937499999995334 -9.062499999998842 0
5.937499999995443 -8.749999999998458 0
5.937499999995551 -8.437499999998074 0
5.937499999995658 -8.124999999997687 0
5.937499999995765 -7.812499999997302 0
5.937499999995874 -7.499999999997056 0
5.937499999995983 -7.187499999997636 0
5.93749999999609 -6.874999999998357 0
5.937499999996199 -6.562499999999076 0
5.937499999996305 -6.249999999999794 0
5.937499999996414 -5.937500000000516 0
5.937499999996525 -5.625000000001239 0
5.937499999996629 -5.312500000001955 0
5.937499999996737 -5.000000000002679 0
5.937499999996846 -4.687500000003399 0
5.937499999996954 -4.375000000004119 0
5.937499999997063 -4.062500000004841 0
5.937499999997168 -3.750000000005559 0
5.937499999997277 -3.437500000006279 0
5.937499999997389 -3.125000000007001 0
5.937499999997494 -2.812500000007722 0
5.937499999997602 -2.50000000000844 0
5.937499999997708 -2.18750000000916 0
5.937499999997819 -1.875000000009606 0
5.937499999997925 -1.562500000009218 0
5.937499999998033 -1.250000000008834 0
5.937499999998141 -0.9375000000084489 0
5.93749999999825 -0.6250000000080626 0
5.937499999998357 -0.3125000000076762 0
5.937499999998466 -7.291944825738028e-12 0
5.937499999998574 0.3124999999930924 0
5.937499999998681 0.6249999999934772 0
5.937499999998789 0.9374999999938614 0
5.937499999998898 1.249999999994244 0
5.937499999999005 1.562499999994628 0
5.937499999999114 1.874999999995012 0
5.93749999999922 2.187499999995187 0
5.937499999999331 2.499999999995289 0
5.937499999999437 2.81249999999539 0
5.937499999999546 3.124999999995492 0
5.937499999999654 3.437499999995595 0
5.937499999999762 3.749999999995698 0
5.93749999999987 4.0624999999958 0
5.937499999999978 4.374999999995902 0
5.937500000000085 4.687499999996005 0
5.937500000000194 4.999999999996105 0
5.937500000000301 5.31249999999621 0
5.937500000000409 5.624999999996311 0
5.937500000000517 5.937499999996414 0
5.937500000000625 6.249999999996517 0
5.937500000000734 6.562499999996619 0
5.937500000000841 6.874999999996723 0
5.937500000000949 7.187499999996824 0
5.937500000001057 7.499999999996962 0
5.937500000001164 7.812499999997311 0
5.937500000001275 8.124999999997694 0
5.937500000001381 8.437499999998082 0
5.937500000001489 8.749999999998465 0
5.937500000001598 9.062499999998851 0
5.937500000001704 9.374999999999234 0
5.937500000001814 9.687499999999616 0
6.249999999995483 -9.687499999999616 0
6.249999999995568 -9.374999999999229 0
6.249999999995653 -9.062499999998842 0
6.249999999995739 -8.74999999999846 0
6.249999999995826 -8.437499999998071 0
6.249999999995913 -8.124999999997687 0
6.249999999996001 -7.812499999997303 0
6.249999999996086 -7.499999999997057 0
6.249999999996173 -7.187499999997659 0
6.249999999996259 -6.8749999999984 0
6.249999999996344 -6.56249999999914 0
6.24999999999643 -6.249999999999885 0
6.249999999996515 -5.937500000000625 0
6.249999999996604 -5.625000000001366 0
6.249999999996689 -5.312500000002109 0
6.249999999996775 -5.00000000000285 0
6.249999999996862 -4.687500000003594 0
6.249999999996948 -4.375000000004336 0
6.249999999997035 -4.062500000005079 0
6.249999999997121 -3.750000000005818 0
6.249999999997208 -3.43750000000656 0
6.249999999997291 -3.125000000007303 0
6.249999999997382 -2.812500000008044 0
6.249999999997464 -2.50000000000879 0
6.249999999997553 -2.18750000000953 0
6.24999999999764 -1.875000000009991 0
6.249999999997724 -1.562500000009603 0
6.249999999997811 -1.250000000009217 0
6.249999999997897 -0.9375000000088329 0
6.249999999997984 -0.6250000000084455 0
6.24999999999807 -0.3125000000080608 0
6.249999999998158 -7.675637903048482e-12 0
6.249999999998243 0.3124999999927085 0
6.249999999998329 0.6249999999930932 0
6.249999999998415 0.9374999999934763 0
6.249999999998503 1.24999999999386 0
6.249999999998588 1.562499999994245 0
6.249999999998675 1.874999999994629 0
6.24999999999876 2.18749999999482 0
6.249999999998847 2.499999999994941 0
6.249999999998932 2.812499999995068 0
6.249999999999021 3.124999999995191 0
6.249999999999106 3.437499999995313 0
6.249999999999192 3.749999999995437 0
6.249999999999279 4.062499999995563 0
6.249999999999366 4.374999999995685 0
6.249999999999451 4.687499999995811 0
6.249999999999538 4.999999999995932 0
6.249999999999623 5.312499999996059 0
6.249999999999711 5.624999999996183 0
6.249999999999796 5.937499999996308 0
6.249999999999882 6.24999999999643 0
6.24999999999997 6.562499999996556 0
6.250000000000055 6.874999999996678 0
6.250000000000142 7.187499999996803 0
6.250000000000229 7.499999999996959 0
6.250000000000314 7.812499999997312 0
6.2500000000004 8.124999999997694 0
6.250000000000487 8.437499999998082 0
6.250000000000574 8.749999999998465 0
6.25000000000066 9.062499999998851 0
6.250000000000744 9.374999999999233 0
6.250000000000833 9.687499999999616 0
6.562499999995844 -9.687499999999616 0
6.56249999999591 -9.374999999999229 0
6.562499999995973 -9.062499999998842 0
6.56249999999604 -8.749999999998458 0
6.562499999996104 -8.437499999998069 0
6.562499999996168 -8.124999999997687 0
6.562499999996235 -7.812499999997303 0
6.562499999996297 -7.499999999997059 0
6.562499999996362 -7.187499999997678 0
6.562499999996428 -6.874999999998442 0
6.562499999996492 -6.562499999999206 0
6.562499999996555 -6.24999999999997 0
6.56249999999662 -5.937500000000734 0
6.562499999996683 -5.625000000001497 0
6.562499999996748 -5.312500000002262 0
6.562499999996812 -5.000000000003022 0
6.562499999996881 -4.687500000003789 0
6.562499999996945 -4.375000000004549 0
6.56249999999701 -4.062500000005318 0
6.562499999997073 -3.750000000006078 0
6.562499999997138 -3.437500000006841 0
6.562499999997202 -3.125000000007606 0
6.562499999997266 -2.812500000008368 0
6.562499999997331 -2.500000000009134 0
6.562499999997398 -2.187500000009897 0
6.56249999999746 -1.875000000010374 0
6.562499999997526 -1.562500000009986 0
6.56249999999759 -1.250000000009602 0
6.562499999997653 -0.9375000000092182 0
6.562499999997721 -0.6250000000088298 0
6.562499999997784 -0.3125000000084445 0
6.562499999997848 -8.060996314895874e-12 0
6.562499999997913 0.3124999999923247 0
6.562499999997979 0.6249999999927099 0
6.562499999998043 0.9374999999930939 0
6.562499999998107 1.249999999993478 0
6.562499999998173 1.56249999999386 0
6.562499999998236 1.874999999994243 0
6.562499999998303 2.187499999994451 0
6.562499999998368 2.499999999994596 0
6.562499999998431 2.812499999994743 0
6.562499999998494 3.124999999994887 0
6.562499999998559 3.437499999995032 0
6.562499999998624 3.749999999995179 0
6.562499999998688 4.062499999995324 0
6.562499999998753 4.37499999999547 0
6.562499999998819 4.687499999995618 0
6.562499999998882 4.99999999999576 0
6.562499999998948 5.312499999995908 0
6.562499999999014 5.624999999996053 0
6.562499999999077 5.937499999996198 0
6.562499999999141 6.249999999996344 0
6.562499999999207 6.562499999996491 0
6.562499999999272 6.874999999996637 0
6.562499999999337 7.187499999996782 0
6.5624999999994 7.499999999996957 0
6.562499999999464 7.812499999997312 0
6.562499999999527 8.124999999997694 0
6.562499999999594 8.437499999998082 0
6.562499999999662 8.749999999998465 0
6.562499999999723 9.062499999998851 0
6.562499999999787 9.374999999999233 0
6.562499999999853 9.687499999999616 0
6.874999999996208 -9.687499999999618 0
6.874999999996248 -9.374999999999226 0
6.874999999996293 -9.062499999998842 0
6.874999999996336 -8.74999999999846 0
6.874999999996379 -8.437499999998071 0
6.874999999996423 -8.124999999997687 0
6.874999999996463 -7.812499999997297 0
6.874999999996508 -7.499999999997062 0
6.87499999999655 -7.1874999999977 0
6.874999999996594 -6.874999999998486 0
6.874999999996636 -6.562499999999272 0
6.874999999996679 -6.250000000000054 0
6.874999999996724 -5.937500000000839 0
6.874999999996767 -5.625000000001625 0
6.87499999999681 -5.312500000002411 0
6.874999999996853 -5.000000000003198 0
6.874999999996897 -4.687500000003984 0
6.874999999996938 -4.375000000004767 0
6.874999999996978 -4.062500000005555 0
6.874999999997024 -3.750000000006335 0
6.874999999997068 -3.437500000007123 0
6.874999999997108 -3.125000000007908 0
6.874999999997152 -2.812500000008695 0
6.874999999997193 -2.50000000000948 0
6.874999999997238 -2.187500000010266 0
6.874999999997284 -1.875000000010757 0
6.874999999997325 -1.562500000010371 0
6.874999999997369 -1.250000000009985 0
6.874999999997411 -0.9375000000096022 0
6.874999999997454 -0.6250000000092145 0
6.874999999997495 -0.3125000000088277 0
6.874999999997539 -8.444578369903866e-12 0
6.874999999997583 0.3124999999919417 0
6.874999999997627 0.6249999999923257 0
6.874999999997671 0.9374999999927098 0
6.87499999999771 1.249999999993092 0
6.874999999997756 1.562499999993477 0
6.874999999997797 1.87499999999386 0
6.874999999997842 2.187499999994083 0
6.874999999997886 2.49999999999425 0
6.874999999997926 2.812499999994417 0
6.874999999997972 3.124999999994585 0
6.874999999998012 3.43749999999475 0
6.874999999998054 3.74999999999492 0
6.874999999998099 4.062499999995086 0
6.874999999998143 4.374999999995254 0
6.874999999998186 4.687499999995422 0
6.874999999998229 4.999999999995588 0
6.87499999999827 5.312499999995756 0
6.874999999998313 5.624999999995922 0
6.874999999998356 5.937499999996091 0
6.874999999998401 6.249999999996257 0
6.874999999998444 6.562499999996428 0
6.874999999998487 6.874999999996593 0
6.87499999999853 7.18749999999676 0
6.874999999998573 7.499999999996956 0
6.874999999998615 7.812499999997311 0
6.874999999998657 8.124999999997698 0
6.874999999998701 8.437499999998082 0
6.874999999998743 8.749999999998465 0
6.874999999998787 9.062499999998849 0
6.874999999998831 9.374999999999233 0
6.874999999998873 9.687499999999616 0
7.187499999996567 -9.687499999999616 0
7.187499999996589 -9.374999999999229 0
7.187499999996612 -9.062499999998842 0
7.187499999996632 -8.74999999999846 0
7.187499999996654 -8.437499999998071 0
7.187499999996676 -8.124999999997687 0
7.187499999996699 -7.812499999997299 0
7.18749999999672 -7.499999999997064 0
7.187499999996739 -7.187499999997723 0
7.187499999996761 -6.874999999998529 0
7.187499999996782 -6.562499999999336 0
7.187499999996804 -6.250000000000144 0
7.187499999996825 -5.937500000000951 0
7.187499999996845 -5.625000000001759 0
7.187499999996867 -5.312500000002562 0
7.187499999996888 -5.000000000003368 0
7.187499999996912 -4.687500000004175 0
7.18749999999693 -4.375000000004983 0
7.187499999996954 -4.062500000005794 0
7.187499999996976 -3.750000000006597 0
7.187499999996996 -3.437500000007403 0
7.187499999997017 -3.125000000008211 0
7.187499999997039 -2.812500000009018 0
7.18749999999706 -2.500000000009826 0
7.187499999997081 -2.187500000010632 0
7.187499999997103 -1.875000000011142 0
7.187499999997122 -1.562500000010755 0
7.187499999997147 -1.250000000010369 0
7.187499999997167 -0.9375000000099849 0
7.187499999997187 -0.6250000000095984 0
7.187499999997209 -0.3125000000092127 0
7.187499999997231 -8.828049402609395e-12 0
7.187499999997251 0.312499999991557 0
7.187499999997272 0.6249999999919416 0
7.187499999997295 0.9374999999923264 0
7.187499999997314 1.249999999992709 0
7.187499999997335 1.562499999993092 0
7.187499999997358 1.874999999993477 0
7.187499999997379 2.187499999993715 0
7.187499999997399 2.499999999993904 0
7.187499999997423 2.812499999994095 0
7.187499999997444 3.12499999999428 0
7.187499999997467 3.43749999999447 0
7.187499999997485 3.74999999999466 0
7.18749999999751 4.062499999994849 0
7.187499999997529 4.374999999995039 0
7.18749999999755 4.687499999995227 0
7.187499999997572 4.999999999995413 0
7.187499999997593 5.312499999995604 0
7.187499999997615 5.624999999995793 0
7.187499999997638 5.937499999995982 0
7.18749999999766 6.249999999996172 0
7.187499999997679 6.562499999996362 0
7.1874999999977 6.874999999996552 0
7.187499999997723 7.187499999996739 0
7.187499999997744 7.499999999996952 0
7.187499999997767 7.812499999997311 0
7.187499999997787 8.124999999997698 0
7.187499999997805 8.437499999998082 0
7.187499999997831 8.749999999998465 0
7.187499999997852 9.062499999998851 0
7.187499999997871 9.374999999999233 0
7.187499999997895 9.687499999999616 0
7.499999999996933 -9.687499999999618 0
7.499999999996937 -9.374999999999227 0
7.499999999996939 -9.062499999998842 0
7.49999999999694 -8.74999999999846 0
7.499999999996942 -8.437499999998069 0
7.499999999996945 -8.124999999997687 0
7.499999999996946 -7.812499999997299 0
7.499999999996951 -7.499999999997066 0
7.499999999996953 -7.187499999997741 0
7.499999999996954 -6.874999999998572 0
7.499999999996955 -6.5624999999994 0
7.49999999999696 -6.250000000000228 0
7.499999999996961 -5.937500000001055 0
7.499999999996965 -5.625000000001886 0
7.499999999996966 -5.312500000002712 0
7.49999999999697 -5.000000000003541 0
7.499999999996973 -4.68750000000437 0
7.499999999996976 -4.3750000000052 0
7.499999999996977 -4.062500000006027 0
7.499999999996978 -3.750000000006856 0
7.499999999996982 -3.437500000007686 0
7.499999999996984 -3.125000000008514 0
7.499999999996987 -2.812500000009342 0
7.49999999999699 -2.500000000010171 0
7.499999999996992 -2.187500000011001 0
7.499999999996993 -1.875000000011526 0
7.499999999996994 -1.562500000011138 0
7.499999999996997 -1.250000000010754 0
7.499999999997002 -0.9375000000103688 0
7.499999999997003 -0.6250000000099819 0
7.499999999997006 -0.3125000000095968 0
7.499999999997009 -9.211520435314924e-12 0
7.499999999997012 0.3124999999911728 0
7.499999999997011 0.624999999991558 0
7.499999999997016 0.9374999999919422 0
7.499999999997017 1.249999999992325 0
7.499999999997018 1.562499999992708 0
7.499999999997023 1.874999999993093 0
7.499999999997027 2.187499999993348 0
7.499999999997027 2.499999999993558 0
7.49999999999703 2.81249999999377 0
7.499999999997032 3.124999999993978 0
7.499999999997033 3.437499999994189 0
7.499999999997039 3.749999999994401 0
7.499999999997039 4.062499999994611 0
7.499999999997043 4.374999999994823 0
7.499999999997045 4.687499999995035 0
7.499999999997049 4.999999999995241 0
7.499999999997049 5.312499999995454 0
7.499999999997051 5.624999999995664 0
7.499999999997054 5.937499999995874 0
7.499999999997057 6.249999999996085 0
7.499999999997058 6.562499999996298 0
7.499999999997063 6.874999999996507 0
7.499999999997065 7.187499999996717 0
7.499999999997065 7.49999999999695 0
7.499999999997068 7.812499999997313 0
7.499999999997069 8.124999999997698 0
7.499999999997073 8.437499999998082 0
7.499999999997077 8.749999999998465 0
7.49999999999708 9.062499999998849 0
7.49999999999708 9.374999999999233 0
7.499999999997082 9.687499999999616 0
7.812499999997315 -9.687499999999618 0
7.812499999997316 -9.374999999999227 0
7.812499999997314 -9.062499999998842 0
7.812499999997315 -8.74999999999846 0
7.812499999997315 -8.437499999998069 0
7.812499999997312 -8.124999999997687 0
7.812499999997311 -7.812499999997299 0
7.812499999997313 -7.49999999999707 0
7.812499999997313 -7.187499999997764 0
7.812499999997312 -6.874999999998614 0
7.812499999997311 -6.562499999999465 0
7.812499999997311 -6.250000000000313 0
7.812499999997312 -5.937500000001165 0
7.812499999997311 -5.625000000002016 0
7.81249999999731 -5.312500000002866 0
7.812499999997311 -5.000000000003715 0
7.812499999997311 -4.687500000004567 0
7.81249999999731 -4.375000000005415 0
7.81249999999731 -4.062500000006269 0
7.812499999997311 -3.750000000007115 0
7.812499999997311 -3.437500000007967 0
7.812499999997308 -3.125000000008818 0
7.812499999997311 -2.812500000009667 0
7.812499999997307 -2.500000000010519 0
7.812499999997308 -2.187500000011366 0
7.812499999997307 -1.87500000001191 0
7.812499999997307 -1.562500000011522 0
7.812499999997308 -1.250000000011138 0
7.812499999997309 -0.9375000000107536 0
7.812499999997309 -0.6250000000103648 0
7.812499999997308 -0.3125000000099788 0
7.812499999997307 -9.596323735650003e-12 0
7.812499999997307 0.3124999999907899 0
7.812499999997306 0.6249999999911741 0
7.812499999997305 0.9374999999915579 0
7.812499999997307 1.249999999991942 0
7.812499999997306 1.562499999992324 0
7.812499999997305 1.874999999992708 0
7.812499999997305 2.18749999999298 0
7.812499999997303 2.499999999993212 0
7.812499999997304 2.812499999993445 0
7.812499999997305 3.124999999993676 0
7.812499999997303 3.437499999993907 0
7.812499999997304 3.749999999994141 0
7.812499999997303 4.062499999994374 0
7.812499999997302 4.374999999994605 0
7.812499999997304 4.687499999994841 0
7.812499999997304 4.99999999999507 0
7.812499999997305 5.312499999995303 0
7.812499999997302 5.624999999995534 0
7.812499999997301 5.937499999995765 0
7.812499999997303 6.249999999995998 0
7.8124999999973 6.562499999996232 0
7.812499999997301 6.874999999996464 0
7.812499999997302 7.187499999996696 0
7.812499999997302 7.499999999996948 0
7.812499999997302 7.812499999997312 0
7.812499999997301 8.124999999997698 0
7.8124999999973 8.437499999998082 0
7.812499999997302 8.749999999998465 0
7.812499999997302 9.062499999998851 0
7.8124999999973 9.374999999999233 0
7.812499999997301 9.687499999999616 0
8.124999999997698 -9.687499999999616 0
8.124999999997698 -9.374999999999227 0
8.124999999997698 -9.062499999998842 0
8.124999999997698 -8.749999999998458 0
8.1249999999977 -8.437499999998069 0
8.124999999997698 -8.124999999997687 0
8.1249999999977 -7.812499999997299 0
8.124999999997698 -7.49999999999707 0
8.124999999997694 -7.187499999997787 0
8.124999999997698 -6.874999999998657 0
8.124999999997694 -6.562499999999528 0
8.124999999997698 -6.250000000000401 0
8.124999999997694 -5.937500000001272 0
8.124999999997694 -5.625000000002144 0
8.124999999997694 -5.312500000003014 0
8.124999999997694 -5.000000000003888 0
8.124999999997694 -4.687500000004762 0
8.124999999997696 -4.375000000005633 0
8.124999999997694 -4.062500000006504 0
8.124999999997694 -3.750000000007374 0
8.124999999997694 -3.437500000008247 0
8.124999999997694 -3.12500000000912 0
8.124999999997694 -2.812500000009992 0
8.124999999997691 -2.500000000010865 0
8.124999999997691 -2.187500000011736 0
8.124999999997691 -1.875000000012295 0
8.124999999997693 -1.562500000011906 0
8.124999999997691 -1.250000000011522 0
8.124999999997693 -0.9375000000111364 0
8.124999999997691 -0.6250000000107498 0
8.124999999997691 -0.3125000000103648 0
8.124999999997691 -9.979905790657995e-12 0
8.124999999997691 0.3124999999904052 0
8.124999999997693 0.62499999999079 0
8.124999999997693 0.9374999999911732 0
8.124999999997689 1.249999999991556 0
8.124999999997691 1.562499999991942 0
8.124999999997691 1.874999999992324 0
8.124999999997691 2.187499999992613 0
8.124999999997691 2.499999999992866 0
8.124999999997691 2.81249999999312 0
8.124999999997685 3.124999999993372 0
8.124999999997691 3.437499999993626 0
8.124999999997687 3.749999999993881 0
8.124999999997687 4.062499999994135 0
8.124999999997687 4.374999999994388 0
8.124999999997687 4.687499999994644 0
8.124999999997687 4.999999999994895 0
8.124999999997689 5.312499999995152 0
8.124999999997687 5.624999999995405 0
8.124999999997687 5.937499999995659 0
8.124999999997687 6.249999999995913 0
8.124999999997684 6.562499999996168 0
8.124999999997684 6.874999999996421 0
8.124999999997684 7.187499999996675 0
8.124999999997684 7.499999999996944 0
8.124999999997682 7.812499999997311 0
8.124999999997685 8.124999999997698 0
8.124999999997685 8.437499999998082 0
8.124999999997684 8.749999999998465 0
8.124999999997684 9.062499999998851 0
8.124999999997685 9.374999999999233 0
8.124999999997684 9.687499999999616 0
8.437499999998082 -9.687499999999616 0
8.437499999998082 -9.374999999999229 0
8.437499999998082 -9.062499999998842 0
8.437499999998083 -8.749999999998458 0
8.437499999998082 -8.437499999998071 0
8.437499999998078 -8.124999999997684 0
8.437499999998082 -7.812499999997299 0
8.43749999999808 -7.499999999997073 0
8.437499999998082 -7.187499999997806 0
8.437499999998083 -6.874999999998701 0
8.437499999998078 -6.562499999999595 0
8.437499999998082 -6.250000000000488 0
8.437499999998078 -5.93750000000138 0
8.437499999998078 -5.625000000002276 0
8.437499999998078 -5.312500000003169 0
8.437499999998078 -5.000000000004062 0
8.437499999998078 -4.687500000004954 0
8.437499999998078 -4.375000000005849 0
8.437499999998078 -4.062500000006742 0
8.437499999998078 -3.750000000007634 0
8.437499999998078 -3.437500000008527 0
8.437499999998078 -3.125000000009422 0
8.437499999998078 -2.812500000010316 0
8.43749999999808 -2.500000000011211 0
8.437499999998078 -2.187500000012103 0
8.43749999999808 -1.875000000012678 0
8.43749999999808 -1.562500000012291 0
8.437499999998078 -1.250000000011906 0
8.437499999998074 -0.9375000000115212 0
8.437499999998074 -0.6250000000111329 0
8.437499999998078 -0.3125000000107473 0
8.437499999998074 -1.036259966724629e-11 0
8.437499999998074 0.3124999999900214 0
8.437499999998074 0.6249999999904052 0
8.437499999998074 0.937499999990789 0
8.437499999998074 1.249999999991173 0
8.437499999998076 1.562499999991557 0
8.437499999998073 1.87499999999194 0
8.437499999998074 2.187499999992244 0
8.437499999998076 2.499999999992519 0
8.437499999998073 2.812499999992795 0
8.437499999998074 3.12499999999307 0
8.437499999998074 3.437499999993346 0
8.437499999998073 3.749999999993622 0
8.437499999998074 4.062499999993897 0
8.437499999998074 4.374999999994173 0
8.437499999998074 4.687499999994451 0
8.437499999998074 4.999999999994721 0
8.437499999998073 5.312499999995 0
8.437499999998074 5.624999999995275 0
8.437499999998076 5.937499999995551 0
8.437499999998074 6.249999999995827 0
8.437499999998071 6.562499999996104 0
8.437499999998073 6.874999999996379 0
8.437499999998073 7.187499999996653 0
8.437499999998074 7.499999999996943 0
8.437499999998071 7.812499999997312 0
8.437499999998074 8.124999999997698 0
8.437499999998073 8.437499999998082 0
8.437499999998071 8.749999999998465 0
8.437499999998071 9.062499999998851 0
8.437499999998069 9.374999999999233 0
8.437499999998071 9.687499999999616 0
8.749999999998467 -9.687499999999618 0
8.749999999998462 -9.374999999999229 0
8.749999999998463 -9.062499999998844 0
8.749999999998465 -8.749999999998455 0
8.749999999998462 -8.437499999998071 0
8.749999999998465 -8.124999999997684 0
8.749999999998462 -7.812499999997299 0
8.749999999998465 -7.499999999997079 0
8.749999999998463 -7.187499999997828 0
8.749999999998462 -6.874999999998744 0
8.749999999998462 -6.562499999999659 0
8.749999999998463 -6.250000000000574 0
8.749999999998462 -5.93750000000149 0
8.749999999998462 -5.625000000002403 0
8.74999999999846 -5.31250000000332 0
8.749999999998465 -5.000000000004234 0
8.749999999998465 -4.687500000005149 0
8.74999999999846 -4.375000000006064 0
8.749999999998462 -4.06250000000698 0
8.749999999998462 -3.750000000007895 0
8.749999999998462 -3.437500000008811 0
8.749999999998462 -3.125000000009725 0
8.749999999998463 -2.81250000001064 0
8.74999999999846 -2.500000000011557 0
8.749999999998462 -2.18750000001247 0
8.749999999998458 -1.875000000013061 0
8.749999999998462 -1.562500000012675 0
8.749999999998462 -1.25000000001229 0
8.74999999999846 -0.9375000000119041 0
8.74999999999846 -0.6250000000115161 0
8.74999999999846 -0.3125000000111315 0
8.749999999998462 -1.074695887837152e-11 0
8.749999999998458 0.3124999999896385 0
8.749999999998456 0.6249999999900239 0
8.749999999998458 0.9374999999904067 0
8.74999999999846 1.24999999999079 0
8.749999999998458 1.562499999991173 0
8.74999999999846 1.874999999991555 0
8.749999999998456 2.187499999991877 0
8.749999999998458 2.499999999992172 0
8.749999999998458 2.812499999992471 0
8.749999999998458 3.124999999992768 0
8.749999999998458 3.437499999993064 0
8.749999999998458 3.749999999993361 0
8.749999999998456 4.062499999993659 0
8.749999999998458 4.374999999993957 0
8.749999999998458 4.687499999994255 0
8.749999999998456 4.999999999994547 0
8.749999999998458 5.312499999994848 0
8.749999999998458 5.624999999995143 0
8.749999999998458 5.937499999995444 0
8.749999999998458 6.24999999999574 0
8.749999999998458 6.562499999996039 0
8.749999999998456 6.874999999996337 0
8.749999999998458 7.187499999996633 0
8.749999999998458 7.499999999996942 0
8.749999999998458 7.812499999997313 0
8.749999999998458 8.124999999997698 0
8.749999999998456 8.437499999998082 0
8.749999999998458 8.749999999998465 0
8.749999999998458 9.062499999998851 0
8.749999999998458 9.374999999999233 0
8.749999999998456 9.687499999999616 0
9.062499999998849 -9.687499999999616 0
9.062499999998849 -9.374999999999229 0
9.062499999998849 -9.062499999998842 0
9.062499999998851 -8.749999999998456 0
9.062499999998852 -8.437499999998071 0
9.062499999998851 -8.124999999997685 0
9.062499999998851 -7.812499999997299 0
9.062499999998851 -7.499999999997082 0
9.062499999998849 -7.18749999999785 0
9.062499999998845 -6.874999999998787 0
9.062499999998849 -6.562499999999723 0
9.062499999998849 -6.250000000000659 0
9.062499999998849 -5.937500000001597 0
9.062499999998847 -5.625000000002535 0
9.062499999998851 -5.312500000003469 0
9.062499999998845 -5.000000000004407 0
9.062499999998849 -4.687500000005346 0
9.062499999998847 -4.375000000006278 0
9.062499999998849 -4.062500000007218 0
9.062499999998847 -3.750000000008152 0
9.062499999998847 -3.43750000000909 0
9.062499999998847 -3.125000000010029 0
9.062499999998849 -2.812500000010964 0
9.062499999998847 -2.500000000011902 0
9.062499999998847 -2.187500000012838 0
9.062499999998847 -1.875000000013447 0
9.062499999998852 -1.562500000013059 0
9.062499999998851 -1.250000000012672 0
9.062499999998849 -0.9375000000122885 0
9.062499999998847 -0.6250000000119015 0
9.062499999998849 -0.3125000000115136 0
9.062499999998845 -1.113198422331152e-11 0
9.062499999998845 0.312499999989255 0
9.062499999998847 0.6249999999896385 0
9.062499999998844 0.9374999999900205 0
9.062499999998847 1.249999999990406 0
9.062499999998847 1.562499999990789 0
9.062499999998847 1.874999999991172 0
9.062499999998845 2.187499999991509 0
9.062499999998847 2.499999999991828 0
9.062499999998845 2.812499999992148 0
9.062499999998844 3.124999999992464 0
9.062499999998842 3.437499999992783 0
9.062499999998842 3.749999999993102 0
9.062499999998845 4.062499999993421 0
9.062499999998845 4.374999999993743 0
9.062499999998845 4.687499999994062 0
9.062499999998842 4.999999999994375 0
9.062499999998842 5.312499999994697 0
9.062499999998842 5.624999999995015 0
9.062499999998844 5.937499999995334 0
9.062499999998847 6.249999999995653 0
9.062499999998842 6.562499999995972 0
9.062499999998842 6.87499999999629 0
9.062499999998844 7.187499999996612 0
9.062499999998842 7.499999999996937 0
9.062499999998844 7.812499999997313 0
9.062499999998844 8.124999999997698 0
9.062499999998844 8.437499999998082 0
9.062499999998844 8.749999999998465 0
9.062499999998842 9.062499999998849 0
9.062499999998844 9.374999999999234 0
9.062499999998842 9.687499999999616 0
9.374999999999231 -9.687499999999618 0
9.374999999999234 -9.374999999999227 0
9.374999999999233 -9.062499999998842 0
9.374999999999233 -8.749999999998455 0
9.374999999999233 -8.437499999998071 0
9.374999999999234 -8.124999999997685 0
9.374999999999234 -7.812499999997299 0
9.374999999999234 -7.499999999997082 0
9.374999999999233 -7.187499999997872 0
9.374999999999234 -6.874999999998829 0
9.374999999999233 -6.562499999999787 0
9.374999999999233 -6.250000000000745 0
9.374999999999233 -5.937500000001704 0
9.374999999999231 -5.625000000002663 0
9.374999999999231 -5.312500000003622 0
9.374999999999234 -5.000000000004579 0
9.374999999999233 -4.68750000000554 0
9.374999999999234 -4.375000000006496 0
9.374999999999233 -4.062500000007456 0
9.374999999999229 -3.750000000008414 0
9.374999999999231 -3.437500000009373 0
9.374999999999231 -3.125000000010331 0
9.374999999999233 -2.81250000001129 0
9.374999999999234 -2.500000000012249 0
9.374999999999233 -2.187500000013206 0
9.374999999999231 -1.875000000013831 0
9.374999999999229 -1.562500000013441 0
9.374999999999229 -1.250000000013056 0
9.374999999999234 -0.9375000000126723 0
9.374999999999231 -0.6250000000122846 0
9.374999999999233 -0.3125000000118996 0
9.374999999999229 -1.151551076716828e-11 0
9.374999999999231 0.3124999999888704 0
9.374999999999234 0.6249999999892554 0
9.374999999999229 0.9374999999896391 0
9.374999999999229 1.24999999999002 0
9.374999999999229 1.562499999990405 0
9.374999999999231 1.874999999990788 0
9.374999999999229 2.18749999999114 0
9.374999999999231 2.499999999991482 0
9.374999999999231 2.812499999991823 0
9.374999999999231 3.124999999992161 0
9.374999999999233 3.437499999992502 0
9.374999999999229 3.749999999992843 0
9.374999999999231 4.062499999993184 0
9.374999999999231 4.374999999993526 0
9.374999999999226 4.687499999993867 0
9.374999999999231 4.999999999994204 0
9.374999999999231 5.312499999994546 0
9.374999999999229 5.624999999994885 0
9.374999999999231 5.937499999995227 0
9.374999999999231 6.249999999995568 0
9.374999999999226 6.562499999995907 0
9.374999999999227 6.874999999996248 0
9.374999999999229 7.187499999996589 0
9.374999999999231 7.499999999996936 0
9.374999999999229 7.812499999997314 0
9.374999999999227 8.124999999997698 0
9.374999999999226 8.437499999998082 0
9.374999999999226 8.749999999998465 0
9.374999999999227 9.062499999998851 0
9.374999999999227 9.374999999999233 0
9.374999999999226 9.687499999999616 0
9.68749999999962 -9.687499999999616 0
9.687499999999616 -9.374999999999229 0
9.687499999999616 -9.062499999998842 0
9.687499999999618 -8.749999999998456 0
9.687499999999616 -8.437499999998071 0
9.68749999999962 -8.124999999997684 0
9.687499999999616 -7.812499999997299 0
9.687499999999616 -7.499999999997086 0
9.687499999999618 -7.187499999997893 0
9.687499999999618 -6.874999999998873 0
9.687499999999616 -6.562499999999854 0
9.687499999999616 -6.250000000000833 0
9.687499999999615 -5.937500000001813 0
9.687499999999618 -5.625000000002795 0
9.687499999999616 -5.312500000003772 0
9.687499999999616 -5.000000000004753 0
9.687499999999616 -4.687500000005732 0
9.687499999999616 -4.375000000006712 0
9.687499999999618 -4.062500000007693 0
9.687499999999616 -3.750000000008673 0
9.687499999999618 -3.437500000009654 0
9.687499999999616 -3.125000000010633 0
9.687499999999616 -2.812500000011614 0
9.687499999999616 -2.500000000012594 0
9.687499999999618 -2.187500000013574 0
9.687499999999618 -1.875000000014214 0
9.687499999999618 -1.562500000013826 0
9.687499999999618 -1.250000000013441 0
9.687499999999616 -0.937500000013057 0
9.687499999999616 -0.6250000000126678 0
9.687499999999618 -0.312500000012283 0
9.687499999999616 -1.189906506660066e-11 0
9.687499999999616 0.3124999999884867 0
9.687499999999616 0.6249999999888713 0
9.687499999999616 0.9374999999892544 0
9.687499999999613 1.249999999989637 0
9.687499999999618 1.562499999990021 0
9.687499999999616 1.874999999990404 0
9.687499999999616 2.187499999990774 0
9.687499999999616 2.499999999991136 0
9.687499999999616 2.812499999991499 0
9.687499999999616 3.124999999991859 0
9.687499999999618 3.43749999999222 0
9.687499999999616 3.749999999992584 0
9.687499999999616 4.062499999992945 0
9.687499999999616 4.374999999993308 0
9.687499999999613 4.687499999993671 0
9.687499999999616 4.999999999994031 0
9.687499999999616 5.312499999994394 0
9.687499999999616 5.624999999994756 0
9.687499999999616 5.937499999995117 0
9.687499999999618 6.249999999995481 0
9.687499999999616 6.562499999995844 0
9.687499999999616 6.874999999996207 0
9.687499999999618 7.187499999996568 0
9.687499999999615 7.499999999996933 0
9.687499999999616 7.812499999997313 0
9.687499999999616 8.124999999997698 0
9.687499999999616 8.437499999998082 0
9.687499999999616 8.749999999998463 0
9.687499999999616 9.062499999998849 0
9.687499999999616 9.374999999999234 0
9.687499999999618 9.687499999999616 0
$EndNodes
$Elements
5 4352 1 4352
1 1 1 64
1 1 5 
2 5 6 
3 6 7 
4 7 8 
5 8 9 
6 9 10 
7 10 11 
8 11 12 
9 12 13 
10 13 14 
11 14 15 
12 15 16 
13 16 17 
14 17 18 
15 18 19 
16 19 20 
17 20 21 
18 21 22 
19 22 23 
20 23 24 
21 24 25 
22 25 26 
23 26 27 
24 27 28 
25 28 29 
26 29 30 
27 30 31 
28 31 32 
29 32 33 
30 33 34 
31 34 35 
32 35 36 
33 36 37 
34 37 38 
35 38 39 
36 39 40 
37 40 41 
38 41 42 
39 42 43 
40 43 44 
41 44 45 
42 45 46 
43 46 47 
44 47 48 
45 48 49 
46 49 50 
47 50 51 
48 51 52 
49 52 53 
50 53 54 
51 54 55 
52 55 56 
53 56 57 
54 57 58 
55 58 59 
56 59 60 
57 60 61 
58 61 62 
59 62 63 
60 63 64 
61 64 65 
62 65 66 
63 66 67 
64 67 2 
1 2 1 64
65 2 68 
66 68 69 
67 69 70 
68 70 71 
69 71 72 
70 72 73 
71 73 74 
72 74 75 
73 75 76 
74 76 77 
75 77 78 
76 78 79 
77 79 80 
78 80 81 
79 81 82 
80 82 83 
81 83 84 
82 84 85 
83 85 86 
84 86 87 
85 87 88 
86 88 89 
87 89 90 
88 90 91 
89 91 92 
90 92 93 
91 93 94 
92 94 95 
93 95 96 
94 96 97 
95 97 98 
96 98 99 
97 99 100 
98 100 101 
99 101 102 
100 102 103 
101 103 104 
102 104 105 
103 105 106 
104 106 107 
105 107 108 
106 108 109 
107 109 110 
108 110 111 
109 111 112 
110 112 113 
111 113 114 
112 114 115 
113 115 116 
114 116 117 
115 117 118 
116 118 119 
117 119 120 
118 120 121 
119 121 122 
120 122 123 
121 123 124 
122 124 125 
123 125 126 
124 126 127 
125 127 128 
126 128 129 
127 129 130 
128 130 3 
1 3 1 64
129 3 131 
130 131 132 
131 132 133 
132 133 134 
133 134 135 
134 135 136 
135 136 137 
136 137 138 
137 138 139 
138 139 140 
139 140 141 
140 141 142 
141 142 143 
142 143 144 
143 144 145 
144 145 146 
145 146 147 
146 147 148 
147 148 149 
148 149 150 
149 150 151 
150 151 152 
151 152 153 
152 153 154 
153 154 155 
154 155 156 
155 156 157 
156 157 158 
157 158 159 
158 159 160 
159 160 161 
160 161 162 
161 162 163 
162 163 164 
163 164 165 
164 165 166 
165 166 167 
166 167 168 
167 168 169 
168 169 170 
169 170 171 
170 171 172 
171 172 173 
172 173 174 
173 174 175 
174 175 176 
175 176 177 
176 177 178 
177 178 179 
178 179 180 
179 180 181 
180 181 182 
181 182 183 
182 183 184 
183 184 185 
184 185 186 
185 186 187 
186 187 188 
187 188 189 
188 189 190 
189 190 191 
190 191 192 
191 192 193 
192 193 4 
1 4 1 64
193 4 194 
194 194 195 
195 195 196 
196 196 197 
197 197 198 
198 198 199 
199 199 200 
200 200 201 
201 201 202 
202 202 203 
203 203 204 
204 204 205 
205 205 206 
206 206 207 
207 207 208 
208 208 209 
209 209 210 
210 210 211 
211 211 212 
212 212 213 
213 213 214 
214 214 215 
215 215 216 
216 216 217 
217 217 218 
218 218 219 
219 219 220 
220 220 221 
221 221 222 
222 222 223 
223 223 224 
224 224 225 
225 225 226 
226 226 227 
227 227 228 
228 228 229 
229 229 230 
230 230 231 
231 231 232 
232 232 233 
233 233 234 
234 234 235 
235 235 236 
236 236 237 
237 237 238 
238 238 239 
239 239 240 
240 240 241 
241 241 242 
242 242 243 
243 243 244 
244 244 245 
245 245 246 
246 246 247 
247 247 248 
248 248 249 
249 249 250 
250 250 251 
251 251 252 
252 252 253 
253 253 254 
254 254 255 
255 255 256 
256 256 1 
2 1 3 4096
257 1 5 257 256 
258 256 257 258 255 
259 255 258 259 254 
260 254 259 260 253 
261 253 260 261 252 
262 252 261 262 251 
263 251 262 263 250 
264 250 263 264 249 
265 249 264 265 248 
266 248 265 266 247 
267 247 266 267 246 
268 246 267 268 245 
269 245 268 269 244 
270 244 269 270 243 
271 243 270 271 242 
272 242 271 272 241 
273 241 272 273 240 
274 240 273 274 239 
275 239 274 275 238 
276 238 275 276 237 
277 237 276 277 236 
278 236 277 278 235 
279 235 278 279 234 
280 234 279 280 233 
281 233 280 281 232 
282 232 281 282 231 
283 231 282 283 230 
284 230 283 284 229 
285 229 284 285 228 
286 228 285 286 227 
287 227 286 287 226 
288 226 287 288 225 
289 225 288 289 224 
290 224 289 290 223 
291 223 290 291 222 
292 222 291 292 221 
293 221 292 293 220 
294 220 293 294 219 
295 219 294 295 218 
296 218 295 296 217 
297 217 296 297 216 
298 216 297 298 215 
299 215 298 299 214 
300 214 299 300 213 
301 213 300 301 212 
302 212 301 302 211 
303 211 302 303 210 
304 210 303 304 209 
305 209 304 305 208 
306 208 305 306 207 
307 207 306 307 206 
308 206 307 308 205 
309 205 308 309 204 
310 204 309 310 203 
311 203 310 311 202 
312 202 311 312 201 
313 201 312 313 200 
314 200 313 314 199 
315 199 314 315 198 
316 198 315 316 197 
317 197 316 317 196 
318 196 317 318 195 
319 195 318 319 194 
320 194 319 193 4 
321 5 6 320 257 
322 257 320 321 258 
323 258 321 322 259 
324 259 322 323 260 
325 260 323 324 261 
326 261 324 325 262 
327 262 325 326 263 
328 263 326 327 264 
329 264 327 328 265 
330 265 328 329 266 
331 266 329 330 267 
332 267 330 331 268 
333 268 331 332 269 
334 269 332 333 270 
335 270 333 334 271 
336 271 334 335 272 
337 272 335 336 273 
338 273 336 337 274 
339 274 337 338 275 
340 275 338 339 276 
341 276 339 340 277 
342 277 340 341 278 
343 278 341 342 279 
344 279 342 343 280 
345 280 343 344 281 
346 281 344 345 282 
347 282 345 346 283 
348 283 346 347 284 
349 284 347 348 285 
350 285 348 349 286 
351 286 349 350 287 
352 287 350 351 288 
353 288 351 352 289 
354 289 352 353 290 
355 290 353 354 291 
356 291 354 355 292 
357 292 355 356 293 
358 293 356 357 294 
359 294 357 358 295 
360 295 358 359 296 
361 296 359 360 297 
362 297 360 361 298 
363 298 361 362 299 
364 299 362 363 300 
365 300 363 364 301 
366 301 364 365 302 
367 302 365 366 303 
368 303 366 367 304 
369 304 367 368 305 
370 305 368 369 306 
371 306 369 370 307 
372 307 370 371 308 
373 308 371 372 309 
374 309 372 373 310 
375 310 373 374 311 
376 311 374 375 312 
377 312 375 376 313 
378 313 376 377 314 
379 314 377 378 315 
380 315 378 379 316 
381 316 379 380 317 
382 317 380 381 318 
383 318 381 382 319 
384 319 382 192 193 
385 6 7 383 320 
386 320 383 384 321 
387 321 384 385 322 
388 322 385 386 323 
389 323 386 387 324 
390 324 387 388 325 
391 325 388 389 326 
392 326 389 390 327 
393 327 390 391 328 
394 328 391 392 329 
395 329 392 393 330 
396 330 393 394 331 
397 331 394 395 332 
398 332 395 396 333 
399 333 396 397 334 
400 334 397 398 335 
401 335 398 399 336 
402 336 399 400 337 
403 337 400 401 338 
404 338 401 402 339 
405 339 402 403 340 
406 340 403 404 341 
407 341 404 405 342 
408 342 405 406 343 
409 343 406 407 344 
410 344 407 408 345 
411 345 408 409 346 
412 346 409 410 347 
413 347 410 411 348 
414 348 411 412 349 
415 349 412 413 350 
416 350 413 414 351 
417 351 414 415 352 
418 352 415 416 353 
419 353 416 417 354 
420 354 417 418 355 
421 355 418 419 356 
422 356 419 420 357 
423 357 420 421 358 
424 358 421 422 359 
425 359 422 423 360 
426 360 423 424 361 
427 361 424 425 362 
428 362 425 426 363 
429 363 426 427 364 
430 364 427 428 365 
431 365 428 429 366 
432 366 429 430 367 
433 367 430 431 368 
434 368 431 432 369 
435 369 432 433 370 
436 370 433 434 371 
437 371 434 435 372 
438 372 435 436 373 
439 373 436 437 374 
440 374 437 438 375 
441 375 438 439 376 
442 376 439 440 377 
443 377 440 441 378 
444 378 441 442 379 
445 379 442 443 380 
446 380 443 444 381 
447 381 444 445 382 
448 382 445 191 192 
449 7 8 446 383 
450 383 446 447 384 
451 384 447 448 385 
452 385 448 449 386 
453 386 449 450 387 
454 387 450 451 388 
455 388 451 452 389 
456 389 452 453 390 
457 390 453 454 391 
458 391 454 455 392 
459 392 455 456 393 
460 393 456 457 394 
461 394 457 458 395 
462 395 458 459 396 
463 396 459 460 397 
464 397 460 461 398 
465 398 461 462 399 
466 399 462 463 400 
467 400 463 464 401 
468 401 464 465 402 
469 402 465 466 403 
470 403 466 467 404 
471 404 467 468 405 
472 405 468 469 406 
473 406 469 470 407 
474 407 470 471 408 
475 408 471 472 409 
476 409 472 473 410 
477 410 473 474 411 
478 411 474 475 412 
479 412 475 476 413 
480 413 476 477 414 
481 414 477 478 415 
482 415 478 479 416 
483 416 479 480 417 
484 417 480 481 418 
485 418 481 482 419 
486 419 482 483 420 
487 420 483 484 421 
488 421 484 485 422 
489 422 485 486 423 
490 423 486 487 424 
491 424 487 488 425 
492 425 488 489 426 
493 426 489 490 427 
494 427 490 491 428 
495 428 491 492 429 
496 429 492 493 430 
497 430 493 494 431 
498 431 494 495 432 
499 432 495 496 433 
500 433 496 497 434 
501 434 497 498 435 
502 435 498 499 436 
503 436 499 500 437 
504 437 500 501 438 
505 438 501 502 439 
506 439 502 503 440 
507 440 503 504 441 
508 441 504 505 442 
509 442 505 506 443 
510 443 506 507 444 
511 444 507 508 445 
512 445 508 190 191 
513 8 9 509 446 
514 446 509 510 447 
515 447 510 511 448 
516 448 511 512 449 
517 449 512 513 450 
518 450 513 514 451 
519 451 514 515 452 
520 452 515 516 453 
521 453 516 517 454 
522 454 517 518 455 
523 455 518 519 456 
524 456 519 520 457 
525 457 520 521 458 
526 458 521 522 459 
527 459 522 523 460 
528 460 523 524 461 
529 461 524 525 462 
530 462 525 526 463 
531 463 526 527 464 
532 464 527 528 465 
533 465 528 529 466 
534 466 529 530 467 
535 467 530 531 468 
536 468 531 532 469 
537 469 532 533 470 
538 470 533 534 471 
539 471 534 535 472 
540 472 535 536 473 
541 473 536 537 474 
542 474 537 538 475 
543 475 538 539 476 
544 476 539 540 477 
545 477 540 541 478 
546 478 541 542 479 
547 479 542 543 480 
548 480 543 544 481 
549 481 544 545 482 
550 482 545 546 483 
551 483 546 547 484 
552 484 547 548 485 
553 485 548 549 486 
554 486 549 550 487 
555 487 550 551 488 
556 488 551 552 489 
557 489 552 553 490 
558 490 553 554 491 
559 491 554 555 492 
560 492 555 556 493 
561 493 556 557 494 
562 494 557 558 495 
563 495 558 559 496 
564 496 559 560 497 
565 497 560 561 498 
566 498 561 562 499 
567 499 562 563 500 
568 500 563 564 501 
569 501 564 565 502 
570 502 565 566 503 
571 503 566 567 504 
572 504 567 568 505 
573 505 568 569 506 
574 506 569 570 507 
575 507 570 571 508 
576 508 571 189 190 
577 9 10 572 509 
578 509 572 573 510 
579 510 573 574 511 
580 511 574 575 512 
581 512 575 576 513 
582 513 576 577 514 
583 514 577 578 515 
584 515 578 579 516 
585 516 579 580 517 
586 517 580 581 518 
587 518 581 582 519 
588 519 582 583 520 
589 520 583 584 521 
590 521 584 585 522 
591 522 585 586 523 
592 523 586 587 524 
593 524 587 588 525 
594 525 588 589 526 
595 526 589 590 527 
596 527 590 591 528 
597 528 591 592 529 
598 529 592 593 530 
599 530 593 594 531 
600 531 594 595 532 
601 532 595 596 533 
602 533 596 597 534 
603 534 597 598 535 
604 535 598 599 536 
605 536 599 600 537 
606 537 600 601 538 
607 538 601 602 539 
608 539 602 603 540 
609 540 603 604 541 
610 541 604 605 542 
611 542 605 606 543 
612 543 606 607 544 
613 544 607 608 545 
614 545 608 609 546 
615 546 609 610 547 
616 547 610 611 548 
617 548 611 612 549 
618 549 612 613 550 
619 550 613 614 551 
620 551 614 615 552 
621 552 615 616 553 
622 553 616 617 554 
623 554 617 618 555 
624 555 618 619 556 
625 556 619 620 557 
626 557 620 621 558 
627 558 621 622 559 
628 559 622 623 560 
629 560 623 624 561 
630 561 624 625 562 
631 562 625 626 563 
632 563 626 627 564 
633 564 627 628 565 
634 565 628 629 566 
635 566 629 630 567 
636 567 630 631 568 
637 568 631 632 569 
638 569 632 633 570 
639 570 633 634 571 
640 571 634 188 189 
641 10 11 635 572 
642 572 635 636 573 
643 573 636 637 574 
644 574 637 638 575 
645 575 638 639 576 
646 576 639 640 577 
647 577 640 641 578 
648 578 641 642 579 
649 579 642 643 580 
650 580 643 644 581 
651 581 644 645 582 
652 582 645 646 583 
653 583 646 647 584 
654 584 647 648 585 
655 585 648 649 586 
656 586 649 650 587 
657 587 650 651 588 
658 588 651 652 589 
659 589 652 653 590 
660 590 653 654 591 
661 591 654 655 592 
662 592 655 656 593 
663 593 656 657 594 
664 594 657 658 595 
665 595 658 659 596 
666 596 659 660 597 
667 597 660 661 598 
668 598 661 662 599 
669 599 662 663 600 
670 600 663 664 601 
671 601 664 665 602 
672 602 665 666 603 
673 603 666 667 604 
674 604 667 668 605 
675 605 668 669 606 
676 606 669 670 607 
677 607 670 671 608 
678 608 671 672 609 
679 609 672 673 610 
680 610 673 674 611 
681 611 674 675 612 
682 612 675 676 613 
683 613 676 677 614 
684 614 677 678 615 
685 615 678 679 616 
686 616 679 680 617 
687 617 680 681 618 
688 618 681 682 619 
689 619 682 683 620 
690 620 683 684 621 
691 621 684 685 622 
692 622 685 686 623 
693 623 686 687 624 
694 624 687 688 625 
695 625 688 689 626 
696 626 689 690 627 
697 627 690 691 628 
698 628 691 692 629 
699 629 692 693 630 
700 630 693 694 631 
701 631 694 695 632 
702 632 695 696 633 
703 633 696 697 634 
704 634 697 187 188 
705 11 12 698 635 
706 635 698 699 636 
707 636 699 700 637 
708 637 700 701 638 
709 638 701 702 639 
710 639 702 703 640 
711 640 703 704 641 
712 641 704 705 642 
713 642 705 706 643 
714 643 706 707 644 
715 644 707 708 645 
716 645 708 709 646 
717 646 709 710 647 
718 647 710 711 648 
719 648 711 712 649 
720 649 712 713 650 
721 650 713 714 651 
722 651 714 715 652 
723 652 715 716 653 
724 653 716 717 654 
725 654 717 718 655 
726 655 718 719 656 
727 656 719 720 657 
728 657 720 721 658 
729 658 721 722 659 
730 659 722 723 660 
731 660 723 724 661 
732 661 724 725 662 
733 662 725 726 663 
734 663 726 727 664 
735 664 727 728 665 
736 665 728 729 666 
737 666 729 730 667 
738 667 730 731 668 
739 668 731 732 669 
740 669 732 733 670 
741 670 733 734 671 
742 671 734 735 672 
743 672 735 736 673 
744 673 736 737 674 
745 674 737 738 675 
746 675 738 739 676 
747 676 739 740 677 
748 677 740 741 678 
749 678 741 742 679 
750 679 742 743 680 
751 680 743 744 681 
752 681 744 745 682 
753 682 745 746 683 
754 683 746 747 684 
755 684 747 748 685 
756 685 748 749 686 
757 686 749 750 687 
758 687 750 751 688 
759 688 751 752 689 
760 689 752 753 690 
761 690 753 754 691 
762 691 754 755 692 
763 692 755 756 693 
764 693 756 757 694 
765 694 757 758 695 
766 695 758 759 696 
767 696 759 760 697 
768 697 760 186 187 
769 12 13 761 698 
770 698 761 762 699 
771 699 762 763 700 
772 700 763 764 701 
773 701 764 765 702 
774 702 765 766 703 
775 703 766 767 704 
776 704 767 768 705 
777 705 768 769 706 
778 706 769 770 707 
779 707 770 771 708 
780 708 771 772 709 
781 709 772 773 710 
782 710 773 774 711 
783 711 774 775 712 
784 712 775 776 713 
785 713 776 777 714 
786 714 777 778 715 
787 715 778 779 716 
788 716 779 780 717 
789 717 780 781 718 
790 718 781 782 719 
791 719 782 783 720 
792 720 783 784 721 
793 721 784 785 722 
794 722 785 786 723 
795 723 786 787 724 
796 724 787 788 725 
797 725 788 789 726 
798 726 789 790 727 
799 727 790 791 728 
800 728 791 792 729 
801 729 792 793 730 
802 730 793 794 731 
803 731 794 795 732 
804 732 795 796 733 
805 733 796 797 734 
806 734 797 798 735 
807 735 798 799 736 
808 736 799 800 737 
809 737 800 801 738 
810 738 801 802 739 
811 739 802 803 740 
812 740 803 804 741 
813 741 804 805 742 
814 742 805 806 743 
815 743 806 807 744 
816 744 807 808 745 
817 745 808 809 746 
818 746 809 810 747 
819 747 810 811 748 
820 748 811 812 749 
821 749 812 813 750 
822 750 813 814 751 
823 751 814 815 752 
824 752 815 816 753 
825 753 816 817 754 
826 754 817 818 755 
827 755 818 819 756 
828 756 819 820 757 
829 757 820 821 758 
830 758 821 822 759 
831 759 822 823 760 
832 760 823 185 186 
833 13 14 824 761 
834 761 824 825 762 
835 762 825 826 763 
836 763 826 827 764 
837 764 827 828 765 
838 765 828 829 766 
839 766 829 830 767 
840 767 830 831 768 
841 768 831 832 769 
842 769 832 833 770 
843 770 833 834 771 
844 771 834 835 772 
845 772 835 836 773 
846 773 836 837 774 
847 774 837 838 775 
848 775 838 839 776 
849 776 839 840 777 
850 777 840 841 778 
851 778 841 842 779 
852 779 842 843 780 
853 780 843 844 781 
854 781 844 845 782 
855 782 845 846 783 
856 783 846 847 784 
857 784 847 848 785 
858 785 848 849 786 
859 786 849 850 787 
860 787 850 851 788 
861 788 851 852 789 
862 789 852 853 790 
863 790 853 854 791 
864 791 854 855 792 
865 792 855 856 793 
866 793 856 857 794 
867 794 857 858 795 
868 795 858 859 796 
869 796 859 860 797 
870 797 860 861 798 
871 798 861 862 799 
872 799 862 863 800 
873 800 863 864 801 
874 801 864 865 802 
875 802 865 866 803 
876 803 866 867 804 
877 804 867 868 805 
878 805 868 869 806 
879 806 869 870 807 
880 807 870 871 808 
881 808 871 872 809 
882 809 872 873 810 
883 810 873 874 811 
884 811 874 875 812 
885 812 875 876 813 
886 813 876 877 814 
887 814 877 878 815 
888 815 878 879 816 
889 816 879 880 817 
890 817 880 881 818 
891 818 881 882 819 
892 819 882 883 820 
893 820 883 884 821 
894 821 884 885 822 
895 822 885 886 823 
896 823 886 184 185 
897 14 15 887 824 
898 824 887 888 825 
899 825 888 889 826 
900 826 889 890 827 
901 827 890 891 828 
902 828 891 892 829 
903 829 892 893 830 
904 830 893 894 831 
905 831 894 895 832 
906 832 895 896 833 
907 833 896 897 834 
908 834 897 898 835 
909 835 898 899 836 
910 836 899 900 837 
911 837 900 901 838 
912 838 901 902 839 
913 839 902 903 840 
914 840 903 904 841 
915 841 904 905 842 
916 842 905 906 843 
917 843 906 907 844 
918 844 907 908 845 
919 845 908 909 846 
920 846 909 910 847 
921 847 910 911 848 
922 848 911 912 849 
923 849 912 913 850 
924 850 913 914 851 
925 851 914 915 852 
926 852 915 916 853 
927 853 916 917 854 
928 854 917 918 855 
929 855 918 919 856 
930 856 919 920 857 
931 857 920 921 858 
932 858 921 922 859 
933 859 922 923 860 
934 860 923 924 861 
935 861 924 925 862 
936 862 925 926 863 
937 863 926 927 864 
938 864 927 928 865 
939 865 928 929 866 
940 866 929 930 867 
941 867 930 931 868 
942 868 931 932 869 
943 869 932 933 870 
944 870 933 934 871 
945 871 934 935 872 
946 872 935 936 873 
947 873 936 937 874 
948 874 937 938 875 
949 875 938 939 876 
950 876 939 940 877 
951 877 940 941 878 
952 878 941 942 879 
953 879 942 943 880 
954 880 943 944 881 
955 881 944 945 882 
956 882 945 946 883 
957 883 946 947 884 
958 884 947 948 885 
959 885 948 949 886 
960 886 949 183 184 
961 15 16 950 887 
962 887 950 951 888 
963 888 951 952 889 
964 889 952 953 890 
965 890 953 954 891 
966 891 954 955 892 
967 892 955 956 893 
968 893 956 957 894 
969 894 957 958 895 
970 895 958 959 896 
971 896 959 960 897 
972 897 960 961 898 
973 898 961 962 899 
974 899 962 963 900 
975 900 963 964 901 
976 901 964 965 902 
977 902 965 966 903 
978 903 966 967 904 
979 904 967 968 905 
980 905 968 969 906 
981 906 969 970 907 
982 907 970 971 908 
983 908 971 972 909 
984 909 972 973 910 
985 910 973 974 911 
986 911 974 975 912 
987 912 975 976 913 
988 913 976 977 914 
989 914 977 978 915 
990 915 978 979 916 
991 916 979 980 917 
992 917 980 981 918 
993 918 981 982 919 
994 919 982 983 920 
995 920 983 984 921 
996 921 984 985 922 
997 922 985 986 923 
998 923 986 987 924 
999 924 987 988 925 
1000 925 988 989 926 
1001 926 989 990 927 
1002 927 990 991 928 
1003 928 991 992 929 
1004 929 992 993 930 
1005 930 993 994 931 
1006 931 994 995 932 
1007 932 995 996 933 
1008 933 996 997 934 
1009 934 997 998 935 
1010 935 998 999 936 
1011 936 999 1000 937 
1012 937 1000 1001 938 
1013 938 1001 1002 939 
1014 939 1002 1003 940 
1015 940 1003 1004 941 
1016 941 1004 1005 942 
1017 942 1005 1006 943 
1018 943 1006 1007 944 
1019 944 1007 1008 945 
1020 945 1008 1009 946 
1021 946 1009 1010 947 
1022 947 1010 1011 948 
1023 948 1011 1012 949 
1024 949 1012 182 183 
1025 16 17 1013 950 
1026 950 1013 1014 951 
1027 951 1014 1015 952 
1028 952 1015 1016 953 
1029 953 1016 1017 954 
1030 954 1017 1018 955 
1031 955 1018 1019 956 
1032 956 1019 1020 957 
1033 957 1020 1021 958 
1034 958 1021 1022 959 
1035 959 1022 1023 960 
1036 960 1023 1024 961 
1037 961 1024 1025 962 
1038 962 1025 1026 963 
1039 963 1026 1027 964 
1040 964 1027 1028 965 
1041 965 1028 1029 966 
1042 966 1029 1030 967 
1043 967 1030 1031 968 
1044 968 1031 1032 969 
1045 969 1032 1033 970 
1046 970 1033 1034 971 
1047 971 1034 1035 972 
1048 972 1035 1036 973 
1049 973 1036 1037 974 
1050 974 1037 1038 975 
1051 975 1038 1039 976 
1052 976 1039 1040 977 
1053 977 1040 1041 978 
1054 978 1041 1042 979 
1055 979 1042 1043 980 
1056 980 1043 1044 981 
1057 981 1044 1045 982 
1058 982 1045 1046 983 
1059 983 1046 1047 984 
1060 984 1047 1048 985 
1061 985 1048 1049 986 
1062 986 1049 1050 987 
1063 987 1050 1051 988 
1064 988 1051 1052 989 
1065 989 1052 1053 990 
1066 990 1053 1054 991 
1067 991 1054 1055 992 
1068 992 1055 1056 993 
1069 993 1056 1057 994 
1070 994 1057 1058 995 
1071 995 1058 1059 996 
1072 996 1059 1060 997 
1073 997 1060 1061 998 
1074 998 1061 1062 999 
1075 999 1062 1063 1000 
1076 1000 1063 1064 1001 
1077 1001 1064 1065 1002 
1078 1002 1065 1066 1003 
1079 1003 1066 1067 1004 
1080 1004 1067 1068 1005 
1081 1005 1068 1069 1006 
1082 1006 1069 1070 1007 
1083 1007 1070 1071 1008 
1084 1008 1071 1072 1009 
1085 1009 1072 1073 1010 
1086 1010 1073 1074 1011 
1087 1011 1074 1075 1012 
1088 1012 1075 181 182 
1089 17 18 1076 1013 
1090 1013 1076 1077 1014 
1091 1014 1077 1078 1015 
1092 1015 1078 1079 1016 
1093 1016 1079 1080 1017 
1094 1017 1080 1081 1018 
1095 1018 1081 1082 1019 
1096 1019 1082 1083 1020 
1097 1020 1083 1084 1021 
1098 1021 1084 1085 1022 
1099 1022 1085 1086 1023 
1100 1023 1086 1087 1024 
1101 1024 1087 1088 1025 
1102 1025 1088 1089 1026 
1103 1026 1089 1090 1027 
1104 1027 1090 1091 1028 
1105 1028 1091 1092 1029 
1106 1029 1092 1093 1030 
1107 1030 1093 1094 1031 
1108 1031 1094 1095 1032 
1109 1032 1095 1096 1033 
1110 1033 1096 1097 1034 
1111 1034 1097 1098 1035 
1112 1035 1098 1099 1036 
1113 1036 1099 1100 1037 
1114 1037 1100 1101 1038 
1115 1038 1101 1102 1039 
1116 1039 1102 1103 1040 
1117 1040 1103 1104 1041 
1118 1041 1104 1105 1042 
1119 1042 1105 1106 1043 
1120 1043 1106 1107 1044 
1121 1044 1107 1108 1045 
1122 1045 1108 1109 1046 
1123 1046 1109 1110 1047 
1124 1047 1110 1111 1048 
1125 1048 1111 1112 1049 
1126 1049 1112 1113 1050 
1127 1050 1113 1114 1051 
1128 1051 1114 1115 1052 
1129 1052 1115 1116 1053 
1130 1053 1116 1117 1054 
1131 1054 1117 1118 1055 
1132 1055 1118 1119 1056 
1133 1056 1119 1120 1057 
1134 1057 1120 1121 1058 
1135 1058 1121 1122 1059 
1136 1059 1122 1123 1060 
1137 1060 1123 1124 1061 
1138 1061 1124 1125 1062 
1139 1062 1125 1126 1063 
1140 1063 1126 1127 1064 
1141 1064 1127 1128 1065 
1142 1065 1128 1129 1066 
1143 1066 1129 1130 1067 
1144 1067 1130 1131 1068 
1145 1068 1131 1132 1069 
1146 1069 1132 1133 1070 
1147 1070 1133 1134 1071 
1148 1071 1134 1135 1072 
1149 1072 1135 1136 1073 
1150 1073 1136 1137 1074 
1151 1074 1137 1138 1075 
1152 1075 1138 180 181 
1153 18 19 1139 1076 
1154 1076 1139 1140 1077 
1155 1077 1140 1141 1078 
1156 1078 1141 1142 1079 
1157 1079 1142 1143 1080 
1158 1080 1143 1144 1081 
1159 1081 1144 1145 1082 
1160 1082 1145 1146 1083 
1161 1083 1146 1147 1084 
1162 1084 1147 1148 1085 
1163 1085 1148 1149 1086 
1164 1086 1149 1150 1087 
1165 1087 1150 1151 1088 
1166 1088 1151 1152 1089 
1167 1089 1152 1153 1090 
1168 1090 1153 1154 1091 
1169 1091 1154 1155 1092 
1170 1092 1155 1156 1093 
1171 1093 1156 1157 1094 
1172 1094 1157 1158 1095 
1173 1095 1158 1159 1096 
1174 1096 1159 1160 1097 
1175 1097 1160 1161 1098 
1176 1098 1161 1162 1099 
1177 1099 1162 1163 1100 
1178 1100 1163 1164 1101 
1179 1101 1164 1165 1102 
1180 1102 1165 1166 1103 
1181 1103 1166 1167 1104 
1182 1104 1167 1168 1105 
1183 1105 1168 1169 1106 
1184 1106 1169 1170 1107 
1185 1107 1170 1171 1108 
1186 1108 1171 1172 1109 
1187 1109 1172 1173 1110 
1188 1110 1173 1174 1111 
1189 1111 1174 1175 1112 
1190 1112 1175 1176 1113 
1191 1113 1176 1177 1114 
1192 1114 1177 1178 1115 
1193 1115 1178 1179 1116 
1194 1116 1179 1180 1117 
1195 1117 1180 1181 1118 
1196 1118 1181 1182 1119 
1197 1119 1182 1183 1120 
1198 1120 1183 1184 1121 
1199 1121 1184 1185 1122 
1200 1122 1185 1186 1123 
1201 1123 1186 1187 1124 
1202 1124 1187 1188 1125 
1203 1125 1188 1189 1126 
1204 1126 1189 1190 1127 
1205 1127 1190 1191 1128 
1206 1128 1191 1192 1129 
1207 1129 1192 1193 1130 
1208 1130 1193 1194 1131 
1209 1131 1194 1195 1132 
1210 1132 1195 1196 1133 
1211 1133 1196 1197 1134 
1212 1134 1197 1198 1135 
1213 1135 1198 1199 1136 
1214 1136 1199 1200 1137 
1215 1137 1200 1201 1138 
1216 1138 1201 179 180 
1217 19 20 1202 1139 
1218 1139 1202 1203 1140 
1219 1140 1203 1204 1141 
1220 1141 1204 1205 1142 
1221 1142 1205 1206 1143 
1222 1143 1206 1207 1144 
1223 1144 1207 1208 1145 
1224 1145 1208 1209 1146 
1225 1146 1209 1210 1147 
1226 1147 1210 1211 1148 
1227 1148 1211 1212 1149 
1228 1149 1212 1213 1150 
1229 1150 1213 1214 1151 
1230 1151 1214 1215 1152 
1231 1152 1215 1216 1153 
1232 1153 1216 1217 1154 
1233 1154 1217 1218 1155 
1234 1155 1218 1219 1156 
1235 1156 1219 1220 1157 
1236 1157 1220 1221 1158 
1237 1158 1221 1222 1159 
1238 1159 1222 1223 1160 
1239 1160 1223 1224 1161 
1240 1161 1224 1225 1162 
1241 1162 1225 1226 1163 
1242 1163 1226 1227 1164 
1243 1164 1227 1228 1165 
1244 1165 1228 1229 1166 
1245 1166 1229 1230 1167 
1246 1167 1230 1231 1168 
1247 1168 1231 1232 1169 
1248 1169 1232 1233 1170 
1249 1170 1233 1234 1171 
1250 1171 1234 1235 1172 
1251 1172 1235 1236 1173 
1252 1173 1236 1237 1174 
1253 1174 1237 1238 1175 
1254 1175 1238 1239 1176 
1255 1176 1239 1240 1177 
1256 1177 1240 1241 1178 
1257 1178 1241 1242 1179 
1258 1179 1242 1243 1180 
1259 1180 1243 1244 1181 
1260 1181 1244 1245 1182 
1261 1182 1245 1246 1183 
1262 1183 1246 1247 1184 
1263 1184 1247 1248 1185 
1264 1185 1248 1249 1186 
1265 1186 1249 1250 1187 
1266 1187 1250 1251 1188 
1267 1188 1251 1252 1189 
1268 1189 1252 1253 1190 
1269 1190 1253 1254 1191 
1270 1191 1254 1255 1192 
1271 1192 1255 1256 1193 
1272 1193 1256 1257 1194 
1273 1194 1257 1258 1195 
1274 1195 1258 1259 1196 
1275 1196 1259 1260 1197 
1276 1197 1260 1261 1198 
1277 1198 1261 1262 1199 
1278 1199 1262 1263 1200 
1279 1200 1263 1264 1201 
1280 1201 1264 178 179 
1281 20 21 1265 1202 
1282 1202 1265 1266 1203 
1283 1203 1266 1267 1204 
1284 1204 1267 1268 1205 
1285 1205 1268 1269 1206 
1286 1206 1269 1270 1207 
1287 1207 1270 1271 1208 
1288 1208 1271 1272 1209 
1289 1209 1272 1273 1210 
1290 1210 1273 1274 1211 
1291 1211 1274 1275 1212 
1292 1212 1275 1276 1213 
1293 1213 1276 1277 1214 
1294 1214 1277 1278 1215 
1295 1215 1278 1279 1216 
1296 1216 1279 1280 1217 
1297 1217 1280 1281 1218 
1298 1218 1281 1282 1219 
1299 1219 1282 1283 1220 
1300 1220 1283 1284 1221 
1301 1221 1284 1285 1222 
1302 1222 1285 1286 1223 
1303 1223 1286 1287 1224 
1304 1224 1287 1288 1225 
1305 1225 1288 1289 1226 
1306 1226 1289 1290 1227 
1307 1227 1290 1291 1228 
1308 1228 1291 1292 1229 
1309 1229 1292 1293 1230 
1310 1230 1293 1294 1231 
1311 1231 1294 1295 1232 
1312 1232 1295 1296 1233 
1313 1233 1296 1297 1234 
1314 1234 1297 1298 1235 
1315 1235 1298 1299 1236 
1316 1236 1299 1300 1237 
1317 1237 1300 1301 1238 
1318 1238 1301 1302 1239 
1319 1239 1302 1303 1240 
1320 1240 1303 1304 1241 
1321 1241 1304 1305 1242 
1322 1242 1305 1306 1243 
1323 1243 1306 1307 1244 
1324 1244 1307 1308 1245 
1325 1245 1308 1309 1246 
1326 1246 1309 1310 1247 
1327 1247 1310 1311 1248 
1328 1248 1311 1312 1249 
1329 1249 1312 1313 1250 
1330 1250 1313 1314 1251 
1331 1251 1314 1315 1252 
1332 1252 1315 1316 1253 
1333 1253 1316 1317 1254 
1334 1254 1317 1318 1255 
1335 1255 1318 1319 1256 
1336 1256 1319 1320 1257 
1337 1257 1320 1321 1258 
1338 1258 1321 1322 1259 
1339 1259 1322 1323 1260 
1340 1260 1323 1324 1261 
1341 1261 1324 1325 1262 
1342 1262 1325 1326 1263 
1343 1263 1326 1327 1264 
1344 1264 1327 177 178 
1345 21 22 1328 1265 
1346 1265 1328 1329 1266 
1347 1266 1329 1330 1267 
1348 1267 1330 1331 1268 
1349 1268 1331 1332 1269 
1350 1269 1332 1333 1270 
1351 1270 1333 1334 1271 
1352 1271 1334 1335 1272 
1353 1272 1335 1336 1273 
1354 1273 1336 1337 1274 
1355 1274 1337 1338 1275 
1356 1275 1338 1339 1276 
1357 1276 1339 1340 1277 
1358 1277 1340 1341 1278 
1359 1278 1341 1342 1279 
1360 1279 1342 1343 1280 
1361 1280 1343 1344 1281 
1362 1281 1344 1345 1282 
1363 1282 1345 1346 1283 
1364 1283 1346 1347 1284 
1365 1284 1347 1348 1285 
1366 1285 1348 1349 1286 
1367 1286 1349 1350 1287 
1368 1287 1350 1351 1288 
1369 1288 1351 1352 1289 
1370 1289 1352 1353 1290 
1371 1290 1353 1354 1291 
1372 1291 1354 1355 1292 
1373 1292 1355 1356 1293 
1374 1293 1356 1357 1294 
1375 1294 1357 1358 1295 
1376 1295 1358 1359 1296 
1377 1296 1359 1360 1297 
1378 1297 1360 1361 1298 
1379 1298 1361 1362 1299 
1380 1299 1362 1363 1300 
1381 1300 1363 1364 1301 
1382 1301 1364 1365 1302 
1383 1302 1365 1366 1303 
1384 1303 1366 1367 1304 
1385 1304 1367 1368 1305 
1386 1305 1368 1369 1306 
1387 1306 1369 1370 1307 
1388 1307 1370 1371 1308 
1389 1308 1371 1372 1309 
1390 1309 1372 1373 1310 
1391 1310 1373 1374 1311 
1392 1311 1374 1375 1312 
1393 1312 1375 1376 1313 
1394 1313 1376 1377 1314 
1395 1314 1377 1378 1315 
1396 1315 1378 1379 1316 
1397 1316 1379 1380 1317 
1398 1317 1380 1381 1318 
1399 1318 1381 1382 1319 
1400 1319 1382 1383 1320 
1401 1320 1383 1384 1321 
1402 1321 1384 1385 1322 
1403 1322 1385 1386 1323 
1404 1323 1386 1387 1324 
1405 1324 1387 1388 1325 
1406 1325 1388 1389 1326 
1407 1326 1389 1390 1327 
1408 1327 1390 176 177 
1409 22 23 1391 1328 
1410 1328 1391 1392 1329 
1411 1329 1392 1393 1330 
1412 1330 1393 1394 1331 
1413 1331 1394 1395 1332 
1414 1332 1395 1396 1333 
1415 1333 1396 1397 1334 
1416 1334 1397 1398 1335 
1417 1335 1398 1399 1336 
1418 1336 1399 1400 1337 
1419 1337 1400 1401 1338 
1420 1338 1401 1402 1339 
1421 1339 1402 1403 1340 
1422 1340 1403 1404 1341 
1423 1341 1404 1405 1342 
1424 1342 1405 1406 1343 
1425 1343 1406 1407 1344 
1426 1344 1407 1408 1345 
1427 1345 1408 1409 1346 
1428 1346 1409 1410 1347 
1429 1347 1410 1411 1348 
1430 1348 1411 1412 1349 
1431 1349 1412 1413 1350 
1432 1350 1413 1414 1351 
1433 1351 1414 1415 1352 
1434 1352 1415 1416 1353 
1435 1353 1416 1417 1354 
1436 1354 1417 1418 1355 
1437 1355 1418 1419 1356 
1438 1356 1419 1420 1357 
1439 1357 1420 1421 1358 
1440 1358 1421 1422 1359 
1441 1359 1422 1423 1360 
1442 1360 1423 1424 1361 
1443 1361 1424 1425 1362 
1444 1362 1425 1426 1363 
1445 1363 1426 1427 1364 
1446 1364 1427 1428 1365 
1447 1365 1428 1429 1366 
1448 1366 1429 1430 1367 
1449 1367 1430 1431 1368 
1450 1368 1431 1432 1369 
1451 1369 1432 1433 1370 
1452 1370 1433 1434 1371 
1453 1371 1434 1435 1372 
1454 1372 1435 1436 1373 
1455 1373 1436 1437 1374 
1456 1374 1437 1438 1375 
1457 1375 1438 1439 1376 
1458 1376 1439 1440 1377 
1459 1377 1440 1441 1378 
1460 1378 1441 1442 1379 
1461 1379 1442 1443 1380 
1462 1380 1443 1444 1381 
1463 1381 1444 1445 1382 
1464 1382 1445 1446 1383 
1465 1383 1446 1447 1384 
1466 1384 1447 1448 1385 
1467 1385 1448 1449 1386 
1468 1386 1449 1450 1387 
1469 1387 1450 1451 1388 
1470 1388 1451 1452 1389 
1471 1389 1452 1453 1390 
1472 1390 1453 175 176 
1473 23 24 1454 1391 
1474 1391 1454 1455 1392 
1475 1392 1455 1456 1393 
1476 1393 1456 1457 1394 
1477 1394 1457 1458 1395 
1478 1395 1458 1459 1396 
1479 1396 1459 1460 1397 
1480 1397 1460 1461 1398 
1481 1398 1461 1462 1399 
1482 1399 1462 1463 1400 
1483 1400 1463 1464 1401 
1484 1401 1464 1465 1402 
1485 1402 1465 1466 1403 
1486 1403 1466 1467 1404 
1487 1404 1467 1468 1405 
1488 1405 1468 1469 1406 
1489 1406 1469 1470 1407 
1490 1407 1470 1471 1408 
1491 1408 1471 1472 1409 
1492 1409 1472 1473 1410 
1493 1410 1473 1474 1411 
1494 1411 1474 1475 1412 
1495 1412 1475 1476 1413 
1496 1413 1476 1477 1414 
1497 1414 1477 1478 1415 
1498 1415 1478 1479 1416 
1499 1416 1479 1480 1417 
1500 1417 1480 1481 1418 
1501 1418 1481 1482 1419 
1502 1419 1482 1483 1420 
1503 1420 1483 1484 1421 
1504 1421 1484 1485 1422 
1505 1422 1485 1486 1423 
1506 1423 1486 1487 1424 
1507 1424 1487 1488 1425 
1508 1425 1488 1489 1426 
1509 1426 1489 1490 1427 
1510 1427 1490 1491 1428 
1511 1428 1491 1492 1429 
1512 1429 1492 1493 1430 
1513 1430 1493 1494 1431 
1514 1431 1494 1495 1432 
1515 1432 1495 1496 1433 
1516 1433 1496 1497 1434 
1517 1434 1497 1498 1435 
1518 1435 1498 1499 1436 
1519 1436 1499 1500 1437 
1520 1437 1500 1501 1438 
1521 1438 1501 1502 1439 
1522 1439 1502 1503 1440 
1523 1440 1503 1504 1441 
1524 1441 1504 1505 1442 
1525 1442 1505 1506 1443 
1526 1443 1506 1507 1444 
1527 1444 1507 1508 1445 
1528 1445 1508 1509 1446 
1529 1446 1509 1510 1447 
1530 1447 1510 1511 1448 
1531 1448 1511 1512 1449 
1532 1449 1512 1513 1450 
1533 1450 1513 1514 1451 
1534 1451 1514 1515 1452 
1535 1452 1515 1516 1453 
1536 1453 1516 174 175 
1537 24 25 1517 1454 
1538 1454 1517 1518 1455 
1539 1455 1518 1519 1456 
1540 1456 1519 1520 1457 
1541 1457 1520 1521 1458 
1542 1458 1521 1522 1459 
1543 1459 1522 1523 1460 
1544 1460 1523 1524 1461 
1545 1461 1524 1525 1462 
1546 1462 1525 1526 1463 
1547 1463 1526 1527 1464 
1548 1464 1527 1528 1465 
1549 1465 1528 1529 1466 
1550 1466 1529 1530 1467 
1551 1467 1530 1531 1468 
1552 1468 1531 1532 1469 
1553 1469 1532 1533 1470 
1554 1470 1533 1534 1471 
1555 1471 1534 1535 1472 
1556 1472 1535 1536 1473 
1557 1473 1536 1537 1474 
1558 1474 1537 1538 1475 
1559 1475 1538 1539 1476 
1560 1476 1539 1540 1477 
1561 1477 1540 1541 1478 
1562 1478 1541 1542 1479 
1563 1479 1542 1543 1480 
1564 1480 1543 1544 1481 
1565 1481 1544 1545 1482 
1566 1482 1545 1546 1483 
1567 1483 1546 1547 1484 
1568 1484 1547 1548 1485 
1569 1485 1548 1549 1486 
1570 1486 1549 1550 1487 
1571 1487 1550 1551 1488 
1572 1488 1551 1552 1489 
1573 1489 1552 1553 1490 
1574 1490 1553 1554 1491 
1575 1491 1554 1555 1492 
1576 1492 1555 1556 1493 
1577 1493 1556 1557 1494 
1578 1494 1557 1558 1495 
1579 1495 1558 1559 1496 
1580 1496 1559 1560 1497 
1581 1497 1560 1561 1498 
1582 1498 1561 1562 1499 
1583 1499 1562 1563 1500 
1584 1500 1563 1564 1501 
1585 1501 1564 1565 1502 
1586 1502 1565 1566 1503 
1587 1503 1566 1567 1504 
1588 1504 1567 1568 1505 
1589 1505 1568 1569 1506 
1590 1506 1569 1570 1507 
1591 1507 1570 1571 1508 
1592 1508 1571 1572 1509 
1593 1509 1572 1573 1510 
1594 1510 1573 1574 1511 
1595 1511 1574 1575 1512 
1596 1512 1575 1576 1513 
1597 1513 1576 1577 1514 
1598 1514 1577 1578 1515 
1599 1515 1578 1579 1516 
1600 1516 1579 173 174 
1601 25 26 1580 1517 
1602 1517 1580 1581 1518 
1603 1518 1581 1582 1519 
1604 1519 1582 1583 1520 
1605 1520 1583 1584 1521 
1606 1521 1584 1585 1522 
1607 1522 1585 1586 1523 
1608 1523 1586 1587 1524 
1609 1524 1587 1588 1525 
1610 1525 1588 1589 1526 
1611 1526 1589 1590 1527 
1612 1527 1590 1591 1528 
1613 1528 1591 1592 1529 
1614 1529 1592 1593 1530 
1615 1530 1593 1594 1531 
1616 1531 1594 1595 1532 
1617 1532 1595 1596 1533 
1618 1533 1596 1597 1534 
1619 1534 1597 1598 1535 
1620 1535 1598 1599 1536 
1621 1536 1599 1600 1537 
1622 1537 1600 1601 1538 
1623 1538 1601 1602 1539 
1624 1539 1602 1603 1540 
1625 1540 1603 1604 1541 
1626 1541 1604 1605 1542 
1627 1542 1605 1606 1543 
1628 1543 1606 1607 1544 
1629 1544 1607 1608 1545 
1630 1545 1608 1609 1546 
1631 1546 1609 1610 1547 
1632 1547 1610 1611 1548 
1633 1548 1611 1612 1549 
1634 1549 1612 1613 1550 
1635 1550 1613 1614 1551 
1636 1551 1614 1615 1552 
1637 1552 1615 1616 1553 
1638 1553 1616 1617 1554 
1639 1554 1617 1618 1555 
1640 1555 1618 1619 1556 
1641 1556 1619 1620 1557 
1642 1557 1620 1621 1558 
1643 1558 1621 1622 1559 
1644 1559 1622 1623 1560 
1645 1560 1623 1624 1561 
1646 1561 1624 1625 1562 
1647 1562 1625 1626 1563 
1648 1563 1626 1627 1564 
1649 1564 1627 1628 1565 
1650 1565 1628 1629 1566 
1651 1566 1629 1630 1567 
1652 1567 1630 1631 1568 
1653 1568 1631 1632 1569 
1654 1569 1632 1633 1570 
1655 1570 1633 1634 1571 
1656 1571 1634 1635 1572 
1657 1572 1635 1636 1573 
1658 1573 1636 1637 1574 
1659 1574 1637 1638 1575 
1660 1575 1638 1639 1576 
1661 1576 1639 1640 1577 
1662 1577 1640 1641 1578 
1663 1578 1641 1642 1579 
1664 1579 1642 172 173 
1665 26 27 1643 1580 
1666 1580 1643 1644 1581 
1667 1581 1644 1645 1582 
1668 1582 1645 1646 1583 
1669 1583 1646 1647 1584 
1670 1584 1647 1648 1585 
1671 1585 1648 1649 1586 
1672 1586 1649 1650 1587 
1673 1587 1650 1651 1588 
1674 1588 1651 1652 1589 
1675 1589 1652 1653 1590 
1676 1590 1653 1654 1591 
1677 1591 1654 1655 1592 
1678 1592 1655 1656 1593 
1679 1593 1656 1657 1594 
1680 1594 1657 1658 1595 
1681 1595 1658 1659 1596 
1682 1596 1659 1660 1597 
1683 1597 1660 1661 1598 
1684 1598 1661 1662 1599 
1685 1599 1662 1663 1600 
1686 1600 1663 1664 1601 
1687 1601 1664 1665 1602 
1688 1602 1665 1666 1603 
1689 1603 1666 1667 1604 
1690 1604 1667 1668 1605 
1691 1605 1668 1669 1606 
1692 1606 1669 1670 1607 
1693 1607 1670 1671 1608 
1694 1608 1671 1672 1609 
1695 1609 1672 1673 1610 
1696 1610 1673 1674 1611 
1697 1611 1674 1675 1612 
1698 1612 1675 1676 1613 
1699 1613 1676 1677 1614 
1700 1614 1677 1678 1615 
1701 1615 1678 1679 1616 
1702 1616 1679 1680 1617 
1703 1617 1680 1681 1618 
1704 1618 1681 1682 1619 
1705 1619 1682 1683 1620 
1706 1620 1683 1684 1621 
1707 1621 1684 1685 1622 
1708 1622 1685 1686 1623 
1709 1623 1686 1687 1624 
1710 1624 1687 1688 1625 
1711 1625 1688 1689 1626 
1712 1626 1689 1690 1627 
1713 1627 1690 1691 1628 
1714 1628 1691 1692 1629 
1715 1629 1692 1693 1630 
1716 1630 1693 1694 1631 
1717 1631 1694 1695 1632 
1718 1632 1695 1696 1633 
1719 1633 1696 1697 1634 
1720 1634 1697 1698 1635 
1721 1635 1698 1699 1636 
1722 1636 1699 1700 1637 
1723 1637 1700 1701 1638 
1724 1638 1701 1702 1639 
1725 1639 1702 1703 1640 
1726 1640 1703 1704 1641 
1727 1641 1704 1705 1642 
1728 1642 1705 171 172 
1729 27 28 1706 1643 
1730 1643 1706 1707 1644 
1731 1644 1707 1708 1645 
1732 1645 1708 1709 1646 
1733 1646 1709 1710 1647 
1734 1647 1710 1711 1648 
1735 1648 1711 1712 1649 
1736 1649 1712 1713 1650 
1737 1650 1713 1714 1651 
1738 1651 1714 1715 1652 
1739 1652 1715 1716 1653 
1740 1653 1716 1717 1654 
1741 1654 1717 1718 1655 
1742 1655 1718 1719 1656 
1743 1656 1719 1720 1657 
1744 1657 1720 1721 1658 
1745 1658 1721 1722 1659 
1746 1659 1722 1723 1660 
1747 1660 1723 1724 1661 
1748 1661 1724 1725 1662 
1749 1662 1725 1726 1663 
1750 1663 1726 1727 1664 
1751 1664 1727 1728 1665 
1752 1665 1728 1729 1666 
1753 1666 1729 1730 1667 
1754 1667 1730 1731 1668 
1755 1668 1731 1732 1669 
1756 1669 1732 1733 1670 
1757 1670 1733 1734 1671 
1758 1671 1734 1735 1672 
1759 1672 1735 1736 1673 
1760 1673 1736 1737 1674 
1761 1674 1737 1738 1675 
1762 1675 1738 1739 1676 
1763 1676 1739 1740 1677 
1764 1677 1740 1741 1678 
1765 1678 1741 1742 1679 
1766 1679 1742 1743 1680 
1767 1680 1743 1744 1681 
1768 1681 1744 1745 1682 
1769 1682 1745 1746 1683 
1770 1683 1746 1747 1684 
1771 1684 1747 1748 1685 
1772 1685 1748 1749 1686 
1773 1686 1749 1750 1687 
1774 1687 1750 1751 1688 
1775 1688 1751 1752 1689 
1776 1689 1752 1753 1690 
1777 1690 1753 1754 1691 
1778 1691 1754 1755 1692 
1779 1692 1755 1756 1693 
1780 1693 1756 1757 1694 
1781 1694 1757 1758 1695 
1782 1695 1758 1759 1696 
1783 1696 1759 1760 1697 
1784 1697 1760 1761 1698 
1785 1698 1761 1762 1699 
1786 1699 1762 1763 1700 
1787 1700 1763 1764 1701 
1788 1701 1764 1765 1702 
1789 1702 1765 1766 1703 
1790 1703 1766 1767 1704 
1791 1704 1767 1768 1705 
1792 1705 1768 170 171 
1793 28 29 1769 1706 
1794 1706 1769 1770 1707 
1795 1707 1770 1771 1708 
1796 1708 1771 1772 1709 
1797 1709 1772 1773 1710 
1798 1710 1773 1774 1711 
1799 1711 1774 1775 1712 
1800 1712 1775 1776 1713 
1801 1713 1776 1777 1714 
1802 1714 1777 1778 1715 
1803 1715 1778 1779 1716 
1804 1716 1779 1780 1717 
1805 1717 1780 1781 1718 
1806 1718 1781 1782 1719 
1807 1719 1782 1783 1720 
1808 1720 1783 1784 1721 
1809 1721 1784 1785 1722 
1810 1722 1785 1786 1723 
1811 1723 1786 1787 1724 
1812 1724 1787 1788 1725 
1813 1725 1788 1789 1726 
1814 1726 1789 1790 1727 
1815 1727 1790 1791 1728 
1816 1728 1791 1792 1729 
1817 1729 1792 1793 1730 
1818 1730 1793 1794 1731 
1819 1731 1794 1795 1732 
1820 1732 1795 1796 1733 
1821 1733 1796 1797 1734 
1822 1734 1797 1798 1735 
1823 1735 1798 1799 1736 
1824 1736 1799 1800 1737 
1825 1737 1800 1801 1738 
1826 1738 1801 1802 1739 
1827 1739 1802 1803 1740 
1828 1740 1803 1804 1741 
1829 1741 1804 1805 1742 
1830 1742 1805 1806 1743 
1831 1743 1806 1807 1744 
1832 1744 1807 1808 1745 
1833 1745 1808 1809 1746 
1834 1746 1809 1810 1747 
1835 1747 1810 1811 1748 
1836 1748 1811 1812 1749 
1837 1749 1812 1813 1750 
1838 1750 1813 1814 1751 
1839 1751 1814 1815 1752 
1840 1752 1815 1816 1753 
1841 1753 1816 1817 1754 
1842 1754 1817 1818 1755 
1843 1755 1818 1819 1756 
1844 1756 1819 1820 1757 
1845 1757 1820 1821 1758 
1846 1758 1821 1822 1759 
1847 1759 1822 1823 1760 
1848 1760 1823 1824 1761 
1849 1761 1824 1825 1762 
1850 1762 1825 1826 1763 
1851 1763 1826 1827 1764 
1852 1764 1827 1828 1765 
1853 1765 1828 1829 1766 
1854 1766 1829 1830 1767 
1855 1767 1830 1831 1768 
1856 1768 1831 169 170 
1857 29 30 1832 1769 
1858 1769 1832 1833 1770 
1859 1770 1833 1834 1771 
1860 1771 1834 1835 1772 
1861 1772 1835 1836 1773 
1862 1773 1836 1837 1774 
1863 1774 1837 1838 1775 
1864 1775 1838 1839 1776 
1865 1776 1839 1840 1777 
1866 1777 1840 1841 1778 
1867 1778 1841 1842 1779 
1868 1779 1842 1843 1780 
1869 1780 1843 1844 1781 
1870 1781 1844 1845 1782 
1871 1782 1845 1846 1783 
1872 1783 1846 1847 1784 
1873 1784 1847 1848 1785 
1874 1785 1848 1849 1786 
1875 1786 1849 1850 1787 
1876 1787 1850 1851 1788 
1877 1788 1851 1852 1789 
1878 1789 1852 1853 1790 
1879 1790 1853 1854 1791 
1880 1791 1854 1855 1792 
1881 1792 1855 1856 1793 
1882 1793 1856 1857 1794 
1883 1794 1857 1858 1795 
1884 1795 1858 1859 1796 
1885 1796 1859 1860 1797 
1886 1797 1860 1861 1798 
1887 1798 1861 1862 1799 
1888 1799 1862 1863 1800 
1889 1800 1863 1864 1801 
1890 1801 1864 1865 1802 
1891 1802 1865 1866 1803 
1892 1803 1866 1867 1804 
1893 1804 1867 1868 1805 
1894 1805 1868 1869 1806 
1895 1806 1869 1870 1807 
1896 1807 1870 1871 1808 
1897 1808 1871 1872 1809 
1898 1809 1872 1873 1810 
1899 1810 1873 1874 1811 
1900 1811 1874 1875 1812 
1901 1812 1875 1876 1813 
1902 1813 1876 1877 1814 
1903 1814 1877 1878 1815 
1904 1815 1878 1879 1816 
1905 1816 1879 1880 1817 
1906 1817 1880 1881 1818 
1907 1818 1881 1882 1819 
1908 1819 1882 1883 1820 
1909 1820 1883 1884 1821 
1910 1821 1884 1885 1822 
1911 1822 1885 1886 1823 
1912 1823 1886 1887 1824 
1913 1824 1887 1888 1825 
1914 1825 1888 1889 1826 
1915 1826 1889 1890 1827 
1916 1827 1890 1891 1828 
1917 1828 1891 1892 1829 
1918 1829 1892 1893 1830 
1919 1830 1893 1894 1831 
1920 1831 1894 168 169 
1921 30 31 1895 1832 
1922 1832 1895 1896 1833 
1923 1833 1896 1897 1834 
1924 1834 1897 1898 1835 
1925 1835 1898 1899 1836 
1926 1836 1899 1900 1837 
1927 1837 1900 1901 1838 
1928 1838 1901 1902 1839 
1929 1839 1902 1903 1840 
1930 1840 1903 1904 1841 
1931 1841 1904 1905 1842 
1932 1842 1905 1906 1843 
1933 1843 1906 1907 1844 
1934 1844 1907 1908 1845 
1935 1845 1908 1909 1846 
1936 1846 1909 1910 1847 
1937 1847 1910 1911 1848 
1938 1848 1911 1912 1849 
1939 1849 1912 1913 1850 
1940 1850 1913 1914 1851 
1941 1851 1914 1915 1852 
1942 1852 1915 1916 1853 
1943 1853 1916 1917 1854 
1944 1854 1917 1918 1855 
1945 1855 1918 1919 1856 
1946 1856 1919 1920 1857 
1947 1857 1920 1921 1858 
1948 1858 1921 1922 1859 
1949 1859 1922 1923 1860 
1950 1860 1923 1924 1861 
1951 1861 1924 1925 1862 
1952 1862 1925 1926 1863 
1953 1863 1926 1927 1864 
1954 1864 1927 1928 1865 
1955 1865 1928 1929 1866 
1956 1866 1929 1930 1867 
1957 1867 1930 1931 1868 
1958 1868 1931 1932 1869 
1959 1869 1932 1933 1870 
1960 1870 1933 1934 1871 
1961 1871 1934 1935 1872 
1962 1872 1935 1936 1873 
1963 1873 1936 1937 1874 
1964 1874 1937 1938 1875 
1965 1875 1938 1939 1876 
1966 1876 1939 1940 1877 
1967 1877 1940 1941 1878 
1968 1878 1941 1942 1879 
1969 1879 1942 1943 1880 
1970 1880 1943 1944 1881 
1971 1881 1944 1945 1882 
1972 1882 1945 1946 1883 
1973 1883 1946 1947 1884 
1974 1884 1947 1948 1885 
1975 1885 1948 1949 1886 
1976 1886 1949 1950 1887 
1977 1887 1950 1951 1888 
1978 1888 1951 1952 1889 
1979 1889 1952 1953 1890 
1980 1890 1953 1954 1891 
1981 1891 1954 1955 1892 
1982 1892 1955 1956 1893 
1983 1893 1956 1957 1894 
1984 1894 1957 167 168 
1985 31 32 1958 1895 
1986 1895 1958 1959 1896 
1987 1896 1959 1960 1897 
1988 1897 1960 1961 1898 
1989 1898 1961 1962 1899 
1990 1899 1962 1963 1900 
1991 1900 1963 1964 1901 
1992 1901 1964 1965 1902 
1993 1902 1965 1966 1903 
1994 1903 1966 1967 1904 
1995 1904 1967 1968 1905 
1996 1905 1968 1969 1906 
1997 1906 1969 1970 1907 
1998 1907 1970 1971 1908 
1999 1908 1971 1972 1909 
2000 1909 1972 1973 1910 
2001 1910 1973 1974 1911 
2002 1911 1974 1975 1912 
2003 1912 1975 1976 1913 
2004 1913 1976 1977 1914 
2005 1914 1977 1978 1915 
2006 1915 1978 1979 1916 
2007 1916 1979 1980 1917 
2008 1917 1980 1981 1918 
2009 1918 1981 1982 1919 
2010 1919 1982 1983 1920 
2011 1920 1983 1984 1921 
2012 1921 1984 1985 1922 
2013 1922 1985 1986 1923 
2014 1923 1986 1987 1924 
2015 1924 1987 1988 1925 
2016 1925 1988 1989 1926 
2017 1926 1989 1990 1927 
2018 1927 1990 1991 1928 
2019 1928 1991 1992 1929 
2020 1929 1992 1993 1930 
2021 1930 1993 1994 1931 
2022 1931 1994 1995 1932 
2023 1932 1995 1996 1933 
2024 1933 1996 1997 1934 
2025 1934 1997 1998 1935 
2026 1935 1998 1999 1936 
2027 1936 1999 2000 1937 
2028 1937 2000 2001 1938 
2029 1938 2001 2002 1939 
2030 1939 2002 2003 1940 
2031 1940 2003 2004 1941 
2032 1941 2004 2005 1942 
2033 1942 2005 2006 1943 
2034 1943 2006 2007 1944 
2035 1944 2007 2008 1945 
2036 1945 2008 2009 1946 
2037 1946 2009 2010 1947 
2038 1947 2010 2011 1948 
2039 1948 2011 2012 1949 
2040 1949 2012 2013 1950 
2041 1950 2013 2014 1951 
2042 1951 2014 2015 1952 
2043 1952 2015 2016 1953 
2044 1953 2016 2017 1954 
2045 1954 2017 2018 1955 
2046 1955 2018 2019 1956 
2047 1956 2019 2020 1957 
2048 1957 2020 166 167 
2049 32 33 2021 1958 
2050 1958 2021 2022 1959 
2051 1959 2022 2023 1960 
2052 1960 2023 2024 1961 
2053 1961 2024 2025 1962 
2054 1962 2025 2026 1963 
2055 1963 2026 2027 1964 
2056 1964 2027 2028 1965 
2057 1965 2028 2029 1966 
2058 1966 2029 2030 1967 
2059 1967 2030 2031 1968 
2060 1968 2031 2032 1969 
2061 1969 2032 2033 1970 
2062 1970 2033 2034 1971 
2063 1971 2034 2035 1972 
2064 1972 2035 2036 1973 
2065 1973 2036 2037 1974 
2066 1974 2037 2038 1975 
2067 1975 2038 2039 1976 
2068 1976 2039 2040 1977 
2069 1977 2040 2041 1978 
2070 1978 2041 2042 1979 
2071 1979 2042 2043 1980 
2072 1980 2043 2044 1981 
2073 1981 2044 2045 1982 
2074 1982 2045 2046 1983 
2075 1983 2046 2047 1984 
2076 1984 2047 2048 1985 
2077 1985 2048 2049 1986 
2078 1986 2049 2050 1987 
2079 1987 2050 2051 1988 
2080 1988 2051 2052 1989 
2081 1989 2052 2053 1990 
2082 1990 2053 2054 1991 
2083 1991 2054 2055 1992 
2084 1992 2055 2056 1993 
2085 1993 2056 2057 1994 
2086 1994 2057 2058 1995 
2087 1995 2058 2059 1996 
2088 1996 2059 2060 1997 
2089 1997 2060 2061 1998 
2090 1998 2061 2062 1999 
2091 1999 2062 2063 2000 
2092 2000 2063 2064 2001 
2093 2001 2064 2065 2002 
2094 2002 2065 2066 2003 
2095 2003 2066 2067 2004 
2096 2004 2067 2068 2005 
2097 2005 2068 2069 2006 
2098 2006 2069 2070 2007 
2099 2007 2070 2071 2008 
2100 2008 2071 2072 2009 
2101 2009 2072 2073 2010 
2102 2010 2073 2074 2011 
2103 2011 2074 2075 2012 
2104 2012 2075 2076 2013 
2105 2013 2076 2077 2014 
2106 2014 2077 2078 2015 
2107 2015 2078 2079 2016 
2108 2016 2079 2080 2017 
2109 2017 2080 2081 2018 
2110 2018 2081 2082 2019 
2111 2019 2082 2083 2020 
2112 2020 2083 165 166 
2113 33 34 2084 2021 
2114 2021 2084 2085 2022 
2115 2022 2085 2086 2023 
2116 2023 2086 2087 2024 
2117 2024 2087 2088 2025 
2118 2025 2088 2089 2026 
2119 2026 2089 2090 2027 
2120 2027 2090 2091 2028 
2121 2028 2091 2092 2029 
2122 2029 2092 2093 2030 
2123 2030 2093 2094 2031 
2124 2031 2094 2095 2032 
2125 2032 2095 2096 2033 
2126 2033 2096 2097 2034 
2127 2034 2097 2098 2035 
2128 2035 2098 2099 2036 
2129 2036 2099 2100 2037 
2130 2037 2100 2101 2038 
2131 2038 2101 2102 2039 
2132 2039 2102 2103 2040 
2133 2040 2103 2104 2041 
2134 2041 2104 2105 2042 
2135 2042 2105 2106 2043 
2136 2043 2106 2107 2044 
2137 2044 2107 2108 2045 
2138 2045 2108 2109 2046 
2139 2046 2109 2110 2047 
2140 2047 2110 2111 2048 
2141 2048 2111 2112 2049 
2142 2049 2112 2113 2050 
2143 2050 2113 2114 2051 
2144 2051 2114 2115 2052 
2145 2052 2115 2116 2053 
2146 2053 2116 2117 2054 
2147 2054 2117 2118 2055 
2148 2055 2118 2119 2056 
2149 2056 2119 2120 2057 
2150 2057 2120 2121 2058 
2151 2058 2121 2122 2059 
2152 2059 2122 2123 2060 
2153 2060 2123 2124 2061 
2154 2061 2124 2125 2062 
2155 2062 2125 2126 2063 
2156 2063 2126 2127 2064 
2157 2064 2127 2128 2065 
2158 2065 2128 2129 2066 
2159 2066 2129 2130 2067 
2160 2067 2130 2131 2068 
2161 2068 2131 2132 2069 
2162 2069 2132 2133 2070 
2163 2070 2133 2134 2071 
2164 2071 2134 2135 2072 
2165 2072 2135 2136 2073 
2166 2073 2136 2137 2074 
2167 2074 2137 2138 2075 
2168 2075 2138 2139 2076 
2169 2076 2139 2140 2077 
2170 2077 2140 2141 2078 
2171 2078 2141 2142 2079 
2172 2079 2142 2143 2080 
2173 2080 2143 2144 2081 
2174 2081 2144 2145 2082 
2175 2082 2145 2146 2083 
2176 2083 2146 164 165 
2177 34 35 2147 2084 
2178 2084 2147 2148 2085 
2179 2085 2148 2149 2086 
2180 2086 2149 2150 2087 
2181 2087 2150 2151 2088 
2182 2088 2151 2152 2089 
2183 2089 2152 2153 2090 
2184 2090 2153 2154 2091 
2185 2091 2154 2155 2092 
2186 2092 2155 2156 2093 
2187 2093 2156 2157 2094 
2188 2094 2157 2158 2095 
2189 2095 2158 2159 2096 
2190 2096 2159 2160 2097 
2191 2097 2160 2161 2098 
2192 2098 2161 2162 2099 
2193 2099 2162 2163 2100 
2194 2100 2163 2164 2101 
2195 2101 2164 2165 2102 
2196 2102 2165 2166 2103 
2197 2103 2166 2167 2104 
2198 2104 2167 2168 2105 
2199 2105 2168 2169 2106 
2200 2106 2169 2170 2107 
2201 2107 2170 2171 2108 
2202 2108 2171 2172 2109 
2203 2109 2172 2173 2110 
2204 2110 2173 2174 2111 
2205 2111 2174 2175 2112 
2206 2112 2175 2176 2113 
2207 2113 2176 2177 2114 
2208 2114 2177 2178 2115 
2209 2115 2178 2179 2116 
2210 2116 2179 2180 2117 
2211 2117 2180 2181 2118 
2212 2118 2181 2182 2119 
2213 2119 2182 2183 2120 
2214 2120 2183 2184 2121 
2215 2121 2184 2185 2122 
2216 2122 2185 2186 2123 
2217 2123 2186 2187 2124 
2218 2124 2187 2188 2125 
2219 2125 2188 2189 2126 
2220 2126 2189 2190 2127 
2221 2127 2190 2191 2128 
2222 2128 2191 2192 2129 
2223 2129 2192 2193 2130 
2224 2130 2193 2194 2131 
2225 2131 2194 2195 2132 
2226 2132 2195 2196 2133 
2227 2133 2196 2197 2134 
2228 2134 2197 2198 2135 
2229 2135 2198 2199 2136 
2230 2136 2199 2200 2137 
2231 2137 2200 2201 2138 
2232 2138 2201 2202 2139 
2233 2139 2202 2203 2140 
2234 2140 2203 2204 2141 
2235 2141 2204 2205 2142 
2236 2142 2205 2206 2143 
2237 2143 2206 2207 2144 
2238 2144 2207 2208 2145 
2239 2145 2208 2209 2146 
2240 2146 2209 163 164 
2241 35 36 2210 2147 
2242 2147 2210 2211 2148 
2243 2148 2211 2212 2149 
2244 2149 2212 2213 2150 
2245 2150 2213 2214 2151 
2246 2151 2214 2215 2152 
2247 2152 2215 2216 2153 
2248 2153 2216 2217 2154 
2249 2154 2217 2218 2155 
2250 2155 2218 2219 2156 
2251 2156 2219 2220 2157 
2252 2157 2220 2221 2158 
2253 2158 2221 2222 2159 
2254 2159 2222 2223 2160 
2255 2160 2223 2224 2161 
2256 2161 2224 2225 2162 
2257 2162 2225 2226 2163 
2258 2163 2226 2227 2164 
2259 2164 2227 2228 2165 
2260 2165 2228 2229 2166 
2261 2166 2229 2230 2167 
2262 2167 2230 2231 2168 
2263 2168 2231 2232 2169 
2264 2169 2232 2233 2170 
2265 2170 2233 2234 2171 
2266 2171 2234 2235 2172 
2267 2172 2235 2236 2173 
2268 2173 2236 2237 2174 
2269 2174 2237 2238 2175 
2270 2175 2238 2239 2176 
2271 2176 2239 2240 2177 
2272 2177 2240 2241 2178 
2273 2178 2241 2242 2179 
2274 2179 2242 2243 2180 
2275 2180 2243 2244 2181 
2276 2181 2244 2245 2182 
2277 2182 2245 2246 2183 
2278 2183 2246 2247 2184 
2279 2184 2247 2248 2185 
2280 2185 2248 2249 2186 
2281 2186 2249 2250 2187 
2282 2187 2250 2251 2188 
2283 2188 2251 2252 2189 
2284 2189 2252 2253 2190 
2285 2190 2253 2254 2191 
2286 2191 2254 2255 2192 
2287 2192 2255 2256 2193 
2288 2193 2256 2257 2194 
2289 2194 2257 2258 2195 
2290 2195 2258 2259 2196 
2291 2196 2259 2260 2197 
2292 2197 2260 2261 2198 
2293 2198 2261 2262 2199 
2294 2199 2262 2263 2200 
2295 2200 2263 2264 2201 
2296 2201 2264 2265 2202 
2297 2202 2265 2266 2203 
2298 2203 2266 2267 2204 
2299 2204 2267 2268 2205 
2300 2205 2268 2269 2206 
2301 2206 2269 2270 2207 
2302 2207 2270 2271 2208 
2303 2208 2271 2272 2209 
2304 2209 2272 162 163 
2305 36 37 2273 2210 
2306 2210 2273 2274 2211 
2307 2211 2274 2275 2212 
2308 2212 2275 2276 2213 
2309 2213 2276 2277 2214 
2310 2214 2277 2278 2215 
2311 2215 2278 2279 2216 
2312 2216 2279 2280 2217 
2313 2217 2280 2281 2218 
2314 2218 2281 2282 2219 
2315 2219 2282 2283 2220 
2316 2220 2283 2284 2221 
2317 2221 2284 2285 2222 
2318 2222 2285 2286 2223 
2319 2223 2286 2287 2224 
2320 2224 2287 2288 2225 
2321 2225 2288 2289 2226 
2322 2226 2289 2290 2227 
2323 2227 2290 2291 2228 
2324 2228 2291 2292 2229 
2325 2229 2292 2293 2230 
2326 2230 2293 2294 2231 
2327 2231 2294 2295 2232 
2328 2232 2295 2296 2233 
2329 2233 2296 2297 2234 
2330 2234 2297 2298 2235 
2331 2235 2298 2299 2236 
2332 2236 2299 2300 2237 
2333 2237 2300 2301 2238 
2334 2238 2301 2302 2239 
2335 2239 2302 2303 2240 
2336 2240 2303 2304 2241 
2337 2241 2304 2305 2242 
2338 2242 2305 2306 2243 
2339 2243 2306 2307 2244 
2340 2244 2307 2308 2245 
2341 2245 2308 2309 2246 
2342 2246 2309 2310 2247 
2343 2247 2310 2311 2248 
2344 2248 2311 2312 2249 
2345 2249 2312 2313 2250 
2346 2250 2313 2314 2251 
2347 2251 2314 2315 2252 
2348 2252 2315 2316 2253 
2349 2253 2316 2317 2254 
2350 2254 2317 2318 2255 
2351 2255 2318 2319 2256 
2352 2256 2319 2320 2257 
2353 2257 2320 2321 2258 
2354 2258 2321 2322 2259 
2355 2259 2322 2323 2260 
2356 2260 2323 2324 2261 
2357 2261 2324 2325 2262 
2358 2262 2325 2326 2263 
2359 2263 2326 2327 2264 
2360 2264 2327 2328 2265 
2361 2265 2328 2329 2266 
2362 2266 2329 2330 2267 
2363 2267 2330 2331 2268 
2364 2268 2331 2332 2269 
2365 2269 2332 2333 2270 
2366 2270 2333 2334 2271 
2367 2271 2334 2335 2272 
2368 2272 2335 161 162 
2369 37 38 2336 2273 
2370 2273 2336 2337 2274 
2371 2274 2337 2338 2275 
2372 2275 2338 2339 2276 
2373 2276 2339 2340 2277 
2374 2277 2340 2341 2278 
2375 2278 2341 2342 2279 
2376 2279 2342 2343 2280 
2377 2280 2343 2344 2281 
2378 2281 2344 2345 2282 
2379 2282 2345 2346 2283 
2380 2283 2346 2347 2284 
2381 2284 2347 2348 2285 
2382 2285 2348 2349 2286 
2383 2286 2349 2350 2287 
2384 2287 2350 2351 2288 
2385 2288 2351 2352 2289 
2386 2289 2352 2353 2290 
2387 2290 2353 2354 2291 
2388 2291 2354 2355 2292 
2389 2292 2355 2356 2293 
2390 2293 2356 2357 2294 
2391 2294 2357 2358 2295 
2392 2295 2358 2359 2296 
2393 2296 2359 2360 2297 
2394 2297 2360 2361 2298 
2395 2298 2361 2362 2299 
2396 2299 2362 2363 2300 
2397 2300 2363 2364 2301 
2398 2301 2364 2365 2302 
2399 2302 2365 2366 2303 
2400 2303 2366 2367 2304 
2401 2304 2367 2368 2305 
2402 2305 2368 2369 2306 
2403 2306 2369 2370 2307 
2404 2307 2370 2371 2308 
2405 2308 2371 2372 2309 
2406 2309 2372 2373 2310 
2407 2310 2373 2374 2311 
2408 2311 2374 2375 2312 
2409 2312 2375 2376 2313 
2410 2313 2376 2377 2314 
2411 2314 2377 2378 2315 
2412 2315 2378 2379 2316 
2413 2316 2379 2380 2317 
2414 2317 2380 2381 2318 
2415 2318 2381 2382 2319 
2416 2319 2382 2383 2320 
2417 2320 2383 2384 2321 
2418 2321 2384 2385 2322 
2419 2322 2385 2386 2323 
2420 2323 2386 2387 2324 
2421 2324 2387 2388 2325 
2422 2325 2388 2389 2326 
2423 2326 2389 2390 2327 
2424 2327 2390 2391 2328 
2425 2328 2391 2392 2329 
2426 2329 2392 2393 2330 
2427 2330 2393 2394 2331 
2428 2331 2394 2395 2332 
2429 2332 2395 2396 2333 
2430 2333 2396 2397 2334 
2431 2334 2397 2398 2335 
2432 2335 2398 160 161 
2433 38 39 2399 2336 
2434 2336 2399 2400 2337 
2435 2337 2400 2401 2338 
2436 2338 2401 2402 2339 
2437 2339 2402 2403 2340 
2438 2340 2403 2404 2341 
2439 2341 2404 2405 2342 
2440 2342 2405 2406 2343 
2441 2343 2406 2407 2344 
2442 2344 2407 2408 2345 
2443 2345 2408 2409 2346 
2444 2346 2409 2410 2347 
2445 2347 2410 2411 2348 
2446 2348 2411 2412 2349 
2447 2349 2412 2413 2350 
2448 2350 2413 2414 2351 
2449 2351 2414 2415 2352 
2450 2352 2415 2416 2353 
2451 2353 2416 2417 2354 
2452 2354 2417 2418 2355 
2453 2355 2418 2419 2356 
2454 2356 2419 2420 2357 
2455 2357 2420 2421 2358 
2456 2358 2421 2422 2359 
2457 2359 2422 2423 2360 
2458 2360 2423 2424 2361 
2459 2361 2424 2425 2362 
2460 2362 2425 2426 2363 
2461 2363 2426 2427 2364 
2462 2364 2427 2428 2365 
2463 2365 2428 2429 2366 
2464 2366 2429 2430 2367 
2465 2367 2430 2431 2368 
2466 2368 2431 2432 2369 
2467 2369 2432 2433 2370 
2468 2370 2433 2434 2371 
2469 2371 2434 2435 2372 
2470 2372 2435 2436 2373 
2471 2373 2436 2437 2374 
2472 2374 2437 2438 2375 
2473 2375 2438 2439 2376 
2474 2376 2439 2440 2377 
2475 2377 2440 2441 2378 
2476 2378 2441 2442 2379 
2477 2379 2442 2443 2380 
2478 2380 2443 2444 2381 
2479 2381 2444 2445 2382 
2480 2382 2445 2446 2383 
2481 2383 2446 2447 2384 
2482 2384 2447 2448 2385 
2483 2385 2448 2449 2386 
2484 2386 2449 2450 2387 
2485 2387 2450 2451 2388 
2486 2388 2451 2452 2389 
2487 2389 2452 2453 2390 
2488 2390 2453 2454 2391 
2489 2391 2454 2455 2392 
2490 2392 2455 2456 2393 
2491 2393 2456 2457 2394 
2492 2394 2457 2458 2395 
2493 2395 2458 2459 2396 
2494 2396 2459 2460 2397 
2495 2397 2460 2461 2398 
2496 2398 2461 159 160 
2497 39 40 2462 2399 
2498 2399 2462 2463 2400 
2499 2400 2463 2464 2401 
2500 2401 2464 2465 2402 
2501 2402 2465 2466 2403 
2502 2403 2466 2467 2404 
2503 2404 2467 2468 2405 
2504 2405 2468 2469 2406 
2505 2406 2469 2470 2407 
2506 2407 2470 2471 2408 
2507 2408 2471 2472 2409 
2508 2409 2472 2473 2410 
2509 2410 2473 2474 2411 
2510 2411 2474 2475 2412 
2511 2412 2475 2476 2413 
2512 2413 2476 2477 2414 
2513 2414 2477 2478 2415 
2514 2415 2478 2479 2416 
2515 2416 2479 2480 2417 
2516 2417 2480 2481 2418 
2517 2418 2481 2482 2419 
2518 2419 2482 2483 2420 
2519 2420 2483 2484 2421 
2520 2421 2484 2485 2422 
2521 2422 2485 2486 2423 
2522 2423 2486 2487 2424 
2523 2424 2487 2488 2425 
2524 2425 2488 2489 2426 
2525 2426 2489 2490 2427 
2526 2427 2490 2491 2428 
2527 2428 2491 2492 2429 
2528 2429 2492 2493 2430 
2529 2430 2493 2494 2431 
2530 2431 2494 2495 2432 
2531 2432 2495 2496 2433 
2532 2433 2496 2497 2434 
2533 2434 2497 2498 2435 
2534 2435 2498 2499 2436 
2535 2436 2499 2500 2437 
2536 2437 2500 2501 2438 
2537 2438 2501 2502 2439 
2538 2439 2502 2503 2440 
2539 2440 2503 2504 2441 
2540 2441 2504 2505 2442 
2541 2442 2505 2506 2443 
2542 2443 2506 2507 2444 
2543 2444 2507 2508 2445 
2544 2445 2508 2509 2446 
2545 2446 2509 2510 2447 
2546 2447 2510 2511 2448 
2547 2448 2511 2512 2449 
2548 2449 2512 2513 2450 
2549 2450 2513 2514 2451 
2550 2451 2514 2515 2452 
2551 2452 2515 2516 2453 
2552 2453 2516 2517 2454 
2553 2454 2517 2518 2455 
2554 2455 2518 2519 2456 
2555 2456 2519 2520 2457 
2556 2457 2520 2521 2458 
2557 2458 2521 2522 2459 
2558 2459 2522 2523 2460 
2559 2460 2523 2524 2461 
2560 2461 2524 158 159 
2561 40 41 2525 2462 
2562 2462 2525 2526 2463 
2563 2463 2526 2527 2464 
2564 2464 2527 2528 2465 
2565 2465 2528 2529 2466 
2566 2466 2529 2530 2467 
2567 2467 2530 2531 2468 
2568 2468 2531 2532 2469 
2569 2469 2532 2533 2470 
2570 2470 2533 2534 2471 
2571 2471 2534 2535 2472 
2572 2472 2535 2536 2473 
2573 2473 2536 2537 2474 
2574 2474 2537 2538 2475 
2575 2475 2538 2539 2476 
2576 2476 2539 2540 2477 
2577 2477 2540 2541 2478 
2578 2478 2541 2542 2479 
2579 2479 2542 2543 2480 
2580 2480 2543 2544 2481 
2581 2481 2544 2545 2482 
2582 2482 2545 2546 2483 
2583 2483 2546 2547 2484 
2584 2484 2547 2548 2485 
2585 2485 2548 2549 2486 
2586 2486 2549 2550 2487 
2587 2487 2550 2551 2488 
2588 2488 2551 2552 2489 
2589 2489 2552 2553 2490 
2590 2490 2553 2554 2491 
2591 2491 2554 2555 2492 
2592 2492 2555 2556 2493 
2593 2493 2556 2557 2494 
2594 2494 2557 2558 2495 
2595 2495 2558 2559 2496 
2596 2496 2559 2560 2497 
2597 2497 2560 2561 2498 
2598 2498 2561 2562 2499 
2599 2499 2562 2563 2500 
2600 2500 2563 2564 2501 
2601 2501 2564 2565 2502 
2602 2502 2565 2566 2503 
2603 2503 2566 2567 2504 
2604 2504 2567 2568 2505 
2605 2505 2568 2569 2506 
2606 2506 2569 2570 2507 
2607 2507 2570 2571 2508 
2608 2508 2571 2572 2509 
2609 2509 2572 2573 2510 
2610 2510 2573 2574 2511 
2611 2511 2574 2575 2512 
2612 2512 2575 2576 2513 
2613 2513 2576 2577 2514 
2614 2514 2577 2578 2515 
2615 2515 2578 2579 2516 
2616 2516 2579 2580 2517 
2617 2517 2580 2581 2518 
2618 2518 2581 2582 2519 
2619 2519 2582 2583 2520 
2620 2520 2583 2584 2521 
2621 2521 2584 2585 2522 
2622 2522 2585 2586 2523 
2623 2523 2586 2587 2524 
2624 2524 2587 157 158 
2625 41 42 2588 2525 
2626 2525 2588 2589 2526 
2627 2526 2589 2590 2527 
2628 2527 2590 2591 2528 
2629 2528 2591 2592 2529 
2630 2529 2592 2593 2530 
2631 2530 2593 2594 2531 
2632 2531 2594 2595 2532 
2633 2532 2595 2596 2533 
2634 2533 2596 2597 2534 
2635 2534 2597 2598 2535 
2636 2535 2598 2599 2536 
2637 2536 2599 2600 2537 
2638 2537 2600 2601 2538 
2639 2538 2601 2602 2539 
2640 2539 2602 2603 2540 
2641 2540 2603 2604 2541 
2642 2541 2604 2605 2542 
2643 2542 2605 2606 2543 
2644 2543 2606 2607 2544 
2645 2544 2607 2608 2545 
2646 2545 2608 2609 2546 
2647 2546 2609 2610 2547 
2648 2547 2610 2611 2548 
2649 2548 2611 2612 2549 
2650 2549 2612 2613 2550 
2651 2550 2613 2614 2551 
2652 2551 2614 2615 2552 
2653 2552 2615 2616 2553 
2654 2553 2616 2617 2554 
2655 2554 2617 2618 2555 
2656 2555 2618 2619 2556 
2657 2556 2619 2620 2557 
2658 2557 2620 2621 2558 
2659 2558 2621 2622 2559 
2660 2559 2622 2623 2560 
2661 2560 2623 2624 2561 
2662 2561 2624 2625 2562 
2663 2562 2625 2626 2563 
2664 2563 2626 2627 2564 
2665 2564 2627 2628 2565 
2666 2565 2628 2629 2566 
2667 2566 2629 2630 2567 
2668 2567 2630 2631 2568 
2669 2568 2631 2632 2569 
2670 2569 2632 2633 2570 
2671 2570 2633 2634 2571 
2672 2571 2634 2635 2572 
2673 2572 2635 2636 2573 
2674 2573 2636 2637 2574 
2675 2574 2637 2638 2575 
2676 2575 2638 2639 2576 
2677 2576 2639 2640 2577 
2678 2577 2640 2641 2578 
2679 2578 2641 2642 2579 
2680 2579 2642 2643 2580 
2681 2580 2643 2644 2581 
2682 2581 2644 2645 2582 
2683 2582 2645 2646 2583 
2684 2583 2646 2647 2584 
2685 2584 2647 2648 2585 
2686 2585 2648 2649 2586 
2687 2586 2649 2650 2587 
2688 2587 2650 156 157 
2689 42 43 2651 2588 
2690 2588 2651 2652 2589 
2691 2589 2652 2653 2590 
2692 2590 2653 2654 2591 
2693 2591 2654 2655 2592 
2694 2592 2655 2656 2593 
2695 2593 2656 2657 2594 
2696 2594 2657 2658 2595 
2697 2595 2658 2659 2596 
2698 2596 2659 2660 2597 
2699 2597 2660 2661 2598 
2700 2598 2661 2662 2599 
2701 2599 2662 2663 2600 
2702 2600 2663 2664 2601 
2703 2601 2664 2665 2602 
2704 2602 2665 2666 2603 
2705 2603 2666 2667 2604 
2706 2604 2667 2668 2605 
2707 2605 2668 2669 2606 
2708 2606 2669 2670 2607 
2709 2607 2670 2671 2608 
2710 2608 2671 2672 2609 
2711 2609 2672 2673 2610 
2712 2610 2673 2674 2611 
2713 2611 2674 2675 2612 
2714 2612 2675 2676 2613 
2715 2613 2676 2677 2614 
2716 2614 2677 2678 2615 
2717 2615 2678 2679 2616 
2718 2616 2679 2680 2617 
2719 2617 2680 2681 2618 
2720 2618 2681 2682 2619 
2721 2619 2682 2683 2620 
2722 2620 2683 2684 2621 
2723 2621 2684 2685 2622 
2724 2622 2685 2686 2623 
2725 2623 2686 2687 2624 
2726 2624 2687 2688 2625 
2727 2625 2688 2689 2626 
2728 2626 2689 2690 2627 
2729 2627 2690 2691 2628 
2730 2628 2691 2692 2629 
2731 2629 2692 2693 2630 
2732 2630 2693 2694 2631 
2733 2631 2694 2695 2632 
2734 2632 2695 2696 2633 
2735 2633 2696 2697 2634 
2736 2634 2697 2698 2635 
2737 2635 2698 2699 2636 
2738 2636 2699 2700 2637 
2739 2637 2700 2701 2638 
2740 2638 2701 2702 2639 
2741 2639 2702 2703 2640 
2742 2640 2703 2704 2641 
2743 2641 2704 2705 2642 
2744 2642 2705 2706 2643 
2745 2643 2706 2707 2644 
2746 2644 2707 2708 2645 
2747 2645 2708 2709 2646 
2748 2646 2709 2710 2647 
2749 2647 2710 2711 2648 
2750 2648 2711 2712 2649 
2751 2649 2712 2713 2650 
2752 2650 2713 155 156 
2753 43 44 2714 2651 
2754 2651 2714 2715 2652 
2755 2652 2715 2716 2653 
2756 2653 2716 2717 2654 
2757 2654 2717 2718 2655 
2758 2655 2718 2719 2656 
2759 2656 2719 2720 2657 
2760 2657 2720 2721 2658 
2761 2658 2721 2722 2659 
2762 2659 2722 2723 2660 
2763 2660 2723 2724 2661 
2764 2661 2724 2725 2662 
2765 2662 2725 2726 2663 
2766 2663 2726 2727 2664 
2767 2664 2727 2728 2665 
2768 2665 2728 2729 2666 
2769 2666 2729 2730 2667 
2770 2667 2730 2731 2668 
2771 2668 2731 2732 2669 
2772 2669 2732 2733 2670 
2773 2670 2733 2734 2671 
2774 2671 2734 2735 2672 
2775 2672 2735 2736 2673 
2776 2673 2736 2737 2674 
2777 2674 2737 2738 2675 
2778 2675 2738 2739 2676 
2779 2676 2739 2740 2677 
2780 2677 2740 2741 2678 
2781 2678 2741 2742 2679 
2782 2679 2742 2743 2680 
2783 2680 2743 2744 2681 
2784 2681 2744 2745 2682 
2785 2682 2745 2746 2683 
2786 2683 2746 2747 2684 
2787 2684 2747 2748 2685 
2788 2685 2748 2749 2686 
2789 2686 2749 2750 2687 
2790 2687 2750 2751 2688 
2791 2688 2751 2752 2689 
2792 2689 2752 2753 2690 
2793 2690 2753 2754 2691 
2794 2691 2754 2755 2692 
2795 2692 2755 2756 2693 
2796 2693 2756 2757 2694 
2797 2694 2757 2758 2695 
2798 2695 2758 2759 2696 
2799 2696 2759 2760 2697 
2800 2697 2760 2761 2698 
2801 2698 2761 2762 2699 
2802 2699 2762 2763 2700 
2803 2700 2763 2764 2701 
2804 2701 2764 2765 2702 
2805 2702 2765 2766 2703 
2806 2703 2766 2767 2704 
2807 2704 2767 2768 2705 
2808 2705 2768 2769 2706 
2809 2706 2769 2770 2707 
2810 2707 2770 2771 2708 
2811 2708 2771 2772 2709 
2812 2709 2772 2773 2710 
2813 2710 2773 2774 2711 
2814 2711 2774 2775 2712 
2815 2712 2775 2776 2713 
2816 2713 2776 154 155 
2817 44 45 2777 2714 
2818 2714 2777 2778 2715 
2819 2715 2778 2779 2716 
2820 2716 2779 2780 2717 
2821 2717 2780 2781 2718 
2822 2718 2781 2782 2719 
2823 2719 2782 2783 2720 
2824 2720 2783 2784 2721 
2825 2721 2784 2785 2722 
2826 2722 2785 2786 2723 
2827 2723 2786 2787 2724 
2828 2724 2787 2788 2725 
2829 2725 2788 2789 2726 
2830 2726 2789 2790 2727 
2831 2727 2790 2791 2728 
2832 2728 2791 2792 2729 
2833 2729 2792 2793 2730 
2834 2730 2793 2794 2731 
2835 2731 2794 2795 2732 
2836 2732 2795 2796 2733 
2837 2733 2796 2797 2734 
2838 2734 2797 2798 2735 
2839 2735 2798 2799 2736 
2840 2736 2799 2800 2737 
2841 2737 2800 2801 2738 
2842 2738 2801 2802 2739 
2843 2739 2802 2803 2740 
2844 2740 2803 2804 2741 
2845 2741 2804 2805 2742 
2846 2742 2805 2806 2743 
2847 2743 2806 2807 2744 
2848 2744 2807 2808 2745 
2849 2745 2808 2809 2746 
2850 2746 2809 2810 2747 
2851 2747 2810 2811 2748 
2852 2748 2811 2812 2749 
2853 2749 2812 2813 2750 
2854 2750 2813 2814 2751 
2855 2751 2814 2815 2752 
2856 2752 2815 2816 2753 
2857 2753 2816 2817 2754 
2858 2754 2817 2818 2755 
2859 2755 2818 2819 2756 
2860 2756 2819 2820 2757 
2861 2757 2820 2821 2758 
2862 2758 2821 2822 2759 
2863 2759 2822 2823 2760 
2864 2760 2823 2824 2761 
2865 2761 2824 2825 2762 
2866 2762 2825 2826 2763 
2867 2763 2826 2827 2764 
2868 2764 2827 2828 2765 
2869 2765 2828 2829 2766 
2870 2766 2829 2830 2767 
2871 2767 2830 2831 2768 
2872 2768 2831 2832 2769 
2873 2769 2832 2833 2770 
2874 2770 2833 2834 2771 
2875 2771 2834 2835 2772 
2876 2772 2835 2836 2773 
2877 2773 2836 2837 2774 
2878 2774 2837 2838 2775 
2879 2775 2838 2839 2776 
2880 2776 2839 153 154 
2881 45 46 2840 2777 
2882 2777 2840 2841 2778 
2883 2778 2841 2842 2779 
2884 2779 2842 2843 2780 
2885 2780 2843 2844 2781 
2886 2781 2844 2845 2782 
2887 2782 2845 2846 2783 
2888 2783 2846 2847 2784 
2889 2784 2847 2848 2785 
2890 2785 2848 2849 2786 
2891 2786 2849 2850 2787 
2892 2787 2850 2851 2788 
2893 2788 2851 2852 2789 
2894 2789 2852 2853 2790 
2895 2790 2853 2854 2791 
2896 2791 2854 2855 2792 
2897 2792 2855 2856 2793 
2898 2793 2856 2857 2794 
2899 2794 2857 2858 2795 
2900 2795 2858 2859 2796 
2901 2796 2859 2860 2797 
2902 2797 2860 2861 2798 
2903 2798 2861 2862 2799 
2904 2799 2862 2863 2800 
2905 2800 2863 2864 2801 
2906 2801 2864 2865 2802 
2907 2802 2865 2866 2803 
2908 2803 2866 2867 2804 
2909 2804 2867 2868 2805 
2910 2805 2868 2869 2806 
2911 2806 2869 2870 2807 
2912 2807 2870 2871 2808 
2913 2808 2871 2872 2809 
2914 2809 2872 2873 2810 
2915 2810 2873 2874 2811 
2916 2811 2874 2875 2812 
2917 2812 2875 2876 2813 
2918 2813 2876 2877 2814 
2919 2814 2877 2878 2815 
2920 2815 2878 2879 2816 
2921 2816 2879 2880 2817 
2922 2817 2880 2881 2818 
2923 2818 2881 2882 2819 
2924 2819 2882 2883 2820 
2925 2820 2883 2884 2821 
2926 2821 2884 2885 2822 
2927 2822 2885 2886 2823 
2928 2823 2886 2887 2824 
2929 2824 2887 2888 2825 
2930 2825 2888 2889 2826 
2931 2826 2889 2890 2827 
2932 2827 2890 2891 2828 
2933 2828 2891 2892 2829 
2934 2829 2892 2893 2830 
2935 2830 2893 2894 2831 
2936 2831 2894 2895 2832 
2937 2832 2895 2896 2833 
2938 2833 2896 2897 2834 
2939 2834 2897 2898 2835 
2940 2835 2898 2899 2836 
2941 2836 2899 2900 2837 
2942 2837 2900 2901 2838 
2943 2838 2901 2902 2839 
2944 2839 2902 152 153 
2945 46 47 2903 2840 
2946 2840 2903 2904 2841 
2947 2841 2904 2905 2842 
2948 2842 2905 2906 2843 
2949 2843 2906 2907 2844 
2950 2844 2907 2908 2845 
2951 2845 2908 2909 2846 
2952 2846 2909 2910 2847 
2953 2847 2910 2911 2848 
2954 2848 2911 2912 2849 
2955 2849 2912 2913 2850 
2956 2850 2913 2914 2851 
2957 2851 2914 2915 2852 
2958 2852 2915 2916 2853 
2959 2853 2916 2917 2854 
2960 2854 2917 2918 2855 
2961 2855 2918 2919 2856 
2962 2856 2919 2920 2857 
2963 2857 2920 2921 2858 
2964 2858 2921 2922 2859 
2965 2859 2922 2923 2860 
2966 2860 2923 2924 2861 
2967 2861 2924 2925 2862 
2968 2862 2925 2926 2863 
2969 2863 2926 2927 2864 
2970 2864 2927 2928 2865 
2971 2865 2928 2929 2866 
2972 2866 2929 2930 2867 
2973 2867 2930 2931 2868 
2974 2868 2931 2932 2869 
2975 2869 2932 2933 2870 
2976 2870 2933 2934 2871 
2977 2871 2934 2935 2872 
2978 2872 2935 2936 2873 
2979 2873 2936 2937 2874 
2980 2874 2937 2938 2875 
2981 2875 2938 2939 2876 
2982 2876 2939 2940 2877 
2983 2877 2940 2941 2878 
2984 2878 2941 2942 2879 
2985 2879 2942 2943 2880 
2986 2880 2943 2944 2881 
2987 2881 2944 2945 2882 
2988 2882 2945 2946 2883 
2989 2883 2946 2947 2884 
2990 2884 2947 2948 2885 
2991 2885 2948 2949 2886 
2992 2886 2949 2950 2887 
2993 2887 2950 2951 2888 
2994 2888 2951 2952 2889 
2995 2889 2952 2953 2890 
2996 2890 2953 2954 2891 
2997 2891 2954 2955 2892 
2998 2892 2955 2956 2893 
2999 2893 2956 2957 2894 
3000 2894 2957 2958 2895 
3001 2895 2958 2959 2896 
3002 2896 2959 2960 2897 
3003 2897 2960 2961 2898 
3004 2898 2961 2962 2899 
3005 2899 2962 2963 2900 
3006 2900 2963 2964 2901 
3007 2901 2964 2965 2902 
3008 2902 2965 151 152 
3009 47 48 2966 2903 
3010 2903 2966 2967 2904 
3011 2904 2967 2968 2905 
3012 2905 2968 2969 2906 
3013 2906 2969 2970 2907 
3014 2907 2970 2971 2908 
3015 2908 2971 2972 2909 
3016 2909 2972 2973 2910 
3017 2910 2973 2974 2911 
3018 2911 2974 2975 2912 
3019 2912 2975 2976 2913 
3020 2913 2976 2977 2914 
3021 2914 2977 2978 2915 
3022 2915 2978 2979 2916 
3023 2916 2979 2980 2917 
3024 2917 2980 2981 2918 
3025 2918 2981 2982 2919 
3026 2919 2982 2983 2920 
3027 2920 2983 2984 2921 
3028 2921 2984 2985 2922 
3029 2922 2985 2986 2923 
3030 2923 2986 2987 2924 
3031 2924 2987 2988 2925 
3032 2925 2988 2989 2926 
3033 2926 2989 2990 2927 
3034 2927 2990 2991 2928 
3035 2928 2991 2992 2929 
3036 2929 2992 2993 2930 
3037 2930 2993 2994 2931 
3038 2931 2994 2995 2932 
3039 2932 2995 2996 2933 
3040 2933 2996 2997 2934 
3041 2934 2997 2998 2935 
3042 2935 2998 2999 2936 
3043 2936 2999 3000 2937 
3044 2937 3000 3001 2938 
3045 2938 3001 3002 2939 
3046 2939 3002 3003 2940 
3047 2940 3003 3004 2941 
3048 2941 3004 3005 2942 
3049 2942 3005 3006 2943 
3050 2943 3006 3007 2944 
3051 2944 3007 3008 2945 
3052 2945 3008 3009 2946 
3053 2946 3009 3010 2947 
3054 2947 3010 3011 2948 
3055 2948 3011 3012 2949 
3056 2949 3012 3013 2950 
3057 2950 3013 3014 2951 
3058 2951 3014 3015 2952 
3059 2952 3015 3016 2953 
3060 2953 3016 3017 2954 
3061 2954 3017 3018 2955 
3062 2955 3018 3019 2956 
3063 2956 3019 3020 2957 
3064 2957 3020 3021 2958 
3065 2958 3021 3022 2959 
3066 2959 3022 3023 2960 
3067 2960 3023 3024 2961 
3068 2961 3024 3025 2962 
3069 2962 3025 3026 2963 
3070 2963 3026 3027 2964 
3071 2964 3027 3028 2965 
3072 2965 3028 150 151 
3073 48 49 3029 2966 
3074 2966 3029 3030 2967 
3075 2967 3030 3031 2968 
3076 2968 3031 3032 2969 
3077 2969 3032 3033 2970 
3078 2970 3033 3034 2971 
3079 2971 3034 3035 2972 
3080 2972 3035 3036 2973 
3081 2973 3036 3037 2974 
3082 2974 3037 3038 2975 
3083 2975 3038 3039 2976 
3084 2976 3039 3040 2977 
3085 2977 3040 3041 2978 
3086 2978 3041 3042 2979 
3087 2979 3042 3043 2980 
3088 2980 3043 3044 2981 
3089 2981 3044 3045 2982 
3090 2982 3045 3046 2983 
3091 2983 3046 3047 2984 
3092 2984 3047 3048 2985 
3093 2985 3048 3049 2986 
3094 2986 3049 3050 2987 
3095 2987 3050 3051 2988 
3096 2988 3051 3052 2989 
3097 2989 3052 3053 2990 
3098 2990 3053 3054 2991 
3099 2991 3054 3055 2992 
3100 2992 3055 3056 2993 
3101 2993 3056 3057 2994 
3102 2994 3057 3058 2995 
3103 2995 3058 3059 2996 
3104 2996 3059 3060 2997 
3105 2997 3060 3061 2998 
3106 2998 3061 3062 2999 
3107 2999 3062 3063 3000 
3108 3000 3063 3064 3001 
3109 3001 3064 3065 3002 
3110 3002 3065 3066 3003 
3111 3003 3066 3067 3004 
3112 3004 3067 3068 3005 
3113 3005 3068 3069 3006 
3114 3006 3069 3070 3007 
3115 3007 3070 3071 3008 
3116 3008 3071 3072 3009 
3117 3009 3072 3073 3010 
3118 3010 3073 3074 3011 
3119 3011 3074 3075 3012 
3120 3012 3075 3076 3013 
3121 3013 3076 3077 3014 
3122 3014 3077 3078 3015 
3123 3015 3078 3079 3016 
3124 3016 3079 3080 3017 
3125 3017 3080 3081 3018 
3126 3018 3081 3082 3019 
3127 3019 3082 3083 3020 
3128 3020 3083 3084 3021 
3129 3021 3084 3085 3022 
3130 3022 3085 3086 3023 
3131 3023 3086 3087 3024 
3132 3024 3087 3088 3025 
3133 3025 3088 3089 3026 
3134 3026 3089 3090 3027 
3135 3027 3090 3091 3028 
3136 3028 3091 149 150 
3137 49 50 3092 3029 
3138 3029 3092 3093 3030 
3139 3030 3093 3094 3031 
3140 3031 3094 3095 3032 
3141 3032 3095 3096 3033 
3142 3033 3096 3097 3034 
3143 3034 3097 3098 3035 
3144 3035 3098 3099 3036 
3145 3036 3099 3100 3037 
3146 3037 3100 3101 3038 
3147 3038 3101 3102 3039 
3148 3039 3102 3103 3040 
3149 3040 3103 3104 3041 
3150 3041 3104 3105 3042 
3151 3042 3105 3106 3043 
3152 3043 3106 3107 3044 
3153 3044 3107 3108 3045 
3154 3045 3108 3109 3046 
3155 3046 3109 3110 3047 
3156 3047 3110 3111 3048 
3157 3048 3111 3112 3049 
3158 3049 3112 3113 3050 
3159 3050 3113 3114 3051 
3160 3051 3114 3115 3052 
3161 3052 3115 3116 3053 
3162 3053 3116 3117 3054 
3163 3054 3117 3118 3055 
3164 3055 3118 3119 3056 
3165 3056 3119 3120 3057 
3166 3057 3120 3121 3058 
3167 3058 3121 3122 3059 
3168 3059 3122 3123 3060 
3169 3060 3123 3124 3061 
3170 3061 3124 3125 3062 
3171 3062 3125 3126 3063 
3172 3063 3126 3127 3064 
3173 3064 3127 3128 3065 
3174 3065 3128 3129 3066 
3175 3066 3129 3130 3067 
3176 3067 3130 3131 3068 
3177 3068 3131 3132 3069 
3178 3069 3132 3133 3070 
3179 3070 3133 3134 3071 
3180 3071 3134 3135 3072 
3181 3072 3135 3136 3073 
3182 3073 3136 3137 3074 
3183 3074 3137 3138 3075 
3184 3075 3138 3139 3076 
3185 3076 3139 3140 3077 
3186 3077 3140 3141 3078 
3187 3078 3141 3142 3079 
3188 3079 3142 3143 3080 
3189 3080 3143 3144 3081 
3190 3081 3144 3145 3082 
3191 3082 3145 3146 3083 
3192 3083 3146 3147 3084 
3193 3084 3147 3148 3085 
3194 3085 3148 3149 3086 
3195 3086 3149 3150 3087 
3196 3087 3150 3151 3088 
3197 3088 3151 3152 3089 
3198 3089 3152 3153 3090 
3199 3090 3153 3154 3091 
3200 3091 3154 148 149 
3201 50 51 3155 3092 
3202 3092 3155 3156 3093 
3203 3093 3156 3157 3094 
3204 3094 3157 3158 3095 
3205 3095 3158 3159 3096 
3206 3096 3159 3160 3097 
3207 3097 3160 3161 3098 
3208 3098 3161 3162 3099 
3209 3099 3162 3163 3100 
3210 3100 3163 3164 3101 
3211 3101 3164 3165 3102 
3212 3102 3165 3166 3103 
3213 3103 3166 3167 3104 
3214 3104 3167 3168 3105 
3215 3105 3168 3169 3106 
3216 3106 3169 3170 3107 
3217 3107 3170 3171 3108 
3218 3108 3171 3172 3109 
3219 3109 3172 3173 3110 
3220 3110 3173 3174 3111 
3221 3111 3174 3175 3112 
3222 3112 3175 3176 3113 
3223 3113 3176 3177 3114 
3224 3114 3177 3178 3115 
3225 3115 3178 3179 3116 
3226 3116 3179 3180 3117 
3227 3117 3180 3181 3118 
3228 3118 3181 3182 3119 
3229 3119 3182 3183 3120 
3230 3120 3183 3184 3121 
3231 3121 3184 3185 3122 
3232 3122 3185 3186 3123 
3233 3123 3186 3187 3124 
3234 3124 3187 3188 3125 
3235 3125 3188 3189 3126 
3236 3126 3189 3190 3127 
3237 3127 3190 3191 3128 
3238 3128 3191 3192 3129 
3239 3129 3192 3193 3130 
3240 3130 3193 3194 3131 
3241 3131 3194 3195 3132 
3242 3132 3195 3196 3133 
3243 3133 3196 3197 3134 
3244 3134 3197 3198 3135 
3245 3135 3198 3199 3136 
3246 3136 3199 3200 3137 
3247 3137 3200 3201 3138 
3248 3138 3201 3202 3139 
3249 3139 3202 3203 3140 
3250 3140 3203 3204 3141 
3251 3141 3204 3205 3142 
3252 3142 3205 3206 3143 
3253 3143 3206 3207 3144 
3254 3144 3207 3208 3145 
3255 3145 3208 3209 3146 
3256 3146 3209 3210 3147 
3257 3147 3210 3211 3148 
3258 3148 3211 3212 3149 
3259 3149 3212 3213 3150 
3260 3150 3213 3214 3151 
3261 3151 3214 3215 3152 
3262 3152 3215 3216 3153 
3263 3153 3216 3217 3154 
3264 3154 3217 147 148 
3265 51 52 3218 3155 
3266 3155 3218 3219 3156 
3267 3156 3219 3220 3157 
3268 3157 3220 3221 3158 
3269 3158 3221 3222 3159 
3270 3159 3222 3223 3160 
3271 3160 3223 3224 3161 
3272 3161 3224 3225 3162 
3273 3162 3225 3226 3163 
3274 3163 3226 3227 3164 
3275 3164 3227 3228 3165 
3276 3165 3228 3229 3166 
3277 3166 3229 3230 3167 
3278 3167 3230 3231 3168 
3279 3168 3231 3232 3169 
3280 3169 3232 3233 3170 
3281 3170 3233 3234 3171 
3282 3171 3234 3235 3172 
3283 3172 3235 3236 3173 
3284 3173 3236 3237 3174 
3285 3174 3237 3238 3175 
3286 3175 3238 3239 3176 
3287 3176 3239 3240 3177 
3288 3177 3240 3241 3178 
3289 3178 3241 3242 3179 
3290 3179 3242 3243 3180 
3291 3180 3243 3244 3181 
3292 3181 3244 3245 3182 
3293 3182 3245 3246 3183 
3294 3183 3246 3247 3184 
3295 3184 3247 3248 3185 
3296 3185 3248 3249 3186 
3297 3186 3249 3250 3187 
3298 3187 3250 3251 3188 
3299 3188 3251 3252 3189 
3300 3189 3252 3253 3190 
3301 3190 3253 3254 3191 
3302 3191 3254 3255 3192 
3303 3192 3255 3256 3193 
3304 3193 3256 3257 3194 
3305 3194 3257 3258 3195 
3306 3195 3258 3259 3196 
3307 3196 3259 3260 3197 
3308 3197 3260 3261 3198 
3309 3198 3261 3262 3199 
3310 3199 3262 3263 3200 
3311 3200 3263 3264 3201 
3312 3201 3264 3265 3202 
3313 3202 3265 3266 3203 
3314 3203 3266 3267 3204 
3315 3204 3267 3268 3205 
3316 3205 3268 3269 3206 
3317 3206 3269 3270 3207 
3318 3207 3270 3271 3208 
3319 3208 3271 3272 3209 
3320 3209 3272 3273 3210 
3321 3210 3273 3274 3211 
3322 3211 3274 3275 3212 
3323 3212 3275 3276 3213 
3324 3213 3276 3277 3214 
3325 3214 3277 3278 3215 
3326 3215 3278 3279 3216 
3327 3216 3279 3280 3217 
3328 3217 3280 146 147 
3329 52 53 3281 3218 
3330 3218 3281 3282 3219 
3331 3219 3282 3283 3220 
3332 3220 3283 3284 3221 
3333 3221 3284 3285 3222 
3334 3222 3285 3286 3223 
3335 3223 3286 3287 3224 
3336 3224 3287 3288 3225 
3337 3225 3288 3289 3226 
3338 3226 3289 3290 3227 
3339 3227 3290 3291 3228 
3340 3228 3291 3292 3229 
3341 3229 3292 3293 3230 
3342 3230 3293 3294 3231 
3343 3231 3294 3295 3232 
3344 3232 3295 3296 3233 
3345 3233 3296 3297 3234 
3346 3234 3297 3298 3235 
3347 3235 3298 3299 3236 
3348 3236 3299 3300 3237 
3349 3237 3300 3301 3238 
3350 3238 3301 3302 3239 
3351 3239 3302 3303 3240 
3352 3240 3303 3304 3241 
3353 3241 3304 3305 3242 
3354 3242 3305 3306 3243 
3355 3243 3306 3307 3244 
3356 3244 3307 3308 3245 
3357 3245 3308 3309 3246 
3358 3246 3309 3310 3247 
3359 3247 3310 3311 3248 
3360 3248 3311 3312 3249 
3361 3249 3312 3313 3250 
3362 3250 3313 3314 3251 
3363 3251 3314 3315 3252 
3364 3252 3315 3316 3253 
3365 3253 3316 3317 3254 
3366 3254 3317 3318 3255 
3367 3255 3318 3319 3256 
3368 3256 3319 3320 3257 
3369 3257 3320 3321 3258 
3370 3258 3321 3322 3259 
3371 3259 3322 3323 3260 
3372 3260 3323 3324 3261 
3373 3261 3324 3325 3262 
3374 3262 3325 3326 3263 
3375 3263 3326 3327 3264 
3376 3264 3327 3328 3265 
3377 3265 3328 3329 3266 
3378 3266 3329 3330 3267 
3379 3267 3330 3331 3268 
3380 3268 3331 3332 3269 
3381 3269 3332 3333 3270 
3382 3270 3333 3334 3271 
3383 3271 3334 3335 3272 
3384 3272 3335 3336 3273 
3385 3273 3336 3337 3274 
3386 3274 3337 3338 3275 
3387 3275 3338 3339 3276 
3388 3276 3339 3340 3277 
3389 3277 3340 3341 3278 
3390 3278 3341 3342 3279 
3391 3279 3342 3343 3280 
3392 3280 3343 145 146 
3393 53 54 3344 3281 
3394 3281 3344 3345 3282 
3395 3282 3345 3346 3283 
3396 3283 3346 3347 3284 
3397 3284 3347 3348 3285 
3398 3285 3348 3349 3286 
3399 3286 3349 3350 3287 
3400 3287 3350 3351 3288 
3401 3288 3351 3352 3289 
3402 3289 3352 3353 3290 
3403 3290 3353 3354 3291 
3404 3291 3354 3355 3292 
3405 3292 3355 3356 3293 
3406 3293 3356 3357 3294 
3407 3294 3357 3358 3295 
3408 3295 3358 3359 3296 
3409 3296 3359 3360 3297 
3410 3297 3360 3361 3298 
3411 3298 3361 3362 3299 
3412 3299 3362 3363 3300 
3413 3300 3363 3364 3301 
3414 3301 3364 3365 3302 
3415 3302 3365 3366 3303 
3416 3303 3366 3367 3304 
3417 3304 3367 3368 3305 
3418 3305 3368 3369 3306 
3419 3306 3369 3370 3307 
3420 3307 3370 3371 3308 
3421 3308 3371 3372 3309 
3422 3309 3372 3373 3310 
3423 3310 3373 3374 3311 
3424 3311 3374 3375 3312 
3425 3312 3375 3376 3313 
3426 3313 3376 3377 3314 
3427 3314 3377 3378 3315 
3428 3315 3378 3379 3316 
3429 3316 3379 3380 3317 
3430 3317 3380 3381 3318 
3431 3318 3381 3382 3319 
3432 3319 3382 3383 3320 
3433 3320 3383 3384 3321 
3434 3321 3384 3385 3322 
3435 3322 3385 3386 3323 
3436 3323 3386 3387 3324 
3437 3324 3387 3388 3325 
3438 3325 3388 3389 3326 
3439 3326 3389 3390 3327 
3440 3327 3390 3391 3328 
3441 3328 3391 3392 3329 
3442 3329 3392 3393 3330 
3443 3330 3393 3394 3331 
3444 3331 3394 3395 3332 
3445 3332 3395 3396 3333 
3446 3333 3396 3397 3334 
3447 3334 3397 3398 3335 
3448 3335 3398 3399 3336 
3449 3336 3399 3400 3337 
3450 3337 3400 3401 3338 
3451 3338 3401 3402 3339 
3452 3339 3402 3403 3340 
3453 3340 3403 3404 3341 
3454 3341 3404 3405 3342 
3455 3342 3405 3406 3343 
3456 3343 3406 144 145 
3457 54 55 3407 3344 
3458 3344 3407 3408 3345 
3459 3345 3408 3409 3346 
3460 3346 3409 3410 3347 
3461 3347 3410 3411 3348 
3462 3348 3411 3412 3349 
3463 3349 3412 3413 3350 
3464 3350 3413 3414 3351 
3465 3351 3414 3415 3352 
3466 3352 3415 3416 3353 
3467 3353 3416 3417 3354 
3468 3354 3417 3418 3355 
3469 3355 3418 3419 3356 
3470 3356 3419 3420 3357 
3471 3357 3420 3421 3358 
3472 3358 3421 3422 3359 
3473 3359 3422 3423 3360 
3474 3360 3423 3424 3361 
3475 3361 3424 3425 3362 
3476 3362 3425 3426 3363 
3477 3363 3426 3427 3364 
3478 3364 3427 3428 3365 
3479 3365 3428 3429 3366 
3480 3366 3429 3430 3367 
3481 3367 3430 3431 3368 
3482 3368 3431 3432 3369 
3483 3369 3432 3433 3370 
3484 3370 3433 3434 3371 
3485 3371 3434 3435 3372 
3486 3372 3435 3436 3373 
3487 3373 3436 3437 3374 
3488 3374 3437 3438 3375 
3489 3375 3438 3439 3376 
3490 3376 3439 3440 3377 
3491 3377 3440 3441 3378 
3492 3378 3441 3442 3379 
3493 3379 3442 3443 3380 
3494 3380 3443 3444 3381 
3495 3381 3444 3445 3382 
3496 3382 3445 3446 3383 
3497 3383 3446 3447 3384 
3498 3384 3447 3448 3385 
3499 3385 3448 3449 3386 
3500 3386 3449 3450 3387 
3501 3387 3450 3451 3388 
3502 3388 3451 3452 3389 
3503 3389 3452 3453 3390 
3504 3390 3453 3454 3391 
3505 3391 3454 3455 3392 
3506 3392 3455 3456 3393 
3507 3393 3456 3457 3394 
3508 3394 3457 3458 3395 
3509 3395 3458 3459 3396 
3510 3396 3459 3460 3397 
3511 3397 3460 3461 3398 
3512 3398 3461 3462 3399 
3513 3399 3462 3463 3400 
3514 3400 3463 3464 3401 
3515 3401 3464 3465 3402 
3516 3402 3465 3466 3403 
3517 3403 3466 3467 3404 
3518 3404 3467 3468 3405 
3519 3405 3468 3469 3406 
3520 3406 3469 143 144 
3521 55 56 3470 3407 
3522 3407 3470 3471 3408 
3523 3408 3471 3472 3409 
3524 3409 3472 3473 3410 
3525 3410 3473 3474 3411 
3526 3411 3474 3475 3412 
3527 3412 3475 3476 3413 
3528 3413 3476 3477 3414 
3529 3414 3477 3478 3415 
3530 3415 3478 3479 3416 
3531 3416 3479 3480 3417 
3532 3417 3480 3481 3418 
3533 3418 3481 3482 3419 
3534 3419 3482 3483 3420 
3535 3420 3483 3484 3421 
3536 3421 3484 3485 3422 
3537 3422 3485 3486 3423 
3538 3423 3486 3487 3424 
3539 3424 3487 3488 3425 
3540 3425 3488 3489 3426 
3541 3426 3489 3490 3427 
3542 3427 3490 3491 3428 
3543 3428 3491 3492 3429 
3544 3429 3492 3493 3430 
3545 3430 3493 3494 3431 
3546 3431 3494 3495 3432 
3547 3432 3495 3496 3433 
3548 3433 3496 3497 3434 
3549 3434 3497 3498 3435 
3550 3435 3498 3499 3436 
3551 3436 3499 3500 3437 
3552 3437 3500 3501 3438 
3553 3438 3501 3502 3439 
3554 3439 3502 3503 3440 
3555 3440 3503 3504 3441 
3556 3441 3504 3505 3442 
3557 3442 3505 3506 3443 
3558 3443 3506 3507 3444 
3559 3444 3507 3508 3445 
3560 3445 3508 3509 3446 
3561 3446 3509 3510 3447 
3562 3447 3510 3511 3448 
3563 3448 3511 3512 3449 
3564 3449 3512 3513 3450 
3565 3450 3513 3514 3451 
3566 3451 3514 3515 3452 
3567 3452 3515 3516 3453 
3568 3453 3516 3517 3454 
3569 3454 3517 3518 3455 
3570 3455 3518 3519 3456 
3571 3456 3519 3520 3457 
3572 3457 3520 3521 3458 
3573 3458 3521 3522 3459 
3574 3459 3522 3523 3460 
3575 3460 3523 3524 3461 
3576 3461 3524 3525 3462 
3577 3462 3525 3526 3463 
3578 3463 3526 3527 3464 
3579 3464 3527 3528 3465 
3580 3465 3528 3529 3466 
3581 3466 3529 3530 3467 
3582 3467 3530 3531 3468 
3583 3468 3531 3532 3469 
3584 3469 3532 142 143 
3585 56 57 3533 3470 
3586 3470 3533 3534 3471 
3587 3471 3534 3535 3472 
3588 3472 3535 3536 3473 
3589 3473 3536 3537 3474 
3590 3474 3537 3538 3475 
3591 3475 3538 3539 3476 
3592 3476 3539 3540 3477 
3593 3477 3540 3541 3478 
3594 3478 3541 3542 3479 
3595 3479 3542 3543 3480 
3596 3480 3543 3544 3481 
3597 3481 3544 3545 3482 
3598 3482 3545 3546 3483 
3599 3483 3546 3547 3484 
3600 3484 3547 3548 3485 
3601 3485 3548 3549 3486 
3602 3486 3549 3550 3487 
3603 3487 3550 3551 3488 
3604 3488 3551 3552 3489 
3605 3489 3552 3553 3490 
3606 3490 3553 3554 3491 
3607 3491 3554 3555 3492 
3608 3492 3555 3556 3493 
3609 3493 3556 3557 3494 
3610 3494 3557 3558 3495 
3611 3495 3558 3559 3496 
3612 3496 3559 3560 3497 
3613 3497 3560 3561 3498 
3614 3498 3561 3562 3499 
3615 3499 3562 3563 3500 
3616 3500 3563 3564 3501 
3617 3501 3564 3565 3502 
3618 3502 3565 3566 3503 
3619 3503 3566 3567 3504 
3620 3504 3567 3568 3505 
3621 3505 3568 3569 3506 
3622 3506 3569 3570 3507 
3623 3507 3570 3571 3508 
3624 3508 3571 3572 3509 
3625 3509 3572 3573 3510 
3626 3510 3573 3574 3511 
3627 3511 3574 3575 3512 
3628 3512 3575 3576 3513 
3629 3513 3576 3577 3514 
3630 3514 3577 3578 3515 
3631 3515 3578 3579 3516 
3632 3516 3579 3580 3517 
3633 3517 3580 3581 3518 
3634 3518 3581 3582 3519 
3635 3519 3582 3583 3520 
3636 3520 3583 3584 3521 
3637 3521 3584 3585 3522 
3638 3522 3585 3586 3523 
3639 3523 3586 3587 3524 
3640 3524 3587 3588 3525 
3641 3525 3588 3589 3526 
3642 3526 3589 3590 3527 
3643 3527 3590 3591 3528 
3644 3528 3591 3592 3529 
3645 3529 3592 3593 3530 
3646 3530 3593 3594 3531 
3647 3531 3594 3595 3532 
3648 3532 3595 141 142 
3649 57 58 3596 3533 
3650 3533 3596 3597 3534 
3651 3534 3597 3598 3535 
3652 3535 3598 3599 3536 
3653 3536 3599 3600 3537 
3654 3537 3600 3601 3538 
3655 3538 3601 3602 3539 
3656 3539 3602 3603 3540 
3657 3540 3603 3604 3541 
3658 3541 3604 3605 3542 
3659 3542 3605 3606 3543 
3660 3543 3606 3607 3544 
3661 3544 3607 3608 3545 
3662 3545 3608 3609 3546 
3663 3546 3609 3610 3547 
3664 3547 3610 3611 3548 
3665 3548 3611 3612 3549 
3666 3549 3612 3613 3550 
3667 3550 3613 3614 3551 
3668 3551 3614 3615 3552 
3669 3552 3615 3616 3553 
3670 3553 3616 3617 3554 
3671 3554 3617 3618 3555 
3672 3555 3618 3619 3556 
3673 3556 3619 3620 3557 
3674 3557 3620 3621 3558 
3675 3558 3621 3622 3559 
3676 3559 3622 3623 3560 
3677 3560 3623 3624 3561 
3678 3561 3624 3625 3562 
3679 3562 3625 3626 3563 
3680 3563 3626 3627 3564 
3681 3564 3627 3628 3565 
3682 3565 3628 3629 3566 
3683 3566 3629 3630 3567 
3684 3567 3630 3631 3568 
3685 3568 3631 3632 3569 
3686 3569 3632 3633 3570 
3687 3570 3633 3634 3571 
3688 3571 3634 3635 3572 
3689 3572 3635 3636 3573 
3690 3573 3636 3637 3574 
3691 3574 3637 3638 3575 
3692 3575 3638 3639 3576 
3693 3576 3639 3640 3577 
3694 3577 3640 3641 3578 
3695 3578 3641 3642 3579 
3696 3579 3642 3643 3580 
3697 3580 3643 3644 3581 
3698 3581 3644 3645 3582 
3699 3582 3645 3646 3583 
3700 3583 3646 3647 3584 
3701 3584 3647 3648 3585 
3702 3585 3648 3649 3586 
3703 3586 3649 3650 3587 
3704 3587 3650 3651 3588 
3705 3588 3651 3652 3589 
3706 3589 3652 3653 3590 
3707 3590 3653 3654 3591 
3708 3591 3654 3655 3592 
3709 3592 3655 3656 3593 
3710 3593 3656 3657 3594 
3711 3594 3657 3658 3595 
3712 3595 3658 140 141 
3713 58 59 3659 3596 
3714 3596 3659 3660 3597 
3715 3597 3660 3661 3598 
3716 3598 3661 3662 3599 
3717 3599 3662 3663 3600 
3718 3600 3663 3664 3601 
3719 3601 3664 3665 3602 
3720 3602 3665 3666 3603 
3721 3603 3666 3667 3604 
3722 3604 3667 3668 3605 
3723 3605 3668 3669 3606 
3724 3606 3669 3670 3607 
3725 3607 3670 3671 3608 
3726 3608 3671 3672 3609 
3727 3609 3672 3673 3610 
3728 3610 3673 3674 3611 
3729 3611 3674 3675 3612 
3730 3612 3675 3676 3613 
3731 3613 3676 3677 3614 
3732 3614 3677 3678 3615 
3733 3615 3678 3679 3616 
3734 3616 3679 3680 3617 
3735 3617 3680 3681 3618 
3736 3618 3681 3682 3619 
3737 3619 3682 3683 3620 
3738 3620 3683 3684 3621 
3739 3621 3684 3685 3622 
3740 3622 3685 3686 3623 
3741 3623 3686 3687 3624 
3742 3624 3687 3688 3625 
3743 3625 3688 3689 3626 
3744 3626 3689 3690 3627 
3745 3627 3690 3691 3628 
3746 3628 3691 3692 3629 
3747 3629 3692 3693 3630 
3748 3630 3693 3694 3631 
3749 3631 3694 3695 3632 
3750 3632 3695 3696 3633 
3751 3633 3696 3697 3634 
3752 3634 3697 3698 3635 
3753 3635 3698 3699 3636 
3754 3636 3699 3700 3637 
3755 3637 3700 3701 3638 
3756 3638 3701 3702 3639 
3757 3639 3702 3703 3640 
3758 3640 3703 3704 3641 
3759 3641 3704 3705 3642 
3760 3642 3705 3706 3643 
3761 3643 3706 3707 3644 
3762 3644 3707 3708 3645 
3763 3645 3708 3709 3646 
3764 3646 3709 3710 3647 
3765 3647 3710 3711 3648 
3766 3648 3711 3712 3649 
3767 3649 3712 3713 3650 
3768 3650 3713 3714 3651 
3769 3651 3714 3715 3652 
3770 3652 3715 3716 3653 
3771 3653 3716 3717 3654 
3772 3654 3717 3718 3655 
3773 3655 3718 3719 3656 
3774 3656 3719 3720 3657 
3775 3657 3720 3721 3658 
3776 3658 3721 139 140 
3777 59 60 3722 3659 
3778 3659 3722 3723 3660 
3779 3660 3723 3724 3661 
3780 3661 3724 3725 3662 
3781 3662 3725 3726 3663 
3782 3663 3726 3727 3664 
3783 3664 3727 3728 3665 
3784 3665 3728 3729 3666 
3785 3666 3729 3730 3667 
3786 3667 3730 3731 3668 
3787 3668 3731 3732 3669 
3788 3669 3732 3733 3670 
3789 3670 3733 3734 3671 
3790 3671 3734 3735 3672 
3791 3672 3735 3736 3673 
3792 3673 3736 3737 3674 
3793 3674 3737 3738 3675 
3794 3675 3738 3739 3676 
3795 3676 3739 3740 3677 
3796 3677 3740 3741 3678 
3797 3678 3741 3742 3679 
3798 3679 3742 3743 3680 
3799 3680 3743 3744 3681 
3800 3681 3744 3745 3682 
3801 3682 3745 3746 3683 
3802 3683 3746 3747 3684 
3803 3684 3747 3748 3685 
3804 3685 3748 3749 3686 
3805 3686 3749 3750 3687 
3806 3687 3750 3751 3688 
3807 3688 3751 3752 3689 
3808 3689 3752 3753 3690 
3809 3690 3753 3754 3691 
3810 3691 3754 3755 3692 
3811 3692 3755 3756 3693 
3812 3693 3756 3757 3694 
3813 3694 3757 3758 3695 
3814 3695 3758 3759 3696 
3815 3696 3759 3760 3697 
3816 3697 3760 3761 3698 
3817 3698 3761 3762 3699 
3818 3699 3762 3763 3700 
3819 3700 3763 3764 3701 
3820 3701 3764 3765 3702 
3821 3702 3765 3766 3703 
3822 3703 3766 3767 3704 
3823 3704 3767 3768 3705 
3824 3705 3768 3769 3706 
3825 3706 3769 3770 3707 
3826 3707 3770 3771 3708 
3827 3708 3771 3772 3709 
3828 3709 3772 3773 3710 
3829 3710 3773 3774 3711 
3830 3711 3774 3775 3712 
3831 3712 3775 3776 3713 
3832 3713 3776 3777 3714 
3833 3714 3777 3778 3715 
3834 3715 3778 3779 3716 
3835 3716 3779 3780 3717 
3836 3717 3780 3781 3718 
3837 3718 3781 3782 3719 
3838 3719 3782 3783 3720 
3839 3720 3783 3784 3721 
3840 3721 3784 138 139 
3841 60 61 3785 3722 
3842 3722 3785 3786 3723 
3843 3723 3786 3787 3724 
3844 3724 3787 3788 3725 
3845 3725 3788 3789 3726 
3846 3726 3789 3790 3727 
3847 3727 3790 3791 3728 
3848 3728 3791 3792 3729 
3849 3729 3792 3793 3730 
3850 3730 3793 3794 3731 
3851 3731 3794 3795 3732 
3852 3732 3795 3796 3733 
3853 3733 3796 3797 3734 
3854 3734 3797 3798 3735 
3855 3735 3798 3799 3736 
3856 3736 3799 3800 3737 
3857 3737 3800 3801 3738 
3858 3738 3801 3802 3739 
3859 3739 3802 3803 3740 
3860 3740 3803 3804 3741 
3861 3741 3804 3805 3742 
3862 3742 3805 3806 3743 
3863 3743 3806 3807 3744 
3864 3744 3807 3808 3745 
3865 3745 3808 3809 3746 
3866 3746 3809 3810 3747 
3867 3747 3810 3811 3748 
3868 3748 3811 3812 3749 
3869 3749 3812 3813 3750 
3870 3750 3813 3814 3751 
3871 3751 3814 3815 3752 
3872 3752 3815 3816 3753 
3873 3753 3816 3817 3754 
3874 3754 3817 3818 3755 
3875 3755 3818 3819 3756 
3876 3756 3819 3820 3757 
3877 3757 3820 3821 3758 
3878 3758 3821 3822 3759 
3879 3759 3822 3823 3760 
3880 3760 3823 3824 3761 
3881 3761 3824 3825 3762 
3882 3762 3825 3826 3763 
3883 3763 3826 3827 3764 
3884 3764 3827 3828 3765 
3885 3765 3828 3829 3766 
3886 3766 3829 3830 3767 
3887 3767 3830 3831 3768 
3888 3768 3831 3832 3769 
3889 3769 3832 3833 3770 
3890 3770 3833 3834 3771 
3891 3771 3834 3835 3772 
3892 3772 3835 3836 3773 
3893 3773 3836 3837 3774 
3894 3774 3837 3838 3775 
3895 3775 3838 3839 3776 
3896 3776 3839 3840 3777 
3897 3777 3840 3841 3778 
3898 3778 3841 3842 3779 
3899 3779 3842 3843 3780 
3900 3780 3843 3844 3781 
3901 3781 3844 3845 3782 
3902 3782 3845 3846 3783 
3903 3783 3846 3847 3784 
3904 3784 3847 137 138 
3905 61 62 3848 3785 
3906 3785 3848 3849 3786 
3907 3786 3849 3850 3787 
3908 3787 3850 3851 3788 
3909 3788 3851 3852 3789 
3910 3789 3852 3853 3790 
3911 3790 3853 3854 3791 
3912 3791 3854 3855 3792 
3913 3792 3855 3856 3793 
3914 3793 3856 3857 3794 
3915 3794 3857 3858 3795 
3916 3795 3858 3859 3796 
3917 3796 3859 3860 3797 
3918 3797 3860 3861 3798 
3919 3798 3861 3862 3799 
3920 3799 3862 3863 3800 
3921 3800 3863 3864 3801 
3922 3801 3864 3865 3802 
3923 3802 3865 3866 3803 
3924 3803 3866 3867 3804 
3925 3804 3867 3868 3805 
3926 3805 3868 3869 3806 
3927 3806 3869 3870 3807 
3928 3807 3870 3871 3808 
3929 3808 3871 3872 3809 
3930 3809 3872 3873 3810 
3931 3810 3873 3874 3811 
3932 3811 3874 3875 3812 
3933 3812 3875 3876 3813 
3934 3813 3876 3877 3814 
3935 3814 3877 3878 3815 
3936 3815 3878 3879 3816 
3937 3816 3879 3880 3817 
3938 3817 3880 3881 3818 
3939 3818 3881 3882 3819 
3940 3819 3882 3883 3820 
3941 3820 3883 3884 3821 
3942 3821 3884 3885 3822 
3943 3822 3885 3886 3823 
3944 3823 3886 3887 3824 
3945 3824 3887 3888 3825 
3946 3825 3888 3889 3826 
3947 3826 3889 3890 3827 
3948 3827 3890 3891 3828 
3949 3828 3891 3892 3829 
3950 3829 3892 3893 3830 
3951 3830 3893 3894 3831 
3952 3831 3894 3895 3832 
3953 3832 3895 3896 3833 
3954 3833 3896 3897 3834 
3955 3834 3897 3898 3835 
3956 3835 3898 3899 3836 
3957 3836 3899 3900 3837 
3958 3837 3900 3901 3838 
3959 3838 3901 3902 3839 
3960 3839 3902 3903 3840 
3961 3840 3903 3904 3841 
3962 3841 3904 3905 3842 
3963 3842 3905 3906 3843 
3964 3843 3906 3907 3844 
3965 3844 3907 3908 3845 
3966 3845 3908 3909 3846 
3967 3846 3909 3910 3847 
3968 3847 3910 136 137 
3969 62 63 3911 3848 
3970 3848 3911 3912 3849 
3971 3849 3912 3913 3850 
3972 3850 3913 3914 3851 
3973 3851 3914 3915 3852 
3974 3852 3915 3916 3853 
3975 3853 3916 3917 3854 
3976 3854 3917 3918 3855 
3977 3855 3918 3919 3856 
3978 3856 3919 3920 3857 
3979 3857 3920 3921 3858 
3980 3858 3921 3922 3859 
3981 3859 3922 3923 3860 
3982 3860 3923 3924 3861 
3983 3861 3924 3925 3862 
3984 3862 3925 3926 3863 
3985 3863 3926 3927 3864 
3986 3864 3927 3928 3865 
3987 3865 3928 3929 3866 
3988 3866 3929 3930 3867 
3989 3867 3930 3931 3868 
3990 3868 3931 3932 3869 
3991 3869 3932 3933 3870 
3992 3870 3933 3934 3871 
3993 3871 3934 3935 3872 
3994 3872 3935 3936 3873 
3995 3873 3936 3937 3874 
3996 3874 3937 3938 3875 
3997 3875 3938 3939 3876 
3998 3876 3939 3940 3877 
3999 3877 3940 3941 3878 
4000 3878 3941 3942 3879 
4001 3879 3942 3943 3880 
4002 3880 3943 3944 3881 
4003 3881 3944 3945 3882 
4004 3882 3945 3946 3883 
4005 3883 3946 3947 3884 
4006 3884 3947 3948 3885 
4007 3885 3948 3949 3886 
4008 3886 3949 3950 3887 
4009 3887 3950 3951 3888 
4010 3888 3951 3952 3889 
4011 3889 3952 3953 3890 
4012 3890 3953 3954 3891 
4013 3891 3954 3955 3892 
4014 3892 3955 3956 3893 
4015 3893 3956 3957 3894 
4016 3894 3957 3958 3895 
4017 3895 3958 3959 3896 
4018 3896 3959 3960 3897 
4019 3897 3960 3961 3898 
4020 3898 3961 3962 3899 
4021 3899 3962 3963 3900 
4022 3900 3963 3964 3901 
4023 3901 3964 3965 3902 
4024 3902 3965 3966 3903 
4025 3903 3966 3967 3904 
4026 3904 3967 3968 3905 
4027 3905 3968 3969 3906 
4028 3906 3969 3970 3907 
4029 3907 3970 3971 3908 
4030 3908 3971 3972 3909 
4031 3909 3972 3973 3910 
4032 3910 3973 135 136 
4033 63 64 3974 3911 
4034 3911 3974 3975 3912 
4035 3912 3975 3976 3913 
4036 3913 3976 3977 3914 
4037 3914 3977 3978 3915 
4038 3915 3978 3979 3916 
4039 3916 3979 3980 3917 
4040 3917 3980 3981 3918 
4041 3918 3981 3982 3919 
4042 3919 3982 3983 3920 
4043 3920 3983 3984 3921 
4044 3921 3984 3985 3922 
4045 3922 3985 3986 3923 
4046 3923 3986 3987 3924 
4047 3924 3987 3988 3925 
4048 3925 3988 3989 3926 
4049 3926 3989 3990 3927 
4050 3927 3990 3991 3928 
4051 3928 3991 3992 3929 
4052 3929 3992 3993 3930 
4053 3930 3993 3994 3931 
4054 3931 3994 3995 3932 
4055 3932 3995 3996 3933 
4056 3933 3996 3997 3934 
4057 3934 3997 3998 3935 
4058 3935 3998 3999 3936 
4059 3936 3999 4000 3937 
4060 3937 4000 4001 3938 
4061 3938 4001 4002 3939 
4062 3939 4002 4003 3940 
4063 3940 4003 4004 3941 
4064 3941 4004 4005 3942 
4065 3942 4005 4006 3943 
4066 3943 4006 4007 3944 
4067 3944 4007 4008 3945 
4068 3945 4008 4009 3946 
4069 3946 4009 4010 3947 
4070 3947 4010 4011 3948 
4071 3948 4011 4012 3949 
4072 3949 4012 4013 3950 
4073 3950 4013 4014 3951 
4074 3951 4014 4015 3952 
4075 3952 4015 4016 3953 
4076 3953 4016 4017 3954 
4077 3954 4017 4018 3955 
4078 3955 4018 4019 3956 
4079 3956 4019 4020 3957 
4080 3957 4020 4021 3958 
4081 3958 4021 4022 3959 
4082 3959 4022 4023 3960 
4083 3960 4023 4024 3961 
4084 3961 4024 4025 3962 
4085 3962 4025 4026 3963 
4086 3963 4026 4027 3964 
4087 3964 4027 4028 3965 
4088 3965 4028 4029 3966 
4089 3966 4029 4030 3967 
4090 3967 4030 4031 3968 
4091 3968 4031 4032 3969 
4092 3969 4032 4033 3970 
4093 3970 4033 4034 3971 
4094 3971 4034 4035 3972 
4095 3972 4035 4036 3973 
4096 3973 4036 134 135 
4097 64 65 4037 3974 
4098 3974 4037 4038 3975 
4099 3975 4038 4039 3976 
4100 3976 4039 4040 3977 
4101 3977 4040 4041 3978 
4102 3978 4041 4042 3979 
4103 3979 4042 4043 3980 
4104 3980 4043 4044 3981 
4105 3981 4044 4045 3982 
4106 3982 4045 4046 3983 
4107 3983 4046 4047 3984 
4108 3984 4047 4048 3985 
4109 3985 4048 4049 3986 
4110 3986 4049 4050 3987 
4111 3987 4050 4051 3988 
4112 3988 4051 4052 3989 
4113 3989 4052 4053 3990 
4114 3990 4053 4054 3991 
4115 3991 4054 4055 3992 
4116 3992 4055 4056 3993 
4117 3993 4056 4057 3994 
4118 3994 4057 4058 3995 
4119 3995 4058 4059 3996 
4120 3996 4059 4060 3997 
4121 3997 4060 4061 3998 
4122 3998 4061 4062 3999 
4123 3999 4062 4063 4000 
4124 4000 4063 4064 4001 
4125 4001 4064 4065 4002 
4126 4002 4065 4066 4003 
4127 4003 4066 4067 4004 
4128 4004 4067 4068 4005 
4129 4005 4068 4069 4006 
4130 4006 4069 4070 4007 
4131 4007 4070 4071 4008 
4132 4008 4071 4072 4009 
4133 4009 4072 4073 4010 
4134 4010 4073 4074 4011 
4135 4011 4074 4075 4012 
4136 4012 4075 4076 4013 
4137 4013 4076 4077 4014 
4138 4014 4077 4078 4015 
4139 4015 4078 4079 4016 
4140 4016 4079 4080 4017 
4141 4017 4080 4081 4018 
4142 4018 4081 4082 4019 
4143 4019 4082 4083 4020 
4144 4020 4083 4084 4021 
4145 4021 4084 4085 4022 
4146 4022 4085 4086 4023 
4147 4023 4086 4087 4024 
4148 4024 4087 4088 4025 
4149 4025 4088 4089 4026 
4150 4026 4089 4090 4027 
4151 4027 4090 4091 4028 
4152 4028 4091 4092 4029 
4153 4029 4092 4093 4030 
4154 4030 4093 4094 4031 
4155 4031 4094 4095 4032 
4156 4032 4095 4096 4033 
4157 4033 4096 4097 4034 
4158 4034 4097 4098 4035 
4159 4035 4098 4099 4036 
4160 4036 4099 133 134 
4161 65 66 4100 4037 
4162 4037 4100 4101 4038 
4163 4038 4101 4102 4039 
4164 4039 4102 4103 4040 
4165 4040 4103 4104 4041 
4166 4041 4104 4105 4042 
4167 4042 4105 4106 4043 
4168 4043 4106 4107 4044 
4169 4044 4107 4108 4045 
4170 4045 4108 4109 4046 
4171 4046 4109 4110 4047 
4172 4047 4110 4111 4048 
4173 4048 4111 4112 4049 
4174 4049 4112 4113 4050 
4175 4050 4113 4114 4051 
4176 4051 4114 4115 4052 
4177 4052 4115 4116 4053 
4178 4053 4116 4117 4054 
4179 4054 4117 4118 4055 
4180 4055 4118 4119 4056 
4181 4056 4119 4120 4057 
4182 4057 4120 4121 4058 
4183 4058 4121 4122 4059 
4184 4059 4122 4123 4060 
4185 4060 4123 4124 4061 
4186 4061 4124 4125 4062 
4187 4062 4125 4126 4063 
4188 4063 4126 4127 4064 
4189 4064 4127 4128 4065 
4190 4065 4128 4129 4066 
4191 4066 4129 4130 4067 
4192 4067 4130 4131 4068 
4193 4068 4131 4132 4069 
4194 4069 4132 4133 4070 
4195 4070 4133 4134 4071 
4196 4071 4134 4135 4072 
4197 4072 4135 4136 4073 
4198 4073 4136 4137 4074 
4199 4074 4137 4138 4075 
4200 4075 4138 4139 4076 
4201 4076 4139 4140 4077 
4202 4077 4140 4141 4078 
4203 4078 4141 4142 4079 
4204 4079 4142 4143 4080 
4205 4080 4143 4144 4081 
4206 4081 4144 4145 4082 
4207 4082 4145 4146 4083 
4208 4083 4146 4147 4084 
4209 4084 4147 4148 4085 
4210 4085 4148 4149 4086 
4211 4086 4149 4150 4087 
4212 4087 4150 4151 4088 
4213 4088 4151 4152 4089 
4214 4089 4152 4153 4090 
4215 4090 4153 4154 4091 
4216 4091 4154 4155 4092 
4217 4092 4155 4156 4093 
4218 4093 4156 4157 4094 
4219 4094 4157 4158 4095 
4220 4095 4158 4159 4096 
4221 4096 4159 4160 4097 
4222 4097 4160 4161 4098 
4223 4098 4161 4162 4099 
4224 4099 4162 132 133 
4225 66 67 4163 4100 
4226 4100 4163 4164 4101 
4227 4101 4164 4165 4102 
4228 4102 4165 4166 4103 
4229 4103 4166 4167 4104 
4230 4104 4167 4168 4105 
4231 4105 4168 4169 4106 
4232 4106 4169 4170 4107 
4233 4107 4170 4171 4108 
4234 4108 4171 4172 4109 
4235 4109 4172 4173 4110 
4236 4110 4173 4174 4111 
4237 4111 4174 4175 4112 
4238 4112 4175 4176 4113 
4239 4113 4176 4177 4114 
4240 4114 4177 4178 4115 
4241 4115 4178 4179 4116 
4242 4116 4179 4180 4117 
4243 4117 4180 4181 4118 
4244 4118 4181 4182 4119 
4245 4119 4182 4183 4120 
4246 4120 4183 4184 4121 
4247 4121 4184 4185 4122 
4248 4122 4185 4186 4123 
4249 4123 4186 4187 4124 
4250 4124 4187 4188 4125 
4251 4125 4188 4189 4126 
4252 4126 4189 4190 4127 
4253 4127 4190 4191 4128 
4254 4128 4191 4192 4129 
4255 4129 4192 4193 4130 
4256 4130 4193 4194 4131 
4257 4131 4194 4195 4132 
4258 4132 4195 4196 4133 
4259 4133 4196 4197 4134 
4260 4134 4197 4198 4135 
4261 4135 4198 4199 4136 
4262 4136 4199 4200 4137 
4263 4137 4200 4201 4138 
4264 4138 4201 4202 4139 
4265 4139 4202 4203 4140 
4266 4140 4203 4204 4141 
4267 4141 4204 4205 4142 
4268 4142 4205 4206 4143 
4269 4143 4206 4207 4144 
4270 4144 4207 4208 4145 
4271 4145 4208 4209 4146 
4272 4146 4209 4210 4147 
4273 4147 4210 4211 4148 
4274 4148 4211 4212 4149 
4275 4149 4212 4213 4150 
4276 4150 4213 4214 4151 
4277 4151 4214 4215 4152 
4278 4152 4215 4216 4153 
4279 4153 4216 4217 4154 
4280 4154 4217 4218 4155 
4281 4155 4218 4219 4156 
4282 4156 4219 4220 4157 
4283 4157 4220 4221 4158 
4284 4158 4221 4222 4159 
4285 4159 4222 4223 4160 
4286 4160 4223 4224 4161 
4287 4161 4224 4225 4162 
4288 4162 4225 131 132 
4289 67 2 68 4163 
4290 4163 68 69 4164 
4291 4164 69 70 4165 
4292 4165 70 71 4166 
4293 4166 71 72 4167 
4294 4167 72 73 4168 
4295 4168 73 74 4169 
4296 4169 74 75 4170 
4297 4170 75 76 4171 
4298 4171 76 77 4172 
4299 4172 77 78 4173 
4300 4173 78 79 4174 
4301 4174 79 80 4175 
4302 4175 80 81 4176 
4303 4176 81 82 4177 
4304 4177 82 83 4178 
4305 4178 83 84 4179 
4306 4179 84 85 4180 
4307 4180 85 86 4181 
4308 4181 86 87 4182 
4309 4182 87 88 4183 
4310 4183 88 89 4184 
4311 4184 89 90 4185 
4312 4185 90 91 4186 
4313 4186 91 92 4187 
4314 4187 92 93 4188 
4315 4188 93 94 4189 
4316 4189 94 95 4190 
4317 4190 95 96 4191 
4318 4191 96 97 4192 
4319 4192 97 98 4193 
4320 4193 98 99 4194 
4321 4194 99 100 4195 
4322 4195 100 101 4196 
4323 4196 101 102 4197 
4324 4197 102 103 4198 
4325 4198 103 104 4199 
4326 4199 104 105 4200 
4327 4200 105 106 4201 
4328 4201 106 107 4202 
4329 4202 107 108 4203 
4330 4203 108 109 4204 
4331 4204 109 110 4205 
4332 4205 110 111 4206 
4333 4206 111 112 4207 
4334 4207 112 113 4208 
4335 4208 113 114 4209 
4336 4209 114 115 4210 
4337 4210 115 116 4211 
4338 4211 116 117 4212 
4339 4212 117 118 4213 
4340 4213 118 119 4214 
4341 4214 119 120 4215 
4342 4215 120 121 4216 
4343 4216 121 122 4217 
4344 4217 122 123 4218 
4345 4218 123 124 4219 
4346 4219 124 125 4220 
4347 4220 125 126 4221 
4348 4221 126 127 4222 
4349 4222 127 128 4223 
4350 4223 128 129 4224 
4351 4224 129 130 4225 
4352 4225 130 3 131 
$EndElements
