$MeshFormat
4.1 0 8
$EndMeshFormat
$PhysicalNames
7
2 1 "front"
2 2 "back"
2 4 "top"
2 5 "bottom"
2 6 "left"
2 7 "right"
3 3 "internal"
$EndPhysicalNames
$Entities
8 12 6 1
1 -5000 0 0 0 
2 5000 0 0 0 
3 5000 0 10000 0 
4 -5000 0 10000 0 
5 -5000 5000 10000 0 
6 -5000 5000 0 0 
10 5000 5000 0 0 
14 5000 5000 10000 0 
1 -5000 0 0 5000 0 0 0 2 1 -2 
2 5000 0 0 5000 0 10000 0 2 2 -3 
3 -5000 0 10000 5000 0 10000 0 2 3 -4 
4 -5000 0 0 -5000 0 10000 0 2 4 -1 
14 -5000 5000 0 -5000 5000 10000 0 2 5 -6 
15 -5000 5000 0 5000 5000 0 0 2 6 -10 
16 5000 5000 0 5000 5000 10000 0 2 10 -14 
17 -5000 5000 10000 5000 5000 10000 0 2 14 -5 
19 -5000 0 10000 -5000 5000 10000 0 2 4 -5 
20 -5000 0 0 -5000 5000 0 0 2 1 -6 
24 5000 0 0 5000 5000 0 0 2 2 -10 
28 5000 0 10000 5000 5000 10000 0 2 3 -14 
12 -5000 0 0 5000 0 10000 1 1 4 4 1 2 3 
21 -5000 0 0 -5000 5000 10000 1 6 4 4 20 -14 -19 
25 -5000 0 0 5000 5000 0 1 5 4 1 24 -15 -20 
29 5000 0 0 5000 5000 10000 1 7 4 2 28 -16 -24 
33 -5000 0 10000 5000 5000 10000 1 4 4 3 19 -17 -28 
34 -5000 5000 0 5000 5000 10000 1 2 4 14 15 16 17 
1 -5000 0 0 5000 5000 10000 1 3 6 -12 34 21 25 29 33 
$EndEntities
$Nodes
27 1122 1 1122
0 1 0 1
1
-5000 0 0
0 2 0 1
2
5000 0 0
0 3 0 1
3
5000 0 10000
0 4 0 1
4
-5000 0 10000
0 5 0 1
5
-5000 5000 10000
0 6 0 1
6
-5000 5000 0
0 10 0 1
7
5000 5000 0
0 14 0 1
8
5000 5000 10000
1 1 1 9
9
10
11
12
13
14
15
16
17
-4000.000000003498 0 0 0.0999999999996502
-3000.000000006322 0 0 0.1999999999993678
-2000.000000006055 0 0 0.2999999999993945
-1000.00000000547 0 0 0.399999999999453
-8.792085282038897e-09 0 0 0.4999999999991208
999.9999999961647 0 0 0.5999999999996165
2000.000000001299 0 0 0.7000000000001299
3000.000000006431 0 0 0.8000000000006431
4000.000000003962 0 0 0.9000000000003961
1 2 1 49
18
19
20
21
22
23
24
25
26
27
28
29
30
31
32
33
34
35
36
37
38
39
40
41
42
43
44
45
46
47
48
49
50
51
52
53
54
55
56
57
58
59
60
61
62
63
64
65
66
5000 0 199.9999999998379 0.01999999999998379
5000 0 399.9999999996419 0.03999999999996419
5000 0 599.9999999994403 0.05999999999994403
5000 0 799.9999999994075 0.07999999999994074
5000 0 999.9999999994182 0.09999999999994182
5000 0 1199.999999999413 0.1199999999999413
5000 0 1399.999999999098 0.1399999999999098
5000 0 1599.999999998654 0.1599999999998654
5000 0 1799.999999998211 0.1799999999998211
5000 0 1999.999999997766 0.1999999999997766
5000 0 2199.999999997617 0.2199999999997617
5000 0 2399.999999997628 0.2399999999997628
5000 0 2599.999999997638 0.2599999999997639
5000 0 2799.999999997648 0.2799999999997648
5000 0 2999.999999997659 0.2999999999997658
5000 0 3199.999999997669 0.3199999999997669
5000 0 3399.999999997679 0.3399999999997679
5000 0 3599.999999997689 0.3599999999997689
5000 0 3799.999999997698 0.3799999999997698
5000 0 3999.999999997708 0.3999999999997708
5000 0 4199.999999997271 0.4199999999997271
5000 0 4399.999999996371 0.4399999999996371
5000 0 4599.999999995473 0.4599999999995472
5000 0 4799.999999994572 0.4799999999994572
5000 0 4999.999999993852 0.4999999999993852
5000 0 5199.999999994595 0.5199999999994595
5000 0 5399.999999995515 0.5399999999995515
5000 0 5599.999999996436 0.5599999999996436
5000 0 5799.999999997357 0.5799999999997357
5000 0 5999.999999998277 0.5999999999998278
5000 0 6199.9999999992 0.6199999999999199
5000 0 6400.00000000012 0.640000000000012
5000 0 6600.000000001041 0.6600000000001042
5000 0 6800.000000001963 0.6800000000001962
5000 0 7000.000000002883 0.7000000000002883
5000 0 7200.000000003804 0.7200000000003804
5000 0 7400.000000004725 0.7400000000004725
5000 0 7600.000000005645 0.7600000000005646
5000 0 7800.000000006567 0.7800000000006566
5000 0 8000.000000007488 0.8000000000007488
5000 0 8200.000000008067 0.8200000000008068
5000 0 8400.000000007183 0.8400000000007184
5000 0 8600.000000006286 0.8600000000006286
5000 0 8800.000000005388 0.8800000000005388
5000 0 9000.000000004489 0.900000000000449
5000 0 9200.000000003593 0.9200000000003592
5000 0 9400.000000002694 0.9400000000002694
5000 0 9600.000000001795 0.9600000000001796
5000 0 9800.000000000897 0.9800000000000897
1 3 1 9
67
68
69
70
71
72
73
74
75
4000.000000003498 0 10000 0.0999999999996502
3000.000000006322 0 10000 0.1999999999993678
2000.000000006055 0 10000 0.2999999999993945
1000.00000000547 0 10000 0.399999999999453
8.792085282038897e-09 0 10000 0.4999999999991208
-999.9999999961647 0 10000 0.5999999999996165
-2000.000000001299 0 10000 0.7000000000001299
-3000.000000006431 0 10000 0.8000000000006431
-4000.000000003962 0 10000 0.9000000000003961
1 4 1 49
76
77
78
79
80
81
82
83
84
85
86
87
88
89
90
91
92
93
94
95
96
97
98
99
100
101
102
103
104
105
106
107
108
109
110
111
112
113
114
115
116
117
118
119
120
121
122
123
124
-5000 0 9800.000000000575 0.01999999999994248
-5000 0 9600.00000000115 0.03999999999988496
-5000 0 9400.000000001726 0.05999999999982744
-5000 0 9200.000000002301 0.07999999999976994
-5000 0 9000.000000002876 0.09999999999971243
-5000 0 8800.000000003451 0.1199999999996549
-5000 0 8600.000000004025 0.1399999999995974
-5000 0 8400.000000004602 0.1599999999995398
-5000 0 8200.000000005177 0.1799999999994823
-5000 0 8000.000000005753 0.1999999999994247
-5000 0 7800.000000006328 0.2199999999993672
-5000 0 7600.000000006903 0.2399999999993097
-5000 0 7400.000000007478 0.2599999999992522
-5000 0 7200.000000008053 0.2799999999991947
-5000 0 7000.000000008627 0.2999999999991372
-5000 0 6800.000000009202 0.3199999999990797
-5000 0 6600.000000009777 0.3399999999990223
-5000 0 6400.000000010352 0.3599999999989648
-5000 0 6200.000000010927 0.3799999999989074
-5000 0 6000.000000011501 0.3999999999988499
-5000 0 5800.000000012076 0.4199999999987924
-5000 0 5600.000000012651 0.4399999999987349
-5000 0 5400.000000013225 0.4599999999986775
-5000 0 5200.000000013801 0.47999999999862
-5000 0 5000.000000014197 0.4999999999985802
-5000 0 4800.000000013133 0.5199999999986867
-5000 0 4600.00000001189 0.539999999998811
-5000 0 4400.000000010647 0.5599999999989353
-5000 0 4200.000000009404 0.5799999999990596
-5000 0 4000.00000000816 0.599999999999184
-5000 0 3800.000000006919 0.6199999999993081
-5000 0 3600.000000005675 0.6399999999994325
-5000 0 3400.000000004432 0.6599999999995568
-5000 0 3200.000000003191 0.679999999999681
-5000 0 3000.000000001946 0.6999999999998053
-5000 0 2800.000000000704 0.7199999999999296
-5000 0 2599.999999999461 0.7400000000000539
-5000 0 2399.999999998218 0.7600000000001782
-5000 0 2199.999999996976 0.7800000000003025
-5000 0 1999.999999995732 0.8000000000004268
-5000 0 1799.99999999483 0.8200000000005169
-5000 0 1599.999999995392 0.8400000000004607
-5000 0 1399.999999995967 0.8600000000004032
-5000 0 1199.999999996546 0.8800000000003455
-5000 0 999.9999999971205 0.9000000000002879
-5000 0 799.9999999976972 0.9200000000002303
-5000 0 599.9999999982738 0.9400000000001727
-5000 0 399.9999999988504 0.960000000000115
-5000 0 199.9999999994252 0.9800000000000575
1 14 1 49
125
126
127
128
129
130
131
132
133
134
135
136
137
138
139
140
141
142
143
144
145
146
147
148
149
150
151
152
153
154
155
156
157
158
159
160
161
162
163
164
165
166
167
168
169
170
171
172
173
-5000 5000 9800.000000000575 0.01999999999994248
-5000 5000 9600.00000000115 0.03999999999988496
-5000 5000 9400.000000001726 0.05999999999982744
-5000 5000 9200.000000002301 0.07999999999976994
-5000 5000 9000.000000002876 0.09999999999971243
-5000 5000 8800.000000003451 0.1199999999996549
-5000 5000 8600.000000004025 0.1399999999995974
-5000 5000 8400.000000004602 0.1599999999995398
-5000 5000 8200.000000005177 0.1799999999994823
-5000 5000 8000.000000005753 0.1999999999994247
-5000 5000 7800.000000006328 0.2199999999993672
-5000 5000 7600.000000006903 0.2399999999993097
-5000 5000 7400.000000007478 0.2599999999992522
-5000 5000 7200.000000008053 0.2799999999991947
-5000 5000 7000.000000008627 0.2999999999991372
-5000 5000 6800.000000009202 0.3199999999990797
-5000 5000 6600.000000009777 0.3399999999990223
-5000 5000 6400.000000010352 0.3599999999989648
-5000 5000 6200.000000010927 0.3799999999989074
-5000 5000 6000.000000011501 0.3999999999988499
-5000 5000 5800.000000012076 0.4199999999987924
-5000 5000 5600.000000012651 0.4399999999987349
-5000 5000 5400.000000013225 0.4599999999986775
-5000 5000 5200.000000013801 0.47999999999862
-5000 5000 5000.000000014197 0.4999999999985802
-5000 5000 4800.000000013133 0.5199999999986867
-5000 5000 4600.00000001189 0.539999999998811
-5000 5000 4400.000000010647 0.5599999999989353
-5000 5000 4200.000000009404 0.5799999999990596
-5000 5000 4000.00000000816 0.599999999999184
-5000 5000 3800.000000006919 0.6199999999993081
-5000 5000 3600.000000005675 0.6399999999994325
-5000 5000 3400.000000004432 0.6599999999995568
-5000 5000 3200.000000003191 0.679999999999681
-5000 5000 3000.000000001946 0.6999999999998053
-5000 5000 2800.000000000704 0.7199999999999296
-5000 5000 2599.999999999461 0.7400000000000539
-5000 5000 2399.999999998218 0.7600000000001782
-5000 5000 2199.999999996976 0.7800000000003025
-5000 5000 1999.999999995732 0.8000000000004268
-5000 5000 1799.99999999483 0.8200000000005169
-5000 5000 1599.999999995392 0.8400000000004607
-5000 5000 1399.999999995967 0.8600000000004032
-5000 5000 1199.999999996546 0.8800000000003455
-5000 5000 999.9999999971205 0.9000000000002879
-5000 5000 799.9999999976972 0.9200000000002303
-5000 5000 599.9999999982738 0.9400000000001727
-5000 5000 399.9999999988504 0.960000000000115
-5000 5000 199.9999999994252 0.9800000000000575
1 15 1 9
174
175
176
177
178
179
180
181
182
-4000.000000003498 5000 0 0.0999999999996502
-3000.000000006322 5000 0 0.1999999999993678
-2000.000000006055 5000 0 0.2999999999993945
-1000.00000000547 5000 0 0.399999999999453
-8.792085282038897e-09 5000 0 0.4999999999991208
999.9999999961647 5000 0 0.5999999999996165
2000.000000001299 5000 0 0.7000000000001299
3000.000000006431 5000 0 0.8000000000006431
4000.000000003962 5000 0 0.9000000000003961
1 16 1 49
183
184
185
186
187
188
189
190
191
192
193
194
195
196
197
198
199
200
201
202
203
204
205
206
207
208
209
210
211
212
213
214
215
216
217
218
219
220
221
222
223
224
225
226
227
228
229
230
231
5000 5000 199.9999999998379 0.01999999999998379
5000 5000 399.9999999996419 0.03999999999996419
5000 5000 599.9999999994403 0.05999999999994403
5000 5000 799.9999999994075 0.07999999999994074
5000 5000 999.9999999994182 0.09999999999994182
5000 5000 1199.999999999413 0.1199999999999413
5000 5000 1399.999999999098 0.1399999999999098
5000 5000 1599.999999998654 0.1599999999998654
5000 5000 1799.999999998211 0.1799999999998211
5000 5000 1999.999999997766 0.1999999999997766
5000 5000 2199.999999997617 0.2199999999997617
5000 5000 2399.999999997628 0.2399999999997628
5000 5000 2599.999999997638 0.2599999999997639
5000 5000 2799.999999997648 0.2799999999997648
5000 5000 2999.999999997659 0.2999999999997658
5000 5000 3199.999999997669 0.3199999999997669
5000 5000 3399.999999997679 0.3399999999997679
5000 5000 3599.999999997689 0.3599999999997689
5000 5000 3799.999999997698 0.3799999999997698
5000 5000 3999.999999997708 0.3999999999997708
5000 5000 4199.999999997271 0.4199999999997271
5000 5000 4399.999999996371 0.4399999999996371
5000 5000 4599.999999995473 0.4599999999995472
5000 5000 4799.999999994572 0.4799999999994572
5000 5000 4999.999999993852 0.4999999999993852
5000 5000 5199.999999994595 0.5199999999994595
5000 5000 5399.999999995515 0.5399999999995515
5000 5000 5599.999999996436 0.5599999999996436
5000 5000 5799.999999997357 0.5799999999997357
5000 5000 5999.999999998277 0.5999999999998278
5000 5000 6199.9999999992 0.6199999999999199
5000 5000 6400.00000000012 0.640000000000012
5000 5000 6600.000000001041 0.6600000000001042
5000 5000 6800.000000001963 0.6800000000001962
5000 5000 7000.000000002883 0.7000000000002883
5000 5000 7200.000000003804 0.7200000000003804
5000 5000 7400.000000004725 0.7400000000004725
5000 5000 7600.000000005645 0.7600000000005646
5000 5000 7800.000000006567 0.7800000000006566
5000 5000 8000.000000007488 0.8000000000007488
5000 5000 8200.000000008067 0.8200000000008068
5000 5000 8400.000000007183 0.8400000000007184
5000 5000 8600.000000006286 0.8600000000006286
5000 5000 8800.000000005388 0.8800000000005388
5000 5000 9000.000000004489 0.900000000000449
5000 5000 9200.000000003593 0.9200000000003592
5000 5000 9400.000000002694 0.9400000000002694
5000 5000 9600.000000001795 0.9600000000001796
5000 5000 9800.000000000897 0.9800000000000897
1 17 1 9
232
233
234
235
236
237
238
239
240
4000.000000003498 5000 10000 0.0999999999996502
3000.000000006322 5000 10000 0.1999999999993678
2000.000000006055 5000 10000 0.2999999999993945
1000.00000000547 5000 10000 0.399999999999453
8.792085282038897e-09 5000 10000 0.4999999999991208
-999.9999999961647 5000 10000 0.5999999999996165
-2000.000000001299 5000 10000 0.7000000000001299
-3000.000000006431 5000 10000 0.8000000000006431
-4000.000000003962 5000 10000 0.9000000000003961
1 19 1 0
1 20 1 0
1 24 1 0
1 28 1 0
2 12 1 441
241
242
243
244
245
246
247
248
249
250
251
252
253
254
255
256
257
258
259
260
261
262
263
264
265
266
267
268
269
270
271
272
273
274
275
276
277
278
279
280
281
282
283
284
285
286
287
288
289
290
291
292
293
294
295
296
297
298
299
300
301
302
303
304
305
306
307
308
309
310
311
312
313
314
315
316
317
318
319
320
321
322
323
324
325
326
327
328
329
330
331
332
333
334
335
336
337
338
339
340
341
342
343
344
345
346
347
348
349
350
351
352
353
354
355
356
357
358
359
360
361
362
363
364
365
366
367
368
369
370
371
372
373
374
375
376
377
378
379
380
381
382
383
384
385
386
387
388
389
390
391
392
393
394
395
396
397
398
399
400
401
402
403
404
405
406
407
408
409
410
411
412
413
414
415
416
417
418
419
420
421
422
423
424
425
426
427
428
429
430
431
432
433
434
435
436
437
438
439
440
441
442
443
444
445
446
447
448
449
450
451
452
453
454
455
456
457
458
459
460
461
462
463
464
465
466
467
468
469
470
471
472
473
474
475
476
477
478
479
480
481
482
483
484
485
486
487
488
489
490
491
492
493
494
495
496
497
498
499
500
501
502
503
504
505
506
507
508
509
510
511
512
513
514
515
516
517
518
519
520
521
522
523
524
525
526
527
528
529
530
531
532
533
534
535
536
537
538
539
540
541
542
543
544
545
546
547
548
549
550
551
552
553
554
555
556
557
558
559
560
561
562
563
564
565
566
567
568
569
570
571
572
573
574
575
576
577
578
579
580
581
582
583
584
585
586
587
588
589
590
591
592
593
594
595
596
597
598
599
600
601
602
603
604
605
606
607
608
609
610
611
612
613
614
615
616
617
618
619
620
621
622
623
624
625
626
627
628
629
630
631
632
633
634
635
636
637
638
639
640
641
642
643
644
645
646
647
648
649
650
651
652
653
654
655
656
657
658
659
660
661
662
663
664
665
666
667
668
669
670
671
672
673
674
675
676
677
678
679
680
681
-4000.000000003952 0 9800.000000000604 9800.000000000604 -4000.000000003952
-3000.000000006429 0 9800.00000000064 9800.00000000064 -3000.000000006429
-2000.000000001393 0 9800.000000000673 9800.000000000673 -2000.000000001393
-999.9999999963504 0 9800.000000000702 9800.000000000702 -999.9999999963504
8.439656085101888e-09 0 9800.000000000735 9800.000000000735 8.439656085101888e-09
1000.000000005283 0 9800.000000000768 9800.000000000768 1000.000000005283
2000.000000005961 0 9800.0000000008 9800.0000000008 2000.000000005961
3000.000000006325 0 9800.000000000829 9800.000000000829 3000.000000006325
4000.000000003507 0 9800.000000000866 9800.000000000866 4000.000000003507
-4000.000000003943 0 9600.000000001215 9600.000000001215 -4000.000000003943
-3000.000000006426 0 9600.000000001277 9600.000000001277 -3000.000000006426
-2000.000000001489 0 9600.000000001342 9600.000000001342 -2000.000000001489
-999.9999999965362 0 9600.000000001408 9600.000000001408 -999.9999999965362
8.088591130217537e-09 0 9600.000000001473 9600.000000001473 8.088591130217537e-09
1000.000000005097 0 9600.000000001539 9600.000000001539 1000.000000005097
2000.000000005865 0 9600.000000001601 9600.000000001601 2000.000000005865
3000.000000006326 0 9600.000000001666 9600.000000001666 3000.000000006326
4000.000000003516 0 9600.000000001732 9600.000000001732 4000.000000003516
-4000.000000003934 0 9400.000000001824 9400.000000001824 -4000.000000003934
-3000.000000006424 0 9400.000000001919 9400.000000001919 -3000.000000006424
-2000.000000001584 0 9400.000000002015 9400.000000002015 -2000.000000001584
-999.9999999967233 0 9400.000000002114 9400.000000002114 -999.9999999967233
7.737071427982301e-09 0 9400.00000000221 9400.00000000221 7.737071427982301e-09
1000.000000004911 0 9400.000000002305 9400.000000002305 1000.000000004911
2000.00000000577 0 9400.000000002405 9400.000000002405 2000.00000000577
3000.00000000633 0 9400.000000002503 9400.000000002503 3000.00000000633
4000.000000003526 0 9400.000000002596 9400.000000002596 4000.000000003526
-4000.000000003925 0 9200.000000002428 9200.000000002428 -4000.000000003925
-3000.000000006422 0 9200.000000002559 9200.000000002559 -3000.000000006422
-2000.000000001679 0 9200.00000000269 9200.00000000269 -2000.000000001679
-999.9999999969091 0 9200.000000002818 9200.000000002818 -999.9999999969091
7.385096978396177e-09 0 9200.000000002947 9200.000000002947 7.385096978396177e-09
1000.000000004726 0 9200.000000003076 9200.000000003076 1000.000000004726
2000.000000005674 0 9200.000000003207 9200.000000003207 2000.000000005674
3000.000000006331 0 9200.000000003334 9200.000000003334 3000.000000006331
4000.000000003535 0 9200.000000003462 9200.000000003462 4000.000000003535
-4000.000000003916 0 9000.00000000304 9000.00000000304 -4000.000000003916
-3000.00000000642 0 9000.0000000032 9000.0000000032 -3000.00000000642
-2000.000000001775 0 9000.000000003361 9000.000000003361 -2000.000000001775
-999.9999999970951 0 9000.00000000352 9000.00000000352 -999.9999999970951
7.033577276160941e-09 0 9000.000000003683 9000.000000003683 7.033577276160941e-09
1000.000000004539 0 9000.000000003844 9000.000000003844 1000.000000004539
2000.00000000558 0 9000.000000004005 9000.000000004005 2000.00000000558
3000.000000006333 0 9000.000000004167 9000.000000004167 3000.000000006333
4000.000000003545 0 9000.000000004327 9000.000000004327 4000.000000003545
-4000.000000003906 0 8800.000000003643 8800.000000003643 -4000.000000003906
-3000.000000006418 0 8800.000000003836 8800.000000003836 -3000.000000006418
-2000.000000001869 0 8800.000000004035 8800.000000004035 -2000.000000001869
-999.9999999972817 0 8800.000000004226 8800.000000004226 -999.9999999972817
6.681148079223931e-09 0 8800.000000004418 8800.000000004418 6.681148079223931e-09
1000.000000004353 0 8800.000000004611 8800.000000004611 1000.000000004353
2000.000000005484 0 8800.000000004808 8800.000000004808 2000.000000005484
3000.000000006336 0 8800.000000005 8800.000000005 3000.000000006336
4000.000000003553 0 8800.000000005193 8800.000000005193 4000.000000003553
-4000.000000003897 0 8600.000000004251 8600.000000004251 -4000.000000003897
-3000.000000006417 0 8600.000000004478 8600.000000004478 -3000.000000006417
-2000.000000001964 0 8600.000000004704 8600.000000004704 -2000.000000001964
-999.9999999974675 0 8600.000000004933 8600.000000004933 -999.9999999974675
6.330083124339581e-09 0 8600.000000005157 8600.000000005157 6.330083124339581e-09
1000.000000004167 0 8600.000000005382 8600.000000005382 1000.000000004167
2000.000000005389 0 8600.000000005608 8600.000000005608 2000.000000005389
3000.000000006337 0 8600.000000005833 8600.000000005833 3000.000000006337
4000.000000003563 0 8600.000000006059 8600.000000006059 4000.000000003563
-4000.000000003888 0 8400.00000000486 8400.00000000486 -4000.000000003888
-3000.000000006414 0 8400.000000005119 8400.000000005119 -3000.000000006414
-2000.00000000206 0 8400.000000005377 8400.000000005377 -2000.00000000206
-999.9999999976537 0 8400.000000005637 8400.000000005637 -999.9999999976537
5.978563422104344e-09 0 8400.000000005894 8400.000000005894 5.978563422104344e-09
1000.000000003981 0 8400.000000006154 8400.000000006154 1000.000000003981
2000.000000005294 0 8400.000000006406 8400.000000006406 2000.000000005294
3000.000000006341 0 8400.000000006668 8400.000000006668 3000.000000006341
4000.000000003573 0 8400.000000006927 8400.000000006927 4000.000000003573
-4000.000000003879 0 8200.000000005464 8200.000000005464 -4000.000000003879
-3000.000000006411 0 8200.000000005755 8200.000000005755 -3000.000000006411
-2000.000000002155 0 8200.000000006043 8200.000000006043 -2000.000000002155
-999.9999999978395 0 8200.000000006334 8200.000000006334 -999.9999999978395
5.626588972518221e-09 0 8200.000000006621 8200.000000006621 5.626588972518221e-09
1000.000000003795 0 8200.000000006909 8200.000000006909 1000.000000003795
2000.0000000052 0 8200.0000000072 8200.0000000072 2000.0000000052
3000.000000006342 0 8200.000000007491 8200.000000007491 3000.000000006342
4000.000000003582 0 8200.000000007778 8200.000000007778 4000.000000003582
-4000.000000003868 0 8000.000000005927 8000.000000005927 -4000.000000003868
-3000.00000000641 0 8000.0000000061 8000.0000000061 -3000.00000000641
-2000.00000000225 0 8000.000000006274 8000.000000006274 -2000.00000000225
-999.9999999980253 0 8000.000000006448 8000.000000006448 -999.9999999980253
5.274387149256654e-09 0 8000.00000000662 8000.00000000662 5.274387149256654e-09
1000.000000003608 0 8000.000000006794 8000.000000006794 1000.000000003608
2000.000000005105 0 8000.000000006967 8000.000000006967 2000.000000005105
3000.000000006344 0 8000.00000000714 8000.00000000714 3000.000000006344
4000.000000003591 0 8000.000000007313 8000.000000007313 4000.000000003591
-4000.00000000386 0 7800.000000006351 7800.000000006351 -4000.00000000386
-3000.000000006406 0 7800.000000006376 7800.000000006376 -3000.000000006406
-2000.000000002345 0 7800.000000006397 7800.000000006397 -2000.000000002345
-999.9999999982119 0 7800.000000006423 7800.000000006423 -999.9999999982119
4.923322194372304e-09 0 7800.000000006446 7800.000000006446 4.923322194372304e-09
1000.000000003423 0 7800.00000000647 7800.00000000647 1000.000000003423
2000.000000005009 0 7800.000000006496 7800.000000006496 2000.000000005009
3000.000000006346 0 7800.000000006517 7800.000000006517 3000.000000006346
4000.0000000036 0 7800.000000006543 7800.000000006543 4000.0000000036
-4000.000000003849 0 7600.000000006777 7600.000000006777 -4000.000000003849
-3000.000000006406 0 7600.00000000665 7600.00000000665 -3000.000000006406
-2000.00000000244 0 7600.000000006525 7600.000000006525 -2000.00000000244
-999.9999999983977 0 7600.000000006401 7600.000000006401 -999.9999999983977
4.571802492137067e-09 0 7600.000000006274 7600.000000006274 4.571802492137067e-09
1000.000000003236 0 7600.000000006147 7600.000000006147 1000.000000003236
2000.000000004914 0 7600.000000006023 7600.000000006023 2000.000000004914
3000.000000006349 0 7600.000000005895 7600.000000005895 3000.000000006349
4000.000000003609 0 7600.000000005771 7600.000000005771 4000.000000003609
-4000.000000003842 0 7400.000000007202 7400.000000007202 -4000.000000003842
-3000.000000006403 0 7400.000000006929 7400.000000006929 -3000.000000006403
-2000.000000002535 0 7400.000000006651 7400.000000006651 -2000.000000002535
-999.9999999985841 0 7400.000000006379 7400.000000006379 -999.9999999985841
4.219828042550944e-09 0 7400.000000006103 7400.000000006103 4.219828042550944e-09
1000.00000000305 0 7400.000000005826 7400.000000005826 1000.00000000305
2000.000000004818 0 7400.000000005549 7400.000000005549 2000.000000004818
3000.000000006351 0 7400.000000005277 7400.000000005277 3000.000000006351
4000.000000003619 0 7400.000000005 7400.000000005 4000.000000003619
-4000.000000003831 0 7200.000000007628 7200.000000007628 -4000.000000003831
-3000.000000006402 0 7200.000000007205 7200.000000007205 -3000.000000006402
-2000.000000002631 0 7200.000000006779 7200.000000006779 -2000.000000002631
-999.9999999987704 0 7200.000000006353 7200.000000006353 -999.9999999987704
3.867853592964821e-09 0 7200.00000000593 7200.00000000593 3.867853592964821e-09
1000.000000002864 0 7200.000000005504 7200.000000005504 1000.000000002864
2000.000000004723 0 7200.000000005079 7200.000000005079 2000.000000004723
3000.000000006353 0 7200.000000004654 7200.000000004654 3000.000000006353
4000.000000003628 0 7200.000000004229 7200.000000004229 4000.000000003628
-4000.000000003822 0 7000.000000008051 7000.000000008051 -4000.000000003822
-3000.000000006397 0 7000.00000000748 7000.00000000748 -3000.000000006397
-2000.000000002726 0 7000.000000006905 7000.000000006905 -2000.000000002726
-999.9999999989557 0 7000.00000000633 7000.00000000633 -999.9999999989557
3.517243385431357e-09 0 7000.000000005754 7000.000000005754 3.517243385431357e-09
1000.000000002678 0 7000.00000000518 7000.00000000518 1000.000000002678
2000.000000004629 0 7000.000000004608 7000.000000004608 2000.000000004629
3000.000000006355 0 7000.000000004033 7000.000000004033 3000.000000006355
4000.000000003637 0 7000.000000003457 7000.000000003457 4000.000000003637
-4000.000000003813 0 6800.000000008478 6800.000000008478 -4000.000000003813
-3000.000000006396 0 6800.000000007754 6800.000000007754 -3000.000000006396
-2000.000000002821 0 6800.000000007031 6800.000000007031 -2000.000000002821
-999.9999999991421 0 6800.000000006306 6800.000000006306 -999.9999999991421
3.164814188494347e-09 0 6800.000000005582 6800.000000005582 3.164814188494347e-09
1000.000000002492 0 6800.000000004859 6800.000000004859 1000.000000002492
2000.000000004533 0 6800.000000004135 6800.000000004135 2000.000000004533
3000.000000006356 0 6800.000000003411 6800.000000003411 3000.000000006356
4000.000000003646 0 6800.000000002687 6800.000000002687 4000.000000003646
-4000.000000003804 0 6600.000000008903 6600.000000008903 -4000.000000003804
-3000.000000006394 0 6600.000000008031 6600.000000008031 -3000.000000006394
-2000.000000002916 0 6600.000000007156 6600.000000007156 -2000.000000002916
-999.9999999993281 0 6600.000000006283 6600.000000006283 -999.9999999993281
2.813521859934554e-09 0 6600.000000005408 6600.000000005408 2.813521859934554e-09
1000.000000002306 0 6600.000000004535 6600.000000004535 1000.000000002306
2000.000000004438 0 6600.000000003662 6600.000000003662 2000.000000004438
3000.000000006359 0 6600.000000002789 6600.000000002789 3000.000000006359
4000.000000003656 0 6600.000000001915 6600.000000001915 4000.000000003656
-4000.000000003795 0 6400.000000009329 6400.000000009329 -4000.000000003795
-3000.000000006392 0 6400.000000008306 6400.000000008306 -3000.000000006392
-2000.00000000301 0 6400.000000007281 6400.000000007281 -2000.00000000301
-999.9999999995143 0 6400.000000006259 6400.000000006259 -999.9999999995143
2.461320036672987e-09 0 6400.000000005237 6400.000000005237 2.461320036672987e-09
1000.00000000212 0 6400.000000004213 6400.000000004213 1000.00000000212
2000.000000004343 0 6400.000000003189 6400.000000003189 2000.000000004343
3000.000000006363 0 6400.000000002167 6400.000000002167 3000.000000006363
4000.000000003664 0 6400.000000001142 6400.000000001142 4000.000000003664
-4000.000000003784 0 6200.000000009754 6200.000000009754 -4000.000000003784
-3000.00000000639 0 6200.000000008582 6200.000000008582 -3000.00000000639
-2000.000000003106 0 6200.00000000741 6200.00000000741 -2000.000000003106
-999.9999999997008 0 6200.000000006237 6200.000000006237 -999.9999999997008
2.110027708113194e-09 0 6200.000000005062 6200.000000005062 2.110027708113194e-09
1000.000000001934 0 6200.000000003891 6200.000000003891 1000.000000001934
2000.000000004248 0 6200.000000002718 6200.000000002718 2000.000000004248
3000.000000006364 0 6200.000000001544 6200.000000001544 3000.000000006364
4000.000000003674 0 6200.000000000372 6200.000000000372 4000.000000003674
-4000.000000003778 0 6000.000000010181 6000.000000010181 -4000.000000003778
-3000.000000006386 0 6000.000000008857 6000.000000008857 -3000.000000006386
-2000.000000003201 0 6000.000000007532 6000.000000007532 -2000.000000003201
-999.9999999998868 0 6000.000000006212 6000.000000006212 -999.9999999998868
1.758508005877957e-09 0 6000.000000004888 6000.000000004888 1.758508005877957e-09
1000.000000001748 0 6000.000000003567 6000.000000003567 1000.000000001748
2000.000000004153 0 6000.000000002245 6000.000000002245 2000.000000004153
3000.000000006366 0 6000.000000000921 6000.000000000921 3000.000000006366
4000.000000003684 0 5999.9999999996 5999.9999999996 4000.000000003684
-4000.000000003766 0 5800.000000010604 5800.000000010604 -4000.000000003766
-3000.000000006386 0 5800.000000009133 5800.000000009133 -3000.000000006386
-2000.000000003297 0 5800.000000007659 5800.000000007659 -2000.000000003297
-1000.000000000073 0 5800.00000000619 5800.00000000619 -1000.000000000073
1.406078808940947e-09 0 5800.000000004715 5800.000000004715 1.406078808940947e-09
1000.000000001561 0 5800.000000003243 5800.000000003243 1000.000000001561
2000.000000004057 0 5800.000000001772 5800.000000001772 2000.000000004057
3000.000000006367 0 5800.000000000301 5800.000000000301 3000.000000006367
4000.000000003693 0 5799.999999998829 5799.999999998829 4000.000000003693
-4000.000000003756 0 5600.000000011029 5600.000000011029 -4000.000000003756
-3000.000000006384 0 5600.000000009409 5600.000000009409 -3000.000000006384
-2000.000000003393 0 5600.000000007786 5600.000000007786 -2000.000000003393
-1000.000000000259 0 5600.000000006165 5600.000000006165 -1000.000000000259
1.054331733030267e-09 0 5600.000000004542 5600.000000004542 1.054331733030267e-09
1000.000000001376 0 5600.000000002922 5600.000000002922 1000.000000001376
2000.000000003962 0 5600.0000000013 5600.0000000013 2000.000000003962
3000.00000000637 0 5599.999999999679 5599.999999999679 3000.00000000637
4000.000000003702 0 5599.999999998056 5599.999999998056 4000.000000003702
-4000.000000003747 0 5400.000000011452 5400.000000011452 -4000.000000003747
-3000.000000006381 0 5400.000000009682 5400.000000009682 -3000.000000006381
-2000.000000003486 0 5400.000000007912 5400.000000007912 -2000.000000003486
-1000.000000000445 0 5400.000000006139 5400.000000006139 -1000.000000000445
7.037215254968032e-10 0 5400.000000004369 5400.000000004369 7.037215254968032e-10
1000.000000001189 0 5400.000000002598 5400.000000002598 1000.000000001189
2000.000000003867 0 5400.000000000829 5400.000000000829 2000.000000003867
3000.000000006372 0 5399.999999999056 5399.999999999056 3000.000000006372
4000.000000003712 0 5399.999999997285 5399.999999997285 4000.000000003712
-4000.000000003738 0 5200.000000011883 5200.000000011883 -4000.000000003738
-3000.000000006379 0 5200.000000009959 5200.000000009959 -3000.000000006379
-2000.000000003582 0 5200.000000008039 5200.000000008039 -2000.000000003582
-1000.000000000631 0 5200.000000006119 5200.000000006119 -1000.000000000631
3.510649548843503e-10 0 5200.000000004198 5200.000000004198 3.510649548843503e-10
1000.000000001003 0 5200.000000002277 5200.000000002277 1000.000000001003
2000.000000003772 0 5200.000000000357 5200.000000000357 2000.000000003772
3000.000000006375 0 5199.999999998436 5199.999999998436 3000.000000006375
4000.000000003721 0 5199.999999996516 5199.999999996516 4000.000000003721
-4000.00000000373 0 5000.000000012162 5000.000000012162 -4000.00000000373
-3000.000000006376 0 5000.000000010128 5000.000000010128 -3000.000000006376
-2000.000000003678 0 5000.000000008093 5000.000000008093 -2000.000000003678
-1000.000000000817 0 5000.000000006059 5000.000000006059 -1000.000000000817
-4.547473508864641e-13 0 5000.000000004024 5000.000000004024 -4.547473508864641e-13
1000.000000000817 0 5000.00000000199 5000.00000000199 1000.000000000817
2000.000000003678 0 4999.999999999955 4999.999999999955 2000.000000003678
3000.000000006376 0 4999.99999999792 4999.99999999792 3000.000000006376
4000.00000000373 0 4999.999999995887 4999.999999995887 4000.00000000373
-4000.00000000372 0 4800.000000011278 4800.000000011278 -4000.00000000372
-3000.000000006374 0 4800.000000009421 4800.000000009421 -3000.000000006374
-2000.000000003772 0 4800.000000007566 4800.000000007566 -2000.000000003772
-1000.000000001003 0 4800.000000005708 4800.000000005708 -1000.000000001003
-3.522018232615665e-10 0 4800.000000003853 4800.000000003853 -3.522018232615665e-10
1000.000000000631 0 4800.000000001997 4800.000000001997 1000.000000000631
2000.000000003582 0 4800.00000000014 4800.00000000014 2000.000000003582
3000.000000006378 0 4799.999999998285 4799.999999998285 3000.000000006378
4000.00000000374 0 4799.999999996428 4799.999999996428 4000.00000000374
-4000.000000003711 0 4600.000000010246 4600.000000010246 -4000.000000003711
-3000.000000006372 0 4600.000000008605 4600.000000008605 -3000.000000006372
-2000.000000003867 0 4600.000000006963 4600.000000006963 -2000.000000003867
-1000.00000000119 0 4600.000000005323 4600.000000005323 -1000.00000000119
-7.0349415182136e-10 0 4600.00000000368 4600.00000000368 -7.0349415182136e-10
1000.000000000445 0 4600.00000000204 4600.00000000204 1000.000000000445
2000.000000003487 0 4600.000000000397 4600.000000000397 2000.000000003487
3000.000000006381 0 4599.999999998754 4599.999999998754 3000.000000006381
4000.000000003749 0 4599.999999997113 4599.999999997113 4000.000000003749
-4000.000000003702 0 4400.000000009219 4400.000000009219 -4000.000000003702
-3000.00000000637 0 4400.000000007793 4400.000000007793 -3000.00000000637
-2000.000000003962 0 4400.000000006365 4400.000000006365 -2000.000000003962
-1000.000000001376 0 4400.000000004937 4400.000000004937 -1000.000000001376
-1.055695975082926e-09 0 4400.000000003509 4400.000000003509 -1.055695975082926e-09
1000.000000000259 0 4400.000000002081 4400.000000002081 1000.000000000259
2000.000000003392 0 4400.000000000653 4400.000000000653 2000.000000003392
3000.000000006384 0 4399.999999999227 4399.999999999227 3000.000000006384
4000.000000003758 0 4399.999999997799 4399.999999997799 4000.000000003758
-4000.000000003694 0 4200.000000008191 4200.000000008191 -4000.000000003694
-3000.000000006369 0 4200.000000006979 4200.000000006979 -3000.000000006369
-2000.000000004058 0 4200.000000005764 4200.000000005764 -2000.000000004058
-1000.000000001562 0 4200.000000004551 4200.000000004551 -1000.000000001562
-1.406760929967277e-09 0 4200.000000003338 4200.000000003338 -1.406760929967277e-09
1000.000000000073 0 4200.000000002125 4200.000000002125 1000.000000000073
2000.000000003296 0 4200.000000000909 4200.000000000909 2000.000000003296
3000.000000006386 0 4199.999999999698 4199.999999999698 3000.000000006386
4000.000000003767 0 4199.999999998485 4199.999999998485 4000.000000003767
-4000.000000003682 0 4000.000000007115 4000.000000007115 -4000.000000003682
-3000.000000006365 0 4000.000000006069 4000.000000006069 -3000.000000006365
-2000.000000004152 0 4000.000000005024 4000.000000005024 -2000.000000004152
-1000.000000001747 0 4000.00000000398 4000.00000000398 -1000.000000001747
-1.758621692715678e-09 0 4000.000000002934 4000.000000002934 -1.758621692715678e-09
999.9999999998863 0 4000.000000001889 4000.000000001889 999.9999999998863
2000.000000003202 0 4000.000000000844 4000.000000000844 2000.000000003202
3000.000000006387 0 3999.9999999998 3999.9999999998 3000.000000006387
4000.000000003776 0 3999.999999998754 3999.999999998754 4000.000000003776
-4000.000000003675 0 3800.000000005996 3800.000000005996 -4000.000000003675
-3000.000000006363 0 3800.000000005074 3800.000000005074 -3000.000000006363
-2000.000000004248 0 3800.000000004153 3800.000000004153 -2000.000000004248
-1000.000000001933 0 3800.00000000323 3800.00000000323 -1000.000000001933
-2.109914021275472e-09 0 3800.000000002308 3800.000000002308 -2.109914021275472e-09
999.9999999997003 0 3800.000000001386 3800.000000001386 999.9999999997003
2000.000000003106 0 3800.000000000465 3800.000000000465 2000.000000003106
3000.000000006389 0 3799.999999999542 3799.999999999542 3000.000000006389
4000.000000003785 0 3799.99999999862 3799.99999999862 4000.000000003785
-4000.000000003664 0 3600.000000004876 3600.000000004876 -4000.000000003664
-3000.000000006361 0 3600.000000004077 3600.000000004077 -3000.000000006361
-2000.000000004343 0 3600.000000003279 3600.000000003279 -2000.000000004343
-1000.00000000212 0 3600.000000002481 3600.000000002481 -1000.00000000212
-2.462684278725646e-09 0 3600.000000001683 3600.000000001683 -2.462684278725646e-09
999.9999999995143 0 3600.000000000884 3600.000000000884 999.9999999995143
2000.000000003011 0 3600.000000000085 3600.000000000085 2000.000000003011
3000.000000006392 0 3599.999999999285 3599.999999999285 3000.000000006392
4000.000000003795 0 3599.999999998488 3599.999999998488 4000.000000003795
-4000.000000003655 0 3400.000000003756 3400.000000003756 -4000.000000003655
-3000.00000000636 0 3400.00000000308 3400.00000000308 -3000.00000000636
-2000.000000004437 0 3400.000000002406 3400.000000002406 -2000.000000004437
-1000.000000002306 0 3400.000000001731 3400.000000001731 -1000.000000002306
-2.81397660728544e-09 0 3400.000000001055 3400.000000001055 -2.81397660728544e-09
999.9999999993283 0 3400.000000000379 3400.000000000379 999.9999999993283
2000.000000002916 0 3399.999999999704 3399.999999999704 2000.000000002916
3000.000000006395 0 3399.99999999903 3399.99999999903 3000.000000006395
4000.000000003804 0 3399.999999998354 3399.999999998354 4000.000000003804
-4000.000000003645 0 3200.000000002638 3200.000000002638 -4000.000000003645
-3000.000000006357 0 3200.000000002087 3200.000000002087 -3000.000000006357
-2000.000000004534 0 3200.000000001534 3200.000000001534 -2000.000000004534
-1000.000000002492 0 3200.000000000981 3200.000000000981 -1000.000000002492
-3.16504156216979e-09 0 3200.000000000429 3200.000000000429 -3.16504156216979e-09
999.9999999991422 0 3199.999999999876 3199.999999999876 999.9999999991422
2000.000000002821 0 3199.999999999325 3199.999999999325 2000.000000002821
3000.000000006396 0 3199.999999998773 3199.999999998773 3000.000000006396
4000.000000003814 0 3199.999999998221 3199.999999998221 4000.000000003814
-4000.000000003636 0 3000.000000001517 3000.000000001517 -4000.000000003636
-3000.000000006355 0 3000.00000000109 3000.00000000109 -3000.000000006355
-2000.000000004629 0 3000.00000000066 3000.00000000066 -2000.000000004629
-1000.000000002678 0 3000.000000000231 3000.000000000231 -1000.000000002678
-3.517016011755913e-09 0 2999.999999999803 2999.999999999803 -3.517016011755913e-09
999.999999998956 0 2999.999999999374 2999.999999999374 999.999999998956
2000.000000002726 0 2999.999999998945 2999.999999998945 2000.000000002726
3000.000000006398 0 2999.999999998515 2999.999999998515 3000.000000006398
4000.000000003823 0 2999.999999998088 2999.999999998088 4000.000000003823
-4000.000000003628 0 2800.000000000398 2800.000000000398 -4000.000000003628
-3000.000000006352 0 2800.000000000093 2800.000000000093 -3000.000000006352
-2000.000000004723 0 2799.999999999787 2799.999999999787 -2000.000000004723
-1000.000000002864 0 2799.999999999482 2799.999999999482 -1000.000000002864
-3.86921783501748e-09 0 2799.999999999176 2799.999999999176 -3.86921783501748e-09
999.9999999987696 0 2799.99999999887 2799.99999999887 999.9999999987696
2000.000000002631 0 2799.999999998565 2799.999999998565 2000.000000002631
3000.0000000064 0 2799.999999998259 2799.999999998259 3000.0000000064
4000.000000003832 0 2799.999999997953 2799.999999997953 4000.000000003832
-4000.000000003618 0 2599.999999999279 2599.999999999279 -4000.000000003618
-3000.00000000635 0 2599.999999999096 2599.999999999096 -3000.00000000635
-2000.000000004818 0 2599.999999998915 2599.999999998915 -2000.000000004818
-1000.00000000305 0 2599.999999998732 2599.999999998732 -1000.00000000305
-4.22028278990183e-09 0 2599.999999998549 2599.999999998549 -4.22028278990183e-09
999.9999999985836 0 2599.999999998367 2599.999999998367 999.9999999985836
2000.000000002535 0 2599.999999998186 2599.999999998186 2000.000000002535
3000.000000006404 0 2599.999999998003 2599.999999998003 3000.000000006404
4000.000000003841 0 2599.99999999782 2599.99999999782 4000.000000003841
-4000.000000003608 0 2399.999999998158 2399.999999998158 -4000.000000003608
-3000.000000006349 0 2399.999999998101 2399.999999998101 -3000.000000006349
-2000.000000004914 0 2399.999999998041 2399.999999998041 -2000.000000004914
-1000.000000003236 0 2399.999999997982 2399.999999997982 -1000.000000003236
-4.572257239487953e-09 0 2399.999999997923 2399.999999997923 -4.572257239487953e-09
999.9999999983979 0 2399.999999997864 2399.999999997864 999.9999999983979
2000.000000002441 0 2399.999999997805 2399.999999997805 2000.000000002441
3000.000000006406 0 2399.999999997746 2399.999999997746 3000.000000006406
4000.000000003851 0 2399.999999997687 2399.999999997687 4000.000000003851
-4000.000000003598 0 2199.99999999704 2199.99999999704 -4000.000000003598
-3000.000000006347 0 2199.999999997105 2199.999999997105 -3000.000000006347
-2000.000000005009 0 2199.999999997168 2199.999999997168 -2000.000000005009
-1000.000000003423 0 2199.999999997232 2199.999999997232 -1000.000000003423
-4.923663254885469e-09 0 2199.999999997297 2199.999999997297 -4.923663254885469e-09
999.9999999982117 0 2199.99999999736 2199.99999999736 999.9999999982117
2000.000000002345 0 2199.999999997425 2199.999999997425 2000.000000002345
3000.000000006408 0 2199.999999997489 2199.999999997489 3000.000000006408
4000.00000000386 0 2199.999999997553 2199.999999997553 4000.00000000386
-4000.000000003592 0 1999.999999995935 1999.999999995935 -4000.000000003592
-3000.000000006344 0 1999.999999996139 1999.999999996139 -3000.000000006344
-2000.000000005104 0 1999.999999996342 1999.999999996342 -2000.000000005104
-1000.000000003609 0 1999.999999996546 1999.999999996546 -1000.000000003609
-5.275865078147035e-09 0 1999.999999996749 1999.999999996749 -5.275865078147035e-09
999.9999999980255 0 1999.999999996953 1999.999999996953 999.9999999980255
2000.00000000225 0 1999.999999997156 1999.999999997156 2000.00000000225
3000.000000006409 0 1999.99999999736 1999.99999999736 3000.000000006409
4000.000000003869 0 1999.999999997563 1999.999999997563 4000.000000003869
-4000.000000003581 0 1799.999999995169 1799.999999995169 -4000.000000003581
-3000.000000006342 0 1799.999999995507 1799.999999995507 -3000.000000006342
-2000.000000005199 0 1799.999999995845 1799.999999995845 -2000.000000005199
-1000.000000003795 0 1799.999999996183 1799.999999996183 -1000.000000003795
-5.627441623801133e-09 0 1799.999999996521 1799.999999996521 -5.627441623801133e-09
999.9999999978397 0 1799.999999996858 1799.999999996858 999.9999999978397
2000.000000002155 0 1799.999999997196 1799.999999997196 2000.000000002155
3000.000000006411 0 1799.999999997535 1799.999999997535 3000.000000006411
4000.000000003878 0 1799.999999997873 1799.999999997873 4000.000000003878
-4000.000000003572 0 1599.999999995719 1599.999999995719 -4000.000000003572
-3000.00000000634 0 1599.999999996045 1599.999999996045 -3000.00000000634
-2000.000000005295 0 1599.999999996371 1599.999999996371 -2000.000000005295
-1000.000000003981 0 1599.999999996697 1599.999999996697 -1000.000000003981
-5.978847639198648e-09 0 1599.999999997023 1599.999999997023 -5.978847639198648e-09
999.9999999976535 0 1599.99999999735 1599.99999999735 999.9999999976535
2000.00000000206 0 1599.999999997676 1599.999999997676 2000.00000000206
3000.000000006414 0 1599.999999998002 1599.999999998002 3000.000000006414
4000.000000003887 0 1599.999999998328 1599.999999998328 4000.000000003887
-4000.000000003562 0 1399.99999999628 1399.99999999628 -4000.000000003562
-3000.000000006337 0 1399.999999996593 1399.999999996593 -3000.000000006337
-2000.000000005389 0 1399.999999996907 1399.999999996907 -2000.000000005389
-1000.000000004167 0 1399.99999999722 1399.99999999722 -1000.000000004167
-6.330083124339581e-09 0 1399.999999997533 1399.999999997533 -6.330083124339581e-09
999.9999999974675 0 1399.999999997846 1399.999999997846 999.9999999974675
2000.000000001965 0 1399.999999998159 1399.999999998159 2000.000000001965
3000.000000006416 0 1399.999999998473 1399.999999998473 3000.000000006416
4000.000000003896 0 1399.999999998785 1399.999999998785 4000.000000003896
-4000.000000003553 0 1199.999999996833 1199.999999996833 -4000.000000003553
-3000.000000006336 0 1199.999999997119 1199.999999997119 -3000.000000006336
-2000.000000005484 0 1199.999999997406 1199.999999997406 -2000.000000005484
-1000.000000004353 0 1199.999999997692 1199.999999997692 -1000.000000004353
-6.682626008114312e-09 0 1199.999999997979 1199.999999997979 -6.682626008114312e-09
999.9999999972813 0 1199.999999998266 1199.999999998266 999.9999999972813
2000.00000000187 0 1199.999999998553 1199.999999998553 2000.00000000187
3000.000000006418 0 1199.99999999884 1199.99999999884 3000.000000006418
4000.000000003906 0 1199.999999999126 1199.999999999126 4000.000000003906
-4000.000000003544 0 999.9999999973504 999.9999999973504 -4000.000000003544
-3000.000000006333 0 999.9999999975803 999.9999999975803 -3000.000000006333
-2000.00000000558 0 999.9999999978099 999.9999999978099 -2000.00000000558
-1000.000000004539 0 999.9999999980398 999.9999999980398 -1000.000000004539
-7.033833071545814e-09 0 999.9999999982695 999.9999999982695 -7.033833071545814e-09
999.9999999970948 0 999.9999999984991 999.9999999984991 999.9999999970948
2000.000000001774 0 999.999999998729 999.999999998729 2000.000000001774
3000.00000000642 0 999.9999999989586 999.9999999989586 3000.00000000642
4000.000000003915 0 999.9999999991883 999.9999999991883 4000.000000003915
-4000.000000003535 0 799.9999999978683 799.9999999978683 -4000.000000003535
-3000.000000006331 0 799.9999999980394 799.9999999980394 -3000.000000006331
-2000.000000005675 0 799.9999999982102 799.9999999982102 -2000.000000005675
-1000.000000004725 0 799.9999999983813 799.9999999983813 -1000.000000004725
-7.385835942841368e-09 0 799.9999999985524 799.9999999985524 -7.385835942841368e-09
999.9999999969089 0 799.9999999987235 799.9999999987235 999.9999999969089
2000.000000001679 0 799.9999999988942 799.9999999988942 2000.000000001679
3000.000000006422 0 799.9999999990655 799.9999999990655 3000.000000006422
4000.000000003925 0 799.9999999992366 799.9999999992366 4000.000000003925
-4000.000000003525 0 599.9999999983904 599.9999999983904 -4000.000000003525
-3000.000000006329 0 599.999999998507 599.999999998507 -3000.000000006329
-2000.00000000577 0 599.9999999986239 599.9999999986239 -2000.00000000577
-1000.000000004911 0 599.9999999987403 599.9999999987403 -1000.000000004911
-7.737156693110592e-09 0 599.9999999988571 599.9999999988571 -7.737156693110592e-09
999.9999999967226 0 599.9999999989737 599.9999999989737 999.9999999967226
2000.000000001584 0 599.9999999990902 599.9999999990902 2000.000000001584
3000.000000006425 0 599.999999999207 599.999999999207 3000.000000006425
4000.000000003934 0 599.9999999993237 599.9999999993237 4000.000000003934
-4000.000000003517 0 399.9999999989295 399.9999999989295 -4000.000000003517
-3000.000000006327 0 399.9999999990087 399.9999999990087 -3000.000000006327
-2000.000000005865 0 399.9999999990878 399.9999999990878 -2000.000000005865
-1000.000000005097 0 399.9999999991669 399.9999999991669 -1000.000000005097
-8.088690606200544e-09 0 399.9999999992461 399.9999999992461 -8.088690606200544e-09
999.9999999965365 0 399.9999999993253 399.9999999993253 999.9999999965365
2000.000000001489 0 399.9999999994045 399.9999999994045 2000.000000001489
3000.000000006428 0 399.9999999994837 399.9999999994837 3000.000000006428
4000.000000003944 0 399.9999999995628 399.9999999995628 4000.000000003944
-4000.000000003508 0 199.9999999994665 199.9999999994665 -4000.000000003508
-3000.000000006326 0 199.9999999995077 199.9999999995077 -3000.000000006326
-2000.00000000596 0 199.999999999549 199.999999999549 -2000.00000000596
-1000.000000005283 0 199.9999999995903 199.9999999995903 -1000.000000005283
-8.441297438821493e-09 0 199.9999999996315 199.9999999996315 -8.441297438821493e-09
999.9999999963507 0 199.9999999996728 199.9999999996728 999.9999999963507
2000.000000001394 0 199.9999999997141 199.9999999997141 2000.000000001394
3000.000000006429 0 199.9999999997554 199.9999999997554 3000.000000006429
4000.000000003953 0 199.9999999997966 199.9999999997966 4000.000000003953
2 21 1 0
2 25 1 0
2 29 1 0
2 33 1 0
2 34 1 441
682
683
684
685
686
687
688
689
690
691
692
693
694
695
696
697
698
699
700
701
702
703
704
705
706
707
708
709
710
711
712
713
714
715
716
717
718
719
720
721
722
723
724
725
726
727
728
729
730
731
732
733
734
735
736
737
738
739
740
741
742
743
744
745
746
747
748
749
750
751
752
753
754
755
756
757
758
759
760
761
762
763
764
765
766
767
768
769
770
771
772
773
774
775
776
777
778
779
780
781
782
783
784
785
786
787
788
789
790
791
792
793
794
795
796
797
798
799
800
801
802
803
804
805
806
807
808
809
810
811
812
813
814
815
816
817
818
819
820
821
822
823
824
825
826
827
828
829
830
831
832
833
834
835
836
837
838
839
840
841
842
843
844
845
846
847
848
849
850
851
852
853
854
855
856
857
858
859
860
861
862
863
864
865
866
867
868
869
870
871
872
873
874
875
876
877
878
879
880
881
882
883
884
885
886
887
888
889
890
891
892
893
894
895
896
897
898
899
900
901
902
903
904
905
906
907
908
909
910
911
912
913
914
915
916
917
918
919
920
921
922
923
924
925
926
927
928
929
930
931
932
933
934
935
936
937
938
939
940
941
942
943
944
945
946
947
948
949
950
951
952
953
954
955
956
957
958
959
960
961
962
963
964
965
966
967
968
969
970
971
972
973
974
975
976
977
978
979
980
981
982
983
984
985
986
987
988
989
990
991
992
993
994
995
996
997
998
999
1000
1001
1002
1003
1004
1005
1006
1007
1008
1009
1010
1011
1012
1013
1014
1015
1016
1017
1018
1019
1020
1021
1022
1023
1024
1025
1026
1027
1028
1029
1030
1031
1032
1033
1034
1035
1036
1037
1038
1039
1040
1041
1042
1043
1044
1045
1046
1047
1048
1049
1050
1051
1052
1053
1054
1055
1056
1057
1058
1059
1060
1061
1062
1063
1064
1065
1066
1067
1068
1069
1070
1071
1072
1073
1074
1075
1076
1077
1078
1079
1080
1081
1082
1083
1084
1085
1086
1087
1088
1089
1090
1091
1092
1093
1094
1095
1096
1097
1098
1099
1100
1101
1102
1103
1104
1105
1106
1107
1108
1109
1110
1111
1112
1113
1114
1115
1116
1117
1118
1119
1120
1121
1122
-4000.000000003952 5000 9800.000000000604 9800.000000000604 -4000.000000003952
-3000.000000006429 5000 9800.00000000064 9800.00000000064 -3000.000000006429
-2000.000000001393 5000 9800.000000000673 9800.000000000673 -2000.000000001393
-999.9999999963504 5000 9800.000000000702 9800.000000000702 -999.9999999963504
8.439656085101888e-09 5000 9800.000000000735 9800.000000000735 8.439656085101888e-09
1000.000000005283 5000 9800.000000000768 9800.000000000768 1000.000000005283
2000.000000005961 5000 9800.0000000008 9800.0000000008 2000.000000005961
3000.000000006325 5000 9800.000000000829 9800.000000000829 3000.000000006325
4000.000000003507 5000 9800.000000000866 9800.000000000866 4000.000000003507
-4000.000000003943 5000 9600.000000001215 9600.000000001215 -4000.000000003943
-3000.000000006426 5000 9600.000000001277 9600.000000001277 -3000.000000006426
-2000.000000001489 5000 9600.000000001342 9600.000000001342 -2000.000000001489
-999.9999999965362 5000 9600.000000001408 9600.000000001408 -999.9999999965362
8.088591130217537e-09 5000 9600.000000001473 9600.000000001473 8.088591130217537e-09
1000.000000005097 5000 9600.000000001539 9600.000000001539 1000.000000005097
2000.000000005865 5000 9600.000000001601 9600.000000001601 2000.000000005865
3000.000000006326 5000 9600.000000001666 9600.000000001666 3000.000000006326
4000.000000003516 5000 9600.000000001732 9600.000000001732 4000.000000003516
-4000.000000003934 5000 9400.000000001824 9400.000000001824 -4000.000000003934
-3000.000000006424 5000 9400.000000001919 9400.000000001919 -3000.000000006424
-2000.000000001584 5000 9400.000000002015 9400.000000002015 -2000.000000001584
-999.9999999967233 5000 9400.000000002114 9400.000000002114 -999.9999999967233
7.737071427982301e-09 5000 9400.00000000221 9400.00000000221 7.737071427982301e-09
1000.000000004911 5000 9400.000000002305 9400.000000002305 1000.000000004911
2000.00000000577 5000 9400.000000002405 9400.000000002405 2000.00000000577
3000.00000000633 5000 9400.000000002503 9400.000000002503 3000.00000000633
4000.000000003526 5000 9400.000000002596 9400.000000002596 4000.000000003526
-4000.000000003925 5000 9200.000000002428 9200.000000002428 -4000.000000003925
-3000.000000006422 5000 9200.000000002559 9200.000000002559 -3000.000000006422
-2000.000000001679 5000 9200.00000000269 9200.00000000269 -2000.000000001679
-999.9999999969091 5000 9200.000000002818 9200.000000002818 -999.9999999969091
7.385096978396177e-09 5000 9200.000000002947 9200.000000002947 7.385096978396177e-09
1000.000000004726 5000 9200.000000003076 9200.000000003076 1000.000000004726
2000.000000005674 5000 9200.000000003207 9200.000000003207 2000.000000005674
3000.000000006331 5000 9200.000000003334 9200.000000003334 3000.000000006331
4000.000000003535 5000 9200.000000003462 9200.000000003462 4000.000000003535
-4000.000000003916 5000 9000.00000000304 9000.00000000304 -4000.000000003916
-3000.00000000642 5000 9000.0000000032 9000.0000000032 -3000.00000000642
-2000.000000001775 5000 9000.000000003361 9000.000000003361 -2000.000000001775
-999.9999999970951 5000 9000.00000000352 9000.00000000352 -999.9999999970951
7.033577276160941e-09 5000 9000.000000003683 9000.000000003683 7.033577276160941e-09
1000.000000004539 5000 9000.000000003844 9000.000000003844 1000.000000004539
2000.00000000558 5000 9000.000000004005 9000.000000004005 2000.00000000558
3000.000000006333 5000 9000.000000004167 9000.000000004167 3000.000000006333
4000.000000003545 5000 9000.000000004327 9000.000000004327 4000.000000003545
-4000.000000003906 5000 8800.000000003643 8800.000000003643 -4000.000000003906
-3000.000000006418 5000 8800.000000003836 8800.000000003836 -3000.000000006418
-2000.000000001869 5000 8800.000000004035 8800.000000004035 -2000.000000001869
-999.9999999972817 5000 8800.000000004226 8800.000000004226 -999.9999999972817
6.681148079223931e-09 5000 8800.000000004418 8800.000000004418 6.681148079223931e-09
1000.000000004353 5000 8800.000000004611 8800.000000004611 1000.000000004353
2000.000000005484 5000 8800.000000004808 8800.000000004808 2000.000000005484
3000.000000006336 5000 8800.000000005 8800.000000005 3000.000000006336
4000.000000003553 5000 8800.000000005193 8800.000000005193 4000.000000003553
-4000.000000003897 5000 8600.000000004251 8600.000000004251 -4000.000000003897
-3000.000000006417 5000 8600.000000004478 8600.000000004478 -3000.000000006417
-2000.000000001964 5000 8600.000000004704 8600.000000004704 -2000.000000001964
-999.9999999974675 5000 8600.000000004933 8600.000000004933 -999.9999999974675
6.330083124339581e-09 5000 8600.000000005157 8600.000000005157 6.330083124339581e-09
1000.000000004167 5000 8600.000000005382 8600.000000005382 1000.000000004167
2000.000000005389 5000 8600.000000005608 8600.000000005608 2000.000000005389
3000.000000006337 5000 8600.000000005833 8600.000000005833 3000.000000006337
4000.000000003563 5000 8600.000000006059 8600.000000006059 4000.000000003563
-4000.000000003888 5000 8400.00000000486 8400.00000000486 -4000.000000003888
-3000.000000006414 5000 8400.000000005119 8400.000000005119 -3000.000000006414
-2000.00000000206 5000 8400.000000005377 8400.000000005377 -2000.00000000206
-999.9999999976537 5000 8400.000000005637 8400.000000005637 -999.9999999976537
5.978563422104344e-09 5000 8400.000000005894 8400.000000005894 5.978563422104344e-09
1000.000000003981 5000 8400.000000006154 8400.000000006154 1000.000000003981
2000.000000005294 5000 8400.000000006406 8400.000000006406 2000.000000005294
3000.000000006341 5000 8400.000000006668 8400.000000006668 3000.000000006341
4000.000000003573 5000 8400.000000006927 8400.000000006927 4000.000000003573
-4000.000000003879 5000 8200.000000005464 8200.000000005464 -4000.000000003879
-3000.000000006411 5000 8200.000000005755 8200.000000005755 -3000.000000006411
-2000.000000002155 5000 8200.000000006043 8200.000000006043 -2000.000000002155
-999.9999999978395 5000 8200.000000006334 8200.000000006334 -999.9999999978395
5.626588972518221e-09 5000 8200.000000006621 8200.000000006621 5.626588972518221e-09
1000.000000003795 5000 8200.000000006909 8200.000000006909 1000.000000003795
2000.0000000052 5000 8200.0000000072 8200.0000000072 2000.0000000052
3000.000000006342 5000 8200.000000007491 8200.000000007491 3000.000000006342
4000.000000003582 5000 8200.000000007778 8200.000000007778 4000.000000003582
-4000.000000003868 5000 8000.000000005927 8000.000000005927 -4000.000000003868
-3000.00000000641 5000 8000.0000000061 8000.0000000061 -3000.00000000641
-2000.00000000225 5000 8000.000000006274 8000.000000006274 -2000.00000000225
-999.9999999980253 5000 8000.000000006448 8000.000000006448 -999.9999999980253
5.274387149256654e-09 5000 8000.00000000662 8000.00000000662 5.274387149256654e-09
1000.000000003608 5000 8000.000000006794 8000.000000006794 1000.000000003608
2000.000000005105 5000 8000.000000006967 8000.000000006967 2000.000000005105
3000.000000006344 5000 8000.00000000714 8000.00000000714 3000.000000006344
4000.000000003591 5000 8000.000000007313 8000.000000007313 4000.000000003591
-4000.00000000386 5000 7800.000000006351 7800.000000006351 -4000.00000000386
-3000.000000006406 5000 7800.000000006376 7800.000000006376 -3000.000000006406
-2000.000000002345 5000 7800.000000006397 7800.000000006397 -2000.000000002345
-999.9999999982119 5000 7800.000000006423 7800.000000006423 -999.9999999982119
4.923322194372304e-09 5000 7800.000000006446 7800.000000006446 4.923322194372304e-09
1000.000000003423 5000 7800.00000000647 7800.00000000647 1000.000000003423
2000.000000005009 5000 7800.000000006496 7800.000000006496 2000.000000005009
3000.000000006346 5000 7800.000000006517 7800.000000006517 3000.000000006346
4000.0000000036 5000 7800.000000006543 7800.000000006543 4000.0000000036
-4000.000000003849 5000 7600.000000006777 7600.000000006777 -4000.000000003849
-3000.000000006406 5000 7600.00000000665 7600.00000000665 -3000.000000006406
-2000.00000000244 5000 7600.000000006525 7600.000000006525 -2000.00000000244
-999.9999999983977 5000 7600.000000006401 7600.000000006401 -999.9999999983977
4.571802492137067e-09 5000 7600.000000006274 7600.000000006274 4.571802492137067e-09
1000.000000003236 5000 7600.000000006147 7600.000000006147 1000.000000003236
2000.000000004914 5000 7600.000000006023 7600.000000006023 2000.000000004914
3000.000000006349 5000 7600.000000005895 7600.000000005895 3000.000000006349
4000.000000003609 5000 7600.000000005771 7600.000000005771 4000.000000003609
-4000.000000003842 5000 7400.000000007202 7400.000000007202 -4000.000000003842
-3000.000000006403 5000 7400.000000006929 7400.000000006929 -3000.000000006403
-2000.000000002535 5000 7400.000000006651 7400.000000006651 -2000.000000002535
-999.9999999985841 5000 7400.000000006379 7400.000000006379 -999.9999999985841
4.219828042550944e-09 5000 7400.000000006103 7400.000000006103 4.219828042550944e-09
1000.00000000305 5000 7400.000000005826 7400.000000005826 1000.00000000305
2000.000000004818 5000 7400.000000005549 7400.000000005549 2000.000000004818
3000.000000006351 5000 7400.000000005277 7400.000000005277 3000.000000006351
4000.000000003619 5000 7400.000000005 7400.000000005 4000.000000003619
-4000.000000003831 5000 7200.000000007628 7200.000000007628 -4000.000000003831
-3000.000000006402 5000 7200.000000007205 7200.000000007205 -3000.000000006402
-2000.000000002631 5000 7200.000000006779 7200.000000006779 -2000.000000002631
-999.9999999987704 5000 7200.000000006353 7200.000000006353 -999.9999999987704
3.867853592964821e-09 5000 7200.00000000593 7200.00000000593 3.867853592964821e-09
1000.000000002864 5000 7200.000000005504 7200.000000005504 1000.000000002864
2000.000000004723 5000 7200.000000005079 7200.000000005079 2000.000000004723
3000.000000006353 5000 7200.000000004654 7200.000000004654 3000.000000006353
4000.000000003628 5000 7200.000000004229 7200.000000004229 4000.000000003628
-4000.000000003822 5000 7000.000000008051 7000.000000008051 -4000.000000003822
-3000.000000006397 5000 7000.00000000748 7000.00000000748 -3000.000000006397
-2000.000000002726 5000 7000.000000006905 7000.000000006905 -2000.000000002726
-999.9999999989557 5000 7000.00000000633 7000.00000000633 -999.9999999989557
3.517243385431357e-09 5000 7000.000000005754 7000.000000005754 3.517243385431357e-09
1000.000000002678 5000 7000.00000000518 7000.00000000518 1000.000000002678
2000.000000004629 5000 7000.000000004608 7000.000000004608 2000.000000004629
3000.000000006355 5000 7000.000000004033 7000.000000004033 3000.000000006355
4000.000000003637 5000 7000.000000003457 7000.000000003457 4000.000000003637
-4000.000000003813 5000 6800.000000008478 6800.000000008478 -4000.000000003813
-3000.000000006396 5000 6800.000000007754 6800.000000007754 -3000.000000006396
-2000.000000002821 5000 6800.000000007031 6800.000000007031 -2000.000000002821
-999.9999999991421 5000 6800.000000006306 6800.000000006306 -999.9999999991421
3.164814188494347e-09 5000 6800.000000005582 6800.000000005582 3.164814188494347e-09
1000.000000002492 5000 6800.000000004859 6800.000000004859 1000.000000002492
2000.000000004533 5000 6800.000000004135 6800.000000004135 2000.000000004533
3000.000000006356 5000 6800.000000003411 6800.000000003411 3000.000000006356
4000.000000003646 5000 6800.000000002687 6800.000000002687 4000.000000003646
-4000.000000003804 5000 6600.000000008903 6600.000000008903 -4000.000000003804
-3000.000000006394 5000 6600.000000008031 6600.000000008031 -3000.000000006394
-2000.000000002916 5000 6600.000000007156 6600.000000007156 -2000.000000002916
-999.9999999993281 5000 6600.000000006283 6600.000000006283 -999.9999999993281
2.813521859934554e-09 5000 6600.000000005408 6600.000000005408 2.813521859934554e-09
1000.000000002306 5000 6600.000000004535 6600.000000004535 1000.000000002306
2000.000000004438 5000 6600.000000003662 6600.000000003662 2000.000000004438
3000.000000006359 5000 6600.000000002789 6600.000000002789 3000.000000006359
4000.000000003656 5000 6600.000000001915 6600.000000001915 4000.000000003656
-4000.000000003795 5000 6400.000000009329 6400.000000009329 -4000.000000003795
-3000.000000006392 5000 6400.000000008306 6400.000000008306 -3000.000000006392
-2000.00000000301 5000 6400.000000007281 6400.000000007281 -2000.00000000301
-999.9999999995143 5000 6400.000000006259 6400.000000006259 -999.9999999995143
2.461320036672987e-09 5000 6400.000000005237 6400.000000005237 2.461320036672987e-09
1000.00000000212 5000 6400.000000004213 6400.000000004213 1000.00000000212
2000.000000004343 5000 6400.000000003189 6400.000000003189 2000.000000004343
3000.000000006363 5000 6400.000000002167 6400.000000002167 3000.000000006363
4000.000000003664 5000 6400.000000001142 6400.000000001142 4000.000000003664
-4000.000000003784 5000 6200.000000009754 6200.000000009754 -4000.000000003784
-3000.00000000639 5000 6200.000000008582 6200.000000008582 -3000.00000000639
-2000.000000003106 5000 6200.00000000741 6200.00000000741 -2000.000000003106
-999.9999999997008 5000 6200.000000006237 6200.000000006237 -999.9999999997008
2.110027708113194e-09 5000 6200.000000005062 6200.000000005062 2.110027708113194e-09
1000.000000001934 5000 6200.000000003891 6200.000000003891 1000.000000001934
2000.000000004248 5000 6200.000000002718 6200.000000002718 2000.000000004248
3000.000000006364 5000 6200.000000001544 6200.000000001544 3000.000000006364
4000.000000003674 5000 6200.000000000372 6200.000000000372 4000.000000003674
-4000.000000003778 5000 6000.000000010181 6000.000000010181 -4000.000000003778
-3000.000000006386 5000 6000.000000008857 6000.000000008857 -3000.000000006386
-2000.000000003201 5000 6000.000000007532 6000.000000007532 -2000.000000003201
-999.9999999998868 5000 6000.000000006212 6000.000000006212 -999.9999999998868
1.758508005877957e-09 5000 6000.000000004888 6000.000000004888 1.758508005877957e-09
1000.000000001748 5000 6000.000000003567 6000.000000003567 1000.000000001748
2000.000000004153 5000 6000.000000002245 6000.000000002245 2000.000000004153
3000.000000006366 5000 6000.000000000921 6000.000000000921 3000.000000006366
4000.000000003684 5000 5999.9999999996 5999.9999999996 4000.000000003684
-4000.000000003766 5000 5800.000000010604 5800.000000010604 -4000.000000003766
-3000.000000006386 5000 5800.000000009133 5800.000000009133 -3000.000000006386
-2000.000000003297 5000 5800.000000007659 5800.000000007659 -2000.000000003297
-1000.000000000073 5000 5800.00000000619 5800.00000000619 -1000.000000000073
1.406078808940947e-09 5000 5800.000000004715 5800.000000004715 1.406078808940947e-09
1000.000000001561 5000 5800.000000003243 5800.000000003243 1000.000000001561
2000.000000004057 5000 5800.000000001772 5800.000000001772 2000.000000004057
3000.000000006367 5000 5800.000000000301 5800.000000000301 3000.000000006367
4000.000000003693 5000 5799.999999998829 5799.999999998829 4000.000000003693
-4000.000000003756 5000 5600.000000011029 5600.000000011029 -4000.000000003756
-3000.000000006384 5000 5600.000000009409 5600.000000009409 -3000.000000006384
-2000.000000003393 5000 5600.000000007786 5600.000000007786 -2000.000000003393
-1000.000000000259 5000 5600.000000006165 5600.000000006165 -1000.000000000259
1.054331733030267e-09 5000 5600.000000004542 5600.000000004542 1.054331733030267e-09
1000.000000001376 5000 5600.000000002922 5600.000000002922 1000.000000001376
2000.000000003962 5000 5600.0000000013 5600.0000000013 2000.000000003962
3000.00000000637 5000 5599.999999999679 5599.999999999679 3000.00000000637
4000.000000003702 5000 5599.999999998056 5599.999999998056 4000.000000003702
-4000.000000003747 5000 5400.000000011452 5400.000000011452 -4000.000000003747
-3000.000000006381 5000 5400.000000009682 5400.000000009682 -3000.000000006381
-2000.000000003486 5000 5400.000000007912 5400.000000007912 -2000.000000003486
-1000.000000000445 5000 5400.000000006139 5400.000000006139 -1000.000000000445
7.037215254968032e-10 5000 5400.000000004369 5400.000000004369 7.037215254968032e-10
1000.000000001189 5000 5400.000000002598 5400.000000002598 1000.000000001189
2000.000000003867 5000 5400.000000000829 5400.000000000829 2000.000000003867
3000.000000006372 5000 5399.999999999056 5399.999999999056 3000.000000006372
4000.000000003712 5000 5399.999999997285 5399.999999997285 4000.000000003712
-4000.000000003738 5000 5200.000000011883 5200.000000011883 -4000.000000003738
-3000.000000006379 5000 5200.000000009959 5200.000000009959 -3000.000000006379
-2000.000000003582 5000 5200.000000008039 5200.000000008039 -2000.000000003582
-1000.000000000631 5000 5200.000000006119 5200.000000006119 -1000.000000000631
3.510649548843503e-10 5000 5200.000000004198 5200.000000004198 3.510649548843503e-10
1000.000000001003 5000 5200.000000002277 5200.000000002277 1000.000000001003
2000.000000003772 5000 5200.000000000357 5200.000000000357 2000.000000003772
3000.000000006375 5000 5199.999999998436 5199.999999998436 3000.000000006375
4000.000000003721 5000 5199.999999996516 5199.999999996516 4000.000000003721
-4000.00000000373 5000 5000.000000012162 5000.000000012162 -4000.00000000373
-3000.000000006376 5000 5000.000000010128 5000.000000010128 -3000.000000006376
-2000.000000003678 5000 5000.000000008093 5000.000000008093 -2000.000000003678
-1000.000000000817 5000 5000.000000006059 5000.000000006059 -1000.000000000817
-4.547473508864641e-13 5000 5000.000000004024 5000.000000004024 -4.547473508864641e-13
1000.000000000817 5000 5000.00000000199 5000.00000000199 1000.000000000817
2000.000000003678 5000 4999.999999999955 4999.999999999955 2000.000000003678
3000.000000006376 5000 4999.99999999792 4999.99999999792 3000.000000006376
4000.00000000373 5000 4999.999999995887 4999.999999995887 4000.00000000373
-4000.00000000372 5000 4800.000000011278 4800.000000011278 -4000.00000000372
-3000.000000006374 5000 4800.000000009421 4800.000000009421 -3000.000000006374
-2000.000000003772 5000 4800.000000007566 4800.000000007566 -2000.000000003772
-1000.000000001003 5000 4800.000000005708 4800.000000005708 -1000.000000001003
-3.522018232615665e-10 5000 4800.000000003853 4800.000000003853 -3.522018232615665e-10
1000.000000000631 5000 4800.000000001997 4800.000000001997 1000.000000000631
2000.000000003582 5000 4800.00000000014 4800.00000000014 2000.000000003582
3000.000000006378 5000 4799.999999998285 4799.999999998285 3000.000000006378
4000.00000000374 5000 4799.999999996428 4799.999999996428 4000.00000000374
-4000.000000003711 5000 4600.000000010246 4600.000000010246 -4000.000000003711
-3000.000000006372 5000 4600.000000008605 4600.000000008605 -3000.000000006372
-2000.000000003867 5000 4600.000000006963 4600.000000006963 -2000.000000003867
-1000.00000000119 5000 4600.000000005323 4600.000000005323 -1000.00000000119
-7.0349415182136e-10 5000 4600.00000000368 4600.00000000368 -7.0349415182136e-10
1000.000000000445 5000 4600.00000000204 4600.00000000204 1000.000000000445
2000.000000003487 5000 4600.000000000397 4600.000000000397 2000.000000003487
3000.000000006381 5000 4599.999999998754 4599.999999998754 3000.000000006381
4000.000000003749 5000 4599.999999997113 4599.999999997113 4000.000000003749
-4000.000000003702 5000 4400.000000009219 4400.000000009219 -4000.000000003702
-3000.00000000637 5000 4400.000000007793 4400.000000007793 -3000.00000000637
-2000.000000003962 5000 4400.000000006365 4400.000000006365 -2000.000000003962
-1000.000000001376 5000 4400.000000004937 4400.000000004937 -1000.000000001376
-1.055695975082926e-09 5000 4400.000000003509 4400.000000003509 -1.055695975082926e-09
1000.000000000259 5000 4400.000000002081 4400.000000002081 1000.000000000259
2000.000000003392 5000 4400.000000000653 4400.000000000653 2000.000000003392
3000.000000006384 5000 4399.999999999227 4399.999999999227 3000.000000006384
4000.000000003758 5000 4399.999999997799 4399.999999997799 4000.000000003758
-4000.000000003694 5000 4200.000000008191 4200.000000008191 -4000.000000003694
-3000.000000006369 5000 4200.000000006979 4200.000000006979 -3000.000000006369
-2000.000000004058 5000 4200.000000005764 4200.000000005764 -2000.000000004058
-1000.000000001562 5000 4200.000000004551 4200.000000004551 -1000.000000001562
-1.406760929967277e-09 5000 4200.000000003338 4200.000000003338 -1.406760929967277e-09
1000.000000000073 5000 4200.000000002125 4200.000000002125 1000.000000000073
2000.000000003296 5000 4200.000000000909 4200.000000000909 2000.000000003296
3000.000000006386 5000 4199.999999999698 4199.999999999698 3000.000000006386
4000.000000003767 5000 4199.999999998485 4199.999999998485 4000.000000003767
-4000.000000003682 5000 4000.000000007115 4000.000000007115 -4000.000000003682
-3000.000000006365 5000 4000.000000006069 4000.000000006069 -3000.000000006365
-2000.000000004152 5000 4000.000000005024 4000.000000005024 -2000.000000004152
-1000.000000001747 5000 4000.00000000398 4000.00000000398 -1000.000000001747
-1.758621692715678e-09 5000 4000.000000002934 4000.000000002934 -1.758621692715678e-09
999.9999999998863 5000 4000.000000001889 4000.000000001889 999.9999999998863
2000.000000003202 5000 4000.000000000844 4000.000000000844 2000.000000003202
3000.000000006387 5000 3999.9999999998 3999.9999999998 3000.000000006387
4000.000000003776 5000 3999.999999998754 3999.999999998754 4000.000000003776
-4000.000000003675 5000 3800.000000005996 3800.000000005996 -4000.000000003675
-3000.000000006363 5000 3800.000000005074 3800.000000005074 -3000.000000006363
-2000.000000004248 5000 3800.000000004153 3800.000000004153 -2000.000000004248
-1000.000000001933 5000 3800.00000000323 3800.00000000323 -1000.000000001933
-2.109914021275472e-09 5000 3800.000000002308 3800.000000002308 -2.109914021275472e-09
999.9999999997003 5000 3800.000000001386 3800.000000001386 999.9999999997003
2000.000000003106 5000 3800.000000000465 3800.000000000465 2000.000000003106
3000.000000006389 5000 3799.999999999542 3799.999999999542 3000.000000006389
4000.000000003785 5000 3799.99999999862 3799.99999999862 4000.000000003785
-4000.000000003664 5000 3600.000000004876 3600.000000004876 -4000.000000003664
-3000.000000006361 5000 3600.000000004077 3600.000000004077 -3000.000000006361
-2000.000000004343 5000 3600.000000003279 3600.000000003279 -2000.000000004343
-1000.00000000212 5000 3600.000000002481 3600.000000002481 -1000.00000000212
-2.462684278725646e-09 5000 3600.000000001683 3600.000000001683 -2.462684278725646e-09
999.9999999995143 5000 3600.000000000884 3600.000000000884 999.9999999995143
2000.000000003011 5000 3600.000000000085 3600.000000000085 2000.000000003011
3000.000000006392 5000 3599.999999999285 3599.999999999285 3000.000000006392
4000.000000003795 5000 3599.999999998488 3599.999999998488 4000.000000003795
-4000.000000003655 5000 3400.000000003756 3400.000000003756 -4000.000000003655
-3000.00000000636 5000 3400.00000000308 3400.00000000308 -3000.00000000636
-2000.000000004437 5000 3400.000000002406 3400.000000002406 -2000.000000004437
-1000.000000002306 5000 3400.000000001731 3400.000000001731 -1000.000000002306
-2.81397660728544e-09 5000 3400.000000001055 3400.000000001055 -2.81397660728544e-09
999.9999999993283 5000 3400.000000000379 3400.000000000379 999.9999999993283
2000.000000002916 5000 3399.999999999704 3399.999999999704 2000.000000002916
3000.000000006395 5000 3399.99999999903 3399.99999999903 3000.000000006395
4000.000000003804 5000 3399.999999998354 3399.999999998354 4000.000000003804
-4000.000000003645 5000 3200.000000002638 3200.000000002638 -4000.000000003645
-3000.000000006357 5000 3200.000000002087 3200.000000002087 -3000.000000006357
-2000.000000004534 5000 3200.000000001534 3200.000000001534 -2000.000000004534
-1000.000000002492 5000 3200.000000000981 3200.000000000981 -1000.000000002492
-3.16504156216979e-09 5000 3200.000000000429 3200.000000000429 -3.16504156216979e-09
999.9999999991422 5000 3199.999999999876 3199.999999999876 999.9999999991422
2000.000000002821 5000 3199.999999999325 3199.999999999325 2000.000000002821
3000.000000006396 5000 3199.999999998773 3199.999999998773 3000.000000006396
4000.000000003814 5000 3199.999999998221 3199.999999998221 4000.000000003814
-4000.000000003636 5000 3000.000000001517 3000.000000001517 -4000.000000003636
-3000.000000006355 5000 3000.00000000109 3000.00000000109 -3000.000000006355
-2000.000000004629 5000 3000.00000000066 3000.00000000066 -2000.000000004629
-1000.000000002678 5000 3000.000000000231 3000.000000000231 -1000.000000002678
-3.517016011755913e-09 5000 2999.999999999803 2999.999999999803 -3.517016011755913e-09
999.999999998956 5000 2999.999999999374 2999.999999999374 999.999999998956
2000.000000002726 5000 2999.999999998945 2999.999999998945 2000.000000002726
3000.000000006398 5000 2999.999999998515 2999.999999998515 3000.000000006398
4000.000000003823 5000 2999.999999998088 2999.999999998088 4000.000000003823
-4000.000000003628 5000 2800.000000000398 2800.000000000398 -4000.000000003628
-3000.000000006352 5000 2800.000000000093 2800.000000000093 -3000.000000006352
-2000.000000004723 5000 2799.999999999787 2799.999999999787 -2000.000000004723
-1000.000000002864 5000 2799.999999999482 2799.999999999482 -1000.000000002864
-3.86921783501748e-09 5000 2799.999999999176 2799.999999999176 -3.86921783501748e-09
999.9999999987696 5000 2799.99999999887 2799.99999999887 999.9999999987696
2000.000000002631 5000 2799.999999998565 2799.999999998565 2000.000000002631
3000.0000000064 5000 2799.999999998259 2799.999999998259 3000.0000000064
4000.000000003832 5000 2799.999999997953 2799.999999997953 4000.000000003832
-4000.000000003618 5000 2599.999999999279 2599.999999999279 -4000.000000003618
-3000.00000000635 5000 2599.999999999096 2599.999999999096 -3000.00000000635
-2000.000000004818 5000 2599.999999998915 2599.999999998915 -2000.000000004818
-1000.00000000305 5000 2599.999999998732 2599.999999998732 -1000.00000000305
-4.22028278990183e-09 5000 2599.999999998549 2599.999999998549 -4.22028278990183e-09
999.9999999985836 5000 2599.999999998367 2599.999999998367 999.9999999985836
2000.000000002535 5000 2599.999999998186 2599.999999998186 2000.000000002535
3000.000000006404 5000 2599.999999998003 2599.999999998003 3000.000000006404
4000.000000003841 5000 2599.99999999782 2599.99999999782 4000.000000003841
-4000.000000003608 5000 2399.999999998158 2399.999999998158 -4000.000000003608
-3000.000000006349 5000 2399.999999998101 2399.999999998101 -3000.000000006349
-2000.000000004914 5000 2399.999999998041 2399.999999998041 -2000.000000004914
-1000.000000003236 5000 2399.999999997982 2399.999999997982 -1000.000000003236
-4.572257239487953e-09 5000 2399.999999997923 2399.999999997923 -4.572257239487953e-09
999.9999999983979 5000 2399.999999997864 2399.999999997864 999.9999999983979
2000.000000002441 5000 2399.999999997805 2399.999999997805 2000.000000002441
3000.000000006406 5000 2399.999999997746 2399.999999997746 3000.000000006406
4000.000000003851 5000 2399.999999997687 2399.999999997687 4000.000000003851
-4000.000000003598 5000 2199.99999999704 2199.99999999704 -4000.000000003598
-3000.000000006347 5000 2199.999999997105 2199.999999997105 -3000.000000006347
-2000.000000005009 5000 2199.999999997168 2199.999999997168 -2000.000000005009
-1000.000000003423 5000 2199.999999997232 2199.999999997232 -1000.000000003423
-4.923663254885469e-09 5000 2199.999999997297 2199.999999997297 -4.923663254885469e-09
999.9999999982117 5000 2199.99999999736 2199.99999999736 999.9999999982117
2000.000000002345 5000 2199.999999997425 2199.999999997425 2000.000000002345
3000.000000006408 5000 2199.999999997489 2199.999999997489 3000.000000006408
4000.00000000386 5000 2199.999999997553 2199.999999997553 4000.00000000386
-4000.000000003592 5000 1999.999999995935 1999.999999995935 -4000.000000003592
-3000.000000006344 5000 1999.999999996139 1999.999999996139 -3000.000000006344
-2000.000000005104 5000 1999.999999996342 1999.999999996342 -2000.000000005104
-1000.000000003609 5000 1999.999999996546 1999.999999996546 -1000.000000003609
-5.275865078147035e-09 5000 1999.999999996749 1999.999999996749 -5.275865078147035e-09
999.9999999980255 5000 1999.999999996953 1999.999999996953 999.9999999980255
2000.00000000225 5000 1999.999999997156 1999.999999997156 2000.00000000225
3000.000000006409 5000 1999.99999999736 1999.99999999736 3000.000000006409
4000.000000003869 5000 1999.999999997563 1999.999999997563 4000.000000003869
-4000.000000003581 5000 1799.999999995169 1799.999999995169 -4000.000000003581
-3000.000000006342 5000 1799.999999995507 1799.999999995507 -3000.000000006342
-2000.000000005199 5000 1799.999999995845 1799.999999995845 -2000.000000005199
-1000.000000003795 5000 1799.999999996183 1799.999999996183 -1000.000000003795
-5.627441623801133e-09 5000 1799.999999996521 1799.999999996521 -5.627441623801133e-09
999.9999999978397 5000 1799.999999996858 1799.999999996858 999.9999999978397
2000.000000002155 5000 1799.999999997196 1799.999999997196 2000.000000002155
3000.000000006411 5000 1799.999999997535 1799.999999997535 3000.000000006411
4000.000000003878 5000 1799.999999997873 1799.999999997873 4000.000000003878
-4000.000000003572 5000 1599.999999995719 1599.999999995719 -4000.000000003572
-3000.00000000634 5000 1599.999999996045 1599.999999996045 -3000.00000000634
-2000.000000005295 5000 1599.999999996371 1599.999999996371 -2000.000000005295
-1000.000000003981 5000 1599.999999996697 1599.999999996697 -1000.000000003981
-5.978847639198648e-09 5000 1599.999999997023 1599.999999997023 -5.978847639198648e-09
999.9999999976535 5000 1599.99999999735 1599.99999999735 999.9999999976535
2000.00000000206 5000 1599.999999997676 1599.999999997676 2000.00000000206
3000.000000006414 5000 1599.999999998002 1599.999999998002 3000.000000006414
4000.000000003887 5000 1599.999999998328 1599.999999998328 4000.000000003887
-4000.000000003562 5000 1399.99999999628 1399.99999999628 -4000.000000003562
-3000.000000006337 5000 1399.999999996593 1399.999999996593 -3000.000000006337
-2000.000000005389 5000 1399.999999996907 1399.999999996907 -2000.000000005389
-1000.000000004167 5000 1399.99999999722 1399.99999999722 -1000.000000004167
-6.330083124339581e-09 5000 1399.999999997533 1399.999999997533 -6.330083124339581e-09
999.9999999974675 5000 1399.999999997846 1399.999999997846 999.9999999974675
2000.000000001965 5000 1399.999999998159 1399.999999998159 2000.000000001965
3000.000000006416 5000 1399.999999998473 1399.999999998473 3000.000000006416
4000.000000003896 5000 1399.999999998785 1399.999999998785 4000.000000003896
-4000.000000003553 5000 1199.999999996833 1199.999999996833 -4000.000000003553
-3000.000000006336 5000 1199.999999997119 1199.999999997119 -3000.000000006336
-2000.000000005484 5000 1199.999999997406 1199.999999997406 -2000.000000005484
-1000.000000004353 5000 1199.999999997692 1199.999999997692 -1000.000000004353
-6.682626008114312e-09 5000 1199.999999997979 1199.999999997979 -6.682626008114312e-09
999.9999999972813 5000 1199.999999998266 1199.999999998266 999.9999999972813
2000.00000000187 5000 1199.999999998553 1199.999999998553 2000.00000000187
3000.000000006418 5000 1199.99999999884 1199.99999999884 3000.000000006418
4000.000000003906 5000 1199.999999999126 1199.999999999126 4000.000000003906
-4000.000000003544 5000 999.9999999973504 999.9999999973504 -4000.000000003544
-3000.000000006333 5000 999.9999999975803 999.9999999975803 -3000.000000006333
-2000.00000000558 5000 999.9999999978099 999.9999999978099 -2000.00000000558
-1000.000000004539 5000 999.9999999980398 999.9999999980398 -1000.000000004539
-7.033833071545814e-09 5000 999.9999999982695 999.9999999982695 -7.033833071545814e-09
999.9999999970948 5000 999.9999999984991 999.9999999984991 999.9999999970948
2000.000000001774 5000 999.999999998729 999.999999998729 2000.000000001774
3000.00000000642 5000 999.9999999989586 999.9999999989586 3000.00000000642
4000.000000003915 5000 999.9999999991883 999.9999999991883 4000.000000003915
-4000.000000003535 5000 799.9999999978683 799.9999999978683 -4000.000000003535
-3000.000000006331 5000 799.9999999980394 799.9999999980394 -3000.000000006331
-2000.000000005675 5000 799.9999999982102 799.9999999982102 -2000.000000005675
-1000.000000004725 5000 799.9999999983813 799.9999999983813 -1000.000000004725
-7.385835942841368e-09 5000 799.9999999985524 799.9999999985524 -7.385835942841368e-09
999.9999999969089 5000 799.9999999987235 799.9999999987235 999.9999999969089
2000.000000001679 5000 799.9999999988942 799.9999999988942 2000.000000001679
3000.000000006422 5000 799.9999999990655 799.9999999990655 3000.000000006422
4000.000000003925 5000 799.9999999992366 799.9999999992366 4000.000000003925
-4000.000000003525 5000 599.9999999983904 599.9999999983904 -4000.000000003525
-3000.000000006329 5000 599.999999998507 599.999999998507 -3000.000000006329
-2000.00000000577 5000 599.9999999986239 599.9999999986239 -2000.00000000577
-1000.000000004911 5000 599.9999999987403 599.9999999987403 -1000.000000004911
-7.737156693110592e-09 5000 599.9999999988571 599.9999999988571 -7.737156693110592e-09
999.9999999967226 5000 599.9999999989737 599.9999999989737 999.9999999967226
2000.000000001584 5000 599.9999999990902 599.9999999990902 2000.000000001584
3000.000000006425 5000 599.999999999207 599.999999999207 3000.000000006425
4000.000000003934 5000 599.9999999993237 599.9999999993237 4000.000000003934
-4000.000000003517 5000 399.9999999989295 399.9999999989295 -4000.000000003517
-3000.000000006327 5000 399.9999999990087 399.9999999990087 -3000.000000006327
-2000.000000005865 5000 399.9999999990878 399.9999999990878 -2000.000000005865
-1000.000000005097 5000 399.9999999991669 399.9999999991669 -1000.000000005097
-8.088690606200544e-09 5000 399.9999999992461 399.9999999992461 -8.088690606200544e-09
999.9999999965365 5000 399.9999999993253 399.9999999993253 999.9999999965365
2000.000000001489 5000 399.9999999994045 399.9999999994045 2000.000000001489
3000.000000006428 5000 399.9999999994837 399.9999999994837 3000.000000006428
4000.000000003944 5000 399.9999999995628 399.9999999995628 4000.000000003944
-4000.000000003508 5000 199.9999999994665 199.9999999994665 -4000.000000003508
-3000.000000006326 5000 199.9999999995077 199.9999999995077 -3000.000000006326
-2000.00000000596 5000 199.999999999549 199.999999999549 -2000.00000000596
-1000.000000005283 5000 199.9999999995903 199.9999999995903 -1000.000000005283
-8.441297438821493e-09 5000 199.9999999996315 199.9999999996315 -8.441297438821493e-09
999.9999999963507 5000 199.9999999996728 199.9999999996728 999.9999999963507
2000.000000001394 5000 199.9999999997141 199.9999999997141 2000.000000001394
3000.000000006429 5000 199.9999999997554 199.9999999997554 3000.000000006429
4000.000000003953 5000 199.9999999997966 199.9999999997966 4000.000000003953
3 1 0 0
$EndNodes
$Elements
27 1872 1 1872
0 1 15 1
1621 1 
0 2 15 1
1622 2 
0 3 15 1
1623 3 
0 4 15 1
1624 4 
0 5 15 1
1625 5 
0 6 15 1
1626 6 
0 10 15 1
1627 7 
0 14 15 1
1628 8 
1 1 1 10
1629 1 9 
1630 9 10 
1631 10 11 
1632 11 12 
1633 12 13 
1634 13 14 
1635 14 15 
1636 15 16 
1637 16 17 
1638 17 2 
1 2 1 50
1639 2 18 
1640 18 19 
1641 19 20 
1642 20 21 
1643 21 22 
1644 22 23 
1645 23 24 
1646 24 25 
1647 25 26 
1648 26 27 
1649 27 28 
1650 28 29 
1651 29 30 
1652 30 31 
1653 31 32 
1654 32 33 
1655 33 34 
1656 34 35 
1657 35 36 
1658 36 37 
1659 37 38 
1660 38 39 
1661 39 40 
1662 40 41 
1663 41 42 
1664 42 43 
1665 43 44 
1666 44 45 
1667 45 46 
1668 46 47 
1669 47 48 
1670 48 49 
1671 49 50 
1672 50 51 
1673 51 52 
1674 52 53 
1675 53 54 
1676 54 55 
1677 55 56 
1678 56 57 
1679 57 58 
1680 58 59 
1681 59 60 
1682 60 61 
1683 61 62 
1684 62 63 
1685 63 64 
1686 64 65 
1687 65 66 
1688 66 3 
1 3 1 10
1689 3 67 
1690 67 68 
1691 68 69 
1692 69 70 
1693 70 71 
1694 71 72 
1695 72 73 
1696 73 74 
1697 74 75 
1698 75 4 
1 4 1 50
1699 4 76 
1700 76 77 
1701 77 78 
1702 78 79 
1703 79 80 
1704 80 81 
1705 81 82 
1706 82 83 
1707 83 84 
1708 84 85 
1709 85 86 
1710 86 87 
1711 87 88 
1712 88 89 
1713 89 90 
1714 90 91 
1715 91 92 
1716 92 93 
1717 93 94 
1718 94 95 
1719 95 96 
1720 96 97 
1721 97 98 
1722 98 99 
1723 99 100 
1724 100 101 
1725 101 102 
1726 102 103 
1727 103 104 
1728 104 105 
1729 105 106 
1730 106 107 
1731 107 108 
1732 108 109 
1733 109 110 
1734 110 111 
1735 111 112 
1736 112 113 
1737 113 114 
1738 114 115 
1739 115 116 
1740 116 117 
1741 117 118 
1742 118 119 
1743 119 120 
1744 120 121 
1745 121 122 
1746 122 123 
1747 123 124 
1748 124 1 
1 14 1 50
1749 5 125 
1750 125 126 
1751 126 127 
1752 127 128 
1753 128 129 
1754 129 130 
1755 130 131 
1756 131 132 
1757 132 133 
1758 133 134 
1759 134 135 
1760 135 136 
1761 136 137 
1762 137 138 
1763 138 139 
1764 139 140 
1765 140 141 
1766 141 142 
1767 142 143 
1768 143 144 
1769 144 145 
1770 145 146 
1771 146 147 
1772 147 148 
1773 148 149 
1774 149 150 
1775 150 151 
1776 151 152 
1777 152 153 
1778 153 154 
1779 154 155 
1780 155 156 
1781 156 157 
1782 157 158 
1783 158 159 
1784 159 160 
1785 160 161 
1786 161 162 
1787 162 163 
1788 163 164 
1789 164 165 
1790 165 166 
1791 166 167 
1792 167 168 
1793 168 169 
1794 169 170 
1795 170 171 
1796 171 172 
1797 172 173 
1798 173 6 
1 15 1 10
1799 6 174 
1800 174 175 
1801 175 176 
1802 176 177 
1803 177 178 
1804 178 179 
1805 179 180 
1806 180 181 
1807 181 182 
1808 182 7 
1 16 1 50
1809 7 183 
1810 183 184 
1811 184 185 
1812 185 186 
1813 186 187 
1814 187 188 
1815 188 189 
1816 189 190 
1817 190 191 
1818 191 192 
1819 192 193 
1820 193 194 
1821 194 195 
1822 195 196 
1823 196 197 
1824 197 198 
1825 198 199 
1826 199 200 
1827 200 201 
1828 201 202 
1829 202 203 
1830 203 204 
1831 204 205 
1832 205 206 
1833 206 207 
1834 207 208 
1835 208 209 
1836 209 210 
1837 210 211 
1838 211 212 
1839 212 213 
1840 213 214 
1841 214 215 
1842 215 216 
1843 216 217 
1844 217 218 
1845 218 219 
1846 219 220 
1847 220 221 
1848 221 222 
1849 222 223 
1850 223 224 
1851 224 225 
1852 225 226 
1853 226 227 
1854 227 228 
1855 228 229 
1856 229 230 
1857 230 231 
1858 231 8 
1 17 1 10
1859 8 232 
1860 232 233 
1861 233 234 
1862 234 235 
1863 235 236 
1864 236 237 
1865 237 238 
1866 238 239 
1867 239 240 
1868 240 5 
1 19 1 1
1869 4 5 
1 20 1 1
1870 1 6 
1 24 1 1
1871 2 7 
1 28 1 1
1872 3 8 
2 12 3 500
1 4 76 241 75 
2 75 241 242 74 
3 74 242 243 73 
4 73 243 244 72 
5 72 244 245 71 
6 71 245 246 70 
7 70 246 247 69 
8 69 247 248 68 
9 68 248 249 67 
10 67 249 66 3 
11 76 77 250 241 
12 241 250 251 242 
13 242 251 252 243 
14 243 252 253 244 
15 244 253 254 245 
16 245 254 255 246 
17 246 255 256 247 
18 247 256 257 248 
19 248 257 258 249 
20 249 258 65 66 
21 77 78 259 250 
22 250 259 260 251 
23 251 260 261 252 
24 252 261 262 253 
25 253 262 263 254 
26 254 263 264 255 
27 255 264 265 256 
28 256 265 266 257 
29 257 266 267 258 
30 258 267 64 65 
31 78 79 268 259 
32 259 268 269 260 
33 260 269 270 261 
34 261 270 271 262 
35 262 271 272 263 
36 263 272 273 264 
37 264 273 274 265 
38 265 274 275 266 
39 266 275 276 267 
40 267 276 63 64 
41 79 80 277 268 
42 268 277 278 269 
43 269 278 279 270 
44 270 279 280 271 
45 271 280 281 272 
46 272 281 282 273 
47 273 282 283 274 
48 274 283 284 275 
49 275 284 285 276 
50 276 285 62 63 
51 80 81 286 277 
52 277 286 287 278 
53 278 287 288 279 
54 279 288 289 280 
55 280 289 290 281 
56 281 290 291 282 
57 282 291 292 283 
58 283 292 293 284 
59 284 293 294 285 
60 285 294 61 62 
61 81 82 295 286 
62 286 295 296 287 
63 287 296 297 288 
64 288 297 298 289 
65 289 298 299 290 
66 290 299 300 291 
67 291 300 301 292 
68 292 301 302 293 
69 293 302 303 294 
70 294 303 60 61 
71 82 83 304 295 
72 295 304 305 296 
73 296 305 306 297 
74 297 306 307 298 
75 298 307 308 299 
76 299 308 309 300 
77 300 309 310 301 
78 301 310 311 302 
79 302 311 312 303 
80 303 312 59 60 
81 83 84 313 304 
82 304 313 314 305 
83 305 314 315 306 
84 306 315 316 307 
85 307 316 317 308 
86 308 317 318 309 
87 309 318 319 310 
88 310 319 320 311 
89 311 320 321 312 
90 312 321 58 59 
91 84 85 322 313 
92 313 322 323 314 
93 314 323 324 315 
94 315 324 325 316 
95 316 325 326 317 
96 317 326 327 318 
97 318 327 328 319 
98 319 328 329 320 
99 320 329 330 321 
100 321 330 57 58 
101 85 86 331 322 
102 322 331 332 323 
103 323 332 333 324 
104 324 333 334 325 
105 325 334 335 326 
106 326 335 336 327 
107 327 336 337 328 
108 328 337 338 329 
109 329 338 339 330 
110 330 339 56 57 
111 86 87 340 331 
112 331 340 341 332 
113 332 341 342 333 
114 333 342 343 334 
115 334 343 344 335 
116 335 344 345 336 
117 336 345 346 337 
118 337 346 347 338 
119 338 347 348 339 
120 339 348 55 56 
121 87 88 349 340 
122 340 349 350 341 
123 341 350 351 342 
124 342 351 352 343 
125 343 352 353 344 
126 344 353 354 345 
127 345 354 355 346 
128 346 355 356 347 
129 347 356 357 348 
130 348 357 54 55 
131 88 89 358 349 
132 349 358 359 350 
133 350 359 360 351 
134 351 360 361 352 
135 352 361 362 353 
136 353 362 363 354 
137 354 363 364 355 
138 355 364 365 356 
139 356 365 366 357 
140 357 366 53 54 
141 89 90 367 358 
142 358 367 368 359 
143 359 368 369 360 
144 360 369 370 361 
145 361 370 371 362 
146 362 371 372 363 
147 363 372 373 364 
148 364 373 374 365 
149 365 374 375 366 
150 366 375 52 53 
151 90 91 376 367 
152 367 376 377 368 
153 368 377 378 369 
154 369 378 379 370 
155 370 379 380 371 
156 371 380 381 372 
157 372 381 382 373 
158 373 382 383 374 
159 374 383 384 375 
160 375 384 51 52 
161 91 92 385 376 
162 376 385 386 377 
163 377 386 387 378 
164 378 387 388 379 
165 379 388 389 380 
166 380 389 390 381 
167 381 390 391 382 
168 382 391 392 383 
169 383 392 393 384 
170 384 393 50 51 
171 92 93 394 385 
172 385 394 395 386 
173 386 395 396 387 
174 387 396 397 388 
175 388 397 398 389 
176 389 398 399 390 
177 390 399 400 391 
178 391 400 401 392 
179 392 401 402 393 
180 393 402 49 50 
181 93 94 403 394 
182 394 403 404 395 
183 395 404 405 396 
184 396 405 406 397 
185 397 406 407 398 
186 398 407 408 399 
187 399 408 409 400 
188 400 409 410 401 
189 401 410 411 402 
190 402 411 48 49 
191 94 95 412 403 
192 403 412 413 404 
193 404 413 414 405 
194 405 414 415 406 
195 406 415 416 407 
196 407 416 417 408 
197 408 417 418 409 
198 409 418 419 410 
199 410 419 420 411 
200 411 420 47 48 
201 95 96 421 412 
202 412 421 422 413 
203 413 422 423 414 
204 414 423 424 415 
205 415 424 425 416 
206 416 425 426 417 
207 417 426 427 418 
208 418 427 428 419 
209 419 428 429 420 
210 420 429 46 47 
211 96 97 430 421 
212 421 430 431 422 
213 422 431 432 423 
214 423 432 433 424 
215 424 433 434 425 
216 425 434 435 426 
217 426 435 436 427 
218 427 436 437 428 
219 428 437 438 429 
220 429 438 45 46 
221 97 98 439 430 
222 430 439 440 431 
223 431 440 441 432 
224 432 441 442 433 
225 433 442 443 434 
226 434 443 444 435 
227 435 444 445 436 
228 436 445 446 437 
229 437 446 447 438 
230 438 447 44 45 
231 98 99 448 439 
232 439 448 449 440 
233 440 449 450 441 
234 441 450 451 442 
235 442 451 452 443 
236 443 452 453 444 
237 444 453 454 445 
238 445 454 455 446 
239 446 455 456 447 
240 447 456 43 44 
241 99 100 457 448 
242 448 457 458 449 
243 449 458 459 450 
244 450 459 460 451 
245 451 460 461 452 
246 452 461 462 453 
247 453 462 463 454 
248 454 463 464 455 
249 455 464 465 456 
250 456 465 42 43 
251 100 101 466 457 
252 457 466 467 458 
253 458 467 468 459 
254 459 468 469 460 
255 460 469 470 461 
256 461 470 471 462 
257 462 471 472 463 
258 463 472 473 464 
259 464 473 474 465 
260 465 474 41 42 
261 101 102 475 466 
262 466 475 476 467 
263 467 476 477 468 
264 468 477 478 469 
265 469 478 479 470 
266 470 479 480 471 
267 471 480 481 472 
268 472 481 482 473 
269 473 482 483 474 
270 474 483 40 41 
271 102 103 484 475 
272 475 484 485 476 
273 476 485 486 477 
274 477 486 487 478 
275 478 487 488 479 
276 479 488 489 480 
277 480 489 490 481 
278 481 490 491 482 
279 482 491 492 483 
280 483 492 39 40 
281 103 104 493 484 
282 484 493 494 485 
283 485 494 495 486 
284 486 495 496 487 
285 487 496 497 488 
286 488 497 498 489 
287 489 498 499 490 
288 490 499 500 491 
289 491 500 501 492 
290 492 501 38 39 
291 104 105 502 493 
292 493 502 503 494 
293 494 503 504 495 
294 495 504 505 496 
295 496 505 506 497 
296 497 506 507 498 
297 498 507 508 499 
298 499 508 509 500 
299 500 509 510 501 
300 501 510 37 38 
301 105 106 511 502 
302 502 511 512 503 
303 503 512 513 504 
304 504 513 514 505 
305 505 514 515 506 
306 506 515 516 507 
307 507 516 517 508 
308 508 517 518 509 
309 509 518 519 510 
310 510 519 36 37 
311 106 107 520 511 
312 511 520 521 512 
313 512 521 522 513 
314 513 522 523 514 
315 514 523 524 515 
316 515 524 525 516 
317 516 525 526 517 
318 517 526 527 518 
319 518 527 528 519 
320 519 528 35 36 
321 107 108 529 520 
322 520 529 530 521 
323 521 530 531 522 
324 522 531 532 523 
325 523 532 533 524 
326 524 533 534 525 
327 525 534 535 526 
328 526 535 536 527 
329 527 536 537 528 
330 528 537 34 35 
331 108 109 538 529 
332 529 538 539 530 
333 530 539 540 531 
334 531 540 541 532 
335 532 541 542 533 
336 533 542 543 534 
337 534 543 544 535 
338 535 544 545 536 
339 536 545 546 537 
340 537 546 33 34 
341 109 110 547 538 
342 538 547 548 539 
343 539 548 549 540 
344 540 549 550 541 
345 541 550 551 542 
346 542 551 552 543 
347 543 552 553 544 
348 544 553 554 545 
349 545 554 555 546 
350 546 555 32 33 
351 110 111 556 547 
352 547 556 557 548 
353 548 557 558 549 
354 549 558 559 550 
355 550 559 560 551 
356 551 560 561 552 
357 552 561 562 553 
358 553 562 563 554 
359 554 563 564 555 
360 555 564 31 32 
361 111 112 565 556 
362 556 565 566 557 
363 557 566 567 558 
364 558 567 568 559 
365 559 568 569 560 
366 560 569 570 561 
367 561 570 571 562 
368 562 571 572 563 
369 563 572 573 564 
370 564 573 30 31 
371 112 113 574 565 
372 565 574 575 566 
373 566 575 576 567 
374 567 576 577 568 
375 568 577 578 569 
376 569 578 579 570 
377 570 579 580 571 
378 571 580 581 572 
379 572 581 582 573 
380 573 582 29 30 
381 113 114 583 574 
382 574 583 584 575 
383 575 584 585 576 
384 576 585 586 577 
385 577 586 587 578 
386 578 587 588 579 
387 579 588 589 580 
388 580 589 590 581 
389 581 590 591 582 
390 582 591 28 29 
391 114 115 592 583 
392 583 592 593 584 
393 584 593 594 585 
394 585 594 595 586 
395 586 595 596 587 
396 587 596 597 588 
397 588 597 598 589 
398 589 598 599 590 
399 590 599 600 591 
400 591 600 27 28 
401 115 116 601 592 
402 592 601 602 593 
403 593 602 603 594 
404 594 603 604 595 
405 595 604 605 596 
406 596 605 606 597 
407 597 606 607 598 
408 598 607 608 599 
409 599 608 609 600 
410 600 609 26 27 
411 116 117 610 601 
412 601 610 611 602 
413 602 611 612 603 
414 603 612 613 604 
415 604 613 614 605 
416 605 614 615 606 
417 606 615 616 607 
418 607 616 617 608 
419 608 617 618 609 
420 609 618 25 26 
421 117 118 619 610 
422 610 619 620 611 
423 611 620 621 612 
424 612 621 622 613 
425 613 622 623 614 
426 614 623 624 615 
427 615 624 625 616 
428 616 625 626 617 
429 617 626 627 618 
430 618 627 24 25 
431 118 119 628 619 
432 619 628 629 620 
433 620 629 630 621 
434 621 630 631 622 
435 622 631 632 623 
436 623 632 633 624 
437 624 633 634 625 
438 625 634 635 626 
439 626 635 636 627 
440 627 636 23 24 
441 119 120 637 628 
442 628 637 638 629 
443 629 638 639 630 
444 630 639 640 631 
445 631 640 641 632 
446 632 641 642 633 
447 633 642 643 634 
448 634 643 644 635 
449 635 644 645 636 
450 636 645 22 23 
451 120 121 646 637 
452 637 646 647 638 
453 638 647 648 639 
454 639 648 649 640 
455 640 649 650 641 
456 641 650 651 642 
457 642 651 652 643 
458 643 652 653 644 
459 644 653 654 645 
460 645 654 21 22 
461 121 122 655 646 
462 646 655 656 647 
463 647 656 657 648 
464 648 657 658 649 
465 649 658 659 650 
466 650 659 660 651 
467 651 660 661 652 
468 652 661 662 653 
469 653 662 663 654 
470 654 663 20 21 
471 122 123 664 655 
472 655 664 665 656 
473 656 665 666 657 
474 657 666 667 658 
475 658 667 668 659 
476 659 668 669 660 
477 660 669 670 661 
478 661 670 671 662 
479 662 671 672 663 
480 663 672 19 20 
481 123 124 673 664 
482 664 673 674 665 
483 665 674 675 666 
484 666 675 676 667 
485 667 676 677 668 
486 668 677 678 669 
487 669 678 679 670 
488 670 679 680 671 
489 671 680 681 672 
490 672 681 18 19 
491 124 1 9 673 
492 673 9 10 674 
493 674 10 11 675 
494 675 11 12 676 
495 676 12 13 677 
496 677 13 14 678 
497 678 14 15 679 
498 679 15 16 680 
499 680 16 17 681 
500 681 17 2 18 
2 21 3 50
501 4 76 125 5 
502 76 77 126 125 
503 77 78 127 126 
504 78 79 128 127 
505 79 80 129 128 
506 80 81 130 129 
507 81 82 131 130 
508 82 83 132 131 
509 83 84 133 132 
510 84 85 134 133 
511 85 86 135 134 
512 86 87 136 135 
513 87 88 137 136 
514 88 89 138 137 
515 89 90 139 138 
516 90 91 140 139 
517 91 92 141 140 
518 92 93 142 141 
519 93 94 143 142 
520 94 95 144 143 
521 95 96 145 144 
522 96 97 146 145 
523 97 98 147 146 
524 98 99 148 147 
525 99 100 149 148 
526 100 101 150 149 
527 101 102 151 150 
528 102 103 152 151 
529 103 104 153 152 
530 104 105 154 153 
531 105 106 155 154 
532 106 107 156 155 
533 107 108 157 156 
534 108 109 158 157 
535 109 110 159 158 
536 110 111 160 159 
537 111 112 161 160 
538 112 113 162 161 
539 113 114 163 162 
540 114 115 164 163 
541 115 116 165 164 
542 116 117 166 165 
543 117 118 167 166 
544 118 119 168 167 
545 119 120 169 168 
546 120 121 170 169 
547 121 122 171 170 
548 122 123 172 171 
549 123 124 173 172 
550 124 1 6 173 
2 25 3 10
551 1 9 174 6 
552 9 10 175 174 
553 10 11 176 175 
554 11 12 177 176 
555 12 13 178 177 
556 13 14 179 178 
557 14 15 180 179 
558 15 16 181 180 
559 16 17 182 181 
560 17 2 7 182 
2 29 3 50
561 2 18 183 7 
562 18 19 184 183 
563 19 20 185 184 
564 20 21 186 185 
565 21 22 187 186 
566 22 23 188 187 
567 23 24 189 188 
568 24 25 190 189 
569 25 26 191 190 
570 26 27 192 191 
571 27 28 193 192 
572 28 29 194 193 
573 29 30 195 194 
574 30 31 196 195 
575 31 32 197 196 
576 32 33 198 197 
577 33 34 199 198 
578 34 35 200 199 
579 35 36 201 200 
580 36 37 202 201 
581 37 38 203 202 
582 38 39 204 203 
583 39 40 205 204 
584 40 41 206 205 
585 41 42 207 206 
586 42 43 208 207 
587 43 44 209 208 
588 44 45 210 209 
589 45 46 211 210 
590 46 47 212 211 
591 47 48 213 212 
592 48 49 214 213 
593 49 50 215 214 
594 50 51 216 215 
595 51 52 217 216 
596 52 53 218 217 
597 53 54 219 218 
598 54 55 220 219 
599 55 56 221 220 
600 56 57 222 221 
601 57 58 223 222 
602 58 59 224 223 
603 59 60 225 224 
604 60 61 226 225 
605 61 62 227 226 
606 62 63 228 227 
607 63 64 229 228 
608 64 65 230 229 
609 65 66 231 230 
610 66 3 8 231 
2 33 3 10
611 3 67 232 8 
612 67 68 233 232 
613 68 69 234 233 
614 69 70 235 234 
615 70 71 236 235 
616 71 72 237 236 
617 72 73 238 237 
618 73 74 239 238 
619 74 75 240 239 
620 75 4 5 240 
2 34 3 500
621 5 125 682 240 
622 240 682 683 239 
623 239 683 684 238 
624 238 684 685 237 
625 237 685 686 236 
626 236 686 687 235 
627 235 687 688 234 
628 234 688 689 233 
629 233 689 690 232 
630 232 690 231 8 
631 125 126 691 682 
632 682 691 692 683 
633 683 692 693 684 
634 684 693 694 685 
635 685 694 695 686 
636 686 695 696 687 
637 687 696 697 688 
638 688 697 698 689 
639 689 698 699 690 
640 690 699 230 231 
641 126 127 700 691 
642 691 700 701 692 
643 692 701 702 693 
644 693 702 703 694 
645 694 703 704 695 
646 695 704 705 696 
647 696 705 706 697 
648 697 706 707 698 
649 698 707 708 699 
650 699 708 229 230 
651 127 128 709 700 
652 700 709 710 701 
653 701 710 711 702 
654 702 711 712 703 
655 703 712 713 704 
656 704 713 714 705 
657 705 714 715 706 
658 706 715 716 707 
659 707 716 717 708 
660 708 717 228 229 
661 128 129 718 709 
662 709 718 719 710 
663 710 719 720 711 
664 711 720 721 712 
665 712 721 722 713 
666 713 722 723 714 
667 714 723 724 715 
668 715 724 725 716 
669 716 725 726 717 
670 717 726 227 228 
671 129 130 727 718 
672 718 727 728 719 
673 719 728 729 720 
674 720 729 730 721 
675 721 730 731 722 
676 722 731 732 723 
677 723 732 733 724 
678 724 733 734 725 
679 725 734 735 726 
680 726 735 226 227 
681 130 131 736 727 
682 727 736 737 728 
683 728 737 738 729 
684 729 738 739 730 
685 730 739 740 731 
686 731 740 741 732 
687 732 741 742 733 
688 733 742 743 734 
689 734 743 744 735 
690 735 744 225 226 
691 131 132 745 736 
692 736 745 746 737 
693 737 746 747 738 
694 738 747 748 739 
695 739 748 749 740 
696 740 749 750 741 
697 741 750 751 742 
698 742 751 752 743 
699 743 752 753 744 
700 744 753 224 225 
701 132 133 754 745 
702 745 754 755 746 
703 746 755 756 747 
704 747 756 757 748 
705 748 757 758 749 
706 749 758 759 750 
707 750 759 760 751 
708 751 760 761 752 
709 752 761 762 753 
710 753 762 223 224 
711 133 134 763 754 
712 754 763 764 755 
713 755 764 765 756 
714 756 765 766 757 
715 757 766 767 758 
716 758 767 768 759 
717 759 768 769 760 
718 760 769 770 761 
719 761 770 771 762 
720 762 771 222 223 
721 134 135 772 763 
722 763 772 773 764 
723 764 773 774 765 
724 765 774 775 766 
725 766 775 776 767 
726 767 776 777 768 
727 768 777 778 769 
728 769 778 779 770 
729 770 779 780 771 
730 771 780 221 222 
731 135 136 781 772 
732 772 781 782 773 
733 773 782 783 774 
734 774 783 784 775 
735 775 784 785 776 
736 776 785 786 777 
737 777 786 787 778 
738 778 787 788 779 
739 779 788 789 780 
740 780 789 220 221 
741 136 137 790 781 
742 781 790 791 782 
743 782 791 792 783 
744 783 792 793 784 
745 784 793 794 785 
746 785 794 795 786 
747 786 795 796 787 
748 787 796 797 788 
749 788 797 798 789 
750 789 798 219 220 
751 137 138 799 790 
752 790 799 800 791 
753 791 800 801 792 
754 792 801 802 793 
755 793 802 803 794 
756 794 803 804 795 
757 795 804 805 796 
758 796 805 806 797 
759 797 806 807 798 
760 798 807 218 219 
761 138 139 808 799 
762 799 808 809 800 
763 800 809 810 801 
764 801 810 811 802 
765 802 811 812 803 
766 803 812 813 804 
767 804 813 814 805 
768 805 814 815 806 
769 806 815 816 807 
770 807 816 217 218 
771 139 140 817 808 
772 808 817 818 809 
773 809 818 819 810 
774 810 819 820 811 
775 811 820 821 812 
776 812 821 822 813 
777 813 822 823 814 
778 814 823 824 815 
779 815 824 825 816 
780 816 825 216 217 
781 140 141 826 817 
782 817 826 827 818 
783 818 827 828 819 
784 819 828 829 820 
785 820 829 830 821 
786 821 830 831 822 
787 822 831 832 823 
788 823 832 833 824 
789 824 833 834 825 
790 825 834 215 216 
791 141 142 835 826 
792 826 835 836 827 
793 827 836 837 828 
794 828 837 838 829 
795 829 838 839 830 
796 830 839 840 831 
797 831 840 841 832 
798 832 841 842 833 
799 833 842 843 834 
800 834 843 214 215 
801 142 143 844 835 
802 835 844 845 836 
803 836 845 846 837 
804 837 846 847 838 
805 838 847 848 839 
806 839 848 849 840 
807 840 849 850 841 
808 841 850 851 842 
809 842 851 852 843 
810 843 852 213 214 
811 143 144 853 844 
812 844 853 854 845 
813 845 854 855 846 
814 846 855 856 847 
815 847 856 857 848 
816 848 857 858 849 
817 849 858 859 850 
818 850 859 860 851 
819 851 860 861 852 
820 852 861 212 213 
821 144 145 862 853 
822 853 862 863 854 
823 854 863 864 855 
824 855 864 865 856 
825 856 865 866 857 
826 857 866 867 858 
827 858 867 868 859 
828 859 868 869 860 
829 860 869 870 861 
830 861 870 211 212 
831 145 146 871 862 
832 862 871 872 863 
833 863 872 873 864 
834 864 873 874 865 
835 865 874 875 866 
836 866 875 876 867 
837 867 876 877 868 
838 868 877 878 869 
839 869 878 879 870 
840 870 879 210 211 
841 146 147 880 871 
842 871 880 881 872 
843 872 881 882 873 
844 873 882 883 874 
845 874 883 884 875 
846 875 884 885 876 
847 876 885 886 877 
848 877 886 887 878 
849 878 887 888 879 
850 879 888 209 210 
851 147 148 889 880 
852 880 889 890 881 
853 881 890 891 882 
854 882 891 892 883 
855 883 892 893 884 
856 884 893 894 885 
857 885 894 895 886 
858 886 895 896 887 
859 887 896 897 888 
860 888 897 208 209 
861 148 149 898 889 
862 889 898 899 890 
863 890 899 900 891 
864 891 900 901 892 
865 892 901 902 893 
866 893 902 903 894 
867 894 903 904 895 
868 895 904 905 896 
869 896 905 906 897 
870 897 906 207 208 
871 149 150 907 898 
872 898 907 908 899 
873 899 908 909 900 
874 900 909 910 901 
875 901 910 911 902 
876 902 911 912 903 
877 903 912 913 904 
878 904 913 914 905 
879 905 914 915 906 
880 906 915 206 207 
881 150 151 916 907 
882 907 916 917 908 
883 908 917 918 909 
884 909 918 919 910 
885 910 919 920 911 
886 911 920 921 912 
887 912 921 922 913 
888 913 922 923 914 
889 914 923 924 915 
890 915 924 205 206 
891 151 152 925 916 
892 916 925 926 917 
893 917 926 927 918 
894 918 927 928 919 
895 919 928 929 920 
896 920 929 930 921 
897 921 930 931 922 
898 922 931 932 923 
899 923 932 933 924 
900 924 933 204 205 
901 152 153 934 925 
902 925 934 935 926 
903 926 935 936 927 
904 927 936 937 928 
905 928 937 938 929 
906 929 938 939 930 
907 930 939 940 931 
908 931 940 941 932 
909 932 941 942 933 
910 933 942 203 204 
911 153 154 943 934 
912 934 943 944 935 
913 935 944 945 936 
914 936 945 946 937 
915 937 946 947 938 
916 938 947 948 939 
917 939 948 949 940 
918 940 949 950 941 
919 941 950 951 942 
920 942 951 202 203 
921 154 155 952 943 
922 943 952 953 944 
923 944 953 954 945 
924 945 954 955 946 
925 946 955 956 947 
926 947 956 957 948 
927 948 957 958 949 
928 949 958 959 950 
929 950 959 960 951 
930 951 960 201 202 
931 155 156 961 952 
932 952 961 962 953 
933 953 962 963 954 
934 954 963 964 955 
935 955 964 965 956 
936 956 965 966 957 
937 957 966 967 958 
938 958 967 968 959 
939 959 968 969 960 
940 960 969 200 201 
941 156 157 970 961 
942 961 970 971 962 
943 962 971 972 963 
944 963 972 973 964 
945 964 973 974 965 
946 965 974 975 966 
947 966 975 976 967 
948 967 976 977 968 
949 968 977 978 969 
950 969 978 199 200 
951 157 158 979 970 
952 970 979 980 971 
953 971 980 981 972 
954 972 981 982 973 
955 973 982 983 974 
956 974 983 984 975 
957 975 984 985 976 
958 976 985 986 977 
959 977 986 987 978 
960 978 987 198 199 
961 158 159 988 979 
962 979 988 989 980 
963 980 989 990 981 
964 981 990 991 982 
965 982 991 992 983 
966 983 992 993 984 
967 984 993 994 985 
968 985 994 995 986 
969 986 995 996 987 
970 987 996 197 198 
971 159 160 997 988 
972 988 997 998 989 
973 989 998 999 990 
974 990 999 1000 991 
975 991 1000 1001 992 
976 992 1001 1002 993 
977 993 1002 1003 994 
978 994 1003 1004 995 
979 995 1004 1005 996 
980 996 1005 196 197 
981 160 161 1006 997 
982 997 1006 1007 998 
983 998 1007 1008 999 
984 999 1008 1009 1000 
985 1000 1009 1010 1001 
986 1001 1010 1011 1002 
987 1002 1011 1012 1003 
988 1003 1012 1013 1004 
989 1004 1013 1014 1005 
990 1005 1014 195 196 
991 161 162 1015 1006 
992 1006 1015 1016 1007 
993 1007 1016 1017 1008 
994 1008 1017 1018 1009 
995 1009 1018 1019 1010 
996 1010 1019 1020 1011 
997 1011 1020 1021 1012 
998 1012 1021 1022 1013 
999 1013 1022 1023 1014 
1000 1014 1023 194 195 
1001 162 163 1024 1015 
1002 1015 1024 1025 1016 
1003 1016 1025 1026 1017 
1004 1017 1026 1027 1018 
1005 1018 1027 1028 1019 
1006 1019 1028 1029 1020 
1007 1020 1029 1030 1021 
1008 1021 1030 1031 1022 
1009 1022 1031 1032 1023 
1010 1023 1032 193 194 
1011 163 164 1033 1024 
1012 1024 1033 1034 1025 
1013 1025 1034 1035 1026 
1014 1026 1035 1036 1027 
1015 1027 1036 1037 1028 
1016 1028 1037 1038 1029 
1017 1029 1038 1039 1030 
1018 1030 1039 1040 1031 
1019 1031 1040 1041 1032 
1020 1032 1041 192 193 
1021 164 165 1042 1033 
1022 1033 1042 1043 1034 
1023 1034 1043 1044 1035 
1024 1035 1044 1045 1036 
1025 1036 1045 1046 1037 
1026 1037 1046 1047 1038 
1027 1038 1047 1048 1039 
1028 1039 1048 1049 1040 
1029 1040 1049 1050 1041 
1030 1041 1050 191 192 
1031 165 166 1051 1042 
1032 1042 1051 1052 1043 
1033 1043 1052 1053 1044 
1034 1044 1053 1054 1045 
1035 1045 1054 1055 1046 
1036 1046 1055 1056 1047 
1037 1047 1056 1057 1048 
1038 1048 1057 1058 1049 
1039 1049 1058 1059 1050 
1040 1050 1059 190 191 
1041 166 167 1060 1051 
1042 1051 1060 1061 1052 
1043 1052 1061 1062 1053 
1044 1053 1062 1063 1054 
1045 1054 1063 1064 1055 
1046 1055 1064 1065 1056 
1047 1056 1065 1066 1057 
1048 1057 1066 1067 1058 
1049 1058 1067 1068 1059 
1050 1059 1068 189 190 
1051 167 168 1069 1060 
1052 1060 1069 1070 1061 
1053 1061 1070 1071 1062 
1054 1062 1071 1072 1063 
1055 1063 1072 1073 1064 
1056 1064 1073 1074 1065 
1057 1065 1074 1075 1066 
1058 1066 1075 1076 1067 
1059 1067 1076 1077 1068 
1060 1068 1077 188 189 
1061 168 169 1078 1069 
1062 1069 1078 1079 1070 
1063 1070 1079 1080 1071 
1064 1071 1080 1081 1072 
1065 1072 1081 1082 1073 
1066 1073 1082 1083 1074 
1067 1074 1083 1084 1075 
1068 1075 1084 1085 1076 
1069 1076 1085 1086 1077 
1070 1077 1086 187 188 
1071 169 170 1087 1078 
1072 1078 1087 1088 1079 
1073 1079 1088 1089 1080 
1074 1080 1089 1090 1081 
1075 1081 1090 1091 1082 
1076 1082 1091 1092 1083 
1077 1083 1092 1093 1084 
1078 1084 1093 1094 1085 
1079 1085 1094 1095 1086 
1080 1086 1095 186 187 
1081 170 171 1096 1087 
1082 1087 1096 1097 1088 
1083 1088 1097 1098 1089 
1084 1089 1098 1099 1090 
1085 1090 1099 1100 1091 
1086 1091 1100 1101 1092 
1087 1092 1101 1102 1093 
1088 1093 1102 1103 1094 
1089 1094 1103 1104 1095 
1090 1095 1104 185 186 
1091 171 172 1105 1096 
1092 1096 1105 1106 1097 
1093 1097 1106 1107 1098 
1094 1098 1107 1108 1099 
1095 1099 1108 1109 1100 
1096 1100 1109 1110 1101 
1097 1101 1110 1111 1102 
1098 1102 1111 1112 1103 
1099 1103 1112 1113 1104 
1100 1104 1113 184 185 
1101 172 173 1114 1105 
1102 1105 1114 1115 1106 
1103 1106 1115 1116 1107 
1104 1107 1116 1117 1108 
1105 1108 1117 1118 1109 
1106 1109 1118 1119 1110 
1107 1110 1119 1120 1111 
1108 1111 1120 1121 1112 
1109 1112 1121 1122 1113 
1110 1113 1122 183 184 
1111 173 6 174 1114 
1112 1114 174 175 1115 
1113 1115 175 176 1116 
1114 1116 176 177 1117 
1115 1117 177 178 1118 
1116 1118 178 179 1119 
1117 1119 179 180 1120 
1118 1120 180 181 1121 
1119 1121 181 182 1122 
1120 1122 182 7 183 
3 1 5 500
1121 241 76 4 75 682 125 5 240 
1122 242 241 75 74 683 682 240 239 
1123 243 242 74 73 684 683 239 238 
1124 244 243 73 72 685 684 238 237 
1125 245 244 72 71 686 685 237 236 
1126 246 245 71 70 687 686 236 235 
1127 247 246 70 69 688 687 235 234 
1128 248 247 69 68 689 688 234 233 
1129 249 248 68 67 690 689 233 232 
1130 66 249 67 3 231 690 232 8 
1131 250 77 76 241 691 126 125 682 
1132 251 250 241 242 692 691 682 683 
1133 252 251 242 243 693 692 683 684 
1134 253 252 243 244 694 693 684 685 
1135 254 253 244 245 695 694 685 686 
1136 255 254 245 246 696 695 686 687 
1137 256 255 246 247 697 696 687 688 
1138 257 256 247 248 698 697 688 689 
1139 258 257 248 249 699 698 689 690 
1140 65 258 249 66 230 699 690 231 
1141 259 78 77 250 700 127 126 691 
1142 260 259 250 251 701 700 691 692 
1143 261 260 251 252 702 701 692 693 
1144 262 261 252 253 703 702 693 694 
1145 263 262 253 254 704 703 694 695 
1146 264 263 254 255 705 704 695 696 
1147 265 264 255 256 706 705 696 697 
1148 266 265 256 257 707 706 697 698 
1149 267 266 257 258 708 707 698 699 
1150 64 267 258 65 229 708 699 230 
1151 268 79 78 259 709 128 127 700 
1152 269 268 259 260 710 709 700 701 
1153 270 269 260 261 711 710 701 702 
1154 271 270 261 262 712 711 702 703 
1155 272 271 262 263 713 712 703 704 
1156 273 272 263 264 714 713 704 705 
1157 274 273 264 265 715 714 705 706 
1158 275 274 265 266 716 715 706 707 
1159 276 275 266 267 717 716 707 708 
1160 63 276 267 64 228 717 708 229 
1161 277 80 79 268 718 129 128 709 
1162 278 277 268 269 719 718 709 710 
1163 279 278 269 270 720 719 710 711 
1164 280 279 270 271 721 720 711 712 
1165 281 280 271 272 722 721 712 713 
1166 282 281 272 273 723 722 713 714 
1167 283 282 273 274 724 723 714 715 
1168 284 283 274 275 725 724 715 716 
1169 285 284 275 276 726 725 716 717 
1170 62 285 276 63 227 726 717 228 
1171 286 81 80 277 727 130 129 718 
1172 287 286 277 278 728 727 718 719 
1173 288 287 278 279 729 728 719 720 
1174 289 288 279 280 730 729 720 721 
1175 290 289 280 281 731 730 721 722 
1176 291 290 281 282 732 731 722 723 
1177 292 291 282 283 733 732 723 724 
1178 293 292 283 284 734 733 724 725 
1179 294 293 284 285 735 734 725 726 
1180 61 294 285 62 226 735 726 227 
1181 295 82 81 286 736 131 130 727 
1182 296 295 286 287 737 736 727 728 
1183 297 296 287 288 738 737 728 729 
1184 298 297 288 289 739 738 729 730 
1185 299 298 289 290 740 739 730 731 
1186 300 299 290 291 741 740 731 732 
1187 301 300 291 292 742 741 732 733 
1188 302 301 292 293 743 742 733 734 
1189 303 302 293 294 744 743 734 735 
1190 60 303 294 61 225 744 735 226 
1191 304 83 82 295 745 132 131 736 
1192 305 304 295 296 746 745 736 737 
1193 306 305 296 297 747 746 737 738 
1194 307 306 297 298 748 747 738 739 
1195 308 307 298 299 749 748 739 740 
1196 309 308 299 300 750 749 740 741 
1197 310 309 300 301 751 750 741 742 
1198 311 310 301 302 752 751 742 743 
1199 312 311 302 303 753 752 743 744 
1200 59 312 303 60 224 753 744 225 
1201 313 84 83 304 754 133 132 745 
1202 314 313 304 305 755 754 745 746 
1203 315 314 305 306 756 755 746 747 
1204 316 315 306 307 757 756 747 748 
1205 317 316 307 308 758 757 748 749 
1206 318 317 308 309 759 758 749 750 
1207 319 318 309 310 760 759 750 751 
1208 320 319 310 311 761 760 751 752 
1209 321 320 311 312 762 761 752 753 
1210 58 321 312 59 223 762 753 224 
1211 322 85 84 313 763 134 133 754 
1212 323 322 313 314 764 763 754 755 
1213 324 323 314 315 765 764 755 756 
1214 325 324 315 316 766 765 756 757 
1215 326 325 316 317 767 766 757 758 
1216 327 326 317 318 768 767 758 759 
1217 328 327 318 319 769 768 759 760 
1218 329 328 319 320 770 769 760 761 
1219 330 329 320 321 771 770 761 762 
1220 57 330 321 58 222 771 762 223 
1221 331 86 85 322 772 135 134 763 
1222 332 331 322 323 773 772 763 764 
1223 333 332 323 324 774 773 764 765 
1224 334 333 324 325 775 774 765 766 
1225 335 334 325 326 776 775 766 767 
1226 336 335 326 327 777 776 767 768 
1227 337 336 327 328 778 777 768 769 
1228 338 337 328 329 779 778 769 770 
1229 339 338 329 330 780 779 770 771 
1230 56 339 330 57 221 780 771 222 
1231 340 87 86 331 781 136 135 772 
1232 341 340 331 332 782 781 772 773 
1233 342 341 332 333 783 782 773 774 
1234 343 342 333 334 784 783 774 775 
1235 344 343 334 335 785 784 775 776 
1236 345 344 335 336 786 785 776 777 
1237 346 345 336 337 787 786 777 778 
1238 347 346 337 338 788 787 778 779 
1239 348 347 338 339 789 788 779 780 
1240 55 348 339 56 220 789 780 221 
1241 349 88 87 340 790 137 136 781 
1242 350 349 340 341 791 790 781 782 
1243 351 350 341 342 792 791 782 783 
1244 352 351 342 343 793 792 783 784 
1245 353 352 343 344 794 793 784 785 
1246 354 353 344 345 795 794 785 786 
1247 355 354 345 346 796 795 786 787 
1248 356 355 346 347 797 796 787 788 
1249 357 356 347 348 798 797 788 789 
1250 54 357 348 55 219 798 789 220 
1251 358 89 88 349 799 138 137 790 
1252 359 358 349 350 800 799 790 791 
1253 360 359 350 351 801 800 791 792 
1254 361 360 351 352 802 801 792 793 
1255 362 361 352 353 803 802 793 794 
1256 363 362 353 354 804 803 794 795 
1257 364 363 354 355 805 804 795 796 
1258 365 364 355 356 806 805 796 797 
1259 366 365 356 357 807 806 797 798 
1260 53 366 357 54 218 807 798 219 
1261 367 90 89 358 808 139 138 799 
1262 368 367 358 359 809 808 799 800 
1263 369 368 359 360 810 809 800 801 
1264 370 369 360 361 811 810 801 802 
1265 371 370 361 362 812 811 802 803 
1266 372 371 362 363 813 812 803 804 
1267 373 372 363 364 814 813 804 805 
1268 374 373 364 365 815 814 805 806 
1269 375 374 365 366 816 815 806 807 
1270 52 375 366 53 217 816 807 218 
1271 376 91 90 367 817 140 139 808 
1272 377 376 367 368 818 817 808 809 
1273 378 377 368 369 819 818 809 810 
1274 379 378 369 370 820 819 810 811 
1275 380 379 370 371 821 820 811 812 
1276 381 380 371 372 822 821 812 813 
1277 382 381 372 373 823 822 813 814 
1278 383 382 373 374 824 823 814 815 
1279 384 383 374 375 825 824 815 816 
1280 51 384 375 52 216 825 816 217 
1281 385 92 91 376 826 141 140 817 
1282 386 385 376 377 827 826 817 818 
1283 387 386 377 378 828 827 818 819 
1284 388 387 378 379 829 828 819 820 
1285 389 388 379 380 830 829 820 821 
1286 390 389 380 381 831 830 821 822 
1287 391 390 381 382 832 831 822 823 
1288 392 391 382 383 833 832 823 824 
1289 393 392 383 384 834 833 824 825 
1290 50 393 384 51 215 834 825 216 
1291 394 93 92 385 835 142 141 826 
1292 395 394 385 386 836 835 826 827 
1293 396 395 386 387 837 836 827 828 
1294 397 396 387 388 838 837 828 829 
1295 398 397 388 389 839 838 829 830 
1296 399 398 389 390 840 839 830 831 
1297 400 399 390 391 841 840 831 832 
1298 401 400 391 392 842 841 832 833 
1299 402 401 392 393 843 842 833 834 
1300 49 402 393 50 214 843 834 215 
1301 403 94 93 394 844 143 142 835 
1302 404 403 394 395 845 844 835 836 
1303 405 404 395 396 846 845 836 837 
1304 406 405 396 397 847 846 837 838 
1305 407 406 397 398 848 847 838 839 
1306 408 407 398 399 849 848 839 840 
1307 409 408 399 400 850 849 840 841 
1308 410 409 400 401 851 850 841 842 
1309 411 410 401 402 852 851 842 843 
1310 48 411 402 49 213 852 843 214 
1311 412 95 94 403 853 144 143 844 
1312 413 412 403 404 854 853 844 845 
1313 414 413 404 405 855 854 845 846 
1314 415 414 405 406 856 855 846 847 
1315 416 415 406 407 857 856 847 848 
1316 417 416 407 408 858 857 848 849 
1317 418 417 408 409 859 858 849 850 
1318 419 418 409 410 860 859 850 851 
1319 420 419 410 411 861 860 851 852 
1320 47 420 411 48 212 861 852 213 
1321 421 96 95 412 862 145 144 853 
1322 422 421 412 413 863 862 853 854 
1323 423 422 413 414 864 863 854 855 
1324 424 423 414 415 865 864 855 856 
1325 425 424 415 416 866 865 856 857 
1326 426 425 416 417 867 866 857 858 
1327 427 426 417 418 868 867 858 859 
1328 428 427 418 419 869 868 859 860 
1329 429 428 419 420 870 869 860 861 
1330 46 429 420 47 211 870 861 212 
1331 430 97 96 421 871 146 145 862 
1332 431 430 421 422 872 871 862 863 
1333 432 431 422 423 873 872 863 864 
1334 433 432 423 424 874 873 864 865 
1335 434 433 424 425 875 874 865 866 
1336 435 434 425 426 876 875 866 867 
1337 436 435 426 427 877 876 867 868 
1338 437 436 427 428 878 877 868 869 
1339 438 437 428 429 879 878 869 870 
1340 45 438 429 46 210 879 870 211 
1341 439 98 97 430 880 147 146 871 
1342 440 439 430 431 881 880 871 872 
1343 441 440 431 432 882 881 872 873 
1344 442 441 432 433 883 882 873 874 
1345 443 442 433 434 884 883 874 875 
1346 444 443 434 435 885 884 875 876 
1347 445 444 435 436 886 885 876 877 
1348 446 445 436 437 887 886 877 878 
1349 447 446 437 438 888 887 878 879 
1350 44 447 438 45 209 888 879 210 
1351 448 99 98 439 889 148 147 880 
1352 449 448 439 440 890 889 880 881 
1353 450 449 440 441 891 890 881 882 
1354 451 450 441 442 892 891 882 883 
1355 452 451 442 443 893 892 883 884 
1356 453 452 443 444 894 893 884 885 
1357 454 453 444 445 895 894 885 886 
1358 455 454 445 446 896 895 886 887 
1359 456 455 446 447 897 896 887 888 
1360 43 456 447 44 208 897 888 209 
1361 457 100 99 448 898 149 148 889 
1362 458 457 448 449 899 898 889 890 
1363 459 458 449 450 900 899 890 891 
1364 460 459 450 451 901 900 891 892 
1365 461 460 451 452 902 901 892 893 
1366 462 461 452 453 903 902 893 894 
1367 463 462 453 454 904 903 894 895 
1368 464 463 454 455 905 904 895 896 
1369 465 464 455 456 906 905 896 897 
1370 42 465 456 43 207 906 897 208 
1371 466 101 100 457 907 150 149 898 
1372 467 466 457 458 908 907 898 899 
1373 468 467 458 459 909 908 899 900 
1374 469 468 459 460 910 909 900 901 
1375 470 469 460 461 911 910 901 902 
1376 471 470 461 462 912 911 902 903 
1377 472 471 462 463 913 912 903 904 
1378 473 472 463 464 914 913 904 905 
1379 474 473 464 465 915 914 905 906 
1380 41 474 465 42 206 915 906 207 
1381 475 102 101 466 916 151 150 907 
1382 476 475 466 467 917 916 907 908 
1383 477 476 467 468 918 917 908 909 
1384 478 477 468 469 919 918 909 910 
1385 479 478 469 470 920 919 910 911 
1386 480 479 470 471 921 920 911 912 
1387 481 480 471 472 922 921 912 913 
1388 482 481 472 473 923 922 913 914 
1389 483 482 473 474 924 923 914 915 
1390 40 483 474 41 205 924 915 206 
1391 484 103 102 475 925 152 151 916 
1392 485 484 475 476 926 925 916 917 
1393 486 485 476 477 927 926 917 918 
1394 487 486 477 478 928 927 918 919 
1395 488 487 478 479 929 928 919 920 
1396 489 488 479 480 930 929 920 921 
1397 490 489 480 481 931 930 921 922 
1398 491 490 481 482 932 931 922 923 
1399 492 491 482 483 933 932 923 924 
1400 39 492 483 40 204 933 924 205 
1401 493 104 103 484 934 153 152 925 
1402 494 493 484 485 935 934 925 926 
1403 495 494 485 486 936 935 926 927 
1404 496 495 486 487 937 936 927 928 
1405 497 496 487 488 938 937 928 929 
1406 498 497 488 489 939 938 929 930 
1407 499 498 489 490 940 939 930 931 
1408 500 499 490 491 941 940 931 932 
1409 501 500 491 492 942 941 932 933 
1410 38 501 492 39 203 942 933 204 
1411 502 105 104 493 943 154 153 934 
1412 503 502 493 494 944 943 934 935 
1413 504 503 494 495 945 944 935 936 
1414 505 504 495 496 946 945 936 937 
1415 506 505 496 497 947 946 937 938 
1416 507 506 497 498 948 947 938 939 
1417 508 507 498 499 949 948 939 940 
1418 509 508 499 500 950 949 940 941 
1419 510 509 500 501 951 950 941 942 
1420 37 510 501 38 202 951 942 203 
1421 511 106 105 502 952 155 154 943 
1422 512 511 502 503 953 952 943 944 
1423 513 512 503 504 954 953 944 945 
1424 514 513 504 505 955 954 945 946 
1425 515 514 505 506 956 955 946 947 
1426 516 515 506 507 957 956 947 948 
1427 517 516 507 508 958 957 948 949 
1428 518 517 508 509 959 958 949 950 
1429 519 518 509 510 960 959 950 951 
1430 36 519 510 37 201 960 951 202 
1431 520 107 106 511 961 156 155 952 
1432 521 520 511 512 962 961 952 953 
1433 522 521 512 513 963 962 953 954 
1434 523 522 513 514 964 963 954 955 
1435 524 523 514 515 965 964 955 956 
1436 525 524 515 516 966 965 956 957 
1437 526 525 516 517 967 966 957 958 
1438 527 526 517 518 968 967 958 959 
1439 528 527 518 519 969 968 959 960 
1440 35 528 519 36 200 969 960 201 
1441 529 108 107 520 970 157 156 961 
1442 530 529 520 521 971 970 961 962 
1443 531 530 521 522 972 971 962 963 
1444 532 531 522 523 973 972 963 964 
1445 533 532 523 524 974 973 964 965 
1446 534 533 524 525 975 974 965 966 
1447 535 534 525 526 976 975 966 967 
1448 536 535 526 527 977 976 967 968 
1449 537 536 527 528 978 977 968 969 
1450 34 537 528 35 199 978 969 200 
1451 538 109 108 529 979 158 157 970 
1452 539 538 529 530 980 979 970 971 
1453 540 539 530 531 981 980 971 972 
1454 541 540 531 532 982 981 972 973 
1455 542 541 532 533 983 982 973 974 
1456 543 542 533 534 984 983 974 975 
1457 544 543 534 535 985 984 975 976 
1458 545 544 535 536 986 985 976 977 
1459 546 545 536 537 987 986 977 978 
1460 33 546 537 34 198 987 978 199 
1461 547 110 109 538 988 159 158 979 
1462 548 547 538 539 989 988 979 980 
1463 549 548 539 540 990 989 980 981 
1464 550 549 540 541 991 990 981 982 
1465 551 550 541 542 992 991 982 983 
1466 552 551 542 543 993 992 983 984 
1467 553 552 543 544 994 993 984 985 
1468 554 553 544 545 995 994 985 986 
1469 555 554 545 546 996 995 986 987 
1470 32 555 546 33 197 996 987 198 
1471 556 111 110 547 997 160 159 988 
1472 557 556 547 548 998 997 988 989 
1473 558 557 548 549 999 998 989 990 
1474 559 558 549 550 1000 999 990 991 
1475 560 559 550 551 1001 1000 991 992 
1476 561 560 551 552 1002 1001 992 993 
1477 562 561 552 553 1003 1002 993 994 
1478 563 562 553 554 1004 1003 994 995 
1479 564 563 554 555 1005 1004 995 996 
1480 31 564 555 32 196 1005 996 197 
1481 565 112 111 556 1006 161 160 997 
1482 566 565 556 557 1007 1006 997 998 
1483 567 566 557 558 1008 1007 998 999 
1484 568 567 558 559 1009 1008 999 1000 
1485 569 568 559 560 1010 1009 1000 1001 
1486 570 569 560 561 1011 1010 1001 1002 
1487 571 570 561 562 1012 1011 1002 1003 
1488 572 571 562 563 1013 1012 1003 1004 
1489 573 572 563 564 1014 1013 1004 1005 
1490 30 573 564 31 195 1014 1005 196 
1491 574 113 112 565 1015 162 161 1006 
1492 575 574 565 566 1016 1015 1006 1007 
1493 576 575 566 567 1017 1016 1007 1008 
1494 577 576 567 568 1018 1017 1008 1009 
1495 578 577 568 569 1019 1018 1009 1010 
1496 579 578 569 570 1020 1019 1010 1011 
1497 580 579 570 571 1021 1020 1011 1012 
1498 581 580 571 572 1022 1021 1012 1013 
1499 582 581 572 573 1023 1022 1013 1014 
1500 29 582 573 30 194 1023 1014 195 
1501 583 114 113 574 1024 163 162 1015 
1502 584 583 574 575 1025 1024 1015 1016 
1503 585 584 575 576 1026 1025 1016 1017 
1504 586 585 576 577 1027 1026 1017 1018 
1505 587 586 577 578 1028 1027 1018 1019 
1506 588 587 578 579 1029 1028 1019 1020 
1507 589 588 579 580 1030 1029 1020 1021 
1508 590 589 580 581 1031 1030 1021 1022 
1509 591 590 581 582 1032 1031 1022 1023 
1510 28 591 582 29 193 1032 1023 194 
1511 592 115 114 583 1033 164 163 1024 
1512 593 592 583 584 1034 1033 1024 1025 
1513 594 593 584 585 1035 1034 1025 1026 
1514 595 594 585 586 1036 1035 1026 1027 
1515 596 595 586 587 1037 1036 1027 1028 
1516 597 596 587 588 1038 1037 1028 1029 
1517 598 597 588 589 1039 1038 1029 1030 
1518 599 598 589 590 1040 1039 1030 1031 
1519 600 599 590 591 1041 1040 1031 1032 
1520 27 600 591 28 192 1041 1032 193 
1521 601 116 115 592 1042 165 164 1033 
1522 602 601 592 593 1043 1042 1033 1034 
1523 603 602 593 594 1044 1043 1034 1035 
1524 604 603 594 595 1045 1044 1035 1036 
1525 605 604 595 596 1046 1045 1036 1037 
1526 606 605 596 597 1047 1046 1037 1038 
1527 607 606 597 598 1048 1047 1038 1039 
1528 608 607 598 599 1049 1048 1039 1040 
1529 609 608 599 600 1050 1049 1040 1041 
1530 26 609 600 27 191 1050 1041 192 
1531 610 117 116 601 1051 166 165 1042 
1532 611 610 601 602 1052 1051 1042 1043 
1533 612 611 602 603 1053 1052 1043 1044 
1534 613 612 603 604 1054 1053 1044 1045 
1535 614 613 604 605 1055 1054 1045 1046 
1536 615 614 605 606 1056 1055 1046 1047 
1537 616 615 606 607 1057 1056 1047 1048 
1538 617 616 607 608 1058 1057 1048 1049 
1539 618 617 608 609 1059 1058 1049 1050 
1540 25 618 609 26 190 1059 1050 191 
1541 619 118 117 610 1060 167 166 1051 
1542 620 619 610 611 1061 1060 1051 1052 
1543 621 620 611 612 1062 1061 1052 1053 
1544 622 621 612 613 1063 1062 1053 1054 
1545 623 622 613 614 1064 1063 1054 1055 
1546 624 623 614 615 1065 1064 1055 1056 
1547 625 624 615 616 1066 1065 1056 1057 
1548 626 625 616 617 1067 1066 1057 1058 
1549 627 626 617 618 1068 1067 1058 1059 
1550 24 627 618 25 189 1068 1059 190 
1551 628 119 118 619 1069 168 167 1060 
1552 629 628 619 620 1070 1069 1060 1061 
1553 630 629 620 621 1071 1070 1061 1062 
1554 631 630 621 622 1072 1071 1062 1063 
1555 632 631 622 623 1073 1072 1063 1064 
1556 633 632 623 624 1074 1073 1064 1065 
1557 634 633 624 625 1075 1074 1065 1066 
1558 635 634 625 626 1076 1075 1066 1067 
1559 636 635 626 627 1077 1076 1067 1068 
1560 23 636 627 24 188 1077 1068 189 
1561 637 120 119 628 1078 169 168 1069 
1562 638 637 628 629 1079 1078 1069 1070 
1563 639 638 629 630 1080 1079 1070 1071 
1564 640 639 630 631 1081 1080 1071 1072 
1565 641 640 631 632 1082 1081 1072 1073 
1566 642 641 632 633 1083 1082 1073 1074 
1567 643 642 633 634 1084 1083 1074 1075 
1568 644 643 634 635 1085 1084 1075 1076 
1569 645 644 635 636 1086 1085 1076 1077 
1570 22 645 636 23 187 1086 1077 188 
1571 646 121 120 637 1087 170 169 1078 
1572 647 646 637 638 1088 1087 1078 1079 
1573 648 647 638 639 1089 1088 1079 1080 
1574 649 648 639 640 1090 1089 1080 1081 
1575 650 649 640 641 1091 1090 1081 1082 
1576 651 650 641 642 1092 1091 1082 1083 
1577 652 651 642 643 1093 1092 1083 1084 
1578 653 652 643 644 1094 1093 1084 1085 
1579 654 653 644 645 1095 1094 1085 1086 
1580 21 654 645 22 186 1095 1086 187 
1581 655 122 121 646 1096 171 170 1087 
1582 656 655 646 647 1097 1096 1087 1088 
1583 657 656 647 648 1098 1097 1088 1089 
1584 658 657 648 649 1099 1098 1089 1090 
1585 659 658 649 650 1100 1099 1090 1091 
1586 660 659 650 651 1101 1100 1091 1092 
1587 661 660 651 652 1102 1101 1092 1093 
1588 662 661 652 653 1103 1102 1093 1094 
1589 663 662 653 654 1104 1103 1094 1095 
1590 20 663 654 21 185 1104 1095 186 
1591 664 123 122 655 1105 172 171 1096 
1592 665 664 655 656 1106 1105 1096 1097 
1593 666 665 656 657 1107 1106 1097 1098 
1594 667 666 657 658 1108 1107 1098 1099 
1595 668 667 658 659 1109 1108 1099 1100 
1596 669 668 659 660 1110 1109 1100 1101 
1597 670 669 660 661 1111 1110 1101 1102 
1598 671 670 661 662 1112 1111 1102 1103 
1599 672 671 662 663 1113 1112 1103 1104 
1600 19 672 663 20 184 1113 1104 185 
1601 673 124 123 664 1114 173 172 1105 
1602 674 673 664 665 1115 1114 1105 1106 
1603 675 674 665 666 1116 1115 1106 1107 
1604 676 675 666 667 1117 1116 1107 1108 
1605 677 676 667 668 1118 1117 1108 1109 
1606 678 677 668 669 1119 1118 1109 1110 
1607 679 678 669 670 1120 1119 1110 1111 
1608 680 679 670 671 1121 1120 1111 1112 
1609 681 680 671 672 1122 1121 1112 1113 
1610 18 681 672 19 183 1122 1113 184 
1611 9 1 124 673 174 6 173 1114 
1612 10 9 673 674 175 174 1114 1115 
1613 11 10 674 675 176 175 1115 1116 
1614 12 11 675 676 177 176 1116 1117 
1615 13 12 676 677 178 177 1117 1118 
1616 14 13 677 678 179 178 1118 1119 
1617 15 14 678 679 180 179 1119 1120 
1618 16 15 679 680 181 180 1120 1121 
1619 17 16 680 681 182 181 1121 1122 
1620 2 17 681 18 7 182 1122 183 
$EndElements
