$MeshFormat
4.1 0 8
$EndMeshFormat
$PhysicalNames
5
1 1 "inflow"
1 2 "outflow"
1 3 "wall"
1 4 "fillet"
2 5 "domain"
$EndPhysicalNames
$Entities
8 7 1 0
1 0 0 0 0 
2 0.6 0 0 0 
3 0.6 0.15 0 0 
4 0.65 0.2 0 0 
5 3 0.2 0 0 
6 3 1 0 0 
7 0 1 0 0 
10 0.65 0.15 0 0 
1 0 0 0 0.6 0 0 1 3 2 1 -2 
2 0.6 0 0 0.6 0.15 0 1 3 2 2 -3 
3 0.6 0.15 0 0.65 0.2000000000000001 0 1 4 2 3 -4 
4 0.6500000000000001 0.2 0 3 0.2 0 1 3 2 4 -5 
5 3 0.2 0 3 1 0 1 2 2 5 -6 
6 0 1 0 3 1 0 1 3 2 6 -7 
7 0 0 0 0 1 0 1 1 2 7 -1 
1 0 0 0 3 1 0 1 5 7 1 2 3 4 5 6 7 
$EndEntities
$Nodes
15 4315 1 4315
0 1 0 1
1
0 0 0
0 2 0 1
2
0.6 0 0
0 3 0 1
3
0.6 0.15 0
0 4 0 1
4
0.65 0.2 0
0 5 0 1
5
3 0.2 0
0 6 0 1
6
3 1 0
0 7 0 1
7
0 1 0
1 1 0 23
8
9
10
11
12
13
14
15
16
17
18
19
20
21
22
23
24
25
26
27
28
29
30
0.02468785800388344 0 0
0.577815065339236 0 0
0.533346559611881 0 0
0.4872400614128778 0 0
0.4377058150149344 0 0
0.3864060026932982 0 0
0.3366760658666089 0 0
0.2882757792722551 0 0
0.2377921730137903 0 0
0.1833767115314417 0 0
0.1277214824709746 0 0
0.07481633358609856 0 0
0.04937571598151802 0 0
0.1002569511831706 0 0
0.155186013716693 0 0
0.2115674091753119 0 0
0.2640169368383573 0 0
0.3125346215623202 0 0
0.3608175101034334 0 0
0.4119944953441203 0 0
0.4634171346942339 0 0
0.5110629883347526 0 0
0.5556301307156659 0 0
1 2 0 7
31
32
33
34
35
36
37
0.6 0.01975845568407691 0
0.6 0.05904268287874904 0
0.6 0.09713506865777777 0
0.6 0.1328508413896731 0
0.6 0.03951691137783065 0
0.6 0.07856845441948601 0
0.6 0.1157016828040927 0
1 3 0 3
38
39
40
0.6035672163354765 0.1685471453642754 0
0.6302818754589083 0.1959477481992535 0
0.6137598635095457 0.1844478229668182 0
1 4 0 95
41
42
43
44
45
46
47
48
49
50
51
52
53
54
55
56
57
58
59
60
61
62
63
64
65
66
67
68
69
70
71
72
73
74
75
76
77
78
79
80
81
82
83
84
85
86
87
88
89
90
91
92
93
94
95
96
97
98
99
100
101
102
103
104
105
106
107
108
109
110
111
112
113
114
115
116
117
118
119
120
121
122
123
124
125
126
127
128
129
130
131
132
133
134
135
1.257545856614466 0.2 0
1.835692746650839 0.2 0
1.788391674653028 0.2 0
1.741111028285301 0.2 0
1.69241459170656 0.2 0
1.641286006073901 0.2 0
1.587131300957012 0.2 0
1.530852894261791 0.2 0
1.474309740580429 0.2 0
1.418765653817676 0.2 0
1.364621615597029 0.2 0
1.311234046753887 0.2 0
1.884755312905769 0.2 0
1.20397589643145 0.2 0
1.151349265181011 0.2 0
1.099937308617048 0.2 0
1.049935345834869 0.2 0
1.001098733992492 0.2 0
0.9534479004777233 0.2 0
0.9067092967899952 0.2 0
0.8593228225655121 0.2 0
0.8107299313899246 0.2 0
0.7625631669523707 0.2 0
0.7163139411350041 0.2 0
2.473966497729446 0.2 0
2.97462031686063 0.2 0
2.923986318870897 0.2 0
2.873558119927446 0.2 0
2.823526256650573 0.2 0
2.774850330849862 0.2 0
2.728887511730971 0.2 0
2.68546958277004 0.2 0
2.643234742545701 0.2 0
2.601445469276634 0.2 0
2.559759681004872 0.2 0
2.517518252438445 0.2 0
0.6718794576293527 0.2 0
2.429779834759996 0.2 0
2.385858812674524 0.2 0
2.341267274003956 0.2 0
2.294864050422876 0.2 0
2.246565603592725 0.2 0
2.196603444817748 0.2 0
2.145465855102921 0.2 0
2.093508014677245 0.2 0
2.040927816184976 0.2 0
1.988321652834954 0.2 0
1.936009096092111 0.2 0
0.6937589152825301 0.2 0
0.7388689669745435 0.2 0
0.7862573669465853 0.2 0
0.8352024959276131 0.2 0
0.8834431491306565 0.2 0
0.9299754445720295 0.2 0
0.9769203565725744 0.2 0
1.025277111477254 0.2 0
1.074593580395091 0.2 0
1.125281036954656 0.2 0
1.177417493655092 0.2 0
1.230534299139103 0.2 0
1.284557414241246 0.2 0
1.337910679598484 0.2 0
1.391332550931828 0.2 0
1.446198756309159 0.2 0
1.502420724917624 0.2 0
1.559285063881638 0.2 0
1.614977537855643 0.2 0
1.667594473607176 0.2 0
1.717234709844123 0.2 0
1.764987346953365 0.2 0
1.811796002487571 0.2 0
1.859589490894513 0.2 0
1.909921135537964 0.2 0
1.962097057696532 0.2 0
2.014546248999807 0.2 0
2.06730938288903 0.2 0
2.119706645530423 0.2 0
2.171225064413861 0.2 0
2.221981825792015 0.2 0
2.271149381783829 0.2 0
2.318578720587836 0.2 0
2.363955828203229 0.2 0
2.407761797049892 0.2 0
2.451797872813195 0.2 0
2.496135121365881 0.2 0
2.538901383010599 0.2 0
2.580617977525886 0.2 0
2.622272961640006 0.2 0
2.664196523002157 0.2 0
2.706742642244529 0.2 0
2.751032382316692 0.2 0
2.798668277600165 0.2 0
2.848384236203686 0.2 0
2.898732004673806 0.2 0
2.949240633097575 0.2 0
1 5 0 31
136
137
138
139
140
141
142
143
144
145
146
147
148
149
150
151
152
153
154
155
156
157
158
159
160
161
162
163
164
165
166
3 0.2247815128505713 0
3 0.9754261101314121 0
3 0.9275499914555467 0
3 0.8823613361862801 0
3 0.8392174177549248 0
3 0.7958721597064971 0
3 0.7496446109542876 0
3 0.6996428974552305 0
3 0.6470084446237083 0
3 0.5932259985624544 0
3 0.5381094050018815 0
3 0.4819980224285756 0
3 0.4272273028714844 0
3 0.3750230725450701 0
3 0.324507845259376 0
3 0.2744969335848415 0
3 0.2495630256931237 0
3 0.2994308414529598 0
3 0.3495848491571047 0
3 0.4004612960432979 0
3 0.4539933096381943 0
3 0.5100027352080494 0
3 0.5662160747295868 0
3 0.6202359222272236 0
3 0.6737809666720616 0
3 0.7255048284180585 0
3 0.7737843934099282 0
3 0.8179599261586308 0
3 0.8604749095927473 0
3 0.9042477630823884 0
3 0.9508522204265877 0
1 6 0 119
167
168
169
170
171
172
173
174
175
176
177
178
179
180
181
182
183
184
185
186
187
188
189
190
191
192
193
194
195
196
197
198
199
200
201
202
203
204
205
206
207
208
209
210
211
212
213
214
215
216
217
218
219
220
221
222
223
224
225
226
227
228
229
230
231
232
233
234
235
236
237
238
239
240
241
242
243
244
245
246
247
248
249
250
251
252
253
254
255
256
257
258
259
260
261
262
263
264
265
266
267
268
269
270
271
272
273
274
275
276
277
278
279
280
281
282
283
284
285
2.230015088143392 1 0
1.510479838410712 1 0
1.564076633435568 1 0
1.616882452530326 1 0
1.666592949457907 1 0
1.712922535710648 1 0
1.757868300982214 1 0
1.804365177277832 1 0
1.85353223390394 1 0
1.904279923895923 1 0
1.955478349044455 1 0
2.007588855102282 1 0
2.061218357896779 1 0
2.116287985288167 1 0
2.172780728909768 1 0
1.45831007934699 1 0
2.285340363495966 1 0
2.335979687415145 1 0
2.382204498075908 1 0
2.426829116098943 1 0
2.472740639105588 1 0
2.521814937103773 1 0
2.574174710736552 1 0
2.626895946590469 1 0
2.677800597456559 1 0
2.728005390858875 1 0
2.77813917238394 1 0
2.827483382755346 1 0
2.876157398387442 1 0
2.925014575673242 1 0
0.7356173799872225 1 0
0.0242777060135948 1 0
0.07303736958697371 1 0
0.1229281031432539 1 0
0.1743511231833832 1 0
0.2262067820287936 1 0
0.27821452286488 1 0
0.3309684051830515 1 0
0.3836360930432621 1 0
0.4350502597316588 1 0
0.4857348977822422 1 0
0.5366741156615076 1 0
0.5876670032375726 1 0
0.6380839534663951 1 0
0.6874233956172873 1 0
2.974784591061994 1 0
0.7834533935960009 1 0
0.8317874846192117 1 0
0.8812438521103259 1 0
0.9318551780460829 1 0
0.9824648371196645 1 0
1.031493355214316 1 0
1.078472579281631 1 0
1.124465746551925 1 0
1.16995216131188 1 0
1.214965218000551 1 0
1.261227979515992 1 0
1.309124116716238 1 0
1.357801117036723 1 0
1.407537235907234 1 0
2.949569182116934 1 0
2.900459969182362 1 0
2.8518548276233 1 0
2.803111937860021 1 0
2.75316640692985 1 0
2.702844374944616 1 0
2.6527568196748 1 0
2.601035073521365 1 0
2.547314348071203 1 0
2.496315526663366 1 0
2.449165751444015 1 0
2.404492480554037 1 0
2.35991651615213 1 0
2.312042858574889 1 0
2.258637868782154 1 0
2.201392308285201 1 0
2.144169149180104 1 0
2.088406820855992 1 0
2.034029894937605 1 0
1.981147816048773 1 0
1.929808882272004 1 0
1.878750965070826 1 0
1.828313503128955 1 0
1.780416851969425 1 0
1.735319749848304 1 0
1.690525321766029 1 0
1.642660576352296 1 0
1.591104328164291 1 0
1.537048939724532 1 0
1.483910736381114 1 0
1.432709422026102 1 0
1.382365050894459 1 0
1.333237183514899 1 0
1.285011050736037 1 0
1.237444908205709 1 0
1.19248552817348 1 0
1.147418794942217 1 0
1.101512698632206 1 0
1.055432459114414 1 0
1.007554250135668 1 0
0.9573754264399152 1 0
0.9063349287409062 1 0
0.8561527765683996 1 0
0.807422192374978 1 0
0.7594845929487706 1 0
0.7117501670554676 1 0
0.6630966238315006 1 0
0.6130712851410984 1 0
0.5622627223053183 1 0
0.5110855097538249 1 0
0.4603842838763645 1 0
0.4097162356605639 1 0
0.3575559518939682 1 0
0.304380856588728 1 0
0.2520481904455871 1 0
0.2003653725539505 1 0
0.1483368738851358 1 0
0.09751933019632286 1 0
0.04855540983817441 1 0
1 7 0 43
286
287
288
289
290
291
292
293
294
295
296
297
298
299
300
301
302
303
304
305
306
307
308
309
310
311
312
313
314
315
316
317
318
319
320
321
322
323
324
325
326
327
328
0 0.5015084003406524 0
0 0.9305004682259101 0
0 0.8860549034347763 0
0 0.8424110306620758 0
0 0.7985692343294397 0
0 0.7550045086020664 0
0 0.7128251639273854 0
0 0.6721462428037297 0
0 0.632052577848619 0
0 0.5909730460248864 0
0 0.5475998832739428 0
0 0.9765575617168768 0
0 0.4524248835788958 0
0 0.4016801482907193 0
0 0.3521976521565058 0
0 0.3049473416816337 0
0 0.2589678360228003 0
0 0.2131968429598008 0
0 0.1666539815458323 0
0 0.1193037808421376 0
0 0.07180646909641508 0
0 0.02403833680043532 0
0 0.9531151234495102 0
0 0.9078858129356746 0
0 0.8642239939476928 0
0 0.820598067466902 0
0 0.7765404013041978 0
0 0.7334686158057603 0
0 0.6921817123371323 0
0 0.6521107731837943 0
0 0.6119943824220685 0
0 0.5699517096853979 0
0 0.5252480564025324 0
0 0.4777687442692584 0
0 0.4270810229372396 0
0 0.3762792732841324 0
0 0.3281160305237133 0
0 0.2817786523388804 0
0 0.2361570201045845 0
0 0.1902366656131168 0
0 0.1430712972924997 0
0 0.0955362641392582 0
0 0.04807667361861223 0
2 1 0 3987
329
330
331
332
333
334
335
336
337
338
339
340
341
342
343
344
345
346
347
348
349
350
351
352
353
354
355
356
357
358
359
360
361
362
363
364
365
366
367
368
369
370
371
372
373
374
375
376
377
378
379
380
381
382
383
384
385
386
387
388
389
390
391
392
393
394
395
396
397
398
399
400
401
402
403
404
405
406
407
408
409
410
411
412
413
414
415
416
417
418
419
420
421
422
423
424
425
426
427
428
429
430
431
432
433
434
435
436
437
438
439
440
441
442
443
444
445
446
447
448
449
450
451
452
453
454
455
456
457
458
459
460
461
462
463
464
465
466
467
468
469
470
471
472
473
474
475
476
477
478
479
480
481
482
483
484
485
486
487
488
489
490
491
492
493
494
495
496
497
498
499
500
501
502
503
504
505
506
507
508
509
510
511
512
513
514
515
516
517
518
519
520
521
522
523
524
525
526
527
528
529
530
531
532
533
534
535
536
537
538
539
540
541
542
543
544
545
546
547
548
549
550
551
552
553
554
555
556
557
558
559
560
561
562
563
564
565
566
567
568
569
570
571
572
573
574
575
576
577
578
579
580
581
582
583
584
585
586
587
588
589
590
591
592
593
594
595
596
597
598
599
600
601
602
603
604
605
606
607
608
609
610
611
612
613
614
615
616
617
618
619
620
621
622
623
624
625
626
627
628
629
630
631
632
633
634
635
636
637
638
639
640
641
642
643
644
645
646
647
648
649
650
651
652
653
654
655
656
657
658
659
660
661
662
663
664
665
666
667
668
669
670
671
672
673
674
675
676
677
678
679
680
681
682
683
684
685
686
687
688
689
690
691
692
693
694
695
696
697
698
699
700
701
702
703
704
705
706
707
708
709
710
711
712
713
714
715
716
717
718
719
720
721
722
723
724
725
726
727
728
729
730
731
732
733
734
735
736
737
738
739
740
741
742
743
744
745
746
747
748
749
750
751
752
753
754
755
756
757
758
759
760
761
762
763
764
765
766
767
768
769
770
771
772
773
774
775
776
777
778
779
780
781
782
783
784
785
786
787
788
789
790
791
792
793
794
795
796
797
798
799
800
801
802
803
804
805
806
807
808
809
810
811
812
813
814
815
816
817
818
819
820
821
822
823
824
825
826
827
828
829
830
831
832
833
834
835
836
837
838
839
840
841
842
843
844
845
846
847
848
849
850
851
852
853
854
855
856
857
858
859
860
861
862
863
864
865
866
867
868
869
870
871
872
873
874
875
876
877
878
879
880
881
882
883
884
885
886
887
888
889
890
891
892
893
894
895
896
897
898
899
900
901
902
903
904
905
906
907
908
909
910
911
912
913
914
915
916
917
918
919
920
921
922
923
924
925
926
927
928
929
930
931
932
933
934
935
936
937
938
939
940
941
942
943
944
945
946
947
948
949
950
951
952
953
954
955
956
957
958
959
960
961
962
963
964
965
966
967
968
969
970
971
972
973
974
975
976
977
978
979
980
981
982
983
984
985
986
987
988
989
990
991
992
993
994
995
996
997
998
999
1000
1001
1002
1003
1004
1005
1006
1007
1008
1009
1010
1011
1012
1013
1014
1015
1016
1017
1018
1019
1020
1021
1022
1023
1024
1025
1026
1027
1028
1029
1030
1031
1032
1033
1034
1035
1036
1037
1038
1039
1040
1041
1042
1043
1044
1045
1046
1047
1048
1049
1050
1051
1052
1053
1054
1055
1056
1057
1058
1059
1060
1061
1062
1063
1064
1065
1066
1067
1068
1069
1070
1071
1072
1073
1074
1075
1076
1077
1078
1079
1080
1081
1082
1083
1084
1085
1086
1087
1088
1089
1090
1091
1092
1093
1094
1095
1096
1097
1098
1099
1100
1101
1102
1103
1104
1105
1106
1107
1108
1109
1110
1111
1112
1113
1114
1115
1116
1117
1118
1119
1120
1121
1122
1123
1124
1125
1126
1127
1128
1129
1130
1131
1132
1133
1134
1135
1136
1137
1138
1139
1140
1141
1142
1143
1144
1145
1146
1147
1148
1149
1150
1151
1152
1153
1154
1155
1156
1157
1158
1159
1160
1161
1162
1163
1164
1165
1166
1167
1168
1169
1170
1171
1172
1173
1174
1175
1176
1177
1178
1179
1180
1181
1182
1183
1184
1185
1186
1187
1188
1189
1190
1191
1192
1193
1194
1195
1196
1197
1198
1199
1200
1201
1202
1203
1204
1205
1206
1207
1208
1209
1210
1211
1212
1213
1214
1215
1216
1217
1218
1219
1220
1221
1222
1223
1224
1225
1226
1227
1228
1229
1230
1231
1232
1233
1234
1235
1236
1237
1238
1239
1240
1241
1242
1243
1244
1245
1246
1247
1248
1249
1250
1251
1252
1253
1254
1255
1256
1257
1258
1259
1260
1261
1262
1263
1264
1265
1266
1267
1268
1269
1270
1271
1272
1273
1274
1275
1276
1277
1278
1279
1280
1281
1282
1283
1284
1285
1286
1287
1288
1289
1290
1291
1292
1293
1294
1295
1296
1297
1298
1299
1300
1301
1302
1303
1304
1305
1306
1307
1308
1309
1310
1311
1312
1313
1314
1315
1316
1317
1318
1319
1320
1321
1322
1323
1324
1325
1326
1327
1328
1329
1330
1331
1332
1333
1334
1335
1336
1337
1338
1339
1340
1341
1342
1343
1344
1345
1346
1347
1348
1349
1350
1351
1352
1353
1354
1355
1356
1357
1358
1359
1360
1361
1362
1363
1364
1365
1366
1367
1368
1369
1370
1371
1372
1373
1374
1375
1376
1377
1378
1379
1380
1381
1382
1383
1384
1385
1386
1387
1388
1389
1390
1391
1392
1393
1394
1395
1396
1397
1398
1399
1400
1401
1402
1403
1404
1405
1406
1407
1408
1409
1410
1411
1412
1413
1414
1415
1416
1417
1418
1419
1420
1421
1422
1423
1424
1425
1426
1427
1428
1429
1430
1431
1432
1433
1434
1435
1436
1437
1438
1439
1440
1441
1442
1443
1444
1445
1446
1447
1448
1449
1450
1451
1452
1453
1454
1455
1456
1457
1458
1459
1460
1461
1462
1463
1464
1465
1466
1467
1468
1469
1470
1471
1472
1473
1474
1475
1476
1477
1478
1479
1480
1481
1482
1483
1484
1485
1486
1487
1488
1489
1490
1491
1492
1493
1494
1495
1496
1497
1498
1499
1500
1501
1502
1503
1504
1505
1506
1507
1508
1509
1510
1511
1512
1513
1514
1515
1516
1517
1518
1519
1520
1521
1522
1523
1524
1525
1526
1527
1528
1529
1530
1531
1532
1533
1534
1535
1536
1537
1538
1539
1540
1541
1542
1543
1544
1545
1546
1547
1548
1549
1550
1551
1552
1553
1554
1555
1556
1557
1558
1559
1560
1561
1562
1563
1564
1565
1566
1567
1568
1569
1570
1571
1572
1573
1574
1575
1576
1577
1578
1579
1580
1581
1582
1583
1584
1585
1586
1587
1588
1589
1590
1591
1592
1593
1594
1595
1596
1597
1598
1599
1600
1601
1602
1603
1604
1605
1606
1607
1608
1609
1610
1611
1612
1613
1614
1615
1616
1617
1618
1619
1620
1621
1622
1623
1624
1625
1626
1627
1628
1629
1630
1631
1632
1633
1634
1635
1636
1637
1638
1639
1640
1641
1642
1643
1644
1645
1646
1647
1648
1649
1650
1651
1652
1653
1654
1655
1656
1657
1658
1659
1660
1661
1662
1663
1664
1665
1666
1667
1668
1669
1670
1671
1672
1673
1674
1675
1676
1677
1678
1679
1680
1681
1682
1683
1684
1685
1686
1687
1688
1689
1690
1691
1692
1693
1694
1695
1696
1697
1698
1699
1700
1701
1702
1703
1704
1705
1706
1707
1708
1709
1710
1711
1712
1713
1714
1715
1716
1717
1718
1719
1720
1721
1722
1723
1724
1725
1726
1727
1728
1729
1730
1731
1732
1733
1734
1735
1736
1737
1738
1739
1740
1741
1742
1743
1744
1745
1746
1747
1748
1749
1750
1751
1752
1753
1754
1755
1756
1757
1758
1759
1760
1761
1762
1763
1764
1765
1766
1767
1768
1769
1770
1771
1772
1773
1774
1775
1776
1777
1778
1779
1780
1781
1782
1783
1784
1785
1786
1787
1788
1789
1790
1791
1792
1793
1794
1795
1796
1797
1798
1799
1800
1801
1802
1803
1804
1805
1806
1807
1808
1809
1810
1811
1812
1813
1814
1815
1816
1817
1818
1819
1820
1821
1822
1823
1824
1825
1826
1827
1828
1829
1830
1831
1832
1833
1834
1835
1836
1837
1838
1839
1840
1841
1842
1843
1844
1845
1846
1847
1848
1849
1850
1851
1852
1853
1854
1855
1856
1857
1858
1859
1860
1861
1862
1863
1864
1865
1866
1867
1868
1869
1870
1871
1872
1873
1874
1875
1876
1877
1878
1879
1880
1881
1882
1883
1884
1885
1886
1887
1888
1889
1890
1891
1892
1893
1894
1895
1896
1897
1898
1899
1900
1901
1902
1903
1904
1905
1906
1907
1908
1909
1910
1911
1912
1913
1914
1915
1916
1917
1918
1919
1920
1921
1922
1923
1924
1925
1926
1927
1928
1929
1930
1931
1932
1933
1934
1935
1936
1937
1938
1939
1940
1941
1942
1943
1944
1945
1946
1947
1948
1949
1950
1951
1952
1953
1954
1955
1956
1957
1958
1959
1960
1961
1962
1963
1964
1965
1966
1967
1968
1969
1970
1971
1972
1973
1974
1975
1976
1977
1978
1979
1980
1981
1982
1983
1984
1985
1986
1987
1988
1989
1990
1991
1992
1993
1994
1995
1996
1997
1998
1999
2000
2001
2002
2003
2004
2005
2006
2007
2008
2009
2010
2011
2012
2013
2014
2015
2016
2017
2018
2019
2020
2021
2022
2023
2024
2025
2026
2027
2028
2029
2030
2031
2032
2033
2034
2035
2036
2037
2038
2039
2040
2041
2042
2043
2044
2045
2046
2047
2048
2049
2050
2051
2052
2053
2054
2055
2056
2057
2058
2059
2060
2061
2062
2063
2064
2065
2066
2067
2068
2069
2070
2071
2072
2073
2074
2075
2076
2077
2078
2079
2080
2081
2082
2083
2084
2085
2086
2087
2088
2089
2090
2091
2092
2093
2094
2095
2096
2097
2098
2099
2100
2101
2102
2103
2104
2105
2106
2107
2108
2109
2110
2111
2112
2113
2114
2115
2116
2117
2118
2119
2120
2121
2122
2123
2124
2125
2126
2127
2128
2129
2130
2131
2132
2133
2134
2135
2136
2137
2138
2139
2140
2141
2142
2143
2144
2145
2146
2147
2148
2149
2150
2151
2152
2153
2154
2155
2156
2157
2158
2159
2160
2161
2162
2163
2164
2165
2166
2167
2168
2169
2170
2171
2172
2173
2174
2175
2176
2177
2178
2179
2180
2181
2182
2183
2184
2185
2186
2187
2188
2189
2190
2191
2192
2193
2194
2195
2196
2197
2198
2199
2200
2201
2202
2203
2204
2205
2206
2207
2208
2209
2210
2211
2212
2213
2214
2215
2216
2217
2218
2219
2220
2221
2222
2223
2224
2225
2226
2227
2228
2229
2230
2231
2232
2233
2234
2235
2236
2237
2238
2239
2240
2241
2242
2243
2244
2245
2246
2247
2248
2249
2250
2251
2252
2253
2254
2255
2256
2257
2258
2259
2260
2261
2262
2263
2264
2265
2266
2267
2268
2269
2270
2271
2272
2273
2274
2275
2276
2277
2278
2279
2280
2281
2282
2283
2284
2285
2286
2287
2288
2289
2290
2291
2292
2293
2294
2295
2296
2297
2298
2299
2300
2301
2302
2303
2304
2305
2306
2307
2308
2309
2310
2311
2312
2313
2314
2315
2316
2317
2318
2319
2320
2321
2322
2323
2324
2325
2326
2327
2328
2329
2330
2331
2332
2333
2334
2335
2336
2337
2338
2339
2340
2341
2342
2343
2344
2345
2346
2347
2348
2349
2350
2351
2352
2353
2354
2355
2356
2357
2358
2359
2360
2361
2362
2363
2364
2365
2366
2367
2368
2369
2370
2371
2372
2373
2374
2375
2376
2377
2378
2379
2380
2381
2382
2383
2384
2385
2386
2387
2388
2389
2390
2391
2392
2393
2394
2395
2396
2397
2398
2399
2400
2401
2402
2403
2404
2405
2406
2407
2408
2409
2410
2411
2412
2413
2414
2415
2416
2417
2418
2419
2420
2421
2422
2423
2424
2425
2426
2427
2428
2429
2430
2431
2432
2433
2434
2435
2436
2437
2438
2439
2440
2441
2442
2443
2444
2445
2446
2447
2448
2449
2450
2451
2452
2453
2454
2455
2456
2457
2458
2459
2460
2461
2462
2463
2464
2465
2466
2467
2468
2469
2470
2471
2472
2473
2474
2475
2476
2477
2478
2479
2480
2481
2482
2483
2484
2485
2486
2487
2488
2489
2490
2491
2492
2493
2494
2495
2496
2497
2498
2499
2500
2501
2502
2503
2504
2505
2506
2507
2508
2509
2510
2511
2512
2513
2514
2515
2516
2517
2518
2519
2520
2521
2522
2523
2524
2525
2526
2527
2528
2529
2530
2531
2532
2533
2534
2535
2536
2537
2538
2539
2540
2541
2542
2543
2544
2545
2546
2547
2548
2549
2550
2551
2552
2553
2554
2555
2556
2557
2558
2559
2560
2561
2562
2563
2564
2565
2566
2567
2568
2569
2570
2571
2572
2573
2574
2575
2576
2577
2578
2579
2580
2581
2582
2583
2584
2585
2586
2587
2588
2589
2590
2591
2592
2593
2594
2595
2596
2597
2598
2599
2600
2601
2602
2603
2604
2605
2606
2607
2608
2609
2610
2611
2612
2613
2614
2615
2616
2617
2618
2619
2620
2621
2622
2623
2624
2625
2626
2627
2628
2629
2630
2631
2632
2633
2634
2635
2636
2637
2638
2639
2640
2641
2642
2643
2644
2645
2646
2647
2648
2649
2650
2651
2652
2653
2654
2655
2656
2657
2658
2659
2660
2661
2662
2663
2664
2665
2666
2667
2668
2669
2670
2671
2672
2673
2674
2675
2676
2677
2678
2679
2680
2681
2682
2683
2684
2685
2686
2687
2688
2689
2690
2691
2692
2693
2694
2695
2696
2697
2698
2699
2700
2701
2702
2703
2704
2705
2706
2707
2708
2709
2710
2711
2712
2713
2714
2715
2716
2717
2718
2719
2720
2721
2722
2723
2724
2725
2726
2727
2728
2729
2730
2731
2732
2733
2734
2735
2736
2737
2738
2739
2740
2741
2742
2743
2744
2745
2746
2747
2748
2749
2750
2751
2752
2753
2754
2755
2756
2757
2758
2759
2760
2761
2762
2763
2764
2765
2766
2767
2768
2769
2770
2771
2772
2773
2774
2775
2776
2777
2778
2779
2780
2781
2782
2783
2784
2785
2786
2787
2788
2789
2790
2791
2792
2793
2794
2795
2796
2797
2798
2799
2800
2801
2802
2803
2804
2805
2806
2807
2808
2809
2810
2811
2812
2813
2814
2815
2816
2817
2818
2819
2820
2821
2822
2823
2824
2825
2826
2827
2828
2829
2830
2831
2832
2833
2834
2835
2836
2837
2838
2839
2840
2841
2842
2843
2844
2845
2846
2847
2848
2849
2850
2851
2852
2853
2854
2855
2856
2857
2858
2859
2860
2861
2862
2863
2864
2865
2866
2867
2868
2869
2870
2871
2872
2873
2874
2875
2876
2877
2878
2879
2880
2881
2882
2883
2884
2885
2886
2887
2888
2889
2890
2891
2892
2893
2894
2895
2896
2897
2898
2899
2900
2901
2902
2903
2904
2905
2906
2907
2908
2909
2910
2911
2912
2913
2914
2915
2916
2917
2918
2919
2920
2921
2922
2923
2924
2925
2926
2927
2928
2929
2930
2931
2932
2933
2934
2935
2936
2937
2938
2939
2940
2941
2942
2943
2944
2945
2946
2947
2948
2949
2950
2951
2952
2953
2954
2955
2956
2957
2958
2959
2960
2961
2962
2963
2964
2965
2966
2967
2968
2969
2970
2971
2972
2973
2974
2975
2976
2977
2978
2979
2980
2981
2982
2983
2984
2985
2986
2987
2988
2989
2990
2991
2992
2993
2994
2995
2996
2997
2998
2999
3000
3001
3002
3003
3004
3005
3006
3007
3008
3009
3010
3011
3012
3013
3014
3015
3016
3017
3018
3019
3020
3021
3022
3023
3024
3025
3026
3027
3028
3029
3030
3031
3032
3033
3034
3035
3036
3037
3038
3039
3040
3041
3042
3043
3044
3045
3046
3047
3048
3049
3050
3051
3052
3053
3054
3055
3056
3057
3058
3059
3060
3061
3062
3063
3064
3065
3066
3067
3068
3069
3070
3071
3072
3073
3074
3075
3076
3077
3078
3079
3080
3081
3082
3083
3084
3085
3086
3087
3088
3089
3090
3091
3092
3093
3094
3095
3096
3097
3098
3099
3100
3101
3102
3103
3104
3105
3106
3107
3108
3109
3110
3111
3112
3113
3114
3115
3116
3117
3118
3119
3120
3121
3122
3123
3124
3125
3126
3127
3128
3129
3130
3131
3132
3133
3134
3135
3136
3137
3138
3139
3140
3141
3142
3143
3144
3145
3146
3147
3148
3149
3150
3151
3152
3153
3154
3155
3156
3157
3158
3159
3160
3161
3162
3163
3164
3165
3166
3167
3168
3169
3170
3171
3172
3173
3174
3175
3176
3177
3178
3179
3180
3181
3182
3183
3184
3185
3186
3187
3188
3189
3190
3191
3192
3193
3194
3195
3196
3197
3198
3199
3200
3201
3202
3203
3204
3205
3206
3207
3208
3209
3210
3211
3212
3213
3214
3215
3216
3217
3218
3219
3220
3221
3222
3223
3224
3225
3226
3227
3228
3229
3230
3231
3232
3233
3234
3235
3236
3237
3238
3239
3240
3241
3242
3243
3244
3245
3246
3247
3248
3249
3250
3251
3252
3253
3254
3255
3256
3257
3258
3259
3260
3261
3262
3263
3264
3265
3266
3267
3268
3269
3270
3271
3272
3273
3274
3275
3276
3277
3278
3279
3280
3281
3282
3283
3284
3285
3286
3287
3288
3289
3290
3291
3292
3293
3294
3295
3296
3297
3298
3299
3300
3301
3302
3303
3304
3305
3306
3307
3308
3309
3310
3311
3312
3313
3314
3315
3316
3317
3318
3319
3320
3321
3322
3323
3324
3325
3326
3327
3328
3329
3330
3331
3332
3333
3334
3335
3336
3337
3338
3339
3340
3341
3342
3343
3344
3345
3346
3347
3348
3349
3350
3351
3352
3353
3354
3355
3356
3357
3358
3359
3360
3361
3362
3363
3364
3365
3366
3367
3368
3369
3370
3371
3372
3373
3374
3375
3376
3377
3378
3379
3380
3381
3382
3383
3384
3385
3386
3387
3388
3389
3390
3391
3392
3393
3394
3395
3396
3397
3398
3399
3400
3401
3402
3403
3404
3405
3406
3407
3408
3409
3410
3411
3412
3413
3414
3415
3416
3417
3418
3419
3420
3421
3422
3423
3424
3425
3426
3427
3428
3429
3430
3431
3432
3433
3434
3435
3436
3437
3438
3439
3440
3441
3442
3443
3444
3445
3446
3447
3448
3449
3450
3451
3452
3453
3454
3455
3456
3457
3458
3459
3460
3461
3462
3463
3464
3465
3466
3467
3468
3469
3470
3471
3472
3473
3474
3475
3476
3477
3478
3479
3480
3481
3482
3483
3484
3485
3486
3487
3488
3489
3490
3491
3492
3493
3494
3495
3496
3497
3498
3499
3500
3501
3502
3503
3504
3505
3506
3507
3508
3509
3510
3511
3512
3513
3514
3515
3516
3517
3518
3519
3520
3521
3522
3523
3524
3525
3526
3527
3528
3529
3530
3531
3532
3533
3534
3535
3536
3537
3538
3539
3540
3541
3542
3543
3544
3545
3546
3547
3548
3549
3550
3551
3552
3553
3554
3555
3556
3557
3558
3559
3560
3561
3562
3563
3564
3565
3566
3567
3568
3569
3570
3571
3572
3573
3574
3575
3576
3577
3578
3579
3580
3581
3582
3583
3584
3585
3586
3587
3588
3589
3590
3591
3592
3593
3594
3595
3596
3597
3598
3599
3600
3601
3602
3603
3604
3605
3606
3607
3608
3609
3610
3611
3612
3613
3614
3615
3616
3617
3618
3619
3620
3621
3622
3623
3624
3625
3626
3627
3628
3629
3630
3631
3632
3633
3634
3635
3636
3637
3638
3639
3640
3641
3642
3643
3644
3645
3646
3647
3648
3649
3650
3651
3652
3653
3654
3655
3656
3657
3658
3659
3660
3661
3662
3663
3664
3665
3666
3667
3668
3669
3670
3671
3672
3673
3674
3675
3676
3677
3678
3679
3680
3681
3682
3683
3684
3685
3686
3687
3688
3689
3690
3691
3692
3693
3694
3695
3696
3697
3698
3699
3700
3701
3702
3703
3704
3705
3706
3707
3708
3709
3710
3711
3712
3713
3714
3715
3716
3717
3718
3719
3720
3721
3722
3723
3724
3725
3726
3727
3728
3729
3730
3731
3732
3733
3734
3735
3736
3737
3738
3739
3740
3741
3742
3743
3744
3745
3746
3747
3748
3749
3750
3751
3752
3753
3754
3755
3756
3757
3758
3759
3760
3761
3762
3763
3764
3765
3766
3767
3768
3769
3770
3771
3772
3773
3774
3775
3776
3777
3778
3779
3780
3781
3782
3783
3784
3785
3786
3787
3788
3789
3790
3791
3792
3793
3794
3795
3796
3797
3798
3799
3800
3801
3802
3803
3804
3805
3806
3807
3808
3809
3810
3811
3812
3813
3814
3815
3816
3817
3818
3819
3820
3821
3822
3823
3824
3825
3826
3827
3828
3829
3830
3831
3832
3833
3834
3835
3836
3837
3838
3839
3840
3841
3842
3843
3844
3845
3846
3847
3848
3849
3850
3851
3852
3853
3854
3855
3856
3857
3858
3859
3860
3861
3862
3863
3864
3865
3866
3867
3868
3869
3870
3871
3872
3873
3874
3875
3876
3877
3878
3879
3880
3881
3882
3883
3884
3885
3886
3887
3888
3889
3890
3891
3892
3893
3894
3895
3896
3897
3898
3899
3900
3901
3902
3903
3904
3905
3906
3907
3908
3909
3910
3911
3912
3913
3914
3915
3916
3917
3918
3919
3920
3921
3922
3923
3924
3925
3926
3927
3928
3929
3930
3931
3932
3933
3934
3935
3936
3937
3938
3939
3940
3941
3942
3943
3944
3945
3946
3947
3948
3949
3950
3951
3952
3953
3954
3955
3956
3957
3958
3959
3960
3961
3962
3963
3964
3965
3966
3967
3968
3969
3970
3971
3972
3973
3974
3975
3976
3977
3978
3979
3980
3981
3982
3983
3984
3985
3986
3987
3988
3989
3990
3991
3992
3993
3994
3995
3996
3997
3998
3999
4000
4001
4002
4003
4004
4005
4006
4007
4008
4009
4010
4011
4012
4013
4014
4015
4016
4017
4018
4019
4020
4021
4022
4023
4024
4025
4026
4027
4028
4029
4030
4031
4032
4033
4034
4035
4036
4037
4038
4039
4040
4041
4042
4043
4044
4045
4046
4047
4048
4049
4050
4051
4052
4053
4054
4055
4056
4057
4058
4059
4060
4061
4062
4063
4064
4065
4066
4067
4068
4069
4070
4071
4072
4073
4074
4075
4076
4077
4078
4079
4080
4081
4082
4083
4084
4085
4086
4087
4088
4089
4090
4091
4092
4093
4094
4095
4096
4097
4098
4099
4100
4101
4102
4103
4104
4105
4106
4107
4108
4109
4110
4111
4112
4113
4114
4115
4116
4117
4118
4119
4120
4121
4122
4123
4124
4125
4126
4127
4128
4129
4130
4131
4132
4133
4134
4135
4136
4137
4138
4139
4140
4141
4142
4143
4144
4145
4146
4147
4148
4149
4150
4151
4152
4153
4154
4155
4156
4157
4158
4159
4160
4161
4162
4163
4164
4165
4166
4167
4168
4169
4170
4171
4172
4173
4174
4175
4176
4177
4178
4179
4180
4181
4182
4183
4184
4185
4186
4187
4188
4189
4190
4191
4192
4193
4194
4195
4196
4197
4198
4199
4200
4201
4202
4203
4204
4205
4206
4207
4208
4209
4210
4211
4212
4213
4214
4215
4216
4217
4218
4219
4220
4221
4222
4223
4224
4225
4226
4227
4228
4229
4230
4231
4232
4233
4234
4235
4236
4237
4238
4239
4240
4241
4242
4243
4244
4245
4246
4247
4248
4249
4250
4251
4252
4253
4254
4255
4256
4257
4258
4259
4260
4261
4262
4263
4264
4265
4266
4267
4268
4269
4270
4271
4272
4273
4274
4275
4276
4277
4278
4279
4280
4281
4282
4283
4284
4285
4286
4287
4288
4289
4290
4291
4292
4293
4294
4295
4296
4297
4298
4299
4300
4301
4302
4303
4304
4305
4306
4307
4308
4309
4310
4311
4312
4313
4314
4315
0.3079049867592831 0.3504938291247903 0
0.3938578761155132 0.165602797837781 0
1.843117716366295 0.6244174802203134 0
0.1880900343982442 0.5976299879839768 0
2.150341749912024 0.8069133499793449 0
0.3812634266497384 0.02308289617308754 0
0.8782680693098915 0.8264130525438784 0
1.364236171536167 0.7963793191562362 0
0.2288088563342845 0.04588707984879105 0
0.5473329609185439 0.04528185597049421 0
0.4977532441748249 0.04665108069299485 0
0.5465503962131483 0.1706778654901907 0
0.6532419275613954 0.2544095858466056 0
0.5444725688438896 0.08730647247734831 0
0.5436085506459755 0.1287491406693249 0
0.5767263671586932 0.2447540222930054 0
0.6975910036551732 0.2526578586725024 0
0.7440753842823763 0.2513759691311238 0
2.06539080883952 0.6035719279622141 0
2.530961583098041 0.6568199843706782 0
2.166820218711669 0.5547256841648361 0
2.400149385487119 0.8273685751175381 0
0.02827056588041586 0.6290827764703755 0
2.373193550636848 0.433077677909574 0
0.4229017667165501 0.8166272651360191 0
0.8387626947128346 0.2509518717346949 0
0.7913875687514991 0.2509068418126092 0
0.8862868548118029 0.2512921838167115 0
0.9341178103282302 0.2513117709939283 0
1.08094551773229 0.2491996833423211 0
1.211485135626353 0.5176041819975534 0
1.03127968889591 0.2499832468957517 0
0.9823856887905936 0.2507463706418884 0
2.619753315520453 0.359495499445095 0
2.392974169063764 0.4835954899137184 0
1.936520787708321 0.4239365314130722 0
2.079921903328492 0.450943828180678 0
1.617486917767675 0.6717251293918283 0
1.904571156258026 0.7765650330264984 0
0.1863528787521699 0.8420480862721982 0
2.834912814379853 0.4568030602127076 0
1.722835851009322 0.3237885804398594 0
0.3215910877138538 0.705760202925561 0
2.226800045219435 0.7567014297344222 0
1.126489077641107 0.7446122413482076 0
2.425315752466155 0.8514358165789153 0
0.987108345124215 0.6224954250892818 0
2.947530813655776 0.881390024866946 0
2.600346401057666 0.8286845974321748 0
2.282445161836603 0.3798945706047889 0
2.548263419035829 0.3597010513616549 0
1.616904890209268 0.3699627587921938 0
2.113468668429514 0.3750397243920611 0
0.08303862343471238 0.668314862657722 0
1.581668408038378 0.7989613945997036 0
1.187594174223292 0.3449580808850383 0
1.287713686242342 0.2709086074565596 0
1.837194286319539 0.9497446855037632 0
2.951485586929182 0.3000781562578941 0
2.636650875164188 0.5337248195470234 0
0.4795642426377899 0.6106912178951043 0
1.757937228190464 0.4726370899438661 0
2.258696667600021 0.6317072390441654 0
2.491148420973901 0.4847188778818289 0
2.349312857321778 0.8524391659994013 0
1.79299433911041 0.3738901880361841 0
1.339112899906004 0.3920967291527421 0
1.51004887088795 0.4674883848868039 0
2.951098034909194 0.2746650916562239 0
1.130212327876628 0.9476843986400132 0
1.180324724380514 0.2237674538462801 0
2.824777184041035 0.7551796439351506 0
2.295296626614645 0.481634626151811 0
2.613089067444005 0.509298053891532 0
1.488362383296319 0.9757532821367295 0
2.974739587411072 0.9520007030157887 0
1.251754402003226 0.6933353675807116 0
2.715037543553551 0.3829970385455974 0
1.277795839757964 0.6680915358389329 0
1.37670366037954 0.6433859290922872 0
2.906283218548966 0.5594285975716075 0
2.567838105735068 0.4352270975317521 0
1.753695835380939 0.7983749596842754 0
2.635462189811937 0.5583195154780721 0
0.7566161330003608 0.8058245485185976 0
1.389451068037232 0.3918490212008661 0
2.726401063075416 0.9756917525258654 0
2.072093464982994 0.5273283543773029 0
2.300399970802933 0.7804220208248575 0
1.286811804455388 0.2470640039596279 0
2.181782674799157 0.6814135436544696 0
0.5008622026854193 0.8148125785895257 0
1.501690624908079 0.5939259251121162 0
1.221511185313921 0.7692008075290895 0
0.2013922381297122 0.3059151479602941 0
0.1246265842152596 0.1159905669346132 0
2.174177461996209 0.8319149239694741 0
1.331115501148306 0.5923370959473149 0
0.9375634424876724 0.6494727413090948 0
0.7944241527422857 0.9260088979809183 0
1.544500374795925 0.6709741920193231 0
0.07758270354988689 0.9310416171730176 0
2.823799511630562 0.779745492475812 0
0.3740583443664723 0.6145644075354381 0
0.9626858649142991 0.6233969395247373 0
2.681682121199189 0.6315934624615205 0
2.110195352981398 0.6552028125542941 0
0.2639999836706521 0.864164114195085 0
2.327828763145189 0.9504002069500477 0
1.168320379660526 0.819918881424434 0
0.206151863288193 0.419253359545474 0
0.3224080353931676 0.2133455984811825 0
0.1490802719633954 0.2116490206834755 0
0.1770201933601527 0.9773152038652533 0
1.269980373693 0.769488921533496 0
0.05545328053484909 0.71239231046795 0
1.247916976286582 0.7439636794594923 0
0.02500522296412658 0.07105083817659132 0
0.07510821411874169 0.09326052983043286 0
0.1258654613303164 0.06856807655076698 0
0.3458809868981504 0.5485012490098885 0
1.50392316165659 0.8499188022221018 0
0.2470958945110438 0.1412245736768868 0
0.3200122332336595 0.5715578921310434 0
1.537959310709706 0.7476465369503041 0
0.2799477774330777 0.3283756118096327 0
2.823028103323238 0.8043092804455003 0
0.1342209365460391 0.5775556821721808 0
0.226916713280564 0.3058285924339088 0
0.4525657268047899 0.5667457412917971 0
0.5137405964768431 0.9766477379371512 0
0.4446049428578099 0.8847881871104125 0
0.4665221802306323 0.1386814703945049 0
0.4491353341648409 0.2328585921404722 0
2.228039997928304 0.7317169766872416 0
0.1011464919267403 0.02270764535282746 0
0.2051271876952946 0.3968948942673831 0
1.229082176849221 0.6680789348970038 0
0.05002308325943064 0.09392231527156548 0
0.1309133430840672 0.5109317937526611 0
2.014158720555045 0.9523121383379524 0
0.05361914919291207 0.5614040710987224 0
0.3139739994516221 0.4388839746236853 0
0.3450708651419856 0.5263109036716958 0
0.4476371118824549 0.8389365497313753 0
1.187014622939643 0.870548931195082 0
2.726882354864531 0.7296919132971238 0
0.8867426623026832 0.7018520458027453 0
0.2511975784192176 0.2827743103499381 0
0.2982031665229704 0.09459057549833255 0
0.2686460600984058 0.7293373188755433 0
0.1895545381115392 0.6643415184988652 0
2.797959042458792 0.9021384360904614 0
0.8167050760257959 0.6079834507812129 0
0.2152413594980317 0.6190446996573506 0
0.1761836427492835 0.06831589351219725 0
2.924745217861819 0.9757865122103611 0
1.57921844487593 0.8245098611966134 0
0.5844748107046194 0.6057777308610662 0
1.484897829405645 0.7984188365681633 0
2.005205933766809 0.7541398177957589 0
1.259213085315224 0.8711199523342547 0
2.574765469031018 0.952074685057392 0
1.216700362221119 0.8198492608822324 0
0.4461943616339425 0.8618497278117532 0
0.6055303675911324 0.7884734442115022 0
0.4945041211909038 0.9070855129912583 0
0.4216494621739078 0.8394613282862545 0
0.9625875654352365 0.9505394437644434 0
2.550251166369198 0.9024175904572665 0
1.105642360328102 0.6945908505168962 0
1.41249849136523 0.7972656424804846 0
0.9510371339723921 0.8246561351939748 0
0.9354713610189527 0.6996296238464389 0
1.892295842244314 0.625361546802754 0
2.508421011042962 0.6078843094794042 0
1.654881962967194 0.7984999666914843 0
0.5458027941693451 0.9064316975763121 0
2.873174538436592 0.9271119826785169 0
1.158513343633282 0.618376934878633 0
0.2154495698207011 0.7526754576619173 0
0.9632339933280575 0.5983761841195876 0
1.920616492628987 0.8768547418901934 0
1.302118783617519 0.6681998692212171 0
0.6839250590525739 0.7617175661493075 0
1.307970317322371 0.5670597374764401 0
2.175123351313982 0.8069573893836216 0
2.375814279934319 0.7791467882701087 0
2.803507168226627 0.6809400199288321 0
2.80785028112644 0.5822102018739254 0
2.39514663042501 0.4586260255403359 0
0.4004870828598774 0.6136937968676991 0
1.340146167966088 0.294639603518542 0
1.612770943047659 0.4195474270013093 0
2.397508438038351 0.2538070145170926 0
2.880593435518239 0.3271386015190463 0
2.725164343703826 0.9512721176697558 0
1.503450586278198 0.5685292795825403 0
1.954382849258213 0.2733618264092807 0
2.24639919132307 0.3019807738523976 0
1.288983170078839 0.3434575284538853 0
2.349960997812736 0.8038718183666738 0
1.495968785252817 0.293818854628986 0
1.86521711853882 0.3987929958694935 0
2.341869915030184 0.5077115858452212 0
1.601777435285957 0.2712775620235217 0
0.9877202776528587 0.597482459272056 0
2.225697280768707 0.781653696682479 0
2.183440123682894 0.6562157612533424 0
1.076013786795351 0.7708081047998725 0
0.4796636229715633 0.6559356856986548 0
1.482289542453663 0.5175556207636069 0
2.43920837358837 0.2805630783025518 0
2.930609862653584 0.5346154797004382 0
1.173668440304546 0.9734261167407695 0
2.575314044535685 0.8532957294767045 0
2.27625585379237 0.4305560994309717 0
2.244256615572976 0.5056909635221634 0
0.5539171391009988 0.7902812843419427 0
1.312072741909609 0.4667161267453949 0
2.711879640275321 0.5082208918278963 0
1.979962579875264 0.4749046114848617 0
1.28837363440661 0.2949325806852089 0
0.8363498274945542 0.9752609606658803 0
1.522249479361693 0.6451731599912119 0
1.825222579409941 0.5486849909136419 0
1.549933181978147 0.270163168654335 0
2.553452521914318 0.2820370530563667 0
1.674932924647991 0.571349085157471 0
1.873771642591376 0.324089547196151 0
0.8415034263237844 0.5806072812976786 0
1.843097788231779 0.3739562505682026 0
0.9619258703339395 0.6484603384634173 0
2.899036265150523 0.7585713082367465 0
0.02582757174676074 0.930657316586697 0
0.1001420998636185 0.9768284288586161 0
2.921805180675534 0.856648543404312 0
2.177436757611379 0.7568524130130027 0
1.051808260201233 0.7713938655152837 0
2.452874082690596 0.7300998334462264 0
0.629715434566492 0.8108656731864133 0
1.539780376573879 0.976090428194838 0
1.737961214423697 0.6980861152637554 0
1.207929825179377 0.8960492734478087 0
1.807711870701518 0.7492232385743264 0
2.714152796125485 0.433435405586312 0
2.502308891222319 0.7545702489242968 0
1.793928276825265 0.898503353824287 0
1.306677308216581 0.5922863062731468 0
2.016715136962278 0.6025818634468707 0
1.677087036380067 0.8234672336967478 0
2.847138979341171 0.8782233868687481 0
2.379720816746562 0.6813852574007131 0
2.207923159875065 0.6564381992576205 0
0.6583070103198313 0.7629593360230739 0
2.475328040215143 0.9497504687537778 0
2.251368705446182 0.9532430598474957 0
0.6068221773784849 0.7652333081941787 0
1.890160221125948 0.6505286601105323 0
0.2158230374503086 0.7304089948587897 0
1.501198087705645 0.8754515002432888 0
0.8376854326126242 0.7046096115074478 0
2.374821893132643 0.8276809434382548 0
1.473843446288706 0.9005382000648922 0
0.4510254841728086 0.7703906667134413 0
1.78948740605884 0.6737165959991092 0
2.725903211057683 0.7543169643227599 0
2.698884981355252 0.853055573159359 0
1.211333929634543 0.2957211393033657 0
2.352701914648276 0.9495492264716288 0
2.023541338654815 0.5264163530300632 0
0.2651671020217609 0.8416092139270346 0
1.557677032979746 0.4935047802289231 0
0.3733200096961805 0.7496338302504147 0
0.6356302444809515 0.6945240994531858 0
1.970700239747049 0.8780812610235464 0
1.064141928773323 0.8976321503907838 0
2.675619671944391 0.7791252858997023 0
2.001222238754585 0.2980524638105626 0
0.4428787739892381 0.9077473516942307 0
1.881903166174076 0.7509051678653511 0
2.255090368019204 0.4044949024870824 0
1.906742237446771 0.2491447908411628 0
1.868185728313247 0.9004526027090414 0
2.76042577324855 0.2786273460177978 0
1.536412674497099 0.4428070786766225 0
1.570859380247939 0.3192840773910814 0
1.568699608405424 0.3438684794553026 0
0.02671110926394705 0.8640947025089858 0
0.4779451480165074 0.7468459980698248 0
1.883035505348149 0.9753933712594502 0
2.734674502369067 0.5574624892481329 0
1.141590648860955 0.8454822051285611 0
1.158895623598381 0.2722740725251018 0
1.021045675238211 0.848075999257755 0
2.525708158922689 0.85268736381605 0
2.810301541894469 0.3546976968749859 0
1.411218199249248 0.4665797148734643 0
2.302678028444163 0.951430491436614 0
2.415524455334923 0.5088165010919297 0
1.899050860054094 0.5497775710234011 0
0.9391078248264455 0.5494766271850072 0
0.8900900683484071 0.5518667438261589 0
0.8414739451271669 0.5555062076050293 0
0.7928940709962988 0.5617445884657809 0
0.136507180533906 0.6660978976817666 0
1.087220538576093 0.5448588776460577 0
2.252761583581515 0.7315710992700214 0
1.037786391744749 0.5461521186980431 0
0.9883871837675281 0.54766225951777 0
2.533362658315628 0.6078636215421367 0
1.088003010448648 0.4952675891173983 0
1.038251317756896 0.4966480727643533 0
0.9884697835274568 0.4981877725303657 0
0.9387122082080166 0.4999128891987439 0
0.8891357339383268 0.5019797699656295 0
0.8401719641154958 0.5049776318133152 0
0.7925873840188302 0.5112466385933627 0
0.5320768408884429 0.60836937562809 0
2.9034546782569 0.6603335095829851 0
1.460759654113133 0.7980792715604157 0
2.120222463778319 0.9298953805722565 0
0.1358027388883084 0.6218716871136608 0
1.511462899821288 0.7730550908545384 0
0.5583732256521055 0.6298609231254257 0
0.04931169165473076 0.4245340660533615 0
0.8803146682782771 0.8015076051453202 0
2.087713022333023 0.6294215146557044 0
1.562168251133357 0.7478048503117746 0
0.225809379797189 0.2827189836514329 0
0.3249293225907127 0.07101633856307663 0
0.4306278016307895 0.02289283008302011 0
2.783158100034176 0.5820624132452921 0
0.8680295970506886 0.9259198619487158 0
1.061575075446885 0.9231032240808317 0
0.7666737795038658 0.9505865808529531 0
2.950798962305494 0.7152029100919559 0
2.881451765483683 0.583828871929546 0
0.7365729576876304 0.4821353796398585 0
0.6352154108203993 0.5345325019650864 0
0.7412545031111896 0.5252717634075545 0
0.687750470805544 0.5310542892849136 0
0.7417952450917901 0.5706036925917647 0
0.6891855424227861 0.5761564718800947 0
0.6365877041584459 0.5800041477567209 0
0.2413571491930604 0.774562966948837 0
0.5309582348232827 0.5402771850376459 0
0.5831336121937168 0.5374426285361555 0
0.3711173503671088 0.09448390452932366 0
0.9826580860946872 0.7229960685472041 0
0.2478848705667564 0.2125865203140535 0
0.5841982800594084 0.5830172875954653 0
0.5318271718765812 0.5856752326924966 0
0.9131991368965243 0.6506242234466465 0
0.1989850405390153 0.2356965908783631 0
0.4575932450519418 0.2790281205862232 0
0.3975912824095369 0.07033489112215077 0
0.504027631243518 0.7460224964211327 0
0.07526224439892996 0.3067254402026622 0
0.2988627800665955 0.2366089557145893 0
0.256656370923379 0.3735952003360395 0
0.4188780655818483 0.3908736286561703 0
0.3704994796133692 0.1896452538101806 0
0.07540739440189924 0.4463107682248877 0
0.07538279671417425 0.02318757328067342 0
0.1001376882280172 0.2593643438044783 0
0.4217351528782403 0.2115027244522795 0
0.1562930671519734 0.4875629591722551 0
0.419653005678158 0.1882412865455589 0
2.797838526699068 0.8285159098318209 0
2.758417671342614 0.5820475870666127 0
1.637455065033585 0.7226124724908716 0
0.08256647095969626 0.6247358896449779 0
0.953140594340401 0.7994118263131142 0
0.1980029662617376 0.1881125879762696 0
2.401754211056674 0.7545904134410462 0
0.4687266354138196 0.9074049391306321 0
0.2032096227147089 0.351761660026208 0
0.1828725519216967 0.4866600247227251 0
0.4421091105895776 0.3460378325258333 0
1.608391596800262 0.7733974934354297 0
0.3456476806057717 0.7954328043915216 0
0.1616027188409779 0.5985867343121463 0
0.1753329359612164 0.2827233634233721 0
0.2815424916920573 0.3508528055251089 0
1.5160235119411 0.7218178611613084 0
2.629651848734714 0.6809701312693081 0
0.4216154703370542 0.07015722653174225 0
0.1740018017527935 0.115929741339976 0
2.091805446268707 0.578662785124421 0
0.1506610289046333 0.3062268838983849 0
0.09953421947133709 0.1640134409950197 0
0.1033594689040228 0.490011228997802 0
0.07478599858638894 0.1643721501835216 0
2.50171585572623 0.7789847922719126 0
0.3951709881313228 0.09423373622286471 0
0.09959272702618552 0.1401627896800912 0
0.02532319300777708 0.4972613779028123 0
1.66614145387598 0.9744416036807143 0
0.4694789276706445 0.3442158732243403 0
2.802312905632015 0.7055303400889071 0
0.290698723407013 0.5058271583951691 0
0.2593035970944475 0.9320238568105227 0
0.4925780152962408 0.09167445019265523 0
0.3458938584443528 0.1898385585675073 0
0.4514830961516592 0.5218769949217804 0
0.02445201224381385 0.3773628826391186 0
0.1006186493082301 0.0690982247279643 0
0.181746033226603 0.4644556285737069 0
0.1488499295566389 0.1877279005778915 0
0.4939970034459135 0.180706019332121 0
0.4914848464789243 0.1362110536819394 0
0.4760881769364688 0.7925422517889278 0
0.4732638483059778 0.3873077978764379 0
2.213412122244924 0.5808924189831126 0
0.5513558080702389 0.2118831167198774 0
0.4985156853782207 0.2251943377227618 0
0.47167431781277 0.3656883088629588 0
0.468996483596575 0.1843704525724673 0
0.2361671799996527 0.4851566974715688 0
2.349513437320794 0.8281828379829514 0
0.253939403600316 0.3285588162522987 0
0.05038968346970412 0.235840894060977 0
2.976608207424936 0.6431166735136398 0
1.059503677253057 0.6453818991817002 0
0.3563361609211426 0.305115746168613 0
1.150775937614477 0.7442849638076801 0
0.5923657028782288 0.9527883174264895 0
0.3475843139309097 0.7276563470446336 0
1.176975781288109 0.7188057357211796 0
0.4017370105838122 0.2588552361067466 0
0.2766889933468511 0.2828317421304468 0
0.07476670359966522 0.3770603526410853 0
0.4225528943834442 0.4565668744492538 0
0.07507733048444873 0.211941705389742 0
2.199921893355638 0.8068419955474455 0
0.2736448335540362 0.09421020853303463 0
0.4253372694159007 0.04642026313774968 0
0.2226074761141087 0.1884698188296778 0
0.29754560739002 0.2131855960226721 0
0.1779846028983589 0.04489081240104864 0
0.1083296166677171 0.7764039660577093 0
0.5946080259763069 0.9291620746698689 0
0.3480666735008158 0.6826387286908788 0
0.2539008208240932 0.04653701583535327 0
0.3431452447536327 0.4820897884280275 0
1.647744514203504 0.8742435492312947 0
1.289193187574516 0.8206108168009887 0
0.2072278802624187 0.441515186721756 0
0.4760368275976206 0.4532976747652732 0
0.4699274342466085 0.06984298263148704 0
0.2292044264660993 0.3514502665058639 0
1.211082905299243 0.8705950517219502 0
2.698992472328245 0.9023148574162838 0
0.1320685478782154 0.5331688535123424 0
0.2676002361612953 0.5952990420447887 0
0.4751906745520259 0.2539617698938116 0
1.796421024051837 0.8736374958739932 0
0.0503907821417626 0.2830214386142983 0
0.504753909701906 0.5416675254106209 0
0.4426910141881523 0.1635566000741611 0
0.938285085218037 0.6244179752396829 0
0.2410861613170822 0.5960284882747405 0
0.3731325499076361 0.5698638874014549 0
1.266852357075505 0.9741246408028504 0
2.154209451007032 0.7315930514014222 0
2.500677555117938 0.8767401860392867 0
0.2884361980301487 0.4616672795239988 0
0.04996013287081734 0.02350184517212262 0
0.3969344372078071 0.2125318623444103 0
0.6327022945429219 0.4416404283864054 0
0.683933097790921 0.4386917664149146 0
0.7367252798362343 0.4374697736926145 0
0.6840344831711348 0.4859258113277528 0
0.6329678096297756 0.4886088699413004 0
0.5298496984223156 0.4948106554995887 0
0.5817320322743759 0.4915657081910245 0
0.2365342779180984 0.8868122284732278 0
0.2660094761634917 0.550856650890678 0
1.993626532549605 0.9032634735382405 0
0.5812711188606745 0.4453400627709239 0
0.5290099145758392 0.4493937458766111 0
1.744536039077795 0.6227664417246397 0
2.579821108473165 0.6811856181195607 0
0.5819796829784739 0.3997834362881984 0
0.6348793521378754 0.3956772542750158 0
0.7417064328248599 0.393982365485982 0
0.6879672144990735 0.393400882767087 0
0.6905539926221959 0.3483756822031678 0
0.7430706962996192 0.348380170721679 0
0.5827988055303476 0.355400616740822 0
0.6371667363574492 0.3505241297250878 0
0.2939957355019623 0.7737448072703653 0
0.1538056232897954 0.02205953174714473 0
1.36895644881576 0.7453262577080751 0
0.528350087653403 0.4045852061442607 0
0.5267430945782036 0.360865041903562 0
0.148937319009477 0.1397846201813192 0
0.02494694015141768 0.1419886470099073 0
0.3280772793281803 0.0473527834221279 0
1.697436814825132 0.5968936315194276 0
0.4256849239465553 0.7483358835973793 0
0.5215003824585797 0.3185822627288611 0
0.4059736378162223 0.02294604015425762 0
0.5573032632374861 0.2800440928757161 0
0.5084931828683276 0.2717761336168024 0
0.6934650762098348 0.3023330336588274 0
0.743963237006013 0.3010480459108814 0
0.641266249614294 0.3053680218331485 0
0.5852676795356088 0.313239669326839 0
0.61509542081968 0.2492073712290172 0
1.717514002954215 0.3728056744945555 0
2.322739254099052 0.2785446555816758 0
1.449485095281342 0.6442236389160555 0
2.232922358751745 0.2505031435426534 0
1.726572368604062 0.8231784261788017 0
0.3942615465316835 0.8627803952494311 0
0.1828764910193155 0.9093396492795042 0
1.212154585017958 0.4926796608876313 0
0.7930296950107141 0.301710282273091 0
0.9368358592438226 0.3018310035348996 0
0.8885425601350729 0.3023197267574442 0
1.035005515348195 0.2995975954644661 0
0.9856775769039428 0.3008243129151756 0
1.694855409696645 0.3476395747085604 0
1.084827242785604 0.2983431533241034 0
2.64476841472853 0.2817428175557015 0
1.087028290984159 0.3474998117037623 0
1.037091997173592 0.3489956130247248 0
0.9874395941102299 0.3505245471544751 0
0.840789018062211 0.3022610172214845 0
0.8893834740352409 0.3530294291442839 0
0.9381476313299997 0.3519472458899927 0
0.8412878134612971 0.3533742952099002 0
0.7934150096222339 0.3519612028159032 0
0.9383514376769712 0.4016322512323132 0
0.888881767157982 0.4032961097577832 0
0.7927680711182348 0.4030548549340915 0
0.8401153127406136 0.4044900030648045 0
0.7881189517553324 0.4575729622044448 0
0.8375223064132418 0.4549207787938146 0
0.9381705601017276 0.450803886984218 0
0.8879115703130463 0.4527305324497027 0
0.9881272113348247 0.3999126205399532 0
1.038047518672314 0.398241295971166 0
2.037036862438561 0.6537768014257241 0
1.088056144417952 0.3966768289830609 0
1.186752362581829 0.5179730114361236 0
1.038322639151506 0.4474028053136595 0
0.9882912247292465 0.4490395098323987 0
1.088296314258312 0.4459042939829761 0
1.21998451201771 0.9734621102634406 0
2.822728547215864 0.9022605966550833 0
2.833304171709517 0.3281968441990243 0
0.4500569905162511 0.7932037512747876 0
2.902461343872057 0.685109292119513 0
1.15265005570249 0.7190454059208296 0
1.263367936006988 0.4175050045014662 0
1.937204812503869 0.676805741380142 0
0.9945290518836249 0.8741224789338791 0
1.358720429680495 0.8474151564141791 0
2.277557548806371 0.7313577746105226 0
1.131495618646264 0.6689937387967857 0
1.548511755650084 0.6200357287391023 0
2.158998374532363 0.655934136996366 0
2.799604709068175 0.9510474432531324 0
0.2418795160148484 0.7522095687414748 0
2.118273574604055 0.5537438406988046 0
0.340783917434719 0.8863104747297865 0
1.0583288906777 0.6705017340583522 0
1.753349628565546 0.522515224623937 0
0.02763013834099238 0.7340091723215205 0
1.906499012584069 0.474191633031697 0
2.155706862288909 0.7064011823740666 0
2.62132731074987 0.3081510867988363 0
1.098093979041305 0.7955892609110709 0
0.8647198123448351 0.9506982849268361 0
2.527323227162901 0.7546582340620204 0
1.81807971594536 0.373978193088527 0
2.286830926336576 0.5819200286593009 0
1.988195076355967 0.652701043301395 0
2.250519838912824 0.7813234344445331 0
2.762973629475194 0.3816940375900777 0
1.815852299052307 0.9240745018837389 0
0.1277010575174142 0.9542279214407204 0
0.6079430128864665 0.7420554732293014 0
2.953177174155829 0.6141377509257218 0
2.699453765973833 0.9268554424924482 0
2.678322883465606 0.7052624255791633 0
2.575129115409126 0.8780201431875745 0
2.227901097225628 0.4291271891568506 0
1.493983148839083 0.6959427343704319 0
0.4186804348473638 0.8852178347886277 0
2.001634576181434 0.8042479933219888 0
2.378545801897647 0.7059047917952094 0
0.4390873262709786 0.953727621710578 0
1.414590891699604 0.391801107899131 0
2.905073010007 0.6102250774322127 0
0.1599591009553266 0.8421171308404606 0
2.781832647009793 0.2518024227412515 0
1.775832015780101 0.5479298524818217 0
2.362520776222163 0.5578679420338906 0
2.159219956399452 0.2493138468623949 0
2.588353979223418 0.5094621391738295 0
1.988469927008901 0.3988734912891536 0
1.64827618255466 0.5961316043051105 0
2.273978957268447 0.8302734753641261 0
0.4524679532943177 0.7248795111314642 0
0.02838057545276439 0.650024673758718 0
1.562975383720927 0.4183083956599611 0
0.6568777527854363 0.7864018747722806 0
1.646943946269576 0.3215965701140807 0
0.2052363701518537 0.954628072014567 0
1.856704700543532 0.2500040998792173 0
1.085503296110808 0.9225914740074039 0
0.05356944982192872 0.8421412539321833 0
1.279851269719329 0.8970487097861444 0
2.355475969644481 0.9743702436569149 0
0.7227376369610166 0.9027332718984518 0
2.401046324392142 0.7789048553616209 0
2.171450871030101 0.5039908744639212 0
0.8402214339401859 0.9505826687269132 0
2.050887386550551 0.2981823294618447 0
1.715563520814536 0.9480182369331989 0
2.798608398010776 0.9266028591094684 0
2.278828723439296 0.7065322124799706 0
2.198834079915255 0.9540803244478135 0
1.931271927241723 0.752198121747341 0
2.834444763065235 0.3799259518936709 0
2.344063170528226 0.4827059761173809 0
2.85418069100083 0.6576076257724046 0
2.599055857632194 0.2821204718195041 0
2.906930033038389 0.5081674579695801 0
2.408756348516677 0.6076662973290426 0
2.715132010337904 0.3319824106324686 0
2.04106259703729 0.6030793254535713 0
2.125565351499967 0.8067226190184742 0
1.271761007606051 0.9483146543261266 0
0.1363586620613817 0.7101755112128768 0
0.1356361303239216 0.7541118611452082 0
0.02838440321944349 0.6709049491420142 0
0.8760405893437624 0.8513154543345964 0
1.479047966956978 0.5682004319455034 0
1.18030192820632 0.6683745974663853 0
0.9143652148186517 0.6005597652993149 0
1.419149375955135 0.223086015512271 0
1.513787059929804 0.7474267880221881 0
2.420371456454447 0.2539515171977195 0
0.7140147678054622 0.666192401348621 0
0.3594270643526891 0.9773483516681076 0
0.5692291307641657 0.9295128065031617 0
1.409971616174686 0.4916913095680178 0
2.044489167991384 0.9043871866322779 0
1.008360575602567 0.6970301207380973 0
1.234340428328958 0.5673817184114531 0
2.270360689850348 0.3027290744871037 0
1.533216315933331 0.798880422519443 0
0.8129518755094612 0.7062048526227163 0
2.926087593748747 0.7120389543032715 0
2.140386713109677 0.579609645732843 0
1.186018763535597 0.5429194712937387 0
1.575926051354947 0.2706280571967991 0
2.906754904167718 0.4565441341265556 0
2.973379349466188 0.8821216075939504 0
2.633067643140596 0.6074078993935372 0
2.376011515499337 0.9244336260227164 0
1.336887608490706 0.4665945401264923 0
2.570668274484812 0.3850841841749003 0
1.522847778079886 0.9011023942898979 0
2.784086020912632 0.5572904133348856 0
1.012738388661338 0.5717416354992626 0
2.324114229755597 0.8774990837533858 0
1.596395924533415 0.9006677073435689 0
1.917657670553197 0.3736231912586235 0
2.799114681098855 0.7793088246492085 0
2.576249681513894 0.2821359363292382 0
1.642029117666179 0.3707273970943451 0
1.138133108848379 0.3952724296971059 0
2.348931069934872 0.4325211938234573 0
1.511636478455327 0.4423899622548318 0
1.262957700174801 0.4422826984927891 0
2.643614125017541 0.359183270113804 0
1.20081559109637 0.9473500735368788 0
1.86135804420602 0.7002214158205113 0
2.801147980405647 0.730115667084239 0
1.832458914974032 0.7497278334926323 0
2.830554881202482 0.6321393132678413 0
2.277200524373179 0.9524393758735819 0
2.016751103814795 0.9281727022116766 0
1.787319073979853 0.6987739506870276 0
2.176689464322211 0.4531743425928951 0
1.162373159793339 0.3455085919118347 0
2.762435137671497 0.3304039868316619 0
0.975169260476585 0.8240235867188819 0
1.941334966944737 0.6263666611711747 0
2.749746338353972 0.7789654729345433 0
1.238019787486635 0.4426132679418244 0
1.832447349781767 0.4735667401740989 0
2.208562261790072 0.2500432206106912 0
2.090816608231988 0.976918780458255 0
0.6615549436015806 0.6930300355854868 0
1.965799690454573 0.6268843114330656 0
1.821225871211851 0.8742266593947645 0
1.90144752485283 0.5245752988390516 0
1.444111193262688 0.2938871418464188 0
1.579039419371624 0.2466658762705053 0
2.249677183020436 0.929152371895595 0
2.804686590652108 0.6563290260050615 0
0.2913360490376182 0.8413903953623553 0
1.462059535663806 0.4418092836172997 0
1.541588749368234 0.3680346078685268 0
2.046308000062344 0.879896884828598 0
0.5280242965158634 0.7910881298733956 0
1.307335291372989 0.8719736089951267 0
2.666945077015225 0.3840938890263718 0
1.584075436610517 0.7734232924940647 0
2.126843242824564 0.7816606669904421 0
1.160420029014491 0.2966077152753831 0
2.68817412730407 0.4837424751162519 0
2.071839614852981 0.3235531034645226 0
2.858154926157277 0.3794630512414032 0
2.209646451667016 0.6312792129358129 0
2.515753207791478 0.4848430942966603 0
0.7725496783683645 0.9018627961731709 0
2.500701665085403 0.3592876452235879 0
2.303654076060222 0.7063784698224793 0
2.299631842936034 0.8050114446323233 0
2.738185434222558 0.3054323281997969 0
0.924609922222534 0.8504270364958795 0
2.058674466369706 0.2484760924562388 0
2.424121002109289 0.4088822436947245 0
2.352412854067045 0.7305842724195403 0
1.310471502540968 0.8464844292990209 0
1.773331658864402 0.3245621765767261 0
1.898108791500891 0.8513656154103973 0
1.62576695443264 0.5705041910838906 0
1.081300093783464 0.6950915596477005 0
2.199079608628544 0.831765009381271 0
2.624690770677182 0.9273770864950071 0
2.370765658508794 0.4581629767050214 0
1.678479421472557 0.2736045704989499 0
0.7145567716386553 0.9753832789069465 0
2.906709494217785 0.5338472009327991 0
2.069746840032924 0.5527626819991226 0
1.610813084900348 0.4444661914058101 0
1.713982352925393 0.9735654321236344 0
2.976837522758837 0.4288143751656958 0
1.525994817425195 0.2460696239990892 0
2.783841648313392 0.2777816585310517 0
0.2610918552299004 0.9093796753412673 0
1.27606525433113 0.693415220993354 0
0.1512170019613817 0.9771966083545749 0
1.919007348639909 0.6006368353449469 0
1.025583602216448 0.7973517793956058 0
2.254079416491931 0.7066474395461337 0
1.331433406603684 0.8724340512267226 0
2.306441017975664 0.6568143643206839 0
0.6006953275320496 0.8585559682364812 0
1.955537691576225 0.4746366956106845 0
1.99682629535753 0.5513777797418562 0
2.665453495351081 0.434320434014574 0
1.920613787449467 0.348544879313949 0
0.08028384113153567 0.8421393569095452 0
0.9487708587206067 0.8499216029018168 0
2.00992532806928 0.4244216760586893 0
0.05085309580982888 0.9535141220916217 0
0.4269900061241289 0.6803802544500193 0
0.1020164628202604 0.9539531038719182 0
0.8821870045708553 0.7766010069764243 0
2.116092525184271 0.579141896731309 0
1.442074860323628 0.9504826755588693 0
2.198150615973699 0.3006025936929934 0
2.165546633429865 0.3507438363320685 0
2.73140513102993 0.6313509867460616 0
2.368501903902876 0.4831758473119885 0
1.914718509874607 0.6510580343230157 0
2.551659286298702 0.3082564799847666 0
2.657963847267715 0.6072258326503199 0
2.761675072291128 0.3045742487969177 0
2.858832381891208 0.4310443757929496 0
1.137705741923782 0.4940671321544016 0
2.225064678961015 0.4544877079129849 0
1.755620454814968 0.497548011239304 0
2.550797525493996 0.8284145729955024 0
2.801027891780266 0.9755006879172379 0
1.486855085669049 0.4420571792626794 0
2.229402089656288 0.7067043924628238 0
2.022933198487849 0.8546325739617879 0
2.574526906011125 0.9763841751053952 0
2.545021391962076 0.4102145922850134 0
0.9840694866426725 0.6978167638513548 0
1.409875732313548 0.822836222049506 0
0.7640952980587099 0.6857732883039069 0
0.6280307620846226 0.8343224522158605 0
2.873225484210518 0.7814520812558069 0
2.808745414983434 0.3029554842254105 0
2.066337972879342 0.9530795724019709 0
2.724358789018142 0.8036305584380703 0
2.553893813374151 0.7057285509285081 0
2.12966703630256 0.7313505543385088 0
2.325809155116304 0.926057423535162 0
2.354611124894322 0.3820444105778582 0
1.751115155648526 0.5475300997058915 0
1.997919448165405 0.3231303803160406 0
2.70116331028804 0.7543778430252047 0
1.735358650153874 0.4473720830537375 0
2.51066498463058 0.2548572384486849 0
2.149278433580197 0.8318847782961323 0
2.856183998939037 0.6080119661553302 0
2.737263977451331 0.4830450006540908 0
1.518154530186941 0.3429087424335288 0
2.089182116831847 0.3745797098543012 0
1.972451810869261 0.5509514732042317 0
2.147524933211069 0.8814517333614443 0
2.178777061874393 0.7317355952728057 0
0.5575428754162457 0.6983119326843055 0
2.102168940876582 0.7813420683988801 0
2.592243613908919 0.435134960226611 0
1.737722924320633 0.4226064218691349 0
0.3743961187770443 0.681933469134855 0
1.627486652907087 0.2720309023808875 0
1.701697353493815 0.5466779650766272 0
0.3480672977800168 0.6601804786046005 0
0.9082670624680322 0.7507301966802957 0
2.597028181820729 0.3341401721648857 0
1.722066343465769 0.5972775214077789 0
1.365454015283181 0.2234019484957488 0
1.03758603360196 0.9236904654043261 0
2.331101313463715 0.9749407191889448 0
1.104015099925349 0.7197955534782496 0
1.463427055974279 0.4168168253233608 0
0.2312234738244215 0.9546315497088723 0
1.625546163288581 0.8494322433347457 0
2.461509680913663 0.5586638844818005 0
0.5568991213250574 0.7212236435829364 0
0.4786246263124026 0.7240592228213468 0
0.8651188865793631 0.6285578476621121 0
1.603549184648383 0.8243296848653399 0
1.363518183539461 0.4167018607956855 0
1.922984486848015 0.852034990311334 0
1.980575610080103 0.7535068488243788 0
2.114024069237171 0.6045185982940632 0
2.294222957562245 0.3034927050834329 0
2.215465027047891 0.555663231922374 0
1.210093248375643 0.2715202326482754 0
2.25414474867974 0.9769198532098388 0
2.381736656921493 0.3572454642206894 0
0.7892505488710799 0.6836905457133319 0
2.377361973445248 0.9489183171770426 0
0.9792666865393269 0.7734481065380652 0
2.148338365359962 0.8567451031779396 0
1.657269418470781 0.7732374265958251 0
1.262608414479988 0.2951140910241757 0
0.1360467974426435 0.7321565502484956 0
0.4529407619556813 0.7021820775034662 0
2.536029278150202 0.5588138614891028 0
1.32794227346819 0.8979277434502588 0
2.376578844794011 0.7547895117037242 0
2.327501302528341 0.4066796781419029 0
1.384085777890018 0.516762289809238 0
2.903581405103704 0.3008604995279257 0
2.896722882620049 0.855481885134297 0
0.9103067960254072 0.9755995339984942 0
2.620605481118839 0.3339605607499428 0
2.337604009578051 0.330520651311905 0
2.455926451962958 0.3329533712735807 0
0.3147755912562193 0.8865231574168537 0
2.593502225577869 0.410144382241812 0
2.712435070111807 0.2539776567233477 0
2.975271086035799 0.2494125903351669 0
2.003425944827214 0.7792309467594498 0
0.8854065520376997 0.7267774404611069 0
0.7973066068864365 0.9015667281921866 0
2.691351908771587 0.3582090330351186 0
1.780430107682852 0.4979303651163632 0
2.330563315501737 0.3813806010525665 0
2.599767566598032 0.9028489725103557 0
1.631202529862732 0.2478720984174879 0
2.853041832800769 0.6822649370452964 0
1.979469297863665 0.2732095481564984 0
1.154414926509618 0.2239358140587862 0
1.812716084017146 0.4235354951220054 0
2.540376898250312 0.4848953198090566 0
2.366382707661059 0.5081261530032243 0
1.62796382199407 0.8240631185341862 0
1.136329552730154 0.3216101570411348 0
1.829252628809776 0.2752175281112036 0
1.627753609567489 0.5453037242116908 0
1.706489231819013 0.7731633436723815 0
2.825713941250994 0.9754127656839705 0
2.786856941183119 0.3810490591809841 0
0.7912202856339123 0.6351651144124163 0
2.853179525871714 0.2502980965038936 0
1.925969291142402 0.5249020784787078 0
2.151522099418107 0.7818612376491429 0
2.511175048242271 0.5588131062856183 0
2.064847313437695 0.3742000988328519 0
1.162952749949431 0.8706483647789247 0
2.550547394230123 0.8530475108200868 0
2.433641503885589 0.6077568005988434 0
1.961054955522849 0.424045445993105 0
0.7999222473964704 0.877149039225683 0
0.08292002805062719 0.6900275196571621 0
1.826499257482073 0.2999235918194349 0
1.933697796831048 0.9756594473041431 0
0.07491777789468215 0.976620224276064 0
2.425458086310958 0.8272528794808198 0
2.349420232052881 0.8766552061376371 0
1.359490838486658 0.5167046546765702 0
1.428652700160167 0.5930290528343015 0
1.992341111927549 0.6020848832107314 0
0.1078711308425238 0.7982488744983506 0
2.752750339044093 0.7051038936183938 0
2.405591106421418 0.3577518785501481 0
1.162003592520504 0.5184032198660735 0
2.385507616643751 0.5828616368717899 0
1.782805977180596 0.4730014245812625 0
2.687220120351093 0.5085219494222681 0
2.975959238611309 0.3506675546641862 0
2.877342108366957 0.2500229135101425 0
2.546626883996902 0.3850513170904594 0
2.200870850453374 0.4538224335643702 0
2.410300578507854 0.5830260951456629 0
0.6024597309271005 0.8351353927383082 0
0.1892636131500424 0.6421043436186797 0
2.307994886065067 0.6319779128570624 0
2.831568128607497 0.6073759600207728 0
2.27351645558389 0.4558217288197127 0
0.2160524499395712 0.7081410576636266 0
1.492034295364398 0.9511041687917648 0
2.537438899174043 0.5342318620885318 0
0.3979027303457283 0.7944094532074371 0
2.425356144299378 0.8756121516720723 0
2.735633182855469 0.5327349926775667 0
1.236929239607782 0.2953798783768634 0
0.275141700187551 0.2597257618087881 0
0.0249322434707544 0.1183259103185509 0
0.5987901382785571 0.8820357611681735 0
0.765136440117574 0.661860232677733 0
1.888065750333655 0.6756719040349712 0
0.5036583602444995 0.4964478979989254 0
0.1287189392598727 0.4663135456952237 0
0.07490636351807425 0.1881547116835706 0
0.05001080526591622 0.3301953460989913 0
0.7796462233040135 0.8290835335126491 0
0.6152986729214527 0.976258350577104 0
2.172501799728107 0.9774287107375544 0
2.950629901372695 0.2494850247442868 0
2.068246962001815 0.3488371379243941 0
1.360632164021824 0.4915801384506849 0
2.628625566613782 0.7055138182971046 0
1.261713556726305 0.4920651435980068 0
2.429404373189431 0.3581975875669424 0
1.670204885871417 0.8988112414078449 0
2.87199836479382 0.8787936807150429 0
2.426937864033222 0.7544803472102847 0
1.311209272564749 0.4917028661098929 0
1.314453165983617 0.3432361709869873 0
1.886801421531259 0.9506581891043203 0
0.4789287548967607 0.5655499426773419 0
0.462687357096109 0.9767077857860085 0
0.339447680004386 0.4160867784678494 0
2.557085393289491 0.6322932165374969 0
1.542394033279992 0.6965000175490864 0
0.1002526028741006 0.2830509823690438 0
0.5252140628959197 0.2140154057588641 0
0.5349002126528301 0.246169421167769 0
0.4980272130514726 0.2503684469608213 0
1.033966475087707 0.67115027212728 0
0.3479062946849261 0.7051310905787437 0
2.503040435944951 0.730152266966168 0
0.6852543061770485 0.7382112608455488 0
0.07532959362520759 0.2831133512815927 0
0.4456763991296185 0.07006542975531899 0
0.2128151178771113 0.5523625007498253 0
2.455956506393035 0.6568360774006616 0
0.1980372072617697 0.1402244059057928 0
0.1270605917520676 0.4213882544160517 0
0.1735036846854962 0.139899725043291 0
0.4970409730587874 0.3420397544895534 0
0.1085720016983835 0.6011094961354029 0
1.337461045766779 0.8214441643887631 0
0.3983759368087409 0.5243152707639263 0
0.155303817514429 0.9317786217312132 0
2.831021678528382 0.2764162110404626 0
0.3202436712464468 0.773294938971118 0
1.89579572450348 0.3487458024729722 0
2.810871434887483 0.4061018871400731 0
0.1889454067875794 0.7531464330894444 0
0.07478290385379051 0.1406109433003017 0
0.1251573307753007 0.09219775955211826 0
1.564799865265907 0.3933977067794274 0
2.03729457307056 0.3992900137810346 0
1.119957372014633 0.8204724043730111 0
0.7288586193113771 0.4600934403308959 0
0.7652175503815432 0.4404118301981313 0
0.7649585731463646 0.4768557295183641 0
1.572872521033731 0.6203723622471341 0
0.5308430467295885 0.7222382631336941 0
1.482356698449963 0.8240407810050625 0
0.02655840776781242 0.8860895825215107 0
1.428235118085519 0.8743317003728408 0
0.715534661885198 0.5736490981209634 0
1.213999994349977 0.8452035848685662 0
1.243289340321146 0.973779254187741 0
1.392120580646857 0.2942616562987201 0
0.05460702093465485 0.7553287582700061 0
1.57085774624996 0.6457881240385648 0
0.4268850403985177 0.6127588262204751 0
1.635145771577706 0.7479641950874092 0
1.066718272667257 0.8722012651837718 0
0.5056847540948137 0.6776262181807352 0
1.732543438767245 0.2502501131483163 0
2.374510735265468 0.2535798436976739 0
2.28501867641952 0.6069053574838675 0
1.666811973307646 0.9491322037587147 0
0.3967063101698123 0.4799692627104802 0
0.1092210780848858 0.7327750287970427 0
0.02480473010563591 0.4738188152066355 0
1.083936660173692 0.6448022937191654 0
2.123263152591323 0.8565454130451431 0
2.738816448735229 0.4077176503378122 0
1.689955355122176 0.3968170341854362 0
0.345073295845659 0.1661800706466726 0
0.16131566661529 0.797790036099332 0
0.3934019731592667 0.1419099277031287 0
2.677317578158647 0.7298555005199873 0
0.3301964564819977 0.3054313192933124 0
2.529888346011357 0.6812806544351786 0
0.3323804193643206 0.3278271691360943 0
2.309652863586471 0.6071063906640611 0
1.705991221218545 0.4966511149561315 0
1.385312614342919 0.4916060575227374 0
1.915144187475691 0.9263254123691972 0
1.255873839620307 0.8966109557727299 0
0.1526240904853027 0.398054472429258 0
2.782138104300329 0.6067706461536 0
1.886000665606191 0.7007855486690759 0
0.2135684815713784 0.8195667134945159 0
1.54021468787725 0.722058940552342 0
2.700342652925615 0.7790283039928411 0
1.574281273220334 0.8755780726663429 0
1.184151905340454 0.5929691663287406 0
0.6807706259906133 0.8088988801786834 0
1.818487463467284 0.6239739441431819 0
2.901650077067891 0.2498151648944689 0
1.77159523122403 0.8731936100003725 0
1.939395189680297 0.3987283917027703 0
2.117013502553292 0.3496325564901215 0
0.5820355644603281 0.7431628939480389 0
0.2828984591526426 0.02366375255108599 0
0.3610752288727075 0.3494189238579249 0
0.07985723931689828 0.8641626095359647 0
1.760309896937059 0.4477899576969704 0
1.761147854720506 0.9736348641019207 0
1.764043833441874 0.9481020682865349 0
1.985079035407654 0.9760098844921679 0
1.73755943141325 0.9735294274631139 0
2.262303533851255 0.5816089821513448 0
0.3990670012860911 0.5465837767485777 0
1.346892774717428 0.7194841580956779 0
0.1346558825979235 0.7980328829523955 0
1.525546020913643 0.8756553555470996 0
1.530730851095395 0.8245040303211432 0
0.3211393101507962 0.6161387011394567 0
0.8045070960849424 0.8283302237024306 0
1.674711684571317 0.8485893615096385 0
1.910617343627619 0.701373974734732 0
1.547357431001921 0.9011688303296905 0
2.034273848073257 0.4247044876614238 0
2.630745761466806 0.6564440840780267 0
2.10032938235702 0.2986793420179997 0
1.834997466477276 0.4485985929674174 0
0.2650431268639646 0.5286932761043556 0
0.3743197847642039 0.6369812575499926 0
0.2525543599961809 0.3057701142546643 0
0.5300728842408613 0.7451391838558614 0
1.610749780976864 0.7479499222192304 0
0.7332184545868023 0.7829451596748549 0
2.378646046768689 0.382636819896882 0
2.725050829570814 0.7789649537258191 0
0.4501128929785054 0.4772240232862341 0
0.7404874460735906 0.6405224859796074 0
0.8348028876839417 0.7538636596111234 0
2.904281047259794 0.3266776460988965 0
1.615298333660199 0.6971105696720645 0
1.093345158026823 0.8462623498396216 0
0.2952846334394436 0.6615579460056309 0
2.880698904889404 0.6089410817213528 0
2.276414501661115 0.7561478032041034 0
0.211631462655966 0.864360308864523 0
1.711077680596596 0.7229596342804064 0
2.206836301710312 0.4030030787221923 0
1.468757338316754 0.3180543406414397 0
0.2424891700373066 0.7075375388578491 0
1.902503779998925 0.8015410967902707 0
1.183968946862329 0.8960068733992255 0
1.685466964515664 0.4463245708731723 0
2.466565999365882 0.4845273774119442 0
2.206303390842011 0.6815745404096891 0
0.3185493402761351 0.8184776054612118 0
0.1534685811344171 0.9544431735895162 0
2.137709164850632 0.3755749366149169 0
1.757425283947695 0.2505664123819593 0
1.631691449412147 0.4950685058280014 0
2.425781819420136 0.8030390642541849 0
0.1044557968090218 0.5123795473136975 0
2.014630862985946 0.6279275452174992 0
0.2137651705202371 0.5745643420217588 0
0.1788335796116522 0.3974419698247328 0
0.4925679447199248 0.9302352423745169 0
1.199360815347893 0.7439258291785964 0
1.605087577542393 0.5196542844063451 0
1.037357289932976 0.5710189498401901 0
0.4410313150954027 0.9307250942823825 0
2.09690483315481 0.8808819691691703 0
2.122220647400404 0.8812337963633925 0
2.033318759249243 0.7043473035175271 0
2.257051878827637 0.6567147964944291 0
1.415592853383336 0.3671115142382793 0
2.227209797428497 0.9773368522057451 0
2.797623392445693 0.8776370183188774 0
0.2261559523740532 0.06932090041373126 0
0.1362690998837692 0.6440003502634231 0
0.1341068206084489 0.8200531848727735 0
1.483842177756328 0.4923207490260059 0
2.858966188451561 0.4566702224399085 0
2.739042027869169 0.3568586028577373 0
2.599852151478789 0.8781273671416638 0
2.085812710783171 0.6547638024470929 0
1.437243253106512 0.4416430009015935 0
2.689821528691912 0.4339011200058559 0
1.814155675356374 0.6741493166434878 0
2.75623651548152 0.6313319084230282 0
0.6725775370068735 0.9038849159449707 0
1.365886089571746 0.3185699357683465 0
2.878856061290138 0.6587451470706943 0
2.432386499057528 0.3325771962471353 0
2.387209965925236 0.5581222049588556 0
2.213852432616756 0.352131112199586 0
1.36494906008385 0.3673318588608385 0
2.78659038844709 0.3553777706839315 0
0.9845493561693641 0.9752825251783728 0
2.169511332546708 0.3253447293254556 0
2.649366784278945 0.9026153963296482 0
0.811583676294353 0.7306512457862639 0
2.714672848622318 0.4082821637893288 0
2.103616905690216 0.7562072410613716 0
2.120823475749837 0.324291600466306 0
2.879836814293582 0.633913711841556 0
2.280488441692163 0.9763974522235301 0
1.72889871295796 0.798230934104272 0
2.31966079683067 0.4821900128264412 0
2.858937227850578 0.4821727142217173 0
1.338816721191363 0.2234453790433559 0
1.26368959577942 0.3682170506170672 0
2.528057557428324 0.7301947623923174 0
1.552442276121092 0.8501570187465308 0
2.045466308466728 0.5522855493748325 0
2.443111184638923 0.2540691190166314 0
2.375177799684673 0.9001829039517281 0
1.520249935803561 0.6706862471093235 0
0.9145830802220366 0.5755454033266165 0
2.773849568073559 0.9266467274422353 0
1.958244021754926 0.4493362525735899 0
2.154098468785136 0.2743214786553846 0
1.970049549108691 0.3483174793680997 0
2.525923998838894 0.828140556495532 0
1.466999711851702 0.9507787190361663 0
0.9097953378263064 0.7257053501491485 0
1.355570937973653 0.8729089448143902 0
0.3373528267979579 0.9319294318035498 0
1.407279576966532 0.5421263068271036 0
1.840951885184004 0.6495296313831883 0
1.872171367387172 0.5745704613346175 0
1.26361811302289 0.3928133525276939 0
0.3565818614447573 0.02341647516530911 0
0.4673154804412294 0.1615541728811801 0
0.340804139688125 0.4380582590838059 0
0.3511501498100529 0.2597686313792404 0
0.05511844076287331 0.605079228722798 0
0.8141576399512926 0.6817331684193778 0
0.7893606012452365 0.2253613423605127 0
0.8370951067142077 0.225335876992537 0
0.8150646799276087 0.2508503473024127 0
0.8131968547393631 0.2252475824617843 0
2.365314299824984 0.3055147709767931 0
1.235152376960585 0.8707875549629333 0
1.518176282666131 0.6962358766701957 0
2.324018130898009 0.8531870077712649 0
1.767858757651848 0.3736701270875792 0
2.661434132630726 0.5334855188681283 0
2.251396170683637 0.2765014001880746 0
1.235333105276935 0.5423138064378672 0
2.582034773057175 0.632202138967176 0
2.522605754069348 0.3849140241645933 0
2.077492917258273 0.780921943702455 0
0.1500595260217558 0.09198307255477656 0
0.444267447343958 0.1867355839601158 0
0.4520664013876462 0.5442908004662662 0
0.3257829048590412 0.2598772690888657 0
0.9046707958379039 0.8007948417770905 0
1.197254630353035 0.7692076699753863 0
0.4518295460640794 0.74761568176127 0
2.848497308264289 0.7804364371720081 0
2.079025043387833 0.7557907910130823 0
2.59977635777403 0.9275137654875445 0
2.523717442619033 0.9757125633517394 0
1.681839287338178 0.7731711237773647 0
0.1063370296098073 0.8642527066894468 0
1.549903675818491 0.8757053983740615 0
0.3464548246961519 0.7728060362890752 0
0.242451326333498 0.6628913750521458 0
1.495311337913226 0.926115284413852 0
1.003443294214472 0.7727282701262239 0
1.339609370622862 0.3674967084208635 0
0.9322199013111232 0.2258124145462921 0
0.9101585430111412 0.251406711504698 0
0.8847699983101869 0.2256746117381339 0
0.908496835639427 0.2258505246994037 0
1.728987208656301 0.274852170555824 0
2.723573344696491 0.8529704073355256 0
1.867722540898838 0.6248806146836741 0
1.795729660025535 0.3492596664473722 0
2.662529855664157 0.5088142778282048 0
2.121221964210299 0.9057059947676271 0
0.1087855360043794 0.7545889221216651 0
1.582318988398254 0.4939993336476334 0
0.2143196414632032 0.7972416562044601 0
2.89697141133044 0.8795540779849805 0
2.953526352222209 0.5881304639452958 0
0.4721089673727065 0.861369615065015 0
2.035144124579968 0.6790804418185523 0
2.857628376394636 0.3535590924348631 0
1.918025056462563 0.9016182922104194 0
1.245755086912038 0.7692978925832962 0
0.197860027611218 0.164185546558073 0
2.705394218733157 0.6560104699922689 0
2.42666012741715 0.3836205976728497 0
0.9679089416675821 0.9000470535504668 0
0.7274297570540051 0.8547156903309179 0
1.865240636755729 0.925352834209904 0
0.9800075872606787 0.2254891950434859 0
1.028619383489574 0.2250519174280641 0
1.006741735650145 0.2503593327673283 0
1.004201154872136 0.2252534799021511 0
1.568784253546776 0.6712424832328412 0
0.5059465588359779 0.6322212687022265 0
2.973227455196475 0.8140402688601651 0
2.690750005193167 0.2808810012399294 0
1.656428038689661 0.4956134040509019 0
0.1631255082959635 0.6873257156880653 0
2.600778436612309 0.804002142240563 0
1.802851184209461 0.523274662239312 0
1.203076027263018 0.69341175315621 0
1.078164059222287 0.2246182004265899 0
1.056013908599418 0.2496021770084192 0
1.053274517753768 0.2248490848845523 0
1.25996191156981 0.5421072085687318 0
2.067515463427796 0.578177996778633 0
2.737104744638813 0.2794813180035906 0
2.929767054683635 0.5863129944952774 0
2.558301803359759 0.6078046711086107 0
2.882289559541462 0.4049716141489155 0
2.223249027973139 0.8809263637403083 0
0.2378353516434568 0.8642780603706911 0
1.561194098485346 0.4433015036348599 0
0.2103969222152566 0.8868428259872931 0
1.161560675096169 0.321023784096841 0
1.746754072065644 0.8729700211829613 0
1.224402725027225 0.9474967472705922 0
2.625721073204736 0.9760703559946231 0
0.4735879832751176 0.8383932425369882 0
1.082934315273105 0.9481873047496292 0
2.224003896974658 0.9298274125171964 0
2.576521375346258 0.7793389240036754 0
0.3717380087870348 0.5253658107612396 0
0.02522351707793978 0.3060747021183984 0
0.1585982483246734 0.5319899108091738 0
1.035085012569847 0.6460321638712218 0
1.950036671269253 0.8278398100262667 0
1.767001934544798 0.6482419746086737 0
2.258375154424213 0.3791113849833833 0
2.261972627864149 0.3536913905411494 0
1.590945392405329 0.6969338177476168 0
2.299099628025083 0.2778681043865326 0
0.4773102609340143 0.4980298321921323 0
2.059576982597514 0.6795988986929038 0
0.07535333198648514 0.06974528356399912 0
0.08095810984313288 0.7984272559002623 0
1.585991216632099 0.4438608479297366 0
0.7866677589939985 0.7321505052113715 0
2.275324349749485 0.2771729641868646 0
1.805218226390334 0.4982703548205218 0
2.58447784673718 0.5831959610956424 0
0.201211627536775 0.0687162349195405 0
0.3493006451099988 0.07083945081024907 0
1.479683896190582 0.8496249754492041 0
2.810679902448853 0.3804546339618526 0
1.445032738107426 0.2699271663636408 0
1.473731805361318 0.6445369887620996 0
2.426278790521466 0.7787829161581985 0
0.5030957999515494 0.4738817634655355 0
0.07532054317232337 0.2594378096910028 0
0.07616143882778965 0.46910959092786 0
0.2243399557104663 0.09298519408655585 0
2.729085091525174 0.6805052217647145 0
1.788312157745206 0.9485723639124415 0
0.9581854491284689 0.2510904865007308 0
0.9560379078978148 0.2257049121173118 0
1.237693434819682 0.3196633857162086 0
1.333720025890702 0.5418601997239889 0
2.774831798614612 0.9511428893584341 0
2.898223712546057 0.9275398718185749 0
0.1793140924577983 0.9545950947132783 0
2.517384569974132 0.4600392017038853 0
1.285706977570802 0.2234184696004813 0
2.554868322519222 0.681247900168669 0
2.626122543077205 0.7793132856883926 0
0.7061648621621658 0.8078706054686078 0
1.106075967341439 0.2487958546488506 0
1.103322412066193 0.2243837363524989 0
1.506536047772638 0.8243209096840186 0
1.571868213862945 0.901037613524743 0
2.949896454121186 0.7396076572305013 0
2.17339638240162 0.8567752444985093 0
0.2160137708280872 0.6635902310312611 0
2.132853907285393 0.6808762077228216 0
2.337879524157955 0.5575792164129165 0
0.1871691272796265 0.819760461782435 0
1.67517624725017 0.2979881277073607 0
1.916833840340141 0.62585786901871 0
2.699179073422295 0.8283797266151061 0
2.241983233843589 0.530911241102378 0
1.390818663390729 0.7712658242374446 0
1.288405161161245 0.4172210750761825 0
0.2853437569768698 0.9320391078640589 0
1.972877165056415 0.8533497408342815 0
1.469804623721547 0.6956266914898005 0
0.2223989933736943 0.1646006038551571 0
0.2787852699702738 0.0470980846043196 0
2.450790641785206 0.92453127889297 0
0.3239581919504955 0.2367085118396265 0
0.1510630856112961 0.06829941020730859 0
0.849171145357264 0.8764828318269343 0
0.447381004052199 0.4110304074370084 0
2.142539390363744 0.55423750539012 0
0.5392364655147834 0.9766293160854409 0
2.926084518980097 0.2496370771603031 0
1.875552484068699 0.8257907474308357 0
2.551161634391638 0.8038200770173978 0
1.285577189011519 0.5168780022777452 0
0.6961871168433025 0.2264934327423806 0
0.7421707934955936 0.2257998893543096 0
0.7206546639324023 0.2519438212155507 0
0.7190076345298703 0.2261554728149079 0
2.195691510425669 0.50455917113381 0
2.505291657226819 0.3077507927982617 0
1.88395165856562 0.725864562282354 0
2.46479738554317 0.5093045318975594 0
1.635665700920787 0.4450949195574845 0
0.4007046495024922 0.6811825521785697 0
1.160535145126848 0.5682856351051141 0
2.084000625086368 0.6800774188920946 0
0.7295233902337777 0.8307625934687092 0
1.326417279344889 0.668365636680418 0
1.053709641278283 0.7461163458172918 0
1.580483855883376 0.5191661448285754 0
1.892888508153474 0.3737396337905368 0
1.061989777330418 0.5703571090871878 0
1.870899303658435 0.3489636075207873 0
0.9597774224850181 0.6986797894715794 0
0.8624969364633794 0.2511048066747265 0
0.8609613422233148 0.2254673558907533 0
2.533033220977731 0.2551468602614093 0
0.2029282794425297 0.9773080909302808 0
1.822934083185301 0.5737731461547042 0
2.762266398984331 0.4576564783735566 0
2.824376750712951 0.950999320569373 0
1.849874428559188 0.5490488680271779 0
2.605828504953481 0.6565812465027714 0
1.745330535197017 0.3487604350839138 0
1.656889672024326 0.2485554953341035 0
0.2332598999285399 0.9319976167025408 0
0.3379416911955788 0.3941158915742998 0
0.1249565397180024 0.2592766726486351 0
2.051217738791437 0.805460381728309 0
0.4770989201918219 0.7696738538038904 0
2.15854452657404 0.4016354907188649 0
0.05424070338895385 0.776898286886768 0
2.397470045238851 0.4335746706255698 0
0.5437632351845122 0.9298045871161891 0
1.820691923330927 0.5988723538414965 0
2.05031471233039 0.5014191592253333 0
0.05331710531774307 0.8640995705350658 0
2.152512475814368 0.4525540828054247 0
1.746717539261975 0.5976654462199908 0
0.3216829787455414 0.6608829593376453 0
0.6450911370187427 0.9282865467256953 0
0.5042213108454219 0.519050365113637 0
0.1520374495884756 0.3753731736105728 0
0.05275589113683116 0.5392353329322181 0
0.4011677044742984 0.04650638365291686 0
0.2553124802853651 0.3511581265709244 0
1.893052111559491 0.9010565212305117 0
1.416526237272884 0.3425735984667045 0
2.708829322867621 0.5822825398828488 0
0.5223013375397607 0.04620843718519811 0
0.5028523222013397 0.02361081934122118 0
0.5502418104571422 0.02327441789171875 0
0.5264955151712295 0.02361605425866439 0
0.294121408115124 0.5945733081459728 0
2.112060473656911 0.6298727887479221 0
2.538889850899921 0.5095968831722578 0
2.858556757428329 0.4053024243990272 0
2.618796792467033 0.3848125819067164 0
1.751401124838118 0.8232689185539243 0
0.1733291613569886 0.1638896318847294 0
0.1574432125107733 0.5097860522776703 0
1.733056165166837 0.472212155204955 0
2.361391897552176 0.3311636443587825 0
1.707527403165582 0.2497830775354082 0
2.498604953263655 0.3846871352012922 0
2.977387688399253 0.4824670346020947 0
1.683313466099915 0.4711985010538164 0
1.494371975352831 0.3181336355785626 0
1.985521167115444 0.4242040729978844 0
2.375810302702684 0.4079075377607179 0
0.9599118267035456 0.9754863373401481 0
0.296121694220199 0.1421237505726046 0
1.809865174993982 0.7242330436360104 0
0.02495720650265854 0.04744852267341126 0
2.577174314009932 0.7547607273054215 0
0.76769851036502 0.2509981915672394 0
0.7656601921910353 0.2255025762267028 0
0.1265112372370987 0.3987418422718587 0
0.2145827386257734 0.5967927880436499 0
1.770547084506324 0.3490951616747673 0
0.8608763700188847 0.9753945625434557 0
1.641648151200552 0.9749767812682507 0
0.2548711528693212 0.9773309344993278 0
1.644076992355523 0.6466493720357095 0
1.011553135258059 0.6216902427517971 0
0.6622662983247539 0.6698755088059075 0
2.230876549911285 0.6816659996119776 0
0.7314518931941135 0.8068390827549361 0
0.9852837255789026 0.672670497908253 0
2.578835269217964 0.7056901617368462 0
0.0749297186807176 0.3537143750063315 0
2.923422742145692 0.9280133517598416 0
1.574834815264505 0.5949985420075179 0
0.1256522837673348 0.3297808434302442 0
0.3041894546855048 0.3056124664668939 0
0.1005257196693533 0.3994955836790836 0
0.8538120134176777 0.8270066669573096 0
1.388368827394589 0.7968236965600173 0
1.138229484275869 0.4445784555126517 0
2.871818208000193 0.8545444494266099 0
0.07494487957132402 0.4233652357716117 0
0.1759755181640861 0.3060472001965705 0
1.861893993131606 0.9502781113242802 0
2.974224867025724 0.7677788622554083 0
2.346409746295208 0.4576450405817684 0
2.68052783623106 0.6561400004445319 0
0.7147212651829227 0.6428431022864549 0
2.237832123385875 0.5812662175393376 0
0.1797105443156231 0.4198787590153629 0
0.5052211915277709 0.5642907447253159 0
1.619158023637427 0.3453109373657677 0
1.608892214194849 0.4694608141463616 0
0.4176287049595656 0.1412878174801794 0
0.05104339783236268 0.494093818400766 0
0.3992471946027767 0.2357404393939443 0
0.7000477754886323 0.8793610928917208 0
0.5646899013490511 0.9765384334749324 0
0.2592417098095419 0.4181098994266171 0
0.2872005942687196 0.4396020331042384 0
0.8100562714279954 0.7550820520834933 0
0.3741760362097541 0.2363593680948904 0
0.426283569827086 0.7256464438576642 0
1.43907050566764 0.7720820241683503 0
1.006909020755003 0.7222272929830977 0
2.520806958506701 0.4101002889377875 0
1.4149470893184 0.7716809562287272 0
1.87772914435981 0.8008659495131096 0
1.776250685262949 0.8235317253018357 0
2.440146272556479 0.5090871819798172 0
1.773592127468902 0.572983038284401 0
0.3956362016137535 0.8399559495898671 0
2.975782594138035 0.3251066484327485 0
2.454810951764929 0.681290433421285 0
0.4508298621537777 0.4995156362929999 0
1.300352855029705 0.693562928851254 0
1.45253243628043 0.8747588076375284 0
2.976494830542294 0.4024486484576569 0
2.400999229238975 0.9241329265225462 0
0.05295559456965825 0.8861868091930538 0
0.3471592897063137 0.5930367673170351 0
1.106621859792986 0.9479016844978131 0
2.334348254850738 0.6072793826630978 0
0.8658257498446049 0.57855328666355 0
1.204516934407593 0.9216095365767402 0
0.02422592400050794 0.4257902580264371 0
0.1541990677104127 0.4429876972011179 0
0.2926301674221631 0.5501145082762197 0
1.805540248771156 0.7741731660809268 0
2.749087667085801 0.9267062215114812 0
1.959770214651966 0.7025858653029569 0
1.823678853100511 0.3245947851049522 0
1.564442248116978 0.7222542290823324 0
0.3096039186432473 0.3726994405919818 0
0.4113654348187853 0.9769817382482238 0
0.7201432840187841 0.9268284816298065 0
2.09636500532942 0.3238805693816078 0
1.659620913083706 0.7479704313620658 0
2.577948888760442 0.7302130501323013 0
1.032659726357165 0.696314069727161 0
2.452104723498286 0.7544537561045291 0
0.1812493210172016 0.9319291188102149 0
1.378360817442634 0.617970807244389 0
2.748247103262927 0.8529301093248377 0
1.679471891840213 0.7983282727665497 0
2.443975890044211 0.4593798214465171 0
2.306170519334199 0.9756780607363288 0
2.421758810344535 0.434011624833207 0
2.346257955547895 0.2791589226764244 0
2.825893969740432 0.7306158726246732 0
0.6516207044914404 0.8570765047075651 0
0.5005150261453646 0.3850579155814686 0
1.828151606319621 0.7996098259380305 0
2.280961397965942 0.2515486863847434 0
0.7600688323952766 0.7577304892669883 0
1.818658741564558 0.899116142519319 0
2.65163708709299 0.7545856940828766 0
1.455455403610355 0.8492572045060064 0
2.723533035261971 0.8776151675749975 0
1.89673201657032 0.5749799352095551 0
0.1851654118207381 0.5310210776695549 0
2.180227431181671 0.7065877150560695 0
0.2686139240380922 0.639885770982598 0
0.3174601922538378 0.8411234523680454 0
1.079715663752008 0.720296661729657 0
2.500771626869644 0.8522679293273931 0
0.4000740881640744 0.726362985993096 0
0.02420595955942129 0.4015439906551418 0
0.1277945511801777 0.4439021650655868 0
2.616653974198724 0.43494915720232 0
2.193732662060267 0.3259867499124079 0
1.840327168371872 0.3987935465739899 0
1.135114543266081 0.2971461107988549 0
1.524180528092334 0.6197001367185676 0
1.513223516589645 0.4173703652653477 0
2.877771644470679 0.6834470621417148 0
1.764819790120411 0.6733288200731159 0
0.6403857060740427 0.9760711236112352 0
0.1853885337306155 0.8644020019872083 0
1.463193528127698 0.7724542281859098 0
2.299076324588945 0.8295500928204551 0
1.159595524873474 0.5933069108387169 0
0.2738043521695622 0.236409387073524 0
0.6900141660185637 0.9755850698629788 0
2.400400757376433 0.8998452221626677 0
0.1597090909588817 0.5541867278710367 0
2.298849921406241 0.8784658035014745 0
2.929522518753273 0.4041928690132105 0
2.781043294025522 0.6314275880283304 0
1.855087610578574 0.7752730960842475 0
1.778108378716201 0.5229092790648493 0
2.197938556024558 0.9058779394979921 0
1.181731626401311 0.6432019773513095 0
0.996966572600928 0.8487326256108522 0
0.8643829329926659 0.6534697687016066 0
0.5731470760408265 0.04335856735849843 0
0.574451350119458 0.02242662999178302 0
1.32404438778946 0.9234252225294433 0
0.6630956843565128 0.6009891078802473 0
1.801377622016447 0.3000726630691093 0
1.485360831871436 0.4671521022174293 0
2.204788443323567 0.7066875713286037 0
1.146517335816497 0.7948302850295397 0
0.08112977728839554 0.5808831850919381 0
0.02475051934639157 0.3533970233552657 0
0.2005226944715692 0.2826957647348806 0
0.2280564975562904 0.3287354332671567 0
0.1092465242190148 0.6231638479802768 0
0.3441578560710146 0.5041740845257044 0
0.1747227279390262 0.2592178449104823 0
1.467705214118288 0.7212171644681012 0
1.959292397702754 0.9757865500869355 0
0.5845561170116045 0.6285565868800618 0
2.901350341014908 0.7097193872398674 0
1.812676088487313 0.9491583871486403 0
1.584149693878038 0.4688957771007549 0
2.219957633988491 0.505128615245126 0
1.334874225191145 0.5167038366505907 0
1.898708849516999 0.3237813665610357 0
1.994536902063909 0.5767407547820417 0
2.043779691509297 0.3485718269630836 0
0.8363284460080322 0.7292474521247895 0
1.940331286465125 0.9267492404612061 0
0.08263449557868509 0.7117047324897002 0
1.978722007582213 0.7785811642130374 0
1.733484015886131 0.748222880787348 0
1.424955896127612 0.8997407048855309 0
0.5717299258577204 0.08355810934607996 0
0.5456112299186237 0.06648992541834449 0
0.5723830440840855 0.06362244414795487 0
0.6881954194990667 0.6681207735781023 0
0.8065223741517036 0.8039187907878834 0
1.49928131804631 0.246028218689325 0
1.109363760097483 0.9222135132922437 0
1.257729555738509 0.5923629559468617 0
1.976843939075568 0.8035872051191009 0
2.649468304080469 0.8532911751179665 0
2.311416506708439 0.5821996967809138 0
1.305274235442077 0.6175558423019182 0
2.019019370440428 0.9038351708790026 0
0.4007815137634035 0.6586478717219987 0
1.912650426020949 0.6762318572038939 0
0.5815854889939125 0.4224380682904602 0
0.5552425252249682 0.4474232139937412 0
0.5287184498976911 0.4268812356655445 0
0.555229955471099 0.402382886031707 0
0.5552339971229622 0.4247668283008548 0
0.07853689821104409 0.9085992575278321 0
2.019257727588321 0.3483977116518575 0
2.031549507480572 0.7295705580810895 0
0.08134896632402705 0.7766993287780468 0
1.703785752567567 0.2742883569893269 0
1.080560207270219 0.9739363730232554 0
1.890115437651993 0.9258691017161774 0
2.10918190205477 0.2488001569426739 0
1.459232215970304 0.4920472262930801 0
0.05589728291345982 0.6481659671706346 0
1.259182759656967 0.2233914495416482 0
2.599888553148696 0.9520356384377375 0
1.986224998107996 0.6779642286510871 0
2.141309842254843 0.3501509492373569 0
0.1242569406514743 0.1877399547599168 0
0.2083506605425954 0.4637128408667512 0
0.1023519265513722 0.4675513597563268 0
0.4779083387245798 0.5205023905573459 0
2.751360685817159 0.9756554675264005 0
2.075642339659167 0.2983857013346658 0
2.872444917352636 0.8058582378543145 0
0.2072342979132282 0.9319822569042289 0
1.133166185132292 0.9219262669950454 0
0.8709640467369396 0.9010826758541139 0
0.5797538974890515 0.7894108638095111 0
1.40268091079846 0.6181964565809311 0
0.158066536593234 0.8867556831393438 0
0.8656101921725449 0.6035872885064991 0
2.435642470275639 0.3067157439441881 0
1.942348949771075 0.3735453138297695 0
2.847018924171063 0.8538479221259576 0
2.474475341573565 0.9746417640742262 0
1.701792001317525 0.8232575249969843 0
1.263560838838736 0.3437267515885441 0
1.713322347682307 0.6978279310267691 0
0.5437927531093156 0.1079947328263281 0
0.5708243102325445 0.123018373342341 0
0.5712094602697412 0.1033011146867803 0
0.09980659054633839 0.1163635188565666 0
0.2383923212143367 0.5294255011674273 0
0.4355457275838766 0.3026996197128829 0
0.4922643381914906 0.1584846137746354 0
0.257965662312531 0.3959014145638368 0
1.724238453518164 0.8480925216027644 0
1.725779138668458 0.2993346802851436 0
1.904289829877283 0.2739620746483895 0
2.172247796431191 0.9302689811567351 0
1.881670400479277 0.2495507235372807 0
2.183992150764447 0.2496338128240071 0
0.5502905445674829 0.1913450087283523 0
0.5727131390216258 0.1628221817405971 0
0.5850211113975222 0.1997840069120887 0
0.5774397771841224 0.1824836175262864 0
0.6750591461177062 0.2535242099812367 0
0.6516951226721823 0.2271696542190012 0
0.6737570353414239 0.2268515840743632 0
1.848762259149229 0.3243817816825912 0
1.660551127963358 0.4457224818166594 0
0.6312409854508333 0.7874688463100459 0
1.124478724200241 0.7698733183106311 0
2.268594334457576 0.5062380234497103 0
2.655645214405791 0.6562916347882697 0
2.336059982502071 0.5824490492094561 0
0.5014320881723344 0.4069486550381615 0
0.2579929920651333 0.02324173041464152 0
0.1254431436488779 0.3064354161893674 0
0.5293308745869802 0.4720690834518874 0
0.473878577266587 0.2300212026427625 0
0.6769731740659684 0.8562841744872546 0
0.1003631371026672 0.3765203147452183 0
1.27604779905212 0.9226316847554392 0
2.724295248995109 0.9267782863312274 0
1.282215112979754 0.5922935873545807 0
2.637816881476818 0.5090782458716109 0
2.952175281737973 0.3514753911098512 0
2.401887306254467 0.9486959130416812 0
0.6893268508470775 0.598938505443921 0
1.206171432179613 0.642989057254878 0
0.8160498806323124 0.6326485682931613 0
0.5442787648282361 0.1496894428152315 0
0.5709059695552982 0.1428383313417756 0
0.610509731532575 0.2153605813483773 0
0.632824357507661 0.2536877259381158 0
0.6303044416417638 0.2244545696888677 0
0.9810548954884074 0.7482066361060052 0
0.1266562192628326 0.04520669074565031 0
1.79384010908153 0.6235510576340103 0
2.641060593461202 0.4346745615903735 0
2.723763283580621 0.9022223446535411 0
2.683993904558617 0.5824727022200847 0
2.541895964074377 0.460111126988495 0
2.48502548078178 0.2811539529976491 0
2.667830450568524 0.3332174688685782 0
2.644607738434307 0.3078647886732382 0
1.601106781491375 0.8498006906064447 0
1.464774357818744 0.391925547229053 0
1.773946301063775 0.8483694045857917 0
0.1498111271693155 0.2592189092548788 0
0.0243611996521096 0.4499432518411114 0
0.1630602150729222 0.6651696652002645 0
1.434027411819718 0.8232806161628813 0
0.9390523435209506 0.5744019999675457 0
2.049624611144701 0.8304041965494647 0
1.421337065653968 0.9250341851786243 0
2.026426812605401 0.8048781519411681 0
0.3213021714711494 0.7282425738186651 0
1.845919717444154 0.3491559872848923 0
2.173985585244092 0.478592045185691 0
1.637708134625233 0.4202212834422913 0
2.733639045096477 0.582131464010321 0
1.206446415238225 0.2236162241911037 0
2.667094404567558 0.2548977380125862 0
0.29457119768003 0.7512592505855795 0
1.23848497073498 0.3931705393252524 0
1.213370474130556 0.3935957930578255 0
2.590960253447377 0.460004022049086 0
1.928462440430712 0.4996501154543129 0
1.439699928109467 0.3918214388359207 0
1.162932537398808 0.4687432647880302 0
1.852241806477097 0.5239410078962219 0
0.8270185815521429 0.8522175971302089 0
2.973832025991682 0.9050773088119923 0
0.6653009854220168 0.9758319795801143 0
1.238443705587437 0.3685714768856312 0
1.8944832452175 0.6001766022144142 0
1.697555883619199 0.3231588603900993 0
1.91474996048251 0.3987313534401694 0
2.094012722969758 0.5532504065193306 0
2.949415912328682 0.9520964731493539 0
1.681196546841052 0.496145250102731 0
0.8901754643346498 0.5769015682175554 0
2.519068239523785 0.4351326417454224 0
2.377494411596817 0.7303742323651792 0
2.202094128137706 0.756835064057321 0
1.077952708594193 0.7455364354775664 0
1.633666570072685 0.4700459597702921 0
0.6824296011235793 0.7852817321982239 0
2.710932048329885 0.5329690629379568 0
2.120576354560033 0.5283256440190618 0
1.073905176641643 0.7961102082886664 0
0.1095825979958905 0.7109382404268488 0
2.975968211713249 0.6945007004075602 0
0.829227949653581 0.8276407301267036 0
1.963966557138586 0.3987713904626454 0
2.070024404675389 0.9048989065212494 0
1.62434678314533 0.2963330327531589 0
1.974908936628222 0.8285140944529594 0
2.412295208144785 0.3063776061122154 0
1.183013193323117 0.6180650419918285 0
1.393106749913981 0.7457082410505387 0
0.2421694735928885 0.6405833400043912 0
2.773179565247818 0.8283384080811829 0
2.601339616223218 0.7793550846981321 0
2.674180943652951 0.8531686025616103 0
1.303756670978919 0.6428623101049721 0
1.719902238150598 0.6224014014346021 0
0.0268839580874438 0.7985947173268655 0
2.459989000040085 0.583266096660639 0
1.929295172586884 0.7772381069547399 0
0.3726357477445137 0.7722716669526519 0
1.858012337104657 0.9752041483685031 0
0.7584212813045941 0.7817679246437305 0
0.715514444854751 0.5965375694800824 0
2.685116722570789 0.5578723976660498 0
2.585752919590692 0.5586596839769677 0
0.7660270320132748 0.6380004388753806 0
0.7673506134532594 0.5905183950885571 0
1.363298263038018 0.9747910535158884 0
0.3476064897046888 0.615376176400645 0
0.08292096329194477 0.6465553089487063 0
0.4529643621734369 0.5892355538089016 0
0.04989051938690302 0.1412039349097075 0
0.1351065320821607 0.5997215019382522 0
0.3588289417352669 0.3273629927109135 0
0.1244422711673928 0.2116522931875591 0
2.974882346255305 0.7439182147187708 0
1.255006062613072 0.6427875684769548 0
0.2425560329307187 0.6852109655558076 0
0.3362670259496852 0.3721125580957001 0
0.1734234954469284 0.1878536137953106 0
0.4550130555939013 0.02315878922088243 0
1.178718518897256 0.6935775169626855 0
0.4494217166842828 0.04657443692347465 0
0.9920005745924434 0.8995195263248429 0
0.05564572492586406 0.6266731652312737 0
0.4994897374031714 0.8378270145267224 0
2.779893138924274 0.6560472910387307 0
0.8388669175295078 0.6799398540323383 0
2.806879676759835 0.6069783899357233 0
2.462158430026838 0.2808187351150864 0
2.45064265810923 0.3840276047588596 0
1.071638448615217 0.8214424499657288 0
2.709910511031501 0.5576513581796962 0
1.031164531156636 0.7215187608002829 0
0.3667663658453964 0.8860069290994808 0
1.997888912156436 0.854000777091101 0
0.5314389578567509 0.6993851679744589 0
2.972996026231325 0.8367376417749673 0
2.350952226707754 0.9251212968672415 0
0.05443135638157348 0.5833382711387182 0
2.108423147517231 0.6805061596487922 0
1.368173250911625 0.949539351407658 0
2.266367346971439 0.5313934874170996 0
1.96373482280121 0.6521502638729857 0
0.6606519485464343 0.7162672993246012 0
2.223389507570018 0.9054843889191326 0
2.604748085813099 0.68109156856822 0
1.523819954793997 0.2698653076323444 0
1.552601180362244 0.246297838858269 0
2.203060455399506 0.2752782748078828 0
0.9026105541353149 0.8258376446138671 0
2.828284575650379 0.6814573102806238 0
2.333913998622317 0.3559996879135002 0
1.451281285581342 0.6187410101827984 0
2.834906938812737 0.4313007083834048 0
0.8331120102397589 0.7784653355682992 0
0.843560852273798 0.9259013708116516 0
2.758494215139948 0.2525636974464696 0
2.47663383250048 0.77885196274269 0
2.8058193404293 0.631680373624519 0
0.02694367460310176 0.5649310773342286 0
1.632787035411962 0.7733252199286753 0
1.366119814793424 0.2944687036244574 0
0.695213055571847 0.9272809871989867 0
1.846022945765045 0.8748891745652306 0
2.3281026567732 0.2526774141944254 0
2.953028547034533 0.4035345526710618 0
2.954303161960472 0.5091048440320696 0
2.905423435920729 0.3786137285005335 0
0.2477508146477032 0.1173896190066065 0
0.2871445962311646 0.9093454264658483 0
0.4255984139192173 0.54548431257487 0
1.344790202125342 0.7449627796226096 0
1.519926669338604 0.3183538747829687 0
2.402662720923685 0.3831598512737149 0
1.591796766862862 0.3692336097713115 0
1.343838987349538 0.9492304209009667 0
2.281712101010173 0.6567817903631571 0
1.787751920559091 0.4233197189966047 0
1.751013811008715 0.2997797976449042 0
2.953508593629083 0.4297801896052368 0
0.7875872471472772 0.9751330157448979 0
2.899821648584005 0.9756336346440814 0
2.82945238207019 0.6568278700239658 0
2.45056388974154 0.8758198475970814 0
2.364392795665895 0.5330215771394885 0
2.640034126235772 0.4595694763914142 0
2.33123758854575 0.6568242610130259 0
1.421456439576142 0.6949596213727741 0
0.4132631736093311 0.9540100403023792 0
0.1515404242366766 0.3525141424790093 0
1.798271394448918 0.5733787782989683 0
0.05594490951112563 0.6695902552589628 0
2.064001916363106 0.9767112667387936 0
2.832351797132668 0.3022876869655093 0
2.279219510406004 0.4052482841577549 0
1.497983756689446 0.6448555426894323 0
0.0822285780969902 0.7333632662377395 0
1.309156214995491 0.5418824092809666 0
1.859788953930251 0.4487566403617646 0
1.55982561522425 0.7733794462814108 0
0.4735237296768687 0.04670748571677412 0
0.2403092019289507 0.5737943917749682 0
0.4465285631301013 0.2098051987197198 0
1.186866855511257 0.3205012961787121 0
2.879764091966702 0.3012717759329396 0
1.629724775710196 0.520156466522073 0
1.256431002597545 0.6175570030341824 0
1.443089189788205 0.3180922747592615 0
1.613052941908566 0.7225199238545238 0
0.5477089160050396 0.883101970995142 0
2.232457574867012 0.6566029489310732 0
2.507152850067042 0.6323740995694038 0
1.338486275579394 0.4168235637299171 0
1.52006363939977 0.9263769045130912 0
1.209755260948306 0.5676176466050036 0
0.9881411996484933 0.5725338774001709 0
1.128328023299179 0.7193766561588495 0
0.8953175966898165 0.9009506287261895 0
1.230597675301681 0.6428516685595322 0
2.230964554354005 0.4037409484824403 0
0.1618700036750493 0.7756992468124908 0
0.1896492804798802 0.6865669087207669 0
0.6887971454963561 0.6449384350989925 0
2.738789169831301 0.3312197708814735 0
2.315281169232321 0.532276246740335 0
1.769185850029996 0.6231489198513661 0
1.13590625914683 0.5687148801867697 0
2.2398458138047 0.5561025314607957 0
0.2161208908415616 0.6858678319139758 0
0.9869072696369294 0.9501810955053328 0
2.476942871788466 0.358966651201839 0
0.2325955707356245 0.02276357951329467 0
0.1996287273727842 0.09241611567449949 0
1.499870669812021 0.6193691936526857 0
0.7903133577746559 0.6594434586077376 0
0.6261941942269709 0.857839001552812 0
1.762631577624302 0.6984001605549074 0
1.569565667642108 0.9263686533071438 0
2.524472853723912 0.3595394266303083 0
0.2670092758591651 0.7966130716376008 0
2.954226380095882 0.4826111818323377 0
0.7501954311414601 0.8781030183213354 0
0.4666453801726694 0.1157853182548783 0
0.05027318921424966 0.2122144598554802 0
1.837624557698561 0.4236737364907208 0
2.161906445225209 0.3761800384220194 0
1.690947705226507 0.6724195565485721 0
0.5783646830562488 0.8126223611843471 0
1.593110594814004 0.6714915185439507 0
0.5582811827100206 0.6526365190626617 0
0.1098092405129169 0.6890642475006994 0
2.952549497189312 0.3774289260410307 0
0.9894330076051783 0.9248919589784521 0
0.5844380867971064 0.6513716936246372 0
0.3873664569206202 0.9543075051571543 0
0.5811497440840385 0.4684523196495118 0
0.5558779202165767 0.4931909559208286 0
0.5553631951428911 0.4702812294955956 0
2.021055846288419 0.8793145543819331 0
1.294184203716898 0.7697564582686525 0
2.507851235469638 0.2815058222549907 0
0.5732887214286431 0.8825979470516339 0
2.251569396833685 0.7564641077673218 0
0.8246072982443539 0.8767880598973227 0
1.207502124407342 0.6178247852433451 0
1.210684853155646 0.5425846263773541 0
0.2572481547421896 0.9546764437398362 0
2.856937458775673 0.3276338969073046 0
0.9381764809480675 0.9507769317404577 0
2.897252187866051 0.8071374161889974 0
1.283267600384242 0.8715329562643752 0
0.8023130602631154 0.852739303833262 0
0.8622705521453632 0.7031580525435999 0
1.838813532522418 0.6746234554531693 0
2.329840325997244 0.6815374617720047 0
0.8399873329002474 0.2766323523881369 0
0.81697328335943 0.3020460373979989 0
0.792492385296233 0.2764095373267276 0
0.8162669933412028 0.2764966395850953 0
1.13779057023151 0.3706782729963095 0
1.419410064092168 0.7205184479196175 0
1.929324025426936 0.2736023648327418 0
1.99152639013523 0.3735713060644129 0
2.712740660046348 0.4833919935338882 0
1.1569205605891 0.2480415660360915 0
2.882668834995441 0.4308318842193406 0
2.50095606498782 0.8278255061828765 0
0.9325740228993739 0.7498358556975204 0
0.17417478757556 0.2355516451662513 0
0.3212150689840981 0.1185519647424008 0
0.2628695028457539 0.4844570896660008 0
1.94349083800328 0.6011094024051067 0
1.223645814331157 0.7438968290055928 0
1.644384169887777 0.3461154557645024 0
1.621610475616471 0.3207640981172515 0
2.928015520457163 0.3262072025380605 0
2.953909759729036 0.5619215893514655 0
2.470376933467697 0.4347059949339588 0
2.786064392429398 0.3295969249128675 0
0.4370862129016688 0.9767842457841152 0
1.948033234931827 0.5505440149850753 0
2.275417541346909 0.7808996327889797 0
0.3214883952506369 0.6384924288693623 0
1.449374590826286 0.9001569238423576 0
1.374943973913525 0.6688347408307372 0
1.240881018743128 0.8200015957887432 0
1.085890743350052 0.5947103885021865 0
2.68284355564754 0.6070419159597458 0
1.036018320736325 0.6209659944643666 0
1.328095778889582 0.6429890686154504 0
1.559433820165906 0.4683691085554338 0
1.740162539839068 0.3979180967422909 0
1.033101535264539 0.9745663556696058 0
1.492820176955825 0.34264786645912 0
0.3070752158622967 0.9774414579538916 0
1.235867956263035 0.2712342728750354 0
1.261741415496381 0.271021795945541 0
1.228340561620791 0.9217982052776665 0
1.033382459081382 0.2748242230577814 0
1.010280413536953 0.3002184654367051 0
0.9842507253291681 0.2758431086193593 0
1.008742733462963 0.2753376830116965 0
1.134007245047933 0.6187593403241654 0
2.185199694561319 0.6309956753565682 0
0.8151941960778599 0.6572215651760945 0
2.094229356169107 0.929545611544059 0
2.600185576792559 0.9762676004173496 0
1.084996004597404 0.6197287822547992 0
0.85940541235433 0.7527338347923209 0
0.3633159407601423 0.9317089353256824 0
0.6495666250069498 0.8807502626593331 0
2.173857789321396 0.3000058211451421 0
2.502921782555192 0.3336587194223662 0
0.07550268765000792 0.04638804671336549 0
0.100904442794919 0.4223138092455028 0
1.879836564859882 0.7759054252100004 0
1.957843482512811 0.7277445714822851 0
1.927278438991558 0.8022258353129891 0
2.326353119837972 0.7554131020254028 0
2.833276163225802 0.5575895382353162 0
2.565014769610926 0.4848722540703846 0
1.335930612993417 0.4916123124732907 0
2.324757764594832 0.8044111335271339 0
2.53212364338791 0.6323497263458858 0
2.714725696603632 0.3062174209190465 0
1.834578199829851 0.7247281587557084 0
1.884511412782297 0.4488899913061022 0
1.313936793833353 0.3922856104883879 0
2.602832549105563 0.7301661608862781 0
2.356096809771259 0.6568227888258849 0
2.26427441260305 0.5565165623944066 0
0.2231819435798313 0.1167996640848821 0
0.3697005923523349 0.1183995060561538 0
0.1806826247657755 0.4422054787716183 0
2.450800565914287 0.9491675374899027 0
2.805401355024142 0.2511744841251985 0
2.514173316165604 0.5095633639631771 0
0.1887733981425713 0.6198639192488703 0
0.6473817905138066 0.9044859018230732 0
2.475674609543777 0.8762219042949142 0
0.7152293207047637 0.6196149983613382 0
1.15694213424648 0.9217048657852216 0
0.0997853944333485 0.2117544433456131 0
2.374750704047218 0.876020078205007 0
0.3217179665412036 0.6833065046015658 0
0.2830702587630352 0.3731777993740935 0
0.1840256289712281 0.5088426006233523 0
0.3455165765753557 0.1185580980253653 0
0.224768937090736 0.2594071037083696 0
0.3957200948925702 0.4579080179222297 0
1.591305470549964 0.975848492885618 0
0.3764931266248127 0.2594553860340119 0
1.213312037168668 0.4182687039471146 0
0.9366226610663202 0.6745447401521266 0
1.350691749472501 0.6685802772604705 0
0.6106649956093868 0.6043411506087867 0
1.873270231899439 0.8506878881421067 0
2.450712457660362 0.8273214912797506 0
2.810773030141781 0.4570139209723761 0
0.5201982015818895 0.9067720929986925 0
0.8398613985987252 0.6552242812864718 0
0.07810067494268925 0.5142692530813719 0
0.02497024856612187 0.09467148049975675 0
0.1523387471898772 0.04492117202066764 0
1.672837921329398 0.5965120474365009 0
0.4493379978125393 0.4550283866277376 0
2.477233467904871 0.7544922345877354 0
2.739031267223668 0.3823562953043714 0
2.029823037769818 0.7547414064768923 0
1.909160978851529 0.4490191085192019 0
2.569254663515252 0.4102310160957972 0
2.61185347677457 0.5339289333856787 0
0.4532455802582679 0.6117577037777903 0
2.675233356186251 0.9513946154856939 0
1.177276907931073 0.9473506475334943 0
0.2716232068863296 0.1417313762511207 0
2.057799120025317 0.7048767626673795 0
2.105138461810506 0.7310155472810589 0
2.674073474015501 0.8778304393100834 0
1.80109799797094 0.8239539757168223 0
1.505157768961708 0.5431829198517083 0
0.1842430782010002 0.8868309998153711 0
1.339960130733356 0.3430415439124242 0
0.2953506857818958 0.6839478634824021 0
2.704250256709206 0.6805752436960389 0
1.083134355056081 0.2737710193113168 0
1.109915263681653 0.2977298531419071 0
1.108241673333634 0.2732448503015742 0
1.332467749180214 0.5670736086276904 0
1.952057974633561 0.8029103226363401 0
2.05469027559307 0.2732143159283201 0
2.928507992132303 0.3521002529216662 0
0.6535293613490993 0.8334614296175563 0
2.606969922340447 0.6320779058971765 0
0.1487831882885992 0.1637613479502473 0
1.192511001210418 0.8198202999142092 0
1.086102796512535 0.3229192972054865 0
0.555081128160085 0.7672078441663206 0
1.112088377996246 0.3467906138734358 0
1.111175631969968 0.3222465877636388 0
2.203382752116215 0.7317755388943163 0
0.2422599696098669 0.7298696744335511 0
2.589660847724691 0.4847735284125967 0
2.644629460984812 0.2551777003898941 0
2.563618722445179 0.509562989737625 0
1.901569382260277 0.2988498666865965 0
1.016065543002742 0.8988993199443935 0
1.436627756126553 0.7976895680157681 0
0.3320363442874276 0.02373918897538495 0
0.9463484398983546 0.8751984221375315 0
0.7444093480944727 0.2765480831890788 0
0.7188777473839059 0.3014690245768529 0
0.6960813581796294 0.2781427207967395 0
0.7202261214612593 0.2771755352385109 0
1.965672336996919 0.9271835478561495 0
2.530656149782614 0.2818119863063777 0
2.432247340902335 0.6323110181151266 0
1.804229203648265 0.2754306357919855 0
1.93192133738762 0.2488112627144508 0
0.6198963981900676 0.928748772710944 0
2.501265792750993 0.8034009165346612 0
1.396856044280653 0.9246314068118446 0
2.850367489396167 0.9754317710618798 0
1.011112893249953 0.949680320508586 0
1.417377928311409 0.3182123144439495 0
2.97693376623188 0.5904242667937191 0
2.904328354783355 0.6353739548350895 0
1.471811074469358 0.6700648380128913 0
0.9550739467020688 0.7741921858741685 0
2.313290235414393 0.5572569025646287 0
1.318367285039551 0.7700823941007513 0
1.798531118770737 0.3246644935250725 0
1.790334402338041 0.3985740203029904 0
2.131214522752394 0.7061296875729943 0
0.707882137042092 0.784123285446726 0
0.9635754683107229 0.5734117879008731 0
1.470586559558383 0.9257709545978682 0
2.182698732682262 0.4022968897525826 0
1.5732392555036 0.2948559746426377 0
2.222330779934926 0.3012650052923777 0
1.157283083043753 0.6434910264608655 0
0.05009379376635136 0.1885588047913233 0
0.4249649293862264 0.5231518620736295 0
0.4001332446783494 0.591277894516349 0
2.663573627861009 0.48407330780915 0
1.36159400725282 0.8219029851220755 0
2.977187256686765 0.5637102943029584 0
2.823398102344822 0.9266353703281558 0
2.227308744000155 0.2758628670206071 0
2.052927152217632 0.4759673995813165 0
1.454647705864056 0.5679055136732604 0
2.450664396940311 0.9001191629182581 0
1.312821117770602 0.441810182519299 0
1.113086657662413 0.3959506449134253 0
1.087662161807637 0.3720849988434393 0
1.508447314522542 0.4926575110010356 0
1.112709288897193 0.3713588808474682 0
0.02683975814276612 0.8203704563699192 0
1.749084714561277 0.8481281860249315 0
1.708177337992803 0.4717298000368834 0
2.875403208008928 0.7325560025808625 0
1.219199781608271 0.7945174559528495 0
1.691241516842369 0.9484889485821582 0
2.411941848404757 0.558340919737232 0
2.65251115632326 0.7299730189042291 0
1.314224223534831 0.294789133868716 0
1.552294730125603 0.5692695671406703 0
2.898015389933205 0.7828806631729115 0
1.874485731632218 0.5494110916614114 0
1.371081774279596 0.7198108639693372 0
2.703145555566463 0.7051533784254049 0
2.235933232747801 0.6064035588440704 0
2.301342485223045 0.7557847163189015 0
0.5580043604021794 0.6754510694301683 0
0.155195971514922 0.465304312429164 0
0.4964369803241881 0.2028276966238012 0
0.1878644806934572 0.79752602751152 0
2.341694359209146 0.3049195718417422 0
1.513998328425453 0.97597787159086 0
2.543444524138273 0.4352252186124525 0
2.650162460495945 0.9516030875685049 0
1.528173162423464 0.8501064344083022 0
1.059855557887062 0.2989709357423409 0
1.058179992093896 0.2743032038001958 0
0.9632146911510087 0.4007712707065779 0
0.9882367880474311 0.4244996567898291 0
0.9632447203639415 0.4499051093826519 0
0.9382436048910328 0.4262779017099282 0
0.9632361287977721 0.4253770092634007 0
0.5020847225710658 0.4290759281536551 0
0.2946640069108407 0.6168659477858942 0
1.739811283732139 0.9479284097171335 0
2.325468190585434 0.7799394667872425 0
0.2398977602595543 0.8193440937102868 0
1.859275375340616 0.725276432185517 0
0.762904078382879 0.709727829718989 0
2.011125818992544 0.9762507945890508 0
1.01223515441104 0.596682298494068 0
2.022611517241683 0.3231761603112402 0
0.6040739688865951 0.8117744295242265 0
0.2626486220354372 0.8867562792561103 0
1.001443157854414 0.798030440064831 0
1.102213270430551 0.745031766855471 0
1.425235821038648 0.6439224148480565 0
0.7851483256578464 0.7563783201585464 0
0.5253323643558596 0.8372296975861863 0
2.84755767732217 0.9025377652672475 0
2.155423319844924 0.4270967665607983 0
2.66455285841114 0.4592473111192826 0
2.737912857753048 0.4580536358325324 0
2.146244614143638 0.9301521952425958 0
0.9728818216183702 0.8493536283887482 0
1.400599218774884 0.8992945740578281 0
0.4004701049067304 0.7037543806002765 0
2.736500372011624 0.5079341099137202 0
2.698813931054943 0.8777077512865397 0
2.047830669408997 0.5268598889600594 0
1.852947358002536 0.8002140238955487 0
0.8412280122991376 0.3278286004360419 0
0.8174048085322673 0.3529835935241772 0
0.7933244144384539 0.3268454352024712 0
0.817351964334028 0.3275110022684443 0
2.304992649911551 0.6816150411617782 0
1.796041588118201 0.5984610362428334 0
0.5020794991061271 0.7918390684061042 0
0.1077017951320597 0.579013856488889 0
0.0999698555106255 0.2355902882313362 0
0.2117649108395157 0.5301857999444418 0
2.776240596629315 0.9756076827269734 0
0.3479119058268152 0.6377585999775591 0
1.544823221970384 0.9264741177831124 0
0.7476916171191114 0.9022485616139371 0
2.575995672545972 0.8039524378807169 0
1.400977201521524 0.643640637805209 0
1.334587610257782 0.8469400526709998 0
1.785144986422067 0.7238031803055778 0
0.9289383342444986 0.8001005916959582 0
2.476183949614579 0.8031959526188456 0
1.71772846159469 0.647540450505883 0
0.4793053657653115 0.5881092705418786 0
0.3212532601868534 0.1898068122336759 0
0.3490703983180763 0.2366491374326573 0
1.935207065127307 0.7019771932948005 0
2.922923778363195 0.7848385043904245 0
0.1622999180750541 0.6207905849033644 0
1.550428334654899 0.5946294927693601 0
2.110157465958341 0.4004873733295998 0
2.300563837787685 0.9271595416053948 0
2.759402267745107 0.5573325091776034 0
1.180720811313539 0.9215828842422975 0
2.285979562822449 0.3544899085884017 0
2.451482681956005 0.778773524325327 0
2.010695279571963 0.6785322221977084 0
1.440870819778395 0.3670891225466927 0
2.280216066045138 0.681673093137297 0
1.188133914806347 0.4434703903613221 0
2.526721628764622 0.7791329487188319 0
0.180368945658329 0.02198162998957158 0
1.036220313304363 0.3243184511979029 0
1.012227037446518 0.3497614046805025 0
0.9867228804764855 0.3257145954378027 0
1.01142154459079 0.3250225400232127 0
0.5824327701291012 0.5145585104829532 0
0.5570784825047728 0.5388715196373376 0
0.5304096021659748 0.5175528427084217 0
0.5564770265127736 0.5160585496680001 0
1.539817074593005 0.3928655208644785 0
1.313329229547986 0.8210088987024957 0
0.2809405624158208 0.9773847352417937 0
1.061326306935949 0.5953032566710738 0
2.350612670538171 0.7795011318262602 0
1.196800285284381 0.9734042652314795 0
1.595217087100511 0.6460816733527683 0
2.701377223405967 0.9756869847388182 0
0.9122724351698098 0.6756548606136642 0
0.1997056950822961 0.2592834947854581 0
0.3472681722184482 0.2133379834235678 0
0.3174244696828087 0.5050407101311124 0
0.7348258522011614 0.7590836499208816 0
0.2965856969488548 0.1896012641587079 0
0.7751166684589524 0.8775856157364949 0
2.499976108430785 0.9504700736801898 0
1.352089192789256 0.8983783661566309 0
1.417244947085474 0.7460950732542968 0
2.809454959215041 0.5324368502226758 0
2.549936955871441 0.3341209036761406 0
2.198439647109245 0.8566059698925046 0
0.9341188412482195 0.7247263361774567 0
2.058573522482398 0.4250550171922658 0
1.462949367713322 0.9755153174818061 0
1.404295277974925 0.5927923700961126 0
1.83328498440289 0.9748396782292679 0
1.040112918474587 0.8982492285444792 0
2.674486795170468 0.8284839094746316 0
0.6613471578494069 0.3943161359898538 0
0.6862085482048031 0.4158793791748544 0
0.6582802662107895 0.4400764834154695 0
0.6337760371194292 0.4185095004972813 0
0.6598900926753021 0.4170222966215084 0
0.44196044429485 0.1402809295111421 0
0.4938660693116918 0.3207364995655558 0
0.1307458447948671 0.9090362354953113 0
0.101506805398368 0.4449925770190882 0
0.4151620800242831 0.931062524448934 0
1.97485075097629 0.5256097223281411 0
0.02707312973248987 0.7769117348896635 0
1.060500632760241 0.6203135950686756 0
2.921807715811456 0.8327839541488474 0
1.803339724990689 0.7990821372430541 0
1.338897329238572 0.9746177605538876 0
1.684174699575389 0.747997343386008 0
0.3721124228207056 0.2130973078721025 0
2.608157087509155 0.6075719922896293 0
2.785190989356286 0.3037239163093377 0
0.294991099923435 0.7287991294576386 0
1.57674584269685 0.8500560746230958 0
0.6639411918601776 0.3492270475047201 0
0.6893372851623976 0.3709510325526371 0
0.6359703017464087 0.3730433227679234 0
0.6626465345771277 0.3717627069668438 0
0.1241934553950068 0.1638042783424546 0
0.3996560777243892 0.5689064927058928 0
2.436710485179562 0.5585223521494134 0
2.624581443335208 0.8780924485331347 0
2.976777179734684 0.6168981328842942 0
2.809683735333404 0.328854456812539 0
2.525574230860411 0.8772711780979467 0
0.912614741580952 0.3021575948408732 0
0.8875811753591246 0.2768440840374663 0
0.9356594886252618 0.2766303012931808 0
0.9115546361323128 0.2768295404639494 0
1.252179621941105 0.9221819469166419 0
0.4904872337536562 0.9534206815040115 0
1.465504753053088 0.7468293880021331 0
2.614308093635606 0.4846021460283703 0
1.288769623817528 0.3925214696389501 0
2.713878193867748 0.280237728849436 0
2.930245983571211 0.5605238878152293 0
2.778713691720348 0.6806448273268646 0
0.8388565144720256 0.4299134137295043 0
0.81247032398159 0.456165992046449 0
0.7913923672323776 0.4297428168891682 0
0.8162338777363923 0.4043947011625864 0
0.8146510104364962 0.4304097947447629 0
2.475677560871248 0.9006234027151839 0
2.248436847790053 0.8802730441692124 0
2.248534497305749 0.8556355118087904 0
2.827082132000483 0.7060468197108091 0
2.472437787012375 0.4096215839109451 0
2.650257957173761 0.8039007442609759 0
2.973122380786279 0.8593804469350697 0
2.104586799449316 0.2736344555200422 0
2.882900228073087 0.5078065765658103 0
0.7022462795465918 0.8554878354770382 0
2.131249022877529 0.4264994025036858 0
1.592519408234616 0.9510960422605541 0
2.549712282188491 0.9517260470940117 0
0.2041509054917026 0.3744073400270754 0
1.61745771401901 0.950553991727044 0
0.05012976475421248 0.07037840804948133 0
0.8157218284842571 0.950518506898814 0
2.785593717127073 0.5075042935868382 0
2.498864448036266 0.9751855174127141 0
2.69100435178795 0.383585257297524 0
2.223999728524786 0.8314305534654305 0
0.2668685781128535 0.5730582922570943 0
0.04922645620070898 0.4010135103360724 0
0.3205603472279396 0.1423598994400995 0
0.1494154957634011 0.2354901713522491 0
0.8409330768087251 0.3789326715734554 0
0.7932825689626283 0.3772631530895085 0
0.8170794750284436 0.3785776488384866 0
1.903928591204814 0.4993784201875292 0
2.339812980310372 0.5326678169484199 0
2.463112629802322 0.5340129473843744 0
0.1884564514793128 0.7753274932245253 0
2.930710533416172 0.4825446335114944 0
2.413681781657266 0.533606501032363 0
2.761735389204086 0.482726604838265 0
2.906949018083994 0.4823976392636037 0
1.258905754667068 0.5672111413123332 0
0.8895206372845548 0.6269550548791782 0
1.506820321063964 0.5178908156294778 0
1.372477702356386 0.9242212490457704 0
1.438491504452175 0.4166786889011763 0
1.160020325303122 0.8961150606364461 0
2.97545110223424 0.7194953844399051 0
0.9611939841086097 0.3013781254457704 0
0.9598914181770596 0.2762950786792022 0
0.1862502278786084 0.553207863407903 0
0.177322134953776 0.3521138626972058 0
1.238336773769623 0.4178535439742824 0
1.386462812682501 0.4665246342322841 0
1.441375712901073 0.7464731921524916 0
1.112127338024002 0.8966648456366979 0
0.8855402339569189 0.9755297575659245 0
2.149450896733873 0.2994917197877667 0
2.857746933429907 0.5579895449653463 0
1.460663898882982 0.4668896091055093 0
0.4882298409468309 0.9766595121240801 0
1.669616612515564 0.3469087126120999 0
0.3162043135344677 0.8638063094348498 0
2.52476950588373 0.951174757780214 0
2.552276361946187 0.7547285265418497 0
1.720095971185804 0.348268478296757 0
1.340146380240732 0.3187500028269848 0
2.176214924950052 0.7819303812370568 0
1.233222186208955 0.5924975083072611 0
1.18781599811132 0.4682476488909445 0
1.132830968902203 0.6438553531324226 0
2.773696518398444 0.8037022075314817 0
0.3696021673439875 0.8404054321971042 0
0.2689642010076109 0.684577128436801 0
1.138269200304589 0.419905058807289 0
0.6366906548153121 0.6484879160793552 0
2.252070691522029 0.4298434920504389 0
1.480694151242845 0.54285056055213 0
1.76526157817703 0.3983062022903758 0
2.92899372475013 0.3781101446729674 0
1.807647356684331 0.4733084739374823 0
1.161336791817243 0.5433168989686039 0
1.382873571460673 0.8478982388281165 0
0.3279748764268219 0.2827943100193847 0
0.1607265075553231 0.5763846539545766 0
0.987885833847301 0.3752567581656954 0
0.9383545113986629 0.3768517122792922 0
0.9627402976373836 0.3512627265393032 0
0.9630785058911882 0.3760668682757903 0
2.94811575981035 0.904841486571252 0
1.75411144594531 0.2752478580097009 0
2.474620195494346 0.3843864163006865 0
2.875048119049555 0.9754957496966501 0
2.905945306568708 0.4046291890650719 0
1.133497526956934 0.2727402431278179 0
2.448276186336104 0.4092802815388562 0
2.699672835606763 0.8036990127659436 0
2.152813185046858 0.7567496382940923 0
0.3854695895351914 0.9771863157467896 0
1.31224656201256 0.2234598124951422 0
0.6552836764920288 0.8099032132257633 0
2.504882110543409 0.6812912059182589 0
1.426985906538649 0.618455254096045 0
0.3950780258248212 0.1891528314439905 0
1.431242236595795 0.8488358755529292 0
1.848451733531152 0.850008556922496 0
1.517148941810204 0.9513794578723798 0
0.6630573754434378 0.6238482150439788 0
2.786555355111404 0.4573026199454894 0
1.243414839919015 0.7946432778391193 0
2.773226469920097 0.9021195794633401 0
1.534736667520078 0.4678963318654829 0
2.715209311250144 0.3575685321452811 0
1.488335716452918 0.4170452959886407 0
1.212866434075663 0.344475868974132 0
1.408659949342989 0.5168763915100592 0
2.810899855228914 0.4316238739741082 0
2.928664542428599 0.637331848587525 0
0.2149462418011985 0.7749490313004396 0
2.402612951642746 0.7302214310110086 0
1.231902136030025 0.896248790849391 0
2.106739006465007 0.705779016712782 0
0.1737253456301114 0.2117528884381822 0
2.073085586555094 0.8557586066242433 0
0.2106486482077951 0.508027567478997 0
0.2845215599542317 0.3953876245256681 0
0.2719092342191963 0.1892743964721322 0
0.3826121873959902 0.3046058833707636 0
0.4713617870349882 0.2071170318361815 0
1.249913201840819 0.7186417851848883 0
2.390935398669533 0.5084953400231804 0
1.434610424376364 0.4918377465339002 0
1.17506858517284 0.7440551429625069 0
2.099461810242647 0.8313681688802366 0
2.265942593375643 0.3282322529741165 0
0.1098555305574859 0.6671443572533042 0
2.834430894288596 0.5074233690050601 0
0.518210956978846 0.9300307452109375 0
0.937657125161899 0.3269362887599074 0
0.9621300776598682 0.3263651492577567 0
1.10949982331336 0.6192105036389756 0
2.922116965718468 0.8804563334772476 0
0.4532497418264903 0.6795226130437746 0
0.8838855722637433 0.7516920944734755 0
0.7615623379441683 0.7337155926843287 0
2.654535237532365 0.6808318781502595 0
0.4271040479498867 0.6578029209868037 0
2.847716418958908 0.8049375615798995 0
0.240697089954011 0.7969380958354876 0
2.428692899138027 0.7057377679316192 0
1.476857550471349 0.8751385075222203 0
2.897505026215854 0.9035652850234244 0
2.082831262014055 0.4254732231238111 0
1.122299334302571 0.7951592899220723 0
0.02747228178760194 0.5866266753048284 0
1.299993638809474 0.9230359374929142 0
0.1606866082733741 0.8199220191540186 0
1.062027767188918 0.3482387838715089 0
1.06111581324821 0.3236145813289282 0
0.3707768876341166 0.8176571216996651 0
0.7697474911345348 0.9261825127880112 0
1.662676579601838 0.4208919470826595 0
1.442003011969516 0.3425037685198235 0
1.721919936122168 0.8729871347251277 0
0.5058400766827188 0.60956136988154 0
2.753906136241653 0.6805154503523911 0
2.357841817993252 0.3566640974454451 0
1.854267176322312 0.2748350286244987 0
1.967934509744114 0.6015928963234739 0
2.085912649402649 0.4000134700289337 0
2.198042610499052 0.8813287288799425 0
0.5713210830133277 0.9060321095267212 0
1.762748225705268 0.4230121528482471 0
2.149787209777533 0.4780005740756245 0
1.035188525161904 0.9491337883700079 0
1.284569957387076 0.541963972750403 0
1.831826129699549 0.2504135907920573 0
2.465729183830798 0.2542254089334108 0
0.02484107002310864 0.02380230530896835 0
0.3879074131729899 0.34858984509723 0
1.735735564753493 0.7231675989386527 0
0.7417457297701391 0.5477426682375675 0
0.688694030507921 0.5535351380282886 0
0.7143862853095275 0.5286260381112712 0
0.7152116747988964 0.5509969085464865 0
2.748232152270722 0.8775582758034399 0
2.169067253903235 0.5293690455755294 0
1.66827636019194 0.923943258589167 0
0.8892183283554085 0.9508064341010282 0
2.72385708986907 0.8283036387521945 0
1.619622232950308 0.6463673323132205 0
1.961729132752801 0.6773858727822876 0
2.128331278128458 0.4519709627578616 0
0.8515926383027878 0.8517497628001087 0
2.037427932014322 0.9764838891015407 0
1.418721823382451 0.2701312822218523 0
0.4648273136334369 0.953550696453616 0
2.810490705583073 0.4822733253760422 0
1.645554145336953 0.8994718592681613 0
1.487321893053134 0.7727832190744199 0
1.435951208314442 0.4666999267629599 0
1.163195393216339 0.3946498421917066 0
2.477976619185744 0.7301132415942149 0
0.6748446942228105 0.8800550111510348 0
0.6789506221960561 0.832566394193989 0
0.5321023376274957 0.6538101736781294 0
2.854800514560484 0.2759328596541547 0
0.3614023157909674 0.9545574309574263 0
2.650880519581354 0.7792291994784921 0
0.5511095225354785 0.8365883650254758 0
0.3744346738281992 0.6594383912456403 0
2.328554233397637 0.7062086732582782 0
2.900185992950548 0.7341954345250461 0
0.7108319206129734 0.736765989277226 0
2.104137238428643 0.4514322408206096 0
1.690235212413615 0.9739633114766769 0
0.153341517086792 0.4205821834834388 0
0.3938080885286691 0.1181084848362552 0
0.8646158981614671 0.3023474183659583 0
0.8637382732430721 0.2767546246985009 0
0.4261380161613268 0.5678668230179744 0
0.4991430877195314 0.3634284511982311 0
2.659137244848401 0.5826774158277286 0
2.054428500327181 0.7552969120535569 0
0.9139009249448691 0.6255905127717415 0
2.850643116367718 0.7314005177338497 0
0.3446784578778785 0.8180963096762592 0
2.199918671029452 0.9774297540035551 0
0.3194762207156699 0.7958687254156237 0
2.289881025211951 0.3290266689138072 0
1.09078412230204 0.8716521035765843 0
1.163279397346899 0.4192973467743999 0
2.468423230731721 0.4596671770802543 0
2.727954069908255 0.7050896812930402 0
0.2677032749891328 0.7741644121017144 0
1.715537429858032 0.6726855255747172 0
0.0263953785087301 0.542814636452267 0
1.18515255394564 0.5679192635084072 0
2.248769092569569 0.904797635903863 0
2.458905288422579 0.3070445270739676 0
1.650331251049154 0.5709273407681921 0
0.9308449352693696 0.774960065724391 0
0.7919646782319435 0.6108272008749238 0
2.302433221657634 0.7311025567206615 0
2.975632433418477 0.2997102730891079 0
1.939243287833831 0.6516004815424816 0
1.925188485437012 0.8271586044017858 0
1.779184757148127 0.2754578263447792 0
0.9221881491538851 0.8755996326537095 0
1.447604377763403 0.6697435835840048 0
1.857194225688979 0.4737894824819612 0
0.5277625663240831 0.3825588460594361 0
0.5547603865075453 0.3588297212144029 0
0.5823827415759544 0.3774123642822881 0
0.5551170073919822 0.3803569081000937 0
0.6676538860408421 0.3036372994872155 0
0.6482363527673533 0.2810749307441664 0
0.6720556950910093 0.2794695108737028 0
0.7042860967539746 0.8316588454329596 0
2.52625647547818 0.8036248117635765 0
1.392425019930049 0.2703618231048535 0
2.446060251109918 0.4343889765214783 0
0.05374886593486541 0.8202934284381704 0
2.833978146378382 0.3540901066732988 0
2.525458568480242 0.9018928253218635 0
2.757356450793526 0.6067094782128869 0
2.952256977868779 0.6653299163184446 0
2.583234322449622 0.60770657748935 0
2.450444166709032 0.9742179872968998 0
1.862464557293529 0.4237573290539837 0
1.908605029377111 0.7264794277067209 0
0.6873966226036325 0.6914025288079021 0
2.42774666173666 0.7301313357874715 0
1.29562924608591 0.94863909332659 0
1.984308190447114 0.7031905692534935 0
0.9195841240828706 0.9007549413748801 0
1.437729083461783 0.9753447526492616 0
2.404729860803887 0.6813327711843775 0
2.063364808075995 0.6289420944525288 0
1.319657251223165 0.9489320667715698 0
0.5809796672455935 0.7662574516782716 0
1.204698036863629 0.6681865426048655 0
1.923582527096181 0.3235042092216354 0
2.486333231709897 0.5587620408219707 0
2.30335603627553 0.4059825139140868 0
0.7525108929818741 0.8539898927151368 0
1.497610789013428 0.2697582586584421 0
1.999217132412802 0.5259995659856852 0
2.016022476628452 0.3736962441045669 0
2.631889908667916 0.6319267568377898 0
0.6918541735671918 0.3255620357994433 0
0.6387541315798131 0.3280276050576111 0
0.6654865610438994 0.3265869931491654 0
0.2472444719555912 0.1888765537666598 0
1.232739578496523 0.2234888896816793 0
0.08062694997775439 0.8202318149540299 0
0.475314833033828 0.4311213730561799 0
0.4090223231616267 0.3038296533315908 0
0.3735095207898932 0.07056205836338611 0
1.391637684283572 0.3183818992173059 0
2.007066140491528 0.449814665575682 0
1.717504442517519 0.9228655985222514 0
1.827565849682228 0.5236161714584333 0
2.555355338505335 0.2553665172690772 0
0.6584685863417757 0.487271678351514 0
0.6318276621426904 0.4651728170365497 0
0.6811244116428038 0.4624344417406513 0
0.6566759770202703 0.4637529857191802 0
1.407047780094911 0.8483770342584911 0
2.403066492631689 0.9738210683218893 0
1.06923272758502 0.8468055837239189 0
2.024708606188395 0.8298128806556531 0
1.66640587772779 0.6721784384625884 0
1.33949632764406 0.2469996121848948 0
0.2950543715953657 0.6391957881387214 0
1.566695759468166 0.3685797099635842 0
1.769183925671302 0.8980399575838814 0
1.131403334892559 0.248404676362812 0
0.2901229718581315 0.8640106230302474 0
1.009618976017657 0.6718715590674208 0
1.755965417751497 0.7734395881803442 0
0.739859757706228 0.5033673084802783 0
0.6862179047605259 0.5086095199178481 0
0.7099025681612912 0.4843831537279894 0
0.7127448078975077 0.5065171746930195 0
1.496023322184447 0.6703813809329673 0
2.7629020971796 0.4071453624280598 0
1.283449460773294 0.5671045730536178 0
2.38101015505362 0.6568192234247165 0
1.53305596814734 0.4930543455234622 0
0.2089425804207084 0.9093846432030709 0
0.1246887993684916 0.2355085022007761 0
0.6976977059003679 0.9032870680864976 0
2.360758627725288 0.5826693635498188 0
1.466108904045319 0.3671524322274061 0
2.690482572040712 0.4088100634370708 0
2.234292674454355 0.3783306122240914 0
1.692892443703264 0.9233037720962217 0
1.820859221039081 0.3492712438293633 0
2.482178150150821 0.6323715254898236 0
0.5525910417321547 0.8134084115822846 0
0.1003239205224783 0.3533780698583118 0
0.2303526728521688 0.3739934252380904 0
0.2231170570161893 0.2122528020102793 0
0.1983991708376862 0.2119622761188559 0
0.07929864176315789 0.8863129707103317 0
0.2469549014150104 0.1650724583564562 0
0.7687160458279223 0.3010619039406643 0
0.7685364187692185 0.2762568642029374 0
1.366156513465353 0.2705762644615861 0
1.807016382929963 0.2506501658120845 0
1.527863488816015 0.5688873874659994 0
2.575008804012323 0.9027600704783014 0
1.379922401791848 0.5925949320179299 0
1.865570082542004 0.6500175664344545 0
1.136078534712705 0.8963424816809776 0
2.976317097325469 0.6690142364093228 0
2.496613022055783 0.4098987261171225 0
2.700237739850565 0.95131323998045 0
2.246681605467555 0.4804403872557199 0
1.113267188841113 0.4452168744416709 0
1.088255067150743 0.421280307202254 0
1.113261403798909 0.420568171418936 0
1.037681656547312 0.3736346133771923 0
1.013074233215739 0.3990664504633089 0
1.012757363835117 0.3744409322402319 0
0.6047306722849939 0.2826619996845838 0
0.6141398637289278 0.307596183455266 0
0.6252519184618403 0.282223926826483 0
2.512646290164955 0.5342156996387846 0
1.957190743510578 0.2486178331407939 0
0.9137128397451626 0.9508382495491099 0
1.472527488367354 0.2460944642992984 0
1.128734467459451 0.2241538901683362 0
0.77747554976754 0.8533293076445658 0
0.02730743456855905 0.7553759013705754 0
0.3682646445354014 0.8631897170267024 0
2.193339980524936 0.5298927206594557 0
2.906404864891051 0.4306150104689135 0
0.3736591571448038 0.5921907952812919 0
1.498340682008313 0.9008714815114125 0
2.457206661375575 0.6323484447948762 0
1.695295167146289 0.6220504435227532 0
2.925008850284422 0.7364728044714175 0
0.5198217934822075 0.1742746882409615 0
0.5225677752297216 0.1943543472360877 0
2.67640868598867 0.7544763902327873 0
2.076005024625598 0.8059755979995052 0
0.4704860060147136 0.8843746586663731 0
1.279393141446414 0.6427929223501114 0
2.210191605087497 0.3775708030489424 0
1.05543222482262 0.7208732770838888 0
1.654396857505502 0.5206612610029774 0
0.5494797667076688 0.85982004751625 0
1.646194081361416 0.6213743842340484 0
1.362648497383334 0.4415668242215914 0
2.525251301934436 0.9265402211036353 0
1.760430051403765 0.7234472901916471 0
0.8312553858069174 0.8030569216980924 0
1.670723694935973 0.6217094978757353 0
2.977140283323406 0.4554906293940172 0
1.023385945625459 0.8226981329262539 0
2.489474341406533 0.5094646751154577 0
1.213078658780938 0.4430092688489412 0
2.074544018561113 0.8309302054769915 0
1.597269972109112 0.620707784405643 0
1.748907540021094 0.5725833936989573 0
1.9731821099458 0.3231730994845923 0
2.029646920456352 0.2731260635164532 0
1.103981499395497 0.9737982982348816 0
2.416148426987283 0.2803238055911536 0
2.689687473024684 0.2545146813840229 0
1.677017672612798 0.5462283529402837 0
1.127289087713859 0.9736910446667106 0
2.847209994491871 0.8294140964504009 0
0.7435352668353048 0.3249409169857217 0
0.7169636704648604 0.348054323603629 0
0.717877790212373 0.3249937394347349 0
2.649626184653826 0.9271724154226277 0
0.8634272069060804 0.6783328555894134 0
2.775349376765203 0.7544404704554157 0
0.7099138526457471 0.4376420340628034 0
0.7051352465253776 0.4612056089478361 0
2.810049566836418 0.5074102913302191 0
1.489814725366537 0.3921284232191412 0
1.876594212969588 0.2992331920078375 0
1.212245579249468 0.3200463199231083 0
2.255511783318639 0.6816949968242777 0
1.943115076350157 0.9021554079168105 0
1.107096334400135 0.669421716585001 0
1.686471416651063 0.7228105728819638 0
2.674187495683184 0.9024421963140863 0
1.514825979323286 0.3924400913517337 0
2.198195446295738 0.4792021500620309 0
2.28875516544312 0.5569021391988742 0
2.004565600367957 0.2731301614285668 0
0.5967559951506365 0.9055730388895578 0
0.2681866910000452 0.6175764586771071 0
0.1055999154319316 0.8864719605838951 0
2.947119148400995 0.8345823889948716 0
1.137204202788721 0.3461230297827262 0
0.6677423511880404 0.9517616095803079 0
0.8219607614212299 0.9013544210665663 0
0.05239367117231047 0.9084239631835753 0
1.731204651367664 0.7732454421399265 0
2.594726564328873 0.385005690716369 0
0.8736161893782836 0.8762089558913226 0
1.652475182840912 0.8237559571286517 0
1.063042476847216 0.3974428572029983 0
1.062651671031631 0.3728467657875994 0
0.4677322795682951 0.09285341322271659 0
0.1502326326196431 0.2828057891114103 0
2.548961909912678 0.9761039538741854 0
2.751645719328274 0.7297050548930916 0
2.012910794066258 0.399044169489542 0
0.2350190346820974 0.9093879903407198 0
2.750024614467323 0.9512119566626999 0
2.172801609175629 0.881497645774812 0
0.02499994770156934 0.3296346662950916 0
0.1069275556695097 0.8421507889164173 0
0.8924328264613939 0.9259250009279538 0
1.715055348781825 0.3974165446158248 0
2.97503281756351 0.9759549029352307 0
2.096338830250748 0.527818445283273 0
2.018889437558599 0.5772125548005745 0
1.661928308384905 0.7227020641039603 0
1.108380523078929 0.6442931066144645 0
1.50904726114802 0.7986918171744143 0
2.092674926033782 0.9534214685244057 0
1.55741790832155 0.7989712164233306 0
1.38753694467048 0.441528876477249 0
2.952785033827056 0.6398839017717303 0
0.6362632709409161 0.6714666385376696 0
2.35754734944449 0.6321462980212378 0
0.5249013273528313 0.3395683585206809 0
0.5516895487285499 0.3186799100159194 0
0.5834014411513669 0.3339222838042155 0
0.5539079994527496 0.3380740237640417 0
1.857190569240043 0.7502942920696858 0
1.138898082403784 0.8708745723179756 0
2.562241462093268 0.5341883816291615 0
1.423395314924566 0.6694256274814638 0
2.224753507486381 0.8065670570803974 0
2.095609349265841 0.9053462665563714 0
1.658474429814718 0.4706316140117612 0
2.973602371177857 0.7910917467139683 0
1.52962992001763 0.5435544244519963 0
0.07640198335492103 0.953688272342983 0
2.27363102592372 0.8548837726957805 0
0.5829153477576271 0.7201277998323935 0
0.2688864840636263 0.7069497260834707 0
1.988335630034472 0.9519140653582195 0
0.916774689499678 0.9258557380053704 0
2.730244462154472 0.65592954556365 0
1.699567868624444 0.5717665726209745 0
1.027620065596803 0.7720391087425404 0
1.730803063826741 0.4971208286563762 0
0.4421473844210622 0.1169356446058277 0
0.8388570586624442 0.4797711076995651 0
0.8161816078803298 0.5074005324089501 0
0.7912494059968576 0.4848715821148246 0
0.814596615891354 0.4816544579375524 0
0.7425219549712648 0.3714065765231904 0
0.7147815519024885 0.3931582560565577 0
0.7160075768702198 0.3707593027208164 0
1.911909286296671 0.9509720314270813 0
0.4171001074089219 0.3691629509298466 0
0.4055824008471376 0.2815803469132498 0
0.3946007693913917 0.4359296305818446 0
0.7401347793985282 0.416006072570113 0
0.712905666483398 0.4153372836156082 0
1.397272179370722 0.6946279848092023 0
1.845320746376494 0.5992947290811178 0
0.7094379855850846 0.7604199241906543 0
0.8577121041244657 0.7774993581088028 0
0.7667659062745285 0.6142111928634254 0
0.9862970825207746 0.6475611984238482 0
0.9652730068400565 0.9253506042388755 0
1.921248761278163 0.57540036631311 0
2.077170467430608 0.4764145062624868 0
2.056086544316369 0.7301124624873523 0
2.63426325843184 0.5828762105385925 0
2.642872401619377 0.3845068010312204 0
0.1255833047072915 0.9770432753393802 0
1.391016224375231 0.3427020670794787 0
0.4790626987666819 0.02342490617482736 0
0.2487992502973922 0.2361602331878473 0
0.7387040794813478 0.6877548084202484 0
1.28646976338478 0.4918531877643626 0
2.598081857069844 0.308311792899047 0
1.780750276133459 0.7737508426208294 0
2.071595328805141 0.8804276941794099 0
0.296800541993118 0.1183370713549173 0
0.05013492205392928 0.04691854886821126 0
0.6891834295038108 0.6218716742696733 0
1.982430711883185 0.7283738529746815 0
2.021162153272755 0.5518229764780912 0
0.9003737527805153 0.8508847213477814 0
2.738435554113156 0.4329477455239793 0
1.728587761714856 0.5220905376436021 0
2.702107123896171 0.7297528204950753 0
1.187352762047756 0.4930820222458054 0
2.904881252288054 0.3526124636319001 0
0.4766768401706913 0.4756158506139563 0
2.534667739378923 0.58335447231284 0
0.6613836068430974 0.5329357791890187 0
0.6341548650730977 0.511682587919021 0
0.6600822662720588 0.5102351481983732 0
1.248039744444696 0.9478803516938527 0
0.3717880830434276 0.7949458905788581 0
0.9883890758205239 0.4735832014927636 0
0.963581912012439 0.4990221945159254 0
0.9384028846544683 0.4753093476478566 0
0.9633999994836613 0.4744263139450645 0
0.4533988721369588 0.6568998156447365 0
0.5836128884940398 0.6971521440539971 0
2.144815879583567 0.5288445242526337 0
2.927940245297485 0.6624847646829335 0
1.471337754389908 0.2697867108875503 0
1.267612349095682 0.7948709778893567 0
2.299381027181999 0.9028401389651404 0
0.4963047932969219 0.8839666272845201 0
0.02529829240885968 0.2126128514606212 0
0.6368699564268182 0.6027651393434421 0
0.3420311088707711 0.4600540670472764 0
0.7420790158235733 0.9507442847083283 0
2.874245781590339 0.7570192254186889 0
1.382780496908399 0.5419842100546136 0
1.65236822286426 0.5457682572365793 0
1.208695316294826 0.5926992456581016 0
2.625071153496756 0.8286708224497314 0
1.847570122844029 0.5741692613002429 0
0.7880350017923325 0.7079230127281007 0
2.566423122569059 0.4600999552918249 0
2.947450645848661 0.8111061264090279 0
2.674556910229512 0.9269728034256535 0
2.052811406902268 0.7804180792484128 0
2.550071257585897 0.9271120349771159 0
0.865730558260445 0.5534634011561506 0
1.744421233705013 0.8978296678202839 0
2.749031982243471 0.803620318122265 0
2.290799293618375 0.5318501137221613 0
1.405826311603717 0.5674337474898727 0
1.77621305300362 0.3000362424521316 0
1.535626467226181 0.7732566962665605 0
1.955931200613288 0.7528558962491149 0
0.3688714342388364 0.4590629675701204 0
1.547564103964048 0.2943374371381791 0
0.8888150181811358 0.6519457615309044 0
1.945361974239835 0.3483971510418798 0
2.666258390042583 0.4092757171360869 0
1.313783634713007 0.2708288068186946 0
2.124937035398542 0.2990501342920743 0
1.23813484227153 0.8453789308584926 0
2.834750072643812 0.4056708306842806 0
2.872471706107273 0.9029760202295383 0
1.260898455807206 0.5170566874795712 0
2.855234858458039 0.6328615042864804 0
1.286364920793923 0.8460592204804757 0
0.8465130704152588 0.9012014751851227 0
1.784876964467947 0.9740086794517877 0
2.924152599747128 0.9518418912146355 0
1.388534064602552 0.4166318194411042 0
2.929253650552081 0.6119330769258711 0
1.213231021973066 0.3689957373154324 0
1.3659534062831 0.2468955529350658 0
1.587862352851697 0.41890059099113 0
1.850745827646356 0.8251223614970333 0
0.2923811310747122 0.818806902621658 0
1.906596482857584 0.7515440804009282 0
1.148731868791327 0.7695466241283817 0
2.575596284524637 0.8286045879696295 0
2.273629689151448 0.8794298465730044 0
1.381393997446173 0.5672640242000613 0
2.874047814879666 0.9512541310180922 0
2.322081757857057 0.457076398204328 0
1.14413467838027 0.820139339367729 0
2.317400024027729 0.5072551259609621 0
1.413526719882678 0.4166207076165805 0
2.953924271420518 0.4561521127234671 0
0.8891461511646979 0.3277163667575812 0
0.8652555643754496 0.3533355840428541 0
0.8651276267199473 0.3278716531269104 0
2.577651954409389 0.2554566701390651 0
1.672258294457733 0.3224144142025714 0
1.355530047258026 0.592441544770712 0
1.542308952823425 0.9515063102369439 0
2.667716157290267 0.2813750186935384 0
1.603175309409682 0.5448420751240197 0
0.9268592416743404 0.8252574233513081 0
1.823632853636871 0.8493638107228934 0
2.134366267092199 0.4010300024892826 0
1.704149588859647 0.7982251225767506 0
2.379381870358627 0.9739117139958967 0
1.516462457636931 0.3676131525403435 0
0.4794817375878432 0.6786060329971958 0
1.445788043480665 0.246257908655802 0
0.163008109765085 0.7094515938917083 0
0.2126795413962819 0.8419365882562887 0
2.098175949512908 0.8562070591737394 0
2.555936586877586 0.6567717546908916 0
2.8818134006238 0.3790408155908679 0
1.04513272114204 0.8474206319911441 0
2.324685793307498 0.4319086394647003 0
0.8609267904046575 0.7279555436497647 0
0.1893216983730807 0.7309663843894673 0
1.911913339386548 0.4238645420126804 0
1.621709507736316 0.6210413833096591 0
1.491305124501038 0.3673222895788512 0
2.834758132397615 0.4821752600290895 0
0.2661662485601979 0.8190929961562758 0
2.829189637871828 0.2506563190001381 0
1.538099650767896 0.4177937550777415 0
1.791261179319799 0.923452077290268 0
0.5160727619631824 0.9533237292009193 0
1.038244683370849 0.4228252528954057 0
1.06331538163446 0.4466346869017807 0
1.063249590747052 0.4220346504437312 0
2.649324138913453 0.8779753767079095 0
2.59994197074828 0.2554545089881995 0
2.430952837943153 0.6568260457404305 0
0.3332622700472661 0.9774694628079499 0
0.7816427117684364 0.804843964201988 0
2.147227240936834 0.5034316622613324 0
0.7396786801818823 0.6640964711498742 0
1.403973489160274 0.8738698358229608 0
0.4249213156761364 0.7710629393216956 0
1.854679722595206 0.4988525436802106 0
0.5031361373448351 0.7689086335230206 0
2.306507370622499 0.380658148389137 0
1.227423157247047 0.6933322023413364 0
1.165722244955622 0.8452592928606911 0
2.098793735236547 0.5023691151404557 0
2.800062939347379 0.7547071413226927 0
2.351437505010091 0.7550710076767114 0
2.478853710033212 0.7057130653508805 0
2.33274098230172 0.6320711737193495 0
0.5047506125302067 0.7231808653215672 0
1.201299096520319 0.7186596003352627 0
0.02537576773249748 0.9533622345928916 0
2.627684461712099 0.730082446648757 0
2.012627477956323 0.653245813485103 0
2.186065105186235 0.3768493060705982 0
0.5900530198990122 0.9764209320325772 0
2.784903447213486 0.5324423117481288 0
2.031394349129829 0.45013367336775 0
2.503901809545479 0.7057270137249588 0
1.526049516138255 0.5942704464110857 0
1.412402584394706 0.4415519888925424 0
0.9136863964972805 0.3525504467905035 0
0.9133231041536316 0.3273998716809784 0
1.0106827363597 0.6467560987266538 0
2.574861829672167 0.3083452852979506 0
1.263208276574815 0.3193545376846428 0
2.079677309072757 0.273382649074304 0
2.849500330217979 0.7559235376922823 0
1.596251732221461 0.3199754774802523 0
1.52180575157143 0.2939873257891971 0
2.487869113367958 0.5341416565323103 0
2.451016909918534 0.8030609460035361 0
2.172294376179847 0.9541205776442437 0
0.02680620175329365 0.8421998760387237 0
0.05169447699113249 0.9308453930073894 0
2.602027052053252 0.7547439027764743 0
1.253449440699367 0.668048895486746 0
2.107054091786253 0.4259562165518394 0
0.3163649742800471 0.4829586271004711 0
1.588718039711586 0.7224053591296414 0
2.083974667161093 0.2486021529623969 0
1.005267991490695 0.7474604088972867 0
1.387895088040291 0.9749850317162833 0
2.876601145683503 0.7080410846833901 0
1.642224055519158 0.9498604201897298 0
0.3449158973677646 0.1424044398800245 0
1.881879659399205 0.4739924067131492 0
2.621888625759818 0.2819875658466123 0
2.480965444369321 0.6568439341650604 0
2.385123550438272 0.3317077457151256 0
1.049735487226119 0.7967043700440376 0
2.189725754030452 0.35140814721365 0
2.573472550025342 0.334191780139126 0
2.762659333291736 0.4324651610063381 0
1.653051071661412 0.2728284394511906 0
1.616673895475812 0.9754801174009738 0
0.7131251009124087 0.6896402874407604 0
0.4796880662297747 0.6332987137101119 0
0.3892542088689094 0.9314091080392346 0
1.208480679021009 0.2474721355332933 0
1.231975942824852 0.6176559837908007 0
2.858722159374263 0.5075550059815752 0
0.5220479889941241 0.8835505363929139 0
2.241943114983924 0.3274474909800996 0
2.234142882232003 0.631515562866982 0
0.3183910679906293 0.5271654645490643 0
2.649783331288727 0.828592622565552 0
2.136417091951374 0.6302891804840066 0
2.732543306981666 0.6067562792071131 0
2.248958932861378 0.830919124789595 0
2.930758230154452 0.5086130969627126 0
1.412709844046642 0.9751809338923332 0
1.982536175586408 0.2484981841269377 0
0.391796773476816 0.3921978197011466 0
0.4784553812190021 0.5430128849095459 0
1.947906837476354 0.8526949446961745 0
1.43024255565447 0.5676487150346491 0
1.703835010548294 0.5216365882337437 0
2.881259961128593 0.3530796914390304 0
1.364288135102036 0.3919509668732116 0
0.3206036575327901 0.1661289996864173 0
0.1872383478022389 0.5754102169964455 0
2.187063802062452 0.6057536558146398 0
0.3537610730242436 0.2826050314280394 0
0.3391518741724404 0.9091126389559228 0
0.3987908084974054 0.7716904643529128 0
0.4791365124899327 0.7013130572090883 0
0.291711822259517 0.5279506782102025 0
0.4182372652441949 0.164829524474758 0
2.146833848273303 0.9059464616661627 0
1.112861087649051 0.4946426508773195 0
1.088209818937856 0.4705620119737675 0
1.113130174219638 0.46990526644348 0
0.4007064064841951 0.6361511602987627 0
1.419101487389068 0.2464675761298517 0
1.851573326730438 0.2996163692760653 0
0.2960798820105926 0.1658970268548415 0
1.356941930406859 0.5671428533729874 0
0.4749163303047921 0.8154495990328315 0
2.922701036150268 0.9042344020480927 0
2.475624783965158 0.9251120806263763 0
2.453183309656637 0.3585985569294052 0
2.274093208725711 0.9038939694204055 0
1.212688562285927 0.4678138425948873 0
2.551653531726119 0.7792599084891079 0
1.457757036027468 0.5172735772319198 0
1.546537875332372 0.6454850195651398 0
2.822355558533332 0.877843635702152 0
0.4215326132116471 0.4345601263229139 0
0.3004126428631888 0.07092413774150758 0
0.04972511724685864 0.3538057951219084 0
0.0817772313421381 0.7550198581070229 0
1.945720668802891 0.5758336145008452 0
0.7251681015064668 0.8787024546179825 0
1.018591061446262 0.8734801175130081 0
1.314278262019887 0.3676937884654355 0
2.61550009168021 0.4598251733262553 0
2.061429440598664 0.6542856645164634 0
2.79758772299448 0.8530941366976708 0
1.758209361977677 0.7484624847471653 0
2.572075006668928 0.359752350748837 0
2.249278006360569 0.4551582869743777 0
2.686196743602946 0.5332269839988533 0
2.905719009681982 0.5848987603625635 0
1.2256135927983 0.7186062953215371 0
1.188274200107736 0.3940896063853248 0
0.5768189291953737 0.8358912329300775 0
1.013315710310614 0.4482050978995319 0
1.013240286658108 0.4236479529753523 0
0.1034807741393665 0.9312990224059878 0
2.042472284079792 0.9286654464758739 0
0.4945331214463479 0.06928628666645831 0
0.1318549366231745 0.8866307533345839 0
0.9111338485963495 0.7006813025390135 0
0.6348030338925961 0.7176571057811093 0
1.445631682789274 0.6952958889851764 0
1.667173745615699 0.3714837943104974 0
1.365487727931729 0.3428644500832784 0
1.926510880646331 0.298515021852956 0
2.777536089483779 0.7052351063087894 0
1.056972268261605 0.6956671724471368 0
0.3060910747087646 0.3281470398780267 0
2.400074700077646 0.8756738285016668 0
0.6701954092810306 0.927783171690804 0
0.4533944613130774 0.6343120654518482 0
2.786146869390433 0.4824620804231203 0
2.222425052542107 0.4798216047941343 0
1.135030228632142 0.5937109639492307 0
0.9884843820059742 0.5228785461155604 0
0.9637250967959593 0.5485205796826709 0
0.9389762847862139 0.5246388408063484 0
0.9637117849748125 0.5237198838273009 0
2.88292028649245 0.4565975699559487 0
1.815361913429862 0.3987304660687548 0
1.995849845070278 0.8787023004167527 0
2.043213048303915 0.5776929697338052 0
1.605986270913077 0.7988591066284934 0
1.782957636722715 0.7487972056716452 0
2.500441068503748 0.9258292678543119 0
0.3741992408918366 0.7044648611346666 0
1.5942878357805 0.9259800775910023 0
1.598830511411409 0.2955422386293208 0
0.6628564499345373 0.5782337858127301 0
0.6360368590700934 0.5572775085075696 0
0.662300083096361 0.5555656792391214 0
0.6105752899209467 0.6499972590470301 0
1.639818451936441 0.395430533648722 0
1.431761609770829 0.542319412093538 0
0.811926067896109 0.9751818014425856 0
0.4270662180921138 0.6352624113393404 0
0.9387815200465749 0.5993894497955167 0
2.160793315149859 0.6306649003199013 0
2.762837980320577 0.3561122559415487 0
2.76107439401712 0.507686705668423 0
2.858323622546518 0.5328247330549145 0
0.4513436034108749 0.2563008976257828 0
0.02585371199096246 0.5202731667095088 0
1.086629083960515 0.5697524378251533 0
1.810145113045403 0.4483953938086002 0
1.643642244756756 0.9246825525953393 0
0.7834746053106195 0.7806091035315739 0
1.598701011004945 0.8752564754872002 0
2.223478761095004 0.8562264883642229 0
0.5415828524102502 0.9532110041920849 0
1.589787091430355 0.3940220116158781 0
1.234482118720092 0.2472553496586265 0
2.691475266486921 0.3326584055768466 0
0.9583999295335264 0.7238269599802729 0
0.956829593292484 0.7489975266411655 0
2.808715488394209 0.5573661505553654 0
0.0249983810156323 0.1656174610362366 0
0.7925328349666007 0.5863813288474021 0
1.390281873621127 0.3671987782194889 0
0.9773015471199187 0.7987206325800911 0
2.954215774856707 0.5355647821007641 0
0.2394026607789848 0.5515938114425278 0
2.157303347126315 0.6811802750693571 0
0.8979502392585988 0.8759278258479415 0
1.038327857088696 0.4720008116578839 0
1.063132515749688 0.495937339426195 0
1.063275860717013 0.4712621202905892 0
1.458187541376234 0.8236877159123104 0
2.129401292708725 0.273949757815626 0
1.68767398782312 0.4215294025375875 0
0.8190260821356641 0.9259244791379776 0
1.170743862020149 0.7946098988835708 0
2.349923405067444 0.9008621887129078 0
2.068303797015136 0.9291301492452296 0
0.1273430253413279 0.02226809012052559 0
0.8410527162884595 0.5302779515961205 0
0.8645320035565991 0.5032873802716091 0
0.8897280727345163 0.526872616209432 0
0.8652963578922023 0.5283500854816497 0
1.111934717593827 0.5442896283540393 0
1.087675386322808 0.5200312212268663 0
1.112463354869504 0.5194360477441652 0
0.7687134555375811 0.349410401375262 0
0.7687605323883135 0.3254209203260341 0
2.849178916355725 0.951077683616125 0
2.707704360663607 0.6068769559798957 0
0.6107295632787577 0.6271432908954221 0
0.9135613141729079 0.4024830406794977 0
0.8892749820094952 0.3782377032756595 0
0.9137413997714755 0.3775887984252132 0
2.225224845666371 0.9538393469371261 0
2.948934527453162 0.7636820482263195 0
1.162536412502874 0.4935455374185079 0
0.9992789585597233 0.8233661456374588 0
1.890025035079566 0.3987619987557871 0
1.272168806069381 0.7441177503015315 0
2.417477106535142 0.4839621822067819 0
0.0282014965508918 0.6918155211645102 0
2.006998638916052 0.7289866195035645 0
1.342532047673995 0.7704520937368422 0
1.358261239801054 0.541894884357017 0
0.1252111630254825 0.2829273841362891 0
2.949833915785941 0.9759538819839556 0
0.3075374021591242 0.02376586748827902 0
2.429765026712323 0.6813020023999139 0
0.3694844889666855 0.1660207894081585 0
0.3525504984866067 0.04706215470211628 0
2.626845143705528 0.7546813443646707 0
0.7632791392994785 0.9751512636550907 0
1.970148973389939 0.5762805360871581 0
1.062502710854449 0.5454800152251831 0
0.7375689074219636 0.7114801162504101 0
2.134587080173864 0.6555950361944264 0
1.433215712641472 0.5170468778204953 0
1.937206027522887 0.9512485772978925 0
1.189860156359198 0.8451628574066889 0
1.082706207706079 0.6699251111700523 0
2.14510805455138 0.9772909736172541 0
0.7546482493998494 0.82989844076574 0
0.3900121776795338 0.3704003815344696 0
1.348205834623195 0.9238191916719964 0
2.124373934067133 0.831694532362851 0
1.03807756667961 0.5213622811455247 0
1.062878867191854 0.5206741123653859 0
1.623183509909503 0.8747917315486269 0
2.100787423192402 0.8064032629751878 0
2.30046041378778 0.4312494371360017 0
2.948054076529466 0.7874923764911339 0
2.399998528967912 0.8515307677684421 0
1.013078260074516 0.5468773228900262 0
1.352410871618353 0.6431661103188064 0
1.879333695663546 0.4991164363311106 0
2.653483839633147 0.7053899339735032 0
0.5053030955324522 0.7003828324753817 0
1.013362207720554 0.4973979716773186 0
1.01336553551424 0.4727749622903991 0
1.185828298428789 0.2961323694711146 0
1.869919845743838 0.5997292638532021 0
1.593932942271661 0.3445464054624642 0
1.601241109919752 0.5700835524364634 0
0.558023304927963 0.5843789261246625 0
0.5267557462798328 0.8141354687331257 0
0.8171267742533626 0.5831834189386492 0
0.3995145815631364 0.7490083159759675 0
0.6088862612072791 0.7189417590384739 0
2.786921680433582 0.4065977281827592 0
2.75507798521679 0.6559291607391825 0
2.317998116935205 0.3042354305275944 0
2.37465113618867 0.8518664948650899 0
2.526421166988424 0.3339342798485324 0
1.664874023292214 0.3961447767593527 0
0.4979684531034188 0.8608794703976308 0
2.883010110943895 0.4822561326218271 0
2.89902840209967 0.9515321169367212 0
2.309959252085758 0.3552679907091604 0
2.405966405895088 0.6568196918088676 0
0.4668386339268114 0.9304604208345514 0
1.697122162465415 0.8732547369371373 0
2.494712260011999 0.4349567150486828 0
2.407310475221802 0.6322639312369853 0
2.089708192351406 0.6040537477662454 0
0.6926293877415803 0.9513675292834919 0
2.354753134717195 0.6814564574709172 0
1.137240079352893 0.5188921173958935 0
2.667932097949582 0.3074474375464239 0
2.32465588173116 0.9017784719463211 0
1.982684941493979 0.4495507073654893 0
1.740165460875081 0.6729862211842682 0
2.425568449681472 0.8998276725716934 0
1.013276818952803 0.5220958571412772 0
2.638948567449096 0.4843650390002791 0
1.056957578151681 0.974235194001553 0
2.388852417653701 0.3059897027436562 0
1.966969931688628 0.3735239556704203 0
2.595905785933684 0.359685436905449 0
1.287243620144781 0.4668966274406302 0
1.236941642472535 0.4923404529527195 0
0.3131659430297016 0.909266290573978 0
1.830321702807301 0.7746881669764629 0
0.3651126425380676 0.9088507556908791 0
2.509764419453049 0.5833663632080427 0
1.417290632592191 0.9501866815091955 0
0.1334864386698924 0.8421489003565502 0
0.1748772958730752 0.09203981154513208 0
2.798358929854604 0.8039157233975005 0
1.876870842569997 0.5242577463527568 0
0.2288776447304958 0.9772864396042854 0
1.117465332663161 0.8458187896326063 0
0.419203625190353 0.09392381507997745 0
0.9065570490153702 0.775759197600391 0
2.92708886880892 0.6873855545722496 0
1.361685274129727 0.4665305640231728 0
1.682321204129413 0.2492170033282043 0
2.609375590647752 0.5830529807956297 0
1.766685365307187 0.9229719836965203 0
2.292974816336604 0.5067618437765941 0
1.543444286902282 0.3433180461936537 0
0.02622248688470528 0.9082476628878524 0
2.297783833192496 0.4564651559381637 0
1.315950395234869 0.7955420049663977 0
2.389017172277827 0.5333351585542937 0
0.272300075470593 0.1179391709627345 0
2.923910475471441 0.7607226595752674 0
0.8878834025029677 0.6769100572641175 0
2.172414228692892 0.9060232996281297 0
0.0518874516005829 0.5168024478526834 0
1.791658269070479 0.6486393384635007 0
0.4484499057485046 0.4329579071272288 0
0.8643705145746987 0.4040132116612115 0
0.8649949889274265 0.3787320607478426 0
0.7929752429976438 0.536775601288865 0
0.817257813694762 0.5581920505282766 0
0.8169984936860117 0.5329446602805239 0
0.4267178849482597 0.7029946513232042 0
0.6103764481632786 0.5815729300739668 0
0.1590986512512394 0.864391374447804 0
0.3699318351726096 0.4811011458641981 0
0.4242477443076087 0.2346463711505672 0
1.623755200547899 0.5957519449694423 0
0.05393810834947268 0.7985501661249832 0
2.774432613109253 0.7790659685158547 0
0.4169809035668054 0.9081313862962527 0
2.927482304459827 0.3004682866894141 0
1.933235354854527 0.7271096466337358 0
2.134273060498769 0.2490400345756891 0
2.040160947756529 0.9527041235447619 0
2.878703472930218 0.2755418610636042 0
1.606988917770715 0.4945253938514975 0
1.649792988616577 0.2971696888923593 0
0.1365248590921778 0.6881573510673439 0
2.505969625024651 0.6568415105910221 0
2.189036887227417 0.5804894868655821 0
0.135167054507903 0.7760619669291574 0
1.475573676666681 0.6190476381278945 0
2.033314495785441 0.248410299121289 0
0.2389492870598555 0.8417890460420525 0
1.816311774001099 0.6490691293139732 0
1.800538352762767 0.5483136535663303 0
1.39248872629066 0.2466940902142582 0
1.933737568085399 0.4491628973452693 0
1.708800043518906 0.7480734532346925 0
0.5026072941601328 0.4514018689997635 0
0.9130617693775848 0.4517423737097053 0
0.8883394363199366 0.428140908325798 0
0.9132703750377054 0.4272014867213399 0
0.364815132412615 0.3932626092854328 0
0.3796340316877869 0.2822255645846111 0
0.02537078075486592 0.2359776970638799 0
0.05576595785468293 0.6909884979602171 0
2.06162676319454 0.3996131808601063 0
2.283313178072627 0.6318591381229735 0
1.724229164622018 0.5721781413111378 0
1.26240252989239 0.4671384000365708 0
2.12559137214008 0.4774360921220154 0
0.1074199901644837 0.8201550471886956 0
2.04800163141004 0.8552256475829051 0
2.748522098094972 0.8282796099627534 0
2.442008324460897 0.4842736972535281 0
1.395252826092565 0.7201597482252162 0
1.990230330188197 0.6274063719468905 0
2.74850270252163 0.9021528964947583 0
0.8627204985763649 0.4537837950541543 0
0.8884410116150158 0.4772573569215901 0
0.8635526758644626 0.4783965779123204 0
0.5171913209259112 0.1323234700160371 0
0.5179492493112196 0.1534844286705236 0
2.83247944784592 0.5825275387276652 0
0.9145553275487289 0.5505707201713171 0
1.63971214058738 0.6972733532719225 0
2.848244277597969 0.9268074302776859 0
0.3422482340741169 0.8635366050626681 0
0.3113641307961608 0.9320208619301235 0
2.298788600611541 0.8540354957638219 0
2.691305606695445 0.3068999037928052 0
2.559573822454024 0.5832976252055205 0
1.182618764475016 0.2477363141698959 0
2.977411520558038 0.5367231640041319 0
1.095790790603799 0.8209100945696459 0
2.500607053084365 0.9012560994953132 0
0.5058976312932179 0.6549073977165442 0
1.392657366131369 0.949864232047773 0
1.114844309336799 0.8712099199117326 0
2.257056893920609 0.2510119983537638 0
2.856022241616107 0.3017378985939151 0
2.55038223877317 0.8777186564362289 0
1.287892026307152 0.4420162485168945 0
1.059125111148207 0.948626621820911 0
0.8634992386806672 0.4290724937063918 0
0.1627375030329218 0.7315488483468916 0
0.4239931756443256 0.7938271210001662 0
0.34695809577876 0.09468767917888415 0
0.02791159977132013 0.6079936145923273 0
1.385731610725142 0.8223716974351222 0
0.1055823265445416 0.5346619735552374 0
0.05025725366106782 0.4711238025230955 0
0.4234437772934974 0.478678471825872 0
0.4265713840248453 0.5902929581249639 0
0.6102216379832947 0.3523076550518538 0
0.6116165310057289 0.3299851855848253 0
1.491857152905182 0.7215347485943955 0
2.004331181210417 0.4752131311025247 0
1.976335637594987 0.2981220534201743 0
0.07522266653879595 0.2357092614508319 0
0.2932661068568359 0.7962593850140224 0
0.1331895730011258 0.5553734811005333 0
0.1327505649938451 0.8643375118898211 0
0.943775161949203 0.9004654865369532 0
2.074564654266477 0.5018777464985619 0
2.482109982430309 0.3074017724794273 0
0.1568158689704457 0.9092165918006408 0
0.9138838323185825 0.5008837791880396 0
0.9143031971415617 0.5256698755344871 0
0.2887308221764854 0.886664815854634 0
0.9609548767784599 0.6735566193300789 0
1.274192925286972 0.7187587794518303 0
2.689046016554558 0.4588737389591344 0
0.1510910912021637 0.3294657813680157 0
0.251006121005753 0.0699966771949509 0
2.625528522367977 0.80397793444256 0
2.822510562892222 0.8288580143347647 0
0.9134085424904564 0.4762449162209443 0
0.7415668755728558 0.5937339387032954 0
0.4433362898649262 0.09352925539355483 0
0.08017341663029953 0.5588127101120255 0
0.07708833079903259 0.4917659473894617 0
1.136641216043348 0.5437746397231382 0
1.879274833225615 0.2743875006648891 0
2.179584754087858 0.4277409640343185 0
0.3854515802309644 0.3266941653836106 0
1.088149415551722 0.8970895438245179 0
1.322682756013815 0.7191919478163673 0
1.329659760330875 0.6176442799729417 0
1.868035726053513 0.3738628482919143 0
2.351653914757197 0.4073249691060183 0
2.833934524181066 0.5325577657385994 0
0.4203300224510214 0.4126644919472576 0
0.3111781936872567 0.3948078728473329 0
1.599275521556452 0.5953736772526521 0
0.1297783878966024 0.4886508901807497 0
0.2783103435183582 0.305710642684329 0
1.376309014993894 0.8988356117510676 0
2.00882327340433 0.7037813629045516 0
0.4392744234229812 0.3244654594545026 0
0.1258695607131633 0.3529495460699576 0
1.154356570299205 0.6938304034210485 0
2.327387657532449 0.7308350172084362 0
2.375220349306259 0.8034436029817031 0
2.40878865264542 0.3321708198573829 0
1.54542060876214 0.3187403048130222 0
2.479853721873763 0.6812904353187407 0
2.475723942164984 0.8518666602561031 0
0.5181333614477235 0.08969037238639277 0
0.4915983645111638 0.1139509158020117 0
0.5173034973281854 0.1110499854978358 0
0.4884917316718841 0.2990143738639194 0
0.100168734641884 0.09265707833722484 0
2.425920347148975 0.9241641555441437 0
0.2238583671403856 0.2359092727144795 0
1.586427372438857 0.7479030223248005 0
0.5314443140240527 0.5629819284115939 0
0.5837408696185475 0.5602498683450242 0
0.5576105822216219 0.5616386479003785 0
1.650079159723716 0.8490041506582622 0
1.808913889519839 0.9744394883364094 0
2.458553075713541 0.6078260912256974 0
0.8899807564591437 0.6019378132735453 0
2.145207649671864 0.3247802919334785 0
2.656794169174726 0.6317599090379127 0
1.354021406926166 0.6177846201226038 0
1.290673144100935 0.9743011401531351 0
1.887228388639422 0.4238124728823921 0
0.7411217324449157 0.6170569172274096 0
1.700503013447227 0.2987226460676863 0
1.554952716571871 0.8245695130668019 0
0.5055918061846248 0.5869202843298331 0
2.772914186828068 0.8529609513673572 0
0.636898388704646 0.6255887536638268 0
0.33538897573431 0.9547336851657321 0
2.028122566050855 0.7798486153957427 0
0.3910558773802324 0.9085138218432063 0
2.857023814975205 0.5830533461784817 0
2.807370398205626 0.2770420597163481 0
2.600040674413459 0.8533972811529736 0
0.5841222761277234 0.6742346042969294 0
0.2499154248029715 0.259565806247974 0
2.871959681358653 0.83022775780358 0
2.19818407449043 0.9301699455237027 0
2.101388860539345 0.476905500635677 0
2.660298844586446 0.5581018257573355 0
2.975467541925594 0.2744746496036193 0
2.479429389240076 0.3333212523896041 0
0.9704547663063152 0.8747015314767667 0
1.392208263507899 0.2232516690213364 0
1.908276414388852 0.9755437541679557 0
0.02533778558495184 0.2826469617910587 0
2.092658588363131 0.3491927721066895 0
1.977352504851967 0.5002593126765434 0
0.7683311969281885 0.3963031655938396 0
0.7685957439449904 0.3730518136864884 0
2.001716641700403 0.5006098986063129 0
1.379751215556001 0.8733905895594749 0
1.630387407749631 0.7986925927915722 0
2.237932481884924 0.3528984979649343 0
2.353522207255909 0.7060447661678733 0
0.4489263520153324 0.8160532876012252 0
2.610611873435209 0.5585094217897015 0
1.150514875430791 0.9735482279350296 0
1.719655087532959 0.8978920958636929 0
2.475884145000381 0.8275305510505412 0
2.270970834064184 0.4810481848914572 0
1.954011649227746 0.7779133871802235 0
1.188293248461711 0.4187506310730269 0
1.812009957042432 0.6992063988638415 0
1.895692296398744 0.876224062250909 0
2.055676988326311 0.4505101024580708 0
2.679400748793077 0.6806930518104025 0
2.351384652317387 0.2531755024229744 0
1.923566842162355 0.5501537515394854 0
1.968320468679464 0.9026959496499845 0
1.95142995726657 0.2982747231661883 0
1.339936287539708 0.2707227639799512 0
2.974312587844619 0.9283705377824361 0
1.785244214954001 0.4481295365615052 0
2.128210176288076 0.7565312701400135 0
0.6427366109493844 0.9521519674347522 0
1.260596682384932 0.2471005543345834 0
0.567018190765688 0.9530252272575933 0
0.5197213328586967 0.06814083381592788 0
0.9351253662977026 0.9756246176297118 0
2.260446230120968 0.6066721844799332 0
0.215720811660884 0.6413133199792999 0
0.3093497405528296 0.9547607145224182 0
1.314694210557988 0.9744536427729746 0
1.843400645406995 0.8997871905362782 0
0.05503866877909254 0.7338328521018711 0
1.303866135518988 0.8974860360318163 0
0.6096447537891786 0.6958938754441704 0
2.217875217674956 0.3266922786744206 0
2.644206134811964 0.3336532878993775 0
0.3344117496851767 0.3500337847657018 0
0.3022825126830565 0.282852987117675 0
2.676291660278217 0.9757048620380251 0
1.693134574169955 0.6472284953927415 0
2.951828208658575 0.3256892810461122 0
1.31023609679084 0.5167610214488696 0
2.624554715362327 0.902772989874015 0
1.531357451860339 0.5182753305451175 0
1.694907257505996 0.8982532732122255 0
2.080614200894793 0.7305986593832486 0
2.399966449478807 0.408425849342813 0
2.20093471944076 0.7818603532650046 0
0.2490143610404265 0.09362781003707038 0
0.02540819267658992 0.2593035345604615 0
1.952936062742576 0.4999412079737131 0
1.782229471382309 0.2507279842415317 0
2.026034853945595 0.5009962047309263 0
2.028650157518581 0.4755667912371581 0
1.467436166221926 0.3425193022152065 0
2.48486939908635 0.583335662061706 0
0.2417118219037787 0.6182933657521245 0
1.17299251048785 0.7693232107339655 0
0.7449889466505387 0.926448566189996 0
0.8558486485802156 0.8022563427489726 0
0.5291318057259284 0.7680891145720942 0
1.863452257301414 0.6751332950724886 0
0.2952521369051529 0.7063621341892288 0
2.882595139590137 0.5332517740623087 0
0.6102106486563913 0.6729126979933109 0
2.047253123193393 0.3233180129750441 0
2.039006755390668 0.6284417119778365 0
1.288968762913481 0.3679292479598521 0
2.528916255450238 0.7057372328409404 0
1.679101985035607 0.5211577599289077 0
0.6242155587764013 0.8814158797281002 0
2.553026031689269 0.7302200684358525 0
0.5687214255199063 0.2638988279497486 0
0.5317664497975174 0.2763517731754924 0
0.5636021475439389 0.2262385751665199 0
0.5497642327846433 0.2539431845732467 0
0.2350020020280831 0.4630287119763508 0
0.07489443076283533 0.1168955079207915 0
0.4179184762596473 0.1176447933219909 0
0.2934385912526656 0.5723220204544202 0
1.373073381065598 0.6943116526189663 0
0.2757623654341358 0.07059168007695078 0
2.359101495721629 0.6074284214807927 0
0.319257260754769 0.5493373977887508 0
2.138348425486512 0.6049603890507179 0
1.566646963577314 0.6967322455711834 0
2.191125773290906 0.5552026974182248 0
2.203741435470835 0.4284217598829954 0
2.11786890822131 0.9771134358880949 0
1.712693220375105 0.4221078336183566 0
1.565604787841393 0.9761191652075348 0
1.991149468884937 0.9276694398239786 0
2.560890345670689 0.5587624898116368 0
2.930438781788568 0.4564361671964887 0
1.042653210792072 0.872823010862497 0
2.383906753737143 0.6075567856326212 0
2.735366198509438 0.253333851339466 0
1.829971799327245 0.4985744491842433 0
2.706552903907379 0.6314484831586635 0
0.206713653762072 0.02232788375007426 0
1.900362803121456 0.8264733779499266 0
2.528471044950416 0.3080466763397594 0
2.304636148677372 0.2521199435195273 0
2.426341235523028 0.9487644957728893 0
1.836692544165381 0.6996917396527433 0
2.902722766777005 0.2752183304957402 0
2.392968786343523 0.2800449103581558 0
0.8406514863456445 0.6304450274501241 0
2.492892947858608 0.4598891296065114 0
1.047503723654517 0.8220469843271514 0
1.710406381176715 0.4468800619613956 0
0.3663428885768832 0.4151588254032283 0
1.470065208747345 0.2937941689585604 0
1.296398230536455 0.7443452460992236 0
1.554118717020482 0.5439594860801277 0
2.274592895110644 0.8056097815629448 0
0.07511047577688063 0.330263614760493 0
0.3975891954449848 0.5021078212243301 0
1.337741522538652 0.4416609052989817 0
1.348855743555833 0.6940214939435767 0
1.298449728636522 0.7189462429174273 0
2.976157350794113 0.3764329042153065 0
1.036772522027225 0.5959590756652493 0
1.324616181831652 0.6937683961846512 0
0.04983876689399048 0.976521467921771 0
0.420240258644983 0.8623262200064991 0
2.007923220590008 0.2484274000535944 0
2.786815925266784 0.4320160412537964 0
0.5975011822598657 0.2459620267332304 0
0.5899443603225529 0.219611789233682 0
0.6084824132449487 0.3974240839309008 0
0.6092838039188234 0.3747774414604644 0
2.082270125511267 0.7053578599661666 0
0.3968507907246314 0.8171649516868877 0
0.2034901030000717 0.04529765363784754 0
0.2022911445296492 0.3289356526378542 0
0.04994002595152944 0.1648852479392293 0
2.625039070199359 0.9518378942328681 0
1.742692657958378 0.3733055752763741 0
1.280864399771853 0.6175249990160583 0
0.6864134146471306 0.7147698499894402 0
0.7174021011777247 0.9510243865800919 0
0.3933090075341253 0.414031032675833 0
2.211474785768619 0.6060974796962685 0
0.4267560184326907 0.2578560288921832 0
0.1243077633551796 0.1398758340899147 0
1.962685845270646 0.9515413213764825 0
2.43513023802113 0.5831617168525048 0
0.2715219170097211 0.1655290264816954 0
0.1493530194761696 0.1158395424160951 0
1.641918167877083 0.6719507777219321 0
1.477343450477289 0.5936008130147574 0
1.555909328446304 0.5187031398451537 0
1.931051111114774 0.4744022766984333 0
0.1046554249513154 0.9088159640166915 0
2.922209733453649 0.8088528185030297 0
0.5139074510326326 0.2966290319743359 0
1.999801496303668 0.8291767291070323 0
0.1003147039576119 0.306628048868651 0
0.04992026028299872 0.1175390849304241 0
0.2225647898263582 0.1406923925177367 0
0.3630679475319137 0.3713647905930486 0
0.05044621334756264 0.2594395151280643 0
0.5321728040948878 0.6310772206499901 0
1.456231147338164 0.5425616330304304 0
0.6091586205815764 0.5360040788794104 0
0.6098673146567628 0.5588088777349236 0
1.567449027046009 0.9514589067392247 0
0.7677743119597059 0.5669612416937089 0
2.400505386766496 0.8031633582763145 0
2.403608794894653 0.7058010498109891 0
2.674972442423946 0.8037977002409074 0
2.713502866351981 0.4584679709247151 0
0.3126316486174672 0.4168583940477681 0
0.1623483195710374 0.7536259770511655 0
2.426698279868668 0.9738798137331882 0
1.238188831399961 0.3440653519372313 0
0.1780457603784825 0.3748626846317679 0
0.1293840062721511 0.931563513707091 0
0.2604859401115139 0.4402530038283696 0
1.726399792325458 0.5471126851369832 0
0.5751241915135503 0.8592167887036396 0
1.778516556504259 0.7986617147718793 0
2.642012979560153 0.4096611921174307 0
1.870835249343264 0.8755697981153325 0
0.09961804471364656 0.1878855512553096 0
0.7675647424496267 0.4189759128919408 0
0.1010264460454034 0.04575727913633973 0
2.483482235092458 0.6078702072084476 0
0.2315031558661395 0.3963915043500672 0
0.370885442864827 0.5032026273090335 0
0.04962196473012529 0.4479264812196562 0
0.04942340737504902 0.3774235852342772 0
2.617757689090426 0.4099532984695485 0
0.7912134051986512 0.9505095240857274 0
1.111269518303329 0.5692045660078469 0
1.576751836049054 0.5696702044451384 0
1.01353686056191 0.924312105283307 0
2.123011390738985 0.5028889263858763 0
0.7679797431756972 0.5205402530927972 0
0.7680142899427419 0.5436002321406704 0
0.6074133736334201 0.4900232726000792 0
0.6083036121307156 0.5130980266564676 0
1.771379749431812 0.5980593196193037 0
0.4149176042835122 0.3474830236315299 0
0.6070675282036537 0.4433687362453544 0
0.6077270759690506 0.420275843079838 0
0.2338290024591634 0.4408774610240461 0
1.008974401984408 0.9749405556426016 0
0.6066420474116447 0.4667224518374992 0
2.17865645228289 0.2747564877610374 0
2.58704829031231 0.5340860572971895 0
0.3035043934411153 0.04734127965733735 0
0.4443249294189129 0.3676024731580113 0
1.489639034467075 0.7471511259229768 0
0.3691856234606471 0.1422589180143036 0
2.162691587560438 0.6053735793000607 0
1.194973653722954 0.7945047516591792 0
0.5237609376548891 0.8603688460481173 0
0.3471003995481869 0.7502143784314339 0
2.419550401426316 0.4590320910249155 0
1.688728272362575 0.6976159188392985 0
1.418123790266992 0.2940552815765423 0
0.6627729716079991 0.6468122180779221 0
1.994681054015513 0.3483151832196351 0
2.882097125399444 0.5585936196604155 0
0.8083700060109398 0.7795033906641018 0
0.198601749840392 0.1162801028241235 0
0.3676841831589209 0.4370856047665195 0
1.742354632383788 0.6478765778970599 0
2.851844741821006 0.7068545440525282 0
1.950436240933604 0.5252450969342167 0
0.3004370655278268 0.2598450428524525 0
1.84050002228601 0.9247303262349696 0
1.668582031773028 0.6469339759214772 0
1.742101539315416 0.9227740907421205 0
2.624754870120372 0.8533817470131121 0
2.369667055160402 0.2796757219021193 0
2.217642787159572 0.5304089493157977 0
0.6221091222385666 0.9050533203280136 0
0.1096704764993982 0.6451771777996957 0
1.313446259178796 0.4169958434306114 0
0.738959263647825 0.9752107575572968 0
2.453779910070687 0.7057118314381678 0
1.02948305372188 0.746761081842277 0
1.62095411622484 0.900125128819607 0
0.343545852185529 0.8407976644250268 0
2.603744249924934 0.7056174087388154 0
1.614790603023369 0.3947107386627546 0
2.977439367478379 0.5095914914229425 0
0.4834746601276299 0.2766532434797878 0
1.445918319353072 0.9254112783063591 0
0.1627869417622768 0.6429883921080028 0
2.94878769808807 0.9283961922181494 0
1.31444192526722 0.3189292917877785 0
1.452999945244312 0.5933001705517323 0
1.155899272058859 0.6686439588212265 0
0.2726987010631408 0.2129154570812311 0
2.275196328188631 0.9282466219151143 0
0.1895645432302273 0.7087751905147425 0
0.1766372454979454 0.3291780210568951 0
2.896800602568458 0.8313402383379616 0
1.288791715287134 0.3191204371492117 0
0.2832952206855969 0.9547264786297591 0
0.2616975036255705 0.4623603005673945 0
1.236200817900738 0.5172985533508283 0
2.249637706041483 0.8061443122811038 0
1.699437395481079 0.8482638248276353 0
2.750630852775667 0.7543252959284563 0
2.16469818556173 0.5800605102249299 0
1.188051373575344 0.3694903093968126 0
2.667482999221517 0.3587514968205129 0
0.126135310445127 0.3759353221290035 0
0.3738410122629738 0.727031698071639 0
2.026077108584667 0.2980690979701242 0
2.760292964169707 0.5325504306312208 0
2.438381886286039 0.5338333632356753 0
1.129996044144465 0.694169151177055 0
2.951614954733969 0.6904460204290944 0
0.02514346693440539 0.1891713922109408 0
1.110460402572977 0.5941793753753007 0
2.382406946041867 0.6322092934194286 0
1.100238014322446 0.7702967296956308 0
2.14570569466652 0.9539716238522937 0
0.6176100144379957 0.9524922187664817 0
0.1066838692884019 0.5568688087180748 0
0.4744282924653652 0.4091182059490175 0
0.2688740576190845 0.6622211489700907 0
2.776399875631348 0.7298308827197483 0
1.618981410652149 0.9253997601871436 0
0.3208525264392744 0.7507536727044929 0
0.3206436788764114 0.5938259164092536 0
0.07472799986366144 0.4002797444761088 0
1.578631751431243 0.5443912949898323 0
1.798799230225667 0.8487990945920439 0
1.366681442824381 0.7708513617428617 0
0.7673042223883008 0.4980359767101958 0
2.450566862235554 0.851567007961573 0
0.9410529642328116 0.9256824263708148 0
0.5717796028486782 0.2979713019490303 0
0.5415045478092687 0.2993417704290078 0
0.08194335734539064 0.6028500763538926 0
1.664189402581723 0.6974363990920854 0
2.040461675962012 0.3739054320984281 0
1.443558727733719 0.720874793691457 0
0.556076947869663 0.7441886306664471 0
1.60524739574078 0.247225614327504 0
1.748096385927041 0.3242636454137448 0
0.02795464953259753 0.7128367923662593 0
0.0791449794234252 0.5366149441441663 0
0.3465804941864895 0.5707440246897553 0
1.399177049259999 0.6691196340168951 0
1.948403547020792 0.3232989994500303 0
2.58089235522668 0.6566922520807598 0
1.138037508839044 0.4692973236208414 0
0.4315845705079225 0.2805661900887964 0
2.574906720682965 0.9274740230240712 0
2.930024596210013 0.4303097563687081 0
0.2858969873729704 0.4175181640483895 0
0.2326615237382609 0.4186754108671019 0
0.8412113798997026 0.6055804978756953 0
0.5582839881468397 0.6071133879731256 0
1.291789996724792 0.795178059141032 0
0.3152158931925861 0.4609108450171581 0
0.2095000724380078 0.4858757818699526 0
0.7120621460802574 0.7131693097972776 0
0.3769109596116066 0.04671200329739136 0
1.162904643443313 0.3700526013979884 0
2.48823498421024 0.2545238281502987 0
0.4242463263675346 0.5008790088416597 0
0.3724890881323512 0.5475875365532255 0
0.5318586814135741 0.6765772850393015 0
2.313766739729464 0.3297999283579955 0
0.4664812874090853 0.3227788759449409 0
0.05025520520769672 0.3066024382635295 0
0.3927315838117821 0.8856348226560837 0
0.5883262926419142 0.2746296040302674 0
0.3226499940592629 0.09475651865301114 0
0.4460420153898466 0.3892506538100714 0
0.4621096782951736 0.3011169988680533 0
0.412263349394987 0.3257523805252932 0
1.320604908058713 0.7446313493692107 0
1.18443087214896 0.2718690845339379 0
0.7362758460390874 0.7352595908607473 0
0.6337908869559887 0.7408615453265051 0
1.692337515358852 0.3721884164419588 0
2.947193601597782 0.8579929028256372 0
1.945619026697911 0.8774689395553448 0
0.5199478076986358 0.2371207153077826 0
2.62225680603731 0.255357132439574 0
0.2639901102724907 0.5065632525253106 0
2.772922754631296 0.8775572660004758 0
0.659566917688272 0.7395793435766845 0
1.265045747230093 0.8202654439670609 0
2.926854016109121 0.2749279423186349 0
0.6326013979074976 0.7641332968714674 0
0.1003239150301158 0.3300761762575601 0
1.163184604113594 0.4439946430658834 0
0.753553283693571 0.4591248372153714 0
2.119145322144673 0.9537244928038459 0
2.651098056666989 0.9758760075320869 0
1.153751242745965 0.9474852866128204 0
2.324257458428857 0.8288265305241006 0
0.2682497150860898 0.7517409860282577 0
1.237550705988674 0.4674438728797052 0
0.2373051307449086 0.5072834833115137 0
0.02486831601066787 0.9764484989044783 0
1.825930109045534 0.8244979638580825 0
0.2896037039633714 0.4837366386349181 0
1.340097803388193 0.7959472495423158 0
1.313116277701914 0.2470547999468075 0
2.82228361180254 0.8533744456307298 0
1.262256416972301 0.8456779622231603 0
1.672392016616457 0.8737001840822045 0
1.446262368209293 0.2229313928738426 0
1.473547599079353 0.2227974997969773 0
1.500931059862242 0.2227334655204566 0
1.528345991793464 0.2227190829844475 0
1.555660000221477 0.2228602294375839 0
1.582742288776014 0.2230675797583037 0
1.609472390971688 0.2234467942581895 0
1.635741061135365 0.2238660100369132 0
1.661560274715796 0.2243098240919667 0
1.686913833121609 0.2247394098065764 0
1.711899586090009 0.2250847842879864 0
1.736560486704932 0.225381005702814 0
1.761006749123559 0.2255692802646868 0
1.785314749463685 0.2256806115552928 0
1.809621608590933 0.2255838842065353 0
1.834037001794319 0.2254090196772195 0
1.858654010386287 0.2250785604696305 0
1.883563861556389 0.2247365590673499 0
1.908740417348691 0.2244566527679239 0
1.934177617221408 0.2242227159656336 0
1.959780577275667 0.2241274908972983 0
1.985491332509866 0.2240674430942535 0
2.011267064176447 0.2240226346281959 0
2.037076019154206 0.2240002028058398 0
2.062861627793317 0.224043443436095 0
2.088576639844967 0.2241127705306303 0
2.114175547727137 0.2242368287150488 0
2.139618244751655 0.224374819915463 0
2.164891930585818 0.2245213931018224 0
2.189962704547278 0.2246866590292547 0
2.214783328739164 0.2249363740432476 0
2.23931372142579 0.2252069491703477 0
2.263540726470582 0.2255142613107397 0
2.287439108876844 0.2258324325317285 0
2.311006500147753 0.2261944214296826 0
2.334240973602662 0.2265472612638706 0
2.357194914282482 0.2268560982836615 0
2.379902576615291 0.2271088890819367 0
2.402473006453421 0.2271750728407446 0
2.424945923908972 0.2271968418137799 0
2.447344323387683 0.2272046548342978 0
2.469664050858712 0.2272450540593798 0
2.491840444686364 0.2274736131626348 0
2.51384454484601 0.2277272131238835 0
2.535702571769166 0.2279346693272652 0
2.55743250518176 0.2281037389506499 0
2.579095565884598 0.2281525865738096 0
2.600736254556456 0.2281564254198465 0
2.622399272774949 0.2281001056109266 0
2.644128700681969 0.2280088704463248 0
2.665965638258482 0.2278543149879474 0
2.687966776786883 0.2276502813570605 0
2.710183667166914 0.2273102489833349 0
2.732709697879048 0.2269122290793923 0
2.755583052594061 0.2263717743034856 0
2.778904613893401 0.2258379026966279 0
2.802628773790695 0.2254486546853815 0
2.826713998083903 0.2251191915592955 0
2.851070888727262 0.2249413379091657 0
2.875625456376047 0.2248047054002275 0
2.900323999382428 0.2247209471170997 0
2.92513517783869 0.2246497135809696 0
2.950040805617739 0.2245851719930332 0
2.975020352396888 0.2245653831292185 0
$EndNodes
$Elements
8 4478 1 4478
1 1 1 24
1 1 8 
2 8 20 
3 20 19 
4 19 21 
5 21 18 
6 18 22 
7 22 17 
8 17 23 
9 23 16 
10 16 24 
11 24 15 
12 15 25 
13 25 14 
14 14 26 
15 26 13 
16 13 27 
17 27 12 
18 12 28 
19 28 11 
20 11 29 
21 29 10 
22 10 30 
23 30 9 
24 9 2 
1 2 1 8
25 2 31 
26 31 35 
27 35 32 
28 32 36 
29 36 33 
30 33 37 
31 37 34 
32 34 3 
1 3 1 4
33 3 38 
34 38 40 
35 40 39 
36 39 4 
1 4 1 96
37 4 77 
38 77 89 
39 89 64 
40 64 90 
41 90 63 
42 63 91 
43 91 62 
44 62 92 
45 92 61 
46 61 93 
47 93 60 
48 60 94 
49 94 59 
50 59 95 
51 95 58 
52 58 96 
53 96 57 
54 57 97 
55 97 56 
56 56 98 
57 98 55 
58 55 99 
59 99 54 
60 54 100 
61 100 41 
62 41 101 
63 101 52 
64 52 102 
65 102 51 
66 51 103 
67 103 50 
68 50 104 
69 104 49 
70 49 105 
71 105 48 
72 48 106 
73 106 47 
74 47 107 
75 107 46 
76 46 108 
77 108 45 
78 45 109 
79 109 44 
80 44 110 
81 110 43 
82 43 111 
83 111 42 
84 42 112 
85 112 53 
86 53 113 
87 113 88 
88 88 114 
89 114 87 
90 87 115 
91 115 86 
92 86 116 
93 116 85 
94 85 117 
95 117 84 
96 84 118 
97 118 83 
98 83 119 
99 119 82 
100 82 120 
101 120 81 
102 81 121 
103 121 80 
104 80 122 
105 122 79 
106 79 123 
107 123 78 
108 78 124 
109 124 65 
110 65 125 
111 125 76 
112 76 126 
113 126 75 
114 75 127 
115 127 74 
116 74 128 
117 128 73 
118 73 129 
119 129 72 
120 72 130 
121 130 71 
122 71 131 
123 131 70 
124 70 132 
125 132 69 
126 69 133 
127 133 68 
128 68 134 
129 134 67 
130 67 135 
131 135 66 
132 66 5 
1 5 1 32
133 5 136 
134 136 152 
135 152 151 
136 151 153 
137 153 150 
138 150 154 
139 154 149 
140 149 155 
141 155 148 
142 148 156 
143 156 147 
144 147 157 
145 157 146 
146 146 158 
147 158 145 
148 145 159 
149 159 144 
150 144 160 
151 160 143 
152 143 161 
153 161 142 
154 142 162 
155 162 141 
156 141 163 
157 163 140 
158 140 164 
159 164 139 
160 139 165 
161 165 138 
162 138 166 
163 166 137 
164 137 6 
1 6 1 120
165 6 212 
166 212 227 
167 227 196 
168 196 228 
169 228 195 
170 195 229 
171 229 194 
172 194 230 
173 230 193 
174 193 231 
175 231 192 
176 192 232 
177 232 191 
178 191 233 
179 233 190 
180 190 234 
181 234 189 
182 189 235 
183 235 188 
184 188 236 
185 236 187 
186 187 237 
187 237 186 
188 186 238 
189 238 185 
190 185 239 
191 239 184 
192 184 240 
193 240 183 
194 183 241 
195 241 167 
196 167 242 
197 242 181 
198 181 243 
199 243 180 
200 180 244 
201 244 179 
202 179 245 
203 245 178 
204 178 246 
205 246 177 
206 177 247 
207 247 176 
208 176 248 
209 248 175 
210 175 249 
211 249 174 
212 174 250 
213 250 173 
214 173 251 
215 251 172 
216 172 252 
217 252 171 
218 171 253 
219 253 170 
220 170 254 
221 254 169 
222 169 255 
223 255 168 
224 168 256 
225 256 182 
226 182 257 
227 257 226 
228 226 258 
229 258 225 
230 225 259 
231 259 224 
232 224 260 
233 260 223 
234 223 261 
235 261 222 
236 222 262 
237 262 221 
238 221 263 
239 263 220 
240 220 264 
241 264 219 
242 219 265 
243 265 218 
244 218 266 
245 266 217 
246 217 267 
247 267 216 
248 216 268 
249 268 215 
250 215 269 
251 269 214 
252 214 270 
253 270 213 
254 213 271 
255 271 197 
256 197 272 
257 272 211 
258 211 273 
259 273 210 
260 210 274 
261 274 209 
262 209 275 
263 275 208 
264 208 276 
265 276 207 
266 207 277 
267 277 206 
268 206 278 
269 278 205 
270 205 279 
271 279 204 
272 204 280 
273 280 203 
274 203 281 
275 281 202 
276 202 282 
277 282 201 
278 201 283 
279 283 200 
280 200 284 
281 284 199 
282 199 285 
283 285 198 
284 198 7 
1 7 1 44
285 7 297 
286 297 308 
287 308 287 
288 287 309 
289 309 288 
290 288 310 
291 310 289 
292 289 311 
293 311 290 
294 290 312 
295 312 291 
296 291 313 
297 313 292 
298 292 314 
299 314 293 
300 293 315 
301 315 294 
302 294 316 
303 316 295 
304 295 317 
305 317 296 
306 296 318 
307 318 286 
308 286 319 
309 319 298 
310 298 320 
311 320 299 
312 299 321 
313 321 300 
314 300 322 
315 322 301 
316 301 323 
317 323 302 
318 302 324 
319 324 303 
320 303 325 
321 325 304 
322 304 326 
323 326 305 
324 305 327 
325 327 306 
326 306 328 
327 328 307 
328 307 1 
2 1 3 4150
329 51 1155 1483 102 
330 1808 1872 2547 3688 
331 940 2307 1797 2308 
332 2988 1320 2600 1039 
333 1909 2559 1309 4179 
334 3977 2245 337 4012 
335 1461 594 3681 3711 
336 1667 3476 2922 2461 
337 1423 1257 2242 2130 
338 3899 4162 2453 1727 
339 2668 402 932 2436 
340 1380 2852 3594 4039 
341 244 179 2206 1028 
342 750 454 713 1732 
343 298 2051 1347 319 
344 3348 4121 1819 3824 
345 2095 1394 1937 3071 
346 913 1096 3470 4056 
347 2375 1975 3028 2719 
348 2455 2717 3815 2546 
349 4144 3155 536 910 
350 1122 1252 2533 569 
351 3152 3756 3662 621 
352 698 2104 2744 3659 
353 3100 1773 2224 1447 
354 3760 3650 3727 1009 
355 2718 1459 3361 3291 
356 1780 3791 2203 3818 
357 3797 3123 2256 3170 
358 3181 3449 762 2383 
359 2411 3923 4010 2794 
360 1069 1659 3703 3395 
361 2873 2804 980 626 
362 1942 4114 3243 3407 
363 2539 2138 420 3616 
364 265 218 2326 3646 
365 3415 788 1796 1288 
366 2348 1306 1874 2636 
367 477 760 3814 1404 
368 4054 2076 3277 2787 
369 1374 3983 3701 1248 
370 2142 2912 1981 541 
371 3417 3255 1501 3508 
372 2146 1810 982 1845 
373 2197 1261 374 4175 
374 1776 1127 1646 812 
375 3306 946 598 1177 
376 2783 3735 2858 4229 
377 1396 1366 1268 1947 
378 1877 2258 1210 3494 
379 932 4089 3153 2438 
380 4001 1821 512 1694 
381 544 1227 1112 3284 
382 1244 3006 930 1467 
383 3743 1414 366 4028 
384 594 1882 1610 3681 
385 4273 3413 3043 4272 
386 2908 2260 3917 2572 
387 4049 2683 2881 606 
388 1387 1794 2241 2364 
389 2240 4073 3554 3800 
390 3733 2503 3958 3184 
391 2316 2987 2524 1393 
392 2017 1379 1669 773 
393 3280 4245 1858 2551 
394 321 735 1873 299 
395 1880 1008 1114 2786 
396 1998 2439 3098 3801 
397 2282 3044 3165 4176 
398 2208 545 2749 610 
399 2620 1654 425 1066 
400 1370 1539 1486 2649 
401 3442 2143 1567 1281 
402 1946 2883 1403 3434 
403 2073 2285 1394 2095 
404 3029 2939 3144 752 
405 2619 379 2252 3624 
406 3497 383 1044 709 
407 4059 3066 2882 3467 
408 1888 688 4110 1264 
409 3798 4163 2559 1909 
410 2607 3916 2407 3031 
411 1552 394 1519 1766 
412 3007 2048 2070 2587 
413 3274 3628 1642 1778 
414 1064 3614 3301 1216 
415 1101 2259 1431 1966 
416 2885 2494 3384 1919 
417 3635 347 1588 718 
418 145 2459 2480 158 
419 1449 2900 955 3565 
420 1495 3648 1982 3262 
421 1593 2843 2620 3523 
422 3699 3543 2685 1960 
423 935 3410 4144 3993 
424 272 211 1889 1070 
425 284 199 1234 564 
426 3846 2374 2115 3796 
427 563 287 309 3672 
428 2413 1814 4060 2642 
429 432 2121 1826 3052 
430 190 234 2340 1600 
431 3106 1685 949 2060 
432 2589 2742 2071 4235 
433 486 3848 3142 383 
434 946 1157 437 598 
435 2057 922 1199 3853 
436 2265 2179 1893 2752 
437 492 2429 4095 2495 
438 2120 2643 2189 2154 
439 2373 2197 4175 3825 
440 3759 2660 624 1227 
441 1395 3837 3120 579 
442 198 7 297 4244 
443 2766 3051 2299 1592 
444 2339 3548 2097 3156 
445 2843 3130 1654 2620 
446 3202 1153 3393 3365 
447 280 203 2602 2328 
448 3009 2233 1421 3063 
449 1130 3808 1187 1204 
450 2643 3907 2952 2189 
451 518 661 998 3530 
452 985 3140 652 3257 
453 2158 1897 2843 1593 
454 3888 4062 2390 1063 
455 2425 2752 2181 3215 
456 1827 1602 943 1939 
457 153 150 1818 2917 
458 1613 3963 1575 2262 
459 400 3346 1013 1855 
460 1392 1651 3140 985 
461 3408 1741 1170 3962 
462 1170 3635 718 1098 
463 1046 1597 1214 1878 
464 3807 532 1877 560 
465 1913 701 4179 1309 
466 3242 1371 2910 2228 
467 2938 3409 2062 699 
468 4092 2667 1916 3774 
469 2719 3028 3152 1226 
470 3255 3286 3240 1501 
471 2065 4241 479 2648 
472 4023 826 2428 2654 
473 4063 1967 2127 2376 
474 2571 3372 2585 2171 
475 2791 2709 1317 509 
476 4105 2365 4038 1305 
477 1375 1598 2492 2049 
478 661 699 2582 998 
479 355 1511 1514 1513 
480 1511 91 62 1514 
481 1514 62 92 1512 
482 1513 1514 1512 354 
483 1744 4071 1196 3118 
484 1851 3732 3571 4098 
485 2934 1851 4098 1853 
486 516 2604 3347 1186 
487 2821 1557 2791 674 
488 3365 3393 2619 1105 
489 1710 4016 840 2738 
490 4053 2982 2028 3981 
491 1798 3702 1556 1921 
492 2513 2043 1644 2084 
493 2266 3190 1568 2136 
494 1190 1786 3860 4139 
495 710 2901 1314 1540 
496 305 1265 827 326 
497 746 2894 1857 742 
498 4036 2018 1780 4234 
499 1958 3646 3761 1602 
500 3850 1849 3731 2104 
501 774 3691 4068 1914 
502 1707 894 953 2481 
503 2042 2895 3863 2116 
504 786 1375 2049 4172 
505 3114 3899 1727 3484 
506 4274 4004 3413 4273 
507 3217 3655 1224 1184 
508 2337 3512 4094 3423 
509 3755 2154 2717 2455 
510 2639 312 291 3048 
511 1454 540 3446 1961 
512 3420 1167 2226 395 
513 3140 488 2872 652 
514 3748 3527 2045 3639 
515 1332 3590 2429 492 
516 2028 1177 994 1824 
517 3399 2343 3654 3854 
518 2410 1446 1561 1616 
519 93 60 1548 1547 
520 60 94 1545 1548 
521 1548 1545 357 1546 
522 1547 1548 1546 356 
523 1094 3352 563 3375 
524 950 2694 3545 2169 
525 197 272 1070 4120 
526 2666 2869 3631 1439 
527 3314 1592 1743 1049 
528 2243 497 3190 2266 
529 653 4041 647 4199 
530 2626 2440 3455 3972 
531 997 3053 589 1391 
532 2528 2359 3982 1012 
533 1147 1134 3988 3967 
534 3588 3508 1501 2788 
535 2536 2087 1870 1158 
536 3307 3105 3097 3321 
537 2688 2865 2887 3378 
538 459 2733 2666 3327 
539 787 1301 687 4212 
540 2213 3257 453 657 
541 689 2379 2798 1995 
542 1641 3129 1835 1492 
543 1333 880 1599 3221 
544 2983 3315 3987 2144 
545 3313 348 2357 1291 
546 1287 1789 1570 1959 
547 826 1307 1746 2428 
548 3520 4167 4123 2871 
549 1594 1419 3311 3710 
550 2809 3809 2618 3096 
551 509 1317 3318 588 
552 3649 3118 996 3461 
553 2311 2905 1851 2934 
554 361 1571 1574 1573 
555 1571 95 58 1574 
556 1574 58 96 1572 
557 1573 1574 1572 360 
558 4180 3743 4028 2985 
559 2031 1220 2915 482 
560 3509 2194 4072 2694 
561 3789 2802 405 1079 
562 1192 362 3649 1153 
563 1428 419 537 582 
564 1082 2535 1543 3168 
565 1275 3592 4161 3373 
566 951 3943 2532 4152 
567 3137 1925 1088 3209 
568 4280 931 3699 4279 
569 277 206 2313 1289 
570 97 1584 1586 57 
571 1584 358 1585 1586 
572 1586 1585 360 1572 
573 57 1586 1572 96 
574 4184 534 990 1034 
575 2346 1053 2244 3865 
576 957 3267 1316 1627 
577 3142 985 3257 2213 
578 2198 930 1657 2707 
579 3441 1670 2485 2678 
580 1837 3011 1552 2465 
581 655 3937 3187 1097 
582 1351 3544 2834 3625 
583 1415 2983 2144 3752 
584 1783 2095 3071 3937 
585 3886 2589 4235 2904 
586 782 3104 2412 2549 
587 2987 1868 3110 2524 
588 2166 2775 1238 4133 
589 962 3973 1244 1251 
590 202 282 1704 3661 
591 3230 648 2460 2790 
592 1825 1329 617 1723 
593 2194 3583 664 4072 
594 1217 1537 2644 3715 
595 2143 2768 1059 1567 
596 1794 743 1172 2241 
597 3668 1623 2117 3880 
598 3817 4211 728 708 
599 3825 4175 2391 3883 
600 1728 2598 675 788 
601 4139 3860 1973 2283 
602 3291 3361 3143 3275 
603 3305 1850 1537 1217 
604 1539 1391 2515 1486 
605 4050 2297 1047 3790 
606 3288 1481 401 3673 
607 1013 4166 3480 729 
608 2494 2898 4108 3384 
609 211 273 2075 1889 
610 52 2772 1645 101 
611 1604 3445 2737 1761 
612 1043 3263 4061 3195 
613 3884 2013 546 3032 
614 1416 4165 1868 2987 
615 1969 1270 3813 721 
616 4199 647 681 3615 
617 2574 733 2610 440 
618 4297 2976 1703 4296 
619 3871 2638 4109 3928 
620 1786 1983 3087 3860 
621 3067 3320 3693 934 
622 599 3209 1088 2960 
623 3809 2353 3530 2618 
624 1938 2959 3231 3045 
625 3548 3471 981 2097 
626 754 2800 3803 2126 
627 1729 4055 1438 1364 
628 3451 1777 761 4070 
629 3619 3162 3228 3911 
630 615 616 3671 3823 
631 523 3984 4115 1342 
632 4152 2532 1132 607 
633 2324 601 3002 2784 
634 3331 2657 4114 1942 
635 1668 3019 2966 767 
636 3803 4218 4082 2852 
637 685 716 3663 724 
638 2546 3815 3875 3338 
639 1318 725 720 722 
640 2896 2402 1955 3193 
641 3523 2620 1066 2698 
642 143 2094 3029 160 
643 1834 3203 3498 573 
644 357 1545 1638 1637 
645 1545 94 59 1638 
646 1638 59 95 1571 
647 1637 1638 1571 361 
648 2940 1591 3749 1623 
649 3843 3806 426 3298 
650 1350 3211 574 1475 
651 3853 1199 489 2402 
652 521 2739 4132 2499 
653 1055 3993 2315 417 
654 628 2711 3675 2803 
655 3847 2078 3297 1659 
656 1963 3900 3526 2967 
657 1445 1444 3312 1349 
658 3693 3812 3614 1064 
659 876 989 2754 1243 
660 1771 375 535 2531 
661 546 1662 4116 1922 
662 3401 2278 3242 2741 
663 911 2999 1350 2401 
664 1193 2165 3629 4210 
665 2009 2059 3011 1837 
666 1650 1649 358 1584 
667 56 1650 1584 97 
668 2250 571 3642 1882 
669 4067 1995 1804 4197 
670 658 477 1404 457 
671 2485 3643 1261 2197 
672 376 2814 565 4224 
673 3907 3844 2946 2952 
674 699 2062 620 2582 
675 2356 1055 417 2526 
676 3158 3602 3566 1790 
677 102 1483 2772 52 
678 3893 3101 4225 604 
679 2254 2180 3411 2710 
680 3008 1460 1089 3263 
681 3906 4141 1665 3746 
682 3483 2377 3623 3603 
683 1045 1145 1476 3898 
684 2903 1339 2983 1415 
685 1582 3712 929 1896 
686 3782 416 2550 1722 
687 2261 3013 547 1977 
688 748 2304 4228 4243 
689 480 2052 4130 1253 
690 302 3927 3869 323 
691 1874 1832 2508 1270 
692 4020 3810 3449 3181 
693 3534 702 2462 1178 
694 990 2472 3260 555 
695 2669 1664 886 1504 
696 1884 3690 927 368 
697 1488 541 3083 976 
698 3075 3371 2708 1688 
699 1189 1413 524 2218 
700 3197 3533 1469 3478 
701 971 2484 4042 2750 
702 345 1681 1684 1683 
703 1681 89 64 1684 
704 1684 64 90 1682 
705 1683 1684 1682 346 
706 2136 1568 3866 888 
707 2584 378 1611 1612 
708 4175 374 1235 2391 
709 1119 1700 3788 1775 
710 1254 3725 1343 1359 
711 3804 605 1339 2903 
712 2436 932 2438 2354 
713 1816 3079 1131 929 
714 1097 3187 2342 2816 
715 4111 912 1861 3908 
716 367 2349 609 3282 
717 2605 543 2408 1011 
718 1459 2873 626 3361 
719 4166 3126 1241 3480 
720 678 3528 1700 1119 
721 2465 1552 1766 1062 
722 1348 753 2640 2341 
723 3781 2948 2921 2443 
724 2823 1822 1863 1626 
725 3665 884 648 3230 
726 4294 4206 2850 4293 
727 2287 1461 3711 1502 
728 2169 3545 3115 3272 
729 1627 1316 3620 1219 
730 92 61 1702 1512 
731 61 93 1547 1702 
732 1702 1547 356 1701 
733 1512 1702 1701 354 
734 3443 2911 2679 3285 
735 2923 3340 3975 1026 
736 1166 486 383 3497 
737 442 1080 1430 1643 
738 3675 1467 930 2198 
739 2548 1262 2090 549 
740 3706 4147 349 3964 
741 3752 2144 2092 904 
742 3960 1828 2015 3006 
743 2255 3454 1569 2958 
744 375 433 510 535 
745 159 2658 2459 145 
746 696 707 2380 1747 
747 3237 3259 3691 774 
748 894 1641 1492 953 
749 2654 2428 738 1967 
750 3673 401 3884 1256 
751 210 274 1274 1883 
752 4264 1432 1341 4263 
753 3894 4190 2955 3479 
754 2327 3321 3007 3932 
755 3473 3111 1538 3780 
756 2615 584 3441 3499 
757 3607 1279 715 2818 
758 3870 1140 1225 1277 
759 2102 823 2503 3733 
760 922 1941 1930 1199 
761 790 2897 973 3511 
762 329 3914 2131 1839 
763 4150 1729 1364 1764 
764 788 675 3834 1796 
765 3680 2395 4187 1730 
766 1605 1311 1388 4208 
767 452 4188 1826 4169 
768 3304 2688 3378 2580 
769 2752 1893 2766 2181 
770 1194 3442 1281 1466 
771 558 1699 2059 2009 
772 338 1736 1739 1738 
773 1736 339 1737 1739 
774 1739 1737 29 10 
775 1738 1739 10 30 
776 440 2610 2575 1671 
777 759 4022 4193 3180 
778 2608 3678 3261 682 
779 3407 3243 3793 2683 
780 2000 3801 2840 942 
781 4140 529 1986 3366 
782 1458 3458 2951 656 
783 2238 2463 3107 3254 
784 3229 1675 896 2091 
785 3645 2026 402 2668 
786 579 3120 505 1850 
787 4027 717 1307 826 
788 823 2185 1389 2503 
789 3910 945 2284 1042 
790 1419 1884 368 3311 
791 4290 523 1342 4289 
792 396 2489 1454 1906 
793 3519 2753 1245 3897 
794 2372 4117 3948 2344 
795 511 3888 1063 1168 
796 776 4231 3232 4200 
797 1367 1658 2510 1557 
798 847 359 876 3214 
799 1446 3816 2586 1561 
800 3221 1599 2331 2665 
801 2473 3912 1876 1100 
802 3808 1007 3316 1187 
803 1523 1291 1591 2940 
804 3046 2990 1649 1650 
805 429 1490 553 3447 
806 588 3318 4137 1257 
807 1831 654 4069 2051 
808 2442 1505 3581 828 
809 426 577 514 2422 
810 2969 2523 3716 778 
811 2700 4170 1787 654 
812 1747 2380 1866 1607 
813 736 448 1319 3830 
814 346 1682 1763 1762 
815 1682 90 63 1763 
816 1763 63 91 1511 
817 1762 1763 1511 355 
818 3376 1761 1844 2362 
819 1839 2131 1713 3811 
820 3279 1619 1595 938 
821 2281 1562 2936 882 
822 4086 1471 2243 2457 
823 264 219 1958 3082 
824 4172 2049 1814 2413 
825 27 12 660 832 
826 3531 4014 2475 4157 
827 3392 3355 2259 1101 
828 1065 3481 898 3591 
829 1822 1330 2777 1863 
830 1906 1454 1961 2732 
831 2328 2602 4141 3906 
832 972 4134 2474 1898 
833 6 212 3135 137 
834 1176 1121 1267 2248 
835 1215 1232 1905 2451 
836 1219 3620 2999 911 
837 4120 1070 4019 3238 
838 1382 390 1748 1134 
839 1104 587 503 1660 
840 1634 3926 2182 2365 
841 4138 4013 706 2724 
842 3722 751 4040 3927 
843 2634 831 3147 1308 
844 3818 2203 1729 4150 
845 3946 3359 2774 1357 
846 1302 779 3123 3797 
847 2470 4129 2317 592 
848 2622 3889 3358 1398 
849 3234 3061 1560 3626 
850 1424 1813 2349 367 
851 1264 4110 3915 760 
852 206 278 1840 2313 
853 3768 783 3779 4163 
854 1015 2172 2141 1255 
855 2381 2366 4093 3386 
856 1500 3746 3652 3425 
857 1795 439 777 2367 
858 2838 1635 3166 3621 
859 4109 2314 3892 1222 
860 2506 1418 890 2916 
861 1579 3065 2219 1433 
862 1071 409 4103 3941 
863 2214 339 3472 779 
864 2971 685 724 677 
865 3995 4207 2476 1311 
866 4070 761 4170 2700 
867 2246 1634 2365 4105 
868 2778 3303 4245 3280 
869 773 1669 3959 3792 
870 1000 1892 3747 1518 
871 2139 3621 1462 1894 
872 1694 512 2107 2323 
873 3657 3132 3729 1453 
874 1860 2612 4221 2817 
875 439 4197 4085 777 
876 3517 3680 1730 2909 
877 1687 2528 1012 1366 
878 1271 4063 2376 763 
879 2228 2910 989 2279 
880 887 1947 1104 2918 
881 3957 452 4169 1740 
882 3308 2815 3227 539 
883 690 4216 1674 3810 
884 1767 552 950 905 
885 2966 2799 4135 679 
886 2338 2248 1220 2031 
887 1368 714 1517 1292 
888 466 2954 2030 2232 
889 1482 3402 2809 3322 
890 886 1009 1025 2725 
891 4134 891 2743 2474 
892 168 256 403 2512 
893 2743 3139 2813 2336 
894 702 2570 2914 2462 
895 965 3600 1145 1045 
896 3978 1678 1813 1424 
897 3758 2281 882 2207 
898 3425 3652 1195 897 
899 286 726 3517 318 
900 2371 2578 711 332 
901 2523 1950 810 3716 
902 1174 1449 3565 585 
903 3855 3741 2353 2731 
904 418 385 2330 3900 
905 4260 1711 1206 4259 
906 457 1404 750 1912 
907 691 2776 798 2645 
908 2347 4065 736 1617 
909 3814 1781 3482 454 
910 2235 1580 2052 480 
911 2709 2234 4052 1317 
912 3055 3072 2398 829 
913 1704 442 1643 941 
914 1642 507 3268 2824 
915 1693 2931 1648 1774 
916 1313 2207 1124 3856 
917 1659 3297 940 3703 
918 720 2654 1967 4063 
919 462 2020 785 3516 
920 283 200 3196 1080 
921 484 1624 2246 3658 
922 613 1107 1056 1589 
923 1338 1406 2222 700 
924 2174 709 1406 1338 
925 489 1169 3208 3573 
926 1145 1525 1534 1476 
927 4155 499 3102 891 
928 2048 1159 2718 2070 
929 2403 901 3387 2360 
930 1438 465 439 1795 
931 3450 659 4215 478 
932 2815 1095 2819 3227 
933 1315 1697 3807 1699 
934 1703 2449 2274 1135 
935 596 2106 2627 1661 
936 1362 1959 1733 1563 
937 1022 501 702 3534 
938 1705 2204 3712 554 
939 682 3261 2715 2897 
940 4249 3459 698 3794 
941 1844 3949 1127 1776 
942 4108 2681 2164 1207 
943 1853 4098 519 1719 
944 2933 1334 2175 3022 
945 2161 555 2160 1076 
946 1908 2826 2012 3283 
947 2530 1385 3164 469 
948 4033 2283 2501 2577 
949 1599 1011 1830 2331 
950 576 2989 1375 786 
951 3542 2053 2441 649 
952 1761 2737 3949 1844 
953 807 1833 3957 2699 
954 2367 777 1968 737 
955 2204 1816 929 3712 
956 1939 943 3804 2728 
957 2850 2142 541 1488 
958 2015 1943 2463 1657 
959 2493 1360 2082 1753 
960 547 1041 3938 2431 
961 890 636 1083 954 
962 2402 489 3573 1955 
963 651 1913 1309 2125 
964 307 2851 1760 328 
965 3730 1116 2984 2055 
966 1891 2723 3422 2757 
967 1758 2701 3421 3437 
968 2426 1122 569 2773 
969 3942 3858 2267 3506 
970 2549 2412 2106 596 
971 1775 3788 561 3189 
972 1700 502 2387 3788 
973 1914 4068 1605 472 
974 722 720 4063 1271 
975 2893 458 2123 3771 
976 2225 3012 4066 504 
977 2538 1860 2817 1620 
978 2060 949 3336 2846 
979 2842 2825 2622 3724 
980 502 3474 2608 2387 
981 1034 990 555 2161 
982 1756 352 1007 3808 
983 2583 2375 2719 1425 
984 4248 3264 385 418 
985 379 1249 1524 2252 
986 3498 3460 3070 2569 
987 1135 2274 2044 4206 
988 2074 2762 376 992 
989 1252 3467 2261 2533 
990 3101 1563 511 4225 
991 2793 572 781 1516 
992 761 2022 1782 4170 
993 4040 1632 1301 787 
994 2609 2382 658 1911 
995 1773 1428 582 2224 
996 1784 336 4173 1663 
997 3006 2015 1657 930 
998 2897 2715 3840 973 
999 2358 963 3527 3748 
1000 3801 3098 3436 2840 
1001 1557 2510 2709 2791 
1002 1662 2241 1172 4116 
1003 1441 3301 4171 1696 
1004 171 253 1768 727 
1005 3944 1436 578 964 
1006 830 3618 1872 1808 
1007 3323 2527 2821 2253 
1008 35 1901 1902 31 
1009 1901 338 1738 1902 
1010 1902 1738 30 9 
1011 31 1902 9 2 
1012 1996 4145 1985 844 
1013 2312 1470 3513 1021 
1014 1836 2576 887 2864 
1015 3104 1473 3331 2412 
1016 688 1671 1529 4110 
1017 350 591 3821 4047 
1018 677 724 2890 2366 
1019 2303 2381 3386 2701 
1020 2400 1846 568 2875 
1021 485 2195 3628 3274 
1022 705 608 460 3061 
1023 3777 2560 694 1632 
1024 2041 782 2549 1864 
1025 1633 1969 721 3799 
1026 242 181 1275 2900 
1027 3805 3998 1821 4001 
1028 1399 1709 2427 2962 
1029 1980 4198 559 1829 
1030 1391 589 450 2515 
1031 2748 3506 3561 3851 
1032 2737 906 1485 3949 
1033 3084 1578 3300 2064 
1034 1628 1033 4100 2868 
1035 1440 2805 758 3351 
1036 1927 1474 986 590 
1037 2351 1424 367 2111 
1038 566 2770 794 1143 
1039 1673 2277 2073 2866 
1040 3119 1673 2866 970 
1041 36 1933 1935 32 
1042 1933 342 1934 1935 
1043 1935 1934 338 1901 
1044 32 1935 1901 35 
1045 2456 1218 1707 3559 
1046 3285 2679 2680 3161 
1047 2535 3534 1178 1543 
1048 3326 3669 2989 576 
1049 2177 1031 3303 2778 
1050 189 235 3125 1117 
1051 3745 2735 1869 4124 
1052 704 1186 2085 2792 
1053 605 2626 3972 1339 
1054 1479 1174 585 1016 
1055 2398 934 2913 557 
1056 731 1712 3128 1078 
1057 813 1948 1952 1951 
1058 1948 809 1949 1952 
1059 1952 1949 810 1950 
1060 1951 1952 1950 824 
1061 1197 2670 1578 3084 
1062 1882 3642 4107 1610 
1063 4295 1135 4206 4294 
1064 2167 369 2392 2789 
1065 969 293 315 937 
1066 2242 2235 480 1655 
1067 1355 2498 3607 917 
1068 1204 1187 2957 3342 
1069 3753 2678 2373 795 
1070 3975 2975 1582 1622 
1071 3966 1028 3141 4237 
1072 959 2196 1015 3270 
1073 3824 1819 1304 3389 
1074 2147 897 3745 3049 
1075 2730 3841 1477 3265 
1076 2186 1139 2327 1754 
1077 2606 1336 1326 3078 
1078 1460 3790 2542 1089 
1079 1527 747 2801 2216 
1080 3955 1991 725 1318 
1081 2383 762 3770 1345 
1082 1026 3975 1622 2753 
1083 3527 1202 4149 2045 
1084 987 1919 884 3665 
1085 4262 1750 3667 4261 
1086 246 177 1917 1385 
1087 3397 2944 1936 977 
1088 727 1768 3385 1344 
1089 54 2063 399 99 
1090 2091 896 2080 3136 
1091 136 152 1198 4315 
1092 1385 1917 4024 3164 
1093 368 927 2829 1658 
1094 343 1988 1990 1989 
1095 1988 342 1933 1990 
1096 1990 1933 36 33 
1097 1989 1990 33 37 
1098 2827 2152 1509 3766 
1099 3937 3071 2168 3187 
1100 1354 1799 3429 330 
1101 3584 3453 2314 1141 
1102 1878 1214 2433 2420 
1103 3070 2853 571 2250 
1104 1211 1742 2370 1051 
1105 1107 1021 2237 1056 
1106 1213 1166 3497 3876 
1107 3732 1815 628 3571 
1108 1709 4191 1523 2427 
1109 3662 1415 3752 1322 
1110 744 2002 2005 2004 
1111 2002 340 2003 2005 
1112 2005 2003 3 38 
1113 2004 2005 38 40 
1114 4 77 2008 2007 
1115 77 89 1681 2008 
1116 2008 1681 345 2006 
1117 2007 2008 2006 341 
1118 2600 3325 1880 3105 
1119 1361 1188 1237 1278 
1120 4206 2044 2142 2850 
1121 4124 1869 1429 2899 
1122 322 3131 1910 300 
1123 3549 822 2397 2038 
1124 2135 2214 779 1302 
1125 1672 484 3658 1526 
1126 2943 1687 1366 1396 
1127 1067 1535 1205 3920 
1128 3206 2347 1617 2693 
1129 4293 2850 1488 4292 
1130 510 3511 2054 2469 
1131 3344 621 3289 438 
1132 1961 3446 3588 2804 
1133 4222 914 3619 3475 
1134 2935 2491 2109 3694 
1135 1253 4130 2578 2371 
1136 891 3102 3139 2743 
1137 3 2003 2033 34 
1138 2003 340 2032 2033 
1139 2033 2032 343 1989 
1140 34 2033 1989 37 
1141 839 2034 2036 2035 
1142 2034 40 39 2036 
1143 2036 39 4 2007 
1144 2035 2036 2007 341 
1145 4164 2016 2523 2969 
1146 478 4215 2303 3205 
1147 910 536 372 2276 
1148 4300 4227 3332 4299 
1149 1235 350 4047 1434 
1150 2163 335 655 1530 
1151 3947 3085 3241 3065 
1152 1080 3196 913 1430 
1153 2706 1032 3660 3606 
1154 2714 983 1522 1587 
1155 1895 3653 1014 3151 
1156 2277 1230 2285 2073 
1157 3482 1358 3914 329 
1158 3663 3797 3170 3956 
1159 3593 1693 1774 413 
1160 282 201 442 1704 
1161 2362 1844 1776 4125 
1162 1774 1648 2468 1407 
1163 2196 1036 2172 1015 
1164 2747 1785 3033 3035 
1165 1360 3418 3947 2082 
1166 1647 2105 3376 3582 
1167 4025 1251 2497 2656 
1168 1239 2841 3584 1925 
1169 1618 3694 1718 1956 
1170 3845 2360 2212 2942 
1171 3044 2861 3133 3165 
1172 2322 1771 2531 4000 
1173 4127 3751 3535 2180 
1174 3267 2167 2789 1316 
1175 3079 3726 4058 1131 
1176 2939 3230 2790 3144 
1177 2113 2625 386 1789 
1178 907 3494 2466 394 
1179 3788 2387 427 561 
1180 1841 2176 3005 947 
1181 2096 1229 364 1376 
1182 3931 3930 3874 3775 
1183 2207 882 2659 1124 
1184 2863 2606 3078 3320 
1185 2026 388 2405 402 
1186 2601 776 4200 3674 
1187 4112 1770 3067 3072 
1188 1658 2829 1353 2510 
1189 3405 1050 4021 2505 
1190 2845 1382 1134 1147 
1191 2960 1088 1141 2638 
1192 2512 403 1258 2779 
1193 1792 2014 3842 434 
1194 1944 4017 2025 577 
1195 2049 2492 1745 1814 
1196 979 1720 506 2844 
1197 1954 2961 2296 4102 
1198 3559 1707 2481 3744 
1199 4062 2177 2778 2390 
1200 2071 3567 1109 4192 
1201 1452 4118 1913 651 
1202 3165 3133 2231 2948 
1203 2782 2495 422 1564 
1204 1393 2524 1740 4169 
1205 1692 1616 3458 1458 
1206 3875 1499 889 2755 
1207 2160 3370 531 2959 
1208 3713 2933 3022 3278 
1209 1611 610 2233 3009 
1210 2023 2665 1363 945 
1211 3373 4161 2544 1999 
1212 1353 1390 3707 2234 
1213 1406 3833 3380 2222 
1214 1480 3305 1217 3117 
1215 568 2945 2822 4121 
1216 3138 700 3743 4180 
1217 3537 1656 3587 893 
1218 1151 1726 2316 2563 
1219 3000 2714 1587 2848 
1220 2481 953 481 881 
1221 3096 2618 3357 2695 
1222 1686 2346 3865 3783 
1223 3514 4153 1262 2548 
1224 3628 3287 507 1642 
1225 1249 1118 1811 1524 
1226 3586 4203 3397 3200 
1227 3727 1280 3651 4242 
1228 434 3842 1106 2321 
1229 1140 2842 3724 1225 
1230 2658 915 1559 2459 
1231 3027 1502 331 1551 
1232 2185 4219 3805 1389 
1233 3282 609 1687 2943 
1234 4019 3636 2176 1841 
1235 2359 1759 3887 3982 
1236 2050 1915 712 3124 
1237 730 2611 3406 3428 
1238 3496 3137 3209 1487 
1239 2153 1692 1458 435 
1240 3318 3763 3310 4137 
1241 3821 530 2604 516 
1242 1079 405 3377 407 
1243 713 329 1839 2379 
1244 19 21 464 693 
1245 2916 890 954 1054 
1246 4193 684 4217 1993 
1247 2611 1914 472 3406 
1248 1801 3692 4022 759 
1249 762 2399 1410 3770 
1250 216 268 1191 3903 
1251 2918 1104 1660 1023 
1252 487 4199 3615 680 
1253 4183 1405 1327 1163 
1254 3479 2955 1924 2439 
1255 1982 1376 2079 1002 
1256 4269 2000 942 4268 
1257 2392 2870 3486 2781 
1258 1865 1503 2502 629 
1259 1612 1611 3009 3877 
1260 2244 2764 2143 3442 
1261 1085 2190 3725 1254 
1262 178 246 1385 2530 
1263 3105 1880 2786 3097 
1264 3867 3713 3278 1155 
1265 1623 3749 3970 2117 
1266 3189 561 433 375 
1267 1615 1269 1728 1970 
1268 1697 3569 532 3807 
1269 241 167 1449 1174 
1270 3013 3616 1041 547 
1271 3383 2120 2154 3755 
1272 3412 3383 3755 3656 
1273 952 2496 3010 2974 
1274 422 1531 1440 2306 
1275 2268 2880 2343 3399 
1276 3484 1727 2372 1463 
1277 364 3714 2403 3319 
1278 3467 2882 3013 2261 
1279 882 2936 625 2659 
1280 2112 1540 4097 602 
1281 4263 1341 1750 4262 
1282 1397 997 1391 1539 
1283 1924 1315 1699 558 
1284 1425 2719 1226 474 
1285 4292 1488 976 4291 
1286 2808 382 2122 4118 
1287 2785 406 2697 1202 
1288 3926 765 3676 2182 
1289 2382 3859 477 658 
1290 3427 1183 2815 3308 
1291 2846 3336 4076 3728 
1292 4271 2452 611 4270 
1293 2168 4104 1806 1412 
1294 500 1784 1663 1812 
1295 1549 1997 3847 1957 
1296 2195 2765 3287 3628 
1297 2680 3523 2698 3410 
1298 2297 549 1246 1047 
1299 2428 1746 2132 738 
1300 2018 719 3791 1780 
1301 1322 3752 904 2826 
1302 1319 1526 4027 424 
1303 3366 1986 4054 1639 
1304 3409 3560 1735 2062 
1305 995 2355 1285 548 
1306 249 174 3838 2625 
1307 1632 694 1293 1301 
1308 262 221 543 2605 
1309 2380 2797 2561 1866 
1310 3124 712 1788 719 
1311 1496 2300 2454 2932 
1312 362 1744 3118 3649 
1313 933 1755 1229 2096 
1314 1398 3358 2973 1093 
1315 603 3911 3942 3145 
1316 1937 3335 3521 4104 
1317 2378 2417 1416 1726 
1318 2577 2501 562 3677 
1319 2882 2539 3616 3013 
1320 3837 1161 1213 3120 
1321 2976 556 2449 1703 
1322 904 2092 538 4160 
1323 1270 2508 696 3813 
1324 2141 1365 661 518 
1325 3500 1298 772 1148 
1326 2256 3827 740 461 
1327 2438 3153 1259 1742 
1328 3664 1097 2816 1152 
1329 1335 3048 900 3909 
1330 1291 2357 639 1591 
1331 1494 2730 3265 3543 
1332 1510 1176 2248 2338 
1333 4315 1198 1276 4314 
1334 3336 3229 2091 4076 
1335 2745 4124 2899 2832 
1336 593 3339 830 1532 
1337 3692 462 3516 4022 
1338 2376 2127 3004 2560 
1339 548 1285 3201 3650 
1340 2429 438 3546 4095 
1341 881 481 1450 3448 
1342 564 1234 3160 1096 
1343 3446 4042 3508 3588 
1344 3980 1614 1621 1859 
1345 2659 625 1470 2312 
1346 2025 1940 2714 3000 
1347 2813 2341 2320 4158 
1348 3925 2740 566 2086 
1349 2792 2085 923 4048 
1350 281 202 3661 1769 
1351 369 3322 2870 2392 
1352 1819 3579 3333 1304 
1353 3337 977 1793 1411 
1354 4296 1703 1135 4295 
1355 413 1774 1407 2114 
1356 2623 2949 1099 1497 
1357 3570 445 2802 3789 
1358 1893 4195 3051 2766 
1359 1664 3760 1009 886 
1360 1218 1113 894 1707 
1361 3930 599 2960 3874 
1362 2199 3645 2668 3457 
1363 404 2081 4131 3896 
1364 3637 2288 2200 2363 
1365 1002 2079 3569 1697 
1366 2858 1864 1550 1849 
1367 1861 576 786 1031 
1368 3281 3323 2253 3778 
1369 3565 955 3861 1603 
1370 983 2228 2279 1522 
1371 1915 2609 1911 712 
1372 4187 3768 4163 3798 
1373 2203 2724 4055 1729 
1374 2756 3424 754 1356 
1375 397 387 3697 4232 
1376 542 2671 409 1071 
1377 845 3049 2745 1817 
1378 3642 2908 2572 4107 
1379 1329 288 310 617 
1380 1118 2513 2084 1811 
1381 1715 2057 3853 3249 
1382 410 3246 2043 2513 
1383 467 447 3955 4037 
1384 3429 789 1527 697 
1385 905 950 2169 662 
1386 2115 2029 672 1331 
1387 609 3151 2528 1687 
1388 555 3260 3370 2160 
1389 2233 919 3965 1421 
1390 2864 887 2918 2156 
1391 908 1387 2364 3107 
1392 1602 3761 663 943 
1393 3840 1980 1829 2083 
1394 3395 3703 2098 1149 
1395 2931 2877 1372 1648 
1396 2406 1337 3771 2123 
1397 2627 3407 2683 4049 
1398 2010 3157 2088 1689 
1399 809 2269 2271 1949 
1400 2269 805 2270 2271 
1401 2271 2270 804 2019 
1402 1949 2271 2019 810 
1403 3375 563 3672 3116 
1404 843 2482 2162 1027 
1405 176 248 619 3868 
1406 1530 655 1097 3664 
1407 3583 4120 3238 664 
1408 493 4003 496 473 
1409 3297 2734 2307 940 
1410 1875 3457 2068 1146 
1411 3087 3794 455 2820 
1412 172 252 2888 1074 
1413 3632 4251 1395 4145 
1414 2999 3394 3211 1350 
1415 4270 611 2000 4269 
1416 1436 3734 1239 578 
1417 1266 2275 4059 1086 
1418 3485 3510 1337 2406 
1419 2881 1647 3582 1862 
1420 2319 492 2495 2782 
1421 3949 1485 3946 1127 
1422 207 277 1289 2733 
1423 354 2289 2292 1513 
1424 2289 859 2290 2292 
1425 2292 2290 848 2291 
1426 1513 2292 2291 355 
1427 1749 2839 2165 1193 
1428 649 2441 1809 1885 
1429 3571 628 2803 363 
1430 1346 2210 1929 2093 
1431 1297 2992 3364 1608 
1432 3990 1422 2221 1033 
1433 1376 364 3319 2079 
1434 3636 3114 3484 2176 
1435 472 1605 4208 449 
1436 3017 3016 3832 683 
1437 3961 449 4188 452 
1438 4055 2691 465 1438 
1439 3277 2067 3466 4148 
1440 2713 961 2686 3627 
1441 623 1899 3568 3074 
1442 2499 4132 4140 551 
1443 3023 2451 2920 3929 
1444 4031 2069 2706 901 
1445 1790 3566 1653 2128 
1446 912 3326 576 1861 
1447 538 567 1695 2087 
1448 218 266 4086 2326 
1449 1414 1613 2262 366 
1450 996 2404 1118 1249 
1451 3416 1168 2919 1609 
1452 4118 2122 701 1913 
1453 482 2915 3532 3617 
1454 2698 1066 764 3155 
1455 3120 1213 3876 505 
1456 1718 2639 3048 1335 
1457 1677 4232 3983 1374 
1458 2434 1143 1867 1907 
1459 3864 2917 387 397 
1460 2625 3838 1920 386 
1461 4002 4244 3352 1094 
1462 4095 3546 3935 1531 
1463 3377 466 2232 2129 
1464 2565 947 3454 2255 
1465 2794 4010 1692 2153 
1466 4181 1321 3127 2961 
1467 4247 3674 2464 3574 
1468 1856 2249 1122 2426 
1469 3660 2502 1708 2072 
1470 580 3448 4249 1983 
1471 360 2332 2335 1573 
1472 2332 851 2333 2335 
1473 2335 2333 852 2334 
1474 1573 2335 2334 361 
1475 1076 2160 2959 1938 
1476 1629 842 2166 3708 
1477 2273 443 3570 3991 
1478 2321 1106 2895 2042 
1479 1457 918 544 3857 
1480 1899 2545 1022 3568 
1481 3774 1916 1667 920 
1482 582 537 2337 1050 
1483 1334 2972 1464 2175 
1484 2079 3319 3845 3569 
1485 2883 1151 2563 1403 
1486 4160 538 2087 2536 
1487 4211 2634 1308 728 
1488 2276 372 463 636 
1489 2852 4082 3179 3594 
1490 1279 4125 2159 715 
1491 2496 1344 2860 3010 
1492 1858 2642 1834 3653 
1493 2317 1932 1330 1822 
1494 3590 3344 438 2429 
1495 1371 1887 1691 2910 
1496 2732 1961 2804 2873 
1497 899 1131 4058 3212 
1498 1581 2566 1604 2105 
1499 3222 710 1540 2112 
1500 231 192 415 1971 
1501 1734 1448 3533 3197 
1502 2331 1830 572 2793 
1503 3704 2264 2808 634 
1504 2604 2526 2352 3347 
1505 3378 2887 365 2825 
1506 3127 1093 1755 933 
1507 4098 3571 363 519 
1508 4096 3626 2138 2539 
1509 1075 3073 3292 2193 
1510 1444 3204 2796 3312 
1511 444 4186 3572 3723 
1512 3428 3406 3961 1833 
1513 1268 3939 3027 587 
1514 3895 521 2499 3264 
1515 771 979 2844 3109 
1516 1466 1281 1242 3822 
1517 1543 1178 2037 3382 
1518 201 283 1080 442 
1519 3338 3875 2755 2981 
1520 483 2371 332 1765 
1521 1320 938 3325 2600 
1522 2621 1498 3474 502 
1523 1714 2050 3124 3576 
1524 797 693 2347 3206 
1525 2567 408 1848 1978 
1526 4202 748 4243 2797 
1527 2300 3883 2571 2454 
1528 4163 3779 456 2559 
1529 1339 3972 3315 2983 
1530 2508 737 707 696 
1531 437 627 2581 1129 
1532 1301 1293 4036 687 
1533 3449 3682 2399 762 
1534 1261 3483 3603 374 
1535 2342 1412 1927 3317 
1536 1057 3210 2163 3302 
1537 1036 2139 1894 2172 
1538 3303 4172 2413 4245 
1539 3081 4152 607 3108 
1540 1504 886 2725 2066 
1541 3030 3633 2311 2682 
1542 4047 3821 516 948 
1543 1538 1381 1091 3132 
1544 1886 935 3993 1055 
1545 421 4029 971 526 
1546 2991 436 600 1037 
1547 1558 1283 1786 1190 
1548 4065 2038 448 736 
1549 3414 690 3810 4020 
1550 4128 834 4034 3829 
1551 470 3798 1909 2152 
1552 2613 2574 440 768 
1553 1800 3799 2395 3680 
1554 1936 1772 4101 2236 
1555 3761 2847 1156 663 
1556 1520 3863 412 388 
1557 3374 289 311 2491 
1558 2841 2305 3453 3584 
1559 221 263 3881 543 
1560 1421 3965 3802 2471 
1561 529 3945 1484 1986 
1562 1832 2367 737 2508 
1563 4157 2475 2257 3235 
1564 2636 1874 1270 1969 
1565 1741 656 3635 1170 
1566 1469 3420 395 1544 
1567 2990 2767 2421 1649 
1568 1056 2237 963 2358 
1569 3943 1926 1954 2532 
1570 2110 4025 2656 1162 
1571 2024 916 782 2041 
1572 1378 4183 1163 3162 
1573 1845 982 2992 1297 
1574 3411 542 1071 961 
1575 2190 1447 391 3725 
1576 656 2951 347 3635 
1577 4089 2117 3970 3153 
1578 854 2419 2421 2420 
1579 2419 358 1649 2421 
1580 1448 925 414 3533 
1581 2478 1553 2026 3645 
1582 2878 3754 1576 4041 
1583 1610 4107 811 2239 
1584 3357 998 2582 4153 
1585 1894 1462 2938 1365 
1586 941 1643 1847 1974 
1587 2895 3194 412 3863 
1588 1402 3428 1833 807 
1589 856 2430 2433 2432 
1590 2430 854 2420 2433 
1591 1048 1277 1926 3943 
1592 4250 3266 2319 4231 
1593 4173 3574 2185 823 
1594 3286 3438 3575 3240 
1595 1524 1811 3030 1751 
1596 1554 3156 1444 1445 
1597 977 1936 2236 1793 
1598 3151 1014 2359 2528 
1599 1433 2219 1441 3702 
1600 923 3878 3637 581 
1601 2694 4072 428 3545 
1602 260 223 793 3844 
1603 1507 4106 3259 3237 
1604 346 2444 2447 1683 
1605 2444 836 2445 2447 
1606 2447 2445 835 2446 
1607 1683 2447 2446 345 
1608 3776 3080 4190 3894 
1609 1386 1074 952 2525 
1610 4088 2345 2730 1494 
1611 4081 1725 3079 1816 
1612 614 2784 396 1008 
1613 2066 2725 2386 2067 
1614 2129 2232 3401 2220 
1615 1568 3781 2443 3866 
1616 3022 2175 521 3895 
1617 4035 2099 1941 922 
1618 1498 1200 476 3474 
1619 1953 3116 1825 3018 
1620 3703 940 2308 2098 
1621 1690 1148 2883 1946 
1622 3515 2731 2353 3809 
1623 2570 1530 3664 2914 
1624 2111 367 3282 956 
1625 2946 966 2023 2828 
1626 182 257 2949 2623 
1627 928 1077 613 2170 
1628 2540 881 3448 580 
1629 236 187 1984 2696 
1630 496 1817 4011 353 
1631 2221 2835 1734 2458 
1632 1721 2557 2204 1705 
1633 1862 3582 3353 2498 
1634 2192 4185 370 1997 
1635 2178 841 1614 3980 
1636 1312 4056 2635 3784 
1637 157 146 3751 4127 
1638 4240 1886 1055 2356 
1639 1689 2088 1798 1073 
1640 2245 2017 773 337 
1641 4231 2319 2782 3232 
1642 3765 677 2366 2381 
1643 2165 1204 3342 3629 
1644 2097 981 1040 3204 
1645 3521 2114 1860 2538 
1646 2258 1401 3519 1210 
1647 2308 1797 3613 3369 
1648 1521 528 2473 2482 
1649 3621 3166 1102 1462 
1650 1560 493 473 1601 
1651 2902 2584 1612 2807 
1652 2387 2608 682 427 
1653 581 3637 2363 3001 
1654 1139 3307 3321 2327 
1655 3856 1124 2647 1077 
1656 2487 875 2488 2490 
1657 2490 2488 856 2432 
1658 2647 2312 1021 1107 
1659 433 790 3511 510 
1660 586 2953 1378 914 
1661 141 3158 1790 162 
1662 1622 1582 1896 1203 
1663 4217 3829 2634 4211 
1664 161 2720 2094 143 
1665 2884 1054 2556 2288 
1666 4258 4184 1034 4257 
1667 2505 4021 743 1794 
1668 1120 3767 1784 500 
1669 1803 1676 3524 3901 
1670 2078 853 2734 3297 
1671 1661 2627 4049 2769 
1672 1281 1567 2187 1242 
1673 2824 3268 1283 1558 
1674 3688 2547 1690 1095 
1675 1608 3364 1771 2322 
1676 4018 2157 1029 2944 
1677 1144 2149 4209 2507 
1678 3896 4131 2762 2074 
1679 377 3284 2566 1581 
1680 2901 3778 821 1314 
1681 917 3607 2818 3890 
1682 3216 1631 1269 1615 
1683 3359 3348 3824 2774 
1684 3245 2529 1121 1176 
1685 1868 2103 3934 3110 
1686 1010 3195 1744 362 
1687 3904 2505 1794 1387 
1688 2860 3520 2871 1282 
1689 942 2840 1215 2849 
1690 3561 1918 487 2389 
1691 3069 3499 3753 2937 
1692 3369 3613 616 615 
1693 358 2419 2517 1585 
1694 2419 854 2516 2517 
1695 2517 2516 851 2332 
1696 1585 2517 2332 360 
1697 864 2518 2522 2521 
1698 2518 872 2519 2522 
1699 2522 2519 878 2520 
1700 2521 2522 2520 870 
1701 3228 1144 2507 3858 
1702 634 2808 4118 1452 
1703 2126 3803 2852 1380 
1704 768 440 1671 688 
1705 4123 1001 3522 3599 
1706 2274 1686 3783 2044 
1707 41 1963 2967 100 
1708 4265 3929 1432 4264 
1709 2810 1439 495 2393 
1710 619 2113 1789 1287 
1711 3249 3853 2402 2896 
1712 2527 1367 1557 2821 
1713 3918 2027 2425 2309 
1714 916 3248 3104 782 
1715 1815 4154 2711 628 
1716 1926 4181 2961 1954 
1717 3398 3485 2406 389 
1718 2062 1735 2145 620 
1719 3060 1715 3249 1525 
1720 3384 4108 1207 1881 
1721 4210 3629 2584 2902 
1722 2899 1429 2901 710 
1723 4119 2486 3760 1664 
1724 1276 397 4232 1677 
1725 2330 1181 1263 2329 
1726 3889 2483 3931 3358 
1727 1567 1059 3924 2187 
1728 4257 1034 2161 4256 
1729 2684 4224 3112 2150 
1730 2692 2689 3501 4167 
1731 3622 4210 2902 1171 
1732 3672 309 288 1329 
1733 2941 4053 3981 2368 
1734 1226 3152 621 3344 
1735 2083 1829 3251 631 
1736 964 578 3137 3496 
1737 2796 3730 2055 3077 
1738 1614 1171 984 1621 
1739 1205 3025 918 1457 
1740 616 2988 1039 3671 
1741 859 2552 2555 2290 
1742 2552 862 2553 2555 
1743 2555 2553 863 2554 
1744 2290 2555 2554 848 
1745 3320 3078 3812 3693 
1746 1383 1386 2525 1384 
1747 2285 3047 1273 1394 
1748 683 3832 2382 2609 
1749 306 446 2396 327 
1750 4014 722 1271 2475 
1751 4251 775 3837 1395 
1752 1847 1312 3784 846 
1753 4278 1960 3381 4277 
1754 3343 1583 2954 466 
1755 3141 1125 3548 2339 
1756 2498 3353 1279 3607 
1757 2251 2564 1397 1652 
1758 1011 2408 2583 1830 
1759 846 3784 1979 2415 
1760 270 213 2194 3509 
1761 1752 4127 2180 2254 
1762 1541 1655 3905 2103 
1763 2094 4156 2939 3029 
1764 3210 970 335 2163 
1765 1857 2924 824 2016 
1766 708 728 746 4091 
1767 3819 4155 891 4134 
1768 4281 2001 931 4280 
1769 1536 2696 2615 2736 
1770 1016 585 1035 4136 
1771 2679 1593 3523 2680 
1772 4003 845 1817 496 
1773 1405 686 3350 1327 
1774 3909 900 4186 444 
1775 1616 1561 874 3458 
1776 204 280 2328 3334 
1777 2936 957 1627 625 
1778 1974 1847 846 3003 
1779 4237 3141 2339 650 
1780 2092 3391 567 538 
1781 3629 3342 378 2584 
1782 953 1492 2783 481 
1783 2618 3530 998 3357 
1784 1169 3258 2350 3208 
1785 2181 2766 1592 3314 
1786 1652 1397 1539 1370 
1787 4100 2458 2972 1334 
1788 3032 546 1922 3487 
1789 1003 3695 3093 3346 
1790 2451 1905 3256 2920 
1791 4038 451 3019 1668 
1792 4209 1340 3754 2878 
1793 1379 3578 4090 1669 
1794 851 2592 2595 2333 
1795 2592 857 2593 2595 
1796 2595 2593 858 2594 
1797 2333 2595 2594 852 
1798 805 2596 2599 2270 
1799 2596 676 2597 2599 
1800 2599 2597 675 2598 
1801 2270 2599 2598 804 
1802 900 313 292 4186 
1803 2835 2587 1448 1734 
1804 1260 3222 2112 3426 
1805 3464 666 4103 409 
1806 1058 2424 3081 3709 
1807 4301 2437 4227 4300 
1808 1366 1012 3939 1268 
1809 3068 3666 995 3996 
1810 1889 2075 3114 3636 
1811 4241 895 2435 479 
1812 2683 3793 1647 2881 
1813 757 2058 371 1298 
1814 1807 1801 759 2385 
1815 3829 4034 831 2634 
1816 2586 1965 909 3354 
1817 1137 1255 3741 3855 
1818 1429 3281 3778 2901 
1819 1148 772 1151 2883 
1820 15 25 3578 1379 
1821 1508 2385 3721 3424 
1822 208 276 459 1676 
1823 1842 3870 1277 1048 
1824 4266 3023 3929 4265 
1825 1566 1792 434 3976 
1826 183 241 1174 1479 
1827 1407 2468 3186 2612 
1828 3600 3060 1525 1145 
1829 3002 3921 2716 2489 
1830 154 149 3999 1247 
1831 4129 2056 1932 2317 
1832 1412 1806 1474 1927 
1833 1930 3885 3258 1169 
1834 3643 1890 3483 1261 
1835 1569 2687 2931 1693 
1836 3117 1217 3715 1931 
1837 1117 3125 2690 491 
1838 592 2317 1822 2823 
1839 1525 3249 2896 1534 
1840 2690 2736 3069 3250 
1841 2736 2615 3499 3069 
1842 814 2628 2632 2631 
1843 2628 816 2629 2632 
1844 2632 2629 800 2630 
1845 2631 2632 2630 799 
1846 778 3716 1631 3216 
1847 16 24 2017 2245 
1848 3716 810 2019 1631 
1849 4147 988 1675 349 
1850 2219 1216 3301 1441 
1851 3264 2499 551 385 
1852 1472 1101 1966 3841 
1853 1060 3820 2884 3878 
1854 1179 1349 3596 1136 
1855 2741 3242 2228 983 
1856 3546 1908 3283 3935 
1857 2343 1500 3425 3654 
1858 3506 2267 1918 3561 
1859 3868 619 1287 3178 
1860 1787 2348 2636 692 
1861 2306 1440 3351 3465 
1862 431 1003 3346 400 
1863 2805 755 885 758 
1864 2086 566 1143 2434 
1865 1037 600 3323 3281 
1866 820 2650 2653 2652 
1867 2650 817 2651 2653 
1868 2653 2651 816 2628 
1869 2652 2653 2628 814 
1870 2093 1929 1231 2264 
1871 2828 2023 945 3910 
1872 1063 2390 1678 3978 
1873 1873 2700 654 1831 
1874 4200 3232 443 2273 
1875 4305 3974 1197 4304 
1876 3533 414 3420 1469 
1877 1759 2569 1018 3887 
1878 1475 574 1460 3008 
1879 901 2706 3606 3387 
1880 919 1110 1250 3965 
1881 2492 1996 844 1745 
1882 849 2661 2664 2663 
1883 2661 850 2662 2664 
1884 2664 2662 356 1546 
1885 2663 2664 1546 357 
1886 3917 4112 3072 3055 
1887 3391 1082 3168 567 
1888 1359 1343 908 1943 
1889 662 2169 3272 1976 
1890 2288 2556 1085 2200 
1891 416 1072 1487 2550 
1892 3321 3097 2048 3007 
1893 2829 1453 1390 1353 
1894 867 2673 2677 2676 
1895 2673 869 2674 2677 
1896 2677 2674 868 2675 
1897 2676 2677 2675 866 
1898 3064 2146 1845 3481 
1899 3734 1030 2841 1239 
1900 2919 3978 1424 2351 
1901 1518 3747 1886 4240 
1902 2088 1433 3702 1798 
1903 2209 1629 3708 2247 
1904 187 237 2941 1984 
1905 2374 3207 2029 2115 
1906 1576 3398 389 2837 
1907 3988 2493 1753 1426 
1908 2417 2746 4165 1416 
1909 3606 3660 2072 3340 
1910 402 2405 4089 932 
1911 3763 1182 967 3310 
1912 898 1297 1608 753 
1913 1111 899 3212 3169 
1914 1713 3720 3989 1290 
1915 269 214 552 1767 
1916 3004 2702 2050 1714 
1917 3623 393 749 591 
1918 2395 1435 3768 4187 
1919 296 2909 2173 317 
1920 792 2655 2477 3052 
1921 1833 3961 452 3957 
1922 3690 3780 3657 927 
1923 666 3855 2731 4103 
1924 3543 3265 1400 2685 
1925 2329 1263 597 1173 
1926 2633 461 1506 789 
1927 4201 3237 774 3379 
1928 584 2368 1670 3441 
1929 319 1347 726 286 
1930 862 2703 2705 2553 
1931 2703 867 2676 2705 
1932 2705 2676 866 2704 
1933 2553 2705 2704 863 
1934 1453 3729 1240 1390 
1935 3787 2534 436 2991 
1936 3694 2109 2639 1718 
1937 1377 381 1140 3870 
1938 1497 1099 4129 2470 
1939 3071 1937 4104 2168 
1940 3078 1326 1779 3812 
1941 1976 3272 1673 3119 
1942 2416 1544 3456 1286 
1943 1310 2601 3674 4247 
1944 2644 1843 3138 3103 
1945 1418 2276 636 890 
1946 1052 2565 2255 2614 
1947 3275 3143 3068 1167 
1948 2614 2255 2958 3047 
1949 4219 3991 3998 3805 
1950 237 186 4053 2941 
1951 4075 2266 2136 2440 
1952 2394 2338 2031 3985 
1953 880 2605 1011 1599 
1954 361 2334 2722 1637 
1955 2334 852 2721 2722 
1956 2722 2721 849 2663 
1957 1637 2722 2663 357 
1958 3876 3497 709 2174 
1959 2655 2893 3771 2477 
1960 28 11 3198 2133 
1961 2693 1617 447 467 
1962 4176 3165 2948 3781 
1963 3715 2644 3103 1420 
1964 3981 2028 1824 3831 
1965 3661 1704 941 1160 
1966 1167 3068 3996 2226 
1967 2697 3008 3263 1043 
1968 2037 3529 3528 678 
1969 3861 1999 3679 1897 
1970 4307 928 2170 4306 
1971 3725 391 3904 1343 
1972 2578 651 2125 711 
1973 1455 1482 3322 369 
1974 2183 1078 2534 3787 
1975 2500 3024 3159 3992 
1976 758 885 3819 2134 
1977 1696 4171 3992 4030 
1978 543 3881 4239 2408 
1979 3134 3967 3544 1351 
1980 764 515 2740 3925 
1981 235 188 1536 3125 
1982 4191 3313 1291 1523 
1983 407 3377 2129 3062 
1984 541 1981 2100 3083 
1985 3653 1834 573 1014 
1986 2954 972 1898 2030 
1987 1883 1274 4162 3899 
1988 1113 2562 1641 894 
1989 2764 2682 2768 2143 
1990 3024 526 2414 3159 
1991 2076 2066 2067 3277 
1992 1158 1870 1065 499 
1993 2001 4088 1494 931 
1994 3567 1243 3638 1109 
1995 2253 2821 674 2907 
1996 2437 855 3388 4227 
1997 2227 1542 3053 997 
1998 3463 2116 3863 1520 
1999 1829 559 632 3251 
2000 1468 3063 3355 3392 
2001 4130 1452 651 2578 
2002 3065 3241 1216 2219 
2003 1237 3575 1640 1923 
2004 1028 2206 1125 3141 
2005 4010 2410 1616 1692 
2006 4074 2500 3992 4171 
2007 337 773 3792 1451 
2008 3235 2257 751 3722 
2009 393 1518 4240 749 
2010 858 2758 2761 2760 
2011 2758 872 2518 2761 
2012 2761 2518 864 2759 
2013 2760 2761 2759 861 
2014 1722 2550 599 3930 
2015 1817 2745 2832 4011 
2016 1077 2647 1107 613 
2017 2603 4000 1442 1698 
2018 531 1754 1422 3990 
2019 1745 844 1480 411 
2020 3155 764 3925 536 
2021 2572 3917 3055 2108 
2022 2415 1979 3690 1884 
2023 749 4240 2356 530 
2024 1750 1957 1069 3667 
2025 3605 2323 3806 3843 
2026 976 3083 3984 523 
2027 2422 514 2211 1640 
2028 4259 1206 4184 4258 
2029 1059 1853 1719 3924 
2030 4011 2832 3222 1260 
2031 4142 796 4246 2304 
2032 1805 471 4201 796 
2033 1609 2919 2351 2423 
2034 1188 3240 3575 1237 
2035 2550 1487 3209 599 
2036 3646 2326 2847 3761 
2037 3354 909 3734 1436 
2038 4308 2369 928 4307 
2039 3723 3572 969 2205 
2040 573 3498 2569 1759 
2041 3178 1287 1959 1362 
2042 4189 2318 408 2567 
2043 3659 2744 3695 1003 
2044 1562 1049 957 2936 
2045 1957 3847 1659 1069 
2046 519 363 1103 1068 
2047 1074 2888 2496 952 
2048 1050 2337 3423 4021 
2049 3319 2403 2360 3845 
2050 170 254 2384 3396 
2051 2944 1029 1772 1936 
2052 1462 1102 3409 2938 
2053 3476 2201 3154 2922 
2054 3352 308 287 563 
2055 2862 1661 2769 1126 
2056 717 4105 1305 1307 
2057 2210 3909 444 1929 
2058 1227 624 1496 1112 
2059 1965 2864 2156 909 
2060 2366 2890 1354 4093 
2061 1006 2747 3035 2487 
2062 3128 3003 1596 806 
2063 1986 1484 2076 4054 
2064 1966 1431 381 1377 
2065 318 3517 2909 296 
2066 2806 3077 3060 3600 
2067 3927 4040 787 3869 
2068 853 4223 3477 2734 
2069 571 1987 2908 3642 
2070 1544 395 2361 3456 
2071 3110 3934 791 784 
2072 852 2594 2812 2721 
2073 2594 858 2760 2812 
2074 2812 2760 861 2811 
2075 2721 2812 2811 849 
2076 3848 1392 985 3142 
2077 1129 2581 3233 3640 
2078 2657 1457 3857 4114 
2079 3003 846 2415 1596 
2080 463 2434 1907 1115 
2081 844 1985 3305 1480 
2082 2992 1775 3189 3364 
2083 1236 1000 1518 393 
2084 2515 450 1651 1392 
2085 577 2025 3000 514 
2086 1846 1284 2945 568 
2087 3634 4159 3973 962 
2088 545 1256 3462 2749 
2089 2200 1085 1254 3349 
2090 1821 1079 407 512 
2091 1206 1149 534 4184 
2092 760 3915 1781 3814 
2093 2397 769 484 1672 
2094 4069 692 1633 3769 
2095 854 2430 2831 2516 
2096 2430 856 2830 2831 
2097 2831 2830 857 2592 
2098 2516 2831 2592 851 
2099 503 1551 3612 2077 
2100 2962 2427 2646 993 
2101 3958 3997 2388 2318 
2102 1932 2546 3338 1330 
2103 1542 2470 592 3053 
2104 3325 614 1008 1880 
2105 3860 3087 2820 1973 
2106 3062 2129 2220 4017 
2107 3499 3441 2678 3753 
2108 1086 4059 3467 1252 
2109 2495 4095 1531 422 
2110 627 1016 4136 2581 
2111 1165 3985 4198 1980 
2112 3701 2218 3758 2879 
2113 2237 1456 2785 963 
2114 150 154 1247 1818 
2115 2489 2716 540 1454 
2116 2105 1604 1761 3376 
2117 425 1136 333 515 
2118 1450 4229 3850 3459 
2119 3051 991 3493 2299 
2120 1636 1384 3669 3326 
2121 612 3908 2177 4062 
2122 618 1532 936 1164 
2123 3341 1716 618 686 
2124 2408 4239 2375 2583 
2125 3233 3443 3285 1892 
2126 2439 1924 558 3098 
2127 2561 1992 3536 1303 
2128 1804 4196 1805 4057 
2129 3972 3455 623 3315 
2130 4212 687 3994 1272 
2131 669 2854 2857 2856 
2132 2854 671 1331 2857 
2133 2857 1331 672 2855 
2134 2856 2857 2855 670 
2135 3244 1705 554 1708 
2136 1005 3507 4126 380 
2137 1168 1063 3978 2919 
2138 2947 1836 2864 1965 
2139 2230 1158 499 4155 
2140 4029 4133 2484 971 
2141 3681 1610 2239 2039 
2142 2220 3401 2741 1940 
2143 3345 3136 416 3782 
2144 2738 840 4223 853 
2145 3572 314 293 969 
2146 1876 3392 1101 1472 
2147 1326 892 2579 1779 
2148 3457 2668 2436 2068 
2149 3050 3964 349 2859 
2150 4041 1576 2837 647 
2151 3901 3524 1720 979 
2152 1646 1357 348 3313 
2153 2695 3357 4153 3514 
2154 525 3031 916 2024 
2155 948 516 1186 704 
2156 1670 3831 3643 2485 
2157 1316 2789 4005 3620 
2158 1643 1430 1312 1847 
2159 1161 2047 1166 1213 
2160 2773 569 2011 939 
2161 885 2230 4155 3819 
2162 2665 2331 2793 1363 
2163 2781 3486 2712 1706 
2164 1768 3396 2692 3385 
2165 3404 3877 1468 3912 
2166 4073 3518 635 3554 
2167 1222 3892 629 1032 
2168 1426 1753 3157 2010 
2169 4284 3757 843 4283 
2170 3390 1175 2839 1749 
2171 2345 1472 3841 2730 
2172 1848 3843 3298 3026 
2173 2973 3775 550 3641 
2174 1921 1556 601 2324 
2175 3682 2969 778 2399 
2176 1885 1809 2727 2667 
2177 3914 1380 4039 2131 
2178 2915 3188 2119 3532 
2179 354 1701 2892 2289 
2180 1701 356 2662 2892 
2181 2892 2662 850 2891 
2182 2289 2892 2891 859 
2183 4110 1529 2756 3915 
2184 323 3869 1606 301 
2185 4224 565 2641 3112 
2186 504 4066 3933 3655 
2187 2223 3403 4096 3066 
2188 4186 292 314 3572 
2189 1240 1618 1956 770 
2190 874 3354 1436 3944 
2191 3566 3677 3056 1653 
2192 1907 1867 419 1428 
2193 557 2913 3241 3085 
2194 1238 2624 3255 3417 
2195 395 2226 4119 2361 
2196 3806 1944 577 426 
2197 1575 429 3447 1336 
2198 2861 905 662 3133 
2199 1198 3864 397 1276 
2200 1066 425 515 764 
2201 3102 3591 1348 3139 
2202 2064 3300 855 2437 
2203 188 236 2696 1536 
2204 479 2435 1423 3163 
2205 2264 1231 382 2808 
2206 2989 3252 1598 1375 
2207 3780 1538 3132 3657 
2208 2645 798 1801 1807 
2209 3938 3341 686 1405 
2210 3979 3624 2346 1686 
2211 530 2356 2526 2604 
2212 223 261 1333 793 
2213 2581 4136 3443 3233 
2214 229 194 1218 2456 
2215 1093 2973 3641 1755 
2216 752 3144 915 2658 
2217 3935 3283 755 2805 
2218 3227 2819 3510 3485 
2219 2849 1215 2451 3023 
2220 598 437 1129 2151 
2221 813 1951 2927 2926 
2222 1951 824 2924 2927 
2223 2927 2924 825 2925 
2224 2926 2927 2925 819 
2225 835 2928 2930 2446 
2226 2928 837 2929 2930 
2227 2930 2929 341 2006 
2228 2446 2930 2006 345 
2229 1645 418 3900 1963 
2230 2749 3462 1110 919 
2231 1033 2221 2458 4100 
2232 3118 1196 2404 996 
2233 1797 380 2188 3613 
2234 3381 3367 2424 1058 
2235 3167 557 3085 1150 
2236 1091 944 2935 2968 
2237 4227 3388 960 3332 
2238 3246 2354 1211 2043 
2239 4239 398 1975 2375 
2240 2682 2311 2934 2768 
2241 961 1071 3941 2686 
2242 2063 3400 3750 399 
2243 1879 2247 421 3360 
2244 2510 1353 2234 2709 
2245 3361 626 2726 3143 
2246 2957 3601 545 2208 
2247 1105 2619 3624 3979 
2248 2972 3197 3478 1464 
2249 378 2208 610 1611 
2250 1214 3113 2432 2433 
2251 1855 1013 729 2681 
2252 414 3275 1167 3420 
2253 1962 937 351 2137 
2254 225 259 2643 2120 
2255 4101 2748 3851 2780 
2256 1274 3356 756 4162 
2257 3751 2480 2310 3535 
2258 1403 2563 2121 432 
2259 903 1192 1153 3202 
2260 2072 1708 554 2975 
2261 600 3710 2527 3323 
2262 1981 1466 3822 2100 
2263 2998 2461 1629 2209 
2264 4143 1522 2279 359 
2265 1178 2462 3529 2037 
2266 1292 1517 1490 429 
2267 2222 3380 1613 1414 
2268 2949 3412 3656 1099 
2269 837 2928 2965 2964 
2270 2928 835 2963 2965 
2271 2965 2963 817 2650 
2272 2964 2965 2650 820 
2273 1967 738 441 2127 
2274 334 832 1731 4204 
2275 2302 683 2609 1915 
2276 2699 3957 1740 784 
2277 1484 1504 2066 2076 
2278 1619 1921 2324 1595 
2279 4071 1875 1146 1196 
2280 3547 3640 1000 1236 
2281 2667 2727 4182 1916 
2282 4170 1782 2348 1787 
2283 1247 3999 2265 2027 
2284 2725 1025 3076 2386 
2285 3074 3568 2535 1082 
2286 2298 622 2767 2990 
2287 3502 3369 615 2472 
2288 4185 1710 2738 370 
2289 3638 3800 3554 3556 
2290 2164 517 1036 2196 
2291 802 2977 2980 2979 
2292 2977 803 2978 2980 
2293 2980 2978 799 2630 
2294 2979 2980 2630 800 
2295 2467 2794 2153 1656 
2296 401 3670 2013 3884 
2297 2108 3055 829 1154 
2298 1102 3976 3560 3409 
2299 3963 1292 429 1575 
2300 3452 1335 3909 2210 
2301 209 275 1803 3356 
2302 497 2282 4176 3190 
2303 2224 582 1050 3405 
2304 3900 2330 2329 3526 
2305 3526 2329 1173 3400 
2306 3265 1477 1842 1400 
2307 1208 3776 3894 527 
2308 565 1190 4139 2641 
2309 3991 3570 3789 3998 
2310 663 1156 2626 605 
2311 255 168 2512 570 
2312 3698 2943 1396 2576 
2313 1943 908 3107 2463 
2314 372 2086 2434 463 
2315 667 2994 2997 2996 
2316 2994 669 2856 2997 
2317 2997 2856 670 2995 
2318 2996 2997 2995 802 
2319 855 2046 903 3388 
2320 938 1595 614 3325 
2321 1887 3488 2240 1691 
2322 4116 1172 3964 3050 
2323 2770 3898 1128 794 
2324 1592 2299 1108 1743 
2325 535 510 2469 2229 
2326 1666 3416 1609 2099 
2327 920 1667 2461 2998 
2328 3406 472 449 3961 
2329 3440 2824 1558 2814 
2330 3915 2756 1356 1781 
2331 2807 1612 3877 3404 
2332 1199 1930 1169 489 
2333 4076 2091 3136 3345 
2334 2217 384 1020 1597 
2335 3465 3351 1583 3343 
2336 2579 3360 3024 2500 
2337 392 3075 1688 1427 
2338 4312 1374 1248 4311 
2339 725 4023 2654 720 
2340 3156 2097 3204 1444 
2341 3170 2256 461 2633 
2342 2020 745 1296 785 
2343 738 2132 2795 441 
2344 590 986 1510 2140 
2345 3959 3450 478 765 
2346 721 3813 468 1435 
2347 1624 1451 1634 2246 
2348 273 210 1883 2075 
2349 251 172 1074 1386 
2350 3129 525 2024 1835 
2351 355 2291 3021 1762 
2352 2291 848 3020 3021 
2353 3021 3020 836 2444 
2354 1762 3021 2444 346 
2355 574 4050 3790 1460 
2356 1959 1570 612 1733 
2357 3854 3654 2147 4213 
2358 99 399 1209 55 
2359 1040 2272 1116 3730 
2360 1719 519 1068 352 
2361 1603 3861 1897 2158 
2362 648 1465 1478 2460 
2363 3838 3273 1636 1920 
2364 3371 2956 1162 2708 
2365 2753 1622 1203 1245 
2366 1394 1273 3335 1937 
2367 875 2487 3035 3034 
2368 2640 2322 4000 2603 
2369 2134 3819 4134 972 
2370 3034 3035 3033 879 
2371 857 3036 3038 2593 
2372 3036 873 3037 3038 
2373 3038 3037 872 2758 
2374 2593 3038 2758 858 
2375 838 3039 3041 3040 
2376 3039 839 2035 3041 
2377 3041 2035 341 2929 
2378 3040 3041 2929 837 
2379 3086 3082 1827 398 
2380 1850 505 1180 1537 
2381 387 3918 2309 3697 
2382 3708 2166 4133 4029 
2383 1285 3919 1680 3201 
2384 1053 1751 2764 2244 
2385 2259 1717 3304 1431 
2386 522 1073 1619 3279 
2387 1535 4194 3025 1205 
2388 3481 1845 1297 898 
2389 1979 3473 3780 3690 
2390 1688 2708 4154 1815 
2391 4238 1600 4015 2514 
2392 1973 2820 1533 1123 
2393 3756 2903 1415 3662 
2394 3266 1332 492 2319 
2395 707 4202 2797 2380 
2396 1311 2476 2184 1388 
2397 3247 4033 2577 3602 
2398 2733 1289 2869 2666 
2399 366 2262 2606 2863 
2400 3208 2350 1836 2947 
2401 604 4225 3416 1666 
2402 2341 2640 2603 2320 
2403 3839 1228 4025 2110 
2404 453 975 714 1368 
2405 744 1294 3058 2002 
2406 1294 745 2509 3058 
2407 3058 2509 739 3057 
2408 2002 3058 3057 340 
2409 1152 2816 1200 1498 
2410 1473 3920 2657 3331 
2411 1984 2941 2368 584 
2412 1343 3904 1387 908 
2413 3652 2183 3787 1195 
2414 963 2785 1202 3527 
2415 3169 3212 3418 1360 
2416 2886 1300 4018 4203 
2417 2566 1679 3445 1604 
2418 3891 1854 841 2178 
2419 1698 1442 637 3585 
2420 228 195 2765 2195 
2421 2404 410 2513 1118 
2422 2945 2792 4048 2822 
2423 2879 3758 2207 1313 
2424 988 1098 896 1675 
2425 902 2467 1656 3537 
2426 166 404 3896 138 
2427 3887 1018 594 1461 
2428 3231 3990 1033 1628 
2429 2551 1858 3653 1895 
2430 3601 3673 1256 545 
2431 526 971 2750 2414 
2432 1840 2771 2268 2202 
2433 2170 613 1589 3974 
2434 570 2512 2779 3299 
2435 3614 4074 4171 3301 
2436 4304 1197 3084 4303 
2437 2905 1427 3732 1851 
2438 4261 3667 1711 4260 
2439 1564 422 2306 445 
2440 3998 3789 1079 1821 
2441 2354 2438 1742 1211 
2442 2968 2935 3694 1618 
2443 2464 2273 3991 4219 
2444 2959 531 3990 3231 
2445 3005 1463 2876 1802 
2446 3162 1163 1144 3228 
2447 1766 1519 4016 1710 
2448 770 1956 3452 1555 
2449 836 3088 3090 2445 
2450 3088 818 3089 3090 
2451 3090 3089 817 2963 
2452 2445 3090 2963 835 
2453 2461 2922 842 1629 
2454 3678 3092 1900 3261 
2455 1999 2544 3430 3679 
2456 175 249 2625 2113 
2457 801 1323 3095 3094 
2458 1323 667 2996 3095 
2459 3095 2996 802 2979 
2460 3094 3095 2979 800 
2461 1185 3910 1042 1084 
2462 3458 874 3944 2951 
2463 427 682 2897 790 
2464 2462 2914 2301 3529 
2465 2089 939 583 513 
2466 1653 3056 987 665 
2467 1531 3935 2805 1440 
2468 936 1808 3688 1183 
2469 4299 3332 3296 4298 
2470 1818 1247 2027 3918 
2471 4015 1964 1535 1067 
2472 1175 1408 1130 2839 
2473 1725 1154 3726 3079 
2474 3528 2621 502 1700 
2475 3857 544 3284 377 
2476 2720 665 4156 2094 
2477 507 3744 2540 3268 
2478 1534 2896 3193 3923 
2479 2055 2984 2057 1715 
2480 4182 2294 2201 3476 
2481 2056 2455 2546 1932 
2482 2175 1464 2739 521 
2483 3049 3745 4124 2745 
2484 3456 2361 2669 3945 
2485 3097 2786 1159 2048 
2486 3048 291 313 900 
2487 560 1877 3494 907 
2488 2526 417 2506 2352 
2489 4220 3611 1046 622 
2490 3252 3882 2836 1598 
2491 1365 2938 699 661 
2492 3367 1972 951 2424 
2493 2418 3890 1792 1566 
2494 3289 1322 2826 1908 
2495 883 3764 3339 593 
2496 2043 1211 1051 1644 
2497 856 2488 3122 2830 
2498 2488 875 3121 3122 
2499 3122 3121 873 3036 
2500 2830 3122 3036 857 
2501 728 1308 2894 746 
2502 3385 2692 4167 3520 
2503 4026 3437 2613 2799 
2504 3971 2710 2713 991 
2505 398 1827 1939 1975 
2506 795 2373 3825 1871 
2507 428 2833 1052 1201 
2508 4090 828 659 3450 
2509 822 2591 769 2397 
2510 1678 3280 2551 1813 
2511 1434 4047 948 1630 
2512 2215 2699 784 791 
2513 2365 2182 451 4038 
2514 2272 3495 2148 1116 
2515 2948 2231 3538 2921 
2516 1639 4054 2787 3099 
2517 495 705 3061 3234 
2518 3300 3639 2046 855 
2519 2454 2571 2171 723 
2520 559 3617 3686 632 
2521 2711 2497 1467 3675 
2522 186 238 2982 4053 
2523 3912 1468 3392 1876 
2524 1463 2372 2344 2876 
2525 2218 524 2281 3758 
2526 1465 959 3270 1478 
2527 2128 1653 665 2720 
2528 3302 2163 1530 2570 
2529 2315 910 2276 1418 
2530 4030 3992 3159 3921 
2531 3212 4058 1150 3418 
2532 2649 1486 3848 486 
2533 420 3439 741 2558 
2534 819 2925 3150 3149 
2535 2925 825 3147 3150 
2536 3150 3147 831 3148 
2537 3149 3150 3148 838 
2538 3611 2217 1597 1046 
2539 4004 3108 1208 3413 
2540 1021 3513 1456 2237 
2541 4275 3709 4004 4274 
2542 2357 2225 504 639 
2543 4244 297 308 3352 
2544 1349 3312 2806 3596 
2545 2471 3802 2541 1717 
2546 781 474 3590 1332 
2547 2162 1100 2345 4088 
2548 2336 2813 4158 3488 
2549 1328 3542 649 488 
2550 443 1564 445 3570 
2551 1437 2215 791 1765 
2552 222 262 2605 880 
2553 808 3893 604 3495 
2554 2819 1946 3434 3510 
2555 1156 4075 2440 2626 
2556 2974 3010 3922 3882 
2557 1042 2284 3271 1061 
2558 1182 1346 2093 967 
2559 1917 1233 3589 4024 
2560 1300 4230 2157 4018 
2561 3928 4109 1222 2069 
2562 2917 1818 3918 387 
2563 4162 756 771 2453 
2564 1590 3464 409 2671 
2565 3256 1062 4185 2192 
2566 2304 4246 730 4228 
2567 779 3472 732 3123 
2568 299 1873 1831 320 
2569 3830 1319 424 1991 
2570 869 3171 3174 2674 
2571 3171 645 3172 3174 
2572 3174 3172 646 3173 
2573 2674 3174 3173 868 
2574 818 3175 3177 3089 
2575 3175 815 3176 3177 
2576 3177 3176 816 2651 
2577 3089 3177 2651 817 
2578 914 1378 3162 3619 
2579 3674 4200 2273 2464 
2580 2907 674 895 4241 
2581 3599 3522 2047 1161 
2582 1356 754 2126 1358 
2583 3956 3170 2633 1799 
2584 968 1555 1346 1182 
2585 295 2827 3766 316 
2586 815 3182 3183 3176 
2587 3182 801 3094 3183 
2588 3183 3094 800 2629 
2589 3176 3183 2629 816 
2590 785 1296 834 4128 
2591 3779 1891 2757 456 
2592 664 3238 3936 2833 
2593 2993 3117 1931 3460 
2594 1635 2418 1566 3166 
2595 3434 1403 432 520 
2596 4024 3589 1928 2448 
2597 1881 1207 959 1465 
2598 783 1607 1891 3779 
2599 3379 774 1914 2611 
2600 2022 4150 1764 1782 
2601 14 26 1505 2442 
2602 2740 1223 2770 566 
2603 578 1239 1925 3137 
2604 2557 4081 1816 2204 
2605 1588 3496 1487 1072 
2606 3364 3189 375 1771 
2607 2777 2981 1120 2053 
2608 3596 2806 3600 965 
2609 1481 3290 3670 401 
2610 2452 2295 1998 611 
2611 2825 365 3889 2622 
2612 3923 3193 2410 4010 
2613 3823 3671 1139 2186 
2614 1288 1796 3849 2573 
2615 3016 679 3199 3832 
2616 828 3581 1625 659 
2617 268 215 2729 1191 
2618 2106 1942 3407 2627 
2619 4168 2065 2648 2058 
2620 3932 3007 2587 2835 
2621 2525 952 2974 4113 
2622 777 4085 3954 1968 
2623 2853 1420 1987 571 
2624 2958 1569 1693 3593 
2625 1345 3770 4207 3995 
2626 1186 3347 1060 2085 
2627 1912 750 1732 780 
2628 3205 2303 2701 1758 
2629 798 695 3692 1801 
2630 1439 3631 705 495 
2631 1872 4151 3500 2547 
2632 3400 1173 4220 3750 
2633 2765 2456 3559 3287 
2634 1136 3596 965 333 
2635 3423 4094 4147 3706 
2636 4310 1221 3324 4309 
2637 1960 2685 3367 3381 
2638 3072 3067 934 2398 
2639 1993 4217 4211 3817 
2640 1095 1690 1946 2819 
2641 2176 3484 1463 3005 
2642 803 2977 3220 3219 
2643 2977 802 2995 3220 
2644 3220 2995 670 3218 
2645 3219 3220 3218 668 
2646 330 3429 697 2776 
2647 3179 4091 4216 690 
2648 454 3482 329 713 
2649 870 2520 3226 3225 
2650 2520 878 3223 3226 
2651 3226 3223 642 3224 
2652 3225 3226 3224 643 
2653 3921 3159 2414 2716 
2654 181 243 3592 1275 
2655 3200 3397 977 3337 
2656 3908 1861 1031 2177 
2657 3031 2407 3248 916 
2658 539 3227 3485 3398 
2659 2900 1275 3373 955 
2660 811 2108 1154 1725 
2661 3333 3630 3634 2450 
2662 144 752 2658 159 
2663 191 233 4238 3916 
2664 1654 1179 1136 425 
2665 2724 706 2691 4055 
2666 1911 658 457 423 
2667 2293 1006 2487 2490 
2668 3287 3559 3744 507 
2669 3626 1560 1601 2138 
2670 3350 1164 3427 3608 
2671 2407 2514 3091 3248 
2672 137 3135 404 166 
2673 3135 3577 2081 404 
2674 3898 1476 2411 1128 
2675 3112 2641 4033 3247 
2676 1685 3050 2859 949 
2677 1723 617 3374 944 
2678 3190 4176 3781 1568 
2679 2751 2845 1147 2325 
2680 1073 1798 1921 1619 
2681 4115 1515 2511 1854 
2682 3191 1865 629 3892 
2683 3920 1205 1457 2657 
2684 624 1871 2300 1496 
2685 4225 511 1168 3416 
2686 992 376 4224 2684 
2687 3767 2479 336 1784 
2688 3109 2844 2275 1266 
2689 278 205 2771 1840 
2690 2458 1734 3197 2972 
2691 2833 3936 2565 1052 
2692 1727 2453 4117 2372 
2693 4045 3299 2564 2251 
2694 18 22 822 3549 
2695 3103 3138 4180 4099 
2696 1100 1876 1472 2345 
2697 549 2090 3463 1246 
2698 532 2942 2258 1877 
2699 2313 1840 2202 924 
2700 2137 351 3766 1509 
2701 3525 3279 938 1320 
2702 2440 2136 888 3455 
2703 3654 3425 897 2147 
2704 2952 2946 2828 1903 
2705 947 3005 1802 3454 
2706 3043 527 2295 2452 
2707 842 2537 2775 2166 
2708 1108 1455 369 2167 
2709 1716 593 1532 618 
2710 772 2378 1726 1151 
2711 4005 2781 1706 3394 
2712 3066 4096 2539 2882 
2713 1070 1889 3636 4019 
2714 254 169 3968 2384 
2715 1116 2148 4035 2984 
2716 3529 2301 2621 3528 
2717 3630 3001 4159 3634 
2718 1589 1056 2358 2670 
2719 3545 428 1201 3115 
2720 162 1790 2128 142 
2721 3710 3311 1367 2527 
2722 490 1516 3266 4250 
2723 257 226 3412 2949 
2724 3726 3167 1150 4058 
2725 2087 1695 3064 1870 
2726 488 649 1885 2872 
2727 2130 2242 1655 1541 
2728 2283 1973 1123 2501 
2729 1813 2551 1895 2349 
2730 3794 698 3659 455 
2731 3093 4146 3126 4166 
2732 1516 781 1332 3266 
2733 1923 1640 2211 3919 
2734 3356 1803 3901 756 
2735 859 2891 3295 2552 
2736 2891 850 3293 3295 
2737 3295 3293 860 3294 
2738 2552 3295 3294 862 
2739 4230 4222 3475 2157 
2740 2670 2358 3748 1578 
2741 481 2783 4229 1450 
2742 2205 969 937 1962 
2743 1269 804 2598 1728 
2744 23 16 2245 3977 
2745 2396 467 4037 1265 
2746 2155 2364 2241 1662 
2747 2252 1524 1751 1053 
2748 1109 3638 3556 3431 
2749 524 3419 1562 2281 
2750 551 4140 3366 1181 
2751 4154 2656 2497 2711 
2752 2780 3851 3236 1904 
2753 1024 1409 595 4146 
2754 1977 547 2431 2953 
2755 98 3046 1650 56 
2756 1029 603 3145 1772 
2757 2984 4035 922 2057 
2758 2912 1194 1466 1981 
2759 2788 1501 3240 1188 
2760 966 3221 2665 2023 
2761 1014 573 1759 2359 
2762 4190 3262 1090 2955 
2763 2836 3632 4145 1996 
2764 1812 1663 2102 2617 
2765 1823 1075 2193 2179 
2766 505 3876 2174 1180 
2767 3922 1282 4251 3632 
2768 3833 657 1838 3380 
2769 4303 3084 2064 4302 
2770 1160 941 1974 1712 
2771 3986 392 1427 2905 
2772 585 3565 1603 1035 
2773 3941 4103 2731 3515 
2774 2090 2145 2116 3463 
2775 1743 1108 2167 3267 
2776 1001 1652 1370 3522 
2777 3324 1313 3856 2369 
2778 877 3328 3330 3329 
2779 3328 873 3121 3330 
2780 3330 3121 875 3034 
2781 3329 3330 3034 879 
2782 3577 485 3274 2081 
2783 2532 1954 4102 1132 
2784 1389 3805 4001 3997 
2785 3746 1665 2183 3652 
2786 1289 2313 924 2869 
2787 151 153 2917 3864 
2788 3965 1250 1019 3802 
2789 2460 1478 1417 926 
2790 2263 2878 4041 653 
2791 3115 1201 1230 2277 
2792 1225 3724 1321 4181 
2793 986 3245 1176 1510 
2794 3812 1779 4074 3614 
2795 1126 2769 1369 1409 
2796 3322 2809 3096 2870 
2797 4309 3324 2369 4308 
2798 1342 4115 1854 3891 
2799 829 2398 557 3167 
2800 3852 3906 3746 1500 
2801 408 3605 3843 1848 
2802 3707 770 1555 968 
2803 3815 2616 1499 3875 
2804 1945 808 3495 2272 
2805 1789 386 4111 1570 
2806 212 227 3577 3135 
2807 2534 806 1594 436 
2808 1742 1259 3042 2370 
2809 3349 1254 1359 1828 
2810 2537 2567 1978 2775 
2811 1257 4137 2235 2242 
2812 1267 3337 1411 2118 
2813 2914 3664 1152 2301 
2814 2707 1657 2463 2238 
2815 2840 3436 1232 1215 
2816 3243 377 1581 3793 
2817 275 208 1676 1803 
2818 2712 3514 2548 1138 
2819 2393 495 3234 3403 
2820 1242 2187 1408 1175 
2821 3187 2168 1412 2342 
2822 850 2661 3363 3293 
2823 2661 849 2811 3363 
2824 3363 2811 861 3362 
2825 3293 3363 3362 860 
2826 3671 1039 3307 1139 
2827 3501 2251 1652 1001 
2828 1142 1445 1349 1179 
2829 1916 4182 3476 1667 
2830 256 182 2623 403 
2831 3061 460 493 1560 
2832 200 284 564 3196 
2833 1004 3365 1105 556 
2834 140 2150 1577 163 
2835 3387 3606 3340 2923 
2836 1220 2118 3188 2915 
2837 2013 2155 1662 546 
2838 3866 2443 1092 2545 
2839 755 373 2230 885 
2840 1864 2549 596 1550 
2841 1106 993 3194 2895 
2842 1810 678 1119 982 
2843 1078 3128 806 2534 
2844 1563 1733 3888 511 
2845 469 3164 3969 1017 
2846 1706 2712 1138 2543 
2847 3276 926 3464 1590 
2848 274 209 3356 1274 
2849 980 2788 1188 1361 
2850 441 2795 2302 2702 
2851 1866 2561 1303 2723 
2852 742 1857 2016 4164 
2853 3897 1245 390 1382 
2854 1149 2098 3502 534 
2855 3775 3874 3871 550 
2856 438 3289 1908 3546 
2857 2687 2021 2877 2931 
2858 2150 3112 3247 1577 
2859 679 4135 1888 3199 
2860 1478 3270 1137 1417 
2861 2068 2436 2354 3246 
2862 2370 3042 3371 3075 
2863 1212 2198 2707 533 
2864 1835 2024 2041 3735 
2865 3394 1706 2543 3211 
2866 1163 1327 2149 1144 
2867 3996 995 548 2486 
2868 527 3894 3479 2295 
2869 514 3000 2848 2211 
2870 501 3302 2570 702 
2871 895 509 588 2435 
2872 4153 2582 620 1262 
2873 1597 1020 3113 1214 
2874 333 965 1045 1223 
2875 1008 396 1906 1114 
2876 944 3374 2491 2935 
2877 3271 4250 4231 776 
2878 1843 1338 700 3138 
2879 2232 2030 2278 3401 
2880 3592 3966 4237 4161 
2881 2309 2425 3215 1413 
2882 3099 2787 384 2217 
2883 2103 3905 483 3934 
2884 591 749 530 3821 
2885 3460 1931 2853 3070 
2886 2368 3981 3831 1670 
2887 147 157 4127 1752 
2888 3001 2363 3146 4159 
2889 3536 807 2699 2215 
2890 335 1783 3937 655 
2891 3410 2698 3155 4144 
2892 4028 366 2863 1770 
2893 2280 1160 1712 731 
2894 2844 506 2223 2275 
2895 3494 1210 2191 2466 
2896 261 222 880 1333 
2897 3945 2669 1504 1484 
2898 2212 2923 1026 1401 
2899 3859 1264 760 477 
2900 694 1714 3576 1293 
2901 765 478 3205 3676 
2902 2950 581 3001 3630 
2903 2911 2158 1593 2679 
2904 2975 554 3712 1582 
2905 2739 2416 1286 4132 
2906 2514 4015 1067 3091 
2907 3778 2253 2907 821 
2908 2239 811 1725 4081 
2909 252 171 727 2888 
2910 1814 1745 411 4060 
2911 4161 4237 650 2544 
2912 2122 1962 2137 701 
2913 247 176 3868 1233 
2914 3877 3009 3063 1468 
2915 3669 4113 3252 2989 
2916 1691 2240 3800 2754 
2917 2757 3422 332 711 
2918 2051 4069 3769 1347 
2919 879 3033 3433 3432 
2920 2961 3127 933 2296 
2921 595 1133 3213 475 
2922 3432 3433 3431 640 
2923 2569 3070 2250 1018 
2924 1897 3679 3130 2843 
2925 2157 3475 603 1029 
2926 101 1645 1963 41 
2927 4215 3765 2381 2303 
2928 763 2376 2560 3777 
2929 4013 1912 780 706 
2930 1210 3519 3897 2191 
2931 1051 2370 3075 392 
2932 3885 2111 956 3258 
2933 233 190 1600 4238 
2934 741 883 593 1716 
2935 1234 4002 1094 3160 
2936 179 245 2867 2206 
2937 981 1945 2272 1040 
2938 3862 3345 3782 3192 
2939 352 1068 1791 1007 
2940 3475 3619 3911 603 
2941 1018 2250 1882 594 
2942 906 575 1299 1485 
2943 1595 2324 2784 614 
2944 625 1627 1219 1470 
2945 2193 3292 3971 4195 
2946 2832 2899 710 3222 
2947 2124 1318 722 4014 
2948 2728 3804 2903 3756 
2949 451 2409 4026 3019 
2950 2355 1923 3919 1285 
2951 3487 1922 1685 3106 
2952 1596 2415 1884 1419 
2953 2180 3535 542 3411 
2954 775 3599 1161 3837 
2955 506 2393 3403 2223 
2956 1125 3700 3471 3548 
2957 4287 2178 3980 4286 
2958 1620 2817 2529 3245 
2959 1656 2153 435 3587 
2960 626 980 1361 2726 
2961 1103 1212 533 958 
2962 2058 2648 3940 371 
2963 1401 1026 2753 3519 
2964 4229 2858 1849 3850 
2965 1905 2465 1062 3256 
2966 3582 3376 2362 3353 
2967 3486 2695 3514 2712 
2968 665 987 3665 4156 
2969 1679 2932 2590 3445 
2970 878 2519 3469 3468 
2971 2519 872 3037 3469 
2972 3469 3037 873 3328 
2973 3468 3469 3328 877 
2974 4165 1541 2103 1868 
2975 1918 653 4199 487 
2976 2101 508 1887 1371 
2977 937 315 294 351 
2978 1778 1642 2824 3440 
2979 4197 1804 4057 4085 
2980 1451 3792 3926 1634 
2981 2131 4039 3720 1713 
2982 3083 2100 3647 3984 
2983 1983 4249 3794 3087 
2984 3620 4005 3394 2999 
2985 934 3693 1064 2913 
2986 954 1083 3100 2588 
2987 2296 933 2096 3648 
2988 3878 2884 2288 3637 
2989 4126 522 3279 3525 
2990 1617 736 3830 447 
2991 3180 4193 1993 2970 
2992 2320 2603 1698 3518 
2993 1068 1103 958 1791 
2994 4156 3665 3230 2939 
2995 1676 459 3327 3524 
2996 3091 1067 3920 1473 
2997 2027 2265 2752 2425 
2998 2361 4119 1664 2669 
2999 611 1998 3801 2000 
3000 3625 2834 2061 3507 
3001 643 3224 3492 3491 
3002 3224 642 3489 3492 
3003 3492 3489 638 3490 
3004 3491 3492 3490 630 
3005 2568 1061 2601 1310 
3006 652 2872 4092 975 
3007 103 3867 1155 51 
3008 4016 2325 3134 840 
3009 4158 2320 3518 4073 
3010 2888 727 1344 2496 
3011 1250 3106 2060 1019 
3012 925 3291 3275 414 
3013 3372 1434 1630 2585 
3014 4298 3296 2976 4297 
3015 4279 3699 1960 4278 
3016 2932 2454 723 2590 
3017 672 3503 3505 2855 
3018 3503 673 3504 3505 
3019 3505 3504 668 3218 
3020 2855 3505 3218 670 
3021 2275 2223 3066 4059 
3022 4233 586 914 4222 
3023 3382 2037 678 1810 
3024 205 279 978 2771 
3025 3261 1900 1165 2715 
3026 4133 1238 3417 2484 
3027 1519 2751 2325 4016 
3028 3418 1150 3085 3947 
3029 789 1506 747 1527 
3030 3125 1536 2736 2690 
3031 909 2156 1030 3734 
3032 3144 2790 3276 915 
3033 3608 3427 3308 1340 
3034 1030 1023 2305 2841 
3035 405 3343 466 3377 
3036 2389 487 680 3689 
3037 2427 1523 2940 2646 
3038 3844 793 966 2946 
3039 1626 1863 3542 1328 
3040 1442 999 3604 637 
3041 2149 3608 1340 4209 
3042 363 2803 1212 1103 
3043 958 533 3290 1481 
3044 3063 1421 2471 3355 
3045 2755 889 2479 3767 
3046 714 3774 920 1517 
3047 1726 1416 2987 2316 
3048 4203 4018 2944 3397 
3049 3783 3865 1194 2912 
3050 3045 3231 1628 3309 
3051 943 663 605 3804 
3052 2542 2478 3645 2199 
3053 177 247 1233 1917 
3054 4061 2040 1875 4071 
3055 3358 3931 3775 2973 
3056 1114 1906 2732 1038 
3057 2077 3612 1503 1865 
3058 4060 411 2993 3203 
3059 4052 968 1182 3763 
3060 384 4148 4205 1020 
3061 2951 3944 964 347 
3062 2344 3948 2249 1856 
3063 3238 4019 1841 3936 
3064 2472 615 3823 3260 
3065 4099 4180 2985 2260 
3066 1404 3814 454 750 
3067 695 2216 462 3692 
3068 1730 4187 3798 470 
3069 2814 1558 1190 565 
3070 3268 2540 580 1283 
3071 1164 936 1183 3427 
3072 970 2866 1783 335 
3073 3967 3988 1426 3544 
3074 1127 3946 1357 1646 
3075 1023 1660 1081 2305 
3076 1330 3338 2981 2777 
3077 193 231 1971 2562 
3078 448 1672 1526 1319 
3079 2107 3062 4017 1944 
3080 641 3539 3541 3540 
3081 3539 877 3329 3541 
3082 3541 3329 879 3432 
3083 3540 3541 3432 640 
3084 2637 3399 3854 3696 
3085 1824 994 1489 1890 
3086 3299 2779 2227 2564 
3087 214 270 3509 552 
3088 3842 2962 993 1106 
3089 2877 2426 2773 1372 
3090 4102 2296 3648 1495 
3091 960 3202 3365 1004 
3092 1232 1837 2465 1905 
3093 2469 2054 630 3490 
3094 476 2286 3092 3678 
3095 2541 1724 2865 2688 
3096 3962 1170 1098 988 
3097 2801 2509 745 2020 
3098 230 193 2562 1113 
3099 3347 2352 3820 1060 
3100 631 3251 3553 3552 
3101 3251 632 3550 3553 
3102 3553 3550 645 3551 
3103 3552 3553 3551 644 
3104 640 3431 3556 3555 
3105 841 3622 1171 1614 
3106 494 1977 2953 586 
3107 3555 3556 3554 635 
3108 818 3088 3558 3557 
3109 3088 836 3020 3558 
3110 3558 3020 848 2554 
3111 3557 3558 2554 863 
3112 2391 1235 1434 3372 
3113 3940 3163 2746 2417 
3114 2872 1885 2667 4092 
3115 939 2011 4233 583 
3116 860 3362 3564 3563 
3117 3362 861 2759 3564 
3118 3564 2759 864 3562 
3119 3563 3564 3562 865 
3120 2052 634 1452 4130 
3121 1153 3649 3461 3393 
3122 3153 3970 1184 1259 
3123 3195 4061 4071 1744 
3124 528 3404 3912 2473 
3125 2260 2985 4112 3917 
3126 1171 2902 2807 984 
3127 1087 3928 2069 4031 
3128 2011 494 586 4233 
3129 2641 4139 2283 4033 
3130 460 921 4003 493 
3131 2047 2649 486 1166 
3132 2423 2351 2111 3885 
3133 3309 1628 2868 3435 
3134 4121 2822 3579 1819 
3135 3724 2622 1398 1321 
3136 465 4067 4197 439 
3137 300 1910 735 321 
3138 1299 2875 3348 3359 
3139 382 2205 1962 2122 
3140 1255 2141 518 3741 
3141 2152 1909 4179 1509 
3142 2118 1411 3846 3188 
3143 553 2209 2247 1879 
3144 719 1788 4138 3791 
3145 1631 2019 804 1269 
3146 1712 1974 3003 3128 
3147 3257 652 975 453 
3148 4021 3423 3706 743 
3149 650 2339 3156 1554 
3150 567 3168 4122 1695 
3151 3290 2238 3254 3670 
3152 1540 1314 4168 4097 
3153 353 4011 1260 3764 
3154 3283 2012 373 755 
3155 3447 553 1879 892 
3156 2156 2918 1023 1030 
3157 709 1044 3833 1406 
3158 684 4128 3829 4217 
3159 4032 1953 3018 3111 
3160 706 780 3015 2691 
3161 1580 3704 634 2052 
3162 660 2133 2135 766 
3163 637 3597 3598 3585 
3164 3597 641 3540 3598 
3165 3598 3540 640 3555 
3166 3585 3598 3555 635 
3167 2708 1162 2656 4154 
3168 1578 3748 3639 3300 
3169 160 3029 752 144 
3170 1203 1896 899 1111 
3171 3667 1069 3395 1711 
3172 1502 3711 1373 331 
3173 2734 3477 1005 2307 
3174 203 281 1769 2602 
3175 1092 1057 3302 501 
3176 3968 570 3299 4045 
3177 3881 3086 398 4239 
3178 2318 2388 3605 408 
3179 3113 2293 2490 2432 
3180 3136 2080 1072 416 
3181 165 2074 992 139 
3182 100 2967 2063 54 
3183 642 3223 3610 3609 
3184 3223 878 3468 3610 
3185 3610 3468 877 3539 
3186 3609 3610 3539 641 
3187 4302 2064 2437 4301 
3188 1432 2763 1549 1341 
3189 2082 3947 3065 1579 
3190 657 453 1368 1838 
3191 1035 1603 2158 2911 
3192 3934 483 1765 791 
3193 520 432 3052 2477 
3194 729 3480 2672 517 
3195 1298 371 2378 772 
3196 3587 435 1741 3408 
3197 2544 650 1554 3430 
3198 2504 917 3890 2418 
3199 3882 3922 3632 2836 
3200 2802 3465 3343 405 
3201 3466 3886 2904 2874 
3202 3157 1579 1433 2088 
3203 974 3435 3713 3867 
3204 2787 3277 4148 384 
3205 608 3696 921 460 
3206 399 3750 2298 1209 
3207 1417 1137 3855 666 
3208 1248 3701 2879 1221 
3209 3480 1241 2838 2672 
3210 3816 2947 1965 2586 
3211 2767 1878 2420 2421 
3212 4311 1248 1221 4310 
3213 515 333 1223 2740 
3214 3874 2960 2638 3871 
3215 512 407 3062 2107 
3216 1273 3593 413 3335 
3217 2236 4101 2780 3207 
3218 561 427 790 433 
3219 1044 2213 657 3833 
3220 1929 444 3723 1231 
3221 3631 1443 608 705 
3222 888 3866 2545 1899 
3223 1090 1002 1697 1315 
3224 2187 3924 1756 1408 
3225 3754 539 3398 1576 
3226 1047 1246 1553 2478 
3227 3999 1823 2179 2265 
3228 1025 4242 3444 3076 
3229 498 2937 2660 3759 
3230 1903 2828 3910 1185 
3231 374 3603 350 1235 
3232 4132 1286 529 4140 
3233 3700 469 1017 3471 
3234 3655 3933 2956 1224 
3235 638 3489 3644 3604 
3236 3489 642 3609 3644 
3237 3644 3609 641 3597 
3238 3604 3644 3597 637 
3239 1245 1203 1111 390 
3240 215 269 1767 2729 
3241 4117 3109 1266 3948 
3242 2545 1092 501 1022 
3243 3435 2868 2933 3713 
3244 2305 1081 3191 3453 
3245 4276 1058 3709 4275 
3246 3911 3228 3858 3942 
3247 3168 1543 3382 4122 
3248 3298 426 2422 3438 
3249 3059 1862 2498 1355 
3250 276 207 2733 459 
3251 3747 3161 935 1886 
3252 1529 1508 3424 2756 
3253 1782 1764 1306 2348 
3254 1411 1793 2374 3846 
3255 381 2580 2842 1140 
3256 3985 2031 482 4198 
3257 3011 907 394 1552 
3258 3462 3032 3487 1110 
3259 3214 876 1243 3567 
3260 1146 2068 3246 410 
3261 1422 3932 2835 2221 
3262 1671 2575 1508 1529 
3263 735 4070 2700 1873 
3264 3518 1698 3585 635 
3265 2866 2073 2095 1783 
3266 2576 1396 1947 887 
3267 984 2807 3404 528 
3268 537 893 3512 2337 
3269 3413 1208 527 3043 
3270 3670 3254 2155 2013 
3271 4141 2280 731 1665 
3272 4283 843 1027 4282 
3273 4256 2161 1076 4255 
3274 55 1209 3046 98 
3275 3054 2450 1228 3839 
3276 1947 1268 587 1104 
3277 2491 311 290 2109 
3278 4146 595 475 3126 
3279 2069 1222 1032 2706 
3280 1196 1146 410 2404 
3281 3080 1495 3262 4190 
3282 2409 1758 3437 4026 
3283 3259 2383 1345 3691 
3284 1358 2126 1380 3914 
3285 3014 3818 4150 2022 
3286 3820 2916 1054 2884 
3287 1157 1852 627 437 
3288 3211 2543 4050 574 
3289 3312 2796 3077 2806 
3290 2909 1730 470 2173 
3291 2585 1630 1284 1846 
3292 2762 3440 2814 376 
3293 446 2693 467 2396 
3294 862 3294 3684 2703 
3295 3294 860 3563 3684 
3296 3684 3563 865 3683 
3297 2703 3684 3683 867 
3298 633 3685 3687 3686 
3299 3685 646 3172 3687 
3300 3687 3172 645 3550 
3301 3686 3687 3550 632 
3302 1183 3688 1095 2815 
3303 2350 3698 2576 1836 
3304 1931 3715 1420 2853 
3305 2278 2101 1371 3242 
3306 4228 730 3428 1402 
3307 3250 3069 2937 498 
3308 4245 2413 2642 1858 
3309 174 250 3273 3838 
3310 2484 3417 3508 4042 
3311 2876 2344 1856 2021 
3312 4104 3521 2538 1806 
3313 2040 2199 3457 1875 
3314 4056 3470 4032 2635 
3315 3822 1242 1175 3390 
3316 2533 2261 1977 494 
3317 1427 1688 1815 3732 
3318 1904 3236 673 3503 
3319 3493 3627 1482 1455 
3320 2340 1117 491 1964 
3321 1859 1621 1521 3757 
3322 2685 1400 1972 3367 
3323 1852 1479 1016 627 
3324 3666 1278 2355 995 
3325 1517 920 2998 1490 
3326 2529 3586 3200 1121 
3327 2717 3595 2616 3815 
3328 2140 1510 2338 2394 
3329 3332 960 1004 3296 
3330 3919 2211 2848 1680 
3331 2524 3110 784 1740 
3332 3311 368 1658 1367 
3333 3459 3850 2104 698 
3334 1577 3247 3602 3158 
3335 3983 1189 2218 3701 
3336 386 1920 912 4111 
3337 945 1363 490 2284 
3338 2424 951 4152 3081 
3339 2030 1898 2101 2278 
3340 4066 3839 2110 3933 
3341 2803 3675 2198 1212 
3342 3042 1224 2956 3371 
3343 3154 4189 2567 2537 
3344 2202 2268 3399 2637 
3345 1731 766 716 685 
3346 4243 4228 1402 1992 
3347 1430 913 4056 1312 
3348 3770 1410 1820 4207 
3349 865 3562 3719 3718 
3350 3562 864 2521 3719 
3351 3719 2521 870 3717 
3352 3718 3719 3717 871 
3353 240 183 1479 1852 
3354 1083 1115 1773 3100 
3355 447 3830 1991 3955 
3356 1039 2600 3105 3307 
3357 1515 1749 1193 2511 
3358 155 148 1075 1823 
3359 686 618 1164 3350 
3360 1027 2162 4088 2001 
3361 1110 3487 3106 1250 
3362 3595 1903 1185 2616 
3363 3254 3107 2364 2155 
3364 2774 3824 3389 3705 
3365 2746 2130 1541 4165 
3366 927 3657 1453 2829 
3367 2138 1601 3439 420 
3368 3513 911 2401 1456 
3369 1830 2583 1425 572 
3370 2286 590 2140 3092 
3371 3656 3755 2455 2056 
3372 1870 3064 3481 1065 
3373 3131 1272 3451 1910 
3374 1625 2971 677 3765 
3375 1820 1615 1970 734 
3376 2922 3154 2537 842 
3377 271 197 4120 3583 
3378 380 4126 3525 2188 
3379 2887 3862 3192 365 
3380 644 3551 3738 3737 
3381 3551 645 3171 3738 
3382 3738 3171 869 3736 
3383 3737 3738 3736 871 
3384 340 3057 3740 2032 
3385 3057 739 1994 3740 
3386 3740 1994 740 3739 
3387 2032 3740 3739 343 
3388 536 3925 2086 372 
3389 3133 662 1976 2231 
3390 793 1333 3221 966 
3391 4122 3382 1810 2146 
3392 2085 1060 3878 923 
3393 2075 1883 3899 3114 
3394 2450 3634 962 1228 
3395 3340 2072 2975 3975 
3396 715 2159 1709 1399 
3397 1384 2525 4113 3669 
3398 1809 1812 2617 2727 
3399 3679 3430 1142 3130 
3400 2029 1904 3503 672 
3401 3574 2464 4219 2185 
3402 391 3405 2505 3904 
3403 1955 3573 3816 1446 
3404 3073 1752 2254 3292 
3405 1471 1757 497 2243 
3406 3471 1017 1945 981 
3407 3346 3093 4166 1013 
3408 3370 2186 1754 531 
3409 3796 2115 1331 671 
3410 1099 3656 2056 4129 
3411 4282 1027 2001 4281 
3412 3455 888 1899 623 
3413 2441 500 1812 1809 
3414 533 2707 2238 3290 
3415 3026 3298 3438 3286 
3416 1975 1939 2728 3028 
3417 1134 1748 2493 3988 
3418 104 4252 974 50 
3419 867 3683 3762 2673 
3420 3683 865 3718 3762 
3421 3762 3718 871 3736 
3422 2673 3762 3736 869 
3423 517 2672 2139 1036 
3424 1551 331 3185 3612 
3425 1900 2394 3985 1165 
3426 1555 3452 2210 1346 
3427 2560 3004 1714 694 
3428 2799 2613 768 4135 
3429 3568 1022 3534 2535 
3430 185 239 946 3306 
3431 1663 4173 823 2102 
3432 2479 1310 4247 336 
3433 1940 2741 983 2714 
3434 1793 2236 3207 2374 
3435 1601 473 3879 3439 
3436 700 2222 1414 3743 
3437 819 3149 3773 3772 
3438 3149 838 3040 3773 
3439 3773 3040 837 2964 
3440 3772 3773 2964 820 
3441 3512 3408 3962 4094 
3442 2386 3076 2589 3886 
3443 3477 3625 3507 1005 
3444 1041 2558 3341 3938 
3445 173 251 1386 1383 
3446 1565 1668 767 703 
3447 1272 3994 1777 3451 
3448 2379 1839 3811 2798 
3449 3393 3461 379 2619 
3450 4148 3466 2874 4205 
3451 1456 2401 406 2785 
3452 1321 1398 1093 3127 
3453 347 964 3496 1588 
3454 2660 795 1871 624 
3455 3163 1423 2130 2746 
3456 1032 629 2502 3660 
3457 630 3742 3786 3491 
3458 3742 631 3552 3786 
3459 3786 3552 644 3785 
3460 3491 3786 3785 643 
3461 2189 2952 1903 3595 
3462 2201 3184 4189 3154 
3463 3194 3668 3880 412 
3464 403 2623 1497 1258 
3465 2299 3493 1455 1108 
3466 2865 3728 3862 2887 
3467 3215 2181 3314 3419 
3468 2696 1984 584 2615 
3469 167 242 2900 1449 
3470 1303 3536 2215 1437 
3471 331 1373 1721 3185 
3472 2982 3306 1177 2028 
3473 169 255 570 3968 
3474 597 3099 2217 3611 
3475 3602 2577 3677 3566 
3476 3258 956 3698 2350 
3477 871 3717 3795 3737 
3478 3717 870 3225 3795 
3479 3795 3225 643 3785 
3480 3737 3795 3785 644 
3481 3310 967 3704 1580 
3482 1733 612 4062 3888 
3483 4085 4057 4142 3954 
3484 2800 2970 4218 3803 
3485 1970 1728 788 3415 
3486 2869 924 1443 3631 
3487 26 13 334 1505 
3488 2638 1141 2314 4109 
3489 1124 2659 2312 2647 
3490 1062 1766 1710 4185 
3491 3702 1441 1696 1556 
3492 2045 4149 1010 3913 
3493 3444 847 3214 2742 
3494 617 310 289 3374 
3495 1892 3285 3161 3747 
3496 606 2881 1862 3059 
3497 3939 2287 1502 3027 
3498 2726 1361 1278 3666 
3499 2744 3253 1024 3695 
3500 3832 3199 3859 2382 
3501 3581 4204 2971 1625 
3502 1992 1402 807 3536 
3503 3640 3233 1892 1000 
3504 2405 3880 2117 4089 
3505 2247 3708 4029 421 
3506 1369 606 3059 1133 
3507 195 229 2456 2765 
3508 2144 3987 3391 2092 
3509 3145 3942 3506 2748 
3510 1711 3395 1149 1206 
3511 973 3840 2083 1491 
3512 1258 1497 2470 1542 
3513 3769 1633 3799 1800 
3514 4022 3516 684 4193 
3515 827 2124 4014 3531 
3516 2798 3811 4051 4196 
3517 3123 732 3827 2256 
3518 3012 3054 3839 4066 
3519 724 3663 3956 2890 
3520 1491 2083 631 3742 
3521 1128 2411 2794 2467 
3522 2054 1491 3742 630 
3523 3731 2862 1126 3253 
3524 1231 3723 2205 382 
3525 1680 2848 1587 3269 
3526 3204 1040 3730 2796 
3527 3612 3185 3244 1503 
3528 3948 1266 1086 2249 
3529 2558 741 1716 3341 
3530 732 3826 3828 3827 
3531 3826 342 1988 3828 
3532 3828 1988 343 3739 
3533 3827 3828 3739 740 
3534 999 2229 638 3604 
3535 1732 713 2379 689 
3536 192 232 2607 415 
3537 8 20 797 2851 
3538 2701 3386 1352 3421 
3539 3196 564 1096 913 
3540 3053 592 2823 589 
3541 680 3615 3836 3835 
3542 3615 681 3834 3836 
3543 3836 3834 675 2597 
3544 3835 3836 2597 676 
3545 455 3659 1003 431 
3546 2871 4123 3599 775 
3547 3253 1126 1409 1024 
3548 3126 475 2906 1241 
3549 1337 520 2477 3771 
3550 622 1046 1878 2767 
3551 3342 2957 2208 378 
3552 1754 2327 3932 1422 
3553 3997 4001 1694 2388 
3554 1009 3727 4242 1025 
3555 1470 1219 911 3513 
3556 2986 3895 3264 4248 
3557 1570 4111 3908 612 
3558 1751 3030 2682 2764 
3559 2191 3897 1382 2845 
3560 2295 3479 2439 1998 
3561 475 3213 2504 2906 
3562 1336 3447 892 1326 
3563 4291 976 523 4290 
3564 3651 4143 359 847 
3565 1492 1835 3735 2783 
3566 769 4012 1624 484 
3567 1781 1356 1358 3482 
3568 4012 337 1451 1624 
3569 3166 1566 3976 1102 
3570 893 3587 3408 3512 
3571 3711 3681 2039 1373 
3572 491 2690 3250 4194 
3573 806 1596 1419 1594 
3574 2412 3331 1942 2106 
3575 1388 2184 2893 2655 
3576 1409 1369 1133 595 
3577 2453 771 3109 4117 
3578 4252 3309 3435 974 
3579 2768 2934 1853 1059 
3580 587 3027 1551 503 
3581 692 2636 1969 1633 
3582 687 4036 4234 3994 
3583 3982 3887 1461 2287 
3584 1132 4102 1495 3080 
3585 1038 2732 2873 1459 
3586 918 3759 1227 544 
3587 1755 3641 1493 1229 
3588 3618 602 4151 1872 
3589 4113 2974 3882 3252 
3590 2234 3707 968 4052 
3591 1489 3547 1236 2377 
3592 3188 3846 3796 2119 
3593 3448 1450 3459 4249 
3594 3697 2309 1413 1189 
3595 4195 3971 991 3051 
3596 4145 1395 579 1985 
3597 3010 2860 1282 3922 
3598 815 3175 3873 3872 
3599 3175 818 3557 3873 
3600 3873 3557 863 2704 
3601 3872 3873 2704 866 
3602 3186 513 1300 2886 
3603 4125 1776 812 2159 
3604 2369 3856 1077 928 
3605 1084 1042 1061 2568 
3606 921 4213 845 4003 
3607 3269 1587 1522 4143 
3608 3355 2471 1717 2259 
3609 2084 1644 3986 3633 
3610 394 2466 2751 1519 
3611 1020 4205 2293 3113 
3612 3524 3327 2810 1720 
3613 2284 490 4250 3271 
3614 1341 1549 1957 1750 
3615 3403 3234 3626 4096 
3616 982 1119 1775 2992 
3617 4137 3310 1580 2235 
3618 4255 1076 1938 4254 
3619 2771 978 2880 2268 
3620 3273 1383 1384 1636 
3621 4149 1043 3195 1010 
3622 3426 2112 602 3618 
3623 2148 1666 2099 4035 
3624 3327 2666 1439 2810 
3625 1561 2586 3354 874 
3626 3569 3845 2942 532 
3627 383 3142 2213 1044 
3628 3161 2680 3410 935 
3629 2070 2718 3291 925 
3630 3143 2726 3666 3068 
3631 4223 1351 3625 3477 
3632 2563 2316 1393 2121 
3633 3790 1047 2478 2542 
3634 924 2202 2637 1443 
3635 1180 2174 1338 1843 
3636 1485 1299 3359 3946 
3637 149 155 1823 3999 
3638 2021 1856 2426 2877 
3639 4313 1677 1374 4312 
3640 2875 568 4121 3348 
3641 2942 2212 1401 2258 
3642 2874 2904 2747 1006 
3643 1791 958 1481 3288 
3644 2779 1258 1542 2227 
3645 1651 1328 488 3140 
3646 1246 3463 1520 1553 
3647 1283 580 1983 1786 
3648 1811 2084 3633 3030 
3649 1241 2906 1635 2838 
3650 339 1736 3902 3472 
3651 1736 338 1934 3902 
3652 3902 1934 342 3826 
3653 3472 3902 3826 732 
3654 2775 1978 2624 1238 
3655 1191 2729 2861 3044 
3656 3028 2728 3756 3152 
3657 2248 1267 2118 1220 
3658 2459 1559 2310 2480 
3659 1096 3160 430 3470 
3660 3262 1982 1002 1090 
3661 794 1128 2467 902 
3662 390 1111 3169 1748 
3663 3903 1191 3044 2282 
3664 1230 2614 3047 2285 
3665 3192 3782 1722 2483 
3666 279 204 3334 978 
3667 2206 2867 3700 1125 
3668 3705 3389 3012 2225 
3669 2039 2239 4081 2557 
3670 1735 2042 2116 2145 
3671 1007 1791 3288 3316 
3672 1317 4052 3763 3318 
3673 2360 3387 2923 2212 
3674 4068 3995 1311 1605 
3675 734 1970 3415 1528 
3676 1435 468 783 3768 
3677 743 3706 3964 1172 
3678 196 228 2195 485 
3679 1290 3989 4106 1507 
3680 2691 3015 4067 465 
3681 1630 948 704 1284 
3682 336 4247 3574 4173 
3683 142 2128 2720 161 
3684 1699 3807 560 2059 
3685 2349 1895 3151 609 
3686 1553 1520 388 2026 
3687 3544 1426 2010 2834 
3688 156 147 1752 3073 
3689 285 198 4244 4002 
3690 1381 1723 944 1091 
3691 3422 1437 1765 332 
3692 3488 4158 4073 2240 
3693 2449 3979 1686 2274 
3694 263 220 3086 3881 
3695 3184 3958 2318 4189 
3696 1413 3215 3419 524 
3697 1121 3200 3337 1267 
3698 2646 2940 1623 3668 
3699 2702 2302 1915 2050 
3700 1863 2777 2053 3542 
3701 1181 3366 1639 1263 
3702 2179 2193 4195 1893 
3703 2859 349 1675 3229 
3704 3865 2244 3442 1194 
3705 3639 2045 3913 2046 
3706 2307 1005 380 1797 
3707 3633 3986 2905 2311 
3708 3507 2061 522 4126 
3709 1340 3308 539 3754 
3710 4288 3891 2178 4287 
3711 2435 588 1257 1423 
3712 2503 1389 3997 3958 
3713 2642 4060 3203 1834 
3714 3650 3201 1280 3727 
3715 2511 1193 4210 3622 
3716 3714 4031 901 2403 
3717 607 1132 3080 3776 
3718 2913 1064 1216 3241 
3719 3974 1589 2670 1197 
3720 1972 1048 3943 951 
3721 1828 1359 1943 2015 
3722 1251 1244 1467 2497 
3723 4017 2220 1940 2025 
3724 2624 3026 3286 3255 
3725 3929 2920 2763 1432 
3726 610 2749 919 2233 
3727 1420 3103 4099 1987 
3728 1373 2039 2557 1721 
3729 955 3373 1999 3861 
3730 3453 3191 3892 2314 
3731 3616 420 2558 1041 
3732 1867 902 3537 419 
3733 1115 1907 1428 1773 
3734 2772 4248 418 1645 
3735 2870 3096 2695 3486 
3736 436 1594 3710 600 
3737 2301 1152 1498 2621 
3738 1997 370 2078 3847 
3739 1591 639 3217 3749 
3740 3535 2310 2671 542 
3741 344 3950 3953 3952 
3742 3950 833 3951 3953 
3743 3953 3951 834 1295 
3744 3952 3953 1295 744 
3745 1123 1533 3368 3239 
3746 1757 3903 2282 497 
3747 317 2173 2827 295 
3748 2184 1528 458 2893 
3749 220 264 3082 3086 
3750 701 2137 1509 4179 
3751 2689 4045 2251 3501 
3752 2267 2263 653 1918 
3753 3913 1010 362 1192 
3754 213 271 3583 2194 
3755 2547 3500 1148 1690 
3756 2906 2504 2418 1635 
3757 1556 1696 4030 601 
3758 2937 3753 795 2660 
3759 3757 1521 2482 843 
3760 2710 3411 961 2713 
3761 4314 1276 1677 4313 
3762 1277 1225 4181 1926 
3763 1223 1045 3898 2770 
3764 884 1881 1465 648 
3765 1600 2340 1964 4015 
3766 1532 830 1808 936 
3767 3335 413 2114 3521 
3768 1221 2879 1313 3324 
3769 267 216 3903 1757 
3770 2910 1691 2754 989 
3771 3538 3119 970 3210 
3772 1408 1756 3808 1130 
3773 2868 4100 1334 2933 
3774 4254 1938 3045 4253 
3775 3380 1838 3963 1613 
3776 238 185 3306 2982 
3777 258 225 2120 3383 
3778 3735 2041 1864 2858 
3779 2132 703 3017 2795 
3780 2390 2778 3280 1678 
3781 3018 1825 1723 1381 
3782 3146 3349 1828 3960 
3783 351 294 316 3766 
3784 3841 1966 1377 1477 
3785 1278 1237 1923 2355 
3786 1785 4192 3433 3033 
3787 2229 2469 3490 638 
3788 373 2536 1158 2230 
3789 3532 2119 4046 633 
3790 3474 476 3678 2608 
3791 243 180 3966 3592 
3792 3627 2686 3402 1482 
3793 1621 984 528 1521 
3794 991 2713 3627 3493 
3795 1919 3384 1881 884 
3796 1506 1994 739 747 
3797 21 18 3549 464 
3798 301 1606 3131 322 
3799 4204 1731 685 2971 
3800 3744 2481 881 2540 
3801 1477 1377 3870 1842 
3802 1770 2863 3320 3067 
3803 2401 1350 1475 406 
3804 508 2336 3488 1887 
3805 1054 954 2588 2556 
3806 2789 2392 2781 4005 
3807 575 2400 2875 1299 
3808 4196 4051 471 1805 
3809 832 660 766 1731 
3810 978 3334 3852 2880 
3811 3560 2321 2042 1735 
3812 3351 758 2134 1583 
3813 2562 1971 3129 1641 
3814 647 2837 3849 681 
3815 3263 1089 2040 4061 
3816 1061 3271 776 2601 
3817 1259 1184 1224 3042 
3818 3445 2590 906 2737 
3819 1154 829 3167 3726 
3820 2889 1795 2367 1832 
3821 4135 768 688 1888 
3822 2182 3676 2409 451 
3823 654 1787 692 4069 
3824 1956 1718 1335 3452 
3825 2053 1120 500 2441 
3826 2262 1575 1336 2606 
3827 534 3502 2472 990 
3828 1286 3456 3945 529 
3829 3419 3314 1049 1562 
3830 931 1494 3543 3699 
3831 3728 4076 3345 3862 
3832 897 1195 2735 3745 
3833 3164 4024 2448 3969 
3834 4167 3501 1001 4123 
3835 2466 2191 2845 2751 
3836 344 3952 4007 4006 
3837 3952 744 2004 4007 
3838 4007 2004 40 2034 
3839 4006 4007 2034 839 
3840 813 2926 4009 4008 
3841 2926 819 3772 4009 
3842 4009 3772 820 2652 
3843 4008 4009 2652 814 
3844 2388 1694 2323 3605 
3845 3232 2782 1564 443 
3846 4277 3381 1058 4276 
3847 2727 2617 2294 4182 
3848 1098 718 2080 896 
3849 461 740 1994 1506 
3850 458 1288 2573 2123 
3851 751 3777 1632 4040 
3852 435 1458 656 1741 
3853 712 1911 423 1788 
3854 756 3901 979 771 
3855 1799 2633 789 3429 
3856 1173 597 3611 4220 
3857 1925 3584 1141 1088 
3858 2384 3968 4045 2689 
3859 1159 1038 1459 2718 
3860 3994 4234 3014 1777 
3861 4218 3817 708 4082 
3862 4091 746 742 4216 
3863 3691 1345 3995 4068 
3864 2399 778 3216 1410 
3865 1364 1438 1795 2889 
3866 2602 1769 2280 4141 
3867 3077 2055 1715 3060 
3868 994 2151 3547 1489 
3869 3984 3647 1515 4115 
3870 3813 696 1747 468 
3871 2468 2089 513 3186 
3872 3430 1554 1445 1142 
3873 1138 2548 549 2297 
3874 3624 2252 1053 2346 
3875 2681 729 517 2164 
3876 2786 1114 1038 1159 
3877 3236 2389 3689 673 
3878 2188 3525 1320 2988 
3879 1717 2541 2688 3304 
3880 2820 455 431 1533 
3881 4235 2071 4192 1785 
3882 1550 596 1661 2862 
3883 2059 560 907 3011 
3884 2016 824 1950 2523 
3885 2154 2189 3595 2717 
3886 1796 3834 681 3849 
3887 3019 4026 2799 2966 
3888 3987 3074 1082 3391 
3889 3647 3390 1749 1515 
3890 1262 620 2145 2090 
3891 2507 4209 2878 2263 
3892 1049 1743 3267 957 
3893 1447 2224 3405 391 
3894 926 1417 666 3464 
3895 2385 759 3180 3721 
3896 3720 3414 4020 3989 
3897 668 3504 4044 4043 
3898 3504 673 3689 4044 
3899 4044 3689 680 3835 
3900 4043 4044 3835 676 
3901 199 285 4002 1234 
3902 2847 2457 4075 1156 
3903 1304 3333 2450 3054 
3904 1802 2876 2021 2687 
3905 3576 3124 719 2018 
3906 975 4092 3774 714 
3907 4207 1820 734 2476 
3908 2890 3956 1799 1354 
3909 2014 1399 2962 3842 
3910 419 3537 893 537 
3911 3132 1091 2968 3729 
3912 2326 4086 2457 2847 
3913 1306 2889 1832 1874 
3914 303 3235 3722 324 
3915 697 1527 2216 695 
3916 552 3509 2694 950 
3917 569 2533 494 2011 
3918 3098 558 2009 3436 
3919 812 1646 3313 4191 
3920 1505 334 4204 3581 
3921 2012 4160 2536 373 
3922 468 1747 1607 783 
3923 25 14 2442 3578 
3924 327 2396 1265 305 
3925 767 2966 679 3016 
3926 821 2907 4241 2065 
3927 1720 2810 2393 506 
3928 1660 503 2077 1081 
3929 1177 598 2151 994 
3930 2587 2070 925 1448 
3931 2742 3214 3567 2071 
3932 2100 3822 3390 3647 
3933 1985 579 1850 3305 
3934 1978 1848 3026 2624 
3935 3516 785 4128 684 
3936 1772 3145 2748 4101 
3937 801 3182 4064 1324 
3938 3182 815 3872 4064 
3939 4064 3872 866 2675 
3940 1324 4064 2675 868 
3941 1607 1866 2723 1891 
3942 219 265 3646 1958 
3943 227 196 485 3577 
3944 3193 1955 1446 2410 
3945 3976 434 2321 3560 
3946 499 1065 3591 3102 
3947 3579 2950 3630 3333 
3948 3386 4093 3580 1352 
3949 4242 3651 847 3444 
3950 3851 3561 2389 3236 
3951 3883 2391 3372 2571 
3952 4286 3980 1859 4285 
3953 1476 1534 3923 2411 
3954 1920 1636 3326 912 
3955 2735 2991 1037 1869 
3956 2363 2200 3349 3146 
3957 1896 929 1131 899 
3958 226 258 3383 3412 
3959 2067 2386 3886 3466 
3960 3438 2422 1640 3575 
3961 633 4046 4078 3685 
3962 4046 671 2854 4078 
3963 4078 2854 669 4077 
3964 3685 4078 4077 646 
3965 803 3219 4080 4079 
3966 3219 668 4043 4080 
3967 4080 4043 676 2596 
3968 4079 4080 2596 805 
3969 3203 2993 3460 3498 
3970 4000 2531 999 1442 
3971 1665 731 1078 2183 
3972 809 1948 4084 4083 
3973 1948 813 4008 4084 
3974 4084 4008 814 2631 
3975 4083 4084 2631 799 
3976 3969 2448 3893 808 
3977 3954 4142 2304 748 
3978 2377 1236 393 3623 
3979 747 739 2509 2801 
3980 799 2978 4087 4083 
3981 2978 803 4079 4087 
3982 4087 4079 805 2269 
3983 4083 4087 2269 809 
3984 1012 3982 2287 3939 
3985 3316 3288 3673 3601 
3986 1207 2164 2196 959 
3987 3436 2009 1837 1232 
3988 2797 4243 1992 2561 
3989 1533 431 400 3368 
3990 328 1760 446 306 
3991 1347 3769 1800 726 
3992 3721 3180 2970 2800 
3993 4234 1780 3818 3014 
3994 3792 3959 765 3926 
3995 1838 1368 1292 3963 
3996 2575 1807 2385 1508 
3997 3111 3018 1381 1538 
3998 3933 2110 1162 2956 
3999 3389 1304 3054 3012 
4000 1503 3244 1708 2502 
4001 3658 2246 4105 717 
4002 424 4027 826 4023 
4003 2543 1138 2297 4050 
4004 2955 1090 1315 1924 
4005 1486 2515 1392 3848 
4006 2580 3378 2825 2842 
4007 4097 4168 2058 757 
4008 3858 2507 2263 2267 
4009 2904 4235 1785 2747 
4010 1869 1037 3281 1429 
4011 3461 996 1249 379 
4012 4194 3250 498 3025 
4013 1499 1084 2568 889 
4014 1769 3661 1160 2280 
4015 194 230 1113 1218 
4016 3025 498 3759 918 
4017 146 158 2480 3751 
4018 2834 2010 1689 2061 
4019 3495 604 1666 2148 
4020 3879 353 3764 883 
4021 737 1968 4202 707 
4022 11 29 1737 3198 
4023 1968 3954 748 4202 
4024 1305 4038 1668 1565 
4025 2894 825 2924 1857 
4026 1644 1051 392 3986 
4027 3613 2188 2988 616 
4028 2482 2473 1100 2162 
4029 4159 3146 3960 3973 
4030 2173 470 2152 2827 
4031 4057 1805 796 4142 
4032 3015 689 1995 4067 
4033 3437 3421 2574 2613 
4034 2635 4032 3111 3473 
4035 348 3705 2225 2357 
4036 513 583 4230 1300 
4037 583 4233 4222 4230 
4038 2686 3941 3515 3402 
4039 3617 3532 633 3686 
4040 3993 4144 910 2315 
4041 1031 786 4172 3303 
4042 562 3239 2494 2885 
4043 1528 3415 1288 458 
4044 3424 3721 2800 754 
4045 325 4157 3235 303 
4046 217 267 1757 1471 
4047 259 224 3907 2643 
4048 4267 2849 3023 4266 
4049 2486 548 3650 3760 
4050 1655 480 1253 3905 
4051 4136 1035 2911 3443 
4052 3317 1927 590 2286 
4053 2867 2530 469 3700 
4054 1493 1087 4031 3714 
4055 1229 1493 3714 364 
4056 3591 898 753 1348 
4057 1922 4116 3050 1685 
4058 3916 4238 2514 2407 
4059 370 2738 853 2078 
4060 602 4097 757 4151 
4061 2715 1165 1980 3840 
4062 266 217 1471 4086 
4063 4192 1109 3431 3433 
4064 1200 3317 2286 476 
4065 1598 2836 1996 2492 
4066 1314 821 2065 4168 
4067 967 2093 2264 3704 
4068 324 3722 3927 302 
4069 2826 904 4160 2012 
4070 2920 3256 2192 2763 
4071 1081 2077 1865 3191 
4072 2099 1609 2423 1941 
4073 359 2279 989 876 
4074 1195 3787 2991 2735 
4075 3793 1581 2105 1647 
4076 4232 3697 1189 3983 
4077 3573 3208 2947 3816 
4078 3729 2968 1618 1240 
4079 2249 1086 1252 1122 
4080 4289 1342 3891 4288 
4081 152 151 3864 1198 
4082 3890 2818 2014 1792 
4083 2784 3002 2489 396 
4084 385 551 1181 2330 
4085 1390 1240 770 3707 
4086 3185 1721 1705 3244 
4087 3578 2442 828 4090 
4088 326 827 3531 304 
4089 3869 787 4212 1606 
4090 1307 1305 1565 1746 
4091 2776 697 695 798 
4092 3360 421 526 3024 
4093 2617 2102 3733 2294 
4094 2716 2414 2750 540 
4095 239 184 1157 946 
4096 4253 3045 3309 4252 
4097 1987 4099 2260 2908 
4098 2061 1689 1073 522 
4099 3339 3426 3618 830 
4100 2985 4028 1770 4112 
4101 1443 2637 3696 608 
4102 2672 2838 3621 2139 
4103 2127 441 2702 3004 
4104 636 463 1115 1083 
4105 840 3134 1351 4223 
4106 2556 2588 2190 1085 
4107 2839 1130 1204 2165 
4108 540 2750 4042 3446 
4109 1017 3969 808 1945 
4110 1019 2060 2846 1724 
4111 3076 3444 2742 2589 
4112 3764 1260 3426 3339 
4113 956 3282 2943 3698 
4114 2795 3017 683 2302 
4115 234 189 1117 2340 
4116 245 178 2530 2867 
4117 3239 3368 2898 2494 
4118 415 2607 3031 525 
4119 3580 330 2776 691 
4120 13 27 832 334 
4121 659 1625 3765 4215 
4122 1928 1362 1563 3101 
4123 148 156 3073 1075 
4124 1155 3278 2986 1483 
4125 2953 2431 4183 1378 
4126 2171 2585 1846 2400 
4127 3696 3854 4213 921 
4128 3510 3434 520 1337 
4129 3272 3115 2277 1673 
4130 2457 2243 2266 4075 
4131 2612 3186 2886 4221 
4132 2816 2342 3317 1200 
4133 4151 757 1298 3500 
4134 3388 903 3202 960 
4135 3936 1841 947 2565 
4136 2967 3526 3400 2063 
4137 3160 1094 3375 430 
4138 2531 535 2229 999 
4139 2109 290 312 2639 
4140 1372 2773 939 2089 
4141 164 2684 2150 140 
4142 1228 962 1251 4025 
4143 456 2757 711 2125 
4144 726 1800 3680 3517 
4145 796 4201 3379 4246 
4146 2981 2755 3767 1120 
4147 1282 2871 775 4251 
4148 572 1425 474 781 
4149 3270 1015 1255 1137 
4150 2851 797 3206 1760 
4151 1674 4164 2969 3682 
4152 3248 3091 1473 3104 
4153 449 4208 792 4188 
4154 3924 1719 352 1756 
4155 2104 3731 3253 2744 
4156 2564 2227 997 1397 
4157 2763 2192 1997 1549 
4158 2648 479 3163 3940 
4159 4306 2170 3974 4305 
4160 365 3192 2483 3889 
4161 949 2859 3229 3336 
4162 2729 1767 905 2861 
4163 17 23 3977 2591 
4164 1606 4212 1272 3131 
4165 2133 3198 2214 2135 
4166 138 3896 2074 165 
4167 1854 2511 3622 841 
4168 2483 1722 3930 3931 
4169 4268 942 2849 4267 
4170 3353 2362 4125 1279 
4171 2970 1993 3817 4218 
4172 733 691 2645 2610 
4173 646 4077 4174 3173 
4174 4077 669 2994 4174 
4175 4174 2994 667 1325 
4176 3173 4174 1325 868 
4177 2352 2506 2916 3820 
4178 430 3375 3116 1953 
4179 3648 2096 1376 1982 
4180 3116 3672 1329 1825 
4181 718 1588 1072 2080 
4182 3709 3081 3108 4004 
4183 2325 1147 3967 3134 
4184 674 2791 509 895 
4185 831 4034 4178 3148 
4186 4034 834 3951 4178 
4187 4178 3951 833 4177 
4188 3148 4178 4177 838 
4189 1995 2798 4196 1804 
4190 2257 763 3777 751 
4191 3207 2780 1904 2029 
4192 2159 812 4191 1709 
4193 2323 2107 1944 3806 
4194 1695 4122 2146 3064 
4195 1284 704 2792 2945 
4196 1201 1052 2614 1230 
4197 1143 794 902 1867 
4198 1263 1639 3099 597 
4199 4094 3962 988 4147 
4200 411 1480 3117 2993 
4201 723 2171 2400 575 
4202 3315 623 3074 3987 
4203 3296 1004 556 2976 
4204 474 1226 3344 3590 
4205 2769 4049 606 1369 
4206 248 175 2113 619 
4207 417 2315 1418 2506 
4208 993 2646 3668 3194 
4209 3439 3879 883 741 
4210 3092 2140 2394 1900 
4211 180 244 1028 3966 
4212 2474 2743 2336 508 
4213 1559 1590 2671 2310 
4214 2098 2308 3369 3502 
4215 915 3276 1590 1559 
4216 163 1577 3158 141 
4217 4106 3181 2383 3259 
4218 621 3662 1322 3289 
4219 3810 1674 3682 3449 
4220 4093 1354 330 3580 
4221 693 464 4065 2347 
4222 2837 389 2573 3849 
4223 3989 4020 3181 4106 
4224 2216 2801 2020 462 
4225 3368 400 1855 2898 
4226 4198 482 3617 559 
4227 2790 2460 926 3276 
4228 2448 1928 3101 3893 
4229 1583 2134 972 2954 
4230 1209 2298 2990 3046 
4231 1724 2846 3728 2865 
4232 1753 2082 1579 3157 
4233 388 412 3880 2405 
4234 50 974 3867 103 
4235 1363 2793 1516 490 
4236 1400 1842 1048 1972 
4237 766 2135 1302 716 
4238 4221 2886 4203 3586 
4239 3284 1112 1679 2566 
4240 4051 1290 1507 471 
4241 1490 2998 2209 553 
4242 550 3871 3928 1087 
4243 1327 3350 3608 2149 
4244 184 240 1852 1157 
4245 1352 3580 691 733 
4246 1760 3206 2693 446 
4247 2559 456 2125 1309 
4248 1871 3825 3883 2300 
4249 2822 4048 2950 3579 
4250 2172 1894 1365 2141 
4251 2898 1855 2681 4108 
4252 2081 3274 1778 4131 
4253 1256 3884 3032 3462 
4254 473 496 353 3879 
4255 1089 2542 2199 2040 
4256 1431 3304 2580 381 
4257 3047 2958 3593 1273 
4258 2590 723 575 906 
4259 4072 664 2833 428 
4260 2678 2485 2197 2373 
4261 1669 4090 3450 3959 
4262 3594 3179 690 3414 
4263 4082 708 4091 3179 
4264 4114 3857 377 3243 
4265 1764 1364 2889 1306 
4266 4216 742 4164 1674 
4267 3278 3022 3895 2986 
4268 2616 1185 1084 1499 
4269 3108 607 3776 1208 
4270 4107 2572 2108 811 
4271 3511 973 1491 2054 
4272 1483 2986 4248 2772 
4273 2443 2921 1057 1092 
4274 1464 3478 2416 2739 
4275 3421 1352 733 2574 
4276 4246 3379 2611 730 
4277 3811 1713 1290 4051 
4278 4188 792 3052 1826 
4279 1849 1550 2862 3731 
4280 445 2306 3465 2802 
4281 3199 1888 1264 3859 
4282 1941 2423 3885 1930 
4283 1910 3451 4070 735 
4284 2818 715 1399 2014 
4285 3522 1370 2649 2047 
4286 4039 3594 3414 3720 
4287 3749 3217 1184 3970 
4288 3973 3960 3006 1244 
4289 1964 491 4194 1535 
4290 4131 1778 3440 2762 
4291 3201 1680 3269 1280 
4292 2046 3913 1192 903 
4293 3082 1958 1602 1827 
4294 1648 1372 2089 2468 
4295 3791 4138 2724 2203 
4296 639 504 3655 3217 
4297 304 3531 4157 325 
4298 471 1507 3237 4201 
4299 3213 1355 917 2504 
4300 464 3549 2038 4065 
4301 833 3950 4214 4177 
4302 3950 344 4006 4214 
4303 4214 4006 839 3039 
4304 4177 4214 3039 838 
4305 24 15 1379 2017 
4306 1293 3576 2018 4036 
4307 3470 430 1953 4032 
4308 3741 518 3530 2353 
4309 3831 1824 1890 3643 
4310 1779 2579 2500 4074 
4311 1 8 2851 307 
4312 1746 1565 703 2132 
4313 3784 2635 3473 1979 
4314 12 28 2133 660 
4315 450 1626 1328 1651 
4316 1280 3269 4143 3651 
4317 1971 415 525 3129 
4318 3402 3515 3809 2809 
4319 253 170 3396 1768 
4320 4213 2147 3049 845 
4321 2817 4221 3586 2529 
4322 889 2568 1310 2479 
4323 3260 3823 2186 3370 
4324 601 4030 3921 3002 
4325 406 1475 3008 2697 
4326 3454 1802 2687 1569 
4327 371 3940 2417 2378 
4328 4205 2874 1006 2293 
4329 3396 2384 2689 2692 
4330 1474 1620 3245 986 
4331 1344 3385 3520 2860 
4332 2038 2397 1672 448 
4333 4037 3955 1318 2124 
4334 20 19 693 797 
4335 4208 1388 2655 792 
4336 2475 1271 763 2257 
4337 745 1294 4226 1296 
4338 1294 744 1295 4226 
4339 1296 4226 1295 834 
4340 389 2406 2123 2573 
4341 3056 2885 1919 987 
4342 250 173 1383 3273 
4343 753 1608 2322 2640 
4344 3695 1024 4146 3093 
4345 1112 1496 2932 1679 
4346 1777 3014 2022 761 
4347 1265 4037 2124 827 
4348 1526 3658 717 4027 
4349 2476 734 1528 2184 
4350 22 17 2591 822 
4351 716 1302 3797 3663 
4352 1788 423 4013 4138 
4353 2591 3977 4012 769 
4354 139 992 2684 164 
4355 2114 1407 2612 1860 
4356 1357 2774 3705 348 
4357 1748 3169 1360 2493 
4358 3677 562 2885 3056 
4359 2501 1123 3239 562 
4360 1410 3216 1615 1820 
4361 703 767 3016 3017 
4362 423 457 1912 4013 
4363 2044 3783 2912 2142 
4364 4272 3043 2452 4271 
4365 2121 1393 4169 1826 
4366 667 1323 4236 1325 
4367 1323 801 1324 4236 
4368 1325 4236 1324 868 
4369 556 1105 3979 2449 
4370 3802 1019 1724 2541 
4371 2226 3996 2486 4119 
4372 2119 3796 671 4046 
4373 1537 1180 1843 2644 
4374 4048 923 581 2950 
4375 1243 2754 3800 3638 
4376 892 1879 3360 2579 
4377 1233 3868 3178 3589 
4378 3292 2254 2710 3971 
4379 1202 2697 1043 4149 
4380 3139 1348 2341 2813 
4381 3750 4220 622 2298 
4382 3589 3178 1362 1928 
4383 3130 1142 1179 1654 
4384 1898 2474 508 2101 
4385 1187 3316 3601 2957 
4386 4285 1859 3757 4284 
4387 1806 2538 1620 1474 
4388 3198 1737 339 2214 
4389 1991 424 4023 725 
4390 2723 1303 1437 3422 
4391 320 1831 2051 298 
4392 589 2823 1626 450 
4393 3603 3623 591 350 
4394 3478 1469 1544 2416 
4395 2921 3538 3210 1057 
4396 3676 3205 1758 2409 
4397 3799 721 1435 2395 
4398 224 260 3844 3907 
4399 780 1732 689 3015 
4400 3905 1253 2371 483 
4401 3641 550 1087 1493 
4402 2804 3588 2788 980 
4403 1890 1489 2377 3483 
4404 1308 3147 825 2894 
4405 2610 2645 1807 2575 
4406 232 191 3916 2607 
4407 2231 1976 3119 3538 
4408 1133 3059 1355 3213 
4409 3334 2328 3906 3852 
4410 2431 3938 1405 4183 
4411 2588 3100 1447 2190 
4412 2880 3852 1500 2343 
4413 2294 3733 3184 2201 
4414 2151 1129 3640 3547 
4415 49 4253 4252 104 
4416 105 4254 4253 49 
4417 48 4255 4254 105 
4418 106 4256 4255 48 
4419 47 4257 4256 106 
4420 107 4258 4257 47 
4421 46 4259 4258 107 
4422 108 4260 4259 46 
4423 45 4261 4260 108 
4424 109 4262 4261 45 
4425 44 4263 4262 109 
4426 110 4264 4263 44 
4427 43 4265 4264 110 
4428 111 4266 4265 43 
4429 42 4267 4266 111 
4430 112 4268 4267 42 
4431 53 4269 4268 112 
4432 113 4270 4269 53 
4433 88 4271 4270 113 
4434 114 4272 4271 88 
4435 87 4273 4272 114 
4436 115 4274 4273 87 
4437 86 4275 4274 115 
4438 116 4276 4275 86 
4439 85 4277 4276 116 
4440 117 4278 4277 85 
4441 84 4279 4278 117 
4442 118 4280 4279 84 
4443 83 4281 4280 118 
4444 119 4282 4281 83 
4445 82 4283 4282 119 
4446 120 4284 4283 82 
4447 81 4285 4284 120 
4448 121 4286 4285 81 
4449 80 4287 4286 121 
4450 122 4288 4287 80 
4451 79 4289 4288 122 
4452 123 4290 4289 79 
4453 78 4291 4290 123 
4454 124 4292 4291 78 
4455 65 4293 4292 124 
4456 125 4294 4293 65 
4457 76 4295 4294 125 
4458 126 4296 4295 76 
4459 75 4297 4296 126 
4460 127 4298 4297 75 
4461 74 4299 4298 127 
4462 128 4300 4299 74 
4463 73 4301 4300 128 
4464 129 4302 4301 73 
4465 72 4303 4302 129 
4466 130 4304 4303 72 
4467 71 4305 4304 130 
4468 131 4306 4305 71 
4469 70 4307 4306 131 
4470 132 4308 4307 70 
4471 69 4309 4308 132 
4472 133 4310 4309 69 
4473 68 4311 4310 133 
4474 134 4312 4311 68 
4475 67 4313 4312 134 
4476 135 4314 4313 67 
4477 66 4315 4314 135 
4478 5 136 4315 66 
$EndElements
